ISO-10303-21;
HEADER;
FILE_DESCRIPTION (( 'STEP AP214' ),
    '1' );
FILE_NAME ('User Library-led0603_RED.STEP',
    '2013-01-08T08:48:00',
    ( 'Windows User' ),
    ( '' ),
    'SwSTEP 2.0',
    'SolidWorks 2013',
    '' );
FILE_SCHEMA (( 'AUTOMOTIVE_DESIGN' ));
ENDSEC;

DATA;
#1 =( LENGTH_UNIT ( ) NAMED_UNIT ( * ) SI_UNIT ( .MILLI., .METRE. ) );
#2 = FACE_OUTER_BOUND ( 'NONE', #1183, .T. ) ;
#3 = FILL_AREA_STYLE_COLOUR ( '', #963 ) ;
#4 = CARTESIAN_POINT ( 'NONE',  ( -0.8000000000000020400, 0.0000000000000000000, 0.3999999999999998000 ) ) ;
#5 = FACE_OUTER_BOUND ( 'NONE', #7, .T. ) ;
#6 =( NAMED_UNIT ( * ) PLANE_ANGLE_UNIT ( ) SI_UNIT ( $, .RADIAN. ) );
#7 = EDGE_LOOP ( 'NONE', ( #1478, #69, #957, #1422 ) ) ;
#8 = PRESENTATION_STYLE_ASSIGNMENT (( #1423 ) ) ;
#9 = CARTESIAN_POINT ( 'NONE',  ( -0.4064287211287452900, 1.099999999999999900, -0.4000000000000002400 ) ) ;
#10 = STYLED_ITEM ( 'NONE', ( #476 ), #675 ) ;
#11 = EDGE_LOOP ( 'NONE', ( #1055, #1495, #1507, #279, #1301, #1050 ) ) ;
#12 = COLOUR_RGB ( '',1.000000000000000000, 0.7019607843137254400, 0.0000000000000000000 ) ;
#13 = DIRECTION ( 'NONE',  ( -0.0000000000000000000, -1.000000000000000000, -0.0000000000000000000 ) ) ;
#14 = CARTESIAN_POINT ( 'NONE',  ( 0.4557484173203525400, 1.058219949365267500, -0.4000000000000002400 ) ) ;
#15 = ORIENTED_EDGE ( 'NONE', *, *, #228, .T. ) ;
#16 = ADVANCED_FACE ( 'NONE', ( #306 ), #419, .T. ) ;
#17 = LINE ( 'NONE', #1233, #1241 ) ;
#18 = AXIS2_PLACEMENT_3D ( 'NONE', #1118, #165, #1001 ) ;
#19 = FILL_AREA_STYLE ('',( #352 ) ) ;
#20 = FILL_AREA_STYLE_COLOUR ( '', #323 ) ;
#21 = ORIENTED_EDGE ( 'NONE', *, *, #696, .F. ) ;
#22 = ADVANCED_FACE ( 'NONE', ( #5 ), #794, .F. ) ;
#23 = PLANE ( 'NONE',  #431 ) ;
#24 = FACE_OUTER_BOUND ( 'NONE', #1519, .T. ) ;
#25 = VERTEX_POINT ( 'NONE', #1035 ) ;
#26 = EDGE_CURVE ( 'NONE', #782, #931, #1228, .T. ) ;
#27 = UNCERTAINTY_MEASURE_WITH_UNIT (LENGTH_MEASURE( 1.000000000000000100E-005 ), #1168, 'distance_accuracy_value', 'NONE');
#28 = FACE_OUTER_BOUND ( 'NONE', #314, .T. ) ;
#29 = DIRECTION ( 'NONE',  ( 0.0000000000000000000, -0.0000000000000000000, 1.000000000000000000 ) ) ;
#30 = PLANE ( 'NONE',  #412 ) ;
#31 = ORIENTED_EDGE ( 'NONE', *, *, #958, .T. ) ;
#32 = ADVANCED_FACE ( 'NONE', ( #272 ), #516, .F. ) ;
#33 = SURFACE_STYLE_USAGE ( .BOTH. , #749 ) ;
#34 = ORIENTED_EDGE ( 'NONE', *, *, #1350, .T. ) ;
#35 = ORIENTED_EDGE ( 'NONE', *, *, #48, .T. ) ;
#36 = CARTESIAN_POINT ( 'NONE',  ( 0.7999999999999986000, 0.0000000000000000000, 0.3999999999999995800 ) ) ;
#37 = COLOUR_RGB ( '',1.000000000000000000, 0.7019607843137254400, 0.0000000000000000000 ) ;
#38 = PRESENTATION_LAYER_ASSIGNMENT (  '', '', ( #1260 ) ) ;
#39 =( GEOMETRIC_REPRESENTATION_CONTEXT ( 3 ) GLOBAL_UNCERTAINTY_ASSIGNED_CONTEXT ( ( #229 ) ) GLOBAL_UNIT_ASSIGNED_CONTEXT ( ( #1137, #405, #1250 ) ) REPRESENTATION_CONTEXT ( 'NONE', 'WORKASPACE' ) );
#40 = DIRECTION ( 'NONE',  ( -0.0000000000000000000, -0.0000000000000000000, -1.000000000000000000 ) ) ;
#41 = VERTEX_POINT ( 'NONE', #893 ) ;
#42 = FILL_AREA_STYLE ('',( #628 ) ) ;
#43 = DIRECTION ( 'NONE',  ( 0.0000000000000000000, 0.0000000000000000000, -1.000000000000000000 ) ) ;
#44 = CARTESIAN_POINT ( 'NONE',  ( 0.8099999999999986100, 0.0000000000000000000, -0.4000000000000001300 ) ) ;
#45 = ORIENTED_EDGE ( 'NONE', *, *, #1188, .F. ) ;
#46 = FACE_OUTER_BOUND ( 'NONE', #81, .T. ) ;
#47 = DIRECTION ( 'NONE',  ( 1.000000000000000000, -0.0000000000000000000, -0.0000000000000000000 ) ) ;
#48 = EDGE_CURVE ( 'NONE', #486, #805, #160, .T. ) ;
#49 =( GEOMETRIC_REPRESENTATION_CONTEXT ( 3 ) GLOBAL_UNCERTAINTY_ASSIGNED_CONTEXT ( ( #1400 ) ) GLOBAL_UNIT_ASSIGNED_CONTEXT ( ( #973, #249, #1085 ) ) REPRESENTATION_CONTEXT ( 'NONE', 'WORKASPACE' ) );
#50 = CARTESIAN_POINT ( 'NONE',  ( 0.8099999999999986100, 0.5100000000000000100, 0.3999999999999995800 ) ) ;
#51 = ORIENTED_EDGE ( 'NONE', *, *, #326, .F. ) ;
#52 = VECTOR ( 'NONE', #648, 1000.000000000000000 ) ;
#53 = EDGE_CURVE ( 'NONE', #569, #1215, #761, .T. ) ;
#54 = CARTESIAN_POINT ( 'NONE',  ( 0.7999999999999986000, 0.5000000000000000000, -0.4000000000000004100 ) ) ;
#55 = ORIENTED_EDGE ( 'NONE', *, *, #128, .F. ) ;
#56 = DIRECTION ( 'NONE',  ( -0.1643989873053541000, 0.9863939238321443000, 0.0000000000000000000 ) ) ;
#57 = SURFACE_STYLE_FILL_AREA ( #325 ) ;
#58 = LINE ( 'NONE', #888, #645 ) ;
#59 = PRODUCT ( 'User Library-led0603_RED', 'User Library-led0603_RED', '', ( #813 ) ) ;
#60 = PRESENTATION_STYLE_ASSIGNMENT (( #158 ) ) ;
#61 = EDGE_CURVE ( 'NONE', #1087, #895, #120, .T. ) ;
#62 = PLANE ( 'NONE',  #1342 ) ;
#63 = FILL_AREA_STYLE_COLOUR ( '', #12 ) ;
#64 = ORIENTED_EDGE ( 'NONE', *, *, #886, .T. ) ;
#65 = CARTESIAN_POINT ( 'NONE',  ( -0.8100000000000021600, 0.0000000000000000000, 0.3999999999999998000 ) ) ;
#66 = LINE ( 'NONE', #481, #658 ) ;
#67 = ORIENTED_EDGE ( 'NONE', *, *, #519, .F. ) ;
#68 = CARTESIAN_POINT ( 'NONE',  ( 0.3771940880510741300, 0.6200000000000000000, -0.1038702027044479700 ) ) ;
#69 = ORIENTED_EDGE ( 'NONE', *, *, #831, .F. ) ;
#70 = DIRECTION ( 'NONE',  ( 0.0000000000000000000, 0.0000000000000000000, -1.000000000000000000 ) ) ;
#71 = MECHANICAL_DESIGN_GEOMETRIC_PRESENTATION_REPRESENTATION (  '', ( #1367 ), #140 ) ;
#72 = CARTESIAN_POINT ( 'NONE',  ( -0.4557484173203525400, 1.058219949365267500, -0.4000000000000002400 ) ) ;
#73 = ORIENTED_EDGE ( 'NONE', *, *, #1390, .F. ) ;
#74 = FACE_OUTER_BOUND ( 'NONE', #590, .T. ) ;
#75 = CARTESIAN_POINT ( 'NONE',  ( -0.8100000000000021600, 0.0000000000000000000, 0.3999999999999998000 ) ) ;
#76 = FACE_OUTER_BOUND ( 'NONE', #226, .T. ) ;
#77 =( BOUNDED_CURVE ( )  B_SPLINE_CURVE ( 3, ( #811, #808, #684, #87 ),
 .UNSPECIFIED., .F., .F. ) 
 B_SPLINE_CURVE_WITH_KNOTS ( ( 4, 4 ),
 ( 4.712388980384689700, 6.283185307179589800 ),
 .UNSPECIFIED. ) 
 CURVE ( )  GEOMETRIC_REPRESENTATION_ITEM ( )  RATIONAL_B_SPLINE_CURVE ( ( 1.000000000000000000, 0.8047378541243641600, 0.8047378541243641600, 1.000000000000000000 ) ) 
 REPRESENTATION_ITEM ( '' )  );
#78 = DIRECTION ( 'NONE',  ( -0.0000000000000000000, -1.000000000000000000, -0.0000000000000000000 ) ) ;
#79 = CARTESIAN_POINT ( 'NONE',  ( -0.8000000000000020400, 0.5000000000000000000, 0.3999999999999998000 ) ) ;
#80 = EDGE_CURVE ( 'NONE', #331, #25, #1353, .T. ) ;
#81 = EDGE_LOOP ( 'NONE', ( #868, #408, #1174, #731 ) ) ;
#82 = FACE_OUTER_BOUND ( 'NONE', #993, .T. ) ;
#83 = VECTOR ( 'NONE', #1513, 1000.000000000000000 ) ;
#84 = DIRECTION ( 'NONE',  ( -0.0000000000000000000, -1.000000000000000000, -0.0000000000000000000 ) ) ;
#85 = LINE ( 'NONE', #1009, #1309 ) ;
#86 = PRESENTATION_LAYER_ASSIGNMENT (  '', '', ( #10 ) ) ;
#87 = CARTESIAN_POINT ( 'NONE',  ( 0.1140688468869015800, 0.5899999999999999700, 0.1338702027044479700 ) ) ;
#88 = COLOUR_RGB ( '',1.000000000000000000, 0.7019607843137254400, 0.0000000000000000000 ) ;
#89 = APPLICATION_CONTEXT ( 'automotive_design' ) ;
#90 = PRESENTATION_LAYER_ASSIGNMENT (  '', '', ( #245 ) ) ;
#91 = VERTEX_POINT ( 'NONE', #769 ) ;
#92 = AXIS2_PLACEMENT_3D ( 'NONE', #387, #1475, #766 ) ;
#93 = PLANE ( 'NONE',  #366 ) ;
#94 = CARTESIAN_POINT ( 'NONE',  ( -0.8000000000000020400, 0.0000000000000000000, 0.3999999999999998000 ) ) ;
#95 = VECTOR ( 'NONE', #606, 1000.000000000000000 ) ;
#96 = VERTEX_POINT ( 'NONE', #899 ) ;
#97 = DIRECTION ( 'NONE',  ( 0.0000000000000000000, 0.0000000000000000000, -1.000000000000000000 ) ) ;
#98 = EDGE_LOOP ( 'NONE', ( #206, #328, #1185, #161 ) ) ;
#99 = DIRECTION ( 'NONE',  ( 0.0000000000000000000, 1.000000000000000000, 0.0000000000000000000 ) ) ;
#100 = PLANE ( 'NONE',  #845 ) ;
#101 = VECTOR ( 'NONE', #97, 1000.000000000000000 ) ;
#102 = EDGE_CURVE ( 'NONE', #895, #499, #1003, .T. ) ;
#103 = AXIS2_PLACEMENT_3D ( 'NONE', #1325, #616, #1445 ) ;
#104 = CARTESIAN_POINT ( 'NONE',  ( -0.8000000000000020400, 0.5000000000000000000, -0.4000000000000002400 ) ) ;
#105 = ORIENTED_EDGE ( 'NONE', *, *, #1405, .T. ) ;
#106 = VECTOR ( 'NONE', #847, 1000.000000000000000 ) ;
#107 = DIRECTION ( 'NONE',  ( 0.0000000000000000000, -0.0000000000000000000, -1.000000000000000000 ) ) ;
#108 = DIRECTION ( 'NONE',  ( -1.000000000000000000, 0.0000000000000000000, 0.0000000000000000000 ) ) ;
#109 = PRESENTATION_STYLE_ASSIGNMENT (( #33 ) ) ;
#110 = VECTOR ( 'NONE', #971, 1000.000000000000000 ) ;
#111 = DIRECTION ( 'NONE',  ( 0.0000000000000000000, -0.0000000000000000000, -1.000000000000000000 ) ) ;
#112 =( NAMED_UNIT ( * ) SI_UNIT ( $, .STERADIAN. ) SOLID_ANGLE_UNIT ( ) );
#113 = ORIENTED_EDGE ( 'NONE', *, *, #850, .T. ) ;
#114 =( NAMED_UNIT ( * ) SI_UNIT ( $, .STERADIAN. ) SOLID_ANGLE_UNIT ( ) );
#115 = MECHANICAL_DESIGN_GEOMETRIC_PRESENTATION_REPRESENTATION (  '', ( #1260 ), #194 ) ;
#116 = VECTOR ( 'NONE', #373, 1000.000000000000000 ) ;
#117 = LINE ( 'NONE', #1535, #380 ) ;
#118 = FACE_OUTER_BOUND ( 'NONE', #127, .T. ) ;
#119 = DIRECTION ( 'NONE',  ( 0.0000000000000000000, -1.000000000000000000, 0.0000000000000000000 ) ) ;
#120 = LINE ( 'NONE', #1119, #1040 ) ;
#121 = ORIENTED_EDGE ( 'NONE', *, *, #613, .T. ) ;
#122 = EDGE_CURVE ( 'NONE', #25, #232, #85, .T. ) ;
#123 = CARTESIAN_POINT ( 'NONE',  ( 0.7999999999999986000, 0.5100000000000000100, -0.4000000000000001300 ) ) ;
#124 = EDGE_CURVE ( 'NONE', #704, #1102, #1074, .T. ) ;
#125 = ADVANCED_FACE ( 'NONE', ( #346 ), #313, .T. ) ;
#126 = DIRECTION ( 'NONE',  ( -0.0000000000000000000, -1.000000000000000000, -0.0000000000000000000 ) ) ;
#127 = EDGE_LOOP ( 'NONE', ( #618, #812, #348, #1394 ) ) ;
#128 = EDGE_CURVE ( 'NONE', #1215, #635, #1274, .T. ) ;
#129 = ORIENTED_EDGE ( 'NONE', *, *, #685, .T. ) ;
#130 = SURFACE_STYLE_USAGE ( .BOTH. , #859 ) ;
#131 = FILL_AREA_STYLE ('',( #20 ) ) ;
#132 = ADVANCED_FACE ( 'NONE', ( #725 ), #402, .F. ) ;
#133 = UNCERTAINTY_MEASURE_WITH_UNIT (LENGTH_MEASURE( 1.000000000000000100E-005 ), #362, 'distance_accuracy_value', 'NONE');
#134 = EDGE_LOOP ( 'NONE', ( #364, #1264, #508, #1480 ) ) ;
#135 = VECTOR ( 'NONE', #792, 1000.000000000000000 ) ;
#136 = PLANE ( 'NONE',  #1082 ) ;
#137 = CARTESIAN_POINT ( 'NONE',  ( 0.7999999999999986000, 0.5100000000000000100, 0.3999999999999995800 ) ) ;
#138 = ORIENTED_EDGE ( 'NONE', *, *, #1039, .T. ) ;
#139 = LINE ( 'NONE', #236, #106 ) ;
#140 =( GEOMETRIC_REPRESENTATION_CONTEXT ( 3 ) GLOBAL_UNCERTAINTY_ASSIGNED_CONTEXT ( ( #745 ) ) GLOBAL_UNIT_ASSIGNED_CONTEXT ( ( #1291, #578, #1408 ) ) REPRESENTATION_CONTEXT ( 'NONE', 'WORKASPACE' ) );
#141 = FACE_OUTER_BOUND ( 'NONE', #1077, .T. ) ;
#142 = STYLED_ITEM ( 'NONE', ( #806 ), #1243 ) ;
#143 = ADVANCED_FACE ( 'NONE', ( #532 ), #484, .T. ) ;
#144 = DIRECTION ( 'NONE',  ( 1.000000000000000000, 0.0000000000000000000, -0.0000000000000000000 ) ) ;
#145 =( NAMED_UNIT ( * ) PLANE_ANGLE_UNIT ( ) SI_UNIT ( $, .RADIAN. ) );
#146 = ORIENTED_EDGE ( 'NONE', *, *, #558, .F. ) ;
#147 = DIRECTION ( 'NONE',  ( -0.0000000000000000000, -1.000000000000000000, -0.0000000000000000000 ) ) ;
#148 = LINE ( 'NONE', #1104, #1100 ) ;
#149 = ADVANCED_FACE ( 'NONE', ( #1441 ), #664, .F. ) ;
#150 = ORIENTED_EDGE ( 'NONE', *, *, #603, .F. ) ;
#151 = FACE_OUTER_BOUND ( 'NONE', #741, .T. ) ;
#152 = DIRECTION ( 'NONE',  ( 0.0000000000000000000, 0.0000000000000000000, -1.000000000000000000 ) ) ;
#153 = EDGE_CURVE ( 'NONE', #356, #984, #212, .T. ) ;
#154 = AXIS2_PLACEMENT_3D ( 'NONE', #665, #1500, #788 ) ;
#155 = FILL_AREA_STYLE_COLOUR ( '', #1512 ) ;
#156 = LINE ( 'NONE', #1145, #1348 ) ;
#157 = ORIENTED_EDGE ( 'NONE', *, *, #102, .F. ) ;
#158 = SURFACE_STYLE_USAGE ( .BOTH. , #885 ) ;
#159 = CARTESIAN_POINT ( 'NONE',  ( 0.4557484173203525400, 1.058219949365267500, -0.4000000000000002400 ) ) ;
#160 = LINE ( 'NONE', #632, #425 ) ;
#161 = ORIENTED_EDGE ( 'NONE', *, *, #1297, .T. ) ;
#162 = ORIENTED_EDGE ( 'NONE', *, *, #850, .F. ) ;
#163 = SURFACE_SIDE_STYLE ('',( #1182 ) ) ;
#164 = COLOUR_RGB ( '',0.3098039215686274600, 0.2039215686274509800, 0.01568627450980392100 ) ;
#165 = DIRECTION ( 'NONE',  ( 0.0000000000000000000, -0.0000000000000000000, 1.000000000000000000 ) ) ;
#166 = MECHANICAL_DESIGN_GEOMETRIC_PRESENTATION_REPRESENTATION (  '', ( #10 ), #238 ) ;
#167 = DIRECTION ( 'NONE',  ( 1.000000000000000000, 0.0000000000000000000, 0.0000000000000000000 ) ) ;
#168 = EDGE_LOOP ( 'NONE', ( #552, #1149, #1047, #257 ) ) ;
#169 = FILL_AREA_STYLE_COLOUR ( '', #315 ) ;
#170 = DIRECTION ( 'NONE',  ( 0.0000000000000000000, 0.0000000000000000000, -1.000000000000000000 ) ) ;
#171 = VERTEX_POINT ( 'NONE', #915 ) ;
#172 = CARTESIAN_POINT ( 'NONE',  ( 0.5487850755478973500, 0.5000000000000000000, -0.4000000000000002400 ) ) ;
#173 = AXIS2_PLACEMENT_3D ( 'NONE', #1355, #637, #1474 ) ;
#174 = AXIS2_PLACEMENT_3D ( 'NONE', #287, #1128, #396 ) ;
#175 = FILL_AREA_STYLE ('',( #169 ) ) ;
#176 = ORIENTED_EDGE ( 'NONE', *, *, #376, .F. ) ;
#177 = LINE ( 'NONE', #670, #1399 ) ;
#178 = PLANE ( 'NONE',  #1063 ) ;
#179 = DIRECTION ( 'NONE',  ( -0.0000000000000000000, -1.000000000000000000, -0.0000000000000000000 ) ) ;
#180 = ORIENTED_EDGE ( 'NONE', *, *, #1188, .T. ) ;
#181 = FILL_AREA_STYLE ('',( #647 ) ) ;
#182 = LINE ( 'NONE', #593, #1092 ) ;
#183 = DIRECTION ( 'NONE',  ( 0.0000000000000000000, 0.0000000000000000000, 1.000000000000000000 ) ) ;
#184 = LINE ( 'NONE', #535, #449 ) ;
#185 = PLANE ( 'NONE',  #154 ) ;
#186 = EDGE_CURVE ( 'NONE', #727, #1209, #821, .T. ) ;
#187 = FILL_AREA_STYLE_COLOUR ( '', #1030 ) ;
#188 = ORIENTED_EDGE ( 'NONE', *, *, #463, .T. ) ;
#189 = FACE_OUTER_BOUND ( 'NONE', #470, .T. ) ;
#190 = ORIENTED_EDGE ( 'NONE', *, *, #1270, .T. ) ;
#191 = VECTOR ( 'NONE', #208, 1000.000000000000000 ) ;
#192 = CARTESIAN_POINT ( 'NONE',  ( -0.8000000000000020400, 0.0000000000000000000, 0.3999999999999998000 ) ) ;
#193 = VERTEX_POINT ( 'NONE', #550 ) ;
#194 =( GEOMETRIC_REPRESENTATION_CONTEXT ( 3 ) GLOBAL_UNCERTAINTY_ASSIGNED_CONTEXT ( ( #1338 ) ) GLOBAL_UNIT_ASSIGNED_CONTEXT ( ( #692, #1523, #817 ) ) REPRESENTATION_CONTEXT ( 'NONE', 'WORKASPACE' ) );
#195 = VERTEX_POINT ( 'NONE', #542 ) ;
#196 = VECTOR ( 'NONE', #317, 1000.000000000000000 ) ;
#197 = DIRECTION ( 'NONE',  ( -0.0000000000000000000, -0.0000000000000000000, 1.000000000000000000 ) ) ;
#198 = ORIENTED_EDGE ( 'NONE', *, *, #1216, .T. ) ;
#199 = PRESENTATION_STYLE_ASSIGNMENT (( #1093 ) ) ;
#200 = DIRECTION ( 'NONE',  ( 0.0000000000000000000, -0.0000000000000000000, -1.000000000000000000 ) ) ;
#201 = CARTESIAN_POINT ( 'NONE',  ( 0.3771940880510741300, 0.5900000000000000800, 0.1038702027044479700 ) ) ;
#202 = EDGE_CURVE ( 'NONE', #838, #1140, #780, .T. ) ;
#203 = FILL_AREA_STYLE ('',( #424 ) ) ;
#204 = EDGE_CURVE ( 'NONE', #861, #789, #177, .T. ) ;
#205 = LINE ( 'NONE', #14, #1014 ) ;
#206 = ORIENTED_EDGE ( 'NONE', *, *, #350, .F. ) ;
#207 = LINE ( 'NONE', #726, #1437 ) ;
#208 = DIRECTION ( 'NONE',  ( -0.0000000000000000000, -1.000000000000000000, -0.0000000000000000000 ) ) ;
#209 = EDGE_CURVE ( 'NONE', #1440, #96, #443, .T. ) ;
#210 = CARTESIAN_POINT ( 'NONE',  ( 0.7999999999999986000, 0.0000000000000000000, -0.4000000000000004100 ) ) ;
#211 = ORIENTED_EDGE ( 'NONE', *, *, #1116, .F. ) ;
#212 = LINE ( 'NONE', #72, #1130 ) ;
#213 = VERTEX_POINT ( 'NONE', #1395 ) ;
#214 = LINE ( 'NONE', #1412, #862 ) ;
#215 = CARTESIAN_POINT ( 'NONE',  ( 0.7999999999999986000, 0.5000000000000000000, 0.3999999999999995800 ) ) ;
#216 = VECTOR ( 'NONE', #646, 1000.000000000000000 ) ;
#217 = DIRECTION ( 'NONE',  ( 0.0000000000000000000, 0.0000000000000000000, -1.000000000000000000 ) ) ;
#218 = CARTESIAN_POINT ( 'NONE',  ( 0.3771940880510741300, 0.6200000000000000000, 0.1338702027044479700 ) ) ;
#219 = ORIENTED_EDGE ( 'NONE', *, *, #613, .F. ) ;
#220 = AXIS2_PLACEMENT_3D ( 'NONE', #1469, #757, #43 ) ;
#221 =( LENGTH_UNIT ( ) NAMED_UNIT ( * ) SI_UNIT ( .MILLI., .METRE. ) );
#222 = LINE ( 'NONE', #1336, #793 ) ;
#223 = VERTEX_POINT ( 'NONE', #564 ) ;
#224 = LINE ( 'NONE', #1502, #834 ) ;
#225 = CARTESIAN_POINT ( 'NONE',  ( 0.7999999999999986000, 0.0000000000000000000, 0.3999999999999995800 ) ) ;
#226 = EDGE_LOOP ( 'NONE', ( #586, #1386, #307, #1363 ) ) ;
#227 = CARTESIAN_POINT ( 'NONE',  ( 0.1440688468869015800, 0.6200000000000000000, -0.1038702027044479700 ) ) ;
#228 = EDGE_CURVE ( 'NONE', #266, #1127, #1365, .T. ) ;
#229 = UNCERTAINTY_MEASURE_WITH_UNIT (LENGTH_MEASURE( 1.000000000000000100E-005 ), #1137, 'distance_accuracy_value', 'NONE');
#230 = ORIENTED_EDGE ( 'NONE', *, *, #666, .T. ) ;
#231 = LINE ( 'NONE', #210, #196 ) ;
#232 = VERTEX_POINT ( 'NONE', #938 ) ;
#233 = CARTESIAN_POINT ( 'NONE',  ( -0.5487850755478973500, 0.5000000000000000000, 0.4000000000000002400 ) ) ;
#234 = FACE_OUTER_BOUND ( 'NONE', #261, .T. ) ;
#235 = DIRECTION ( 'NONE',  ( 0.0000000000000000000, 1.000000000000000000, 0.0000000000000000000 ) ) ;
#236 = CARTESIAN_POINT ( 'NONE',  ( 0.4487850755478973200, 1.099999999999999900, -0.4000000000000002400 ) ) ;
#237 = DIRECTION ( 'NONE',  ( -0.0000000000000000000, 1.000000000000000000, -0.0000000000000000000 ) ) ;
#238 =( GEOMETRIC_REPRESENTATION_CONTEXT ( 3 ) GLOBAL_UNCERTAINTY_ASSIGNED_CONTEXT ( ( #382 ) ) GLOBAL_UNIT_ASSIGNED_CONTEXT ( ( #1158, #432, #1273 ) ) REPRESENTATION_CONTEXT ( 'NONE', 'WORKASPACE' ) );
#239 = LINE ( 'NONE', #225, #1159 ) ;
#240 = ADVANCED_FACE ( 'NONE', ( #1022 ), #693, .T. ) ;
#241 = ORIENTED_EDGE ( 'NONE', *, *, #1041, .T. ) ;
#242 = CARTESIAN_POINT ( 'NONE',  ( 0.3771940880510741300, 0.5900000000000000800, 0.1338702027044479700 ) ) ;
#243 = CARTESIAN_POINT ( 'NONE',  ( 0.3471940880510741600, 0.6200000000000000000, -0.1038702027044479700 ) ) ;
#244 = VERTEX_POINT ( 'NONE', #1401 ) ;
#245 = STYLED_ITEM ( 'NONE', ( #1235 ), #132 ) ;
#246 = ORIENTED_EDGE ( 'NONE', *, *, #863, .T. ) ;
#247 = AXIS2_PLACEMENT_3D ( 'NONE', #54, #392, #1236 ) ;
#248 = ADVANCED_FACE ( 'NONE', ( #1276 ), #93, .T. ) ;
#249 =( NAMED_UNIT ( * ) PLANE_ANGLE_UNIT ( ) SI_UNIT ( $, .RADIAN. ) );
#250 = SURFACE_STYLE_USAGE ( .BOTH. , #974 ) ;
#251 = VECTOR ( 'NONE', #47, 1000.000000000000000 ) ;
#252 = SURFACE_SIDE_STYLE ('',( #514 ) ) ;
#253 = ORIENTED_EDGE ( 'NONE', *, *, #1326, .T. ) ;
#254 = ADVANCED_FACE ( 'NONE', ( #1485 ), #1060, .T. ) ;
#255 = EDGE_CURVE ( 'NONE', #852, #686, #214, .T. ) ;
#256 = AXIS2_PLACEMENT_3D ( 'NONE', #363, #491, #1331 ) ;
#257 = ORIENTED_EDGE ( 'NONE', *, *, #343, .T. ) ;
#258 = LINE ( 'NONE', #1027, #1175 ) ;
#259 = CARTESIAN_POINT ( 'NONE',  ( 0.4064287211287454000, 1.099999999999999900, 0.4000000000000002400 ) ) ;
#260 = LINE ( 'NONE', #68, #1212 ) ;
#261 = EDGE_LOOP ( 'NONE', ( #400, #1457, #1319, #1199 ) ) ;
#262 = ADVANCED_FACE ( 'NONE', ( #1167 ), #329, .F. ) ;
#263 = VECTOR ( 'NONE', #1470, 1000.000000000000000 ) ;
#264 = ORIENTED_EDGE ( 'NONE', *, *, #228, .F. ) ;
#265 = CARTESIAN_POINT ( 'NONE',  ( 0.7999999999999986000, 0.5100000000000000100, -0.4000000000000002400 ) ) ;
#266 = VERTEX_POINT ( 'NONE', #587 ) ;
#267 = FILL_AREA_STYLE ('',( #155 ) ) ;
#268 = VECTOR ( 'NONE', #624, 1000.000000000000000 ) ;
#269 = AXIS2_PLACEMENT_3D ( 'NONE', #1370, #662, #1496 ) ;
#270 =( NAMED_UNIT ( * ) PLANE_ANGLE_UNIT ( ) SI_UNIT ( $, .RADIAN. ) );
#271 = FILL_AREA_STYLE ('',( #880 ) ) ;
#272 = FACE_OUTER_BOUND ( 'NONE', #1354, .T. ) ;
#273 =( LENGTH_UNIT ( ) NAMED_UNIT ( * ) SI_UNIT ( .MILLI., .METRE. ) );
#274 = EDGE_CURVE ( 'NONE', #266, #997, #537, .T. ) ;
#275 = FACE_OUTER_BOUND ( 'NONE', #1046, .T. ) ;
#276 = AXIS2_PLACEMENT_3D ( 'NONE', #1201, #485, #1324 ) ;
#277 = ORIENTED_EDGE ( 'NONE', *, *, #343, .F. ) ;
#278 = EDGE_CURVE ( 'NONE', #1381, #763, #1133, .T. ) ;
#279 = ORIENTED_EDGE ( 'NONE', *, *, #767, .T. ) ;
#280 = DIRECTION ( 'NONE',  ( 0.0000000000000000000, 0.0000000000000000000, 1.000000000000000000 ) ) ;
#281 = CARTESIAN_POINT ( 'NONE',  ( 0.1140688468869015800, 0.5000000000000000000, 0.1338702027044479700 ) ) ;
#282 = CARTESIAN_POINT ( 'NONE',  ( 0.1440688468869015800, 0.5900000000000000800, -0.1338702027044479700 ) ) ;
#283 = ORIENTED_EDGE ( 'NONE', *, *, #666, .F. ) ;
#284 = LINE ( 'NONE', #1359, #1125 ) ;
#285 = DIRECTION ( 'NONE',  ( -0.1643989873053541000, -0.9863939238321443000, 0.0000000000000000000 ) ) ;
#286 = EDGE_CURVE ( 'NONE', #838, #861, #182, .T. ) ;
#287 = CARTESIAN_POINT ( 'NONE',  ( 0.4064287211287454000, 1.050000000000000000, 0.4000000000000002400 ) ) ;
#288 = SURFACE_STYLE_USAGE ( .BOTH. , #1013 ) ;
#289 = CARTESIAN_POINT ( 'NONE',  ( -0.5487850755478973500, 0.5100000000000000100, 0.3999999999999998000 ) ) ;
#290 = DIRECTION ( 'NONE',  ( 0.0000000000000000000, -0.0000000000000000000, 1.000000000000000000 ) ) ;
#291 = CARTESIAN_POINT ( 'NONE',  ( 0.8099999999999986100, 0.5100000000000000100, 0.3999999999999995800 ) ) ;
#292 = ORIENTED_EDGE ( 'NONE', *, *, #438, .F. ) ;
#293 = SURFACE_STYLE_USAGE ( .BOTH. , #1019 ) ;
#294 = UNCERTAINTY_MEASURE_WITH_UNIT (LENGTH_MEASURE( 1.000000000000000100E-005 ), #657, 'distance_accuracy_value', 'NONE');
#295 = DIRECTION ( 'NONE',  ( -1.000000000000000000, 0.0000000000000000000, 0.0000000000000000000 ) ) ;
#296 = ORIENTED_EDGE ( 'NONE', *, *, #433, .T. ) ;
#297 = SURFACE_SIDE_STYLE ('',( #621 ) ) ;
#298 = VECTOR ( 'NONE', #900, 1000.000000000000000 ) ;
#299 = PRESENTATION_LAYER_ASSIGNMENT (  '', '', ( #142 ) ) ;
#300 = CARTESIAN_POINT ( 'NONE',  ( 0.5487850755478973500, 0.5000000000000000000, 0.3999999999999995800 ) ) ;
#301 = CLOSED_SHELL ( 'NONE', ( #496, #622, #614, #354, #262, #345, #487, #125, #143, #858 ) ) ;
#302 = DIRECTION ( 'NONE',  ( 1.000000000000000000, -0.0000000000000000000, -0.0000000000000000000 ) ) ;
#303 = ORIENTED_EDGE ( 'NONE', *, *, #807, .T. ) ;
#304 = CARTESIAN_POINT ( 'NONE',  ( 0.3471940880510741600, 0.6200000000000000000, 0.1038702027044479700 ) ) ;
#305 = EDGE_CURVE ( 'NONE', #96, #548, #1404, .T. ) ;
#306 = FACE_OUTER_BOUND ( 'NONE', #607, .T. ) ;
#307 = ORIENTED_EDGE ( 'NONE', *, *, #582, .F. ) ;
#308 = CYLINDRICAL_SURFACE ( 'NONE', #720, 0.02999999999999999900 ) ;
#309 = CARTESIAN_POINT ( 'NONE',  ( -0.4487850755478973200, 1.099999999999999900, -0.4000000000000002400 ) ) ;
#310 = DIRECTION ( 'NONE',  ( 0.0000000000000000000, 0.0000000000000000000, -1.000000000000000000 ) ) ;
#311 = SURFACE_STYLE_USAGE ( .BOTH. , #1044 ) ;
#312 = ORIENTED_EDGE ( 'NONE', *, *, #128, .T. ) ;
#313 = CYLINDRICAL_SURFACE ( 'NONE', #318, 0.02999999999999999900 ) ;
#314 = EDGE_LOOP ( 'NONE', ( #572, #67, #1106, #511 ) ) ;
#315 = COLOUR_RGB ( '',1.000000000000000000, 0.7019607843137254400, 0.0000000000000000000 ) ;
#316 = CARTESIAN_POINT ( 'NONE',  ( 0.7999999999999986000, 0.5100000000000000100, -0.4000000000000002400 ) ) ;
#317 = DIRECTION ( 'NONE',  ( -1.000000000000000000, 0.0000000000000000000, 1.016439536705160000E-016 ) ) ;
#318 = AXIS2_PLACEMENT_3D ( 'NONE', #282, #774, #394 ) ;
#319 = SURFACE_STYLE_USAGE ( .BOTH. , #1048 ) ;
#320 = DIRECTION ( 'NONE',  ( 0.0000000000000000000, 1.000000000000000000, 0.0000000000000000000 ) ) ;
#321 = VERTEX_POINT ( 'NONE', #1072 ) ;
#322 = CARTESIAN_POINT ( 'NONE',  ( 0.1440688468869015800, 0.6200000000000000000, -0.1038702027044479700 ) ) ;
#323 = COLOUR_RGB ( '',1.000000000000000000, 0.7019607843137254400, 0.0000000000000000000 ) ;
#324 = ORIENTED_EDGE ( 'NONE', *, *, #1515, .F. ) ;
#325 = FILL_AREA_STYLE ('',( #943 ) ) ;
#326 = EDGE_CURVE ( 'NONE', #518, #567, #1371, .T. ) ;
#327 = STYLED_ITEM ( 'NONE', ( #841 ), #697 ) ;
#328 = ORIENTED_EDGE ( 'NONE', *, *, #558, .T. ) ;
#329 = PLANE ( 'NONE',  #710 ) ;
#330 = DIRECTION ( 'NONE',  ( -0.0000000000000000000, -0.0000000000000000000, 1.000000000000000000 ) ) ;
#331 = VERTEX_POINT ( 'NONE', #1305 ) ;
#332 = COLOUR_RGB ( '',0.7529411764705882200, 0.0000000000000000000, 0.0000000000000000000 ) ;
#333 = DIRECTION ( 'NONE',  ( 1.000000000000000000, -0.0000000000000000000, -1.355252715606880000E-016 ) ) ;
#334 = UNCERTAINTY_MEASURE_WITH_UNIT (LENGTH_MEASURE( 1.000000000000000100E-005 ), #996, 'distance_accuracy_value', 'NONE');
#335 = SURFACE_STYLE_FILL_AREA ( #19 ) ;
#336 = CARTESIAN_POINT ( 'NONE',  ( 0.1264952537580943900, 0.6199999999999998800, -0.1214437958332551700 ) ) ;
#337 = STYLED_ITEM ( 'NONE', ( #1122 ), #529 ) ;
#338 = ORIENTED_EDGE ( 'NONE', *, *, #438, .T. ) ;
#339 = CARTESIAN_POINT ( 'NONE',  ( -0.4064287211287452900, 1.050000000000000000, -0.4000000000000002400 ) ) ;
#340 = ORIENTED_EDGE ( 'NONE', *, *, #691, .F. ) ;
#341 = LINE ( 'NONE', #809, #679 ) ;
#342 = VERTEX_POINT ( 'NONE', #233 ) ;
#343 = EDGE_CURVE ( 'NONE', #91, #1440, #825, .T. ) ;
#344 = STYLED_ITEM ( 'NONE', ( #199 ), #975 ) ;
#345 = ADVANCED_FACE ( 'NONE', ( #743 ), #1426, .T. ) ;
#346 = FACE_OUTER_BOUND ( 'NONE', #1498, .T. ) ;
#347 = CARTESIAN_POINT ( 'NONE',  ( -0.5487850755478973500, 0.5000000000000000000, 0.4000000000000002400 ) ) ;
#348 = ORIENTED_EDGE ( 'NONE', *, *, #801, .T. ) ;
#349 = VECTOR ( 'NONE', #764, 1000.000000000000000 ) ;
#350 = EDGE_CURVE ( 'NONE', #1293, #842, #139, .T. ) ;
#351 = SURFACE_STYLE_FILL_AREA ( #42 ) ;
#352 = FILL_AREA_STYLE_COLOUR ( '', #37 ) ;
#353 = CARTESIAN_POINT ( 'NONE',  ( -0.8000000000000020400, 0.5100000000000000100, 0.3999999999999998000 ) ) ;
#354 = ADVANCED_FACE ( 'NONE', ( #783 ), #1308, .F. ) ;
#355 = EDGE_CURVE ( 'NONE', #830, #244, #369, .T. ) ;
#356 = VERTEX_POINT ( 'NONE', #1384 ) ;
#357 =( NAMED_UNIT ( * ) PLANE_ANGLE_UNIT ( ) SI_UNIT ( $, .RADIAN. ) );
#358 = VECTOR ( 'NONE', #126, 1000.000000000000000 ) ;
#359 = ORIENTED_EDGE ( 'NONE', *, *, #777, .T. ) ;
#360 = COLOUR_RGB ( '',1.000000000000000000, 0.7019607843137254400, 0.0000000000000000000 ) ;
#361 = ADVANCED_FACE ( 'NONE', ( #74 ), #472, .F. ) ;
#362 =( LENGTH_UNIT ( ) NAMED_UNIT ( * ) SI_UNIT ( .MILLI., .METRE. ) );
#363 = CARTESIAN_POINT ( 'NONE',  ( 0.1140688468869015800, 0.6200000000000000000, 0.1338702027044479700 ) ) ;
#364 = ORIENTED_EDGE ( 'NONE', *, *, #1171, .T. ) ;
#365 = DIRECTION ( 'NONE',  ( 1.000000000000000000, -0.0000000000000000000, 0.0000000000000000000 ) ) ;
#366 = AXIS2_PLACEMENT_3D ( 'NONE', #1534, #829, #107 ) ;
#367 = ORIENTED_EDGE ( 'NONE', *, *, #61, .F. ) ;
#368 = MECHANICAL_DESIGN_GEOMETRIC_PRESENTATION_REPRESENTATION (  '', ( #142 ), #452 ) ;
#369 = LINE ( 'NONE', #680, #1333 ) ;
#370 = ADVANCED_FACE ( 'NONE', ( #1028 ), #427, .T. ) ;
#371 = VECTOR ( 'NONE', #13, 1000.000000000000000 ) ;
#372 = CARTESIAN_POINT ( 'NONE',  ( 0.7999999999999986000, 0.5100000000000000100, -0.4000000000000002400 ) ) ;
#373 = DIRECTION ( 'NONE',  ( -1.000000000000000000, -0.0000000000000000000, -0.0000000000000000000 ) ) ;
#374 = ORIENTED_EDGE ( 'NONE', *, *, #1376, .T. ) ;
#375 = CARTESIAN_POINT ( 'NONE',  ( 0.5487850755478973500, 0.5100000000000000100, -0.4000000000000002400 ) ) ;
#376 = EDGE_CURVE ( 'NONE', #617, #861, #77, .T. ) ;
#377 = AXIS2_PLACEMENT_3D ( 'NONE', #1157, #429, #591 ) ;
#378 = SURFACE_STYLE_USAGE ( .BOTH. , #1107 ) ;
#379 = LINE ( 'NONE', #1010, #946 ) ;
#380 = VECTOR ( 'NONE', #108, 1000.000000000000000 ) ;
#381 = SURFACE_SIDE_STYLE ('',( #1414 ) ) ;
#382 = UNCERTAINTY_MEASURE_WITH_UNIT (LENGTH_MEASURE( 1.000000000000000100E-005 ), #1158, 'distance_accuracy_value', 'NONE');
#383 = LINE ( 'NONE', #192, #998 ) ;
#384 = SURFACE_STYLE_USAGE ( .BOTH. , #1114 ) ;
#385 =( NAMED_UNIT ( * ) SI_UNIT ( $, .STERADIAN. ) SOLID_ANGLE_UNIT ( ) );
#386 = VECTOR ( 'NONE', #1479, 1000.000000000000000 ) ;
#387 = CARTESIAN_POINT ( 'NONE',  ( 0.5487850755478973500, 1.099999999999999900, 0.4000000000000002400 ) ) ;
#388 = ORIENTED_EDGE ( 'NONE', *, *, #1461, .F. ) ;
#389 = DIRECTION ( 'NONE',  ( -0.0000000000000000000, -1.000000000000000000, -0.0000000000000000000 ) ) ;
#390 = DIRECTION ( 'NONE',  ( 0.0000000000000000000, -0.0000000000000000000, 1.000000000000000000 ) ) ;
#391 = VECTOR ( 'NONE', #1223, 1000.000000000000000 ) ;
#392 = DIRECTION ( 'NONE',  ( 1.016439536705160000E-016, -0.0000000000000000000, 1.000000000000000000 ) ) ;
#393 = PLANE ( 'NONE',  #876 ) ;
#394 = DIRECTION ( 'NONE',  ( 1.000000000000000000, 0.0000000000000000000, 0.0000000000000000000 ) ) ;
#395 = ORIENTED_EDGE ( 'NONE', *, *, #255, .F. ) ;
#396 = DIRECTION ( 'NONE',  ( -1.000000000000000000, 0.0000000000000000000, 0.0000000000000000000 ) ) ;
#397 = MECHANICAL_DESIGN_GEOMETRIC_PRESENTATION_REPRESENTATION (  '', ( #245 ), #483 ) ;
#398 = LINE ( 'NONE', #474, #95 ) ;
#399 =( NAMED_UNIT ( * ) PLANE_ANGLE_UNIT ( ) SI_UNIT ( $, .RADIAN. ) );
#400 = ORIENTED_EDGE ( 'NONE', *, *, #1432, .T. ) ;
#401 = MANIFOLD_SOLID_BREP ( 'Zaokraglenie4', #1425 ) ;
#402 = PLANE ( 'NONE',  #736 ) ;
#403 = ORIENTED_EDGE ( 'NONE', *, *, #582, .T. ) ;
#404 = CARTESIAN_POINT ( 'NONE',  ( 0.1140688468869015800, 0.5899999999999999700, -0.1338702027044479700 ) ) ;
#405 =( NAMED_UNIT ( * ) PLANE_ANGLE_UNIT ( ) SI_UNIT ( $, .RADIAN. ) );
#406 = SURFACE_STYLE_FILL_AREA ( #570 ) ;
#407 = DIRECTION ( 'NONE',  ( 0.0000000000000000000, 0.0000000000000000000, -1.000000000000000000 ) ) ;
#408 = ORIENTED_EDGE ( 'NONE', *, *, #685, .F. ) ;
#409 = VECTOR ( 'NONE', #723, 1000.000000000000000 ) ;
#410 =( LENGTH_UNIT ( ) NAMED_UNIT ( * ) SI_UNIT ( .MILLI., .METRE. ) );
#411 = EDGE_CURVE ( 'NONE', #830, #782, #883, .T. ) ;
#412 = AXIS2_PLACEMENT_3D ( 'NONE', #620, #1207, #144 ) ;
#413 = SURFACE_STYLE_FILL_AREA ( #1454 ) ;
#414 = CARTESIAN_POINT ( 'NONE',  ( -0.8100000000000021600, 0.0000000000000000000, 0.3999999999999998000 ) ) ;
#415 = LINE ( 'NONE', #1194, #110 ) ;
#416 = CARTESIAN_POINT ( 'NONE',  ( 0.5487850755478973500, 0.5000000000000000000, -0.4000000000000002400 ) ) ;
#417 = VERTEX_POINT ( 'NONE', #434 ) ;
#418 = LINE ( 'NONE', #502, #116 ) ;
#419 = PLANE ( 'NONE',  #1080 ) ;
#420 = LINE ( 'NONE', #448, #1069 ) ;
#421 = AXIS2_PLACEMENT_3D ( 'NONE', #215, #1407, #703 ) ;
#422 = LINE ( 'NONE', #924, #83 ) ;
#423 = AXIS2_PLACEMENT_3D ( 'NONE', #436, #571, #1396 ) ;
#424 = FILL_AREA_STYLE_COLOUR ( '', #1304 ) ;
#425 = VECTOR ( 'NONE', #1004, 1000.000000000000000 ) ;
#426 = ORIENTED_EDGE ( 'NONE', *, *, #634, .F. ) ;
#427 = PLANE ( 'NONE',  #1340 ) ;
#428 = PRODUCT_DEFINITION_SHAPE ( 'NONE', 'NONE',  #1295 ) ;
#429 = DIRECTION ( 'NONE',  ( -0.0000000000000000000, 0.0000000000000000000, -1.000000000000000000 ) ) ;
#430 = EDGE_CURVE ( 'NONE', #638, #569, #1509, .T. ) ;
#431 = AXIS2_PLACEMENT_3D ( 'NONE', #1444, #1439, #865 ) ;
#432 =( NAMED_UNIT ( * ) PLANE_ANGLE_UNIT ( ) SI_UNIT ( $, .RADIAN. ) );
#433 = EDGE_CURVE ( 'NONE', #223, #321, #1184, .T. ) ;
#434 = CARTESIAN_POINT ( 'NONE',  ( 0.3771940880510741300, 0.5000000000000000000, -0.1338702027044479700 ) ) ;
#435 = ORIENTED_EDGE ( 'NONE', *, *, #274, .F. ) ;
#436 = CARTESIAN_POINT ( 'NONE',  ( -0.8100000000000021600, 0.5100000000000000100, 0.3999999999999998000 ) ) ;
#437 = EDGE_LOOP ( 'NONE', ( #1015, #504, #1541, #241 ) ) ;
#438 = EDGE_CURVE ( 'NONE', #41, #96, #231, .T. ) ;
#439 = DIRECTION ( 'NONE',  ( -0.0000000000000000000, -0.0000000000000000000, 1.000000000000000000 ) ) ;
#440 = ORIENTED_EDGE ( 'NONE', *, *, #936, .T. ) ;
#441 =( NAMED_UNIT ( * ) PLANE_ANGLE_UNIT ( ) SI_UNIT ( $, .RADIAN. ) );
#442 = DIRECTION ( 'NONE',  ( -1.000000000000000000, 0.0000000000000000000, 0.0000000000000000000 ) ) ;
#443 = LINE ( 'NONE', #1504, #740 ) ;
#444 = DIRECTION ( 'NONE',  ( -1.000000000000000000, 0.0000000000000000000, 0.0000000000000000000 ) ) ;
#445 = EDGE_LOOP ( 'NONE', ( #1160, #1290, #557, #1110 ) ) ;
#446 = VECTOR ( 'NONE', #1421, 1000.000000000000000 ) ;
#447 = SURFACE_STYLE_USAGE ( .BOTH. , #1172 ) ;
#448 = CARTESIAN_POINT ( 'NONE',  ( 0.3771940880510741300, 0.6200000000000000000, 0.1038702027044479700 ) ) ;
#449 = VECTOR ( 'NONE', #179, 1000.000000000000000 ) ;
#450 = CARTESIAN_POINT ( 'NONE',  ( 0.4064287211287454000, 1.099999999999999900, -0.4000000000000002400 ) ) ;
#451 =( BOUNDED_CURVE ( )  B_SPLINE_CURVE ( 3, ( #901, #527, #652, #1488 ),
 .UNSPECIFIED., .F., .F. ) 
 B_SPLINE_CURVE_WITH_KNOTS ( ( 4, 4 ),
 ( -3.552713678800500900E-015, 1.570796326794896600 ),
 .UNSPECIFIED. ) 
 CURVE ( )  GEOMETRIC_REPRESENTATION_ITEM ( )  RATIONAL_B_SPLINE_CURVE ( ( 1.000000000000000000, 0.8047378541243641600, 0.8047378541243641600, 1.000000000000000000 ) ) 
 REPRESENTATION_ITEM ( '' )  );
#452 =( GEOMETRIC_REPRESENTATION_CONTEXT ( 3 ) GLOBAL_UNCERTAINTY_ASSIGNED_CONTEXT ( ( #798 ) ) GLOBAL_UNIT_ASSIGNED_CONTEXT ( ( #1230, #515, #1352 ) ) REPRESENTATION_CONTEXT ( 'NONE', 'WORKASPACE' ) );
#453 = DIRECTION ( 'NONE',  ( -0.0000000000000000000, -0.0000000000000000000, -1.000000000000000000 ) ) ;
#454 = FILL_AREA_STYLE_COLOUR ( '', #1038 ) ;
#455 = ORIENTED_EDGE ( 'NONE', *, *, #918, .F. ) ;
#456 = FILL_AREA_STYLE_COLOUR ( '', #523 ) ;
#457 = VECTOR ( 'NONE', #870, 1000.000000000000000 ) ;
#458 = ORIENTED_EDGE ( 'NONE', *, *, #1356, .T. ) ;
#459 = FACE_OUTER_BOUND ( 'NONE', #437, .T. ) ;
#460 = DIRECTION ( 'NONE',  ( 0.0000000000000000000, 1.000000000000000000, 0.0000000000000000000 ) ) ;
#461 = CARTESIAN_POINT ( 'NONE',  ( 0.1140688468869015100, 0.6075735931288071000, -0.1338702027044480200 ) ) ;
#462 = VECTOR ( 'NONE', #1258, 1000.000000000000000 ) ;
#463 = EDGE_CURVE ( 'NONE', #195, #25, #510, .T. ) ;
#464 = AXIS2_PLACEMENT_3D ( 'NONE', #1153, #1265, #563 ) ;
#465 = ORIENTED_EDGE ( 'NONE', *, *, #1249, .F. ) ;
#466 = DIRECTION ( 'NONE',  ( 1.000000000000000000, 0.0000000000000000000, 0.0000000000000000000 ) ) ;
#467 = CARTESIAN_POINT ( 'NONE',  ( 0.3771940880510741300, 0.5000000000000000000, -0.1338702027044479700 ) ) ;
#468 = EDGE_CURVE ( 'NONE', #331, #704, #1424, .T. ) ;
#469 = VERTEX_POINT ( 'NONE', #322 ) ;
#470 = EDGE_LOOP ( 'NONE', ( #654, #1442, #1251, #1071 ) ) ;
#471 = SURFACE_STYLE_FILL_AREA ( #271 ) ;
#472 = PLANE ( 'NONE',  #1181 ) ;
#473 = CARTESIAN_POINT ( 'NONE',  ( -0.8000000000000020400, 0.0000000000000000000, -0.4000000000000002400 ) ) ;
#474 = CARTESIAN_POINT ( 'NONE',  ( -0.8000000000000020400, 0.5000000000000000000, -0.4000000000000002400 ) ) ;
#475 = ORIENTED_EDGE ( 'NONE', *, *, #936, .F. ) ;
#476 = PRESENTATION_STYLE_ASSIGNMENT (( #311 ) ) ;
#477 = ADVANCED_FACE ( 'NONE', ( #804 ), #575, .F. ) ;
#478 = ORIENTED_EDGE ( 'NONE', *, *, #1542, .F. ) ;
#479 = PRESENTATION_STYLE_ASSIGNMENT (( #288 ) ) ;
#480 = CARTESIAN_POINT ( 'NONE',  ( 0.1140688468869015800, 0.5900000000000000800, -0.1338702027044479700 ) ) ;
#481 = CARTESIAN_POINT ( 'NONE',  ( 0.3771940880510741300, 0.5000000000000000000, 0.1338702027044479700 ) ) ;
#482 = ORIENTED_EDGE ( 'NONE', *, *, #1493, .T. ) ;
#483 =( GEOMETRIC_REPRESENTATION_CONTEXT ( 3 ) GLOBAL_UNCERTAINTY_ASSIGNED_CONTEXT ( ( #294 ) ) GLOBAL_UNIT_ASSIGNED_CONTEXT ( ( #657, #1491, #781 ) ) REPRESENTATION_CONTEXT ( 'NONE', 'WORKASPACE' ) );
#484 = CYLINDRICAL_SURFACE ( 'NONE', #905, 0.02999999999999997100 ) ;
#485 = DIRECTION ( 'NONE',  ( 1.000000000000000000, 0.0000000000000000000, 0.0000000000000000000 ) ) ;
#486 = VERTEX_POINT ( 'NONE', #104 ) ;
#487 = ADVANCED_FACE ( 'NONE', ( #1518 ), #566, .T. ) ;
#488 = VECTOR ( 'NONE', #453, 1000.000000000000000 ) ;
#489 = LINE ( 'NONE', #1481, #216 ) ;
#490 =( NAMED_UNIT ( * ) SI_UNIT ( $, .STERADIAN. ) SOLID_ANGLE_UNIT ( ) );
#491 = DIRECTION ( 'NONE',  ( 1.000000000000000000, -0.0000000000000000000, 0.0000000000000000000 ) ) ;
#492 = EDGE_CURVE ( 'NONE', #626, #1087, #1192, .T. ) ;
#493 = PRESENTATION_LAYER_ASSIGNMENT (  '', '', ( #327 ) ) ;
#494 = CARTESIAN_POINT ( 'NONE',  ( 0.5487850755478973500, 0.5000000000000000000, 0.3999999999999995800 ) ) ;
#495 = ORIENTED_EDGE ( 'NONE', *, *, #831, .T. ) ;
#496 = ADVANCED_FACE ( 'NONE', ( #275 ), #584, .F. ) ;
#497 = DIRECTION ( 'NONE',  ( -1.000000000000000000, -0.0000000000000000000, -0.0000000000000000000 ) ) ;
#498 = FACE_OUTER_BOUND ( 'NONE', #553, .T. ) ;
#499 = VERTEX_POINT ( 'NONE', #1057 ) ;
#500 = LINE ( 'NONE', #1054, #1379 ) ;
#501 = DIRECTION ( 'NONE',  ( 0.0000000000000000000, 0.0000000000000000000, 1.000000000000000000 ) ) ;
#502 = CARTESIAN_POINT ( 'NONE',  ( 0.5487850755478973500, 0.5000000000000000000, -0.4000000000000002400 ) ) ;
#503 = UNCERTAINTY_MEASURE_WITH_UNIT (LENGTH_MEASURE( 1.000000000000000100E-005 ), #1129, 'distance_accuracy_value', 'NONE');
#504 = ORIENTED_EDGE ( 'NONE', *, *, #355, .F. ) ;
#505 = ORIENTED_EDGE ( 'NONE', *, *, #463, .F. ) ;
#506 = CARTESIAN_POINT ( 'NONE',  ( 0.7999999999999986000, 0.5000000000000000000, 0.3999999999999995800 ) ) ;
#507 =( NAMED_UNIT ( * ) PLANE_ANGLE_UNIT ( ) SI_UNIT ( $, .RADIAN. ) );
#508 = ORIENTED_EDGE ( 'NONE', *, *, #411, .F. ) ;
#509 = AXIS2_PLACEMENT_3D ( 'NONE', #1061, #330, #1178 ) ;
#510 = LINE ( 'NONE', #941, #1111 ) ;
#511 = ORIENTED_EDGE ( 'NONE', *, *, #80, .T. ) ;
#512 =( LENGTH_UNIT ( ) NAMED_UNIT ( * ) SI_UNIT ( .MILLI., .METRE. ) );
#513 = CARTESIAN_POINT ( 'NONE',  ( 0.7999999999999986000, 0.5000000000000000000, -0.4000000000000002400 ) ) ;
#514 = SURFACE_STYLE_FILL_AREA ( #982 ) ;
#515 =( NAMED_UNIT ( * ) PLANE_ANGLE_UNIT ( ) SI_UNIT ( $, .RADIAN. ) );
#516 = PLANE ( 'NONE',  #173 ) ;
#517 = CARTESIAN_POINT ( 'NONE',  ( 0.4064287211287454000, 1.099999999999999900, -0.4000000000000002400 ) ) ;
#518 = VERTEX_POINT ( 'NONE', #1537 ) ;
#519 = EDGE_CURVE ( 'NONE', #704, #232, #894, .T. ) ;
#520 = PRESENTATION_LAYER_ASSIGNMENT (  '', '', ( #344 ) ) ;
#521 = FILL_AREA_STYLE_COLOUR ( '', #1506 ) ;
#522 = CARTESIAN_POINT ( 'NONE',  ( -0.4064287211287452900, 1.099999999999999900, -0.4000000000000002400 ) ) ;
#523 = COLOUR_RGB ( '',1.000000000000000000, 1.000000000000000000, 1.000000000000000000 ) ;
#524 = ORIENTED_EDGE ( 'NONE', *, *, #609, .F. ) ;
#525 = FACE_OUTER_BOUND ( 'NONE', #445, .T. ) ;
#526 = EDGE_CURVE ( 'NONE', #548, #1020, #239, .T. ) ;
#527 = CARTESIAN_POINT ( 'NONE',  ( 0.3771940880510742400, 0.6075735931288071000, -0.1338702027044480200 ) ) ;
#528 = DIRECTION ( 'NONE',  ( 0.0000000000000000000, -0.0000000000000000000, 1.000000000000000000 ) ) ;
#529 = MANIFOLD_SOLID_BREP ( 'Dodanie-wyciagniecie1', #1540 ) ;
#530 = ORIENTED_EDGE ( 'NONE', *, *, #609, .T. ) ;
#531 = CARTESIAN_POINT ( 'NONE',  ( 0.8099999999999986100, 0.5100000000000000100, -0.4000000000000001300 ) ) ;
#532 = FACE_OUTER_BOUND ( 'NONE', #930, .T. ) ;
#533 = CARTESIAN_POINT ( 'NONE',  ( 0.8099999999999986100, 0.0000000000000000000, 0.3999999999999995800 ) ) ;
#534 = EDGE_CURVE ( 'NONE', #321, #486, #398, .T. ) ;
#535 = CARTESIAN_POINT ( 'NONE',  ( -0.8000000000000020400, 0.0000000000000000000, -0.4000000000000002400 ) ) ;
#536 = ORIENTED_EDGE ( 'NONE', *, *, #153, .F. ) ;
#537 = LINE ( 'NONE', #953, #488 ) ;
#538 = SURFACE_SIDE_STYLE ('',( #641 ) ) ;
#539 = FACE_OUTER_BOUND ( 'NONE', #11, .T. ) ;
#540 = DIRECTION ( 'NONE',  ( 0.0000000000000000000, -0.0000000000000000000, 1.000000000000000000 ) ) ;
#541 = CARTESIAN_POINT ( 'NONE',  ( -0.5487850755478973500, 0.5100000000000000100, 0.3999999999999998000 ) ) ;
#542 = CARTESIAN_POINT ( 'NONE',  ( 0.7999999999999986000, 0.5100000000000000100, 0.3999999999999995800 ) ) ;
#543 = EDGE_LOOP ( 'NONE', ( #303, #1272, #942, #180 ) ) ;
#544 =( NAMED_UNIT ( * ) SI_UNIT ( $, .STERADIAN. ) SOLID_ANGLE_UNIT ( ) );
#545 = AXIS2_PLACEMENT_3D ( 'NONE', #948, #99, #1177 ) ;
#546 = VECTOR ( 'NONE', #983, 1000.000000000000000 ) ;
#547 = DIRECTION ( 'NONE',  ( 0.0000000000000000000, 0.0000000000000000000, -1.000000000000000000 ) ) ;
#548 = VERTEX_POINT ( 'NONE', #730 ) ;
#549 = VECTOR ( 'NONE', #779, 1000.000000000000000 ) ;
#550 = CARTESIAN_POINT ( 'NONE',  ( 0.5487850755478973500, 0.5100000000000000100, 0.3999999999999995800 ) ) ;
#551 = DIRECTION ( 'NONE',  ( 0.0000000000000000000, 0.0000000000000000000, -1.000000000000000000 ) ) ;
#552 = ORIENTED_EDGE ( 'NONE', *, *, #1461, .T. ) ;
#553 = EDGE_LOOP ( 'NONE', ( #818, #1375, #34, #458 ) ) ;
#554 = VECTOR ( 'NONE', #937, 1000.000000000000000 ) ;
#555 = CARTESIAN_POINT ( 'NONE',  ( 0.8099999999999986100, 0.0000000000000000000, 0.3999999999999995800 ) ) ;
#556 = CARTESIAN_POINT ( 'NONE',  ( -0.8100000000000021600, 0.5100000000000000100, -0.4000000000000002400 ) ) ;
#557 = ORIENTED_EDGE ( 'NONE', *, *, #124, .F. ) ;
#558 = EDGE_CURVE ( 'NONE', #1293, #952, #205, .T. ) ;
#559 = STYLED_ITEM ( 'NONE', ( #8 ), #867 ) ;
#560 = FACE_OUTER_BOUND ( 'NONE', #134, .T. ) ;
#561 = EDGE_CURVE ( 'NONE', #623, #981, #1321, .T. ) ;
#562 = CARTESIAN_POINT ( 'NONE',  ( 0.8099999999999986100, 0.5100000000000000100, 0.3999999999999995800 ) ) ;
#563 = DIRECTION ( 'NONE',  ( 0.0000000000000000000, 0.0000000000000000000, 1.000000000000000000 ) ) ;
#564 = CARTESIAN_POINT ( 'NONE',  ( -0.5487850755478973500, 0.5000000000000000000, 0.3999999999999998000 ) ) ;
#565 = DIRECTION ( 'NONE',  ( -0.1643989873053541000, -0.9863939238321443000, 0.0000000000000000000 ) ) ;
#566 = CYLINDRICAL_SURFACE ( 'NONE', #595, 0.02999999999999999900 ) ;
#567 = VERTEX_POINT ( 'NONE', #243 ) ;
#568 = SURFACE_SIDE_STYLE ('',( #1294 ) ) ;
#569 = VERTEX_POINT ( 'NONE', #353 ) ;
#570 = FILL_AREA_STYLE ('',( #1526 ) ) ;
#571 = DIRECTION ( 'NONE',  ( -1.000000000000000000, 0.0000000000000000000, 0.0000000000000000000 ) ) ;
#572 = ORIENTED_EDGE ( 'NONE', *, *, #122, .T. ) ;
#573 = CARTESIAN_POINT ( 'NONE',  ( 0.8099999999999986100, 0.0000000000000000000, 0.3999999999999995800 ) ) ;
#574 = FACE_OUTER_BOUND ( 'NONE', #922, .T. ) ;
#575 = PLANE ( 'NONE',  #421 ) ;
#576 = UNCERTAINTY_MEASURE_WITH_UNIT (LENGTH_MEASURE( 1.000000000000000100E-005 ), #410, 'distance_accuracy_value', 'NONE');
#577 = EDGE_LOOP ( 'NONE', ( #902, #359, #1420, #198 ) ) ;
#578 =( NAMED_UNIT ( * ) PLANE_ANGLE_UNIT ( ) SI_UNIT ( $, .RADIAN. ) );
#579 = DIRECTION ( 'NONE',  ( 1.000000000000000000, 0.0000000000000000000, 0.0000000000000000000 ) ) ;
#580 = ORIENTED_EDGE ( 'NONE', *, *, #1427, .F. ) ;
#581 = LINE ( 'NONE', #786, #1210 ) ;
#582 = EDGE_CURVE ( 'NONE', #1503, #193, #1476, .T. ) ;
#583 = MECHANICAL_DESIGN_GEOMETRIC_PRESENTATION_REPRESENTATION (  '', ( #327 ), #667 ) ;
#584 = PLANE ( 'NONE',  #676 ) ;
#585 = FACE_OUTER_BOUND ( 'NONE', #1173, .T. ) ;
#586 = ORIENTED_EDGE ( 'NONE', *, *, #186, .T. ) ;
#587 = CARTESIAN_POINT ( 'NONE',  ( 0.7999999999999986000, 0.5100000000000000100, 0.3999999999999995800 ) ) ;
#588 = FILL_AREA_STYLE ('',( #454 ) ) ;
#589 = FILL_AREA_STYLE ('',( #456 ) ) ;
#590 = EDGE_LOOP ( 'NONE', ( #530, #1098, #73, #190 ) ) ;
#591 = DIRECTION ( 'NONE',  ( 1.000000000000000000, 0.0000000000000000000, 0.0000000000000000000 ) ) ;
#592 = ORIENTED_EDGE ( 'NONE', *, *, #122, .F. ) ;
#593 = CARTESIAN_POINT ( 'NONE',  ( 0.1140688468869015800, 0.5900000000000000800, 0.1338702027044479700 ) ) ;
#594 = PRESENTATION_STYLE_ASSIGNMENT (( #378 ) ) ;
#595 = AXIS2_PLACEMENT_3D ( 'NONE', #1287, #444, #828 ) ;
#596 = SURFACE_SIDE_STYLE ('',( #1306 ) ) ;
#597 = AXIS2_PLACEMENT_3D ( 'NONE', #1280, #320, #1169 ) ;
#598 = CARTESIAN_POINT ( 'NONE',  ( 0.7999999999999986000, 0.5000000000000000000, -0.4000000000000004100 ) ) ;
#599 = DIRECTION ( 'NONE',  ( 1.000000000000000000, 0.0000000000000000000, 0.0000000000000000000 ) ) ;
#600 = VECTOR ( 'NONE', #1292, 1000.000000000000000 ) ;
#601 = DIRECTION ( 'NONE',  ( 0.0000000000000000000, 0.0000000000000000000, -1.000000000000000000 ) ) ;
#602 = ORIENTED_EDGE ( 'NONE', *, *, #1427, .T. ) ;
#603 = EDGE_CURVE ( 'NONE', #1140, #417, #66, .T. ) ;
#604 = MECHANICAL_DESIGN_GEOMETRIC_PRESENTATION_REPRESENTATION (  '', ( #344 ), #687 ) ;
#605 = CARTESIAN_POINT ( 'NONE',  ( -0.5487850755478973500, 0.5100000000000000100, -0.4000000000000002400 ) ) ;
#606 = DIRECTION ( 'NONE',  ( -1.000000000000000000, -0.0000000000000000000, -0.0000000000000000000 ) ) ;
#607 = EDGE_LOOP ( 'NONE', ( #64, #1484, #1286, #799 ) ) ;
#608 = ADVANCED_FACE ( 'NONE', ( #24 ), #733, .F. ) ;
#609 = EDGE_CURVE ( 'NONE', #1436, #195, #1455, .T. ) ;
#610 = EDGE_LOOP ( 'NONE', ( #505, #524, #663, #592 ) ) ;
#611 = LINE ( 'NONE', #281, #1005 ) ;
#612 = DIRECTION ( 'NONE',  ( 1.000000000000000000, -0.0000000000000000000, -0.0000000000000000000 ) ) ;
#613 = EDGE_CURVE ( 'NONE', #91, #41, #871, .T. ) ;
#614 = ADVANCED_FACE ( 'NONE', ( #189 ), #1094, .F. ) ;
#615 = PLANE ( 'NONE',  #932 ) ;
#616 = DIRECTION ( 'NONE',  ( 0.0000000000000000000, 0.0000000000000000000, 1.000000000000000000 ) ) ;
#617 = VERTEX_POINT ( 'NONE', #1451 ) ;
#618 = ORIENTED_EDGE ( 'NONE', *, *, #376, .T. ) ;
#619 = CARTESIAN_POINT ( 'NONE',  ( -0.8100000000000021600, 0.0000000000000000000, -0.4000000000000002400 ) ) ;
#620 = CARTESIAN_POINT ( 'NONE',  ( 0.1140688468869015800, 0.6200000000000000000, -0.1338702027044479700 ) ) ;
#621 = SURFACE_STYLE_FILL_AREA ( #1023 ) ;
#622 = ADVANCED_FACE ( 'NONE', ( #498 ), #30, .F. ) ;
#623 = VERTEX_POINT ( 'NONE', #744 ) ;
#624 = DIRECTION ( 'NONE',  ( -0.0000000000000000000, -0.0000000000000000000, 1.000000000000000000 ) ) ;
#625 = UNCERTAINTY_MEASURE_WITH_UNIT (LENGTH_MEASURE( 1.000000000000000100E-005 ), #874, 'distance_accuracy_value', 'NONE');
#626 = VERTEX_POINT ( 'NONE', #259 ) ;
#627 = CARTESIAN_POINT ( 'NONE',  ( -0.5487850755478973500, 0.5100000000000000100, 0.3999999999999998000 ) ) ;
#628 = FILL_AREA_STYLE_COLOUR ( '', #88 ) ;
#629 = EDGE_CURVE ( 'NONE', #193, #266, #1142, .T. ) ;
#630 = AXIS2_PLACEMENT_3D ( 'NONE', #339, #1186, #466 ) ;
#631 = ORIENTED_EDGE ( 'NONE', *, *, #1520, .T. ) ;
#632 = CARTESIAN_POINT ( 'NONE',  ( -0.8000000000000020400, 0.5000000000000000000, 0.3999999999999998000 ) ) ;
#633 =( NAMED_UNIT ( * ) SI_UNIT ( $, .STERADIAN. ) SOLID_ANGLE_UNIT ( ) );
#634 = EDGE_CURVE ( 'NONE', #997, #1503, #222, .T. ) ;
#635 = VERTEX_POINT ( 'NONE', #1213 ) ;
#636 = CIRCLE ( 'NONE', #630, 0.05000000000000002400 ) ;
#637 = DIRECTION ( 'NONE',  ( 0.0000000000000000000, -1.000000000000000000, 0.0000000000000000000 ) ) ;
#638 = VERTEX_POINT ( 'NONE', #1459 ) ;
#639 = PLANE ( 'NONE',  #92 ) ;
#640 = CARTESIAN_POINT ( 'NONE',  ( 0.4487850755478973200, 1.099999999999999900, -0.4000000000000002400 ) ) ;
#641 = SURFACE_STYLE_FILL_AREA ( #1246 ) ;
#642 = CARTESIAN_POINT ( 'NONE',  ( 0.8099999999999986100, 0.0000000000000000000, 0.3999999999999995800 ) ) ;
#643 = EDGE_LOOP ( 'NONE', ( #1238, #292, #1232, #966 ) ) ;
#644 = PRESENTATION_STYLE_ASSIGNMENT (( #447 ) ) ;
#645 = VECTOR ( 'NONE', #1002, 1000.000000000000000 ) ;
#646 = DIRECTION ( 'NONE',  ( 1.000000000000000000, -0.0000000000000000000, -0.0000000000000000000 ) ) ;
#647 = FILL_AREA_STYLE_COLOUR ( '', #360 ) ;
#648 = DIRECTION ( 'NONE',  ( -0.0000000000000000000, 1.000000000000000000, -0.0000000000000000000 ) ) ;
#649 = DIRECTION ( 'NONE',  ( 1.000000000000000000, 0.0000000000000000000, 0.0000000000000000000 ) ) ;
#650 = DIRECTION ( 'NONE',  ( 0.0000000000000000000, 1.000000000000000000, 0.0000000000000000000 ) ) ;
#651 = EDGE_CURVE ( 'NONE', #699, #244, #1068, .T. ) ;
#652 = CARTESIAN_POINT ( 'NONE',  ( 0.3647676811798814500, 0.6199999999999998800, -0.1214437958332551700 ) ) ;
#653 = STYLED_ITEM ( 'NONE', ( #705 ), #240 ) ;
#654 = ORIENTED_EDGE ( 'NONE', *, *, #204, .F. ) ;
#655 = AXIS2_PLACEMENT_3D ( 'NONE', #291, #70, #911 ) ;
#656 = DIRECTION ( 'NONE',  ( -1.000000000000000000, 0.0000000000000000000, 0.0000000000000000000 ) ) ;
#657 =( LENGTH_UNIT ( ) NAMED_UNIT ( * ) SI_UNIT ( .MILLI., .METRE. ) );
#658 = VECTOR ( 'NONE', #1313, 1000.000000000000000 ) ;
#659 = ORIENTED_EDGE ( 'NONE', *, *, #153, .T. ) ;
#660 = FILL_AREA_STYLE_COLOUR ( '', #1501 ) ;
#661 = DIRECTION ( 'NONE',  ( -0.0000000000000000000, -1.000000000000000000, -0.0000000000000000000 ) ) ;
#662 = DIRECTION ( 'NONE',  ( 0.0000000000000000000, 0.0000000000000000000, -1.000000000000000000 ) ) ;
#663 = ORIENTED_EDGE ( 'NONE', *, *, #890, .F. ) ;
#664 = PLANE ( 'NONE',  #977 ) ;
#665 = CARTESIAN_POINT ( 'NONE',  ( 0.5487850755478973500, 0.5100000000000000100, 0.3999999999999995800 ) ) ;
#666 = EDGE_CURVE ( 'NONE', #686, #1020, #148, .T. ) ;
#667 =( GEOMETRIC_REPRESENTATION_CONTEXT ( 3 ) GLOBAL_UNCERTAINTY_ASSIGNED_CONTEXT ( ( #1453 ) ) GLOBAL_UNIT_ASSIGNED_CONTEXT ( ( #512, #1349, #633 ) ) REPRESENTATION_CONTEXT ( 'NONE', 'WORKASPACE' ) );
#668 = ORIENTED_EDGE ( 'NONE', *, *, #856, .F. ) ;
#669 = CARTESIAN_POINT ( 'NONE',  ( 0.8099999999999986100, 0.5100000000000000100, 0.3999999999999995800 ) ) ;
#670 = CARTESIAN_POINT ( 'NONE',  ( 0.1140688468869015800, 0.6200000000000000000, 0.1338702027044479700 ) ) ;
#671 = CARTESIAN_POINT ( 'NONE',  ( -0.8100000000000021600, 0.0000000000000000000, -0.4000000000000002400 ) ) ;
#672 = VECTOR ( 'NONE', #1197, 1000.000000000000000 ) ;
#673 = ORIENTED_EDGE ( 'NONE', *, *, #629, .T. ) ;
#674 = CARTESIAN_POINT ( 'NONE',  ( 0.3771940880510741300, 0.5899999999999999700, 0.1338702027044479700 ) ) ;
#675 = ADVANCED_BREP_SHAPE_REPRESENTATION ( 'User Library-led0603_RED', ( #529, #401, #1243, #697, #975, #1024, #1525, #1214 ), #1231 ) ;
#676 = AXIS2_PLACEMENT_3D ( 'NONE', #218, #1410, #709 ) ;
#677 = PRESENTATION_STYLE_ASSIGNMENT (( #714 ) ) ;
#678 = ORIENTED_EDGE ( 'NONE', *, *, #1090, .T. ) ;
#679 = VECTOR ( 'NONE', #84, 1000.000000000000000 ) ;
#680 = CARTESIAN_POINT ( 'NONE',  ( -0.8100000000000021600, 0.5100000000000000100, -0.4000000000000002400 ) ) ;
#681 = CARTESIAN_POINT ( 'NONE',  ( -0.8000000000000020400, 0.5000000000000000000, 0.3999999999999998000 ) ) ;
#682 =( NAMED_UNIT ( * ) SI_UNIT ( $, .STERADIAN. ) SOLID_ANGLE_UNIT ( ) );
#683 = VECTOR ( 'NONE', #390, 1000.000000000000000 ) ;
#684 = CARTESIAN_POINT ( 'NONE',  ( 0.1140688468869015100, 0.6075735931288071000, 0.1338702027044480200 ) ) ;
#685 = EDGE_CURVE ( 'NONE', #213, #727, #418, .T. ) ;
#686 = VERTEX_POINT ( 'NONE', #1343 ) ;
#687 =( GEOMETRIC_REPRESENTATION_CONTEXT ( 3 ) GLOBAL_UNCERTAINTY_ASSIGNED_CONTEXT ( ( #133 ) ) GLOBAL_UNIT_ASSIGNED_CONTEXT ( ( #362, #1206, #490 ) ) REPRESENTATION_CONTEXT ( 'NONE', 'WORKASPACE' ) );
#688 = DIRECTION ( 'NONE',  ( 1.000000000000000000, 0.0000000000000000000, 0.0000000000000000000 ) ) ;
#689 = LINE ( 'NONE', #1473, #349 ) ;
#690 = LINE ( 'NONE', #762, #1170 ) ;
#691 = EDGE_CURVE ( 'NONE', #861, #623, #1037, .T. ) ;
#692 =( LENGTH_UNIT ( ) NAMED_UNIT ( * ) SI_UNIT ( .MILLI., .METRE. ) );
#693 = PLANE ( 'NONE',  #1448 ) ;
#694 = CARTESIAN_POINT ( 'NONE',  ( -0.8000000000000020400, 0.5000000000000000000, -0.4000000000000002400 ) ) ;
#695 = ORIENTED_EDGE ( 'NONE', *, *, #1266, .T. ) ;
#696 = EDGE_CURVE ( 'NONE', #789, #1140, #1344, .T. ) ;
#697 = MANIFOLD_SOLID_BREP ( 'Dodanie-wyciagniecie6[1]', #773 ) ;
#698 = VECTOR ( 'NONE', #1318, 1000.000000000000000 ) ;
#699 = VERTEX_POINT ( 'NONE', #994 ) ;
#700 = SURFACE_STYLE_FILL_AREA ( #181 ) ;
#701 = CARTESIAN_POINT ( 'NONE',  ( 0.5487850755478973500, 0.5100000000000000100, 0.3999999999999995800 ) ) ;
#702 = CARTESIAN_POINT ( 'NONE',  ( -0.8100000000000021600, 0.5100000000000000100, 0.3999999999999998000 ) ) ;
#703 = DIRECTION ( 'NONE',  ( -1.000000000000000000, 0.0000000000000000000, 1.355252715606880000E-016 ) ) ;
#704 = VERTEX_POINT ( 'NONE', #44 ) ;
#705 = PRESENTATION_STYLE_ASSIGNMENT (( #319 ) ) ;
#706 = CARTESIAN_POINT ( 'NONE',  ( 0.5487850755478973500, 0.5100000000000000100, -0.4000000000000002400 ) ) ;
#707 = ORIENTED_EDGE ( 'NONE', *, *, #80, .F. ) ;
#708 = PRESENTATION_STYLE_ASSIGNMENT (( #1392 ) ) ;
#709 = DIRECTION ( 'NONE',  ( 0.0000000000000000000, 0.0000000000000000000, 1.000000000000000000 ) ) ;
#710 = AXIS2_PLACEMENT_3D ( 'NONE', #1296, #835, #111 ) ;
#711 = AXIS2_PLACEMENT_3D ( 'NONE', #640, #768, #56 ) ;
#712 = LINE ( 'NONE', #480, #1298 ) ;
#713 = DIRECTION ( 'NONE',  ( 1.000000000000000000, -0.0000000000000000000, -1.355252715606880000E-016 ) ) ;
#714 = SURFACE_STYLE_USAGE ( .BOTH. , #1413 ) ;
#715 = SURFACE_STYLE_USAGE ( .BOTH. , #1417 ) ;
#716 = VERTEX_POINT ( 'NONE', #1464 ) ;
#717 = CARTESIAN_POINT ( 'NONE',  ( 0.1140688468869015800, 0.5899999999999999700, 0.1338702027044479700 ) ) ;
#718 = VECTOR ( 'NONE', #40, 1000.000000000000000 ) ;
#719 = EDGE_CURVE ( 'NONE', #356, #342, #379, .T. ) ;
#720 = AXIS2_PLACEMENT_3D ( 'NONE', #201, #1385, #310 ) ;
#721 = FACE_OUTER_BOUND ( 'NONE', #1043, .T. ) ;
#722 =( LENGTH_UNIT ( ) NAMED_UNIT ( * ) SI_UNIT ( .MILLI., .METRE. ) );
#723 = DIRECTION ( 'NONE',  ( -1.000000000000000000, 0.0000000000000000000, 1.016439536705160000E-016 ) ) ;
#724 = EDGE_CURVE ( 'NONE', #1465, #952, #1253, .T. ) ;
#725 = FACE_OUTER_BOUND ( 'NONE', #1368, .T. ) ;
#726 = CARTESIAN_POINT ( 'NONE',  ( 0.8099999999999986100, 0.5100000000000000100, 0.3999999999999995800 ) ) ;
#727 = VERTEX_POINT ( 'NONE', #172 ) ;
#728 = LINE ( 'NONE', #506, #846 ) ;
#729 = ADVANCED_FACE ( 'NONE', ( #28 ), #1242, .F. ) ;
#730 = CARTESIAN_POINT ( 'NONE',  ( -0.8000000000000020400, 0.0000000000000000000, 0.3999999999999998000 ) ) ;
#731 = ORIENTED_EDGE ( 'NONE', *, *, #1376, .F. ) ;
#732 = PLANE ( 'NONE',  #276 ) ;
#733 = PLANE ( 'NONE',  #103 ) ;
#734 = ADVANCED_FACE ( 'NONE', ( #1536 ), #178, .F. ) ;
#735 = EDGE_LOOP ( 'NONE', ( #678, #482, #1065, #1257 ) ) ;
#736 = AXIS2_PLACEMENT_3D ( 'NONE', #908, #183, #1021 ) ;
#737 = STYLED_ITEM ( 'NONE', ( #109 ), #1208 ) ;
#738 = CARTESIAN_POINT ( 'NONE',  ( 0.7999999999999986000, 0.5000000000000000000, -0.4000000000000004100 ) ) ;
#739 = EDGE_LOOP ( 'NONE', ( #495, #1026, #1143, #1012 ) ) ;
#740 = VECTOR ( 'NONE', #1029, 1000.000000000000000 ) ;
#741 = EDGE_LOOP ( 'NONE', ( #211, #146, #668, #795 ) ) ;
#742 = ADVANCED_FACE ( 'NONE', ( #916 ), #904, .F. ) ;
#743 = FACE_OUTER_BOUND ( 'NONE', #1463, .T. ) ;
#744 = CARTESIAN_POINT ( 'NONE',  ( 0.1140688468869015800, 0.5899999999999999700, -0.1338702027044479700 ) ) ;
#745 = UNCERTAINTY_MEASURE_WITH_UNIT (LENGTH_MEASURE( 1.000000000000000100E-005 ), #1291, 'distance_accuracy_value', 'NONE');
#746 = VECTOR ( 'NONE', #661, 1000.000000000000000 ) ;
#747 = EDGE_CURVE ( 'NONE', #567, #469, #260, .T. ) ;
#748 = LINE ( 'NONE', #605, #371 ) ;
#749 = SURFACE_SIDE_STYLE ('',( #413 ) ) ;
#750 = DIRECTION ( 'NONE',  ( 0.0000000000000000000, 0.0000000000000000000, -1.000000000000000000 ) ) ;
#751 = ORIENTED_EDGE ( 'NONE', *, *, #1090, .F. ) ;
#752 = ADVANCED_FACE ( 'NONE', ( #585 ), #185, .F. ) ;
#753 = VECTOR ( 'NONE', #750, 1000.000000000000000 ) ;
#754 = CYLINDRICAL_SURFACE ( 'NONE', #759, 0.05000000000000002400 ) ;
#755 = FILL_AREA_STYLE_COLOUR ( '', #1302 ) ;
#756 = VECTOR ( 'NONE', #302, 1000.000000000000000 ) ;
#757 = DIRECTION ( 'NONE',  ( 1.000000000000000000, -0.0000000000000000000, 0.0000000000000000000 ) ) ;
#758 = PRESENTATION_LAYER_ASSIGNMENT (  '', '', ( #337 ) ) ;
#759 = AXIS2_PLACEMENT_3D ( 'NONE', #1284, #1402, #442 ) ;
#760 = CARTESIAN_POINT ( 'NONE',  ( -0.8000000000000020400, 0.5100000000000000100, 0.3999999999999998000 ) ) ;
#761 = LINE ( 'NONE', #760, #1382 ) ;
#762 = CARTESIAN_POINT ( 'NONE',  ( -0.8000000000000020400, 0.5000000000000000000, 0.3999999999999998000 ) ) ;
#763 = VERTEX_POINT ( 'NONE', #1492 ) ;
#764 = DIRECTION ( 'NONE',  ( 0.1643989873053541000, 0.9863939238321443000, 0.0000000000000000000 ) ) ;
#765 = DIRECTION ( 'NONE',  ( -1.000000000000000000, 0.0000000000000000000, 0.0000000000000000000 ) ) ;
#766 = DIRECTION ( 'NONE',  ( -1.000000000000000000, 0.0000000000000000000, -0.0000000000000000000 ) ) ;
#767 = EDGE_CURVE ( 'NONE', #342, #1465, #1380, .T. ) ;
#768 = DIRECTION ( 'NONE',  ( 0.9863939238321443000, 0.1643989873053541000, 0.0000000000000000000 ) ) ;
#769 = CARTESIAN_POINT ( 'NONE',  ( 0.7999999999999986000, 0.5000000000000000000, -0.4000000000000004100 ) ) ;
#770 = EDGE_LOOP ( 'NONE', ( #1452, #1193, #388, #1148 ) ) ;
#771 = EDGE_CURVE ( 'NONE', #1381, #909, #1070, .T. ) ;
#772 = PLANE ( 'NONE',  #269 ) ;
#773 = CLOSED_SHELL ( 'NONE', ( #1220, #1337, #1329, #608, #32, #248 ) ) ;
#774 = DIRECTION ( 'NONE',  ( 0.0000000000000000000, 0.0000000000000000000, 1.000000000000000000 ) ) ;
#775 = DIRECTION ( 'NONE',  ( 0.0000000000000000000, 0.0000000000000000000, -1.000000000000000000 ) ) ;
#776 = DIRECTION ( 'NONE',  ( 0.0000000000000000000, -0.0000000000000000000, 1.000000000000000000 ) ) ;
#777 = EDGE_CURVE ( 'NONE', #763, #830, #156, .T. ) ;
#778 = ORIENTED_EDGE ( 'NONE', *, *, #430, .F. ) ;
#779 = DIRECTION ( 'NONE',  ( 1.000000000000000000, 0.0000000000000000000, 0.0000000000000000000 ) ) ;
#780 = LINE ( 'NONE', #1374, #135 ) ;
#781 =( NAMED_UNIT ( * ) SI_UNIT ( $, .STERADIAN. ) SOLID_ANGLE_UNIT ( ) );
#782 = VERTEX_POINT ( 'NONE', #671 ) ;
#783 = FACE_OUTER_BOUND ( 'NONE', #1180, .T. ) ;
#784 = PLANE ( 'NONE',  #655 ) ;
#785 = LINE ( 'NONE', #1361, #1372 ) ;
#786 = CARTESIAN_POINT ( 'NONE',  ( 0.3771940880510741300, 0.6200000000000000000, -0.1338702027044479700 ) ) ;
#787 = DIRECTION ( 'NONE',  ( 0.0000000000000000000, -0.0000000000000000000, 1.000000000000000000 ) ) ;
#788 = DIRECTION ( 'NONE',  ( -1.000000000000000000, 0.0000000000000000000, -0.0000000000000000000 ) ) ;
#789 = VERTEX_POINT ( 'NONE', #797 ) ;
#790 = STYLED_ITEM ( 'NONE', ( #479 ), #1329 ) ;
#791 = DIRECTION ( 'NONE',  ( -0.0000000000000000000, -0.0000000000000000000, 1.000000000000000000 ) ) ;
#792 = DIRECTION ( 'NONE',  ( -0.0000000000000000000, -1.000000000000000000, -0.0000000000000000000 ) ) ;
#793 = VECTOR ( 'NONE', #497, 1000.000000000000000 ) ;
#794 = PLANE ( 'NONE',  #1237 ) ;
#795 = ORIENTED_EDGE ( 'NONE', *, *, #492, .F. ) ;
#796 = LINE ( 'NONE', #94, #1458 ) ;
#797 = CARTESIAN_POINT ( 'NONE',  ( 0.1140688468869015800, 0.5000000000000000000, 0.1338702027044479700 ) ) ;
#798 = UNCERTAINTY_MEASURE_WITH_UNIT (LENGTH_MEASURE( 1.000000000000000100E-005 ), #1230, 'distance_accuracy_value', 'NONE');
#799 = ORIENTED_EDGE ( 'NONE', *, *, #1390, .T. ) ;
#800 = CARTESIAN_POINT ( 'NONE',  ( 0.5487850755478973500, 0.5000000000000000000, -0.4000000000000002400 ) ) ;
#801 = EDGE_CURVE ( 'NONE', #838, #518, #866, .T. ) ;
#802 = PRESENTATION_LAYER_ASSIGNMENT (  '', '', ( #559 ) ) ;
#803 = CLOSED_SHELL ( 'NONE', ( #1195, #729, #877, #361, #16, #987 ) ) ;
#804 = FACE_OUTER_BOUND ( 'NONE', #1391, .T. ) ;
#805 = VERTEX_POINT ( 'NONE', #79 ) ;
#806 = PRESENTATION_STYLE_ASSIGNMENT (( #384 ) ) ;
#807 = EDGE_CURVE ( 'NONE', #805, #223, #422, .T. ) ;
#808 = CARTESIAN_POINT ( 'NONE',  ( 0.1264952537580943900, 0.6199999999999998800, 0.1214437958332551700 ) ) ;
#809 = CARTESIAN_POINT ( 'NONE',  ( -0.8000000000000020400, 0.5100000000000000100, -0.4000000000000002400 ) ) ;
#810 = APPLICATION_CONTEXT ( 'automotive_design' ) ;
#811 = CARTESIAN_POINT ( 'NONE',  ( 0.1440688468869015800, 0.6200000000000000000, 0.1038702027044479700 ) ) ;
#812 = ORIENTED_EDGE ( 'NONE', *, *, #286, .F. ) ;
#813 = PRODUCT_CONTEXT ( 'NONE', #810, 'mechanical' ) ;
#814 = SURFACE_STYLE_FILL_AREA ( #203 ) ;
#815 = ORIENTED_EDGE ( 'NONE', *, *, #286, .T. ) ;
#816 = SURFACE_STYLE_FILL_AREA ( #175 ) ;
#817 =( NAMED_UNIT ( * ) SI_UNIT ( $, .STERADIAN. ) SOLID_ANGLE_UNIT ( ) );
#818 = ORIENTED_EDGE ( 'NONE', *, *, #561, .F. ) ;
#819 = DIRECTION ( 'NONE',  ( -0.0000000000000000000, -1.000000000000000000, -0.0000000000000000000 ) ) ;
#820 = PLANE ( 'NONE',  #597 ) ;
#821 = LINE ( 'NONE', #416, #1089 ) ;
#822 = DIRECTION ( 'NONE',  ( 0.0000000000000000000, -1.000000000000000000, 0.0000000000000000000 ) ) ;
#823 = ORIENTED_EDGE ( 'NONE', *, *, #958, .F. ) ;
#824 = AXIS2_PLACEMENT_3D ( 'NONE', #1494, #365, #1211 ) ;
#825 = LINE ( 'NONE', #598, #409 ) ;
#826 = DIRECTION ( 'NONE',  ( 0.0000000000000000000, -0.0000000000000000000, 1.000000000000000000 ) ) ;
#827 = CIRCLE ( 'NONE', #174, 0.05000000000000002400 ) ;
#828 = DIRECTION ( 'NONE',  ( 0.0000000000000000000, 0.0000000000000000000, 1.000000000000000000 ) ) ;
#829 = DIRECTION ( 'NONE',  ( 0.0000000000000000000, -1.000000000000000000, 0.0000000000000000000 ) ) ;
#830 = VERTEX_POINT ( 'NONE', #556 ) ;
#831 = EDGE_CURVE ( 'NONE', #931, #909, #383, .T. ) ;
#832 = VECTOR ( 'NONE', #860, 1000.000000000000000 ) ;
#833 = ORIENTED_EDGE ( 'NONE', *, *, #886, .F. ) ;
#834 = VECTOR ( 'NONE', #547, 1000.000000000000000 ) ;
#835 = DIRECTION ( 'NONE',  ( 0.0000000000000000000, -1.000000000000000000, 0.0000000000000000000 ) ) ;
#836 =( NAMED_UNIT ( * ) PLANE_ANGLE_UNIT ( ) SI_UNIT ( $, .RADIAN. ) );
#837 =( NAMED_UNIT ( * ) PLANE_ANGLE_UNIT ( ) SI_UNIT ( $, .RADIAN. ) );
#838 = VERTEX_POINT ( 'NONE', #674 ) ;
#839 = ORIENTED_EDGE ( 'NONE', *, *, #918, .T. ) ;
#840 = ORIENTED_EDGE ( 'NONE', *, *, #1249, .T. ) ;
#841 = PRESENTATION_STYLE_ASSIGNMENT (( #1226 ) ) ;
#842 = VERTEX_POINT ( 'NONE', #800 ) ;
#843 = MECHANICAL_DESIGN_GEOMETRIC_PRESENTATION_REPRESENTATION (  '', ( #337 ), #1073 ) ;
#844 =( NAMED_UNIT ( * ) SI_UNIT ( $, .STERADIAN. ) SOLID_ANGLE_UNIT ( ) );
#845 = AXIS2_PLACEMENT_3D ( 'NONE', #702, #1049, #217 ) ;
#846 = VECTOR ( 'NONE', #1467, 1000.000000000000000 ) ;
#847 = DIRECTION ( 'NONE',  ( 0.1643989873053541000, -0.9863939238321443000, -0.0000000000000000000 ) ) ;
#848 = ORIENTED_EDGE ( 'NONE', *, *, #202, .F. ) ;
#849 = ADVANCED_FACE ( 'NONE', ( #721 ), #926, .F. ) ;
#850 = EDGE_CURVE ( 'NONE', #638, #486, #341, .T. ) ;
#851 = VECTOR ( 'NONE', #1064, 1000.000000000000000 ) ;
#852 = VERTEX_POINT ( 'NONE', #681 ) ;
#853 = LINE ( 'NONE', #123, #1059 ) ;
#854 = CARTESIAN_POINT ( 'NONE',  ( 0.4557484173203525400, 1.058219949365267500, 0.4000000000000002400 ) ) ;
#855 = DIRECTION ( 'NONE',  ( -0.0000000000000000000, -0.0000000000000000000, 1.000000000000000000 ) ) ;
#856 = EDGE_CURVE ( 'NONE', #1087, #1293, #1269, .T. ) ;
#857 = ORIENTED_EDGE ( 'NONE', *, *, #350, .T. ) ;
#858 = ADVANCED_FACE ( 'NONE', ( #118 ), #308, .T. ) ;
#859 = SURFACE_SIDE_STYLE ('',( #335 ) ) ;
#860 = DIRECTION ( 'NONE',  ( -0.0000000000000000000, -1.000000000000000000, -0.0000000000000000000 ) ) ;
#861 = VERTEX_POINT ( 'NONE', #717 ) ;
#862 = VECTOR ( 'NONE', #713, 1000.000000000000000 ) ;
#863 = EDGE_CURVE ( 'NONE', #984, #895, #636, .T. ) ;
#864 = FACE_OUTER_BOUND ( 'NONE', #934, .T. ) ;
#865 = DIRECTION ( 'NONE',  ( -1.000000000000000000, 0.0000000000000000000, -0.0000000000000000000 ) ) ;
#866 =( BOUNDED_CURVE ( )  B_SPLINE_CURVE ( 3, ( #917, #1505, #1036, #304 ),
 .UNSPECIFIED., .F., .F. ) 
 B_SPLINE_CURVE_WITH_KNOTS ( ( 4, 4 ),
 ( 3.141592653589789600, 4.712388980384689700 ),
 .UNSPECIFIED. ) 
 CURVE ( )  GEOMETRIC_REPRESENTATION_ITEM ( )  RATIONAL_B_SPLINE_CURVE ( ( 1.000000000000000000, 0.8047378541243641600, 0.8047378541243641600, 1.000000000000000000 ) ) 
 REPRESENTATION_ITEM ( '' )  );
#867 = ADVANCED_FACE ( 'NONE', ( #46 ), #954, .F. ) ;
#868 = ORIENTED_EDGE ( 'NONE', *, *, #186, .F. ) ;
#869 = DIRECTION ( 'NONE',  ( 1.000000000000000000, 0.0000000000000000000, -0.0000000000000000000 ) ) ;
#870 = DIRECTION ( 'NONE',  ( 1.000000000000000000, 0.0000000000000000000, 0.0000000000000000000 ) ) ;
#871 = LINE ( 'NONE', #738, #832 ) ;
#872 = ORIENTED_EDGE ( 'NONE', *, *, #1062, .T. ) ;
#873 = VECTOR ( 'NONE', #791, 1000.000000000000000 ) ;
#874 =( LENGTH_UNIT ( ) NAMED_UNIT ( * ) SI_UNIT ( .MILLI., .METRE. ) );
#875 = AXIS2_PLACEMENT_3D ( 'NONE', #467, #119, #961 ) ;
#876 = AXIS2_PLACEMENT_3D ( 'NONE', #897, #1240, #528 ) ;
#877 = ADVANCED_FACE ( 'NONE', ( #525 ), #1307, .F. ) ;
#878 = ORIENTED_EDGE ( 'NONE', *, *, #988, .F. ) ;
#879 = DIRECTION ( 'NONE',  ( 1.000000000000000000, 0.0000000000000000000, 0.0000000000000000000 ) ) ;
#880 = FILL_AREA_STYLE_COLOUR ( '', #164 ) ;
#881 = PRESENTATION_STYLE_ASSIGNMENT (( #1000 ) ) ;
#882 = ORIENTED_EDGE ( 'NONE', *, *, #274, .T. ) ;
#883 = LINE ( 'NONE', #1388, #554 ) ;
#884 = CARTESIAN_POINT ( 'NONE',  ( 0.1140688468869015800, 0.5000000000000000000, 0.1338702027044479700 ) ) ;
#885 = SURFACE_SIDE_STYLE ('',( #351 ) ) ;
#886 = EDGE_CURVE ( 'NONE', #716, #331, #207, .T. ) ;
#887 = MECHANICAL_DESIGN_GEOMETRIC_PRESENTATION_REPRESENTATION (  '', ( #559 ), #959 ) ;
#888 = CARTESIAN_POINT ( 'NONE',  ( 0.8099999999999986100, 0.5100000000000000100, -0.4000000000000001300 ) ) ;
#889 = FILL_AREA_STYLE ('',( #521 ) ) ;
#890 = EDGE_CURVE ( 'NONE', #232, #1436, #853, .T. ) ;
#891 = CARTESIAN_POINT ( 'NONE',  ( 0.7999999999999986000, 0.5000000000000000000, 0.3999999999999995800 ) ) ;
#892 = DIRECTION ( 'NONE',  ( -1.000000000000000000, -0.0000000000000000000, -0.0000000000000000000 ) ) ;
#893 = CARTESIAN_POINT ( 'NONE',  ( 0.7999999999999986000, 0.0000000000000000000, -0.4000000000000004100 ) ) ;
#894 = LINE ( 'NONE', #949, #851 ) ;
#895 = VERTEX_POINT ( 'NONE', #9 ) ;
#896 = CARTESIAN_POINT ( 'NONE',  ( 0.8099999999999986100, 0.5100000000000000100, -0.4000000000000001300 ) ) ;
#897 = CARTESIAN_POINT ( 'NONE',  ( -0.8000000000000020400, 0.5000000000000000000, -0.4000000000000002400 ) ) ;
#898 = ORIENTED_EDGE ( 'NONE', *, *, #1018, .F. ) ;
#899 = CARTESIAN_POINT ( 'NONE',  ( -0.8000000000000020400, 0.0000000000000000000, -0.4000000000000002400 ) ) ;
#900 = DIRECTION ( 'NONE',  ( -0.1643989873053541000, 0.9863939238321443000, 0.0000000000000000000 ) ) ;
#901 = CARTESIAN_POINT ( 'NONE',  ( 0.3771940880510741300, 0.5899999999999999700, -0.1338702027044479700 ) ) ;
#902 = ORIENTED_EDGE ( 'NONE', *, *, #278, .T. ) ;
#903 = VECTOR ( 'NONE', #1229, 1000.000000000000000 ) ;
#904 = PLANE ( 'NONE',  #1217 ) ;
#905 = AXIS2_PLACEMENT_3D ( 'NONE', #1138, #407, #295 ) ;
#906 = PRESENTATION_LAYER_ASSIGNMENT (  '', '', ( #737 ) ) ;
#907 = DIRECTION ( 'NONE',  ( -0.0000000000000000000, -1.000000000000000000, -0.0000000000000000000 ) ) ;
#908 = CARTESIAN_POINT ( 'NONE',  ( 0.5487850755478973500, 0.5100000000000000100, -0.4000000000000002400 ) ) ;
#909 = VERTEX_POINT ( 'NONE', #1079 ) ;
#910 = DIRECTION ( 'NONE',  ( -1.000000000000000000, 0.0000000000000000000, 0.0000000000000000000 ) ) ;
#911 = DIRECTION ( 'NONE',  ( -1.000000000000000000, 0.0000000000000000000, -0.0000000000000000000 ) ) ;
#912 = EDGE_LOOP ( 'NONE', ( #455, #986, #1415, #1282 ) ) ;
#913 = LINE ( 'NONE', #300, #549 ) ;
#914 = DIRECTION ( 'NONE',  ( 0.0000000000000000000, 0.0000000000000000000, 1.000000000000000000 ) ) ;
#915 = CARTESIAN_POINT ( 'NONE',  ( 0.3771940880510741300, 0.5899999999999999700, -0.1338702027044479700 ) ) ;
#916 = FACE_OUTER_BOUND ( 'NONE', #962, .T. ) ;
#917 = CARTESIAN_POINT ( 'NONE',  ( 0.3771940880510741300, 0.5899999999999999700, 0.1338702027044479700 ) ) ;
#918 = EDGE_CURVE ( 'NONE', #1524, #342, #1335, .T. ) ;
#919 = AXIS2_PLACEMENT_3D ( 'NONE', #533, #1487, #776 ) ;
#920 = UNCERTAINTY_MEASURE_WITH_UNIT (LENGTH_MEASURE( 1.000000000000000100E-005 ), #1225, 'distance_accuracy_value', 'NONE');
#921 = ORIENTED_EDGE ( 'NONE', *, *, #534, .T. ) ;
#922 = EDGE_LOOP ( 'NONE', ( #338, #1328, #277, #121 ) ) ;
#923 = DIRECTION ( 'NONE',  ( -1.000000000000000000, 0.0000000000000000000, 0.0000000000000000000 ) ) ;
#924 = CARTESIAN_POINT ( 'NONE',  ( -0.8000000000000020400, 0.5000000000000000000, 0.3999999999999998000 ) ) ;
#925 = SURFACE_STYLE_FILL_AREA ( #267 ) ;
#926 = PLANE ( 'NONE',  #464 ) ;
#927 = STYLED_ITEM ( 'NONE', ( #677 ), #1525 ) ;
#928 = DIRECTION ( 'NONE',  ( 0.0000000000000000000, -1.000000000000000000, 0.0000000000000000000 ) ) ;
#929 = CARTESIAN_POINT ( 'NONE',  ( -0.4557484173203525400, 1.058219949365267500, -0.4000000000000002400 ) ) ;
#930 = EDGE_LOOP ( 'NONE', ( #950, #51, #1247, #823 ) ) ;
#931 = VERTEX_POINT ( 'NONE', #473 ) ;
#932 = AXIS2_PLACEMENT_3D ( 'NONE', #619, #29, #869 ) ;
#933 = APPLICATION_PROTOCOL_DEFINITION ( 'draft international standard', 'automotive_design', 1998, #89 ) ;
#934 = EDGE_LOOP ( 'NONE', ( #976, #536, #324, #157 ) ) ;
#935 = FACE_OUTER_BOUND ( 'NONE', #168, .T. ) ;
#936 = EDGE_CURVE ( 'NONE', #635, #321, #748, .T. ) ;
#937 = DIRECTION ( 'NONE',  ( -0.0000000000000000000, -1.000000000000000000, -0.0000000000000000000 ) ) ;
#938 = CARTESIAN_POINT ( 'NONE',  ( 0.7999999999999986000, 0.0000000000000000000, -0.4000000000000001300 ) ) ;
#939 = DIRECTION ( 'NONE',  ( 0.0000000000000000000, 1.000000000000000000, 0.0000000000000000000 ) ) ;
#940 = EDGE_CURVE ( 'NONE', #635, #638, #415, .T. ) ;
#941 = CARTESIAN_POINT ( 'NONE',  ( 0.7999999999999986000, 0.5100000000000000100, 0.3999999999999995800 ) ) ;
#942 = ORIENTED_EDGE ( 'NONE', *, *, #53, .F. ) ;
#943 = FILL_AREA_STYLE_COLOUR ( '', #969 ) ;
#944 = DIRECTION ( 'NONE',  ( -0.0000000000000000000, -0.0000000000000000000, 1.000000000000000000 ) ) ;
#945 = ORIENTED_EDGE ( 'NONE', *, *, #1356, .F. ) ;
#946 = VECTOR ( 'NONE', #285, 1000.000000000000000 ) ;
#947 = ORIENTED_EDGE ( 'NONE', *, *, #747, .F. ) ;
#948 = CARTESIAN_POINT ( 'NONE',  ( -0.5487850755478973500, 1.099999999999999900, -0.4000000000000002400 ) ) ;
#949 = CARTESIAN_POINT ( 'NONE',  ( 0.8099999999999986100, 0.0000000000000000000, -0.4000000000000001300 ) ) ;
#950 = ORIENTED_EDGE ( 'NONE', *, *, #1146, .T. ) ;
#951 = PRESENTATION_LAYER_ASSIGNMENT (  '', '', ( #790 ) ) ;
#952 = VERTEX_POINT ( 'NONE', #854 ) ;
#953 = CARTESIAN_POINT ( 'NONE',  ( 0.7999999999999986000, 0.5100000000000000100, -0.4000000000000002400 ) ) ;
#954 = PLANE ( 'NONE',  #1189 ) ;
#955 = UNCERTAINTY_MEASURE_WITH_UNIT (LENGTH_MEASURE( 1.000000000000000100E-005 ), #221, 'distance_accuracy_value', 'NONE');
#956 = CARTESIAN_POINT ( 'NONE',  ( 0.3471940880510741600, 0.6200000000000000000, -0.1338702027044479700 ) ) ;
#957 = ORIENTED_EDGE ( 'NONE', *, *, #1171, .F. ) ;
#958 = EDGE_CURVE ( 'NONE', #171, #838, #990, .T. ) ;
#959 =( GEOMETRIC_REPRESENTATION_CONTEXT ( 3 ) GLOBAL_UNCERTAINTY_ASSIGNED_CONTEXT ( ( #1134 ) ) GLOBAL_UNIT_ASSIGNED_CONTEXT ( ( #722, #6, #844 ) ) REPRESENTATION_CONTEXT ( 'NONE', 'WORKASPACE' ) );
#960 = CARTESIAN_POINT ( 'NONE',  ( 0.5487850755478973500, 0.5000000000000000000, 0.3999999999999995800 ) ) ;
#961 = DIRECTION ( 'NONE',  ( 0.0000000000000000000, -0.0000000000000000000, -1.000000000000000000 ) ) ;
#962 = EDGE_LOOP ( 'NONE', ( #840, #246, #367, #1411, #857, #631 ) ) ;
#963 = COLOUR_RGB ( '',1.000000000000000000, 0.7019607843137254400, 0.0000000000000000000 ) ;
#964 = EDGE_CURVE ( 'NONE', #623, #171, #712, .T. ) ;
#965 = ADVANCED_FACE ( 'NONE', ( #76 ), #732, .F. ) ;
#966 = ORIENTED_EDGE ( 'NONE', *, *, #526, .F. ) ;
#967 = VECTOR ( 'NONE', #1131, 1000.000000000000000 ) ;
#968 = ORIENTED_EDGE ( 'NONE', *, *, #807, .F. ) ;
#969 = COLOUR_RGB ( '',1.000000000000000000, 0.7019607843137254400, 0.0000000000000000000 ) ;
#970 = FACE_OUTER_BOUND ( 'NONE', #98, .T. ) ;
#971 = DIRECTION ( 'NONE',  ( -1.000000000000000000, -0.0000000000000000000, -0.0000000000000000000 ) ) ;
#972 = ADVANCED_FACE ( 'NONE', ( #234 ), #23, .F. ) ;
#973 =( LENGTH_UNIT ( ) NAMED_UNIT ( * ) SI_UNIT ( .MILLI., .METRE. ) );
#974 = SURFACE_SIDE_STYLE ('',( #1285 ) ) ;
#975 = MANIFOLD_SOLID_BREP ( 'Dodanie-wyciagniecie6[2]', #1468 ) ;
#976 = ORIENTED_EDGE ( 'NONE', *, *, #863, .F. ) ;
#977 = AXIS2_PLACEMENT_3D ( 'NONE', #1483, #1252, #787 ) ;
#978 = PRESENTATION_STYLE_ASSIGNMENT (( #250 ) ) ;
#979 = MECHANICAL_DESIGN_GEOMETRIC_PRESENTATION_REPRESENTATION (  '', ( #737 ), #1052 ) ;
#980 = ADVANCED_FACE ( 'NONE', ( #560 ), #615, .F. ) ;
#981 = VERTEX_POINT ( 'NONE', #1450 ) ;
#982 = FILL_AREA_STYLE ('',( #1433 ) ) ;
#983 = DIRECTION ( 'NONE',  ( -0.0000000000000000000, -0.0000000000000000000, 1.000000000000000000 ) ) ;
#984 = VERTEX_POINT ( 'NONE', #929 ) ;
#985 = CARTESIAN_POINT ( 'NONE',  ( 0.5487850755478973500, 0.5100000000000000100, 0.3999999999999995800 ) ) ;
#986 = ORIENTED_EDGE ( 'NONE', *, *, #1520, .F. ) ;
#987 = ADVANCED_FACE ( 'NONE', ( #1471 ), #136, .F. ) ;
#988 = EDGE_CURVE ( 'NONE', #1503, #727, #1045, .T. ) ;
#989 =( NAMED_UNIT ( * ) SI_UNIT ( $, .STERADIAN. ) SOLID_ANGLE_UNIT ( ) );
#990 = LINE ( 'NONE', #242, #672 ) ;
#991 = DIRECTION ( 'NONE',  ( 1.000000000000000000, 0.0000000000000000000, 0.0000000000000000000 ) ) ;
#992 = PLANE ( 'NONE',  #220 ) ;
#993 = EDGE_LOOP ( 'NONE', ( #296, #475, #55, #1084 ) ) ;
#994 = CARTESIAN_POINT ( 'NONE',  ( -0.8000000000000020400, 0.5100000000000000100, 0.3999999999999998000 ) ) ;
#995 = SURFACE_STYLE_FILL_AREA ( #588 ) ;
#996 =( LENGTH_UNIT ( ) NAMED_UNIT ( * ) SI_UNIT ( .MILLI., .METRE. ) );
#997 = VERTEX_POINT ( 'NONE', #265 ) ;
#998 = VECTOR ( 'NONE', #197, 1000.000000000000000 ) ;
#999 = PRESENTATION_LAYER_ASSIGNMENT (  '', '', ( #927 ) ) ;
#1000 = SURFACE_STYLE_USAGE ( .BOTH. , #163 ) ;
#1001 = DIRECTION ( 'NONE',  ( 1.000000000000000000, 0.0000000000000000000, 0.0000000000000000000 ) ) ;
#1002 = DIRECTION ( 'NONE',  ( -1.000000000000000000, -0.0000000000000000000, -0.0000000000000000000 ) ) ;
#1003 = LINE ( 'NONE', #522, #683 ) ;
#1004 = DIRECTION ( 'NONE',  ( -0.0000000000000000000, -0.0000000000000000000, 1.000000000000000000 ) ) ;
#1005 = VECTOR ( 'NONE', #1123, 1000.000000000000000 ) ;
#1006 = CARTESIAN_POINT ( 'NONE',  ( 0.1440688468869015800, 0.6200000000000000000, -0.1338702027044479700 ) ) ;
#1007 = LINE ( 'NONE', #1472, #251 ) ;
#1008 = STYLED_ITEM ( 'NONE', ( #60 ), #1024 ) ;
#1009 = CARTESIAN_POINT ( 'NONE',  ( 0.7999999999999986000, 0.0000000000000000000, 0.3999999999999995800 ) ) ;
#1010 = CARTESIAN_POINT ( 'NONE',  ( -0.4487850755478973200, 1.099999999999999900, 0.4000000000000002400 ) ) ;
#1011 = CARTESIAN_POINT ( 'NONE',  ( 0.3771940880510741300, 0.5000000000000000000, 0.1338702027044479700 ) ) ;
#1012 = ORIENTED_EDGE ( 'NONE', *, *, #26, .T. ) ;
#1013 = SURFACE_SIDE_STYLE ('',( #816 ) ) ;
#1014 = VECTOR ( 'NONE', #855, 1000.000000000000000 ) ;
#1015 = ORIENTED_EDGE ( 'NONE', *, *, #651, .T. ) ;
#1016 = PRESENTATION_STYLE_ASSIGNMENT (( #293 ) ) ;
#1017 = CARTESIAN_POINT ( 'NONE',  ( 0.5487850755478973500, 1.099999999999999900, -0.4000000000000002400 ) ) ;
#1018 = EDGE_CURVE ( 'NONE', #686, #91, #728, .T. ) ;
#1019 = SURFACE_SIDE_STYLE ('',( #700 ) ) ;
#1020 = VERTEX_POINT ( 'NONE', #1346 ) ;
#1021 = DIRECTION ( 'NONE',  ( 1.000000000000000000, 0.0000000000000000000, -0.0000000000000000000 ) ) ;
#1022 = FACE_OUTER_BOUND ( 'NONE', #1522, .T. ) ;
#1023 = FILL_AREA_STYLE ('',( #660 ) ) ;
#1024 = MANIFOLD_SOLID_BREP ( 'Dodanie-wyciagniecie7', #1164 ) ;
#1025 = PLANE ( 'NONE',  #824 ) ;
#1026 = ORIENTED_EDGE ( 'NONE', *, *, #771, .F. ) ;
#1027 = CARTESIAN_POINT ( 'NONE',  ( 0.1140688468869015800, 0.5000000000000000000, -0.1338702027044479700 ) ) ;
#1028 = FACE_OUTER_BOUND ( 'NONE', #1204, .T. ) ;
#1029 = DIRECTION ( 'NONE',  ( -0.0000000000000000000, -1.000000000000000000, -0.0000000000000000000 ) ) ;
#1030 = COLOUR_RGB ( '',1.000000000000000000, 0.7019607843137254400, 0.0000000000000000000 ) ;
#1031 = VECTOR ( 'NONE', #1312, 1000.000000000000000 ) ;
#1032 = AXIS2_PLACEMENT_3D ( 'NONE', #1078, #601, #1431 ) ;
#1033 = MECHANICAL_DESIGN_GEOMETRIC_PRESENTATION_REPRESENTATION (  '', ( #790 ), #1101 ) ;
#1034 = ORIENTED_EDGE ( 'NONE', *, *, #61, .T. ) ;
#1035 = CARTESIAN_POINT ( 'NONE',  ( 0.7999999999999986000, 0.0000000000000000000, 0.3999999999999995800 ) ) ;
#1036 = CARTESIAN_POINT ( 'NONE',  ( 0.3647676811798814500, 0.6199999999999998800, 0.1214437958332551700 ) ) ;
#1037 = LINE ( 'NONE', #1221, #718 ) ;
#1038 = COLOUR_RGB ( '',1.000000000000000000, 0.7019607843137254400, 0.0000000000000000000 ) ;
#1039 = EDGE_CURVE ( 'NONE', #1127, #213, #1315, .T. ) ;
#1040 = VECTOR ( 'NONE', #765, 1000.000000000000000 ) ;
#1041 = EDGE_CURVE ( 'NONE', #763, #699, #1007, .T. ) ;
#1042 = FILL_AREA_STYLE_COLOUR ( '', #332 ) ;
#1043 = EDGE_LOOP ( 'NONE', ( #105, #219, #898, #230 ) ) ;
#1044 = SURFACE_SIDE_STYLE ('',( #814 ) ) ;
#1045 = LINE ( 'NONE', #375, #391 ) ;
#1046 = EDGE_LOOP ( 'NONE', ( #1124, #31, #1510, #1383 ) ) ;
#1047 = ORIENTED_EDGE ( 'NONE', *, *, #1018, .T. ) ;
#1048 = SURFACE_SIDE_STYLE ('',( #406 ) ) ;
#1049 = DIRECTION ( 'NONE',  ( 0.0000000000000000000, -1.000000000000000000, -0.0000000000000000000 ) ) ;
#1050 = ORIENTED_EDGE ( 'NONE', *, *, #1116, .T. ) ;
#1051 = PRESENTATION_LAYER_ASSIGNMENT (  '', '', ( #653 ) ) ;
#1052 =( GEOMETRIC_REPRESENTATION_CONTEXT ( 3 ) GLOBAL_UNCERTAINTY_ASSIGNED_CONTEXT ( ( #625 ) ) GLOBAL_UNIT_ASSIGNED_CONTEXT ( ( #874, #145, #989 ) ) REPRESENTATION_CONTEXT ( 'NONE', 'WORKASPACE' ) );
#1053 = COLOUR_RGB ( '',1.000000000000000000, 0.7019607843137254400, 0.0000000000000000000 ) ;
#1054 = CARTESIAN_POINT ( 'NONE',  ( -0.8000000000000020400, 0.5000000000000000000, 0.3999999999999998000 ) ) ;
#1055 = ORIENTED_EDGE ( 'NONE', *, *, #1113, .F. ) ;
#1056 = VECTOR ( 'NONE', #1187, 1000.000000000000000 ) ;
#1057 = CARTESIAN_POINT ( 'NONE',  ( -0.4064287211287452900, 1.099999999999999900, 0.4000000000000002400 ) ) ;
#1058 = FACE_OUTER_BOUND ( 'NONE', #770, .T. ) ;
#1059 = VECTOR ( 'NONE', #237, 1000.000000000000000 ) ;
#1060 = PLANE ( 'NONE',  #545 ) ;
#1061 = CARTESIAN_POINT ( 'NONE',  ( -0.4064287211287452900, 1.050000000000000000, 0.4000000000000002400 ) ) ;
#1062 = EDGE_CURVE ( 'NONE', #852, #548, #690, .T. ) ;
#1063 = AXIS2_PLACEMENT_3D ( 'NONE', #65, #650, #290 ) ;
#1064 = DIRECTION ( 'NONE',  ( -1.000000000000000000, -0.0000000000000000000, -0.0000000000000000000 ) ) ;
#1065 = ORIENTED_EDGE ( 'NONE', *, *, #326, .T. ) ;
#1066 = UNCERTAINTY_MEASURE_WITH_UNIT (LENGTH_MEASURE( 1.000000000000000100E-005 ), #1, 'distance_accuracy_value', 'NONE');
#1067 = CARTESIAN_POINT ( 'NONE',  ( -0.8100000000000021600, 0.0000000000000000000, 0.3999999999999998000 ) ) ;
#1068 = LINE ( 'NONE', #1097, #753 ) ;
#1069 = VECTOR ( 'NONE', #579, 1000.000000000000000 ) ;
#1070 = LINE ( 'NONE', #75, #462 ) ;
#1071 = ORIENTED_EDGE ( 'NONE', *, *, #1314, .T. ) ;
#1072 = CARTESIAN_POINT ( 'NONE',  ( -0.5487850755478973500, 0.5000000000000000000, -0.4000000000000002400 ) ) ;
#1073 =( GEOMETRIC_REPRESENTATION_CONTEXT ( 3 ) GLOBAL_UNCERTAINTY_ASSIGNED_CONTEXT ( ( #1066 ) ) GLOBAL_UNIT_ASSIGNED_CONTEXT ( ( #1, #837, #114 ) ) REPRESENTATION_CONTEXT ( 'NONE', 'WORKASPACE' ) );
#1074 = LINE ( 'NONE', #531, #52 ) ;
#1075 = DIRECTION ( 'NONE',  ( 0.0000000000000000000, -0.0000000000000000000, 1.000000000000000000 ) ) ;
#1076 = MECHANICAL_DESIGN_GEOMETRIC_PRESENTATION_REPRESENTATION (  '', ( #927 ), #1156 ) ;
#1077 = EDGE_LOOP ( 'NONE', ( #188, #707, #833, #695 ) ) ;
#1078 = CARTESIAN_POINT ( 'NONE',  ( 0.1140688468869015800, 0.6200000000000000000, 0.1338702027044479700 ) ) ;
#1079 = CARTESIAN_POINT ( 'NONE',  ( -0.8000000000000020400, 0.0000000000000000000, 0.3999999999999998000 ) ) ;
#1080 = AXIS2_PLACEMENT_3D ( 'NONE', #555, #649, #775 ) ;
#1081 = ORIENTED_EDGE ( 'NONE', *, *, #433, .F. ) ;
#1082 = AXIS2_PLACEMENT_3D ( 'NONE', #36, #879, #152 ) ;
#1083 = ADVANCED_FACE ( 'NONE', ( #864 ), #1446, .T. ) ;
#1084 = ORIENTED_EDGE ( 'NONE', *, *, #1191, .T. ) ;
#1085 =( NAMED_UNIT ( * ) SI_UNIT ( $, .STERADIAN. ) SOLID_ANGLE_UNIT ( ) );
#1086 =( LENGTH_UNIT ( ) NAMED_UNIT ( * ) SI_UNIT ( .MILLI., .METRE. ) );
#1087 = VERTEX_POINT ( 'NONE', #517 ) ;
#1088 = ADVANCED_FACE ( 'NONE', ( #539 ), #639, .F. ) ;
#1089 = VECTOR ( 'NONE', #1256, 1000.000000000000000 ) ;
#1090 = EDGE_CURVE ( 'NONE', #469, #617, #1136, .T. ) ;
#1091 = ORIENTED_EDGE ( 'NONE', *, *, #48, .F. ) ;
#1092 = VECTOR ( 'NONE', #1300, 1000.000000000000000 ) ;
#1093 = SURFACE_STYLE_USAGE ( .BOTH. , #252 ) ;
#1094 = PLANE ( 'NONE',  #256 ) ;
#1095 = LINE ( 'NONE', #541, #746 ) ;
#1096 = ADVANCED_FACE ( 'NONE', ( #574 ), #1121, .F. ) ;
#1097 = CARTESIAN_POINT ( 'NONE',  ( -0.8000000000000020400, 0.5100000000000000100, 0.3999999999999998000 ) ) ;
#1098 = ORIENTED_EDGE ( 'NONE', *, *, #1266, .F. ) ;
#1099 = PLANE ( 'NONE',  #1288 ) ;
#1100 = VECTOR ( 'NONE', #147, 1000.000000000000000 ) ;
#1101 =( GEOMETRIC_REPRESENTATION_CONTEXT ( 3 ) GLOBAL_UNCERTAINTY_ASSIGNED_CONTEXT ( ( #503 ) ) GLOBAL_UNIT_ASSIGNED_CONTEXT ( ( #1129, #399, #1245 ) ) REPRESENTATION_CONTEXT ( 'NONE', 'WORKASPACE' ) );
#1102 = VERTEX_POINT ( 'NONE', #896 ) ;
#1103 = FACE_OUTER_BOUND ( 'NONE', #577, .T. ) ;
#1104 = CARTESIAN_POINT ( 'NONE',  ( 0.7999999999999986000, 0.5000000000000000000, 0.3999999999999995800 ) ) ;
#1105 = DIRECTION ( 'NONE',  ( -0.0000000000000000000, -1.000000000000000000, -0.0000000000000000000 ) ) ;
#1106 = ORIENTED_EDGE ( 'NONE', *, *, #468, .F. ) ;
#1107 = SURFACE_SIDE_STYLE ('',( #925 ) ) ;
#1108 = ORIENTED_EDGE ( 'NONE', *, *, #964, .F. ) ;
#1109 = FILL_AREA_STYLE ('',( #755 ) ) ;
#1110 = ORIENTED_EDGE ( 'NONE', *, *, #519, .T. ) ;
#1111 = VECTOR ( 'NONE', #822, 1000.000000000000000 ) ;
#1112 =( NAMED_UNIT ( * ) SI_UNIT ( $, .STERADIAN. ) SOLID_ANGLE_UNIT ( ) );
#1113 = EDGE_CURVE ( 'NONE', #499, #626, #489, .T. ) ;
#1114 = SURFACE_SIDE_STYLE ('',( #471 ) ) ;
#1115 =( NAMED_UNIT ( * ) PLANE_ANGLE_UNIT ( ) SI_UNIT ( $, .RADIAN. ) );
#1116 = EDGE_CURVE ( 'NONE', #952, #626, #827, .T. ) ;
#1117 = PRODUCT_DEFINITION_CONTEXT ( 'detailed design', #89, 'design' ) ;
#1118 = CARTESIAN_POINT ( 'NONE',  ( -0.4064287211287452900, 1.050000000000000000, -0.4000000000000002400 ) ) ;
#1119 = CARTESIAN_POINT ( 'NONE',  ( 0.5487850755478973500, 1.099999999999999900, -0.4000000000000002400 ) ) ;
#1120 = ORIENTED_EDGE ( 'NONE', *, *, #1146, .F. ) ;
#1121 = PLANE ( 'NONE',  #247 ) ;
#1122 = PRESENTATION_STYLE_ASSIGNMENT (( #715 ) ) ;
#1123 = DIRECTION ( 'NONE',  ( -0.0000000000000000000, -0.0000000000000000000, 1.000000000000000000 ) ) ;
#1124 = ORIENTED_EDGE ( 'NONE', *, *, #1350, .F. ) ;
#1125 = VECTOR ( 'NONE', #389, 1000.000000000000000 ) ;
#1126 = CARTESIAN_POINT ( 'NONE',  ( 0.4487850755478973200, 1.099999999999999900, 0.4000000000000002400 ) ) ;
#1127 = VERTEX_POINT ( 'NONE', #891 ) ;
#1128 = DIRECTION ( 'NONE',  ( -0.0000000000000000000, -0.0000000000000000000, 1.000000000000000000 ) ) ;
#1129 =( LENGTH_UNIT ( ) NAMED_UNIT ( * ) SI_UNIT ( .MILLI., .METRE. ) );
#1130 = VECTOR ( 'NONE', #1497, 1000.000000000000000 ) ;
#1131 = DIRECTION ( 'NONE',  ( 0.0000000000000000000, 0.0000000000000000000, -1.000000000000000000 ) ) ;
#1132 = ORIENTED_EDGE ( 'NONE', *, *, #1314, .F. ) ;
#1133 = LINE ( 'NONE', #1067, #1443 ) ;
#1134 = UNCERTAINTY_MEASURE_WITH_UNIT (LENGTH_MEASURE( 1.000000000000000100E-005 ), #722, 'distance_accuracy_value', 'NONE');
#1135 = MECHANICAL_DESIGN_GEOMETRIC_PRESENTATION_REPRESENTATION (  '', ( #653 ), #1203 ) ;
#1136 = LINE ( 'NONE', #1006, #1489 ) ;
#1137 =( LENGTH_UNIT ( ) NAMED_UNIT ( * ) SI_UNIT ( .MILLI., .METRE. ) );
#1138 = CARTESIAN_POINT ( 'NONE',  ( 0.3471940880510741600, 0.5900000000000000800, -0.1338702027044479700 ) ) ;
#1139 = SURFACE_STYLE_USAGE ( .BOTH. , #297 ) ;
#1140 = VERTEX_POINT ( 'NONE', #1011 ) ;
#1141 = DIRECTION ( 'NONE',  ( -1.000000000000000000, -0.0000000000000000000, -0.0000000000000000000 ) ) ;
#1142 = LINE ( 'NONE', #985, #457 ) ;
#1143 = ORIENTED_EDGE ( 'NONE', *, *, #1216, .F. ) ;
#1144 = LINE ( 'NONE', #316, #191 ) ;
#1145 = CARTESIAN_POINT ( 'NONE',  ( -0.8100000000000021600, 0.5100000000000000100, 0.3999999999999998000 ) ) ;
#1146 = EDGE_CURVE ( 'NONE', #171, #567, #451, .T. ) ;
#1147 = STYLED_ITEM ( 'NONE', ( #1179 ), #752 ) ;
#1148 = ORIENTED_EDGE ( 'NONE', *, *, #209, .T. ) ;
#1149 = ORIENTED_EDGE ( 'NONE', *, *, #255, .T. ) ;
#1150 = VECTOR ( 'NONE', #439, 1000.000000000000000 ) ;
#1151 = ORIENTED_EDGE ( 'NONE', *, *, #696, .T. ) ;
#1152 = STYLED_ITEM ( 'NONE', ( #978 ), #608 ) ;
#1153 = CARTESIAN_POINT ( 'NONE',  ( 0.7999999999999986000, 0.5000000000000000000, 0.3999999999999995800 ) ) ;
#1154 = COLOUR_RGB ( '',1.000000000000000000, 1.000000000000000000, 1.000000000000000000 ) ;
#1155 = CARTESIAN_POINT ( 'NONE',  ( 0.0000000000000000000, 0.0000000000000000000, 0.0000000000000000000 ) ) ;
#1156 =( GEOMETRIC_REPRESENTATION_CONTEXT ( 3 ) GLOBAL_UNCERTAINTY_ASSIGNED_CONTEXT ( ( #1511 ) ) GLOBAL_UNIT_ASSIGNED_CONTEXT ( ( #1539, #836, #112 ) ) REPRESENTATION_CONTEXT ( 'NONE', 'WORKASPACE' ) );
#1157 = CARTESIAN_POINT ( 'NONE',  ( 0.4064287211287454000, 1.050000000000000000, -0.4000000000000002400 ) ) ;
#1158 =( LENGTH_UNIT ( ) NAMED_UNIT ( * ) SI_UNIT ( .MILLI., .METRE. ) );
#1159 = VECTOR ( 'NONE', #333, 1000.000000000000000 ) ;
#1160 = ORIENTED_EDGE ( 'NONE', *, *, #890, .T. ) ;
#1161 = CARTESIAN_POINT ( 'NONE',  ( -0.8000000000000020400, 0.5100000000000000100, 0.3999999999999998000 ) ) ;
#1162 = STYLED_ITEM ( 'NONE', ( #881 ), #32 ) ;
#1163 = PRESENTATION_LAYER_ASSIGNMENT (  '', '', ( #1008 ) ) ;
#1164 = CLOSED_SHELL ( 'NONE', ( #972, #1456, #980, #734, #1430, #22 ) ) ;
#1165 = PLANE ( 'NONE',  #423 ) ;
#1166 = ORIENTED_EDGE ( 'NONE', *, *, #719, .F. ) ;
#1167 = FACE_OUTER_BOUND ( 'NONE', #735, .T. ) ;
#1168 =( LENGTH_UNIT ( ) NAMED_UNIT ( * ) SI_UNIT ( .MILLI., .METRE. ) );
#1169 = DIRECTION ( 'NONE',  ( 0.0000000000000000000, -0.0000000000000000000, 1.000000000000000000 ) ) ;
#1170 = VECTOR ( 'NONE', #1105, 1000.000000000000000 ) ;
#1171 = EDGE_CURVE ( 'NONE', #244, #931, #184, .T. ) ;
#1172 = SURFACE_SIDE_STYLE ('',( #57 ) ) ;
#1173 = EDGE_LOOP ( 'NONE', ( #374, #264, #1234, #253 ) ) ;
#1174 = ORIENTED_EDGE ( 'NONE', *, *, #1039, .F. ) ;
#1175 = VECTOR ( 'NONE', #1141, 1000.000000000000000 ) ;
#1176 = UNCERTAINTY_MEASURE_WITH_UNIT (LENGTH_MEASURE( 1.000000000000000100E-005 ), #1086, 'distance_accuracy_value', 'NONE');
#1177 = DIRECTION ( 'NONE',  ( 0.0000000000000000000, -0.0000000000000000000, 1.000000000000000000 ) ) ;
#1178 = DIRECTION ( 'NONE',  ( -1.000000000000000000, 0.0000000000000000000, 0.0000000000000000000 ) ) ;
#1179 = PRESENTATION_STYLE_ASSIGNMENT (( #1139 ) ) ;
#1180 = EDGE_LOOP ( 'NONE', ( #848, #815, #1255, #1151 ) ) ;
#1181 = AXIS2_PLACEMENT_3D ( 'NONE', #562, #928, #200 ) ;
#1182 = SURFACE_STYLE_FILL_AREA ( #889 ) ;
#1183 = EDGE_LOOP ( 'NONE', ( #35, #45, #778, #113 ) ) ;
#1184 = LINE ( 'NONE', #1281, #1466 ) ;
#1185 = ORIENTED_EDGE ( 'NONE', *, *, #724, .F. ) ;
#1186 = DIRECTION ( 'NONE',  ( -0.0000000000000000000, 0.0000000000000000000, -1.000000000000000000 ) ) ;
#1187 = DIRECTION ( 'NONE',  ( 0.0000000000000000000, 0.0000000000000000000, -1.000000000000000000 ) ) ;
#1188 = EDGE_CURVE ( 'NONE', #569, #805, #785, .T. ) ;
#1189 = AXIS2_PLACEMENT_3D ( 'NONE', #960, #235, #1075 ) ;
#1190 = CARTESIAN_POINT ( 'NONE',  ( 0.8099999999999986100, 0.5100000000000000100, -0.4000000000000001300 ) ) ;
#1191 = EDGE_CURVE ( 'NONE', #1215, #223, #1095, .T. ) ;
#1192 = LINE ( 'NONE', #450, #600 ) ;
#1193 = ORIENTED_EDGE ( 'NONE', *, *, #1062, .F. ) ;
#1194 = CARTESIAN_POINT ( 'NONE',  ( -0.8000000000000020400, 0.5100000000000000100, -0.4000000000000002400 ) ) ;
#1195 = ADVANCED_FACE ( 'NONE', ( #141 ), #784, .F. ) ;
#1196 = ORIENTED_EDGE ( 'NONE', *, *, #634, .T. ) ;
#1197 = DIRECTION ( 'NONE',  ( -0.0000000000000000000, -0.0000000000000000000, 1.000000000000000000 ) ) ;
#1198 = CARTESIAN_POINT ( 'NONE',  ( 0.5487850755478973500, 0.5100000000000000100, -0.4000000000000002400 ) ) ;
#1199 = ORIENTED_EDGE ( 'NONE', *, *, #771, .T. ) ;
#1200 = ADVANCED_FACE ( 'NONE', ( #1058 ), #1025, .F. ) ;
#1201 = CARTESIAN_POINT ( 'NONE',  ( 0.5487850755478973500, 0.5100000000000000100, -0.4000000000000002400 ) ) ;
#1202 =( NAMED_UNIT ( * ) SI_UNIT ( $, .STERADIAN. ) SOLID_ANGLE_UNIT ( ) );
#1203 =( GEOMETRIC_REPRESENTATION_CONTEXT ( 3 ) GLOBAL_UNCERTAINTY_ASSIGNED_CONTEXT ( ( #27 ) ) GLOBAL_UNIT_ASSIGNED_CONTEXT ( ( #1168, #441, #1283 ) ) REPRESENTATION_CONTEXT ( 'NONE', 'WORKASPACE' ) );
#1204 = EDGE_LOOP ( 'NONE', ( #1166, #659, #465, #839 ) ) ;
#1205 = STYLED_ITEM ( 'NONE', ( #594 ), #1220 ) ;
#1206 =( NAMED_UNIT ( * ) PLANE_ANGLE_UNIT ( ) SI_UNIT ( $, .RADIAN. ) );
#1207 = DIRECTION ( 'NONE',  ( 0.0000000000000000000, 0.0000000000000000000, 1.000000000000000000 ) ) ;
#1208 = ADVANCED_FACE ( 'NONE', ( #1334 ), #1099, .F. ) ;
#1209 = VERTEX_POINT ( 'NONE', #494 ) ;
#1210 = VECTOR ( 'NONE', #907, 1000.000000000000000 ) ;
#1211 = DIRECTION ( 'NONE',  ( 0.0000000000000000000, 0.0000000000000000000, -1.000000000000000000 ) ) ;
#1212 = VECTOR ( 'NONE', #910, 1000.000000000000000 ) ;
#1213 = CARTESIAN_POINT ( 'NONE',  ( -0.5487850755478973500, 0.5100000000000000100, -0.4000000000000002400 ) ) ;
#1214 = AXIS2_PLACEMENT_3D ( 'NONE', #1155, #1389, #688 ) ;
#1215 = VERTEX_POINT ( 'NONE', #627 ) ;
#1216 = EDGE_CURVE ( 'NONE', #782, #1381, #1222, .T. ) ;
#1217 = AXIS2_PLACEMENT_3D ( 'NONE', #1017, #540, #1366 ) ;
#1218 = DIRECTION ( 'NONE',  ( -1.000000000000000000, 0.0000000000000000000, 0.0000000000000000000 ) ) ;
#1219 = ORIENTED_EDGE ( 'NONE', *, *, #53, .T. ) ;
#1220 = ADVANCED_FACE ( 'NONE', ( #2 ), #992, .F. ) ;
#1221 = CARTESIAN_POINT ( 'NONE',  ( 0.1140688468869015800, 0.5900000000000000800, 0.1338702027044479700 ) ) ;
#1222 = LINE ( 'NONE', #1339, #268 ) ;
#1223 = DIRECTION ( 'NONE',  ( -0.0000000000000000000, -1.000000000000000000, -0.0000000000000000000 ) ) ;
#1224 =( BOUNDED_CURVE ( )  B_SPLINE_CURVE ( 3, ( #227, #336, #461, #404 ),
 .UNSPECIFIED., .F., .F. ) 
 B_SPLINE_CURVE_WITH_KNOTS ( ( 4, 4 ),
 ( 4.712388980384689700, 6.283185307179589800 ),
 .UNSPECIFIED. ) 
 CURVE ( )  GEOMETRIC_REPRESENTATION_ITEM ( )  RATIONAL_B_SPLINE_CURVE ( ( 1.000000000000000000, 0.8047378541243641600, 0.8047378541243641600, 1.000000000000000000 ) ) 
 REPRESENTATION_ITEM ( '' )  );
#1225 =( LENGTH_UNIT ( ) NAMED_UNIT ( * ) SI_UNIT ( .MILLI., .METRE. ) );
#1226 = SURFACE_STYLE_USAGE ( .BOTH. , #381 ) ;
#1227 = PRESENTATION_LAYER_ASSIGNMENT (  '', '', ( #1152 ) ) ;
#1228 = LINE ( 'NONE', #1486, #263 ) ;
#1229 = DIRECTION ( 'NONE',  ( -0.0000000000000000000, -0.0000000000000000000, -1.000000000000000000 ) ) ;
#1230 =( LENGTH_UNIT ( ) NAMED_UNIT ( * ) SI_UNIT ( .MILLI., .METRE. ) );
#1231 =( GEOMETRIC_REPRESENTATION_CONTEXT ( 3 ) GLOBAL_UNCERTAINTY_ASSIGNED_CONTEXT ( ( #955 ) ) GLOBAL_UNIT_ASSIGNED_CONTEXT ( ( #221, #1387, #682 ) ) REPRESENTATION_CONTEXT ( 'NONE', 'WORKASPACE' ) );
#1232 = ORIENTED_EDGE ( 'NONE', *, *, #1405, .F. ) ;
#1233 = CARTESIAN_POINT ( 'NONE',  ( 0.5487850755478973500, 0.5000000000000000000, 0.4000000000000002400 ) ) ;
#1234 = ORIENTED_EDGE ( 'NONE', *, *, #629, .F. ) ;
#1235 = PRESENTATION_STYLE_ASSIGNMENT (( #1364 ) ) ;
#1236 = DIRECTION ( 'NONE',  ( 1.000000000000000000, 0.0000000000000000000, -1.016439536705160000E-016 ) ) ;
#1237 = AXIS2_PLACEMENT_3D ( 'NONE', #1263, #923, #914 ) ;
#1238 = ORIENTED_EDGE ( 'NONE', *, *, #305, .F. ) ;
#1239 = MECHANICAL_DESIGN_GEOMETRIC_PRESENTATION_REPRESENTATION (  '', ( #1008 ), #1317 ) ;
#1240 = DIRECTION ( 'NONE',  ( 0.0000000000000000000, 1.000000000000000000, 0.0000000000000000000 ) ) ;
#1241 = VECTOR ( 'NONE', #1357, 1000.000000000000000 ) ;
#1242 = PLANE ( 'NONE',  #919 ) ;
#1243 = MANIFOLD_SOLID_BREP ( 'Zaokraglenie5', #301 ) ;
#1244 = DIRECTION ( 'NONE',  ( -0.0000000000000000000, -1.000000000000000000, -0.0000000000000000000 ) ) ;
#1245 =( NAMED_UNIT ( * ) SI_UNIT ( $, .STERADIAN. ) SOLID_ANGLE_UNIT ( ) );
#1246 = FILL_AREA_STYLE ('',( #63 ) ) ;
#1247 = ORIENTED_EDGE ( 'NONE', *, *, #801, .F. ) ;
#1248 = CARTESIAN_POINT ( 'NONE',  ( 0.5487850755478973500, 0.5000000000000000000, 0.4000000000000002400 ) ) ;
#1249 = EDGE_CURVE ( 'NONE', #1524, #984, #689, .T. ) ;
#1250 =( NAMED_UNIT ( * ) SI_UNIT ( $, .STERADIAN. ) SOLID_ANGLE_UNIT ( ) );
#1251 = ORIENTED_EDGE ( 'NONE', *, *, #561, .T. ) ;
#1252 = DIRECTION ( 'NONE',  ( 0.0000000000000000000, 1.000000000000000000, 0.0000000000000000000 ) ) ;
#1253 = LINE ( 'NONE', #1126, #298 ) ;
#1254 =( NAMED_UNIT ( * ) PLANE_ANGLE_UNIT ( ) SI_UNIT ( $, .RADIAN. ) );
#1255 = ORIENTED_EDGE ( 'NONE', *, *, #204, .T. ) ;
#1256 = DIRECTION ( 'NONE',  ( 0.0000000000000000000, 0.0000000000000000000, 1.000000000000000000 ) ) ;
#1257 = ORIENTED_EDGE ( 'NONE', *, *, #747, .T. ) ;
#1258 = DIRECTION ( 'NONE',  ( 1.000000000000000000, -0.0000000000000000000, -0.0000000000000000000 ) ) ;
#1259 = ORIENTED_EDGE ( 'NONE', *, *, #1542, .T. ) ;
#1260 = STYLED_ITEM ( 'NONE', ( #708 ), #401 ) ;
#1261 = STYLED_ITEM ( 'NONE', ( #1016 ), #1337 ) ;
#1262 = PRESENTATION_STYLE_ASSIGNMENT (( #130 ) ) ;
#1263 = CARTESIAN_POINT ( 'NONE',  ( -0.8000000000000020400, 0.5100000000000000100, 0.3999999999999998000 ) ) ;
#1264 = ORIENTED_EDGE ( 'NONE', *, *, #26, .F. ) ;
#1265 = DIRECTION ( 'NONE',  ( -1.000000000000000000, 0.0000000000000000000, 0.0000000000000000000 ) ) ;
#1266 = EDGE_CURVE ( 'NONE', #716, #195, #1311, .T. ) ;
#1267 = STYLED_ITEM ( 'NONE', ( #1262 ), #965 ) ;
#1268 = ORIENTED_EDGE ( 'NONE', *, *, #940, .F. ) ;
#1269 = CIRCLE ( 'NONE', #377, 0.05000000000000002400 ) ;
#1270 = EDGE_CURVE ( 'NONE', #1102, #1436, #58, .T. ) ;
#1271 = DIRECTION ( 'NONE',  ( -0.9863939238321443000, 0.1643989873053541000, 0.0000000000000000000 ) ) ;
#1272 = ORIENTED_EDGE ( 'NONE', *, *, #1191, .F. ) ;
#1273 =( NAMED_UNIT ( * ) SI_UNIT ( $, .STERADIAN. ) SOLID_ANGLE_UNIT ( ) );
#1274 = LINE ( 'NONE', #289, #967 ) ;
#1275 = EDGE_LOOP ( 'NONE', ( #138, #580, #435, #15 ) ) ;
#1276 = FACE_OUTER_BOUND ( 'NONE', #1360, .T. ) ;
#1277 = VECTOR ( 'NONE', #892, 1000.000000000000000 ) ;
#1278 = FILL_AREA_STYLE ('',( #1042 ) ) ;
#1279 = CARTESIAN_POINT ( 'NONE',  ( 0.7999999999999986000, 0.5100000000000000100, 0.3999999999999995800 ) ) ;
#1280 = CARTESIAN_POINT ( 'NONE',  ( -0.5487850755478973500, 0.5000000000000000000, -0.4000000000000002400 ) ) ;
#1281 = CARTESIAN_POINT ( 'NONE',  ( -0.5487850755478973500, 0.5000000000000000000, 0.3999999999999998000 ) ) ;
#1282 = ORIENTED_EDGE ( 'NONE', *, *, #767, .F. ) ;
#1283 =( NAMED_UNIT ( * ) SI_UNIT ( $, .STERADIAN. ) SOLID_ANGLE_UNIT ( ) );
#1284 = CARTESIAN_POINT ( 'NONE',  ( 0.4064287211287454000, 1.050000000000000000, -0.4000000000000002400 ) ) ;
#1285 = SURFACE_STYLE_FILL_AREA ( #131 ) ;
#1286 = ORIENTED_EDGE ( 'NONE', *, *, #124, .T. ) ;
#1287 = CARTESIAN_POINT ( 'NONE',  ( 0.3771940880510741300, 0.5900000000000000800, -0.1038702027044479700 ) ) ;
#1288 = AXIS2_PLACEMENT_3D ( 'NONE', #372, #1218, #501 ) ;
#1289 = UNCERTAINTY_MEASURE_WITH_UNIT (LENGTH_MEASURE( 1.000000000000000100E-005 ), #273, 'distance_accuracy_value', 'NONE');
#1290 = ORIENTED_EDGE ( 'NONE', *, *, #1270, .F. ) ;
#1291 =( LENGTH_UNIT ( ) NAMED_UNIT ( * ) SI_UNIT ( .MILLI., .METRE. ) );
#1292 = DIRECTION ( 'NONE',  ( 0.0000000000000000000, 0.0000000000000000000, -1.000000000000000000 ) ) ;
#1293 = VERTEX_POINT ( 'NONE', #159 ) ;
#1294 = SURFACE_STYLE_FILL_AREA ( #1278 ) ;
#1295 = PRODUCT_DEFINITION ( 'UNKNOWN', '', #1373, #1117 ) ;
#1296 = CARTESIAN_POINT ( 'NONE',  ( 0.3771940880510741300, 0.6200000000000000000, -0.1338702027044479700 ) ) ;
#1297 = EDGE_CURVE ( 'NONE', #1465, #842, #17, .T. ) ;
#1298 = VECTOR ( 'NONE', #612, 1000.000000000000000 ) ;
#1299 = PRESENTATION_LAYER_ASSIGNMENT (  '', '', ( #1147 ) ) ;
#1300 = DIRECTION ( 'NONE',  ( -1.000000000000000000, -0.0000000000000000000, -0.0000000000000000000 ) ) ;
#1301 = ORIENTED_EDGE ( 'NONE', *, *, #724, .T. ) ;
#1302 = COLOUR_RGB ( '',1.000000000000000000, 1.000000000000000000, 1.000000000000000000 ) ;
#1303 = FILL_AREA_STYLE ('',( #3 ) ) ;
#1304 = COLOUR_RGB ( '',1.000000000000000000, 1.000000000000000000, 1.000000000000000000 ) ;
#1305 = CARTESIAN_POINT ( 'NONE',  ( 0.8099999999999986100, 0.0000000000000000000, 0.3999999999999995800 ) ) ;
#1306 = SURFACE_STYLE_FILL_AREA ( #1303 ) ;
#1307 = PLANE ( 'NONE',  #1351 ) ;
#1308 = PLANE ( 'NONE',  #1032 ) ;
#1309 = VECTOR ( 'NONE', #170, 1000.000000000000000 ) ;
#1310 = ADVANCED_FACE ( 'NONE', ( #970 ), #1477, .T. ) ;
#1311 = LINE ( 'NONE', #50, #1277 ) ;
#1312 = DIRECTION ( 'NONE',  ( -0.0000000000000000000, -0.0000000000000000000, 1.000000000000000000 ) ) ;
#1313 = DIRECTION ( 'NONE',  ( 0.0000000000000000000, 0.0000000000000000000, -1.000000000000000000 ) ) ;
#1314 = EDGE_CURVE ( 'NONE', #981, #789, #611, .T. ) ;
#1315 = LINE ( 'NONE', #513, #903 ) ;
#1316 = PRESENTATION_LAYER_ASSIGNMENT (  '', '', ( #1162 ) ) ;
#1317 =( GEOMETRIC_REPRESENTATION_CONTEXT ( 3 ) GLOBAL_UNCERTAINTY_ASSIGNED_CONTEXT ( ( #334 ) ) GLOBAL_UNIT_ASSIGNED_CONTEXT ( ( #996, #270, #1112 ) ) REPRESENTATION_CONTEXT ( 'NONE', 'WORKASPACE' ) );
#1318 = DIRECTION ( 'NONE',  ( 0.0000000000000000000, 0.0000000000000000000, 1.000000000000000000 ) ) ;
#1319 = ORIENTED_EDGE ( 'NONE', *, *, #278, .F. ) ;
#1320 = ADVANCED_FACE ( 'NONE', ( #935 ), #393, .T. ) ;
#1321 = LINE ( 'NONE', #1434, #358 ) ;
#1322 = ORIENTED_EDGE ( 'NONE', *, *, #526, .T. ) ;
#1323 = FACE_OUTER_BOUND ( 'NONE', #543, .T. ) ;
#1324 = DIRECTION ( 'NONE',  ( 0.0000000000000000000, 0.0000000000000000000, -1.000000000000000000 ) ) ;
#1325 = CARTESIAN_POINT ( 'NONE',  ( -0.8000000000000020400, 0.5100000000000000100, -0.4000000000000002400 ) ) ;
#1326 = EDGE_CURVE ( 'NONE', #193, #1209, #284, .T. ) ;
#1327 = MECHANICAL_DESIGN_GEOMETRIC_PRESENTATION_REPRESENTATION (  '', ( #1152 ), #1406 ) ;
#1328 = ORIENTED_EDGE ( 'NONE', *, *, #209, .F. ) ;
#1329 = ADVANCED_FACE ( 'NONE', ( #82 ), #62, .F. ) ;
#1330 = VECTOR ( 'NONE', #819, 1000.000000000000000 ) ;
#1331 = DIRECTION ( 'NONE',  ( 0.0000000000000000000, 0.0000000000000000000, -1.000000000000000000 ) ) ;
#1332 = EDGE_LOOP ( 'NONE', ( #1120, #1108, #478, #947 ) ) ;
#1333 = VECTOR ( 'NONE', #1514, 1000.000000000000000 ) ;
#1334 = FACE_OUTER_BOUND ( 'NONE', #1275, .T. ) ;
#1335 = LINE ( 'NONE', #347, #1031 ) ;
#1336 = CARTESIAN_POINT ( 'NONE',  ( 0.5487850755478973500, 0.5100000000000000100, -0.4000000000000002400 ) ) ;
#1337 = ADVANCED_FACE ( 'NONE', ( #1323 ), #772, .F. ) ;
#1338 = UNCERTAINTY_MEASURE_WITH_UNIT (LENGTH_MEASURE( 1.000000000000000100E-005 ), #692, 'distance_accuracy_value', 'NONE');
#1339 = CARTESIAN_POINT ( 'NONE',  ( -0.8100000000000021600, 0.0000000000000000000, 0.3999999999999998000 ) ) ;
#1340 = AXIS2_PLACEMENT_3D ( 'NONE', #309, #1271, #565 ) ;
#1341 = ORIENTED_EDGE ( 'NONE', *, *, #430, .T. ) ;
#1342 = AXIS2_PLACEMENT_3D ( 'NONE', #1362, #656, #1490 ) ;
#1343 = CARTESIAN_POINT ( 'NONE',  ( 0.7999999999999986000, 0.5000000000000000000, 0.3999999999999995800 ) ) ;
#1344 = LINE ( 'NONE', #884, #1378 ) ;
#1345 = CIRCLE ( 'NONE', #509, 0.05000000000000002400 ) ;
#1346 = CARTESIAN_POINT ( 'NONE',  ( 0.7999999999999986000, 0.0000000000000000000, 0.3999999999999995800 ) ) ;
#1347 =( NAMED_UNIT ( * ) SI_UNIT ( $, .STERADIAN. ) SOLID_ANGLE_UNIT ( ) );
#1348 = VECTOR ( 'NONE', #551, 1000.000000000000000 ) ;
#1349 =( NAMED_UNIT ( * ) PLANE_ANGLE_UNIT ( ) SI_UNIT ( $, .RADIAN. ) );
#1350 = EDGE_CURVE ( 'NONE', #171, #417, #581, .T. ) ;
#1351 = AXIS2_PLACEMENT_3D ( 'NONE', #1190, #1418, #599 ) ;
#1352 =( NAMED_UNIT ( * ) SI_UNIT ( $, .STERADIAN. ) SOLID_ANGLE_UNIT ( ) );
#1353 = LINE ( 'NONE', #642, #386 ) ;
#1354 = EDGE_LOOP ( 'NONE', ( #1341, #1219, #312, #1530 ) ) ;
#1355 = CARTESIAN_POINT ( 'NONE',  ( -0.8000000000000020400, 0.5100000000000000100, -0.4000000000000002400 ) ) ;
#1356 = EDGE_CURVE ( 'NONE', #417, #981, #258, .T. ) ;
#1357 = DIRECTION ( 'NONE',  ( 0.0000000000000000000, 0.0000000000000000000, -1.000000000000000000 ) ) ;
#1358 = ORIENTED_EDGE ( 'NONE', *, *, #492, .T. ) ;
#1359 = CARTESIAN_POINT ( 'NONE',  ( 0.5487850755478973500, 0.5100000000000000100, 0.3999999999999995800 ) ) ;
#1360 = EDGE_LOOP ( 'NONE', ( #1091, #1533, #1081, #968 ) ) ;
#1361 = CARTESIAN_POINT ( 'NONE',  ( -0.8000000000000020400, 0.5100000000000000100, 0.3999999999999998000 ) ) ;
#1362 = CARTESIAN_POINT ( 'NONE',  ( -0.5487850755478973500, 0.5100000000000000100, 0.3999999999999998000 ) ) ;
#1363 = ORIENTED_EDGE ( 'NONE', *, *, #988, .T. ) ;
#1364 = SURFACE_STYLE_USAGE ( .BOTH. , #538 ) ;
#1365 = LINE ( 'NONE', #1279, #1330 ) ;
#1366 = DIRECTION ( 'NONE',  ( 1.000000000000000000, 0.0000000000000000000, -0.0000000000000000000 ) ) ;
#1367 = STYLED_ITEM ( 'NONE', ( #644 ), #248 ) ;
#1368 = EDGE_LOOP ( 'NONE', ( #129, #878, #426, #602 ) ) ;
#1369 = PRESENTATION_LAYER_ASSIGNMENT (  '', '', ( #1205 ) ) ;
#1370 = CARTESIAN_POINT ( 'NONE',  ( -0.8000000000000020400, 0.5100000000000000100, 0.3999999999999998000 ) ) ;
#1371 = LINE ( 'NONE', #956, #1056 ) ;
#1372 = VECTOR ( 'NONE', #1244, 1000.000000000000000 ) ;
#1373 = PRODUCT_DEFINITION_FORMATION_WITH_SPECIFIED_SOURCE ( 'ANY', '', #59, .NOT_KNOWN. ) ;
#1374 = CARTESIAN_POINT ( 'NONE',  ( 0.3771940880510741300, 0.6200000000000000000, 0.1338702027044479700 ) ) ;
#1375 = ORIENTED_EDGE ( 'NONE', *, *, #964, .T. ) ;
#1376 = EDGE_CURVE ( 'NONE', #1209, #1127, #913, .T. ) ;
#1377 = MECHANICAL_DESIGN_GEOMETRIC_PRESENTATION_REPRESENTATION (  '', ( #1147 ), #1462 ) ;
#1378 = VECTOR ( 'NONE', #991, 1000.000000000000000 ) ;
#1379 = VECTOR ( 'NONE', #944, 1000.000000000000000 ) ;
#1380 = LINE ( 'NONE', #1248, #756 ) ;
#1381 = VERTEX_POINT ( 'NONE', #414 ) ;
#1382 = VECTOR ( 'NONE', #167, 1000.000000000000000 ) ;
#1383 = ORIENTED_EDGE ( 'NONE', *, *, #603, .T. ) ;
#1384 = CARTESIAN_POINT ( 'NONE',  ( -0.4557484173203525400, 1.058219949365267500, 0.4000000000000002400 ) ) ;
#1385 = DIRECTION ( 'NONE',  ( 1.000000000000000000, 0.0000000000000000000, 0.0000000000000000000 ) ) ;
#1386 = ORIENTED_EDGE ( 'NONE', *, *, #1326, .F. ) ;
#1387 =( NAMED_UNIT ( * ) PLANE_ANGLE_UNIT ( ) SI_UNIT ( $, .RADIAN. ) );
#1388 = CARTESIAN_POINT ( 'NONE',  ( -0.8100000000000021600, 0.0000000000000000000, -0.4000000000000002400 ) ) ;
#1389 = DIRECTION ( 'NONE',  ( 0.0000000000000000000, 0.0000000000000000000, 1.000000000000000000 ) ) ;
#1390 = EDGE_CURVE ( 'NONE', #1102, #716, #1499, .T. ) ;
#1391 = EDGE_LOOP ( 'NONE', ( #1322, #283, #395, #872 ) ) ;
#1392 = SURFACE_STYLE_USAGE ( .BOTH. , #568 ) ;
#1393 = MECHANICAL_DESIGN_GEOMETRIC_PRESENTATION_REPRESENTATION (  '', ( #1162 ), #1482 ) ;
#1394 = ORIENTED_EDGE ( 'NONE', *, *, #1493, .F. ) ;
#1395 = CARTESIAN_POINT ( 'NONE',  ( 0.7999999999999986000, 0.5000000000000000000, -0.4000000000000002400 ) ) ;
#1396 = DIRECTION ( 'NONE',  ( 0.0000000000000000000, 0.0000000000000000000, 1.000000000000000000 ) ) ;
#1397 = DIRECTION ( 'NONE',  ( 0.0000000000000000000, 0.0000000000000000000, -1.000000000000000000 ) ) ;
#1398 = ORIENTED_EDGE ( 'NONE', *, *, #102, .T. ) ;
#1399 = VECTOR ( 'NONE', #78, 1000.000000000000000 ) ;
#1400 = UNCERTAINTY_MEASURE_WITH_UNIT (LENGTH_MEASURE( 1.000000000000000100E-005 ), #973, 'distance_accuracy_value', 'NONE');
#1401 = CARTESIAN_POINT ( 'NONE',  ( -0.8000000000000020400, 0.5100000000000000100, -0.4000000000000002400 ) ) ;
#1402 = DIRECTION ( 'NONE',  ( 0.0000000000000000000, 0.0000000000000000000, -1.000000000000000000 ) ) ;
#1403 = EDGE_LOOP ( 'NONE', ( #1034, #1398, #1538, #1358 ) ) ;
#1404 = LINE ( 'NONE', #4, #446 ) ;
#1405 = EDGE_CURVE ( 'NONE', #1020, #41, #224, .T. ) ;
#1406 =( GEOMETRIC_REPRESENTATION_CONTEXT ( 3 ) GLOBAL_UNCERTAINTY_ASSIGNED_CONTEXT ( ( #1176 ) ) GLOBAL_UNIT_ASSIGNED_CONTEXT ( ( #1086, #357, #1202 ) ) REPRESENTATION_CONTEXT ( 'NONE', 'WORKASPACE' ) );
#1407 = DIRECTION ( 'NONE',  ( -1.355252715606880000E-016, 0.0000000000000000000, -1.000000000000000000 ) ) ;
#1408 =( NAMED_UNIT ( * ) SI_UNIT ( $, .STERADIAN. ) SOLID_ANGLE_UNIT ( ) );
#1409 = CARTESIAN_POINT ( 'NONE',  ( -0.5487850755478973500, 0.5000000000000000000, -0.4000000000000002400 ) ) ;
#1410 = DIRECTION ( 'NONE',  ( -1.000000000000000000, 0.0000000000000000000, 0.0000000000000000000 ) ) ;
#1411 = ORIENTED_EDGE ( 'NONE', *, *, #856, .T. ) ;
#1412 = CARTESIAN_POINT ( 'NONE',  ( 0.7999999999999986000, 0.5000000000000000000, 0.3999999999999995800 ) ) ;
#1413 = SURFACE_SIDE_STYLE ('',( #995 ) ) ;
#1414 = SURFACE_STYLE_FILL_AREA ( #1109 ) ;
#1415 = ORIENTED_EDGE ( 'NONE', *, *, #1297, .F. ) ;
#1416 = FACE_OUTER_BOUND ( 'NONE', #912, .T. ) ;
#1417 = SURFACE_SIDE_STYLE ('',( #1435 ) ) ;
#1418 = DIRECTION ( 'NONE',  ( -0.0000000000000000000, 0.0000000000000000000, 1.000000000000000000 ) ) ;
#1419 = PRESENTATION_LAYER_ASSIGNMENT (  '', '', ( #1261 ) ) ;
#1420 = ORIENTED_EDGE ( 'NONE', *, *, #411, .T. ) ;
#1421 = DIRECTION ( 'NONE',  ( -0.0000000000000000000, -0.0000000000000000000, 1.000000000000000000 ) ) ;
#1422 = ORIENTED_EDGE ( 'NONE', *, *, #651, .F. ) ;
#1423 = SURFACE_STYLE_USAGE ( .BOTH. , #596 ) ;
#1424 = LINE ( 'NONE', #573, #101 ) ;
#1425 = CLOSED_SHELL ( 'NONE', ( #1088, #742, #254, #1438, #370, #1310, #1447, #1083 ) ) ;
#1426 = PLANE ( 'NONE',  #875 ) ;
#1427 = EDGE_CURVE ( 'NONE', #997, #213, #1144, .T. ) ;
#1428 = PRESENTATION_LAYER_ASSIGNMENT (  '', '', ( #1267 ) ) ;
#1429 = DIRECTION ( 'NONE',  ( 0.0000000000000000000, -1.000000000000000000, 0.0000000000000000000 ) ) ;
#1430 = ADVANCED_FACE ( 'NONE', ( #1103 ), #1165, .T. ) ;
#1431 = DIRECTION ( 'NONE',  ( -1.000000000000000000, 0.0000000000000000000, -0.0000000000000000000 ) ) ;
#1432 = EDGE_CURVE ( 'NONE', #909, #699, #796, .T. ) ;
#1433 = FILL_AREA_STYLE_COLOUR ( '', #1154 ) ;
#1434 = CARTESIAN_POINT ( 'NONE',  ( 0.1140688468869015800, 0.6200000000000000000, -0.1338702027044479700 ) ) ;
#1435 = SURFACE_STYLE_FILL_AREA ( #589 ) ;
#1436 = VERTEX_POINT ( 'NONE', #1527 ) ;
#1437 = VECTOR ( 'NONE', #1429, 1000.000000000000000 ) ;
#1438 = ADVANCED_FACE ( 'NONE', ( #1416 ), #820, .F. ) ;
#1439 = DIRECTION ( 'NONE',  ( 0.0000000000000000000, 0.0000000000000000000, -1.000000000000000000 ) ) ;
#1440 = VERTEX_POINT ( 'NONE', #694 ) ;
#1441 = FACE_OUTER_BOUND ( 'NONE', #643, .T. ) ;
#1442 = ORIENTED_EDGE ( 'NONE', *, *, #691, .T. ) ;
#1443 = VECTOR ( 'NONE', #460, 1000.000000000000000 ) ;
#1444 = CARTESIAN_POINT ( 'NONE',  ( -0.8100000000000021600, 0.0000000000000000000, 0.3999999999999998000 ) ) ;
#1445 = DIRECTION ( 'NONE',  ( 1.000000000000000000, 0.0000000000000000000, -0.0000000000000000000 ) ) ;
#1446 = CYLINDRICAL_SURFACE ( 'NONE', #18, 0.05000000000000002400 ) ;
#1447 = ADVANCED_FACE ( 'NONE', ( #151 ), #754, .T. ) ;
#1448 = AXIS2_PLACEMENT_3D ( 'NONE', #701, #1528, #826 ) ;
#1449 = MECHANICAL_DESIGN_GEOMETRIC_PRESENTATION_REPRESENTATION (  '', ( #1205 ), #1532 ) ;
#1450 = CARTESIAN_POINT ( 'NONE',  ( 0.1140688468869015800, 0.5000000000000000000, -0.1338702027044479700 ) ) ;
#1451 = CARTESIAN_POINT ( 'NONE',  ( 0.1440688468869015800, 0.6200000000000000000, 0.1038702027044479700 ) ) ;
#1452 = ORIENTED_EDGE ( 'NONE', *, *, #305, .T. ) ;
#1453 = UNCERTAINTY_MEASURE_WITH_UNIT (LENGTH_MEASURE( 1.000000000000000100E-005 ), #512, 'distance_accuracy_value', 'NONE');
#1454 = FILL_AREA_STYLE ('',( #187 ) ) ;
#1455 = LINE ( 'NONE', #137, #546 ) ;
#1456 = ADVANCED_FACE ( 'NONE', ( #459 ), #100, .F. ) ;
#1457 = ORIENTED_EDGE ( 'NONE', *, *, #1041, .F. ) ;
#1458 = VECTOR ( 'NONE', #939, 1000.000000000000000 ) ;
#1459 = CARTESIAN_POINT ( 'NONE',  ( -0.8000000000000020400, 0.5100000000000000100, -0.4000000000000002400 ) ) ;
#1460 = PRODUCT_RELATED_PRODUCT_CATEGORY ( 'part', '', ( #59 ) ) ;
#1461 = EDGE_CURVE ( 'NONE', #1440, #852, #500, .T. ) ;
#1462 =( GEOMETRIC_REPRESENTATION_CONTEXT ( 3 ) GLOBAL_UNCERTAINTY_ASSIGNED_CONTEXT ( ( #576 ) ) GLOBAL_UNIT_ASSIGNED_CONTEXT ( ( #410, #1254, #544 ) ) REPRESENTATION_CONTEXT ( 'NONE', 'WORKASPACE' ) );
#1463 = EDGE_LOOP ( 'NONE', ( #150, #21, #1132, #945 ) ) ;
#1464 = CARTESIAN_POINT ( 'NONE',  ( 0.8099999999999986100, 0.5100000000000000100, 0.3999999999999995800 ) ) ;
#1465 = VERTEX_POINT ( 'NONE', #1529 ) ;
#1466 = VECTOR ( 'NONE', #1397, 1000.000000000000000 ) ;
#1467 = DIRECTION ( 'NONE',  ( 0.0000000000000000000, 0.0000000000000000000, -1.000000000000000000 ) ) ;
#1468 = CLOSED_SHELL ( 'NONE', ( #965, #752, #1208, #132, #240, #867 ) ) ;
#1469 = CARTESIAN_POINT ( 'NONE',  ( -0.8000000000000020400, 0.5100000000000000100, 0.3999999999999998000 ) ) ;
#1470 = DIRECTION ( 'NONE',  ( 1.000000000000000000, -0.0000000000000000000, -0.0000000000000000000 ) ) ;
#1471 = FACE_OUTER_BOUND ( 'NONE', #610, .T. ) ;
#1472 = CARTESIAN_POINT ( 'NONE',  ( -0.8100000000000021600, 0.5100000000000000100, 0.3999999999999998000 ) ) ;
#1473 = CARTESIAN_POINT ( 'NONE',  ( -0.4487850755478973200, 1.099999999999999900, -0.4000000000000002400 ) ) ;
#1474 = DIRECTION ( 'NONE',  ( 0.0000000000000000000, -0.0000000000000000000, -1.000000000000000000 ) ) ;
#1475 = DIRECTION ( 'NONE',  ( 0.0000000000000000000, 0.0000000000000000000, -1.000000000000000000 ) ) ;
#1476 = LINE ( 'NONE', #1198, #698 ) ;
#1477 = PLANE ( 'NONE',  #711 ) ;
#1478 = ORIENTED_EDGE ( 'NONE', *, *, #1432, .F. ) ;
#1479 = DIRECTION ( 'NONE',  ( -1.000000000000000000, -0.0000000000000000000, -0.0000000000000000000 ) ) ;
#1480 = ORIENTED_EDGE ( 'NONE', *, *, #355, .T. ) ;
#1481 = CARTESIAN_POINT ( 'NONE',  ( 0.5487850755478973500, 1.099999999999999900, 0.4000000000000002400 ) ) ;
#1482 =( GEOMETRIC_REPRESENTATION_CONTEXT ( 3 ) GLOBAL_UNCERTAINTY_ASSIGNED_CONTEXT ( ( #1289 ) ) GLOBAL_UNIT_ASSIGNED_CONTEXT ( ( #273, #1115, #385 ) ) REPRESENTATION_CONTEXT ( 'NONE', 'WORKASPACE' ) );
#1483 = CARTESIAN_POINT ( 'NONE',  ( -0.8000000000000020400, 0.0000000000000000000, -0.4000000000000002400 ) ) ;
#1484 = ORIENTED_EDGE ( 'NONE', *, *, #468, .T. ) ;
#1485 = FACE_OUTER_BOUND ( 'NONE', #1403, .T. ) ;
#1486 = CARTESIAN_POINT ( 'NONE',  ( -0.8100000000000021600, 0.0000000000000000000, -0.4000000000000002400 ) ) ;
#1487 = DIRECTION ( 'NONE',  ( -0.0000000000000000000, 1.000000000000000000, 0.0000000000000000000 ) ) ;
#1488 = CARTESIAN_POINT ( 'NONE',  ( 0.3471940880510741600, 0.6200000000000000000, -0.1038702027044479700 ) ) ;
#1489 = VECTOR ( 'NONE', #280, 1000.000000000000000 ) ;
#1490 = DIRECTION ( 'NONE',  ( 0.0000000000000000000, 0.0000000000000000000, 1.000000000000000000 ) ) ;
#1491 =( NAMED_UNIT ( * ) PLANE_ANGLE_UNIT ( ) SI_UNIT ( $, .RADIAN. ) );
#1492 = CARTESIAN_POINT ( 'NONE',  ( -0.8100000000000021600, 0.5100000000000000100, 0.3999999999999998000 ) ) ;
#1493 = EDGE_CURVE ( 'NONE', #617, #518, #420, .T. ) ;
#1494 = CARTESIAN_POINT ( 'NONE',  ( -0.8000000000000020400, 0.5000000000000000000, 0.3999999999999998000 ) ) ;
#1495 = ORIENTED_EDGE ( 'NONE', *, *, #1515, .T. ) ;
#1496 = DIRECTION ( 'NONE',  ( -1.000000000000000000, 0.0000000000000000000, -0.0000000000000000000 ) ) ;
#1497 = DIRECTION ( 'NONE',  ( -0.0000000000000000000, -0.0000000000000000000, -1.000000000000000000 ) ) ;
#1498 = EDGE_LOOP ( 'NONE', ( #1259, #340, #176, #751 ) ) ;
#1499 = LINE ( 'NONE', #669, #873 ) ;
#1500 = DIRECTION ( 'NONE',  ( 0.0000000000000000000, 0.0000000000000000000, -1.000000000000000000 ) ) ;
#1501 = COLOUR_RGB ( '',1.000000000000000000, 0.7019607843137254400, 0.0000000000000000000 ) ;
#1502 = CARTESIAN_POINT ( 'NONE',  ( 0.7999999999999986000, 0.0000000000000000000, 0.3999999999999995800 ) ) ;
#1503 = VERTEX_POINT ( 'NONE', #706 ) ;
#1504 = CARTESIAN_POINT ( 'NONE',  ( -0.8000000000000020400, 0.5000000000000000000, -0.4000000000000002400 ) ) ;
#1505 = CARTESIAN_POINT ( 'NONE',  ( 0.3771940880510742400, 0.6075735931288071000, 0.1338702027044480200 ) ) ;
#1506 = COLOUR_RGB ( '',1.000000000000000000, 0.7019607843137254400, 0.0000000000000000000 ) ;
#1507 = ORIENTED_EDGE ( 'NONE', *, *, #719, .T. ) ;
#1508 = MECHANICAL_DESIGN_GEOMETRIC_PRESENTATION_REPRESENTATION (  '', ( #1261 ), #39 ) ;
#1509 = LINE ( 'NONE', #1161, #1150 ) ;
#1510 = ORIENTED_EDGE ( 'NONE', *, *, #202, .T. ) ;
#1511 = UNCERTAINTY_MEASURE_WITH_UNIT (LENGTH_MEASURE( 1.000000000000000100E-005 ), #1539, 'distance_accuracy_value', 'NONE');
#1512 = COLOUR_RGB ( '',1.000000000000000000, 0.7019607843137254400, 0.0000000000000000000 ) ;
#1513 = DIRECTION ( 'NONE',  ( 1.000000000000000000, 0.0000000000000000000, 0.0000000000000000000 ) ) ;
#1514 = DIRECTION ( 'NONE',  ( 1.000000000000000000, -0.0000000000000000000, -0.0000000000000000000 ) ) ;
#1515 = EDGE_CURVE ( 'NONE', #499, #356, #1345, .T. ) ;
#1516 = MECHANICAL_DESIGN_GEOMETRIC_PRESENTATION_REPRESENTATION (  '', ( #1267 ), #49 ) ;
#1517 = SHAPE_DEFINITION_REPRESENTATION ( #428, #675 ) ;
#1518 = FACE_OUTER_BOUND ( 'NONE', #1332, .T. ) ;
#1519 = EDGE_LOOP ( 'NONE', ( #921, #162, #1268, #440 ) ) ;
#1520 = EDGE_CURVE ( 'NONE', #842, #1524, #117, .T. ) ;
#1521 = APPLICATION_PROTOCOL_DEFINITION ( 'draft international standard', 'automotive_design', 1998, #810 ) ;
#1522 = EDGE_LOOP ( 'NONE', ( #403, #673, #882, #1196 ) ) ;
#1523 =( NAMED_UNIT ( * ) PLANE_ANGLE_UNIT ( ) SI_UNIT ( $, .RADIAN. ) );
#1524 = VERTEX_POINT ( 'NONE', #1409 ) ;
#1525 = MANIFOLD_SOLID_BREP ( 'Dodanie-wyciagniecie8', #803 ) ;
#1526 = FILL_AREA_STYLE_COLOUR ( '', #1053 ) ;
#1527 = CARTESIAN_POINT ( 'NONE',  ( 0.7999999999999986000, 0.5100000000000000100, -0.4000000000000001300 ) ) ;
#1528 = DIRECTION ( 'NONE',  ( 0.0000000000000000000, 1.000000000000000000, 0.0000000000000000000 ) ) ;
#1529 = CARTESIAN_POINT ( 'NONE',  ( 0.5487850755478973500, 0.5000000000000000000, 0.4000000000000002400 ) ) ;
#1530 = ORIENTED_EDGE ( 'NONE', *, *, #940, .T. ) ;
#1531 = PRESENTATION_LAYER_ASSIGNMENT (  '', '', ( #1367 ) ) ;
#1532 =( GEOMETRIC_REPRESENTATION_CONTEXT ( 3 ) GLOBAL_UNCERTAINTY_ASSIGNED_CONTEXT ( ( #920 ) ) GLOBAL_UNIT_ASSIGNED_CONTEXT ( ( #1225, #507, #1347 ) ) REPRESENTATION_CONTEXT ( 'NONE', 'WORKASPACE' ) );
#1533 = ORIENTED_EDGE ( 'NONE', *, *, #534, .F. ) ;
#1534 = CARTESIAN_POINT ( 'NONE',  ( -0.8000000000000020400, 0.5000000000000000000, -0.4000000000000002400 ) ) ;
#1535 = CARTESIAN_POINT ( 'NONE',  ( 0.5487850755478973500, 0.5000000000000000000, -0.4000000000000002400 ) ) ;
#1536 = FACE_OUTER_BOUND ( 'NONE', #739, .T. ) ;
#1537 = CARTESIAN_POINT ( 'NONE',  ( 0.3471940880510741600, 0.6200000000000000000, 0.1038702027044479700 ) ) ;
#1538 = ORIENTED_EDGE ( 'NONE', *, *, #1113, .T. ) ;
#1539 =( LENGTH_UNIT ( ) NAMED_UNIT ( * ) SI_UNIT ( .MILLI., .METRE. ) );
#1540 = CLOSED_SHELL ( 'NONE', ( #1200, #477, #849, #1096, #1320, #149 ) ) ;
#1541 = ORIENTED_EDGE ( 'NONE', *, *, #777, .F. ) ;
#1542 = EDGE_CURVE ( 'NONE', #469, #623, #1224, .T. ) ;
ENDSEC;
END-ISO-10303-21;
