ISO-10303-21;
HEADER;
FILE_DESCRIPTION (( 'STEP AP214' ),
    '1' );
FILE_NAME ('User Library-mc-306 crystal.STEP',
    '2019-05-21T22:57:03',
    ( '' ),
    ( '' ),
    'SwSTEP 2.0',
    'SolidWorks 2019',
    '' );
FILE_SCHEMA (( 'AUTOMOTIVE_DESIGN' ));
ENDSEC;

DATA;
#1 = VECTOR ( 'NONE', #3124, 1000.000000000000000 ) ;
#2 = CARTESIAN_POINT ( 'NONE',  ( 0.3436892288171189969, 1.190099999999999936, -0.4082107708424559389 ) ) ;
#3 = ORIENTED_EDGE ( 'NONE', *, *, #5351, .T. ) ;
#4 = EDGE_CURVE ( 'NONE', #9108, #7844, #409, .T. ) ;
#5 = ORIENTED_EDGE ( 'NONE', *, *, #4996, .T. ) ;
#6 = CARTESIAN_POINT ( 'NONE',  ( 0.6026347450980349407, 1.189999999999999725, -0.3757904302504755933 ) ) ;
#7 = ORIENTED_EDGE ( 'NONE', *, *, #1846, .F. ) ;
#8 = CARTESIAN_POINT ( 'NONE',  ( -0.9711389188173059628, 1.190099999999999936, -0.4444689227889180305 ) ) ;
#9 = CARTESIAN_POINT ( 'NONE',  ( 1.015393443135109264, 1.190099999999999936, 0.3544095632457344713 ) ) ;
#10 = CARTESIAN_POINT ( 'NONE',  ( 0.6871072896527210538, 1.189999999999999947, 0.2823918394307717850 ) ) ;
#11 = AXIS2_PLACEMENT_3D ( 'NONE', #5065, #6619, #8210 ) ;
#12 = AXIS2_PLACEMENT_3D ( 'NONE', #703, #3118, #8518 ) ;
#13 = CARTESIAN_POINT ( 'NONE',  ( 0.6662972318151876294, 1.190099999999999936, -0.4190949145124627240 ) ) ;
#14 = CARTESIAN_POINT ( 'NONE',  ( -1.065269660866133172, 1.190000000000000169, -0.3512880260881692251 ) ) ;
#15 = DIRECTION ( 'NONE',  ( 1.342063489340794422E-16, 0.1391731009600657432, 0.9902680687415703620 ) ) ;
#16 = ORIENTED_EDGE ( 'NONE', *, *, #6890, .T. ) ;
#17 = VECTOR ( 'NONE', #1983, 1000.000000000000000 ) ;
#18 = EDGE_CURVE ( 'NONE', #7948, #6483, #4685, .T. ) ;
#19 = CARTESIAN_POINT ( 'NONE',  ( 0.8978389562386639433, 1.190099999999999714, 0.3385393651491310774 ) ) ;
#20 = DIRECTION ( 'NONE',  ( 0.0000000000000000000, 0.0000000000000000000, -1.000000000000000000 ) ) ;
#21 = CARTESIAN_POINT ( 'NONE',  ( -2.999999999999999556, 0.05000000000000000278, 1.599999999999999867 ) ) ;
#22 = CIRCLE ( 'NONE', #1194, 0.1499999999999999667 ) ;
#23 = CARTESIAN_POINT ( 'NONE',  ( 0.7754656717933818832, 1.189999999999999947, 0.3255410100876084956 ) ) ;
#24 = CARTESIAN_POINT ( 'NONE',  ( 0.3638382646100591367, 1.190099999999999936, -0.6140532354982487506 ) ) ;
#25 = ORIENTED_EDGE ( 'NONE', *, *, #5726, .F. ) ;
#26 = DIRECTION ( 'NONE',  ( 0.0000000000000000000, 0.0000000000000000000, -1.000000000000000000 ) ) ;
#27 = EDGE_CURVE ( 'NONE', #7503, #1008, #521, .T. ) ;
#28 = ORIENTED_EDGE ( 'NONE', *, *, #1861, .T. ) ;
#29 = EDGE_CURVE ( 'NONE', #6379, #9701, #7706, .T. ) ;
#30 = DIRECTION ( 'NONE',  ( 0.0000000000000000000, 0.0000000000000000000, -1.000000000000000000 ) ) ;
#31 = VERTEX_POINT ( 'NONE', #1436 ) ;
#32 = CARTESIAN_POINT ( 'NONE',  ( 2.999999999999999556, 0.05000000000000066197, 1.749999999999999334 ) ) ;
#33 = CARTESIAN_POINT ( 'NONE',  ( 0.8762369073001732289, 1.190099999999999270, 0.3539219716616484601 ) ) ;
#34 = CARTESIAN_POINT ( 'NONE',  ( -0.6567719042759995185, 1.190099999999999936, -0.5973116839603922479 ) ) ;
#35 = FILL_AREA_STYLE ('',( #7952 ) ) ;
#36 = FACE_OUTER_BOUND ( 'NONE', #5055, .T. ) ;
#37 = VERTEX_POINT ( 'NONE', #6118 ) ;
#38 = CARTESIAN_POINT ( 'NONE',  ( -0.1381649405181460954, 1.189999999999999947, -0.6654154149854282219 ) ) ;
#39 = CARTESIAN_POINT ( 'NONE',  ( -1.048581607184812858, 1.190099999999999936, -0.5304795175495307102 ) ) ;
#40 = CARTESIAN_POINT ( 'NONE',  ( -2.499999999999999556, -0.05000000000000000278, -1.599999999999998090 ) ) ;
#41 = ORIENTED_EDGE ( 'NONE', *, *, #5513, .T. ) ;
#42 = CARTESIAN_POINT ( 'NONE',  ( -1.033745239037354935, 1.190099999999999936, -0.3755136863863319241 ) ) ;
#43 = EDGE_CURVE ( 'NONE', #1389, #9677, #6976, .T. ) ;
#44 = EDGE_CURVE ( 'NONE', #5320, #6409, #3796, .T. ) ;
#45 = CARTESIAN_POINT ( 'NONE',  ( -1.066248608295073064, 1.190100000000000158, -0.5671964075083075763 ) ) ;
#46 = DIRECTION ( 'NONE',  ( 0.0000000000000000000, -1.000000000000000000, 1.917831477656420148E-16 ) ) ;
#47 = PRESENTATION_LAYER_ASSIGNMENT (  '', '', ( #10055 ) ) ;
#48 = CARTESIAN_POINT ( 'NONE',  ( 0.4117244026639840793, 1.190099999999999936, -0.6011332684009236260 ) ) ;
#49 = CARTESIAN_POINT ( 'NONE',  ( -1.132235453338658937, 1.189999999999999503, -0.7166974662674795438 ) ) ;
#50 = CARTESIAN_POINT ( 'NONE',  ( -0.4541299328053145512, 1.190000000000000169, -0.3217496399901882964 ) ) ;
#51 = CARTESIAN_POINT ( 'NONE',  ( 0.4991673307991235653, 1.190000000000000391, -0.3373148211135071350 ) ) ;
#52 = CARTESIAN_POINT ( 'NONE',  ( 1.195922289288955609, 1.189999999999999947, 0.002246101707272939348 ) ) ;
#53 = CARTESIAN_POINT ( 'NONE',  ( -1.231165755494427749, 1.190000000000000169, -0.3812753401264811215 ) ) ;
#54 = CARTESIAN_POINT ( 'NONE',  ( 0.7207788758952863306, 1.190000000000000169, 0.2698023978113138766 ) ) ;
#55 = CARTESIAN_POINT ( 'NONE',  ( 0.3456967054633870440, 1.190100000000000380, -0.3969196668049049803 ) ) ;
#56 = EDGE_LOOP ( 'NONE', ( #5764, #2183, #609, #4575 ) ) ;
#57 = CARTESIAN_POINT ( 'NONE',  ( 0.1372507117244878283, 1.190099999999999936, -0.2963578674344338193 ) ) ;
#58 = ORIENTED_EDGE ( 'NONE', *, *, #9426, .F. ) ;
#59 = CARTESIAN_POINT ( 'NONE',  ( 0.5296815683778778316, 1.189999999999999725, -0.3386494039219682950 ) ) ;
#60 = CARTESIAN_POINT ( 'NONE',  ( -1.049379629720781137, 1.190099999999999936, -0.4819328169878225876 ) ) ;
#61 = CARTESIAN_POINT ( 'NONE',  ( 0.7750771181551037170, 1.189999999999999947, 0.1062852611194339270 ) ) ;
#62 = CARTESIAN_POINT ( 'NONE',  ( -0.4515463507745563487, 1.190099999999999936, -0.3346461842161974620 ) ) ;
#63 = CARTESIAN_POINT ( 'NONE',  ( -0.6723289747676286510, 1.190100000000000158, -0.6967946540270536504 ) ) ;
#64 = CARTESIAN_POINT ( 'NONE',  ( -1.047844422246720697, 1.189999999999999947, -0.3623225396640620266 ) ) ;
#65 = CARTESIAN_POINT ( 'NONE',  ( -0.6053925046207102589, 1.190099999999999936, -0.3064410560110692461 ) ) ;
#66 = CARTESIAN_POINT ( 'NONE',  ( 0.8335294685833564143, 1.190099999999999936, 0.3691150120849639449 ) ) ;
#67 = CARTESIAN_POINT ( 'NONE',  ( -1.291422777023644830, 1.190000000000000169, -0.4094097593135538338 ) ) ;
#68 = CARTESIAN_POINT ( 'NONE',  ( 2.999999999999999556, -0.04999999999999933664, -3.872150616019609307E-19 ) ) ;
#69 = CARTESIAN_POINT ( 'NONE',  ( 0.5787711867474394367, 1.189999999999999725, -0.4869169078132515871 ) ) ;
#70 = SURFACE_STYLE_FILL_AREA ( #2391 ) ;
#71 = EDGE_CURVE ( 'NONE', #3927, #7280, #9571, .T. ) ;
#72 = DIRECTION ( 'NONE',  ( -0.0000000000000000000, -1.000000000000000000, -0.0000000000000000000 ) ) ;
#73 = CARTESIAN_POINT ( 'NONE',  ( 0.6157563484208706805, 1.190099999999999936, -0.4460660041797590569 ) ) ;
#74 = ORIENTED_EDGE ( 'NONE', *, *, #4587, .T. ) ;
#75 = CARTESIAN_POINT ( 'NONE',  ( 4.000000000000000888, -0.05000000000000000278, 1.599999999999998979 ) ) ;
#76 = DIRECTION ( 'NONE',  ( 0.0000000000000000000, 0.0000000000000000000, 1.000000000000000000 ) ) ;
#77 = CARTESIAN_POINT ( 'NONE',  ( -2.999999999999999556, -1.239228125389295609, 0.9412483332641250477 ) ) ;
#78 = CARTESIAN_POINT ( 'NONE',  ( -1.144492265057710512, 1.190099999999999936, -0.3373573544776308775 ) ) ;
#79 = CARTESIAN_POINT ( 'NONE',  ( 4.000000000000000888, 0.05000000000000000278, -1.599999999999998979 ) ) ;
#80 = VERTEX_POINT ( 'NONE', #3306 ) ;
#81 = DIRECTION ( 'NONE',  ( 0.0000000000000000000, 0.9845625077859065932, 0.1750333347174941045 ) ) ;
#82 = CARTESIAN_POINT ( 'NONE',  ( 0.8224242588091774664, 1.190099999999999714, 0.09977867750827210114 ) ) ;
#83 = CARTESIAN_POINT ( 'NONE',  ( -0.6180787706459119901, 1.190099999999999936, -0.5556888144853866507 ) ) ;
#84 = ADVANCED_FACE ( 'NONE', ( #1919 ), #990, .F. ) ;
#85 = ORIENTED_EDGE ( 'NONE', *, *, #5808, .F. ) ;
#86 = DIRECTION ( 'NONE',  ( 0.0000000000000000000, 0.0000000000000000000, -1.000000000000000000 ) ) ;
#87 = CARTESIAN_POINT ( 'NONE',  ( -1.015904718798430917, 1.189999999999999725, -0.4135095297742831244 ) ) ;
#88 = SURFACE_STYLE_USAGE ( .BOTH. , #7132 ) ;
#89 = FACE_BOUND ( 'NONE', #6332, .T. ) ;
#90 = FACE_OUTER_BOUND ( 'NONE', #3637, .T. ) ;
#91 = CARTESIAN_POINT ( 'NONE',  ( -1.066248608295073064, 1.190100000000000158, -0.5671964075083075763 ) ) ;
#92 = CARTESIAN_POINT ( 'NONE',  ( -0.4874316543367481769, 1.189999999999999725, -0.3014326650975499566 ) ) ;
#93 = FACE_OUTER_BOUND ( 'NONE', #4038, .T. ) ;
#94 = EDGE_CURVE ( 'NONE', #4530, #6803, #6883, .T. ) ;
#95 = EDGE_CURVE ( 'NONE', #9811, #4530, #2722, .T. ) ;
#96 = CARTESIAN_POINT ( 'NONE',  ( -1.193134939677402473, 1.189999999999999947, -0.7064420284787633619 ) ) ;
#97 = CARTESIAN_POINT ( 'NONE',  ( -0.7457771200053256999, 1.190099999999999936, -0.4719859278059410079 ) ) ;
#98 = CARTESIAN_POINT ( 'NONE',  ( 0.7245052471812269967, 1.189999999999999725, 0.2801031225350935072 ) ) ;
#99 = CARTESIAN_POINT ( 'NONE',  ( -1.056967149974327391, 1.190099999999999714, -0.6524614883629352713 ) ) ;
#100 = ORIENTED_EDGE ( 'NONE', *, *, #217, .T. ) ;
#101 = CARTESIAN_POINT ( 'NONE',  ( 0.04811891108577828063, 1.190100000000000158, -0.3255323608519974377 ) ) ;
#102 = ORIENTED_EDGE ( 'NONE', *, *, #2234, .F. ) ;
#103 = CARTESIAN_POINT ( 'NONE',  ( 0.5785818543536489500, 1.190000000000000391, -0.5292775944726076931 ) ) ;
#104 = CARTESIAN_POINT ( 'NONE',  ( -1.117205086354492893, 1.190100000000000158, -0.5036437566831113433 ) ) ;
#105 = CARTESIAN_POINT ( 'NONE',  ( 0.8143476702325430638, 1.189999999999999725, 0.09978216870696349217 ) ) ;
#106 = FACE_OUTER_BOUND ( 'NONE', #6463, .T. ) ;
#107 = CARTESIAN_POINT ( 'NONE',  ( 0.05307985817974265885, 1.190000000000000169, -0.3859448477017538570 ) ) ;
#108 = ORIENTED_EDGE ( 'NONE', *, *, #6506, .T. ) ;
#109 = DIRECTION ( 'NONE',  ( 0.0000000000000000000, 0.0000000000000000000, 1.000000000000000000 ) ) ;
#110 = DIRECTION ( 'NONE',  ( 0.0000000000000000000, 0.9902680687415703620, 0.1391731009600657432 ) ) ;
#111 = B_SPLINE_SURFACE_WITH_KNOTS ( 'NONE', 3, 1, ( 
 ( #6704, #8301 ),
 ( #8105, #2186 ),
 ( #2795, #1255 ),
 ( #2597, #1363 ),
 ( #5719, #5306 ),
 ( #5255, #427 ),
 ( #7320, #6084 ) ),
 .UNSPECIFIED., .F., .F., .F.,
 ( 4, 1, 1, 1, 4 ),
 ( 2, 2 ),
 ( 0.0000000000000000000, 0.2613143318069801602, 0.5129744301794494366, 0.7575391406477348655, 1.000000000000000000 ),
 ( 0.0000000000000000000, 1.000000000000000000 ),
 .UNSPECIFIED. ) ;
#112 = CARTESIAN_POINT ( 'NONE',  ( 2.499999999999999556, -1.230654267715320715, 1.749999999999999778 ) ) ;
#113 = ORIENTED_EDGE ( 'NONE', *, *, #3921, .T. ) ;
#114 = EDGE_CURVE ( 'NONE', #2755, #6733, #3401, .T. ) ;
#115 = DIRECTION ( 'NONE',  ( -1.000000000000000000, -0.0000000000000000000, 1.355252715606880296E-16 ) ) ;
#116 = DIRECTION ( 'NONE',  ( 1.704378926181559679E-17, 0.9902680687415703620, -0.1391731009600657432 ) ) ;
#117 = CARTESIAN_POINT ( 'NONE',  ( -0.7005949061257920052, 1.189999999999999725, -0.4559960576946995303 ) ) ;
#118 = DIRECTION ( 'NONE',  ( 1.355252715606880296E-16, -0.0000000000000000000, 1.000000000000000000 ) ) ;
#119 = CARTESIAN_POINT ( 'NONE',  ( 0.4948084946347504620, 1.190100000000000158, -0.6754497304233567645 ) ) ;
#120 = ORIENTED_EDGE ( 'NONE', *, *, #1211, .F. ) ;
#121 = CARTESIAN_POINT ( 'NONE',  ( 0.5187013265000526285, 1.189999999999999725, -0.5062179680830134476 ) ) ;
#122 = ORIENTED_EDGE ( 'NONE', *, *, #2192, .T. ) ;
#123 = ADVANCED_FACE ( 'NONE', ( #9620 ), #8085, .F. ) ;
#124 = DIRECTION ( 'NONE',  ( 1.000000000000000000, -0.0000000000000000000, -0.0000000000000000000 ) ) ;
#125 = CARTESIAN_POINT ( 'NONE',  ( 0.8114671610838271043, 1.189999999999999947, 0.1407076401688113765 ) ) ;
#126 = VECTOR ( 'NONE', #10112, 1000.000000000000000 ) ;
#127 = CARTESIAN_POINT ( 'NONE',  ( 0.04616229042964499485, 1.190099999999999936, -0.4085227875872123882 ) ) ;
#128 = CARTESIAN_POINT ( 'NONE',  ( 2.999999999999999556, -0.1000000000000004358, 1.750000000000000000 ) ) ;
#129 = FACE_OUTER_BOUND ( 'NONE', #9315, .T. ) ;
#130 = ORIENTED_EDGE ( 'NONE', *, *, #3729, .T. ) ;
#131 = CARTESIAN_POINT ( 'NONE',  ( -1.226548307677625127, 1.190100000000000158, -0.3746142341309081081 ) ) ;
#132 = LINE ( 'NONE', #4144, #4625 ) ;
#133 = DIRECTION ( 'NONE',  ( 1.000000000000000000, 0.0000000000000000000, 0.0000000000000000000 ) ) ;
#134 = ORIENTED_EDGE ( 'NONE', *, *, #6801, .T. ) ;
#135 = VECTOR ( 'NONE', #6742, 1000.000000000000000 ) ;
#136 = CARTESIAN_POINT ( 'NONE',  ( -1.015648914877120834, 1.190100000000000158, -0.4218256713956846649 ) ) ;
#137 = CARTESIAN_POINT ( 'NONE',  ( -1.015648914877120834, 1.190000000000000169, -0.4218256713956846649 ) ) ;
#138 = EDGE_CURVE ( 'NONE', #4590, #8612, #6075, .T. ) ;
#139 = ORIENTED_EDGE ( 'NONE', *, *, #3898, .F. ) ;
#140 = DIRECTION ( 'NONE',  ( 0.1391731009600657432, 0.9902680687415702510, 9.417989398882682887E-17 ) ) ;
#141 = CARTESIAN_POINT ( 'NONE',  ( -0.4874339144475267616, 1.189999999999999947, -0.3678506320580767208 ) ) ;
#142 = CARTESIAN_POINT ( 'NONE',  ( 0.2293654712348811298, 1.190100000000000158, -0.3725240856677473622 ) ) ;
#143 = CARTESIAN_POINT ( 'NONE',  ( -0.9097425838576239654, 1.189999999999999947, -0.6111827833558796108 ) ) ;
#144 = VECTOR ( 'NONE', #3640, 1000.000000000000000 ) ;
#145 = CARTESIAN_POINT ( 'NONE',  ( -1.194073279560498912, 1.189999999999999725, -0.3492525214129419964 ) ) ;
#146 = CARTESIAN_POINT ( 'NONE',  ( -0.0001252302874744534950, 1.189999999999999947, -0.4221024719267981729 ) ) ;
#147 = ORIENTED_EDGE ( 'NONE', *, *, #7557, .T. ) ;
#148 = VECTOR ( 'NONE', #1970, 1000.000000000000000 ) ;
#149 = CARTESIAN_POINT ( 'NONE',  ( -0.7507408334772478486, 1.189999999999999725, -0.7165926775423309136 ) ) ;
#150 = DIRECTION ( 'NONE',  ( -1.000000000000000000, 0.0000000000000000000, 0.0000000000000000000 ) ) ;
#151 = CARTESIAN_POINT ( 'NONE',  ( 0.4348057820234919602, 1.190000000000000613, -0.3054728398486021845 ) ) ;
#152 = AXIS2_PLACEMENT_3D ( 'NONE', #3744, #5906, #9965 ) ;
#153 = CARTESIAN_POINT ( 'NONE',  ( -4.000000000000000888, 0.05000000000000000278, -1.599999999999997868 ) ) ;
#154 = EDGE_CURVE ( 'NONE', #7214, #1393, #2631, .T. ) ;
#155 = ORIENTED_EDGE ( 'NONE', *, *, #8077, .F. ) ;
#156 = ADVANCED_FACE ( 'NONE', ( #1089 ), #4221, .T. ) ;
#157 = CARTESIAN_POINT ( 'NONE',  ( 0.5617730311639985707, 1.190000000000000613, -0.6649556133899747756 ) ) ;
#158 = FACE_OUTER_BOUND ( 'NONE', #8263, .T. ) ;
#159 = CARTESIAN_POINT ( 'NONE',  ( 1.548453649225443707, 1.189999999999999947, -0.3064410560110692461 ) ) ;
#160 = CARTESIAN_POINT ( 'NONE',  ( -1.137082112356754271, 1.189999999999999947, -0.6755160844081863347 ) ) ;
#161 = CARTESIAN_POINT ( 'NONE',  ( 0.2441678096615973736, 1.189999999999999725, -0.4007062828145834810 ) ) ;
#162 = ORIENTED_EDGE ( 'NONE', *, *, #329, .T. ) ;
#163 = CARTESIAN_POINT ( 'NONE',  ( -1.108096983725640028, 1.190000000000000391, -0.3386918125789229461 ) ) ;
#164 = VECTOR ( 'NONE', #4448, 1000.000000000000000 ) ;
#165 = DIRECTION ( 'NONE',  ( -0.0000000000000000000, -1.000000000000000000, -0.0000000000000000000 ) ) ;
#166 =( GEOMETRIC_REPRESENTATION_CONTEXT ( 3 ) GLOBAL_UNCERTAINTY_ASSIGNED_CONTEXT ( ( #2917 ) ) GLOBAL_UNIT_ASSIGNED_CONTEXT ( ( #4469, #1388, #608 ) ) REPRESENTATION_CONTEXT ( 'NONE', 'WORKASPACE' ) );
#167 = CARTESIAN_POINT ( 'NONE',  ( -1.154110453338659026, 1.189999999999999947, -0.5474666970367102481 ) ) ;
#168 = ORIENTED_EDGE ( 'NONE', *, *, #7197, .T. ) ;
#169 = MECHANICAL_DESIGN_GEOMETRIC_PRESENTATION_REPRESENTATION (  '', ( #3297 ), #7222 ) ;
#170 = CARTESIAN_POINT ( 'NONE',  ( -0.4752248710743507409, 1.190099999999999714, -0.3035826238908035379 ) ) ;
#171 = LINE ( 'NONE', #21, #6915 ) ;
#172 = LINE ( 'NONE', #791, #846 ) ;
#173 =( LENGTH_UNIT ( ) NAMED_UNIT ( * ) SI_UNIT ( .MILLI., .METRE. ) );
#174 = COLOUR_RGB ( '',0.2509803921568627416, 0.2509803921568627416, 0.2509803921568627416 ) ;
#175 = DIRECTION ( 'NONE',  ( -0.0000000000000000000, -1.000000000000000000, -0.0000000000000000000 ) ) ;
#176 = CARTESIAN_POINT ( 'NONE',  ( 0.5013638900008234867, 1.190099999999999936, -0.6755968649961983097 ) ) ;
#177 = CARTESIAN_POINT ( 'NONE',  ( 0.9336858430885226490, 1.189999999999999947, 0.2862938191049630987 ) ) ;
#178 = ORIENTED_EDGE ( 'NONE', *, *, #2370, .F. ) ;
#179 = CARTESIAN_POINT ( 'NONE',  ( 0.7275630206013550261, 1.189999999999999947, 0.1595912051024144518 ) ) ;
#180 = CARTESIAN_POINT ( 'NONE',  ( 0.05307985817974265885, 1.190100000000000158, -0.3859448477017538570 ) ) ;
#181 = VECTOR ( 'NONE', #6260, 1000.000000000000000 ) ;
#182 = CYLINDRICAL_SURFACE ( 'NONE', #7443, 0.05000000000000056483 ) ;
#183 = CARTESIAN_POINT ( 'NONE',  ( 0.9284543405710066200, 1.190099999999999936, -0.03877953931836808366 ) ) ;
#184 = ORIENTED_EDGE ( 'NONE', *, *, #3554, .T. ) ;
#185 = FACE_OUTER_BOUND ( 'NONE', #10128, .T. ) ;
#186 = CARTESIAN_POINT ( 'NONE',  ( 0.8165844403442772403, 1.189999999999999947, 0.3301727274762689679 ) ) ;
#187 = CARTESIAN_POINT ( 'NONE',  ( -0.6354577306752422494, 1.190099999999999714, -0.5245463029256888232 ) ) ;
#188 = ORIENTED_EDGE ( 'NONE', *, *, #3299, .T. ) ;
#189 = EDGE_CURVE ( 'NONE', #9766, #6966, #2952, .T. ) ;
#190 = VECTOR ( 'NONE', #7746, 1000.000000000000000 ) ;
#191 = CARTESIAN_POINT ( 'NONE',  ( -0.6844727798118075413, 1.190100000000000158, -0.5308128522820305673 ) ) ;
#192 = LINE ( 'NONE', #8880, #5062 ) ;
#193 = VERTEX_POINT ( 'NONE', #1198 ) ;
#194 = CARTESIAN_POINT ( 'NONE',  ( 2.999999999999999556, -1.230654267715319827, 1.800000000000000266 ) ) ;
#195 = DIRECTION ( 'NONE',  ( 0.0000000000000000000, -0.0000000000000000000, 1.000000000000000000 ) ) ;
#196 = CARTESIAN_POINT ( 'NONE',  ( -1.131674555902761670, 1.190000000000000391, -0.6756718252418384418 ) ) ;
#197 = CARTESIAN_POINT ( 'NONE',  ( 1.451531263647929615, 1.189999999999999947, -0.03877953931836808366 ) ) ;
#198 = AXIS2_PLACEMENT_3D ( 'NONE', #8851, #5815, #9002 ) ;
#199 = CARTESIAN_POINT ( 'NONE',  ( -0.5162810644581758979, 1.190100000000000158, -0.3590997055407153526 ) ) ;
#200 = CARTESIAN_POINT ( 'NONE',  ( -0.3493828892360948957, 1.190099999999999936, -0.3134122098572230675 ) ) ;
#201 = B_SPLINE_SURFACE_WITH_KNOTS ( 'NONE', 3, 1, ( 
 ( #3901, #9458 ),
 ( #3193, #6330 ),
 ( #2415, #5537 ),
 ( #1750, #7242 ),
 ( #8020, #1803 ),
 ( #8839, #4877 ),
 ( #4104, #980 ),
 ( #7402, #4267 ),
 ( #301, #1080 ),
 ( #4327, #4212 ),
 ( #9562, #6584 ),
 ( #7460, #361 ),
 ( #8989, #1910 ),
 ( #6640, #9720 ),
 ( #8893, #2522 ),
 ( #2679, #7293 ),
 ( #3502, #3345 ),
 ( #6430, #9768 ),
 ( #7343, #5640 ) ),
 .UNSPECIFIED., .F., .F., .F.,
 ( 4, 1, 1, 1, 1, 1, 1, 1, 1, 1, 1, 1, 1, 1, 1, 1, 4 ),
 ( 2, 2 ),
 ( 0.0000000000000000000, 0.05567403469474974109, 0.1100909038627725656, 0.1635028111028379860, 0.2169961249696786554, 0.2701419392219776561, 0.3236981925915560221, 0.3780479537039595495, 0.4333069579889510803, 0.4909042557583539468, 0.5512251465144850648, 0.6150752649274696671, 0.6832133594847293878, 0.7555153062196978686, 0.8324066895490680462, 0.9139218608682637690, 1.000000000000000000 ),
 ( 0.0000000000000000000, 1.000000000000000000 ),
 .UNSPECIFIED. ) ;
#202 = ORIENTED_EDGE ( 'NONE', *, *, #817, .T. ) ;
#203 = CARTESIAN_POINT ( 'NONE',  ( 0.4368518873041347672, 1.189999999999999947, -0.6573982336891598388 ) ) ;
#204 = EDGE_CURVE ( 'NONE', #436, #5946, #7513, .T. ) ;
#205 = CARTESIAN_POINT ( 'NONE',  ( -1.132235453338658937, 1.190099999999999936, -0.7166974662674795438 ) ) ;
#206 = DIRECTION ( 'NONE',  ( 0.0000000000000000000, -0.9845625077859065932, 0.1750333347174949927 ) ) ;
#207 = DIRECTION ( 'NONE',  ( 0.6233545891419999263, 0.0000000000000000000, -0.7819392918862746455 ) ) ;
#208 = VECTOR ( 'NONE', #280, 1000.000000000000000 ) ;
#209 = ORIENTED_EDGE ( 'NONE', *, *, #7937, .F. ) ;
#210 = CARTESIAN_POINT ( 'NONE',  ( -0.0001252302874744534950, 1.190099999999999936, -0.4221024719267981729 ) ) ;
#211 = CARTESIAN_POINT ( 'NONE',  ( 0.5237930769157148614, 1.189999999999999947, -0.2966104523472530285 ) ) ;
#212 = CARTESIAN_POINT ( 'NONE',  ( 0.6078270103888026021, 1.190100000000000158, -0.5454606830955125440 ) ) ;
#213 = DIRECTION ( 'NONE',  ( -5.421010862427526114E-16, -0.0000000000000000000, -1.000000000000000000 ) ) ;
#214 = CARTESIAN_POINT ( 'NONE',  ( 0.2419878711395794801, 1.189999999999999725, -0.3931667873621065845 ) ) ;
#215 = VERTEX_POINT ( 'NONE', #3511 ) ;
#216 = CARTESIAN_POINT ( 'NONE',  ( -1.085376358285210729, 1.190000000000000169, -0.3433847334328040124 ) ) ;
#217 = EDGE_CURVE ( 'NONE', #8612, #254, #9826, .T. ) ;
#218 =( NAMED_UNIT ( * ) PLANE_ANGLE_UNIT ( ) SI_UNIT ( $, .RADIAN. ) );
#219 = LINE ( 'NONE', #5762, #7895 ) ;
#220 = LINE ( 'NONE', #1820, #9840 ) ;
#221 = ORIENTED_EDGE ( 'NONE', *, *, #6296, .F. ) ;
#222 = LINE ( 'NONE', #5001, #1694 ) ;
#223 = CARTESIAN_POINT ( 'NONE',  ( -1.177739117752228726, 1.190099999999999492, -0.3002584201621608662 ) ) ;
#224 = CARTESIAN_POINT ( 'NONE',  ( -0.6685403073394262652, 1.190099999999999714, -0.4867656008825117508 ) ) ;
#225 = ADVANCED_FACE ( 'NONE', ( #4433 ), #2075, .T. ) ;
#226 = EDGE_CURVE ( 'NONE', #8987, #10031, #6076, .T. ) ;
#227 = CARTESIAN_POINT ( 'NONE',  ( 0.8705558466079248436, 1.190099999999999936, 0.3083114416399329039 ) ) ;
#228 = ORIENTED_EDGE ( 'NONE', *, *, #3498, .T. ) ;
#229 = CARTESIAN_POINT ( 'NONE',  ( -0.8657017840963107114, 1.190100000000000158, -0.5938897886605114529 ) ) ;
#230 = ORIENTED_EDGE ( 'NONE', *, *, #5711, .T. ) ;
#231 = CARTESIAN_POINT ( 'NONE',  ( 0.9078662652625918428, 1.190000000000000169, 0.2258002648919566202 ) ) ;
#232 = FACE_OUTER_BOUND ( 'NONE', #8622, .T. ) ;
#233 = CARTESIAN_POINT ( 'NONE',  ( -0.8164772366142718507, 1.190100000000000158, -0.7075529071732825637 ) ) ;
#234 = LINE ( 'NONE', #1630, #1988 ) ;
#235 = VERTEX_POINT ( 'NONE', #468 ) ;
#236 = CARTESIAN_POINT ( 'NONE',  ( 0.5047036492254438622, 1.190099999999999936, -0.6756718252418384418 ) ) ;
#237 = CARTESIAN_POINT ( 'NONE',  ( 0.8179575456992117521, 1.190099999999999936, 0.09968199914317038557 ) ) ;
#238 = CARTESIAN_POINT ( 'NONE',  ( -0.6105207097489153689, 1.190099999999999936, -0.5966654149854283551 ) ) ;
#239 = VERTEX_POINT ( 'NONE', #371 ) ;
#240 = CARTESIAN_POINT ( 'NONE',  ( 0.5785818543536489500, 1.190099999999999936, -0.5292775944726076931 ) ) ;
#241 = UNCERTAINTY_MEASURE_WITH_UNIT (LENGTH_MEASURE( 1.000000000000000082E-05 ), #7151, 'distance_accuracy_value', 'NONE');
#242 = CARTESIAN_POINT ( 'NONE',  ( 0.7643517764684425453, 1.189999999999999947, -0.03877953931836808366 ) ) ;
#243 = CARTESIAN_POINT ( 'NONE',  ( 0.05725673501282008832, 1.190099999999999270, -0.4542906192137793342 ) ) ;
#244 = FACE_OUTER_BOUND ( 'NONE', #9645, .T. ) ;
#245 = CARTESIAN_POINT ( 'NONE',  ( -0.8300148213363366390, 1.189999999999999725, -0.7022554023462568296 ) ) ;
#246 = CARTESIAN_POINT ( 'NONE',  ( -0.6843667874046649446, 1.190099999999999936, -0.7029773302460367024 ) ) ;
#247 = CARTESIAN_POINT ( 'NONE',  ( -0.7994083463647843057, 1.190000000000000169, -0.6697543917642030387 ) ) ;
#248 = CARTESIAN_POINT ( 'NONE',  ( -0.4541337183128894006, 1.189999999999999725, -0.3476996845340786235 ) ) ;
#249 = ORIENTED_EDGE ( 'NONE', *, *, #3868, .T. ) ;
#250 = CARTESIAN_POINT ( 'NONE',  ( -1.036161735389941274, 1.190100000000000158, -0.6129314406264539938 ) ) ;
#251 = CARTESIAN_POINT ( 'NONE',  ( -1.113367545524613700, 1.189999999999999725, -0.7162294463383382936 ) ) ;
#252 = LINE ( 'NONE', #7344, #4234 ) ;
#253 = CARTESIAN_POINT ( 'NONE',  ( 0.6663439550406521361, 1.189999999999999947, -0.4257016366550787079 ) ) ;
#254 = VERTEX_POINT ( 'NONE', #6797 ) ;
#255 = CARTESIAN_POINT ( 'NONE',  ( 0.8064190841607502547, 1.189999999999999947, 0.3304512299124011676 ) ) ;
#256 = DIRECTION ( 'NONE',  ( 5.421010862427526114E-16, -0.0000000000000000000, 1.000000000000000000 ) ) ;
#257 = EDGE_CURVE ( 'NONE', #8256, #3267, #1109, .T. ) ;
#258 = FACE_OUTER_BOUND ( 'NONE', #6750, .T. ) ;
#259 = CARTESIAN_POINT ( 'NONE',  ( 0.2012398565343739565, 1.190000000000000169, -0.3501531656535831205 ) ) ;
#260 = EDGE_LOOP ( 'NONE', ( #6477, #7853, #1107, #8873 ) ) ;
#261 = PLANE ( 'NONE',  #198 ) ;
#262 = CARTESIAN_POINT ( 'NONE',  ( -0.9748810642038279184, 1.190000000000001279, -0.3920838255074528544 ) ) ;
#263 = CARTESIAN_POINT ( 'NONE',  ( -2.499999999999999556, -0.09999999999999933942, -1.750000000000000000 ) ) ;
#264 = DIRECTION ( 'NONE',  ( -0.0000000000000000000, -1.000000000000000000, -0.0000000000000000000 ) ) ;
#265 = ORIENTED_EDGE ( 'NONE', *, *, #9020, .T. ) ;
#266 = EDGE_CURVE ( 'NONE', #4396, #2853, #9973, .T. ) ;
#267 = B_SPLINE_CURVE_WITH_KNOTS ( 'NONE', 3,
 ( #7300, #160, #1811, #5601, #4220, #2630, #6438, #7353, #936, #2529, #7147, #8751, #6594, #4061, #9570 ),
 .UNSPECIFIED., .F., .F.,
 ( 4, 1, 1, 1, 1, 1, 1, 1, 1, 1, 1, 1, 4 ),
 ( 0.0000000000000000000, 0.1305221758039699365, 0.2536730297702119441, 0.3712187095061601494, 0.4857818892354512363, 0.5432330978858879167, 0.6011785118272849893, 0.6610286831815432862, 0.7235725278149340856, 0.7882626247779309647, 0.8553906565030748865, 0.9261063328335678024, 1.000000000000000000 ),
 .UNSPECIFIED. ) ;
#268 = CARTESIAN_POINT ( 'NONE',  ( -0.0002642994925050514560, 1.189999999999999947, -0.4179795175495307769 ) ) ;
#269 = CARTESIAN_POINT ( 'NONE',  ( -0.6105207097489153689, 1.190099999999999936, -0.5966654149854283551 ) ) ;
#270 = EDGE_CURVE ( 'NONE', #7806, #9946, #6748, .T. ) ;
#271 = CARTESIAN_POINT ( 'NONE',  ( 2.499999999999999556, -0.1000000000000000888, -1.800000000000000266 ) ) ;
#272 = CARTESIAN_POINT ( 'NONE',  ( 1.377572930314596267, 1.190099999999999936, -0.03877953931836808366 ) ) ;
#273 = CARTESIAN_POINT ( 'NONE',  ( -1.033770458267643466, 1.190099999999999936, -0.5244224225188141020 ) ) ;
#274 = CARTESIAN_POINT ( 'NONE',  ( 0.4250641127361379223, 1.190100000000000158, -0.6478341311158396509 ) ) ;
#275 = CARTESIAN_POINT ( 'NONE',  ( 0.5047036492254438622, 1.189999999999999947, -0.3372102867802999615 ) ) ;
#276 = EDGE_LOOP ( 'NONE', ( #1118, #850, #2178, #4821 ) ) ;
#277 = EDGE_CURVE ( 'NONE', #3741, #8130, #9107, .T. ) ;
#278 = EDGE_CURVE ( 'NONE', #5775, #1935, #7468, .T. ) ;
#279 = DIRECTION ( 'NONE',  ( 0.0000000000000000000, 0.0000000000000000000, 1.000000000000000000 ) ) ;
#280 = DIRECTION ( 'NONE',  ( -1.000000000000000000, -0.0000000000000000000, 1.355252715606880296E-16 ) ) ;
#281 = CARTESIAN_POINT ( 'NONE',  ( 1.322812623584417979, 1.189999999999999947, -0.4353673380623513944 ) ) ;
#282 = ORIENTED_EDGE ( 'NONE', *, *, #6947, .T. ) ;
#283 = DIRECTION ( 'NONE',  ( 1.000000000000000000, 0.0000000000000000000, -1.355252715606880543E-16 ) ) ;
#284 = CARTESIAN_POINT ( 'NONE',  ( 0.8440570981598931599, 1.190000000000000613, 0.1017941255513045012 ) ) ;
#285 = CARTESIAN_POINT ( 'NONE',  ( 0.4070488545714565642, 1.190099999999999492, -0.3176035195303641423 ) ) ;
#286 = ORIENTED_EDGE ( 'NONE', *, *, #4551, .F. ) ;
#287 = ORIENTED_EDGE ( 'NONE', *, *, #4230, .T. ) ;
#288 = CARTESIAN_POINT ( 'NONE',  ( -0.9904419263425902065, 1.190100000000000158, -0.6002005357041496625 ) ) ;
#289 = VECTOR ( 'NONE', #6135, 1000.000000000000000 ) ;
#290 = FACE_OUTER_BOUND ( 'NONE', #6638, .T. ) ;
#291 = CARTESIAN_POINT ( 'NONE',  ( -0.4824362475873543166, 1.190000000000000169, -0.3676003861146209251 ) ) ;
#292 = CARTESIAN_POINT ( 'NONE',  ( 0.0000000000000000000, 0.0000000000000000000, 0.0000000000000000000 ) ) ;
#293 = CARTESIAN_POINT ( 'NONE',  ( -0.7403681004815790834, 1.190099999999999936, -0.7163873105033371491 ) ) ;
#294 = CARTESIAN_POINT ( 'NONE',  ( -1.128695046605278529, 1.190000000000001279, -0.5048394443205653781 ) ) ;
#295 = CARTESIAN_POINT ( 'NONE',  ( -0.7252208069745219587, 1.190000000000000169, -0.7146967011561317085 ) ) ;
#296 = CARTESIAN_POINT ( 'NONE',  ( -0.8464834456969753118, 1.190000000000000613, -0.6382261132693400896 ) ) ;
#297 = CARTESIAN_POINT ( 'NONE',  ( 0.05175170712969182074, 1.190099999999999936, -0.5310780193500145296 ) ) ;
#298 = VECTOR ( 'NONE', #6482, 1000.000000000000000 ) ;
#299 = ORIENTED_EDGE ( 'NONE', *, *, #8015, .F. ) ;
#300 = CARTESIAN_POINT ( 'NONE',  ( -1.093915125432054491, 1.190099999999999714, -0.6711786240149366645 ) ) ;
#301 = CARTESIAN_POINT ( 'NONE',  ( 0.3587119653171466638, 1.190099999999999936, -0.4740108752004581483 ) ) ;
#302 = AXIS2_PLACEMENT_3D ( 'NONE', #2493, #118, #9583 ) ;
#303 = CARTESIAN_POINT ( 'NONE',  ( -1.085562660632972243, 1.190100000000000158, -0.6685173246232657407 ) ) ;
#304 = EDGE_CURVE ( 'NONE', #9945, #5248, #1974, .T. ) ;
#305 = CARTESIAN_POINT ( 'NONE',  ( 2.499999999999999556, 0.05000000000000000278, -1.599999999999998757 ) ) ;
#306 = EDGE_LOOP ( 'NONE', ( #9779, #5092, #7123, #1553 ) ) ;
#307 =( GEOMETRIC_REPRESENTATION_CONTEXT ( 3 ) GLOBAL_UNCERTAINTY_ASSIGNED_CONTEXT ( ( #7649 ) ) GLOBAL_UNIT_ASSIGNED_CONTEXT ( ( #1122, #1899, #7229 ) ) REPRESENTATION_CONTEXT ( 'NONE', 'WORKASPACE' ) );
#308 = CARTESIAN_POINT ( 'NONE',  ( 0.6511785587512202156, 1.190100000000000158, -0.4760398796458437110 ) ) ;
#309 = DIRECTION ( 'NONE',  ( -0.0000000000000000000, -1.000000000000000000, -0.0000000000000000000 ) ) ;
#310 = CARTESIAN_POINT ( 'NONE',  ( 0.1424951176058951718, 1.189999999999999947, -0.3372988988971967750 ) ) ;
#311 = CARTESIAN_POINT ( 'NONE',  ( -0.5283258777699360031, 1.190099999999999714, -0.3324406523057818474 ) ) ;
#312 = CARTESIAN_POINT ( 'NONE',  ( 0.2234805504270625798, 1.190000000000000169, -0.3661482358701814710 ) ) ;
#313 = VERTEX_POINT ( 'NONE', #3560 ) ;
#314 = CARTESIAN_POINT ( 'NONE',  ( 0.3928797330041638447, 1.189999999999999281, -0.3971393981834026587 ) ) ;
#315 = VECTOR ( 'NONE', #3063, 1000.000000000000000 ) ;
#316 = CARTESIAN_POINT ( 'NONE',  ( -0.9815888171769476811, 1.190000000000001057, -0.3760371671078999167 ) ) ;
#317 = EDGE_CURVE ( 'NONE', #3243, #9349, #1351, .T. ) ;
#318 = VECTOR ( 'NONE', #6386, 1000.000000000000114 ) ;
#319 = CARTESIAN_POINT ( 'NONE',  ( 0.5071876235844181569, 1.190099999999999936, -0.7166974662674795438 ) ) ;
#320 = CARTESIAN_POINT ( 'NONE',  ( 1.276658777430572211, 1.190099999999999936, -0.3064410560110692461 ) ) ;
#321 = VERTEX_POINT ( 'NONE', #8240 ) ;
#322 = LINE ( 'NONE', #6656, #1478 ) ;
#323 = COLOUR_RGB ( '',0.2509803921568627416, 0.2509803921568627416, 0.2509803921568627416 ) ;
#324 = CARTESIAN_POINT ( 'NONE',  ( -1.133196991800197395, 1.190099999999999936, -0.3372102867802999615 ) ) ;
#325 = CARTESIAN_POINT ( 'NONE',  ( 1.465841469738264236, 1.190099999999999936, -0.5987487483187616810 ) ) ;
#326 = DIRECTION ( 'NONE',  ( -1.000000000000000000, -0.0000000000000000000, -0.0000000000000000000 ) ) ;
#327 = DIRECTION ( 'NONE',  ( 0.0000000000000000000, -0.9845625077859065932, -0.1750333347174947429 ) ) ;
#328 = CARTESIAN_POINT ( 'NONE',  ( 1.481786982558777055, 1.190099999999999936, -0.3064410560110692461 ) ) ;
#329 = EDGE_CURVE ( 'NONE', #2905, #8045, #7621, .T. ) ;
#330 = PRESENTATION_LAYER_ASSIGNMENT (  '', '', ( #9203 ) ) ;
#331 = ORIENTED_EDGE ( 'NONE', *, *, #317, .F. ) ;
#332 = VECTOR ( 'NONE', #2401, 1000.000000000000000 ) ;
#333 = CARTESIAN_POINT ( 'NONE',  ( -0.5283258777699360031, 1.189999999999999281, -0.3324406523057818474 ) ) ;
#334 = ORIENTED_EDGE ( 'NONE', *, *, #7572, .T. ) ;
#335 = CARTESIAN_POINT ( 'NONE',  ( -0.8518368217810995402, 1.190099999999999714, -0.6305267449790480372 ) ) ;
#336 = VERTEX_POINT ( 'NONE', #1401 ) ;
#337 = CARTESIAN_POINT ( 'NONE',  ( 0.1213341531133012852, 1.190000000000000169, -0.5348115836201201567 ) ) ;
#338 = DIRECTION ( 'NONE',  ( 0.0000000000000000000, -0.9845625077859065932, 0.1750333347174941323 ) ) ;
#339 = CARTESIAN_POINT ( 'NONE',  ( 0.3898396535803315133, 1.189999999999999947, -0.4270912984515877753 ) ) ;
#340 = PRESENTATION_LAYER_ASSIGNMENT (  '', '', ( #835 ) ) ;
#341 = ORIENTED_EDGE ( 'NONE', *, *, #2179, .T. ) ;
#342 = PLANE ( 'NONE',  #5920 ) ;
#343 = VECTOR ( 'NONE', #5105, 1000.000000000000000 ) ;
#344 = CARTESIAN_POINT ( 'NONE',  ( 0.4095665920466583509, 1.190099999999999714, -0.5413668105128779384 ) ) ;
#345 = ADVANCED_FACE ( 'NONE', ( #3139 ), #9927, .T. ) ;
#346 = EDGE_CURVE ( 'NONE', #4557, #643, #5388, .T. ) ;
#347 = ORIENTED_EDGE ( 'NONE', *, *, #4864, .T. ) ;
#348 = ORIENTED_EDGE ( 'NONE', *, *, #916, .T. ) ;
#349 = CARTESIAN_POINT ( 'NONE',  ( -0.6659507335348241464, 1.190100000000000158, -0.5563539613018817498 ) ) ;
#350 = LINE ( 'NONE', #9031, #2936 ) ;
#351 = CARTESIAN_POINT ( 'NONE',  ( 0.08273184317287270162, 1.189999999999999725, -0.4785047853388192940 ) ) ;
#352 = CARTESIAN_POINT ( 'NONE',  ( -1.229631213041868731, 1.190000000000000391, -0.6168536224265070977 ) ) ;
#353 = CARTESIAN_POINT ( 'NONE',  ( -1.221461293225624356, 1.189999999999999947, -0.3687038168730726317 ) ) ;
#354 = CARTESIAN_POINT ( 'NONE',  ( -0.9696793719991960714, 1.189999999999999947, -0.4349595959914892562 ) ) ;
#355 = CARTESIAN_POINT ( 'NONE',  ( -0.8657017840963107114, 1.190000000000000169, -0.5938897886605114529 ) ) ;
#356 = CARTESIAN_POINT ( 'NONE',  ( 0.2919189665356990981, 1.190000000000000391, -0.4227945118406700731 ) ) ;
#357 = EDGE_LOOP ( 'NONE', ( #2394, #7041, #5144, #8952 ) ) ;
#358 = VECTOR ( 'NONE', #3179, 1000.000000000000000 ) ;
#359 = CARTESIAN_POINT ( 'NONE',  ( 0.4673156200527329163, 1.190000000000000169, -0.6712580407197632493 ) ) ;
#360 = EDGE_CURVE ( 'NONE', #5018, #9161, #2369, .T. ) ;
#361 = CARTESIAN_POINT ( 'NONE',  ( 0.3755116805167754146, 1.190000000000000169, -0.4942241190548125607 ) ) ;
#362 = ADVANCED_FACE ( 'NONE', ( #1548 ), #5077, .T. ) ;
#363 = DIRECTION ( 'NONE',  ( 0.0000000000000000000, -7.744301232039320687E-18, 1.000000000000000000 ) ) ;
#364 = CARTESIAN_POINT ( 'NONE',  ( -1.043960901324202606, 1.189999999999999947, -0.5330347842334665076 ) ) ;
#365 = B_SPLINE_CURVE_WITH_KNOTS ( 'NONE', 3,
 ( #410, #458, #2883, #5234, #6014, #9100, #2215, #4476, #3599, #567, #6739, #1287, #9145, #9869, #1342, #3551, #5966, #7614, #6832 ),
 .UNSPECIFIED., .F., .F.,
 ( 4, 1, 1, 1, 1, 1, 1, 1, 1, 1, 1, 1, 1, 1, 1, 1, 4 ),
 ( 0.0000000000000000000, 0.06542114375889261646, 0.1287083718818829992, 0.1902361418635389323, 0.2507244020335387957, 0.3106371794134437647, 0.3707664082897264013, 0.4316147444123529797, 0.4935229735663541062, 0.5558834553775334753, 0.6173423673185097771, 0.6786680390972751331, 0.7407113595451474408, 0.8029853625127444383, 0.8668025802655172640, 0.9323471713458872934, 1.000000000000000000 ),
 .UNSPECIFIED. ) ;
#366 = VERTEX_POINT ( 'NONE', #2411 ) ;
#367 = CARTESIAN_POINT ( 'NONE',  ( -1.161942357547540716, 1.190099999999999936, -0.08749748803631683669 ) ) ;
#368 = VECTOR ( 'NONE', #5398, 1000.000000000000000 ) ;
#369 = FACE_OUTER_BOUND ( 'NONE', #5819, .T. ) ;
#370 = CARTESIAN_POINT ( 'NONE',  ( 0.1458895466613411573, 1.190099999999999936, -0.3372102867802999615 ) ) ;
#371 = CARTESIAN_POINT ( 'NONE',  ( -4.000000000000000888, 0.05000000000000000278, -1.599999999999997868 ) ) ;
#372 = ORIENTED_EDGE ( 'NONE', *, *, #3431, .T. ) ;
#373 = CARTESIAN_POINT ( 'NONE',  ( 0.3546566151308638837, 1.190000000000000169, -0.4668490829034108724 ) ) ;
#374 = VECTOR ( 'NONE', #4415, 1000.000000000000000 ) ;
#375 = FACE_OUTER_BOUND ( 'NONE', #9079, .T. ) ;
#376 = CARTESIAN_POINT ( 'NONE',  ( -0.9130848123130180793, 1.190099999999999936, -0.5833641329341461290 ) ) ;
#377 = ORIENTED_EDGE ( 'NONE', *, *, #7227, .T. ) ;
#378 = CARTESIAN_POINT ( 'NONE',  ( -0.6568730387618760824, 1.190000000000000169, -0.5902364828733370761 ) ) ;
#379 = VECTOR ( 'NONE', #2196, 1000.000000000000000 ) ;
#380 = CARTESIAN_POINT ( 'NONE',  ( -0.7189392046603775288, 1.190100000000000158, -0.6698033857973720862 ) ) ;
#381 = DIRECTION ( 'NONE',  ( -1.000000000000000000, 0.0000000000000000000, -0.0000000000000000000 ) ) ;
#382 = CARTESIAN_POINT ( 'NONE',  ( -1.008194259555366568, 1.189999999999999947, -0.6640369873970111136 ) ) ;
#383 = CARTESIAN_POINT ( 'NONE',  ( -1.233860773129405786, 1.190099999999999936, -0.6833073034522749722 ) ) ;
#384 = CARTESIAN_POINT ( 'NONE',  ( -0.9247628703680533802, 1.189999999999999947, 0.3099384093995806166 ) ) ;
#385 = ORIENTED_EDGE ( 'NONE', *, *, #2437, .T. ) ;
#386 = CARTESIAN_POINT ( 'NONE',  ( -0.8254232655562276921, 1.190099999999999936, -0.6571968109802154290 ) ) ;
#387 = ORIENTED_EDGE ( 'NONE', *, *, #5103, .F. ) ;
#388 = CARTESIAN_POINT ( 'NONE',  ( 0.8114671610838271043, 1.190099999999999936, 0.1407076401688113765 ) ) ;
#389 = EDGE_CURVE ( 'NONE', #3343, #5785, #6324, .T. ) ;
#390 = CARTESIAN_POINT ( 'NONE',  ( 2.999999999999999556, -0.04999999999999932276, -1.749999999999999556 ) ) ;
#391 = FILL_AREA_STYLE ('',( #7436 ) ) ;
#392 = ORIENTED_EDGE ( 'NONE', *, *, #5726, .T. ) ;
#393 = CARTESIAN_POINT ( 'NONE',  ( -0.6919486825803533581, 1.189999999999999947, -0.4639571312545773818 ) ) ;
#394 = CARTESIAN_POINT ( 'NONE',  ( 0.9438389559556220609, 1.190100000000000158, 0.2305313581175293947 ) ) ;
#395 = LINE ( 'NONE', #6721, #471 ) ;
#396 = ORIENTED_EDGE ( 'NONE', *, *, #4377, .F. ) ;
#397 = ORIENTED_EDGE ( 'NONE', *, *, #9772, .T. ) ;
#398 = CARTESIAN_POINT ( 'NONE',  ( -0.3493828892360948957, 1.190099999999999936, -0.3134122098572230675 ) ) ;
#399 = FILL_AREA_STYLE ('',( #3489 ) ) ;
#400 = CARTESIAN_POINT ( 'NONE',  ( 0.2919783384080347766, 1.189999999999999503, -0.4158670107708125063 ) ) ;
#401 = CARTESIAN_POINT ( 'NONE',  ( -0.5173444493714929315, 1.190000000000000391, -0.3584977641958816963 ) ) ;
#402 = EDGE_CURVE ( 'NONE', #8479, #8136, #1799, .T. ) ;
#403 = CARTESIAN_POINT ( 'NONE',  ( -1.187736970577296214, 1.190000000000000169, -0.6629997056169542047 ) ) ;
#404 = CARTESIAN_POINT ( 'NONE',  ( -1.015648914877120612, 1.190000000000001501, -0.4218256713956846093 ) ) ;
#405 = VERTEX_POINT ( 'NONE', #924 ) ;
#406 = CARTESIAN_POINT ( 'NONE',  ( -0.7252208069745219587, 1.190100000000000158, -0.7146967011561317085 ) ) ;
#407 = CARTESIAN_POINT ( 'NONE',  ( 0.5608279073791128111, 1.190100000000000158, -0.7089885135705017438 ) ) ;
#408 = CARTESIAN_POINT ( 'NONE',  ( 0.2619432791082761391, 1.190000000000000169, -0.4944300551381352049 ) ) ;
#409 = LINE ( 'NONE', #2110, #10161 ) ;
#410 = CARTESIAN_POINT ( 'NONE',  ( 0.8043357508274169287, 1.190099999999999936, 0.3714768709380422140 ) ) ;
#411 = CARTESIAN_POINT ( 'NONE',  ( 0.5090068576730906180, 1.190099999999999936, -0.3372834134040214038 ) ) ;
#412 = CARTESIAN_POINT ( 'NONE',  ( -1.048581607184812858, 1.189999999999999947, -0.5304795175495307102 ) ) ;
#413 = ORIENTED_EDGE ( 'NONE', *, *, #9992, .T. ) ;
#414 = PLANE ( 'NONE',  #5927 ) ;
#415 = CARTESIAN_POINT ( 'NONE',  ( 0.9065154709588945092, 1.190099999999999936, 0.2103312939780788426 ) ) ;
#416 = EDGE_CURVE ( 'NONE', #5676, #3301, #2676, .T. ) ;
#417 = CARTESIAN_POINT ( 'NONE',  ( 0.09879006282213263768, 1.190100000000000602, -0.3461254368744294263 ) ) ;
#418 = DIRECTION ( 'NONE',  ( 1.000000000000000000, 0.0000000000000000000, 0.0000000000000000000 ) ) ;
#419 = ADVANCED_FACE ( 'NONE', ( #8789 ), #4048, .T. ) ;
#420 = CARTESIAN_POINT ( 'NONE',  ( 0.7708421610838271931, 1.189999999999999947, 0.1074544350406062831 ) ) ;
#421 = VERTEX_POINT ( 'NONE', #7238 ) ;
#422 = CARTESIAN_POINT ( 'NONE',  ( 0.4445880253220555467, 1.189999999999999947, -0.3473060344071209893 ) ) ;
#423 = CARTESIAN_POINT ( 'NONE',  ( -0.9779006320476102410, 1.190099999999999714, -0.3840134454658780672 ) ) ;
#424 = CARTESIAN_POINT ( 'NONE',  ( 2.499999999999999556, -1.230654267715319383, -1.899999999999999689 ) ) ;
#425 = ORIENTED_EDGE ( 'NONE', *, *, #4380, .T. ) ;
#426 = LINE ( 'NONE', #4388, #10009 ) ;
#427 = CARTESIAN_POINT ( 'NONE',  ( -1.001080697259455476, 1.190000000000000391, -0.4999707832937704266 ) ) ;
#428 = ORIENTED_EDGE ( 'NONE', *, *, #5742, .T. ) ;
#429 = CARTESIAN_POINT ( 'NONE',  ( -0.6583434091217691408, 1.189999999999999725, -0.6106219700424801999 ) ) ;
#430 = CARTESIAN_POINT ( 'NONE',  ( -1.203857425864132802, 1.190099999999999936, -0.3076706205556247187 ) ) ;
#431 = CARTESIAN_POINT ( 'NONE',  ( -0.9943035737436592969, 1.189999999999999947, -0.6390469598572341425 ) ) ;
#432 = DIRECTION ( 'NONE',  ( 0.0000000000000000000, 0.0000000000000000000, -1.000000000000000000 ) ) ;
#433 = ORIENTED_EDGE ( 'NONE', *, *, #3745, .T. ) ;
#434 = LINE ( 'NONE', #9321, #5880 ) ;
#435 = CARTESIAN_POINT ( 'NONE',  ( 0.5889123945027714413, 1.190099999999999936, -0.3625281014897689946 ) ) ;
#436 = VERTEX_POINT ( 'NONE', #8889 ) ;
#437 = CARTESIAN_POINT ( 'NONE',  ( -1.177739117752228726, 1.189999999999999281, -0.3002584201621608662 ) ) ;
#438 = VERTEX_POINT ( 'NONE', #6527 ) ;
#439 = PRESENTATION_STYLE_ASSIGNMENT (( #9996 ) ) ;
#440 = CARTESIAN_POINT ( 'NONE',  ( 0.4028369426752761995, 1.190100000000000158, -0.5460118132589502071 ) ) ;
#441 = DIRECTION ( 'NONE',  ( 0.0000000000000000000, 0.1750333347174949372, 0.9845625077859064822 ) ) ;
#442 = ORIENTED_EDGE ( 'NONE', *, *, #7640, .F. ) ;
#443 = VERTEX_POINT ( 'NONE', #2566 ) ;
#444 = ORIENTED_EDGE ( 'NONE', *, *, #3247, .F. ) ;
#445 = CARTESIAN_POINT ( 'NONE',  ( 0.6953716336062181202, 1.190099999999999936, 0.3039874430684380013 ) ) ;
#446 = EDGE_CURVE ( 'NONE', #7781, #5892, #3237, .T. ) ;
#447 = UNCERTAINTY_MEASURE_WITH_UNIT (LENGTH_MEASURE( 1.000000000000000082E-05 ), #1319, 'distance_accuracy_value', 'NONE');
#448 = CARTESIAN_POINT ( 'NONE',  ( -2.999999999999999556, -0.1000000000000004358, 1.750000000000000000 ) ) ;
#449 = CARTESIAN_POINT ( 'NONE',  ( 0.2920433928151873748, 1.190099999999999936, -0.4187006713956846204 ) ) ;
#450 = CARTESIAN_POINT ( 'NONE',  ( -0.8603916392535486679, 1.190000000000000169, -0.6134496385535050944 ) ) ;
#451 = DIRECTION ( 'NONE',  ( -1.000000000000000000, -0.0000000000000000000, 1.355252715606880296E-16 ) ) ;
#452 = CARTESIAN_POINT ( 'NONE',  ( -1.031154697575583867, 1.190000000000001723, -0.4644914624280137572 ) ) ;
#453 = ORIENTED_EDGE ( 'NONE', *, *, #8365, .F. ) ;
#454 = CARTESIAN_POINT ( 'NONE',  ( 0.5937279380311932808, 1.190099999999999936, -0.6363957762049615718 ) ) ;
#455 = CARTESIAN_POINT ( 'NONE',  ( 0.8992778168455035637, 1.189999999999999725, 0.1277145188163040790 ) ) ;
#456 = CARTESIAN_POINT ( 'NONE',  ( 0.3755116805167754146, 1.190099999999999714, -0.4942241190548125607 ) ) ;
#457 = ORIENTED_EDGE ( 'NONE', *, *, #2606, .F. ) ;
#458 = CARTESIAN_POINT ( 'NONE',  ( 0.8003501301757358632, 1.190099999999999936, 0.3713979180255666535 ) ) ;
#459 = LINE ( 'NONE', #9259, #2274 ) ;
#460 = ADVANCED_FACE ( 'NONE', ( #9714 ), #2785, .T. ) ;
#461 = CARTESIAN_POINT ( 'NONE',  ( -2.499999999999999556, -1.189999999999999947, -1.235659872050660413 ) ) ;
#462 = ORIENTED_EDGE ( 'NONE', *, *, #2999, .F. ) ;
#463 = DIRECTION ( 'NONE',  ( -0.0000000000000000000, -1.000000000000000000, -0.0000000000000000000 ) ) ;
#464 = CARTESIAN_POINT ( 'NONE',  ( 0.5875003052932122882, 1.190099999999999714, -0.5817128921253795770 ) ) ;
#465 = CARTESIAN_POINT ( 'NONE',  ( -1.060647004361211287, 1.189999999999999725, -0.4887366809748847074 ) ) ;
#466 = FACE_OUTER_BOUND ( 'NONE', #4371, .T. ) ;
#467 = VECTOR ( 'NONE', #1227, 1000.000000000000000 ) ;
#468 = CARTESIAN_POINT ( 'NONE',  ( -0.9694950687232744002, 1.190099999999999936, -0.4252711842161974176 ) ) ;
#469 = ORIENTED_EDGE ( 'NONE', *, *, #18, .T. ) ;
#470 = VECTOR ( 'NONE', #6328, 1000.000000000000000 ) ;
#471 = VECTOR ( 'NONE', #5887, 1000.000000000000000 ) ;
#472 = CARTESIAN_POINT ( 'NONE',  ( 0.3690298922061910347, 1.190000000000000391, -0.4877314324904459264 ) ) ;
#473 = CARTESIAN_POINT ( 'NONE',  ( -1.016773078952932341, 1.190000000000000835, -0.3332752480956703289 ) ) ;
#474 = ADVANCED_FACE ( 'NONE', ( #93 ), #4209, .T. ) ;
#475 = EDGE_CURVE ( 'NONE', #5620, #1339, #5891, .T. ) ;
#476 = VECTOR ( 'NONE', #3042, 1000.000000000000000 ) ;
#477 = CARTESIAN_POINT ( 'NONE',  ( 0.6615613567999566458, 1.190000000000000169, -0.3892439558824909995 ) ) ;
#478 = EDGE_LOOP ( 'NONE', ( #4255, #6199, #6950, #7220 ) ) ;
#479 = CARTESIAN_POINT ( 'NONE',  ( -0.7457771200053256999, 1.190099999999999936, -0.4719859278059410079 ) ) ;
#480 = DIRECTION ( 'NONE',  ( 0.0000000000000000000, 0.0000000000000000000, -1.000000000000000000 ) ) ;
#481 = ORIENTED_EDGE ( 'NONE', *, *, #1646, .F. ) ;
#482 = CARTESIAN_POINT ( 'NONE',  ( -0.6681102421093126909, 1.190100000000000380, -0.6326166109621718103 ) ) ;
#483 = CARTESIAN_POINT ( 'NONE',  ( -0.9911276554800598770, 1.190099999999999714, -0.3605232344816635681 ) ) ;
#484 = VECTOR ( 'NONE', #3723, 1000.000000000000000 ) ;
#485 = PLANE ( 'NONE',  #1671 ) ;
#486 = DIRECTION ( 'NONE',  ( 0.0000000000000000000, 0.1750333347174947429, -0.9845625077859065932 ) ) ;
#487 = ORIENTED_EDGE ( 'NONE', *, *, #4070, .F. ) ;
#488 = PLANE ( 'NONE',  #2434 ) ;
#489 = VECTOR ( 'NONE', #3336, 1000.000000000000114 ) ;
#490 = CARTESIAN_POINT ( 'NONE',  ( 0.6201577446863020260, 1.190099999999999714, -0.4194157750182719857 ) ) ;
#491 = B_SPLINE_CURVE_WITH_KNOTS ( 'NONE', 3,
 ( #9408, #7964, #5435, #10116, #1545, #7181, #6222, #9554, #8680, #8733, #7772, #142, #3849, #2368, #5485, #2317, #8533, #718, #4675 ),
 .UNSPECIFIED., .F., .F.,
 ( 4, 1, 1, 1, 1, 1, 1, 1, 1, 1, 1, 1, 1, 1, 1, 1, 4 ),
 ( 0.0000000000000000000, 0.07198243398919625113, 0.1414685471386591398, 0.2089999456004758560, 0.2755143729605694647, 0.3407408233551020293, 0.4055850432866182076, 0.4703698775200199078, 0.5360764810293950910, 0.6003318621560747026, 0.6616366936917771335, 0.7197533572775064448, 0.7766710353912654741, 0.8319331845786817059, 0.8874819005342073908, 0.9426975962939017073, 1.000000000000000000 ),
 .UNSPECIFIED. ) ;
#492 = EDGE_LOOP ( 'NONE', ( #600, #331, #5744, #1014 ) ) ;
#493 = B_SPLINE_CURVE_WITH_KNOTS ( 'NONE', 3,
 ( #8637, #1551, #7039, #7871, #3241, #9318, #4830, #1501, #10172, #3143, #724, #6178, #8538, #7821, #2323 ),
 .UNSPECIFIED., .F., .F.,
 ( 4, 1, 1, 1, 1, 1, 1, 1, 1, 1, 1, 1, 4 ),
 ( 0.0000000000000000000, 0.09445717331232189595, 0.1933130983267905556, 0.2964293108358358464, 0.4055878258104578249, 0.4639249488146213185, 0.5269218621460517449, 0.5939191456032391070, 0.6657714679767487986, 0.7425332148905168239, 0.8232518363113839888, 0.9093445089821108329, 1.000000000000000000 ),
 .UNSPECIFIED. ) ;
#494 = CARTESIAN_POINT ( 'NONE',  ( -1.133998273851479555, 1.190099999999999936, -0.2961846457546589706 ) ) ;
#495 = CARTESIAN_POINT ( 'NONE',  ( 1.533069033840828377, 1.189999999999999947, -0.5987487483187616810 ) ) ;
#496 = ORIENTED_EDGE ( 'NONE', *, *, #7069, .T. ) ;
#497 = PLANE ( 'NONE',  #5413 ) ;
#498 = CARTESIAN_POINT ( 'NONE',  ( 0.4330690338408282880, 1.189999999999999503, -0.5292775944726076931 ) ) ;
#499 = AXIS2_PLACEMENT_3D ( 'NONE', #9875, #8441, #4523 ) ;
#500 = ORIENTED_EDGE ( 'NONE', *, *, #8399, .T. ) ;
#501 = CARTESIAN_POINT ( 'NONE',  ( 0.7141736716171704913, 1.190000000000001057, 0.3320543273344447877 ) ) ;
#502 = DIRECTION ( 'NONE',  ( -1.000000000000000000, 0.0000000000000000000, 0.0000000000000000000 ) ) ;
#503 = ORIENTED_EDGE ( 'NONE', *, *, #1417, .F. ) ;
#504 = CARTESIAN_POINT ( 'NONE',  ( 0.2846708294767984482, 1.189999999999999281, -0.3783425203658107860 ) ) ;
#505 = AXIS2_PLACEMENT_3D ( 'NONE', #8534, #6223, #719 ) ;
#506 = CARTESIAN_POINT ( 'NONE',  ( -0.8331060553994251716, 1.190000000000000169, -0.6515275288827989675 ) ) ;
#507 = VECTOR ( 'NONE', #283, 1000.000000000000000 ) ;
#508 = DIRECTION ( 'NONE',  ( -0.0000000000000000000, -1.000000000000000000, -0.0000000000000000000 ) ) ;
#509 = CARTESIAN_POINT ( 'NONE',  ( -1.039509489751673899, 1.190099999999999936, -0.4737643980430022994 ) ) ;
#510 = ORIENTED_EDGE ( 'NONE', *, *, #1520, .F. ) ;
#511 = CARTESIAN_POINT ( 'NONE',  ( 0.4070488545714565642, 1.189999999999999503, -0.3176035195303641423 ) ) ;
#512 = CARTESIAN_POINT ( 'NONE',  ( 0.5071876235844181569, 1.189999999999999947, -0.7166974662674795438 ) ) ;
#513 = CARTESIAN_POINT ( 'NONE',  ( 0.3433829793305241407, 1.190100000000000158, -0.4224700221593540306 ) ) ;
#514 = EDGE_CURVE ( 'NONE', #313, #7823, #1338, .T. ) ;
#515 = ORIENTED_EDGE ( 'NONE', *, *, #9523, .F. ) ;
#516 = ORIENTED_EDGE ( 'NONE', *, *, #1873, .T. ) ;
#517 = SURFACE_SIDE_STYLE ('',( #5334 ) ) ;
#518 = DIRECTION ( 'NONE',  ( 0.0000000000000000000, 0.0000000000000000000, -1.000000000000000000 ) ) ;
#519 = DIRECTION ( 'NONE',  ( 0.0000000000000000000, 0.0000000000000000000, -1.000000000000000000 ) ) ;
#520 = CARTESIAN_POINT ( 'NONE',  ( 0.6664023671741616806, 1.190099999999999936, -0.4229474662674794772 ) ) ;
#521 = B_SPLINE_CURVE_WITH_KNOTS ( 'NONE', 3,
 ( #5285, #9303, #2214, #10110, #5333, #1484, #3742, #8526, #3029, #6878, #8480, #5379, #4616, #6215, #10014, #7763, #661, #2980, #4561, #711, #6931, #2259, #10069 ),
 .UNSPECIFIED., .F., .F.,
 ( 4, 1, 1, 1, 1, 1, 1, 1, 1, 1, 1, 1, 1, 1, 1, 1, 1, 1, 1, 1, 4 ),
 ( 0.0000000000000000000, 0.09144756337791651313, 0.1804708072296366816, 0.2685532274769094618, 0.3563342179524489062, 0.3997458896612632318, 0.4424110760329278413, 0.4844903636973602046, 0.5255508864585511919, 0.5663974580142130399, 0.6072082619872231080, 0.6479169559379931442, 0.6887420707044548118, 0.7295743389867886952, 0.7692290718979266639, 0.8079163568435204779, 0.8464750871248067909, 0.8848515953511769672, 0.9229282153595317340, 0.9613731580714119929, 1.000000000000000000 ),
 .UNSPECIFIED. ) ;
#522 = CARTESIAN_POINT ( 'NONE',  ( 0.5063863415331361084, 1.190000000000000169, -0.5474666970367102481 ) ) ;
#523 = LINE ( 'NONE', #2117, #8911 ) ;
#524 = CARTESIAN_POINT ( 'NONE',  ( 0.2456140932795937426, 1.190100000000000158, -0.4246303497374454006 ) ) ;
#525 = AXIS2_PLACEMENT_3D ( 'NONE', #1669, #8807, #4802 ) ;
#526 = CARTESIAN_POINT ( 'NONE',  ( -0.4900078892360948957, 1.190099999999999936, -0.3679795175495307880 ) ) ;
#527 = ADVANCED_FACE ( 'NONE', ( #3549 ), #2951, .T. ) ;
#528 = ORIENTED_EDGE ( 'NONE', *, *, #4109, .T. ) ;
#529 = CARTESIAN_POINT ( 'NONE',  ( 0.4213620562531210090, 1.189999999999999503, -0.5241254538604068758 ) ) ;
#530 = CARTESIAN_POINT ( 'NONE',  ( -1.229631213041868731, 1.190099999999999936, -0.6168536224265070977 ) ) ;
#531 = ORIENTED_EDGE ( 'NONE', *, *, #8090, .F. ) ;
#532 = AXIS2_PLACEMENT_3D ( 'NONE', #8434, #7855, #2257 ) ;
#533 = DIRECTION ( 'NONE',  ( 0.0000000000000000000, 0.9902680687415703620, 0.1391731009600657432 ) ) ;
#534 = ORIENTED_EDGE ( 'NONE', *, *, #3983, .F. ) ;
#535 = FILL_AREA_STYLE_COLOUR ( '', #1981 ) ;
#536 = CARTESIAN_POINT ( 'NONE',  ( -0.4627516981109017769, 1.190099999999999714, -0.3584735619109059579 ) ) ;
#537 = CARTESIAN_POINT ( 'NONE',  ( -0.7479398058484317824, 1.190099999999999936, -0.6754316154203359179 ) ) ;
#538 = ADVANCED_FACE ( 'NONE', ( #2881 ), #7612, .T. ) ;
#539 = CARTESIAN_POINT ( 'NONE',  ( -1.089958206131033558, 1.190099999999999714, -0.3003412515600129007 ) ) ;
#540 = VECTOR ( 'NONE', #5921, 1000.000000000000000 ) ;
#541 = DIRECTION ( 'NONE',  ( 0.0000000000000000000, -1.000000000000000000, 0.0000000000000000000 ) ) ;
#542 = CARTESIAN_POINT ( 'NONE',  ( 0.5032572616279170630, 1.190099999999999714, -0.5063765160885410621 ) ) ;
#543 = ORIENTED_EDGE ( 'NONE', *, *, #6303, .T. ) ;
#544 = CARTESIAN_POINT ( 'NONE',  ( 0.6125001840926879160, 1.190099999999999936, -0.3901898892196181134 ) ) ;
#545 = ORIENTED_EDGE ( 'NONE', *, *, #7257, .F. ) ;
#546 = CARTESIAN_POINT ( 'NONE',  ( 0.2345419183453275880, 1.189999999999999725, -0.3790504964602675053 ) ) ;
#547 = EDGE_CURVE ( 'NONE', #6853, #3171, #8954, .T. ) ;
#548 = SURFACE_STYLE_FILL_AREA ( #743 ) ;
#549 = EDGE_CURVE ( 'NONE', #4786, #721, #4560, .T. ) ;
#550 = ORIENTED_EDGE ( 'NONE', *, *, #1705, .T. ) ;
#551 = CARTESIAN_POINT ( 'NONE',  ( -0.9247628703680533802, 1.190099999999999936, 0.06634866580983704576 ) ) ;
#552 = CARTESIAN_POINT ( 'NONE',  ( -0.6354577306752422494, 1.190099999999999714, -0.5245463029256888232 ) ) ;
#553 = CARTESIAN_POINT ( 'NONE',  ( 0.1261639299944415649, 1.190000000000000169, -0.4949133910400214664 ) ) ;
#554 = VERTEX_POINT ( 'NONE', #8625 ) ;
#555 = CARTESIAN_POINT ( 'NONE',  ( 0.7699677297792885122, 1.190099999999999714, 0.3672903130233979296 ) ) ;
#556 = B_SPLINE_CURVE_WITH_KNOTS ( 'NONE', 3,
 ( #8407, #6088, #3048, #9227, #2188, #5308, #4537, #634, #2235, #3821, #5355, #8501, #9502, #4047, #9713, #4925, #7966, #1029, #1853, #5799, #3236, #1075, #8013 ),
 .UNSPECIFIED., .F., .F.,
 ( 4, 1, 1, 1, 1, 1, 1, 1, 1, 1, 1, 1, 1, 1, 1, 1, 1, 1, 1, 1, 4 ),
 ( 0.0000000000000000000, 0.03968472168452140403, 0.07843799025354736276, 0.1168192768991317548, 0.1547512151110346512, 0.1925000625251205855, 0.2305241357724668316, 0.2690146672878936940, 0.3080378713363425836, 0.3470969258324517193, 0.3866208476182189657, 0.4265674594946416986, 0.4666190468811001191, 0.5077005302681668608, 0.5498282646873421387, 0.5930773284629325959, 0.6374146393314235048, 0.7272418952649662982, 0.8165581833890390717, 0.9074649818036538695, 1.000000000000000000 ),
 .UNSPECIFIED. ) ;
#557 = UNCERTAINTY_MEASURE_WITH_UNIT (LENGTH_MEASURE( 1.000000000000000082E-05 ), #2427, 'distance_accuracy_value', 'NONE');
#558 = CARTESIAN_POINT ( 'NONE',  ( -0.8669309661591718674, 1.190099999999999936, -0.5833641329341461290 ) ) ;
#559 = CARTESIAN_POINT ( 'NONE',  ( -1.133196991800197395, 1.190099999999999936, -0.3372102867802999615 ) ) ;
#560 = CARTESIAN_POINT ( 'NONE',  ( 1.322812623584417979, 1.190099999999999936, -0.7166974662674795438 ) ) ;
#561 = CARTESIAN_POINT ( 'NONE',  ( -1.202476441576370014, 1.190100000000000158, -0.3536145201856716325 ) ) ;
#562 = FACE_BOUND ( 'NONE', #4167, .T. ) ;
#563 = CARTESIAN_POINT ( 'NONE',  ( 0.3433254440972385857, 1.189999999999999947, -0.4196622098572230786 ) ) ;
#564 = CARTESIAN_POINT ( 'NONE',  ( 0.8179575456992117521, 1.189999999999999947, 0.09968199914317038557 ) ) ;
#565 = CARTESIAN_POINT ( 'NONE',  ( 0.3510465288274301487, 1.190099999999999936, -0.4595643710418284011 ) ) ;
#566 = ORIENTED_EDGE ( 'NONE', *, *, #4587, .F. ) ;
#567 = CARTESIAN_POINT ( 'NONE',  ( 0.7220772274422732062, 1.190099999999999936, 0.3401589767095890005 ) ) ;
#568 = CARTESIAN_POINT ( 'NONE',  ( 0.4115547532635562278, 1.190099999999999492, -0.6257856737864181396 ) ) ;
#569 = CARTESIAN_POINT ( 'NONE',  ( 0.0000000000000000000, -1.189999999999999947, 0.9499999999999996225 ) ) ;
#570 = CARTESIAN_POINT ( 'NONE',  ( -2.499999999999999556, -0.2001723312589749892, -1.125969363331736917 ) ) ;
#571 = FACE_OUTER_BOUND ( 'NONE', #4033, .T. ) ;
#572 = CARTESIAN_POINT ( 'NONE',  ( -1.096926414062026289, 1.189999999999999725, -0.5005176189468024672 ) ) ;
#573 = PLANE ( 'NONE',  #4599 ) ;
#574 = CARTESIAN_POINT ( 'NONE',  ( 1.276658777430572211, 1.190099999999999936, -0.7166974662674795438 ) ) ;
#575 = ORIENTED_EDGE ( 'NONE', *, *, #5862, .F. ) ;
#576 = DIRECTION ( 'NONE',  ( -1.000000000000000000, 0.0000000000000000000, 0.0000000000000000000 ) ) ;
#577 = CARTESIAN_POINT ( 'NONE',  ( 0.5602030583744065373, 1.190099999999999936, -0.3020444348323205741 ) ) ;
#578 = VERTEX_POINT ( 'NONE', #3888 ) ;
#579 = EDGE_CURVE ( 'NONE', #9543, #4943, #4902, .T. ) ;
#580 = DIRECTION ( 'NONE',  ( 0.0000000000000000000, -1.000000000000000000, 0.0000000000000000000 ) ) ;
#581 = VERTEX_POINT ( 'NONE', #2359 ) ;
#582 = CARTESIAN_POINT ( 'NONE',  ( 0.5753762149399904713, 1.189999999999999947, -0.6565331768425471948 ) ) ;
#583 = CARTESIAN_POINT ( 'NONE',  ( -0.4516842963636743535, 1.190099999999999714, -0.3369064085696522048 ) ) ;
#584 = DIRECTION ( 'NONE',  ( -1.000000000000000000, 0.0000000000000000000, -0.0000000000000000000 ) ) ;
#585 = CARTESIAN_POINT ( 'NONE',  ( -1.009539381727227125, 1.190100000000000158, -0.3393570354820585888 ) ) ;
#586 = DIRECTION ( 'NONE',  ( 1.000000000000000000, 0.0000000000000000000, -0.0000000000000000000 ) ) ;
#587 = CARTESIAN_POINT ( 'NONE',  ( 0.8749531852642278285, 1.190000000000000391, 0.1593044322034635196 ) ) ;
#588 = VERTEX_POINT ( 'NONE', #2258 ) ;
#589 = EDGE_CURVE ( 'NONE', #6317, #4374, #4518, .T. ) ;
#590 = ORIENTED_EDGE ( 'NONE', *, *, #2787, .F. ) ;
#591 = FACE_OUTER_BOUND ( 'NONE', #10010, .T. ) ;
#592 = CARTESIAN_POINT ( 'NONE',  ( 0.2386947470214439149, 1.190000000000000169, -0.3859483187163864071 ) ) ;
#593 = CARTESIAN_POINT ( 'NONE',  ( -1.048581607184812858, 1.190099999999999936, -0.5304795175495307102 ) ) ;
#594 = ORIENTED_EDGE ( 'NONE', *, *, #2547, .T. ) ;
#595 =( LENGTH_UNIT ( ) NAMED_UNIT ( * ) SI_UNIT ( .MILLI., .METRE. ) );
#596 = LINE ( 'NONE', #1568, #190 ) ;
#597 = CARTESIAN_POINT ( 'NONE',  ( 0.3489032212523394683, 1.190100000000000158, -0.3858692227001389030 ) ) ;
#598 = B_SPLINE_CURVE_WITH_KNOTS ( 'NONE', 3,
 ( #3068, #2303, #2355, #5473, #5422, #8572, #7804, #752, #8620, #4713, #7379, #7274, #9748, #233, #9541, #1730, #1012, #6461, #2551 ),
 .UNSPECIFIED., .F., .F.,
 ( 4, 1, 1, 1, 1, 1, 1, 1, 1, 1, 1, 1, 1, 1, 1, 1, 4 ),
 ( 0.0000000000000000000, 0.06245950197064258080, 0.1229088379197218750, 0.1816789252333549654, 0.2401525926561263458, 0.2982536086166063249, 0.3572605892586150356, 0.4177149858893287604, 0.4800980320137073210, 0.5434871171908048915, 0.6058936981674255540, 0.6684706421132323717, 0.7319378633808535373, 0.7960381993776410869, 0.8616927542954176955, 0.9296444076927371514, 1.000000000000000000 ),
 .UNSPECIFIED. ) ;
#599 = ORIENTED_EDGE ( 'NONE', *, *, #7194, .T. ) ;
#600 = ORIENTED_EDGE ( 'NONE', *, *, #4630, .F. ) ;
#601 = CARTESIAN_POINT ( 'NONE',  ( 0.6907432883129159817, 1.190100000000000158, 0.2934916109612795143 ) ) ;
#602 = EDGE_CURVE ( 'NONE', #5882, #3375, #612, .T. ) ;
#603 = EDGE_CURVE ( 'NONE', #8927, #2003, #8478, .T. ) ;
#604 = DIRECTION ( 'NONE',  ( 0.0000000000000000000, 0.0000000000000000000, -1.000000000000000000 ) ) ;
#605 = CARTESIAN_POINT ( 'NONE',  ( 0.1436459569177513940, 1.189999999999999725, -0.2961846457546589706 ) ) ;
#606 = CARTESIAN_POINT ( 'NONE',  ( 0.7953913760746575967, 1.190099999999999936, 0.1015052263720682690 ) ) ;
#607 = PLANE ( 'NONE',  #1689 ) ;
#608 =( NAMED_UNIT ( * ) SI_UNIT ( $, .STERADIAN. ) SOLID_ANGLE_UNIT ( ) );
#609 = ORIENTED_EDGE ( 'NONE', *, *, #7680, .T. ) ;
#610 = CARTESIAN_POINT ( 'NONE',  ( -0.6053925046207102589, 1.190099999999999936, -0.3474666970367102370 ) ) ;
#611 = CARTESIAN_POINT ( 'NONE',  ( 0.7818262657881567268, 1.190099999999999714, 0.1435470865522834316 ) ) ;
#612 = LINE ( 'NONE', #1435, #4249 ) ;
#613 = ORIENTED_EDGE ( 'NONE', *, *, #9559, .F. ) ;
#614 = DIRECTION ( 'NONE',  ( 1.000000000000000000, -0.0000000000000000000, -1.355252715606880543E-16 ) ) ;
#615 =( NAMED_UNIT ( * ) SI_UNIT ( $, .STERADIAN. ) SOLID_ANGLE_UNIT ( ) );
#616 = LINE ( 'NONE', #5967, #6371 ) ;
#617 = CARTESIAN_POINT ( 'NONE',  ( -2.999999999999999556, 0.0000000000000000000, 0.0000000000000000000 ) ) ;
#618 = LINE ( 'NONE', #570, #3946 ) ;
#619 = CARTESIAN_POINT ( 'NONE',  ( 0.5304069732062351994, 1.190000000000000169, -0.5496005233557088587 ) ) ;
#620 = CARTESIAN_POINT ( 'NONE',  ( -1.128695046605278529, 1.189999999999999503, -0.5048394443205653781 ) ) ;
#621 = LINE ( 'NONE', #3753, #2469 ) ;
#622 = CARTESIAN_POINT ( 'NONE',  ( 0.5237930769157148614, 1.190099999999999936, -0.2966104523472530285 ) ) ;
#623 = VERTEX_POINT ( 'NONE', #1392 ) ;
#624 = CARTESIAN_POINT ( 'NONE',  ( 0.8963616314468594304, 1.190000000000000613, 0.2777376628250272095 ) ) ;
#625 = CARTESIAN_POINT ( 'NONE',  ( -1.162768225844073466, 1.190099999999999936, -0.6724809964728128975 ) ) ;
#626 = VERTEX_POINT ( 'NONE', #7856 ) ;
#627 = VECTOR ( 'NONE', #5089, 1000.000000000000000 ) ;
#628 = CARTESIAN_POINT ( 'NONE',  ( 0.6389354098107470348, 1.190099999999999936, -0.3489635141451460365 ) ) ;
#629 = ORIENTED_EDGE ( 'NONE', *, *, #3789, .T. ) ;
#630 = DIRECTION ( 'NONE',  ( -1.000000000000000000, 0.0000000000000000000, -0.0000000000000000000 ) ) ;
#631 = CARTESIAN_POINT ( 'NONE',  ( 0.6953716336062181202, 1.189999999999999947, 0.3039874430684380013 ) ) ;
#632 = VECTOR ( 'NONE', #3635, 1000.000000000000000 ) ;
#633 = CARTESIAN_POINT ( 'NONE',  ( 0.6304248030715975393, 1.190099999999999936, -0.3400949021649153914 ) ) ;
#634 = CARTESIAN_POINT ( 'NONE',  ( 0.2813726205013714621, 1.190000000000000169, -0.3708762039632734764 ) ) ;
#635 = EDGE_CURVE ( 'NONE', #2651, #2301, #9255, .T. ) ;
#636 = VECTOR ( 'NONE', #6068, 1000.000000000000000 ) ;
#637 = DIRECTION ( 'NONE',  ( -1.000000000000000000, 0.0000000000000000000, -0.0000000000000000000 ) ) ;
#638 = ORIENTED_EDGE ( 'NONE', *, *, #8484, .T. ) ;
#639 = CARTESIAN_POINT ( 'NONE',  ( 0.5521261702841975261, 1.190099999999999936, -0.3434581528552211327 ) ) ;
#640 = CIRCLE ( 'NONE', #4254, 0.1500000000000001887 ) ;
#641 = CARTESIAN_POINT ( 'NONE',  ( -1.292571991800197440, 1.190099999999999936, -0.4141333637033769444 ) ) ;
#642 = FILL_AREA_STYLE_COLOUR ( '', #5269 ) ;
#643 = VERTEX_POINT ( 'NONE', #8524 ) ;
#644 = SURFACE_STYLE_USAGE ( .BOTH. , #3108 ) ;
#645 = CARTESIAN_POINT ( 'NONE',  ( 0.3841461354504300818, 1.190099999999999936, -0.3344888050610302921 ) ) ;
#646 = EDGE_CURVE ( 'NONE', #4841, #6620, #7861, .T. ) ;
#647 =( GEOMETRIC_REPRESENTATION_CONTEXT ( 3 ) GLOBAL_UNCERTAINTY_ASSIGNED_CONTEXT ( ( #4972 ) ) GLOBAL_UNIT_ASSIGNED_CONTEXT ( ( #6609, #5163, #5054 ) ) REPRESENTATION_CONTEXT ( 'NONE', 'WORKASPACE' ) );
#648 = EDGE_LOOP ( 'NONE', ( #6863, #7329, #9949, #2488 ) ) ;
#649 = CARTESIAN_POINT ( 'NONE',  ( 0.8043357508274169287, 1.190099999999999936, 0.3714768709380422140 ) ) ;
#650 = LINE ( 'NONE', #6107, #6877 ) ;
#651 = VECTOR ( 'NONE', #2890, 1000.000000000000000 ) ;
#652 = CARTESIAN_POINT ( 'NONE',  ( 0.2235504460974023500, 1.190000000000000613, -0.4672388224631747189 ) ) ;
#653 =( NAMED_UNIT ( * ) PLANE_ANGLE_UNIT ( ) SI_UNIT ( $, .RADIAN. ) );
#654 = CARTESIAN_POINT ( 'NONE',  ( -0.4900078892360948957, 1.190099999999999936, -0.3679795175495307880 ) ) ;
#655 =( GEOMETRIC_REPRESENTATION_CONTEXT ( 3 ) GLOBAL_UNCERTAINTY_ASSIGNED_CONTEXT ( ( #3539 ) ) GLOBAL_UNIT_ASSIGNED_CONTEXT ( ( #1307, #2082, #2794 ) ) REPRESENTATION_CONTEXT ( 'NONE', 'WORKASPACE' ) );
#656 = ORIENTED_EDGE ( 'NONE', *, *, #8333, .T. ) ;
#657 = CARTESIAN_POINT ( 'NONE',  ( 0.1532059573794345708, 1.189999999999999725, -0.5371762994616451348 ) ) ;
#658 = CARTESIAN_POINT ( 'NONE',  ( 0.7480373052868443118, 1.190100000000000158, 0.1522250093926693082 ) ) ;
#659 = CARTESIAN_POINT ( 'NONE',  ( -1.204003945800167674, 1.190099999999999936, -0.7018483676437379248 ) ) ;
#660 = EDGE_CURVE ( 'NONE', #1414, #10031, #3073, .T. ) ;
#661 = CARTESIAN_POINT ( 'NONE',  ( 0.007126852455505558112, 1.190100000000000158, -0.3786028195730505863 ) ) ;
#662 = CARTESIAN_POINT ( 'NONE',  ( -0.5114492481369056209, 1.190000000000000391, -0.3066500032944368681 ) ) ;
#663 = CARTESIAN_POINT ( 'NONE',  ( 2.999999999999999556, -1.189999999999999947, 1.235659872050661745 ) ) ;
#664 = AXIS2_PLACEMENT_3D ( 'NONE', #10153, #3736, #10008 ) ;
#665 = CARTESIAN_POINT ( 'NONE',  ( -1.085376358285210729, 1.189999999999999947, -0.3433847334328040124 ) ) ;
#666 = DIRECTION ( 'NONE',  ( 0.0000000000000000000, 0.0000000000000000000, -1.000000000000000000 ) ) ;
#667 = CARTESIAN_POINT ( 'NONE',  ( 0.4099921107639052931, 1.190099999999999936, -0.6134923380623513722 ) ) ;
#668 = DIRECTION ( 'NONE',  ( 0.0000000000000000000, 0.0000000000000000000, -1.000000000000000000 ) ) ;
#669 = CARTESIAN_POINT ( 'NONE',  ( -0.9247628703680533802, 1.190099999999999936, 0.3099384093995806166 ) ) ;
#670 = EDGE_CURVE ( 'NONE', #3808, #10093, #2309, .T. ) ;
#671 = EDGE_CURVE ( 'NONE', #2853, #6685, #7809, .T. ) ;
#672 =( GEOMETRIC_REPRESENTATION_CONTEXT ( 3 ) GLOBAL_UNCERTAINTY_ASSIGNED_CONTEXT ( ( #1276 ) ) GLOBAL_UNIT_ASSIGNED_CONTEXT ( ( #9497, #1641, #7133 ) ) REPRESENTATION_CONTEXT ( 'NONE', 'WORKASPACE' ) );
#673 = CARTESIAN_POINT ( 'NONE',  ( 0.9062848758943022887, 1.190099999999999936, 0.2497773330876801312 ) ) ;
#674 = CARTESIAN_POINT ( 'NONE',  ( 0.1460498030715975948, 1.190099999999999936, -0.4961846457546589262 ) ) ;
#675 = EDGE_LOOP ( 'NONE', ( #2810, #3222, #8377, #413 ) ) ;
#676 = DIRECTION ( 'NONE',  ( -0.6232332443000467848, 0.0000000000000000000, 0.7820360114465561008 ) ) ;
#677 = FACE_OUTER_BOUND ( 'NONE', #4747, .T. ) ;
#678 = ORIENTED_EDGE ( 'NONE', *, *, #8825, .T. ) ;
#679 = VECTOR ( 'NONE', #8913, 1000.000000000000000 ) ;
#680 = CARTESIAN_POINT ( 'NONE',  ( -1.161942357547540716, 1.190099999999999936, 0.1176307170918883399 ) ) ;
#681 = CARTESIAN_POINT ( 'NONE',  ( 0.7818262657881567268, 1.190099999999999714, 0.1435470865522834316 ) ) ;
#682 = DIRECTION ( 'NONE',  ( 0.0000000000000000000, 1.917831477656419409E-16, 1.000000000000000000 ) ) ;
#683 = CARTESIAN_POINT ( 'NONE',  ( -0.9860690603623973871, 1.190099999999999936, -0.3682247191006216558 ) ) ;
#684 = VECTOR ( 'NONE', #9893, 1000.000000000000000 ) ;
#685 = PRESENTATION_STYLE_ASSIGNMENT (( #6191 ) ) ;
#686 = B_SPLINE_SURFACE_WITH_KNOTS ( 'NONE', 3, 1, ( 
 ( #8934, #7392 ),
 ( #6472, #6421 ),
 ( #2514, #8009 ),
 ( #5633, #920 ),
 ( #1124, #4043 ),
 ( #9553, #4920 ),
 ( #8785, #7178 ),
 ( #1742, #4868 ),
 ( #2718, #351 ),
 ( #971, #3491 ),
 ( #2612, #7233 ),
 ( #1901, #1024 ),
 ( #243, #8980 ),
 ( #4155, #9604 ),
 ( #5794, #2562 ),
 ( #3384, #5681 ),
 ( #6631, #4974 ),
 ( #4203, #8830 ),
 ( #1793, #7284 ) ),
 .UNSPECIFIED., .F., .F., .F.,
 ( 4, 1, 1, 1, 1, 1, 1, 1, 1, 1, 1, 1, 1, 1, 1, 1, 4 ),
 ( 2, 2 ),
 ( 0.0000000000000000000, 0.07177551733589128402, 0.1410618896154328117, 0.2083991661201505807, 0.2745707546878340399, 0.3398079950218809708, 0.4044658174084582170, 0.4695488873320848855, 0.5350666143372249106, 0.5991372905618496114, 0.6606533438074504438, 0.7190497439245218114, 0.7755136785548105705, 0.8311325483214443421, 0.8866854390564380406, 0.9422985746233794035, 1.000000000000000000 ),
 ( 0.0000000000000000000, 1.000000000000000000 ),
 .UNSPECIFIED. ) ;
#687 = VERTEX_POINT ( 'NONE', #8577 ) ;
#688 = CARTESIAN_POINT ( 'NONE',  ( 0.8762369073001732289, 1.190099999999999270, 0.3539219716616484601 ) ) ;
#689 = AXIS2_PLACEMENT_3D ( 'NONE', #6032, #1308, #2131 ) ;
#690 = CARTESIAN_POINT ( 'NONE',  ( -1.289176711999117320, 1.189999999999999947, -0.4001777838585311442 ) ) ;
#691 = CARTESIAN_POINT ( 'NONE',  ( 0.4095665920466583509, 1.190099999999999714, -0.5413668105128779384 ) ) ;
#692 = VERTEX_POINT ( 'NONE', #10157 ) ;
#693 = PLANE ( 'NONE',  #7417 ) ;
#694 = CARTESIAN_POINT ( 'NONE',  ( 0.3534599331707352077, 1.190099999999999714, -0.3751007853974349104 ) ) ;
#695 = VECTOR ( 'NONE', #4431, 1000.000000000000000 ) ;
#696 = ORIENTED_EDGE ( 'NONE', *, *, #2643, .F. ) ;
#697 = CARTESIAN_POINT ( 'NONE',  ( 0.7643517764684425453, 1.190099999999999936, -0.03877953931836808366 ) ) ;
#698 = VERTEX_POINT ( 'NONE', #7078 ) ;
#699 = CARTESIAN_POINT ( 'NONE',  ( 0.6200286028978529984, 1.190099999999999936, -0.4303699371915349348 ) ) ;
#700 = VERTEX_POINT ( 'NONE', #40 ) ;
#701 = ADVANCED_FACE ( 'NONE', ( #6062 ), #9198, .T. ) ;
#702 = CARTESIAN_POINT ( 'NONE',  ( 0.1561143141326285511, 1.190000000000000613, -0.4959177154414681210 ) ) ;
#703 = CARTESIAN_POINT ( 'NONE',  ( 4.000000000000000888, -0.05000000000000000278, -1.599999999999998979 ) ) ;
#704 = DIRECTION ( 'NONE',  ( 0.0000000000000000000, -1.000000000000000000, 0.0000000000000000000 ) ) ;
#705 = DIRECTION ( 'NONE',  ( 1.000000000000000000, -0.0000000000000000000, 0.0000000000000000000 ) ) ;
#706 = EDGE_LOOP ( 'NONE', ( #178, #2065, #6495, #1114 ) ) ;
#707 = DIRECTION ( 'NONE',  ( 0.0000000000000000000, 0.0000000000000000000, 1.000000000000000000 ) ) ;
#708 = CARTESIAN_POINT ( 'NONE',  ( -1.161942357547540716, 1.190099999999999936, 0.06634866580983704576 ) ) ;
#709 = DIRECTION ( 'NONE',  ( 0.0000000000000000000, 0.0000000000000000000, 1.000000000000000000 ) ) ;
#710 = ORIENTED_EDGE ( 'NONE', *, *, #5040, .F. ) ;
#711 = CARTESIAN_POINT ( 'NONE',  ( 0.0008469208281966360838, 1.190099999999999714, -0.4018856953377855645 ) ) ;
#712 = CARTESIAN_POINT ( 'NONE',  ( 0.9078453603274981853, 1.190099999999999936, 0.2325654142325203066 ) ) ;
#713 = CARTESIAN_POINT ( 'NONE',  ( -1.120428397348720351, 1.190099999999999714, -0.3374134675658244653 ) ) ;
#714 = PLANE ( 'NONE',  #1957 ) ;
#715 = EDGE_CURVE ( 'NONE', #8363, #9273, #7173, .T. ) ;
#716 = CYLINDRICAL_SURFACE ( 'NONE', #9214, 0.1499999999999999667 ) ;
#717 = CARTESIAN_POINT ( 'NONE',  ( 0.4969891934142907641, 1.190100000000000158, -0.5476469672544999057 ) ) ;
#718 = CARTESIAN_POINT ( 'NONE',  ( 0.2457975427572151594, 1.190100000000000158, -0.4138328879089125389 ) ) ;
#719 = DIRECTION ( 'NONE',  ( 0.0000000000000000000, 0.0000000000000000000, 1.000000000000000000 ) ) ;
#720 = CARTESIAN_POINT ( 'NONE',  ( 0.5766743656880866098, 1.190099999999999492, -0.3068004826398729179 ) ) ;
#721 = VERTEX_POINT ( 'NONE', #7957 ) ;
#722 = CARTESIAN_POINT ( 'NONE',  ( -1.214475810482594120, 1.190000000000000169, -0.6964768438098364323 ) ) ;
#723 = CARTESIAN_POINT ( 'NONE',  ( -0.6109079793970793038, 1.190000000000000169, -0.6085321008299042767 ) ) ;
#724 = CARTESIAN_POINT ( 'NONE',  ( 0.03391934589747897660, 1.190000000000000169, -0.5074987913772984749 ) ) ;
#725 = B_SPLINE_CURVE_WITH_KNOTS ( 'NONE', 3,
 ( #2172, #5294, #1246, #8442, #5971, #1399, #4569, #4378, #465, #3606, #3660, #7620, #572, #5194, #2844, #620, #7666, #3752, #1348 ),
 .UNSPECIFIED., .F., .F.,
 ( 4, 1, 1, 1, 1, 1, 1, 1, 1, 1, 1, 1, 1, 1, 1, 1, 4 ),
 ( 0.0000000000000000000, 0.06201618515429726392, 0.1242375302603047071, 0.1880686855339441799, 0.2552612080994869359, 0.3248104532213659801, 0.3952124369189763398, 0.4676355833166854770, 0.5432343181367914609, 0.5841409676775047854, 0.6293256317998497940, 0.6792787180339244779, 0.7338679911957519675, 0.7930858300253712523, 0.8569989619306673800, 0.9261035980519051192, 1.000000000000000000 ),
 .UNSPECIFIED. ) ;
#726 = CARTESIAN_POINT ( 'NONE',  ( 0.3456967054633870440, 1.190000000000001279, -0.3969196668049049803 ) ) ;
#727 = ORIENTED_EDGE ( 'NONE', *, *, #6801, .F. ) ;
#728 = DIRECTION ( 'NONE',  ( -0.0000000000000000000, -1.000000000000000000, -0.0000000000000000000 ) ) ;
#729 = EDGE_CURVE ( 'NONE', #8645, #10097, #1687, .T. ) ;
#730 = EDGE_CURVE ( 'NONE', #5714, #9349, #9084, .T. ) ;
#731 = CARTESIAN_POINT ( 'NONE',  ( 0.5047036492254438622, 1.189999999999999947, -0.3372102867802999615 ) ) ;
#732 = ORIENTED_EDGE ( 'NONE', *, *, #7891, .F. ) ;
#733 = CARTESIAN_POINT ( 'NONE',  ( 0.5008206451843660867, 1.189999999999999725, -0.7165365219514810979 ) ) ;
#734 = CARTESIAN_POINT ( 'NONE',  ( 0.8019650714688412174, 1.190099999999999714, 0.1409109961232016539 ) ) ;
#735 = CARTESIAN_POINT ( 'NONE',  ( 0.7398049774762588404, 1.190000000000000169, 0.3538572003337983607 ) ) ;
#736 = CARTESIAN_POINT ( 'NONE',  ( -3.339783448439273439, 0.8149999999999998357, 0.2499999999999999445 ) ) ;
#737 = CARTESIAN_POINT ( 'NONE',  ( -0.8085578347118003162, 1.190099999999999936, -0.6663597686145190657 ) ) ;
#738 = CARTESIAN_POINT ( 'NONE',  ( 1.377572930314596267, 1.189999999999999947, -0.03877953931836808366 ) ) ;
#739 = CARTESIAN_POINT ( 'NONE',  ( 0.8674739003959843764, 1.189999999999999281, 0.1543508223232409049 ) ) ;
#740 = EDGE_LOOP ( 'NONE', ( #2594, #2531, #9291, #8283 ) ) ;
#741 = FACE_OUTER_BOUND ( 'NONE', #904, .T. ) ;
#742 = DIRECTION ( 'NONE',  ( -1.000000000000000000, 0.0000000000000000000, 0.0000000000000000000 ) ) ;
#743 = FILL_AREA_STYLE ('',( #6097 ) ) ;
#744 = CARTESIAN_POINT ( 'NONE',  ( 0.7959309925340308789, 1.190099999999999492, 0.3301641629784063947 ) ) ;
#745 = CARTESIAN_POINT ( 'NONE',  ( 0.6277331168510237314, 1.189999999999999947, -0.6643035223519062615 ) ) ;
#746 = EDGE_LOOP ( 'NONE', ( #3103, #5210, #8299, #7117 ) ) ;
#747 = CARTESIAN_POINT ( 'NONE',  ( -1.032559211748344641, 1.189999999999999725, -0.3222244849439107606 ) ) ;
#748 = CARTESIAN_POINT ( 'NONE',  ( 0.5871600366361076073, 1.190099999999999936, -0.4809586328014113787 ) ) ;
#749 = ORIENTED_EDGE ( 'NONE', *, *, #2298, .T. ) ;
#750 = CARTESIAN_POINT ( 'NONE',  ( 0.2013231595053171230, 1.190100000000000380, -0.4832501962524873851 ) ) ;
#751 = CARTESIAN_POINT ( 'NONE',  ( 0.9428441187497863529, 1.190099999999999936, 0.2498828333875981189 ) ) ;
#752 = CARTESIAN_POINT ( 'NONE',  ( -0.8863202019264420084, 1.190099999999999936, -0.6594325806803634782 ) ) ;
#753 = CARTESIAN_POINT ( 'NONE',  ( -1.292571991800197440, 1.190099999999999936, -0.4141333637033769444 ) ) ;
#754 = ORIENTED_EDGE ( 'NONE', *, *, #9715, .F. ) ;
#755 = CARTESIAN_POINT ( 'NONE',  ( -1.060175976753995553, 1.190100000000000158, -0.7027160829320273638 ) ) ;
#756 = CARTESIAN_POINT ( 'NONE',  ( -2.499999999999999556, -1.279882393104615934, 1.741248333264124648 ) ) ;
#757 = CARTESIAN_POINT ( 'NONE',  ( -2.999999999999999556, 0.05000000000000000278, -1.599999999999998090 ) ) ;
#758 = ORIENTED_EDGE ( 'NONE', *, *, #5541, .T. ) ;
#759 = EDGE_CURVE ( 'NONE', #7445, #7325, #4046, .T. ) ;
#760 = CARTESIAN_POINT ( 'NONE',  ( 0.8624526606489915093, 1.190100000000000158, 0.3141925866050767069 ) ) ;
#761 = CARTESIAN_POINT ( 'NONE',  ( 0.5726466371014251600, 1.190099999999999936, -0.5673559158505810940 ) ) ;
#762 = CARTESIAN_POINT ( 'NONE',  ( -1.015734566916675963, 1.190000000000000391, -0.4190411382757260883 ) ) ;
#763 = CARTESIAN_POINT ( 'NONE',  ( -1.161942357547540716, 1.190099999999999936, 0.06634866580983704576 ) ) ;
#764 = CARTESIAN_POINT ( 'NONE',  ( 0.4969891934142907641, 1.190000000000000391, -0.5476469672544999057 ) ) ;
#765 = CARTESIAN_POINT ( 'NONE',  ( -1.268844506739553291, 1.190000000000000169, -0.6373372332591807909 ) ) ;
#766 = CARTESIAN_POINT ( 'NONE',  ( 0.5185181225232157187, 1.190000000000000169, -0.5477618244974618023 ) ) ;
#767 = CARTESIAN_POINT ( 'NONE',  ( 0.4213796967605342170, 1.190099999999999714, -0.3600778107738901723 ) ) ;
#768 = B_SPLINE_SURFACE_WITH_KNOTS ( 'NONE', 3, 1, ( 
 ( #1452, #8403 ),
 ( #7474, #2184 ),
 ( #9887, #2854 ),
 ( #1361, #4490 ),
 ( #9372, #5498 ),
 ( #3199, #9324 ),
 ( #6995, #6236 ),
 ( #8, #8646 ),
 ( #8748, #5450 ),
 ( #7931, #5599 ),
 ( #10086, #1558 ) ),
 .UNSPECIFIED., .F., .F., .F.,
 ( 4, 1, 1, 1, 1, 1, 1, 1, 4 ),
 ( 2, 2 ),
 ( 0.0000000000000000000, 0.1324918285126771567, 0.2620840711968590586, 0.3868733936475049484, 0.5102457872182868392, 0.6317493136083359717, 0.7527724416211460934, 0.8759276938205007301, 1.000000000000000000 ),
 ( 0.0000000000000000000, 1.000000000000000000 ),
 .UNSPECIFIED. ) ;
#769 = CARTESIAN_POINT ( 'NONE',  ( -4.000000000000000888, 0.05000000000000000278, -1.599999999999997868 ) ) ;
#770 = CARTESIAN_POINT ( 'NONE',  ( -1.239575197595643496, 1.189999999999999947, -0.3964495747209246801 ) ) ;
#771 = EDGE_CURVE ( 'NONE', #8692, #6258, #1726, .T. ) ;
#772 = CARTESIAN_POINT ( 'NONE',  ( 0.1335839949297000506, 1.190099999999999936, -0.5361251480290676330 ) ) ;
#773 = CARTESIAN_POINT ( 'NONE',  ( 0.3489032212523394683, 1.190000000000001057, -0.3858692227001389030 ) ) ;
#774 = VERTEX_POINT ( 'NONE', #5218 ) ;
#775 = CARTESIAN_POINT ( 'NONE',  ( 0.1060522955224775937, 1.190100000000000158, -0.2997693072329510877 ) ) ;
#776 = ORIENTED_EDGE ( 'NONE', *, *, #7154, .F. ) ;
#777 = CARTESIAN_POINT ( 'NONE',  ( 0.6080545318474220862, 1.189999999999999947, -0.3828595281438296194 ) ) ;
#778 = ORIENTED_EDGE ( 'NONE', *, *, #784, .T. ) ;
#779 = CARTESIAN_POINT ( 'NONE',  ( -1.039509489751673899, 1.190099999999999936, -0.4737643980430022994 ) ) ;
#780 = CARTESIAN_POINT ( 'NONE',  ( -3.339783448439273439, 1.189999999999999947, 0.2499999999999999445 ) ) ;
#781 = CARTESIAN_POINT ( 'NONE',  ( 0.8043357508274169287, 1.189999999999999725, 0.3714768709380422140 ) ) ;
#782 = FACE_OUTER_BOUND ( 'NONE', #3426, .T. ) ;
#783 = CARTESIAN_POINT ( 'NONE',  ( -1.128866483234701956, 1.190099999999999936, -0.3372791961763499935 ) ) ;
#784 = EDGE_CURVE ( 'NONE', #5045, #193, #1944, .T. ) ;
#785 = EDGE_CURVE ( 'NONE', #4963, #4489, #4308, .T. ) ;
#786 = EDGE_LOOP ( 'NONE', ( #6012, #829, #3582, #9416 ) ) ;
#787 = CARTESIAN_POINT ( 'NONE',  ( 0.8683349092471950303, 1.190100000000000380, 0.3581463095076821146 ) ) ;
#788 = LINE ( 'NONE', #3920, #6943 ) ;
#789 = LINE ( 'NONE', #2539, #1507 ) ;
#790 = AXIS2_PLACEMENT_3D ( 'NONE', #6920, #9388, #26 ) ;
#791 = CARTESIAN_POINT ( 'NONE',  ( -2.499999999999999556, 0.05000000000000066891, 2.904112962014783776E-19 ) ) ;
#792 = PRESENTATION_STYLE_ASSIGNMENT (( #6501 ) ) ;
#793 = ADVANCED_FACE ( 'NONE', ( #1117 ), #3483, .T. ) ;
#794 = EDGE_CURVE ( 'NONE', #774, #554, #9699, .T. ) ;
#795 = AXIS2_PLACEMENT_3D ( 'NONE', #272, #432, #5161 ) ;
#796 = ORIENTED_EDGE ( 'NONE', *, *, #257, .T. ) ;
#797 = CARTESIAN_POINT ( 'NONE',  ( -0.5258891558845175673, 1.190099999999999936, -0.3217465836609189056 ) ) ;
#798 = AXIS2_PLACEMENT_3D ( 'NONE', #617, #2840, #8483 ) ;
#799 = CARTESIAN_POINT ( 'NONE',  ( 0.6120924762639283756, 1.190000000000000391, -0.4535682701521518978 ) ) ;
#800 = EDGE_LOOP ( 'NONE', ( #1727, #8819, #134, #4999 ) ) ;
#801 = CARTESIAN_POINT ( 'NONE',  ( 0.2354419101663180747, 1.189999999999999725, -0.3213211854131507450 ) ) ;
#802 = CARTESIAN_POINT ( 'NONE',  ( 0.9209688281394827758, 1.190100000000000158, 0.3112445058434380463 ) ) ;
#803 = CARTESIAN_POINT ( 'NONE',  ( -0.7378676711275744537, 1.190099999999999714, -0.6742852233483407343 ) ) ;
#804 = DIRECTION ( 'NONE',  ( 0.0000000000000000000, -0.0000000000000000000, -1.000000000000000000 ) ) ;
#805 = CARTESIAN_POINT ( 'NONE',  ( 2.999999999999999556, -1.230654267715319383, -1.899999999999999689 ) ) ;
#806 = ORIENTED_EDGE ( 'NONE', *, *, #785, .F. ) ;
#807 = PLANE ( 'NONE',  #1159 ) ;
#808 = LINE ( 'NONE', #5283, #9879 ) ;
#809 = DIRECTION ( 'NONE',  ( -0.0000000000000000000, -1.000000000000000000, -0.0000000000000000000 ) ) ;
#810 = ORIENTED_EDGE ( 'NONE', *, *, #5588, .T. ) ;
#811 = VECTOR ( 'NONE', #9434, 1000.000000000000227 ) ;
#812 = CARTESIAN_POINT ( 'NONE',  ( 0.5530179558497507752, 1.190099999999999936, -0.5564617301757828205 ) ) ;
#813 = CARTESIAN_POINT ( 'NONE',  ( -1.047844422246720697, 1.189999999999999725, -0.3623225396640620266 ) ) ;
#814 = VECTOR ( 'NONE', #4006, 1000.000000000000000 ) ;
#815 = CARTESIAN_POINT ( 'NONE',  ( -2.499999999999999556, -3.643879807547199021E-16, -1.899999999999999911 ) ) ;
#816 = CARTESIAN_POINT ( 'NONE',  ( 0.4702484588307864199, 1.190099999999999936, -0.5524616147670392552 ) ) ;
#817 = EDGE_CURVE ( 'NONE', #6379, #5865, #7440, .T. ) ;
#818 = CARTESIAN_POINT ( 'NONE',  ( -1.214475810482594120, 1.190000000000000169, -0.6964768438098364323 ) ) ;
#819 = CARTESIAN_POINT ( 'NONE',  ( 0.2680773375691084537, 1.190099999999999492, -0.3497699634408974467 ) ) ;
#820 = CARTESIAN_POINT ( 'NONE',  ( 0.4445880253220555467, 1.190000000000000169, -0.3473060344071209893 ) ) ;
#821 = CARTESIAN_POINT ( 'NONE',  ( 0.6823004944171604524, 1.189999999999999947, 0.2586563581175293502 ) ) ;
#822 = CARTESIAN_POINT ( 'NONE',  ( -1.221461293225624356, 1.189999999999999947, -0.3687038168730726317 ) ) ;
#823 = CARTESIAN_POINT ( 'NONE',  ( 0.7181979303145963334, 1.189999999999999947, 0.2586563581175293502 ) ) ;
#824 = VECTOR ( 'NONE', #1254, 1000.000000000000000 ) ;
#825 = VECTOR ( 'NONE', #5962, 1000.000000000000000 ) ;
#826 = CARTESIAN_POINT ( 'NONE',  ( -3.999999999999999112, -0.05000000000000000278, 1.600000000000000089 ) ) ;
#827 = ORIENTED_EDGE ( 'NONE', *, *, #3721, .T. ) ;
#828 = CARTESIAN_POINT ( 'NONE',  ( 0.007126852455505558112, 1.190000000000001057, -0.3786028195730505863 ) ) ;
#829 = ORIENTED_EDGE ( 'NONE', *, *, #4790, .F. ) ;
#830 = CARTESIAN_POINT ( 'NONE',  ( 0.6005757637552434636, 1.190099999999999714, -0.5188881191947152249 ) ) ;
#831 = CARTESIAN_POINT ( 'NONE',  ( -1.071020122567647004, 1.190099999999999714, -0.4934191861689299352 ) ) ;
#832 = EDGE_CURVE ( 'NONE', #3070, #4593, #8974, .T. ) ;
#833 = CARTESIAN_POINT ( 'NONE',  ( -0.7378676711275744537, 1.189999999999999725, -0.6742852233483407343 ) ) ;
#834 = CARTESIAN_POINT ( 'NONE',  ( 0.4698167230809847661, 1.190099999999999714, -0.7134496485753339945 ) ) ;
#835 = STYLED_ITEM ( 'NONE', ( #9693 ), #6769 ) ;
#836 = VECTOR ( 'NONE', #1874, 1000.000000000000000 ) ;
#837 = SURFACE_STYLE_FILL_AREA ( #3913 ) ;
#838 = CARTESIAN_POINT ( 'NONE',  ( -1.096389758949661397, 1.190000000000000169, -0.3405077546612600981 ) ) ;
#839 = CARTESIAN_POINT ( 'NONE',  ( -0.7328068049943283757, 1.190099999999999936, -0.4835000761845493211 ) ) ;
#840 = ORIENTED_EDGE ( 'NONE', *, *, #8206, .F. ) ;
#841 = MECHANICAL_DESIGN_GEOMETRIC_PRESENTATION_REPRESENTATION (  '', ( #7902 ), #4293 ) ;
#842 = CARTESIAN_POINT ( 'NONE',  ( 0.8335294685833564143, 1.189999999999999947, 0.3691150120849639449 ) ) ;
#843 = EDGE_CURVE ( 'NONE', #2043, #4313, #6623, .T. ) ;
#844 = CARTESIAN_POINT ( 'NONE',  ( -1.284526137713589478, 1.189999999999999725, -0.3869586339774427342 ) ) ;
#845 = CARTESIAN_POINT ( 'NONE',  ( 0.6456957331755671659, 1.190099999999999714, -0.6085854022234978844 ) ) ;
#846 = VECTOR ( 'NONE', #4022, 1000.000000000000000 ) ;
#847 = CARTESIAN_POINT ( 'NONE',  ( 0.7657727484424825537, 1.190099999999999936, 0.3214645811276056198 ) ) ;
#848 = DIRECTION ( 'NONE',  ( -1.000000000000000000, -0.0000000000000000000, 1.355252715606880543E-16 ) ) ;
#849 = VERTEX_POINT ( 'NONE', #2051 ) ;
#850 = ORIENTED_EDGE ( 'NONE', *, *, #5765, .F. ) ;
#851 = CARTESIAN_POINT ( 'NONE',  ( -1.089958206131033558, 1.189999999999999725, -0.3003412515600129007 ) ) ;
#852 = CARTESIAN_POINT ( 'NONE',  ( 0.6016566599564159290, 1.190000000000000169, -0.4678125971529905613 ) ) ;
#853 = ORIENTED_EDGE ( 'NONE', *, *, #4352, .F. ) ;
#854 = VECTOR ( 'NONE', #6227, 1000.000000000000000 ) ;
#855 = EDGE_CURVE ( 'NONE', #721, #6533, #5837, .T. ) ;
#856 = B_SPLINE_SURFACE_WITH_KNOTS ( 'NONE', 3, 1, ( 
 ( #3832, #6965 ),
 ( #10100, #9432 ),
 ( #9477, #10144 ),
 ( #2438, #6203 ),
 ( #1527, #4655 ),
 ( #6255, #2349 ),
 ( #7845, #2393 ),
 ( #797, #5512 ),
 ( #8660, #4077 ),
 ( #2702, #333 ),
 ( #3264, #1830 ) ),
 .UNSPECIFIED., .F., .F., .F.,
 ( 4, 1, 1, 1, 1, 1, 1, 1, 4 ),
 ( 2, 2 ),
 ( 0.0000000000000000000, 0.1367834978174950200, 0.2659325518083328621, 0.3942594159361104689, 0.5235021014428653530, 0.6500730391295258537, 0.7674710515357786589, 0.8828684792334886566, 1.000000000000000000 ),
 ( 0.0000000000000000000, 1.000000000000000000 ),
 .UNSPECIFIED. ) ;
#857 = DIRECTION ( 'NONE',  ( -0.0000000000000000000, -1.000000000000000000, -0.0000000000000000000 ) ) ;
#858 = EDGE_CURVE ( 'NONE', #5360, #2755, #395, .T. ) ;
#859 = CARTESIAN_POINT ( 'NONE',  ( 0.8515247472359960268, 1.190100000000000158, 0.3647102026985725165 ) ) ;
#860 = CARTESIAN_POINT ( 'NONE',  ( -1.112005078538902181, 1.190000000000000169, -0.6745857752385511219 ) ) ;
#861 = CARTESIAN_POINT ( 'NONE',  ( 0.6366895120630288174, 1.189999999999999725, -0.5758547679412991949 ) ) ;
#862 = DIRECTION ( 'NONE',  ( -1.000000000000000000, -0.0000000000000000000, -0.0000000000000000000 ) ) ;
#863 = ORIENTED_EDGE ( 'NONE', *, *, #1266, .T. ) ;
#864 = LINE ( 'NONE', #7760, #2634 ) ;
#865 = CARTESIAN_POINT ( 'NONE',  ( 0.8265057416806205204, 1.189999999999999947, 0.3287511260945712999 ) ) ;
#866 = CARTESIAN_POINT ( 'NONE',  ( 0.2767996851198925579, 1.190000000000000613, -0.4752814181790932513 ) ) ;
#867 = VERTEX_POINT ( 'NONE', #6566 ) ;
#868 = CIRCLE ( 'NONE', #7609, 0.05000000000000034972 ) ;
#869 = CARTESIAN_POINT ( 'NONE',  ( 0.5968936172651407857, 1.190099999999999936, -0.5978312876788528518 ) ) ;
#870 = CARTESIAN_POINT ( 'NONE',  ( -1.056709717533071746, 1.190099999999999714, -0.5735322063869697784 ) ) ;
#871 = FILL_AREA_STYLE ('',( #8679 ) ) ;
#872 = FACE_BOUND ( 'NONE', #4153, .T. ) ;
#873 = VECTOR ( 'NONE', #7743, 1000.000000000000000 ) ;
#874 = CARTESIAN_POINT ( 'NONE',  ( -1.154110453338659026, 1.190099999999999936, -0.5474666970367102481 ) ) ;
#875 = CARTESIAN_POINT ( 'NONE',  ( -0.7874656756144471359, 1.190100000000000158, -0.7146101567865661419 ) ) ;
#876 = B_SPLINE_CURVE_WITH_KNOTS ( 'NONE', 3,
 ( #3016, #3830, #9290, #553, #9338, #4597, #5411, #2146, #2294, #3685, #3059, #7010, #8563, #10143, #9998, #6963, #2201, #5271, #7796 ),
 .UNSPECIFIED., .F., .F.,
 ( 4, 1, 1, 1, 1, 1, 1, 1, 1, 1, 1, 1, 1, 1, 1, 1, 4 ),
 ( 0.0000000000000000000, 0.07177551733589128402, 0.1410618896154328117, 0.2083991661201505807, 0.2745707546878340399, 0.3398079950218809708, 0.4044658174084582170, 0.4695488873320848855, 0.5350666143372249106, 0.5991372905618496114, 0.6606533438074504438, 0.7190497439245218114, 0.7755136785548105705, 0.8311325483214443421, 0.8866854390564380406, 0.9422985746233794035, 1.000000000000000000 ),
 .UNSPECIFIED. ) ;
#877 = B_SPLINE_CURVE_WITH_KNOTS ( 'NONE', 3,
 ( #8380, #5289, #10071, #3032, #2216, #9967, #6168, #2839, #1344, #6833, #7615, #3654, #4563, #9202, #9871, #8438, #5190, #6791, #9921 ),
 .UNSPECIFIED., .F., .F.,
 ( 4, 1, 1, 1, 1, 1, 1, 1, 1, 1, 1, 1, 1, 1, 1, 1, 4 ),
 ( 0.0000000000000000000, 0.05779577049283209783, 0.1134998367032315214, 0.1689794396787515085, 0.2246892494645865157, 0.2815361113536715143, 0.3396851060392574451, 0.4009136629118411621, 0.4650890983405024381, 0.5307139505601041751, 0.5954181803569116305, 0.6601817219649332991, 0.7255256289017628646, 0.7912600893762677945, 0.8587074661624890526, 0.9281071256061157460, 1.000000000000000000 ),
 .UNSPECIFIED. ) ;
#878 = DIRECTION ( 'NONE',  ( 1.000000000000000000, 0.0000000000000000000, 0.0000000000000000000 ) ) ;
#879 = CARTESIAN_POINT ( 'NONE',  ( 0.3913697103490017537, 1.190100000000000158, -0.4355647285541685565 ) ) ;
#880 = CARTESIAN_POINT ( 'NONE',  ( 0.9078453603274981853, 1.190000000000000835, 0.2325654142325203066 ) ) ;
#881 = LINE ( 'NONE', #1649, #814 ) ;
#882 = CARTESIAN_POINT ( 'NONE',  ( 0.4853831878270535860, 1.190000000000000835, -0.2965677660850583042 ) ) ;
#883 = VERTEX_POINT ( 'NONE', #8266 ) ;
#884 = CARTESIAN_POINT ( 'NONE',  ( 0.002277694673819864301, 1.190000000000000835, -0.3939779286265669977 ) ) ;
#885 = ORIENTED_EDGE ( 'NONE', *, *, #5064, .T. ) ;
#886 = CARTESIAN_POINT ( 'NONE',  ( 0.5753762149399904713, 1.190099999999999936, -0.6565331768425471948 ) ) ;
#887 = CARTESIAN_POINT ( 'NONE',  ( -1.088099721163630962, 1.190099999999999714, -0.4987562172260130433 ) ) ;
#888 = CARTESIAN_POINT ( 'NONE',  ( -0.7100954317467238486, 1.189999999999999725, -0.6664267227843276853 ) ) ;
#889 = CARTESIAN_POINT ( 'NONE',  ( -0.5173742340676525941, 1.190100000000000158, -0.3108745035293245529 ) ) ;
#890 = ORIENTED_EDGE ( 'NONE', *, *, #3671, .T. ) ;
#891 = SURFACE_SIDE_STYLE ('',( #3308 ) ) ;
#892 = CARTESIAN_POINT ( 'NONE',  ( 0.5073478799946745665, 1.190099999999999936, -0.5064410560110692572 ) ) ;
#893 = EDGE_CURVE ( 'NONE', #5012, #6581, #4357, .T. ) ;
#894 = CARTESIAN_POINT ( 'NONE',  ( 0.9209688281394827758, 1.190000000000000169, 0.3112445058434380463 ) ) ;
#895 = ORIENTED_EDGE ( 'NONE', *, *, #10119, .F. ) ;
#896 = CARTESIAN_POINT ( 'NONE',  ( -6.359909577704528328E-05, 1.190000000000000169, -0.4098921447153023312 ) ) ;
#897 = CARTESIAN_POINT ( 'NONE',  ( -1.161942357547540716, 1.189999999999999947, 0.1176307170918883399 ) ) ;
#898 = CARTESIAN_POINT ( 'NONE',  ( 0.5111704268146006758, 1.189999999999999947, -0.5063659454224431755 ) ) ;
#899 = CARTESIAN_POINT ( 'NONE',  ( 0.5071876235844181569, 1.190099999999999936, -0.7166974662674795438 ) ) ;
#900 = EDGE_CURVE ( 'NONE', #4358, #6853, #3205, .T. ) ;
#901 = CARTESIAN_POINT ( 'NONE',  ( 0.4136441289302948965, 1.190000000000001501, -0.6316471341670061301 ) ) ;
#902 = ORIENTED_EDGE ( 'NONE', *, *, #5611, .T. ) ;
#903 = CARTESIAN_POINT ( 'NONE',  ( 0.5297679232599050714, 1.190100000000000380, -0.5049947406110206760 ) ) ;
#904 = EDGE_LOOP ( 'NONE', ( #102, #2226, #4980, #8024 ) ) ;
#905 = DIRECTION ( 'NONE',  ( 0.0000000000000000000, 1.000000000000000000, -1.917831477656419409E-16 ) ) ;
#906 = CARTESIAN_POINT ( 'NONE',  ( -3.000000000000000000, -0.05000000000000000278, 1.599999999999999867 ) ) ;
#907 = CARTESIAN_POINT ( 'NONE',  ( 0.1165454280587317065, 1.190100000000000380, -0.3403338216518881354 ) ) ;
#908 = CARTESIAN_POINT ( 'NONE',  ( 2.499999999999999556, -1.189999999999999947, 0.0000000000000000000 ) ) ;
#909 = CARTESIAN_POINT ( 'NONE',  ( 0.3978666638108950271, 1.190099999999999714, -0.4516027514954402688 ) ) ;
#910 = ORIENTED_EDGE ( 'NONE', *, *, #2092, .T. ) ;
#911 = DIRECTION ( 'NONE',  ( 0.0000000000000000000, 0.0000000000000000000, 1.000000000000000000 ) ) ;
#912 = CARTESIAN_POINT ( 'NONE',  ( 0.8540899440292086808, 1.189999999999999725, 0.3193028809840343651 ) ) ;
#913 = CARTESIAN_POINT ( 'NONE',  ( 0.2916737040706294248, 1.189999999999999947, -0.4308640724131485022 ) ) ;
#914 = ORIENTED_EDGE ( 'NONE', *, *, #8004, .T. ) ;
#915 = EDGE_CURVE ( 'NONE', #5865, #964, #7687, .T. ) ;
#916 = EDGE_CURVE ( 'NONE', #5495, #2198, #8509, .T. ) ;
#917 = CARTESIAN_POINT ( 'NONE',  ( 0.5185181225232157187, 1.190100000000000158, -0.5477618244974618023 ) ) ;
#918 = DIRECTION ( 'NONE',  ( -0.0000000000000000000, 1.000000000000000000, -0.0000000000000000000 ) ) ;
#919 = CARTESIAN_POINT ( 'NONE',  ( -1.246418145646351228, 1.190099999999999936, -0.4141333637033769444 ) ) ;
#920 = CARTESIAN_POINT ( 'NONE',  ( 0.1261639299944415649, 1.189999999999999947, -0.4949133910400214664 ) ) ;
#921 = CARTESIAN_POINT ( 'NONE',  ( -1.204003945800167674, 1.189999999999999947, -0.7018483676437379248 ) ) ;
#922 = CARTESIAN_POINT ( 'NONE',  ( -0.4627221219982438072, 1.190000000000000169, -0.3108984645387291024 ) ) ;
#923 = CARTESIAN_POINT ( 'NONE',  ( -1.137019405784261306, 1.189999999999999947, -0.3372600557066522398 ) ) ;
#924 = CARTESIAN_POINT ( 'NONE',  ( 0.2458895466613412462, 1.190100000000000158, -0.4165372098572231452 ) ) ;
#925 = VERTEX_POINT ( 'NONE', #7599 ) ;
#926 = CARTESIAN_POINT ( 'NONE',  ( 0.9079415200581861800, 1.190000000000000835, 0.2290089222200934471 ) ) ;
#927 = FACE_OUTER_BOUND ( 'NONE', #1523, .T. ) ;
#928 = FACE_OUTER_BOUND ( 'NONE', #9896, .T. ) ;
#929 = EDGE_LOOP ( 'NONE', ( #8502, #385, #6843, #5814 ) ) ;
#930 = DIRECTION ( 'NONE',  ( 1.000000000000000000, 0.0000000000000000000, -1.355252715606880296E-16 ) ) ;
#931 = EDGE_LOOP ( 'NONE', ( #5281, #5888, #2377, #5154 ) ) ;
#932 = CARTESIAN_POINT ( 'NONE',  ( 0.6345115304281798707, 1.190000000000000391, -0.4954815241111420465 ) ) ;
#933 = CARTESIAN_POINT ( 'NONE',  ( 0.3638382646100591367, 1.189999999999999947, -0.6140532354982487506 ) ) ;
#934 = LINE ( 'NONE', #1709, #3167 ) ;
#935 = B_SPLINE_CURVE_WITH_KNOTS ( 'NONE', 3,
 ( #9529, #845, #3922, #6450, #9428, #8656, #8609, #9474, #8761, #2433, #5558 ),
 .UNSPECIFIED., .F., .F.,
 ( 4, 1, 1, 1, 1, 1, 1, 1, 4 ),
 ( 0.0000000000000000000, 0.1142111380673997423, 0.2251696778288221346, 0.3364881489222327771, 0.4512944551709172081, 0.5726075620908457342, 0.7025532420149689372, 0.8450604094388959320, 1.000000000000000000 ),
 .UNSPECIFIED. ) ;
#936 = CARTESIAN_POINT ( 'NONE',  ( -1.207087730687658622, 1.189999999999999947, -0.6484452611317659265 ) ) ;
#937 = CARTESIAN_POINT ( 'NONE',  ( 0.04979241632579536198, 1.189999999999999947, -0.3931677108858488423 ) ) ;
#938 = ORIENTED_EDGE ( 'NONE', *, *, #4906, .F. ) ;
#939 = CARTESIAN_POINT ( 'NONE',  ( -1.015904718798430917, 1.189999999999999947, -0.4135095297742831244 ) ) ;
#940 =( NAMED_UNIT ( * ) SI_UNIT ( $, .STERADIAN. ) SOLID_ANGLE_UNIT ( ) );
#941 = CARTESIAN_POINT ( 'NONE',  ( 2.999999999999999556, 0.05000000000000066891, 2.904112962014783776E-19 ) ) ;
#942 = EDGE_LOOP ( 'NONE', ( #1771, #2005, #6306, #8271, #4887, #8227, #6440, #3087 ) ) ;
#943 = EDGE_CURVE ( 'NONE', #3041, #9811, #876, .T. ) ;
#944 = CARTESIAN_POINT ( 'NONE',  ( -0.4900078892360948957, 1.190099999999999936, -0.3013128508828640806 ) ) ;
#945 = DIRECTION ( 'NONE',  ( -0.0000000000000000000, -1.000000000000000000, -0.0000000000000000000 ) ) ;
#946 = CARTESIAN_POINT ( 'NONE',  ( -0.6797223629359506747, 1.190099999999999714, -0.4757473330580767601 ) ) ;
#947 = CARTESIAN_POINT ( 'NONE',  ( 0.4698167230809847661, 1.190000000000000391, -0.7134496485753339945 ) ) ;
#948 = CARTESIAN_POINT ( 'NONE',  ( 0.8912442699124422107, 1.190100000000000158, 0.2862081595727845040 ) ) ;
#949 = CARTESIAN_POINT ( 'NONE',  ( 0.4115547532635562278, 1.190000000000001057, -0.6257856737864181396 ) ) ;
#950 = ORIENTED_EDGE ( 'NONE', *, *, #8771, .T. ) ;
#951 = CARTESIAN_POINT ( 'NONE',  ( -0.8085578347118003162, 1.190099999999999936, -0.6663597686145190657 ) ) ;
#952 = ORIENTED_EDGE ( 'NONE', *, *, #2656, .F. ) ;
#953 = CARTESIAN_POINT ( 'NONE',  ( 0.7480373052868443118, 1.190000000000000169, 0.1522250093926693082 ) ) ;
#954 = VECTOR ( 'NONE', #2324, 1000.000000000000000 ) ;
#955 = CARTESIAN_POINT ( 'NONE',  ( -1.128307275691387890, 1.190000000000000613, -0.6756062978093672067 ) ) ;
#956 = EDGE_CURVE ( 'NONE', #4332, #2081, #6375, .T. ) ;
#957 = LINE ( 'NONE', #4140, #9075 ) ;
#958 = CARTESIAN_POINT ( 'NONE',  ( 0.4085281272605009173, 1.189999999999999725, -0.4665222715414060750 ) ) ;
#959 = ORIENTED_EDGE ( 'NONE', *, *, #1428, .T. ) ;
#960 = AXIS2_PLACEMENT_3D ( 'NONE', #6736, #9765, #2724 ) ;
#961 = CARTESIAN_POINT ( 'NONE',  ( -0.7050719918001974174, 1.189999999999999947, -0.4518737483187615367 ) ) ;
#962 = CARTESIAN_POINT ( 'NONE',  ( 0.8781476332960452824, 1.190000000000000169, 0.3015735410635460578 ) ) ;
#963 = CARTESIAN_POINT ( 'NONE',  ( -0.7005949061257920052, 1.190100000000000158, -0.4559960576946995303 ) ) ;
#964 = VERTEX_POINT ( 'NONE', #10099 ) ;
#965 = STYLED_ITEM ( 'NONE', ( #2610 ), #8232 ) ;
#966 = PLANE ( 'NONE',  #2929 ) ;
#967 = UNCERTAINTY_MEASURE_WITH_UNIT (LENGTH_MEASURE( 1.000000000000000082E-05 ), #7535, 'distance_accuracy_value', 'NONE');
#968 = CARTESIAN_POINT ( 'NONE',  ( -1.036625898288579872, 1.190099999999999714, -0.6043938570389058018 ) ) ;
#969 = ORIENTED_EDGE ( 'NONE', *, *, #916, .F. ) ;
#970 = CARTESIAN_POINT ( 'NONE',  ( 2.999999999999999556, -1.230654267715320715, -1.749999999999999778 ) ) ;
#971 = CARTESIAN_POINT ( 'NONE',  ( 0.07527901853108964758, 1.190100000000000380, -0.4730813839506436969 ) ) ;
#972 = ADVANCED_FACE ( 'NONE', ( #6917 ), #9239, .F. ) ;
#973 = CARTESIAN_POINT ( 'NONE',  ( -0.7252208069745219587, 1.190100000000000158, -0.7146967011561317085 ) ) ;
#974 = CARTESIAN_POINT ( 'NONE',  ( -0.7614069099474667368, 1.189999999999999947, -0.7165987107225129105 ) ) ;
#975 = VECTOR ( 'NONE', #1057, 1000.000000000000114 ) ;
#976 = CARTESIAN_POINT ( 'NONE',  ( -0.7898019178420069286, 1.190099999999999936, -0.6723643791182566387 ) ) ;
#977 = DIRECTION ( 'NONE',  ( -0.8703597148539594652, 0.0000000000000000000, -0.4924164566292787981 ) ) ;
#978 = ORIENTED_EDGE ( 'NONE', *, *, #1047, .F. ) ;
#979 = CARTESIAN_POINT ( 'NONE',  ( -1.070171736090613557, 1.190100000000000158, -0.6615561307829288529 ) ) ;
#980 = CARTESIAN_POINT ( 'NONE',  ( 0.3510465288274301487, 1.190000000000000391, -0.4595643710418284011 ) ) ;
#981 = LINE ( 'NONE', #7405, #6709 ) ;
#982 = VECTOR ( 'NONE', #6365, 1000.000000000000000 ) ;
#983 = CARTESIAN_POINT ( 'NONE',  ( 0.03500955156826820319, 1.190000000000000835, -0.3367409615054334227 ) ) ;
#984 = ORIENTED_EDGE ( 'NONE', *, *, #1531, .T. ) ;
#985 = CARTESIAN_POINT ( 'NONE',  ( 0.5785818543536489500, 1.190099999999999936, -0.5292775944726076931 ) ) ;
#986 = CARTESIAN_POINT ( 'NONE',  ( 0.4302472521744010736, 1.189999999999999725, -0.5305240061505275273 ) ) ;
#987 = EDGE_CURVE ( 'NONE', #321, #7837, #6143, .T. ) ;
#988 = CARTESIAN_POINT ( 'NONE',  ( -3.339783448439273439, 0.8149999999999998357, 0.2499999999999999445 ) ) ;
#989 = PLANE ( 'NONE',  #2154 ) ;
#990 = CYLINDRICAL_SURFACE ( 'NONE', #3271, 0.05000000000000034972 ) ;
#991 = ORIENTED_EDGE ( 'NONE', *, *, #1148, .T. ) ;
#992 = SURFACE_STYLE_USAGE ( .BOTH. , #891 ) ;
#993 = STYLED_ITEM ( 'NONE', ( #9313 ), #6325 ) ;
#994 = CARTESIAN_POINT ( 'NONE',  ( 0.5032322007563285737, 1.190000000000000169, -0.5475272045053151126 ) ) ;
#995 = CARTESIAN_POINT ( 'NONE',  ( -1.056709717533071746, 1.189999999999999725, -0.5735322063869697784 ) ) ;
#996 = VERTEX_POINT ( 'NONE', #4508 ) ;
#997 = VECTOR ( 'NONE', #2095, 1000.000000000000000 ) ;
#998 = CARTESIAN_POINT ( 'NONE',  ( -0.4516896206374790834, 1.190100000000000158, -0.3324403937215252847 ) ) ;
#999 = CARTESIAN_POINT ( 'NONE',  ( 2.987479944133196508, 1.189999999999999947, -0.3750000000000001110 ) ) ;
#1000 = CARTESIAN_POINT ( 'NONE',  ( 0.6073992887171656418, 1.189999999999999725, -0.4608184050631963236 ) ) ;
#1001 = CARTESIAN_POINT ( 'NONE',  ( 0.5008206451843660867, 1.190099999999999714, -0.7165365219514810979 ) ) ;
#1002 = AXIS2_PLACEMENT_3D ( 'NONE', #3309, #3970, #110 ) ;
#1003 = VECTOR ( 'NONE', #6221, 1000.000000000000000 ) ;
#1004 = CARTESIAN_POINT ( 'NONE',  ( -0.4975940367930368757, 1.189999999999999947, -0.3016625478291161122 ) ) ;
#1005 = B_SPLINE_SURFACE_WITH_KNOTS ( 'NONE', 3, 1, ( 
 ( #5831, #1938 ),
 ( #3304, #61 ),
 ( #6437, #9569 ),
 ( #6292, #6384 ),
 ( #3965, #2528 ),
 ( #4884, #105 ),
 ( #2381, #3248 ) ),
 .UNSPECIFIED., .F., .F., .F.,
 ( 4, 1, 1, 1, 4 ),
 ( 2, 2 ),
 ( 0.0000000000000000000, 0.2750683690187429309, 0.5329014600899372178, 0.7739734595924444571, 0.9999999999999998890 ),
 ( 0.0000000000000000000, 1.000000000000000000 ),
 .UNSPECIFIED. ) ;
#1006 = CARTESIAN_POINT ( 'NONE',  ( 0.4204527882447767206, 1.190099999999999936, -0.6426585181080927134 ) ) ;
#1007 = CARTESIAN_POINT ( 'NONE',  ( 0.9209688281394827758, 1.190000000000000169, 0.3112445058434380463 ) ) ;
#1008 = VERTEX_POINT ( 'NONE', #3728 ) ;
#1009 = CARTESIAN_POINT ( 'NONE',  ( 0.7597765510842472425, 1.190000000000000169, 0.1487147807497479768 ) ) ;
#1010 = CARTESIAN_POINT ( 'NONE',  ( 2.499999999999999556, -1.239228125389295609, 0.9412483332641250477 ) ) ;
#1011 = VECTOR ( 'NONE', #10040, 1000.000000000000000 ) ;
#1012 = CARTESIAN_POINT ( 'NONE',  ( -0.7719700694645200700, 1.190099999999999714, -0.7164045739527907797 ) ) ;
#1013 = DIRECTION ( 'NONE',  ( 1.000000000000000000, 0.0000000000000000000, 0.0000000000000000000 ) ) ;
#1014 = ORIENTED_EDGE ( 'NONE', *, *, #5371, .T. ) ;
#1015 = CARTESIAN_POINT ( 'NONE',  ( -0.3541104533386589814, 1.190099999999999936, -0.6654154149854282219 ) ) ;
#1016 = CARTESIAN_POINT ( 'NONE',  ( 0.8912442699124422107, 1.190000000000000169, 0.2862081595727845040 ) ) ;
#1017 = CARTESIAN_POINT ( 'NONE',  ( 0.4320174915022009787, 1.190000000000000169, -0.4862906095710517462 ) ) ;
#1018 = ORIENTED_EDGE ( 'NONE', *, *, #10140, .T. ) ;
#1019 = ORIENTED_EDGE ( 'NONE', *, *, #9559, .T. ) ;
#1020 = MECHANICAL_DESIGN_GEOMETRIC_PRESENTATION_REPRESENTATION (  '', ( #7248 ), #3155 ) ;
#1021 = CARTESIAN_POINT ( 'NONE',  ( -0.6566745559027615808, 1.190099999999999936, -0.5945820816520949181 ) ) ;
#1022 = ADVANCED_FACE ( 'NONE', ( #6102 ), #6887, .T. ) ;
#1023 = LINE ( 'NONE', #2513, #2295 ) ;
#1024 = CARTESIAN_POINT ( 'NONE',  ( 0.06238693859372572426, 1.189999999999999947, -0.4608909332258375735 ) ) ;
#1025 = CARTESIAN_POINT ( 'NONE',  ( -1.036625898288579872, 1.190099999999999714, -0.6043938570389058018 ) ) ;
#1026 = CARTESIAN_POINT ( 'NONE',  ( -1.246418145646351228, 1.190099999999999936, -0.4141333637033769444 ) ) ;
#1027 = CIRCLE ( 'NONE', #7255, 0.4999999999999989453 ) ;
#1028 = CARTESIAN_POINT ( 'NONE',  ( -0.6203312869321215839, 1.189999999999999947, -0.6421968644366276013 ) ) ;
#1029 = CARTESIAN_POINT ( 'NONE',  ( 0.2160929779951641927, 1.189999999999999947, -0.3110064645114954951 ) ) ;
#1030 = CARTESIAN_POINT ( 'NONE',  ( -2.999999999999999556, 0.05000000000000066891, 2.904112962014783776E-19 ) ) ;
#1031 = ORIENTED_EDGE ( 'NONE', *, *, #1834, .F. ) ;
#1032 = CARTESIAN_POINT ( 'NONE',  ( -1.036379965931536695, 1.190000000000000613, -0.6191850176400984784 ) ) ;
#1033 = CARTESIAN_POINT ( 'NONE',  ( -1.030382088789906669, 1.190099999999999936, -0.6860069170012083051 ) ) ;
#1034 = CARTESIAN_POINT ( 'NONE',  ( 0.5808438063236505133, 1.190099999999999936, -0.3564998849447859608 ) ) ;
#1035 = ADVANCED_FACE ( 'NONE', ( #1766 ), #6345, .F. ) ;
#1036 = CARTESIAN_POINT ( 'NONE',  ( 0.6637023598183016126, 1.190000000000000391, -0.4470062753765106089 ) ) ;
#1037 = VECTOR ( 'NONE', #3934, 1000.000000000000000 ) ;
#1038 = ORIENTED_EDGE ( 'NONE', *, *, #1292, .F. ) ;
#1039 = CARTESIAN_POINT ( 'NONE',  ( 0.5899263332338017252, 1.190100000000000158, -0.5242839642012491197 ) ) ;
#1040 = CARTESIAN_POINT ( 'NONE',  ( -2.999999999999999556, 0.0000000000000000000, 1.800000000000000266 ) ) ;
#1041 = CARTESIAN_POINT ( 'NONE',  ( 0.6420693973388563736, 1.190000000000000613, -0.5875459171506343115 ) ) ;
#1042 = DIRECTION ( 'NONE',  ( 0.0000000000000000000, -0.9845625077859065932, -0.1750333347174951593 ) ) ;
#1043 = ORIENTED_EDGE ( 'NONE', *, *, #4425, .F. ) ;
#1044 = CARTESIAN_POINT ( 'NONE',  ( 2.499999999999999556, 0.05000000000000067585, -1.749999999999998890 ) ) ;
#1045 = DIRECTION ( 'NONE',  ( -0.0000000000000000000, -1.000000000000000000, -0.0000000000000000000 ) ) ;
#1046 = ADVANCED_FACE ( 'NONE', ( #3263 ), #6397, .F. ) ;
#1047 = EDGE_CURVE ( 'NONE', #4237, #1895, #2541, .T. ) ;
#1048 = CARTESIAN_POINT ( 'NONE',  ( 0.4877754759450110833, 1.189999999999999725, -0.5486318479818448335 ) ) ;
#1049 = CARTESIAN_POINT ( 'NONE',  ( 1.195922289288955609, 1.190099999999999936, 0.002246101707272939348 ) ) ;
#1050 = ORIENTED_EDGE ( 'NONE', *, *, #94, .T. ) ;
#1051 = CARTESIAN_POINT ( 'NONE',  ( -0.4519740393008241930, 1.190099999999999936, -0.3280614687242060512 ) ) ;
#1052 = CARTESIAN_POINT ( 'NONE',  ( 1.010505622622288602, 1.190099999999999936, 0.002246101707272939348 ) ) ;
#1053 = DIRECTION ( 'NONE',  ( 0.0000000000000000000, -0.0000000000000000000, 1.000000000000000000 ) ) ;
#1054 = DIRECTION ( 'NONE',  ( 0.0000000000000000000, -0.9902680687415703620, -0.1391731009600657432 ) ) ;
#1055 = CARTESIAN_POINT ( 'NONE',  ( 0.4099921107639052931, 1.190099999999999936, -0.6134923380623513722 ) ) ;
#1056 = ORIENTED_EDGE ( 'NONE', *, *, #6977, .F. ) ;
#1057 = DIRECTION ( 'NONE',  ( 0.4966865118376825872, 0.0000000000000000000, -0.8679300138597095815 ) ) ;
#1058 = VERTEX_POINT ( 'NONE', #9476 ) ;
#1059 = VECTOR ( 'NONE', #3191, 1000.000000000000000 ) ;
#1060 = CARTESIAN_POINT ( 'NONE',  ( 0.8817255328005798587, 1.189999999999999725, 0.1651152750461040986 ) ) ;
#1061 = CARTESIAN_POINT ( 'NONE',  ( -2.999999999999999556, -1.230654267715320715, -1.749999999999999778 ) ) ;
#1062 = CARTESIAN_POINT ( 'NONE',  ( 0.1842462730376542845, 1.190099999999999936, -0.3429354926368268219 ) ) ;
#1063 = DIRECTION ( 'NONE',  ( -0.0000000000000000000, -1.000000000000000000, -0.0000000000000000000 ) ) ;
#1064 = ORIENTED_EDGE ( 'NONE', *, *, #6071, .T. ) ;
#1065 = CARTESIAN_POINT ( 'NONE',  ( -0.6797223629359506747, 1.189999999999999725, -0.4757473330580767601 ) ) ;
#1066 = CARTESIAN_POINT ( 'NONE',  ( 0.8851007132114225850, 1.189999999999999947, 0.2941484331070599034 ) ) ;
#1067 = CARTESIAN_POINT ( 'NONE',  ( 0.2700257502818930178, 1.189999999999999947, -0.4851332028542206243 ) ) ;
#1068 = VERTEX_POINT ( 'NONE', #2436 ) ;
#1069 = DIRECTION ( 'NONE',  ( 0.0000000000000000000, -5.808225924029490901E-18, 1.000000000000000000 ) ) ;
#1070 = DIRECTION ( 'NONE',  ( -0.0000000000000000000, -1.000000000000000000, -0.0000000000000000000 ) ) ;
#1071 = DIRECTION ( 'NONE',  ( -1.000000000000000000, 0.0000000000000000000, 0.0000000000000000000 ) ) ;
#1072 = CARTESIAN_POINT ( 'NONE',  ( -0.6160457641569243581, 1.190099999999999714, -0.6313314095160299511 ) ) ;
#1073 = CARTESIAN_POINT ( 'NONE',  ( -1.246418145646351228, 1.189999999999999947, -0.4141333637033769444 ) ) ;
#1074 = CARTESIAN_POINT ( 'NONE',  ( -0.7108466807525086750, 1.190000000000000169, -0.7118483323098387938 ) ) ;
#1075 = CARTESIAN_POINT ( 'NONE',  ( 0.1502542286202601385, 1.189999999999999947, -0.2963898310218738841 ) ) ;
#1076 = CARTESIAN_POINT ( 'NONE',  ( 0.01493267045984364438, 1.190100000000000158, -0.4764331545158594361 ) ) ;
#1077 = ADVANCED_FACE ( 'NONE', ( #5560 ), #1930, .T. ) ;
#1078 = ORIENTED_EDGE ( 'NONE', *, *, #8322, .T. ) ;
#1079 = CARTESIAN_POINT ( 'NONE',  ( -1.077666589383708518, 1.190000000000000169, -0.6652880083560127611 ) ) ;
#1080 = CARTESIAN_POINT ( 'NONE',  ( 0.3587119653171466638, 1.190000000000000391, -0.4740108752004581483 ) ) ;
#1081 = CARTESIAN_POINT ( 'NONE',  ( -1.070171736090613557, 1.190100000000000158, -0.6615561307829288529 ) ) ;
#1082 = CARTESIAN_POINT ( 'NONE',  ( 0.6193410195317232692, 1.189999999999999947, -0.5076392633233094420 ) ) ;
#1083 = ORIENTED_EDGE ( 'NONE', *, *, #7049, .F. ) ;
#1084 = CARTESIAN_POINT ( 'NONE',  ( 0.6652136654510759639, 1.190000000000000169, -0.4391792031662575257 ) ) ;
#1085 = CARTESIAN_POINT ( 'NONE',  ( 0.4727832387212017040, 1.190100000000000158, -0.3396256554262667149 ) ) ;
#1086 = CARTESIAN_POINT ( 'NONE',  ( 0.04761096705653979078, 1.190000000000000169, -0.4007060379595790423 ) ) ;
#1087 = CARTESIAN_POINT ( 'NONE',  ( -0.8164772366142718507, 1.190000000000000169, -0.7075529071732825637 ) ) ;
#1088 = B_SPLINE_CURVE_WITH_KNOTS ( 'NONE', 3,
 ( #6436, #1865, #4883, #9617, #2574, #8026, #6535, #6645, #6592, #5036, #7193, #1085, #2628, #9667, #1809 ),
 .UNSPECIFIED., .F., .F.,
 ( 4, 1, 1, 1, 1, 1, 1, 1, 1, 1, 1, 1, 4 ),
 ( 0.0000000000000000000, 0.06878762939796111142, 0.1370404437674426490, 0.2082603896862437742, 0.2826214412394246756, 0.3598692223356388387, 0.4386735874168976035, 0.5208423054879494085, 0.6073544396842559534, 0.6986036255491615554, 0.7939407475642052958, 0.8940156838113778592, 1.000000000000000000 ),
 .UNSPECIFIED. ) ;
#1089 = FACE_OUTER_BOUND ( 'NONE', #1186, .T. ) ;
#1090 = EDGE_CURVE ( 'NONE', #8130, #623, #6055, .T. ) ;
#1091 = VERTEX_POINT ( 'NONE', #9069 ) ;
#1092 = B_SPLINE_CURVE_WITH_KNOTS ( 'NONE', 3,
 ( #4192, #8156, #4084, #1889, #5063, #2657, #6618, #1112, #2707, #9592, #7321 ),
 .UNSPECIFIED., .F., .F.,
 ( 4, 1, 1, 1, 1, 1, 1, 1, 4 ),
 ( 0.0000000000000000000, 0.1171679633682765620, 0.2326012941471963247, 0.3500358320675562296, 0.4776223174100243662, 0.6069052136106057871, 0.7339847097962399758, 0.8631739453497531134, 1.000000000000000000 ),
 .UNSPECIFIED. ) ;
#1093 = CARTESIAN_POINT ( 'NONE',  ( 0.4581199595418249393, 1.190000000000000391, -0.3427250003971499814 ) ) ;
#1094 = CARTESIAN_POINT ( 'NONE',  ( -0.9695486265100525802, 1.190099999999999936, -0.4224630332796583398 ) ) ;
#1095 = CARTESIAN_POINT ( 'NONE',  ( 0.4100869447915367338, 1.189999999999999947, -0.6114010717127114081 ) ) ;
#1096 = CARTESIAN_POINT ( 'NONE',  ( 0.8076768448021323099, 1.190100000000000158, 0.3714466000876310292 ) ) ;
#1097 = VERTEX_POINT ( 'NONE', #5112 ) ;
#1098 = DIRECTION ( 'NONE',  ( 1.000000000000000000, -0.0000000000000000000, 0.0000000000000000000 ) ) ;
#1099 = CARTESIAN_POINT ( 'NONE',  ( -0.4686270160032809939, 1.190100000000000158, -0.3066700294666495630 ) ) ;
#1100 = ADVANCED_FACE ( 'NONE', ( #3521 ), #9682, .F. ) ;
#1101 = LINE ( 'NONE', #1052, #5756 ) ;
#1102 = EDGE_CURVE ( 'NONE', #8612, #6558, #4394, .T. ) ;
#1103 = CARTESIAN_POINT ( 'NONE',  ( 1.415633827750493845, 1.190099999999999936, 0.002246101707272939348 ) ) ;
#1104 = CARTESIAN_POINT ( 'NONE',  ( -1.268844506739553291, 1.190100000000000158, -0.6373372332591807909 ) ) ;
#1105 = EDGE_LOOP ( 'NONE', ( #5041, #8556, #2472, #6627 ) ) ;
#1106 = CARTESIAN_POINT ( 'NONE',  ( 0.4204527882447767206, 1.190000000000001279, -0.6426585181080927134 ) ) ;
#1107 = ORIENTED_EDGE ( 'NONE', *, *, #2346, .T. ) ;
#1108 = CARTESIAN_POINT ( 'NONE',  ( 0.5174170764257993715, 1.190000000000000169, -0.3374263325560044047 ) ) ;
#1109 = B_SPLINE_CURVE_WITH_KNOTS ( 'NONE', 3,
 ( #8294, #8337, #6650, #6023, #5097, #5917, #2786, #1248, #5196, #5973, #526 ),
 .UNSPECIFIED., .F., .F.,
 ( 4, 1, 1, 1, 1, 1, 1, 1, 4 ),
 ( 0.0000000000000000000, 0.1197823050614251206, 0.2350138086780077518, 0.3522430204643220431, 0.4776018342326474597, 0.6066586882675665260, 0.7348010377364027068, 0.8634131762041149516, 1.000000000000000000 ),
 .UNSPECIFIED. ) ;
#1110 = EDGE_LOOP ( 'NONE', ( #2361, #2992, #433, #8662 ) ) ;
#1111 = LINE ( 'NONE', #8815, #7263 ) ;
#1112 = CARTESIAN_POINT ( 'NONE',  ( -0.4752248710743507409, 1.190099999999999714, -0.3035826238908035379 ) ) ;
#1113 = ADVANCED_FACE ( 'NONE', ( #7525 ), #8306, .T. ) ;
#1114 = ORIENTED_EDGE ( 'NONE', *, *, #6056, .T. ) ;
#1115 = CARTESIAN_POINT ( 'NONE',  ( -0.6151904995086121541, 1.189999999999999947, -0.5635903486589650679 ) ) ;
#1116 = CARTESIAN_POINT ( 'NONE',  ( 0.4302472521744010736, 1.189999999999999281, -0.5305240061505275273 ) ) ;
#1117 = FACE_OUTER_BOUND ( 'NONE', #942, .T. ) ;
#1118 = ORIENTED_EDGE ( 'NONE', *, *, #6874, .F. ) ;
#1119 = EDGE_LOOP ( 'NONE', ( #4656, #6962, #959, #9931 ) ) ;
#1120 = LINE ( 'NONE', #5019, #8351 ) ;
#1121 = VECTOR ( 'NONE', #3538, 1000.000000000000000 ) ;
#1122 =( LENGTH_UNIT ( ) NAMED_UNIT ( * ) SI_UNIT ( .MILLI., .METRE. ) );
#1123 =( LENGTH_UNIT ( ) NAMED_UNIT ( * ) SI_UNIT ( .MILLI., .METRE. ) );
#1124 = CARTESIAN_POINT ( 'NONE',  ( 0.1167554670975110703, 1.190099999999999714, -0.4930035921471505600 ) ) ;
#1125 = VECTOR ( 'NONE', #133, 1000.000000000000000 ) ;
#1126 = CARTESIAN_POINT ( 'NONE',  ( -0.7507408334772478486, 1.190099999999999714, -0.7165926775423309136 ) ) ;
#1127 = CARTESIAN_POINT ( 'NONE',  ( -1.060647004361211287, 1.190000000000001279, -0.4887366809748847074 ) ) ;
#1128 = CARTESIAN_POINT ( 'NONE',  ( -0.7403681004815790834, 1.190099999999999936, -0.7163873105033371491 ) ) ;
#1129 = CARTESIAN_POINT ( 'NONE',  ( 0.6358640484968415274, 1.189999999999999947, -0.6521317351451476618 ) ) ;
#1130 = CARTESIAN_POINT ( 'NONE',  ( 0.1616529502246831229, 1.190000000000000391, -0.5371010467364516483 ) ) ;
#1131 = ORIENTED_EDGE ( 'NONE', *, *, #8986, .F. ) ;
#1132 = CARTESIAN_POINT ( 'NONE',  ( 0.4100596617502464958, 1.189999999999999947, -0.6155829880724823511 ) ) ;
#1133 = CARTESIAN_POINT ( 'NONE',  ( -0.9900078892360949512, 1.189999999999999503, -0.6127711842161974731 ) ) ;
#1134 = DIRECTION ( 'NONE',  ( -0.7408025524698522712, 0.0000000000000000000, 0.6717228433320932002 ) ) ;
#1135 = B_SPLINE_CURVE_WITH_KNOTS ( 'NONE', 3,
 ( #2564, #6368, #2462, #50, #4045, #922, #9654, #7135, #1644, #92, #8886 ),
 .UNSPECIFIED., .F., .F.,
 ( 4, 1, 1, 1, 1, 1, 1, 1, 4 ),
 ( 0.0000000000000000000, 0.1171679633682765620, 0.2326012941471963247, 0.3500358320675562296, 0.4776223174100243662, 0.6069052136106057871, 0.7339847097962399758, 0.8631739453497531134, 1.000000000000000000 ),
 .UNSPECIFIED. ) ;
#1136 = CARTESIAN_POINT ( 'NONE',  ( -0.9900078892360949512, 1.189999999999999947, -0.6127711842161974731 ) ) ;
#1137 = ORIENTED_EDGE ( 'NONE', *, *, #6327, .T. ) ;
#1138 = AXIS2_PLACEMENT_3D ( 'NONE', #3019, #1228, #4362 ) ;
#1139 = CARTESIAN_POINT ( 'NONE',  ( 0.6662284682619850074, 1.190100000000000158, -0.4311469139776767379 ) ) ;
#1140 = CARTESIAN_POINT ( 'NONE',  ( 0.9079415200581861800, 1.190099999999999936, 0.2290089222200934471 ) ) ;
#1141 = CARTESIAN_POINT ( 'NONE',  ( 0.06822426342084847439, 1.190099999999999714, -0.3661528663657667715 ) ) ;
#1142 = CARTESIAN_POINT ( 'NONE',  ( 0.2092193053075458165, 1.190099999999999714, -0.4784796687457671394 ) ) ;
#1143 = CARTESIAN_POINT ( 'NONE',  ( 0.2456168853368248806, 1.189999999999999947, -0.4085227238269971139 ) ) ;
#1144 = ORIENTED_EDGE ( 'NONE', *, *, #2688, .T. ) ;
#1145 = CARTESIAN_POINT ( 'NONE',  ( 0.3482940064793561552, 1.189999999999999947, -0.4519615599257859051 ) ) ;
#1146 =( GEOMETRIC_REPRESENTATION_CONTEXT ( 3 ) GLOBAL_UNCERTAINTY_ASSIGNED_CONTEXT ( ( #9600 ) ) GLOBAL_UNIT_ASSIGNED_CONTEXT ( ( #5189, #5141, #615 ) ) REPRESENTATION_CONTEXT ( 'NONE', 'WORKASPACE' ) );
#1147 = CARTESIAN_POINT ( 'NONE',  ( -1.079596831977098326, 1.190099999999999936, -0.3026477187193285512 ) ) ;
#1148 = EDGE_CURVE ( 'NONE', #7556, #7823, #2647, .T. ) ;
#1149 = CARTESIAN_POINT ( 'NONE',  ( 0.1969204224957178950, 1.190099999999999936, -0.5326190639484756906 ) ) ;
#1150 = ORIENTED_EDGE ( 'NONE', *, *, #18, .F. ) ;
#1151 = CARTESIAN_POINT ( 'NONE',  ( -0.7206965668361747790, 1.189999999999999725, -0.4945206640271608833 ) ) ;
#1152 = VECTOR ( 'NONE', #9061, 1000.000000000000000 ) ;
#1153 = CARTESIAN_POINT ( 'NONE',  ( -0.7016320295203816171, 1.190099999999999492, -0.6623689015400998636 ) ) ;
#1154 = CARTESIAN_POINT ( 'NONE',  ( -0.7050719918001974174, 1.190099999999999936, -0.4518737483187615367 ) ) ;
#1155 = CARTESIAN_POINT ( 'NONE',  ( 2.999999999999999556, -1.239228125389295609, -0.9412483332641250477 ) ) ;
#1156 = CARTESIAN_POINT ( 'NONE',  ( -1.242413325843641836, 1.190100000000000380, -0.6754894202670310710 ) ) ;
#1157 = FACE_OUTER_BOUND ( 'NONE', #5953, .T. ) ;
#1158 =( GEOMETRIC_REPRESENTATION_CONTEXT ( 3 ) GLOBAL_UNCERTAINTY_ASSIGNED_CONTEXT ( ( #9806 ) ) GLOBAL_UNIT_ASSIGNED_CONTEXT ( ( #6537, #8390, #7411 ) ) REPRESENTATION_CONTEXT ( 'NONE', 'WORKASPACE' ) );
#1159 = AXIS2_PLACEMENT_3D ( 'NONE', #3938, #4765, #9544 ) ;
#1160 = EDGE_CURVE ( 'NONE', #3526, #9490, #7425, .T. ) ;
#1161 = CARTESIAN_POINT ( 'NONE',  ( 0.8335294685833564143, 1.189999999999999947, 0.3691150120849639449 ) ) ;
#1162 = ORIENTED_EDGE ( 'NONE', *, *, #8674, .F. ) ;
#1163 = ADVANCED_FACE ( 'NONE', ( #5052 ), #2089, .T. ) ;
#1164 = CARTESIAN_POINT ( 'NONE',  ( 0.5809995885303635976, 1.189999999999999503, -0.6516349126011206083 ) ) ;
#1165 = PLANE ( 'NONE',  #6785 ) ;
#1166 = LINE ( 'NONE', #5945, #5747 ) ;
#1167 = MECHANICAL_DESIGN_GEOMETRIC_PRESENTATION_REPRESENTATION (  '', ( #993 ), #4284 ) ;
#1168 = EDGE_LOOP ( 'NONE', ( #4125, #8598, #4769, #5016 ) ) ;
#1169 = FACE_OUTER_BOUND ( 'NONE', #7291, .T. ) ;
#1170 = VECTOR ( 'NONE', #4987, 1000.000000000000000 ) ;
#1171 = CARTESIAN_POINT ( 'NONE',  ( 0.3640660021007244285, 1.189999999999999503, -0.6098670169682739450 ) ) ;
#1172 = VERTEX_POINT ( 'NONE', #821 ) ;
#1173 = ORIENTED_EDGE ( 'NONE', *, *, #266, .F. ) ;
#1174 = CARTESIAN_POINT ( 'NONE',  ( -0.7413349313120695117, 1.190000000000001057, -0.4759293956165962514 ) ) ;
#1175 = EDGE_CURVE ( 'NONE', #6597, #4786, #8635, .T. ) ;
#1176 = EDGE_CURVE ( 'NONE', #6103, #1406, #2372, .T. ) ;
#1177 = SURFACE_SIDE_STYLE ('',( #5731 ) ) ;
#1178 = CARTESIAN_POINT ( 'NONE',  ( -1.194073279560498912, 1.190099999999999714, -0.3492525214129419964 ) ) ;
#1179 = CARTESIAN_POINT ( 'NONE',  ( -1.161942357547540716, 1.189999999999999947, -0.08749748803631683669 ) ) ;
#1180 = CARTESIAN_POINT ( 'NONE',  ( -1.201492325791916560, 1.190099999999999492, -0.6534005241987993484 ) ) ;
#1181 = CARTESIAN_POINT ( 'NONE',  ( -1.071020122567647004, 1.190000000000001279, -0.4934191861689299352 ) ) ;
#1182 = VERTEX_POINT ( 'NONE', #1647 ) ;
#1183 = CARTESIAN_POINT ( 'NONE',  ( -0.6609907614679830790, 1.190100000000000158, -0.6895781399211786677 ) ) ;
#1184 = CARTESIAN_POINT ( 'NONE',  ( -0.8603916392535486679, 1.190100000000000158, -0.6134496385535050944 ) ) ;
#1185 = CARTESIAN_POINT ( 'NONE',  ( 0.2619432791082761391, 1.190099999999999714, -0.4944300551381352049 ) ) ;
#1186 = EDGE_LOOP ( 'NONE', ( #6290, #5830, #4704, #7199 ) ) ;
#1187 = VECTOR ( 'NONE', #5627, 1000.000000000000000 ) ;
#1188 = CARTESIAN_POINT ( 'NONE',  ( -1.051387006271115032, 1.190000000000000613, -0.6475163777394847830 ) ) ;
#1189 = CARTESIAN_POINT ( 'NONE',  ( -1.132235453338658937, 1.189999999999999503, -0.7166974662674795438 ) ) ;
#1190 = CARTESIAN_POINT ( 'NONE',  ( 2.499999999999999556, -3.643879807547199021E-16, -1.899999999999999911 ) ) ;
#1191 = CARTESIAN_POINT ( 'NONE',  ( 0.6103183896893653593, 1.190000000000000169, -0.5132529678818066321 ) ) ;
#1192 = VERTEX_POINT ( 'NONE', #3953 ) ;
#1193 = CARTESIAN_POINT ( 'NONE',  ( 0.6463810630519876144, 1.190100000000000158, -0.4827031651378526078 ) ) ;
#1194 = AXIS2_PLACEMENT_3D ( 'NONE', #4695, #5456, #1760 ) ;
#1195 = CARTESIAN_POINT ( 'NONE',  ( 0.5104528502641969556, 1.190000000000000169, -0.5475656221983913330 ) ) ;
#1196 = CARTESIAN_POINT ( 'NONE',  ( 0.05307985817974265885, 1.190100000000000158, -0.3859448477017538570 ) ) ;
#1197 = CARTESIAN_POINT ( 'NONE',  ( 0.1460498030715975948, 1.190099999999999936, -0.4961846457546589262 ) ) ;
#1198 = CARTESIAN_POINT ( 'NONE',  ( 1.465841469738264236, 1.189999999999999947, -0.5987487483187614590 ) ) ;
#1199 = ORIENTED_EDGE ( 'NONE', *, *, #8455, .T. ) ;
#1200 = CARTESIAN_POINT ( 'NONE',  ( 0.3894792902510847976, 1.190100000000000158, -0.4184602867803000059 ) ) ;
#1201 = VECTOR ( 'NONE', #2265, 1000.000000000000000 ) ;
#1202 = CARTESIAN_POINT ( 'NONE',  ( -1.079596831977098326, 1.190000000000001057, -0.3026477187193285512 ) ) ;
#1203 = CARTESIAN_POINT ( 'NONE',  ( 0.4462153313099350149, 1.189999999999999947, -0.5630028213833002670 ) ) ;
#1204 = EDGE_LOOP ( 'NONE', ( #6490, #8112, #2499, #2705, #7143, #2927, #7430, #5965, #5457, #8828, #613, #453, #7720 ) ) ;
#1205 = LINE ( 'NONE', #32, #5561 ) ;
#1206 = CIRCLE ( 'NONE', #4331, 0.4999999999999989453 ) ;
#1207 = CARTESIAN_POINT ( 'NONE',  ( -0.6792994995532325442, 1.190100000000000158, -0.6457346736131439613 ) ) ;
#1208 = PLANE ( 'NONE',  #4458 ) ;
#1209 = DIRECTION ( 'NONE',  ( -1.000000000000000000, -0.0000000000000000000, -0.0000000000000000000 ) ) ;
#1210 = CARTESIAN_POINT ( 'NONE',  ( -1.275978817471836724, 1.190000000000000169, -0.6181657072732910096 ) ) ;
#1211 = EDGE_CURVE ( 'NONE', #9543, #3448, #7584, .T. ) ;
#1212 = CARTESIAN_POINT ( 'NONE',  ( -2.999999999999999556, -0.1000000000000000888, -1.800000000000000266 ) ) ;
#1213 = VERTEX_POINT ( 'NONE', #7037 ) ;
#1214 = CARTESIAN_POINT ( 'NONE',  ( 0.6159950385250346772, 1.189999999999999947, -0.3977912471824721075 ) ) ;
#1215 = ORIENTED_EDGE ( 'NONE', *, *, #646, .T. ) ;
#1216 = CARTESIAN_POINT ( 'NONE',  ( 0.7181979303145963334, 1.189999999999999947, 0.2586563581175293502 ) ) ;
#1217 = SURFACE_STYLE_USAGE ( .BOTH. , #9797 ) ;
#1218 = EDGE_LOOP ( 'NONE', ( #5960, #2417, #5662, #5201 ) ) ;
#1219 = SURFACE_STYLE_FILL_AREA ( #6858 ) ;
#1220 = CARTESIAN_POINT ( 'NONE',  ( 0.3965400866904940647, 1.190100000000000158, -0.5506627700947818171 ) ) ;
#1221 = CARTESIAN_POINT ( 'NONE',  ( 1.322812623584417979, 1.189999999999999947, -0.4852070816520949181 ) ) ;
#1222 = EDGE_CURVE ( 'NONE', #10136, #4296, #5209, .T. ) ;
#1223 = B_SPLINE_CURVE_WITH_KNOTS ( 'NONE', 3,
 ( #9456, #542, #9940, #2901, #2320, #5260, #9120, #3852, #10170, #10121, #3140, #5441, #8409, #8590, #1549, #879, #6281, #4728, #7090 ),
 .UNSPECIFIED., .F., .F.,
 ( 4, 1, 1, 1, 1, 1, 1, 1, 1, 1, 1, 1, 1, 1, 1, 1, 4 ),
 ( 0.0000000000000000000, 0.07544080347366380335, 0.1483123242787833529, 0.2183976921910985858, 0.2867764203796489553, 0.3539746493143695605, 0.4203364135289361925, 0.4859269846584999830, 0.5516950477922394347, 0.6156793202008209454, 0.6759660120162490626, 0.7334586392451710735, 0.7881521199787907550, 0.8417149104366939971, 0.8940785787593349410, 0.9466644025853890865, 1.000000000000000000 ),
 .UNSPECIFIED. ) ;
#1224 = B_SPLINE_CURVE_WITH_KNOTS ( 'NONE', 3,
 ( #6123, #9260, #2217, #5336, #4564, #665, #3800, #3033, #6169, #813, #4041, #5631, #7962, #1589, #2456, #5481, #87, #762, #137 ),
 .UNSPECIFIED., .F., .F.,
 ( 4, 1, 1, 1, 1, 1, 1, 1, 1, 1, 1, 1, 1, 1, 1, 1, 4 ),
 ( 0.0000000000000000000, 0.08083124523230555969, 0.1575013602271857494, 0.2312918204125645472, 0.3018110149075491910, 0.3697854003154104618, 0.4360721328781437811, 0.5004051856086838557, 0.5644689761006463913, 0.6263525737690905926, 0.6848965354429915608, 0.7402747611889520796, 0.7938263243938873392, 0.8453782346017371108, 0.8967924570121394989, 0.9480467893553412573, 1.000000000000000000 ),
 .UNSPECIFIED. ) ;
#1225 = VERTEX_POINT ( 'NONE', #1594 ) ;
#1226 = ORIENTED_EDGE ( 'NONE', *, *, #6273, .F. ) ;
#1227 = DIRECTION ( 'NONE',  ( 1.000000000000000000, 0.0000000000000000000, -1.355252715606880543E-16 ) ) ;
#1228 = DIRECTION ( 'NONE',  ( -1.000000000000000000, 0.0000000000000000000, -0.0000000000000000000 ) ) ;
#1229 = CARTESIAN_POINT ( 'NONE',  ( 0.2895223328257683915, 1.189999999999999503, -0.3938677601561257902 ) ) ;
#1230 = LINE ( 'NONE', #560, #4606 ) ;
#1231 = CARTESIAN_POINT ( 'NONE',  ( -0.5173444493714929315, 1.190000000000000169, -0.3584977641958816963 ) ) ;
#1232 = CARTESIAN_POINT ( 'NONE',  ( -1.016181335614794179, 1.190099999999999936, -0.4330369962924439653 ) ) ;
#1233 = ORIENTED_EDGE ( 'NONE', *, *, #9861, .T. ) ;
#1234 = CARTESIAN_POINT ( 'NONE',  ( -0.9909603949235334941, 1.189999999999999947, -0.4884979150391930425 ) ) ;
#1235 = CARTESIAN_POINT ( 'NONE',  ( 0.8790509054778063991, 1.189999999999999725, 0.1138135735011655131 ) ) ;
#1236 = CARTESIAN_POINT ( 'NONE',  ( 0.2867473547633833109, 1.190100000000000158, -0.4540951466512406220 ) ) ;
#1237 = EDGE_CURVE ( 'NONE', #8392, #7536, #1223, .T. ) ;
#1238 = EDGE_CURVE ( 'NONE', #2572, #8496, #4779, .T. ) ;
#1239 = VERTEX_POINT ( 'NONE', #4004 ) ;
#1240 = DIRECTION ( 'NONE',  ( -1.000000000000000000, 0.0000000000000000000, 0.0000000000000000000 ) ) ;
#1241 = CARTESIAN_POINT ( 'NONE',  ( 0.4948084946347504620, 1.190100000000000158, -0.6754497304233567645 ) ) ;
#1242 = CARTESIAN_POINT ( 'NONE',  ( -0.3541104533386589814, 1.189999999999999947, -0.7064410560110692128 ) ) ;
#1243 = VERTEX_POINT ( 'NONE', #2413 ) ;
#1244 = CARTESIAN_POINT ( 'NONE',  ( 0.5871600366361076073, 1.190099999999999936, -0.4809586328014113787 ) ) ;
#1245 = CARTESIAN_POINT ( 'NONE',  ( 0.5726466371014251600, 1.190099999999999936, -0.5673559158505810940 ) ) ;
#1246 = CARTESIAN_POINT ( 'NONE',  ( -1.016181335614794179, 1.189999999999999947, -0.4330369962924439653 ) ) ;
#1247 = CARTESIAN_POINT ( 'NONE',  ( 0.2918497565070515831, 1.190099999999999936, -0.4102661992987677309 ) ) ;
#1248 = CARTESIAN_POINT ( 'NONE',  ( -0.5048218115138691786, 1.190099999999999714, -0.3657954412881435635 ) ) ;
#1249 = EDGE_CURVE ( 'NONE', #9085, #1538, #5535, .T. ) ;
#1250 = PLANE ( 'NONE',  #6606 ) ;
#1251 = CARTESIAN_POINT ( 'NONE',  ( -0.9707733038267551962, 1.190000000000001279, -0.4085012124642816156 ) ) ;
#1252 = CARTESIAN_POINT ( 'NONE',  ( 0.6662972318151876294, 1.190099999999999936, -0.4190949145124627240 ) ) ;
#1253 = ORIENTED_EDGE ( 'NONE', *, *, #8206, .T. ) ;
#1254 = DIRECTION ( 'NONE',  ( 1.000000000000000000, -0.0000000000000000000, -0.0000000000000000000 ) ) ;
#1255 = CARTESIAN_POINT ( 'NONE',  ( -1.033770458267643466, 1.189999999999999947, -0.5244224225188141020 ) ) ;
#1256 = VERTEX_POINT ( 'NONE', #7165 ) ;
#1257 = CARTESIAN_POINT ( 'NONE',  ( -0.6681102421093126909, 1.190000000000000391, -0.6326166109621718103 ) ) ;
#1258 = CARTESIAN_POINT ( 'NONE',  ( -2.999999999999999556, -1.039055794130319565, -0.1847210300676126182 ) ) ;
#1259 = CARTESIAN_POINT ( 'NONE',  ( -0.9694950687232744002, 1.189999999999999947, -0.4252711842161974176 ) ) ;
#1260 = SURFACE_STYLE_USAGE ( .BOTH. , #6608 ) ;
#1261 = CARTESIAN_POINT ( 'NONE',  ( -1.128307275691387890, 1.190000000000000169, -0.6756062978093672067 ) ) ;
#1262 = ORIENTED_EDGE ( 'NONE', *, *, #2052, .T. ) ;
#1263 = CARTESIAN_POINT ( 'NONE',  ( -1.048581607184812858, 1.189999999999999947, -0.5304795175495307102 ) ) ;
#1264 = CARTESIAN_POINT ( 'NONE',  ( 0.5962842211695437156, 1.190000000000000391, -0.3689355127853699567 ) ) ;
#1265 = VERTEX_POINT ( 'NONE', #7996 ) ;
#1266 = EDGE_CURVE ( 'NONE', #5012, #2376, #7433, .T. ) ;
#1267 = CARTESIAN_POINT ( 'NONE',  ( 0.2012398565343739565, 1.190100000000000158, -0.3501531656535831205 ) ) ;
#1268 = CARTESIAN_POINT ( 'NONE',  ( -2.499999999999999556, -0.9405995433517277959, -0.1672176965958633577 ) ) ;
#1269 = VERTEX_POINT ( 'NONE', #906 ) ;
#1270 = CARTESIAN_POINT ( 'NONE',  ( 0.05422287999467438613, 1.190099999999999936, -0.5341654149854282441 ) ) ;
#1271 = CARTESIAN_POINT ( 'NONE',  ( 0.4169298836705572775, 1.189999999999999725, -0.5371335941032322481 ) ) ;
#1272 = CARTESIAN_POINT ( 'NONE',  ( 0.4348057820234919602, 1.190099999999999714, -0.3054728398486021845 ) ) ;
#1273 = VERTEX_POINT ( 'NONE', #5566 ) ;
#1274 = ORIENTED_EDGE ( 'NONE', *, *, #8016, .T. ) ;
#1275 = CARTESIAN_POINT ( 'NONE',  ( 0.7594385753612975520, 1.190099999999999936, 0.3637890250407292969 ) ) ;
#1276 = UNCERTAINTY_MEASURE_WITH_UNIT (LENGTH_MEASURE( 1.000000000000000082E-05 ), #9497, 'distance_accuracy_value', 'NONE');
#1277 = CARTESIAN_POINT ( 'NONE',  ( -1.206814152419335429, 1.190099999999999936, -0.1387795393183680615 ) ) ;
#1278 = EDGE_CURVE ( 'NONE', #3531, #1225, #8094, .T. ) ;
#1279 = CARTESIAN_POINT ( 'NONE',  ( 0.2625137993602382758, 1.189999999999999725, -0.3433850968164766648 ) ) ;
#1280 = CARTESIAN_POINT ( 'NONE',  ( 1.322812623584417979, 1.190099999999999936, -0.4353673380623513389 ) ) ;
#1281 = CARTESIAN_POINT ( 'NONE',  ( -0.9247628703680533802, 1.190099999999999936, -0.08749748803631683669 ) ) ;
#1282 = CARTESIAN_POINT ( 'NONE',  ( -1.039509489751673899, 1.190000000000001501, -0.4737643980430022994 ) ) ;
#1283 = CARTESIAN_POINT ( 'NONE',  ( 0.1213341531133012852, 1.190100000000000158, -0.5348115836201201567 ) ) ;
#1284 = CARTESIAN_POINT ( 'NONE',  ( 0.9435417339938825254, 1.189999999999999725, 0.2166736761424820912 ) ) ;
#1285 = CARTESIAN_POINT ( 'NONE',  ( 0.3911205426124314544, 1.190100000000000380, -0.5067177846176782463 ) ) ;
#1286 = CARTESIAN_POINT ( 'NONE',  ( 0.6332936362502515903, 1.189999999999999947, -0.3430844150254329095 ) ) ;
#1287 = CARTESIAN_POINT ( 'NONE',  ( 0.7070986420319895771, 1.190099999999999714, 0.3232591683440740882 ) ) ;
#1288 = DIRECTION ( 'NONE',  ( 0.0000000000000000000, 0.0000000000000000000, -1.000000000000000000 ) ) ;
#1289 = CARTESIAN_POINT ( 'NONE',  ( 1.276658777430572211, 1.189999999999999947, -0.7166974662674795438 ) ) ;
#1290 = EDGE_LOOP ( 'NONE', ( #4146, #5618, #3831, #9371 ) ) ;
#1291 = ORIENTED_EDGE ( 'NONE', *, *, #1238, .F. ) ;
#1292 = EDGE_CURVE ( 'NONE', #2376, #7442, #9538, .T. ) ;
#1293 = CARTESIAN_POINT ( 'NONE',  ( 2.499999999999999556, -0.9405995433517282400, 0.1672176965958632744 ) ) ;
#1294 = LINE ( 'NONE', #5293, #8215 ) ;
#1295 = LINE ( 'NONE', #5385, #695 ) ;
#1296 = DIRECTION ( 'NONE',  ( 0.0000000000000000000, 0.0000000000000000000, -1.000000000000000000 ) ) ;
#1297 = DIRECTION ( 'NONE',  ( -0.0000000000000000000, 0.9845625077859065932, 0.1750333347174951593 ) ) ;
#1298 = AXIS2_PLACEMENT_3D ( 'NONE', #5319, #6047, #1468 ) ;
#1299 = CARTESIAN_POINT ( 'NONE',  ( 0.8540899440292086808, 1.190000000000000613, 0.3193028809840343651 ) ) ;
#1300 = CARTESIAN_POINT ( 'NONE',  ( 0.5108782782281270363, 1.190100000000000158, -0.2963294533136006104 ) ) ;
#1301 = ORIENTED_EDGE ( 'NONE', *, *, #9633, .T. ) ;
#1302 = VECTOR ( 'NONE', #8076, 1000.000000000000000 ) ;
#1303 = ADVANCED_FACE ( 'NONE', ( #8868 ), #1680, .F. ) ;
#1304 = EDGE_CURVE ( 'NONE', #1978, #3474, #7843, .T. ) ;
#1305 = CARTESIAN_POINT ( 'NONE',  ( 2.987479944133196508, 1.189999999999999947, 0.3750000000000001110 ) ) ;
#1306 = ORIENTED_EDGE ( 'NONE', *, *, #9844, .T. ) ;
#1307 =( LENGTH_UNIT ( ) NAMED_UNIT ( * ) SI_UNIT ( .MILLI., .METRE. ) );
#1308 = DIRECTION ( 'NONE',  ( 0.0000000000000000000, -1.000000000000000000, 0.0000000000000000000 ) ) ;
#1309 = CARTESIAN_POINT ( 'NONE',  ( -0.6567719042759995185, 1.189999999999999947, -0.5973116839603922479 ) ) ;
#1310 = CARTESIAN_POINT ( 'NONE',  ( -1.059725280561882643, 1.190099999999999936, -0.3089839202386722716 ) ) ;
#1311 = VECTOR ( 'NONE', #8932, 1000.000000000000000 ) ;
#1312 = CARTESIAN_POINT ( 'NONE',  ( -3.339783448439273439, 0.8149999999999998357, -0.2499999999999998335 ) ) ;
#1313 = CARTESIAN_POINT ( 'NONE',  ( -1.136592546165095419, 1.190099999999999936, -0.7166307331403081182 ) ) ;
#1314 = FACE_OUTER_BOUND ( 'NONE', #8615, .T. ) ;
#1315 = ORIENTED_EDGE ( 'NONE', *, *, #4850, .T. ) ;
#1316 = COLOUR_RGB ( '',0.2509803921568627416, 0.2509803921568627416, 0.2509803921568627416 ) ;
#1317 = CARTESIAN_POINT ( 'NONE',  ( -1.161942357547540716, 1.190099999999999936, -0.08749748803631683669 ) ) ;
#1318 = FACE_OUTER_BOUND ( 'NONE', #1105, .T. ) ;
#1319 =( LENGTH_UNIT ( ) NAMED_UNIT ( * ) SI_UNIT ( .MILLI., .METRE. ) );
#1320 = ORIENTED_EDGE ( 'NONE', *, *, #4984, .F. ) ;
#1321 = FACE_OUTER_BOUND ( 'NONE', #1119, .T. ) ;
#1322 = CARTESIAN_POINT ( 'NONE',  ( 0.4302472521744010736, 1.190099999999999714, -0.5305240061505275273 ) ) ;
#1323 = CARTESIAN_POINT ( 'NONE',  ( -4.000000000000000888, 0.05000000000000000278, -1.599999999999997868 ) ) ;
#1324 = B_SPLINE_CURVE_WITH_KNOTS ( 'NONE', 3,
 ( #1754, #210, #3349, #5752, #4333, #5093, #8897, #4882, #8235, #5694, #3449, #2573, #7464, #1914, #8796 ),
 .UNSPECIFIED., .F., .F.,
 ( 4, 1, 1, 1, 1, 1, 1, 1, 1, 1, 1, 1, 4 ),
 ( 0.0000000000000000000, 0.09445717331232189595, 0.1933130983267905556, 0.2964293108358358464, 0.4055878258104578249, 0.4639249488146213185, 0.5269218621460517449, 0.5939191456032391070, 0.6657714679767487986, 0.7425332148905168239, 0.8232518363113839888, 0.9093445089821108329, 1.000000000000000000 ),
 .UNSPECIFIED. ) ;
#1325 = AXIS2_PLACEMENT_3D ( 'NONE', #3097, #6141, #9376 ) ;
#1326 = ORIENTED_EDGE ( 'NONE', *, *, #2902, .T. ) ;
#1327 = CARTESIAN_POINT ( 'NONE',  ( 0.7493390023664131538, 1.190000000000000835, 0.3594019056475611373 ) ) ;
#1328 = DIRECTION ( 'NONE',  ( 0.0000000000000000000, -5.808225924029490901E-18, 1.000000000000000000 ) ) ;
#1329 = CARTESIAN_POINT ( 'NONE',  ( -1.202476441576370014, 1.189999999999999947, -0.3536145201856716325 ) ) ;
#1330 = VECTOR ( 'NONE', #3630, 1000.000000000000000 ) ;
#1331 = CARTESIAN_POINT ( 'NONE',  ( -0.4515463507745563487, 1.190099999999999936, -0.3346461842161974620 ) ) ;
#1332 = VECTOR ( 'NONE', #2886, 1000.000000000000000 ) ;
#1333 = DIRECTION ( 'NONE',  ( 0.4966865118376825872, 0.0000000000000000000, -0.8679300138597095815 ) ) ;
#1334 = CARTESIAN_POINT ( 'NONE',  ( -1.141093005395378279, 1.190100000000000158, -0.5057976931908506613 ) ) ;
#1335 = VERTEX_POINT ( 'NONE', #3269 ) ;
#1336 = CARTESIAN_POINT ( 'NONE',  ( 0.1532059573794345708, 1.190099999999999714, -0.5371762994616451348 ) ) ;
#1337 = CARTESIAN_POINT ( 'NONE',  ( 0.6178804576245126023, 1.190000000000000169, -0.6758896127478227767 ) ) ;
#1338 = LINE ( 'NONE', #9041, #3096 ) ;
#1339 = VERTEX_POINT ( 'NONE', #6616 ) ;
#1340 = CARTESIAN_POINT ( 'NONE',  ( 0.6664023671741616806, 1.189999999999999947, -0.4229474662674794772 ) ) ;
#1341 = EDGE_CURVE ( 'NONE', #2081, #9946, #1111, .T. ) ;
#1342 = CARTESIAN_POINT ( 'NONE',  ( 0.6907432883129159817, 1.190100000000000158, 0.2934916109612795143 ) ) ;
#1343 = STYLED_ITEM ( 'NONE', ( #9179 ), #4175 ) ;
#1344 = CARTESIAN_POINT ( 'NONE',  ( 0.2235504460974023500, 1.189999999999999947, -0.4672388224631747189 ) ) ;
#1345 = FACE_OUTER_BOUND ( 'NONE', #6766, .T. ) ;
#1346 = CARTESIAN_POINT ( 'NONE',  ( 0.5604495127416111444, 1.190099999999999714, -0.4965471630454058038 ) ) ;
#1347 = CARTESIAN_POINT ( 'NONE',  ( -2.499999999999999556, -1.189999999999999725, 0.9499999999999996225 ) ) ;
#1348 = CARTESIAN_POINT ( 'NONE',  ( -1.154110453338659026, 1.190000000000000169, -0.5064410560110692572 ) ) ;
#1349 = CARTESIAN_POINT ( 'NONE',  ( 0.2846708294767984482, 1.190099999999999492, -0.3783425203658107860 ) ) ;
#1350 = CIRCLE ( 'NONE', #9884, 0.05000000000000012768 ) ;
#1351 = LINE ( 'NONE', #2175, #1976 ) ;
#1352 = ORIENTED_EDGE ( 'NONE', *, *, #9746, .T. ) ;
#1353 = CARTESIAN_POINT ( 'NONE',  ( 0.8098429063798688876, 1.190000000000001057, 0.3303574267232465278 ) ) ;
#1354 = EDGE_CURVE ( 'NONE', #3061, #7280, #3371, .T. ) ;
#1355 = B_SPLINE_CURVE_WITH_KNOTS ( 'NONE', 3,
 ( #5061, #2706, #6184, #1409, #2945, #8207, #7726, #6083, #1164, #582, #10087, #5305, #8969, #3046, #6139, #6845, #5352, #9326, #9795 ),
 .UNSPECIFIED., .F., .F.,
 ( 4, 1, 1, 1, 1, 1, 1, 1, 1, 1, 1, 1, 1, 1, 1, 1, 4 ),
 ( 0.0000000000000000000, 0.04564128353554572359, 0.09078888845952054476, 0.1364256671059914661, 0.1843178366725510553, 0.2342939698572291951, 0.2866764212844407633, 0.3429017423209589910, 0.4029260114872518228, 0.4655453358907242212, 0.5306942503796601152, 0.5990645194380442851, 0.6698373764890975801, 0.7454419866164027075, 0.8252508205349914361, 0.9101888033597520522, 1.000000000000000000 ),
 .UNSPECIFIED. ) ;
#1356 = PLANE ( 'NONE',  #3255 ) ;
#1357 = ORIENTED_EDGE ( 'NONE', *, *, #1408, .T. ) ;
#1358 = VECTOR ( 'NONE', #6478, 1000.000000000000000 ) ;
#1359 = CARTESIAN_POINT ( 'NONE',  ( 0.2916737040706294248, 1.190099999999999936, -0.4308640724131485022 ) ) ;
#1360 = VERTEX_POINT ( 'NONE', #6459 ) ;
#1361 = CARTESIAN_POINT ( 'NONE',  ( -0.9852283996229216356, 1.190099999999999936, -0.4801793191973615649 ) ) ;
#1362 = DIRECTION ( 'NONE',  ( -0.0000000000000000000, -1.000000000000000000, -0.0000000000000000000 ) ) ;
#1363 = CARTESIAN_POINT ( 'NONE',  ( -1.020259120074048287, 1.189999999999999947, -0.5164603733498032145 ) ) ;
#1364 = LINE ( 'NONE', #8303, #7935 ) ;
#1365 = CARTESIAN_POINT ( 'NONE',  ( 0.7923966482633143515, 1.190099999999999936, 0.002246101707272939348 ) ) ;
#1366 = FACE_OUTER_BOUND ( 'NONE', #2447, .T. ) ;
#1367 = CARTESIAN_POINT ( 'NONE',  ( -1.214475810482594120, 1.190100000000000158, -0.6964768438098364323 ) ) ;
#1368 = EDGE_CURVE ( 'NONE', #31, #700, #7215, .T. ) ;
#1369 = EDGE_CURVE ( 'NONE', #10031, #5714, #5867, .T. ) ;
#1370 = CARTESIAN_POINT ( 'NONE',  ( 0.8114671610838271043, 1.189999999999999725, 0.1407076401688113765 ) ) ;
#1371 = ORIENTED_EDGE ( 'NONE', *, *, #1160, .F. ) ;
#1372 = FILL_AREA_STYLE ('',( #1415 ) ) ;
#1373 = VECTOR ( 'NONE', #7630, 1000.000000000000000 ) ;
#1374 = B_SPLINE_CURVE_WITH_KNOTS ( 'NONE', 3,
 ( #1587, #7812, #713, #9492, #3076, #3845, #3281, #6362, #2455, #8581, #9447, #42, #2261, #6416, #6318, #2405, #8528, #5526, #136 ),
 .UNSPECIFIED., .F., .F.,
 ( 4, 1, 1, 1, 1, 1, 1, 1, 1, 1, 1, 1, 1, 1, 1, 1, 4 ),
 ( 0.0000000000000000000, 0.08083124523230555969, 0.1575013602271857494, 0.2312918204125645472, 0.3018110149075491910, 0.3697854003154104618, 0.4360721328781437811, 0.5004051856086838557, 0.5644689761006463913, 0.6263525737690905926, 0.6848965354429915608, 0.7402747611889520796, 0.7938263243938873392, 0.8453782346017371108, 0.8967924570121394989, 0.9480467893553412573, 1.000000000000000000 ),
 .UNSPECIFIED. ) ;
#1375 = CARTESIAN_POINT ( 'NONE',  ( 0.2293654712348811298, 1.190100000000000158, -0.3725240856677473622 ) ) ;
#1376 = CARTESIAN_POINT ( 'NONE',  ( 0.4247469428993211338, 1.190099999999999714, -0.5329535526296891312 ) ) ;
#1377 = ORIENTED_EDGE ( 'NONE', *, *, #8464, .T. ) ;
#1378 = CARTESIAN_POINT ( 'NONE',  ( 0.2920433928151873748, 1.190099999999999936, -0.4187006713956846204 ) ) ;
#1379 = PLANE ( 'NONE',  #7593 ) ;
#1380 = CARTESIAN_POINT ( 'NONE',  ( 0.6458895466613413516, 1.189999999999999947, -0.6129314406264538828 ) ) ;
#1381 = ORIENTED_EDGE ( 'NONE', *, *, #6198, .F. ) ;
#1382 = CARTESIAN_POINT ( 'NONE',  ( 0.7398049774762588404, 1.190100000000000158, 0.3538572003337983607 ) ) ;
#1383 = CARTESIAN_POINT ( 'NONE',  ( -0.3541104533386589814, 1.189999999999999947, -0.6654154149854282219 ) ) ;
#1384 = CARTESIAN_POINT ( 'NONE',  ( 0.2160929779951641927, 1.190099999999999936, -0.3110064645114954951 ) ) ;
#1385 = CARTESIAN_POINT ( 'NONE',  ( -0.8254232655562276921, 1.189999999999999947, -0.6571968109802154290 ) ) ;
#1386 = EDGE_CURVE ( 'NONE', #7690, #1978, #9195, .T. ) ;
#1387 = LINE ( 'NONE', #3645, #1860 ) ;
#1388 =( NAMED_UNIT ( * ) PLANE_ANGLE_UNIT ( ) SI_UNIT ( $, .RADIAN. ) );
#1389 = VERTEX_POINT ( 'NONE', #9981 ) ;
#1390 = CARTESIAN_POINT ( 'NONE',  ( 0.4978089385814047363, 1.190000000000000169, -0.2963150784247658431 ) ) ;
#1391 = CARTESIAN_POINT ( 'NONE',  ( 0.8083667120773787573, 1.189999999999999947, 0.1407739934439636575 ) ) ;
#1392 = CARTESIAN_POINT ( 'NONE',  ( -2.499999999999999556, -0.1000000000000014766, 1.899999999999999911 ) ) ;
#1393 = VERTEX_POINT ( 'NONE', #3715 ) ;
#1394 = CARTESIAN_POINT ( 'NONE',  ( 0.4851895021508287886, 1.190099999999999936, -0.6746917532694934883 ) ) ;
#1395 = DIRECTION ( 'NONE',  ( -0.1391731009600657432, -0.9902680687415702510, -3.767195759553073155E-16 ) ) ;
#1396 = CARTESIAN_POINT ( 'NONE',  ( 0.6016566599564159290, 1.190099999999999936, -0.4678125971529905613 ) ) ;
#1397 = CARTESIAN_POINT ( 'NONE',  ( 0.9044221026899000870, 1.190100000000000158, 0.2016372320007536467 ) ) ;
#1398 = EDGE_CURVE ( 'NONE', #6202, #5946, #5254, .T. ) ;
#1399 = CARTESIAN_POINT ( 'NONE',  ( -1.031154697575583867, 1.190000000000000169, -0.4644914624280137572 ) ) ;
#1400 = DIRECTION ( 'NONE',  ( 0.0000000000000000000, -1.000000000000000000, 1.917831477656419162E-16 ) ) ;
#1401 = CARTESIAN_POINT ( 'NONE',  ( 0.05422287999467438613, 1.189999999999999725, -0.5341654149854282441 ) ) ;
#1402 = CARTESIAN_POINT ( 'NONE',  ( 4.000000000000000888, -1.189999999999999947, 1.439783448439272195 ) ) ;
#1403 = CARTESIAN_POINT ( 'NONE',  ( -1.176881578146191876, 1.190099999999999936, -0.6682109411272881827 ) ) ;
#1404 = ORIENTED_EDGE ( 'NONE', *, *, #8462, .F. ) ;
#1405 = CARTESIAN_POINT ( 'NONE',  ( 0.6461562758454514332, 1.189999999999999947, -0.3585831233895847014 ) ) ;
#1406 = VERTEX_POINT ( 'NONE', #8498 ) ;
#1407 = CARTESIAN_POINT ( 'NONE',  ( -2.999999999999999556, -0.04999999999999932276, -1.749999999999999556 ) ) ;
#1408 = EDGE_CURVE ( 'NONE', #1862, #925, #1355, .T. ) ;
#1409 = CARTESIAN_POINT ( 'NONE',  ( 0.5983463920943640213, 1.189999999999999725, -0.6255736184656611742 ) ) ;
#1410 = CARTESIAN_POINT ( 'NONE',  ( 0.3826573474173519118, 1.190099999999999714, -0.6645308434085057669 ) ) ;
#1411 = LINE ( 'NONE', #2333, #9860 ) ;
#1412 = CARTESIAN_POINT ( 'NONE',  ( 1.451531263647929615, 1.190099999999999936, 0.3612204606816319385 ) ) ;
#1413 = FILL_AREA_STYLE ('',( #4496 ) ) ;
#1414 = VERTEX_POINT ( 'NONE', #6899 ) ;
#1415 = FILL_AREA_STYLE_COLOUR ( '', #4900 ) ;
#1416 = ORIENTED_EDGE ( 'NONE', *, *, #8336, .T. ) ;
#1417 = EDGE_CURVE ( 'NONE', #3795, #6317, #10165, .T. ) ;
#1418 = CARTESIAN_POINT ( 'NONE',  ( 1.465841469738264236, 1.190099999999999936, -0.5987487483187616810 ) ) ;
#1419 = CARTESIAN_POINT ( 'NONE',  ( 0.3734358284557421914, 1.190099999999999714, -0.5773945529688229161 ) ) ;
#1420 = EDGE_LOOP ( 'NONE', ( #9587, #7946, #9717, #8186, #6176, #5268 ) ) ;
#1421 = CARTESIAN_POINT ( 'NONE',  ( -0.6107289075802193601, 1.190099999999999936, -0.5882597524542065859 ) ) ;
#1422 = CARTESIAN_POINT ( 'NONE',  ( 2.999999999999999556, -1.189999999999999947, 0.0000000000000000000 ) ) ;
#1423 = VERTEX_POINT ( 'NONE', #2278 ) ;
#1424 = CARTESIAN_POINT ( 'NONE',  ( -1.004497244559573010, 1.189999999999999947, -0.5658904893817341408 ) ) ;
#1425 = CARTESIAN_POINT ( 'NONE',  ( -2.999999999999999556, -0.9405995433517282400, 0.1672176965958632744 ) ) ;
#1426 = EDGE_CURVE ( 'NONE', #6204, #581, #9275, .T. ) ;
#1427 = CARTESIAN_POINT ( 'NONE',  ( 0.2499545928576421827, 1.189999999999999503, -0.3316711212817435306 ) ) ;
#1428 = EDGE_CURVE ( 'NONE', #3461, #8780, #4491, .T. ) ;
#1429 = CARTESIAN_POINT ( 'NONE',  ( 1.415633827750493845, 1.190099999999999936, 0.3612204606816319385 ) ) ;
#1430 = CARTESIAN_POINT ( 'NONE',  ( -0.5284694276976332761, 1.189999999999999725, -0.3346461842161974620 ) ) ;
#1431 = DIRECTION ( 'NONE',  ( -1.000000000000000000, 7.131887731725265062E-13, 0.0000000000000000000 ) ) ;
#1432 = ORIENTED_EDGE ( 'NONE', *, *, #2223, .T. ) ;
#1433 = CARTESIAN_POINT ( 'NONE',  ( 0.5963410474948915851, 1.190100000000000158, -0.6310037110325911192 ) ) ;
#1434 = CARTESIAN_POINT ( 'NONE',  ( 0.8114671610838271043, 1.190099999999999936, 0.1407076401688113765 ) ) ;
#1435 = CARTESIAN_POINT ( 'NONE',  ( 0.9438389559556220609, 1.190100000000000158, 0.2305313581175293947 ) ) ;
#1436 = CARTESIAN_POINT ( 'NONE',  ( 2.499999999999999556, -0.04999999999999931583, -1.599999999999998979 ) ) ;
#1437 = LINE ( 'NONE', #9920, #9678 ) ;
#1438 = DIRECTION ( 'NONE',  ( 7.227732444357483166E-14, 1.000000000000000000, 2.618013972962494553E-13 ) ) ;
#1439 = CARTESIAN_POINT ( 'NONE',  ( -1.206814152419335429, 1.190099999999999936, -0.1387795393183680615 ) ) ;
#1440 = CARTESIAN_POINT ( 'NONE',  ( -2.999999999999999556, 0.05000000000000066197, 1.749999999999999334 ) ) ;
#1441 = CARTESIAN_POINT ( 'NONE',  ( -0.9247628703680533802, 1.190099999999999936, 0.3099384093995806166 ) ) ;
#1442 = FILL_AREA_STYLE_COLOUR ( '', #8872 ) ;
#1443 = CARTESIAN_POINT ( 'NONE',  ( 0.4117201746768370807, 1.190000000000000169, -0.3679832065160087429 ) ) ;
#1444 = EDGE_LOOP ( 'NONE', ( #2524, #3566, #1963, #5106 ) ) ;
#1445 = CARTESIAN_POINT ( 'NONE',  ( 0.9039487637545532417, 1.190000000000000835, 0.2595488959645285143 ) ) ;
#1446 =( NAMED_UNIT ( * ) SI_UNIT ( $, .STERADIAN. ) SOLID_ANGLE_UNIT ( ) );
#1447 = EDGE_LOOP ( 'NONE', ( #5466, #2379, #9029, #1352 ) ) ;
#1448 =( NAMED_UNIT ( * ) PLANE_ANGLE_UNIT ( ) SI_UNIT ( $, .RADIAN. ) );
#1449 = B_SPLINE_CURVE_WITH_KNOTS ( 'NONE', 3,
 ( #6951, #9464, #2380, #7785, #1604, #3964, #6485, #7351, #211, #4988, #5646 ),
 .UNSPECIFIED., .F., .F.,
 ( 4, 1, 1, 1, 1, 1, 1, 1, 4 ),
 ( 0.0000000000000000000, 0.1129932061748125938, 0.2270910399863904638, 0.3431418899910651521, 0.4623681127795702950, 0.5871540718201722076, 0.7175375472775008534, 0.8544382956063615309, 0.9999999999999998890 ),
 .UNSPECIFIED. ) ;
#1450 = CARTESIAN_POINT ( 'NONE',  ( 0.2920433928151873748, 1.190099999999999936, -0.4187006713956846204 ) ) ;
#1451 = ORIENTED_EDGE ( 'NONE', *, *, #3623, .T. ) ;
#1452 = CARTESIAN_POINT ( 'NONE',  ( -0.9976200687232743558, 1.190099999999999936, -0.4963449021649153914 ) ) ;
#1453 = CARTESIAN_POINT ( 'NONE',  ( 0.05422287999467438613, 1.190099999999999936, -0.5341654149854282441 ) ) ;
#1454 = CARTESIAN_POINT ( 'NONE',  ( 0.1458895466613411573, 1.190099999999999714, -0.3372102867802999615 ) ) ;
#1455 = SURFACE_STYLE_USAGE ( .BOTH. , #8500 ) ;
#1456 = CARTESIAN_POINT ( 'NONE',  ( -1.130177423783113477, 1.190099999999999936, -0.2962239025389677427 ) ) ;
#1457 = CARTESIAN_POINT ( 'NONE',  ( 1.010505622622288602, 1.189999999999999947, -0.03877953931836808366 ) ) ;
#1458 = VECTOR ( 'NONE', #8529, 1000.000000000000000 ) ;
#1459 = FILL_AREA_STYLE_COLOUR ( '', #323 ) ;
#1460 = EDGE_CURVE ( 'NONE', #8289, #421, #7927, .T. ) ;
#1461 = ORIENTED_EDGE ( 'NONE', *, *, #759, .T. ) ;
#1462 = CARTESIAN_POINT ( 'NONE',  ( 0.9368045921059310333, 1.190099999999999936, 0.2774970730561891474 ) ) ;
#1463 = STYLED_ITEM ( 'NONE', ( #3628 ), #8616 ) ;
#1464 = CARTESIAN_POINT ( 'NONE',  ( -1.227414984482823490, 1.189999999999999947, -0.3189013266635156163 ) ) ;
#1465 = CARTESIAN_POINT ( 'NONE',  ( 0.8076768448021323099, 1.190100000000000158, 0.3714466000876310292 ) ) ;
#1466 = ORIENTED_EDGE ( 'NONE', *, *, #8931, .T. ) ;
#1467 = CARTESIAN_POINT ( 'NONE',  ( -0.6105207097489153689, 1.189999999999999503, -0.5966654149854283551 ) ) ;
#1468 = DIRECTION ( 'NONE',  ( 0.0000000000000000000, 0.0000000000000000000, 1.000000000000000000 ) ) ;
#1469 = ADVANCED_FACE ( 'NONE', ( #7786 ), #9224, .T. ) ;
#1470 = STYLED_ITEM ( 'NONE', ( #685 ), #9268 ) ;
#1471 = EDGE_LOOP ( 'NONE', ( #8544, #1274 ) ) ;
#1472 = CARTESIAN_POINT ( 'NONE',  ( -1.122633820878889965, 1.190000000000000169, -0.2963014082214268097 ) ) ;
#1473 =( LENGTH_UNIT ( ) NAMED_UNIT ( * ) SI_UNIT ( .MILLI., .METRE. ) );
#1474 = ORIENTED_EDGE ( 'NONE', *, *, #2926, .F. ) ;
#1475 = CARTESIAN_POINT ( 'NONE',  ( 0.1753209840111763229, 1.190099999999999936, -0.4930166942298093713 ) ) ;
#1476 = FACE_OUTER_BOUND ( 'NONE', #4142, .T. ) ;
#1477 = CARTESIAN_POINT ( 'NONE',  ( 2.999999999999999556, 0.0000000000000000000, 0.0000000000000000000 ) ) ;
#1478 = VECTOR ( 'NONE', #124, 1000.000000000000000 ) ;
#1479 = ORIENTED_EDGE ( 'NONE', *, *, #1834, .T. ) ;
#1480 = CARTESIAN_POINT ( 'NONE',  ( 0.5263020590743345828, 1.190100000000000158, -0.6746221047625512446 ) ) ;
#1481 = CARTESIAN_POINT ( 'NONE',  ( 0.7358050462469256647, 1.189999999999999947, 0.1564218092456515774 ) ) ;
#1482 = DIRECTION ( 'NONE',  ( 1.000000000000000000, -0.0000000000000000000, 0.0000000000000000000 ) ) ;
#1483 = VECTOR ( 'NONE', #9894, 1000.000000000000000 ) ;
#1484 = CARTESIAN_POINT ( 'NONE',  ( 0.07392666657959640064, 1.190100000000000380, -0.3104620197056859321 ) ) ;
#1485 = ADVANCED_FACE ( 'NONE', ( #3862 ), #7675, .F. ) ;
#1486 = CARTESIAN_POINT ( 'NONE',  ( -0.5173742340676525941, 1.190000000000000169, -0.3108745035293245529 ) ) ;
#1487 = ADVANCED_FACE ( 'NONE', ( #9747 ), #1005, .T. ) ;
#1488 = LINE ( 'NONE', #4722, #126 ) ;
#1489 = VECTOR ( 'NONE', #6311, 1000.000000000000000 ) ;
#1490 = LINE ( 'NONE', #4620, #7692 ) ;
#1491 = SURFACE_SIDE_STYLE ('',( #8732 ) ) ;
#1492 = CARTESIAN_POINT ( 'NONE',  ( 0.4100869447915367338, 1.190099999999999936, -0.6114010717127114081 ) ) ;
#1493 = CARTESIAN_POINT ( 'NONE',  ( 0.9301801576558870188, 1.190100000000000158, 0.1667947658894291252 ) ) ;
#1494 = CARTESIAN_POINT ( 'NONE',  ( 0.5995611596849074187, 1.189999999999999947, -0.6115834317111872309 ) ) ;
#1495 = CARTESIAN_POINT ( 'NONE',  ( 0.5108782782281270363, 1.190000000000000169, -0.2963294533136006104 ) ) ;
#1496 = ORIENTED_EDGE ( 'NONE', *, *, #1175, .T. ) ;
#1497 = COLOUR_RGB ( '',0.2509803921568627416, 0.2509803921568627416, 0.2509803921568627416 ) ;
#1498 = AXIS2_PLACEMENT_3D ( 'NONE', #1542, #3948, #4673 ) ;
#1499 = CARTESIAN_POINT ( 'NONE',  ( 0.8540899440292086808, 1.190099999999999714, 0.3193028809840343651 ) ) ;
#1500 = B_SPLINE_CURVE_WITH_KNOTS ( 'NONE', 3,
 ( #8372, #8324, #3591, #7549, #9863, #3437, #6577, #2832, #3884, #2304, #7020, #6869, #4608, #9250, #9193, #4663, #6058, #2158, #3694 ),
 .UNSPECIFIED., .F., .F.,
 ( 4, 1, 1, 1, 1, 1, 1, 1, 1, 1, 1, 1, 1, 1, 1, 1, 4 ),
 ( 0.0000000000000000000, 0.04904771120335677664, 0.09726288038490926713, 0.1468684226495892975, 0.1982068340638117598, 0.2525071826542956144, 0.3106663891099110120, 0.3723674806948605309, 0.4394556248477716198, 0.5083190625530098483, 0.5767702777719746488, 0.6450173279336790522, 0.7134254604575841485, 0.7827695615486033320, 0.8534832777474178345, 0.9259756808182425525, 1.000000000000000000 ),
 .UNSPECIFIED. ) ;
#1501 = CARTESIAN_POINT ( 'NONE',  ( 0.01873224392195583718, 1.189999999999999947, -0.4837212439622663451 ) ) ;
#1502 = FACE_OUTER_BOUND ( 'NONE', #1887, .T. ) ;
#1503 = ORIENTED_EDGE ( 'NONE', *, *, #1980, .T. ) ;
#1504 = FACE_OUTER_BOUND ( 'NONE', #9064, .T. ) ;
#1505 = CARTESIAN_POINT ( 'NONE',  ( 0.5539341885628350504, 1.190099999999999714, -0.6682952658138963109 ) ) ;
#1506 = ORIENTED_EDGE ( 'NONE', *, *, #9966, .F. ) ;
#1507 = VECTOR ( 'NONE', #6301, 1000.000000000000000 ) ;
#1508 = CARTESIAN_POINT ( 'NONE',  ( -1.080213540375790870, 1.190100000000000158, -0.4965767682962035634 ) ) ;
#1509 = CARTESIAN_POINT ( 'NONE',  ( 0.7358050462469256647, 1.190099999999999936, 0.1564218092456515774 ) ) ;
#1510 = CARTESIAN_POINT ( 'NONE',  ( 0.7141736716171704913, 1.189999999999999947, 0.3320543273344447877 ) ) ;
#1511 = PLANE ( 'NONE',  #6254 ) ;
#1512 = CARTESIAN_POINT ( 'NONE',  ( -0.9779006320476102410, 1.190099999999999714, -0.3840134454658780672 ) ) ;
#1513 = CARTESIAN_POINT ( 'NONE',  ( 2.999999999999999556, -1.039055794130319343, 0.1847210300676128125 ) ) ;
#1514 = VECTOR ( 'NONE', #7000, 1000.000000000000000 ) ;
#1515 = CARTESIAN_POINT ( 'NONE',  ( 0.8114671610838271043, 1.190099999999999936, 0.1407076401688113765 ) ) ;
#1516 = B_SPLINE_SURFACE_WITH_KNOTS ( 'NONE', 3, 1, ( 
 ( #7860, #3945 ),
 ( #2406, #6219 ),
 ( #3229, #7082 ),
 ( #3283, #7029 ),
 ( #9356, #6418 ),
 ( #7912, #2313 ),
 ( #4671, #8629 ),
 ( #45, #1638 ),
 ( #870, #5580 ),
 ( #2365, #3185 ),
 ( #9448, #5528 ),
 ( #8783, #9495 ),
 ( #968, #8730 ),
 ( #6363, #9551 ),
 ( #5432, #3892 ) ),
 .UNSPECIFIED., .F., .F., .F.,
 ( 4, 1, 1, 1, 1, 1, 1, 1, 1, 1, 1, 1, 4 ),
 ( 2, 2 ),
 ( 0.0000000000000000000, 0.1152592138037337177, 0.2257503570593480391, 0.3319310792553068490, 0.4348212626458191621, 0.5308473420199183446, 0.6167101329245870955, 0.6930612330782909281, 0.7619360247031063960, 0.8256462944749011212, 0.8849160524192339894, 0.9424173604834480411, 1.000000000000000000 ),
 ( 0.0000000000000000000, 1.000000000000000000 ),
 .UNSPECIFIED. ) ;
#1517 = ORIENTED_EDGE ( 'NONE', *, *, #8244, .F. ) ;
#1518 = CARTESIAN_POINT ( 'NONE',  ( 0.9413657511995945359, 1.190099999999999936, 0.2592957285970087233 ) ) ;
#1519 = VECTOR ( 'NONE', #4993, 1000.000000000000000 ) ;
#1520 = EDGE_CURVE ( 'NONE', #4891, #4862, #6982, .T. ) ;
#1521 = CARTESIAN_POINT ( 'NONE',  ( -1.292571991800197440, 1.189999999999999725, -0.4141333637033769444 ) ) ;
#1522 =( NAMED_UNIT ( * ) PLANE_ANGLE_UNIT ( ) SI_UNIT ( $, .RADIAN. ) );
#1523 = EDGE_LOOP ( 'NONE', ( #7021, #7647, #1326, #4764 ) ) ;
#1524 = CARTESIAN_POINT ( 'NONE',  ( -0.6107289075802193601, 1.189999999999999503, -0.5882597524542065859 ) ) ;
#1525 = CARTESIAN_POINT ( 'NONE',  ( 0.5071876235844181569, 1.189999999999999725, -0.7166974662674795438 ) ) ;
#1526 = VECTOR ( 'NONE', #3420, 1000.000000000000000 ) ;
#1527 = CARTESIAN_POINT ( 'NONE',  ( -0.5114492481369056209, 1.190100000000000380, -0.3066500032944368681 ) ) ;
#1528 = VERTEX_POINT ( 'NONE', #988 ) ;
#1529 = CARTESIAN_POINT ( 'NONE',  ( 0.2092193053075458165, 1.190000000000000391, -0.4784796687457671394 ) ) ;
#1530 = LINE ( 'NONE', #1429, #4618 ) ;
#1531 = EDGE_CURVE ( 'NONE', #4296, #2301, #9063, .T. ) ;
#1532 = PLANE ( 'NONE',  #5961 ) ;
#1533 = CYLINDRICAL_SURFACE ( 'NONE', #5570, 0.4999999999999989453 ) ;
#1534 = ORIENTED_EDGE ( 'NONE', *, *, #4484, .F. ) ;
#1535 = CARTESIAN_POINT ( 'NONE',  ( -0.9943035737436592969, 1.190099999999999936, -0.6390469598572341425 ) ) ;
#1536 = CARTESIAN_POINT ( 'NONE',  ( 0.8114671610838271043, 1.189999999999999947, 0.1407076401688113765 ) ) ;
#1537 = CARTESIAN_POINT ( 'NONE',  ( -1.250260673563567515, 1.190099999999999714, -0.6670531563513072415 ) ) ;
#1538 = VERTEX_POINT ( 'NONE', #4740 ) ;
#1539 = PLANE ( 'NONE',  #2624 ) ;
#1540 = DIRECTION ( 'NONE',  ( -1.000000000000000000, -0.0000000000000000000, -0.0000000000000000000 ) ) ;
#1541 = CARTESIAN_POINT ( 'NONE',  ( -0.1381649405181460954, 1.190099999999999936, -0.6654154149854282219 ) ) ;
#1542 = CARTESIAN_POINT ( 'NONE',  ( 1.451531263647929615, 1.190099999999999936, -0.03877953931836808366 ) ) ;
#1543 = CARTESIAN_POINT ( 'NONE',  ( 0.4462153313099350149, 1.190000000000000169, -0.5630028213833002670 ) ) ;
#1544 = EDGE_CURVE ( 'NONE', #2441, #9609, #4013, .T. ) ;
#1545 = CARTESIAN_POINT ( 'NONE',  ( 0.1752011237843565383, 1.190100000000000380, -0.3403583440995314735 ) ) ;
#1546 = LINE ( 'NONE', #7667, #9213 ) ;
#1547 = EDGE_CURVE ( 'NONE', #1360, #9060, #934, .T. ) ;
#1548 = FACE_OUTER_BOUND ( 'NONE', #8727, .T. ) ;
#1549 = CARTESIAN_POINT ( 'NONE',  ( 0.3940496050879989109, 1.190099999999999936, -0.4437553777920779097 ) ) ;
#1550 = CARTESIAN_POINT ( 'NONE',  ( -0.6106507845035095139, 1.189999999999999947, -0.6006511552994030501 ) ) ;
#1551 = CARTESIAN_POINT ( 'NONE',  ( -0.0001252302874744534950, 1.189999999999999947, -0.4221024719267981729 ) ) ;
#1552 = CARTESIAN_POINT ( 'NONE',  ( 2.987479944133196508, 1.139999999999999902, 0.0000000000000000000 ) ) ;
#1553 = ORIENTED_EDGE ( 'NONE', *, *, #4283, .F. ) ;
#1554 = CARTESIAN_POINT ( 'NONE',  ( 0.05541434871729349065, 1.190000000000000835, -0.3206097030122773139 ) ) ;
#1555 = ORIENTED_EDGE ( 'NONE', *, *, #3219, .T. ) ;
#1556 = CARTESIAN_POINT ( 'NONE',  ( 0.5902231276599004817, 1.189999999999999947, -0.6416007038331640322 ) ) ;
#1557 = ORIENTED_EDGE ( 'NONE', *, *, #8255, .T. ) ;
#1558 = CARTESIAN_POINT ( 'NONE',  ( -0.9694950687232744002, 1.190000000000000169, -0.4252711842161974176 ) ) ;
#1559 = ADVANCED_FACE ( 'NONE', ( #7880 ), #7830, .T. ) ;
#1560 = CARTESIAN_POINT ( 'NONE',  ( -0.6583434091217691408, 1.189999999999999725, -0.6106219700424801999 ) ) ;
#1561 = CARTESIAN_POINT ( 'NONE',  ( -2.499999999999999556, -0.04999999999999933664, -3.872150616019609307E-19 ) ) ;
#1562 = CARTESIAN_POINT ( 'NONE',  ( 0.6332936362502515903, 1.190099999999999936, -0.3430844150254329095 ) ) ;
#1563 = VECTOR ( 'NONE', #5489, 1000.000000000000000 ) ;
#1564 = ORIENTED_EDGE ( 'NONE', *, *, #2999, .T. ) ;
#1565 = CARTESIAN_POINT ( 'NONE',  ( 0.9336858430885226490, 1.190099999999999936, 0.2862938191049630987 ) ) ;
#1566 = CARTESIAN_POINT ( 'NONE',  ( -1.289176711999117320, 1.190099999999999936, -0.4001777838585311442 ) ) ;
#1567 = DIRECTION ( 'NONE',  ( 0.0000000000000000000, 1.000000000000000000, 0.0000000000000000000 ) ) ;
#1568 = CARTESIAN_POINT ( 'NONE',  ( 0.0000000000000000000, -1.189999999999999947, -0.9499999999999996225 ) ) ;
#1569 = CARTESIAN_POINT ( 'NONE',  ( 1.322812623584417979, 1.190099999999999936, -0.3064410560110692461 ) ) ;
#1570 = ORIENTED_EDGE ( 'NONE', *, *, #4790, .T. ) ;
#1571 = FACE_OUTER_BOUND ( 'NONE', #4609, .T. ) ;
#1572 = EDGE_CURVE ( 'NONE', #9602, #6626, #8600, .T. ) ;
#1573 = DIRECTION ( 'NONE',  ( -1.000000000000000000, 0.0000000000000000000, 0.0000000000000000000 ) ) ;
#1574 = ORIENTED_EDGE ( 'NONE', *, *, #3079, .F. ) ;
#1575 = B_SPLINE_CURVE_WITH_KNOTS ( 'NONE', 3,
 ( #3246, #6336, #7829, #1656, #6383, #5546, #779, #60, #3909, #831, #1508, #887, #8695, #7048, #104, #3150, #6291, #3045, #4640 ),
 .UNSPECIFIED., .F., .F.,
 ( 4, 1, 1, 1, 1, 1, 1, 1, 1, 1, 1, 1, 1, 1, 1, 1, 4 ),
 ( 0.0000000000000000000, 0.06201618515429726392, 0.1242375302603047071, 0.1880686855339441799, 0.2552612080994869359, 0.3248104532213659801, 0.3952124369189763398, 0.4676355833166854770, 0.5432343181367914609, 0.5841409676775047854, 0.6293256317998497940, 0.6792787180339244779, 0.7338679911957519675, 0.7930858300253712523, 0.8569989619306673800, 0.9261035980519051192, 1.000000000000000000 ),
 .UNSPECIFIED. ) ;
#1576 = CARTESIAN_POINT ( 'NONE',  ( 0.1460498030715975948, 1.190000000000000613, -0.4961846457546589262 ) ) ;
#1577 = CARTESIAN_POINT ( 'NONE',  ( -2.499999999999999556, 0.05000000000000000278, 1.599999999999999867 ) ) ;
#1578 = CARTESIAN_POINT ( 'NONE',  ( -0.6583434091217691408, 1.190099999999999714, -0.6106219700424801999 ) ) ;
#1579 = CARTESIAN_POINT ( 'NONE',  ( 0.6458895466613413516, 1.189999999999999947, -0.6129314406264538828 ) ) ;
#1580 = CARTESIAN_POINT ( 'NONE',  ( 0.4834428449331980016, 1.190100000000000158, -0.5048845708046624248 ) ) ;
#1581 = VERTEX_POINT ( 'NONE', #9 ) ;
#1582 = CARTESIAN_POINT ( 'NONE',  ( 1.276658777430572211, 1.190099999999999936, -0.7166974662674795438 ) ) ;
#1583 = CARTESIAN_POINT ( 'NONE',  ( 1.354095366212032303, 1.190099999999999936, 0.002246101707272939348 ) ) ;
#1584 = CARTESIAN_POINT ( 'NONE',  ( -1.275978817471836724, 1.190100000000000158, -0.6181657072732910096 ) ) ;
#1585 = EDGE_LOOP ( 'NONE', ( #1631, #25, #7318, #3433 ) ) ;
#1586 = CARTESIAN_POINT ( 'NONE',  ( 1.451531263647929615, 1.190099999999999936, 0.3612204606816319385 ) ) ;
#1587 = CARTESIAN_POINT ( 'NONE',  ( -1.133196991800197395, 1.190099999999999936, -0.3372102867802999615 ) ) ;
#1588 = ADVANCED_FACE ( 'NONE', ( #3151 ), #6924, .T. ) ;
#1589 = CARTESIAN_POINT ( 'NONE',  ( -1.023532704359578771, 1.189999999999999725, -0.3898235098278767241 ) ) ;
#1590 = CARTESIAN_POINT ( 'NONE',  ( 0.4389190109048246580, 1.189999999999999725, -0.5677694999978535328 ) ) ;
#1591 = CARTESIAN_POINT ( 'NONE',  ( -1.233860773129405786, 1.189999999999999947, -0.6833073034522749722 ) ) ;
#1592 = LINE ( 'NONE', #8443, #2971 ) ;
#1593 = CARTESIAN_POINT ( 'NONE',  ( 0.3974650955533865493, 1.190000000000000391, -0.3869205511655111063 ) ) ;
#1594 = CARTESIAN_POINT ( 'NONE',  ( 2.987479944133196508, 1.189999999999999947, -0.3750000000000001110 ) ) ;
#1595 = CARTESIAN_POINT ( 'NONE',  ( -1.216131502559945510, 1.190000000000000169, -0.3633141799007673645 ) ) ;
#1596 = CARTESIAN_POINT ( 'NONE',  ( 0.7190811940163294169, 1.189999999999999947, 0.2624708098259467270 ) ) ;
#1597 = CARTESIAN_POINT ( 'NONE',  ( 0.5997357005074950287, 1.190099999999999936, -0.6142936201136333096 ) ) ;
#1598 = VERTEX_POINT ( 'NONE', #9776 ) ;
#1599 = ADVANCED_FACE ( 'NONE', ( #1916 ), #7835, .T. ) ;
#1600 = LINE ( 'NONE', #6286, #2284 ) ;
#1601 = ORIENTED_EDGE ( 'NONE', *, *, #3051, .F. ) ;
#1602 = CARTESIAN_POINT ( 'NONE',  ( 0.6199784187742621855, 1.189999999999999503, -0.4138636430821152068 ) ) ;
#1603 = ORIENTED_EDGE ( 'NONE', *, *, #5484, .F. ) ;
#1604 = CARTESIAN_POINT ( 'NONE',  ( 0.5919512851988977253, 1.190000000000000391, -0.3130169442839405014 ) ) ;
#1605 = CARTESIAN_POINT ( 'NONE',  ( -0.7548017790560135332, 1.190000000000000169, -0.6755910681886596603 ) ) ;
#1606 = LINE ( 'NONE', #7787, #1677 ) ;
#1607 = LINE ( 'NONE', #9277, #6575 ) ;
#1608 =( NAMED_UNIT ( * ) SI_UNIT ( $, .STERADIAN. ) SOLID_ANGLE_UNIT ( ) );
#1609 = DIRECTION ( 'NONE',  ( -1.000000000000000000, 0.0000000000000000000, 0.0000000000000000000 ) ) ;
#1610 = ADVANCED_FACE ( 'NONE', ( #258 ), #8133, .T. ) ;
#1611 = ADVANCED_FACE ( 'NONE', ( #6072 ), #6127, .F. ) ;
#1612 = VECTOR ( 'NONE', #728, 1000.000000000000000 ) ;
#1613 = ORIENTED_EDGE ( 'NONE', *, *, #5487, .T. ) ;
#1614 = DIRECTION ( 'NONE',  ( -1.000000000000000000, -0.0000000000000000000, -0.0000000000000000000 ) ) ;
#1615 = EDGE_LOOP ( 'NONE', ( #8909, #6856, #1451, #2129 ) ) ;
#1616 = CARTESIAN_POINT ( 'NONE',  ( -1.291422777023644830, 1.190100000000000158, -0.4094097593135538338 ) ) ;
#1617 = LINE ( 'NONE', #3210, #2329 ) ;
#1618 = STYLED_ITEM ( 'NONE', ( #4916 ), #8181 ) ;
#1619 = CARTESIAN_POINT ( 'NONE',  ( 0.6120924762639283756, 1.190000000000000169, -0.4535682701521518978 ) ) ;
#1620 = DIRECTION ( 'NONE',  ( 0.0000000000000000000, -1.000000000000000000, 1.917831477656420641E-16 ) ) ;
#1621 = AXIS2_PLACEMENT_3D ( 'NONE', #6708, #8098, #7478 ) ;
#1622 = ORIENTED_EDGE ( 'NONE', *, *, #1785, .F. ) ;
#1623 = CARTESIAN_POINT ( 'NONE',  ( -1.024349797622125857, 1.190000000000000169, -0.3274411746493743336 ) ) ;
#1624 = CARTESIAN_POINT ( 'NONE',  ( 0.6202485210203156907, 1.190000000000000391, -0.4222263124213256891 ) ) ;
#1625 = ORIENTED_EDGE ( 'NONE', *, *, #7359, .T. ) ;
#1626 = CARTESIAN_POINT ( 'NONE',  ( 2.999999999999999556, 0.05000000000000066891, 2.904112962014783776E-19 ) ) ;
#1627 = CARTESIAN_POINT ( 'NONE',  ( 1.377572930314596267, 1.190099999999999936, -0.03877953931836808366 ) ) ;
#1628 = CARTESIAN_POINT ( 'NONE',  ( 0.1259821714632645695, 1.190099999999999492, -0.3385022970563167921 ) ) ;
#1629 = LINE ( 'NONE', #3175, #5292 ) ;
#1630 = CARTESIAN_POINT ( 'NONE',  ( 1.451531263647929615, 1.190099999999999936, -0.03877953931836808366 ) ) ;
#1631 = ORIENTED_EDGE ( 'NONE', *, *, #5576, .F. ) ;
#1632 = CARTESIAN_POINT ( 'NONE',  ( -1.239575197595643496, 1.190099999999999936, -0.3964495747209246801 ) ) ;
#1633 = CARTESIAN_POINT ( 'NONE',  ( 0.9006741010319665452, 1.189999999999999947, 0.2688835882134935629 ) ) ;
#1634 = CARTESIAN_POINT ( 'NONE',  ( 0.2920433928151873748, 1.189999999999999725, -0.4187006713956846204 ) ) ;
#1635 = ORIENTED_EDGE ( 'NONE', *, *, #2969, .T. ) ;
#1636 = VECTOR ( 'NONE', #614, 1000.000000000000000 ) ;
#1637 = DIRECTION ( 'NONE',  ( -1.000000000000000000, -0.0000000000000000000, -0.0000000000000000000 ) ) ;
#1638 = CARTESIAN_POINT ( 'NONE',  ( -1.066248608295073064, 1.190000000000000391, -0.5671964075083075763 ) ) ;
#1639 = DIRECTION ( 'NONE',  ( 0.0000000000000000000, 1.000000000000000000, 7.744301232039322228E-18 ) ) ;
#1640 = VECTOR ( 'NONE', #2903, 1000.000000000000114 ) ;
#1641 =( NAMED_UNIT ( * ) PLANE_ANGLE_UNIT ( ) SI_UNIT ( $, .RADIAN. ) );
#1642 = CARTESIAN_POINT ( 'NONE',  ( 0.4322192237843462959, 1.190100000000000602, -0.5728801848855270551 ) ) ;
#1643 = CARTESIAN_POINT ( 'NONE',  ( -1.137259610827615841, 1.190099999999999936, -0.5477166656956473645 ) ) ;
#1644 = CARTESIAN_POINT ( 'NONE',  ( -0.4824229746950342013, 1.190000000000000391, -0.3016656062078647560 ) ) ;
#1645 = CARTESIAN_POINT ( 'NONE',  ( -0.0002642994925050514560, 1.190099999999999936, -0.4179795175495307769 ) ) ;
#1646 = EDGE_CURVE ( 'NONE', #1243, #5828, #523, .T. ) ;
#1647 = CARTESIAN_POINT ( 'NONE',  ( 1.354095366212032303, 1.189999999999999947, 0.002246101707272939348 ) ) ;
#1648 = CARTESIAN_POINT ( 'NONE',  ( -2.499999999999999556, -1.239228125389295609, 0.9412483332641250477 ) ) ;
#1649 = CARTESIAN_POINT ( 'NONE',  ( -1.015648914877120834, 1.190100000000000158, -0.4218256713956846649 ) ) ;
#1650 = VECTOR ( 'NONE', #81, 1000.000000000000227 ) ;
#1651 = CARTESIAN_POINT ( 'NONE',  ( 0.4203285750596896242, 1.190000000000001279, -0.3109209301944642623 ) ) ;
#1652 = ORIENTED_EDGE ( 'NONE', *, *, #5872, .F. ) ;
#1653 = CARTESIAN_POINT ( 'NONE',  ( 0.04135568274935259164, 1.190099999999999714, -0.3309636991978472387 ) ) ;
#1654 = ORIENTED_EDGE ( 'NONE', *, *, #5048, .T. ) ;
#1655 = CARTESIAN_POINT ( 'NONE',  ( 0.5090068576730906180, 1.189999999999999947, -0.3372834134040214038 ) ) ;
#1656 = CARTESIAN_POINT ( 'NONE',  ( -1.019329475203652358, 1.190099999999999714, -0.4439860433947920848 ) ) ;
#1657 = CARTESIAN_POINT ( 'NONE',  ( 0.6458895466613413516, 1.190099999999999936, -0.6129314406264538828 ) ) ;
#1658 = CARTESIAN_POINT ( 'NONE',  ( -3.839783448439272107, 1.189999999999999947, 0.2500000000000000000 ) ) ;
#1659 = PRESENTATION_LAYER_ASSIGNMENT (  '', '', ( #993 ) ) ;
#1660 = AXIS2_PLACEMENT_3D ( 'NONE', #263, #9675, #5818 ) ;
#1661 = EDGE_CURVE ( 'NONE', #8045, #687, #10023, .T. ) ;
#1662 = CARTESIAN_POINT ( 'NONE',  ( -1.047844422246720697, 1.190099999999999714, -0.3623225396640620266 ) ) ;
#1663 = PRESENTATION_STYLE_ASSIGNMENT (( #8702 ) ) ;
#1664 = VECTOR ( 'NONE', #2490, 1000.000000000000000 ) ;
#1665 = CARTESIAN_POINT ( 'NONE',  ( 0.8600345415739965027, 1.189999999999999725, 0.3616118566317211847 ) ) ;
#1666 = ORIENTED_EDGE ( 'NONE', *, *, #2871, .T. ) ;
#1667 = CARTESIAN_POINT ( 'NONE',  ( -2.999999999999999556, -1.230654267715320271, -1.800000000000000044 ) ) ;
#1668 = EDGE_CURVE ( 'NONE', #5215, #6008, #8334, .T. ) ;
#1669 = CARTESIAN_POINT ( 'NONE',  ( 1.276658777430572211, 1.190099999999999936, -0.7166974662674795438 ) ) ;
#1670 = EDGE_CURVE ( 'NONE', #80, #5197, #5340, .T. ) ;
#1671 = AXIS2_PLACEMENT_3D ( 'NONE', #1103, #4233, #586 ) ;
#1672 = CARTESIAN_POINT ( 'NONE',  ( -0.6585939141672214614, 1.190100000000000380, -0.4972057088031732741 ) ) ;
#1673 = CARTESIAN_POINT ( 'NONE',  ( 0.3683247268366930394, 1.190100000000000380, -0.6397533859429014313 ) ) ;
#1674 = CARTESIAN_POINT ( 'NONE',  ( -1.059725280561882643, 1.189999999999999947, -0.3089839202386722716 ) ) ;
#1675 = CARTESIAN_POINT ( 'NONE',  ( 0.5948770483727086056, 1.189999999999999947, -0.4745556238387212966 ) ) ;
#1676 = ORIENTED_EDGE ( 'NONE', *, *, #549, .T. ) ;
#1677 = VECTOR ( 'NONE', #10038, 1000.000000000000000 ) ;
#1678 = B_SPLINE_SURFACE_WITH_KNOTS ( 'NONE', 3, 1, ( 
 ( #2200, #1467 ),
 ( #10098, #6200 ),
 ( #1421, #1524 ),
 ( #4702, #2962 ),
 ( #6859, #6251 ),
 ( #8610, #4546 ),
 ( #3058, #2344 ),
 ( #5463, #6154 ),
 ( #9289, #2245 ),
 ( #9337, #4653 ),
 ( #552, #9630 ),
 ( #7266, #7112 ),
 ( #1765, #2588 ),
 ( #1672, #5659 ),
 ( #224, #7157 ),
 ( #946, #4803 ),
 ( #4074, #2540 ),
 ( #2390, #117 ),
 ( #9530, #2435 ) ),
 .UNSPECIFIED., .F., .F., .F.,
 ( 4, 1, 1, 1, 1, 1, 1, 1, 1, 1, 1, 1, 1, 1, 1, 1, 4 ),
 ( 2, 2 ),
 ( 0.0000000000000000000, 0.04719369878745281049, 0.09416460265502388238, 0.1407647004900462739, 0.1876065867987881108, 0.2347682166576783303, 0.2820665224194502940, 0.3304755998546315410, 0.3798501485218762075, 0.4327989293930767367, 0.4929901260461278523, 0.5599282665518345858, 0.6337073023934484128, 0.7143972929783727333, 0.8023698899558026065, 0.8976655033425727792, 1.000000000000000000 ),
 ( 0.0000000000000000000, 1.000000000000000000 ),
 .UNSPECIFIED. ) ;
#1679 = CARTESIAN_POINT ( 'NONE',  ( 0.04588954666134111016, 1.190099999999999936, -0.4165372098572230897 ) ) ;
#1680 = PLANE ( 'NONE',  #3822 ) ;
#1681 = CARTESIAN_POINT ( 'NONE',  ( 0.05724616082972434905, 1.190099999999999714, -0.3790779845842808249 ) ) ;
#1682 = CARTESIAN_POINT ( 'NONE',  ( 0.6078270103888026021, 1.190000000000000169, -0.5454606830955125440 ) ) ;
#1683 = CARTESIAN_POINT ( 'NONE',  ( 0.4510833836729835067, 1.190099999999999936, -0.4962584663682741426 ) ) ;
#1684 = VERTEX_POINT ( 'NONE', #8487 ) ;
#1685 = CARTESIAN_POINT ( 'NONE',  ( -1.245366257592180892, 1.190099999999999936, -0.4110452189558209124 ) ) ;
#1686 = CARTESIAN_POINT ( 'NONE',  ( 0.8679811282621179291, 1.190100000000000380, 0.1086810325646697245 ) ) ;
#1687 = LINE ( 'NONE', #6413, #4069 ) ;
#1688 = VERTEX_POINT ( 'NONE', #9312 ) ;
#1689 = AXIS2_PLACEMENT_3D ( 'NONE', #7497, #7654, #9036 ) ;
#1690 = DIRECTION ( 'NONE',  ( -0.0000000000000000000, -1.000000000000000000, -0.0000000000000000000 ) ) ;
#1691 = UNCERTAINTY_MEASURE_WITH_UNIT (LENGTH_MEASURE( 1.000000000000000082E-05 ), #4636, 'distance_accuracy_value', 'NONE');
#1692 = CARTESIAN_POINT ( 'NONE',  ( -0.6053925046207102589, 1.190099999999999936, -0.3064410560110692461 ) ) ;
#1693 = CARTESIAN_POINT ( 'NONE',  ( 0.8114671610838271043, 1.190099999999999936, 0.1407076401688113765 ) ) ;
#1694 = VECTOR ( 'NONE', #115, 1000.000000000000000 ) ;
#1695 = DIRECTION ( 'NONE',  ( -1.000000000000000000, 0.0000000000000000000, 0.0000000000000000000 ) ) ;
#1696 = CARTESIAN_POINT ( 'NONE',  ( -0.8665393348618025682, 1.189999999999999725, -0.6794226202105254631 ) ) ;
#1697 = CARTESIAN_POINT ( 'NONE',  ( -1.165868623193591969, 1.190000000000000169, -0.3400708068734363820 ) ) ;
#1698 = CARTESIAN_POINT ( 'NONE',  ( 0.04693373900510669494, 1.189999999999999725, -0.5250586210431660295 ) ) ;
#1699 = ORIENTED_EDGE ( 'NONE', *, *, #8004, .F. ) ;
#1700 = CARTESIAN_POINT ( 'NONE',  ( 0.4948084946347504620, 1.190000000000000169, -0.6754497304233567645 ) ) ;
#1701 = CARTESIAN_POINT ( 'NONE',  ( 0.7483166395602971477, 1.189999999999999947, 0.3109505358104802109 ) ) ;
#1702 = DIRECTION ( 'NONE',  ( -1.355252715606880543E-16, 0.0000000000000000000, -1.000000000000000000 ) ) ;
#1703 = ORIENTED_EDGE ( 'NONE', *, *, #5311, .T. ) ;
#1704 = CARTESIAN_POINT ( 'NONE',  ( -6.359909577704528328E-05, 1.190000000000001057, -0.4098921447153023312 ) ) ;
#1705 = EDGE_CURVE ( 'NONE', #6651, #2198, #6746, .T. ) ;
#1706 = ORIENTED_EDGE ( 'NONE', *, *, #3691, .F. ) ;
#1707 = CARTESIAN_POINT ( 'NONE',  ( 0.6274045900107232399, 1.190099999999999936, -0.5016881079069344107 ) ) ;
#1708 = CARTESIAN_POINT ( 'NONE',  ( 0.4095665920466583509, 1.189999999999999725, -0.5413668105128779384 ) ) ;
#1709 = CARTESIAN_POINT ( 'NONE',  ( -2.499999999999999556, 0.0000000000000000000, 1.800000000000000266 ) ) ;
#1710 = CARTESIAN_POINT ( 'NONE',  ( -3.839783448439272551, -1.189999999999999947, 1.600000000000000089 ) ) ;
#1711 = CARTESIAN_POINT ( 'NONE',  ( 0.2293654712348811298, 1.190000000000000169, -0.3725240856677473622 ) ) ;
#1712 = ORIENTED_EDGE ( 'NONE', *, *, #7928, .F. ) ;
#1713 = CARTESIAN_POINT ( 'NONE',  ( -1.015904718798430917, 1.190099999999999714, -0.4135095297742831244 ) ) ;
#1714 = LINE ( 'NONE', #65, #8555 ) ;
#1715 = EDGE_CURVE ( 'NONE', #5018, #8071, #6172, .T. ) ;
#1716 = DIRECTION ( 'NONE',  ( 0.0000000000000000000, 0.0000000000000000000, -1.000000000000000000 ) ) ;
#1717 = ORIENTED_EDGE ( 'NONE', *, *, #7619, .T. ) ;
#1718 = CARTESIAN_POINT ( 'NONE',  ( 0.004352585071755230191, 1.189999999999999947, -0.3861994937099111902 ) ) ;
#1719 = CARTESIAN_POINT ( 'NONE',  ( 0.7643517764684425453, 1.190099999999999936, -0.03877953931836808366 ) ) ;
#1720 = CARTESIAN_POINT ( 'NONE',  ( 0.7290613472352520663, 1.190100000000000380, 0.2892824623837805254 ) ) ;
#1721 = CARTESIAN_POINT ( 'NONE',  ( 0.4193235952316850534, 1.190100000000000380, -0.6954448810044467910 ) ) ;
#1722 = PRESENTATION_STYLE_ASSIGNMENT (( #8766 ) ) ;
#1723 = EDGE_CURVE ( 'NONE', #2779, #9331, #1295, .T. ) ;
#1724 = ORIENTED_EDGE ( 'NONE', *, *, #6316, .F. ) ;
#1725 = CARTESIAN_POINT ( 'NONE',  ( -0.7898019178420069286, 1.190099999999999936, -0.6723643791182566387 ) ) ;
#1726 = B_SPLINE_CURVE_WITH_KNOTS ( 'NONE', 3,
 ( #6466, #1842, #4768, #4197, #2556, #6515, #4912, #8056, #1017, #4145, #9644, #2603, #5725, #8877, #4966, #8111, #7328, #2097, #6775 ),
 .UNSPECIFIED., .F., .F.,
 ( 4, 1, 1, 1, 1, 1, 1, 1, 1, 1, 1, 1, 1, 1, 1, 1, 4 ),
 ( 0.0000000000000000000, 0.07544080347366380335, 0.1483123242787833529, 0.2183976921910985858, 0.2867764203796489553, 0.3539746493143695605, 0.4203364135289361925, 0.4859269846584999830, 0.5516950477922394347, 0.6156793202008209454, 0.6759660120162490626, 0.7334586392451710735, 0.7881521199787907550, 0.8417149104366939971, 0.8940785787593349410, 0.9466644025853890865, 1.000000000000000000 ),
 .UNSPECIFIED. ) ;
#1727 = ORIENTED_EDGE ( 'NONE', *, *, #9614, .F. ) ;
#1728 = CARTESIAN_POINT ( 'NONE',  ( 0.7233261354428014434, 1.189999999999999947, 0.1612204606816319274 ) ) ;
#1729 = CARTESIAN_POINT ( 'NONE',  ( 0.9438389559556220609, 1.190100000000000158, 0.2305313581175293947 ) ) ;
#1730 = CARTESIAN_POINT ( 'NONE',  ( -0.7874656756144471359, 1.190100000000000158, -0.7146101567865661419 ) ) ;
#1731 = LINE ( 'NONE', #79, #1489 ) ;
#1732 = ORIENTED_EDGE ( 'NONE', *, *, #217, .F. ) ;
#1733 = DIRECTION ( 'NONE',  ( 0.0000000000000000000, -0.1750333347174941601, 0.9845625077859067042 ) ) ;
#1734 = CARTESIAN_POINT ( 'NONE',  ( 0.9084141132974096200, 1.190100000000000158, 0.1363253773259748836 ) ) ;
#1735 = CARTESIAN_POINT ( 'NONE',  ( -0.6299558184677207517, 1.190099999999999936, -0.5324978571738661071 ) ) ;
#1736 = ORIENTED_EDGE ( 'NONE', *, *, #10082, .T. ) ;
#1737 = PRODUCT_DEFINITION_FORMATION_WITH_SPECIFIED_SOURCE ( 'ANY', '', #9391, .NOT_KNOWN. ) ;
#1738 = CARTESIAN_POINT ( 'NONE',  ( -0.6605643290289575642, 1.190099999999999936, -0.5687524953572011821 ) ) ;
#1739 = EDGE_CURVE ( 'NONE', #366, #3526, #4147, .T. ) ;
#1740 = DIRECTION ( 'NONE',  ( 1.000000000000000000, 0.0000000000000000000, -0.0000000000000000000 ) ) ;
#1741 = DIRECTION ( 'NONE',  ( 1.000000000000000000, 0.0000000000000000000, 0.0000000000000000000 ) ) ;
#1742 = CARTESIAN_POINT ( 'NONE',  ( 0.09068338676620789351, 1.190099999999999936, -0.4832274389626338706 ) ) ;
#1743 =( LENGTH_UNIT ( ) NAMED_UNIT ( * ) SI_UNIT ( .MILLI., .METRE. ) );
#1744 = CARTESIAN_POINT ( 'NONE',  ( -0.7560335302617359199, 1.190099999999999936, -0.7166974662674795438 ) ) ;
#1745 = CARTESIAN_POINT ( 'NONE',  ( -0.7719700694645200700, 1.189999999999999725, -0.7164045739527907797 ) ) ;
#1746 = CARTESIAN_POINT ( 'NONE',  ( -1.202476441576370014, 1.190000000000000169, -0.3536145201856716325 ) ) ;
#1747 = CARTESIAN_POINT ( 'NONE',  ( 0.1997357005074950342, 1.190099999999999936, -0.7166974662674795438 ) ) ;
#1748 = EDGE_LOOP ( 'NONE', ( #8574, #7929, #2451, #3885 ) ) ;
#1749 = CARTESIAN_POINT ( 'NONE',  ( -0.6972003596234208622, 1.189999999999999947, -0.7080966014211549364 ) ) ;
#1750 = CARTESIAN_POINT ( 'NONE',  ( 0.3445246544641011877, 1.190099999999999936, -0.4362102626646719994 ) ) ;
#1751 = CARTESIAN_POINT ( 'NONE',  ( 0.3948698190937610653, 1.190100000000000158, -0.3253697852930767520 ) ) ;
#1752 = CARTESIAN_POINT ( 'NONE',  ( 0.1246297624085387218, 1.190000000000000391, -0.2966997186027305888 ) ) ;
#1753 = ORIENTED_EDGE ( 'NONE', *, *, #900, .T. ) ;
#1754 = CARTESIAN_POINT ( 'NONE',  ( -0.0002642994925050514560, 1.190099999999999936, -0.4179795175495307769 ) ) ;
#1755 = CARTESIAN_POINT ( 'NONE',  ( 2.499999999999999556, -1.230654267715319827, 1.899999999999999911 ) ) ;
#1756 = CARTESIAN_POINT ( 'NONE',  ( 0.6415677443635793287, 1.190099999999999714, -0.6393390661576693335 ) ) ;
#1757 = CARTESIAN_POINT ( 'NONE',  ( -0.8300148213363366390, 1.189999999999999725, -0.7022554023462568296 ) ) ;
#1758 = CARTESIAN_POINT ( 'NONE',  ( 0.2457975427572151594, 1.190000000000000169, -0.4138328879089125389 ) ) ;
#1759 = ORIENTED_EDGE ( 'NONE', *, *, #10022, .F. ) ;
#1760 = DIRECTION ( 'NONE',  ( 0.0000000000000000000, 1.689548385456578164E-14, -1.000000000000000000 ) ) ;
#1761 = CARTESIAN_POINT ( 'NONE',  ( 0.8043357508274169287, 1.190099999999999936, 0.3714768709380422140 ) ) ;
#1762 = ORIENTED_EDGE ( 'NONE', *, *, #9257, .T. ) ;
#1763 = CARTESIAN_POINT ( 'NONE',  ( -0.4541299328053145512, 1.189999999999999725, -0.3217496399901882964 ) ) ;
#1764 = LINE ( 'NONE', #897, #1664 ) ;
#1765 = CARTESIAN_POINT ( 'NONE',  ( -0.6497566395510944171, 1.190099999999999492, -0.5069685975690172430 ) ) ;
#1766 = FACE_OUTER_BOUND ( 'NONE', #1945, .T. ) ;
#1767 = EDGE_CURVE ( 'NONE', #3722, #7589, #725, .T. ) ;
#1768 = LINE ( 'NONE', #1586, #5081 ) ;
#1769 = EDGE_LOOP ( 'NONE', ( #4094, #9512, #1226, #4639, #9853, #2600, #5125, #9083, #1706, #7063, #2895, #139, #5781 ) ) ;
#1770 = CARTESIAN_POINT ( 'NONE',  ( 2.999999999999999556, 0.05000000000000066197, 1.749999999999999334 ) ) ;
#1771 = ORIENTED_EDGE ( 'NONE', *, *, #10025, .F. ) ;
#1772 = CARTESIAN_POINT ( 'NONE',  ( 0.8683349092471950303, 1.190000000000000391, 0.3581463095076821146 ) ) ;
#1773 = ORIENTED_EDGE ( 'NONE', *, *, #987, .T. ) ;
#1774 = DIRECTION ( 'NONE',  ( -1.000000000000000000, -0.0000000000000000000, 1.355252715606880296E-16 ) ) ;
#1775 = VECTOR ( 'NONE', #1961, 1000.000000000000000 ) ;
#1776 = CARTESIAN_POINT ( 'NONE',  ( -0.7582771200053256555, 1.190099999999999936, -0.6756718252418384418 ) ) ;
#1777 = CARTESIAN_POINT ( 'NONE',  ( 0.1752011237843565383, 1.190100000000000380, -0.3403583440995314735 ) ) ;
#1778 = CARTESIAN_POINT ( 'NONE',  ( 0.4952153388251850363, 1.190100000000000158, -0.5062496342755412604 ) ) ;
#1779 = EDGE_LOOP ( 'NONE', ( #4407, #8241, #8525, #9849 ) ) ;
#1780 = ORIENTED_EDGE ( 'NONE', *, *, #4531, .T. ) ;
#1781 = VECTOR ( 'NONE', #3781, 1000.000000000000000 ) ;
#1782 = DIRECTION ( 'NONE',  ( 0.0000000000000000000, -0.0000000000000000000, 1.000000000000000000 ) ) ;
#1783 = CARTESIAN_POINT ( 'NONE',  ( 0.8312069327891923320, 1.190099999999999714, 0.09996877132909863517 ) ) ;
#1784 = CARTESIAN_POINT ( 'NONE',  ( -0.6497566395510944171, 1.190099999999999492, -0.5069685975690172430 ) ) ;
#1785 = EDGE_CURVE ( 'NONE', #2043, #9543, #7565, .T. ) ;
#1786 = ORIENTED_EDGE ( 'NONE', *, *, #7302, .T. ) ;
#1787 = COLOUR_RGB ( '',0.2509803921568627416, 0.2509803921568627416, 0.2509803921568627416 ) ;
#1788 = CARTESIAN_POINT ( 'NONE',  ( -0.7001320067519239965, 1.190099999999999936, -0.5142156573800917840 ) ) ;
#1789 = LINE ( 'NONE', #5894, #4421 ) ;
#1790 = ORIENTED_EDGE ( 'NONE', *, *, #4243, .T. ) ;
#1791 = ORIENTED_EDGE ( 'NONE', *, *, #5956, .T. ) ;
#1792 = FACE_OUTER_BOUND ( 'NONE', #9390, .T. ) ;
#1793 = CARTESIAN_POINT ( 'NONE',  ( 0.04588954666134111016, 1.190099999999999936, -0.4165372098572230897 ) ) ;
#1794 = CARTESIAN_POINT ( 'NONE',  ( -1.176881578146191876, 1.190099999999999936, -0.6682109411272881827 ) ) ;
#1795 = CARTESIAN_POINT ( 'NONE',  ( -0.9097425838576239654, 1.190099999999999936, -0.6111827833558796108 ) ) ;
#1796 = AXIS2_PLACEMENT_3D ( 'NONE', #7888, #2430, #2288 ) ;
#1797 = CARTESIAN_POINT ( 'NONE',  ( -0.6203312869321215839, 1.190099999999999936, -0.6421968644366276013 ) ) ;
#1798 = CARTESIAN_POINT ( 'NONE',  ( -0.8464834456969753118, 1.190100000000000602, -0.6382261132693400896 ) ) ;
#1799 = LINE ( 'NONE', #200, #9828 ) ;
#1800 = EDGE_CURVE ( 'NONE', #2731, #5882, #5735, .T. ) ;
#1801 = ORIENTED_EDGE ( 'NONE', *, *, #5678, .T. ) ;
#1802 = CARTESIAN_POINT ( 'NONE',  ( -1.042756864971529529, 1.190000000000000391, -0.6368994160738373767 ) ) ;
#1803 = CARTESIAN_POINT ( 'NONE',  ( 0.3459883729163320543, 1.190000000000000169, -0.4442195115368524072 ) ) ;
#1804 = CARTESIAN_POINT ( 'NONE',  ( 0.6202485210203155797, 1.190099999999999936, -0.4222263124213256336 ) ) ;
#1805 = AXIS2_PLACEMENT_3D ( 'NONE', #970, #4095, #7232 ) ;
#1806 = CARTESIAN_POINT ( 'NONE',  ( -2.999999999999999556, -1.239228125389295609, 0.9412483332641250477 ) ) ;
#1807 = ORIENTED_EDGE ( 'NONE', *, *, #7703, .T. ) ;
#1808 = FACE_OUTER_BOUND ( 'NONE', #6182, .T. ) ;
#1809 = CARTESIAN_POINT ( 'NONE',  ( 0.5047036492254438622, 1.190099999999999714, -0.3372102867802999615 ) ) ;
#1810 = CARTESIAN_POINT ( 'NONE',  ( 0.05724616082972434905, 1.190099999999999714, -0.3790779845842808249 ) ) ;
#1811 = CARTESIAN_POINT ( 'NONE',  ( -1.147591830118416700, 1.189999999999999947, -0.6752133983022570174 ) ) ;
#1812 = CARTESIAN_POINT ( 'NONE',  ( 1.256659468776134991, 1.189999999999999947, -0.03877953931836808366 ) ) ;
#1813 = ORIENTED_EDGE ( 'NONE', *, *, #2360, .F. ) ;
#1814 = VECTOR ( 'NONE', #5000, 1000.000000000000227 ) ;
#1815 = AXIS2_PLACEMENT_3D ( 'NONE', #5013, #8874, #8212 ) ;
#1816 = CARTESIAN_POINT ( 'NONE',  ( 0.3828354658641154318, 1.189999999999999947, -0.5005888260271562640 ) ) ;
#1817 = CARTESIAN_POINT ( 'NONE',  ( 0.6266287678710420472, 1.190099999999999936, -0.3365838356434636691 ) ) ;
#1818 = AXIS2_PLACEMENT_3D ( 'NONE', #6264, #5423, #1431 ) ;
#1819 = CARTESIAN_POINT ( 'NONE',  ( 0.2209026852354938064, 1.190100000000000158, -0.5239712254652189038 ) ) ;
#1820 = CARTESIAN_POINT ( 'NONE',  ( 2.999999999999999556, -1.378338643883206593, 1.723744999792374388 ) ) ;
#1821 = ORIENTED_EDGE ( 'NONE', *, *, #7756, .T. ) ;
#1822 = VECTOR ( 'NONE', #8623, 1000.000000000000000 ) ;
#1823 = EDGE_CURVE ( 'NONE', #6153, #405, #491, .T. ) ;
#1824 = CARTESIAN_POINT ( 'NONE',  ( 0.04135568274935259164, 1.189999999999999725, -0.3309636991978472387 ) ) ;
#1825 = LINE ( 'NONE', #6658, #2007 ) ;
#1826 = CARTESIAN_POINT ( 'NONE',  ( 0.7190811940163294169, 1.190099999999999936, 0.2624708098259467270 ) ) ;
#1827 = CARTESIAN_POINT ( 'NONE',  ( -1.268844506739553291, 1.190000000000000169, -0.6373372332591807909 ) ) ;
#1828 = VECTOR ( 'NONE', #3815, 1000.000000000000000 ) ;
#1829 = FACE_OUTER_BOUND ( 'NONE', #260, .T. ) ;
#1830 = CARTESIAN_POINT ( 'NONE',  ( -0.5284694276976332761, 1.189999999999999503, -0.3346461842161974620 ) ) ;
#1831 = ORIENTED_EDGE ( 'NONE', *, *, #1398, .F. ) ;
#1832 = CARTESIAN_POINT ( 'NONE',  ( -1.210200196928402638, 1.190099999999999936, -0.3588449021649153803 ) ) ;
#1833 = VERTEX_POINT ( 'NONE', #8632 ) ;
#1834 = EDGE_CURVE ( 'NONE', #3839, #8607, #3233, .T. ) ;
#1835 = CARTESIAN_POINT ( 'NONE',  ( 0.1532059573794345708, 1.189999999999999725, -0.5371762994616451348 ) ) ;
#1836 = DIRECTION ( 'NONE',  ( 1.000000000000000000, -0.0000000000000000000, -0.0000000000000000000 ) ) ;
#1837 = VECTOR ( 'NONE', #10108, 1000.000000000000000 ) ;
#1838 = LINE ( 'NONE', #2502, #3332 ) ;
#1839 = ORIENTED_EDGE ( 'NONE', *, *, #6196, .T. ) ;
#1840 = CARTESIAN_POINT ( 'NONE',  ( -0.6053925046207102589, 1.189999999999999947, -0.3474666970367102370 ) ) ;
#1841 = LINE ( 'NONE', #7125, #6278 ) ;
#1842 = CARTESIAN_POINT ( 'NONE',  ( 0.5032572616279170630, 1.189999999999999725, -0.5063765160885410621 ) ) ;
#1843 = ORIENTED_EDGE ( 'NONE', *, *, #7742, .T. ) ;
#1844 = CARTESIAN_POINT ( 'NONE',  ( -0.9900078892360949512, 1.189999999999999725, -0.6127711842161974731 ) ) ;
#1845 = FACE_OUTER_BOUND ( 'NONE', #6672, .T. ) ;
#1846 = EDGE_CURVE ( 'NONE', #3448, #4199, #6497, .T. ) ;
#1847 = CARTESIAN_POINT ( 'NONE',  ( 2.499999999999999556, -1.378338643883206593, 1.723744999792374388 ) ) ;
#1848 = CARTESIAN_POINT ( 'NONE',  ( -0.4900078892360948957, 1.190099999999999936, -0.3679795175495307880 ) ) ;
#1849 = CARTESIAN_POINT ( 'NONE',  ( -0.6412792927737767101, 1.190099999999999714, -0.6721087099901169593 ) ) ;
#1850 = CARTESIAN_POINT ( 'NONE',  ( 2.999999999999999556, -1.279882393104615934, -1.741248333264124426 ) ) ;
#1851 = AXIS2_PLACEMENT_3D ( 'NONE', #7520, #4139, #4389 ) ;
#1852 = CARTESIAN_POINT ( 'NONE',  ( -0.6843667874046649446, 1.189999999999999947, -0.7029773302460367024 ) ) ;
#1853 = CARTESIAN_POINT ( 'NONE',  ( 0.2012410444337652538, 1.190000000000000169, -0.3050861559919493815 ) ) ;
#1854 = CARTESIAN_POINT ( 'NONE',  ( 0.02329737032250595724, 1.189999999999999503, -0.4912543473574838004 ) ) ;
#1855 = ORIENTED_EDGE ( 'NONE', *, *, #6646, .F. ) ;
#1856 = CARTESIAN_POINT ( 'NONE',  ( -1.056967149974327391, 1.190000000000000169, -0.6524614883629352713 ) ) ;
#1857 = CARTESIAN_POINT ( 'NONE',  ( -0.9906375856254009404, 1.190099999999999714, -0.6260092473840537242 ) ) ;
#1858 = PLANE ( 'NONE',  #5221 ) ;
#1859 = CARTESIAN_POINT ( 'NONE',  ( -0.9904419263425902065, 1.190000000000000169, -0.6002005357041496625 ) ) ;
#1860 = VECTOR ( 'NONE', #508, 1000.000000000000000 ) ;
#1861 = EDGE_CURVE ( 'NONE', #80, #3454, #7345, .T. ) ;
#1862 = VERTEX_POINT ( 'NONE', #6473 ) ;
#1863 = EDGE_CURVE ( 'NONE', #1097, #7445, #8340, .T. ) ;
#1864 = LINE ( 'NONE', #8947, #1170 ) ;
#1865 = CARTESIAN_POINT ( 'NONE',  ( 0.3896379557099022839, 1.190099999999999936, -0.4148626455675442637 ) ) ;
#1866 = CARTESIAN_POINT ( 'NONE',  ( 0.6366895120630288174, 1.189999999999999725, -0.5758547679412991949 ) ) ;
#1867 = CARTESIAN_POINT ( 'NONE',  ( -0.9006646707566254850, 1.189999999999999725, -0.6365768647797905855 ) ) ;
#1868 = DIRECTION ( 'NONE',  ( -0.0000000000000000000, -1.000000000000000000, -0.0000000000000000000 ) ) ;
#1869 = EDGE_LOOP ( 'NONE', ( #1506, #7681, #8270, #5067 ) ) ;
#1870 = FACE_OUTER_BOUND ( 'NONE', #3631, .T. ) ;
#1871 = CARTESIAN_POINT ( 'NONE',  ( -1.089958206131033558, 1.190099999999999714, -0.3003412515600129007 ) ) ;
#1872 = ADVANCED_FACE ( 'NONE', ( #244 ), #8222, .T. ) ;
#1873 = EDGE_CURVE ( 'NONE', #7225, #774, #8010, .T. ) ;
#1874 = DIRECTION ( 'NONE',  ( -1.000000000000000000, -0.0000000000000000000, -0.0000000000000000000 ) ) ;
#1875 = DIRECTION ( 'NONE',  ( -0.0000000000000000000, -1.000000000000000000, -0.0000000000000000000 ) ) ;
#1876 = ORIENTED_EDGE ( 'NONE', *, *, #5310, .F. ) ;
#1877 = CARTESIAN_POINT ( 'NONE',  ( -0.6605643290289575642, 1.189999999999999947, -0.5687524953572011821 ) ) ;
#1878 = CARTESIAN_POINT ( 'NONE',  ( -3.999999999999999112, 0.05000000000000066197, 1.600000000000000089 ) ) ;
#1879 = LINE ( 'NONE', #5002, #7072 ) ;
#1880 = LINE ( 'NONE', #1155, #9718 ) ;
#1881 = DIRECTION ( 'NONE',  ( 1.000000000000000000, 0.0000000000000000000, 0.0000000000000000000 ) ) ;
#1882 = FILL_AREA_STYLE_COLOUR ( '', #5556 ) ;
#1883 = CARTESIAN_POINT ( 'NONE',  ( 0.4368518873041347672, 1.190000000000001279, -0.6573982336891598388 ) ) ;
#1884 = B_SPLINE_CURVE_WITH_KNOTS ( 'NONE', 3,
 ( #6354, #9483, #127, #4905, #5471, #180, #1681, #2398, #5518, #2444, #8719, #5567, #8665, #6460, #907, #1628, #6405, #4760, #7901 ),
 .UNSPECIFIED., .F., .F.,
 ( 4, 1, 1, 1, 1, 1, 1, 1, 1, 1, 1, 1, 1, 1, 1, 1, 4 ),
 ( 0.0000000000000000000, 0.05729237491171374624, 0.1124984070827317190, 0.1680374011659689637, 0.2232898786346507458, 0.2801975952868701047, 0.3379581713383718045, 0.3992522735937921730, 0.4634964090490197308, 0.5291915129008990526, 0.5939650088004833073, 0.6593077525818069606, 0.7245227873529601625, 0.7904809259640317443, 0.8585562120141754239, 0.9280301640343262548, 1.000000000000000000 ),
 .UNSPECIFIED. ) ;
#1885 = VERTEX_POINT ( 'NONE', #4975 ) ;
#1886 = CARTESIAN_POINT ( 'NONE',  ( -0.8603916392535486679, 1.190100000000000158, -0.6134496385535050944 ) ) ;
#1887 = EDGE_LOOP ( 'NONE', ( #2194, #287, #10158, #7898 ) ) ;
#1888 = DIRECTION ( 'NONE',  ( 0.0000000000000000000, 0.0000000000000000000, 1.000000000000000000 ) ) ;
#1889 = CARTESIAN_POINT ( 'NONE',  ( -0.4541299328053145512, 1.190100000000000158, -0.3217496399901882964 ) ) ;
#1890 = DIRECTION ( 'NONE',  ( -0.0000000000000000000, -1.000000000000000000, -0.0000000000000000000 ) ) ;
#1891 = ORIENTED_EDGE ( 'NONE', *, *, #4940, .T. ) ;
#1892 = FACE_OUTER_BOUND ( 'NONE', #3278, .T. ) ;
#1893 = CARTESIAN_POINT ( 'NONE',  ( 0.9438389559556220609, 1.190000000000000613, 0.2305313581175293947 ) ) ;
#1894 = SURFACE_STYLE_FILL_AREA ( #5949 ) ;
#1895 = VERTEX_POINT ( 'NONE', #4156 ) ;
#1896 = ORIENTED_EDGE ( 'NONE', *, *, #3498, .F. ) ;
#1897 = ORIENTED_EDGE ( 'NONE', *, *, #2872, .F. ) ;
#1898 = CARTESIAN_POINT ( 'NONE',  ( -0.9904419263425902065, 1.189999999999999947, -0.6002005357041496625 ) ) ;
#1899 =( NAMED_UNIT ( * ) PLANE_ANGLE_UNIT ( ) SI_UNIT ( $, .RADIAN. ) );
#1900 = CARTESIAN_POINT ( 'NONE',  ( -1.175746456274386897, 1.190099999999999936, -0.3425508731676843444 ) ) ;
#1901 = CARTESIAN_POINT ( 'NONE',  ( 0.06238693859372572426, 1.190100000000000158, -0.4608909332258375735 ) ) ;
#1902 = CARTESIAN_POINT ( 'NONE',  ( -0.6106507845035095139, 1.190099999999999936, -0.6006511552994030501 ) ) ;
#1903 = CARTESIAN_POINT ( 'NONE',  ( -1.016181335614794179, 1.190000000000001501, -0.4330369962924439653 ) ) ;
#1904 = CARTESIAN_POINT ( 'NONE',  ( -0.9976200687232745778, 1.190000000000000169, -0.4963449021649155024 ) ) ;
#1905 = CARTESIAN_POINT ( 'NONE',  ( 0.5923887725840591978, 1.189999999999999947, -0.6952781258454747704 ) ) ;
#1906 = CARTESIAN_POINT ( 'NONE',  ( 0.1969204224957178950, 1.190099999999999936, -0.5326190639484756906 ) ) ;
#1907 = ORIENTED_EDGE ( 'NONE', *, *, #154, .F. ) ;
#1908 = CARTESIAN_POINT ( 'NONE',  ( -1.102745087174168193, 1.190000000000000391, -0.6731421416211060826 ) ) ;
#1909 = ADVANCED_FACE ( 'NONE', ( #8981 ), #7995, .T. ) ;
#1910 = CARTESIAN_POINT ( 'NONE',  ( 0.3828354658641154318, 1.190000000000000391, -0.5005888260271562640 ) ) ;
#1911 = CARTESIAN_POINT ( 'NONE',  ( -1.112005078538902181, 1.190099999999999714, -0.6745857752385511219 ) ) ;
#1912 = CARTESIAN_POINT ( 'NONE',  ( -0.9979966268748423630, 1.189999999999999947, -0.5766532138575880539 ) ) ;
#1913 = ORIENTED_EDGE ( 'NONE', *, *, #3869, .F. ) ;
#1914 = CARTESIAN_POINT ( 'NONE',  ( 0.05175170712969182074, 1.190099999999999936, -0.5310780193500145296 ) ) ;
#1915 = DIRECTION ( 'NONE',  ( 1.000000000000000000, 0.0000000000000000000, -0.0000000000000000000 ) ) ;
#1916 = FACE_OUTER_BOUND ( 'NONE', #2094, .T. ) ;
#1917 = CARTESIAN_POINT ( 'NONE',  ( -1.012899163381989931, 1.190099999999999714, -0.5559099014659668603 ) ) ;
#1918 = ORIENTED_EDGE ( 'NONE', *, *, #2581, .F. ) ;
#1919 = FACE_OUTER_BOUND ( 'NONE', #2238, .T. ) ;
#1920 = ORIENTED_EDGE ( 'NONE', *, *, #3689, .F. ) ;
#1921 = CARTESIAN_POINT ( 'NONE',  ( -1.015648914877120834, 1.190000000000000391, -0.4218256713956846649 ) ) ;
#1922 = ADVANCED_FACE ( 'NONE', ( #8276 ), #5607, .T. ) ;
#1923 = CARTESIAN_POINT ( 'NONE',  ( -1.050259605638594662, 1.190100000000000380, -0.3129201241279265244 ) ) ;
#1924 = CARTESIAN_POINT ( 'NONE',  ( 0.2527983826388012778, 1.190100000000000380, -0.5031792582834291316 ) ) ;
#1925 = ORIENTED_EDGE ( 'NONE', *, *, #7148, .F. ) ;
#1926 = DIRECTION ( 'NONE',  ( 0.0000000000000000000, -1.000000000000000000, 0.0000000000000000000 ) ) ;
#1927 = CARTESIAN_POINT ( 'NONE',  ( -0.7548017790560135332, 1.190000000000000169, -0.6755910681886596603 ) ) ;
#1928 = CARTESIAN_POINT ( 'NONE',  ( -1.238161945454521851, 1.190099999999999936, -0.3259713742320922147 ) ) ;
#1929 = CYLINDRICAL_SURFACE ( 'NONE', #6108, 0.1499999999999999667 ) ;
#1930 = PLANE ( 'NONE',  #795 ) ;
#1931 = ADVANCED_FACE ( 'NONE', ( #4555 ), #2974, .T. ) ;
#1932 = EDGE_CURVE ( 'NONE', #581, #5203, #8323, .T. ) ;
#1933 = VERTEX_POINT ( 'NONE', #7548 ) ;
#1934 = CARTESIAN_POINT ( 'NONE',  ( 0.4851895021508287886, 1.190099999999999936, -0.6746917532694934883 ) ) ;
#1935 = VERTEX_POINT ( 'NONE', #8430 ) ;
#1936 = CARTESIAN_POINT ( 'NONE',  ( 0.9437629473529510760, 1.189999999999999947, 0.2337910404434676848 ) ) ;
#1937 = ORIENTED_EDGE ( 'NONE', *, *, #6771, .T. ) ;
#1938 = CARTESIAN_POINT ( 'NONE',  ( 0.7708421610838273041, 1.189999999999999947, 0.1074544350406062970 ) ) ;
#1939 = DIRECTION ( 'NONE',  ( 1.000000000000000000, 0.0000000000000000000, 0.0000000000000000000 ) ) ;
#1940 = LINE ( 'NONE', #6770, #1330 ) ;
#1941 = ORIENTED_EDGE ( 'NONE', *, *, #9153, .T. ) ;
#1942 = DIRECTION ( 'NONE',  ( -0.0000000000000000000, -1.000000000000000000, -0.0000000000000000000 ) ) ;
#1943 = CARTESIAN_POINT ( 'NONE',  ( 0.9417798243983067641, 1.190000000000000391, 0.2032510338552387663 ) ) ;
#1944 = LINE ( 'NONE', #1221, #9173 ) ;
#1945 = EDGE_LOOP ( 'NONE', ( #3355, #3024, #7592, #9180 ) ) ;
#1946 = ORIENTED_EDGE ( 'NONE', *, *, #10092, .T. ) ;
#1947 = LINE ( 'NONE', #8006, #1121 ) ;
#1948 = CIRCLE ( 'NONE', #8184, 0.05000000000000034972 ) ;
#1949 = DIRECTION ( 'NONE',  ( -0.1391731009600657432, 0.9902680687415702510, 0.0000000000000000000 ) ) ;
#1950 = DIRECTION ( 'NONE',  ( 0.0000000000000000000, 1.000000000000000000, 0.0000000000000000000 ) ) ;
#1951 = AXIS2_PLACEMENT_3D ( 'NONE', #3109, #6252, #6860 ) ;
#1952 = CARTESIAN_POINT ( 'NONE',  ( -0.6972003596234208622, 1.190099999999999936, -0.7080966014211549364 ) ) ;
#1953 = CARTESIAN_POINT ( 'NONE',  ( -1.231165755494427749, 1.190100000000000158, -0.3812753401264811215 ) ) ;
#1954 = CARTESIAN_POINT ( 'NONE',  ( -0.6109079793970793038, 1.190000000000000169, -0.6085321008299042767 ) ) ;
#1955 = CARTESIAN_POINT ( 'NONE',  ( -0.8657017840963107114, 1.190100000000000158, -0.5938897886605114529 ) ) ;
#1956 = CARTESIAN_POINT ( 'NONE',  ( 0.3459883729163320543, 1.190099999999999714, -0.4442195115368524072 ) ) ;
#1957 = AXIS2_PLACEMENT_3D ( 'NONE', #1439, #519, #2983 ) ;
#1958 = CARTESIAN_POINT ( 'NONE',  ( 0.6615613567999566458, 1.190000000000000169, -0.3892439558824909995 ) ) ;
#1959 = CARTESIAN_POINT ( 'NONE',  ( 0.4136441289302948965, 1.190000000000000169, -0.6316471341670061301 ) ) ;
#1960 = CARTESIAN_POINT ( 'NONE',  ( -1.030382088789906669, 1.189999999999999503, -0.6860069170012083051 ) ) ;
#1961 = DIRECTION ( 'NONE',  ( -0.0000000000000000000, -1.000000000000000000, -0.0000000000000000000 ) ) ;
#1962 = DIRECTION ( 'NONE',  ( 1.000000000000000000, -0.0000000000000000000, -0.0000000000000000000 ) ) ;
#1963 = ORIENTED_EDGE ( 'NONE', *, *, #5298, .T. ) ;
#1964 = MECHANICAL_DESIGN_GEOMETRIC_PRESENTATION_REPRESENTATION (  '', ( #6389 ), #8682 ) ;
#1965 = CARTESIAN_POINT ( 'NONE',  ( -0.9247628703680533802, 1.190099999999999936, 0.3612204606816319385 ) ) ;
#1966 = CARTESIAN_POINT ( 'NONE',  ( 0.8594441944765390806, 1.190100000000000158, 0.1501835174487459179 ) ) ;
#1967 = ADVANCED_FACE ( 'NONE', ( #6006 ), #607, .T. ) ;
#1968 = CARTESIAN_POINT ( 'NONE',  ( 0.6458895466613413516, 1.190099999999999936, -0.6129314406264538828 ) ) ;
#1969 = CARTESIAN_POINT ( 'NONE',  ( -1.004497244559573010, 1.190100000000000158, -0.5658904893817341408 ) ) ;
#1970 = DIRECTION ( 'NONE',  ( -0.5144957554275263467, 0.0000000000000000000, 0.8574929257125443183 ) ) ;
#1971 = ORIENTED_EDGE ( 'NONE', *, *, #729, .F. ) ;
#1972 = CARTESIAN_POINT ( 'NONE',  ( 0.3974650955533865493, 1.190000000000000169, -0.3869205511655111063 ) ) ;
#1973 = VECTOR ( 'NONE', #5937, 1000.000000000000227 ) ;
#1974 = B_SPLINE_CURVE_WITH_KNOTS ( 'NONE', 3,
 ( #420, #2121, #9211, #3707, #8391, #2735, #2937 ),
 .UNSPECIFIED., .F., .F.,
 ( 4, 1, 1, 1, 4 ),
 ( 0.0000000000000000000, 0.2750683690187429309, 0.5329014600899372178, 0.7739734595924444571, 0.9999999999999998890 ),
 .UNSPECIFIED. ) ;
#1975 = CARTESIAN_POINT ( 'NONE',  ( -0.9724044252130382704, 1.190000000000000835, -0.4002311823457881945 ) ) ;
#1976 = VECTOR ( 'NONE', #4483, 1000.000000000000000 ) ;
#1977 = CARTESIAN_POINT ( 'NONE',  ( 0.5063863415331362194, 1.190000000000000169, -0.5474666970367103591 ) ) ;
#1978 = VERTEX_POINT ( 'NONE', #5180 ) ;
#1979 = CARTESIAN_POINT ( 'NONE',  ( 2.999999999999999556, -0.1000000000000014766, 1.899999999999999911 ) ) ;
#1980 = EDGE_CURVE ( 'NONE', #3795, #1978, #1387, .T. ) ;
#1981 = COLOUR_RGB ( '',0.2509803921568627416, 0.2509803921568627416, 0.2509803921568627416 ) ;
#1982 = CARTESIAN_POINT ( 'NONE',  ( -0.7281796666249341632, 1.190000000000000169, -0.6724741553501637492 ) ) ;
#1983 = DIRECTION ( 'NONE',  ( -0.0000000000000000000, -1.000000000000000000, -0.0000000000000000000 ) ) ;
#1984 =( GEOMETRIC_REPRESENTATION_CONTEXT ( 3 ) GLOBAL_UNCERTAINTY_ASSIGNED_CONTEXT ( ( #4151 ) ) GLOBAL_UNIT_ASSIGNED_CONTEXT ( ( #3468, #9012, #2699 ) ) REPRESENTATION_CONTEXT ( 'NONE', 'WORKASPACE' ) );
#1985 = CARTESIAN_POINT ( 'NONE',  ( 0.8029113776993449525, 1.189999999999999947, 0.3303552213557383044 ) ) ;
#1986 = CARTESIAN_POINT ( 'NONE',  ( -1.257232551511695329, 1.189999999999999947, -0.6578406465763639854 ) ) ;
#1987 = CARTESIAN_POINT ( 'NONE',  ( 0.9044221026899000870, 1.190100000000000158, 0.2016372320007536467 ) ) ;
#1988 = VECTOR ( 'NONE', #2599, 1000.000000000000000 ) ;
#1989 = EDGE_LOOP ( 'NONE', ( #696, #2604, #1064, #5979 ) ) ;
#1990 = VECTOR ( 'NONE', #1942, 1000.000000000000000 ) ;
#1991 = CARTESIAN_POINT ( 'NONE',  ( 0.7923966482633143515, 1.190099999999999936, 0.002246101707272939348 ) ) ;
#1992 = ORIENTED_EDGE ( 'NONE', *, *, #1460, .T. ) ;
#1993 = EDGE_CURVE ( 'NONE', #8401, #3808, #2010, .T. ) ;
#1994 = EDGE_CURVE ( 'NONE', #1581, #9175, #9137, .T. ) ;
#1995 = CARTESIAN_POINT ( 'NONE',  ( 0.2091407460191198608, 1.190099999999999714, -0.3549124337488545056 ) ) ;
#1996 = FACE_OUTER_BOUND ( 'NONE', #2653, .T. ) ;
#1997 = VECTOR ( 'NONE', #9781, 1000.000000000000000 ) ;
#1998 = VERTEX_POINT ( 'NONE', #10007 ) ;
#1999 = DIRECTION ( 'NONE',  ( 0.0000000000000000000, 0.0000000000000000000, -1.000000000000000000 ) ) ;
#2000 = VECTOR ( 'NONE', #1071, 1000.000000000000000 ) ;
#2001 = CARTESIAN_POINT ( 'NONE',  ( 0.7657727484424825537, 1.190099999999999936, 0.3214645811276056198 ) ) ;
#2002 =( NAMED_UNIT ( * ) SI_UNIT ( $, .STERADIAN. ) SOLID_ANGLE_UNIT ( ) );
#2003 = VERTEX_POINT ( 'NONE', #2105 ) ;
#2004 = ORIENTED_EDGE ( 'NONE', *, *, #1426, .F. ) ;
#2005 = ORIENTED_EDGE ( 'NONE', *, *, #9402, .T. ) ;
#2006 = CARTESIAN_POINT ( 'NONE',  ( -1.035050417348063911, 1.189999999999999725, -0.5379623133878463914 ) ) ;
#2007 = VECTOR ( 'NONE', #9787, 1000.000000000000000 ) ;
#2008 = CARTESIAN_POINT ( 'NONE',  ( -1.137019405784261306, 1.189999999999999725, -0.3372600557066522398 ) ) ;
#2009 = CARTESIAN_POINT ( 'NONE',  ( -0.4515463507745563487, 1.189999999999999947, -0.3346461842161974620 ) ) ;
#2010 = LINE ( 'NONE', #9093, #9898 ) ;
#2011 = CARTESIAN_POINT ( 'NONE',  ( -1.024279864883060887, 1.190000000000001279, -0.4545347560620714988 ) ) ;
#2012 = ORIENTED_EDGE ( 'NONE', *, *, #7194, .F. ) ;
#2013 = CARTESIAN_POINT ( 'NONE',  ( -0.6506881520372891359, 1.189999999999999947, -0.6811440364713281514 ) ) ;
#2014 = CARTESIAN_POINT ( 'NONE',  ( 0.6178804576245126023, 1.190100000000000158, -0.6758896127478227767 ) ) ;
#2015 = CARTESIAN_POINT ( 'NONE',  ( 0.1969204224957178950, 1.190000000000000391, -0.5326190639484756906 ) ) ;
#2016 = ORIENTED_EDGE ( 'NONE', *, *, #794, .T. ) ;
#2017 = AXIS2_PLACEMENT_3D ( 'NONE', #6241, #2950, #10090 ) ;
#2018 = CARTESIAN_POINT ( 'NONE',  ( -3.999999999999999112, 0.05000000000000000278, 1.600000000000000089 ) ) ;
#2019 = CARTESIAN_POINT ( 'NONE',  ( 0.5296815683778778316, 1.190099999999999714, -0.3386494039219682950 ) ) ;
#2020 = CARTESIAN_POINT ( 'NONE',  ( 0.6551835507048564544, 1.190000000000000169, -0.4690804586700862422 ) ) ;
#2021 = ORIENTED_EDGE ( 'NONE', *, *, #6106, .T. ) ;
#2022 = CARTESIAN_POINT ( 'NONE',  ( 0.5404273741684365584, 1.190099999999999492, -0.5029785811256255457 ) ) ;
#2023 = CARTESIAN_POINT ( 'NONE',  ( 0.9015165164102473261, 1.190099999999999714, 0.1933956052611005838 ) ) ;
#2024 = CARTESIAN_POINT ( 'NONE',  ( 0.05724616082972434905, 1.189999999999999725, -0.3790779845842808249 ) ) ;
#2025 = CARTESIAN_POINT ( 'NONE',  ( 0.1930321997604700357, 1.190100000000000158, -0.4872608226491326744 ) ) ;
#2026 = DIRECTION ( 'NONE',  ( 1.000000000000000000, -0.0000000000000000000, -0.0000000000000000000 ) ) ;
#2027 = ORIENTED_EDGE ( 'NONE', *, *, #8578, .T. ) ;
#2028 = CARTESIAN_POINT ( 'NONE',  ( 0.3434967506041724516, 1.190000000000000169, -0.4280222440508231196 ) ) ;
#2029 =( GEOMETRIC_REPRESENTATION_CONTEXT ( 3 ) GLOBAL_UNCERTAINTY_ASSIGNED_CONTEXT ( ( #9494 ) ) GLOBAL_UNIT_ASSIGNED_CONTEXT ( ( #10061, #6263, #9297 ) ) REPRESENTATION_CONTEXT ( 'NONE', 'WORKASPACE' ) );
#2030 = CARTESIAN_POINT ( 'NONE',  ( -1.111453344001612331, 1.190099999999999492, -0.2971264481553002601 ) ) ;
#2031 = EDGE_CURVE ( 'NONE', #8780, #7745, #8473, .T. ) ;
#2032 = CARTESIAN_POINT ( 'NONE',  ( 0.2867473547633833109, 1.190100000000000158, -0.4540951466512406220 ) ) ;
#2033 = ORIENTED_EDGE ( 'NONE', *, *, #5249, .F. ) ;
#2034 = DIRECTION ( 'NONE',  ( 0.0000000000000000000, -1.000000000000000000, 0.0000000000000000000 ) ) ;
#2035 = CARTESIAN_POINT ( 'NONE',  ( -0.8202162225694281661, 1.190099999999999936, -0.3474666970367102370 ) ) ;
#2036 = ORIENTED_EDGE ( 'NONE', *, *, #4218, .F. ) ;
#2037 = CARTESIAN_POINT ( 'NONE',  ( -1.191206331356498227, 1.190100000000000158, -0.6607465332272025593 ) ) ;
#2038 = CARTESIAN_POINT ( 'NONE',  ( -0.8202162225694281661, 1.190099999999999936, -0.3474666970367102370 ) ) ;
#2039 = FACE_BOUND ( 'NONE', #7577, .T. ) ;
#2040 = CARTESIAN_POINT ( 'NONE',  ( -2.999999999999999556, -1.039055794130319565, -0.1847210300676126182 ) ) ;
#2041 = LINE ( 'NONE', #6661, #1973 ) ;
#2042 = EDGE_CURVE ( 'NONE', #1182, #5320, #4514, .T. ) ;
#2043 = VERTEX_POINT ( 'NONE', #9249 ) ;
#2044 = CARTESIAN_POINT ( 'NONE',  ( -0.9732389307540405543, 1.190099999999999936, -0.4537822391715916615 ) ) ;
#2045 = CARTESIAN_POINT ( 'NONE',  ( 0.6202485210203155797, 1.189999999999999947, -0.4222263124213256336 ) ) ;
#2046 = CARTESIAN_POINT ( 'NONE',  ( -3.839783448439272551, -1.189999999999999947, 1.439783448439273306 ) ) ;
#2047 = SURFACE_STYLE_FILL_AREA ( #7380 ) ;
#2048 = ORIENTED_EDGE ( 'NONE', *, *, #2042, .T. ) ;
#2049 =( NAMED_UNIT ( * ) SI_UNIT ( $, .STERADIAN. ) SOLID_ANGLE_UNIT ( ) );
#2050 = CARTESIAN_POINT ( 'NONE',  ( 0.9351585296417637139, 1.190100000000000380, 0.1783148354595111285 ) ) ;
#2051 = CARTESIAN_POINT ( 'NONE',  ( -1.161942357547540716, 1.190099999999999936, 0.3099384093995806166 ) ) ;
#2052 = EDGE_CURVE ( 'NONE', #8567, #4738, #10045, .T. ) ;
#2053 = ORIENTED_EDGE ( 'NONE', *, *, #5298, .F. ) ;
#2054 = ORIENTED_EDGE ( 'NONE', *, *, #4184, .F. ) ;
#2055 = CARTESIAN_POINT ( 'NONE',  ( 0.8003501301757358632, 1.190099999999999936, 0.3713979180255666535 ) ) ;
#2056 = CARTESIAN_POINT ( 'NONE',  ( -0.9284694276976332983, 1.190099999999999936, -0.3064410560110692461 ) ) ;
#2057 = CARTESIAN_POINT ( 'NONE',  ( 0.2874326665772076739, 1.190099999999999936, -0.3859849535249019747 ) ) ;
#2058 = CARTESIAN_POINT ( 'NONE',  ( -0.5283311944536215332, 1.189999999999999947, -0.3369061383883268923 ) ) ;
#2059 = CARTESIAN_POINT ( 'NONE',  ( -0.5258853412338289068, 1.190099999999999936, -0.3477027663000558100 ) ) ;
#2060 = CARTESIAN_POINT ( 'NONE',  ( -1.239575197595643496, 1.190099999999999936, -0.3964495747209246801 ) ) ;
#2061 = ORIENTED_EDGE ( 'NONE', *, *, #4380, .F. ) ;
#2062 = CARTESIAN_POINT ( 'NONE',  ( 0.4853831878270535860, 1.189999999999999947, -0.2965677660850583042 ) ) ;
#2063 = CARTESIAN_POINT ( 'NONE',  ( 0.6456826029071071060, 1.190099999999999936, -0.6173623326692406765 ) ) ;
#2064 = CARTESIAN_POINT ( 'NONE',  ( 0.2321533479912955278, 1.190000000000000391, -0.5181828625855683379 ) ) ;
#2065 = ORIENTED_EDGE ( 'NONE', *, *, #4, .F. ) ;
#2066 = EDGE_CURVE ( 'NONE', #3461, #336, #1629, .T. ) ;
#2067 = CARTESIAN_POINT ( 'NONE',  ( -0.6053925046207102589, 1.189999999999999947, -0.3064410560110692461 ) ) ;
#2068 = EDGE_CURVE ( 'NONE', #3335, #2306, #868, .T. ) ;
#2069 = CARTESIAN_POINT ( 'NONE',  ( 0.5042228799946745221, 1.190099999999999936, -0.2961846457546589706 ) ) ;
#2070 = CARTESIAN_POINT ( 'NONE',  ( 0.6664023671741616806, 1.190099999999999936, -0.4229474662674794772 ) ) ;
#2071 = CARTESIAN_POINT ( 'NONE',  ( -1.015648914877120834, 1.190000000000000169, -0.4218256713956846649 ) ) ;
#2072 = CARTESIAN_POINT ( 'NONE',  ( 0.5997357005074950287, 1.190000000000000169, -0.6142936201136333096 ) ) ;
#2073 = DIRECTION ( 'NONE',  ( 0.8574929257125443183, -0.0000000000000000000, 0.5144957554275264577 ) ) ;
#2074 = CARTESIAN_POINT ( 'NONE',  ( 0.2919783384080347766, 1.190099999999999714, -0.4158670107708125063 ) ) ;
#2075 = PLANE ( 'NONE',  #8208 ) ;
#2076 = ORIENTED_EDGE ( 'NONE', *, *, #3415, .T. ) ;
#2077 = CARTESIAN_POINT ( 'NONE',  ( 0.9076566540449871878, 1.190099999999999936, 0.2395447639212312518 ) ) ;
#2078 = SURFACE_SIDE_STYLE ('',( #2995 ) ) ;
#2079 = B_SPLINE_CURVE_WITH_KNOTS ( 'NONE', 3,
 ( #7420, #6603, #5866, #1151, #4229, #3517, #3463, #4343, #3172, #5766, #5820, #1877, #5108, #378, #7363 ),
 .UNSPECIFIED., .F., .F.,
 ( 4, 1, 1, 1, 1, 1, 1, 1, 1, 1, 1, 1, 4 ),
 ( 0.0000000000000000000, 0.1140913523990289835, 0.2190328984669202006, 0.3144706496804023921, 0.4011753789115323210, 0.4788180200727843450, 0.5470772481369809981, 0.6067850671568066900, 0.6576765714182377653, 0.7476816539704863596, 0.8336349133073475137, 0.9166252513215905617, 1.000000000000000000 ),
 .UNSPECIFIED. ) ;
#2080 = CARTESIAN_POINT ( 'NONE',  ( -1.277187376415582110, 1.189999999999999947, -0.6141333637033769000 ) ) ;
#2081 = VERTEX_POINT ( 'NONE', #3883 ) ;
#2082 =( NAMED_UNIT ( * ) PLANE_ANGLE_UNIT ( ) SI_UNIT ( $, .RADIAN. ) );
#2083 = CARTESIAN_POINT ( 'NONE',  ( 2.999999999999999556, -1.279882393104615934, 1.741248333264124648 ) ) ;
#2084 = CARTESIAN_POINT ( 'NONE',  ( -0.7281796666249341632, 1.190100000000000158, -0.6724741553501637492 ) ) ;
#2085 = CARTESIAN_POINT ( 'NONE',  ( -0.9748810642038279184, 1.190100000000000158, -0.3920838255074528544 ) ) ;
#2086 = DIRECTION ( 'NONE',  ( -1.000000000000000000, 0.0000000000000000000, -0.0000000000000000000 ) ) ;
#2087 = DIRECTION ( 'NONE',  ( -1.000000000000000000, -0.0000000000000000000, 1.355252715606880296E-16 ) ) ;
#2088 = DIRECTION ( 'NONE',  ( 0.0000000000000000000, 0.0000000000000000000, -1.000000000000000000 ) ) ;
#2089 = B_SPLINE_SURFACE_WITH_KNOTS ( 'NONE', 3, 1, ( 
 ( #5004, #3412 ),
 ( #8253, #1210 ),
 ( #5985, #9789 ),
 ( #1104, #1827 ),
 ( #4953, #7368 ),
 ( #4348, #1986 ),
 ( #9842, #2802 ),
 ( #1156, #4292 ),
 ( #383, #8684 ),
 ( #7869, #3676 ),
 ( #1367, #722 ),
 ( #6809, #8350 ),
 ( #9168, #96 ),
 ( #7819, #4631 ),
 ( #6987, #6035 ),
 ( #2136, #7921 ),
 ( #3239, #9411 ),
 ( #1313, #7777 ),
 ( #3899, #6226 ) ),
 .UNSPECIFIED., .F., .F., .F.,
 ( 4, 1, 1, 1, 1, 1, 1, 1, 1, 1, 1, 1, 1, 1, 1, 1, 4 ),
 ( 2, 2 ),
 ( 0.0000000000000000000, 0.06577319762277859805, 0.1290598121103704865, 0.1908812374763873831, 0.2517072210927367437, 0.3115969643873597872, 0.3712956527229747117, 0.4316105269046294213, 0.4925009926588960751, 0.5540339805633730519, 0.6151117734399524917, 0.6763108077196844370, 0.7383814090217063475, 0.8015866720098316911, 0.8659878809164602842, 0.9318948542236250576, 0.9999999999999998890 ),
 ( 0.0000000000000000000, 1.000000000000000000 ),
 .UNSPECIFIED. ) ;
#2090 = ORIENTED_EDGE ( 'NONE', *, *, #8413, .F. ) ;
#2091 = CARTESIAN_POINT ( 'NONE',  ( -4.000000000000000000, 0.8149999999999998357, 0.7499999999999986677 ) ) ;
#2092 = EDGE_CURVE ( 'NONE', #5589, #9864, #5372, .T. ) ;
#2093 = CARTESIAN_POINT ( 'NONE',  ( -1.203857425864132802, 1.190099999999999936, -0.3076706205556247187 ) ) ;
#2094 = EDGE_LOOP ( 'NONE', ( #5951, #5717, #6505, #7414 ) ) ;
#2095 = DIRECTION ( 'NONE',  ( -1.000000000000000000, 0.0000000000000000000, 0.0000000000000000000 ) ) ;
#2096 = CARTESIAN_POINT ( 'NONE',  ( 0.9391338821304431317, 1.190099999999999714, 0.1904244529921250983 ) ) ;
#2097 = CARTESIAN_POINT ( 'NONE',  ( 0.3895999768846409861, 1.190000000000000169, -0.4213508354522996213 ) ) ;
#2098 = VERTEX_POINT ( 'NONE', #8519 ) ;
#2099 = CARTESIAN_POINT ( 'NONE',  ( -0.9695486265100525802, 1.189999999999999947, -0.4224630332796583398 ) ) ;
#2100 = UNCERTAINTY_MEASURE_WITH_UNIT (LENGTH_MEASURE( 1.000000000000000082E-05 ), #9975, 'distance_accuracy_value', 'NONE');
#2101 = DIRECTION ( 'NONE',  ( 1.000000000000000000, -0.0000000000000000000, -0.0000000000000000000 ) ) ;
#2102 = CARTESIAN_POINT ( 'NONE',  ( -1.137019405784261306, 1.190099999999999936, -0.3372600557066522398 ) ) ;
#2103 = CARTESIAN_POINT ( 'NONE',  ( -0.8669309661591718674, 1.189999999999999947, -0.5833641329341461290 ) ) ;
#2104 = EDGE_CURVE ( 'NONE', #7837, #1256, #9307, .T. ) ;
#2105 = CARTESIAN_POINT ( 'NONE',  ( 0.7708421610838271931, 1.190099999999999936, 0.1074544350406062831 ) ) ;
#2106 = CARTESIAN_POINT ( 'NONE',  ( -1.216131502559945510, 1.190100000000000158, -0.3633141799007673645 ) ) ;
#2107 = CARTESIAN_POINT ( 'NONE',  ( 0.4203285750596896242, 1.190000000000000391, -0.3109209301944642623 ) ) ;
#2108 = CARTESIAN_POINT ( 'NONE',  ( -0.8665149202720981991, 1.190099999999999936, -0.5869267913116329449 ) ) ;
#2109 = CARTESIAN_POINT ( 'NONE',  ( 0.2920433928151873748, 1.190099999999999936, -0.4187006713956846204 ) ) ;
#2110 = CARTESIAN_POINT ( 'NONE',  ( -1.133998273851479555, 1.190099999999999936, -0.2961846457546589706 ) ) ;
#2111 = FILL_AREA_STYLE_COLOUR ( '', #9999 ) ;
#2112 = CARTESIAN_POINT ( 'NONE',  ( 0.1997357005074950342, 1.189999999999999947, -0.7166974662674795438 ) ) ;
#2113 = CARTESIAN_POINT ( 'NONE',  ( -4.000000000000000888, -0.05000000000000000278, -1.599999999999997868 ) ) ;
#2114 = CARTESIAN_POINT ( 'NONE',  ( 0.5787711867474394367, 1.190099999999999714, -0.4869169078132515871 ) ) ;
#2115 = CARTESIAN_POINT ( 'NONE',  ( 0.5530179558497507752, 1.190099999999999936, -0.5564617301757828205 ) ) ;
#2116 = ADVANCED_FACE ( 'NONE', ( #4031, #6208, #3220, #7019, #1476 ), #1532, .T. ) ;
#2117 = CARTESIAN_POINT ( 'NONE',  ( 2.999999999999999556, -1.239228125389295609, 0.9412483332641250477 ) ) ;
#2118 = CARTESIAN_POINT ( 'NONE',  ( 0.2909289383739553370, 1.190099999999999936, -0.4019678075524202310 ) ) ;
#2119 = EDGE_CURVE ( 'NONE', #3348, #1097, #598, .T. ) ;
#2120 = VECTOR ( 'NONE', #1690, 1000.000000000000000 ) ;
#2121 = CARTESIAN_POINT ( 'NONE',  ( 0.7750771181551037170, 1.190000000000000169, 0.1062852611194339270 ) ) ;
#2122 = VECTOR ( 'NONE', #3842, 1000.000000000000114 ) ;
#2123 = CARTESIAN_POINT ( 'NONE',  ( -2.999999999999999556, 0.0000000000000000000, 1.899999999999999911 ) ) ;
#2124 = B_SPLINE_CURVE_WITH_KNOTS ( 'NONE', 3,
 ( #7566, #8183, #524, #2784, #9051, #9106, #9972, #5812, #2889, #3607, #1142, #9777, #2025, #6747, #8293, #4336, #5242, #9878, #1197 ),
 .UNSPECIFIED., .F., .F.,
 ( 4, 1, 1, 1, 1, 1, 1, 1, 1, 1, 1, 1, 1, 1, 1, 1, 4 ),
 ( 0.0000000000000000000, 0.05779577049283209783, 0.1134998367032315214, 0.1689794396787515085, 0.2246892494645865157, 0.2815361113536715143, 0.3396851060392574451, 0.4009136629118411621, 0.4650890983405024381, 0.5307139505601041751, 0.5954181803569116305, 0.6601817219649332991, 0.7255256289017628646, 0.7912600893762677945, 0.8587074661624890526, 0.9281071256061157460, 1.000000000000000000 ),
 .UNSPECIFIED. ) ;
#2125 = CARTESIAN_POINT ( 'NONE',  ( 0.04991083949027355637, 1.190100000000000158, -0.4400728724974801165 ) ) ;
#2126 = ORIENTED_EDGE ( 'NONE', *, *, #6074, .T. ) ;
#2127 = AXIS2_PLACEMENT_3D ( 'NONE', #1692, #10163, #1740 ) ;
#2128 = DIRECTION ( 'NONE',  ( -0.7831108474982929613, 0.0000000000000000000, 0.6218821436015873338 ) ) ;
#2129 = ORIENTED_EDGE ( 'NONE', *, *, #2066, .T. ) ;
#2130 = CARTESIAN_POINT ( 'NONE',  ( 2.999999999999999556, 0.0000000000000000000, 1.899999999999999911 ) ) ;
#2131 = DIRECTION ( 'NONE',  ( 0.0000000000000000000, -0.0000000000000000000, -1.000000000000000000 ) ) ;
#2132 = CARTESIAN_POINT ( 'NONE',  ( 0.7923966482633143515, 1.189999999999999947, 0.002246101707272939348 ) ) ;
#2133 = CARTESIAN_POINT ( 'NONE',  ( -1.122633820878889965, 1.190100000000000158, -0.2963014082214268097 ) ) ;
#2134 = VECTOR ( 'NONE', #9910, 1000.000000000000000 ) ;
#2135 = SURFACE_STYLE_USAGE ( .BOTH. , #9986 ) ;
#2136 = CARTESIAN_POINT ( 'NONE',  ( -1.157800276065258815, 1.190099999999999714, -0.7151559437752549320 ) ) ;
#2137 = FILL_AREA_STYLE ('',( #1459 ) ) ;
#2138 = ORIENTED_EDGE ( 'NONE', *, *, #5310, .T. ) ;
#2139 = EDGE_LOOP ( 'NONE', ( #5884, #754, #515, #749 ) ) ;
#2140 = PRESENTATION_LAYER_ASSIGNMENT (  '', '', ( #5901 ) ) ;
#2141 = LINE ( 'NONE', #3207, #8196 ) ;
#2142 = CARTESIAN_POINT ( 'NONE',  ( -1.203857425864132802, 1.189999999999999725, -0.3076706205556247187 ) ) ;
#2143 = ORIENTED_EDGE ( 'NONE', *, *, #9257, .F. ) ;
#2144 = CARTESIAN_POINT ( 'NONE',  ( -2.999999999999999556, -1.230654267715320715, 1.749999999999999778 ) ) ;
#2145 = CARTESIAN_POINT ( 'NONE',  ( 0.8029113776993449525, 1.190099999999999936, 0.3303552213557383044 ) ) ;
#2146 = CARTESIAN_POINT ( 'NONE',  ( 0.09068338676620789351, 1.189999999999999947, -0.4832274389626338706 ) ) ;
#2147 = MECHANICAL_DESIGN_GEOMETRIC_PRESENTATION_REPRESENTATION (  '', ( #8373 ), #7055 ) ;
#2148 = VECTOR ( 'NONE', #3820, 1000.000000000000000 ) ;
#2149 = EDGE_LOOP ( 'NONE', ( #6815, #7012, #1416, #8423 ) ) ;
#2150 = CARTESIAN_POINT ( 'NONE',  ( 0.6871072896527210538, 1.190099999999999936, 0.2823918394307717850 ) ) ;
#2151 = EDGE_CURVE ( 'NONE', #3474, #8823, #1838, .T. ) ;
#2152 = LINE ( 'NONE', #8367, #5889 ) ;
#2153 = CARTESIAN_POINT ( 'NONE',  ( 0.2441828244786959923, 1.190000000000000613, -0.4325056048084938709 ) ) ;
#2154 = AXIS2_PLACEMENT_3D ( 'NONE', #3706, #8335, #5038 ) ;
#2155 = DIRECTION ( 'NONE',  ( 0.0000000000000000000, 4.445228907190556820E-14, -1.000000000000000000 ) ) ;
#2156 = AXIS2_PLACEMENT_3D ( 'NONE', #2170, #8331, #6124 ) ;
#2157 = CARTESIAN_POINT ( 'NONE',  ( -0.4900078892360948957, 1.189999999999999725, -0.3679795175495307880 ) ) ;
#2158 = CARTESIAN_POINT ( 'NONE',  ( 0.5032322007563285737, 1.190100000000000158, -0.5475272045053151126 ) ) ;
#2159 = VERTEX_POINT ( 'NONE', #7998 ) ;
#2160 = DIRECTION ( 'NONE',  ( -1.000000000000000000, 0.0000000000000000000, 0.0000000000000000000 ) ) ;
#2161 = FACE_OUTER_BOUND ( 'NONE', #8746, .T. ) ;
#2162 = CARTESIAN_POINT ( 'NONE',  ( 1.451531263647929615, 1.190099999999999936, 0.3612204606816319385 ) ) ;
#2163 = ORIENTED_EDGE ( 'NONE', *, *, #6040, .T. ) ;
#2164 = CARTESIAN_POINT ( 'NONE',  ( 0.6660888599064980209, 1.190000000000000391, -0.4114593904570667537 ) ) ;
#2165 = SURFACE_STYLE_USAGE ( .BOTH. , #517 ) ;
#2166 = VECTOR ( 'NONE', #3021, 1000.000000000000000 ) ;
#2167 = DIRECTION ( 'NONE',  ( 1.000000000000000000, -0.0000000000000000000, -0.0000000000000000000 ) ) ;
#2168 = ADVANCED_FACE ( 'NONE', ( #8970 ), #1165, .T. ) ;
#2169 = LINE ( 'NONE', #2262, #9004 ) ;
#2170 = CARTESIAN_POINT ( 'NONE',  ( 1.533069033840828377, 1.190099999999999936, -0.5987487483187616810 ) ) ;
#2171 = CARTESIAN_POINT ( 'NONE',  ( 0.0000000000000000000, -1.189999999999999947, 1.235659872050661523 ) ) ;
#2172 = CARTESIAN_POINT ( 'NONE',  ( -1.015648914877120834, 1.190000000000000169, -0.4218256713956846649 ) ) ;
#2173 = CARTESIAN_POINT ( 'NONE',  ( 0.2565537178033873156, 1.190099999999999936, -0.3372655061846300262 ) ) ;
#2174 = VECTOR ( 'NONE', #2236, 1000.000000000000000 ) ;
#2175 = CARTESIAN_POINT ( 'NONE',  ( 0.2920433928151873748, 1.190099999999999936, -0.4187006713956846204 ) ) ;
#2176 = VERTEX_POINT ( 'NONE', #5832 ) ;
#2177 = CARTESIAN_POINT ( 'NONE',  ( 0.8781476332960452824, 1.190100000000000158, 0.3015735410635460578 ) ) ;
#2178 = ORIENTED_EDGE ( 'NONE', *, *, #6187, .F. ) ;
#2179 = EDGE_CURVE ( 'NONE', #9490, #8645, #957, .T. ) ;
#2180 = EDGE_CURVE ( 'NONE', #2893, #5679, #1092, .T. ) ;
#2181 = VECTOR ( 'NONE', #4679, 1000.000000000000227 ) ;
#2182 = CARTESIAN_POINT ( 'NONE',  ( 0.6304248030715975393, 1.189999999999999947, -0.3400949021649153914 ) ) ;
#2183 = ORIENTED_EDGE ( 'NONE', *, *, #2989, .F. ) ;
#2184 = CARTESIAN_POINT ( 'NONE',  ( -0.9953838643335100045, 1.189999999999999947, -0.4937100182975333595 ) ) ;
#2185 = CARTESIAN_POINT ( 'NONE',  ( -1.161942357547540716, 1.190099999999999936, 0.3099384093995806166 ) ) ;
#2186 = CARTESIAN_POINT ( 'NONE',  ( -1.043582999853028381, 1.189999999999999947, -0.5284353115396406286 ) ) ;
#2187 = DIRECTION ( 'NONE',  ( 1.000000000000000000, 0.0000000000000000000, -0.0000000000000000000 ) ) ;
#2188 = CARTESIAN_POINT ( 'NONE',  ( 0.2895223328257683915, 1.189999999999999725, -0.3938677601561257902 ) ) ;
#2189 = VECTOR ( 'NONE', #1362, 1000.000000000000000 ) ;
#2190 = PLANE ( 'NONE',  #5943 ) ;
#2191 = CARTESIAN_POINT ( 'NONE',  ( 0.8220170129470976139, 1.189999999999999725, 0.1409432898073212370 ) ) ;
#2192 = EDGE_CURVE ( 'NONE', #7876, #31, #8774, .T. ) ;
#2193 = B_SPLINE_CURVE_WITH_KNOTS ( 'NONE', 3,
 ( #8037, #5707, #9679, #2538, #2644, #4126, #7364, #7264, #2696, #1824, #6498, #9628, #8095, #3409, #5610, #2489, #2586, #1718, #4181, #7309, #896, #8760, #268 ),
 .UNSPECIFIED., .F., .F.,
 ( 4, 1, 1, 1, 1, 1, 1, 1, 1, 1, 1, 1, 1, 1, 1, 1, 1, 1, 1, 1, 4 ),
 ( 0.0000000000000000000, 0.09144756337791651313, 0.1804708072296366816, 0.2685532274769094618, 0.3563342179524489062, 0.3997458896612632318, 0.4424110760329278413, 0.4844903636973602046, 0.5255508864585511919, 0.5663974580142130399, 0.6072082619872231080, 0.6479169559379931442, 0.6887420707044548118, 0.7295743389867886952, 0.7692290718979266639, 0.8079163568435204779, 0.8464750871248067909, 0.8848515953511769672, 0.9229282153595317340, 0.9613731580714119929, 1.000000000000000000 ),
 .UNSPECIFIED. ) ;
#2194 = ORIENTED_EDGE ( 'NONE', *, *, #3166, .T. ) ;
#2195 = CARTESIAN_POINT ( 'NONE',  ( 0.6202485210203155797, 1.190099999999999936, -0.4222263124213256336 ) ) ;
#2196 = DIRECTION ( 'NONE',  ( 5.421010862427526114E-16, -0.0000000000000000000, 1.000000000000000000 ) ) ;
#2197 = CARTESIAN_POINT ( 'NONE',  ( 0.8043357508274169287, 1.190099999999999936, 0.3714768709380422140 ) ) ;
#2198 = VERTEX_POINT ( 'NONE', #3373 ) ;
#2199 = LINE ( 'NONE', #8190, #836 ) ;
#2200 = CARTESIAN_POINT ( 'NONE',  ( -0.6105207097489153689, 1.190099999999999936, -0.5966654149854283551 ) ) ;
#2201 = CARTESIAN_POINT ( 'NONE',  ( 0.04617146759748009394, 1.189999999999999947, -0.4246285276130514208 ) ) ;
#2202 = EDGE_LOOP ( 'NONE', ( #5135, #6080, #9200, #5699 ) ) ;
#2203 = VERTEX_POINT ( 'NONE', #7168 ) ;
#2204 = CARTESIAN_POINT ( 'NONE',  ( 0.7141736716171704913, 1.190099999999999936, 0.3320543273344447877 ) ) ;
#2205 = FACE_OUTER_BOUND ( 'NONE', #4735, .T. ) ;
#2206 = CARTESIAN_POINT ( 'NONE',  ( -1.277187376415582110, 1.190099999999999936, -0.6141333637033769000 ) ) ;
#2207 = CARTESIAN_POINT ( 'NONE',  ( -0.8172372212857335061, 1.190000000000000391, -0.6621989519536980451 ) ) ;
#2208 = CARTESIAN_POINT ( 'NONE',  ( -0.5114512412051696044, 1.189999999999999503, -0.3627188289929719756 ) ) ;
#2209 = CARTESIAN_POINT ( 'NONE',  ( -3.839783448439272107, 1.189999999999999947, -0.2500000000000000000 ) ) ;
#2210 = ORIENTED_EDGE ( 'NONE', *, *, #8462, .T. ) ;
#2211 = CARTESIAN_POINT ( 'NONE',  ( 0.1130852790661194124, 1.189999999999999947, -0.5334824094335345324 ) ) ;
#2212 = CARTESIAN_POINT ( 'NONE',  ( 0.7710474662960193903, 1.189999999999999947, 0.1457855148344758267 ) ) ;
#2213 = CARTESIAN_POINT ( 'NONE',  ( 0.2381171107639051265, 1.189999999999999947, -0.6949827226777359757 ) ) ;
#2214 = CARTESIAN_POINT ( 'NONE',  ( 0.1246297624085387218, 1.190099999999999492, -0.2966997186027305888 ) ) ;
#2215 = CARTESIAN_POINT ( 'NONE',  ( 0.7493390023664131538, 1.190099999999999714, 0.3594019056475611373 ) ) ;
#2216 = CARTESIAN_POINT ( 'NONE',  ( 0.2419659485761470052, 1.189999999999999503, -0.4400842492758013647 ) ) ;
#2217 = CARTESIAN_POINT ( 'NONE',  ( -1.120428397348720351, 1.189999999999999725, -0.3374134675658244653 ) ) ;
#2218 = DIRECTION ( 'NONE',  ( 1.000000000000000000, -0.0000000000000000000, -0.0000000000000000000 ) ) ;
#2219 = CARTESIAN_POINT ( 'NONE',  ( 0.8150489343032172318, 1.190100000000000158, 0.1407876454215213624 ) ) ;
#2220 = CARTESIAN_POINT ( 'NONE',  ( -2.999999999999999556, -1.230654267715320715, 1.749999999999999778 ) ) ;
#2221 =( LENGTH_UNIT ( ) NAMED_UNIT ( * ) SI_UNIT ( .MILLI., .METRE. ) );
#2222 = CARTESIAN_POINT ( 'NONE',  ( 0.5108782782281270363, 1.190100000000000158, -0.2963294533136006104 ) ) ;
#2223 = EDGE_CURVE ( 'NONE', #2578, #1273, #6510, .T. ) ;
#2224 = CARTESIAN_POINT ( 'NONE',  ( 0.8165844403442772403, 1.190099999999999936, 0.3301727274762689679 ) ) ;
#2225 = CARTESIAN_POINT ( 'NONE',  ( 0.05725673501282008832, 1.190099999999999270, -0.4542906192137793342 ) ) ;
#2226 = ORIENTED_EDGE ( 'NONE', *, *, #1932, .F. ) ;
#2227 = LINE ( 'NONE', #1991, #476 ) ;
#2228 = CARTESIAN_POINT ( 'NONE',  ( 0.0000000000000000000, 1.190099999999999936, 0.0000000000000000000 ) ) ;
#2229 = ORIENTED_EDGE ( 'NONE', *, *, #5103, .T. ) ;
#2230 = LINE ( 'NONE', #3714, #7718 ) ;
#2231 = DIRECTION ( 'NONE',  ( 0.0000000000000000000, 0.0000000000000000000, -1.000000000000000000 ) ) ;
#2232 = CARTESIAN_POINT ( 'NONE',  ( -0.9247628703680533802, 1.190099999999999936, 0.1176307170918883399 ) ) ;
#2233 = FACE_OUTER_BOUND ( 'NONE', #8475, .T. ) ;
#2234 = EDGE_CURVE ( 'NONE', #5203, #3974, #8209, .T. ) ;
#2235 = CARTESIAN_POINT ( 'NONE',  ( 0.2775492641636610469, 1.189999999999999947, -0.3635563790967718534 ) ) ;
#2236 = DIRECTION ( 'NONE',  ( -0.0000000000000000000, -1.000000000000000000, -0.0000000000000000000 ) ) ;
#2237 = CARTESIAN_POINT ( 'NONE',  ( 0.8933192798328273287, 1.190099999999999492, 0.1782382906841596670 ) ) ;
#2238 = EDGE_LOOP ( 'NONE', ( #3835, #2632, #6784, #2400 ) ) ;
#2239 = CARTESIAN_POINT ( 'NONE',  ( 0.8838546492797115794, 1.190100000000000380, 0.3493313207844481183 ) ) ;
#2240 = ORIENTED_EDGE ( 'NONE', *, *, #7945, .T. ) ;
#2241 = CARTESIAN_POINT ( 'NONE',  ( 2.499999999999999556, -1.279882393104615934, 1.741248333264124648 ) ) ;
#2242 = ADVANCED_FACE ( 'NONE', ( #7217 ), #182, .F. ) ;
#2243 = ADVANCED_FACE ( 'NONE', ( #3479 ), #5357, .T. ) ;
#2244 = ORIENTED_EDGE ( 'NONE', *, *, #579, .T. ) ;
#2245 = CARTESIAN_POINT ( 'NONE',  ( -0.6252759645809127242, 1.189999999999999503, -0.5401500310048886755 ) ) ;
#2246 = CARTESIAN_POINT ( 'NONE',  ( 0.5923887725840591978, 1.189999999999999947, -0.6952781258454747704 ) ) ;
#2247 = ORIENTED_EDGE ( 'NONE', *, *, #7128, .T. ) ;
#2248 = CARTESIAN_POINT ( 'NONE',  ( 0.3894792902510847976, 1.190100000000000158, -0.4184602867803000059 ) ) ;
#2249 = DIRECTION ( 'NONE',  ( -0.6714748106132778505, 0.0000000000000000000, -0.7410273805412744830 ) ) ;
#2250 = EDGE_LOOP ( 'NONE', ( #8211, #4509, #9953, #1377, #496, #5252, #3428, #428, #8842, #5879, #1315, #1534, #9730 ) ) ;
#2251 = B_SPLINE_SURFACE_WITH_KNOTS ( 'NONE', 3, 1, ( 
 ( #494, #6666 ),
 ( #8311, #3578 ),
 ( #4353, #3629 ),
 ( #4302, #6768 ),
 ( #4455, #437 ),
 ( #5993, #6814 ),
 ( #2093, #2142 ),
 ( #5266, #3529 ),
 ( #8461, #9796 ),
 ( #2753, #3013 ),
 ( #10049, #2291 ),
 ( #7007, #4700 ),
 ( #6341, #3161 ),
 ( #9427, #6151 ),
 ( #3209, #7058 ),
 ( #2388, #844 ),
 ( #1566, #6195 ),
 ( #1616, #9286 ),
 ( #641, #1521 ) ),
 .UNSPECIFIED., .F., .F., .F.,
 ( 4, 1, 1, 1, 1, 1, 1, 1, 1, 1, 1, 1, 1, 1, 1, 1, 4 ),
 ( 2, 2 ),
 ( 0.0000000000000000000, 0.07052522675994805923, 0.1387106307714380538, 0.2042171689407192847, 0.2680141480567943546, 0.3297252549007307354, 0.3902290497160475491, 0.4503093646985909526, 0.5097852635380498709, 0.5686528787420789266, 0.6271593107460399219, 0.6858724052173036378, 0.7453540893686619873, 0.8056402377805095272, 0.8680962678426502599, 0.9325105389103325315, 0.9999999999999998890 ),
 ( 0.0000000000000000000, 1.000000000000000000 ),
 .UNSPECIFIED. ) ;
#2252 = CARTESIAN_POINT ( 'NONE',  ( 0.1930321997604700357, 1.190100000000000158, -0.4872608226491326744 ) ) ;
#2253 =( NAMED_UNIT ( * ) SI_UNIT ( $, .STERADIAN. ) SOLID_ANGLE_UNIT ( ) );
#2254 = PLANE ( 'NONE',  #5412 ) ;
#2255 = VERTEX_POINT ( 'NONE', #1216 ) ;
#2256 = DIRECTION ( 'NONE',  ( 0.0000000000000000000, 0.0000000000000000000, -1.000000000000000000 ) ) ;
#2257 = DIRECTION ( 'NONE',  ( 0.0000000000000000000, 0.0000000000000000000, -1.000000000000000000 ) ) ;
#2258 = CARTESIAN_POINT ( 'NONE',  ( -2.499999999999999556, -0.04999999999999934358, 1.600000000000000089 ) ) ;
#2259 = CARTESIAN_POINT ( 'NONE',  ( -0.0001972941811257460597, 1.190099999999999936, -0.4152794883326857422 ) ) ;
#2260 = CARTESIAN_POINT ( 'NONE',  ( -1.133998273851479555, 1.190099999999999936, -0.2961846457546589706 ) ) ;
#2261 = CARTESIAN_POINT ( 'NONE',  ( -1.028164221212555907, 1.190099999999999714, -0.3825548156132140276 ) ) ;
#2262 = CARTESIAN_POINT ( 'NONE',  ( 0.7643517764684425453, 1.190099999999999936, -0.03877953931836808366 ) ) ;
#2263 = ADVANCED_FACE ( 'NONE', ( #5881 ), #7484, .F. ) ;
#2264 = LINE ( 'NONE', #5583, #2321 ) ;
#2265 = DIRECTION ( 'NONE',  ( 0.0000000000000000000, 0.0000000000000000000, 1.000000000000000000 ) ) ;
#2266 = B_SPLINE_CURVE_WITH_KNOTS ( 'NONE', 3,
 ( #8808, #5559, #3317, #6344, #7207, #1619, #1000, #4896, #9475, #4129, #69, #7942, #6302, #4752, #5710, #5510, #8708, #898, #3211 ),
 .UNSPECIFIED., .F., .F.,
 ( 4, 1, 1, 1, 1, 1, 1, 1, 1, 1, 1, 1, 1, 1, 1, 1, 4 ),
 ( 0.0000000000000000000, 0.05274865138876265458, 0.1043840997940385373, 0.1566250526368101192, 0.2099615768443905961, 0.2652366339563042574, 0.3232086834841494949, 0.3845362024111925181, 0.4497761448742978452, 0.5168113241969634064, 0.5832173701001578392, 0.6499596918368474308, 0.7166061079006136314, 0.7851120838912150068, 0.8544686661248589443, 0.9261309590169276573, 1.000000000000000000 ),
 .UNSPECIFIED. ) ;
#2267 =( NAMED_UNIT ( * ) PLANE_ANGLE_UNIT ( ) SI_UNIT ( $, .RADIAN. ) );
#2268 = CARTESIAN_POINT ( 'NONE',  ( 0.4445880253220555467, 1.190099999999999936, -0.3473060344071209893 ) ) ;
#2269 = CARTESIAN_POINT ( 'NONE',  ( -1.043582999853028381, 1.189999999999999947, -0.5284353115396406286 ) ) ;
#2270 = CARTESIAN_POINT ( 'NONE',  ( 0.7290613472352520663, 1.190000000000000391, 0.2892824623837805254 ) ) ;
#2271 = EDGE_LOOP ( 'NONE', ( #7784, #3930, #6001, #1801, #3667, #6945, #2663, #4817, #265, #168, #7974, #984 ) ) ;
#2272 = DIRECTION ( 'NONE',  ( 1.000000000000000000, -0.0000000000000000000, -0.0000000000000000000 ) ) ;
#2273 = EDGE_CURVE ( 'NONE', #1885, #438, #6854, .T. ) ;
#2274 = VECTOR ( 'NONE', #3600, 1000.000000000000227 ) ;
#2275 = CARTESIAN_POINT ( 'NONE',  ( 0.6201577446863020260, 1.189999999999999725, -0.4194157750182719857 ) ) ;
#2276 = ORIENTED_EDGE ( 'NONE', *, *, #2370, .T. ) ;
#2277 = CARTESIAN_POINT ( 'NONE',  ( 0.3928924351251805724, 1.189999999999999947, -0.6761273133168078653 ) ) ;
#2278 = CARTESIAN_POINT ( 'NONE',  ( 0.6304248030715975393, 1.190099999999999936, -0.3400949021649153914 ) ) ;
#2279 = CARTESIAN_POINT ( 'NONE',  ( 0.7305928887850734466, 1.189999999999999725, 0.3475738741912786089 ) ) ;
#2280 = VECTOR ( 'NONE', #6213, 1000.000000000000114 ) ;
#2281 =( NAMED_UNIT ( * ) SI_UNIT ( $, .STERADIAN. ) SOLID_ANGLE_UNIT ( ) );
#2282 = FACE_OUTER_BOUND ( 'NONE', #4572, .T. ) ;
#2283 = PLANE ( 'NONE',  #3316 ) ;
#2284 = VECTOR ( 'NONE', #207, 1000.000000000000000 ) ;
#2285 = CARTESIAN_POINT ( 'NONE',  ( 0.8594441944765390806, 1.189999999999999947, 0.1501835174487459179 ) ) ;
#2286 = ORIENTED_EDGE ( 'NONE', *, *, #3527, .F. ) ;
#2287 = ADVANCED_FACE ( 'NONE', ( #1318 ), #8417, .T. ) ;
#2288 = DIRECTION ( 'NONE',  ( 1.000000000000000000, 0.0000000000000000000, -0.0000000000000000000 ) ) ;
#2289 = VERTEX_POINT ( 'NONE', #2046 ) ;
#2290 = VECTOR ( 'NONE', #4067, 1000.000000000000000 ) ;
#2291 = CARTESIAN_POINT ( 'NONE',  ( -1.248140972683186467, 1.189999999999999947, -0.3339086446713214751 ) ) ;
#2292 = VERTEX_POINT ( 'NONE', #6096 ) ;
#2293 = SURFACE_STYLE_FILL_AREA ( #7686 ) ;
#2294 = CARTESIAN_POINT ( 'NONE',  ( 0.08273184317287270162, 1.189999999999999947, -0.4785047853388192940 ) ) ;
#2295 = VECTOR ( 'NONE', #140, 1000.000000000000114 ) ;
#2296 = VERTEX_POINT ( 'NONE', #7534 ) ;
#2297 = CARTESIAN_POINT ( 'NONE',  ( 0.1997357005074950342, 1.190099999999999936, -0.7166974662674795438 ) ) ;
#2298 = EDGE_CURVE ( 'NONE', #2340, #7697, #9236, .T. ) ;
#2299 = ADVANCED_FACE ( 'NONE', ( #5167 ), #2251, .T. ) ;
#2300 = CARTESIAN_POINT ( 'NONE',  ( 1.046403058519724594, 1.190099999999999936, 0.3714768709380422140 ) ) ;
#2301 = VERTEX_POINT ( 'NONE', #6912 ) ;
#2302 = CARTESIAN_POINT ( 'NONE',  ( 0.1494438750934556082, 1.190000000000000613, -0.4960946283954158487 ) ) ;
#2303 = CARTESIAN_POINT ( 'NONE',  ( -0.9128122341350212166, 1.190100000000000158, -0.5881290431431031029 ) ) ;
#2304 = CARTESIAN_POINT ( 'NONE',  ( 0.4389190109048246580, 1.190099999999999492, -0.5677694999978535328 ) ) ;
#2305 = CIRCLE ( 'NONE', #10017, 0.05000000000000012768 ) ;
#2306 = VERTEX_POINT ( 'NONE', #2241 ) ;
#2307 = CARTESIAN_POINT ( 'NONE',  ( -1.125894974777533974, 1.190100000000000158, -0.7165401902008301516 ) ) ;
#2308 = CARTESIAN_POINT ( 'NONE',  ( 2.499999999999999556, -1.230654267715320715, -1.749999999999999778 ) ) ;
#2309 = LINE ( 'NONE', #757, #9983 ) ;
#2310 = CARTESIAN_POINT ( 'NONE',  ( 0.8098429063798688876, 1.190100000000000158, 0.3303574267232465278 ) ) ;
#2311 = CARTESIAN_POINT ( 'NONE',  ( 0.5304069732062351994, 1.190099999999999936, -0.5496005233557088587 ) ) ;
#2312 = EDGE_CURVE ( 'NONE', #5841, #3041, #5508, .T. ) ;
#2313 = CARTESIAN_POINT ( 'NONE',  ( -1.090910048376658725, 1.190000000000000391, -0.5566359768251045725 ) ) ;
#2314 = AXIS2_PLACEMENT_3D ( 'NONE', #2144, #6719, #4403 ) ;
#2315 = LINE ( 'NONE', #3893, #1003 ) ;
#2316 = FILL_AREA_STYLE_COLOUR ( '', #6892 ) ;
#2317 = CARTESIAN_POINT ( 'NONE',  ( 0.2441678096615973736, 1.190099999999999714, -0.4007062828145834810 ) ) ;
#2318 = CARTESIAN_POINT ( 'NONE',  ( 0.5927744412101915161, 1.189999999999999947, -0.5897833735372425279 ) ) ;
#2319 = CARTESIAN_POINT ( 'NONE',  ( 0.4991673307991235653, 1.190100000000000158, -0.3373148211135071350 ) ) ;
#2320 = CARTESIAN_POINT ( 'NONE',  ( 0.4721463673067368694, 1.190099999999999936, -0.5029446891102961059 ) ) ;
#2321 = VECTOR ( 'NONE', #9309, 1000.000000000000000 ) ;
#2322 = CARTESIAN_POINT ( 'NONE',  ( 2.499999999999999556, -0.05000000000000000278, 1.599999999999999201 ) ) ;
#2323 = CARTESIAN_POINT ( 'NONE',  ( 0.05422287999467438613, 1.189999999999999725, -0.5341654149854282441 ) ) ;
#2324 = DIRECTION ( 'NONE',  ( 1.000000000000000000, -0.0000000000000000000, -0.0000000000000000000 ) ) ;
#2325 = ORIENTED_EDGE ( 'NONE', *, *, #715, .F. ) ;
#2326 = CARTESIAN_POINT ( 'NONE',  ( -2.499999999999999556, -1.230654267715320715, -1.749999999999999778 ) ) ;
#2327 = CARTESIAN_POINT ( 'NONE',  ( 0.6159950385250346772, 1.189999999999999947, -0.3977912471824721075 ) ) ;
#2328 = ORIENTED_EDGE ( 'NONE', *, *, #6273, .T. ) ;
#2329 = VECTOR ( 'NONE', #5509, 1000.000000000000000 ) ;
#2330 = CARTESIAN_POINT ( 'NONE',  ( 0.3826573474173519118, 1.189999999999999725, -0.6645308434085057669 ) ) ;
#2331 = CARTESIAN_POINT ( 'NONE',  ( -0.6607150415076656902, 1.190000000000000169, -0.6182161945284468940 ) ) ;
#2332 = DIRECTION ( 'NONE',  ( 0.0000000000000000000, -1.000000000000000000, 1.917831477656419409E-16 ) ) ;
#2333 = CARTESIAN_POINT ( 'NONE',  ( -2.999999999999999556, -1.189999999999999947, 0.0000000000000000000 ) ) ;
#2334 = CARTESIAN_POINT ( 'NONE',  ( -1.040375512068690833, 1.190100000000000158, -0.3688090878653907945 ) ) ;
#2335 = EDGE_CURVE ( 'NONE', #1598, #1182, #8559, .T. ) ;
#2336 = PLANE ( 'NONE',  #1002 ) ;
#2337 = B_SPLINE_SURFACE_WITH_KNOTS ( 'NONE', 3, 1, ( 
 ( #449, #4412 ),
 ( #6823, #400 ),
 ( #9912, #7390 ),
 ( #5131, #3642 ),
 ( #3490, #1229 ),
 ( #2057, #4363 ),
 ( #5178, #504 ),
 ( #3542, #9759 ),
 ( #5842, #3587 ),
 ( #6728, #9857 ),
 ( #2829, #6004 ),
 ( #8320, #1279 ),
 ( #7546, #6780 ),
 ( #9135, #1427 ),
 ( #5324, #6925 ),
 ( #6866, #801 ),
 ( #4553, #10059 ),
 ( #1384, #10149 ),
 ( #4512, #3931 ),
 ( #3881, #9247 ),
 ( #3733, #3066 ),
 ( #9190, #3020 ),
 ( #6053, #605 ) ),
 .UNSPECIFIED., .F., .F., .F.,
 ( 4, 1, 1, 1, 1, 1, 1, 1, 1, 1, 1, 1, 1, 1, 1, 1, 1, 1, 1, 1, 4 ),
 ( 2, 2 ),
 ( 0.0000000000000000000, 0.03968472168452140403, 0.07843799025354736276, 0.1168192768991317548, 0.1547512151110346512, 0.1925000625251205855, 0.2305241357724668316, 0.2690146672878936940, 0.3080378713363425836, 0.3470969258324517193, 0.3866208476182189657, 0.4265674594946416986, 0.4666190468811001191, 0.5077005302681668608, 0.5498282646873421387, 0.5930773284629325959, 0.6374146393314235048, 0.7272418952649662982, 0.8165581833890390717, 0.9074649818036538695, 1.000000000000000000 ),
 ( 0.0000000000000000000, 1.000000000000000000 ),
 .UNSPECIFIED. ) ;
#2338 = ORIENTED_EDGE ( 'NONE', *, *, #1723, .F. ) ;
#2339 = CARTESIAN_POINT ( 'NONE',  ( 0.9256827113435187604, 1.189999999999999725, 0.3032218193068986767 ) ) ;
#2340 = VERTEX_POINT ( 'NONE', #3777 ) ;
#2341 = MECHANICAL_DESIGN_GEOMETRIC_PRESENTATION_REPRESENTATION (  '', ( #8579 ), #1158 ) ;
#2342 = DIRECTION ( 'NONE',  ( 1.000000000000000000, 0.0000000000000000000, 0.0000000000000000000 ) ) ;
#2343 = CARTESIAN_POINT ( 'NONE',  ( 1.015393443135109264, 1.189999999999999947, 0.3544095632457344158 ) ) ;
#2344 = CARTESIAN_POINT ( 'NONE',  ( -0.6180787706459119901, 1.189999999999999503, -0.5556888144853866507 ) ) ;
#2345 = CARTESIAN_POINT ( 'NONE',  ( 0.3662964644680238857, 1.190099999999999714, -0.3542741677090671115 ) ) ;
#2346 = EDGE_CURVE ( 'NONE', #4719, #6620, #4594, .T. ) ;
#2347 = VECTOR ( 'NONE', #5720, 1000.000000000000000 ) ;
#2348 = ORIENTED_EDGE ( 'NONE', *, *, #446, .T. ) ;
#2349 = CARTESIAN_POINT ( 'NONE',  ( -0.5173742340676525941, 1.189999999999999725, -0.3108745035293245529 ) ) ;
#2350 = CARTESIAN_POINT ( 'NONE',  ( 1.010505622622288602, 1.189999999999999947, 0.002246101707272939348 ) ) ;
#2351 = ORIENTED_EDGE ( 'NONE', *, *, #304, .F. ) ;
#2352 = CARTESIAN_POINT ( 'NONE',  ( 0.1659350915271547988, 1.190000000000000613, -0.4949111743670153163 ) ) ;
#2353 = LINE ( 'NONE', #2397, #2166 ) ;
#2354 = CARTESIAN_POINT ( 'NONE',  ( -0.6861116937136214622, 1.190099999999999936, -0.6518846632036205957 ) ) ;
#2355 = CARTESIAN_POINT ( 'NONE',  ( -0.9122758503016114018, 1.190100000000000380, -0.5975055120244913143 ) ) ;
#2356 = VERTEX_POINT ( 'NONE', #6960 ) ;
#2357 = CARTESIAN_POINT ( 'NONE',  ( -0.9130848123130180793, 1.190099999999999936, -0.5833641329341461290 ) ) ;
#2358 = DIRECTION ( 'NONE',  ( -1.000000000000000000, 0.0000000000000000000, 0.0000000000000000000 ) ) ;
#2359 = CARTESIAN_POINT ( 'NONE',  ( -0.9247628703680533802, 1.190099999999999936, -0.08749748803631683669 ) ) ;
#2360 = EDGE_CURVE ( 'NONE', #9273, #6202, #8655, .T. ) ;
#2361 = ORIENTED_EDGE ( 'NONE', *, *, #5129, .F. ) ;
#2362 = CARTESIAN_POINT ( 'NONE',  ( -1.077666589383708518, 1.189999999999999725, -0.6652880083560127611 ) ) ;
#2363 = PRODUCT_DEFINITION ( 'UNKNOWN', '', #1737, #3639 ) ;
#2364 = DIRECTION ( 'NONE',  ( 1.000000000000000000, 0.0000000000000000000, 0.0000000000000000000 ) ) ;
#2365 = CARTESIAN_POINT ( 'NONE',  ( -1.049091472582121432, 1.190100000000000380, -0.5805720504624723999 ) ) ;
#2366 = FACE_BOUND ( 'NONE', #7656, .T. ) ;
#2367 = CARTESIAN_POINT ( 'NONE',  ( 0.4213120678592215396, 1.190000000000000391, -0.5837296141381135284 ) ) ;
#2368 = CARTESIAN_POINT ( 'NONE',  ( 0.2386947470214439149, 1.190100000000000158, -0.3859483187163864071 ) ) ;
#2369 = LINE ( 'NONE', #669, #4588 ) ;
#2370 = EDGE_CURVE ( 'NONE', #7844, #7781, #7093, .T. ) ;
#2371 = EDGE_CURVE ( 'NONE', #4396, #193, #3827, .T. ) ;
#2372 = LINE ( 'NONE', #769, #5912 ) ;
#2373 = CARTESIAN_POINT ( 'NONE',  ( -1.243310912314457450, 1.190000000000000169, -0.4050111132364440092 ) ) ;
#2374 = CARTESIAN_POINT ( 'NONE',  ( 0.7344789870543688703, 1.189999999999999503, 0.2974618433293285125 ) ) ;
#2375 = CARTESIAN_POINT ( 'NONE',  ( 0.3591595164579090005, 1.190000000000000613, -0.3645071235865085524 ) ) ;
#2376 = VERTEX_POINT ( 'NONE', #9383 ) ;
#2377 = ORIENTED_EDGE ( 'NONE', *, *, #5777, .F. ) ;
#2378 = CARTESIAN_POINT ( 'NONE',  ( 0.5412632579779840247, 1.190000000000000169, -0.3406142041033424217 ) ) ;
#2379 = ORIENTED_EDGE ( 'NONE', *, *, #5711, .F. ) ;
#2380 = CARTESIAN_POINT ( 'NONE',  ( 0.6189995872264515420, 1.189999999999999947, -0.3295273782261536888 ) ) ;
#2381 = CARTESIAN_POINT ( 'NONE',  ( 0.8179575456992117521, 1.190099999999999936, 0.09968199914317038557 ) ) ;
#2382 = CARTESIAN_POINT ( 'NONE',  ( 1.010505622622288602, 1.190099999999999936, -0.03877953931836808366 ) ) ;
#2383 = FACE_OUTER_BOUND ( 'NONE', #8673, .T. ) ;
#2384 = PRESENTATION_STYLE_ASSIGNMENT (( #992 ) ) ;
#2385 = CARTESIAN_POINT ( 'NONE',  ( 0.4099921107639052931, 1.189999999999999947, -0.6134923380623513722 ) ) ;
#2386 = ORIENTED_EDGE ( 'NONE', *, *, #8079, .F. ) ;
#2387 = CARTESIAN_POINT ( 'NONE',  ( 0.9298691542302529589, 1.190100000000000158, 0.2948417741613243437 ) ) ;
#2388 = CARTESIAN_POINT ( 'NONE',  ( -1.284526137713589478, 1.190099999999999936, -0.3869586339774427342 ) ) ;
#2389 = LINE ( 'NONE', #3977, #4946 ) ;
#2390 = CARTESIAN_POINT ( 'NONE',  ( -0.7005949061257920052, 1.190100000000000158, -0.4559960576946995303 ) ) ;
#2391 = FILL_AREA_STYLE ('',( #4075 ) ) ;
#2392 = ORIENTED_EDGE ( 'NONE', *, *, #2119, .T. ) ;
#2393 = CARTESIAN_POINT ( 'NONE',  ( -0.5221934888813262177, 1.189999999999999281, -0.3160339649121392536 ) ) ;
#2394 = ORIENTED_EDGE ( 'NONE', *, *, #4744, .F. ) ;
#2395 = EDGE_CURVE ( 'NONE', #849, #5018, #3055, .T. ) ;
#2396 = LINE ( 'NONE', #1626, #9685 ) ;
#2397 = CARTESIAN_POINT ( 'NONE',  ( 1.010505622622288602, 1.190099999999999936, -0.03877953931836808366 ) ) ;
#2398 = CARTESIAN_POINT ( 'NONE',  ( 0.06232464442246201525, 1.190099999999999936, -0.3724966549527698456 ) ) ;
#2399 = DIRECTION ( 'NONE',  ( 0.0000000000000000000, 7.744301232039322228E-18, -1.000000000000000000 ) ) ;
#2400 = ORIENTED_EDGE ( 'NONE', *, *, #9648, .T. ) ;
#2401 = DIRECTION ( 'NONE',  ( -0.0000000000000000000, -1.000000000000000000, -0.0000000000000000000 ) ) ;
#2402 = CARTESIAN_POINT ( 'NONE',  ( 2.999999999999999556, -0.04999999999999933664, -3.872150616019609307E-19 ) ) ;
#2403 = CARTESIAN_POINT ( 'NONE',  ( -0.6213443899134891701, 1.190099999999999936, -0.5478418946054410821 ) ) ;
#2404 = ORIENTED_EDGE ( 'NONE', *, *, #2273, .T. ) ;
#2405 = CARTESIAN_POINT ( 'NONE',  ( -1.017482886886558191, 1.190099999999999936, -0.4053420953281550720 ) ) ;
#2406 = CARTESIAN_POINT ( 'NONE',  ( -1.148414968444092077, 1.190099999999999936, -0.5475511849618782678 ) ) ;
#2407 = EDGE_CURVE ( 'NONE', #643, #7992, #788, .T. ) ;
#2408 =( NAMED_UNIT ( * ) SI_UNIT ( $, .STERADIAN. ) SOLID_ANGLE_UNIT ( ) );
#2409 = CARTESIAN_POINT ( 'NONE',  ( -1.250260673563567515, 1.189999999999999725, -0.6670531563513072415 ) ) ;
#2410 = CARTESIAN_POINT ( 'NONE',  ( -1.243310912314457450, 1.190000000000000169, -0.4050111132364440092 ) ) ;
#2411 = CARTESIAN_POINT ( 'NONE',  ( -2.999999999999999556, -1.230654267715319827, 1.800000000000000266 ) ) ;
#2412 = B_SPLINE_SURFACE_WITH_KNOTS ( 'NONE', 3, 1, ( 
 ( #9640, #9440 ),
 ( #8722, #6356 ),
 ( #1778, #5520 ),
 ( #1580, #5671 ),
 ( #3990, #8775 ),
 ( #6511, #9485 ),
 ( #1683, #3326 ),
 ( #2446, #3935 ),
 ( #7999, #7275 ),
 ( #9542, #8050 ),
 ( #4816, #7953 ),
 ( #4908, #958 ),
 ( #7218, #4141 ),
 ( #909, #4032 ),
 ( #6407, #2503 ),
 ( #9593, #5624 ),
 ( #4085, #339 ),
 ( #4304, #2754 ),
 ( #2863, #9749 ) ),
 .UNSPECIFIED., .F., .F., .F.,
 ( 4, 1, 1, 1, 1, 1, 1, 1, 1, 1, 1, 1, 1, 1, 1, 1, 4 ),
 ( 2, 2 ),
 ( 0.0000000000000000000, 0.07544080347366380335, 0.1483123242787833529, 0.2183976921910985858, 0.2867764203796489553, 0.3539746493143695605, 0.4203364135289361925, 0.4859269846584999830, 0.5516950477922394347, 0.6156793202008209454, 0.6759660120162490626, 0.7334586392451710735, 0.7881521199787907550, 0.8417149104366939971, 0.8940785787593349410, 0.9466644025853890865, 1.000000000000000000 ),
 ( 0.0000000000000000000, 1.000000000000000000 ),
 .UNSPECIFIED. ) ;
#2413 = CARTESIAN_POINT ( 'NONE',  ( 2.999999999999999556, -1.239228125389295609, 0.9412483332641250477 ) ) ;
#2414 = CARTESIAN_POINT ( 'NONE',  ( -0.7252208069745219587, 1.190000000000000169, -0.7146967011561317085 ) ) ;
#2415 = CARTESIAN_POINT ( 'NONE',  ( 0.3434967506041724516, 1.190100000000000158, -0.4280222440508231196 ) ) ;
#2416 = DIRECTION ( 'NONE',  ( 0.0000000000000000000, 1.000000000000000000, 0.0000000000000000000 ) ) ;
#2417 = ORIENTED_EDGE ( 'NONE', *, *, #6175, .F. ) ;
#2418 =( NAMED_UNIT ( * ) SI_UNIT ( $, .STERADIAN. ) SOLID_ANGLE_UNIT ( ) );
#2419 = EDGE_CURVE ( 'NONE', #4008, #5495, #8806, .T. ) ;
#2420 = ORIENTED_EDGE ( 'NONE', *, *, #6453, .F. ) ;
#2421 = ADVANCED_FACE ( 'NONE', ( #4846 ), #9471, .T. ) ;
#2422 = CARTESIAN_POINT ( 'NONE',  ( 0.5860117068957448883, 1.190100000000000602, -0.6467026426543238671 ) ) ;
#2423 = CARTESIAN_POINT ( 'NONE',  ( 0.3640785997459435319, 1.189999999999999947, -0.6183239120344570239 ) ) ;
#2424 = CARTESIAN_POINT ( 'NONE',  ( -0.6569640164462412502, 1.190000000000000169, -0.6026984182827147540 ) ) ;
#2425 = CARTESIAN_POINT ( 'NONE',  ( 0.3640785997459435319, 1.190099999999999936, -0.6183239120344570239 ) ) ;
#2426 = LINE ( 'NONE', #8834, #5100 ) ;
#2427 =( LENGTH_UNIT ( ) NAMED_UNIT ( * ) SI_UNIT ( .MILLI., .METRE. ) );
#2428 = DIRECTION ( 'NONE',  ( 0.0000000000000000000, 0.1750333347174951593, -0.9845625077859064822 ) ) ;
#2429 = AXIS2_PLACEMENT_3D ( 'NONE', #3701, #1438, #6934 ) ;
#2430 = DIRECTION ( 'NONE',  ( 0.0000000000000000000, -0.0000000000000000000, 1.000000000000000000 ) ) ;
#2431 =( GEOMETRIC_REPRESENTATION_CONTEXT ( 3 ) GLOBAL_UNCERTAINTY_ASSIGNED_CONTEXT ( ( #3228 ) ) GLOBAL_UNIT_ASSIGNED_CONTEXT ( ( #8316, #7539, #2002 ) ) REPRESENTATION_CONTEXT ( 'NONE', 'WORKASPACE' ) );
#2432 = CARTESIAN_POINT ( 'NONE',  ( -1.292571991800197440, 1.189999999999999947, -0.4141333637033769444 ) ) ;
#2433 = CARTESIAN_POINT ( 'NONE',  ( 0.5839055308877351136, 1.190099999999999936, -0.5318073511006347065 ) ) ;
#2434 = AXIS2_PLACEMENT_3D ( 'NONE', #153, #7245, #930 ) ;
#2435 = CARTESIAN_POINT ( 'NONE',  ( -0.7050719918001974174, 1.189999999999999503, -0.4518737483187615367 ) ) ;
#2436 = CARTESIAN_POINT ( 'NONE',  ( -3.339783448439273439, 0.8149999999999998357, -0.2499999999999998335 ) ) ;
#2437 = EDGE_CURVE ( 'NONE', #2578, #4489, #9528, .T. ) ;
#2438 = CARTESIAN_POINT ( 'NONE',  ( -0.5048098790280343140, 1.190100000000000158, -0.3036003127288590120 ) ) ;
#2439 = AXIS2_PLACEMENT_3D ( 'NONE', #2091, #2809, #5940 ) ;
#2440 = FACE_OUTER_BOUND ( 'NONE', #1769, .T. ) ;
#2441 = VERTEX_POINT ( 'NONE', #9578 ) ;
#2442 = FACE_OUTER_BOUND ( 'NONE', #9585, .T. ) ;
#2443 = CARTESIAN_POINT ( 'NONE',  ( 0.9044221026899000870, 1.190000000000000169, 0.2016372320007536467 ) ) ;
#2444 = CARTESIAN_POINT ( 'NONE',  ( 0.07512051449257758917, 1.190100000000000158, -0.3603139863912310781 ) ) ;
#2445 = CARTESIAN_POINT ( 'NONE',  ( -1.133196991800197395, 1.190099999999999936, -0.3372102867802999615 ) ) ;
#2446 = CARTESIAN_POINT ( 'NONE',  ( 0.4412811785504744400, 1.190099999999999936, -0.4917060257818054447 ) ) ;
#2447 = EDGE_LOOP ( 'NONE', ( #3321, #6827, #7985, #9000 ) ) ;
#2448 = DIRECTION ( 'NONE',  ( -1.000000000000000000, -0.0000000000000000000, -0.0000000000000000000 ) ) ;
#2449 = CARTESIAN_POINT ( 'NONE',  ( 0.8312069327891923320, 1.190000000000000169, 0.09996877132909863517 ) ) ;
#2450 = CARTESIAN_POINT ( 'NONE',  ( 0.1616529502246831229, 1.189999999999999947, -0.5371010467364516483 ) ) ;
#2451 = ORIENTED_EDGE ( 'NONE', *, *, #3430, .T. ) ;
#2452 = VECTOR ( 'NONE', #1741, 1000.000000000000000 ) ;
#2453 = EDGE_CURVE ( 'NONE', #9331, #7876, #222, .T. ) ;
#2454 = VECTOR ( 'NONE', #5342, 1000.000000000000000 ) ;
#2455 = CARTESIAN_POINT ( 'NONE',  ( -1.056200360952217254, 1.190099999999999936, -0.3564560383909983199 ) ) ;
#2456 = CARTESIAN_POINT ( 'NONE',  ( -1.020086803312764578, 1.189999999999999947, -0.3974902786787296582 ) ) ;
#2457 = PRESENTATION_STYLE_ASSIGNMENT (( #88 ) ) ;
#2458 = VECTOR ( 'NONE', #4169, 1000.000000000000114 ) ;
#2459 = LINE ( 'NONE', #6937, #9697 ) ;
#2460 = DIRECTION ( 'NONE',  ( 1.000000000000000000, 0.0000000000000000000, 0.0000000000000000000 ) ) ;
#2461 = CARTESIAN_POINT ( 'NONE',  ( 0.9351585296417637139, 1.190100000000000380, 0.1783148354595111285 ) ) ;
#2462 = CARTESIAN_POINT ( 'NONE',  ( -0.4519740393008241930, 1.189999999999999947, -0.3280614687242060512 ) ) ;
#2463 = CARTESIAN_POINT ( 'NONE',  ( -1.155433634934331266, 1.190000000000000169, -0.3384629325280495427 ) ) ;
#2464 = CARTESIAN_POINT ( 'NONE',  ( 0.02834522189556048719, 1.190099999999999936, -0.4991897039779127909 ) ) ;
#2465 = VERTEX_POINT ( 'NONE', #5767 ) ;
#2466 = CARTESIAN_POINT ( 'NONE',  ( -0.6609907614679830790, 1.190000000000000169, -0.6895781399211786677 ) ) ;
#2467 = EDGE_CURVE ( 'NONE', #6966, #1935, #6548, .T. ) ;
#2468 = CARTESIAN_POINT ( 'NONE',  ( 0.7409418476813657284, 1.189999999999999947, 0.3045943001604498601 ) ) ;
#2469 = VECTOR ( 'NONE', #2988, 1000.000000000000000 ) ;
#2470 = MECHANICAL_DESIGN_GEOMETRIC_PRESENTATION_REPRESENTATION (  '', ( #6751 ), #2807 ) ;
#2471 = CARTESIAN_POINT ( 'NONE',  ( 0.4978089385814047363, 1.190000000000001057, -0.2963150784247658431 ) ) ;
#2472 = ORIENTED_EDGE ( 'NONE', *, *, #7517, .T. ) ;
#2473 = CARTESIAN_POINT ( 'NONE',  ( 0.01031962527740003244, 1.190099999999999714, -0.3710758434241164805 ) ) ;
#2474 = ORIENTED_EDGE ( 'NONE', *, *, #7834, .T. ) ;
#2475 = CARTESIAN_POINT ( 'NONE',  ( 0.5361991726525194846, 1.189999999999999947, -0.6730754410661590192 ) ) ;
#2476 = DIRECTION ( 'NONE',  ( 0.0000000000000000000, 4.445228907190556820E-14, -1.000000000000000000 ) ) ;
#2477 = CARTESIAN_POINT ( 'NONE',  ( 0.5771871249553071070, 1.190100000000000158, -0.7028559271641076078 ) ) ;
#2478 = CARTESIAN_POINT ( 'NONE',  ( -0.5258891558845175673, 1.190099999999999936, -0.3217465836609189056 ) ) ;
#2479 =( GEOMETRIC_REPRESENTATION_CONTEXT ( 3 ) GLOBAL_UNCERTAINTY_ASSIGNED_CONTEXT ( ( #241 ) ) GLOBAL_UNIT_ASSIGNED_CONTEXT ( ( #7151, #2485, #7256 ) ) REPRESENTATION_CONTEXT ( 'NONE', 'WORKASPACE' ) );
#2480 = PRESENTATION_LAYER_ASSIGNMENT (  '', '', ( #8062 ) ) ;
#2481 = CARTESIAN_POINT ( 'NONE',  ( 0.2386947470214439149, 1.190000000000000169, -0.3859483187163864071 ) ) ;
#2482 = ORIENTED_EDGE ( 'NONE', *, *, #1369, .T. ) ;
#2483 = CARTESIAN_POINT ( 'NONE',  ( -1.020086803312764578, 1.190000000000000169, -0.3974902786787296582 ) ) ;
#2484 = EDGE_CURVE ( 'NONE', #4658, #10054, #2193, .T. ) ;
#2485 =( NAMED_UNIT ( * ) PLANE_ANGLE_UNIT ( ) SI_UNIT ( $, .RADIAN. ) );
#2486 = AXIS2_PLACEMENT_3D ( 'NONE', #1365, #7732, #6188 ) ;
#2487 = DIRECTION ( 'NONE',  ( -1.000000000000000000, -0.0000000000000000000, -0.0000000000000000000 ) ) ;
#2488 = ORIENTED_EDGE ( 'NONE', *, *, #2547, .F. ) ;
#2489 = CARTESIAN_POINT ( 'NONE',  ( 0.01031962527740003244, 1.189999999999999725, -0.3710758434241164805 ) ) ;
#2490 = DIRECTION ( 'NONE',  ( 0.0000000000000000000, 0.0000000000000000000, 1.000000000000000000 ) ) ;
#2491 = COLOUR_RGB ( '',0.2509803921568627416, 0.2509803921568627416, 0.2509803921568627416 ) ;
#2492 = CARTESIAN_POINT ( 'NONE',  ( 0.7207788758952863306, 1.190000000000000169, 0.2698023978113138766 ) ) ;
#2493 = CARTESIAN_POINT ( 'NONE',  ( -4.000000000000000888, 0.05000000000000000278, -1.599999999999997868 ) ) ;
#2494 = EDGE_CURVE ( 'NONE', #4738, #7643, #8912, .T. ) ;
#2495 = EDGE_CURVE ( 'NONE', #698, #1528, #1206, .T. ) ;
#2496 = SURFACE_SIDE_STYLE ('',( #7269 ) ) ;
#2497 = ORIENTED_EDGE ( 'NONE', *, *, #8193, .F. ) ;
#2498 =( NAMED_UNIT ( * ) SI_UNIT ( $, .STERADIAN. ) SOLID_ANGLE_UNIT ( ) );
#2499 = ORIENTED_EDGE ( 'NONE', *, *, #8413, .T. ) ;
#2500 = DIRECTION ( 'NONE',  ( 0.0000000000000000000, -1.000000000000000000, 0.0000000000000000000 ) ) ;
#2501 = LINE ( 'NONE', #5622, #7918 ) ;
#2502 = CARTESIAN_POINT ( 'NONE',  ( 0.7233261354428014434, 1.189999999999999947, 0.1612204606816319274 ) ) ;
#2503 = CARTESIAN_POINT ( 'NONE',  ( 0.3940496050879989109, 1.189999999999999947, -0.4437553777920779097 ) ) ;
#2504 = ORIENTED_EDGE ( 'NONE', *, *, #7348, .F. ) ;
#2505 = CARTESIAN_POINT ( 'NONE',  ( -1.243310912314457450, 1.190100000000000158, -0.4050111132364440092 ) ) ;
#2506 = CARTESIAN_POINT ( 'NONE',  ( 0.8894311982184383014, 1.190000000000000835, 0.1202249952563445440 ) ) ;
#2507 = CARTESIAN_POINT ( 'NONE',  ( 0.2091837492750634464, 1.189999999999999947, -0.5288591121487209445 ) ) ;
#2508 = ORIENTED_EDGE ( 'NONE', *, *, #3232, .F. ) ;
#2509 = VECTOR ( 'NONE', #2500, 1000.000000000000000 ) ;
#2510 = CARTESIAN_POINT ( 'NONE',  ( -0.7098807597913374678, 1.190000000000001279, -0.5048367718584375607 ) ) ;
#2511 = UNCERTAINTY_MEASURE_WITH_UNIT (LENGTH_MEASURE( 1.000000000000000082E-05 ), #3173, 'distance_accuracy_value', 'NONE');
#2512 = LINE ( 'NONE', #8677, #5232 ) ;
#2513 = CARTESIAN_POINT ( 'NONE',  ( -4.000000000000000000, 0.04999999999999985706, -0.7499999999999992228 ) ) ;
#2514 = CARTESIAN_POINT ( 'NONE',  ( 0.1359854461070555964, 1.190100000000000380, -0.4959171311634872903 ) ) ;
#2515 = VECTOR ( 'NONE', #7683, 1000.000000000000000 ) ;
#2516 = CARTESIAN_POINT ( 'NONE',  ( -1.043379455030438052, 1.190099999999999714, -0.5881850826403131061 ) ) ;
#2517 = CARTESIAN_POINT ( 'NONE',  ( -0.8863202019264420084, 1.190099999999999936, -0.6594325806803634782 ) ) ;
#2518 = CARTESIAN_POINT ( 'NONE',  ( -0.8172372212857335061, 1.190000000000000391, -0.6621989519536980451 ) ) ;
#2519 = CARTESIAN_POINT ( 'NONE',  ( -0.4874339144475267616, 1.189999999999999947, -0.3678506320580767208 ) ) ;
#2520 = EDGE_LOOP ( 'NONE', ( #2351, #3683, #3870, #3592 ) ) ;
#2521 = CARTESIAN_POINT ( 'NONE',  ( -4.000000000000000888, -0.05000000000000000278, -1.599999999999997868 ) ) ;
#2522 = CARTESIAN_POINT ( 'NONE',  ( 0.4002635476546136939, 1.189999999999999947, -0.5127667711215705415 ) ) ;
#2523 = CARTESIAN_POINT ( 'NONE',  ( 0.4348057820234919602, 1.190099999999999714, -0.3054728398486021845 ) ) ;
#2524 = ORIENTED_EDGE ( 'NONE', *, *, #5873, .F. ) ;
#2525 = CARTESIAN_POINT ( 'NONE',  ( 0.6637023598183016126, 1.190000000000000835, -0.4470062753765106089 ) ) ;
#2526 = FACE_OUTER_BOUND ( 'NONE', #5667, .T. ) ;
#2527 = EDGE_CURVE ( 'NONE', #8071, #8419, #5258, .T. ) ;
#2528 = CARTESIAN_POINT ( 'NONE',  ( 0.8068876278999137508, 1.189999999999999725, 0.09998917562264170167 ) ) ;
#2529 = CARTESIAN_POINT ( 'NONE',  ( -1.212322112735654711, 1.189999999999999947, -0.6427226989401020329 ) ) ;
#2530 = CARTESIAN_POINT ( 'NONE',  ( 0.1929717151693341737, 1.189999999999999947, -0.3461071505835226492 ) ) ;
#2531 = ORIENTED_EDGE ( 'NONE', *, *, #3365, .F. ) ;
#2532 = FACE_OUTER_BOUND ( 'NONE', #9294, .T. ) ;
#2533 = CARTESIAN_POINT ( 'NONE',  ( -0.6659507335348241464, 1.190100000000000158, -0.5563539613018817498 ) ) ;
#2534 = B_SPLINE_CURVE_WITH_KNOTS ( 'NONE', 3,
 ( #2693, #1095, #3359, #5864, #4226, #6493, #8907, #8246, #3460, #7260, #1203, #4285, #4997, #3515, #7472, #1048, #8854, #994, #1977 ),
 .UNSPECIFIED., .F., .F.,
 ( 4, 1, 1, 1, 1, 1, 1, 1, 1, 1, 1, 1, 1, 1, 1, 1, 4 ),
 ( 0.0000000000000000000, 0.04904771120335677664, 0.09726288038490926713, 0.1468684226495892975, 0.1982068340638117598, 0.2525071826542956144, 0.3106663891099110120, 0.3723674806948605309, 0.4394556248477716198, 0.5083190625530098483, 0.5767702777719746488, 0.6450173279336790522, 0.7134254604575841485, 0.7827695615486033320, 0.8534832777474178345, 0.9259756808182425525, 1.000000000000000000 ),
 .UNSPECIFIED. ) ;
#2535 = CARTESIAN_POINT ( 'NONE',  ( -0.9900078892360949512, 1.190099999999999936, -0.6127711842161974731 ) ) ;
#2536 = ORIENTED_EDGE ( 'NONE', *, *, #1668, .F. ) ;
#2537 = ADVANCED_FACE ( 'NONE', ( #5109 ), #7089, .T. ) ;
#2538 = CARTESIAN_POINT ( 'NONE',  ( 0.1060522955224775937, 1.190000000000000169, -0.2997693072329510877 ) ) ;
#2539 = CARTESIAN_POINT ( 'NONE',  ( -2.999999999999999556, -1.230654267715319827, 1.899999999999999911 ) ) ;
#2540 = CARTESIAN_POINT ( 'NONE',  ( -0.6919486825803533581, 1.189999999999999503, -0.4639571312545773818 ) ) ;
#2541 = LINE ( 'NONE', #4753, #5226 ) ;
#2542 = CARTESIAN_POINT ( 'NONE',  ( 0.9062848758943022887, 1.190099999999999936, 0.2497773330876801312 ) ) ;
#2543 = CARTESIAN_POINT ( 'NONE',  ( 0.4166486626808749705, 1.190000000000001279, -0.6372615789926816543 ) ) ;
#2544 = ORIENTED_EDGE ( 'NONE', *, *, #9758, .F. ) ;
#2545 = CARTESIAN_POINT ( 'NONE',  ( 0.9042619271086750343, 1.190000000000000169, 0.3324544488185030566 ) ) ;
#2546 = ORIENTED_EDGE ( 'NONE', *, *, #10132, .F. ) ;
#2547 = EDGE_CURVE ( 'NONE', #4963, #8130, #1364, .T. ) ;
#2548 = ADVANCED_FACE ( 'NONE', ( #2797 ), #9065, .F. ) ;
#2549 = CARTESIAN_POINT ( 'NONE',  ( 0.8019650714688412174, 1.189999999999999725, 0.1409109961232016539 ) ) ;
#2550 = CARTESIAN_POINT ( 'NONE',  ( 1.354095366212032303, 1.190099999999999936, 0.002246101707272939348 ) ) ;
#2551 = CARTESIAN_POINT ( 'NONE',  ( -0.7560335302617359199, 1.190099999999999936, -0.7166974662674795438 ) ) ;
#2552 = CARTESIAN_POINT ( 'NONE',  ( -2.499999999999999556, -0.04999999999999932276, -1.749999999999999556 ) ) ;
#2553 = ORIENTED_EDGE ( 'NONE', *, *, #3235, .T. ) ;
#2554 = CARTESIAN_POINT ( 'NONE',  ( -4.000000000000000888, 0.05000000000000000278, -1.599999999999997868 ) ) ;
#2555 = CARTESIAN_POINT ( 'NONE',  ( -1.132235453338658937, 1.190099999999999936, -0.7166974662674795438 ) ) ;
#2556 = CARTESIAN_POINT ( 'NONE',  ( 0.4721463673067368694, 1.189999999999999947, -0.5029446891102961059 ) ) ;
#2557 = ORIENTED_EDGE ( 'NONE', *, *, #646, .F. ) ;
#2558 = CARTESIAN_POINT ( 'NONE',  ( -0.7328068049943283757, 1.190000000000001057, -0.4835000761845493211 ) ) ;
#2559 = FILL_AREA_STYLE ('',( #4152 ) ) ;
#2560 = ORIENTED_EDGE ( 'NONE', *, *, #1090, .F. ) ;
#2561 = LINE ( 'NONE', #919, #5728 ) ;
#2562 = CARTESIAN_POINT ( 'NONE',  ( 0.04991083949027355637, 1.189999999999999947, -0.4400728724974801165 ) ) ;
#2563 = CARTESIAN_POINT ( 'NONE',  ( -1.162768225844073466, 1.190000000000000391, -0.6724809964728128975 ) ) ;
#2564 = CARTESIAN_POINT ( 'NONE',  ( -0.4515463507745563487, 1.189999999999999725, -0.3346461842161974620 ) ) ;
#2565 = CARTESIAN_POINT ( 'NONE',  ( -0.7797106284034085455, 1.189999999999999947, -0.6743209595132357848 ) ) ;
#2566 = CARTESIAN_POINT ( 'NONE',  ( -1.161942357547540716, 1.190099999999999936, 0.1176307170918883399 ) ) ;
#2567 = ORIENTED_EDGE ( 'NONE', *, *, #3299, .F. ) ;
#2568 = CARTESIAN_POINT ( 'NONE',  ( -1.039960526779569960, 1.190099999999999936, -0.6311378734757463471 ) ) ;
#2569 = CARTESIAN_POINT ( 'NONE',  ( -1.113367545524613700, 1.190100000000000158, -0.7162294463383382936 ) ) ;
#2570 = CARTESIAN_POINT ( 'NONE',  ( -1.121694637711636355, 1.190099999999999714, -0.6754776155609415467 ) ) ;
#2571 = CARTESIAN_POINT ( 'NONE',  ( -0.0002642994925050514560, 1.190099999999999936, -0.4179795175495307769 ) ) ;
#2572 = VERTEX_POINT ( 'NONE', #7632 ) ;
#2573 = CARTESIAN_POINT ( 'NONE',  ( 0.04014649794416198098, 1.190099999999999936, -0.5161092588659554892 ) ) ;
#2574 = CARTESIAN_POINT ( 'NONE',  ( 0.3974650955533865493, 1.190100000000000158, -0.3869205511655111063 ) ) ;
#2575 = CARTESIAN_POINT ( 'NONE',  ( 0.1165454280587317065, 1.190000000000000391, -0.3403338216518881354 ) ) ;
#2576 = FILL_AREA_STYLE ('',( #4115 ) ) ;
#2577 = CARTESIAN_POINT ( 'NONE',  ( 0.1358239768813224446, 1.189999999999999947, -0.3374730500996714344 ) ) ;
#2578 = VERTEX_POINT ( 'NONE', #7522 ) ;
#2579 = CARTESIAN_POINT ( 'NONE',  ( 0.4884033831019591321, 1.189999999999999503, -0.3375180612468509644 ) ) ;
#2580 = CARTESIAN_POINT ( 'NONE',  ( 0.6304248030715975393, 1.190099999999999936, -0.3400949021649153914 ) ) ;
#2581 = EDGE_CURVE ( 'NONE', #6533, #9945, #3619, .T. ) ;
#2582 = B_SPLINE_SURFACE_WITH_KNOTS ( 'NONE', 3, 1, ( 
 ( #8558, #3102 ),
 ( #7108, #6149 ),
 ( #8504, #6246 ),
 ( #4592, #10044 ),
 ( #1518, #6194 ),
 ( #4797, #6340 ),
 ( #1462, #5555 ),
 ( #1565, #3054 ),
 ( #2387, #9284 ),
 ( #9381, #2339 ),
 ( #7938, #894 ),
 ( #4018, #7739 ),
 ( #7838, #5458 ),
 ( #8704, #3918 ),
 ( #19, #10094 ),
 ( #4649, #7792 ),
 ( #2239, #4748 ),
 ( #688, #9425 ),
 ( #787, #8606 ),
 ( #7056, #1665 ),
 ( #3160, #5507 ),
 ( #6299, #8654 ),
 ( #66, #842 ),
 ( #3973, #6545 ),
 ( #7203, #5704 ),
 ( #1096, #4998 ),
 ( #1761, #4179 ) ),
 .UNSPECIFIED., .F., .F., .F.,
 ( 4, 1, 1, 1, 1, 1, 1, 1, 1, 1, 1, 1, 1, 1, 1, 1, 1, 1, 1, 1, 1, 1, 1, 1, 4 ),
 ( 2, 2 ),
 ( 0.0000000000000000000, 0.04401447057613995517, 0.08743412366770575428, 0.1301183986578981489, 0.1725536945581826187, 0.2145547559681393046, 0.2562980920971311138, 0.2984382251332501346, 0.3408490025880958618, 0.3827151889670271090, 0.4239240454075317577, 0.4642462432504176340, 0.5040736714617958247, 0.5438619058684915908, 0.5835667249796537837, 0.6230943188523337950, 0.6632290607685848993, 0.7035512586114706091, 0.7439378946861846531, 0.7845412548000927355, 0.8257501112405972732, 0.8677573633885065085, 0.9107451640323095399, 0.9549144468914779749, 1.000000000000000000 ),
 ( 0.0000000000000000000, 1.000000000000000000 ),
 .UNSPECIFIED. ) ;
#2583 = DIRECTION ( 'NONE',  ( 1.000000000000000000, -0.0000000000000000000, -0.0000000000000000000 ) ) ;
#2584 = CARTESIAN_POINT ( 'NONE',  ( -1.036316529234648121, 1.189999999999999503, -0.6100842389394990350 ) ) ;
#2585 = ORIENTED_EDGE ( 'NONE', *, *, #2494, .T. ) ;
#2586 = CARTESIAN_POINT ( 'NONE',  ( 0.007126852455505558112, 1.190000000000000169, -0.3786028195730505863 ) ) ;
#2587 = CARTESIAN_POINT ( 'NONE',  ( -1.257238143420140508, 1.190099999999999492, -0.3427685143725301420 ) ) ;
#2588 = CARTESIAN_POINT ( 'NONE',  ( -0.6497566395510944171, 1.189999999999999059, -0.5069685975690172430 ) ) ;
#2589 = CARTESIAN_POINT ( 'NONE',  ( 0.3928924351251805724, 1.190000000000000613, -0.6761273133168078653 ) ) ;
#2590 = CARTESIAN_POINT ( 'NONE',  ( -0.5258891558845175673, 1.189999999999999947, -0.3217465836609189056 ) ) ;
#2591 = ADVANCED_FACE ( 'NONE', ( #3673 ), #6760, .T. ) ;
#2592 = CARTESIAN_POINT ( 'NONE',  ( -0.9247628703680533802, 1.190099999999999936, 0.3099384093995806166 ) ) ;
#2593 = CARTESIAN_POINT ( 'NONE',  ( 0.9256827113435187604, 1.189999999999999725, 0.3032218193068986767 ) ) ;
#2594 = ORIENTED_EDGE ( 'NONE', *, *, #987, .F. ) ;
#2595 = CARTESIAN_POINT ( 'NONE',  ( 0.1335839949297000506, 1.189999999999999947, -0.5361251480290676330 ) ) ;
#2596 = VECTOR ( 'NONE', #2680, 1000.000000000000000 ) ;
#2597 = CARTESIAN_POINT ( 'NONE',  ( -1.020259120074048287, 1.190099999999999936, -0.5164603733498032145 ) ) ;
#2598 = CARTESIAN_POINT ( 'NONE',  ( -0.9247628703680533802, 1.189999999999999947, -0.08749748803631683669 ) ) ;
#2599 = DIRECTION ( 'NONE',  ( -0.0000000000000000000, -1.000000000000000000, -0.0000000000000000000 ) ) ;
#2600 = ORIENTED_EDGE ( 'NONE', *, *, #7703, .F. ) ;
#2601 = PLANE ( 'NONE',  #7393 ) ;
#2602 = CARTESIAN_POINT ( 'NONE',  ( 0.8440570981598931599, 1.190100000000000158, 0.1017941255513045012 ) ) ;
#2603 = CARTESIAN_POINT ( 'NONE',  ( 0.4085281272605009173, 1.189999999999999725, -0.4665222715414060750 ) ) ;
#2604 = ORIENTED_EDGE ( 'NONE', *, *, #5502, .T. ) ;
#2605 = ADVANCED_FACE ( 'NONE', ( #9984 ), #8194, .T. ) ;
#2606 = EDGE_CURVE ( 'NONE', #5995, #1423, #6480, .T. ) ;
#2607 = CIRCLE ( 'NONE', #6715, 0.05000000000000012768 ) ;
#2608 = ORIENTED_EDGE ( 'NONE', *, *, #1544, .T. ) ;
#2609 = CARTESIAN_POINT ( 'NONE',  ( -0.6572690893477788343, 1.190000000000001057, -0.5815653212924114523 ) ) ;
#2610 = PRESENTATION_STYLE_ASSIGNMENT (( #8165 ) ) ;
#2611 = DIRECTION ( 'NONE',  ( -1.000000000000000000, -0.0000000000000000000, 1.355252715606880296E-16 ) ) ;
#2612 = CARTESIAN_POINT ( 'NONE',  ( 0.06838378493459749963, 1.190099999999999936, -0.4672173325482010808 ) ) ;
#2613 = CARTESIAN_POINT ( 'NONE',  ( -1.206814152419335429, 1.190099999999999936, 0.3612204606816319385 ) ) ;
#2614 = CARTESIAN_POINT ( 'NONE',  ( -0.9130848123130180793, 1.189999999999999947, -0.5833641329341461290 ) ) ;
#2615 = AXIS2_PLACEMENT_3D ( 'NONE', #448, #9246, #6051 ) ;
#2616 = CARTESIAN_POINT ( 'NONE',  ( -0.6972003596234208622, 1.189999999999999947, -0.7080966014211549364 ) ) ;
#2617 = CARTESIAN_POINT ( 'NONE',  ( -0.7582771200053256555, 1.190099999999999936, -0.6756718252418384418 ) ) ;
#2618 = CARTESIAN_POINT ( 'NONE',  ( 0.01057333689572626662, 1.190100000000000158, -0.4673718126739204171 ) ) ;
#2619 = ORIENTED_EDGE ( 'NONE', *, *, #5998, .T. ) ;
#2620 = CARTESIAN_POINT ( 'NONE',  ( 0.4099921107639052931, 1.189999999999999947, -0.6134923380623513722 ) ) ;
#2621 = ADVANCED_FACE ( 'NONE', ( #2383 ), #7882, .T. ) ;
#2622 = CARTESIAN_POINT ( 'NONE',  ( -1.000186705507398965, 1.189999999999999503, -0.6517306100063039453 ) ) ;
#2623 = CARTESIAN_POINT ( 'NONE',  ( 0.5889123945027714413, 1.190099999999999936, -0.3625281014897689946 ) ) ;
#2624 = AXIS2_PLACEMENT_3D ( 'NONE', #3318, #4898, #7765 ) ;
#2625 = CARTESIAN_POINT ( 'NONE',  ( 1.010505622622288602, 1.190099999999999936, 0.002246101707272939348 ) ) ;
#2626 = ORIENTED_EDGE ( 'NONE', *, *, #3104, .T. ) ;
#2627 = DIRECTION ( 'NONE',  ( -0.8679300138597095815, 0.0000000000000000000, -0.4966865118376825872 ) ) ;
#2628 = CARTESIAN_POINT ( 'NONE',  ( 0.4884033831019591321, 1.190099999999999492, -0.3375180612468509644 ) ) ;
#2629 = CARTESIAN_POINT ( 'NONE',  ( 0.1259821714632645695, 1.189999999999999503, -0.3385022970563167921 ) ) ;
#2630 = CARTESIAN_POINT ( 'NONE',  ( -1.187736970577296214, 1.189999999999999725, -0.6629997056169542047 ) ) ;
#2631 = LINE ( 'NONE', #8903, #4580 ) ;
#2632 = ORIENTED_EDGE ( 'NONE', *, *, #7982, .F. ) ;
#2633 = AXIS2_PLACEMENT_3D ( 'NONE', #10103, #7016, #3116 ) ;
#2634 = VECTOR ( 'NONE', #707, 1000.000000000000000 ) ;
#2635 = DIRECTION ( 'NONE',  ( 0.0000000000000000000, 0.0000000000000000000, 1.000000000000000000 ) ) ;
#2636 = CARTESIAN_POINT ( 'NONE',  ( -1.002922800626309563, 1.190000000000000835, -0.3460053870299208412 ) ) ;
#2637 = STYLED_ITEM ( 'NONE', ( #2658 ), #6699 ) ;
#2638 = CARTESIAN_POINT ( 'NONE',  ( 0.2427653524258073792, 1.190099999999999936, -0.5111022986377732336 ) ) ;
#2639 = CARTESIAN_POINT ( 'NONE',  ( 0.1997357005074950342, 1.190099999999999936, -0.7166974662674795438 ) ) ;
#2640 = ORIENTED_EDGE ( 'NONE', *, *, #1767, .T. ) ;
#2641 = VECTOR ( 'NONE', #2128, 1000.000000000000114 ) ;
#2642 = DIRECTION ( 'NONE',  ( 0.0000000000000000000, -0.1750333347174949372, -0.9845625077859064822 ) ) ;
#2643 = EDGE_CURVE ( 'NONE', #1269, #5029, #4694, .T. ) ;
#2644 = CARTESIAN_POINT ( 'NONE',  ( 0.08819383426361096512, 1.189999999999999725, -0.3047555560710750178 ) ) ;
#2645 = DIRECTION ( 'NONE',  ( 0.0000000000000000000, 0.0000000000000000000, -1.000000000000000000 ) ) ;
#2646 = CARTESIAN_POINT ( 'NONE',  ( -1.077125058166274796, 1.189999999999999725, -0.7089182422630945224 ) ) ;
#2647 = LINE ( 'NONE', #8147, #2800 ) ;
#2648 = PRESENTATION_LAYER_ASSIGNMENT (  '', '', ( #7902 ) ) ;
#2649 = FACE_OUTER_BOUND ( 'NONE', #9815, .T. ) ;
#2650 = CARTESIAN_POINT ( 'NONE',  ( 0.4948084946347504620, 1.190000000000001501, -0.6754497304233567645 ) ) ;
#2651 = VERTEX_POINT ( 'NONE', #8649 ) ;
#2652 = CARTESIAN_POINT ( 'NONE',  ( 0.8600345415739965027, 1.189999999999999725, 0.3616118566317211847 ) ) ;
#2653 = EDGE_LOOP ( 'NONE', ( #4784, #6193, #41, #9702 ) ) ;
#2654 = CARTESIAN_POINT ( 'NONE',  ( 0.8978274298121218244, 1.190000000000000391, 0.1855986404213255114 ) ) ;
#2655 = CONICAL_SURFACE ( 'NONE', #4480, 0.3750000000000001110, 0.1396263401595466691 ) ;
#2656 = EDGE_CURVE ( 'NONE', #2578, #3301, #1607, .T. ) ;
#2657 = CARTESIAN_POINT ( 'NONE',  ( -0.4627221219982438072, 1.190100000000000158, -0.3108984645387291024 ) ) ;
#2658 = PRESENTATION_STYLE_ASSIGNMENT (( #4193 ) ) ;
#2659 = ORIENTED_EDGE ( 'NONE', *, *, #9911, .T. ) ;
#2660 = CARTESIAN_POINT ( 'NONE',  ( -0.6116027008632620721, 1.190000000000000169, -0.5799218172498662449 ) ) ;
#2661 = CARTESIAN_POINT ( 'NONE',  ( 0.4095665920466583509, 1.189999999999999281, -0.5413668105128779384 ) ) ;
#2662 = DIRECTION ( 'NONE',  ( 0.7832176788222144914, 0.0000000000000000000, -0.6217475915356186489 ) ) ;
#2663 = ORIENTED_EDGE ( 'NONE', *, *, #8205, .T. ) ;
#2664 = AXIS2_PLACEMENT_3D ( 'NONE', #1061, #1836, #4191 ) ;
#2665 = ORIENTED_EDGE ( 'NONE', *, *, #1278, .F. ) ;
#2666 = DIRECTION ( 'NONE',  ( -0.8574757024638766101, 0.0000000000000000000, -0.5145244597529659014 ) ) ;
#2667 = LINE ( 'NONE', #5791, #1311 ) ;
#2668 = PLANE ( 'NONE',  #5090 ) ;
#2669 = CARTESIAN_POINT ( 'NONE',  ( -0.4686250834589071879, 1.190000000000000613, -0.3626988295118163119 ) ) ;
#2670 = ADVANCED_FACE ( 'NONE', ( #2233 ), #5354, .T. ) ;
#2671 = CARTESIAN_POINT ( 'NONE',  ( -1.217389272237681341, 1.190000000000000391, -0.6364663836972354050 ) ) ;
#2672 = CARTESIAN_POINT ( 'NONE',  ( -1.212161518952417527, 1.190100000000000158, -0.3603227711872347139 ) ) ;
#2673 = VECTOR ( 'NONE', #2888, 1000.000000000000000 ) ;
#2674 = CARTESIAN_POINT ( 'NONE',  ( 4.000000000000000888, 0.05000000000000000278, -1.599999999999998979 ) ) ;
#2675 = CARTESIAN_POINT ( 'NONE',  ( 0.1436459569177513940, 1.189999999999999725, -0.2961846457546589706 ) ) ;
#2676 = LINE ( 'NONE', #7184, #8021 ) ;
#2677 = ORIENTED_EDGE ( 'NONE', *, *, #2192, .F. ) ;
#2678 = CARTESIAN_POINT ( 'NONE',  ( -1.036161735389941274, 1.190000000000000613, -0.6129314406264539938 ) ) ;
#2679 = CARTESIAN_POINT ( 'NONE',  ( 0.4104030216106966944, 1.190100000000000158, -0.5184754330325290761 ) ) ;
#2680 = DIRECTION ( 'NONE',  ( -0.0000000000000000000, -1.000000000000000000, -0.0000000000000000000 ) ) ;
#2681 = LINE ( 'NONE', #5143, #1302 ) ;
#2682 = AXIS2_PLACEMENT_3D ( 'NONE', #2130, #2231, #630 ) ;
#2683 = ORIENTED_EDGE ( 'NONE', *, *, #3247, .T. ) ;
#2684 = CARTESIAN_POINT ( 'NONE',  ( 0.6551835507048564544, 1.190000000000000613, -0.4690804586700862422 ) ) ;
#2685 = CARTESIAN_POINT ( 'NONE',  ( 1.358710059481854193, 1.189999999999999947, -0.4602872098572230453 ) ) ;
#2686 = CARTESIAN_POINT ( 'NONE',  ( 0.5941257097322144576, 1.190099999999999492, -0.5366638755355624957 ) ) ;
#2687 = CARTESIAN_POINT ( 'NONE',  ( -0.7874656756144471359, 1.190000000000000169, -0.7146101567865661419 ) ) ;
#2688 = EDGE_CURVE ( 'NONE', #7876, #6103, #8549, .T. ) ;
#2689 = CARTESIAN_POINT ( 'NONE',  ( 0.1842462730376542845, 1.189999999999999947, -0.3429354926368268219 ) ) ;
#2690 = ORIENTED_EDGE ( 'NONE', *, *, #4799, .F. ) ;
#2691 = LINE ( 'NONE', #1200, #9556 ) ;
#2692 = CARTESIAN_POINT ( 'NONE',  ( -0.9694950687232744002, 1.190099999999999936, -0.4252711842161974176 ) ) ;
#2693 = CARTESIAN_POINT ( 'NONE',  ( 0.4099921107639052931, 1.189999999999999947, -0.6134923380623513722 ) ) ;
#2694 = ORIENTED_EDGE ( 'NONE', *, *, #3342, .T. ) ;
#2695 = LINE ( 'NONE', #8192, #5405 ) ;
#2696 = CARTESIAN_POINT ( 'NONE',  ( 0.04811891108577828063, 1.190000000000000169, -0.3255323608519974377 ) ) ;
#2697 = CARTESIAN_POINT ( 'NONE',  ( -1.133998273851479555, 1.190099999999999936, -0.2961846457546589706 ) ) ;
#2698 = FACE_OUTER_BOUND ( 'NONE', #5174, .T. ) ;
#2699 =( NAMED_UNIT ( * ) SI_UNIT ( $, .STERADIAN. ) SOLID_ANGLE_UNIT ( ) );
#2700 = CARTESIAN_POINT ( 'NONE',  ( -1.008031982465956267, 1.190099999999999936, -0.5072540075947967741 ) ) ;
#2701 = ORIENTED_EDGE ( 'NONE', *, *, #4310, .T. ) ;
#2702 = CARTESIAN_POINT ( 'NONE',  ( -0.5283258777699360031, 1.190099999999999714, -0.3324406523057818474 ) ) ;
#2703 = ORIENTED_EDGE ( 'NONE', *, *, #8455, .F. ) ;
#2704 = CARTESIAN_POINT ( 'NONE',  ( 0.9102095140181921673, 1.189999999999999947, 0.3258425936174527693 ) ) ;
#2705 = ORIENTED_EDGE ( 'NONE', *, *, #3689, .T. ) ;
#2706 = CARTESIAN_POINT ( 'NONE',  ( 0.5996519820082755192, 1.189999999999999947, -0.6161947936326531705 ) ) ;
#2707 = CARTESIAN_POINT ( 'NONE',  ( -0.4824229746950342013, 1.190100000000000380, -0.3016656062078647560 ) ) ;
#2708 =( LENGTH_UNIT ( ) NAMED_UNIT ( * ) SI_UNIT ( .MILLI., .METRE. ) );
#2709 = ORIENTED_EDGE ( 'NONE', *, *, #2495, .F. ) ;
#2710 = PLANE ( 'NONE',  #4280 ) ;
#2711 = CARTESIAN_POINT ( 'NONE',  ( 0.7344789870543688703, 1.190099999999999492, 0.2974618433293285125 ) ) ;
#2712 = CARTESIAN_POINT ( 'NONE',  ( -1.231033530261735898, 1.190099999999999936, -0.6141333637033769000 ) ) ;
#2713 = ORIENTED_EDGE ( 'NONE', *, *, #3659, .T. ) ;
#2714 = ORIENTED_EDGE ( 'NONE', *, *, #6890, .F. ) ;
#2715 = FACE_OUTER_BOUND ( 'NONE', #4272, .T. ) ;
#2716 = EDGE_CURVE ( 'NONE', #1423, #6483, #2947, .T. ) ;
#2717 = LINE ( 'NONE', #4315, #4749 ) ;
#2718 = CARTESIAN_POINT ( 'NONE',  ( 0.08273184317287270162, 1.190099999999999936, -0.4785047853388192940 ) ) ;
#2719 = CARTESIAN_POINT ( 'NONE',  ( -0.6203312869321215839, 1.190099999999999936, -0.6421968644366276013 ) ) ;
#2720 = CARTESIAN_POINT ( 'NONE',  ( -1.080213540375790870, 1.190100000000000158, -0.4965767682962035634 ) ) ;
#2721 = CARTESIAN_POINT ( 'NONE',  ( -0.7108466807525086750, 1.190100000000000158, -0.7118483323098387938 ) ) ;
#2722 = B_SPLINE_CURVE_WITH_KNOTS ( 'NONE', 3,
 ( #8800, #5649, #4942, #7252, #937, #107, #5602, #4062, #7198, #6489, #8185, #6596, #3353, #6439, #5813, #8951, #2577, #4118, #9669 ),
 .UNSPECIFIED., .F., .F.,
 ( 4, 1, 1, 1, 1, 1, 1, 1, 1, 1, 1, 1, 1, 1, 1, 1, 4 ),
 ( 0.0000000000000000000, 0.05729237491171374624, 0.1124984070827317190, 0.1680374011659689637, 0.2232898786346507458, 0.2801975952868701047, 0.3379581713383718045, 0.3992522735937921730, 0.4634964090490197308, 0.5291915129008990526, 0.5939650088004833073, 0.6593077525818069606, 0.7245227873529601625, 0.7904809259640317443, 0.8585562120141754239, 0.9280301640343262548, 1.000000000000000000 ),
 .UNSPECIFIED. ) ;
#2723 = CARTESIAN_POINT ( 'NONE',  ( 0.5133933660033747071, 1.189999999999999947, -0.7165315425676760386 ) ) ;
#2724 = DIRECTION ( 'NONE',  ( 0.0000000000000000000, 0.0000000000000000000, 1.000000000000000000 ) ) ;
#2725 = ORIENTED_EDGE ( 'NONE', *, *, #8126, .T. ) ;
#2726 = CARTESIAN_POINT ( 'NONE',  ( -1.036234632526307875, 1.190100000000000380, -0.6150203684777502122 ) ) ;
#2727 = CARTESIAN_POINT ( 'NONE',  ( -1.077125058166274796, 1.190099999999999714, -0.7089182422630945224 ) ) ;
#2728 = CARTESIAN_POINT ( 'NONE',  ( 0.4099921107639052931, 1.190099999999999936, -0.6134923380623513722 ) ) ;
#2729 = EDGE_CURVE ( 'NONE', #9490, #9022, #1411, .T. ) ;
#2730 = CARTESIAN_POINT ( 'NONE',  ( 2.999999999999999556, 0.05000000000000066891, 2.904112962014783776E-19 ) ) ;
#2731 = VERTEX_POINT ( 'NONE', #5454 ) ;
#2732 = CARTESIAN_POINT ( 'NONE',  ( 0.6586147708277979573, 1.190099999999999936, -0.4619487125860637922 ) ) ;
#2733 = LINE ( 'NONE', #2685, #2458 ) ;
#2734 = CARTESIAN_POINT ( 'NONE',  ( 0.5839055308877351136, 1.189999999999999947, -0.5318073511006347065 ) ) ;
#2735 = CARTESIAN_POINT ( 'NONE',  ( 0.8143476702325430638, 1.189999999999999947, 0.09978216870696349217 ) ) ;
#2736 = ORIENTED_EDGE ( 'NONE', *, *, #5499, .T. ) ;
#2737 = CARTESIAN_POINT ( 'NONE',  ( 0.3899540530238704283, 1.190000000000000169, -0.4076953343427341947 ) ) ;
#2738 = CARTESIAN_POINT ( 'NONE',  ( -0.9748810642038279184, 1.190100000000000158, -0.3920838255074528544 ) ) ;
#2739 = ADVANCED_FACE ( 'NONE', ( #782 ), #1511, .F. ) ;
#2740 = ADVANCED_FACE ( 'NONE', ( #5739 ), #2993, .T. ) ;
#2741 = CARTESIAN_POINT ( 'NONE',  ( 0.2700257502818930178, 1.190099999999999936, -0.4851332028542206243 ) ) ;
#2742 = ORIENTED_EDGE ( 'NONE', *, *, #9943, .F. ) ;
#2743 = CARTESIAN_POINT ( 'NONE',  ( 2.999999999999999556, -0.9405995433517282400, 0.1672176965958632744 ) ) ;
#2744 = CARTESIAN_POINT ( 'NONE',  ( -0.6936746941111411324, 1.190000000000000391, -0.6573869673951964199 ) ) ;
#2745 = FACE_OUTER_BOUND ( 'NONE', #5596, .T. ) ;
#2746 = DIRECTION ( 'NONE',  ( 0.0000000000000000000, -0.0000000000000000000, 1.000000000000000000 ) ) ;
#2747 = PRESENTATION_STYLE_ASSIGNMENT (( #1260 ) ) ;
#2748 = CARTESIAN_POINT ( 'NONE',  ( 0.9065154709588945092, 1.190099999999999936, 0.2103312939780788426 ) ) ;
#2749 = ORIENTED_EDGE ( 'NONE', *, *, #602, .F. ) ;
#2750 = CARTESIAN_POINT ( 'NONE',  ( 0.7643517764684425453, 1.190099999999999936, -0.03877953931836808366 ) ) ;
#2751 = CARTESIAN_POINT ( 'NONE',  ( 4.000000000000000888, 0.05000000000000000278, 1.599999999999998979 ) ) ;
#2752 = CARTESIAN_POINT ( 'NONE',  ( 0.7480373052868443118, 1.190100000000000158, 0.1522250093926693082 ) ) ;
#2753 = CARTESIAN_POINT ( 'NONE',  ( -1.238161945454521851, 1.190099999999999936, -0.3259713742320922147 ) ) ;
#2754 = CARTESIAN_POINT ( 'NONE',  ( 0.3895999768846409861, 1.190000000000000169, -0.4213508354522996213 ) ) ;
#2755 = VERTEX_POINT ( 'NONE', #8937 ) ;
#2756 = FACE_OUTER_BOUND ( 'NONE', #6516, .T. ) ;
#2757 = CARTESIAN_POINT ( 'NONE',  ( 0.7483166395602971477, 1.190099999999999936, 0.3109505358104802109 ) ) ;
#2758 = DIRECTION ( 'NONE',  ( -0.0000000000000000000, -1.000000000000000000, -0.0000000000000000000 ) ) ;
#2759 = ORIENTED_EDGE ( 'NONE', *, *, #4494, .T. ) ;
#2760 = ORIENTED_EDGE ( 'NONE', *, *, #6947, .F. ) ;
#2761 = VERTEX_POINT ( 'NONE', #4977 ) ;
#2762 = CARTESIAN_POINT ( 'NONE',  ( 0.6829310867476379165, 1.190100000000000158, 0.2627285806479222052 ) ) ;
#2763 = MECHANICAL_DESIGN_GEOMETRIC_PRESENTATION_REPRESENTATION (  '', ( #5874 ), #8664 ) ;
#2764 = CARTESIAN_POINT ( 'NONE',  ( -1.185207456266667236, 1.190100000000000158, -0.3454346112477812425 ) ) ;
#2765 = DIRECTION ( 'NONE',  ( 0.0000000000000000000, -7.744301232039322228E-18, 1.000000000000000000 ) ) ;
#2766 = AXIS2_PLACEMENT_3D ( 'NONE', #1030, #7289, #5800 ) ;
#2767 = CARTESIAN_POINT ( 'NONE',  ( -0.5048218115138691786, 1.190099999999999714, -0.3657954412881435635 ) ) ;
#2768 = CARTESIAN_POINT ( 'NONE',  ( -1.117205086354492893, 1.190100000000000158, -0.5036437566831113433 ) ) ;
#2769 = ORIENTED_EDGE ( 'NONE', *, *, #8148, .T. ) ;
#2770 = CARTESIAN_POINT ( 'NONE',  ( -0.9803358028524898904, 1.190000000000000391, -0.4716145230859667969 ) ) ;
#2771 = CARTESIAN_POINT ( 'NONE',  ( -0.8634121375170678014, 1.189999999999999725, -0.6039695484847091844 ) ) ;
#2772 = CARTESIAN_POINT ( 'NONE',  ( 0.2091837492750634464, 1.190000000000000391, -0.5288591121487209445 ) ) ;
#2773 = ADVANCED_FACE ( 'NONE', ( #6339 ), #4207, .F. ) ;
#2774 = VECTOR ( 'NONE', #5968, 1000.000000000000000 ) ;
#2775 = VERTEX_POINT ( 'NONE', #9812 ) ;
#2776 = DIRECTION ( 'NONE',  ( -0.0000000000000000000, -1.000000000000000000, -0.0000000000000000000 ) ) ;
#2777 = LINE ( 'NONE', #8943, #627 ) ;
#2778 = CARTESIAN_POINT ( 'NONE',  ( 0.6458895466613413516, 1.189999999999999947, -0.6129314406264538828 ) ) ;
#2779 = VERTEX_POINT ( 'NONE', #2674 ) ;
#2780 = AXIS2_PLACEMENT_3D ( 'NONE', #6157, #3732, #7544 ) ;
#2781 = LINE ( 'NONE', #7509, #8394 ) ;
#2782 = CARTESIAN_POINT ( 'NONE',  ( 0.5530179558497507752, 1.190000000000000169, -0.5564617301757828205 ) ) ;
#2783 = CARTESIAN_POINT ( 'NONE',  ( 0.1075092550727752699, 1.190099999999999270, -0.3429491736300738225 ) ) ;
#2784 = CARTESIAN_POINT ( 'NONE',  ( 0.2441828244786959923, 1.190099999999999936, -0.4325056048084938709 ) ) ;
#2785 = B_SPLINE_SURFACE_WITH_KNOTS ( 'NONE', 3, 1, ( 
 ( #1645, #6370 ),
 ( #7340, #146 ),
 ( #4778, #6476 ),
 ( #9608, #6580 ),
 ( #8836, #9657 ),
 ( #2618, #3441 ),
 ( #1076, #5741 ),
 ( #3292, #4926 ),
 ( #9503, #1854 ),
 ( #2464, #4003 ),
 ( #5587, #9558 ),
 ( #6425, #5685 ),
 ( #8736, #1698 ),
 ( #297, #4827 ),
 ( #8070, #4979 ) ),
 .UNSPECIFIED., .F., .F., .F.,
 ( 4, 1, 1, 1, 1, 1, 1, 1, 1, 1, 1, 1, 4 ),
 ( 2, 2 ),
 ( 0.0000000000000000000, 0.09445717331232189595, 0.1933130983267905556, 0.2964293108358358464, 0.4055878258104578249, 0.4639249488146213185, 0.5269218621460517449, 0.5939191456032391070, 0.6657714679767487986, 0.7425332148905168239, 0.8232518363113839888, 0.9093445089821108329, 1.000000000000000000 ),
 ( 0.0000000000000000000, 1.000000000000000000 ),
 .UNSPECIFIED. ) ;
#2786 = CARTESIAN_POINT ( 'NONE',  ( -0.5114512412051696044, 1.190099999999999714, -0.3627188289929719756 ) ) ;
#2787 = EDGE_CURVE ( 'NONE', #5493, #5264, #3165, .T. ) ;
#2788 = ORIENTED_EDGE ( 'NONE', *, *, #9816, .T. ) ;
#2789 = CARTESIAN_POINT ( 'NONE',  ( -0.9976200687232745778, 1.190000000000000169, -0.4963449021649155024 ) ) ;
#2790 = CIRCLE ( 'NONE', #7709, 0.1499999999999999667 ) ;
#2791 = CARTESIAN_POINT ( 'NONE',  ( -1.069504716924347232, 1.190000000000001057, -0.3055220960599225322 ) ) ;
#2792 = CARTESIAN_POINT ( 'NONE',  ( 0.2091837492750634464, 1.190099999999999936, -0.5288591121487209445 ) ) ;
#2793 = ORIENTED_EDGE ( 'NONE', *, *, #5129, .T. ) ;
#2794 =( NAMED_UNIT ( * ) SI_UNIT ( $, .STERADIAN. ) SOLID_ANGLE_UNIT ( ) );
#2795 = CARTESIAN_POINT ( 'NONE',  ( -1.033770458267643466, 1.190099999999999936, -0.5244224225188141020 ) ) ;
#2796 = STYLED_ITEM ( 'NONE', ( #10036 ), #9736 ) ;
#2797 = FACE_OUTER_BOUND ( 'NONE', #8904, .T. ) ;
#2798 = EDGE_CURVE ( 'NONE', #588, #5676, #2426, .T. ) ;
#2799 = DIRECTION ( 'NONE',  ( 0.0000000000000000000, 0.9845625077859065932, 0.1750333347174941045 ) ) ;
#2800 = VECTOR ( 'NONE', #1881, 1000.000000000000000 ) ;
#2801 = CARTESIAN_POINT ( 'NONE',  ( -0.9900078892360949512, 1.189999999999999947, -0.6127711842161974731 ) ) ;
#2802 = CARTESIAN_POINT ( 'NONE',  ( -1.250260673563567515, 1.189999999999999725, -0.6670531563513072415 ) ) ;
#2803 = CARTESIAN_POINT ( 'NONE',  ( 1.195922289288955609, 1.190099999999999936, 0.002246101707272939348 ) ) ;
#2804 = APPLICATION_CONTEXT ( 'automotive_design' ) ;
#2805 = AXIS2_PLACEMENT_3D ( 'NONE', #2209, #6826, #5373 ) ;
#2806 = ORIENTED_EDGE ( 'NONE', *, *, #44, .F. ) ;
#2807 =( GEOMETRIC_REPRESENTATION_CONTEXT ( 3 ) GLOBAL_UNCERTAINTY_ASSIGNED_CONTEXT ( ( #8782 ) ) GLOBAL_UNIT_ASSIGNED_CONTEXT ( ( #6239, #6294, #2281 ) ) REPRESENTATION_CONTEXT ( 'NONE', 'WORKASPACE' ) );
#2808 = CARTESIAN_POINT ( 'NONE',  ( -0.9852283996229216356, 1.190099999999999936, -0.4801793191973615649 ) ) ;
#2809 = DIRECTION ( 'NONE',  ( -2.706841863525071579E-15, 0.0000000000000000000, 1.000000000000000000 ) ) ;
#2810 = ORIENTED_EDGE ( 'NONE', *, *, #9206, .F. ) ;
#2811 = CARTESIAN_POINT ( 'NONE',  ( 0.9284543405710066200, 1.190099999999999936, -0.03877953931836808366 ) ) ;
#2812 = ADVANCED_FACE ( 'NONE', ( #9039 ), #9763, .T. ) ;
#2813 = CARTESIAN_POINT ( 'NONE',  ( -0.6053925046207102589, 1.190099999999999936, -0.3474666970367102370 ) ) ;
#2814 = EDGE_CURVE ( 'NONE', #5318, #9873, #8453, .T. ) ;
#2815 = VECTOR ( 'NONE', #5652, 1000.000000000000000 ) ;
#2816 = ORIENTED_EDGE ( 'NONE', *, *, #5040, .T. ) ;
#2817 = CARTESIAN_POINT ( 'NONE',  ( -0.9247628703680533802, 1.189999999999999947, 0.06634866580983704576 ) ) ;
#2818 = STYLED_ITEM ( 'NONE', ( #10150 ), #4051 ) ;
#2819 = CARTESIAN_POINT ( 'NONE',  ( 0.3678603385574320539, 1.189999999999999725, -0.5891943166396893528 ) ) ;
#2820 = CARTESIAN_POINT ( 'NONE',  ( 0.4673177866444779838, 1.190099999999999714, -0.2983035947133309551 ) ) ;
#2821 = ORIENTED_EDGE ( 'NONE', *, *, #7891, .T. ) ;
#2822 = ORIENTED_EDGE ( 'NONE', *, *, #900, .F. ) ;
#2823 = ORIENTED_EDGE ( 'NONE', *, *, #5015, .F. ) ;
#2824 = CARTESIAN_POINT ( 'NONE',  ( -1.043960901324202606, 1.190099999999999936, -0.5330347842334665076 ) ) ;
#2825 = UNCERTAINTY_MEASURE_WITH_UNIT (LENGTH_MEASURE( 1.000000000000000082E-05 ), #5408, 'distance_accuracy_value', 'NONE');
#2826 = CARTESIAN_POINT ( 'NONE',  ( -4.000000000000000000, 0.8149999999999998357, 0.7499999999999986677 ) ) ;
#2827 = VECTOR ( 'NONE', #3364, 1000.000000000000000 ) ;
#2828 = ORIENTED_EDGE ( 'NONE', *, *, #9121, .F. ) ;
#2829 = CARTESIAN_POINT ( 'NONE',  ( 0.2680773375691084537, 1.190099999999999492, -0.3497699634408974467 ) ) ;
#2830 = CARTESIAN_POINT ( 'NONE',  ( -0.4516842963636743535, 1.190099999999999714, -0.3369064085696522048 ) ) ;
#2831 = CARTESIAN_POINT ( 'NONE',  ( -0.5280599797600616929, 1.190100000000000158, -0.3413401859478352174 ) ) ;
#2832 = CARTESIAN_POINT ( 'NONE',  ( 0.4262614198950580024, 1.190099999999999492, -0.5781861563196674103 ) ) ;
#2833 = ORIENTED_EDGE ( 'NONE', *, *, #7067, .T. ) ;
#2834 = CARTESIAN_POINT ( 'NONE',  ( 0.3591595164579090005, 1.189999999999999725, -0.3645071235865085524 ) ) ;
#2835 = CARTESIAN_POINT ( 'NONE',  ( 0.9239901473353983041, 1.189999999999999947, 0.1559916045026203679 ) ) ;
#2836 = CARTESIAN_POINT ( 'NONE',  ( 0.2700257502818930178, 1.190099999999999936, -0.4851332028542206243 ) ) ;
#2837 = ORIENTED_EDGE ( 'NONE', *, *, #2998, .F. ) ;
#2838 = AXIS2_PLACEMENT_3D ( 'NONE', #8305, #7477, #7524 ) ;
#2839 = CARTESIAN_POINT ( 'NONE',  ( 0.2294842821224619411, 1.190000000000000169, -0.4608940451717325471 ) ) ;
#2840 = DIRECTION ( 'NONE',  ( -1.000000000000000000, 0.0000000000000000000, 0.0000000000000000000 ) ) ;
#2841 = CARTESIAN_POINT ( 'NONE',  ( 0.6652136654510759639, 1.190099999999999714, -0.4391792031662575257 ) ) ;
#2842 = AXIS2_PLACEMENT_3D ( 'NONE', #4960, #3568, #480 ) ;
#2843 = CARTESIAN_POINT ( 'NONE',  ( 0.5726466371014251600, 1.190000000000000169, -0.5673559158505810940 ) ) ;
#2844 = CARTESIAN_POINT ( 'NONE',  ( -1.117205086354492893, 1.190000000000000169, -0.5036437566831113433 ) ) ;
#2845 = CARTESIAN_POINT ( 'NONE',  ( 0.2874326665772076739, 1.190099999999999936, -0.3859849535249019747 ) ) ;
#2846 = CARTESIAN_POINT ( 'NONE',  ( 2.999999999999999556, -0.9405995433517277959, -0.1672176965958633577 ) ) ;
#2847 = EDGE_LOOP ( 'NONE', ( #853, #9854, #1843, #7939 ) ) ;
#2848 = CARTESIAN_POINT ( 'NONE',  ( 0.8781476332960452824, 1.190000000000001057, 0.3015735410635460578 ) ) ;
#2849 = VECTOR ( 'NONE', #279, 1000.000000000000000 ) ;
#2850 = CARTESIAN_POINT ( 'NONE',  ( 0.09068338676620789351, 1.190099999999999936, -0.4832274389626338706 ) ) ;
#2851 = EDGE_CURVE ( 'NONE', #8344, #3927, #9253, .T. ) ;
#2852 = DIRECTION ( 'NONE',  ( -0.0000000000000000000, -0.0000000000000000000, -1.000000000000000000 ) ) ;
#2853 = VERTEX_POINT ( 'NONE', #3738 ) ;
#2854 = CARTESIAN_POINT ( 'NONE',  ( -0.9909603949235334941, 1.190000000000000169, -0.4884979150391930425 ) ) ;
#2855 = LINE ( 'NONE', #5981, #3486 ) ;
#2856 = CARTESIAN_POINT ( 'NONE',  ( -0.7582771200053256555, 1.190099999999999936, -0.6756718252418384418 ) ) ;
#2857 = CARTESIAN_POINT ( 'NONE',  ( -1.002922800626309563, 1.190099999999999714, -0.3460053870299208412 ) ) ;
#2858 = CARTESIAN_POINT ( 'NONE',  ( 2.999999999999999556, -1.279882393104615934, 1.741248333264124648 ) ) ;
#2859 = EDGE_LOOP ( 'NONE', ( #9742, #7370, #3546, #9670 ) ) ;
#2860 = ADVANCED_FACE ( 'NONE', ( #9196 ), #7753, .T. ) ;
#2861 = CARTESIAN_POINT ( 'NONE',  ( 0.6199784187742621855, 1.189999999999999503, -0.4138636430821152068 ) ) ;
#2862 = CARTESIAN_POINT ( 'NONE',  ( 0.2458895466613412462, 1.190100000000000158, -0.4165372098572231452 ) ) ;
#2863 = CARTESIAN_POINT ( 'NONE',  ( 0.3894792902510847976, 1.190100000000000158, -0.4184602867803000059 ) ) ;
#2864 = ORIENTED_EDGE ( 'NONE', *, *, #9400, .T. ) ;
#2865 = DIRECTION ( 'NONE',  ( -0.7819392918862745345, 0.0000000000000000000, -0.6233545891419999263 ) ) ;
#2866 = CARTESIAN_POINT ( 'NONE',  ( 2.999999999999999556, -0.04999999999999935052, 1.749999999999999334 ) ) ;
#2867 = CARTESIAN_POINT ( 'NONE',  ( -3.999999999999999112, 0.05000000000000000278, 1.600000000000000089 ) ) ;
#2868 = ORIENTED_EDGE ( 'NONE', *, *, #1047, .T. ) ;
#2869 = ORIENTED_EDGE ( 'NONE', *, *, #2467, .F. ) ;
#2870 = CARTESIAN_POINT ( 'NONE',  ( 0.7007976618335145513, 1.190100000000000158, 0.3139186606770915655 ) ) ;
#2871 = EDGE_CURVE ( 'NONE', #1895, #5875, #5329, .T. ) ;
#2872 = EDGE_CURVE ( 'NONE', #6918, #3145, #6346, .T. ) ;
#2873 = CARTESIAN_POINT ( 'NONE',  ( -2.999999999999999556, -0.1000000000000004358, 1.750000000000000000 ) ) ;
#2874 = FACE_OUTER_BOUND ( 'NONE', #9548, .T. ) ;
#2875 = CARTESIAN_POINT ( 'NONE',  ( 0.7708421610838271931, 1.190099999999999936, 0.1074544350406062831 ) ) ;
#2876 = CARTESIAN_POINT ( 'NONE',  ( -0.5048218115138691786, 1.189999999999999503, -0.3657954412881435635 ) ) ;
#2877 = CARTESIAN_POINT ( 'NONE',  ( -1.149675442185563945, 1.190099999999999936, -0.5062218639470341675 ) ) ;
#2878 = VERTEX_POINT ( 'NONE', #9916 ) ;
#2879 = CARTESIAN_POINT ( 'NONE',  ( -3.839783448439274327, 1.189999999999999947, -1.599999999999997868 ) ) ;
#2880 = CARTESIAN_POINT ( 'NONE',  ( 0.6059276022707000831, 1.190099999999999936, -0.6861346390614432300 ) ) ;
#2881 = FACE_OUTER_BOUND ( 'NONE', #4052, .T. ) ;
#2882 = ORIENTED_EDGE ( 'NONE', *, *, #8770, .F. ) ;
#2883 = CARTESIAN_POINT ( 'NONE',  ( 0.7925088923810059693, 1.190099999999999714, 0.3712425874972973272 ) ) ;
#2884 = CARTESIAN_POINT ( 'NONE',  ( 0.4204527882447767206, 1.190099999999999936, -0.6426585181080927134 ) ) ;
#2885 = CARTESIAN_POINT ( 'NONE',  ( -2.499999999999999556, 0.0000000000000000000, 0.0000000000000000000 ) ) ;
#2886 = DIRECTION ( 'NONE',  ( -0.0000000000000000000, -1.000000000000000000, -0.0000000000000000000 ) ) ;
#2887 = CARTESIAN_POINT ( 'NONE',  ( 0.9078662652625918428, 1.190100000000000158, 0.2258002648919566202 ) ) ;
#2888 = DIRECTION ( 'NONE',  ( -1.000000000000000000, 0.0000000000000000000, 0.0000000000000000000 ) ) ;
#2889 = CARTESIAN_POINT ( 'NONE',  ( 0.2235504460974023500, 1.190099999999999936, -0.4672388224631747189 ) ) ;
#2890 = DIRECTION ( 'NONE',  ( 1.000000000000000000, -0.0000000000000000000, -0.0000000000000000000 ) ) ;
#2891 = CARTESIAN_POINT ( 'NONE',  ( 0.8265057416806205204, 1.190000000000000835, 0.3287511260945712999 ) ) ;
#2892 = CARTESIAN_POINT ( 'NONE',  ( 0.05314417949564964605, 1.190100000000000602, -0.4473312394884170207 ) ) ;
#2893 = VERTEX_POINT ( 'NONE', #6266 ) ;
#2894 = LINE ( 'NONE', #3668, #8712 ) ;
#2895 = ORIENTED_EDGE ( 'NONE', *, *, #8902, .T. ) ;
#2896 = DIRECTION ( 'NONE',  ( -0.0000000000000000000, -1.000000000000000000, -0.0000000000000000000 ) ) ;
#2897 = CARTESIAN_POINT ( 'NONE',  ( -0.4519549466761085821, 1.190100000000000158, -0.3413409862270098127 ) ) ;
#2898 = CARTESIAN_POINT ( 'NONE',  ( -0.6566745559027615808, 1.189999999999999947, -0.5945820816520949181 ) ) ;
#2899 = CARTESIAN_POINT ( 'NONE',  ( 1.046403058519724594, 1.190099999999999936, 0.3714768709380422140 ) ) ;
#2900 = CARTESIAN_POINT ( 'NONE',  ( 0.0000000000000000000, 1.190099999999999936, 0.0000000000000000000 ) ) ;
#2901 = CARTESIAN_POINT ( 'NONE',  ( 0.4834428449331980016, 1.190100000000000158, -0.5048845708046624248 ) ) ;
#2902 = EDGE_CURVE ( 'NONE', #8849, #8927, #7022, .T. ) ;
#2903 = DIRECTION ( 'NONE',  ( 0.5145244597529659014, 0.0000000000000000000, -0.8574757024638766101 ) ) ;
#2904 = ORIENTED_EDGE ( 'NONE', *, *, #9782, .T. ) ;
#2905 = VERTEX_POINT ( 'NONE', #1582 ) ;
#2906 = CARTESIAN_POINT ( 'NONE',  ( 0.5719061545840553595, 1.190099999999999936, -0.3513779900760670705 ) ) ;
#2907 = ADVANCED_BREP_SHAPE_REPRESENTATION ( 'User Library-mc-306 crystal', ( #8505, #7815 ), #8382 ) ;
#2908 = CARTESIAN_POINT ( 'NONE',  ( 0.2456168853368248806, 1.190099999999999936, -0.4085227238269971139 ) ) ;
#2909 = CARTESIAN_POINT ( 'NONE',  ( 0.4028369426752761995, 1.190100000000000158, -0.5460118132589502071 ) ) ;
#2910 = ORIENTED_EDGE ( 'NONE', *, *, #6585, .F. ) ;
#2911 = CARTESIAN_POINT ( 'NONE',  ( -3.999999999999999112, -0.05000000000000000278, 1.600000000000000089 ) ) ;
#2912 = CARTESIAN_POINT ( 'NONE',  ( 0.3456967054633870440, 1.190100000000000380, -0.3969196668049049803 ) ) ;
#2913 = EDGE_CURVE ( 'NONE', #4943, #9750, #3296, .T. ) ;
#2914 = ORIENTED_EDGE ( 'NONE', *, *, #5898, .F. ) ;
#2915 = ORIENTED_EDGE ( 'NONE', *, *, #9073, .T. ) ;
#2916 = CARTESIAN_POINT ( 'NONE',  ( 0.8003501301757358632, 1.190000000000001057, 0.3713979180255666535 ) ) ;
#2917 = UNCERTAINTY_MEASURE_WITH_UNIT (LENGTH_MEASURE( 1.000000000000000082E-05 ), #4469, 'distance_accuracy_value', 'NONE');
#2918 = FACE_OUTER_BOUND ( 'NONE', #675, .T. ) ;
#2919 = CARTESIAN_POINT ( 'NONE',  ( 0.2387262575531322040, 1.190100000000000158, -0.4473565178511939022 ) ) ;
#2920 = CARTESIAN_POINT ( 'NONE',  ( -0.7619387604023503124, 1.189999999999999725, -0.6755887798837669767 ) ) ;
#2921 = CARTESIAN_POINT ( 'NONE',  ( -1.231033530261735898, 1.190000000000000391, -0.6141333637033769000 ) ) ;
#2922 = CARTESIAN_POINT ( 'NONE',  ( 0.1570273671741616306, 1.190099999999999936, -0.5372102867803000281 ) ) ;
#2923 = CARTESIAN_POINT ( 'NONE',  ( -1.133196991800197395, 1.190099999999999936, -0.3372102867802999615 ) ) ;
#2924 = CARTESIAN_POINT ( 'NONE',  ( 0.3587119653171466638, 1.190099999999999936, -0.4740108752004581483 ) ) ;
#2925 = ADVANCED_FACE ( 'NONE', ( #5626 ), #807, .T. ) ;
#2926 = EDGE_CURVE ( 'NONE', #8594, #4690, #5522, .T. ) ;
#2927 = ORIENTED_EDGE ( 'NONE', *, *, #1160, .T. ) ;
#2928 = FILL_AREA_STYLE ('',( #2111 ) ) ;
#2929 = AXIS2_PLACEMENT_3D ( 'NONE', #398, #2666, #9756 ) ;
#2930 = CARTESIAN_POINT ( 'NONE',  ( 0.5047036492254438622, 1.190099999999999936, -0.6756718252418384418 ) ) ;
#2931 = CARTESIAN_POINT ( 'NONE',  ( 1.415633827750493845, 1.190099999999999936, 0.002246101707272939348 ) ) ;
#2932 = CARTESIAN_POINT ( 'NONE',  ( -0.1381649405181460954, 1.190099999999999936, -0.6654154149854282219 ) ) ;
#2933 = CARTESIAN_POINT ( 'NONE',  ( 0.5633666674041737377, 1.190099999999999714, -0.5614298874099510339 ) ) ;
#2934 = CARTESIAN_POINT ( 'NONE',  ( 0.8894311982184383014, 1.190100000000000380, 0.1202249952563445440 ) ) ;
#2935 = CARTESIAN_POINT ( 'NONE',  ( 0.5063863415331362194, 1.190000000000000169, -0.5474666970367103591 ) ) ;
#2936 = VECTOR ( 'NONE', #9649, 1000.000000000000000 ) ;
#2937 = CARTESIAN_POINT ( 'NONE',  ( 0.8179575456992117521, 1.189999999999999947, 0.09968199914317038557 ) ) ;
#2938 = EDGE_CURVE ( 'NONE', #3348, #1058, #6973, .T. ) ;
#2939 = CARTESIAN_POINT ( 'NONE',  ( 0.8064190841607502547, 1.190099999999999936, 0.3304512299124011676 ) ) ;
#2940 = ORIENTED_EDGE ( 'NONE', *, *, #1211, .T. ) ;
#2941 =( GEOMETRIC_REPRESENTATION_CONTEXT ( 3 ) GLOBAL_UNCERTAINTY_ASSIGNED_CONTEXT ( ( #4463 ) ) GLOBAL_UNIT_ASSIGNED_CONTEXT ( ( #8415, #4542, #5878 ) ) REPRESENTATION_CONTEXT ( 'NONE', 'WORKASPACE' ) );
#2942 = CARTESIAN_POINT ( 'NONE',  ( 0.6304248030715975393, 1.190099999999999936, -0.3400949021649153914 ) ) ;
#2943 = EDGE_LOOP ( 'NONE', ( #9589, #8103, #6433, #1301 ) ) ;
#2944 = CARTESIAN_POINT ( 'NONE',  ( -0.9900078892360949512, 1.190099999999999936, -0.6127711842161974731 ) ) ;
#2945 = CARTESIAN_POINT ( 'NONE',  ( 0.5963410474948915851, 1.190000000000000169, -0.6310037110325911192 ) ) ;
#2946 = CARTESIAN_POINT ( 'NONE',  ( -0.9247628703680533802, 1.190099999999999936, 0.1176307170918883399 ) ) ;
#2947 = LINE ( 'NONE', #3967, #2148 ) ;
#2948 = LINE ( 'NONE', #2899, #3798 ) ;
#2949 = VECTOR ( 'NONE', #5632, 1000.000000000000000 ) ;
#2950 = DIRECTION ( 'NONE',  ( 0.0000000000000000000, 1.000000000000000000, 0.0000000000000000000 ) ) ;
#2951 = B_SPLINE_SURFACE_WITH_KNOTS ( 'NONE', 3, 1, ( 
 ( #3595, #5904 ),
 ( #8939, #1130 ),
 ( #9962, #7399 ),
 ( #4264, #8376 ),
 ( #1906, #2015 ),
 ( #9918, #2772 ),
 ( #5139, #4472 ),
 ( #6830, #2064 ),
 ( #4420, #7502 ),
 ( #8985, #9141 ),
 ( #1185, #408 ),
 ( #2836, #3497 ),
 ( #8281, #5027 ),
 ( #7456, #4324 ),
 ( #1236, #6637 ),
 ( #8327, #9867 ),
 ( #5185, #5231 ),
 ( #4370, #356 ),
 ( #2109, #9814 ) ),
 .UNSPECIFIED., .F., .F., .F.,
 ( 4, 1, 1, 1, 1, 1, 1, 1, 1, 1, 1, 1, 1, 1, 1, 1, 4 ),
 ( 2, 2 ),
 ( 0.0000000000000000000, 0.06937301271072350561, 0.1363655988880323466, 0.2014301282319582165, 0.2655602165989652264, 0.3284351223808534836, 0.3916969386471765291, 0.4550399086097451362, 0.5194921164529856528, 0.5832544135743749081, 0.6446187728776315851, 0.7039669712027115667, 0.7622300019854925113, 0.8204875216983801289, 0.8789980133763374281, 0.9386134074694246765, 1.000000000000000000 ),
 ( 0.0000000000000000000, 1.000000000000000000 ),
 .UNSPECIFIED. ) ;
#2952 = CIRCLE ( 'NONE', #8694, 0.05000000000000012768 ) ;
#2953 =( LENGTH_UNIT ( ) NAMED_UNIT ( * ) SI_UNIT ( .MILLI., .METRE. ) );
#2954 = ORIENTED_EDGE ( 'NONE', *, *, #5643, .F. ) ;
#2955 = AXIS2_PLACEMENT_3D ( 'NONE', #9603, #1639, #7283 ) ;
#2956 = CARTESIAN_POINT ( 'NONE',  ( 0.6199784187742621855, 1.190099999999999492, -0.4138636430821152068 ) ) ;
#2957 = ORIENTED_EDGE ( 'NONE', *, *, #4377, .T. ) ;
#2958 = DIRECTION ( 'NONE',  ( 1.000000000000000000, 0.0000000000000000000, 0.0000000000000000000 ) ) ;
#2959 = DIRECTION ( 'NONE',  ( 0.0000000000000000000, 0.9902680687415703620, -0.1391731009600657432 ) ) ;
#2960 = VERTEX_POINT ( 'NONE', #7906 ) ;
#2961 = DIRECTION ( 'NONE',  ( 1.000000000000000000, -0.0000000000000000000, -0.0000000000000000000 ) ) ;
#2962 = CARTESIAN_POINT ( 'NONE',  ( -0.6116027008632620721, 1.189999999999999725, -0.5799218172498662449 ) ) ;
#2963 = CARTESIAN_POINT ( 'NONE',  ( 0.6456826029071071060, 1.189999999999999947, -0.6173623326692406765 ) ) ;
#2964 = VECTOR ( 'NONE', #8053, 1000.000000000000000 ) ;
#2965 = EDGE_LOOP ( 'NONE', ( #8317, #5313, #5807, #8758 ) ) ;
#2966 = ORIENTED_EDGE ( 'NONE', *, *, #10057, .F. ) ;
#2967 = CARTESIAN_POINT ( 'NONE',  ( -0.9724044252130382704, 1.189999999999999725, -0.4002311823457881945 ) ) ;
#2968 = DIRECTION ( 'NONE',  ( 0.0000000000000000000, -1.000000000000000000, 0.0000000000000000000 ) ) ;
#2969 = EDGE_CURVE ( 'NONE', #2356, #215, #8575, .T. ) ;
#2970 = CARTESIAN_POINT ( 'NONE',  ( 0.2458895466613411906, 1.190099999999999936, -0.4165372098572230897 ) ) ;
#2971 = VECTOR ( 'NONE', #1400, 1000.000000000000000 ) ;
#2972 = CARTESIAN_POINT ( 'NONE',  ( 0.7750771181551037170, 1.190100000000000158, 0.1062852611194339270 ) ) ;
#2973 = VECTOR ( 'NONE', #9774, 999.9999999999998863 ) ;
#2974 = PLANE ( 'NONE',  #4800 ) ;
#2975 = B_SPLINE_CURVE_WITH_KNOTS ( 'NONE', 3,
 ( #3305, #4839, #3352, #3452, #3400, #1867, #4014, #8084, #9619, #6488, #8799, #8901, #1757, #1087, #7196, #2687, #4171, #8134, #7978 ),
 .UNSPECIFIED., .F., .F.,
 ( 4, 1, 1, 1, 1, 1, 1, 1, 1, 1, 1, 1, 1, 1, 1, 1, 4 ),
 ( 0.0000000000000000000, 0.06245950197064258080, 0.1229088379197218750, 0.1816789252333549654, 0.2401525926561263458, 0.2982536086166063249, 0.3572605892586150356, 0.4177149858893287604, 0.4800980320137073210, 0.5434871171908048915, 0.6058936981674255540, 0.6684706421132323717, 0.7319378633808535373, 0.7960381993776410869, 0.8616927542954176955, 0.9296444076927371514, 1.000000000000000000 ),
 .UNSPECIFIED. ) ;
#2976 = DIRECTION ( 'NONE',  ( -0.0000000000000000000, 1.000000000000000000, -0.0000000000000000000 ) ) ;
#2977 = CARTESIAN_POINT ( 'NONE',  ( 0.1130852790661194124, 1.190099999999999936, -0.5334824094335345324 ) ) ;
#2978 = CARTESIAN_POINT ( 'NONE',  ( 0.6458895466613413516, 1.190099999999999936, -0.6129314406264538828 ) ) ;
#2979 = CARTESIAN_POINT ( 'NONE',  ( -0.7582771200053256555, 1.190099999999999936, -0.6756718252418384418 ) ) ;
#2980 = CARTESIAN_POINT ( 'NONE',  ( 0.004352585071755230191, 1.190099999999999936, -0.3861994937099111902 ) ) ;
#2981 = VECTOR ( 'NONE', #2799, 1000.000000000000227 ) ;
#2982 = LINE ( 'NONE', #2069, #9169 ) ;
#2983 = DIRECTION ( 'NONE',  ( -1.000000000000000000, 0.0000000000000000000, -0.0000000000000000000 ) ) ;
#2984 = ADVANCED_FACE ( 'NONE', ( #7807 ), #8777, .T. ) ;
#2985 = CARTESIAN_POINT ( 'NONE',  ( -2.499999999999999556, -0.1000000000000004358, 1.750000000000000000 ) ) ;
#2986 = CARTESIAN_POINT ( 'NONE',  ( 0.8933192798328273287, 1.190099999999999492, 0.1782382906841596670 ) ) ;
#2987 = CARTESIAN_POINT ( 'NONE',  ( 0.8790509054778063991, 1.190099999999999714, 0.1138135735011655131 ) ) ;
#2988 = DIRECTION ( 'NONE',  ( -0.0000000000000000000, -1.000000000000000000, -0.0000000000000000000 ) ) ;
#2989 = EDGE_CURVE ( 'NONE', #7745, #1414, #4818, .T. ) ;
#2990 = AXIS2_PLACEMENT_3D ( 'NONE', #6189, #6089, #9329 ) ;
#2991 = CARTESIAN_POINT ( 'NONE',  ( 0.3974650955533865493, 1.190100000000000158, -0.3869205511655111063 ) ) ;
#2992 = ORIENTED_EDGE ( 'NONE', *, *, #9746, .F. ) ;
#2993 = B_SPLINE_SURFACE_WITH_KNOTS ( 'NONE', 3, 1, ( 
 ( #9655, #6578 ),
 ( #4924, #5549 ),
 ( #1128, #8170 ),
 ( #406, #295 ),
 ( #2721, #1074 ),
 ( #8121, #2616 ),
 ( #246, #1852 ),
 ( #63, #7338 ),
 ( #1183, #6525 ),
 ( #3387, #2013 ),
 ( #5082, #4262 ),
 ( #3203, #8068 ),
 ( #3439, #3547 ),
 ( #1797, #1028 ),
 ( #8887, #4368 ),
 ( #5798, #3495 ),
 ( #5137, #1954 ),
 ( #8224, #4158 ),
 ( #8279, #5846 ) ),
 .UNSPECIFIED., .F., .F., .F.,
 ( 4, 1, 1, 1, 1, 1, 1, 1, 1, 1, 1, 1, 1, 1, 1, 1, 4 ),
 ( 2, 2 ),
 ( 0.0000000000000000000, 0.07554396835634026586, 0.1480525798285250716, 0.2172230472500465137, 0.2845778397014352978, 0.3497896569535852707, 0.4140797655511749276, 0.4775402308613226898, 0.5412579114512499068, 0.6038185100294689578, 0.6635800461115809457, 0.7211192641074530840, 0.7772645163935689716, 0.8323510444172664835, 0.8875021962795346386, 0.9431049193542937470, 1.000000000000000000 ),
 ( 0.0000000000000000000, 1.000000000000000000 ),
 .UNSPECIFIED. ) ;
#2994 = CARTESIAN_POINT ( 'NONE',  ( 0.9039487637545532417, 1.190099999999999936, 0.2595488959645285143 ) ) ;
#2995 = SURFACE_STYLE_FILL_AREA ( #4486 ) ;
#2996 = SURFACE_SIDE_STYLE ('',( #10032 ) ) ;
#2997 = VECTOR ( 'NONE', #9539, 1000.000000000000000 ) ;
#2998 = EDGE_CURVE ( 'NONE', #5828, #6214, #3886, .T. ) ;
#2999 = EDGE_CURVE ( 'NONE', #5679, #4487, #7171, .T. ) ;
#3000 = CARTESIAN_POINT ( 'NONE',  ( 0.3638382646100591367, 1.190099999999999936, -0.6140532354982487506 ) ) ;
#3001 = ORIENTED_EDGE ( 'NONE', *, *, #8944, .F. ) ;
#3002 = CARTESIAN_POINT ( 'NONE',  ( 0.6202485210203155797, 1.190099999999999936, -0.4222263124213256336 ) ) ;
#3003 = CARTESIAN_POINT ( 'NONE',  ( 0.7597765510842472425, 1.190100000000000158, 0.1487147807497479768 ) ) ;
#3004 = CARTESIAN_POINT ( 'NONE',  ( 0.7810208275728272032, 1.190000000000000169, 0.3696176177539741703 ) ) ;
#3005 = CARTESIAN_POINT ( 'NONE',  ( 0.6660888599064980209, 1.190100000000000380, -0.4114593904570667537 ) ) ;
#3006 = DIRECTION ( 'NONE',  ( 0.0000000000000000000, -1.000000000000000000, 0.0000000000000000000 ) ) ;
#3007 = AXIS2_PLACEMENT_3D ( 'NONE', #2220, #5241, #9263 ) ;
#3008 = FACE_OUTER_BOUND ( 'NONE', #1420, .T. ) ;
#3009 = CARTESIAN_POINT ( 'NONE',  ( 0.8674739003959843764, 1.190099999999999492, 0.1543508223232409049 ) ) ;
#3010 = ORIENTED_EDGE ( 'NONE', *, *, #1646, .T. ) ;
#3011 = DIRECTION ( 'NONE',  ( 0.0000000000000000000, 0.0000000000000000000, 1.000000000000000000 ) ) ;
#3012 = AXIS2_PLACEMENT_3D ( 'NONE', #2811, #2958, #9848 ) ;
#3013 = CARTESIAN_POINT ( 'NONE',  ( -1.238161945454521851, 1.189999999999999725, -0.3259713742320922147 ) ) ;
#3014 = SURFACE_STYLE_USAGE ( .BOTH. , #3778 ) ;
#3015 = ORIENTED_EDGE ( 'NONE', *, *, #3789, .F. ) ;
#3016 = CARTESIAN_POINT ( 'NONE',  ( 0.1460498030715975948, 1.189999999999999503, -0.4961846457546589262 ) ) ;
#3017 = EDGE_CURVE ( 'NONE', #2003, #9945, #6313, .T. ) ;
#3018 = LINE ( 'NONE', #6156, #6217 ) ;
#3019 = CARTESIAN_POINT ( 'NONE',  ( 2.499999999999999556, -0.09999999999999933942, -1.750000000000000000 ) ) ;
#3020 = CARTESIAN_POINT ( 'NONE',  ( 0.1502542286202601385, 1.189999999999999725, -0.2963898310218738841 ) ) ;
#3021 = DIRECTION ( 'NONE',  ( -0.0000000000000000000, -1.000000000000000000, -0.0000000000000000000 ) ) ;
#3022 = PRESENTATION_STYLE_ASSIGNMENT (( #8721 ) ) ;
#3023 = CARTESIAN_POINT ( 'NONE',  ( -3.839783448439272107, 0.8149999999999998357, 0.2500000000000000000 ) ) ;
#3024 = ORIENTED_EDGE ( 'NONE', *, *, #9400, .F. ) ;
#3025 = CARTESIAN_POINT ( 'NONE',  ( 0.5753762149399904713, 1.190099999999999936, -0.6565331768425471948 ) ) ;
#3026 = DIRECTION ( 'NONE',  ( 1.000000000000000000, 0.0000000000000000000, 0.0000000000000000000 ) ) ;
#3027 = CARTESIAN_POINT ( 'NONE',  ( -1.277187376415582110, 1.190099999999999936, -0.6141333637033769000 ) ) ;
#3028 = ORIENTED_EDGE ( 'NONE', *, *, #2814, .F. ) ;
#3029 = CARTESIAN_POINT ( 'NONE',  ( 0.04811891108577828063, 1.190100000000000158, -0.3255323608519974377 ) ) ;
#3030 = EDGE_CURVE ( 'NONE', #687, #5045, #864, .T. ) ;
#3031 = LINE ( 'NONE', #5380, #3279 ) ;
#3032 = CARTESIAN_POINT ( 'NONE',  ( 0.2441828244786959923, 1.189999999999999947, -0.4325056048084938709 ) ) ;
#3033 = CARTESIAN_POINT ( 'NONE',  ( -1.065269660866133172, 1.189999999999999947, -0.3512880260881692251 ) ) ;
#3034 = FACE_BOUND ( 'NONE', #3149, .T. ) ;
#3035 = CARTESIAN_POINT ( 'NONE',  ( 0.4262614198950580024, 1.189999999999999725, -0.5781861563196674103 ) ) ;
#3036 = CARTESIAN_POINT ( 'NONE',  ( -2.999999999999999556, -0.1000000000000004358, 1.750000000000000000 ) ) ;
#3037 = FILL_AREA_STYLE ('',( #1442 ) ) ;
#3038 = CARTESIAN_POINT ( 'NONE',  ( 0.5919512851988977253, 1.190100000000000380, -0.3130169442839405014 ) ) ;
#3039 = CARTESIAN_POINT ( 'NONE',  ( 0.4330690338408282880, 1.189999999999999725, -0.5292775944726076931 ) ) ;
#3040 = EDGE_CURVE ( 'NONE', #1688, #8567, #3159, .T. ) ;
#3041 = VERTEX_POINT ( 'NONE', #8972 ) ;
#3042 = DIRECTION ( 'NONE',  ( -0.0000000000000000000, -1.000000000000000000, -0.0000000000000000000 ) ) ;
#3043 = CARTESIAN_POINT ( 'NONE',  ( 0.6664023671741616806, 1.190099999999999936, -0.4229474662674794772 ) ) ;
#3044 = ORIENTED_EDGE ( 'NONE', *, *, #1544, .F. ) ;
#3045 = CARTESIAN_POINT ( 'NONE',  ( -1.149675442185563945, 1.190099999999999936, -0.5062218639470341675 ) ) ;
#3046 = CARTESIAN_POINT ( 'NONE',  ( 0.5454136447471746862, 1.190000000000000169, -0.6710629589560351826 ) ) ;
#3047 = CARTESIAN_POINT ( 'NONE',  ( 3.000000000000000000, 0.05000000000000000278, -1.599999999999998757 ) ) ;
#3048 = CARTESIAN_POINT ( 'NONE',  ( 0.2918497565070515831, 1.189999999999999947, -0.4102661992987677309 ) ) ;
#3049 = CARTESIAN_POINT ( 'NONE',  ( 0.6823004944171604524, 1.190099999999999936, 0.2586563581175293502 ) ) ;
#3050 = ADVANCED_FACE ( 'NONE', ( #185 ), #9595, .T. ) ;
#3051 = EDGE_CURVE ( 'NONE', #6008, #9085, #5723, .T. ) ;
#3052 = CARTESIAN_POINT ( 'NONE',  ( 0.8509608116800982947, 1.190099999999999936, 0.1465871747810015835 ) ) ;
#3053 = ORIENTED_EDGE ( 'NONE', *, *, #3182, .T. ) ;
#3054 = CARTESIAN_POINT ( 'NONE',  ( 0.9336858430885226490, 1.189999999999999947, 0.2862938191049630987 ) ) ;
#3055 = LINE ( 'NONE', #9334, #8268 ) ;
#3056 = PLANE ( 'NONE',  #7412 ) ;
#3057 = ORIENTED_EDGE ( 'NONE', *, *, #8148, .F. ) ;
#3058 = CARTESIAN_POINT ( 'NONE',  ( -0.6180787706459119901, 1.190099999999999936, -0.5556888144853866507 ) ) ;
#3059 = CARTESIAN_POINT ( 'NONE',  ( 0.06838378493459749963, 1.189999999999999947, -0.4672173325482010808 ) ) ;
#3060 = ADVANCED_FACE ( 'NONE', ( #1169 ), #2601, .T. ) ;
#3061 = VERTEX_POINT ( 'NONE', #1840 ) ;
#3062 = CARTESIAN_POINT ( 'NONE',  ( -0.9860690603623973871, 1.189999999999999947, -0.3682247191006216558 ) ) ;
#3063 = DIRECTION ( 'NONE',  ( 1.000000000000000000, 0.0000000000000000000, 2.706841863525071973E-15 ) ) ;
#3064 = ORIENTED_EDGE ( 'NONE', *, *, #8759, .F. ) ;
#3065 = B_SPLINE_SURFACE_WITH_KNOTS ( 'NONE', 3, 1, ( 
 ( #5730, #1844 ),
 ( #4970, #8115 ),
 ( #288, #1898 ),
 ( #8164, #5840 ),
 ( #3584, #9805 ),
 ( #5954, #1424 ),
 ( #9030, #8318 ),
 ( #6819, #4549 ),
 ( #9909, #2006 ),
 ( #2824, #8364 ),
 ( #7691, #9187 ) ),
 .UNSPECIFIED., .F., .F., .F.,
 ( 4, 1, 1, 1, 1, 1, 1, 1, 4 ),
 ( 2, 2 ),
 ( 0.0000000000000000000, 0.1189513029219548546, 0.2339018970266829589, 0.3481239514211720287, 0.4646898555378167761, 0.5857562228576354002, 0.7138319466635923982, 0.8516019551000819643, 1.000000000000000000 ),
 ( 0.0000000000000000000, 1.000000000000000000 ),
 .UNSPECIFIED. ) ;
#3066 = CARTESIAN_POINT ( 'NONE',  ( 0.1633544947616125398, 1.189999999999999947, -0.2967965911748772223 ) ) ;
#3067 = CARTESIAN_POINT ( 'NONE',  ( 0.9436119573381049896, 1.190100000000000158, 0.2402663533092784243 ) ) ;
#3068 = CARTESIAN_POINT ( 'NONE',  ( -0.9130848123130180793, 1.190099999999999936, -0.5833641329341461290 ) ) ;
#3069 = CARTESIAN_POINT ( 'NONE',  ( 0.5047036492254438622, 1.190099999999999936, -0.6756718252418384418 ) ) ;
#3070 = VERTEX_POINT ( 'NONE', #8159 ) ;
#3071 = CARTESIAN_POINT ( 'NONE',  ( -1.216131502559945510, 1.190100000000000158, -0.3633141799007673645 ) ) ;
#3072 = CARTESIAN_POINT ( 'NONE',  ( 0.7233261354428014434, 1.190099999999999936, 0.1612204606816319274 ) ) ;
#3073 = LINE ( 'NONE', #2213, #2280 ) ;
#3074 = DIRECTION ( 'NONE',  ( 0.0000000000000000000, 0.0000000000000000000, -1.000000000000000000 ) ) ;
#3075 = CARTESIAN_POINT ( 'NONE',  ( -0.9247628703680533802, 1.189999999999999947, 0.1176307170918883399 ) ) ;
#3076 = CARTESIAN_POINT ( 'NONE',  ( -1.096389758949661397, 1.190099999999999936, -0.3405077546612600981 ) ) ;
#3077 = CARTESIAN_POINT ( 'NONE',  ( -2.499999999999999556, 0.05000000000000066197, 1.749999999999999334 ) ) ;
#3078 = FACE_BOUND ( 'NONE', #7098, .T. ) ;
#3079 = EDGE_CURVE ( 'NONE', #37, #8363, #3328, .T. ) ;
#3080 = CARTESIAN_POINT ( 'NONE',  ( 0.9438389559556220609, 1.190100000000000158, 0.2305313581175293947 ) ) ;
#3081 = CARTESIAN_POINT ( 'NONE',  ( 0.2274419632368316346, 1.190099999999999936, -0.3166481345427545890 ) ) ;
#3082 = CARTESIAN_POINT ( 'NONE',  ( 0.4727832387212017040, 1.190000000000000391, -0.3396256554262667149 ) ) ;
#3083 = CARTESIAN_POINT ( 'NONE',  ( 0.9284543405710066200, 1.190099999999999936, -0.03877953931836808366 ) ) ;
#3084 = CARTESIAN_POINT ( 'NONE',  ( -1.226548307677625127, 1.190000000000000169, -0.3746142341309081081 ) ) ;
#3085 = CARTESIAN_POINT ( 'NONE',  ( 0.1532059573794345708, 1.190099999999999714, -0.5371762994616451348 ) ) ;
#3086 = CARTESIAN_POINT ( 'NONE',  ( 0.4203285750596896242, 1.190100000000000380, -0.3109209301944642623 ) ) ;
#3087 = ORIENTED_EDGE ( 'NONE', *, *, #7928, .T. ) ;
#3088 = DIRECTION ( 'NONE',  ( -1.000000000000000000, 0.0000000000000000000, -0.0000000000000000000 ) ) ;
#3089 = VECTOR ( 'NONE', #72, 1000.000000000000000 ) ;
#3090 = CARTESIAN_POINT ( 'NONE',  ( 0.6274045900107232399, 1.190000000000000391, -0.5016881079069344107 ) ) ;
#3091 = ORIENTED_EDGE ( 'NONE', *, *, #7945, .F. ) ;
#3092 = CARTESIAN_POINT ( 'NONE',  ( 0.5071876235844181569, 1.189999999999999725, -0.7166974662674795438 ) ) ;
#3093 = EDGE_CURVE ( 'NONE', #1008, #10054, #4306, .T. ) ;
#3094 = DIRECTION ( 'NONE',  ( 0.0000000000000000000, 0.0000000000000000000, 1.000000000000000000 ) ) ;
#3095 = CARTESIAN_POINT ( 'NONE',  ( 0.4193235952316850534, 1.190100000000000380, -0.6954448810044467910 ) ) ;
#3096 = VECTOR ( 'NONE', #8226, 1000.000000000000000 ) ;
#3097 = CARTESIAN_POINT ( 'NONE',  ( 1.322812623584417979, 1.190099999999999936, -0.4852070816520949181 ) ) ;
#3098 = DIRECTION ( 'NONE',  ( 0.0000000000000000000, -0.0000000000000000000, -1.000000000000000000 ) ) ;
#3099 = AXIS2_PLACEMENT_3D ( 'NONE', #4201, #9601, #8827 ) ;
#3100 = SURFACE_SIDE_STYLE ('',( #7734 ) ) ;
#3101 = ORIENTED_EDGE ( 'NONE', *, *, #7813, .F. ) ;
#3102 = CARTESIAN_POINT ( 'NONE',  ( 0.9438389559556219499, 1.189999999999999947, 0.2305313581175293669 ) ) ;
#3103 = ORIENTED_EDGE ( 'NONE', *, *, #4843, .T. ) ;
#3104 = EDGE_CURVE ( 'NONE', #239, #626, #4250, .T. ) ;
#3105 = VECTOR ( 'NONE', #264, 1000.000000000000000 ) ;
#3106 = CARTESIAN_POINT ( 'NONE',  ( -1.257238143420140508, 1.189999999999999503, -0.3427685143725301420 ) ) ;
#3107 = LINE ( 'NONE', #6250, #2827 ) ;
#3108 = SURFACE_SIDE_STYLE ('',( #2293 ) ) ;
#3109 = CARTESIAN_POINT ( 'NONE',  ( 2.499999999999999556, -0.1000000000000004358, 1.750000000000000000 ) ) ;
#3110 = AXIS2_PLACEMENT_3D ( 'NONE', #4918, #4202, #8117 ) ;
#3111 = ORIENTED_EDGE ( 'NONE', *, *, #7619, .F. ) ;
#3112 = CARTESIAN_POINT ( 'NONE',  ( -1.050259605638594662, 1.190000000000000391, -0.3129201241279265244 ) ) ;
#3113 = FACE_OUTER_BOUND ( 'NONE', #1110, .T. ) ;
#3114 = ORIENTED_EDGE ( 'NONE', *, *, #5743, .F. ) ;
#3115 = EDGE_CURVE ( 'NONE', #9095, #8776, #9524, .T. ) ;
#3116 = DIRECTION ( 'NONE',  ( 0.0000000000000000000, 4.445228907190556820E-14, -1.000000000000000000 ) ) ;
#3117 = ADVANCED_FACE ( 'NONE', ( #2756 ), #2710, .F. ) ;
#3118 = DIRECTION ( 'NONE',  ( 0.9902680687415702510, -0.1391731009600657432, 0.0000000000000000000 ) ) ;
#3119 = CARTESIAN_POINT ( 'NONE',  ( -1.131674555902761892, 1.190000000000000613, -0.6756718252418385529 ) ) ;
#3120 = CARTESIAN_POINT ( 'NONE',  ( -1.137019405784261306, 1.190099999999999936, -0.3372600557066522398 ) ) ;
#3121 = FILL_AREA_STYLE ('',( #6113 ) ) ;
#3122 = VECTOR ( 'NONE', #3704, 1000.000000000000000 ) ;
#3123 = EDGE_LOOP ( 'NONE', ( #1150, #299, #7846, #4102 ) ) ;
#3124 = DIRECTION ( 'NONE',  ( -1.000000000000000000, 0.0000000000000000000, 0.0000000000000000000 ) ) ;
#3125 = VECTOR ( 'NONE', #9904, 1000.000000000000000 ) ;
#3126 = CARTESIAN_POINT ( 'NONE',  ( -1.161942357547540716, 1.190099999999999936, -0.08749748803631683669 ) ) ;
#3127 = DIRECTION ( 'NONE',  ( -0.0000000000000000000, -1.000000000000000000, -0.0000000000000000000 ) ) ;
#3128 = ORIENTED_EDGE ( 'NONE', *, *, #9844, .F. ) ;
#3129 = PRESENTATION_LAYER_ASSIGNMENT (  '', '', ( #8552 ) ) ;
#3130 = CARTESIAN_POINT ( 'NONE',  ( -1.042756864971529529, 1.189999999999999947, -0.6368994160738373767 ) ) ;
#3131 = CARTESIAN_POINT ( 'NONE',  ( 0.5927744412101915161, 1.190099999999999936, -0.5897833735372425279 ) ) ;
#3132 = CONICAL_SURFACE ( 'NONE', #11, 0.3750000000000001110, 0.1396263401595466691 ) ;
#3133 = CARTESIAN_POINT ( 'NONE',  ( -3.339783448439273439, 0.8149999999999998357, 0.2499999999999999445 ) ) ;
#3134 = AXIS2_PLACEMENT_3D ( 'NONE', #6678, #9248, #2155 ) ;
#3135 = FACE_BOUND ( 'NONE', #3168, .T. ) ;
#3136 = CARTESIAN_POINT ( 'NONE',  ( 0.4139770591429575708, 1.190100000000000158, -0.5951775713978026960 ) ) ;
#3137 = CARTESIAN_POINT ( 'NONE',  ( 0.9391338821304431317, 1.190099999999999714, 0.1904244529921250983 ) ) ;
#3138 = SURFACE_SIDE_STYLE ('',( #9409 ) ) ;
#3139 = FACE_OUTER_BOUND ( 'NONE', #4603, .T. ) ;
#3140 = CARTESIAN_POINT ( 'NONE',  ( 0.4154939715501843600, 1.190100000000000158, -0.4735061142755849217 ) ) ;
#3141 = AXIS2_PLACEMENT_3D ( 'NONE', #2228, #580, #4386 ) ;
#3142 = CARTESIAN_POINT ( 'NONE',  ( 0.9078453603274981853, 1.190099999999999936, 0.2325654142325203066 ) ) ;
#3143 = CARTESIAN_POINT ( 'NONE',  ( 0.02834522189556048719, 1.189999999999999947, -0.4991897039779127909 ) ) ;
#3144 = CARTESIAN_POINT ( 'NONE',  ( -1.039960526779569960, 1.190099999999999936, -0.6311378734757463471 ) ) ;
#3145 = VERTEX_POINT ( 'NONE', #236 ) ;
#3146 = CARTESIAN_POINT ( 'NONE',  ( 0.1436459569177513940, 1.190099999999999936, -0.2961846457546589706 ) ) ;
#3147 = ORIENTED_EDGE ( 'NONE', *, *, #5527, .F. ) ;
#3148 = CARTESIAN_POINT ( 'NONE',  ( 0.5889123945027714413, 1.189999999999999947, -0.3625281014897689946 ) ) ;
#3149 = EDGE_LOOP ( 'NONE', ( #6919, #6870, #4706, #778, #249, #228, #5577, #2608, #6517, #550, #6994 ) ) ;
#3150 = CARTESIAN_POINT ( 'NONE',  ( -1.128695046605278529, 1.190099999999999492, -0.5048394443205653781 ) ) ;
#3151 = FACE_OUTER_BOUND ( 'NONE', #4278, .T. ) ;
#3152 = CARTESIAN_POINT ( 'NONE',  ( 0.6829310867476379165, 1.190000000000000169, 0.2627285806479222052 ) ) ;
#3153 = DIRECTION ( 'NONE',  ( 1.000000000000000000, 0.0000000000000000000, 0.0000000000000000000 ) ) ;
#3154 = CARTESIAN_POINT ( 'NONE',  ( -1.085376358285210729, 1.190099999999999936, -0.3433847334328040124 ) ) ;
#3155 =( GEOMETRIC_REPRESENTATION_CONTEXT ( 3 ) GLOBAL_UNCERTAINTY_ASSIGNED_CONTEXT ( ( #5579 ) ) GLOBAL_UNIT_ASSIGNED_CONTEXT ( ( #9167, #8408, #6905 ) ) REPRESENTATION_CONTEXT ( 'NONE', 'WORKASPACE' ) );
#3156 = DIRECTION ( 'NONE',  ( 0.0000000000000000000, -0.9902680687415703620, 0.1391731009600657432 ) ) ;
#3157 = EDGE_CURVE ( 'NONE', #7419, #3597, #3376, .T. ) ;
#3158 = ORIENTED_EDGE ( 'NONE', *, *, #5777, .T. ) ;
#3159 = B_SPLINE_CURVE_WITH_KNOTS ( 'NONE', 3,
 ( #8670, #1685, #2505, #1632, #3992, #9487, #131, #6358, #3071, #5068, #5835 ),
 .UNSPECIFIED., .F., .F.,
 ( 4, 1, 1, 1, 1, 1, 1, 1, 4 ),
 ( 0.0000000000000000000, 0.1456144939021895568, 0.2845246328478385212, 0.4168046540708054137, 0.5426027467521845615, 0.6623944068372308314, 0.7783055069658285641, 0.8904745372333072728, 1.000000000000000000 ),
 .UNSPECIFIED. ) ;
#3160 = CARTESIAN_POINT ( 'NONE',  ( 0.8515247472359960268, 1.190100000000000158, 0.3647102026985725165 ) ) ;
#3161 = CARTESIAN_POINT ( 'NONE',  ( -1.265445643874941517, 1.190000000000000169, -0.3525141355808765198 ) ) ;
#3162 = LINE ( 'NONE', #4127, #8402 ) ;
#3163 = CARTESIAN_POINT ( 'NONE',  ( 0.7856104957944781697, 1.190100000000000158, 0.3282554895106565840 ) ) ;
#3164 = CARTESIAN_POINT ( 'NONE',  ( 0.5071876235844181569, 1.190000000000000613, -0.7166974662674795438 ) ) ;
#3165 = B_SPLINE_CURVE_WITH_KNOTS ( 'NONE', 3,
 ( #1904, #4322, #1234, #8983, #2770, #7454, #5902, #5025, #354, #7397, #6635 ),
 .UNSPECIFIED., .F., .F.,
 ( 4, 1, 1, 1, 1, 1, 1, 1, 4 ),
 ( 0.0000000000000000000, 0.1324918285126771567, 0.2620840711968590586, 0.3868733936475049484, 0.5102457872182868392, 0.6317493136083359717, 0.7527724416211460934, 0.8759276938205007301, 1.000000000000000000 ),
 .UNSPECIFIED. ) ;
#3166 = EDGE_CURVE ( 'NONE', #6927, #1269, #7382, .T. ) ;
#3167 = VECTOR ( 'NONE', #4838, 1000.000000000000000 ) ;
#3168 = EDGE_LOOP ( 'NONE', ( #1821, #1946, #9132, #2482, #4360, #9852, #9172, #678 ) ) ;
#3169 = LINE ( 'NONE', #5366, #4736 ) ;
#3170 = CARTESIAN_POINT ( 'NONE',  ( 0.5604495127416111444, 1.189999999999999947, -0.4965471630454058038 ) ) ;
#3171 = VERTEX_POINT ( 'NONE', #6564 ) ;
#3172 = CARTESIAN_POINT ( 'NONE',  ( -0.6784671889207491979, 1.189999999999999947, -0.5379340836615275068 ) ) ;
#3173 =( LENGTH_UNIT ( ) NAMED_UNIT ( * ) SI_UNIT ( .MILLI., .METRE. ) );
#3174 = CARTESIAN_POINT ( 'NONE',  ( -0.7479398058484317824, 1.190099999999999936, -0.6754316154203359179 ) ) ;
#3175 = CARTESIAN_POINT ( 'NONE',  ( 0.05422287999467438613, 1.190099999999999936, -0.5341654149854282441 ) ) ;
#3176 = CARTESIAN_POINT ( 'NONE',  ( 2.999999999999999556, -0.04999999999999933664, -3.872150616019609307E-19 ) ) ;
#3177 = ORIENTED_EDGE ( 'NONE', *, *, #855, .T. ) ;
#3178 = CARTESIAN_POINT ( 'NONE',  ( 2.999999999999999556, -0.1000000000000004358, 1.750000000000000000 ) ) ;
#3179 = DIRECTION ( 'NONE',  ( -0.0000000000000000000, -1.000000000000000000, -0.0000000000000000000 ) ) ;
#3180 = DIRECTION ( 'NONE',  ( 0.0000000000000000000, -0.0000000000000000000, 1.000000000000000000 ) ) ;
#3181 = ORIENTED_EDGE ( 'NONE', *, *, #2042, .F. ) ;
#3182 = EDGE_CURVE ( 'NONE', #4593, #4963, #9696, .T. ) ;
#3183 = ADVANCED_FACE ( 'NONE', ( #1892 ), #342, .T. ) ;
#3184 = DIRECTION ( 'NONE',  ( 0.0000000000000000000, 0.0000000000000000000, 1.000000000000000000 ) ) ;
#3185 = CARTESIAN_POINT ( 'NONE',  ( -1.049091472582121432, 1.190000000000000613, -0.5805720504624723999 ) ) ;
#3186 = FACE_BOUND ( 'NONE', #5085, .T. ) ;
#3187 = CARTESIAN_POINT ( 'NONE',  ( 0.4702484588307864199, 1.190000000000000169, -0.5524616147670392552 ) ) ;
#3188 = CARTESIAN_POINT ( 'NONE',  ( -1.120965378566332937, 1.190099999999999936, -0.5496940889169895650 ) ) ;
#3189 = CARTESIAN_POINT ( 'NONE',  ( -0.7614069099474667368, 1.190099999999999936, -0.7165987107225129105 ) ) ;
#3190 = CARTESIAN_POINT ( 'NONE',  ( 0.5047036492254438622, 1.190000000000000169, -0.3372102867802999615 ) ) ;
#3191 = DIRECTION ( 'NONE',  ( -0.0000000000000000000, -1.000000000000000000, -0.0000000000000000000 ) ) ;
#3192 = CARTESIAN_POINT ( 'NONE',  ( 2.999999999999999556, -1.230654267715320715, 1.749999999999999778 ) ) ;
#3193 = CARTESIAN_POINT ( 'NONE',  ( 0.3433829793305241407, 1.190100000000000158, -0.4224700221593540306 ) ) ;
#3194 = CARTESIAN_POINT ( 'NONE',  ( 0.4099921107639052931, 1.190099999999999936, -0.6134923380623513722 ) ) ;
#3195 = ORIENTED_EDGE ( 'NONE', *, *, #9648, .F. ) ;
#3196 = CARTESIAN_POINT ( 'NONE',  ( 0.01864831919931172338, 1.190100000000000380, -0.3564705636380589016 ) ) ;
#3197 = ORIENTED_EDGE ( 'NONE', *, *, #1993, .F. ) ;
#3198 = CARTESIAN_POINT ( 'NONE',  ( 0.5084443812703787202, 1.190000000000000391, -0.6756051361636160602 ) ) ;
#3199 = CARTESIAN_POINT ( 'NONE',  ( -0.9764621443576858573, 1.190099999999999714, -0.4627781101930281138 ) ) ;
#3200 = CARTESIAN_POINT ( 'NONE',  ( 0.6277331168510237314, 1.190099999999999936, -0.6643035223519062615 ) ) ;
#3201 = CARTESIAN_POINT ( 'NONE',  ( -0.9247628703680533802, 1.189999999999999947, -0.1387795393183680615 ) ) ;
#3202 = ADVANCED_FACE ( 'NONE', ( #7537 ), #9023, .T. ) ;
#3203 = CARTESIAN_POINT ( 'NONE',  ( -0.6330385254632454606, 1.190100000000000602, -0.6625465627585549466 ) ) ;
#3204 = DIRECTION ( 'NONE',  ( 0.0000000000000000000, 1.000000000000000000, 0.0000000000000000000 ) ) ;
#3205 = B_SPLINE_CURVE_WITH_KNOTS ( 'NONE', 3,
 ( #9906, #9129, #9851, #2820, #5172, #1272, #4405, #285, #4547, #645, #7747, #2345, #5464, #694, #597, #2912, #9951, #8611, #9385 ),
 .UNSPECIFIED., .F., .F.,
 ( 4, 1, 1, 1, 1, 1, 1, 1, 1, 1, 1, 1, 1, 1, 1, 1, 4 ),
 ( 0.0000000000000000000, 0.08509588100049550463, 0.1648565428655874576, 0.2404826493441201141, 0.3116570966467389070, 0.3798435065727797100, 0.4452954398499554545, 0.5085967579735578559, 0.5709838827405449013, 0.6316255810541543392, 0.6890224779741618288, 0.7440673439359557495, 0.7968695667721228393, 0.8483349294676487684, 0.8989105256038889546, 0.9492459449450392217, 1.000000000000000000 ),
 .UNSPECIFIED. ) ;
#3206 = CARTESIAN_POINT ( 'NONE',  ( -0.6784671889207491979, 1.190099999999999936, -0.5379340836615275068 ) ) ;
#3207 = CARTESIAN_POINT ( 'NONE',  ( -2.999999999999999556, -1.279882393104615934, -1.741248333264124426 ) ) ;
#3208 = ADVANCED_FACE ( 'NONE', ( #9181 ), #497, .T. ) ;
#3209 = CARTESIAN_POINT ( 'NONE',  ( -1.279129458437992861, 1.190099999999999714, -0.3745975351697944933 ) ) ;
#3210 = CARTESIAN_POINT ( 'NONE',  ( -1.161942357547540716, 1.189999999999999947, -0.08749748803631683669 ) ) ;
#3211 = CARTESIAN_POINT ( 'NONE',  ( 0.5073478799946745665, 1.189999999999999947, -0.5064410560110692572 ) ) ;
#3212 = CARTESIAN_POINT ( 'NONE',  ( 0.4519872793235966135, 1.190099999999999714, -0.7091847240789040940 ) ) ;
#3213 = CARTESIAN_POINT ( 'NONE',  ( -0.9815888171769476811, 1.189999999999999947, -0.3760371671078999167 ) ) ;
#3214 = CARTESIAN_POINT ( 'NONE',  ( 0.5787711867474394367, 1.189999999999999947, -0.4869169078132515871 ) ) ;
#3215 = ORIENTED_EDGE ( 'NONE', *, *, #7107, .F. ) ;
#3216 = FACE_OUTER_BOUND ( 'NONE', #9006, .T. ) ;
#3217 = CARTESIAN_POINT ( 'NONE',  ( 0.9042619271086750343, 1.190100000000000158, 0.3324544488185030566 ) ) ;
#3218 = CARTESIAN_POINT ( 'NONE',  ( -0.7548017790560135332, 1.190100000000000158, -0.6755910681886596603 ) ) ;
#3219 = EDGE_CURVE ( 'NONE', #5865, #5589, #5170, .T. ) ;
#3220 = FACE_BOUND ( 'NONE', #7385, .T. ) ;
#3221 = CARTESIAN_POINT ( 'NONE',  ( 2.999999999999999556, -1.230654267715319383, -1.899999999999999689 ) ) ;
#3222 = ORIENTED_EDGE ( 'NONE', *, *, #4613, .F. ) ;
#3223 = DIRECTION ( 'NONE',  ( 0.0000000000000000000, 0.1750333347174949650, 0.9845625077859064822 ) ) ;
#3224 = CARTESIAN_POINT ( 'NONE',  ( 0.8179575456992117521, 1.190000000000000391, 0.09968199914317038557 ) ) ;
#3225 = CARTESIAN_POINT ( 'NONE',  ( 0.1840929927191701510, 1.190000000000000169, -0.5352382615115438558 ) ) ;
#3226 = ORIENTED_EDGE ( 'NONE', *, *, #29, .T. ) ;
#3227 = FACE_OUTER_BOUND ( 'NONE', #6718, .T. ) ;
#3228 = UNCERTAINTY_MEASURE_WITH_UNIT (LENGTH_MEASURE( 1.000000000000000082E-05 ), #8316, 'distance_accuracy_value', 'NONE');
#3229 = CARTESIAN_POINT ( 'NONE',  ( -1.137259610827615841, 1.190099999999999936, -0.5477166656956473645 ) ) ;
#3230 = PLANE ( 'NONE',  #8202 ) ;
#3231 = PLANE ( 'NONE',  #1498 ) ;
#3232 = EDGE_CURVE ( 'NONE', #3301, #5012, #3632, .T. ) ;
#3233 = LINE ( 'NONE', #3288, #3494 ) ;
#3234 = CARTESIAN_POINT ( 'NONE',  ( -0.8665393348618025682, 1.190099999999999714, -0.6794226202105254631 ) ) ;
#3235 = EDGE_CURVE ( 'NONE', #5946, #5826, #5216, .T. ) ;
#3236 = CARTESIAN_POINT ( 'NONE',  ( 0.1633544947616125398, 1.190000000000000169, -0.2967965911748772223 ) ) ;
#3237 = LINE ( 'NONE', #3341, #7529 ) ;
#3238 = B_SPLINE_SURFACE_WITH_KNOTS ( 'NONE', 3, 1, ( 
 ( #667, #4622 ),
 ( #1492, #4568 ),
 ( #6938, #7711 ),
 ( #48, #7085 ),
 ( #3136, #10075 ),
 ( #5384, #8631 ),
 ( #5338, #2367 ),
 ( #9310, #3035 ),
 ( #1642, #4725 ),
 ( #9450, #1590 ),
 ( #9262, #1543 ),
 ( #7863, #10115 ),
 ( #4000, #6126 ),
 ( #816, #3187 ),
 ( #10166, #8486 ),
 ( #3801, #7770 ),
 ( #717, #764 ),
 ( #6276, #3949 ),
 ( #6983, #6321 ) ),
 .UNSPECIFIED., .F., .F., .F.,
 ( 4, 1, 1, 1, 1, 1, 1, 1, 1, 1, 1, 1, 1, 1, 1, 1, 4 ),
 ( 2, 2 ),
 ( 0.0000000000000000000, 0.04904771120335677664, 0.09726288038490926713, 0.1468684226495892975, 0.1982068340638117598, 0.2525071826542956144, 0.3106663891099110120, 0.3723674806948605309, 0.4394556248477716198, 0.5083190625530098483, 0.5767702777719746488, 0.6450173279336790522, 0.7134254604575841485, 0.7827695615486033320, 0.8534832777474178345, 0.9259756808182425525, 1.000000000000000000 ),
 ( 0.0000000000000000000, 1.000000000000000000 ),
 .UNSPECIFIED. ) ;
#3239 = CARTESIAN_POINT ( 'NONE',  ( -1.145166101599976560, 1.190099999999999492, -0.7164994207749446620 ) ) ;
#3240 = CARTESIAN_POINT ( 'NONE',  ( -0.6843667874046649446, 1.189999999999999947, -0.7029773302460367024 ) ) ;
#3241 = CARTESIAN_POINT ( 'NONE',  ( 0.006256296824322963787, 1.190000000000000391, -0.4563596159110770989 ) ) ;
#3242 = CARTESIAN_POINT ( 'NONE',  ( -1.063287927426327606, 1.190099999999999936, -0.6571412614534216656 ) ) ;
#3243 = VERTEX_POINT ( 'NONE', #1378 ) ;
#3244 = ORIENTED_EDGE ( 'NONE', *, *, #1980, .F. ) ;
#3245 = CARTESIAN_POINT ( 'NONE',  ( 0.6103183896893653593, 1.190000000000000613, -0.5132529678818066321 ) ) ;
#3246 = CARTESIAN_POINT ( 'NONE',  ( -1.015648914877120834, 1.190100000000000158, -0.4218256713956846649 ) ) ;
#3247 = EDGE_CURVE ( 'NONE', #2960, #9085, #4355, .T. ) ;
#3248 = CARTESIAN_POINT ( 'NONE',  ( 0.8179575456992117521, 1.189999999999999725, 0.09968199914317038557 ) ) ;
#3249 = CARTESIAN_POINT ( 'NONE',  ( -0.5048098790280343140, 1.190100000000000158, -0.3036003127288590120 ) ) ;
#3250 = ADVANCED_FACE ( 'NONE', ( #1321 ), #8359, .T. ) ;
#3251 = CARTESIAN_POINT ( 'NONE',  ( -0.6053925046207102589, 1.190099999999999936, -0.3064410560110692461 ) ) ;
#3252 = ORIENTED_EDGE ( 'NONE', *, *, #5742, .F. ) ;
#3253 = CARTESIAN_POINT ( 'NONE',  ( -1.128866483234701956, 1.190000000000000169, -0.3372791961763499935 ) ) ;
#3254 = CARTESIAN_POINT ( 'NONE',  ( -0.7001320067519239965, 1.190099999999999936, -0.5142156573800917840 ) ) ;
#3255 = AXIS2_PLACEMENT_3D ( 'NONE', #9563, #1702, #5492 ) ;
#3256 = CARTESIAN_POINT ( 'NONE',  ( -1.090910048376658725, 1.190000000000000169, -0.5566359768251045725 ) ) ;
#3257 = ORIENTED_EDGE ( 'NONE', *, *, #729, .T. ) ;
#3258 = MECHANICAL_DESIGN_GEOMETRIC_PRESENTATION_REPRESENTATION (  '', ( #5876 ), #8353 ) ;
#3259 = DIRECTION ( 'NONE',  ( 0.0000000000000000000, 0.0000000000000000000, 1.000000000000000000 ) ) ;
#3260 = CARTESIAN_POINT ( 'NONE',  ( 1.451531263647929615, 1.190099999999999936, -0.03877953931836808366 ) ) ;
#3261 = STYLED_ITEM ( 'NONE', ( #7721 ), #7730 ) ;
#3262 = CARTESIAN_POINT ( 'NONE',  ( 0.7181979303145963334, 1.190099999999999936, 0.2586563581175293502 ) ) ;
#3263 = FACE_OUTER_BOUND ( 'NONE', #8436, .T. ) ;
#3264 = CARTESIAN_POINT ( 'NONE',  ( -0.5284694276976332761, 1.190099999999999936, -0.3346461842161974620 ) ) ;
#3265 = VECTOR ( 'NONE', #2968, 1000.000000000000000 ) ;
#3266 = PLANE ( 'NONE',  #9501 ) ;
#3267 = VERTEX_POINT ( 'NONE', #8314 ) ;
#3268 = DIRECTION ( 'NONE',  ( 0.1378445374916289490, 0.9808148484639891418, 0.1378445374916288935 ) ) ;
#3269 = CARTESIAN_POINT ( 'NONE',  ( -2.999999999999999556, -1.239228125389295609, -0.9412483332641250477 ) ) ;
#3270 = CARTESIAN_POINT ( 'NONE',  ( -1.112005078538902181, 1.190099999999999714, -0.6745857752385511219 ) ) ;
#3271 = AXIS2_PLACEMENT_3D ( 'NONE', #7355, #5698, #9518 ) ;
#3272 = CARTESIAN_POINT ( 'NONE',  ( 0.1492838177713073367, 1.189999999999999947, -0.3372996543800642621 ) ) ;
#3273 = FACE_OUTER_BOUND ( 'NONE', #6910, .T. ) ;
#3274 = ORIENTED_EDGE ( 'NONE', *, *, #226, .F. ) ;
#3275 = CARTESIAN_POINT ( 'NONE',  ( -0.9900078892360949512, 1.190099999999999936, -0.6127711842161974731 ) ) ;
#3276 = LINE ( 'NONE', #8055, #1187 ) ;
#3277 = CARTESIAN_POINT ( 'NONE',  ( 0.1570273671741616306, 1.189999999999999947, -0.5372102867803000281 ) ) ;
#3278 = EDGE_LOOP ( 'NONE', ( #444, #8437, #8093, #6180 ) ) ;
#3279 = VECTOR ( 'NONE', #4669, 1000.000000000000000 ) ;
#3280 = VECTOR ( 'NONE', #9928, 1000.000000000000000 ) ;
#3281 = CARTESIAN_POINT ( 'NONE',  ( -1.074957521537586835, 1.190099999999999936, -0.3468511815004657328 ) ) ;
#3282 = EDGE_CURVE ( 'NONE', #9919, #1360, #4506, .T. ) ;
#3283 = CARTESIAN_POINT ( 'NONE',  ( -1.120965378566332937, 1.190099999999999936, -0.5496940889169895650 ) ) ;
#3284 = PLANE ( 'NONE',  #2955 ) ;
#3285 = VECTOR ( 'NONE', #3268, 999.9999999999998863 ) ;
#3286 = CARTESIAN_POINT ( 'NONE',  ( -0.4752130172909013184, 1.189999999999999725, -0.3658127919532380146 ) ) ;
#3287 = SURFACE_STYLE_USAGE ( .BOTH. , #4674 ) ;
#3288 = CARTESIAN_POINT ( 'NONE',  ( 1.451531263647929615, 1.189999999999999947, 0.3612204606816319385 ) ) ;
#3289 = CARTESIAN_POINT ( 'NONE',  ( -0.8940783673963245137, 1.190000000000000169, -0.6482783826614731959 ) ) ;
#3290 = VECTOR ( 'NONE', #6660, 1000.000000000000114 ) ;
#3291 = LINE ( 'NONE', #4872, #6271 ) ;
#3292 = CARTESIAN_POINT ( 'NONE',  ( 0.01873224392195583718, 1.190099999999999936, -0.4837212439622663451 ) ) ;
#3293 = ORIENTED_EDGE ( 'NONE', *, *, #8899, .T. ) ;
#3294 = DIRECTION ( 'NONE',  ( -0.0000000000000000000, -1.000000000000000000, -0.0000000000000000000 ) ) ;
#3295 = CARTESIAN_POINT ( 'NONE',  ( -0.9943035737436592969, 1.190099999999999936, -0.6390469598572341425 ) ) ;
#3296 = B_SPLINE_CURVE_WITH_KNOTS ( 'NONE', 3,
 ( #6211, #2307, #3840, #4716, #7124, #755, #10155, #4610, #7854, #5475, #4034, #1535, #9350, #4665, #3275 ),
 .UNSPECIFIED., .F., .F.,
 ( 4, 1, 1, 1, 1, 1, 1, 1, 1, 1, 1, 1, 4 ),
 ( 0.0000000000000000000, 0.09780961481792223300, 0.1932508750048527180, 0.2872386847232415441, 0.3807515308232573004, 0.4712769450217174083, 0.5568086797548829070, 0.6380574350131229533, 0.7169393873929440497, 0.7926373074971367894, 0.8638429465295520693, 0.9321442808257912604, 0.9999999999999998890 ),
 .UNSPECIFIED. ) ;
#3297 = STYLED_ITEM ( 'NONE', ( #439 ), #3208 ) ;
#3298 = CARTESIAN_POINT ( 'NONE',  ( 0.3591595164579090005, 1.190099999999999714, -0.3645071235865085524 ) ) ;
#3299 = EDGE_CURVE ( 'NONE', #9701, #7386, #2199, .T. ) ;
#3300 = LINE ( 'NONE', #7875, #298 ) ;
#3301 = VERTEX_POINT ( 'NONE', #4341 ) ;
#3302 = CARTESIAN_POINT ( 'NONE',  ( 0.5809995885303635976, 1.189999999999999725, -0.6516349126011206083 ) ) ;
#3303 = LINE ( 'NONE', #7298, #9365 ) ;
#3304 = CARTESIAN_POINT ( 'NONE',  ( 0.7750771181551037170, 1.190100000000000158, 0.1062852611194339270 ) ) ;
#3305 = CARTESIAN_POINT ( 'NONE',  ( -0.9130848123130180793, 1.189999999999999947, -0.5833641329341461290 ) ) ;
#3306 = CARTESIAN_POINT ( 'NONE',  ( -1.154110453338659026, 1.190099999999999936, -0.5474666970367102481 ) ) ;
#3307 = VERTEX_POINT ( 'NONE', #424 ) ;
#3308 = SURFACE_STYLE_FILL_AREA ( #5504 ) ;
#3309 = CARTESIAN_POINT ( 'NONE',  ( 4.000000000000000888, 0.05000000000000000278, -1.599999999999998979 ) ) ;
#3310 = EDGE_CURVE ( 'NONE', #8849, #721, #3406, .T. ) ;
#3311 = VECTOR ( 'NONE', #3315, 1000.000000000000000 ) ;
#3312 = LINE ( 'NONE', #9676, #3105 ) ;
#3313 = ORIENTED_EDGE ( 'NONE', *, *, #547, .F. ) ;
#3314 = CARTESIAN_POINT ( 'NONE',  ( -0.4874316543367481769, 1.190099999999999714, -0.3014326650975499566 ) ) ;
#3315 = DIRECTION ( 'NONE',  ( 0.0000000000000000000, -7.744301232039320687E-18, 1.000000000000000000 ) ) ;
#3316 = AXIS2_PLACEMENT_3D ( 'NONE', #2900, #541, #3098 ) ;
#3317 = CARTESIAN_POINT ( 'NONE',  ( 0.6200286028978529984, 1.189999999999999947, -0.4303699371915349348 ) ) ;
#3318 = CARTESIAN_POINT ( 'NONE',  ( 2.999999999999999556, -3.643879807547199021E-16, -1.899999999999999911 ) ) ;
#3319 = CARTESIAN_POINT ( 'NONE',  ( 0.4673156200527329163, 1.190000000000001501, -0.6712580407197632493 ) ) ;
#3320 = CARTESIAN_POINT ( 'NONE',  ( 0.8978389562386639433, 1.189999999999999725, 0.3385393651491310774 ) ) ;
#3321 = ORIENTED_EDGE ( 'NONE', *, *, #3868, .F. ) ;
#3322 = AXIS2_PLACEMENT_3D ( 'NONE', #6758, #4492, #9889 ) ;
#3323 = CARTESIAN_POINT ( 'NONE',  ( -4.000000000000000888, -0.05000000000000000278, -1.599999999999997868 ) ) ;
#3324 = CARTESIAN_POINT ( 'NONE',  ( 2.999999999999999556, -1.189999999999999947, -1.235659872050660413 ) ) ;
#3325 = CARTESIAN_POINT ( 'NONE',  ( 0.1657725953693994780, 1.190000000000000391, -0.3384910679825818836 ) ) ;
#3326 = CARTESIAN_POINT ( 'NONE',  ( 0.4510833836729835067, 1.189999999999999947, -0.4962584663682741426 ) ) ;
#3327 = ORIENTED_EDGE ( 'NONE', *, *, #579, .F. ) ;
#3328 = LINE ( 'NONE', #1015, #2964 ) ;
#3329 = DIRECTION ( 'NONE',  ( 0.0000000000000000000, -1.000000000000000000, -7.744301232039322228E-18 ) ) ;
#3330 = CARTESIAN_POINT ( 'NONE',  ( -0.7050719918001974174, 1.190099999999999936, -0.4518737483187615367 ) ) ;
#3331 = ORIENTED_EDGE ( 'NONE', *, *, #2814, .T. ) ;
#3332 = VECTOR ( 'NONE', #4856, 1000.000000000000114 ) ;
#3333 = CARTESIAN_POINT ( 'NONE',  ( 0.8064190841607502547, 1.190099999999999936, 0.3304512299124011676 ) ) ;
#3334 =( LENGTH_UNIT ( ) NAMED_UNIT ( * ) SI_UNIT ( .MILLI., .METRE. ) );
#3335 = VERTEX_POINT ( 'NONE', #9734 ) ;
#3336 = DIRECTION ( 'NONE',  ( 0.0000000000000000000, 0.1750333347174951593, -0.9845625077859064822 ) ) ;
#3337 = LINE ( 'NONE', #8065, #2000 ) ;
#3338 = CARTESIAN_POINT ( 'NONE',  ( -1.147591830118416700, 1.190000000000000391, -0.6752133983022570174 ) ) ;
#3339 = PLANE ( 'NONE',  #10027 ) ;
#3340 = CARTESIAN_POINT ( 'NONE',  ( -0.7994083463647843057, 1.190100000000000158, -0.6697543917642030387 ) ) ;
#3341 = CARTESIAN_POINT ( 'NONE',  ( -1.292571991800197440, 1.189999999999999947, -0.4141333637033769444 ) ) ;
#3342 = EDGE_CURVE ( 'NONE', #6852, #1393, #2534, .T. ) ;
#3343 = VERTEX_POINT ( 'NONE', #6654 ) ;
#3344 = CARTESIAN_POINT ( 'NONE',  ( 0.4511691124769376393, 1.189999999999999947, -0.6654973809371567128 ) ) ;
#3345 = CARTESIAN_POINT ( 'NONE',  ( 0.4213620562531210090, 1.189999999999999947, -0.5241254538604068758 ) ) ;
#3346 = PLANE ( 'NONE',  #9482 ) ;
#3347 = CARTESIAN_POINT ( 'NONE',  ( 0.1246297624085387218, 1.190099999999999492, -0.2966997186027305888 ) ) ;
#3348 = VERTEX_POINT ( 'NONE', #376 ) ;
#3349 = CARTESIAN_POINT ( 'NONE',  ( 0.0001593844004690146568, 1.190099999999999936, -0.4305403814786140648 ) ) ;
#3350 = CARTESIAN_POINT ( 'NONE',  ( 0.7708421610838271931, 1.189999999999999947, 0.1074544350406062831 ) ) ;
#3351 = CARTESIAN_POINT ( 'NONE',  ( 0.6078270103888026021, 1.190000000000000169, -0.5454606830955125440 ) ) ;
#3352 = CARTESIAN_POINT ( 'NONE',  ( -0.9122758503016114018, 1.190000000000000391, -0.5975055120244913143 ) ) ;
#3353 = CARTESIAN_POINT ( 'NONE',  ( 0.09879006282213263768, 1.190000000000000613, -0.3461254368744294263 ) ) ;
#3354 = EDGE_CURVE ( 'NONE', #581, #4845, #4123, .T. ) ;
#3355 = ORIENTED_EDGE ( 'NONE', *, *, #4627, .F. ) ;
#3356 = CARTESIAN_POINT ( 'NONE',  ( -1.074957521537586835, 1.190000000000000169, -0.3468511815004657328 ) ) ;
#3357 = B_SPLINE_CURVE_WITH_KNOTS ( 'NONE', 3,
 ( #6805, #8346, #4443, #6509, #7580, #536, #3672, #9936, #2897, #583, #62 ),
 .UNSPECIFIED., .F., .F.,
 ( 4, 1, 1, 1, 1, 1, 1, 1, 4 ),
 ( 0.0000000000000000000, 0.1366281723862562969, 0.2652792452876292506, 0.3921749549972425308, 0.5212708780934628416, 0.6476503458798184010, 0.7649150461746340168, 0.8801814335384791077, 1.000000000000000000 ),
 .UNSPECIFIED. ) ;
#3358 = CARTESIAN_POINT ( 'NONE',  ( -0.6844727798118075413, 1.190100000000000158, -0.5308128522820305673 ) ) ;
#3359 = CARTESIAN_POINT ( 'NONE',  ( 0.4102750031220811500, 1.189999999999999503, -0.6072540364316012518 ) ) ;
#3360 = CARTESIAN_POINT ( 'NONE',  ( -1.148414968444092077, 1.189999999999999947, -0.5475511849618782678 ) ) ;
#3361 = ORIENTED_EDGE ( 'NONE', *, *, #5453, .T. ) ;
#3362 = CARTESIAN_POINT ( 'NONE',  ( -0.4627221219982438072, 1.190100000000000158, -0.3108984645387291024 ) ) ;
#3363 = EDGE_CURVE ( 'NONE', #6317, #3474, #9625, .T. ) ;
#3364 = DIRECTION ( 'NONE',  ( -0.0000000000000000000, -1.000000000000000000, -0.0000000000000000000 ) ) ;
#3365 = EDGE_CURVE ( 'NONE', #4891, #321, #3565, .T. ) ;
#3366 = CARTESIAN_POINT ( 'NONE',  ( 0.7181979303145963334, 1.189999999999999947, 0.2586563581175293502 ) ) ;
#3367 = CARTESIAN_POINT ( 'NONE',  ( 0.9079415200581861800, 1.190099999999999936, 0.2290089222200934471 ) ) ;
#3368 =( LENGTH_UNIT ( ) NAMED_UNIT ( * ) SI_UNIT ( .MILLI., .METRE. ) );
#3369 = CARTESIAN_POINT ( 'NONE',  ( -0.8669309661591718674, 1.190099999999999936, -0.5833641329341461290 ) ) ;
#3370 = ORIENTED_EDGE ( 'NONE', *, *, #3644, .F. ) ;
#3371 = LINE ( 'NONE', #6404, #2849 ) ;
#3372 = CARTESIAN_POINT ( 'NONE',  ( 1.015393443135109264, 1.189999999999999947, 0.3544095632457344713 ) ) ;
#3373 = CARTESIAN_POINT ( 'NONE',  ( 1.322812623584417979, 1.189999999999999947, -0.3064410560110692461 ) ) ;
#3374 = DIRECTION ( 'NONE',  ( 0.0000000000000000000, 0.0000000000000000000, -1.000000000000000000 ) ) ;
#3375 = VERTEX_POINT ( 'NONE', #9783 ) ;
#3376 = LINE ( 'NONE', #6513, #6247 ) ;
#3377 = DIRECTION ( 'NONE',  ( 0.1378445374916289212, 0.9808148484639890308, -0.1378445374916289212 ) ) ;
#3378 = CARTESIAN_POINT ( 'NONE',  ( -0.6131748120342610520, 1.190099999999999714, -0.5717164799364463645 ) ) ;
#3379 = ORIENTED_EDGE ( 'NONE', *, *, #8284, .T. ) ;
#3380 = ORIENTED_EDGE ( 'NONE', *, *, #1846, .T. ) ;
#3381 = CARTESIAN_POINT ( 'NONE',  ( -0.6659507335348241464, 1.190000000000001279, -0.5563539613018817498 ) ) ;
#3382 = DIRECTION ( 'NONE',  ( -0.0000000000000000000, -1.000000000000000000, -0.0000000000000000000 ) ) ;
#3383 = CARTESIAN_POINT ( 'NONE',  ( -2.499999999999999556, 0.0000000000000000000, 1.899999999999999911 ) ) ;
#3384 = CARTESIAN_POINT ( 'NONE',  ( 0.04757288839105887346, 1.190099999999999936, -0.4325202322734869043 ) ) ;
#3385 = CARTESIAN_POINT ( 'NONE',  ( -1.195783306798170020, 1.190000000000000835, -0.6578892207635275158 ) ) ;
#3386 = CARTESIAN_POINT ( 'NONE',  ( -0.8300148213363366390, 1.190099999999999714, -0.7022554023462568296 ) ) ;
#3387 = CARTESIAN_POINT ( 'NONE',  ( -0.6506881520372891359, 1.190099999999999936, -0.6811440364713281514 ) ) ;
#3388 = CARTESIAN_POINT ( 'NONE',  ( -0.8254232655562276921, 1.189999999999999947, -0.6571968109802154290 ) ) ;
#3389 = CARTESIAN_POINT ( 'NONE',  ( -0.4519549466761085821, 1.190000000000000169, -0.3413409862270098127 ) ) ;
#3390 = ORIENTED_EDGE ( 'NONE', *, *, #43, .T. ) ;
#3391 = CARTESIAN_POINT ( 'NONE',  ( 0.4204527882447767206, 1.189999999999999947, -0.6426585181080927134 ) ) ;
#3392 = CARTESIAN_POINT ( 'NONE',  ( -1.018313295076353153, 1.190099999999999492, -0.6755493836966326437 ) ) ;
#3393 = CARTESIAN_POINT ( 'NONE',  ( 0.5719061545840553595, 1.190099999999999936, -0.3513779900760670705 ) ) ;
#3394 = CARTESIAN_POINT ( 'NONE',  ( 2.999999999999999556, -1.230654267715319827, 1.899999999999999911 ) ) ;
#3395 = EDGE_CURVE ( 'NONE', #7159, #1684, #219, .T. ) ;
#3396 = ORIENTED_EDGE ( 'NONE', *, *, #2872, .T. ) ;
#3397 = CARTESIAN_POINT ( 'NONE',  ( 0.6274045900107232399, 1.190099999999999936, -0.5016881079069344107 ) ) ;
#3398 = CARTESIAN_POINT ( 'NONE',  ( 0.1088703158921102143, 1.189999999999999947, -0.5328032354982487062 ) ) ;
#3399 = CARTESIAN_POINT ( 'NONE',  ( 0.08256001695899783943, 1.189999999999999947, -0.3549155400861765397 ) ) ;
#3400 = CARTESIAN_POINT ( 'NONE',  ( -0.9058727844981601107, 1.189999999999999725, -0.6242095173807946651 ) ) ;
#3401 = LINE ( 'NONE', #1812, #318 ) ;
#3402 = VERTEX_POINT ( 'NONE', #8957 ) ;
#3403 = CARTESIAN_POINT ( 'NONE',  ( 0.4002635476546136939, 1.189999999999999503, -0.5127667711215705415 ) ) ;
#3404 = LINE ( 'NONE', #5152, #4605 ) ;
#3405 = EDGE_CURVE ( 'NONE', #4590, #9418, #6701, .T. ) ;
#3406 = LINE ( 'NONE', #8091, #343 ) ;
#3407 = CARTESIAN_POINT ( 'NONE',  ( -1.077723444290608290, 1.189999999999999725, -0.5615664079865178016 ) ) ;
#3408 = ORIENTED_EDGE ( 'NONE', *, *, #5487, .F. ) ;
#3409 = CARTESIAN_POINT ( 'NONE',  ( 0.01864831919931172338, 1.190000000000000391, -0.3564705636380589016 ) ) ;
#3410 = DIRECTION ( 'NONE',  ( 0.0000000000000000000, 0.1750333347174947707, -0.9845625077859065932 ) ) ;
#3411 = DIRECTION ( 'NONE',  ( 0.0000000000000000000, 0.0000000000000000000, 1.000000000000000000 ) ) ;
#3412 = CARTESIAN_POINT ( 'NONE',  ( -1.277187376415582110, 1.189999999999999947, -0.6141333637033769000 ) ) ;
#3413 = CARTESIAN_POINT ( 'NONE',  ( 0.9078662652625918428, 1.190100000000000158, 0.2258002648919566202 ) ) ;
#3414 = FACE_OUTER_BOUND ( 'NONE', #3537, .T. ) ;
#3415 = EDGE_CURVE ( 'NONE', #9418, #254, #4773, .T. ) ;
#3416 = ORIENTED_EDGE ( 'NONE', *, *, #154, .T. ) ;
#3417 = CARTESIAN_POINT ( 'NONE',  ( 0.8515247472359960268, 1.190000000000000169, 0.3647102026985725165 ) ) ;
#3418 = ORIENTED_EDGE ( 'NONE', *, *, #4921, .T. ) ;
#3419 = CARTESIAN_POINT ( 'NONE',  ( 0.8674739003959843764, 1.189999999999999503, 0.1543508223232409049 ) ) ;
#3420 = DIRECTION ( 'NONE',  ( 1.000000000000000000, 0.0000000000000000000, -1.355252715606880543E-16 ) ) ;
#3421 = CARTESIAN_POINT ( 'NONE',  ( 0.3638382646100591367, 1.189999999999999947, -0.6140532354982487506 ) ) ;
#3422 = EDGE_LOOP ( 'NONE', ( #2048, #7186, #4442, #1479, #377, #4798 ) ) ;
#3423 = VECTOR ( 'NONE', #2758, 1000.000000000000000 ) ;
#3424 = CARTESIAN_POINT ( 'NONE',  ( -0.6299558184677207517, 1.189999999999999947, -0.5324978571738661071 ) ) ;
#3425 = CARTESIAN_POINT ( 'NONE',  ( 0.7181979303145963334, 1.190099999999999936, 0.2586563581175293502 ) ) ;
#3426 = EDGE_LOOP ( 'NONE', ( #4402, #1876, #286, #5449 ) ) ;
#3427 = ORIENTED_EDGE ( 'NONE', *, *, #3157, .F. ) ;
#3428 = ORIENTED_EDGE ( 'NONE', *, *, #2926, .T. ) ;
#3429 = FACE_OUTER_BOUND ( 'NONE', #9380, .T. ) ;
#3430 = EDGE_CURVE ( 'NONE', #5834, #3243, #9650, .T. ) ;
#3431 = EDGE_CURVE ( 'NONE', #1192, #4237, #9978, .T. ) ;
#3432 = UNCERTAINTY_MEASURE_WITH_UNIT (LENGTH_MEASURE( 1.000000000000000082E-05 ), #3368, 'distance_accuracy_value', 'NONE');
#3433 = ORIENTED_EDGE ( 'NONE', *, *, #3846, .T. ) ;
#3434 = LINE ( 'NONE', #242, #2452 ) ;
#3435 = CARTESIAN_POINT ( 'NONE',  ( -0.4874339144475267616, 1.190099999999999936, -0.3678506320580767208 ) ) ;
#3436 = CARTESIAN_POINT ( 'NONE',  ( -1.201492325791916560, 1.189999999999999947, -0.6534005241987993484 ) ) ;
#3437 = CARTESIAN_POINT ( 'NONE',  ( 0.4171352561564405370, 1.190099999999999936, -0.5893385511467357230 ) ) ;
#3438 = VECTOR ( 'NONE', #150, 1000.000000000000000 ) ;
#3439 = CARTESIAN_POINT ( 'NONE',  ( -0.6261179988167699939, 1.190099999999999714, -0.6525393367837477587 ) ) ;
#3440 = DIRECTION ( 'NONE',  ( 0.0000000000000000000, 0.0000000000000000000, -1.000000000000000000 ) ) ;
#3441 = CARTESIAN_POINT ( 'NONE',  ( 0.01057333689572626662, 1.190000000000000169, -0.4673718126739204171 ) ) ;
#3442 = EDGE_LOOP ( 'NONE', ( #5801, #3512, #4697, #6043 ) ) ;
#3443 = CLOSED_SHELL ( 'NONE', ( #6699, #3914, #1035, #8232, #7730, #6923, #6325, #5050, #1100, #9058, #6821, #8181, #6769, #793, #4175, #4051, #9218, #3208, #2116, #5430, #5460, #9493, #8616, #9736, #7606, #2739, #6542, #2984, #1485, #8643, #6415, #972, #156, #2242, #9572, #7494, #225, #3117, #4937, #8824, #5553, #6632, #6553, #7324, #7259, #9716, #9451, #9624, #2168, #7114, #7244, #9088, #5212, #3805, #1046, #5941, #5988, #2773, #6146, #7167, #8494, #7961, #9454, #1303, #9325, #2605, #419, #3982, #2812, #8063, #84, #123, #8113, #1113, #3202, #5613, #5977, #1611, #10006, #1909, #5817, #8138, #538, #6452, #5472, #9509, #6442, #6507, #2299, #6876, #9876, #5914, #7426, #8975, #1163, #2670, #2548, #4730, #2537, #7389, #8381, #8149, #6617, #4450, #5066, #5116, #2740, #6429, #1931, #7990, #1922, #7575, #2421, #3960, #4720, #2925, #5339, #7372, #7057, #1610, #9280, #5929, #5237, #3250, #460, #7771, #9522, #527, #2860, #9379, #474, #9547, #3923, #1588, #2243, #4185, #6486, #1599, #4743, #1022, #5028, #8956, #6936, #345, #3499, #3564, #3541, #7585, #10141, #10072, #8512, #6649, #362, #8588, #9268, #6233, #4049, #9964, #5554, #6761, #5198, #4473, #3680, #5403, #2621, #6244, #4328, #3484, #7651, #4163, #4893, #9240, #5653, #5162, #6569, #7457, #8686, #4995, #1487, #4550, #8858, #2287, #7180, #1559, #3060, #1967, #8412, #3050, #9009, #2263, #3611, #5287, #10091, #701, #3857, #1077, #5361, #1872, #9155, #7586, #1469, #4502, #6147, #3183, #2591, #3624, #8659, #5806, #7892, #8445 ) ) ;
#3444 = CARTESIAN_POINT ( 'NONE',  ( -1.093915125432054491, 1.190000000000000169, -0.6711786240149366645 ) ) ;
#3445 = CARTESIAN_POINT ( 'NONE',  ( -0.9902173295608543979, 1.190099999999999936, -0.6171742335208265651 ) ) ;
#3446 = LINE ( 'NONE', #7243, #2596 ) ;
#3447 = CARTESIAN_POINT ( 'NONE',  ( 0.6664023671741616806, 1.189999999999999947, -0.4229474662674794772 ) ) ;
#3448 = VERTEX_POINT ( 'NONE', #2080 ) ;
#3449 = CARTESIAN_POINT ( 'NONE',  ( 0.03391934589747897660, 1.190100000000000158, -0.5074987913772984749 ) ) ;
#3450 = PLANE ( 'NONE',  #3617 ) ;
#3451 = CARTESIAN_POINT ( 'NONE',  ( 0.6458895466613413516, 1.189999999999999947, -0.6129314406264538828 ) ) ;
#3452 = CARTESIAN_POINT ( 'NONE',  ( -0.9097425838576239654, 1.189999999999999947, -0.6111827833558796108 ) ) ;
#3453 = DIRECTION ( 'NONE',  ( 0.0000000000000000000, 1.689548385456578164E-14, -1.000000000000000000 ) ) ;
#3454 = VERTEX_POINT ( 'NONE', #6081 ) ;
#3455 = VECTOR ( 'NONE', #6794, 1000.000000000000000 ) ;
#3456 = AXIS2_PLACEMENT_3D ( 'NONE', #9712, #7287, #9468 ) ;
#3457 = DIRECTION ( 'NONE',  ( 1.000000000000000000, 0.0000000000000000000, -1.355252715606880543E-16 ) ) ;
#3458 = CARTESIAN_POINT ( 'NONE',  ( -0.9911276554800598770, 1.190000000000000835, -0.3605232344816635681 ) ) ;
#3459 = VECTOR ( 'NONE', #1063, 1000.000000000000000 ) ;
#3460 = CARTESIAN_POINT ( 'NONE',  ( 0.4322192237843462959, 1.190000000000000613, -0.5728801848855270551 ) ) ;
#3461 = VERTEX_POINT ( 'NONE', #4578 ) ;
#3462 = VECTOR ( 'NONE', #5145, 1000.000000000000000 ) ;
#3463 = CARTESIAN_POINT ( 'NONE',  ( -0.6917678518479776217, 1.189999999999999947, -0.5229759581698075754 ) ) ;
#3464 = B_SPLINE_CURVE_WITH_KNOTS ( 'NONE', 3,
 ( #674, #10030, #7624, #9269, #3811, #3666, #4437, #2850, #6944, #8396, #3758, #5976, #2225, #2892, #2125, #6026, #5247, #8447, #9216 ),
 .UNSPECIFIED., .F., .F.,
 ( 4, 1, 1, 1, 1, 1, 1, 1, 1, 1, 1, 1, 1, 1, 1, 1, 4 ),
 ( 0.0000000000000000000, 0.07177551733589128402, 0.1410618896154328117, 0.2083991661201505807, 0.2745707546878340399, 0.3398079950218809708, 0.4044658174084582170, 0.4695488873320848855, 0.5350666143372249106, 0.5991372905618496114, 0.6606533438074504438, 0.7190497439245218114, 0.7755136785548105705, 0.8311325483214443421, 0.8866854390564380406, 0.9422985746233794035, 1.000000000000000000 ),
 .UNSPECIFIED. ) ;
#3465 = CARTESIAN_POINT ( 'NONE',  ( -0.4578192021482549445, 1.190100000000000158, -0.3160063356526777167 ) ) ;
#3466 = LINE ( 'NONE', #5933, #10035 ) ;
#3467 = CARTESIAN_POINT ( 'NONE',  ( -1.060175976753995553, 1.190000000000000169, -0.7027160829320273638 ) ) ;
#3468 =( LENGTH_UNIT ( ) NAMED_UNIT ( * ) SI_UNIT ( .MILLI., .METRE. ) );
#3469 = EDGE_CURVE ( 'NONE', #7054, #3531, #2894, .T. ) ;
#3470 = AXIS2_PLACEMENT_3D ( 'NONE', #7840, #7987, #4895 ) ;
#3471 = CARTESIAN_POINT ( 'NONE',  ( -1.121694637711636355, 1.189999999999999725, -0.6754776155609415467 ) ) ;
#3472 = ORIENTED_EDGE ( 'NONE', *, *, #402, .T. ) ;
#3473 = CARTESIAN_POINT ( 'NONE',  ( 0.5047036492254438622, 1.190099999999999936, -0.6756718252418384418 ) ) ;
#3474 = VERTEX_POINT ( 'NONE', #9220 ) ;
#3475 = CARTESIAN_POINT ( 'NONE',  ( -0.7691458317493913288, 1.190099999999999714, -0.6754253247773762681 ) ) ;
#3476 = ORIENTED_EDGE ( 'NONE', *, *, #9219, .F. ) ;
#3477 = CARTESIAN_POINT ( 'NONE',  ( 0.7818262657881567268, 1.189999999999999725, 0.1435470865522834316 ) ) ;
#3478 = VECTOR ( 'NONE', #4196, 1000.000000000000000 ) ;
#3479 = FACE_OUTER_BOUND ( 'NONE', #5417, .T. ) ;
#3480 = EDGE_LOOP ( 'NONE', ( #1517, #2910, #8234, #4949 ) ) ;
#3481 = CARTESIAN_POINT ( 'NONE',  ( -0.9247628703680533802, 1.190099999999999936, 0.1176307170918883399 ) ) ;
#3482 = CARTESIAN_POINT ( 'NONE',  ( 0.3645208682131170774, 1.189999999999999503, -0.6015057719980553275 ) ) ;
#3483 = PLANE ( 'NONE',  #5056 ) ;
#3484 = ADVANCED_FACE ( 'NONE', ( #6028 ), #9160, .F. ) ;
#3485 = VERTEX_POINT ( 'NONE', #3000 ) ;
#3486 = VECTOR ( 'NONE', #9116, 1000.000000000000000 ) ;
#3487 = ORIENTED_EDGE ( 'NONE', *, *, #71, .F. ) ;
#3488 = CARTESIAN_POINT ( 'NONE',  ( -0.6720916580811280294, 1.190000000000001057, -0.5462134852137382479 ) ) ;
#3489 = FILL_AREA_STYLE_COLOUR ( '', #1787 ) ;
#3490 = CARTESIAN_POINT ( 'NONE',  ( 0.2895223328257683915, 1.190099999999999714, -0.3938677601561257902 ) ) ;
#3491 = CARTESIAN_POINT ( 'NONE',  ( 0.07527901853108964758, 1.190000000000000169, -0.4730813839506436969 ) ) ;
#3492 = CARTESIAN_POINT ( 'NONE',  ( -0.6506881520372891359, 1.190099999999999936, -0.6811440364713281514 ) ) ;
#3493 = CARTESIAN_POINT ( 'NONE',  ( -1.024279864883060887, 1.190099999999999492, -0.4545347560620714988 ) ) ;
#3494 = VECTOR ( 'NONE', #1695, 1000.000000000000000 ) ;
#3495 = CARTESIAN_POINT ( 'NONE',  ( -0.6127525149120492953, 1.190000000000000391, -0.6201710533681613624 ) ) ;
#3496 = CARTESIAN_POINT ( 'NONE',  ( -0.8669309661591718674, 1.190099999999999936, -0.5833641329341461290 ) ) ;
#3497 = CARTESIAN_POINT ( 'NONE',  ( 0.2700257502818930178, 1.190000000000000391, -0.4851332028542206243 ) ) ;
#3498 = EDGE_CURVE ( 'NONE', #6685, #2775, #6802, .T. ) ;
#3499 = ADVANCED_FACE ( 'NONE', ( #5251 ), #10042, .T. ) ;
#3500 = ORIENTED_EDGE ( 'NONE', *, *, #5130, .F. ) ;
#3501 = DIRECTION ( 'NONE',  ( 0.0000000000000000000, 0.0000000000000000000, -1.000000000000000000 ) ) ;
#3502 = CARTESIAN_POINT ( 'NONE',  ( 0.4213620562531210090, 1.190099999999999492, -0.5241254538604068758 ) ) ;
#3503 = CARTESIAN_POINT ( 'NONE',  ( 0.5412632579779840247, 1.190100000000000158, -0.3406142041033424217 ) ) ;
#3504 = LINE ( 'NONE', #9722, #10146 ) ;
#3505 = VECTOR ( 'NONE', #4071, 1000.000000000000000 ) ;
#3506 = ORIENTED_EDGE ( 'NONE', *, *, #6013, .F. ) ;
#3507 = CARTESIAN_POINT ( 'NONE',  ( 0.6005757637552434636, 1.190099999999999714, -0.5188881191947152249 ) ) ;
#3508 = CARTESIAN_POINT ( 'NONE',  ( 0.5063863415331361084, 1.190099999999999936, -0.5474666970367102481 ) ) ;
#3509 = CARTESIAN_POINT ( 'NONE',  ( 0.04616229042964499485, 1.190099999999999936, -0.4085227875872123882 ) ) ;
#3510 = CARTESIAN_POINT ( 'NONE',  ( -0.9901542086667863840, 1.190099999999999714, -0.6085334586711274030 ) ) ;
#3511 = CARTESIAN_POINT ( 'NONE',  ( -0.3541104533386589814, 1.189999999999999947, -0.6654154149854282219 ) ) ;
#3512 = ORIENTED_EDGE ( 'NONE', *, *, #3743, .F. ) ;
#3513 = CARTESIAN_POINT ( 'NONE',  ( 0.3634932895730478841, 1.189999999999999725, -0.4809656072852479536 ) ) ;
#3514 = CARTESIAN_POINT ( 'NONE',  ( -1.122633820878889965, 1.190000000000001279, -0.2963014082214268097 ) ) ;
#3515 = CARTESIAN_POINT ( 'NONE',  ( 0.4702484588307864199, 1.189999999999999947, -0.5524616147670392552 ) ) ;
#3516 = ORIENTED_EDGE ( 'NONE', *, *, #4439, .T. ) ;
#3517 = CARTESIAN_POINT ( 'NONE',  ( -0.7001320067519239965, 1.189999999999999947, -0.5142156573800917840 ) ) ;
#3518 = DIRECTION ( 'NONE',  ( 0.0000000000000000000, 1.000000000000000000, 0.0000000000000000000 ) ) ;
#3519 = DIRECTION ( 'NONE',  ( 1.000000000000000000, 0.0000000000000000000, 0.0000000000000000000 ) ) ;
#3520 = PLANE ( 'NONE',  #6600 ) ;
#3521 = FACE_OUTER_BOUND ( 'NONE', #9944, .T. ) ;
#3522 = CARTESIAN_POINT ( 'NONE',  ( 0.9078662652625918428, 1.189999999999999947, 0.2258002648919566202 ) ) ;
#3523 = ORIENTED_EDGE ( 'NONE', *, *, #8999, .T. ) ;
#3524 =( NAMED_UNIT ( * ) SI_UNIT ( $, .STERADIAN. ) SOLID_ANGLE_UNIT ( ) );
#3525 = CARTESIAN_POINT ( 'NONE',  ( 0.9368045921059310333, 1.189999999999999947, 0.2774970730561891474 ) ) ;
#3526 = VERTEX_POINT ( 'NONE', #6136 ) ;
#3527 = EDGE_CURVE ( 'NONE', #9424, #623, #6755, .T. ) ;
#3528 = DIRECTION ( 'NONE',  ( 0.0000000000000000000, 0.0000000000000000000, 1.000000000000000000 ) ) ;
#3529 = CARTESIAN_POINT ( 'NONE',  ( -1.215938040577438706, 1.189999999999999503, -0.3128377384868378241 ) ) ;
#3530 = PLANE ( 'NONE',  #7061 ) ;
#3531 = VERTEX_POINT ( 'NONE', #1305 ) ;
#3532 = CARTESIAN_POINT ( 'NONE',  ( -0.6105207097489153689, 1.189999999999999947, -0.5966654149854283551 ) ) ;
#3533 = CARTESIAN_POINT ( 'NONE',  ( 0.4169298836705572775, 1.190100000000000158, -0.5371335941032322481 ) ) ;
#3534 = CARTESIAN_POINT ( 'NONE',  ( -3.999999999999999112, 0.05000000000000000278, 1.600000000000000089 ) ) ;
#3535 = ORIENTED_EDGE ( 'NONE', *, *, #5499, .F. ) ;
#3536 = ORIENTED_EDGE ( 'NONE', *, *, #7629, .F. ) ;
#3537 = EDGE_LOOP ( 'NONE', ( #8114, #10085, #6643, #5424 ) ) ;
#3538 = DIRECTION ( 'NONE',  ( -0.0000000000000000000, -1.000000000000000000, -0.0000000000000000000 ) ) ;
#3539 = UNCERTAINTY_MEASURE_WITH_UNIT (LENGTH_MEASURE( 1.000000000000000082E-05 ), #1307, 'distance_accuracy_value', 'NONE');
#3540 = DIRECTION ( 'NONE',  ( 0.9902680687415702510, 0.1391731009600657432, 0.0000000000000000000 ) ) ;
#3541 = ADVANCED_FACE ( 'NONE', ( #677 ), #3809, .T. ) ;
#3542 = CARTESIAN_POINT ( 'NONE',  ( 0.2813726205013714621, 1.190100000000000158, -0.3708762039632734764 ) ) ;
#3543 = CARTESIAN_POINT ( 'NONE',  ( -0.5284694276976332761, 1.189999999999999725, -0.3346461842161974620 ) ) ;
#3544 = DIRECTION ( 'NONE',  ( -1.000000000000000000, 0.0000000000000000000, 0.0000000000000000000 ) ) ;
#3545 = CARTESIAN_POINT ( 'NONE',  ( -1.096926414062026289, 1.190000000000001279, -0.5005176189468024672 ) ) ;
#3546 = ORIENTED_EDGE ( 'NONE', *, *, #1994, .T. ) ;
#3547 = CARTESIAN_POINT ( 'NONE',  ( -0.6261179988167699939, 1.189999999999999725, -0.6525393367837477587 ) ) ;
#3548 = CARTESIAN_POINT ( 'NONE',  ( 0.6452674026271149055, 1.189999999999999947, -0.6262522246284688565 ) ) ;
#3549 = FACE_OUTER_BOUND ( 'NONE', #1748, .T. ) ;
#3550 = ORIENTED_EDGE ( 'NONE', *, *, #7257, .T. ) ;
#3551 = CARTESIAN_POINT ( 'NONE',  ( 0.6871072896527210538, 1.190099999999999936, 0.2823918394307717850 ) ) ;
#3552 = CARTESIAN_POINT ( 'NONE',  ( 0.5521261702841975261, 1.190099999999999936, -0.3434581528552211327 ) ) ;
#3553 = CARTESIAN_POINT ( 'NONE',  ( 0.5899263332338017252, 1.190000000000000169, -0.5242839642012491197 ) ) ;
#3554 = EDGE_CURVE ( 'NONE', #5839, #2176, #4383, .T. ) ;
#3555 = ORIENTED_EDGE ( 'NONE', *, *, #2437, .F. ) ;
#3556 = CARTESIAN_POINT ( 'NONE',  ( 0.6637023598183016126, 1.190100000000000380, -0.4470062753765106089 ) ) ;
#3557 = CARTESIAN_POINT ( 'NONE',  ( 0.8978274298121218244, 1.190100000000000380, 0.1855986404213255114 ) ) ;
#3558 = CARTESIAN_POINT ( 'NONE',  ( 0.04588954666134111016, 1.189999999999999947, -0.4165372098572230897 ) ) ;
#3559 = LINE ( 'NONE', #6694, #6901 ) ;
#3560 = CARTESIAN_POINT ( 'NONE',  ( -2.499999999999999556, -1.189999999999999725, -0.9499999999999996225 ) ) ;
#3561 = EDGE_LOOP ( 'NONE', ( #5672, #3905, #8958, #9504 ) ) ;
#3562 = CARTESIAN_POINT ( 'NONE',  ( -1.015648914877120834, 1.190100000000000158, -0.4218256713956846649 ) ) ;
#3563 = CARTESIAN_POINT ( 'NONE',  ( -0.9707733038267551962, 1.190100000000000380, -0.4085012124642816156 ) ) ;
#3564 = ADVANCED_FACE ( 'NONE', ( #8693 ), #3971, .T. ) ;
#3565 = LINE ( 'NONE', #319, #6587 ) ;
#3566 = ORIENTED_EDGE ( 'NONE', *, *, #4504, .F. ) ;
#3567 = DIRECTION ( 'NONE',  ( -0.7831108474982929613, 0.0000000000000000000, 0.6218821436015873338 ) ) ;
#3568 = DIRECTION ( 'NONE',  ( 1.000000000000000000, -0.0000000000000000000, 0.0000000000000000000 ) ) ;
#3569 = CARTESIAN_POINT ( 'NONE',  ( -0.7548017790560135332, 1.190100000000000158, -0.6755910681886596603 ) ) ;
#3570 = CARTESIAN_POINT ( 'NONE',  ( -1.272746458952023874, 1.190099999999999714, -0.3631115784079088082 ) ) ;
#3571 = CARTESIAN_POINT ( 'NONE',  ( -1.094927553141952670, 1.190000000000000391, -0.7133910476984124394 ) ) ;
#3572 = SURFACE_STYLE_FILL_AREA ( #5935 ) ;
#3573 = B_SPLINE_CURVE_WITH_KNOTS ( 'NONE', 3,
 ( #1136, #8895, #1859, #4330, #1912, #7462, #5033, #4271, #7406, #364, #412 ),
 .UNSPECIFIED., .F., .F.,
 ( 4, 1, 1, 1, 1, 1, 1, 1, 4 ),
 ( 0.0000000000000000000, 0.1189513029219548546, 0.2339018970266829589, 0.3481239514211720287, 0.4646898555378167761, 0.5857562228576354002, 0.7138319466635923982, 0.8516019551000819643, 1.000000000000000000 ),
 .UNSPECIFIED. ) ;
#3574 = SURFACE_SIDE_STYLE ('',( #5114 ) ) ;
#3575 = ORIENTED_EDGE ( 'NONE', *, *, #304, .T. ) ;
#3576 = DIRECTION ( 'NONE',  ( 0.0000000000000000000, 0.0000000000000000000, 1.000000000000000000 ) ) ;
#3577 = LINE ( 'NONE', #2751, #7374 ) ;
#3578 = CARTESIAN_POINT ( 'NONE',  ( -1.139075472885905160, 1.189999999999999725, -0.2962844081323280920 ) ) ;
#3579 = FILL_AREA_STYLE_COLOUR ( '', #9858 ) ;
#3580 = EDGE_LOOP ( 'NONE', ( #9026, #4194, #9735, #8000 ) ) ;
#3581 = CARTESIAN_POINT ( 'NONE',  ( 0.3797037660112256852, 1.189999999999999281, -0.5680689150644490093 ) ) ;
#3582 = ORIENTED_EDGE ( 'NONE', *, *, #6257, .T. ) ;
#3583 = ORIENTED_EDGE ( 'NONE', *, *, #6257, .F. ) ;
#3584 = CARTESIAN_POINT ( 'NONE',  ( -0.9979966268748423630, 1.190099999999999936, -0.5766532138575880539 ) ) ;
#3585 = AXIS2_PLACEMENT_3D ( 'NONE', #4092, #9703, #9599 ) ;
#3586 = LINE ( 'NONE', #2826, #315 ) ;
#3587 = CARTESIAN_POINT ( 'NONE',  ( 0.2775492641636610469, 1.189999999999999725, -0.3635563790967718534 ) ) ;
#3588 = CARTESIAN_POINT ( 'NONE',  ( -0.8565442950057328142, 1.189999999999999947, -0.6223230411319592426 ) ) ;
#3589 = VECTOR ( 'NONE', #8926, 1000.000000000000000 ) ;
#3590 = DIRECTION ( 'NONE',  ( 0.4561809899899246790, 0.0000000000000000000, -0.8898870177566432504 ) ) ;
#3591 = CARTESIAN_POINT ( 'NONE',  ( 0.4102750031220811500, 1.190099999999999492, -0.6072540364316012518 ) ) ;
#3592 = ORIENTED_EDGE ( 'NONE', *, *, #6749, .T. ) ;
#3593 = CARTESIAN_POINT ( 'NONE',  ( 0.5997357005074950287, 1.190099999999999936, -0.6142936201136333096 ) ) ;
#3594 = CARTESIAN_POINT ( 'NONE',  ( 0.9084141132974096200, 1.190000000000000169, 0.1363253773259748836 ) ) ;
#3595 = CARTESIAN_POINT ( 'NONE',  ( 0.1570273671741616306, 1.190099999999999936, -0.5372102867803000281 ) ) ;
#3596 = MECHANICAL_DESIGN_GEOMETRIC_PRESENTATION_REPRESENTATION (  '', ( #965 ), #7533 ) ;
#3597 = VERTEX_POINT ( 'NONE', #255 ) ;
#3598 = EDGE_CURVE ( 'NONE', #8071, #7075, #6484, .T. ) ;
#3599 = CARTESIAN_POINT ( 'NONE',  ( 0.7305928887850734466, 1.190099999999999714, 0.3475738741912786089 ) ) ;
#3600 = DIRECTION ( 'NONE',  ( 0.7410273805412743720, 0.0000000000000000000, -0.6714748106132777394 ) ) ;
#3601 = CARTESIAN_POINT ( 'NONE',  ( -0.0002642994925050514560, 1.190000000000000835, -0.4179795175495307769 ) ) ;
#3602 = ORIENTED_EDGE ( 'NONE', *, *, #6688, .T. ) ;
#3603 = CIRCLE ( 'NONE', #1138, 0.1499999999999999667 ) ;
#3604 = CARTESIAN_POINT ( 'NONE',  ( 0.5948770483727086056, 1.190099999999999714, -0.4745556238387212966 ) ) ;
#3605 = CARTESIAN_POINT ( 'NONE',  ( 0.5104528502641969556, 1.190099999999999936, -0.5475656221983913330 ) ) ;
#3606 = CARTESIAN_POINT ( 'NONE',  ( -1.071020122567647004, 1.189999999999999725, -0.4934191861689299352 ) ) ;
#3607 = CARTESIAN_POINT ( 'NONE',  ( 0.2166596706105848036, 1.190099999999999936, -0.4730817276904683566 ) ) ;
#3608 = DIRECTION ( 'NONE',  ( 1.000000000000000000, 0.0000000000000000000, 0.0000000000000000000 ) ) ;
#3609 = ORIENTED_EDGE ( 'NONE', *, *, #1304, .T. ) ;
#3610 = CARTESIAN_POINT ( 'NONE',  ( 0.8360843558751509530, 1.190000000000001057, 0.3265616893737009474 ) ) ;
#3611 = ADVANCED_FACE ( 'NONE', ( #6644 ), #7408, .T. ) ;
#3612 = CARTESIAN_POINT ( 'NONE',  ( -1.187736970577296214, 1.190099999999999714, -0.6629997056169542047 ) ) ;
#3613 = CARTESIAN_POINT ( 'NONE',  ( 0.6575533164242125528, 1.189999999999999725, -0.3786627693766477787 ) ) ;
#3614 = ORIENTED_EDGE ( 'NONE', *, *, #4843, .F. ) ;
#3615 = LINE ( 'NONE', #1407, #824 ) ;
#3616 = PLANE ( 'NONE',  #3322 ) ;
#3617 = AXIS2_PLACEMENT_3D ( 'NONE', #1040, #4217, #1915 ) ;
#3618 = ORIENTED_EDGE ( 'NONE', *, *, #3743, .T. ) ;
#3619 = LINE ( 'NONE', #2132, #3980 ) ;
#3620 = CARTESIAN_POINT ( 'NONE',  ( -1.079596831977098326, 1.190099999999999936, -0.3026477187193285512 ) ) ;
#3621 = CARTESIAN_POINT ( 'NONE',  ( -0.9247628703680533802, 1.189999999999999947, -0.08749748803631683669 ) ) ;
#3622 = FILL_AREA_STYLE_COLOUR ( '', #8387 ) ;
#3623 = EDGE_CURVE ( 'NONE', #1008, #3461, #1324, .T. ) ;
#3624 = ADVANCED_FACE ( 'NONE', ( #1808 ), #414, .T. ) ;
#3625 = FILL_AREA_STYLE ('',( #1882 ) ) ;
#3626 = ORIENTED_EDGE ( 'NONE', *, *, #2656, .T. ) ;
#3627 = FILL_AREA_STYLE_COLOUR ( '', #5544 ) ;
#3628 = PRESENTATION_STYLE_ASSIGNMENT (( #9174 ) ) ;
#3629 = CARTESIAN_POINT ( 'NONE',  ( -1.149061424196837988, 1.189999999999999503, -0.2964806230609356996 ) ) ;
#3630 = DIRECTION ( 'NONE',  ( 1.000000000000000000, 0.0000000000000000000, 0.0000000000000000000 ) ) ;
#3631 = EDGE_LOOP ( 'NONE', ( #7303, #6082, #3101, #1253 ) ) ;
#3632 = LINE ( 'NONE', #3726, #8054 ) ;
#3633 = AXIS2_PLACEMENT_3D ( 'NONE', #6534, #2627, #9724 ) ;
#3634 = CARTESIAN_POINT ( 'NONE',  ( 0.3797037660112256852, 1.190099999999999714, -0.5680689150644490093 ) ) ;
#3635 = DIRECTION ( 'NONE',  ( -1.000000000000000000, 0.0000000000000000000, 0.0000000000000000000 ) ) ;
#3636 = ORIENTED_EDGE ( 'NONE', *, *, #893, .F. ) ;
#3637 = EDGE_LOOP ( 'NONE', ( #3663, #3215, #5395, #3416 ) ) ;
#3638 = CARTESIAN_POINT ( 'NONE',  ( 0.7070986420319895771, 1.190000000000000835, 0.3232591683440740882 ) ) ;
#3639 = PRODUCT_DEFINITION_CONTEXT ( 'detailed design', #4236, 'design' ) ;
#3640 = DIRECTION ( 'NONE',  ( 0.0000000000000000000, 0.0000000000000000000, -1.000000000000000000 ) ) ;
#3641 = AXIS2_PLACEMENT_3D ( 'NONE', #4345, #7311, #6499 ) ;
#3642 = CARTESIAN_POINT ( 'NONE',  ( 0.2909289383739553370, 1.189999999999999725, -0.4019678075524202310 ) ) ;
#3643 = CARTESIAN_POINT ( 'NONE',  ( -0.8464834456969753118, 1.190000000000000613, -0.6382261132693400896 ) ) ;
#3644 = EDGE_CURVE ( 'NONE', #6590, #4396, #4935, .T. ) ;
#3645 = CARTESIAN_POINT ( 'NONE',  ( 0.8114671610838271043, 1.190099999999999936, 0.1407076401688113765 ) ) ;
#3646 = CARTESIAN_POINT ( 'NONE',  ( -1.049379629720781137, 1.190099999999999936, -0.4819328169878225876 ) ) ;
#3647 = ORIENTED_EDGE ( 'NONE', *, *, #7322, .F. ) ;
#3648 = CARTESIAN_POINT ( 'NONE',  ( 0.5539341885628350504, 1.190099999999999714, -0.6682952658138963109 ) ) ;
#3649 = CARTESIAN_POINT ( 'NONE',  ( 0.5436033047979231814, 1.189999999999999725, -0.7135098243621745828 ) ) ;
#3650 = CARTESIAN_POINT ( 'NONE',  ( 0.3482940064793561552, 1.190099999999999936, -0.4519615599257859051 ) ) ;
#3651 = ORIENTED_EDGE ( 'NONE', *, *, #3363, .F. ) ;
#3652 = PRESENTATION_LAYER_ASSIGNMENT (  '', '', ( #7248 ) ) ;
#3653 = DIRECTION ( 'NONE',  ( -1.355252715606880543E-16, 0.0000000000000000000, -1.000000000000000000 ) ) ;
#3654 = CARTESIAN_POINT ( 'NONE',  ( 0.2013231595053171230, 1.190000000000000391, -0.4832501962524873851 ) ) ;
#3655 = CARTESIAN_POINT ( 'NONE',  ( 2.999999999999999556, 0.0000000000000000000, 1.899999999999999911 ) ) ;
#3656 = ORIENTED_EDGE ( 'NONE', *, *, #7227, .F. ) ;
#3657 = FACE_OUTER_BOUND ( 'NONE', #7958, .T. ) ;
#3658 = CARTESIAN_POINT ( 'NONE',  ( 0.5995611596849074187, 1.190000000000000169, -0.6115834317111872309 ) ) ;
#3659 = EDGE_CURVE ( 'NONE', #6204, #6052, #1864, .T. ) ;
#3660 = CARTESIAN_POINT ( 'NONE',  ( -1.080213540375790870, 1.190000000000000169, -0.4965767682962035634 ) ) ;
#3661 = CARTESIAN_POINT ( 'NONE',  ( -2.499999999999999556, -0.04999999999999933664, -3.872150616019609307E-19 ) ) ;
#3662 = DIRECTION ( 'NONE',  ( 1.000000000000000000, -0.0000000000000000000, -0.0000000000000000000 ) ) ;
#3663 = ORIENTED_EDGE ( 'NONE', *, *, #3342, .F. ) ;
#3664 = CARTESIAN_POINT ( 'NONE',  ( -1.048581607184812858, 1.189999999999999947, -0.5304795175495307102 ) ) ;
#3665 = AXIS2_PLACEMENT_3D ( 'NONE', #2185, #8451, #4535 ) ;
#3666 = CARTESIAN_POINT ( 'NONE',  ( 0.1076606385103099084, 1.190099999999999936, -0.4905863806635309410 ) ) ;
#3667 = ORIENTED_EDGE ( 'NONE', *, *, #3115, .T. ) ;
#3668 = CARTESIAN_POINT ( 'NONE',  ( 2.987479944133196508, 1.189999999999999947, 0.3750000000000001110 ) ) ;
#3669 = EDGE_LOOP ( 'NONE', ( #4456, #8450, #885, #4533 ) ) ;
#3670 = CARTESIAN_POINT ( 'NONE',  ( 0.04588954666134111016, 1.189999999999999947, -0.4165372098572230897 ) ) ;
#3671 = EDGE_CURVE ( 'NONE', #7407, #5995, #4497, .T. ) ;
#3672 = CARTESIAN_POINT ( 'NONE',  ( -0.4577945101510429438, 1.190100000000000158, -0.3534431290271690673 ) ) ;
#3673 = FACE_OUTER_BOUND ( 'NONE', #5273, .T. ) ;
#3674 = CARTESIAN_POINT ( 'NONE',  ( -2.999999999999999556, 0.05000000000000067585, -1.749999999999998890 ) ) ;
#3675 = CARTESIAN_POINT ( 'NONE',  ( -0.8669309661591718674, 1.190099999999999936, -0.5833641329341461290 ) ) ;
#3676 = CARTESIAN_POINT ( 'NONE',  ( -1.224429425454999665, 1.190000000000000391, -0.6902383476470930201 ) ) ;
#3677 = EDGE_LOOP ( 'NONE', ( #7362, #9047, #4595, #2957 ) ) ;
#3678 = CARTESIAN_POINT ( 'NONE',  ( 0.6184945118921961749, 1.190100000000000158, -0.4056705874717208560 ) ) ;
#3679 = EDGE_CURVE ( 'NONE', #8136, #2356, #9048, .T. ) ;
#3680 = ADVANCED_FACE ( 'NONE', ( #3657 ), #6069, .T. ) ;
#3681 = CARTESIAN_POINT ( 'NONE',  ( 0.0000000000000000000, 1.190099999999999936, 0.0000000000000000000 ) ) ;
#3682 = CARTESIAN_POINT ( 'NONE',  ( 0.3965400866904940647, 1.190100000000000158, -0.5506627700947818171 ) ) ;
#3683 = ORIENTED_EDGE ( 'NONE', *, *, #3017, .F. ) ;
#3684 = LINE ( 'NONE', #6046, #5598 ) ;
#3685 = CARTESIAN_POINT ( 'NONE',  ( 0.07527901853108964758, 1.190000000000000391, -0.4730813839506436969 ) ) ;
#3686 = ORIENTED_EDGE ( 'NONE', *, *, #1723, .T. ) ;
#3687 = CARTESIAN_POINT ( 'NONE',  ( 0.7305928887850734466, 1.190000000000000835, 0.3475738741912786089 ) ) ;
#3688 = CARTESIAN_POINT ( 'NONE',  ( 2.499999999999999556, 0.0000000000000000000, 1.800000000000000266 ) ) ;
#3689 = EDGE_CURVE ( 'NONE', #9919, #366, #10020, .T. ) ;
#3690 = FACE_OUTER_BOUND ( 'NONE', #492, .T. ) ;
#3691 = EDGE_CURVE ( 'NONE', #2761, #313, #618, .T. ) ;
#3692 = CARTESIAN_POINT ( 'NONE',  ( -0.4516842963636743535, 1.189999999999999725, -0.3369064085696522048 ) ) ;
#3693 = CARTESIAN_POINT ( 'NONE',  ( -1.194073279560498912, 1.190099999999999714, -0.3492525214129419964 ) ) ;
#3694 = CARTESIAN_POINT ( 'NONE',  ( 0.5063863415331361084, 1.190099999999999714, -0.5474666970367102481 ) ) ;
#3695 = ORIENTED_EDGE ( 'NONE', *, *, #9700, .T. ) ;
#3696 = CARTESIAN_POINT ( 'NONE',  ( 0.3841461354504300818, 1.189999999999999947, -0.3344888050610302921 ) ) ;
#3697 = CARTESIAN_POINT ( 'NONE',  ( 0.8440570981598931599, 1.190000000000000169, 0.1017941255513045012 ) ) ;
#3698 = CARTESIAN_POINT ( 'NONE',  ( 0.3433254440972385857, 1.190099999999999936, -0.4196622098572230786 ) ) ;
#3699 = ORIENTED_EDGE ( 'NONE', *, *, #817, .F. ) ;
#3700 = LINE ( 'NONE', #7661, #8690 ) ;
#3701 = CARTESIAN_POINT ( 'NONE',  ( 0.7941281225754409645, 1.190099999999999936, 0.1018742081903491470 ) ) ;
#3702 = FACE_OUTER_BOUND ( 'NONE', #5328, .T. ) ;
#3703 = CARTESIAN_POINT ( 'NONE',  ( 0.5297679232599050714, 1.190100000000000380, -0.5049947406110206760 ) ) ;
#3704 = DIRECTION ( 'NONE',  ( -1.000000000000000000, 0.0000000000000000000, 0.0000000000000000000 ) ) ;
#3705 = CARTESIAN_POINT ( 'NONE',  ( 0.8563237145276776374, 1.190099999999999714, 0.1046672586519049042 ) ) ;
#3706 = CARTESIAN_POINT ( 'NONE',  ( 0.0000000000000000000, 1.189999999999999947, 0.0000000000000000000 ) ) ;
#3707 = CARTESIAN_POINT ( 'NONE',  ( 0.7953913760746575967, 1.189999999999999947, 0.1015052263720682690 ) ) ;
#3708 = ORIENTED_EDGE ( 'NONE', *, *, #8464, .F. ) ;
#3709 = FACE_OUTER_BOUND ( 'NONE', #8492, .T. ) ;
#3710 = SURFACE_STYLE_USAGE ( .BOTH. , #2078 ) ;
#3711 = ORIENTED_EDGE ( 'NONE', *, *, #3921, .F. ) ;
#3712 = CARTESIAN_POINT ( 'NONE',  ( 0.6575533164242125528, 1.190099999999999714, -0.3786627693766477787 ) ) ;
#3713 = EDGE_LOOP ( 'NONE', ( #9641, #9804, #9963, #950 ) ) ;
#3714 = CARTESIAN_POINT ( 'NONE',  ( -0.9247628703680533802, 1.189999999999999947, 0.3099384093995806166 ) ) ;
#3715 = CARTESIAN_POINT ( 'NONE',  ( 0.5063863415331362194, 1.190000000000000169, -0.5474666970367103591 ) ) ;
#3716 = CYLINDRICAL_SURFACE ( 'NONE', #2664, 0.1499999999999999667 ) ;
#3717 = CARTESIAN_POINT ( 'NONE',  ( -0.7016320295203816171, 1.189999999999999503, -0.6623689015400998636 ) ) ;
#3718 = CARTESIAN_POINT ( 'NONE',  ( -1.016773078952932341, 1.190099999999999714, -0.3332752480956703289 ) ) ;
#3719 = CARTESIAN_POINT ( 'NONE',  ( -0.3541104533386589814, 1.190099999999999936, -0.7064410560110692128 ) ) ;
#3720 = CARTESIAN_POINT ( 'NONE',  ( 0.8150489343032172318, 1.190100000000000158, 0.1407876454215213624 ) ) ;
#3721 = EDGE_CURVE ( 'NONE', #2296, #1243, #3750, .T. ) ;
#3722 = VERTEX_POINT ( 'NONE', #2071 ) ;
#3723 = DIRECTION ( 'NONE',  ( -0.0000000000000000000, -1.000000000000000000, -0.0000000000000000000 ) ) ;
#3724 = DIRECTION ( 'NONE',  ( 0.0000000000000000000, -1.000000000000000000, 0.0000000000000000000 ) ) ;
#3725 = ORIENTED_EDGE ( 'NONE', *, *, #6874, .T. ) ;
#3726 = CARTESIAN_POINT ( 'NONE',  ( 2.999999999999999556, -0.04999999999999933664, -3.872150616019609307E-19 ) ) ;
#3727 =( NAMED_UNIT ( * ) PLANE_ANGLE_UNIT ( ) SI_UNIT ( $, .RADIAN. ) );
#3728 = CARTESIAN_POINT ( 'NONE',  ( -0.0002642994925050514560, 1.190099999999999936, -0.4179795175495307769 ) ) ;
#3729 = EDGE_CURVE ( 'NONE', #1998, #5589, #4522, .T. ) ;
#3730 = ORIENTED_EDGE ( 'NONE', *, *, #9523, .T. ) ;
#3731 = CARTESIAN_POINT ( 'NONE',  ( 0.6823004944171604524, 1.190000000000001057, 0.2586563581175293502 ) ) ;
#3732 = DIRECTION ( 'NONE',  ( -0.4821794293845136914, 0.0000000000000000000, 0.8760724843746805490 ) ) ;
#3733 = CARTESIAN_POINT ( 'NONE',  ( 0.1633544947616125398, 1.190100000000000158, -0.2967965911748772223 ) ) ;
#3734 = CARTESIAN_POINT ( 'NONE',  ( -0.4900078892360948957, 1.189999999999999947, -0.3679795175495307880 ) ) ;
#3735 = CARTESIAN_POINT ( 'NONE',  ( -0.4975807730839724718, 1.190100000000000158, -0.3676034723662700010 ) ) ;
#3736 = DIRECTION ( 'NONE',  ( -1.000000000000000000, 0.0000000000000000000, 0.0000000000000000000 ) ) ;
#3737 = ORIENTED_EDGE ( 'NONE', *, *, #3395, .F. ) ;
#3738 = CARTESIAN_POINT ( 'NONE',  ( 1.533069033840828377, 1.190099999999999936, -0.5987487483187616810 ) ) ;
#3739 = CARTESIAN_POINT ( 'NONE',  ( 0.9438389559556220609, 1.190000000000000169, 0.2305313581175293947 ) ) ;
#3740 = CARTESIAN_POINT ( 'NONE',  ( 0.4290965140824374857, 1.190099999999999936, -0.5275293225359239946 ) ) ;
#3741 = VERTEX_POINT ( 'NONE', #1440 ) ;
#3742 = CARTESIAN_POINT ( 'NONE',  ( 0.06311864853887232119, 1.190099999999999714, -0.3160320500653774345 ) ) ;
#3743 = EDGE_CURVE ( 'NONE', #554, #9609, #8485, .T. ) ;
#3744 = CARTESIAN_POINT ( 'NONE',  ( 1.010505622622288602, 1.190099999999999936, -0.03877953931836808366 ) ) ;
#3745 = EDGE_CURVE ( 'NONE', #3961, #8392, #9769, .T. ) ;
#3746 = AXIS2_PLACEMENT_3D ( 'NONE', #1552, #2416, #8741 ) ;
#3747 = CARTESIAN_POINT ( 'NONE',  ( 0.4368518873041347672, 1.190099999999999936, -0.6573982336891598388 ) ) ;
#3748 = CARTESIAN_POINT ( 'NONE',  ( 2.999999999999999556, -1.189999999999999947, 0.0000000000000000000 ) ) ;
#3749 = VECTOR ( 'NONE', #809, 1000.000000000000000 ) ;
#3750 = LINE ( 'NONE', #8386, #6262 ) ;
#3751 = CARTESIAN_POINT ( 'NONE',  ( -2.999999999999999556, -0.04999999999999931583, -1.599999999999998090 ) ) ;
#3752 = CARTESIAN_POINT ( 'NONE',  ( -1.149675442185563945, 1.189999999999999947, -0.5062218639470341675 ) ) ;
#3753 = CARTESIAN_POINT ( 'NONE',  ( 0.7181979303145963334, 1.190099999999999936, 0.2586563581175293502 ) ) ;
#3754 = CARTESIAN_POINT ( 'NONE',  ( 0.3896379557099022839, 1.190000000000000169, -0.4148626455675442637 ) ) ;
#3755 = ORIENTED_EDGE ( 'NONE', *, *, #3079, .T. ) ;
#3756 = B_SPLINE_CURVE_WITH_KNOTS ( 'NONE', 3,
 ( #5363, #5317, #1376, #7744, #691, #2909, #3682, #8463, #5267, #7684, #1419, #8357, #10050, #7795, #3828 ),
 .UNSPECIFIED., .F., .F.,
 ( 4, 1, 1, 1, 1, 1, 1, 1, 1, 1, 1, 1, 4 ),
 ( 0.0000000000000000000, 0.07970121939904359354, 0.1553562281276001933, 0.2290002185822234138, 0.2990795871484149826, 0.3665958925813741498, 0.4311496099534786186, 0.4946088017168487894, 0.5558630631443920445, 0.6728495545640683639, 0.7840358263102060743, 0.8918733718565691193, 1.000000000000000000 ),
 .UNSPECIFIED. ) ;
#3757 = CARTESIAN_POINT ( 'NONE',  ( -1.008031982465956267, 1.189999999999999947, -0.5072540075947967741 ) ) ;
#3758 = CARTESIAN_POINT ( 'NONE',  ( 0.06838378493459749963, 1.190099999999999936, -0.4672173325482010808 ) ) ;
#3759 = ORIENTED_EDGE ( 'NONE', *, *, #4659, .F. ) ;
#3760 = CARTESIAN_POINT ( 'NONE',  ( 0.5983463920943640213, 1.190099999999999714, -0.6255736184656611742 ) ) ;
#3761 = EDGE_LOOP ( 'NONE', ( #9015, #5514, #7925, #7674, #3775, #1131 ) ) ;
#3762 = AXIS2_PLACEMENT_3D ( 'NONE', #7702, #3843, #3074 ) ;
#3763 = CARTESIAN_POINT ( 'NONE',  ( 0.8322086367124638118, 1.189999999999999725, 0.1420650455419801839 ) ) ;
#3764 = CARTESIAN_POINT ( 'NONE',  ( -2.999999999999999556, -3.452096659781554788E-16, -1.800000000000000266 ) ) ;
#3765 = EDGE_CURVE ( 'NONE', #5029, #6349, #4479, .T. ) ;
#3766 = CARTESIAN_POINT ( 'NONE',  ( 0.6643398363590962141, 1.190099999999999714, -0.4001836664070306804 ) ) ;
#3767 = CARTESIAN_POINT ( 'NONE',  ( -1.279129458437992861, 1.190099999999999714, -0.3745975351697944933 ) ) ;
#3768 = AXIS2_PLACEMENT_3D ( 'NONE', #8150, #8915, #7527 ) ;
#3769 = DIRECTION ( 'NONE',  ( -0.0000000000000000000, 1.000000000000000000, -0.0000000000000000000 ) ) ;
#3770 = VECTOR ( 'NONE', #4526, 1000.000000000000000 ) ;
#3771 = DIRECTION ( 'NONE',  ( -1.000000000000000000, -0.0000000000000000000, -0.0000000000000000000 ) ) ;
#3772 = ORIENTED_EDGE ( 'NONE', *, *, #2068, .T. ) ;
#3773 = VECTOR ( 'NONE', #2896, 1000.000000000000000 ) ;
#3774 = CARTESIAN_POINT ( 'NONE',  ( 0.6125001840926879160, 1.189999999999999947, -0.3901898892196181134 ) ) ;
#3775 = ORIENTED_EDGE ( 'NONE', *, *, #6675, .F. ) ;
#3776 = EDGE_CURVE ( 'NONE', #6349, #1360, #6908, .T. ) ;
#3777 = CARTESIAN_POINT ( 'NONE',  ( 2.999999999999999556, -0.04999999999999932276, -1.749999999999999556 ) ) ;
#3778 = SURFACE_SIDE_STYLE ('',( #7642 ) ) ;
#3779 = ORIENTED_EDGE ( 'NONE', *, *, #2395, .T. ) ;
#3780 = DIRECTION ( 'NONE',  ( 1.355252715606880296E-16, -0.0000000000000000000, 1.000000000000000000 ) ) ;
#3781 = DIRECTION ( 'NONE',  ( 0.0000000000000000000, 0.0000000000000000000, 1.000000000000000000 ) ) ;
#3782 = COLOUR_RGB ( '',0.2509803921568627416, 0.2509803921568627416, 0.2509803921568627416 ) ;
#3783 = VERTEX_POINT ( 'NONE', #9821 ) ;
#3784 = ORIENTED_EDGE ( 'NONE', *, *, #5064, .F. ) ;
#3785 = PLANE ( 'NONE',  #790 ) ;
#3786 = LINE ( 'NONE', #3688, #3265 ) ;
#3787 = CARTESIAN_POINT ( 'NONE',  ( 0.2456140932795937426, 1.190000000000000835, -0.4246303497374454006 ) ) ;
#3788 = CARTESIAN_POINT ( 'NONE',  ( 2.999999999999999556, -1.230654267715320715, 1.749999999999999778 ) ) ;
#3789 = EDGE_CURVE ( 'NONE', #9677, #9791, #2781, .T. ) ;
#3790 = CARTESIAN_POINT ( 'NONE',  ( -0.5283311944536215332, 1.190099999999999936, -0.3369061383883268923 ) ) ;
#3791 = ORIENTED_EDGE ( 'NONE', *, *, #6496, .F. ) ;
#3792 = CARTESIAN_POINT ( 'NONE',  ( 0.5860117068957448883, 1.190100000000000602, -0.6467026426543238671 ) ) ;
#3793 = DIRECTION ( 'NONE',  ( 0.0000000000000000000, 0.0000000000000000000, -1.000000000000000000 ) ) ;
#3794 = CARTESIAN_POINT ( 'NONE',  ( -1.170008208784927062, 1.190100000000000158, -0.7130853082701572587 ) ) ;
#3795 = VERTEX_POINT ( 'NONE', #1693 ) ;
#3796 = LINE ( 'NONE', #6166, #9674 ) ;
#3797 = CARTESIAN_POINT ( 'NONE',  ( -0.5284694276976332761, 1.189999999999999725, -0.3346461842161974620 ) ) ;
#3798 = VECTOR ( 'NONE', #6034, 1000.000000000000000 ) ;
#3799 = CYLINDRICAL_SURFACE ( 'NONE', #4562, 0.05000000000000012768 ) ;
#3800 = CARTESIAN_POINT ( 'NONE',  ( -1.074957521537586835, 1.189999999999999947, -0.3468511815004657328 ) ) ;
#3801 = CARTESIAN_POINT ( 'NONE',  ( 0.4877754759450110833, 1.190099999999999714, -0.5486318479818448335 ) ) ;
#3802 = EDGE_CURVE ( 'NONE', #849, #3402, #2459, .T. ) ;
#3803 = DIRECTION ( 'NONE',  ( -0.0000000000000000000, -1.000000000000000000, -0.0000000000000000000 ) ) ;
#3804 = CARTESIAN_POINT ( 'NONE',  ( 0.5104528502641969556, 1.189999999999999947, -0.5475656221983913330 ) ) ;
#3805 = ADVANCED_FACE ( 'NONE', ( #8583 ), #716, .T. ) ;
#3806 = MECHANICAL_DESIGN_GEOMETRIC_PRESENTATION_REPRESENTATION (  '', ( #8245 ), #3963 ) ;
#3807 = CARTESIAN_POINT ( 'NONE',  ( 0.6266287678710420472, 1.190099999999999936, -0.3365838356434636691 ) ) ;
#3808 = VERTEX_POINT ( 'NONE', #5433 ) ;
#3809 = B_SPLINE_SURFACE_WITH_KNOTS ( 'NONE', 3, 1, ( 
 ( #4532, #7673 ),
 ( #7576, #5153 ),
 ( #9885, #7518 ),
 ( #3760, #6181 ),
 ( #4441, #9322 ),
 ( #9272, #10084 ),
 ( #6993, #1556 ),
 ( #2422, #5448 ),
 ( #9513, #3302 ),
 ( #886, #7783 ),
 ( #4689, #7046 ),
 ( #8597, #157 ),
 ( #1505, #4011 ),
 ( #5496, #5545 ),
 ( #7192, #2475 ),
 ( #6434, #10127 ),
 ( #7827, #3962 ),
 ( #4638, #3198 ),
 ( #7144, #6289 ) ),
 .UNSPECIFIED., .F., .F., .F.,
 ( 4, 1, 1, 1, 1, 1, 1, 1, 1, 1, 1, 1, 1, 1, 1, 1, 4 ),
 ( 2, 2 ),
 ( 0.0000000000000000000, 0.04564128353554572359, 0.09078888845952054476, 0.1364256671059914661, 0.1843178366725510553, 0.2342939698572291951, 0.2866764212844407633, 0.3429017423209589910, 0.4029260114872518228, 0.4655453358907242212, 0.5306942503796601152, 0.5990645194380442851, 0.6698373764890975801, 0.7454419866164027075, 0.8252508205349914361, 0.9101888033597520522, 1.000000000000000000 ),
 ( 0.0000000000000000000, 1.000000000000000000 ),
 .UNSPECIFIED. ) ;
#3810 = CARTESIAN_POINT ( 'NONE',  ( -1.001080697259455476, 1.190000000000000391, -0.4999707832937704266 ) ) ;
#3811 = CARTESIAN_POINT ( 'NONE',  ( 0.1167554670975110703, 1.190099999999999714, -0.4930035921471505600 ) ) ;
#3812 = ORIENTED_EDGE ( 'NONE', *, *, #4081, .F. ) ;
#3813 = CARTESIAN_POINT ( 'NONE',  ( 2.999999999999999556, -1.378338643883207038, -1.723744999792374610 ) ) ;
#3814 = VECTOR ( 'NONE', #3294, 1000.000000000000000 ) ;
#3815 = DIRECTION ( 'NONE',  ( 1.000000000000000000, -0.0000000000000000000, -0.0000000000000000000 ) ) ;
#3816 = ORIENTED_EDGE ( 'NONE', *, *, #9900, .F. ) ;
#3817 = CARTESIAN_POINT ( 'NONE',  ( 0.4519872793235966135, 1.189999999999999725, -0.7091847240789040940 ) ) ;
#3818 = CARTESIAN_POINT ( 'NONE',  ( 0.7921453198426395836, 1.190099999999999936, 0.1419197386176391518 ) ) ;
#3819 = CARTESIAN_POINT ( 'NONE',  ( -0.4900078892360948957, 1.190099999999999936, -0.3013128508828640806 ) ) ;
#3820 = DIRECTION ( 'NONE',  ( -0.0000000000000000000, -1.000000000000000000, -0.0000000000000000000 ) ) ;
#3821 = CARTESIAN_POINT ( 'NONE',  ( 0.2730400772399541598, 1.190000000000000169, -0.3565519857216600808 ) ) ;
#3822 = AXIS2_PLACEMENT_3D ( 'NONE', #4190, #9590, #5668 ) ;
#3823 = CARTESIAN_POINT ( 'NONE',  ( 0.8978274298121218244, 1.190100000000000380, 0.1855986404213255114 ) ) ;
#3824 = ORIENTED_EDGE ( 'NONE', *, *, #2851, .F. ) ;
#3825 = DIRECTION ( 'NONE',  ( 1.000000000000000000, -0.0000000000000000000, -0.0000000000000000000 ) ) ;
#3826 = VECTOR ( 'NONE', #5407, 1000.000000000000000 ) ;
#3827 = LINE ( 'NONE', #1418, #3826 ) ;
#3828 = CARTESIAN_POINT ( 'NONE',  ( 0.3638382646100591367, 1.190099999999999936, -0.6140532354982487506 ) ) ;
#3829 = EDGE_LOOP ( 'NONE', ( #776, #5525, #4350, #2915 ) ) ;
#3830 = CARTESIAN_POINT ( 'NONE',  ( 0.1426557830159581874, 1.190000000000000169, -0.4960944313583679488 ) ) ;
#3831 = ORIENTED_EDGE ( 'NONE', *, *, #7001, .F. ) ;
#3832 = CARTESIAN_POINT ( 'NONE',  ( -0.4900078892360950067, 1.190100000000000158, -0.3013128508828641361 ) ) ;
#3833 = EDGE_CURVE ( 'NONE', #9171, #5775, #2315, .T. ) ;
#3834 = LINE ( 'NONE', #2300, #811 ) ;
#3835 = ORIENTED_EDGE ( 'NONE', *, *, #7312, .T. ) ;
#3836 = CARTESIAN_POINT ( 'NONE',  ( 0.2294842821224619411, 1.190100000000000158, -0.4608940451717325471 ) ) ;
#3837 = CARTESIAN_POINT ( 'NONE',  ( 0.9437629473529510760, 1.190099999999999936, 0.2337910404434676848 ) ) ;
#3838 = DIRECTION ( 'NONE',  ( 0.0000000000000000000, 0.0000000000000000000, -1.000000000000000000 ) ) ;
#3839 = VERTEX_POINT ( 'NONE', #4775 ) ;
#3840 = CARTESIAN_POINT ( 'NONE',  ( -1.113367545524613700, 1.190100000000000158, -0.7162294463383382936 ) ) ;
#3841 = LINE ( 'NONE', #7023, #7910 ) ;
#3842 = DIRECTION ( 'NONE',  ( -0.2007054744631348864, 0.0000000000000000000, 0.9796516281416204341 ) ) ;
#3843 = DIRECTION ( 'NONE',  ( 1.000000000000000000, -0.0000000000000000000, 0.0000000000000000000 ) ) ;
#3844 = DIRECTION ( 'NONE',  ( -0.0000000000000000000, -1.000000000000000000, -0.0000000000000000000 ) ) ;
#3845 = CARTESIAN_POINT ( 'NONE',  ( -1.085376358285210729, 1.190099999999999936, -0.3433847334328040124 ) ) ;
#3846 = EDGE_CURVE ( 'NONE', #3171, #5688, #9358, .T. ) ;
#3847 = CARTESIAN_POINT ( 'NONE',  ( -0.8322320437657499959, 1.190100000000000158, -0.6520404259798019408 ) ) ;
#3848 = LINE ( 'NONE', #6366, #4287 ) ;
#3849 = CARTESIAN_POINT ( 'NONE',  ( 0.2345419183453275880, 1.190099999999999714, -0.3790504964602675053 ) ) ;
#3850 = CARTESIAN_POINT ( 'NONE',  ( 0.4213796967605342170, 1.189999999999999947, -0.3600778107738901723 ) ) ;
#3851 = ORIENTED_EDGE ( 'NONE', *, *, #5765, .T. ) ;
#3852 = CARTESIAN_POINT ( 'NONE',  ( 0.4412811785504744400, 1.190099999999999936, -0.4917060257818054447 ) ) ;
#3853 = DIRECTION ( 'NONE',  ( -0.0000000000000000000, -1.000000000000000000, -0.0000000000000000000 ) ) ;
#3854 = CARTESIAN_POINT ( 'NONE',  ( 0.7959309925340308789, 1.189999999999999503, 0.3301641629784063947 ) ) ;
#3855 = CARTESIAN_POINT ( 'NONE',  ( 0.3433254440972385857, 1.190099999999999936, -0.4196622098572230786 ) ) ;
#3856 = ORIENTED_EDGE ( 'NONE', *, *, #9579, .T. ) ;
#3857 = ADVANCED_FACE ( 'NONE', ( #9405 ), #3231, .T. ) ;
#3858 = LINE ( 'NONE', #3813, #289 ) ;
#3859 = CARTESIAN_POINT ( 'NONE',  ( 0.5824445178648706145, 1.190100000000000158, -0.5275773212699792492 ) ) ;
#3860 = VERTEX_POINT ( 'NONE', #763 ) ;
#3861 = CARTESIAN_POINT ( 'NONE',  ( -0.1381649405181460954, 1.190099999999999936, -0.6654154149854282219 ) ) ;
#3862 = FACE_OUTER_BOUND ( 'NONE', #2202, .T. ) ;
#3863 = CARTESIAN_POINT ( 'NONE',  ( 0.4350569668158506542, 1.190099999999999936, -0.7030265076400805668 ) ) ;
#3864 = CARTESIAN_POINT ( 'NONE',  ( 0.6461562758454514332, 1.190099999999999936, -0.3585831233895847014 ) ) ;
#3865 = DIRECTION ( 'NONE',  ( -0.0000000000000000000, -1.000000000000000000, -0.0000000000000000000 ) ) ;
#3866 = PLANE ( 'NONE',  #2990 ) ;
#3867 = CARTESIAN_POINT ( 'NONE',  ( -0.3541104533386589814, 1.190099999999999936, -0.7064410560110692128 ) ) ;
#3868 = EDGE_CURVE ( 'NONE', #193, #6685, #3848, .T. ) ;
#3869 = EDGE_CURVE ( 'NONE', #7878, #8496, #2264, .T. ) ;
#3870 = ORIENTED_EDGE ( 'NONE', *, *, #3983, .T. ) ;
#3871 = CARTESIAN_POINT ( 'NONE',  ( -1.161942357547540716, 1.189999999999999947, 0.06634866580983704576 ) ) ;
#3872 = ORIENTED_EDGE ( 'NONE', *, *, #5792, .F. ) ;
#3873 = CARTESIAN_POINT ( 'NONE',  ( -1.133998273851479555, 1.189999999999999947, -0.2961846457546589706 ) ) ;
#3874 = FACE_OUTER_BOUND ( 'NONE', #8940, .T. ) ;
#3875 = CARTESIAN_POINT ( 'NONE',  ( 0.6415677443635793287, 1.189999999999999725, -0.6393390661576693335 ) ) ;
#3876 = VERTEX_POINT ( 'NONE', #7084 ) ;
#3877 = CARTESIAN_POINT ( 'NONE',  ( -1.079596831977098326, 1.189999999999999947, -0.3026477187193285512 ) ) ;
#3878 = CARTESIAN_POINT ( 'NONE',  ( 0.5698276487791636979, 1.190100000000000158, -0.4921704669972176149 ) ) ;
#3879 = ORIENTED_EDGE ( 'NONE', *, *, #5428, .F. ) ;
#3880 = B_SPLINE_SURFACE_WITH_KNOTS ( 'NONE', 3, 1, ( 
 ( #3146, #8595 ),
 ( #57, #4734 ),
 ( #3347, #1752 ),
 ( #775, #4880 ),
 ( #7142, #8640 ),
 ( #7973, #4684 ),
 ( #5542, #8691 ),
 ( #9613, #1554 ),
 ( #101, #7825 ),
 ( #1653, #9511 ),
 ( #3959, #983 ),
 ( #4108, #4056 ),
 ( #5642, #3904 ),
 ( #3196, #6432 ),
 ( #7043, #4834 ),
 ( #2473, #4785 ),
 ( #7926, #828 ),
 ( #6333, #9564 ),
 ( #9461, #884 ),
 ( #4009, #5595 ),
 ( #8744, #1704 ),
 ( #8794, #9771 ),
 ( #2571, #3601 ) ),
 .UNSPECIFIED., .F., .F., .F.,
 ( 4, 1, 1, 1, 1, 1, 1, 1, 1, 1, 1, 1, 1, 1, 1, 1, 1, 1, 1, 1, 4 ),
 ( 2, 2 ),
 ( 0.0000000000000000000, 0.09144756337791651313, 0.1804708072296366816, 0.2685532274769094618, 0.3563342179524489062, 0.3997458896612632318, 0.4424110760329278413, 0.4844903636973602046, 0.5255508864585511919, 0.5663974580142130399, 0.6072082619872231080, 0.6479169559379931442, 0.6887420707044548118, 0.7295743389867886952, 0.7692290718979266639, 0.8079163568435204779, 0.8464750871248067909, 0.8848515953511769672, 0.9229282153595317340, 0.9613731580714119929, 1.000000000000000000 ),
 ( 0.0000000000000000000, 1.000000000000000000 ),
 .UNSPECIFIED. ) ;
#3881 = CARTESIAN_POINT ( 'NONE',  ( 0.1826394722748262145, 1.190099999999999714, -0.2998913251336196573 ) ) ;
#3882 = CARTESIAN_POINT ( 'NONE',  ( 0.9413657511995945359, 1.190099999999999936, 0.2592957285970087233 ) ) ;
#3883 = CARTESIAN_POINT ( 'NONE',  ( 2.499999999999999556, -0.1000000000000014766, 1.899999999999999911 ) ) ;
#3884 = CARTESIAN_POINT ( 'NONE',  ( 0.4322192237843462959, 1.190100000000000602, -0.5728801848855270551 ) ) ;
#3885 = ORIENTED_EDGE ( 'NONE', *, *, #317, .T. ) ;
#3886 = LINE ( 'NONE', #5572, #1650 ) ;
#3887 = DIRECTION ( 'NONE',  ( -0.0000000000000000000, -1.000000000000000000, -0.0000000000000000000 ) ) ;
#3888 = CARTESIAN_POINT ( 'NONE',  ( -2.499999999999999556, -1.230654267715319383, -1.899999999999999689 ) ) ;
#3889 = EDGE_LOOP ( 'NONE', ( #3985, #8917, #6372, #1724, #7672, #3001, #4668, #5540 ) ) ;
#3890 = CARTESIAN_POINT ( 'NONE',  ( 0.8963616314468594304, 1.190099999999999714, 0.2777376628250272095 ) ) ;
#3891 = CARTESIAN_POINT ( 'NONE',  ( 0.5806980883465391319, 1.190100000000000602, -0.5741794559283127652 ) ) ;
#3892 = CARTESIAN_POINT ( 'NONE',  ( -1.036161735389941052, 1.190000000000000169, -0.6129314406264538828 ) ) ;
#3893 = CARTESIAN_POINT ( 'NONE',  ( -2.999999999999999556, -0.1000000000000000888, -1.800000000000000266 ) ) ;
#3894 = APPLICATION_PROTOCOL_DEFINITION ( 'draft international standard', 'automotive_design', 1998, #2804 ) ;
#3895 = CARTESIAN_POINT ( 'NONE',  ( -1.181812529921147492, 1.189999999999999947, -0.7102324637033126109 ) ) ;
#3896 = CARTESIAN_POINT ( 'NONE',  ( 0.7233261354428014434, 1.190099999999999936, 0.1612204606816319274 ) ) ;
#3897 = CARTESIAN_POINT ( 'NONE',  ( 0.5602030583744065373, 1.190099999999999936, -0.3020444348323205741 ) ) ;
#3898 = EDGE_CURVE ( 'NONE', #254, #578, #7862, .T. ) ;
#3899 = CARTESIAN_POINT ( 'NONE',  ( -1.132235453338658937, 1.190099999999999936, -0.7166974662674795438 ) ) ;
#3900 = CARTESIAN_POINT ( 'NONE',  ( -0.7108466807525086750, 1.190000000000000169, -0.7118483323098387938 ) ) ;
#3901 = CARTESIAN_POINT ( 'NONE',  ( 0.3433254440972385857, 1.190099999999999936, -0.4196622098572230786 ) ) ;
#3902 = CARTESIAN_POINT ( 'NONE',  ( 0.5042228799946745221, 1.190099999999999936, -0.2961846457546589706 ) ) ;
#3903 = ORIENTED_EDGE ( 'NONE', *, *, #915, .T. ) ;
#3904 = CARTESIAN_POINT ( 'NONE',  ( 0.02360433342965299539, 1.190000000000000835, -0.3494916981514638032 ) ) ;
#3905 = ORIENTED_EDGE ( 'NONE', *, *, #4878, .F. ) ;
#3906 = VECTOR ( 'NONE', #1069, 1000.000000000000000 ) ;
#3907 = CARTESIAN_POINT ( 'NONE',  ( 0.6125001840926879160, 1.189999999999999947, -0.3901898892196181134 ) ) ;
#3908 = ORIENTED_EDGE ( 'NONE', *, *, #9386, .T. ) ;
#3909 = CARTESIAN_POINT ( 'NONE',  ( -1.060647004361211287, 1.190099999999999714, -0.4887366809748847074 ) ) ;
#3910 = DIRECTION ( 'NONE',  ( 0.0000000000000000000, 0.0000000000000000000, -1.000000000000000000 ) ) ;
#3911 = CARTESIAN_POINT ( 'NONE',  ( 0.7594385753612975520, 1.189999999999999947, 0.3637890250407292969 ) ) ;
#3912 = COLOUR_RGB ( '',0.2509803921568627416, 0.2509803921568627416, 0.2509803921568627416 ) ;
#3913 = FILL_AREA_STYLE ('',( #7788 ) ) ;
#3914 = ADVANCED_FACE ( 'NONE', ( #89, #7030, #7914, #10164, #3034, #3078, #3135, #2366, #4621, #5482, #872, #7768, #3186 ), #10074, .T. ) ;
#3915 = VECTOR ( 'NONE', #1395, 1000.000000000000114 ) ;
#3916 = CARTESIAN_POINT ( 'NONE',  ( 0.2458895466613412462, 1.190000000000000169, -0.4165372098572231452 ) ) ;
#3917 = VERTEX_POINT ( 'NONE', #5078 ) ;
#3918 = CARTESIAN_POINT ( 'NONE',  ( 0.9042619271086750343, 1.190000000000000169, 0.3324544488185030566 ) ) ;
#3919 = PRESENTATION_LAYER_ASSIGNMENT (  '', '', ( #6389 ) ) ;
#3920 = CARTESIAN_POINT ( 'NONE',  ( 1.415633827750493845, 1.190099999999999936, 0.3612204606816319385 ) ) ;
#3921 = EDGE_CURVE ( 'NONE', #5495, #7491, #3337, .T. ) ;
#3922 = CARTESIAN_POINT ( 'NONE',  ( 0.6453136257831614264, 1.190099999999999270, -0.6000170954577622728 ) ) ;
#3923 = ADVANCED_FACE ( 'NONE', ( #4097 ), #686, .T. ) ;
#3924 = CARTESIAN_POINT ( 'NONE',  ( 0.7409418476813657284, 1.189999999999999947, 0.3045943001604498601 ) ) ;
#3925 = DIRECTION ( 'NONE',  ( 0.0000000000000000000, 1.917831477656420641E-16, 1.000000000000000000 ) ) ;
#3926 = VECTOR ( 'NONE', #9817, 1000.000000000000227 ) ;
#3927 = VERTEX_POINT ( 'NONE', #5022 ) ;
#3928 = LINE ( 'NONE', #2297, #5053 ) ;
#3929 = CARTESIAN_POINT ( 'NONE',  ( 0.6073992887171656418, 1.189999999999999947, -0.4608184050631963236 ) ) ;
#3930 = ORIENTED_EDGE ( 'NONE', *, *, #5173, .T. ) ;
#3931 = CARTESIAN_POINT ( 'NONE',  ( 0.2012410444337652538, 1.189999999999999947, -0.3050861559919493815 ) ) ;
#3932 = CARTESIAN_POINT ( 'NONE',  ( 0.9157369987293157987, 1.190099999999999936, 0.3187472471626022763 ) ) ;
#3933 = CARTESIAN_POINT ( 'NONE',  ( 0.1460498030715975948, 1.190099999999999936, -0.4961846457546589262 ) ) ;
#3934 = DIRECTION ( 'NONE',  ( 0.0000000000000000000, 0.0000000000000000000, 1.000000000000000000 ) ) ;
#3935 = CARTESIAN_POINT ( 'NONE',  ( 0.4412811785504744400, 1.189999999999999947, -0.4917060257818054447 ) ) ;
#3936 = CIRCLE ( 'NONE', #2633, 0.05000000000000012768 ) ;
#3937 = ORIENTED_EDGE ( 'NONE', *, *, #8365, .T. ) ;
#3938 = CARTESIAN_POINT ( 'NONE',  ( -0.3541104533386589814, 1.190099999999999936, -0.6654154149854282219 ) ) ;
#3939 = VECTOR ( 'NONE', #6410, 1000.000000000000000 ) ;
#3940 = DIRECTION ( 'NONE',  ( 1.000000000000000000, -0.0000000000000000000, 0.0000000000000000000 ) ) ;
#3941 = CARTESIAN_POINT ( 'NONE',  ( -1.268844506739553291, 1.190100000000000158, -0.6373372332591807909 ) ) ;
#3942 = ORIENTED_EDGE ( 'NONE', *, *, #2902, .F. ) ;
#3943 = CARTESIAN_POINT ( 'NONE',  ( 0.5992063762988463216, 1.190100000000000158, -0.6060745209358786578 ) ) ;
#3944 = CIRCLE ( 'NONE', #664, 0.05000000000000012768 ) ;
#3945 = CARTESIAN_POINT ( 'NONE',  ( -1.154110453338659026, 1.190000000000000169, -0.5474666970367102481 ) ) ;
#3946 = VECTOR ( 'NONE', #5969, 1000.000000000000227 ) ;
#3947 = EDGE_CURVE ( 'NONE', #421, #3343, #6522, .T. ) ;
#3948 = DIRECTION ( 'NONE',  ( 1.000000000000000000, 0.0000000000000000000, 0.0000000000000000000 ) ) ;
#3949 = CARTESIAN_POINT ( 'NONE',  ( 0.5032322007563285737, 1.190000000000000391, -0.5475272045053151126 ) ) ;
#3950 = CARTESIAN_POINT ( 'NONE',  ( -1.193134939677402473, 1.189999999999999947, -0.7064420284787633619 ) ) ;
#3951 = CARTESIAN_POINT ( 'NONE',  ( 0.2012410444337652538, 1.190100000000000158, -0.3050861559919493815 ) ) ;
#3952 = CARTESIAN_POINT ( 'NONE',  ( 0.4727832387212017040, 1.190100000000000158, -0.3396256554262667149 ) ) ;
#3953 = CARTESIAN_POINT ( 'NONE',  ( 3.839783448439274327, 1.189999999999999947, 1.439783448439272417 ) ) ;
#3954 = COLOUR_RGB ( '',0.2509803921568627416, 0.2509803921568627416, 0.2509803921568627416 ) ;
#3955 = CARTESIAN_POINT ( 'NONE',  ( -0.6412792927737767101, 1.189999999999999725, -0.6721087099901169593 ) ) ;
#3956 = CARTESIAN_POINT ( 'NONE',  ( 0.1570273671741616306, 1.190099999999999936, -0.5372102867803000281 ) ) ;
#3957 = CARTESIAN_POINT ( 'NONE',  ( 0.4853831878270535860, 1.190099999999999936, -0.2965677660850583042 ) ) ;
#3958 = ORIENTED_EDGE ( 'NONE', *, *, #6861, .T. ) ;
#3959 = CARTESIAN_POINT ( 'NONE',  ( 0.03500955156826820319, 1.190099999999999936, -0.3367409615054334227 ) ) ;
#3960 = ADVANCED_FACE ( 'NONE', ( #8883 ), #9316, .T. ) ;
#3961 = VERTEX_POINT ( 'NONE', #9191 ) ;
#3962 = CARTESIAN_POINT ( 'NONE',  ( 0.5157228708118247740, 1.189999999999999725, -0.6754753765998352533 ) ) ;
#3963 =( GEOMETRIC_REPRESENTATION_CONTEXT ( 3 ) GLOBAL_UNCERTAINTY_ASSIGNED_CONTEXT ( ( #7447 ) ) GLOBAL_UNIT_ASSIGNED_CONTEXT ( ( #5410, #3727, #4596 ) ) REPRESENTATION_CONTEXT ( 'NONE', 'WORKASPACE' ) );
#3964 = CARTESIAN_POINT ( 'NONE',  ( 0.5766743656880866098, 1.189999999999999503, -0.3068004826398729179 ) ) ;
#3965 = CARTESIAN_POINT ( 'NONE',  ( 0.8068876278999137508, 1.190099999999999936, 0.09998917562264170167 ) ) ;
#3966 = CARTESIAN_POINT ( 'NONE',  ( 0.6823004944171604524, 1.189999999999999947, 0.2586563581175293502 ) ) ;
#3967 = CARTESIAN_POINT ( 'NONE',  ( 0.6304248030715975393, 1.190099999999999936, -0.3400949021649153914 ) ) ;
#3968 = FILL_AREA_STYLE_COLOUR ( '', #9725 ) ;
#3969 = VECTOR ( 'NONE', #576, 1000.000000000000000 ) ;
#3970 = DIRECTION ( 'NONE',  ( -1.342063489340794175E-16, 0.1391731009600657432, -0.9902680687415703620 ) ) ;
#3971 = B_SPLINE_SURFACE_WITH_KNOTS ( 'NONE', 3, 1, ( 
 ( #5394, #103 ),
 ( #3859, #7930 ),
 ( #9463, #7877 ),
 ( #830, #7975 ),
 ( #7099, #3245 ),
 ( #6382, #8747 ),
 ( #1707, #3090 ),
 ( #8543, #932 ),
 ( #4058, #6234 ),
 ( #1193, #8843 ),
 ( #308, #5645 ),
 ( #7247, #2684 ),
 ( #2732, #4216 ),
 ( #7350, #5856 ),
 ( #3556, #2525 ),
 ( #5809, #1084 ),
 ( #1139, #6591 ),
 ( #4112, #4273 ),
 ( #5035, #8994 ) ),
 .UNSPECIFIED., .F., .F., .F.,
 ( 4, 1, 1, 1, 1, 1, 1, 1, 1, 1, 1, 1, 1, 1, 1, 1, 4 ),
 ( 2, 2 ),
 ( 0.0000000000000000000, 0.08597801095541354743, 0.1665357600752754297, 0.2430801657454658982, 0.3152453275928348009, 0.3829448748232105459, 0.4469892938498334356, 0.5074050016205154945, 0.5649588539103558293, 0.6203762074069895105, 0.6745122178124544066, 0.7283024830159220420, 0.7815588022634796239, 0.8353050041663273584, 0.8890952693697944387, 0.9439054235715857999, 1.000000000000000000 ),
 ( 0.0000000000000000000, 1.000000000000000000 ),
 .UNSPECIFIED. ) ;
#3972 = EDGE_CURVE ( 'NONE', #7697, #5182, #9044, .T. ) ;
#3973 = CARTESIAN_POINT ( 'NONE',  ( 0.8240489228139743494, 1.190099999999999936, 0.3704293664395317820 ) ) ;
#3974 = VERTEX_POINT ( 'NONE', #1179 ) ;
#3975 = AXIS2_PLACEMENT_3D ( 'NONE', #3036, #6885, #668 ) ;
#3976 = CARTESIAN_POINT ( 'NONE',  ( -1.284526137713589478, 1.189999999999999947, -0.3869586339774427342 ) ) ;
#3977 = CARTESIAN_POINT ( 'NONE',  ( -2.499999999999999556, -0.2001723312589749892, 1.125969363331736917 ) ) ;
#3978 = CARTESIAN_POINT ( 'NONE',  ( 0.7290613472352520663, 1.190000000000000391, 0.2892824623837805254 ) ) ;
#3979 = CARTESIAN_POINT ( 'NONE',  ( 0.4519872793235966135, 1.190000000000000391, -0.7091847240789040940 ) ) ;
#3980 = VECTOR ( 'NONE', #9786, 1000.000000000000114 ) ;
#3981 = DIRECTION ( 'NONE',  ( 0.0000000000000000000, 0.0000000000000000000, 1.000000000000000000 ) ) ;
#3982 = ADVANCED_FACE ( 'NONE', ( #4513 ), #9957, .F. ) ;
#3983 = EDGE_CURVE ( 'NONE', #2003, #2731, #7162, .T. ) ;
#3984 = CARTESIAN_POINT ( 'NONE',  ( 0.6157563484208706805, 1.190000000000000169, -0.4460660041797590569 ) ) ;
#3985 = ORIENTED_EDGE ( 'NONE', *, *, #1428, .F. ) ;
#3986 = CARTESIAN_POINT ( 'NONE',  ( 2.999999999999999556, -0.1000000000000000888, -1.800000000000000266 ) ) ;
#3987 = CARTESIAN_POINT ( 'NONE',  ( 0.8335294685833564143, 1.190099999999999936, 0.3691150120849639449 ) ) ;
#3988 = CARTESIAN_POINT ( 'NONE',  ( -0.6936746941111411324, 1.190100000000000380, -0.6573869673951964199 ) ) ;
#3989 = CARTESIAN_POINT ( 'NONE',  ( 0.6196015379796745437, 1.189999999999999947, -0.5547541457996657543 ) ) ;
#3990 = CARTESIAN_POINT ( 'NONE',  ( 0.4721463673067368694, 1.190099999999999936, -0.5029446891102961059 ) ) ;
#3991 = ORIENTED_EDGE ( 'NONE', *, *, #8803, .T. ) ;
#3992 = CARTESIAN_POINT ( 'NONE',  ( -1.235633334866596655, 1.190099999999999492, -0.3884709213402147143 ) ) ;
#3993 = PLANE ( 'NONE',  #4301 ) ;
#3994 = CARTESIAN_POINT ( 'NONE',  ( 0.2619432791082761391, 1.189999999999999725, -0.4944300551381352049 ) ) ;
#3995 = ORIENTED_EDGE ( 'NONE', *, *, #7197, .F. ) ;
#3996 = FACE_OUTER_BOUND ( 'NONE', #2250, .T. ) ;
#3997 = EDGE_CURVE ( 'NONE', #6447, #5620, #8427, .T. ) ;
#3998 = FACE_OUTER_BOUND ( 'NONE', #4265, .T. ) ;
#3999 = SURFACE_STYLE_FILL_AREA ( #871 ) ;
#4000 = CARTESIAN_POINT ( 'NONE',  ( 0.4619717071252856244, 1.190099999999999936, -0.5553982017206029465 ) ) ;
#4001 = CARTESIAN_POINT ( 'NONE',  ( 0.8992778168455035637, 1.190099999999999714, 0.1277145188163040790 ) ) ;
#4002 = CARTESIAN_POINT ( 'NONE',  ( -0.8022792470892430305, 1.189999999999999503, -0.7116339667781477196 ) ) ;
#4003 = CARTESIAN_POINT ( 'NONE',  ( 0.02834522189556048719, 1.189999999999999947, -0.4991897039779127909 ) ) ;
#4004 = CARTESIAN_POINT ( 'NONE',  ( -1.036161735389941052, 1.189999999999999947, -0.6129314406264538828 ) ) ;
#4005 = CARTESIAN_POINT ( 'NONE',  ( -0.6330385254632454606, 1.190000000000000613, -0.6625465627585549466 ) ) ;
#4006 = DIRECTION ( 'NONE',  ( -0.0000000000000000000, -1.000000000000000000, -0.0000000000000000000 ) ) ;
#4007 = CARTESIAN_POINT ( 'NONE',  ( -1.037677104304477682, 1.190099999999999492, -0.6253051807870305678 ) ) ;
#4008 = VERTEX_POINT ( 'NONE', #1280 ) ;
#4009 = CARTESIAN_POINT ( 'NONE',  ( 0.0008469208281966360838, 1.190099999999999714, -0.4018856953377855645 ) ) ;
#4010 = ORIENTED_EDGE ( 'NONE', *, *, #843, .F. ) ;
#4011 = CARTESIAN_POINT ( 'NONE',  ( 0.5539341885628350504, 1.189999999999999947, -0.6682952658138963109 ) ) ;
#4012 = CARTESIAN_POINT ( 'NONE',  ( 0.3638382646100591367, 1.189999999999999947, -0.6140532354982487506 ) ) ;
#4013 = LINE ( 'NONE', #159, #4645 ) ;
#4014 = CARTESIAN_POINT ( 'NONE',  ( -0.8940783673963245137, 1.190000000000000169, -0.6482783826614731959 ) ) ;
#4015 = ORIENTED_EDGE ( 'NONE', *, *, #5223, .T. ) ;
#4016 = CARTESIAN_POINT ( 'NONE',  ( -1.023532704359578771, 1.190099999999999714, -0.3898235098278767241 ) ) ;
#4017 = CARTESIAN_POINT ( 'NONE',  ( -0.7206965668361747790, 1.190099999999999714, -0.4945206640271608833 ) ) ;
#4018 = CARTESIAN_POINT ( 'NONE',  ( 0.9157369987293157987, 1.190099999999999936, 0.3187472471626022763 ) ) ;
#4019 = ORIENTED_EDGE ( 'NONE', *, *, #1932, .T. ) ;
#4020 = CARTESIAN_POINT ( 'NONE',  ( -0.4515463507745564042, 1.190100000000000158, -0.3346461842161975175 ) ) ;
#4021 = LINE ( 'NONE', #68, #8561 ) ;
#4022 = DIRECTION ( 'NONE',  ( 0.0000000000000000000, -5.808225924029490901E-18, 1.000000000000000000 ) ) ;
#4023 = EDGE_CURVE ( 'NONE', #8045, #6590, #1230, .T. ) ;
#4024 = CARTESIAN_POINT ( 'NONE',  ( 0.4101934911680433782, 1.190000000000001945, -0.6197249035177908594 ) ) ;
#4025 = ORIENTED_EDGE ( 'NONE', *, *, #2787, .T. ) ;
#4026 = CARTESIAN_POINT ( 'NONE',  ( 0.5297679232599050714, 1.190000000000000613, -0.5049947406110206760 ) ) ;
#4027 = ORIENTED_EDGE ( 'NONE', *, *, #514, .T. ) ;
#4028 = DIRECTION ( 'NONE',  ( -1.000000000000000000, -0.0000000000000000000, -0.0000000000000000000 ) ) ;
#4029 = CARTESIAN_POINT ( 'NONE',  ( 0.8749531852642278285, 1.190000000000000613, 0.1593044322034635196 ) ) ;
#4030 = CARTESIAN_POINT ( 'NONE',  ( -4.000000000000000888, 0.05000000000000000278, -1.599999999999997868 ) ) ;
#4031 = FACE_BOUND ( 'NONE', #5729, .T. ) ;
#4032 = CARTESIAN_POINT ( 'NONE',  ( 0.3978666638108950271, 1.189999999999999725, -0.4516027514954402688 ) ) ;
#4033 = EDGE_LOOP ( 'NONE', ( #3656, #8448, #4757, #9126 ) ) ;
#4034 = CARTESIAN_POINT ( 'NONE',  ( -1.000186705507398965, 1.190099999999999936, -0.6517306100063039453 ) ) ;
#4035 = CARTESIAN_POINT ( 'NONE',  ( 0.8624526606489915093, 1.190000000000000169, 0.3141925866050767069 ) ) ;
#4036 = CARTESIAN_POINT ( 'NONE',  ( 0.2897664951348604134, 1.190000000000000169, -0.4427093971527185645 ) ) ;
#4037 = EDGE_CURVE ( 'NONE', #2301, #692, #6326, .T. ) ;
#4038 = EDGE_LOOP ( 'NONE', ( #4086, #5727, #10051, #4422 ) ) ;
#4039 = PLANE ( 'NONE',  #3585 ) ;
#4040 = UNCERTAINTY_MEASURE_WITH_UNIT (LENGTH_MEASURE( 1.000000000000000082E-05 ), #1743, 'distance_accuracy_value', 'NONE');
#4041 = CARTESIAN_POINT ( 'NONE',  ( -1.040375512068690833, 1.190000000000000169, -0.3688090878653907945 ) ) ;
#4042 = DIRECTION ( 'NONE',  ( 0.6232332443000468958, 0.0000000000000000000, -0.7820360114465561008 ) ) ;
#4043 = CARTESIAN_POINT ( 'NONE',  ( 0.1167554670975110703, 1.189999999999999503, -0.4930035921471505600 ) ) ;
#4044 = CARTESIAN_POINT ( 'NONE',  ( -1.105410687017965188, 1.190099999999999936, -0.5524529594905194241 ) ) ;
#4045 = CARTESIAN_POINT ( 'NONE',  ( -0.4578192021482549445, 1.190000000000000169, -0.3160063356526777167 ) ) ;
#4046 = B_SPLINE_CURVE_WITH_KNOTS ( 'NONE', 3,
 ( #238, #9597, #8779, #8822, #3378, #6360, #83, #2403, #7279, #1735, #187, #8672, #1784, #7908, #4861, #5575, #8003, #963, #3330 ),
 .UNSPECIFIED., .F., .F.,
 ( 4, 1, 1, 1, 1, 1, 1, 1, 1, 1, 1, 1, 1, 1, 1, 1, 4 ),
 ( 0.0000000000000000000, 0.04719369878745281049, 0.09416460265502388238, 0.1407647004900462739, 0.1876065867987881108, 0.2347682166576783303, 0.2820665224194502940, 0.3304755998546315410, 0.3798501485218762075, 0.4327989293930767367, 0.4929901260461278523, 0.5599282665518345858, 0.6337073023934484128, 0.7143972929783727333, 0.8023698899558026065, 0.8976655033425727792, 1.000000000000000000 ),
 .UNSPECIFIED. ) ;
#4047 = CARTESIAN_POINT ( 'NONE',  ( 0.2499545928576421827, 1.189999999999999725, -0.3316711212817435306 ) ) ;
#4048 = PLANE ( 'NONE',  #2766 ) ;
#4049 = ADVANCED_FACE ( 'NONE', ( #7451 ), #8370, .T. ) ;
#4050 = B_SPLINE_SURFACE_WITH_KNOTS ( 'NONE', 3, 1, ( 
 ( #1434, #1536 ),
 ( #10012, #1391 ),
 ( #6116, #7658 ),
 ( #4666, #8477 ),
 ( #611, #8523 ),
 ( #9254, #2212 ),
 ( #4559, #7699 ),
 ( #658, #7808 ),
 ( #6929, #1481 ),
 ( #4611, #7761 ),
 ( #3072, #6212 ) ),
 .UNSPECIFIED., .F., .F., .F.,
 ( 4, 1, 1, 1, 1, 1, 1, 1, 4 ),
 ( 2, 2 ),
 ( 0.0000000000000000000, 0.1022030370352201428, 0.2110233423738753500, 0.3250996615652079202, 0.4465020971348894196, 0.5737877176488554998, 0.7089007097660656731, 0.8503578712933999029, 1.000000000000000000 ),
 ( 0.0000000000000000000, 1.000000000000000000 ),
 .UNSPECIFIED. ) ;
#4051 = ADVANCED_FACE ( 'NONE', ( #7119 ), #4759, .T. ) ;
#4052 = EDGE_LOOP ( 'NONE', ( #9123, #7262, #8358, #8308 ) ) ;
#4053 = LINE ( 'NONE', #6282, #3814 ) ;
#4054 = CARTESIAN_POINT ( 'NONE',  ( 0.7923966482633143515, 1.190099999999999936, 0.002246101707272939348 ) ) ;
#4055 = CARTESIAN_POINT ( 'NONE',  ( 0.3745900547987761620, 1.190000000000001057, -0.3441862320393347940 ) ) ;
#4056 = CARTESIAN_POINT ( 'NONE',  ( 0.02906811889269013405, 1.190000000000000835, -0.3429029175319898148 ) ) ;
#4057 = ORIENTED_EDGE ( 'NONE', *, *, #1863, .T. ) ;
#4058 = CARTESIAN_POINT ( 'NONE',  ( 0.6409435221698324137, 1.190099999999999714, -0.4892652693452180235 ) ) ;
#4059 = LINE ( 'NONE', #5810, #8042 ) ;
#4060 = CARTESIAN_POINT ( 'NONE',  ( 0.6456826029071071060, 1.190099999999999936, -0.6173623326692406765 ) ) ;
#4061 = CARTESIAN_POINT ( 'NONE',  ( -1.229631213041868731, 1.189999999999999947, -0.6168536224265070977 ) ) ;
#4062 = CARTESIAN_POINT ( 'NONE',  ( 0.06232464442246201525, 1.189999999999999947, -0.3724966549527698456 ) ) ;
#4063 = ORIENTED_EDGE ( 'NONE', *, *, #4810, .F. ) ;
#4064 = CARTESIAN_POINT ( 'NONE',  ( -1.023532704359578771, 1.189999999999999947, -0.3898235098278767241 ) ) ;
#4065 = LINE ( 'NONE', #9423, #6417 ) ;
#4066 = VECTOR ( 'NONE', #4931, 1000.000000000000000 ) ;
#4067 = DIRECTION ( 'NONE',  ( 0.0000000000000000000, 0.0000000000000000000, -1.000000000000000000 ) ) ;
#4068 = ORIENTED_EDGE ( 'NONE', *, *, #4672, .F. ) ;
#4069 = VECTOR ( 'NONE', #9546, 1000.000000000000000 ) ;
#4070 = EDGE_CURVE ( 'NONE', #588, #4963, #7803, .T. ) ;
#4071 = DIRECTION ( 'NONE',  ( -1.000000000000000000, -7.871613956399251348E-34, 1.355252715606880789E-16 ) ) ;
#4072 = CARTESIAN_POINT ( 'NONE',  ( 0.5042228799946745221, 1.190099999999999936, -0.2961846457546589706 ) ) ;
#4073 = AXIS2_PLACEMENT_3D ( 'NONE', #2885, #10018, #8383 ) ;
#4074 = CARTESIAN_POINT ( 'NONE',  ( -0.6919486825803533581, 1.190099999999999936, -0.4639571312545773818 ) ) ;
#4075 = FILL_AREA_STYLE_COLOUR ( '', #7688 ) ;
#4076 = CARTESIAN_POINT ( 'NONE',  ( 0.9039487637545532417, 1.190099999999999936, 0.2595488959645285143 ) ) ;
#4077 = CARTESIAN_POINT ( 'NONE',  ( -0.5280409031233070927, 1.189999999999999725, -0.3280622406487223031 ) ) ;
#4078 = EDGE_LOOP ( 'NONE', ( #3044, #7627, #2016, #3618 ) ) ;
#4079 = CARTESIAN_POINT ( 'NONE',  ( 0.9413657511995945359, 1.189999999999999947, 0.2592957285970087233 ) ) ;
#4080 = ORIENTED_EDGE ( 'NONE', *, *, #6198, .T. ) ;
#4081 = EDGE_CURVE ( 'NONE', #3876, #5320, #5420, .T. ) ;
#4082 = CARTESIAN_POINT ( 'NONE',  ( 0.7710474662960193903, 1.189999999999999947, 0.1457855148344758267 ) ) ;
#4083 = CARTESIAN_POINT ( 'NONE',  ( -1.121694637711636355, 1.190099999999999714, -0.6754776155609415467 ) ) ;
#4084 = CARTESIAN_POINT ( 'NONE',  ( -0.4519740393008241930, 1.190099999999999936, -0.3280614687242060512 ) ) ;
#4085 = CARTESIAN_POINT ( 'NONE',  ( 0.3898396535803315133, 1.190099999999999936, -0.4270912984515877753 ) ) ;
#4086 = ORIENTED_EDGE ( 'NONE', *, *, #10092, .F. ) ;
#4087 = CARTESIAN_POINT ( 'NONE',  ( -0.0002642994925050514560, 1.190099999999999936, -0.4179795175495307769 ) ) ;
#4088 = CARTESIAN_POINT ( 'NONE',  ( 0.9076566540449871878, 1.189999999999999947, 0.2395447639212312518 ) ) ;
#4089 = CARTESIAN_POINT ( 'NONE',  ( 0.2823873580091272317, 1.189999999999999725, -0.4649502319425496966 ) ) ;
#4090 = ORIENTED_EDGE ( 'NONE', *, *, #4295, .F. ) ;
#4091 =( GEOMETRIC_REPRESENTATION_CONTEXT ( 3 ) GLOBAL_UNCERTAINTY_ASSIGNED_CONTEXT ( ( #8366 ) ) GLOBAL_UNIT_ASSIGNED_CONTEXT ( ( #2953, #6036, #8458 ) ) REPRESENTATION_CONTEXT ( 'NONE', 'WORKASPACE' ) );
#4092 = CARTESIAN_POINT ( 'NONE',  ( 2.499999999999999556, 0.0000000000000000000, 0.0000000000000000000 ) ) ;
#4093 = CARTESIAN_POINT ( 'NONE',  ( -1.206814152419335429, 1.190099999999999936, -0.1387795393183680615 ) ) ;
#4094 = ORIENTED_EDGE ( 'NONE', *, *, #5130, .T. ) ;
#4095 = DIRECTION ( 'NONE',  ( -1.000000000000000000, -0.0000000000000000000, -0.0000000000000000000 ) ) ;
#4096 = PRESENTATION_LAYER_ASSIGNMENT (  '', '', ( #8373 ) ) ;
#4097 = FACE_OUTER_BOUND ( 'NONE', #2943, .T. ) ;
#4098 = CARTESIAN_POINT ( 'NONE',  ( -0.6609907614679830790, 1.190100000000000158, -0.6895781399211786677 ) ) ;
#4099 = CARTESIAN_POINT ( 'NONE',  ( -0.8769916893345074405, 1.190100000000000158, -0.6697561856983463846 ) ) ;
#4100 = CARTESIAN_POINT ( 'NONE',  ( -0.7797106284034085455, 1.190099999999999936, -0.6743209595132357848 ) ) ;
#4101 = CARTESIAN_POINT ( 'NONE',  ( -0.4627516981109017769, 1.189999999999999725, -0.3584735619109059579 ) ) ;
#4102 = ORIENTED_EDGE ( 'NONE', *, *, #2716, .T. ) ;
#4103 = CARTESIAN_POINT ( 'NONE',  ( -1.070171736090613557, 1.190000000000000613, -0.6615561307829288529 ) ) ;
#4104 = CARTESIAN_POINT ( 'NONE',  ( 0.3510465288274301487, 1.190099999999999936, -0.4595643710418284011 ) ) ;
#4105 = COLOUR_RGB ( '',0.2509803921568627416, 0.2509803921568627416, 0.2509803921568627416 ) ;
#4106 = VECTOR ( 'NONE', #4643, 1000.000000000000000 ) ;
#4107 = LINE ( 'NONE', #1190, #9825 ) ;
#4108 = CARTESIAN_POINT ( 'NONE',  ( 0.02906811889269013405, 1.190099999999999936, -0.3429029175319898148 ) ) ;
#4109 = EDGE_CURVE ( 'NONE', #643, #8607, #1530, .T. ) ;
#4110 = ORIENTED_EDGE ( 'NONE', *, *, #4122, .T. ) ;
#4111 = EDGE_CURVE ( 'NONE', #6148, #5360, #2353, .T. ) ;
#4112 = CARTESIAN_POINT ( 'NONE',  ( 0.6663439550406521361, 1.190099999999999936, -0.4257016366550787079 ) ) ;
#4113 = CARTESIAN_POINT ( 'NONE',  ( 0.3965400866904940647, 1.190000000000000169, -0.5506627700947818171 ) ) ;
#4114 = CARTESIAN_POINT ( 'NONE',  ( 0.04598157838441197659, 1.190100000000000158, -0.4138329094234736161 ) ) ;
#4115 = FILL_AREA_STYLE_COLOUR ( '', #4637 ) ;
#4116 = PRESENTATION_LAYER_ASSIGNMENT (  '', '', ( #7228 ) ) ;
#4117 = MECHANICAL_DESIGN_GEOMETRIC_PRESENTATION_REPRESENTATION (  '', ( #2818 ), #7578 ) ;
#4118 = CARTESIAN_POINT ( 'NONE',  ( 0.1424951176058951718, 1.189999999999999947, -0.3372988988971967750 ) ) ;
#4119 = ORIENTED_EDGE ( 'NONE', *, *, #9386, .F. ) ;
#4120 = LINE ( 'NONE', #6297, #5104 ) ;
#4121 = VECTOR ( 'NONE', #3410, 1000.000000000000000 ) ;
#4122 = EDGE_CURVE ( 'NONE', #7442, #5213, #9222, .T. ) ;
#4123 = LINE ( 'NONE', #4947, #7062 ) ;
#4124 = DIRECTION ( 'NONE',  ( -1.000000000000000000, 0.0000000000000000000, 0.0000000000000000000 ) ) ;
#4125 = ORIENTED_EDGE ( 'NONE', *, *, #4037, .F. ) ;
#4126 = CARTESIAN_POINT ( 'NONE',  ( 0.07392666657959640064, 1.190000000000000391, -0.3104620197056859321 ) ) ;
#4127 = CARTESIAN_POINT ( 'NONE',  ( -0.06180276103096667140, 1.190099999999999936, -0.7064410560110692128 ) ) ;
#4128 = VECTOR ( 'NONE', #7790, 1000.000000000000000 ) ;
#4129 = CARTESIAN_POINT ( 'NONE',  ( 0.5871600366361076073, 1.189999999999999947, -0.4809586328014113787 ) ) ;
#4130 = CARTESIAN_POINT ( 'NONE',  ( 0.3638382646100591367, 1.190000000000000613, -0.6140532354982487506 ) ) ;
#4131 = CARTESIAN_POINT ( 'NONE',  ( -1.046746659073201080, 1.189999999999999947, -0.6422574495321174970 ) ) ;
#4132 = CARTESIAN_POINT ( 'NONE',  ( 0.4101934911680433782, 1.190100000000000602, -0.6197249035177908594 ) ) ;
#4133 = ORIENTED_EDGE ( 'NONE', *, *, #7824, .F. ) ;
#4134 = CARTESIAN_POINT ( 'NONE',  ( 0.9438389559556220609, 1.190000000000000169, 0.2305313581175293947 ) ) ;
#4135 = ORIENTED_EDGE ( 'NONE', *, *, #4023, .T. ) ;
#4136 = CIRCLE ( 'NONE', #5126, 0.1500000000000001887 ) ;
#4137 = B_SPLINE_SURFACE_WITH_KNOTS ( 'NONE', 3, 1, ( 
 ( #2692, #8189 ),
 ( #1094, #8853 ),
 ( #8297, #5102 ),
 ( #3563, #1251 ),
 ( #4224, #1975 ),
 ( #2738, #262 ),
 ( #423, #4994 ),
 ( #8906, #316 ),
 ( #6541, #4385 ),
 ( #8139, #3458 ),
 ( #4945, #6698 ),
 ( #6599, #2636 ),
 ( #7305, #7516 ),
 ( #4176, #473 ),
 ( #9673, #8955 ),
 ( #6492, #5760 ),
 ( #9056, #8243 ),
 ( #1923, #7358 ),
 ( #5043, #9831 ),
 ( #5701, #2791 ),
 ( #1147, #1202 ),
 ( #1871, #4340 ),
 ( #7471, #5923 ),
 ( #2030, #4282 ),
 ( #7416, #3514 ),
 ( #6653, #5863 ),
 ( #9003, #9623 ) ),
 .UNSPECIFIED., .F., .F., .F.,
 ( 4, 1, 1, 1, 1, 1, 1, 1, 1, 1, 1, 1, 1, 1, 1, 1, 1, 1, 1, 1, 1, 1, 1, 1, 4 ),
 ( 2, 2 ),
 ( 0.0000000000000000000, 0.03626926531809222809, 0.07244643477439456636, 0.1087304794102334771, 0.1450981600647654191, 0.1823462751057223219, 0.2200268936391484853, 0.2585161911868015805, 0.2986288867812849634, 0.3390153923502609579, 0.3791503583428297297, 0.4196664592160725404, 0.4600632887225872270, 0.5012082170982568030, 0.5431433218561908527, 0.5856568691771387725, 0.6293465994716789247, 0.6734488902650219710, 0.7180988898356421846, 0.7633308067526595186, 0.8089691753359751214, 0.8552182522384599306, 0.9025268584505481417, 0.9506296574353723106, 1.000000000000000000 ),
 ( 0.0000000000000000000, 1.000000000000000000 ),
 .UNSPECIFIED. ) ;
#4138 = CARTESIAN_POINT ( 'NONE',  ( 0.1130852790661194124, 1.189999999999999947, -0.5334824094335345324 ) ) ;
#4139 = DIRECTION ( 'NONE',  ( 1.000000000000000000, -0.0000000000000000000, -0.0000000000000000000 ) ) ;
#4140 = CARTESIAN_POINT ( 'NONE',  ( 0.0000000000000000000, -1.189999999999999947, 1.235659872050661523 ) ) ;
#4141 = CARTESIAN_POINT ( 'NONE',  ( 0.4026379702226234869, 1.190000000000000169, -0.4592353767407745258 ) ) ;
#4142 = EDGE_LOOP ( 'NONE', ( #3390, #629, #810, #10081 ) ) ;
#4143 = CARTESIAN_POINT ( 'NONE',  ( -0.6105902184062668159, 1.189999999999999947, -0.5938591114181144270 ) ) ;
#4144 = CARTESIAN_POINT ( 'NONE',  ( 4.000000000000000888, -0.05000000000000000278, -1.599999999999998979 ) ) ;
#4145 = CARTESIAN_POINT ( 'NONE',  ( 0.4233524228413266255, 1.189999999999999725, -0.4801837103606537704 ) ) ;
#4146 = ORIENTED_EDGE ( 'NONE', *, *, #1237, .F. ) ;
#4147 = CIRCLE ( 'NONE', #3007, 0.05000000000000034972 ) ;
#4148 = EDGE_CURVE ( 'NONE', #5882, #7886, #5824, .T. ) ;
#4149 = ORIENTED_EDGE ( 'NONE', *, *, #6583, .T. ) ;
#4150 = CARTESIAN_POINT ( 'NONE',  ( -2.999999999999999556, 0.05000000000000066891, 2.904112962014783776E-19 ) ) ;
#4151 = UNCERTAINTY_MEASURE_WITH_UNIT (LENGTH_MEASURE( 1.000000000000000082E-05 ), #3468, 'distance_accuracy_value', 'NONE');
#4152 = FILL_AREA_STYLE_COLOUR ( '', #9832 ) ;
#4153 = EDGE_LOOP ( 'NONE', ( #1839, #902, #3380, #7826, #2821, #5301, #4025, #7994, #2276, #2348, #5905, #8753, #5625, #2640, #5272, #7590, #1941 ) ) ;
#4154 = CARTESIAN_POINT ( 'NONE',  ( -4.000000000000000888, 0.05000000000000000278, -1.599999999999997868 ) ) ;
#4155 = CARTESIAN_POINT ( 'NONE',  ( 0.05314417949564964605, 1.190100000000000602, -0.4473312394884170207 ) ) ;
#4156 = CARTESIAN_POINT ( 'NONE',  ( -3.839783448439274327, 1.189999999999999947, -1.439783448439271529 ) ) ;
#4157 = CARTESIAN_POINT ( 'NONE',  ( -0.9128122341350212166, 1.190000000000000169, -0.5881290431431031029 ) ) ;
#4158 = CARTESIAN_POINT ( 'NONE',  ( -0.6106507845035095139, 1.189999999999999947, -0.6006511552994030501 ) ) ;
#4159 = CARTESIAN_POINT ( 'NONE',  ( -1.185207456266667236, 1.190000000000000169, -0.3454346112477812425 ) ) ;
#4160 = CARTESIAN_POINT ( 'NONE',  ( -0.4577945101510429438, 1.190000000000000169, -0.3534431290271690673 ) ) ;
#4161 = VERTEX_POINT ( 'NONE', #593 ) ;
#4162 = CARTESIAN_POINT ( 'NONE',  ( -1.042756864971529529, 1.190099999999999936, -0.6368994160738373767 ) ) ;
#4163 = ADVANCED_FACE ( 'NONE', ( #6913 ), #8418, .T. ) ;
#4164 = CARTESIAN_POINT ( 'NONE',  ( -1.044458439337743405, 1.190099999999999714, -0.6950293726438081521 ) ) ;
#4165 = CARTESIAN_POINT ( 'NONE',  ( 0.6125001840926879160, 1.190099999999999936, -0.3901898892196181134 ) ) ;
#4166 = CARTESIAN_POINT ( 'NONE',  ( 3.000000000000000000, -0.05000000000000000278, -1.599999999999998757 ) ) ;
#4167 = EDGE_LOOP ( 'NONE', ( #1925, #1897, #3647, #2420 ) ) ;
#4168 = CARTESIAN_POINT ( 'NONE',  ( 0.6103183896893653593, 1.190100000000000158, -0.5132529678818066321 ) ) ;
#4169 = DIRECTION ( 'NONE',  ( 0.7767557487195033694, 0.0000000000000000000, 0.6298019584212196653 ) ) ;
#4170 = CARTESIAN_POINT ( 'NONE',  ( 0.1358239768813224446, 1.190099999999999936, -0.3374730500996714344 ) ) ;
#4171 = CARTESIAN_POINT ( 'NONE',  ( -0.7719700694645200700, 1.189999999999999725, -0.7164045739527907797 ) ) ;
#4172 = DIRECTION ( 'NONE',  ( 0.0000000000000000000, 0.1750333347174951315, -0.9845625077859064822 ) ) ;
#4173 = ORIENTED_EDGE ( 'NONE', *, *, #8674, .T. ) ;
#4174 = CARTESIAN_POINT ( 'NONE',  ( 0.5047036492254438622, 1.189999999999999947, -0.3372102867802999615 ) ) ;
#4175 = ADVANCED_FACE ( 'NONE', ( #7008 ), #3056, .T. ) ;
#4176 = CARTESIAN_POINT ( 'NONE',  ( -1.016773078952932341, 1.190099999999999714, -0.3332752480956703289 ) ) ;
#4177 = PRODUCT_RELATED_PRODUCT_CATEGORY ( 'part', '', ( #9391 ) ) ;
#4178 = DIRECTION ( 'NONE',  ( -0.0000000000000000000, -1.000000000000000000, -0.0000000000000000000 ) ) ;
#4179 = CARTESIAN_POINT ( 'NONE',  ( 0.8043357508274169287, 1.189999999999999947, 0.3714768709380422140 ) ) ;
#4180 = ORIENTED_EDGE ( 'NONE', *, *, #5223, .F. ) ;
#4181 = CARTESIAN_POINT ( 'NONE',  ( 0.002277694673819864301, 1.189999999999999947, -0.3939779286265669977 ) ) ;
#4182 = DIRECTION ( 'NONE',  ( 0.0000000000000000000, 0.0000000000000000000, -1.000000000000000000 ) ) ;
#4183 = CARTESIAN_POINT ( 'NONE',  ( -0.8669309661591718674, 1.189999999999999947, -0.5833641329341461290 ) ) ;
#4184 = EDGE_CURVE ( 'NONE', #3171, #3485, #3756, .T. ) ;
#4185 = ADVANCED_FACE ( 'NONE', ( #4544 ), #6042, .T. ) ;
#4186 = CARTESIAN_POINT ( 'NONE',  ( -1.020259120074048287, 1.190099999999999936, -0.5164603733498032145 ) ) ;
#4187 = CARTESIAN_POINT ( 'NONE',  ( 0.4851895021508287886, 1.190000000000001279, -0.6746917532694934883 ) ) ;
#4188 = FACE_OUTER_BOUND ( 'NONE', #1447, .T. ) ;
#4189 = ORIENTED_EDGE ( 'NONE', *, *, #7388, .F. ) ;
#4190 = CARTESIAN_POINT ( 'NONE',  ( -2.999999999999999556, -0.2001723312589749892, -1.125969363331736917 ) ) ;
#4191 = DIRECTION ( 'NONE',  ( 0.0000000000000000000, 0.0000000000000000000, -1.000000000000000000 ) ) ;
#4192 = CARTESIAN_POINT ( 'NONE',  ( -0.4515463507745563487, 1.190099999999999936, -0.3346461842161974620 ) ) ;
#4193 = SURFACE_STYLE_USAGE ( .BOTH. , #5121 ) ;
#4194 = ORIENTED_EDGE ( 'NONE', *, *, #7883, .F. ) ;
#4195 = CARTESIAN_POINT ( 'NONE',  ( -3.999999999999999112, -0.05000000000000000278, 1.600000000000000089 ) ) ;
#4196 = DIRECTION ( 'NONE',  ( -1.000000000000000000, -0.0000000000000000000, 1.355252715606880296E-16 ) ) ;
#4197 = CARTESIAN_POINT ( 'NONE',  ( 0.4834428449331980016, 1.190000000000000169, -0.5048845708046624248 ) ) ;
#4198 = EDGE_LOOP ( 'NONE', ( #5415, #1601, #7499, #9186 ) ) ;
#4199 = VERTEX_POINT ( 'NONE', #4751 ) ;
#4200 = CARTESIAN_POINT ( 'NONE',  ( -0.6844727798118075413, 1.190000000000001279, -0.5308128522820305673 ) ) ;
#4201 = CARTESIAN_POINT ( 'NONE',  ( -3.999999999999999112, 0.05000000000000000278, 1.600000000000000089 ) ) ;
#4202 = DIRECTION ( 'NONE',  ( 0.0000000000000000000, 0.9845625077859065932, -0.1750333347174949650 ) ) ;
#4203 = CARTESIAN_POINT ( 'NONE',  ( 0.04598466782637811862, 1.190099999999999714, -0.4192672503507026693 ) ) ;
#4204 = PRODUCT_CONTEXT ( 'NONE', #2804, 'mechanical' ) ;
#4205 = CARTESIAN_POINT ( 'NONE',  ( -1.195783306798170020, 1.190100000000000380, -0.6578892207635275158 ) ) ;
#4206 = CARTESIAN_POINT ( 'NONE',  ( -1.245366257592180892, 1.190099999999999936, -0.4110452189558209124 ) ) ;
#4207 = CYLINDRICAL_SURFACE ( 'NONE', #3456, 0.05000000000000012768 ) ;
#4208 = CARTESIAN_POINT ( 'NONE',  ( -0.8331060553994251716, 1.190000000000000169, -0.6515275288827989675 ) ) ;
#4209 = PLANE ( 'NONE',  #5538 ) ;
#4210 = ORIENTED_EDGE ( 'NONE', *, *, #1238, .T. ) ;
#4211 = FACE_OUTER_BOUND ( 'NONE', #9433, .T. ) ;
#4212 = CARTESIAN_POINT ( 'NONE',  ( 0.3634932895730478841, 1.190000000000000169, -0.4809656072852479536 ) ) ;
#4213 = CARTESIAN_POINT ( 'NONE',  ( 0.5962842211695437156, 1.190100000000000380, -0.3689355127853699567 ) ) ;
#4214 = CARTESIAN_POINT ( 'NONE',  ( 0.6511785587512202156, 1.190000000000000169, -0.4760398796458437110 ) ) ;
#4215 = VERTEX_POINT ( 'NONE', #2343 ) ;
#4216 = CARTESIAN_POINT ( 'NONE',  ( 0.6586147708277979573, 1.190000000000000391, -0.4619487125860637922 ) ) ;
#4217 = DIRECTION ( 'NONE',  ( 0.0000000000000000000, 0.0000000000000000000, 1.000000000000000000 ) ) ;
#4218 = EDGE_CURVE ( 'NONE', #5785, #10097, #2389, .T. ) ;
#4219 = CARTESIAN_POINT ( 'NONE',  ( 0.04598157838441197659, 1.190000000000000169, -0.4138329094234736161 ) ) ;
#4220 = CARTESIAN_POINT ( 'NONE',  ( -1.176881578146191876, 1.189999999999999947, -0.6682109411272881827 ) ) ;
#4221 = PLANE ( 'NONE',  #7378 ) ;
#4222 = EDGE_LOOP ( 'NONE', ( #5122, #9415, #16, #9827 ) ) ;
#4223 = CARTESIAN_POINT ( 'NONE',  ( -1.015734566916675963, 1.190000000000000613, -0.4190411382757260883 ) ) ;
#4224 = CARTESIAN_POINT ( 'NONE',  ( -0.9724044252130382704, 1.190099999999999714, -0.4002311823457881945 ) ) ;
#4225 = B_SPLINE_CURVE_WITH_KNOTS ( 'NONE', 3,
 ( #9741, #5871, #8097, #3571, #2646, #3467, #7367, #6607, #9788, #382, #5111, #431, #4952, #5823, #2801 ),
 .UNSPECIFIED., .F., .F.,
 ( 4, 1, 1, 1, 1, 1, 1, 1, 1, 1, 1, 1, 4 ),
 ( 0.0000000000000000000, 0.09780961481792223300, 0.1932508750048527180, 0.2872386847232415441, 0.3807515308232573004, 0.4712769450217174083, 0.5568086797548829070, 0.6380574350131229533, 0.7169393873929440497, 0.7926373074971367894, 0.8638429465295520693, 0.9321442808257912604, 0.9999999999999998890 ),
 .UNSPECIFIED. ) ;
#4226 = CARTESIAN_POINT ( 'NONE',  ( 0.4139770591429575708, 1.190000000000000169, -0.5951775713978026960 ) ) ;
#4227 = CARTESIAN_POINT ( 'NONE',  ( -1.120965378566332937, 1.189999999999999947, -0.5496940889169895650 ) ) ;
#4228 = ORIENTED_EDGE ( 'NONE', *, *, #7067, .F. ) ;
#4229 = CARTESIAN_POINT ( 'NONE',  ( -0.7098807597913374678, 1.190000000000000169, -0.5048367718584375607 ) ) ;
#4230 = EDGE_CURVE ( 'NONE', #1269, #4593, #171, .T. ) ;
#4231 = CARTESIAN_POINT ( 'NONE',  ( -0.4752248710743507409, 1.189999999999999281, -0.3035826238908035379 ) ) ;
#4232 = CARTESIAN_POINT ( 'NONE',  ( 0.1458895466613411573, 1.189999999999999947, -0.3372102867802999615 ) ) ;
#4233 = DIRECTION ( 'NONE',  ( 0.0000000000000000000, -0.0000000000000000000, 1.000000000000000000 ) ) ;
#4234 = VECTOR ( 'NONE', #1134, 1000.000000000000000 ) ;
#4235 = PLANE ( 'NONE',  #6240 ) ;
#4236 = APPLICATION_CONTEXT ( 'automotive_design' ) ;
#4237 = VERTEX_POINT ( 'NONE', #5658 ) ;
#4238 = PRESENTATION_LAYER_ASSIGNMENT (  '', '', ( #4414 ) ) ;
#4239 = DIRECTION ( 'NONE',  ( 0.0000000000000000000, 0.0000000000000000000, -1.000000000000000000 ) ) ;
#4240 = EDGE_LOOP ( 'NONE', ( #10138, #10148, #9394, #1625 ) ) ;
#4241 = CARTESIAN_POINT ( 'NONE',  ( 0.5296815683778778316, 1.190099999999999714, -0.3386494039219682950 ) ) ;
#4242 = VERTEX_POINT ( 'NONE', #3260 ) ;
#4243 = EDGE_CURVE ( 'NONE', #8289, #9534, #789, .T. ) ;
#4244 = EDGE_CURVE ( 'NONE', #3974, #7480, #1617, .T. ) ;
#4245 = DIRECTION ( 'NONE',  ( 0.0000000000000000000, 0.0000000000000000000, -1.000000000000000000 ) ) ;
#4246 = MECHANICAL_DESIGN_GEOMETRIC_PRESENTATION_REPRESENTATION (  '', ( #3261 ), #4570 ) ;
#4247 = DIRECTION ( 'NONE',  ( 0.0000000000000000000, 0.0000000000000000000, 1.000000000000000000 ) ) ;
#4248 = VERTEX_POINT ( 'NONE', #4701 ) ;
#4249 = VECTOR ( 'NONE', #3127, 1000.000000000000000 ) ;
#4250 = LINE ( 'NONE', #2554, #8384 ) ;
#4251 = DIRECTION ( 'NONE',  ( -0.0000000000000000000, -1.000000000000000000, -0.0000000000000000000 ) ) ;
#4252 = FILL_AREA_STYLE_COLOUR ( '', #3912 ) ;
#4253 = ORIENTED_EDGE ( 'NONE', *, *, #6134, .T. ) ;
#4254 = AXIS2_PLACEMENT_3D ( 'NONE', #112, #7984, #1716 ) ;
#4255 = ORIENTED_EDGE ( 'NONE', *, *, #3997, .T. ) ;
#4256 = ORIENTED_EDGE ( 'NONE', *, *, #3040, .T. ) ;
#4257 = FACE_OUTER_BOUND ( 'NONE', #800, .T. ) ;
#4258 = CARTESIAN_POINT ( 'NONE',  ( 0.0000000000000000000, 1.189999999999999947, 0.0000000000000000000 ) ) ;
#4259 = CARTESIAN_POINT ( 'NONE',  ( -1.226886888929727082, 1.190000000000000613, -0.6221771480164287604 ) ) ;
#4260 = CARTESIAN_POINT ( 'NONE',  ( -1.239575197595643496, 1.189999999999999947, -0.3964495747209246801 ) ) ;
#4261 = AXIS2_PLACEMENT_3D ( 'NONE', #2018, #3653, #6790 ) ;
#4262 = CARTESIAN_POINT ( 'NONE',  ( -0.6412792927737767101, 1.189999999999999725, -0.6721087099901169593 ) ) ;
#4263 = CARTESIAN_POINT ( 'NONE',  ( 0.6458895466613413516, 1.189999999999999947, -0.6129314406264538828 ) ) ;
#4264 = CARTESIAN_POINT ( 'NONE',  ( 0.1840929927191701510, 1.190100000000000158, -0.5352382615115438558 ) ) ;
#4265 = EDGE_LOOP ( 'NONE', ( #5594, #3487, #1937, #9845 ) ) ;
#4266 = CARTESIAN_POINT ( 'NONE',  ( 0.4115547532635562278, 1.189999999999999503, -0.6257856737864181396 ) ) ;
#4267 = CARTESIAN_POINT ( 'NONE',  ( 0.3546566151308638837, 1.190000000000000613, -0.4668490829034108724 ) ) ;
#4268 = DIRECTION ( 'NONE',  ( -0.3839812255256315199, 0.0000000000000000000, 0.9233409004500093831 ) ) ;
#4269 = EDGE_CURVE ( 'NONE', #2340, #7876, #4021, .T. ) ;
#4270 = AXIS2_PLACEMENT_3D ( 'NONE', #9568, #5857, #8948 ) ;
#4271 = CARTESIAN_POINT ( 'NONE',  ( -1.023014328424181274, 1.190000000000000169, -0.5465318481940610873 ) ) ;
#4272 = EDGE_LOOP ( 'NONE', ( #732, #9154, #4635, #6570 ) ) ;
#4273 = CARTESIAN_POINT ( 'NONE',  ( 0.6663439550406521361, 1.190000000000000391, -0.4257016366550787079 ) ) ;
#4274 = LINE ( 'NONE', #1140, #4919 ) ;
#4275 = CARTESIAN_POINT ( 'NONE',  ( 0.04979241632579536198, 1.190099999999999936, -0.3931677108858488423 ) ) ;
#4276 = LINE ( 'NONE', #3661, #6091 ) ;
#4277 = CARTESIAN_POINT ( 'NONE',  ( -2.999999999999999556, -0.9405995433517277959, -0.1672176965958633577 ) ) ;
#4278 = EDGE_LOOP ( 'NONE', ( #6137, #9042, #8030, #5 ) ) ;
#4279 = VECTOR ( 'NONE', #4028, 1000.000000000000000 ) ;
#4280 = AXIS2_PLACEMENT_3D ( 'NONE', #5885, #1733, #7277 ) ;
#4281 = DIRECTION ( 'NONE',  ( -0.0000000000000000000, -1.000000000000000000, -0.0000000000000000000 ) ) ;
#4282 = CARTESIAN_POINT ( 'NONE',  ( -1.111453344001612331, 1.190000000000000613, -0.2971264481553002601 ) ) ;
#4283 = EDGE_CURVE ( 'NONE', #5676, #6581, #7111, .T. ) ;
#4284 =( GEOMETRIC_REPRESENTATION_CONTEXT ( 3 ) GLOBAL_UNCERTAINTY_ASSIGNED_CONTEXT ( ( #8060 ) ) GLOBAL_UNIT_ASSIGNED_CONTEXT ( ( #2221, #2267, #5486 ) ) REPRESENTATION_CONTEXT ( 'NONE', 'WORKASPACE' ) );
#4285 = CARTESIAN_POINT ( 'NONE',  ( 0.4539109990584316301, 1.189999999999999947, -0.5587953470845700155 ) ) ;
#4286 = ORIENTED_EDGE ( 'NONE', *, *, #7290, .T. ) ;
#4287 = VECTOR ( 'NONE', #10114, 1000.000000000000000 ) ;
#4288 = DIRECTION ( 'NONE',  ( 0.0000000000000000000, 0.1750333347174949650, 0.9845625077859064822 ) ) ;
#4289 = CARTESIAN_POINT ( 'NONE',  ( -0.7479398058484317824, 1.189999999999999947, -0.6754316154203359179 ) ) ;
#4290 = DIRECTION ( 'NONE',  ( 0.0000000000000000000, 0.9845625077859065932, -0.1750333347174941045 ) ) ;
#4291 = CARTESIAN_POINT ( 'NONE',  ( 0.8179575456992117521, 1.189999999999999947, 0.09968199914317038557 ) ) ;
#4292 = CARTESIAN_POINT ( 'NONE',  ( -1.242413325843641836, 1.190000000000000391, -0.6754894202670310710 ) ) ;
#4293 =( GEOMETRIC_REPRESENTATION_CONTEXT ( 3 ) GLOBAL_UNCERTAINTY_ASSIGNED_CONTEXT ( ( #2825 ) ) GLOBAL_UNIT_ASSIGNED_CONTEXT ( ( #5408, #1522, #9948 ) ) REPRESENTATION_CONTEXT ( 'NONE', 'WORKASPACE' ) );
#4294 = CARTESIAN_POINT ( 'NONE',  ( 0.9079415200581861800, 1.190099999999999936, 0.2290089222200934471 ) ) ;
#4295 = EDGE_CURVE ( 'NONE', #1273, #2159, #7265, .T. ) ;
#4296 = VERTEX_POINT ( 'NONE', #7206 ) ;
#4297 = CARTESIAN_POINT ( 'NONE',  ( 2.987479944133196508, 1.139999999999999902, -0.3679729582648805786 ) ) ;
#4298 = CARTESIAN_POINT ( 'NONE',  ( -0.8401794499343411271, 1.190099999999999492, -0.6452105143843265278 ) ) ;
#4299 = ORIENTED_EDGE ( 'NONE', *, *, #4921, .F. ) ;
#4300 = CARTESIAN_POINT ( 'NONE',  ( 0.8220170129470976139, 1.189999999999999947, 0.1409432898073212370 ) ) ;
#4301 = AXIS2_PLACEMENT_3D ( 'NONE', #2402, #3329, #9596 ) ;
#4302 = CARTESIAN_POINT ( 'NONE',  ( -1.163722049916313450, 1.190100000000000602, -0.2978030875633675412 ) ) ;
#4303 = EDGE_LOOP ( 'NONE', ( #8689, #9837, #594, #8086, #9283, #7905, #7463, #5629, #1971, #6104, #8919, #5321, #6334 ) ) ;
#4304 = CARTESIAN_POINT ( 'NONE',  ( 0.3895999768846409861, 1.190100000000000158, -0.4213508354522996213 ) ) ;
#4305 = ORIENTED_EDGE ( 'NONE', *, *, #7799, .T. ) ;
#4306 = LINE ( 'NONE', #4087, #7729 ) ;
#4307 = CARTESIAN_POINT ( 'NONE',  ( 0.4247469428993211338, 1.189999999999999281, -0.5329535526296891312 ) ) ;
#4308 = LINE ( 'NONE', #2867, #3589 ) ;
#4309 = ORIENTED_EDGE ( 'NONE', *, *, #138, .T. ) ;
#4310 = EDGE_CURVE ( 'NONE', #9273, #436, #3162, .T. ) ;
#4311 = ORIENTED_EDGE ( 'NONE', *, *, #95, .T. ) ;
#4312 = VECTOR ( 'NONE', #7102, 1000.000000000000000 ) ;
#4313 = VERTEX_POINT ( 'NONE', #6342 ) ;
#4314 = CARTESIAN_POINT ( 'NONE',  ( -0.7001320067519239965, 1.190000000000001057, -0.5142156573800917840 ) ) ;
#4315 = CARTESIAN_POINT ( 'NONE',  ( -4.000000000000000888, 0.05000000000000000278, -1.599999999999997868 ) ) ;
#4316 = CARTESIAN_POINT ( 'NONE',  ( -1.144492265057710512, 1.190099999999999936, -0.3373573544776308775 ) ) ;
#4317 = CARTESIAN_POINT ( 'NONE',  ( -0.8665149202720981991, 1.189999999999999947, -0.5869267913116329449 ) ) ;
#4318 = CARTESIAN_POINT ( 'NONE',  ( -1.131674555902761670, 1.190099999999999936, -0.6756718252418384418 ) ) ;
#4319 = CARTESIAN_POINT ( 'NONE',  ( -1.088099721163630962, 1.190000000000001279, -0.4987562172260130433 ) ) ;
#4320 = ORIENTED_EDGE ( 'NONE', *, *, #2068, .F. ) ;
#4321 = COLOUR_RGB ( '',0.2509803921568627416, 0.2509803921568627416, 0.2509803921568627416 ) ;
#4322 = CARTESIAN_POINT ( 'NONE',  ( -0.9953838643335100045, 1.189999999999999725, -0.4937100182975333595 ) ) ;
#4323 = CARTESIAN_POINT ( 'NONE',  ( 0.5608279073791128111, 1.190000000000000169, -0.7089885135705017438 ) ) ;
#4324 = CARTESIAN_POINT ( 'NONE',  ( 0.2823873580091272317, 1.190000000000000169, -0.4649502319425496966 ) ) ;
#4325 = ORIENTED_EDGE ( 'NONE', *, *, #4812, .T. ) ;
#4326 = EDGE_CURVE ( 'NONE', #4862, #7407, #935, .T. ) ;
#4327 = CARTESIAN_POINT ( 'NONE',  ( 0.3634932895730478841, 1.190099999999999714, -0.4809656072852479536 ) ) ;
#4328 = ADVANCED_FACE ( 'NONE', ( #9580 ), #8707, .T. ) ;
#4329 = CARTESIAN_POINT ( 'NONE',  ( 2.499999999999999556, -0.1000000000000000888, -1.899999999999999911 ) ) ;
#4330 = CARTESIAN_POINT ( 'NONE',  ( -0.9934163628436019078, 1.189999999999999947, -0.5881029146794161111 ) ) ;
#4331 = AXIS2_PLACEMENT_3D ( 'NONE', #4801, #3518, #9117 ) ;
#4332 = VERTEX_POINT ( 'NONE', #7941 ) ;
#4333 = CARTESIAN_POINT ( 'NONE',  ( 0.006256296824322963787, 1.190100000000000380, -0.4563596159110770989 ) ) ;
#4334 = CARTESIAN_POINT ( 'NONE',  ( 0.8509608116800982947, 1.190099999999999936, 0.1465871747810015835 ) ) ;
#4335 = CARTESIAN_POINT ( 'NONE',  ( 0.07512051449257758917, 1.190100000000000158, -0.3603139863912310781 ) ) ;
#4336 = CARTESIAN_POINT ( 'NONE',  ( 0.1659350915271547988, 1.190099999999999936, -0.4949111743670153163 ) ) ;
#4337 = CARTESIAN_POINT ( 'NONE',  ( 0.1088703158921102698, 1.190099999999999936, -0.5328032354982487062 ) ) ;
#4338 = ORIENTED_EDGE ( 'NONE', *, *, #4440, .T. ) ;
#4339 = CARTESIAN_POINT ( 'NONE',  ( 0.3510465288274301487, 1.189999999999999947, -0.4595643710418284011 ) ) ;
#4340 = CARTESIAN_POINT ( 'NONE',  ( -1.089958206131033558, 1.190000000000000835, -0.3003412515600129007 ) ) ;
#4341 = CARTESIAN_POINT ( 'NONE',  ( 2.999999999999999556, -0.04999999999999934358, 1.599999999999999423 ) ) ;
#4342 = EDGE_LOOP ( 'NONE', ( #7716, #9266, #3226, #188 ) ) ;
#4343 = CARTESIAN_POINT ( 'NONE',  ( -0.6844727798118075413, 1.190000000000000169, -0.5308128522820305673 ) ) ;
#4344 = CARTESIAN_POINT ( 'NONE',  ( -0.6639327179482622521, 1.190099999999999492, -0.6255737616538237233 ) ) ;
#4345 = CARTESIAN_POINT ( 'NONE',  ( 1.358710059481854193, 1.190099999999999936, -0.4602872098572230453 ) ) ;
#4346 = B_SPLINE_CURVE_WITH_KNOTS ( 'NONE', 3,
 ( #6428, #9412, #2373, #770, #8636, #53, #3084, #822, #1595, #7922, #7820 ),
 .UNSPECIFIED., .F., .F.,
 ( 4, 1, 1, 1, 1, 1, 1, 1, 4 ),
 ( 0.0000000000000000000, 0.1456144939021895568, 0.2845246328478385212, 0.4168046540708054137, 0.5426027467521845615, 0.6623944068372308314, 0.7783055069658285641, 0.8904745372333072728, 1.000000000000000000 ),
 .UNSPECIFIED. ) ;
#4347 = CARTESIAN_POINT ( 'NONE',  ( 0.1328595065952929422, 1.190099999999999714, -0.5360070270981075469 ) ) ;
#4348 = CARTESIAN_POINT ( 'NONE',  ( -1.257232551511695329, 1.190099999999999936, -0.6578406465763639854 ) ) ;
#4349 = CARTESIAN_POINT ( 'NONE',  ( 0.9044221026899000870, 1.189999999999999947, 0.2016372320007536467 ) ) ;
#4350 = ORIENTED_EDGE ( 'NONE', *, *, #8701, .T. ) ;
#4351 = CARTESIAN_POINT ( 'NONE',  ( -1.133196991800197395, 1.189999999999999947, -0.3372102867802999615 ) ) ;
#4352 = EDGE_CURVE ( 'NONE', #1538, #3402, #1764, .T. ) ;
#4353 = CARTESIAN_POINT ( 'NONE',  ( -1.149061424196837988, 1.190099999999999714, -0.2964806230609356996 ) ) ;
#4354 = ORIENTED_EDGE ( 'NONE', *, *, #7032, .T. ) ;
#4355 = LINE ( 'NONE', #2817, #3125 ) ;
#4356 = CARTESIAN_POINT ( 'NONE',  ( 0.9301801576558870188, 1.190000000000000613, 0.1667947658894291252 ) ) ;
#4357 = LINE ( 'NONE', #7488, #6220 ) ;
#4358 = VERTEX_POINT ( 'NONE', #4072 ) ;
#4359 = ORIENTED_EDGE ( 'NONE', *, *, #278, .F. ) ;
#4360 = ORIENTED_EDGE ( 'NONE', *, *, #730, .T. ) ;
#4361 = CARTESIAN_POINT ( 'NONE',  ( 0.7699677297792885122, 1.190000000000000835, 0.3672903130233979296 ) ) ;
#4362 = DIRECTION ( 'NONE',  ( 0.0000000000000000000, 1.689548385456578164E-14, -1.000000000000000000 ) ) ;
#4363 = CARTESIAN_POINT ( 'NONE',  ( 0.2874326665772076739, 1.189999999999999725, -0.3859849535249019747 ) ) ;
#4364 = CARTESIAN_POINT ( 'NONE',  ( -0.8401794499343411271, 1.189999999999999503, -0.6452105143843265278 ) ) ;
#4365 = EDGE_CURVE ( 'NONE', #7636, #1225, #7156, .T. ) ;
#4366 = CARTESIAN_POINT ( 'NONE',  ( -0.5114512412051696044, 1.190099999999999714, -0.3627188289929719756 ) ) ;
#4367 = CARTESIAN_POINT ( 'NONE',  ( -1.096926414062026289, 1.190099999999999714, -0.5005176189468024672 ) ) ;
#4368 = CARTESIAN_POINT ( 'NONE',  ( -0.6160457641569243581, 1.189999999999999725, -0.6313314095160299511 ) ) ;
#4369 = CARTESIAN_POINT ( 'NONE',  ( 0.8894311982184383014, 1.190000000000000391, 0.1202249952563445440 ) ) ;
#4370 = CARTESIAN_POINT ( 'NONE',  ( 0.2919189665356990981, 1.190099999999999936, -0.4227945118406700731 ) ) ;
#4371 = EDGE_LOOP ( 'NONE', ( #9615, #4913, #4135, #1717 ) ) ;
#4372 = CARTESIAN_POINT ( 'NONE',  ( 0.4101934911680433782, 1.190100000000000602, -0.6197249035177908594 ) ) ;
#4373 = CARTESIAN_POINT ( 'NONE',  ( 0.5824445178648706145, 1.190000000000000169, -0.5275773212699792492 ) ) ;
#4374 = VERTEX_POINT ( 'NONE', #1719 ) ;
#4375 = CARTESIAN_POINT ( 'NONE',  ( 0.6551835507048564544, 1.190100000000000158, -0.4690804586700862422 ) ) ;
#4376 = LINE ( 'NONE', #2171, #3122 ) ;
#4377 = EDGE_CURVE ( 'NONE', #37, #215, #3107, .T. ) ;
#4378 = CARTESIAN_POINT ( 'NONE',  ( -1.049379629720781137, 1.189999999999999947, -0.4819328169878225876 ) ) ;
#4379 = CARTESIAN_POINT ( 'NONE',  ( 0.2895223328257683915, 1.190099999999999714, -0.3938677601561257902 ) ) ;
#4380 = EDGE_CURVE ( 'NONE', #7445, #9095, #8250, .T. ) ;
#4381 = CARTESIAN_POINT ( 'NONE',  ( 1.465841469738264236, 1.190099999999999936, -0.5987487483187616810 ) ) ;
#4382 = ORIENTED_EDGE ( 'NONE', *, *, #10082, .F. ) ;
#4383 = B_SPLINE_CURVE_WITH_KNOTS ( 'NONE', 3,
 ( #731, #1655, #6335, #59, #2378, #5597, #8644, #4836, #4787, #3148, #9370, #6, #777, #3907, #2327, #9417, #1602, #2275, #4737 ),
 .UNSPECIFIED., .F., .F.,
 ( 4, 1, 1, 1, 1, 1, 1, 1, 1, 1, 1, 1, 1, 1, 1, 1, 4 ),
 ( 0.0000000000000000000, 0.08097329444234732665, 0.1582547365931187000, 0.2317259804212547236, 0.3018337910818377212, 0.3693993829067198087, 0.4353006865817543036, 0.4992757148287769731, 0.5629200591608856108, 0.6245389451759485455, 0.6828735026062410229, 0.7384732847808159750, 0.7919249319293321099, 0.8438878899444038906, 0.8955582339503501688, 0.9471306710109068661, 1.000000000000000000 ),
 .UNSPECIFIED. ) ;
#4384 = LINE ( 'NONE', #6652, #540 ) ;
#4385 = CARTESIAN_POINT ( 'NONE',  ( -0.9860690603623973871, 1.190000000000001057, -0.3682247191006216558 ) ) ;
#4386 = DIRECTION ( 'NONE',  ( 0.0000000000000000000, -0.0000000000000000000, -1.000000000000000000 ) ) ;
#4387 = EDGE_LOOP ( 'NONE', ( #9221, #6968, #2090, #10046 ) ) ;
#4388 = CARTESIAN_POINT ( 'NONE',  ( -2.499999999999999556, -1.039055794130319343, 0.1847210300676128125 ) ) ;
#4389 = DIRECTION ( 'NONE',  ( 0.0000000000000000000, 0.0000000000000000000, -1.000000000000000000 ) ) ;
#4390 = ORIENTED_EDGE ( 'NONE', *, *, #6074, .F. ) ;
#4391 = DIRECTION ( 'NONE',  ( 0.0000000000000000000, -0.0000000000000000000, -1.000000000000000000 ) ) ;
#4392 = CARTESIAN_POINT ( 'NONE',  ( -1.139075472885905160, 1.190099999999999936, -0.2962844081323280920 ) ) ;
#4393 = FACE_OUTER_BOUND ( 'NONE', #5529, .T. ) ;
#4394 = LINE ( 'NONE', #8963, #1483 ) ;
#4395 = CARTESIAN_POINT ( 'NONE',  ( 2.999999999999999556, -0.1000000000000007966, 1.800000000000000266 ) ) ;
#4396 = VERTEX_POINT ( 'NONE', #325 ) ;
#4397 = CARTESIAN_POINT ( 'NONE',  ( -0.9953838643335100045, 1.190099999999999714, -0.4937100182975333595 ) ) ;
#4398 = EDGE_CURVE ( 'NONE', #5860, #9022, #5708, .T. ) ;
#4399 = CARTESIAN_POINT ( 'NONE',  ( 0.6080545318474220862, 1.190099999999999936, -0.3828595281438296194 ) ) ;
#4400 = CARTESIAN_POINT ( 'NONE',  ( -3.839783448439274327, 1.189999999999999947, -1.599999999999997868 ) ) ;
#4401 = B_SPLINE_CURVE_WITH_KNOTS ( 'NONE', 3,
 ( #9790, #9122, #273, #4186, #2700, #5825, #7315 ),
 .UNSPECIFIED., .F., .F.,
 ( 4, 1, 1, 1, 4 ),
 ( 0.0000000000000000000, 0.2613143318069801602, 0.5129744301794494366, 0.7575391406477348655, 1.000000000000000000 ),
 .UNSPECIFIED. ) ;
#4402 = ORIENTED_EDGE ( 'NONE', *, *, #1572, .T. ) ;
#4403 = DIRECTION ( 'NONE',  ( 0.0000000000000000000, 0.0000000000000000000, -1.000000000000000000 ) ) ;
#4404 = CARTESIAN_POINT ( 'NONE',  ( 0.9391338821304431317, 1.190000000000000169, 0.1904244529921250983 ) ) ;
#4405 = CARTESIAN_POINT ( 'NONE',  ( 0.4203285750596896242, 1.190100000000000380, -0.3109209301944642623 ) ) ;
#4406 = B_SPLINE_CURVE_WITH_KNOTS ( 'NONE', 3,
 ( #6978, #2310, #8041, #9632, #8810, #7811, #5661, #760, #227, #7026, #5712, #948, #3890, #6216, #4076, #2542, #4617, #712, #3367 ),
 .UNSPECIFIED., .F., .F.,
 ( 4, 1, 1, 1, 1, 1, 1, 1, 1, 1, 1, 1, 1, 1, 1, 1, 4 ),
 ( 0.0000000000000000000, 0.06420729528298513289, 0.1264246897797421942, 0.1876802842649217540, 0.2482164244552126364, 0.3083050600086127413, 0.3696609913251428514, 0.4316985517867802380, 0.4959468922087639231, 0.5597580239721196005, 0.6222954078261586641, 0.6839106352841733960, 0.7450924080566243557, 0.8067402253892926867, 0.8690866181212021369, 0.9332900029747993598, 1.000000000000000000 ),
 .UNSPECIFIED. ) ;
#4407 = ORIENTED_EDGE ( 'NONE', *, *, #6122, .F. ) ;
#4408 = CARTESIAN_POINT ( 'NONE',  ( 0.7594385753612975520, 1.190000000000001057, 0.3637890250407292969 ) ) ;
#4409 = EDGE_CURVE ( 'NONE', #3876, #4242, #3466, .T. ) ;
#4410 = VECTOR ( 'NONE', #9846, 1000.000000000000000 ) ;
#4411 = DIRECTION ( 'NONE',  ( 0.0000000000000000000, 0.0000000000000000000, -1.000000000000000000 ) ) ;
#4412 = CARTESIAN_POINT ( 'NONE',  ( 0.2920433928151873748, 1.189999999999999725, -0.4187006713956846204 ) ) ;
#4413 = CARTESIAN_POINT ( 'NONE',  ( -0.4975807730839724718, 1.190000000000000169, -0.3676034723662700010 ) ) ;
#4414 = STYLED_ITEM ( 'NONE', ( #5784 ), #793 ) ;
#4415 = DIRECTION ( 'NONE',  ( -0.0000000000000000000, -1.000000000000000000, -0.0000000000000000000 ) ) ;
#4416 = CARTESIAN_POINT ( 'NONE',  ( -1.141093005395378279, 1.190000000000001723, -0.5057976931908506613 ) ) ;
#4417 = ORIENTED_EDGE ( 'NONE', *, *, #3691, .T. ) ;
#4418 = CARTESIAN_POINT ( 'NONE',  ( 0.5902231276599004817, 1.190099999999999714, -0.6416007038331640322 ) ) ;
#4419 = CARTESIAN_POINT ( 'NONE',  ( 0.9437385781446923083, 1.189999999999999947, 0.2258513412941595133 ) ) ;
#4420 = CARTESIAN_POINT ( 'NONE',  ( 0.2427653524258073792, 1.190099999999999936, -0.5111022986377732336 ) ) ;
#4421 = VECTOR ( 'NONE', #6573, 1000.000000000000000 ) ;
#4422 = ORIENTED_EDGE ( 'NONE', *, *, #2989, .T. ) ;
#4423 = CARTESIAN_POINT ( 'NONE',  ( 2.999999999999999556, -0.2001723312589749892, 1.125969363331736917 ) ) ;
#4424 = DIRECTION ( 'NONE',  ( 0.0000000000000000000, 0.0000000000000000000, 1.000000000000000000 ) ) ;
#4425 = EDGE_CURVE ( 'NONE', #3783, #964, #1879, .T. ) ;
#4426 = LINE ( 'NONE', #2070, #636 ) ;
#4427 = ORIENTED_EDGE ( 'NONE', *, *, #3598, .T. ) ;
#4428 = CIRCLE ( 'NONE', #2615, 0.05000000000000056483 ) ;
#4429 = CARTESIAN_POINT ( 'NONE',  ( 0.6120924762639283756, 1.190100000000000158, -0.4535682701521518978 ) ) ;
#4430 = LINE ( 'NONE', #8236, #3455 ) ;
#4431 = DIRECTION ( 'NONE',  ( -0.0000000000000000000, -1.000000000000000000, -0.0000000000000000000 ) ) ;
#4432 = CARTESIAN_POINT ( 'NONE',  ( -1.048581607184812858, 1.190099999999999936, -0.5304795175495307102 ) ) ;
#4433 = FACE_OUTER_BOUND ( 'NONE', #5378, .T. ) ;
#4434 = ORIENTED_EDGE ( 'NONE', *, *, #1823, .F. ) ;
#4435 = CARTESIAN_POINT ( 'NONE',  ( 2.499999999999999556, -1.189999999999999947, -1.235659872050660413 ) ) ;
#4436 = VECTOR ( 'NONE', #1070, 1000.000000000000000 ) ;
#4437 = CARTESIAN_POINT ( 'NONE',  ( 0.09898564011130601970, 1.190099999999999714, -0.4872626332537220994 ) ) ;
#4438 = EDGE_LOOP ( 'NONE', ( #4080, #531, #2709, #2021 ) ) ;
#4439 = EDGE_CURVE ( 'NONE', #7878, #6148, #1101, .T. ) ;
#4440 = EDGE_CURVE ( 'NONE', #7325, #8776, #5768, .T. ) ;
#4441 = CARTESIAN_POINT ( 'NONE',  ( 0.5963410474948915851, 1.190100000000000158, -0.6310037110325911192 ) ) ;
#4442 = ORIENTED_EDGE ( 'NONE', *, *, #8244, .T. ) ;
#4443 = CARTESIAN_POINT ( 'NONE',  ( -0.4824362475873543166, 1.190100000000000158, -0.3676003861146209251 ) ) ;
#4444 = VECTOR ( 'NONE', #2961, 1000.000000000000000 ) ;
#4445 = CARTESIAN_POINT ( 'NONE',  ( -0.9247628703680533802, 1.190099999999999936, 0.3612204606816319385 ) ) ;
#4446 = CARTESIAN_POINT ( 'NONE',  ( -0.9695486265100525802, 1.190099999999999936, -0.4224630332796583398 ) ) ;
#4447 = FACE_OUTER_BOUND ( 'NONE', #9099, .T. ) ;
#4448 = DIRECTION ( 'NONE',  ( -0.0000000000000000000, -1.000000000000000000, -0.0000000000000000000 ) ) ;
#4449 = LINE ( 'NONE', #6810, #6392 ) ;
#4450 = ADVANCED_FACE ( 'NONE', ( #7476 ), #1208, .T. ) ;
#4451 = STYLED_ITEM ( 'NONE', ( #8431 ), #6542 ) ;
#4452 = EDGE_LOOP ( 'NONE', ( #7968, #5445, #2659, #3958 ) ) ;
#4453 = AXIS2_PLACEMENT_3D ( 'NONE', #6729, #7017, #76 ) ;
#4454 = CARTESIAN_POINT ( 'NONE',  ( 0.5412632579779840247, 1.190000000000000169, -0.3406142041033424217 ) ) ;
#4455 = CARTESIAN_POINT ( 'NONE',  ( -1.177739117752228726, 1.190099999999999492, -0.3002584201621608662 ) ) ;
#4456 = ORIENTED_EDGE ( 'NONE', *, *, #8902, .F. ) ;
#4457 = DIRECTION ( 'NONE',  ( -0.6233545891419999263, 0.0000000000000000000, 0.7819392918862745345 ) ) ;
#4458 = AXIS2_PLACEMENT_3D ( 'NONE', #2038, #2645, #381 ) ;
#4459 = CARTESIAN_POINT ( 'NONE',  ( 0.4330690338408282880, 1.190099999999999936, -0.5292775944726076931 ) ) ;
#4460 = EDGE_LOOP ( 'NONE', ( #3791, #6298, #1381, #2404, #4927, #372, #2868, #1666 ) ) ;
#4461 = ORIENTED_EDGE ( 'NONE', *, *, #4409, .T. ) ;
#4462 = CARTESIAN_POINT ( 'NONE',  ( 0.6871072896527210538, 1.190000000000001057, 0.2823918394307717850 ) ) ;
#4463 = UNCERTAINTY_MEASURE_WITH_UNIT (LENGTH_MEASURE( 1.000000000000000082E-05 ), #8415, 'distance_accuracy_value', 'NONE');
#4464 = CARTESIAN_POINT ( 'NONE',  ( 1.256659468776134991, 1.190099999999999936, -0.03877953931836808366 ) ) ;
#4465 = AXIS2_PLACEMENT_3D ( 'NONE', #6549, #3519, #4182 ) ;
#4466 = CARTESIAN_POINT ( 'NONE',  ( -1.175746456274386897, 1.189999999999999725, -0.3425508731676843444 ) ) ;
#4467 = CARTESIAN_POINT ( 'NONE',  ( 0.8068876278999137508, 1.190099999999999936, 0.09998917562264170167 ) ) ;
#4468 = CARTESIAN_POINT ( 'NONE',  ( -1.210200196928402638, 1.190099999999999936, -0.3588449021649153803 ) ) ;
#4469 =( LENGTH_UNIT ( ) NAMED_UNIT ( * ) SI_UNIT ( .MILLI., .METRE. ) );
#4470 = CARTESIAN_POINT ( 'NONE',  ( 0.1088703158921102698, 1.189999999999999947, -0.5328032354982487062 ) ) ;
#4471 = CARTESIAN_POINT ( 'NONE',  ( -0.8634121375170678014, 1.190099999999999714, -0.6039695484847091844 ) ) ;
#4472 = CARTESIAN_POINT ( 'NONE',  ( 0.2209026852354938064, 1.190000000000000613, -0.5239712254652189038 ) ) ;
#4473 = ADVANCED_FACE ( 'NONE', ( #2745 ), #7422, .T. ) ;
#4474 = CARTESIAN_POINT ( 'NONE',  ( 0.6461562758454514332, 1.189999999999999947, -0.3585831233895847014 ) ) ;
#4475 = PRESENTATION_LAYER_ASSIGNMENT (  '', '', ( #8245 ) ) ;
#4476 = CARTESIAN_POINT ( 'NONE',  ( 0.7398049774762588404, 1.190100000000000158, 0.3538572003337983607 ) ) ;
#4477 = CARTESIAN_POINT ( 'NONE',  ( 0.4305899077532615027, 1.190099999999999714, -0.6527183883958831423 ) ) ;
#4478 = CARTESIAN_POINT ( 'NONE',  ( -4.000000000000000000, 0.04999999999999895500, 0.7499999999999986677 ) ) ;
#4479 = LINE ( 'NONE', #6835, #3462 ) ;
#4480 = AXIS2_PLACEMENT_3D ( 'NONE', #7583, #6956, #109 ) ;
#4481 = CARTESIAN_POINT ( 'NONE',  ( 0.5419454392559969191, 1.190000000000000169, -0.5524896067106519482 ) ) ;
#4482 = CARTESIAN_POINT ( 'NONE',  ( 0.8312069327891923320, 1.190099999999999714, 0.09996877132909863517 ) ) ;
#4483 = DIRECTION ( 'NONE',  ( -0.0000000000000000000, -1.000000000000000000, -0.0000000000000000000 ) ) ;
#4484 = EDGE_CURVE ( 'NONE', #5182, #7386, #6605, .T. ) ;
#4485 = CARTESIAN_POINT ( 'NONE',  ( 0.8624526606489915093, 1.190000000000001057, 0.3141925866050767069 ) ) ;
#4486 = FILL_AREA_STYLE ('',( #9112 ) ) ;
#4487 = VERTEX_POINT ( 'NONE', #5049 ) ;
#4488 = CARTESIAN_POINT ( 'NONE',  ( 0.6660888599064980209, 1.190100000000000380, -0.4114593904570667537 ) ) ;
#4489 = VERTEX_POINT ( 'NONE', #4951 ) ;
#4490 = CARTESIAN_POINT ( 'NONE',  ( -0.9852283996229216356, 1.190000000000000169, -0.4801793191973615649 ) ) ;
#4491 = LINE ( 'NONE', #1453, #1373 ) ;
#4492 = DIRECTION ( 'NONE',  ( 0.0000000000000000000, 0.9845625077859065932, -0.1750333347174949927 ) ) ;
#4493 = DIRECTION ( 'NONE',  ( 0.0000000000000000000, 0.0000000000000000000, -1.000000000000000000 ) ) ;
#4494 = EDGE_CURVE ( 'NONE', #421, #5860, #8096, .T. ) ;
#4495 = CARTESIAN_POINT ( 'NONE',  ( -3.339783448439273439, 0.8149999999999998357, 0.2499999999999999445 ) ) ;
#4496 = FILL_AREA_STYLE_COLOUR ( '', #5276 ) ;
#4497 = B_SPLINE_CURVE_WITH_KNOTS ( 'NONE', 3,
 ( #985, #8179, #1039, #3507, #4168, #7297, #3397, #9666, #8131, #6882, #8290, #4375, #5911, #6793, #9207, #2841, #9103, #6691, #520 ),
 .UNSPECIFIED., .F., .F.,
 ( 4, 1, 1, 1, 1, 1, 1, 1, 1, 1, 1, 1, 1, 1, 1, 1, 4 ),
 ( 0.0000000000000000000, 0.08597801095541354743, 0.1665357600752754297, 0.2430801657454658982, 0.3152453275928348009, 0.3829448748232105459, 0.4469892938498334356, 0.5074050016205154945, 0.5649588539103558293, 0.6203762074069895105, 0.6745122178124544066, 0.7283024830159220420, 0.7815588022634796239, 0.8353050041663273584, 0.8890952693697944387, 0.9439054235715857999, 1.000000000000000000 ),
 .UNSPECIFIED. ) ;
#4498 = DIRECTION ( 'NONE',  ( 0.0000000000000000000, -0.0000000000000000000, 1.000000000000000000 ) ) ;
#4499 = EDGE_LOOP ( 'NONE', ( #4527, #7574, #8714, #3908 ) ) ;
#4500 = CARTESIAN_POINT ( 'NONE',  ( 0.5623870102572882113, 1.190099999999999714, -0.3469308677105177319 ) ) ;
#4501 = CARTESIAN_POINT ( 'NONE',  ( 0.2345419183453275880, 1.190099999999999714, -0.3790504964602675053 ) ) ;
#4502 = ADVANCED_FACE ( 'NONE', ( #6706 ), #7365, .T. ) ;
#4503 = FILL_AREA_STYLE ('',( #642 ) ) ;
#4504 = EDGE_CURVE ( 'NONE', #7625, #1172, #1825, .T. ) ;
#4505 = ORIENTED_EDGE ( 'NONE', *, *, #9311, .T. ) ;
#4506 = LINE ( 'NONE', #7644, #4444 ) ;
#4507 = DIRECTION ( 'NONE',  ( 0.0000000000000000000, 0.0000000000000000000, -1.000000000000000000 ) ) ;
#4508 = CARTESIAN_POINT ( 'NONE',  ( -2.999999999999999556, -0.04999999999999932276, -1.749999999999999556 ) ) ;
#4509 = ORIENTED_EDGE ( 'NONE', *, *, #7774, .T. ) ;
#4510 = CARTESIAN_POINT ( 'NONE',  ( -0.9707733038267551962, 1.190000000000000391, -0.4085012124642816156 ) ) ;
#4511 = CARTESIAN_POINT ( 'NONE',  ( -0.6053925046207102589, 1.190099999999999936, -0.3474666970367102370 ) ) ;
#4512 = CARTESIAN_POINT ( 'NONE',  ( 0.2012410444337652538, 1.190100000000000158, -0.3050861559919493815 ) ) ;
#4513 = FACE_OUTER_BOUND ( 'NONE', #1989, .T. ) ;
#4514 = LINE ( 'NONE', #6868, #9732 ) ;
#4515 = ORIENTED_EDGE ( 'NONE', *, *, #10025, .T. ) ;
#4516 = CARTESIAN_POINT ( 'NONE',  ( 0.1335839949297000506, 1.190099999999999936, -0.5361251480290676330 ) ) ;
#4517 = LINE ( 'NONE', #2978, #1837 ) ;
#4518 = LINE ( 'NONE', #6930, #6712 ) ;
#4519 = ORIENTED_EDGE ( 'NONE', *, *, #4688, .F. ) ;
#4520 = CARTESIAN_POINT ( 'NONE',  ( 0.4099921107639052931, 1.190099999999999936, -0.6134923380623513722 ) ) ;
#4521 = LINE ( 'NONE', #3748, #6550 ) ;
#4522 = LINE ( 'NONE', #1293, #7570 ) ;
#4523 = DIRECTION ( 'NONE',  ( 0.0000000000000000000, 0.0000000000000000000, 1.000000000000000000 ) ) ;
#4524 = CARTESIAN_POINT ( 'NONE',  ( 1.322812623584417979, 1.189999999999999947, -0.4353673380623513389 ) ) ;
#4525 = CARTESIAN_POINT ( 'NONE',  ( 0.5806980883465391319, 1.190000000000000613, -0.5741794559283127652 ) ) ;
#4526 = DIRECTION ( 'NONE',  ( 0.0000000000000000000, 0.1750333347174947707, -0.9845625077859065932 ) ) ;
#4527 = ORIENTED_EDGE ( 'NONE', *, *, #446, .F. ) ;
#4528 = CARTESIAN_POINT ( 'NONE',  ( 0.8851007132114225850, 1.190099999999999936, 0.2941484331070599034 ) ) ;
#4529 = CARTESIAN_POINT ( 'NONE',  ( -1.201492325791916560, 1.190099999999999492, -0.6534005241987993484 ) ) ;
#4530 = VERTEX_POINT ( 'NONE', #4232 ) ;
#4531 = EDGE_CURVE ( 'NONE', #2159, #9331, #9680, .T. ) ;
#4532 = CARTESIAN_POINT ( 'NONE',  ( 0.5997357005074950287, 1.190099999999999936, -0.6142936201136333096 ) ) ;
#4533 = ORIENTED_EDGE ( 'NONE', *, *, #7836, .T. ) ;
#4534 = FACE_OUTER_BOUND ( 'NONE', #8259, .T. ) ;
#4535 = DIRECTION ( 'NONE',  ( -1.000000000000000000, 0.0000000000000000000, -0.0000000000000000000 ) ) ;
#4536 = CARTESIAN_POINT ( 'NONE',  ( 0.8003501301757358632, 1.189999999999999947, 0.3713979180255666535 ) ) ;
#4537 = CARTESIAN_POINT ( 'NONE',  ( 0.2846708294767984482, 1.189999999999999503, -0.3783425203658107860 ) ) ;
#4538 = LINE ( 'NONE', #1513, #7752 ) ;
#4539 = CARTESIAN_POINT ( 'NONE',  ( 0.8749531852642278285, 1.190100000000000602, 0.1593044322034635196 ) ) ;
#4540 = ORIENTED_EDGE ( 'NONE', *, *, #6380, .F. ) ;
#4541 = EDGE_CURVE ( 'NONE', #9108, #6610, #6559, .T. ) ;
#4542 =( NAMED_UNIT ( * ) PLANE_ANGLE_UNIT ( ) SI_UNIT ( $, .RADIAN. ) );
#4543 = CARTESIAN_POINT ( 'NONE',  ( 0.1460498030715975948, 1.190099999999999936, -0.4961846457546589262 ) ) ;
#4544 = FACE_OUTER_BOUND ( 'NONE', #8468, .T. ) ;
#4545 = ORIENTED_EDGE ( 'NONE', *, *, #277, .F. ) ;
#4546 = CARTESIAN_POINT ( 'NONE',  ( -0.6151904995086121541, 1.189999999999999503, -0.5635903486589650679 ) ) ;
#4547 = CARTESIAN_POINT ( 'NONE',  ( 0.3948698190937610653, 1.190100000000000158, -0.3253697852930767520 ) ) ;
#4548 = ORIENTED_EDGE ( 'NONE', *, *, #7310, .F. ) ;
#4549 = CARTESIAN_POINT ( 'NONE',  ( -1.023014328424181274, 1.189999999999999947, -0.5465318481940610873 ) ) ;
#4550 = ADVANCED_FACE ( 'NONE', ( #2282 ), #9278, .T. ) ;
#4551 = EDGE_CURVE ( 'NONE', #1528, #1068, #7633, .T. ) ;
#4552 = CARTESIAN_POINT ( 'NONE',  ( -2.999999999999999556, -0.2001723312589749892, -1.125969363331736917 ) ) ;
#4553 = CARTESIAN_POINT ( 'NONE',  ( 0.2274419632368316346, 1.190099999999999936, -0.3166481345427545890 ) ) ;
#4554 = DIRECTION ( 'NONE',  ( 1.000000000000000000, -0.0000000000000000000, 0.0000000000000000000 ) ) ;
#4555 = FACE_OUTER_BOUND ( 'NONE', #2149, .T. ) ;
#4556 = DIRECTION ( 'NONE',  ( 0.0000000000000000000, 0.0000000000000000000, -1.000000000000000000 ) ) ;
#4557 = VERTEX_POINT ( 'NONE', #1412 ) ;
#4558 = CARTESIAN_POINT ( 'NONE',  ( -2.999999999999999556, 0.0000000000000000000, 0.0000000000000000000 ) ) ;
#4559 = CARTESIAN_POINT ( 'NONE',  ( 0.7597765510842472425, 1.190100000000000158, 0.1487147807497479768 ) ) ;
#4560 = LINE ( 'NONE', #5477, #9001 ) ;
#4561 = CARTESIAN_POINT ( 'NONE',  ( 0.002277694673819864301, 1.190099999999999936, -0.3939779286265669977 ) ) ;
#4562 = AXIS2_PLACEMENT_3D ( 'NONE', #7559, #2167, #518 ) ;
#4563 = CARTESIAN_POINT ( 'NONE',  ( 0.1930321997604700357, 1.190000000000000169, -0.4872608226491326744 ) ) ;
#4564 = CARTESIAN_POINT ( 'NONE',  ( -1.096389758949661397, 1.189999999999999947, -0.3405077546612600981 ) ) ;
#4565 = VECTOR ( 'NONE', #8467, 1000.000000000000000 ) ;
#4566 = B_SPLINE_CURVE_WITH_KNOTS ( 'NONE', 3,
 ( #8619, #34, #5669, #1578, #8048, #7166, #7216, #6261, #8816, #2354, #3988, #7120, #7850, #7018, #9393, #803, #3174, #3218, #1776 ),
 .UNSPECIFIED., .F., .F.,
 ( 4, 1, 1, 1, 1, 1, 1, 1, 1, 1, 1, 1, 1, 1, 1, 1, 4 ),
 ( 0.0000000000000000000, 0.05681557216866703341, 0.1121227043635698306, 0.1668227269735995943, 0.2220963057990658074, 0.2789336422175910379, 0.3368754517250789893, 0.3978515565239448826, 0.4620390983845872324, 0.5276558516003213573, 0.5923161346088028356, 0.6572245979447229880, 0.7226974727024487732, 0.7892244270772577064, 0.8571655146102247214, 0.9276595053591100148, 1.000000000000000000 ),
 .UNSPECIFIED. ) ;
#4567 = CARTESIAN_POINT ( 'NONE',  ( 0.6200286028978529984, 1.190099999999999936, -0.4303699371915349348 ) ) ;
#4568 = CARTESIAN_POINT ( 'NONE',  ( 0.4100869447915367338, 1.190000000000000169, -0.6114010717127114081 ) ) ;
#4569 = CARTESIAN_POINT ( 'NONE',  ( -1.039509489751673899, 1.189999999999999947, -0.4737643980430022994 ) ) ;
#4570 =( GEOMETRIC_REPRESENTATION_CONTEXT ( 3 ) GLOBAL_UNCERTAINTY_ASSIGNED_CONTEXT ( ( #1691 ) ) GLOBAL_UNIT_ASSIGNED_CONTEXT ( ( #4636, #5446, #2418 ) ) REPRESENTATION_CONTEXT ( 'NONE', 'WORKASPACE' ) );
#4571 = CARTESIAN_POINT ( 'NONE',  ( 0.6304248030715975393, 1.190099999999999936, -0.3400949021649153914 ) ) ;
#4572 = EDGE_LOOP ( 'NONE', ( #1918, #9017, #5150, #9299 ) ) ;
#4573 = DIRECTION ( 'NONE',  ( 0.0000000000000000000, 0.0000000000000000000, 1.000000000000000000 ) ) ;
#4574 = CARTESIAN_POINT ( 'NONE',  ( -1.137082112356754271, 1.190099999999999936, -0.6755160844081863347 ) ) ;
#4575 = ORIENTED_EDGE ( 'NONE', *, *, #226, .T. ) ;
#4576 = VECTOR ( 'NONE', #8470, 1000.000000000000000 ) ;
#4577 = CARTESIAN_POINT ( 'NONE',  ( -3.839783448439272107, 0.8149999999999998357, -0.2500000000000000000 ) ) ;
#4578 = CARTESIAN_POINT ( 'NONE',  ( 0.05422287999467438613, 1.190099999999999936, -0.5341654149854282441 ) ) ;
#4579 = ORIENTED_EDGE ( 'NONE', *, *, #8284, .F. ) ;
#4580 = VECTOR ( 'NONE', #1868, 1000.000000000000000 ) ;
#4581 = CARTESIAN_POINT ( 'NONE',  ( -2.999999999999999556, -0.1000000000000007966, 1.800000000000000266 ) ) ;
#4582 = CARTESIAN_POINT ( 'NONE',  ( 0.7233261354428014434, 1.190099999999999936, 0.1612204606816319274 ) ) ;
#4583 = CARTESIAN_POINT ( 'NONE',  ( -1.292571991800197440, 1.190099999999999936, -0.4141333637033769444 ) ) ;
#4584 = PRESENTATION_STYLE_ASSIGNMENT (( #1455 ) ) ;
#4585 = CARTESIAN_POINT ( 'NONE',  ( -1.284526137713589478, 1.190099999999999936, -0.3869586339774427342 ) ) ;
#4586 = VECTOR ( 'NONE', #9684, 1000.000000000000000 ) ;
#4587 = EDGE_CURVE ( 'NONE', #235, #9108, #8282, .T. ) ;
#4588 = VECTOR ( 'NONE', #5488, 1000.000000000000000 ) ;
#4589 = CARTESIAN_POINT ( 'NONE',  ( 0.9015165164102473261, 1.189999999999999503, 0.1933956052611005838 ) ) ;
#4590 = VERTEX_POINT ( 'NONE', #3674 ) ;
#4591 = VECTOR ( 'NONE', #857, 1000.000000000000000 ) ;
#4592 = CARTESIAN_POINT ( 'NONE',  ( 0.9428441187497863529, 1.190099999999999936, 0.2498828333875981189 ) ) ;
#4593 = VERTEX_POINT ( 'NONE', #6904 ) ;
#4594 = LINE ( 'NONE', #4650, #6132 ) ;
#4595 = ORIENTED_EDGE ( 'NONE', *, *, #9899, .T. ) ;
#4596 =( NAMED_UNIT ( * ) SI_UNIT ( $, .STERADIAN. ) SOLID_ANGLE_UNIT ( ) );
#4597 = CARTESIAN_POINT ( 'NONE',  ( 0.1076606385103099084, 1.189999999999999947, -0.4905863806635309410 ) ) ;
#4598 = EDGE_CURVE ( 'NONE', #5459, #5493, #9985, .T. ) ;
#4599 = AXIS2_PLACEMENT_3D ( 'NONE', #6796, #418, #1296 ) ;
#4600 = PRESENTATION_LAYER_ASSIGNMENT (  '', '', ( #3297 ) ) ;
#4601 = DIRECTION ( 'NONE',  ( -0.0000000000000000000, -1.000000000000000000, -0.0000000000000000000 ) ) ;
#4602 =( NAMED_UNIT ( * ) PLANE_ANGLE_UNIT ( ) SI_UNIT ( $, .RADIAN. ) );
#4603 = EDGE_LOOP ( 'NONE', ( #2742, #7469, #10043, #599 ) ) ;
#4604 = CARTESIAN_POINT ( 'NONE',  ( 0.1561143141326285511, 1.190099999999999936, -0.4959177154414681210 ) ) ;
#4605 = VECTOR ( 'NONE', #1045, 1000.000000000000000 ) ;
#4606 = VECTOR ( 'NONE', #9092, 1000.000000000000000 ) ;
#4607 = CARTESIAN_POINT ( 'NONE',  ( 0.6291741422623398083, 1.189999999999999947, -0.5649257662534682423 ) ) ;
#4608 = CARTESIAN_POINT ( 'NONE',  ( 0.4619717071252856244, 1.190099999999999936, -0.5553982017206029465 ) ) ;
#4609 = EDGE_LOOP ( 'NONE', ( #952, #3695, #9508, #7253, #3158, #827, #3523, #7330, #6206, #6467, #1038, #8993, #2508 ) ) ;
#4610 = CARTESIAN_POINT ( 'NONE',  ( -1.030382088789906669, 1.190099999999999936, -0.6860069170012083051 ) ) ;
#4611 = CARTESIAN_POINT ( 'NONE',  ( 0.7275630206013550261, 1.190099999999999936, 0.1595912051024144518 ) ) ;
#4612 = CARTESIAN_POINT ( 'NONE',  ( -1.242413325843641836, 1.190100000000000380, -0.6754894202670310710 ) ) ;
#4613 = EDGE_CURVE ( 'NONE', #7015, #6733, #2948, .T. ) ;
#4614 = ORIENTED_EDGE ( 'NONE', *, *, #1354, .F. ) ;
#4615 = EDGE_LOOP ( 'NONE', ( #3197, #3500, #8795, #5303 ) ) ;
#4616 = CARTESIAN_POINT ( 'NONE',  ( 0.02360433342965299539, 1.190099999999999936, -0.3494916981514638032 ) ) ;
#4617 = CARTESIAN_POINT ( 'NONE',  ( 0.9076566540449871878, 1.190099999999999936, 0.2395447639212312518 ) ) ;
#4618 = VECTOR ( 'NONE', #8472, 1000.000000000000000 ) ;
#4619 = DIRECTION ( 'NONE',  ( 0.0000000000000000000, 0.0000000000000000000, -1.000000000000000000 ) ) ;
#4620 = CARTESIAN_POINT ( 'NONE',  ( -2.999999999999999556, -1.279882393104615934, 1.741248333264124648 ) ) ;
#4621 = FACE_BOUND ( 'NONE', #478, .T. ) ;
#4622 = CARTESIAN_POINT ( 'NONE',  ( 0.4099921107639052931, 1.190000000000000169, -0.6134923380623513722 ) ) ;
#4623 = CARTESIAN_POINT ( 'NONE',  ( 0.9435417339938825254, 1.190099999999999714, 0.2166736761424820912 ) ) ;
#4624 = CARTESIAN_POINT ( 'NONE',  ( 0.2775492641636610469, 1.190099999999999936, -0.3635563790967718534 ) ) ;
#4625 = VECTOR ( 'NONE', #3377, 1000.000000000000000 ) ;
#4626 = CARTESIAN_POINT ( 'NONE',  ( 0.5237930769157148614, 1.189999999999999947, -0.2966104523472530285 ) ) ;
#4627 = EDGE_CURVE ( 'NONE', #8401, #700, #5259, .T. ) ;
#4628 = ORIENTED_EDGE ( 'NONE', *, *, #1715, .F. ) ;
#4629 = B_SPLINE_SURFACE_WITH_KNOTS ( 'NONE', 3, 1, ( 
 ( #237, #3224 ),
 ( #82, #5574 ),
 ( #1783, #2449 ),
 ( #2602, #284 ),
 ( #4911, #8725 ),
 ( #1686, #9545 ),
 ( #8110, #7278 ),
 ( #4965, #2506 ),
 ( #8778, #6314 ),
 ( #1734, #4819 ),
 ( #9443, #4860 ),
 ( #8002, #5523 ),
 ( #8671, #4356 ),
 ( #2050, #7439 ),
 ( #2096, #4404 ),
 ( #9081, #1943 ),
 ( #7383, #6774 ),
 ( #5069, #9905 ),
 ( #394, #1893 ) ),
 .UNSPECIFIED., .F., .F., .F.,
 ( 4, 1, 1, 1, 1, 1, 1, 1, 1, 1, 1, 1, 1, 1, 1, 1, 4 ),
 ( 2, 2 ),
 ( 0.0000000000000000000, 0.06580764581069481478, 0.1293942736680554761, 0.1908940606321904709, 0.2512810689298357048, 0.3108149644652735133, 0.3703709874482450926, 0.4307682625897269468, 0.4928812506175027086, 0.5551039481552504373, 0.6160670509938430683, 0.6772560331746542150, 0.7382598051991167143, 0.8007621343762960642, 0.8647775815744846994, 0.9310452949994036942, 1.000000000000000000 ),
 ( 0.0000000000000000000, 1.000000000000000000 ),
 .UNSPECIFIED. ) ;
#4630 = EDGE_CURVE ( 'NONE', #9349, #4658, #556, .T. ) ;
#4631 = CARTESIAN_POINT ( 'NONE',  ( -1.181812529921147492, 1.189999999999999947, -0.7102324637033126109 ) ) ;
#4632 = CARTESIAN_POINT ( 'NONE',  ( -1.020259120074048287, 1.189999999999999947, -0.5164603733498032145 ) ) ;
#4633 = CARTESIAN_POINT ( 'NONE',  ( 1.322812623584417979, 1.189999999999999947, -0.3064410560110692461 ) ) ;
#4634 = CARTESIAN_POINT ( 'NONE',  ( -1.195783306798170020, 1.190100000000000380, -0.6578892207635275158 ) ) ;
#4635 = ORIENTED_EDGE ( 'NONE', *, *, #6256, .T. ) ;
#4636 =( LENGTH_UNIT ( ) NAMED_UNIT ( * ) SI_UNIT ( .MILLI., .METRE. ) );
#4637 = COLOUR_RGB ( '',0.2509803921568627416, 0.2509803921568627416, 0.2509803921568627416 ) ;
#4638 = CARTESIAN_POINT ( 'NONE',  ( 0.5084443812703787202, 1.190100000000000158, -0.6756051361636160602 ) ) ;
#4639 = ORIENTED_EDGE ( 'NONE', *, *, #9900, .T. ) ;
#4640 = CARTESIAN_POINT ( 'NONE',  ( -1.154110453338659026, 1.190099999999999936, -0.5064410560110692572 ) ) ;
#4641 = DIRECTION ( 'NONE',  ( 0.0000000000000000000, 0.0000000000000000000, -1.000000000000000000 ) ) ;
#4642 = CARTESIAN_POINT ( 'NONE',  ( 0.4052453844570355623, 1.190099999999999714, -0.6864108730609171927 ) ) ;
#4643 = DIRECTION ( 'NONE',  ( 0.0000000000000000000, 1.000000000000000000, 0.0000000000000000000 ) ) ;
#4644 = CARTESIAN_POINT ( 'NONE',  ( -0.7619387604023503124, 1.189999999999999725, -0.6755887798837669767 ) ) ;
#4645 = VECTOR ( 'NONE', #5451, 1000.000000000000000 ) ;
#4646 = DIRECTION ( 'NONE',  ( 0.0000000000000000000, 0.1750333347174949650, 0.9845625077859064822 ) ) ;
#4647 = PLANE ( 'NONE',  #9357 ) ;
#4648 = ORIENTED_EDGE ( 'NONE', *, *, #603, .F. ) ;
#4649 = CARTESIAN_POINT ( 'NONE',  ( 0.8910183885973257389, 1.190099999999999714, 0.3441334544640944348 ) ) ;
#4650 = CARTESIAN_POINT ( 'NONE',  ( 2.999999999999999556, -3.643879807547199021E-16, -1.899999999999999911 ) ) ;
#4651 = CARTESIAN_POINT ( 'NONE',  ( -4.000000000000000888, -0.05000000000000000278, -1.599999999999997868 ) ) ;
#4652 = ORIENTED_EDGE ( 'NONE', *, *, #9333, .T. ) ;
#4653 = CARTESIAN_POINT ( 'NONE',  ( -0.6299558184677207517, 1.189999999999999503, -0.5324978571738661071 ) ) ;
#4654 = CARTESIAN_POINT ( 'NONE',  ( 0.6059276022707000831, 1.189999999999999947, -0.6861346390614432300 ) ) ;
#4655 = CARTESIAN_POINT ( 'NONE',  ( -0.5114492481369056209, 1.189999999999999947, -0.3066500032944368681 ) ) ;
#4656 = ORIENTED_EDGE ( 'NONE', *, *, #7756, .F. ) ;
#4657 = CARTESIAN_POINT ( 'NONE',  ( 0.6182858203774697081, 1.190099999999999936, -0.4383213081885266593 ) ) ;
#4658 = VERTEX_POINT ( 'NONE', #2675 ) ;
#4659 = EDGE_CURVE ( 'NONE', #8965, #80, #6999, .T. ) ;
#4660 = CARTESIAN_POINT ( 'NONE',  ( 0.2456140932795937426, 1.190100000000000158, -0.4246303497374454006 ) ) ;
#4661 = CARTESIAN_POINT ( 'NONE',  ( 0.9438389559556220609, 1.190100000000000158, 0.2305313581175293947 ) ) ;
#4662 = CARTESIAN_POINT ( 'NONE',  ( 0.0000000000000000000, -1.189999999999999947, 0.0000000000000000000 ) ) ;
#4663 = CARTESIAN_POINT ( 'NONE',  ( 0.4877754759450110833, 1.190099999999999714, -0.5486318479818448335 ) ) ;
#4664 = ORIENTED_EDGE ( 'NONE', *, *, #6364, .T. ) ;
#4665 = CARTESIAN_POINT ( 'NONE',  ( -0.9902173295608543979, 1.190099999999999936, -0.6171742335208265651 ) ) ;
#4666 = CARTESIAN_POINT ( 'NONE',  ( 0.7921453198426395836, 1.190099999999999936, 0.1419197386176391518 ) ) ;
#4667 = CARTESIAN_POINT ( 'NONE',  ( 1.533069033840828377, 1.190099999999999936, -0.5987487483187616810 ) ) ;
#4668 = ORIENTED_EDGE ( 'NONE', *, *, #7680, .F. ) ;
#4669 = DIRECTION ( 'NONE',  ( 0.0000000000000000000, 0.1750333347174947707, -0.9845625077859065932 ) ) ;
#4670 = CARTESIAN_POINT ( 'NONE',  ( -2.499999999999999556, -1.230654267715320715, 1.749999999999999778 ) ) ;
#4671 = CARTESIAN_POINT ( 'NONE',  ( -1.077723444290608290, 1.190099999999999714, -0.5615664079865178016 ) ) ;
#4672 = EDGE_CURVE ( 'NONE', #7225, #2775, #6369, .T. ) ;
#4673 = DIRECTION ( 'NONE',  ( 0.0000000000000000000, 0.0000000000000000000, -1.000000000000000000 ) ) ;
#4674 = SURFACE_SIDE_STYLE ('',( #5434 ) ) ;
#4675 = CARTESIAN_POINT ( 'NONE',  ( 0.2458895466613412462, 1.190100000000000158, -0.4165372098572231452 ) ) ;
#4676 = CARTESIAN_POINT ( 'NONE',  ( 0.2499545928576421827, 1.190099999999999714, -0.3316711212817435306 ) ) ;
#4677 = CARTESIAN_POINT ( 'NONE',  ( 0.3894792902510847421, 1.190000000000000169, -0.4184602867802999504 ) ) ;
#4678 = CARTESIAN_POINT ( 'NONE',  ( -0.6566745559027615808, 1.190099999999999936, -0.5945820816520949181 ) ) ;
#4679 = DIRECTION ( 'NONE',  ( 0.0000000000000000000, 0.9845625077859065932, -0.1750333347174941045 ) ) ;
#4680 = B_SPLINE_CURVE_WITH_KNOTS ( 'NONE', 3,
 ( #5148, #2074, #1247, #2118, #4379, #2845, #1349, #9151, #4624, #6128, #819, #5437, #2173, #4676, #10077, #6173, #3081, #7865, #3951, #10168, #7773, #10024, #9264 ),
 .UNSPECIFIED., .F., .F.,
 ( 4, 1, 1, 1, 1, 1, 1, 1, 1, 1, 1, 1, 1, 1, 1, 1, 1, 1, 1, 1, 4 ),
 ( 0.0000000000000000000, 0.03968472168452140403, 0.07843799025354736276, 0.1168192768991317548, 0.1547512151110346512, 0.1925000625251205855, 0.2305241357724668316, 0.2690146672878936940, 0.3080378713363425836, 0.3470969258324517193, 0.3866208476182189657, 0.4265674594946416986, 0.4666190468811001191, 0.5077005302681668608, 0.5498282646873421387, 0.5930773284629325959, 0.6374146393314235048, 0.7272418952649662982, 0.8165581833890390717, 0.9074649818036538695, 1.000000000000000000 ),
 .UNSPECIFIED. ) ;
#4681 = CARTESIAN_POINT ( 'NONE',  ( 0.1130852790661194124, 1.190099999999999936, -0.5334824094335345324 ) ) ;
#4682 = CARTESIAN_POINT ( 'NONE',  ( 0.3745900547987761620, 1.190100000000000158, -0.3441862320393347940 ) ) ;
#4683 = ORIENTED_EDGE ( 'NONE', *, *, #6850, .F. ) ;
#4684 = CARTESIAN_POINT ( 'NONE',  ( 0.07392666657959640064, 1.190000000000001279, -0.3104620197056859321 ) ) ;
#4685 = B_SPLINE_CURVE_WITH_KNOTS ( 'NONE', 3,
 ( #1340, #6738, #2164, #5188, #1958, #8378, #9868, #4474, #8328, #1286, #6831 ),
 .UNSPECIFIED., .F., .F.,
 ( 4, 1, 1, 1, 1, 1, 1, 1, 4 ),
 ( 0.0000000000000000000, 0.1244676906410981804, 0.2466874182214703337, 0.3679274618284287257, 0.4886777691196649842, 0.6118451860972232703, 0.7368596092615808946, 0.8661935160105769249, 1.000000000000000000 ),
 .UNSPECIFIED. ) ;
#4686 = EDGE_CURVE ( 'NONE', #5638, #7643, #8762, .T. ) ;
#4687 = ORIENTED_EDGE ( 'NONE', *, *, #1426, .T. ) ;
#4688 = EDGE_CURVE ( 'NONE', #4489, #4332, #3291, .T. ) ;
#4689 = CARTESIAN_POINT ( 'NONE',  ( 0.5689540361949425584, 1.190099999999999714, -0.6610289918340532811 ) ) ;
#4690 = VERTEX_POINT ( 'NONE', #5586 ) ;
#4691 = CARTESIAN_POINT ( 'NONE',  ( 0.4698167230809847661, 1.189999999999999725, -0.7134496485753339945 ) ) ;
#4692 = CARTESIAN_POINT ( 'NONE',  ( -0.7281796666249341632, 1.190000000000000169, -0.6724741553501637492 ) ) ;
#4693 = CARTESIAN_POINT ( 'NONE',  ( 0.3638382646100591367, 1.190099999999999936, -0.6140532354982487506 ) ) ;
#4694 = LINE ( 'NONE', #5503, #10019 ) ;
#4695 = CARTESIAN_POINT ( 'NONE',  ( 2.999999999999999556, -0.09999999999999933942, -1.750000000000000000 ) ) ;
#4696 = CARTESIAN_POINT ( 'NONE',  ( -0.6568730387618760824, 1.190100000000000158, -0.5902364828733370761 ) ) ;
#4697 = ORIENTED_EDGE ( 'NONE', *, *, #9189, .T. ) ;
#4698 = CARTESIAN_POINT ( 'NONE',  ( -2.499999999999999556, -1.189999999999999947, 1.235659872050661745 ) ) ;
#4699 = ORIENTED_EDGE ( 'NONE', *, *, #8015, .T. ) ;
#4700 = CARTESIAN_POINT ( 'NONE',  ( -1.257238143420140508, 1.189999999999999281, -0.3427685143725301420 ) ) ;
#4701 = CARTESIAN_POINT ( 'NONE',  ( 2.499999999999999556, -1.189999999999999947, 1.235659872050661745 ) ) ;
#4702 = CARTESIAN_POINT ( 'NONE',  ( -0.6116027008632620721, 1.190100000000000158, -0.5799218172498662449 ) ) ;
#4703 = CARTESIAN_POINT ( 'NONE',  ( 0.3640785997459435319, 1.190099999999999936, -0.6183239120344570239 ) ) ;
#4704 = ORIENTED_EDGE ( 'NONE', *, *, #1292, .T. ) ;
#4705 = CARTESIAN_POINT ( 'NONE',  ( -1.161942357547540716, 1.189999999999999947, 0.06634866580983704576 ) ) ;
#4706 = ORIENTED_EDGE ( 'NONE', *, *, #3030, .T. ) ;
#4707 = FILL_AREA_STYLE_COLOUR ( '', #5551 ) ;
#4708 = ORIENTED_EDGE ( 'NONE', *, *, #9345, .T. ) ;
#4709 = B_SPLINE_SURFACE_WITH_KNOTS ( 'NONE', 3, 1, ( 
 ( #5024, #404 ),
 ( #9810, #5845 ),
 ( #1232, #1903 ),
 ( #7396, #8982 ),
 ( #3493, #2011 ),
 ( #8223, #452 ),
 ( #509, #1282 ),
 ( #3646, #9762 ),
 ( #5797, #1127 ),
 ( #8169, #1181 ),
 ( #2720, #8936 ),
 ( #7337, #4319 ),
 ( #4367, #3545 ),
 ( #6680, #8277 ),
 ( #2768, #5900 ),
 ( #9094, #294 ),
 ( #1334, #4416 ),
 ( #2877, #9037 ),
 ( #5228, #7498 ) ),
 .UNSPECIFIED., .F., .F., .F.,
 ( 4, 1, 1, 1, 1, 1, 1, 1, 1, 1, 1, 1, 1, 1, 1, 1, 4 ),
 ( 2, 2 ),
 ( 0.0000000000000000000, 0.06201618515429726392, 0.1242375302603047071, 0.1880686855339441799, 0.2552612080994869359, 0.3248104532213659801, 0.3952124369189763398, 0.4676355833166854770, 0.5432343181367914609, 0.5841409676775047854, 0.6293256317998497940, 0.6792787180339244779, 0.7338679911957519675, 0.7930858300253712523, 0.8569989619306673800, 0.9261035980519051192, 1.000000000000000000 ),
 ( 0.0000000000000000000, 1.000000000000000000 ),
 .UNSPECIFIED. ) ;
#4710 = CARTESIAN_POINT ( 'NONE',  ( 0.1843816877704116119, 1.190099999999999714, -0.4905714584871708195 ) ) ;
#4711 = CARTESIAN_POINT ( 'NONE',  ( 0.9336858430885226490, 1.190099999999999936, 0.2862938191049630987 ) ) ;
#4712 = CARTESIAN_POINT ( 'NONE',  ( -0.3493828892360948402, 1.189999999999999947, -0.3134122098572229564 ) ) ;
#4713 = CARTESIAN_POINT ( 'NONE',  ( -0.8665393348618025682, 1.190099999999999714, -0.6794226202105254631 ) ) ;
#4714 = DIRECTION ( 'NONE',  ( 0.0000000000000000000, 0.0000000000000000000, -1.000000000000000000 ) ) ;
#4715 = ORIENTED_EDGE ( 'NONE', *, *, #2298, .F. ) ;
#4716 = CARTESIAN_POINT ( 'NONE',  ( -1.094927553141952670, 1.190100000000000380, -0.7133910476984124394 ) ) ;
#4717 = DIRECTION ( 'NONE',  ( -0.0000000000000000000, -1.000000000000000000, -0.0000000000000000000 ) ) ;
#4718 = CARTESIAN_POINT ( 'NONE',  ( -1.136592546165095419, 1.190099999999999936, -0.7166307331403081182 ) ) ;
#4719 = VERTEX_POINT ( 'NONE', #8788 ) ;
#4720 = ADVANCED_FACE ( 'NONE', ( #6424 ), #4978, .T. ) ;
#4721 = CARTESIAN_POINT ( 'NONE',  ( -1.093915125432054491, 1.189999999999999725, -0.6711786240149366645 ) ) ;
#4722 = CARTESIAN_POINT ( 'NONE',  ( 2.499999999999999556, -0.04999999999999933664, -3.872150616019609307E-19 ) ) ;
#4723 = DIRECTION ( 'NONE',  ( 0.0000000000000000000, 0.9845625077859065932, 0.1750333347174941323 ) ) ;
#4724 = CARTESIAN_POINT ( 'NONE',  ( 0.4330690338408282880, 1.190099999999999936, -0.5292775944726076931 ) ) ;
#4725 = CARTESIAN_POINT ( 'NONE',  ( 0.4322192237843462959, 1.190000000000000835, -0.5728801848855270551 ) ) ;
#4726 = CARTESIAN_POINT ( 'NONE',  ( -1.275978817471836724, 1.190000000000000169, -0.6181657072732910096 ) ) ;
#4727 = CARTESIAN_POINT ( 'NONE',  ( 0.6304248030715975393, 1.189999999999999947, -0.3400949021649153914 ) ) ;
#4728 = CARTESIAN_POINT ( 'NONE',  ( 0.3895999768846409861, 1.190100000000000158, -0.4213508354522996213 ) ) ;
#4729 = LINE ( 'NONE', #2521, #6443 ) ;
#4730 = ADVANCED_FACE ( 'NONE', ( #8735 ), #6192, .T. ) ;
#4731 = CARTESIAN_POINT ( 'NONE',  ( 0.1454194855733984271, 1.190100000000000158, -0.5371070471928011125 ) ) ;
#4732 = CARTESIAN_POINT ( 'NONE',  ( 0.4070488545714565642, 1.190000000000000391, -0.3176035195303641423 ) ) ;
#4733 = EDGE_LOOP ( 'NONE', ( #387, #1404, #2904, #4417 ) ) ;
#4734 = CARTESIAN_POINT ( 'NONE',  ( 0.1372507117244878283, 1.190000000000000835, -0.2963578674344338193 ) ) ;
#4735 = EDGE_LOOP ( 'NONE', ( #9689, #5140, #4628, #8489, #6114, #4063, #2536, #2690, #2954, #8923, #2004, #4579 ) ) ;
#4736 = VECTOR ( 'NONE', #9341, 1000.000000000000000 ) ;
#4737 = CARTESIAN_POINT ( 'NONE',  ( 0.6202485210203155797, 1.189999999999999947, -0.4222263124213256336 ) ) ;
#4738 = VERTEX_POINT ( 'NONE', #2923 ) ;
#4739 = CARTESIAN_POINT ( 'NONE',  ( 0.3743357823025584841, 1.189999999999999725, -0.6523286138667285794 ) ) ;
#4740 = CARTESIAN_POINT ( 'NONE',  ( -1.161942357547540716, 1.189999999999999947, 0.1176307170918883399 ) ) ;
#4741 = CARTESIAN_POINT ( 'NONE',  ( 0.7070986420319895771, 1.189999999999999725, 0.3232591683440740882 ) ) ;
#4742 = VECTOR ( 'NONE', #9753, 1000.000000000000000 ) ;
#4743 = ADVANCED_FACE ( 'NONE', ( #6636 ), #6445, .T. ) ;
#4744 = EDGE_CURVE ( 'NONE', #5248, #3375, #5686, .T. ) ;
#4745 = AXIS2_PLACEMENT_3D ( 'NONE', #6792, #5191, #6935 ) ;
#4746 = CARTESIAN_POINT ( 'NONE',  ( -0.7413349313120695117, 1.190099999999999936, -0.4759293956165962514 ) ) ;
#4747 = EDGE_LOOP ( 'NONE', ( #7296, #2760, #3396, #8200 ) ) ;
#4748 = CARTESIAN_POINT ( 'NONE',  ( 0.8838546492797115794, 1.190000000000000391, 0.3493313207844481183 ) ) ;
#4749 = VECTOR ( 'NONE', #5076, 1000.000000000000000 ) ;
#4750 = CARTESIAN_POINT ( 'NONE',  ( -1.139075472885905160, 1.189999999999999947, -0.2962844081323280920 ) ) ;
#4751 = CARTESIAN_POINT ( 'NONE',  ( -1.132235453338658937, 1.189999999999999503, -0.7166974662674795438 ) ) ;
#4752 = CARTESIAN_POINT ( 'NONE',  ( 0.5506568683745323156, 1.190000000000000169, -0.5002187899363185197 ) ) ;
#4753 = CARTESIAN_POINT ( 'NONE',  ( 4.000000000000000888, 1.189999999999999947, -1.439783448439272195 ) ) ;
#4754 = EDGE_CURVE ( 'NONE', #4862, #7837, #4517, .T. ) ;
#4755 = CARTESIAN_POINT ( 'NONE',  ( -1.009539381727227125, 1.190000000000000169, -0.3393570354820585888 ) ) ;
#4756 = CARTESIAN_POINT ( 'NONE',  ( 0.6201746956447111714, 1.190000000000000613, -0.4249600851123220835 ) ) ;
#4757 = ORIENTED_EDGE ( 'NONE', *, *, #2407, .T. ) ;
#4758 = CARTESIAN_POINT ( 'NONE',  ( 0.5047036492254438622, 1.190099999999999714, -0.3372102867802999615 ) ) ;
#4759 = PLANE ( 'NONE',  #12 ) ;
#4760 = CARTESIAN_POINT ( 'NONE',  ( 0.1424951176058951718, 1.190099999999999936, -0.3372988988971967750 ) ) ;
#4761 = CARTESIAN_POINT ( 'NONE',  ( 0.6453136257831614264, 1.189999999999999281, -0.6000170954577622728 ) ) ;
#4762 = CARTESIAN_POINT ( 'NONE',  ( -0.6053925046207102589, 1.190099999999999936, -0.3474666970367102370 ) ) ;
#4763 = AXIS2_PLACEMENT_3D ( 'NONE', #6352, #9480, #905 ) ;
#4764 = ORIENTED_EDGE ( 'NONE', *, *, #7705, .T. ) ;
#4765 = DIRECTION ( 'NONE',  ( -1.000000000000000000, 0.0000000000000000000, 0.0000000000000000000 ) ) ;
#4766 = VECTOR ( 'NONE', #7076, 1000.000000000000000 ) ;
#4767 = FACE_OUTER_BOUND ( 'NONE', #306, .T. ) ;
#4768 = CARTESIAN_POINT ( 'NONE',  ( 0.4952153388251850363, 1.190000000000000169, -0.5062496342755412604 ) ) ;
#4769 = ORIENTED_EDGE ( 'NONE', *, *, #8564, .T. ) ;
#4770 = CARTESIAN_POINT ( 'NONE',  ( -0.3541104533386589814, 1.189999999999999947, -0.7064410560110692128 ) ) ;
#4771 = PRESENTATION_LAYER_ASSIGNMENT (  '', '', ( #2637 ) ) ;
#4772 = DIRECTION ( 'NONE',  ( 0.0000000000000000000, 0.0000000000000000000, -1.000000000000000000 ) ) ;
#4773 = CIRCLE ( 'NONE', #1660, 0.1499999999999999667 ) ;
#4774 = DIRECTION ( 'NONE',  ( -0.0000000000000000000, -1.000000000000000000, -0.0000000000000000000 ) ) ;
#4775 = CARTESIAN_POINT ( 'NONE',  ( 1.451531263647929615, 1.189999999999999947, 0.3612204606816319385 ) ) ;
#4776 = CARTESIAN_POINT ( 'NONE',  ( -1.090910048376658725, 1.190100000000000158, -0.5566359768251045725 ) ) ;
#4777 = CARTESIAN_POINT ( 'NONE',  ( -0.8769916893345074405, 1.190000000000000169, -0.6697561856983463846 ) ) ;
#4778 = CARTESIAN_POINT ( 'NONE',  ( 0.0001593844004690146568, 1.190099999999999936, -0.4305403814786140648 ) ) ;
#4779 = LINE ( 'NONE', #52, #470 ) ;
#4780 = VECTOR ( 'NONE', #8571, 1000.000000000000000 ) ;
#4781 = CARTESIAN_POINT ( 'NONE',  ( 0.1570273671741616306, 1.189999999999999947, -0.5372102867803000281 ) ) ;
#4782 = PLANE ( 'NONE',  #9672 ) ;
#4783 = CARTESIAN_POINT ( 'NONE',  ( 0.3436892288171189969, 1.190000000000000835, -0.4082107708424559389 ) ) ;
#4784 = ORIENTED_EDGE ( 'NONE', *, *, #8016, .F. ) ;
#4785 = CARTESIAN_POINT ( 'NONE',  ( 0.01031962527740003244, 1.190000000000000613, -0.3710758434241164805 ) ) ;
#4786 = VERTEX_POINT ( 'NONE', #6163 ) ;
#4787 = CARTESIAN_POINT ( 'NONE',  ( 0.5808438063236505133, 1.189999999999999947, -0.3564998849447859608 ) ) ;
#4788 = VECTOR ( 'NONE', #10134, 1000.000000000000000 ) ;
#4789 = CARTESIAN_POINT ( 'NONE',  ( 0.4052453844570355623, 1.189999999999999725, -0.6864108730609171927 ) ) ;
#4790 = EDGE_CURVE ( 'NONE', #405, #6803, #808, .T. ) ;
#4791 = CARTESIAN_POINT ( 'NONE',  ( -0.6732390761205661045, 1.189999999999999725, -0.6393452000924485512 ) ) ;
#4792 = DIRECTION ( 'NONE',  ( 0.0000000000000000000, 0.0000000000000000000, 1.000000000000000000 ) ) ;
#4793 = CARTESIAN_POINT ( 'NONE',  ( -1.033745239037354935, 1.190000000000000169, -0.3755136863863319241 ) ) ;
#4794 = CIRCLE ( 'NONE', #6932, 0.3750000000000001110 ) ;
#4795 = CARTESIAN_POINT ( 'NONE',  ( -0.7098807597913374678, 1.190100000000000158, -0.5048367718584375607 ) ) ;
#4796 = B_SPLINE_SURFACE_WITH_KNOTS ( 'NONE', 3, 1, ( 
 ( #2970, #5469 ),
 ( #6110, #7694 ),
 ( #4660, #3787 ),
 ( #8517, #2153 ),
 ( #9346, #6158 ),
 ( #2919, #5277 ),
 ( #8570, #6259 ),
 ( #3836, #8428 ),
 ( #7652, #652 ),
 ( #9295, #7754 ),
 ( #6969, #1529 ),
 ( #750, #9392 ),
 ( #2252, #5370 ),
 ( #4710, #5418 ),
 ( #1475, #7802 ),
 ( #6207, #2352 ),
 ( #4604, #702 ),
 ( #7848, #2302 ),
 ( #8617, #1576 ) ),
 .UNSPECIFIED., .F., .F., .F.,
 ( 4, 1, 1, 1, 1, 1, 1, 1, 1, 1, 1, 1, 1, 1, 1, 1, 4 ),
 ( 2, 2 ),
 ( 0.0000000000000000000, 0.05779577049283209783, 0.1134998367032315214, 0.1689794396787515085, 0.2246892494645865157, 0.2815361113536715143, 0.3396851060392574451, 0.4009136629118411621, 0.4650890983405024381, 0.5307139505601041751, 0.5954181803569116305, 0.6601817219649332991, 0.7255256289017628646, 0.7912600893762677945, 0.8587074661624890526, 0.9281071256061157460, 1.000000000000000000 ),
 ( 0.0000000000000000000, 1.000000000000000000 ),
 .UNSPECIFIED. ) ;
#4797 = CARTESIAN_POINT ( 'NONE',  ( 0.9393808684448459179, 1.190099999999999936, 0.2685062876642894114 ) ) ;
#4798 = ORIENTED_EDGE ( 'NONE', *, *, #2335, .T. ) ;
#4799 = EDGE_CURVE ( 'NONE', #3860, #5215, #6267, .T. ) ;
#4800 = AXIS2_PLACEMENT_3D ( 'NONE', #5279, #6730, #6112 ) ;
#4801 = CARTESIAN_POINT ( 'NONE',  ( -3.839783448439272107, 0.8149999999999998357, 0.2500000000000000000 ) ) ;
#4802 = DIRECTION ( 'NONE',  ( -1.000000000000000000, 0.0000000000000000000, -0.0000000000000000000 ) ) ;
#4803 = CARTESIAN_POINT ( 'NONE',  ( -0.6797223629359506747, 1.189999999999999281, -0.4757473330580767601 ) ) ;
#4804 = CARTESIAN_POINT ( 'NONE',  ( 0.3640785997459435319, 1.190000000000000613, -0.6183239120344570239 ) ) ;
#4805 = VECTOR ( 'NONE', #742, 1000.000000000000000 ) ;
#4806 = CARTESIAN_POINT ( 'NONE',  ( 1.276658777430572211, 1.190099999999999936, -0.3064410560110692461 ) ) ;
#4807 = ORIENTED_EDGE ( 'NONE', *, *, #2052, .F. ) ;
#4808 = CARTESIAN_POINT ( 'NONE',  ( 0.5404273741684365584, 1.190099999999999492, -0.5029785811256255457 ) ) ;
#4809 = ORIENTED_EDGE ( 'NONE', *, *, #8269, .F. ) ;
#4810 = EDGE_CURVE ( 'NONE', #6008, #443, #10066, .T. ) ;
#4811 = CARTESIAN_POINT ( 'NONE',  ( 1.481786982558777055, 1.189999999999999947, -0.3064410560110692461 ) ) ;
#4812 = EDGE_CURVE ( 'NONE', #5215, #2960, #9351, .T. ) ;
#4813 = CARTESIAN_POINT ( 'NONE',  ( 0.8083667120773787573, 1.189999999999999947, 0.1407739934439636575 ) ) ;
#4814 = LINE ( 'NONE', #4030, #2997 ) ;
#4815 = CARTESIAN_POINT ( 'NONE',  ( 0.6456957331755671659, 1.189999999999999725, -0.6085854022234978844 ) ) ;
#4816 = CARTESIAN_POINT ( 'NONE',  ( 0.4154939715501843600, 1.190100000000000158, -0.4735061142755849217 ) ) ;
#4817 = ORIENTED_EDGE ( 'NONE', *, *, #1354, .T. ) ;
#4818 = LINE ( 'NONE', #8724, #3939 ) ;
#4819 = CARTESIAN_POINT ( 'NONE',  ( 0.9084141132974096200, 1.190000000000000613, 0.1363253773259748836 ) ) ;
#4820 = CARTESIAN_POINT ( 'NONE',  ( 0.1969204224957178950, 1.189999999999999947, -0.5326190639484756906 ) ) ;
#4821 = ORIENTED_EDGE ( 'NONE', *, *, #6350, .T. ) ;
#4822 = CARTESIAN_POINT ( 'NONE',  ( 0.5063863415331361084, 1.190099999999999714, -0.5474666970367102481 ) ) ;
#4823 = CARTESIAN_POINT ( 'NONE',  ( -3.839783448439272107, 0.8149999999999998357, -0.7499999999999991118 ) ) ;
#4824 = CARTESIAN_POINT ( 'NONE',  ( -1.224429425454999665, 1.190000000000000391, -0.6902383476470930201 ) ) ;
#4825 = FACE_OUTER_BOUND ( 'NONE', #7005, .T. ) ;
#4826 = CARTESIAN_POINT ( 'NONE',  ( -0.7691458317493913288, 1.190099999999999714, -0.6754253247773762681 ) ) ;
#4827 = CARTESIAN_POINT ( 'NONE',  ( 0.05175170712969182074, 1.189999999999999947, -0.5310780193500145296 ) ) ;
#4828 = ORIENTED_EDGE ( 'NONE', *, *, #1176, .T. ) ;
#4829 = CARTESIAN_POINT ( 'NONE',  ( 0.4851895021508287886, 1.189999999999999947, -0.6746917532694934883 ) ) ;
#4830 = CARTESIAN_POINT ( 'NONE',  ( 0.01493267045984364438, 1.190000000000000169, -0.4764331545158594361 ) ) ;
#4831 = CARTESIAN_POINT ( 'NONE',  ( 0.3948698190937610653, 1.190000000000001057, -0.3253697852930767520 ) ) ;
#4832 = VERTEX_POINT ( 'NONE', #1583 ) ;
#4833 = EDGE_CURVE ( 'NONE', #7075, #7980, #3841, .T. ) ;
#4834 = CARTESIAN_POINT ( 'NONE',  ( 0.01419547447032990309, 1.190000000000000613, -0.3636926089343445190 ) ) ;
#4835 = ORIENTED_EDGE ( 'NONE', *, *, #2371, .T. ) ;
#4836 = CARTESIAN_POINT ( 'NONE',  ( 0.5719061545840553595, 1.189999999999999947, -0.3513779900760670705 ) ) ;
#4837 = PLANE ( 'NONE',  #4270 ) ;
#4838 = DIRECTION ( 'NONE',  ( 0.0000000000000000000, -1.000000000000000000, 0.0000000000000000000 ) ) ;
#4839 = CARTESIAN_POINT ( 'NONE',  ( -0.9128122341350212166, 1.190000000000000169, -0.5881290431431031029 ) ) ;
#4840 = CARTESIAN_POINT ( 'NONE',  ( 0.2165764766376271910, 1.189999999999999947, -0.3603159631863452339 ) ) ;
#4841 = VERTEX_POINT ( 'NONE', #10156 ) ;
#4842 = CARTESIAN_POINT ( 'NONE',  ( -1.096389758949661397, 1.190099999999999936, -0.3405077546612600981 ) ) ;
#4843 = EDGE_CURVE ( 'NONE', #1273, #2779, #5476, .T. ) ;
#4844 = LINE ( 'NONE', #9576, #6556 ) ;
#4845 = VERTEX_POINT ( 'NONE', #3126 ) ;
#4846 = FACE_OUTER_BOUND ( 'NONE', #9664, .T. ) ;
#4847 = CARTESIAN_POINT ( 'NONE',  ( 2.499999999999999556, -0.04999999999999933664, -3.872150616019609307E-19 ) ) ;
#4848 = CARTESIAN_POINT ( 'NONE',  ( 0.7409418476813657284, 1.190099999999999936, 0.3045943001604498601 ) ) ;
#4849 = CARTESIAN_POINT ( 'NONE',  ( 0.3743357823025584841, 1.190099999999999714, -0.6523286138667285794 ) ) ;
#4850 = EDGE_CURVE ( 'NONE', #1998, #7386, #1350, .T. ) ;
#4851 = ORIENTED_EDGE ( 'NONE', *, *, #5942, .F. ) ;
#4852 = CARTESIAN_POINT ( 'NONE',  ( -0.8464834456969753118, 1.190100000000000602, -0.6382261132693400896 ) ) ;
#4853 = EDGE_LOOP ( 'NONE', ( #155, #914, #8267, #895 ) ) ;
#4854 = DIRECTION ( 'NONE',  ( 0.0000000000000000000, -1.000000000000000000, 0.0000000000000000000 ) ) ;
#4855 = CARTESIAN_POINT ( 'NONE',  ( -1.246418145646351228, 1.189999999999999947, -0.4141333637033769444 ) ) ;
#4856 = DIRECTION ( 'NONE',  ( 0.2009441437213315140, 0.0000000000000000000, -0.9796027006414900207 ) ) ;
#4857 = LINE ( 'NONE', #805, #5919 ) ;
#4858 = ORIENTED_EDGE ( 'NONE', *, *, #8255, .F. ) ;
#4859 = CARTESIAN_POINT ( 'NONE',  ( -0.6213443899134891701, 1.189999999999999947, -0.5478418946054410821 ) ) ;
#4860 = CARTESIAN_POINT ( 'NONE',  ( 0.9167026056591717209, 1.190000000000000169, 0.1458021335262222884 ) ) ;
#4861 = CARTESIAN_POINT ( 'NONE',  ( -0.6685403073394262652, 1.190099999999999714, -0.4867656008825117508 ) ) ;
#4862 = VERTEX_POINT ( 'NONE', #8576 ) ;
#4863 = EDGE_CURVE ( 'NONE', #9175, #2572, #7077, .T. ) ;
#4864 = EDGE_CURVE ( 'NONE', #8594, #3307, #8410, .T. ) ;
#4865 = CARTESIAN_POINT ( 'NONE',  ( -0.6784671889207491979, 1.190099999999999936, -0.5379340836615275068 ) ) ;
#4866 = FACE_OUTER_BOUND ( 'NONE', #746, .T. ) ;
#4867 = CARTESIAN_POINT ( 'NONE',  ( -2.999999999999999556, -0.1000000000000014766, 1.899999999999999911 ) ) ;
#4868 = CARTESIAN_POINT ( 'NONE',  ( 0.09068338676620789351, 1.189999999999999725, -0.4832274389626338706 ) ) ;
#4869 =( NAMED_UNIT ( * ) PLANE_ANGLE_UNIT ( ) SI_UNIT ( $, .RADIAN. ) );
#4870 = CARTESIAN_POINT ( 'NONE',  ( -0.6127525149120492953, 1.190100000000000380, -0.6201710533681613624 ) ) ;
#4871 = CARTESIAN_POINT ( 'NONE',  ( -0.9006646707566254850, 1.189999999999999725, -0.6365768647797905855 ) ) ;
#4872 = CARTESIAN_POINT ( 'NONE',  ( 2.499999999999999556, 0.05000000000000066891, 2.904112962014783776E-19 ) ) ;
#4873 = CARTESIAN_POINT ( 'NONE',  ( -0.4824362475873543166, 1.190000000000000169, -0.3676003861146209251 ) ) ;
#4874 = B_SPLINE_SURFACE_WITH_KNOTS ( 'NONE', 3, 1, ( 
 ( #4459, #498 ),
 ( #1322, #1116 ),
 ( #9698, #4307 ),
 ( #3533, #1271 ),
 ( #344, #2661 ),
 ( #440, #6670 ),
 ( #1220, #5996 ),
 ( #7598, #6565 ),
 ( #6720, #5123 ),
 ( #3634, #3581 ),
 ( #8160, #9128 ),
 ( #8213, #2819 ),
 ( #5217, #3482 ),
 ( #5836, #1171 ),
 ( #9024, #5948 ) ),
 .UNSPECIFIED., .F., .F., .F.,
 ( 4, 1, 1, 1, 1, 1, 1, 1, 1, 1, 1, 1, 4 ),
 ( 2, 2 ),
 ( 0.0000000000000000000, 0.07970121939904359354, 0.1553562281276001933, 0.2290002185822234138, 0.2990795871484149826, 0.3665958925813741498, 0.4311496099534786186, 0.4946088017168487894, 0.5558630631443920445, 0.6728495545640683639, 0.7840358263102060743, 0.8918733718565691193, 1.000000000000000000 ),
 ( 0.0000000000000000000, 1.000000000000000000 ),
 .UNSPECIFIED. ) ;
#4875 = ORIENTED_EDGE ( 'NONE', *, *, #3104, .F. ) ;
#4876 = CARTESIAN_POINT ( 'NONE',  ( -0.6203312869321215839, 1.189999999999999947, -0.6421968644366276013 ) ) ;
#4877 = CARTESIAN_POINT ( 'NONE',  ( 0.3482940064793561552, 1.190000000000000391, -0.4519615599257859051 ) ) ;
#4878 = EDGE_CURVE ( 'NONE', #4161, #7685, #5376, .T. ) ;
#4879 = CARTESIAN_POINT ( 'NONE',  ( 0.3434470399911677685, 1.190099999999999936, -0.4158345395685045243 ) ) ;
#4880 = CARTESIAN_POINT ( 'NONE',  ( 0.1060522955224775937, 1.190000000000001057, -0.2997693072329510877 ) ) ;
#4881 = EDGE_LOOP ( 'NONE', ( #2806, #3812, #4461, #9212 ) ) ;
#4882 = CARTESIAN_POINT ( 'NONE',  ( 0.01873224392195583718, 1.190099999999999936, -0.4837212439622663451 ) ) ;
#4883 = CARTESIAN_POINT ( 'NONE',  ( 0.3899540530238704283, 1.190100000000000158, -0.4076953343427341947 ) ) ;
#4884 = CARTESIAN_POINT ( 'NONE',  ( 0.8143476702325430638, 1.190099999999999936, 0.09978216870696349217 ) ) ;
#4885 = CARTESIAN_POINT ( 'NONE',  ( -0.5280409031233070927, 1.190100000000000158, -0.3280622406487223031 ) ) ;
#4886 = DIRECTION ( 'NONE',  ( 1.000000000000000000, 0.0000000000000000000, 0.0000000000000000000 ) ) ;
#4887 = ORIENTED_EDGE ( 'NONE', *, *, #5664, .T. ) ;
#4888 = CARTESIAN_POINT ( 'NONE',  ( -1.133196991800197395, 1.190000000000000169, -0.3372102867802999615 ) ) ;
#4889 = AXIS2_PLACEMENT_3D ( 'NONE', #7766, #1637, #3184 ) ;
#4890 = LINE ( 'NONE', #320, #2290 ) ;
#4891 = VERTEX_POINT ( 'NONE', #6974 ) ;
#4892 = MECHANICAL_DESIGN_GEOMETRIC_PRESENTATION_REPRESENTATION (  '', ( #4414 ), #2431 ) ;
#4893 = ADVANCED_FACE ( 'NONE', ( #2161 ), #4050, .T. ) ;
#4894 = CARTESIAN_POINT ( 'NONE',  ( -0.4900078892360948957, 1.189999999999999503, -0.3013128508828640806 ) ) ;
#4895 = DIRECTION ( 'NONE',  ( 0.0000000000000000000, -0.0000000000000000000, 1.000000000000000000 ) ) ;
#4896 = CARTESIAN_POINT ( 'NONE',  ( 0.6016566599564159290, 1.189999999999999947, -0.4678125971529905613 ) ) ;
#4897 = CARTESIAN_POINT ( 'NONE',  ( 0.4698167230809847661, 1.190099999999999714, -0.7134496485753339945 ) ) ;
#4898 = DIRECTION ( 'NONE',  ( 0.0000000000000000000, -1.917831477656420641E-16, -1.000000000000000000 ) ) ;
#4899 = CARTESIAN_POINT ( 'NONE',  ( 0.4437757152259197979, 1.190000000000001501, -0.6616710325033803297 ) ) ;
#4900 = COLOUR_RGB ( '',0.2509803921568627416, 0.2509803921568627416, 0.2509803921568627416 ) ;
#4901 = CARTESIAN_POINT ( 'NONE',  ( -0.7994083463647843057, 1.190100000000000158, -0.6697543917642030387 ) ) ;
#4902 = B_SPLINE_CURVE_WITH_KNOTS ( 'NONE', 3,
 ( #3027, #1584, #5377, #3941, #9352, #6164, #1537, #4612, #9302, #6117, #9397, #659, #5331, #7700, #3794, #8435, #6975, #4718, #7762 ),
 .UNSPECIFIED., .F., .F.,
 ( 4, 1, 1, 1, 1, 1, 1, 1, 1, 1, 1, 1, 1, 1, 1, 1, 4 ),
 ( 0.0000000000000000000, 0.06577319762277859805, 0.1290598121103704865, 0.1908812374763873831, 0.2517072210927367437, 0.3115969643873597872, 0.3712956527229747117, 0.4316105269046294213, 0.4925009926588960751, 0.5540339805633730519, 0.6151117734399524917, 0.6763108077196844370, 0.7383814090217063475, 0.8015866720098316911, 0.8659878809164602842, 0.9318948542236250576, 0.9999999999999998890 ),
 .UNSPECIFIED. ) ;
#4903 = VERTEX_POINT ( 'NONE', #756 ) ;
#4904 = CARTESIAN_POINT ( 'NONE',  ( 0.1088703158921102143, 1.189999999999999947, -0.5328032354982487062 ) ) ;
#4905 = CARTESIAN_POINT ( 'NONE',  ( 0.04761096705653979078, 1.190100000000000158, -0.4007060379595790423 ) ) ;
#4906 = EDGE_CURVE ( 'NONE', #6052, #5203, #3276, .T. ) ;
#4907 = CARTESIAN_POINT ( 'NONE',  ( 0.1752011237843565383, 1.190000000000000391, -0.3403583440995314735 ) ) ;
#4908 = CARTESIAN_POINT ( 'NONE',  ( 0.4085281272605009173, 1.190099999999999714, -0.4665222715414060750 ) ) ;
#4909 = ORIENTED_EDGE ( 'NONE', *, *, #4996, .F. ) ;
#4910 = CARTESIAN_POINT ( 'NONE',  ( -0.6685403073394262652, 1.189999999999999725, -0.4867656008825117508 ) ) ;
#4911 = CARTESIAN_POINT ( 'NONE',  ( 0.8563237145276776374, 1.190099999999999714, 0.1046672586519049042 ) ) ;
#4912 = CARTESIAN_POINT ( 'NONE',  ( 0.4510833836729835067, 1.189999999999999947, -0.4962584663682741426 ) ) ;
#4913 = ORIENTED_EDGE ( 'NONE', *, *, #1661, .F. ) ;
#4914 = ORIENTED_EDGE ( 'NONE', *, *, #9782, .F. ) ;
#4915 = CARTESIAN_POINT ( 'NONE',  ( -0.6917678518479776217, 1.190099999999999936, -0.5229759581698075754 ) ) ;
#4916 = PRESENTATION_STYLE_ASSIGNMENT (( #7332 ) ) ;
#4917 = EDGE_LOOP ( 'NONE', ( #4708, #1676, #3177, #5007, #3575, #9144, #8142, #7857, #6400, #1466, #3418, #5343, #3609, #5392 ) ) ;
#4918 = CARTESIAN_POINT ( 'NONE',  ( -2.999999999999999556, -0.9405995433517282400, 0.1672176965958632744 ) ) ;
#4919 = VECTOR ( 'NONE', #7409, 1000.000000000000000 ) ;
#4920 = CARTESIAN_POINT ( 'NONE',  ( 0.1076606385103099084, 1.189999999999999725, -0.4905863806635309410 ) ) ;
#4921 = EDGE_CURVE ( 'NONE', #3597, #7690, #7044, .T. ) ;
#4922 = CARTESIAN_POINT ( 'NONE',  ( -1.039133348846829730, 1.190100000000000380, -0.5960634175884776953 ) ) ;
#4923 = CARTESIAN_POINT ( 'NONE',  ( -0.7560335302617359199, 1.189999999999999947, -0.7166974662674795438 ) ) ;
#4924 = CARTESIAN_POINT ( 'NONE',  ( -0.7507408334772478486, 1.190099999999999714, -0.7165926775423309136 ) ) ;
#4925 = CARTESIAN_POINT ( 'NONE',  ( 0.2354419101663180747, 1.189999999999999947, -0.3213211854131507450 ) ) ;
#4926 = CARTESIAN_POINT ( 'NONE',  ( 0.01873224392195583718, 1.189999999999999947, -0.4837212439622663451 ) ) ;
#4927 = ORIENTED_EDGE ( 'NONE', *, *, #5808, .T. ) ;
#4928 = CARTESIAN_POINT ( 'NONE',  ( -1.046746659073201080, 1.190099999999999936, -0.6422574495321174970 ) ) ;
#4929 = CARTESIAN_POINT ( 'NONE',  ( -1.094927553141952670, 1.189999999999999947, -0.7133910476984124394 ) ) ;
#4930 = VECTOR ( 'NONE', #8325, 1000.000000000000000 ) ;
#4931 = DIRECTION ( 'NONE',  ( -0.0000000000000000000, -1.000000000000000000, -0.0000000000000000000 ) ) ;
#4932 = B_SPLINE_CURVE_WITH_KNOTS ( 'NONE', 3,
 ( #8128, #411, #9662, #2019, #3503, #3552, #7294, #3393, #1034, #2623, #4213, #8022, #4983, #4165, #5032, #8840, #5907, #5691, #1804 ),
 .UNSPECIFIED., .F., .F.,
 ( 4, 1, 1, 1, 1, 1, 1, 1, 1, 1, 1, 1, 1, 1, 1, 1, 4 ),
 ( 0.0000000000000000000, 0.08097329444234732665, 0.1582547365931187000, 0.2317259804212547236, 0.3018337910818377212, 0.3693993829067198087, 0.4353006865817543036, 0.4992757148287769731, 0.5629200591608856108, 0.6245389451759485455, 0.6828735026062410229, 0.7384732847808159750, 0.7919249319293321099, 0.8438878899444038906, 0.8955582339503501688, 0.9471306710109068661, 1.000000000000000000 ),
 .UNSPECIFIED. ) ;
#4933 = DIRECTION ( 'NONE',  ( 0.0000000000000000000, -5.808225924029490901E-18, 1.000000000000000000 ) ) ;
#4934 = ORIENTED_EDGE ( 'NONE', *, *, #9888, .T. ) ;
#4935 = LINE ( 'NONE', #8080, #2973 ) ;
#4936 = CARTESIAN_POINT ( 'NONE',  ( 0.4169298836705572775, 1.190000000000000169, -0.5371335941032322481 ) ) ;
#4937 = ADVANCED_FACE ( 'NONE', ( #4767 ), #3993, .T. ) ;
#4938 = CARTESIAN_POINT ( 'NONE',  ( 0.1458895466613411573, 1.189999999999999947, -0.3372102867802999615 ) ) ;
#4939 = PRESENTATION_STYLE_ASSIGNMENT (( #8847 ) ) ;
#4940 = EDGE_CURVE ( 'NONE', #9677, #9331, #132, .T. ) ;
#4941 = VECTOR ( 'NONE', #46, 1000.000000000000000 ) ;
#4942 = CARTESIAN_POINT ( 'NONE',  ( 0.04616229042964499485, 1.189999999999999947, -0.4085227875872123882 ) ) ;
#4943 = VERTEX_POINT ( 'NONE', #2555 ) ;
#4944 = CARTESIAN_POINT ( 'NONE',  ( -1.292571991800197440, 1.190099999999999936, -0.4141333637033769444 ) ) ;
#4945 = CARTESIAN_POINT ( 'NONE',  ( -0.9968223080147396997, 1.190100000000000158, -0.3531181865438252632 ) ) ;
#4946 = VECTOR ( 'NONE', #5462, 1000.000000000000227 ) ;
#4947 = CARTESIAN_POINT ( 'NONE',  ( -0.9247628703680533802, 1.190099999999999936, -0.08749748803631683669 ) ) ;
#4948 = DIRECTION ( 'NONE',  ( -0.0000000000000000000, -1.000000000000000000, -0.0000000000000000000 ) ) ;
#4949 = ORIENTED_EDGE ( 'NONE', *, *, #9087, .T. ) ;
#4950 = CARTESIAN_POINT ( 'NONE',  ( -0.4686270160032809939, 1.189999999999999725, -0.3066700294666495630 ) ) ;
#4951 = CARTESIAN_POINT ( 'NONE',  ( 2.499999999999999556, 0.05000000000000000278, 1.599999999999999201 ) ) ;
#4952 = CARTESIAN_POINT ( 'NONE',  ( -0.9906375856254009404, 1.189999999999999725, -0.6260092473840537242 ) ) ;
#4953 = CARTESIAN_POINT ( 'NONE',  ( -1.263542032087130895, 1.190099999999999492, -0.6479962111754083987 ) ) ;
#4954 = FACE_OUTER_BOUND ( 'NONE', #9908, .T. ) ;
#4955 = CARTESIAN_POINT ( 'NONE',  ( 0.4511691124769376393, 1.190000000000001279, -0.6654973809371567128 ) ) ;
#4956 = LINE ( 'NONE', #8102, #975 ) ;
#4957 = ORIENTED_EDGE ( 'NONE', *, *, #9966, .T. ) ;
#4958 = AXIS2_PLACEMENT_3D ( 'NONE', #7884, #3204, #7833 ) ;
#4959 = CARTESIAN_POINT ( 'NONE',  ( 0.8933192798328273287, 1.189999999999999503, 0.1782382906841596670 ) ) ;
#4960 = CARTESIAN_POINT ( 'NONE',  ( 2.499999999999999556, -0.1000000000000004358, 1.750000000000000000 ) ) ;
#4961 = CARTESIAN_POINT ( 'NONE',  ( 0.1458895466613411573, 1.189999999999999947, -0.3372102867802999615 ) ) ;
#4962 = CARTESIAN_POINT ( 'NONE',  ( -2.999999999999999556, -1.378338643883207038, -1.723744999792374610 ) ) ;
#4963 = VERTEX_POINT ( 'NONE', #8821 ) ;
#4964 = CARTESIAN_POINT ( 'NONE',  ( -0.6354577306752422494, 1.189999999999999725, -0.5245463029256888232 ) ) ;
#4965 = CARTESIAN_POINT ( 'NONE',  ( 0.8894311982184383014, 1.190100000000000380, 0.1202249952563445440 ) ) ;
#4966 = CARTESIAN_POINT ( 'NONE',  ( 0.3940496050879989109, 1.189999999999999947, -0.4437553777920779097 ) ) ;
#4967 = ORIENTED_EDGE ( 'NONE', *, *, #1861, .F. ) ;
#4968 = AXIS2_PLACEMENT_3D ( 'NONE', #6795, #2073, #9877 ) ;
#4969 = EDGE_LOOP ( 'NONE', ( #2504, #9526, #3779, #6414 ) ) ;
#4970 = CARTESIAN_POINT ( 'NONE',  ( -0.9901542086667863840, 1.190099999999999714, -0.6085334586711274030 ) ) ;
#4971 = EDGE_CURVE ( 'NONE', #700, #10093, #8876, .T. ) ;
#4972 = UNCERTAINTY_MEASURE_WITH_UNIT (LENGTH_MEASURE( 1.000000000000000082E-05 ), #6609, 'distance_accuracy_value', 'NONE');
#4973 = DIRECTION ( 'NONE',  ( -1.000000000000000000, -0.0000000000000000000, -0.0000000000000000000 ) ) ;
#4974 = CARTESIAN_POINT ( 'NONE',  ( 0.04617146759748009394, 1.189999999999999725, -0.4246285276130514208 ) ) ;
#4975 = CARTESIAN_POINT ( 'NONE',  ( -3.839783448439272995, 1.189999999999999947, 0.7499999999999988898 ) ) ;
#4976 = CARTESIAN_POINT ( 'NONE',  ( -0.9058727844981601107, 1.189999999999999725, -0.6242095173807946651 ) ) ;
#4977 = CARTESIAN_POINT ( 'NONE',  ( -2.499999999999999556, -1.239228125389295609, -0.9412483332641250477 ) ) ;
#4978 = PLANE ( 'NONE',  #9052 ) ;
#4979 = CARTESIAN_POINT ( 'NONE',  ( 0.05422287999467438613, 1.189999999999999947, -0.5341654149854282441 ) ) ;
#4980 = ORIENTED_EDGE ( 'NONE', *, *, #3354, .T. ) ;
#4981 = CARTESIAN_POINT ( 'NONE',  ( -1.063287927426327606, 1.190099999999999936, -0.6571412614534216656 ) ) ;
#4982 = CARTESIAN_POINT ( 'NONE',  ( -0.9906375856254009404, 1.189999999999999281, -0.6260092473840537242 ) ) ;
#4983 = CARTESIAN_POINT ( 'NONE',  ( 0.6080545318474220862, 1.190099999999999936, -0.3828595281438296194 ) ) ;
#4984 = EDGE_CURVE ( 'NONE', #2306, #4248, #1841, .T. ) ;
#4985 = CARTESIAN_POINT ( 'NONE',  ( 0.6586147708277979573, 1.189999999999999947, -0.4619487125860637922 ) ) ;
#4986 = ORIENTED_EDGE ( 'NONE', *, *, #2851, .T. ) ;
#4987 = DIRECTION ( 'NONE',  ( -0.0000000000000000000, -1.000000000000000000, -0.0000000000000000000 ) ) ;
#4988 = CARTESIAN_POINT ( 'NONE',  ( 0.5108782782281270363, 1.190000000000000169, -0.2963294533136006104 ) ) ;
#4989 = CARTESIAN_POINT ( 'NONE',  ( 0.6291741422623398083, 1.190099999999999936, -0.5649257662534682423 ) ) ;
#4990 = CARTESIAN_POINT ( 'NONE',  ( -0.5284694276976332761, 1.190099999999999936, -0.3346461842161974620 ) ) ;
#4991 = CARTESIAN_POINT ( 'NONE',  ( 0.1458895466613411573, 1.189999999999999947, -0.3372102867802999615 ) ) ;
#4992 = EDGE_LOOP ( 'NONE', ( #5974, #8928, #3015, #1891 ) ) ;
#4993 = DIRECTION ( 'NONE',  ( -1.000000000000000000, 0.0000000000000000000, 0.0000000000000000000 ) ) ;
#4994 = CARTESIAN_POINT ( 'NONE',  ( -0.9779006320476102410, 1.190000000000000835, -0.3840134454658780672 ) ) ;
#4995 = ADVANCED_FACE ( 'NONE', ( #7327 ), #4629, .T. ) ;
#4996 = EDGE_CURVE ( 'NONE', #6153, #4530, #9752, .T. ) ;
#4997 = CARTESIAN_POINT ( 'NONE',  ( 0.4619717071252856244, 1.189999999999999947, -0.5553982017206029465 ) ) ;
#4998 = CARTESIAN_POINT ( 'NONE',  ( 0.8076768448021323099, 1.190000000000000169, 0.3714466000876310292 ) ) ;
#4999 = ORIENTED_EDGE ( 'NONE', *, *, #1222, .T. ) ;
#5000 = DIRECTION ( 'NONE',  ( 0.7410273805412743720, 0.0000000000000000000, -0.6714748106132777394 ) ) ;
#5001 = CARTESIAN_POINT ( 'NONE',  ( -4.000000000000000888, -0.05000000000000000278, -1.599999999999997868 ) ) ;
#5002 = CARTESIAN_POINT ( 'NONE',  ( 2.999999999999999556, -0.2001723312589749892, -1.125969363331736917 ) ) ;
#5003 = CARTESIAN_POINT ( 'NONE',  ( -0.7457771200053256999, 1.189999999999999947, -0.4719859278059410634 ) ) ;
#5004 = CARTESIAN_POINT ( 'NONE',  ( -1.277187376415582110, 1.190099999999999936, -0.6141333637033769000 ) ) ;
#5005 = SURFACE_STYLE_USAGE ( .BOTH. , #3574 ) ;
#5006 = CARTESIAN_POINT ( 'NONE',  ( 0.4100596617502464958, 1.190099999999999936, -0.6155829880724823511 ) ) ;
#5007 = ORIENTED_EDGE ( 'NONE', *, *, #2581, .T. ) ;
#5008 = CARTESIAN_POINT ( 'NONE',  ( 0.5174170764257993715, 1.190100000000000158, -0.3374263325560044047 ) ) ;
#5009 = ORIENTED_EDGE ( 'NONE', *, *, #4148, .T. ) ;
#5010 = CARTESIAN_POINT ( 'NONE',  ( 2.999999999999999556, 0.0000000000000000000, 1.800000000000000266 ) ) ;
#5011 = DIRECTION ( 'NONE',  ( -0.0000000000000000000, 0.1750333347174941601, 0.9845625077859067042 ) ) ;
#5012 = VERTEX_POINT ( 'NONE', #2866 ) ;
#5013 = CARTESIAN_POINT ( 'NONE',  ( 1.256659468776134991, 1.190099999999999936, -0.03877953931836808366 ) ) ;
#5014 = CARTESIAN_POINT ( 'NONE',  ( 0.7290613472352520663, 1.190100000000000380, 0.2892824623837805254 ) ) ;
#5015 = EDGE_CURVE ( 'NONE', #6202, #8479, #9850, .T. ) ;
#5016 = ORIENTED_EDGE ( 'NONE', *, *, #5369, .T. ) ;
#5017 = ORIENTED_EDGE ( 'NONE', *, *, #7834, .F. ) ;
#5018 = VERTEX_POINT ( 'NONE', #7487 ) ;
#5019 = CARTESIAN_POINT ( 'NONE',  ( 1.256659468776134991, 1.190099999999999936, -0.03877953931836808366 ) ) ;
#5020 = SURFACE_STYLE_FILL_AREA ( #399 ) ;
#5021 = CARTESIAN_POINT ( 'NONE',  ( -1.155433634934331266, 1.190100000000000158, -0.3384629325280495427 ) ) ;
#5022 = CARTESIAN_POINT ( 'NONE',  ( -0.6053925046207102589, 1.190099999999999936, -0.3064410560110692461 ) ) ;
#5023 = CARTESIAN_POINT ( 'NONE',  ( 1.358710059481854193, 1.190099999999999936, -0.4602872098572230453 ) ) ;
#5024 = CARTESIAN_POINT ( 'NONE',  ( -1.015648914877120612, 1.190099999999999936, -0.4218256713956846093 ) ) ;
#5025 = CARTESIAN_POINT ( 'NONE',  ( -0.9711389188173059628, 1.189999999999999947, -0.4444689227889180305 ) ) ;
#5026 = CARTESIAN_POINT ( 'NONE',  ( -0.8665149202720981991, 1.189999999999999947, -0.5869267913116329449 ) ) ;
#5027 = CARTESIAN_POINT ( 'NONE',  ( 0.2767996851198925579, 1.190000000000001057, -0.4752814181790932513 ) ) ;
#5028 = ADVANCED_FACE ( 'NONE', ( #8315 ), #4874, .T. ) ;
#5029 = VERTEX_POINT ( 'NONE', #9800 ) ;
#5030 = CARTESIAN_POINT ( 'NONE',  ( 0.4437757152259197979, 1.190000000000000169, -0.6616710325033803297 ) ) ;
#5031 = CARTESIAN_POINT ( 'NONE',  ( -0.9902173295608543979, 1.189999999999999503, -0.6171742335208265651 ) ) ;
#5032 = CARTESIAN_POINT ( 'NONE',  ( 0.6159950385250346772, 1.190099999999999936, -0.3977912471824721075 ) ) ;
#5033 = CARTESIAN_POINT ( 'NONE',  ( -1.012899163381989931, 1.189999999999999725, -0.5559099014659668603 ) ) ;
#5034 = ORIENTED_EDGE ( 'NONE', *, *, #1249, .T. ) ;
#5035 = CARTESIAN_POINT ( 'NONE',  ( 0.6664023671741616806, 1.190099999999999936, -0.4229474662674794772 ) ) ;
#5036 = CARTESIAN_POINT ( 'NONE',  ( 0.4445880253220555467, 1.190099999999999936, -0.3473060344071209893 ) ) ;
#5037 = CARTESIAN_POINT ( 'NONE',  ( 0.06232464442246201525, 1.190099999999999936, -0.3724966549527698456 ) ) ;
#5038 = DIRECTION ( 'NONE',  ( 0.0000000000000000000, -0.0000000000000000000, 1.000000000000000000 ) ) ;
#5039 = CARTESIAN_POINT ( 'NONE',  ( 0.1492838177713073367, 1.189999999999999947, -0.3372996543800642621 ) ) ;
#5040 = EDGE_CURVE ( 'NONE', #7738, #7419, #5436, .T. ) ;
#5041 = ORIENTED_EDGE ( 'NONE', *, *, #549, .F. ) ;
#5042 = CARTESIAN_POINT ( 'NONE',  ( 0.3433254440972385857, 1.189999999999999947, -0.4196622098572230786 ) ) ;
#5043 = CARTESIAN_POINT ( 'NONE',  ( -1.059725280561882643, 1.190099999999999936, -0.3089839202386722716 ) ) ;
#5044 = CARTESIAN_POINT ( 'NONE',  ( 0.2619432791082761391, 1.190099999999999714, -0.4944300551381352049 ) ) ;
#5045 = VERTEX_POINT ( 'NONE', #9384 ) ;
#5046 = CARTESIAN_POINT ( 'NONE',  ( -3.339783448439273439, 1.189999999999999947, 0.2499999999999999445 ) ) ;
#5047 = CARTESIAN_POINT ( 'NONE',  ( -0.6566745559027615808, 1.190099999999999936, -0.5945820816520949181 ) ) ;
#5048 = EDGE_CURVE ( 'NONE', #7491, #2465, #3684, .T. ) ;
#5049 = CARTESIAN_POINT ( 'NONE',  ( -0.4900078892360948957, 1.189999999999999725, -0.3013128508828640806 ) ) ;
#5050 = ADVANCED_FACE ( 'NONE', ( #9182 ), #1379, .F. ) ;
#5051 = CARTESIAN_POINT ( 'NONE',  ( 2.999999999999999556, -0.09999999999999933942, -1.750000000000000000 ) ) ;
#5052 = FACE_OUTER_BOUND ( 'NONE', #8929, .T. ) ;
#5053 = VECTOR ( 'NONE', #4601, 1000.000000000000000 ) ;
#5054 =( NAMED_UNIT ( * ) SI_UNIT ( $, .STERADIAN. ) SOLID_ANGLE_UNIT ( ) );
#5055 = EDGE_LOOP ( 'NONE', ( #122, #4548, #4715, #6711 ) ) ;
#5056 = AXIS2_PLACEMENT_3D ( 'NONE', #1323, #5070, #9025 ) ;
#5057 = CARTESIAN_POINT ( 'NONE',  ( 0.4166486626808749705, 1.190099999999999936, -0.6372615789926816543 ) ) ;
#5058 = B_SPLINE_CURVE_WITH_KNOTS ( 'NONE', 3,
 ( #6373, #9505, #1700, #4829, #5802, #359, #8228, #3344, #5030, #203, #9767, #8073, #3391, #7401, #1959, #4266, #9659, #1132, #2620 ),
 .UNSPECIFIED., .F., .F.,
 ( 4, 1, 1, 1, 1, 1, 1, 1, 1, 1, 1, 1, 1, 1, 1, 1, 4 ),
 ( 0.0000000000000000000, 0.08021252528772913892, 0.1574439296988409120, 0.2314661390872742308, 0.3025659103114301529, 0.3719349591583364090, 0.4395837348328886507, 0.5058440024962573833, 0.5715181053224533958, 0.6347575051435561111, 0.6933474516796152010, 0.7483149322110455026, 0.8008056489359993702, 0.8515875629900667709, 0.9006849906831001507, 0.9498703129080712237, 1.000000000000000000 ),
 .UNSPECIFIED. ) ;
#5059 = LINE ( 'NONE', #6557, #7366 ) ;
#5060 = ORIENTED_EDGE ( 'NONE', *, *, #7639, .F. ) ;
#5061 = CARTESIAN_POINT ( 'NONE',  ( 0.5997357005074950287, 1.189999999999999947, -0.6142936201136333096 ) ) ;
#5062 = VECTOR ( 'NONE', #8061, 1000.000000000000000 ) ;
#5063 = CARTESIAN_POINT ( 'NONE',  ( -0.4578192021482549445, 1.190100000000000158, -0.3160063356526777167 ) ) ;
#5064 = EDGE_CURVE ( 'NONE', #6724, #6558, #9549, .T. ) ;
#5065 = CARTESIAN_POINT ( 'NONE',  ( 2.987479944133196508, 1.189999999999999947, 0.0000000000000000000 ) ) ;
#5066 = ADVANCED_FACE ( 'NONE', ( #3874 ), #693, .T. ) ;
#5067 = ORIENTED_EDGE ( 'NONE', *, *, #8749, .T. ) ;
#5068 = CARTESIAN_POINT ( 'NONE',  ( -1.212161518952417527, 1.190100000000000158, -0.3603227711872347139 ) ) ;
#5069 = CARTESIAN_POINT ( 'NONE',  ( 0.9437385781446923083, 1.190099999999999936, 0.2258513412941595133 ) ) ;
#5070 = DIRECTION ( 'NONE',  ( -0.9902680687415702510, 0.1391731009600657432, 5.368253957363179659E-16 ) ) ;
#5071 = CIRCLE ( 'NONE', #7201, 0.1500000000000006051 ) ;
#5072 = ORIENTED_EDGE ( 'NONE', *, *, #5851, .F. ) ;
#5073 = ORIENTED_EDGE ( 'NONE', *, *, #9899, .F. ) ;
#5074 = LINE ( 'NONE', #7331, #9336 ) ;
#5075 = UNCERTAINTY_MEASURE_WITH_UNIT (LENGTH_MEASURE( 1.000000000000000082E-05 ), #6171, 'distance_accuracy_value', 'NONE');
#5076 = DIRECTION ( 'NONE',  ( -0.1378445374916290045, -0.9808148484639890308, -0.1378445374916288657 ) ) ;
#5077 = B_SPLINE_SURFACE_WITH_KNOTS ( 'NONE', 3, 1, ( 
 ( #8488, #4677 ),
 ( #8634, #3754 ),
 ( #9361, #10026 ),
 ( #7036, #10169 ),
 ( #2991, #1593 ),
 ( #6129, #7775 ),
 ( #10118, #1443 ),
 ( #767, #3850 ),
 ( #7867, #9314 ),
 ( #2268, #820 ),
 ( #6279, #6986 ),
 ( #3952, #3082 ),
 ( #7088, #6225 ),
 ( #2319, #51 ),
 ( #8683, #3190 ) ),
 .UNSPECIFIED., .F., .F., .F.,
 ( 4, 1, 1, 1, 1, 1, 1, 1, 1, 1, 1, 1, 4 ),
 ( 2, 2 ),
 ( 0.0000000000000000000, 0.06878762939796111142, 0.1370404437674426490, 0.2082603896862437742, 0.2826214412394246756, 0.3598692223356388387, 0.4386735874168976035, 0.5208423054879494085, 0.6073544396842559534, 0.6986036255491615554, 0.7939407475642052958, 0.8940156838113778592, 1.000000000000000000 ),
 ( 0.0000000000000000000, 1.000000000000000000 ),
 .UNSPECIFIED. ) ;
#5078 = CARTESIAN_POINT ( 'NONE',  ( 2.999999999999999556, -0.1000000000000000888, -1.800000000000000266 ) ) ;
#5079 = CARTESIAN_POINT ( 'NONE',  ( -1.137082112356754271, 1.190000000000000391, -0.6755160844081863347 ) ) ;
#5080 = CARTESIAN_POINT ( 'NONE',  ( -1.221461293225624356, 1.190099999999999936, -0.3687038168730726317 ) ) ;
#5081 = VECTOR ( 'NONE', #3844, 1000.000000000000000 ) ;
#5082 = CARTESIAN_POINT ( 'NONE',  ( -0.6412792927737767101, 1.190099999999999714, -0.6721087099901169593 ) ) ;
#5083 = CARTESIAN_POINT ( 'NONE',  ( 0.5133933660033747071, 1.190099999999999936, -0.7165315425676760386 ) ) ;
#5084 = CARTESIAN_POINT ( 'NONE',  ( 0.4002635476546136939, 1.190099999999999492, -0.5127667711215705415 ) ) ;
#5085 = EDGE_LOOP ( 'NONE', ( #2665, #5693 ) ) ;
#5086 = VECTOR ( 'NONE', #9880, 1000.000000000000000 ) ;
#5087 = CARTESIAN_POINT ( 'NONE',  ( -1.051387006271115032, 1.190100000000000158, -0.6475163777394847830 ) ) ;
#5088 = CARTESIAN_POINT ( 'NONE',  ( -1.125894974777533974, 1.189999999999999725, -0.7165401902008301516 ) ) ;
#5089 = DIRECTION ( 'NONE',  ( -0.0000000000000000000, -1.000000000000000000, -0.0000000000000000000 ) ) ;
#5090 = AXIS2_PLACEMENT_3D ( 'NONE', #8979, #5224, #7604 ) ;
#5091 = CARTESIAN_POINT ( 'NONE',  ( 0.8043357508274169287, 1.190099999999999936, 0.3714768709380422140 ) ) ;
#5092 = ORIENTED_EDGE ( 'NONE', *, *, #3232, .T. ) ;
#5093 = CARTESIAN_POINT ( 'NONE',  ( 0.01057333689572626662, 1.190100000000000158, -0.4673718126739204171 ) ) ;
#5094 = CARTESIAN_POINT ( 'NONE',  ( 0.5997357005074950287, 1.190099999999999936, -0.6142936201136333096 ) ) ;
#5095 = CARTESIAN_POINT ( 'NONE',  ( 0.6196015379796745437, 1.189999999999999947, -0.5547541457996657543 ) ) ;
#5096 = CARTESIAN_POINT ( 'NONE',  ( -0.9904419263425902065, 1.190100000000000158, -0.6002005357041496625 ) ) ;
#5097 = CARTESIAN_POINT ( 'NONE',  ( -0.5222183645309954603, 1.190099999999999714, -0.3534152615014673482 ) ) ;
#5098 = ORIENTED_EDGE ( 'NONE', *, *, #2180, .T. ) ;
#5099 = AXIS2_PLACEMENT_3D ( 'NONE', #1477, #705, #3838 ) ;
#5100 = VECTOR ( 'NONE', #6682, 1000.000000000000000 ) ;
#5101 = LINE ( 'NONE', #8905, #1519 ) ;
#5102 = CARTESIAN_POINT ( 'NONE',  ( -0.9696556060882842720, 1.190000000000000835, -0.4168538619364728359 ) ) ;
#5103 = EDGE_CURVE ( 'NONE', #5665, #313, #596, .T. ) ;
#5104 = VECTOR ( 'NONE', #2428, 1000.000000000000114 ) ;
#5105 = DIRECTION ( 'NONE',  ( -0.0000000000000000000, -1.000000000000000000, -0.0000000000000000000 ) ) ;
#5106 = ORIENTED_EDGE ( 'NONE', *, *, #6378, .T. ) ;
#5107 = VECTOR ( 'NONE', #5192, 1000.000000000000000 ) ;
#5108 = CARTESIAN_POINT ( 'NONE',  ( -0.6572690893477788343, 1.189999999999999947, -0.5815653212924114523 ) ) ;
#5109 = FACE_OUTER_BOUND ( 'NONE', #6743, .T. ) ;
#5110 = DIRECTION ( 'NONE',  ( -0.0000000000000000000, -1.000000000000000000, -0.0000000000000000000 ) ) ;
#5111 = CARTESIAN_POINT ( 'NONE',  ( -1.000186705507398965, 1.189999999999999947, -0.6517306100063039453 ) ) ;
#5112 = CARTESIAN_POINT ( 'NONE',  ( -0.7560335302617359199, 1.190099999999999936, -0.7166974662674795438 ) ) ;
#5113 = VECTOR ( 'NONE', #3440, 1000.000000000000000 ) ;
#5114 = SURFACE_STYLE_FILL_AREA ( #3625 ) ;
#5115 = EDGE_LOOP ( 'NONE', ( #9802, #510, #4390, #2054, #3313, #2822, #9754, #457, #8536 ) ) ;
#5116 = ADVANCED_FACE ( 'NONE', ( #6916 ), #1678, .T. ) ;
#5117 = PLANE ( 'NONE',  #2439 ) ;
#5118 = ORIENTED_EDGE ( 'NONE', *, *, #114, .F. ) ;
#5119 = VECTOR ( 'NONE', #9119, 1000.000000000000000 ) ;
#5120 = CARTESIAN_POINT ( 'NONE',  ( 0.2419878711395794801, 1.190099999999999714, -0.3931667873621065845 ) ) ;
#5121 = SURFACE_SIDE_STYLE ('',( #2047 ) ) ;
#5122 = ORIENTED_EDGE ( 'NONE', *, *, #6196, .F. ) ;
#5123 = CARTESIAN_POINT ( 'NONE',  ( 0.3856785844812659070, 1.189999999999999503, -0.5608600324909408519 ) ) ;
#5124 = SURFACE_SIDE_STYLE ('',( #1894 ) ) ;
#5125 = ORIENTED_EDGE ( 'NONE', *, *, #10132, .T. ) ;
#5126 = AXIS2_PLACEMENT_3D ( 'NONE', #3192, #9457, #8685 ) ;
#5127 = ORIENTED_EDGE ( 'NONE', *, *, #771, .T. ) ;
#5128 = CARTESIAN_POINT ( 'NONE',  ( -3.999999999999999112, -0.05000000000000000278, 1.600000000000000089 ) ) ;
#5129 = EDGE_CURVE ( 'NONE', #2176, #8692, #2266, .T. ) ;
#5130 = EDGE_CURVE ( 'NONE', #9418, #8401, #172, .T. ) ;
#5131 = CARTESIAN_POINT ( 'NONE',  ( 0.2909289383739553370, 1.190099999999999936, -0.4019678075524202310 ) ) ;
#5132 = CARTESIAN_POINT ( 'NONE',  ( -0.5114512412051696044, 1.189999999999999725, -0.3627188289929719756 ) ) ;
#5133 = CARTESIAN_POINT ( 'NONE',  ( 1.015393443135109264, 1.190099999999999936, 0.3544095632457344713 ) ) ;
#5134 = CARTESIAN_POINT ( 'NONE',  ( -1.210200196928402638, 1.190099999999999936, -0.3588449021649153803 ) ) ;
#5135 = ORIENTED_EDGE ( 'NONE', *, *, #1341, .T. ) ;
#5136 = VECTOR ( 'NONE', #3803, 1000.000000000000000 ) ;
#5137 = CARTESIAN_POINT ( 'NONE',  ( -0.6109079793970793038, 1.190100000000000158, -0.6085321008299042767 ) ) ;
#5138 = CARTESIAN_POINT ( 'NONE',  ( 0.8224242588091774664, 1.189999999999999725, 0.09977867750827210114 ) ) ;
#5139 = CARTESIAN_POINT ( 'NONE',  ( 0.2209026852354938064, 1.190100000000000158, -0.5239712254652189038 ) ) ;
#5140 = ORIENTED_EDGE ( 'NONE', *, *, #3598, .F. ) ;
#5141 =( NAMED_UNIT ( * ) PLANE_ANGLE_UNIT ( ) SI_UNIT ( $, .RADIAN. ) );
#5142 = CARTESIAN_POINT ( 'NONE',  ( 1.276658777430572211, 1.189999999999999947, -0.3064410560110692461 ) ) ;
#5143 = CARTESIAN_POINT ( 'NONE',  ( -2.999999999999999556, -3.452096659781554788E-16, -1.800000000000000266 ) ) ;
#5144 = ORIENTED_EDGE ( 'NONE', *, *, #1800, .T. ) ;
#5145 = DIRECTION ( 'NONE',  ( 1.000000000000000000, -0.0000000000000000000, -0.0000000000000000000 ) ) ;
#5146 = CARTESIAN_POINT ( 'NONE',  ( 0.5968936172651407857, 1.190000000000000169, -0.5978312876788528518 ) ) ;
#5147 = CARTESIAN_POINT ( 'NONE',  ( 0.6456957331755671659, 1.189999999999999725, -0.6085854022234978844 ) ) ;
#5148 = CARTESIAN_POINT ( 'NONE',  ( 0.2920433928151873748, 1.190099999999999936, -0.4187006713956846204 ) ) ;
#5149 = CARTESIAN_POINT ( 'NONE',  ( -2.999999999999999556, -0.1000000000000000888, -1.899999999999999911 ) ) ;
#5150 = ORIENTED_EDGE ( 'NONE', *, *, #603, .T. ) ;
#5151 = CARTESIAN_POINT ( 'NONE',  ( 0.3587119653171466638, 1.189999999999999947, -0.4740108752004581483 ) ) ;
#5152 = CARTESIAN_POINT ( 'NONE',  ( -1.154110453338659026, 1.190099999999999936, -0.5064410560110692572 ) ) ;
#5153 = CARTESIAN_POINT ( 'NONE',  ( 0.5996519820082755192, 1.190000000000000169, -0.6161947936326531705 ) ) ;
#5154 = ORIENTED_EDGE ( 'NONE', *, *, #270, .T. ) ;
#5155 = DIRECTION ( 'NONE',  ( 0.0000000000000000000, 1.000000000000000000, 0.0000000000000000000 ) ) ;
#5156 = CYLINDRICAL_SURFACE ( 'NONE', #1851, 0.1500000000000006051 ) ;
#5157 = ORIENTED_EDGE ( 'NONE', *, *, #1823, .T. ) ;
#5158 = DIRECTION ( 'NONE',  ( 0.0000000000000000000, -1.000000000000000000, 0.0000000000000000000 ) ) ;
#5159 = CARTESIAN_POINT ( 'NONE',  ( 2.499999999999999556, -3.452096659781554788E-16, -1.800000000000000266 ) ) ;
#5160 = DIRECTION ( 'NONE',  ( 0.0000000000000000000, 1.000000000000000000, 0.0000000000000000000 ) ) ;
#5161 = DIRECTION ( 'NONE',  ( -1.000000000000000000, 0.0000000000000000000, -0.0000000000000000000 ) ) ;
#5162 = ADVANCED_FACE ( 'NONE', ( #8039 ), #7163, .T. ) ;
#5163 =( NAMED_UNIT ( * ) PLANE_ANGLE_UNIT ( ) SI_UNIT ( $, .RADIAN. ) );
#5164 = EDGE_LOOP ( 'NONE', ( #6458, #2882, #2163, #6655 ) ) ;
#5165 = DIRECTION ( 'NONE',  ( -0.0000000000000000000, 1.000000000000000000, -0.0000000000000000000 ) ) ;
#5166 = SURFACE_STYLE_FILL_AREA ( #1372 ) ;
#5167 = FACE_OUTER_BOUND ( 'NONE', #706, .T. ) ;
#5168 = DIRECTION ( 'NONE',  ( 0.7766884566466940587, 0.0000000000000000000, 0.6298849429155902735 ) ) ;
#5169 = ORIENTED_EDGE ( 'NONE', *, *, #7517, .F. ) ;
#5170 = LINE ( 'NONE', #9127, #997 ) ;
#5171 = DIRECTION ( 'NONE',  ( -0.9233409004500093831, 0.0000000000000000000, -0.3839812255256315754 ) ) ;
#5172 = CARTESIAN_POINT ( 'NONE',  ( 0.4504985058630876504, 1.190100000000000380, -0.3013503479030154586 ) ) ;
#5173 = EDGE_CURVE ( 'NONE', #692, #1058, #9011, .T. ) ;
#5174 = EDGE_LOOP ( 'NONE', ( #3708, #840, #3361, #7025 ) ) ;
#5175 = CARTESIAN_POINT ( 'NONE',  ( -0.6105207097489153689, 1.190099999999999936, -0.5966654149854283551 ) ) ;
#5176 = UNCERTAINTY_MEASURE_WITH_UNIT (LENGTH_MEASURE( 1.000000000000000082E-05 ), #595, 'distance_accuracy_value', 'NONE');
#5177 = LINE ( 'NONE', #1425, #6231 ) ;
#5178 = CARTESIAN_POINT ( 'NONE',  ( 0.2846708294767984482, 1.190099999999999492, -0.3783425203658107860 ) ) ;
#5179 = CARTESIAN_POINT ( 'NONE',  ( -0.5280599797600616929, 1.190000000000000169, -0.3413401859478352174 ) ) ;
#5180 = CARTESIAN_POINT ( 'NONE',  ( 0.8114671610838271043, 1.189999999999999947, 0.1407076401688113765 ) ) ;
#5181 = CARTESIAN_POINT ( 'NONE',  ( -1.216131502559945510, 1.190000000000000169, -0.3633141799007673645 ) ) ;
#5182 = VERTEX_POINT ( 'NONE', #271 ) ;
#5183 = CARTESIAN_POINT ( 'NONE',  ( 0.3662964644680238857, 1.189999999999999725, -0.3542741677090671115 ) ) ;
#5184 = CARTESIAN_POINT ( 'NONE',  ( 0.9301801576558870188, 1.190000000000000169, 0.1667947658894291252 ) ) ;
#5185 = CARTESIAN_POINT ( 'NONE',  ( 0.2916737040706294248, 1.190099999999999936, -0.4308640724131485022 ) ) ;
#5186 = EDGE_CURVE ( 'NONE', #4199, #8976, #4225, .T. ) ;
#5187 = EDGE_CURVE ( 'NONE', #2779, #6103, #5769, .T. ) ;
#5188 = CARTESIAN_POINT ( 'NONE',  ( 0.6643398363590962141, 1.189999999999999725, -0.4001836664070306804 ) ) ;
#5189 =( LENGTH_UNIT ( ) NAMED_UNIT ( * ) SI_UNIT ( .MILLI., .METRE. ) );
#5190 = CARTESIAN_POINT ( 'NONE',  ( 0.1561143141326285511, 1.189999999999999947, -0.4959177154414681210 ) ) ;
#5191 = DIRECTION ( 'NONE',  ( 0.0000000000000000000, 1.000000000000000000, 0.0000000000000000000 ) ) ;
#5192 = DIRECTION ( 'NONE',  ( 0.0000000000000000000, -1.000000000000000000, 0.0000000000000000000 ) ) ;
#5193 = PLANE ( 'NONE',  #499 ) ;
#5194 = CARTESIAN_POINT ( 'NONE',  ( -1.106617631481241482, 1.189999999999999947, -0.5022270468172704838 ) ) ;
#5195 = CARTESIAN_POINT ( 'NONE',  ( 0.3894792902510847421, 1.189999999999999947, -0.4184602867802999504 ) ) ;
#5196 = CARTESIAN_POINT ( 'NONE',  ( -0.4975807730839724718, 1.190100000000000158, -0.3676034723662700010 ) ) ;
#5197 = VERTEX_POINT ( 'NONE', #9068 ) ;
#5198 = ADVANCED_FACE ( 'NONE', ( #6763 ), #8914, .T. ) ;
#5199 = CARTESIAN_POINT ( 'NONE',  ( -1.033770458267643466, 1.189999999999999947, -0.5244224225188141020 ) ) ;
#5200 = PRESENTATION_STYLE_ASSIGNMENT (( #3710 ) ) ;
#5201 = ORIENTED_EDGE ( 'NONE', *, *, #6040, .F. ) ;
#5202 = CARTESIAN_POINT ( 'NONE',  ( 0.6643398363590962141, 1.190099999999999714, -0.4001836664070306804 ) ) ;
#5203 = VERTEX_POINT ( 'NONE', #3621 ) ;
#5204 = CARTESIAN_POINT ( 'NONE',  ( 0.3433254440972385857, 1.189999999999999947, -0.4196622098572230786 ) ) ;
#5205 = DIRECTION ( 'NONE',  ( -1.000000000000000000, -0.0000000000000000000, -0.0000000000000000000 ) ) ;
#5206 = DIRECTION ( 'NONE',  ( 0.0000000000000000000, -5.808225924029490901E-18, 1.000000000000000000 ) ) ;
#5207 = CARTESIAN_POINT ( 'NONE',  ( -1.024349797622125857, 1.190100000000000158, -0.3274411746493743336 ) ) ;
#5208 = CARTESIAN_POINT ( 'NONE',  ( 2.499999999999999556, 0.05000000000000066891, 2.904112962014783776E-19 ) ) ;
#5209 = LINE ( 'NONE', #4678, #1563 ) ;
#5210 = ORIENTED_EDGE ( 'NONE', *, *, #6583, .F. ) ;
#5211 = CARTESIAN_POINT ( 'NONE',  ( 0.5962842211695437156, 1.190100000000000380, -0.3689355127853699567 ) ) ;
#5212 = ADVANCED_FACE ( 'NONE', ( #2698 ), #1929, .T. ) ;
#5213 = VERTEX_POINT ( 'NONE', #2858 ) ;
#5214 = CARTESIAN_POINT ( 'NONE',  ( 0.2441678096615973736, 1.189999999999999725, -0.4007062828145834810 ) ) ;
#5215 = VERTEX_POINT ( 'NONE', #5984 ) ;
#5216 = LINE ( 'NONE', #7597, #9375 ) ;
#5217 = CARTESIAN_POINT ( 'NONE',  ( 0.3645208682131170774, 1.190099999999999936, -0.6015057719980553275 ) ) ;
#5218 = CARTESIAN_POINT ( 'NONE',  ( 1.548453649225443707, 1.190099999999999936, -0.3064410560110692461 ) ) ;
#5219 = EDGE_LOOP ( 'NONE', ( #9367, #2286, #1019, #1790 ) ) ;
#5220 = CARTESIAN_POINT ( 'NONE',  ( -0.9696556060882842720, 1.189999999999999725, -0.4168538619364728359 ) ) ;
#5221 = AXIS2_PLACEMENT_3D ( 'NONE', #6481, #4268, #9045 ) ;
#5222 = FACE_OUTER_BOUND ( 'NONE', #6972, .T. ) ;
#5223 = EDGE_CURVE ( 'NONE', #3783, #4690, #1880, .T. ) ;
#5224 = DIRECTION ( 'NONE',  ( 6.767104658812678946E-16, 0.0000000000000000000, -1.000000000000000000 ) ) ;
#5225 = CARTESIAN_POINT ( 'NONE',  ( -2.999999999999999556, -0.04999999999999933664, -3.872150616019609307E-19 ) ) ;
#5226 = VECTOR ( 'NONE', #848, 1000.000000000000000 ) ;
#5227 = CARTESIAN_POINT ( 'NONE',  ( 0.1997357005074950342, 1.190099999999999936, -0.7166974662674795438 ) ) ;
#5228 = CARTESIAN_POINT ( 'NONE',  ( -1.154110453338659026, 1.190099999999999936, -0.5064410560110692572 ) ) ;
#5229 = CARTESIAN_POINT ( 'NONE',  ( 0.1335839949297000506, 1.189999999999999947, -0.5361251480290676330 ) ) ;
#5230 = CARTESIAN_POINT ( 'NONE',  ( -0.8565442950057328142, 1.189999999999999947, -0.6223230411319592426 ) ) ;
#5231 = CARTESIAN_POINT ( 'NONE',  ( 0.2916737040706294248, 1.190000000000000391, -0.4308640724131485022 ) ) ;
#5232 = VECTOR ( 'NONE', #4772, 1000.000000000000000 ) ;
#5233 = ORIENTED_EDGE ( 'NONE', *, *, #8931, .F. ) ;
#5234 = CARTESIAN_POINT ( 'NONE',  ( 0.7810208275728272032, 1.190100000000000158, 0.3696176177539741703 ) ) ;
#5235 = LINE ( 'NONE', #5142, #8997 ) ;
#5236 = PLANE ( 'NONE',  #4073 ) ;
#5237 = ADVANCED_FACE ( 'NONE', ( #5934, #2039 ), #3520, .T. ) ;
#5238 = AXIS2_PLACEMENT_3D ( 'NONE', #8426, #5323, #9856 ) ;
#5239 = CARTESIAN_POINT ( 'NONE',  ( 0.5073478799946745665, 1.190099999999999936, -0.5064410560110692572 ) ) ;
#5240 = CARTESIAN_POINT ( 'NONE',  ( 0.8749531852642278285, 1.190100000000000602, 0.1593044322034635196 ) ) ;
#5241 = DIRECTION ( 'NONE',  ( 1.000000000000000000, -0.0000000000000000000, -0.0000000000000000000 ) ) ;
#5242 = CARTESIAN_POINT ( 'NONE',  ( 0.1561143141326285511, 1.190099999999999936, -0.4959177154414681210 ) ) ;
#5243 = DIRECTION ( 'NONE',  ( -0.0000000000000000000, -1.000000000000000000, -0.0000000000000000000 ) ) ;
#5244 = VERTEX_POINT ( 'NONE', #5003 ) ;
#5245 = CARTESIAN_POINT ( 'NONE',  ( -0.4900078892360948957, 1.189999999999999947, -0.3679795175495307880 ) ) ;
#5246 = MECHANICAL_DESIGN_GEOMETRIC_PRESENTATION_REPRESENTATION (  '', ( #5901 ), #647 ) ;
#5247 = CARTESIAN_POINT ( 'NONE',  ( 0.04617146759748009394, 1.190099999999999936, -0.4246285276130514208 ) ) ;
#5248 = VERTEX_POINT ( 'NONE', #4291 ) ;
#5249 = EDGE_CURVE ( 'NONE', #8776, #1684, #7313, .T. ) ;
#5250 = EDGE_CURVE ( 'NONE', #7600, #9636, #6435, .T. ) ;
#5251 = FACE_OUTER_BOUND ( 'NONE', #3123, .T. ) ;
#5252 = ORIENTED_EDGE ( 'NONE', *, *, #4864, .F. ) ;
#5253 = LINE ( 'NONE', #3002, #10173 ) ;
#5254 = LINE ( 'NONE', #8404, #2189 ) ;
#5255 = CARTESIAN_POINT ( 'NONE',  ( -1.001080697259455476, 1.190100000000000380, -0.4999707832937704266 ) ) ;
#5256 = VECTOR ( 'NONE', #6703, 1000.000000000000000 ) ;
#5257 = AXIS2_PLACEMENT_3D ( 'NONE', #5307, #7677, #6903 ) ;
#5258 = LINE ( 'NONE', #4445, #6625 ) ;
#5259 = LINE ( 'NONE', #8456, #9540 ) ;
#5260 = CARTESIAN_POINT ( 'NONE',  ( 0.4613637474641834046, 1.190099999999999714, -0.5000489091642181805 ) ) ;
#5261 = PLANE ( 'NONE',  #6881 ) ;
#5262 = ORIENTED_EDGE ( 'NONE', *, *, #3833, .F. ) ;
#5263 = VECTOR ( 'NONE', #2852, 1000.000000000000000 ) ;
#5264 = VERTEX_POINT ( 'NONE', #1259 ) ;
#5265 = CARTESIAN_POINT ( 'NONE',  ( 0.5521261702841975261, 1.189999999999999947, -0.3434581528552211327 ) ) ;
#5266 = CARTESIAN_POINT ( 'NONE',  ( -1.215938040577438706, 1.190099999999999714, -0.3128377384868378241 ) ) ;
#5267 = CARTESIAN_POINT ( 'NONE',  ( 0.3856785844812659070, 1.190099999999999936, -0.5608600324909408519 ) ) ;
#5268 = ORIENTED_EDGE ( 'NONE', *, *, #4409, .F. ) ;
#5269 = COLOUR_RGB ( '',0.2509803921568627416, 0.2509803921568627416, 0.2509803921568627416 ) ;
#5270 = CARTESIAN_POINT ( 'NONE',  ( 0.7856104957944781697, 1.190100000000000158, 0.3282554895106565840 ) ) ;
#5271 = CARTESIAN_POINT ( 'NONE',  ( 0.04598466782637811862, 1.189999999999999725, -0.4192672503507026693 ) ) ;
#5272 = ORIENTED_EDGE ( 'NONE', *, *, #8884, .T. ) ;
#5273 = EDGE_LOOP ( 'NONE', ( #1162, #4858, #8814, #4325 ) ) ;
#5274 = CARTESIAN_POINT ( 'NONE',  ( 0.6841726205163641827, 1.190000000000001057, 0.2707461246948402733 ) ) ;
#5275 = PLANE ( 'NONE',  #8362 ) ;
#5276 = COLOUR_RGB ( '',0.2509803921568627416, 0.2509803921568627416, 0.2509803921568627416 ) ;
#5277 = CARTESIAN_POINT ( 'NONE',  ( 0.2387262575531322040, 1.190000000000000835, -0.4473565178511939022 ) ) ;
#5278 = CARTESIAN_POINT ( 'NONE',  ( -0.4519549466761085821, 1.190100000000000158, -0.3413409862270098127 ) ) ;
#5279 = CARTESIAN_POINT ( 'NONE',  ( -0.8669309661591718674, 1.190099999999999936, -0.5833641329341461290 ) ) ;
#5280 = SURFACE_SIDE_STYLE ('',( #9298 ) ) ;
#5281 = ORIENTED_EDGE ( 'NONE', *, *, #8710, .T. ) ;
#5282 = CARTESIAN_POINT ( 'NONE',  ( 0.3456967054633870440, 1.190000000000000391, -0.3969196668049049803 ) ) ;
#5283 = CARTESIAN_POINT ( 'NONE',  ( 0.2458895466613412462, 1.190100000000000158, -0.4165372098572231452 ) ) ;
#5284 = CARTESIAN_POINT ( 'NONE',  ( 0.4330690338408282880, 1.190099999999999936, -0.5292775944726076931 ) ) ;
#5285 = CARTESIAN_POINT ( 'NONE',  ( 0.1436459569177513940, 1.190099999999999936, -0.2961846457546589706 ) ) ;
#5286 = CIRCLE ( 'NONE', #2842, 0.05000000000000056483 ) ;
#5287 = ADVANCED_FACE ( 'NONE', ( #4393 ), #485, .T. ) ;
#5288 = PLANE ( 'NONE',  #152 ) ;
#5289 = CARTESIAN_POINT ( 'NONE',  ( 0.2457966076730416505, 1.189999999999999947, -0.4192678651422026004 ) ) ;
#5290 = FACE_OUTER_BOUND ( 'NONE', #4303, .T. ) ;
#5291 = CARTESIAN_POINT ( 'NONE',  ( 1.481786982558777055, 1.190099999999999936, -0.3064410560110692461 ) ) ;
#5292 = VECTOR ( 'NONE', #7757, 1000.000000000000000 ) ;
#5293 = CARTESIAN_POINT ( 'NONE',  ( -2.499999999999999556, -0.9405995433517282400, 0.1672176965958632744 ) ) ;
#5294 = CARTESIAN_POINT ( 'NONE',  ( -1.015826192967783204, 1.190000000000000169, -0.4255586632400336078 ) ) ;
#5295 = CARTESIAN_POINT ( 'NONE',  ( 0.5633666674041737377, 1.189999999999999725, -0.5614298874099510339 ) ) ;
#5296 = DIRECTION ( 'NONE',  ( 1.000000000000000000, 0.0000000000000000000, 0.0000000000000000000 ) ) ;
#5297 = CARTESIAN_POINT ( 'NONE',  ( 0.8851007132114225850, 1.190000000000000835, 0.2941484331070599034 ) ) ;
#5298 = EDGE_CURVE ( 'NONE', #7625, #7738, #6144, .T. ) ;
#5299 = AXIS2_PLACEMENT_3D ( 'NONE', #2037, #5158, #4391 ) ;
#5300 =( NAMED_UNIT ( * ) PLANE_ANGLE_UNIT ( ) SI_UNIT ( $, .RADIAN. ) );
#5301 = ORIENTED_EDGE ( 'NONE', *, *, #5603, .T. ) ;
#5302 = CARTESIAN_POINT ( 'NONE',  ( -2.999999999999999556, -0.1000000000000014766, 1.899999999999999911 ) ) ;
#5303 = ORIENTED_EDGE ( 'NONE', *, *, #7388, .T. ) ;
#5304 = DIRECTION ( 'NONE',  ( 0.0000000000000000000, -0.0000000000000000000, 1.000000000000000000 ) ) ;
#5305 = CARTESIAN_POINT ( 'NONE',  ( 0.5617730311639985707, 1.190000000000000391, -0.6649556133899747756 ) ) ;
#5306 = CARTESIAN_POINT ( 'NONE',  ( -1.008031982465956267, 1.189999999999999947, -0.5072540075947967741 ) ) ;
#5307 = CARTESIAN_POINT ( 'NONE',  ( -2.999999999999999556, 0.05000000000000066891, 2.904112962014783776E-19 ) ) ;
#5308 = CARTESIAN_POINT ( 'NONE',  ( 0.2874326665772076739, 1.189999999999999947, -0.3859849535249019747 ) ) ;
#5309 = CARTESIAN_POINT ( 'NONE',  ( 1.465841469738264236, 1.190099999999999936, -0.5987487483187616810 ) ) ;
#5310 = EDGE_CURVE ( 'NONE', #1068, #6626, #7679, .T. ) ;
#5311 = EDGE_CURVE ( 'NONE', #1068, #5609, #8568, .T. ) ;
#5312 = CARTESIAN_POINT ( 'NONE',  ( 0.8817255328005798587, 1.189999999999999503, 0.1651152750461040986 ) ) ;
#5313 = ORIENTED_EDGE ( 'NONE', *, *, #5371, .F. ) ;
#5314 = CARTESIAN_POINT ( 'NONE',  ( 1.415633827750493845, 1.189999999999999947, 0.3612204606816319385 ) ) ;
#5315 = EDGE_LOOP ( 'NONE', ( #1807, #2869, #7847, #9158 ) ) ;
#5316 = DIRECTION ( 'NONE',  ( 0.0000000000000000000, -0.0000000000000000000, -1.000000000000000000 ) ) ;
#5317 = CARTESIAN_POINT ( 'NONE',  ( 0.4302472521744010736, 1.190099999999999714, -0.5305240061505275273 ) ) ;
#5318 = VERTEX_POINT ( 'NONE', #9279 ) ;
#5319 = CARTESIAN_POINT ( 'NONE',  ( 2.999999999999999556, -1.230654267715320715, 1.749999999999999778 ) ) ;
#5320 = VERTEX_POINT ( 'NONE', #738 ) ;
#5321 = ORIENTED_EDGE ( 'NONE', *, *, #1547, .F. ) ;
#5322 = CARTESIAN_POINT ( 'NONE',  ( -0.9748810642038279184, 1.190000000000000169, -0.3920838255074528544 ) ) ;
#5323 = DIRECTION ( 'NONE',  ( 0.0000000000000000000, -1.000000000000000000, 0.0000000000000000000 ) ) ;
#5324 = CARTESIAN_POINT ( 'NONE',  ( 0.2430206409298290016, 1.190100000000000380, -0.3262431718426697103 ) ) ;
#5325 = CARTESIAN_POINT ( 'NONE',  ( 0.9298691542302529589, 1.190100000000000158, 0.2948417741613243437 ) ) ;
#5326 = CARTESIAN_POINT ( 'NONE',  ( -0.4925822863094737047, 1.189999999999999725, -0.3678516812273724401 ) ) ;
#5327 = FACE_OUTER_BOUND ( 'NONE', #4438, .T. ) ;
#5328 = EDGE_LOOP ( 'NONE', ( #9387, #4189, #4309, #7190, #3784, #3856, #2210, #2769, #2703, #7459, #7489, #8508, #2833 ) ) ;
#5329 = LINE ( 'NONE', #2879, #825 ) ;
#5330 = CARTESIAN_POINT ( 'NONE',  ( -0.9247628703680533802, 1.190099999999999936, 0.1176307170918883399 ) ) ;
#5331 = CARTESIAN_POINT ( 'NONE',  ( -1.193134939677402473, 1.190099999999999936, -0.7064420284787633619 ) ) ;
#5332 = ORIENTED_EDGE ( 'NONE', *, *, #6820, .T. ) ;
#5333 = CARTESIAN_POINT ( 'NONE',  ( 0.08819383426361096512, 1.190099999999999714, -0.3047555560710750178 ) ) ;
#5334 = SURFACE_STYLE_FILL_AREA ( #2928 ) ;
#5335 = CARTESIAN_POINT ( 'NONE',  ( 0.4136441289302948965, 1.190100000000000158, -0.6316471341670061301 ) ) ;
#5336 = CARTESIAN_POINT ( 'NONE',  ( -1.108096983725640028, 1.190000000000000169, -0.3386918125789229461 ) ) ;
#5337 = CARTESIAN_POINT ( 'NONE',  ( 0.5187013265000526285, 1.190099999999999492, -0.5062179680830134476 ) ) ;
#5338 = CARTESIAN_POINT ( 'NONE',  ( 0.4213120678592215396, 1.190100000000000158, -0.5837296141381135284 ) ) ;
#5339 = ADVANCED_FACE ( 'NONE', ( #9228 ), #3866, .T. ) ;
#5340 = LINE ( 'NONE', #9209, #9565 ) ;
#5341 = SURFACE_STYLE_USAGE ( .BOTH. , #3138 ) ;
#5342 = DIRECTION ( 'NONE',  ( -1.000000000000000000, 0.0000000000000000000, 0.0000000000000000000 ) ) ;
#5343 = ORIENTED_EDGE ( 'NONE', *, *, #1386, .T. ) ;
#5344 = CARTESIAN_POINT ( 'NONE',  ( 0.8705558466079248436, 1.190000000000000835, 0.3083114416399329039 ) ) ;
#5345 = CARTESIAN_POINT ( 'NONE',  ( 0.5425907454615496173, 1.190099999999999714, -0.2985992406465949878 ) ) ;
#5346 = ORIENTED_EDGE ( 'NONE', *, *, #6190, .F. ) ;
#5347 = SURFACE_STYLE_USAGE ( .BOTH. , #2996 ) ;
#5348 = CARTESIAN_POINT ( 'NONE',  ( 0.6525667252859529421, 1.190100000000000158, -0.3683673030489885147 ) ) ;
#5349 = EDGE_LOOP ( 'NONE', ( #1574, #5073, #7047, #2823, #1813, #2325 ) ) ;
#5350 = CARTESIAN_POINT ( 'NONE',  ( -3.839783448439272107, 0.8149999999999998357, 0.2500000000000000000 ) ) ;
#5351 = EDGE_CURVE ( 'NONE', #4841, #3783, #4538, .T. ) ;
#5352 = CARTESIAN_POINT ( 'NONE',  ( 0.5157228708118247740, 1.189999999999999503, -0.6754753765998352533 ) ) ;
#5353 = CARTESIAN_POINT ( 'NONE',  ( 0.7699677297792885122, 1.189999999999999725, 0.3672903130233979296 ) ) ;
#5354 = PLANE ( 'NONE',  #6086 ) ;
#5355 = CARTESIAN_POINT ( 'NONE',  ( 0.2680773375691084537, 1.189999999999999503, -0.3497699634408974467 ) ) ;
#5356 = CARTESIAN_POINT ( 'NONE',  ( -0.3493828892360948957, 1.189999999999999947, -0.3134122098572230675 ) ) ;
#5357 = B_SPLINE_SURFACE_WITH_KNOTS ( 'NONE', 3, 1, ( 
 ( #8871, #4961 ),
 ( #5779, #3272 ),
 ( #8106, #8817 ),
 ( #6406, #3325 ),
 ( #1777, #4907 ),
 ( #1062, #6561 ),
 ( #9692, #8921 ),
 ( #1267, #6041 ),
 ( #1995, #7594 ),
 ( #7641, #9124 ),
 ( #9019, #9993 ),
 ( #1375, #9901 ),
 ( #4501, #546 ),
 ( #9947, #592 ),
 ( #5120, #7435 ),
 ( #9077, #5214 ),
 ( #2908, #8261 ),
 ( #6716, #5944 ),
 ( #2862, #8356 ) ),
 .UNSPECIFIED., .F., .F., .F.,
 ( 4, 1, 1, 1, 1, 1, 1, 1, 1, 1, 1, 1, 1, 1, 1, 1, 4 ),
 ( 2, 2 ),
 ( 0.0000000000000000000, 0.07198243398919625113, 0.1414685471386591398, 0.2089999456004758560, 0.2755143729605694647, 0.3407408233551020293, 0.4055850432866182076, 0.4703698775200199078, 0.5360764810293950910, 0.6003318621560747026, 0.6616366936917771335, 0.7197533572775064448, 0.7766710353912654741, 0.8319331845786817059, 0.8874819005342073908, 0.9426975962939017073, 1.000000000000000000 ),
 ( 0.0000000000000000000, 1.000000000000000000 ),
 .UNSPECIFIED. ) ;
#5358 = ORIENTED_EDGE ( 'NONE', *, *, #10140, .F. ) ;
#5359 = FACE_OUTER_BOUND ( 'NONE', #9995, .T. ) ;
#5360 = VERTEX_POINT ( 'NONE', #1457 ) ;
#5361 = ADVANCED_FACE ( 'NONE', ( #3008 ), #2283, .F. ) ;
#5362 = CARTESIAN_POINT ( 'NONE',  ( -1.163722049916313450, 1.190000000000000613, -0.2978030875633675412 ) ) ;
#5363 = CARTESIAN_POINT ( 'NONE',  ( 0.4330690338408282880, 1.190099999999999936, -0.5292775944726076931 ) ) ;
#5364 = ORIENTED_EDGE ( 'NONE', *, *, #1304, .F. ) ;
#5365 = CARTESIAN_POINT ( 'NONE',  ( 0.6178804576245126023, 1.190000000000000169, -0.6758896127478227767 ) ) ;
#5366 = CARTESIAN_POINT ( 'NONE',  ( -3.839783448439272107, 0.8149999999999998357, -0.7499999999999991118 ) ) ;
#5367 = LINE ( 'NONE', #4552, #6723 ) ;
#5368 = ORIENTED_EDGE ( 'NONE', *, *, #10119, .T. ) ;
#5369 = EDGE_CURVE ( 'NONE', #7246, #692, #8349, .T. ) ;
#5370 = CARTESIAN_POINT ( 'NONE',  ( 0.1930321997604700357, 1.190000000000000835, -0.4872608226491326744 ) ) ;
#5371 = EDGE_CURVE ( 'NONE', #7503, #4658, #7733, .T. ) ;
#5372 = LINE ( 'NONE', #908, #1037 ) ;
#5373 = DIRECTION ( 'NONE',  ( 0.0000000000000000000, 0.0000000000000000000, 1.000000000000000000 ) ) ;
#5374 = ORIENTED_EDGE ( 'NONE', *, *, #7322, .T. ) ;
#5375 = CARTESIAN_POINT ( 'NONE',  ( 0.5454136447471746862, 1.190100000000000158, -0.6710629589560351826 ) ) ;
#5376 = LINE ( 'NONE', #39, #358 ) ;
#5377 = CARTESIAN_POINT ( 'NONE',  ( -1.273607389658661493, 1.190099999999999714, -0.6260779499847100027 ) ) ;
#5378 = EDGE_LOOP ( 'NONE', ( #5332, #5368, #1320, #3506 ) ) ;
#5379 = CARTESIAN_POINT ( 'NONE',  ( 0.02906811889269013405, 1.190099999999999936, -0.3429029175319898148 ) ) ;
#5380 = CARTESIAN_POINT ( 'NONE',  ( 2.499999999999999556, -1.039055794130319565, -0.1847210300676126182 ) ) ;
#5381 = CYLINDRICAL_SURFACE ( 'NONE', #7354, 0.1499999999999999667 ) ;
#5382 = DIRECTION ( 'NONE',  ( 1.000000000000000000, 0.0000000000000000000, 0.0000000000000000000 ) ) ;
#5383 = SURFACE_STYLE_USAGE ( .BOTH. , #1491 ) ;
#5384 = CARTESIAN_POINT ( 'NONE',  ( 0.4171352561564405370, 1.190099999999999936, -0.5893385511467357230 ) ) ;
#5385 = CARTESIAN_POINT ( 'NONE',  ( 4.000000000000000888, 0.05000000000000000278, -1.599999999999998979 ) ) ;
#5386 = CARTESIAN_POINT ( 'NONE',  ( 0.5992063762988463216, 1.190000000000000169, -0.6060745209358786578 ) ) ;
#5387 = VECTOR ( 'NONE', #3382, 1000.000000000000000 ) ;
#5388 = LINE ( 'NONE', #9410, #2454 ) ;
#5389 = CARTESIAN_POINT ( 'NONE',  ( 0.8912442699124422107, 1.190100000000000158, 0.2862081595727845040 ) ) ;
#5390 = CARTESIAN_POINT ( 'NONE',  ( 0.7565849507830658682, 1.189999999999999725, 0.3166848363050556170 ) ) ;
#5391 = CARTESIAN_POINT ( 'NONE',  ( 0.6060649210920152630, 1.190099999999999936, -0.3205541884761945459 ) ) ;
#5392 = ORIENTED_EDGE ( 'NONE', *, *, #2151, .T. ) ;
#5393 = AXIS2_PLACEMENT_3D ( 'NONE', #7603, #2101, #9134 ) ;
#5394 = CARTESIAN_POINT ( 'NONE',  ( 0.5785818543536489500, 1.190099999999999936, -0.5292775944726076931 ) ) ;
#5395 = ORIENTED_EDGE ( 'NONE', *, *, #6453, .T. ) ;
#5396 = CARTESIAN_POINT ( 'NONE',  ( 0.4350569668158506542, 1.189999999999999947, -0.7030265076400805668 ) ) ;
#5397 = CARTESIAN_POINT ( 'NONE',  ( -0.9247628703680533802, 1.190099999999999936, -0.1387795393183680615 ) ) ;
#5398 = DIRECTION ( 'NONE',  ( -0.0000000000000000000, -1.000000000000000000, -0.0000000000000000000 ) ) ;
#5399 = CARTESIAN_POINT ( 'NONE',  ( -0.9968223080147396997, 1.190100000000000158, -0.3531181865438252632 ) ) ;
#5400 = VECTOR ( 'NONE', #1240, 1000.000000000000000 ) ;
#5401 = DIRECTION ( 'NONE',  ( -0.0000000000000000000, -1.000000000000000000, -0.0000000000000000000 ) ) ;
#5402 = CARTESIAN_POINT ( 'NONE',  ( 0.8418219661272522414, 1.190099999999999936, 0.1440042324496485227 ) ) ;
#5403 = ADVANCED_FACE ( 'NONE', ( #1366 ), #2190, .T. ) ;
#5404 = EDGE_LOOP ( 'NONE', ( #9232, #3602, #2036, #6312 ) ) ;
#5405 = VECTOR ( 'NONE', #1926, 1000.000000000000000 ) ;
#5406 = LINE ( 'NONE', #3871, #7874 ) ;
#5407 = DIRECTION ( 'NONE',  ( -0.0000000000000000000, -1.000000000000000000, -0.0000000000000000000 ) ) ;
#5408 =( LENGTH_UNIT ( ) NAMED_UNIT ( * ) SI_UNIT ( .MILLI., .METRE. ) );
#5409 = ORIENTED_EDGE ( 'NONE', *, *, #5851, .T. ) ;
#5410 =( LENGTH_UNIT ( ) NAMED_UNIT ( * ) SI_UNIT ( .MILLI., .METRE. ) );
#5411 = CARTESIAN_POINT ( 'NONE',  ( 0.09898564011130601970, 1.189999999999999725, -0.4872626332537220994 ) ) ;
#5412 = AXIS2_PLACEMENT_3D ( 'NONE', #753, #4556, #8621 ) ;
#5413 = AXIS2_PLACEMENT_3D ( 'NONE', #2911, #8420, #9080 ) ;
#5414 = EDGE_CURVE ( 'NONE', #5474, #1406, #8551, .T. ) ;
#5415 = ORIENTED_EDGE ( 'NONE', *, *, #1249, .F. ) ;
#5416 = FACE_OUTER_BOUND ( 'NONE', #8005, .T. ) ;
#5417 = EDGE_LOOP ( 'NONE', ( #6563, #4909, #5157, #1570 ) ) ;
#5418 = CARTESIAN_POINT ( 'NONE',  ( 0.1843816877704116119, 1.190000000000000391, -0.4905714584871708195 ) ) ;
#5419 = PRESENTATION_LAYER_ASSIGNMENT (  '', '', ( #7735 ) ) ;
#5420 = LINE ( 'NONE', #1627, #4780 ) ;
#5421 = VECTOR ( 'NONE', #463, 1000.000000000000000 ) ;
#5422 = CARTESIAN_POINT ( 'NONE',  ( -0.9058727844981601107, 1.190099999999999714, -0.6242095173807946651 ) ) ;
#5423 = DIRECTION ( 'NONE',  ( 7.131887731725265062E-13, 1.000000000000000000, 8.169878029590966491E-14 ) ) ;
#5424 = ORIENTED_EDGE ( 'NONE', *, *, #2527, .T. ) ;
#5425 = CARTESIAN_POINT ( 'NONE',  ( 2.499999999999999556, -1.039055794130319343, 0.1847210300676128125 ) ) ;
#5426 = DIRECTION ( 'NONE',  ( -0.0000000000000000000, -1.000000000000000000, -0.0000000000000000000 ) ) ;
#5427 = DIRECTION ( 'NONE',  ( 0.0000000000000000000, -1.000000000000000000, 0.0000000000000000000 ) ) ;
#5428 = EDGE_CURVE ( 'NONE', #8363, #7828, #8457, .T. ) ;
#5429 = CARTESIAN_POINT ( 'NONE',  ( -0.5283258777699360031, 1.189999999999999725, -0.3324406523057818474 ) ) ;
#5430 = ADVANCED_FACE ( 'NONE', ( #4447 ), #2655, .F. ) ;
#5431 = CARTESIAN_POINT ( 'NONE',  ( 0.5633666674041737377, 1.190099999999999714, -0.5614298874099510339 ) ) ;
#5432 = CARTESIAN_POINT ( 'NONE',  ( -1.036161735389941052, 1.190099999999999936, -0.6129314406264538828 ) ) ;
#5433 = CARTESIAN_POINT ( 'NONE',  ( -3.000000000000000000, 0.05000000000000000278, -1.599999999999998090 ) ) ;
#5434 = SURFACE_STYLE_FILL_AREA ( #7915 ) ;
#5435 = CARTESIAN_POINT ( 'NONE',  ( 0.1559546480824039738, 1.190099999999999492, -0.3374752903484423694 ) ) ;
#5436 = B_SPLINE_CURVE_WITH_KNOTS ( 'NONE', 3,
 ( #3425, #6622, #5783, #8925, #5014, #2711, #8973, #2757, #5886, #2001, #8265, #5270, #744, #2145, #8421 ),
 .UNSPECIFIED., .F., .F.,
 ( 4, 1, 1, 1, 1, 1, 1, 1, 1, 1, 1, 1, 4 ),
 ( 0.0000000000000000000, 0.09468725186755412582, 0.1819941557072747018, 0.2643769486105120858, 0.3421798619477718351, 0.4186176108621462721, 0.4965090753719089700, 0.5773690916117315552, 0.6615105924541975213, 0.7467325508291965397, 0.8312579843277420055, 0.9152056162136541495, 1.000000000000000000 ),
 .UNSPECIFIED. ) ;
#5437 = CARTESIAN_POINT ( 'NONE',  ( 0.2625137993602382758, 1.190099999999999936, -0.3433850968164766648 ) ) ;
#5438 = VECTOR ( 'NONE', #5171, 999.9999999999998863 ) ;
#5439 = CARTESIAN_POINT ( 'NONE',  ( 0.6189995872264515420, 1.189999999999999947, -0.3295273782261536888 ) ) ;
#5440 = B_SPLINE_SURFACE_WITH_KNOTS ( 'NONE', 3, 1, ( 
 ( #4294, #7427 ),
 ( #3413, #3522 ),
 ( #8254, #6552 ),
 ( #2748, #9014 ),
 ( #1987, #4349 ),
 ( #7479, #4589 ),
 ( #3823, #9230 ),
 ( #2237, #7003 ),
 ( #9330, #6906 ),
 ( #9942, #5312 ),
 ( #4539, #587 ),
 ( #3009, #739 ),
 ( #6090, #2285 ),
 ( #3052, #6851 ),
 ( #5402, #7588 ),
 ( #6145, #10041 ),
 ( #8554, #2191 ),
 ( #3720, #6242 ),
 ( #1515, #1370 ) ),
 .UNSPECIFIED., .F., .F., .F.,
 ( 4, 1, 1, 1, 1, 1, 1, 1, 1, 1, 1, 1, 1, 1, 1, 1, 4 ),
 ( 2, 2 ),
 ( 0.0000000000000000000, 0.06535138202659353246, 0.1279160318306125643, 0.1883602055716996904, 0.2472160772654520833, 0.3056301291974113932, 0.3637698398318191528, 0.4226609139127798787, 0.4826872940903922382, 0.5433002212395589003, 0.6041179553231029731, 0.6649648912652840194, 0.7274134941125655063, 0.7914676251494238146, 0.8580554427291000597, 0.9270368146149474686, 0.9999999999999998890 ),
 ( 0.0000000000000000000, 1.000000000000000000 ),
 .UNSPECIFIED. ) ;
#5441 = CARTESIAN_POINT ( 'NONE',  ( 0.4085281272605009173, 1.190099999999999714, -0.4665222715414060750 ) ) ;
#5442 = CARTESIAN_POINT ( 'NONE',  ( 0.9079415200581861800, 1.190099999999999936, 0.2290089222200934471 ) ) ;
#5443 = CARTESIAN_POINT ( 'NONE',  ( 0.7657727484424825537, 1.189999999999999947, 0.3214645811276056198 ) ) ;
#5444 = LINE ( 'NONE', #8638, #954 ) ;
#5445 = ORIENTED_EDGE ( 'NONE', *, *, #8899, .F. ) ;
#5446 =( NAMED_UNIT ( * ) PLANE_ANGLE_UNIT ( ) SI_UNIT ( $, .RADIAN. ) );
#5447 = PRESENTATION_LAYER_ASSIGNMENT (  '', '', ( #8579 ) ) ;
#5448 = CARTESIAN_POINT ( 'NONE',  ( 0.5860117068957448883, 1.190000000000000835, -0.6467026426543238671 ) ) ;
#5449 = ORIENTED_EDGE ( 'NONE', *, *, #8090, .T. ) ;
#5450 = CARTESIAN_POINT ( 'NONE',  ( -0.9696793719991960714, 1.190000000000000169, -0.4349595959914892562 ) ) ;
#5451 = DIRECTION ( 'NONE',  ( -1.000000000000000000, 0.0000000000000000000, 0.0000000000000000000 ) ) ;
#5452 = CARTESIAN_POINT ( 'NONE',  ( 0.4882707745477304906, 1.190099999999999936, -0.7162192866447825157 ) ) ;
#5453 = EDGE_CURVE ( 'NONE', #6161, #4719, #22, .T. ) ;
#5454 = CARTESIAN_POINT ( 'NONE',  ( 0.8179575456992117521, 1.190099999999999936, 0.09968199914317038557 ) ) ;
#5455 = VECTOR ( 'NONE', #3590, 999.9999999999998863 ) ;
#5456 = DIRECTION ( 'NONE',  ( -1.000000000000000000, 0.0000000000000000000, -0.0000000000000000000 ) ) ;
#5457 = ORIENTED_EDGE ( 'NONE', *, *, #4494, .F. ) ;
#5458 = CARTESIAN_POINT ( 'NONE',  ( 0.9102095140181921673, 1.189999999999999947, 0.3258425936174527693 ) ) ;
#5459 = VERTEX_POINT ( 'NONE', #5605 ) ;
#5460 = ADVANCED_FACE ( 'NONE', ( #6441 ), #5651, .T. ) ;
#5461 = CARTESIAN_POINT ( 'NONE',  ( -0.06180276103096667140, 1.190099999999999936, -0.7064410560110692128 ) ) ;
#5462 = DIRECTION ( 'NONE',  ( 0.0000000000000000000, 0.9845625077859065932, 0.1750333347174941045 ) ) ;
#5463 = CARTESIAN_POINT ( 'NONE',  ( -0.6213443899134891701, 1.190099999999999936, -0.5478418946054410821 ) ) ;
#5464 = CARTESIAN_POINT ( 'NONE',  ( 0.3591595164579090005, 1.190099999999999714, -0.3645071235865085524 ) ) ;
#5465 = CARTESIAN_POINT ( 'NONE',  ( -1.133998273851479555, 1.189999999999999947, -0.2961846457546589706 ) ) ;
#5466 = ORIENTED_EDGE ( 'NONE', *, *, #3554, .F. ) ;
#5467 = SURFACE_STYLE_USAGE ( .BOTH. , #6967 ) ;
#5468 = ORIENTED_EDGE ( 'NONE', *, *, #1705, .F. ) ;
#5469 = CARTESIAN_POINT ( 'NONE',  ( 0.2458895466613411906, 1.190000000000000613, -0.4165372098572230897 ) ) ;
#5470 = CARTESIAN_POINT ( 'NONE',  ( 0.9393808684448459179, 1.190099999999999936, 0.2685062876642894114 ) ) ;
#5471 = CARTESIAN_POINT ( 'NONE',  ( 0.04979241632579536198, 1.190099999999999936, -0.3931677108858488423 ) ) ;
#5472 = ADVANCED_FACE ( 'NONE', ( #2532 ), #7258, .T. ) ;
#5473 = CARTESIAN_POINT ( 'NONE',  ( -0.9097425838576239654, 1.190099999999999936, -0.6111827833558796108 ) ) ;
#5474 = VERTEX_POINT ( 'NONE', #1044 ) ;
#5475 = CARTESIAN_POINT ( 'NONE',  ( -1.008194259555366568, 1.190099999999999936, -0.6640369873970111136 ) ) ;
#5476 = LINE ( 'NONE', #9396, #6922 ) ;
#5477 = CARTESIAN_POINT ( 'NONE',  ( 0.9284543405710066200, 1.189999999999999947, -0.03877953931836808366 ) ) ;
#5478 = EDGE_LOOP ( 'NONE', ( #3114, #4119, #4256, #9658 ) ) ;
#5479 = CARTESIAN_POINT ( 'NONE',  ( -1.085562660632972243, 1.190000000000000169, -0.6685173246232657407 ) ) ;
#5480 = FACE_OUTER_BOUND ( 'NONE', #2139, .T. ) ;
#5481 = CARTESIAN_POINT ( 'NONE',  ( -1.017482886886558191, 1.189999999999999947, -0.4053420953281550720 ) ) ;
#5482 = FACE_BOUND ( 'NONE', #2271, .T. ) ;
#5483 = CARTESIAN_POINT ( 'NONE',  ( 0.8322086367124638118, 1.190099999999999714, 0.1420650455419801839 ) ) ;
#5484 = EDGE_CURVE ( 'NONE', #8419, #9244, #5101, .T. ) ;
#5485 = CARTESIAN_POINT ( 'NONE',  ( 0.2419878711395794801, 1.190099999999999714, -0.3931667873621065845 ) ) ;
#5486 =( NAMED_UNIT ( * ) SI_UNIT ( $, .STERADIAN. ) SOLID_ANGLE_UNIT ( ) );
#5487 = EDGE_CURVE ( 'NONE', #6258, #5839, #7395, .T. ) ;
#5488 = DIRECTION ( 'NONE',  ( -0.0000000000000000000, -1.000000000000000000, -0.0000000000000000000 ) ) ;
#5489 = DIRECTION ( 'NONE',  ( -0.0000000000000000000, -1.000000000000000000, -0.0000000000000000000 ) ) ;
#5490 = CARTESIAN_POINT ( 'NONE',  ( 0.4330690338408282880, 1.189999999999999725, -0.5292775944726076931 ) ) ;
#5491 = CARTESIAN_POINT ( 'NONE',  ( 0.7856104957944781697, 1.190000000000000169, 0.3282554895106565840 ) ) ;
#5492 = DIRECTION ( 'NONE',  ( -1.000000000000000000, 0.0000000000000000000, 1.355252715606880543E-16 ) ) ;
#5493 = VERTEX_POINT ( 'NONE', #2789 ) ;
#5494 = CARTESIAN_POINT ( 'NONE',  ( 0.2381171107639051265, 1.190099999999999936, -0.6949827226777359757 ) ) ;
#5495 = VERTEX_POINT ( 'NONE', #7357 ) ;
#5496 = CARTESIAN_POINT ( 'NONE',  ( 0.5454136447471746862, 1.190100000000000158, -0.6710629589560351826 ) ) ;
#5497 = ORIENTED_EDGE ( 'NONE', *, *, #9843, .F. ) ;
#5498 = CARTESIAN_POINT ( 'NONE',  ( -0.9803358028524898904, 1.190000000000000613, -0.4716145230859667969 ) ) ;
#5499 = EDGE_CURVE ( 'NONE', #8256, #6447, #4384, .T. ) ;
#5500 = CARTESIAN_POINT ( 'NONE',  ( -0.6566745559027615808, 1.189999999999999947, -0.5945820816520949181 ) ) ;
#5501 = CARTESIAN_POINT ( 'NONE',  ( 2.999999999999999556, 0.05000000000000067585, -1.749999999999998890 ) ) ;
#5502 = EDGE_CURVE ( 'NONE', #1269, #588, #8296, .T. ) ;
#5503 = CARTESIAN_POINT ( 'NONE',  ( -2.999999999999999556, -0.04999999999999933664, -3.872150616019609307E-19 ) ) ;
#5504 = FILL_AREA_STYLE ('',( #3968 ) ) ;
#5505 = B_SPLINE_CURVE_WITH_KNOTS ( 'NONE', 3,
 ( #823, #1596, #54, #98, #2270, #2374, #2468, #1701, #5390, #5443, #7779, #5491, #3854, #8687, #6990 ),
 .UNSPECIFIED., .F., .F.,
 ( 4, 1, 1, 1, 1, 1, 1, 1, 1, 1, 1, 1, 4 ),
 ( 0.0000000000000000000, 0.09468725186755412582, 0.1819941557072747018, 0.2643769486105120858, 0.3421798619477718351, 0.4186176108621462721, 0.4965090753719089700, 0.5773690916117315552, 0.6615105924541975213, 0.7467325508291965397, 0.8312579843277420055, 0.9152056162136541495, 1.000000000000000000 ),
 .UNSPECIFIED. ) ;
#5506 = ORIENTED_EDGE ( 'NONE', *, *, #715, .T. ) ;
#5507 = CARTESIAN_POINT ( 'NONE',  ( 0.8515247472359960268, 1.190000000000000169, 0.3647102026985725165 ) ) ;
#5508 = LINE ( 'NONE', #4543, #2515 ) ;
#5509 = DIRECTION ( 'NONE',  ( 0.0000000000000000000, 0.0000000000000000000, 1.000000000000000000 ) ) ;
#5510 = CARTESIAN_POINT ( 'NONE',  ( 0.5297679232599050714, 1.190000000000000391, -0.5049947406110206760 ) ) ;
#5511 =( NAMED_UNIT ( * ) SI_UNIT ( $, .STERADIAN. ) SOLID_ANGLE_UNIT ( ) );
#5512 = CARTESIAN_POINT ( 'NONE',  ( -0.5258891558845175673, 1.189999999999999503, -0.3217465836609189056 ) ) ;
#5513 = EDGE_CURVE ( 'NONE', #1225, #3531, #4794, .T. ) ;
#5514 = ORIENTED_EDGE ( 'NONE', *, *, #8803, .F. ) ;
#5515 = B_SPLINE_SURFACE_WITH_KNOTS ( 'NONE', 3, 1, ( 
 ( #649, #9954 ),
 ( #2055, #2916 ),
 ( #6726, #9855 ),
 ( #8469, #9245 ),
 ( #555, #4361 ),
 ( #1275, #4408 ),
 ( #7542, #1327 ),
 ( #1382, #10002 ),
 ( #6049, #3687 ),
 ( #6778, #6864 ),
 ( #2204, #501 ),
 ( #7492, #3638 ),
 ( #2870, #8272 ),
 ( #445, #6002 ),
 ( #601, #7648 ),
 ( #2150, #4462 ),
 ( #6674, #5274 ),
 ( #2762, #8425 ),
 ( #5893, #3731 ) ),
 .UNSPECIFIED., .F., .F., .F.,
 ( 4, 1, 1, 1, 1, 1, 1, 1, 1, 1, 1, 1, 1, 1, 1, 1, 4 ),
 ( 2, 2 ),
 ( 0.0000000000000000000, 0.06542114375889261646, 0.1287083718818829992, 0.1902361418635389323, 0.2507244020335387957, 0.3106371794134437647, 0.3707664082897264013, 0.4316147444123529797, 0.4935229735663541062, 0.5558834553775334753, 0.6173423673185097771, 0.6786680390972751331, 0.7407113595451474408, 0.8029853625127444383, 0.8668025802655172640, 0.9323471713458872934, 1.000000000000000000 ),
 ( 0.0000000000000000000, 1.000000000000000000 ),
 .UNSPECIFIED. ) ;
#5516 = PLANE ( 'NONE',  #6398 ) ;
#5517 = SURFACE_STYLE_USAGE ( .BOTH. , #6970 ) ;
#5518 = CARTESIAN_POINT ( 'NONE',  ( 0.06822426342084847439, 1.190099999999999714, -0.3661528663657667715 ) ) ;
#5519 = CARTESIAN_POINT ( 'NONE',  ( 2.499999999999999556, -1.230654267715320715, 1.749999999999999778 ) ) ;
#5520 = CARTESIAN_POINT ( 'NONE',  ( 0.4952153388251850363, 1.190000000000000169, -0.5062496342755412604 ) ) ;
#5521 = ORIENTED_EDGE ( 'NONE', *, *, #389, .F. ) ;
#5522 = LINE ( 'NONE', #5425, #6411 ) ;
#5523 = CARTESIAN_POINT ( 'NONE',  ( 0.9239901473353983041, 1.190000000000000391, 0.1559916045026203679 ) ) ;
#5524 = DIRECTION ( 'NONE',  ( 1.000000000000000000, 0.0000000000000000000, -0.0000000000000000000 ) ) ;
#5525 = ORIENTED_EDGE ( 'NONE', *, *, #5048, .F. ) ;
#5526 = CARTESIAN_POINT ( 'NONE',  ( -1.015734566916675963, 1.190100000000000380, -0.4190411382757260883 ) ) ;
#5527 = EDGE_CURVE ( 'NONE', #6610, #1688, #5759, .T. ) ;
#5528 = CARTESIAN_POINT ( 'NONE',  ( -1.043379455030438052, 1.189999999999999947, -0.5881850826403131061 ) ) ;
#5529 = EDGE_LOOP ( 'NONE', ( #9441, #4683, #2619, #6243 ) ) ;
#5530 = DIRECTION ( 'NONE',  ( -0.0000000000000000000, -1.000000000000000000, -0.0000000000000000000 ) ) ;
#5531 = CARTESIAN_POINT ( 'NONE',  ( -1.148414968444092077, 1.190099999999999936, -0.5475511849618782678 ) ) ;
#5532 = CARTESIAN_POINT ( 'NONE',  ( -0.9130848123130180793, 1.190099999999999936, -0.5833641329341461290 ) ) ;
#5533 = CARTESIAN_POINT ( 'NONE',  ( 0.5425907454615496173, 1.190099999999999714, -0.2985992406465949878 ) ) ;
#5534 = AXIS2_PLACEMENT_3D ( 'NONE', #2750, #7481, #3088 ) ;
#5535 = LINE ( 'NONE', #7137, #7769 ) ;
#5536 = CARTESIAN_POINT ( 'NONE',  ( -0.6127525149120492953, 1.190000000000000391, -0.6201710533681613624 ) ) ;
#5537 = CARTESIAN_POINT ( 'NONE',  ( 0.3434967506041724516, 1.190000000000000613, -0.4280222440508231196 ) ) ;
#5538 = AXIS2_PLACEMENT_3D ( 'NONE', #1747, #7919, #977 ) ;
#5539 = CARTESIAN_POINT ( 'NONE',  ( -1.042756864971529529, 1.190099999999999936, -0.6368994160738373767 ) ) ;
#5540 = ORIENTED_EDGE ( 'NONE', *, *, #2031, .F. ) ;
#5541 = EDGE_CURVE ( 'NONE', #7536, #6258, #2691, .T. ) ;
#5542 = CARTESIAN_POINT ( 'NONE',  ( 0.06311864853887232119, 1.190099999999999714, -0.3160320500653774345 ) ) ;
#5543 = ORIENTED_EDGE ( 'NONE', *, *, #1417, .T. ) ;
#5544 = COLOUR_RGB ( '',0.2509803921568627416, 0.2509803921568627416, 0.2509803921568627416 ) ;
#5545 = CARTESIAN_POINT ( 'NONE',  ( 0.5454136447471746862, 1.190000000000000391, -0.6710629589560351826 ) ) ;
#5546 = CARTESIAN_POINT ( 'NONE',  ( -1.031154697575583867, 1.190100000000000158, -0.4644914624280137572 ) ) ;
#5547 = CARTESIAN_POINT ( 'NONE',  ( -0.6792994995532325442, 1.190000000000000169, -0.6457346736131439613 ) ) ;
#5548 = CARTESIAN_POINT ( 'NONE',  ( 0.3645643009038143645, 1.190099999999999936, -0.6269546623028049437 ) ) ;
#5549 = CARTESIAN_POINT ( 'NONE',  ( -0.7507408334772478486, 1.189999999999999725, -0.7165926775423309136 ) ) ;
#5550 = CARTESIAN_POINT ( 'NONE',  ( -1.065269660866133172, 1.190099999999999936, -0.3512880260881692251 ) ) ;
#5551 = COLOUR_RGB ( '',0.7529411764705882248, 0.7529411764705882248, 0.7529411764705882248 ) ;
#5552 = FILL_AREA_STYLE ('',( #9470 ) ) ;
#5553 = ADVANCED_FACE ( 'NONE', ( #1870 ), #261, .F. ) ;
#5554 = ADVANCED_FACE ( 'NONE', ( #9055 ), #1250, .T. ) ;
#5555 = CARTESIAN_POINT ( 'NONE',  ( 0.9368045921059310333, 1.189999999999999947, 0.2774970730561891474 ) ) ;
#5556 = COLOUR_RGB ( '',0.2509803921568627416, 0.2509803921568627416, 0.2509803921568627416 ) ;
#5557 = CARTESIAN_POINT ( 'NONE',  ( -1.215938040577438706, 1.189999999999999725, -0.3128377384868378241 ) ) ;
#5558 = CARTESIAN_POINT ( 'NONE',  ( 0.5785818543536489500, 1.190099999999999936, -0.5292775944726076931 ) ) ;
#5559 = CARTESIAN_POINT ( 'NONE',  ( 0.6201746956447111714, 1.190000000000000391, -0.4249600851123220835 ) ) ;
#5560 = FACE_OUTER_BOUND ( 'NONE', #4881, .T. ) ;
#5561 = VECTOR ( 'NONE', #9436, 1000.000000000000000 ) ;
#5562 = CARTESIAN_POINT ( 'NONE',  ( -1.002922800626309563, 1.189999999999999725, -0.3460053870299208412 ) ) ;
#5563 = CARTESIAN_POINT ( 'NONE',  ( 0.6073992887171656418, 1.190099999999999714, -0.4608184050631963236 ) ) ;
#5564 = ORIENTED_EDGE ( 'NONE', *, *, #3395, .T. ) ;
#5565 = DIRECTION ( 'NONE',  ( 0.0000000000000000000, -0.9845625077859065932, 0.1750333347174949650 ) ) ;
#5566 = CARTESIAN_POINT ( 'NONE',  ( 4.000000000000000888, 0.05000000000000000278, 1.599999999999998979 ) ) ;
#5567 = CARTESIAN_POINT ( 'NONE',  ( 0.09047457844857927090, 1.190099999999999714, -0.3501304287294859097 ) ) ;
#5568 = CARTESIAN_POINT ( 'NONE',  ( 0.5839055308877351136, 1.189999999999999947, -0.5318073511006347065 ) ) ;
#5569 = PLANE ( 'NONE',  #8051 ) ;
#5570 = AXIS2_PLACEMENT_3D ( 'NONE', #3023, #2976, #6160 ) ;
#5571 = ORIENTED_EDGE ( 'NONE', *, *, #3659, .F. ) ;
#5572 = CARTESIAN_POINT ( 'NONE',  ( 2.499999999999999556, -0.2001723312589749892, 1.125969363331736917 ) ) ;
#5573 = PRESENTATION_LAYER_ASSIGNMENT (  '', '', ( #6751 ) ) ;
#5574 = CARTESIAN_POINT ( 'NONE',  ( 0.8224242588091774664, 1.190000000000000169, 0.09977867750827210114 ) ) ;
#5575 = CARTESIAN_POINT ( 'NONE',  ( -0.6797223629359506747, 1.190099999999999714, -0.4757473330580767601 ) ) ;
#5576 = EDGE_CURVE ( 'NONE', #9873, #5688, #8011, .T. ) ;
#5577 = ORIENTED_EDGE ( 'NONE', *, *, #10022, .T. ) ;
#5578 = CYLINDRICAL_SURFACE ( 'NONE', #4889, 0.05000000000000012768 ) ;
#5579 = UNCERTAINTY_MEASURE_WITH_UNIT (LENGTH_MEASURE( 1.000000000000000082E-05 ), #9167, 'distance_accuracy_value', 'NONE');
#5580 = CARTESIAN_POINT ( 'NONE',  ( -1.056709717533071746, 1.189999999999999947, -0.5735322063869697784 ) ) ;
#5581 = AXIS2_PLACEMENT_3D ( 'NONE', #2985, #2218, #666 ) ;
#5582 = CARTESIAN_POINT ( 'NONE',  ( -1.206814152419335429, 1.189999999999999947, -0.1387795393183680615 ) ) ;
#5583 = CARTESIAN_POINT ( 'NONE',  ( 1.010505622622288602, 1.190099999999999936, 0.002246101707272939348 ) ) ;
#5584 = CARTESIAN_POINT ( 'NONE',  ( 0.9084141132974096200, 1.190100000000000158, 0.1363253773259748836 ) ) ;
#5585 = DIRECTION ( 'NONE',  ( -0.0000000000000000000, 0.9845625077859065932, 0.1750333347174947429 ) ) ;
#5586 = CARTESIAN_POINT ( 'NONE',  ( 2.499999999999999556, -1.239228125389295609, -0.9412483332641250477 ) ) ;
#5587 = CARTESIAN_POINT ( 'NONE',  ( 0.03391934589747897660, 1.190100000000000158, -0.5074987913772984749 ) ) ;
#5588 = EDGE_CURVE ( 'NONE', #9791, #2289, #7717, .T. ) ;
#5589 = VERTEX_POINT ( 'NONE', #4435 ) ;
#5590 = VECTOR ( 'NONE', #8304, 1000.000000000000000 ) ;
#5591 = CARTESIAN_POINT ( 'NONE',  ( 0.3433254440972385857, 1.190099999999999936, -0.4196622098572230786 ) ) ;
#5592 = DIRECTION ( 'NONE',  ( 0.0000000000000000000, 5.808225924029490901E-18, -1.000000000000000000 ) ) ;
#5593 = CARTESIAN_POINT ( 'NONE',  ( 0.3534599331707352077, 1.190099999999999714, -0.3751007853974349104 ) ) ;
#5594 = ORIENTED_EDGE ( 'NONE', *, *, #9020, .F. ) ;
#5595 = CARTESIAN_POINT ( 'NONE',  ( 0.0008469208281966360838, 1.190000000000000613, -0.4018856953377855645 ) ) ;
#5596 = EDGE_LOOP ( 'NONE', ( #1759, #4068, #516, #4253 ) ) ;
#5597 = CARTESIAN_POINT ( 'NONE',  ( 0.5521261702841975261, 1.189999999999999947, -0.3434581528552211327 ) ) ;
#5598 = VECTOR ( 'NONE', #9997, 1000.000000000000000 ) ;
#5599 = CARTESIAN_POINT ( 'NONE',  ( -0.9695566548822329711, 1.190000000000000169, -0.4285086311072887622 ) ) ;
#5600 = CARTESIAN_POINT ( 'NONE',  ( -0.6639327179482622521, 1.189999999999999503, -0.6255737616538237233 ) ) ;
#5601 = CARTESIAN_POINT ( 'NONE',  ( -1.162768225844073466, 1.189999999999999947, -0.6724809964728128975 ) ) ;
#5602 = CARTESIAN_POINT ( 'NONE',  ( 0.05724616082972434905, 1.189999999999999725, -0.3790779845842808249 ) ) ;
#5603 = EDGE_CURVE ( 'NONE', #7685, #5493, #8992, .T. ) ;
#5604 = ORIENTED_EDGE ( 'NONE', *, *, #3469, .T. ) ;
#5605 = CARTESIAN_POINT ( 'NONE',  ( -0.9976200687232745778, 1.190100000000000158, -0.4963449021649155024 ) ) ;
#5606 = AXIS2_PLACEMENT_3D ( 'NONE', #2232, #9421, #8499 ) ;
#5607 = B_SPLINE_SURFACE_WITH_KNOTS ( 'NONE', 3, 1, ( 
 ( #9862, #1430 ),
 ( #3790, #6057 ),
 ( #2831, #5899 ),
 ( #2059, #7696 ),
 ( #5958, #9192 ),
 ( #6926, #1231 ),
 ( #4366, #2208 ),
 ( #2767, #2876 ),
 ( #3735, #6782 ),
 ( #9914, #5326 ),
 ( #654, #2157 ) ),
 .UNSPECIFIED., .F., .F., .F.,
 ( 4, 1, 1, 1, 1, 1, 1, 1, 4 ),
 ( 2, 2 ),
 ( 0.0000000000000000000, 0.1197823050614251206, 0.2350138086780077518, 0.3522430204643220431, 0.4776018342326474597, 0.6066586882675665260, 0.7348010377364027068, 0.8634131762041149516, 1.000000000000000000 ),
 ( 0.0000000000000000000, 1.000000000000000000 ),
 .UNSPECIFIED. ) ;
#5608 = FACE_OUTER_BOUND ( 'NONE', #929, .T. ) ;
#5609 = VERTEX_POINT ( 'NONE', #6840 ) ;
#5610 = CARTESIAN_POINT ( 'NONE',  ( 0.01419547447032990309, 1.189999999999999725, -0.3636926089343445190 ) ) ;
#5611 = EDGE_CURVE ( 'NONE', #4313, #3448, #7623, .T. ) ;
#5612 = CARTESIAN_POINT ( 'NONE',  ( 4.000000000000000888, 0.05000000000000000278, 1.599999999999998979 ) ) ;
#5613 = ADVANCED_FACE ( 'NONE', ( #9974 ), #9267, .T. ) ;
#5614 = CARTESIAN_POINT ( 'NONE',  ( 0.7245052471812269967, 1.190099999999999714, 0.2801031225350935072 ) ) ;
#5615 = CARTESIAN_POINT ( 'NONE',  ( 0.4052453844570355623, 1.190099999999999714, -0.6864108730609171927 ) ) ;
#5616 = VECTOR ( 'NONE', #7205, 1000.000000000000000 ) ;
#5617 = FACE_OUTER_BOUND ( 'NONE', #9687, .T. ) ;
#5618 = ORIENTED_EDGE ( 'NONE', *, *, #3745, .F. ) ;
#5619 = CARTESIAN_POINT ( 'NONE',  ( -0.7582771200053256555, 1.190099999999999936, -0.6756718252418384418 ) ) ;
#5620 = VERTEX_POINT ( 'NONE', #5245 ) ;
#5621 = DIRECTION ( 'NONE',  ( 1.000000000000000000, -0.0000000000000000000, 0.0000000000000000000 ) ) ;
#5622 = CARTESIAN_POINT ( 'NONE',  ( 0.6823004944171604524, 1.189999999999999947, 0.2586563581175293502 ) ) ;
#5623 = CARTESIAN_POINT ( 'NONE',  ( -4.000000000000000888, -0.05000000000000000278, -1.599999999999997868 ) ) ;
#5624 = CARTESIAN_POINT ( 'NONE',  ( 0.3913697103490017537, 1.190000000000000169, -0.4355647285541685565 ) ) ;
#5625 = ORIENTED_EDGE ( 'NONE', *, *, #8079, .T. ) ;
#5626 = FACE_OUTER_BOUND ( 'NONE', #6772, .T. ) ;
#5627 = DIRECTION ( 'NONE',  ( 0.0000000000000000000, 0.0000000000000000000, 1.000000000000000000 ) ) ;
#5628 = CARTESIAN_POINT ( 'NONE',  ( 0.2321533479912955278, 1.189999999999999947, -0.5181828625855683379 ) ) ;
#5629 = ORIENTED_EDGE ( 'NONE', *, *, #4218, .T. ) ;
#5630 = CARTESIAN_POINT ( 'NONE',  ( -0.6917678518479776217, 1.190000000000001057, -0.5229759581698075754 ) ) ;
#5631 = CARTESIAN_POINT ( 'NONE',  ( -1.033745239037354935, 1.189999999999999947, -0.3755136863863319241 ) ) ;
#5632 = DIRECTION ( 'NONE',  ( -0.0000000000000000000, -1.000000000000000000, -0.0000000000000000000 ) ) ;
#5633 = CARTESIAN_POINT ( 'NONE',  ( 0.1261639299944415649, 1.190100000000000158, -0.4949133910400214664 ) ) ;
#5634 = CARTESIAN_POINT ( 'NONE',  ( -1.226886888929727082, 1.190100000000000158, -0.6221771480164287604 ) ) ;
#5635 = CARTESIAN_POINT ( 'NONE',  ( -0.7874656756144471359, 1.190000000000000169, -0.7146101567865661419 ) ) ;
#5636 = CARTESIAN_POINT ( 'NONE',  ( 1.358710059481854193, 1.190099999999999936, -0.4602872098572230453 ) ) ;
#5637 = CARTESIAN_POINT ( 'NONE',  ( -0.4752130172909013184, 1.189999999999999725, -0.3658127919532380146 ) ) ;
#5638 = VERTEX_POINT ( 'NONE', #8395 ) ;
#5639 = CARTESIAN_POINT ( 'NONE',  ( -0.6261179988167699939, 1.189999999999999725, -0.6525393367837477587 ) ) ;
#5640 = CARTESIAN_POINT ( 'NONE',  ( 0.4330690338408282880, 1.190000000000000391, -0.5292775944726076931 ) ) ;
#5641 = CARTESIAN_POINT ( 'NONE',  ( 0.4673177866444779838, 1.190099999999999714, -0.2983035947133309551 ) ) ;
#5642 = CARTESIAN_POINT ( 'NONE',  ( 0.02360433342965299539, 1.190099999999999936, -0.3494916981514638032 ) ) ;
#5643 = EDGE_CURVE ( 'NONE', #4845, #3860, #7778, .T. ) ;
#5644 = ORIENTED_EDGE ( 'NONE', *, *, #8205, .F. ) ;
#5645 = CARTESIAN_POINT ( 'NONE',  ( 0.6511785587512202156, 1.190000000000000613, -0.4760398796458437110 ) ) ;
#5646 = CARTESIAN_POINT ( 'NONE',  ( 0.5042228799946745221, 1.190000000000000391, -0.2961846457546589706 ) ) ;
#5647 = CARTESIAN_POINT ( 'NONE',  ( 0.5071876235844181569, 1.190099999999999936, -0.7166974662674795438 ) ) ;
#5648 = CARTESIAN_POINT ( 'NONE',  ( -0.4975940367930368757, 1.190099999999999936, -0.3016625478291161122 ) ) ;
#5649 = CARTESIAN_POINT ( 'NONE',  ( 0.04598157838441197659, 1.190000000000000169, -0.4138329094234736161 ) ) ;
#5650 = ORIENTED_EDGE ( 'NONE', *, *, #6568, .F. ) ;
#5651 = PLANE ( 'NONE',  #4958 ) ;
#5652 = DIRECTION ( 'NONE',  ( -0.0000000000000000000, -1.000000000000000000, -0.0000000000000000000 ) ) ;
#5653 = ADVANCED_FACE ( 'NONE', ( #3709 ), #7004, .T. ) ;
#5654 = CARTESIAN_POINT ( 'NONE',  ( -0.7050719918001974174, 1.189999999999999947, -0.4518737483187615367 ) ) ;
#5655 = ORIENTED_EDGE ( 'NONE', *, *, #6350, .F. ) ;
#5656 = ORIENTED_EDGE ( 'NONE', *, *, #8564, .F. ) ;
#5657 = CARTESIAN_POINT ( 'NONE',  ( -0.4541299328053145512, 1.190100000000000158, -0.3217496399901882964 ) ) ;
#5658 = CARTESIAN_POINT ( 'NONE',  ( 3.839783448439274327, 1.189999999999999947, -1.439783448439272195 ) ) ;
#5659 = CARTESIAN_POINT ( 'NONE',  ( -0.6585939141672214614, 1.189999999999999947, -0.4972057088031732741 ) ) ;
#5660 = CARTESIAN_POINT ( 'NONE',  ( 0.3645643009038143645, 1.190099999999999936, -0.6269546623028049437 ) ) ;
#5661 = CARTESIAN_POINT ( 'NONE',  ( 0.8540899440292086808, 1.190099999999999714, 0.3193028809840343651 ) ) ;
#5662 = ORIENTED_EDGE ( 'NONE', *, *, #2180, .F. ) ;
#5663 = CARTESIAN_POINT ( 'NONE',  ( 0.4115547532635562278, 1.190099999999999492, -0.6257856737864181396 ) ) ;
#5664 = EDGE_CURVE ( 'NONE', #239, #3070, #8791, .T. ) ;
#5665 = VERTEX_POINT ( 'NONE', #9363 ) ;
#5666 = CARTESIAN_POINT ( 'NONE',  ( 0.8240489228139743494, 1.189999999999999947, 0.3704293664395317820 ) ) ;
#5667 = EDGE_LOOP ( 'NONE', ( #6265, #969, #113, #1654 ) ) ;
#5668 = DIRECTION ( 'NONE',  ( 0.0000000000000000000, 0.9845625077859065932, -0.1750333347174941323 ) ) ;
#5669 = CARTESIAN_POINT ( 'NONE',  ( -0.6569640164462412502, 1.190100000000000158, -0.6026984182827147540 ) ) ;
#5670 = DIRECTION ( 'NONE',  ( -1.000000000000000000, -0.0000000000000000000, -0.0000000000000000000 ) ) ;
#5671 = CARTESIAN_POINT ( 'NONE',  ( 0.4834428449331980016, 1.190000000000000169, -0.5048845708046624248 ) ) ;
#5672 = ORIENTED_EDGE ( 'NONE', *, *, #5603, .F. ) ;
#5673 = CARTESIAN_POINT ( 'NONE',  ( -0.6420468662771655621, 1.190000000000000391, -0.5160988207198516919 ) ) ;
#5674 = CARTESIAN_POINT ( 'NONE',  ( 0.9039487637545532417, 1.189999999999999947, 0.2595488959645285143 ) ) ;
#5675 = CARTESIAN_POINT ( 'NONE',  ( -0.3541104533386589814, 1.190099999999999936, -0.7064410560110692128 ) ) ;
#5676 = VERTEX_POINT ( 'NONE', #2322 ) ;
#5677 = CARTESIAN_POINT ( 'NONE',  ( -0.7098807597913374678, 1.190100000000000158, -0.5048367718584375607 ) ) ;
#5678 = EDGE_CURVE ( 'NONE', #9028, #9095, #8743, .T. ) ;
#5679 = VERTEX_POINT ( 'NONE', #10171 ) ;
#5680 = CARTESIAN_POINT ( 'NONE',  ( -2.999999999999999556, -1.189999999999999947, 1.235659872050661745 ) ) ;
#5681 = CARTESIAN_POINT ( 'NONE',  ( 0.04757288839105887346, 1.189999999999999725, -0.4325202322734869043 ) ) ;
#5682 = CARTESIAN_POINT ( 'NONE',  ( -1.036316529234648121, 1.190099999999999492, -0.6100842389394990350 ) ) ;
#5683 = CARTESIAN_POINT ( 'NONE',  ( -0.9122758503016114018, 1.190000000000000391, -0.5975055120244913143 ) ) ;
#5684 = CARTESIAN_POINT ( 'NONE',  ( -0.7582771200053256555, 1.189999999999999947, -0.6756718252418384418 ) ) ;
#5685 = CARTESIAN_POINT ( 'NONE',  ( 0.04014649794416198098, 1.189999999999999947, -0.5161092588659554892 ) ) ;
#5686 = B_SPLINE_CURVE_WITH_KNOTS ( 'NONE', 3,
 ( #564, #5138, #8280, #3697, #6829, #9961, #1235, #4369, #455, #3594, #9866, #2835, #5184, #5963, #9097, #8326, #1284, #4419, #3739 ),
 .UNSPECIFIED., .F., .F.,
 ( 4, 1, 1, 1, 1, 1, 1, 1, 1, 1, 1, 1, 1, 1, 1, 1, 4 ),
 ( 0.0000000000000000000, 0.06580764581069481478, 0.1293942736680554761, 0.1908940606321904709, 0.2512810689298357048, 0.3108149644652735133, 0.3703709874482450926, 0.4307682625897269468, 0.4928812506175027086, 0.5551039481552504373, 0.6160670509938430683, 0.6772560331746542150, 0.7382598051991167143, 0.8007621343762960642, 0.8647775815744846994, 0.9310452949994036942, 1.000000000000000000 ),
 .UNSPECIFIED. ) ;
#5687 = B_SPLINE_SURFACE_WITH_KNOTS ( 'NONE', 3, 1, ( 
 ( #5532, #2614 ),
 ( #7965, #4157 ),
 ( #8120, #5683 ),
 ( #1795, #143 ),
 ( #9606, #4976 ),
 ( #7286, #4871 ),
 ( #7917, #3289 ),
 ( #2517, #8734 ),
 ( #4099, #4777 ),
 ( #3234, #1696 ),
 ( #9500, #8012 ),
 ( #6423, #8833 ),
 ( #3386, #245 ),
 ( #5738, #9555 ),
 ( #8681, #4002 ),
 ( #875, #5635 ),
 ( #8787, #1745 ),
 ( #3189, #974 ),
 ( #7236, #4923 ) ),
 .UNSPECIFIED., .F., .F., .F.,
 ( 4, 1, 1, 1, 1, 1, 1, 1, 1, 1, 1, 1, 1, 1, 1, 1, 4 ),
 ( 2, 2 ),
 ( 0.0000000000000000000, 0.06245950197064258080, 0.1229088379197218750, 0.1816789252333549654, 0.2401525926561263458, 0.2982536086166063249, 0.3572605892586150356, 0.4177149858893287604, 0.4800980320137073210, 0.5434871171908048915, 0.6058936981674255540, 0.6684706421132323717, 0.7319378633808535373, 0.7960381993776410869, 0.8616927542954176955, 0.9296444076927371514, 1.000000000000000000 ),
 ( 0.0000000000000000000, 1.000000000000000000 ),
 .UNSPECIFIED. ) ;
#5688 = VERTEX_POINT ( 'NONE', #5490 ) ;
#5689 = DIRECTION ( 'NONE',  ( 1.000000000000000000, 0.0000000000000000000, 0.0000000000000000000 ) ) ;
#5690 = CARTESIAN_POINT ( 'NONE',  ( -1.094927553141952670, 1.190100000000000380, -0.7133910476984124394 ) ) ;
#5691 = CARTESIAN_POINT ( 'NONE',  ( 0.6201577446863020260, 1.190099999999999714, -0.4194157750182719857 ) ) ;
#5692 = DIRECTION ( 'NONE',  ( 1.000000000000000000, -0.0000000000000000000, -0.0000000000000000000 ) ) ;
#5693 = ORIENTED_EDGE ( 'NONE', *, *, #5513, .F. ) ;
#5694 = CARTESIAN_POINT ( 'NONE',  ( 0.02834522189556048719, 1.190099999999999936, -0.4991897039779127909 ) ) ;
#5695 = CARTESIAN_POINT ( 'NONE',  ( 0.4247469428993211338, 1.189999999999999725, -0.5329535526296891312 ) ) ;
#5696 = CARTESIAN_POINT ( 'NONE',  ( 0.5839055308877351136, 1.190099999999999936, -0.5318073511006347065 ) ) ;
#5697 = SURFACE_SIDE_STYLE ('',( #7251 ) ) ;
#5698 = DIRECTION ( 'NONE',  ( 1.000000000000000000, -0.0000000000000000000, -0.0000000000000000000 ) ) ;
#5699 = ORIENTED_EDGE ( 'NONE', *, *, #7883, .T. ) ;
#5700 = CARTESIAN_POINT ( 'NONE',  ( 0.3894792902510847421, 1.189999999999999947, -0.4184602867802999504 ) ) ;
#5701 = CARTESIAN_POINT ( 'NONE',  ( -1.069504716924347232, 1.190099999999999936, -0.3055220960599225322 ) ) ;
#5702 = VECTOR ( 'NONE', #6663, 1000.000000000000000 ) ;
#5703 = CARTESIAN_POINT ( 'NONE',  ( 0.1707453966709824023, 1.190099999999999714, -0.5368863150501682613 ) ) ;
#5704 = CARTESIAN_POINT ( 'NONE',  ( 0.8142911319541177306, 1.189999999999999947, 0.3713866735789874141 ) ) ;
#5705 = EDGE_LOOP ( 'NONE', ( #9288, #2497, #3379, #2713 ) ) ;
#5706 = PRESENTATION_LAYER_ASSIGNMENT (  '', '', ( #5876 ) ) ;
#5707 = CARTESIAN_POINT ( 'NONE',  ( 0.1372507117244878283, 1.189999999999999947, -0.2963578674344338193 ) ) ;
#5708 = LINE ( 'NONE', #9839, #2981 ) ;
#5709 = AXIS2_PLACEMENT_3D ( 'NONE', #3847, #9204, #9872 ) ;
#5710 = CARTESIAN_POINT ( 'NONE',  ( 0.5404273741684365584, 1.189999999999999503, -0.5029785811256255457 ) ) ;
#5711 = EDGE_CURVE ( 'NONE', #9577, #5839, #4053, .T. ) ;
#5712 = CARTESIAN_POINT ( 'NONE',  ( 0.8851007132114225850, 1.190099999999999936, 0.2941484331070599034 ) ) ;
#5713 = FACE_OUTER_BOUND ( 'NONE', #7308, .T. ) ;
#5714 = VERTEX_POINT ( 'NONE', #4781 ) ;
#5715 = VECTOR ( 'NONE', #2487, 1000.000000000000000 ) ;
#5716 = CARTESIAN_POINT ( 'NONE',  ( 0.8142911319541177306, 1.189999999999999947, 0.3713866735789874141 ) ) ;
#5717 = ORIENTED_EDGE ( 'NONE', *, *, #4754, .F. ) ;
#5718 = CARTESIAN_POINT ( 'NONE',  ( 0.9065154709588945092, 1.189999999999999947, 0.2103312939780788426 ) ) ;
#5719 = CARTESIAN_POINT ( 'NONE',  ( -1.008031982465956267, 1.190099999999999936, -0.5072540075947967741 ) ) ;
#5720 = DIRECTION ( 'NONE',  ( -1.000000000000000000, 0.0000000000000000000, 0.0000000000000000000 ) ) ;
#5721 = CARTESIAN_POINT ( 'NONE',  ( 0.6823004944171604524, 1.190099999999999936, 0.2586563581175293502 ) ) ;
#5722 = ORIENTED_EDGE ( 'NONE', *, *, #1873, .F. ) ;
#5723 = LINE ( 'NONE', #3481, #1990 ) ;
#5724 = CARTESIAN_POINT ( 'NONE',  ( 0.8098429063798688876, 1.190000000000000169, 0.3303574267232465278 ) ) ;
#5725 = CARTESIAN_POINT ( 'NONE',  ( 0.4026379702226234869, 1.190000000000000169, -0.4592353767407745258 ) ) ;
#5726 = EDGE_CURVE ( 'NONE', #6853, #9873, #6988, .T. ) ;
#5727 = ORIENTED_EDGE ( 'NONE', *, *, #7507, .F. ) ;
#5728 = VECTOR ( 'NONE', #4774, 1000.000000000000000 ) ;
#5729 = EDGE_LOOP ( 'NONE', ( #6235, #341, #3257, #8216 ) ) ;
#5730 = CARTESIAN_POINT ( 'NONE',  ( -0.9900078892360949512, 1.190099999999999936, -0.6127711842161974731 ) ) ;
#5731 = SURFACE_STYLE_FILL_AREA ( #2559 ) ;
#5732 = FACE_OUTER_BOUND ( 'NONE', #6571, .T. ) ;
#5733 = VECTOR ( 'NONE', #7725, 1000.000000000000000 ) ;
#5734 = DIRECTION ( 'NONE',  ( 1.000000000000000000, -0.0000000000000000000, -0.0000000000000000000 ) ) ;
#5735 = B_SPLINE_CURVE_WITH_KNOTS ( 'NONE', 3,
 ( #9150, #8389, #4482, #6837, #3705, #9971, #2987, #2934, #4001, #5584, #8585, #9359, #1493, #2461, #3137, #9452, #4623, #7134, #3080 ),
 .UNSPECIFIED., .F., .F.,
 ( 4, 1, 1, 1, 1, 1, 1, 1, 1, 1, 1, 1, 1, 1, 1, 1, 4 ),
 ( 0.0000000000000000000, 0.06580764581069481478, 0.1293942736680554761, 0.1908940606321904709, 0.2512810689298357048, 0.3108149644652735133, 0.3703709874482450926, 0.4307682625897269468, 0.4928812506175027086, 0.5551039481552504373, 0.6160670509938430683, 0.6772560331746542150, 0.7382598051991167143, 0.8007621343762960642, 0.8647775815744846994, 0.9310452949994036942, 1.000000000000000000 ),
 .UNSPECIFIED. ) ;
#5736 = AXIS2_PLACEMENT_3D ( 'NONE', #9890, #4493, #584 ) ;
#5737 = CARTESIAN_POINT ( 'NONE',  ( -1.162768225844073466, 1.190099999999999936, -0.6724809964728128975 ) ) ;
#5738 = CARTESIAN_POINT ( 'NONE',  ( -0.8164772366142718507, 1.190100000000000158, -0.7075529071732825637 ) ) ;
#5739 = FACE_OUTER_BOUND ( 'NONE', #9886, .T. ) ;
#5740 = CARTESIAN_POINT ( 'NONE',  ( -0.8172372212857335061, 1.190100000000000380, -0.6621989519536980451 ) ) ;
#5741 = CARTESIAN_POINT ( 'NONE',  ( 0.01493267045984364438, 1.190000000000000169, -0.4764331545158594361 ) ) ;
#5742 = EDGE_CURVE ( 'NONE', #4690, #9864, #7187, .T. ) ;
#5743 = EDGE_CURVE ( 'NONE', #5892, #5638, #4346, .T. ) ;
#5744 = ORIENTED_EDGE ( 'NONE', *, *, #6316, .T. ) ;
#5745 = CARTESIAN_POINT ( 'NONE',  ( -3.999999999999999112, 1.189999999999999947, 1.439783448439273528 ) ) ;
#5746 = CARTESIAN_POINT ( 'NONE',  ( -0.9943035737436592969, 1.189999999999999503, -0.6390469598572341425 ) ) ;
#5747 = VECTOR ( 'NONE', #1890, 1000.000000000000000 ) ;
#5748 = VECTOR ( 'NONE', #2583, 1000.000000000000000 ) ;
#5749 = CARTESIAN_POINT ( 'NONE',  ( 2.987479944133196508, 1.139999999999999902, 0.3679729582648805786 ) ) ;
#5750 = CARTESIAN_POINT ( 'NONE',  ( 2.999999999999999556, -0.1000000000000014766, 1.899999999999999911 ) ) ;
#5751 = ORIENTED_EDGE ( 'NONE', *, *, #5187, .F. ) ;
#5752 = CARTESIAN_POINT ( 'NONE',  ( 0.002547949518588882214, 1.190099999999999936, -0.4432921793018514411 ) ) ;
#5753 = CARTESIAN_POINT ( 'NONE',  ( 0.3909183298205261559, 1.189999999999999725, -0.5557344245816120409 ) ) ;
#5754 = CARTESIAN_POINT ( 'NONE',  ( 0.1358239768813224446, 1.189999999999999947, -0.3374730500996714344 ) ) ;
#5755 = CARTESIAN_POINT ( 'NONE',  ( -0.9247628703680533802, 1.190099999999999936, -0.1387795393183680615 ) ) ;
#5756 = VECTOR ( 'NONE', #8145, 1000.000000000000000 ) ;
#5757 = CARTESIAN_POINT ( 'NONE',  ( 0.1559546480824039738, 1.189999999999999503, -0.3374752903484423694 ) ) ;
#5758 = EDGE_LOOP ( 'NONE', ( #4851, #3636, #863, #8510 ) ) ;
#5759 = LINE ( 'NONE', #4944, #9399 ) ;
#5760 = CARTESIAN_POINT ( 'NONE',  ( -1.032559211748344641, 1.190000000000000835, -0.3222244849439107606 ) ) ;
#5761 = VECTOR ( 'NONE', #6551, 1000.000000000000000 ) ;
#5762 = CARTESIAN_POINT ( 'NONE',  ( -0.8202162225694281661, 1.190099999999999936, -0.3474666970367102370 ) ) ;
#5763 = LINE ( 'NONE', #8804, #5715 ) ;
#5764 = ORIENTED_EDGE ( 'NONE', *, *, #660, .F. ) ;
#5765 = EDGE_CURVE ( 'NONE', #1389, #626, #4729, .T. ) ;
#5766 = CARTESIAN_POINT ( 'NONE',  ( -0.6720916580811280294, 1.189999999999999947, -0.5462134852137382479 ) ) ;
#5767 = CARTESIAN_POINT ( 'NONE',  ( 1.276658777430572211, 1.189999999999999947, -0.3064410560110692461 ) ) ;
#5768 = LINE ( 'NONE', #1154, #17 ) ;
#5769 = LINE ( 'NONE', #8962, #684 ) ;
#5770 = CARTESIAN_POINT ( 'NONE',  ( -3.999999999999999112, 0.05000000000000000278, 1.600000000000000089 ) ) ;
#5771 = DIRECTION ( 'NONE',  ( -0.7766884566466941697, 0.0000000000000000000, -0.6298849429155902735 ) ) ;
#5772 = CARTESIAN_POINT ( 'NONE',  ( 0.4136441289302948965, 1.190100000000000158, -0.6316471341670061301 ) ) ;
#5773 = ORIENTED_EDGE ( 'NONE', *, *, #3898, .T. ) ;
#5774 = CARTESIAN_POINT ( 'NONE',  ( 0.5090068576730906180, 1.189999999999999947, -0.3372834134040214038 ) ) ;
#5775 = VERTEX_POINT ( 'NONE', #7138 ) ;
#5776 = PRESENTATION_LAYER_ASSIGNMENT (  '', '', ( #8088 ) ) ;
#5777 = EDGE_CURVE ( 'NONE', #7806, #2296, #4136, .T. ) ;
#5778 = CARTESIAN_POINT ( 'NONE',  ( 0.8509608116800982947, 1.189999999999999947, 0.1465871747810015835 ) ) ;
#5779 = CARTESIAN_POINT ( 'NONE',  ( 0.1492838177713073367, 1.190099999999999936, -0.3372996543800642621 ) ) ;
#5780 = FACE_OUTER_BOUND ( 'NONE', #3442, .T. ) ;
#5781 = ORIENTED_EDGE ( 'NONE', *, *, #3415, .F. ) ;
#5782 = CARTESIAN_POINT ( 'NONE',  ( -3.999999999999999112, 0.05000000000000066197, 1.600000000000000089 ) ) ;
#5783 = CARTESIAN_POINT ( 'NONE',  ( 0.7207788758952863306, 1.190100000000000158, 0.2698023978113138766 ) ) ;
#5784 = PRESENTATION_STYLE_ASSIGNMENT (( #9082 ) ) ;
#5785 = VERTEX_POINT ( 'NONE', #1648 ) ;
#5786 = AXIS2_PLACEMENT_3D ( 'NONE', #8546, #6665, #4641 ) ;
#5787 = VERTEX_POINT ( 'NONE', #97 ) ;
#5788 = ORIENTED_EDGE ( 'NONE', *, *, #5872, .T. ) ;
#5789 = CARTESIAN_POINT ( 'NONE',  ( -0.6572690893477788343, 1.190099999999999936, -0.5815653212924114523 ) ) ;
#5790 = UNCERTAINTY_MEASURE_WITH_UNIT (LENGTH_MEASURE( 1.000000000000000082E-05 ), #2708, 'distance_accuracy_value', 'NONE');
#5791 = CARTESIAN_POINT ( 'NONE',  ( -1.161942357547540716, 1.190099999999999936, 0.06634866580983704576 ) ) ;
#5792 = EDGE_CURVE ( 'NONE', #925, #6852, #5058, .T. ) ;
#5793 =( NAMED_UNIT ( * ) PLANE_ANGLE_UNIT ( ) SI_UNIT ( $, .RADIAN. ) );
#5794 = CARTESIAN_POINT ( 'NONE',  ( 0.04991083949027355637, 1.190100000000000158, -0.4400728724974801165 ) ) ;
#5795 =( NAMED_UNIT ( * ) SI_UNIT ( $, .STERADIAN. ) SOLID_ANGLE_UNIT ( ) );
#5796 = CARTESIAN_POINT ( 'NONE',  ( -1.137082112356754271, 1.190099999999999936, -0.6755160844081863347 ) ) ;
#5797 = CARTESIAN_POINT ( 'NONE',  ( -1.060647004361211287, 1.190099999999999714, -0.4887366809748847074 ) ) ;
#5798 = CARTESIAN_POINT ( 'NONE',  ( -0.6127525149120492953, 1.190100000000000380, -0.6201710533681613624 ) ) ;
#5799 = CARTESIAN_POINT ( 'NONE',  ( 0.1826394722748262145, 1.189999999999999725, -0.2998913251336196573 ) ) ;
#5800 = DIRECTION ( 'NONE',  ( 0.0000000000000000000, -5.808225924029490901E-18, 1.000000000000000000 ) ) ;
#5801 = ORIENTED_EDGE ( 'NONE', *, *, #9143, .F. ) ;
#5802 = CARTESIAN_POINT ( 'NONE',  ( 0.4760399899723772865, 1.189999999999999947, -0.6732237716534921201 ) ) ;
#5803 = CARTESIAN_POINT ( 'NONE',  ( -1.077125058166274796, 1.189999999999999281, -0.7089182422630945224 ) ) ;
#5804 = CARTESIAN_POINT ( 'NONE',  ( -1.036161735389941052, 1.190099999999999936, -0.6129314406264538828 ) ) ;
#5805 = CARTESIAN_POINT ( 'NONE',  ( -1.131674555902761892, 1.190100000000000158, -0.6756718252418385529 ) ) ;
#5806 = ADVANCED_FACE ( 'NONE', ( #4211 ), #7292, .T. ) ;
#5807 = ORIENTED_EDGE ( 'NONE', *, *, #27, .T. ) ;
#5808 = EDGE_CURVE ( 'NONE', #438, #1192, #6639, .T. ) ;
#5809 = CARTESIAN_POINT ( 'NONE',  ( 0.6652136654510759639, 1.190099999999999714, -0.4391792031662575257 ) ) ;
#5810 = CARTESIAN_POINT ( 'NONE',  ( 1.015393443135109264, 1.190099999999999936, 0.3544095632457344713 ) ) ;
#5811 = CARTESIAN_POINT ( 'NONE',  ( 0.5941257097322144576, 1.189999999999999503, -0.5366638755355624957 ) ) ;
#5812 = CARTESIAN_POINT ( 'NONE',  ( 0.2294842821224619411, 1.190100000000000158, -0.4608940451717325471 ) ) ;
#5813 = CARTESIAN_POINT ( 'NONE',  ( 0.1165454280587317065, 1.190000000000000391, -0.3403338216518881354 ) ) ;
#5814 = ORIENTED_EDGE ( 'NONE', *, *, #9683, .F. ) ;
#5815 = DIRECTION ( 'NONE',  ( 0.0000000000000000000, -1.000000000000000000, -5.808225924029490901E-18 ) ) ;
#5816 = LINE ( 'NONE', #9733, #1997 ) ;
#5817 = ADVANCED_FACE ( 'NONE', ( #8174 ), #7920, .T. ) ;
#5818 = DIRECTION ( 'NONE',  ( 0.0000000000000000000, 1.689548385456578164E-14, -1.000000000000000000 ) ) ;
#5819 = EDGE_LOOP ( 'NONE', ( #6269, #1907, #5374, #282 ) ) ;
#5820 = CARTESIAN_POINT ( 'NONE',  ( -0.6659507335348241464, 1.190000000000000169, -0.5563539613018817498 ) ) ;
#5821 = CARTESIAN_POINT ( 'NONE',  ( -0.6792994995532325442, 1.190000000000000169, -0.6457346736131439613 ) ) ;
#5822 = CARTESIAN_POINT ( 'NONE',  ( -1.149061424196837988, 1.190099999999999714, -0.2964806230609356996 ) ) ;
#5823 = CARTESIAN_POINT ( 'NONE',  ( -0.9902173295608543979, 1.189999999999999947, -0.6171742335208265651 ) ) ;
#5824 = B_SPLINE_CURVE_WITH_KNOTS ( 'NONE', 3,
 ( #4661, #3837, #3067, #751, #3882, #5470, #8618, #4711, #5325, #7849, #802, #3932, #6159, #3217, #9296, #7070, #7695, #33, #6308, #9437, #859, #6353, #3987, #9481, #9287, #1465, #2197 ),
 .UNSPECIFIED., .F., .F.,
 ( 4, 1, 1, 1, 1, 1, 1, 1, 1, 1, 1, 1, 1, 1, 1, 1, 1, 1, 1, 1, 1, 1, 1, 1, 4 ),
 ( 0.0000000000000000000, 0.04401447057613995517, 0.08743412366770575428, 0.1301183986578981489, 0.1725536945581826187, 0.2145547559681393046, 0.2562980920971311138, 0.2984382251332501346, 0.3408490025880958618, 0.3827151889670271090, 0.4239240454075317577, 0.4642462432504176340, 0.5040736714617958247, 0.5438619058684915908, 0.5835667249796537837, 0.6230943188523337950, 0.6632290607685848993, 0.7035512586114706091, 0.7439378946861846531, 0.7845412548000927355, 0.8257501112405972732, 0.8677573633885065085, 0.9107451640323095399, 0.9549144468914779749, 1.000000000000000000 ),
 .UNSPECIFIED. ) ;
#5825 = CARTESIAN_POINT ( 'NONE',  ( -1.001080697259455476, 1.190100000000000380, -0.4999707832937704266 ) ) ;
#5826 = VERTEX_POINT ( 'NONE', #4712 ) ;
#5827 = CARTESIAN_POINT ( 'NONE',  ( 0.4590734458146898400, 1.190099999999999936, -0.6685546236907158324 ) ) ;
#5828 = VERTEX_POINT ( 'NONE', #1010 ) ;
#5829 = CARTESIAN_POINT ( 'NONE',  ( -0.8634121375170678014, 1.190099999999999714, -0.6039695484847091844 ) ) ;
#5830 = ORIENTED_EDGE ( 'NONE', *, *, #9176, .F. ) ;
#5831 = CARTESIAN_POINT ( 'NONE',  ( 0.7708421610838273041, 1.190100000000000158, 0.1074544350406062970 ) ) ;
#5832 = CARTESIAN_POINT ( 'NONE',  ( 0.6202485210203155797, 1.189999999999999947, -0.4222263124213256336 ) ) ;
#5833 = CARTESIAN_POINT ( 'NONE',  ( 1.256659468776134991, 1.190099999999999936, -0.03877953931836808366 ) ) ;
#5834 = VERTEX_POINT ( 'NONE', #9438 ) ;
#5835 = CARTESIAN_POINT ( 'NONE',  ( -1.210200196928402638, 1.190099999999999936, -0.3588449021649153803 ) ) ;
#5836 = CARTESIAN_POINT ( 'NONE',  ( 0.3640660021007244285, 1.190099999999999936, -0.6098670169682739450 ) ) ;
#5837 = LINE ( 'NONE', #8214, #632 ) ;
#5838 = ORIENTED_EDGE ( 'NONE', *, *, #2798, .F. ) ;
#5839 = VERTEX_POINT ( 'NONE', #6309 ) ;
#5840 = CARTESIAN_POINT ( 'NONE',  ( -0.9934163628436019078, 1.189999999999999725, -0.5881029146794161111 ) ) ;
#5841 = VERTEX_POINT ( 'NONE', #3933 ) ;
#5842 = CARTESIAN_POINT ( 'NONE',  ( 0.2775492641636610469, 1.190099999999999936, -0.3635563790967718534 ) ) ;
#5843 = CARTESIAN_POINT ( 'NONE',  ( -0.4752130172909013184, 1.190099999999999714, -0.3658127919532380146 ) ) ;
#5844 = CARTESIAN_POINT ( 'NONE',  ( -0.6109079793970793038, 1.190100000000000158, -0.6085321008299042767 ) ) ;
#5845 = CARTESIAN_POINT ( 'NONE',  ( -1.015826192967783204, 1.190000000000001723, -0.4255586632400336078 ) ) ;
#5846 = CARTESIAN_POINT ( 'NONE',  ( -0.6105207097489153689, 1.189999999999999947, -0.5966654149854283551 ) ) ;
#5847 = CARTESIAN_POINT ( 'NONE',  ( 0.6358640484968415274, 1.190099999999999936, -0.6521317351451476618 ) ) ;
#5848 = CARTESIAN_POINT ( 'NONE',  ( -0.4515463507745563487, 1.189999999999999725, -0.3346461842161974620 ) ) ;
#5849 = ORIENTED_EDGE ( 'NONE', *, *, #7982, .T. ) ;
#5850 = CARTESIAN_POINT ( 'NONE',  ( -1.036234632526307875, 1.190000000000000835, -0.6150203684777502122 ) ) ;
#5851 = EDGE_CURVE ( 'NONE', #10136, #2651, #4566, .T. ) ;
#5852 = CARTESIAN_POINT ( 'NONE',  ( -1.044458439337743405, 1.189999999999999281, -0.6950293726438081521 ) ) ;
#5853 = CARTESIAN_POINT ( 'NONE',  ( -1.206814152419335429, 1.190099999999999936, 0.3612204606816319385 ) ) ;
#5854 = LINE ( 'NONE', #7506, #9177 ) ;
#5855 = ORIENTED_EDGE ( 'NONE', *, *, #7002, .F. ) ;
#5856 = CARTESIAN_POINT ( 'NONE',  ( 0.6615835926586369764, 1.190000000000000169, -0.4546241401810442451 ) ) ;
#5857 = DIRECTION ( 'NONE',  ( 0.0000000000000000000, -0.0000000000000000000, 1.000000000000000000 ) ) ;
#5858 = CARTESIAN_POINT ( 'NONE',  ( 0.04761096705653979078, 1.190100000000000158, -0.4007060379595790423 ) ) ;
#5859 = CARTESIAN_POINT ( 'NONE',  ( -0.06180276103096667140, 1.189999999999999947, -0.7064410560110692128 ) ) ;
#5860 = VERTEX_POINT ( 'NONE', #77 ) ;
#5861 = DIRECTION ( 'NONE',  ( 0.0000000000000000000, 0.0000000000000000000, -1.000000000000000000 ) ) ;
#5862 = EDGE_CURVE ( 'NONE', #1833, #6153, #1884, .T. ) ;
#5863 = CARTESIAN_POINT ( 'NONE',  ( -1.130177423783113477, 1.190000000000001057, -0.2962239025389677427 ) ) ;
#5864 = CARTESIAN_POINT ( 'NONE',  ( 0.4117244026639840793, 1.189999999999999947, -0.6011332684009236260 ) ) ;
#5865 = VERTEX_POINT ( 'NONE', #3324 ) ;
#5866 = CARTESIAN_POINT ( 'NONE',  ( -0.7328068049943283757, 1.189999999999999947, -0.4835000761845493211 ) ) ;
#5867 = B_SPLINE_CURVE_WITH_KNOTS ( 'NONE', 3,
 ( #4904, #4138, #337, #2595, #7272, #1835, #9691 ),
 .UNSPECIFIED., .F., .F.,
 ( 4, 1, 1, 1, 4 ),
 ( 0.0000000000000000000, 0.2645025626763080062, 0.5176435082820420863, 0.7632712391545269925, 0.9999999999999998890 ),
 .UNSPECIFIED. ) ;
#5868 = B_SPLINE_CURVE_WITH_KNOTS ( 'NONE', 3,
 ( #5619, #6504, #3475, #8967, #1725, #4901, #951, #8866, #386, #8153, #4298, #4852, #335, #8813, #1886, #5829, #229, #7993, #3369 ),
 .UNSPECIFIED., .F., .F.,
 ( 4, 1, 1, 1, 1, 1, 1, 1, 1, 1, 1, 1, 1, 1, 1, 1, 4 ),
 ( 0.0000000000000000000, 0.06938719182490521442, 0.1365722429923054704, 0.2009951935038461757, 0.2639866122632261169, 0.3250031185530782851, 0.3856722615036742297, 0.4460875221452472172, 0.5065218609559509755, 0.5663769299260885681, 0.6255172601700741408, 0.6843557689771045949, 0.7437446481255295394, 0.8044897488559678012, 0.8672346408614721724, 0.9320698263584569210, 1.000000000000000000 ),
 .UNSPECIFIED. ) ;
#5869 = CARTESIAN_POINT ( 'NONE',  ( -0.6569640164462412502, 1.190100000000000158, -0.6026984182827147540 ) ) ;
#5870 = CARTESIAN_POINT ( 'NONE',  ( -1.191112164536062501, 1.190100000000000380, -0.3035067976314158589 ) ) ;
#5871 = CARTESIAN_POINT ( 'NONE',  ( -1.125894974777533974, 1.190000000000000169, -0.7165401902008301516 ) ) ;
#5872 = EDGE_CURVE ( 'NONE', #3808, #239, #4814, .T. ) ;
#5873 = EDGE_CURVE ( 'NONE', #1172, #2255, #2501, .T. ) ;
#5874 = STYLED_ITEM ( 'NONE', ( #1722 ), #7606 ) ;
#5875 = VERTEX_POINT ( 'NONE', #9591 ) ;
#5876 = STYLED_ITEM ( 'NONE', ( #792 ), #1035 ) ;
#5877 = CARTESIAN_POINT ( 'NONE',  ( -0.9764621443576858573, 1.190099999999999714, -0.4627781101930281138 ) ) ;
#5878 =( NAMED_UNIT ( * ) SI_UNIT ( $, .STERADIAN. ) SOLID_ANGLE_UNIT ( ) );
#5879 = ORIENTED_EDGE ( 'NONE', *, *, #3729, .F. ) ;
#5880 = VECTOR ( 'NONE', #676, 1000.000000000000114 ) ;
#5881 = FACE_OUTER_BOUND ( 'NONE', #3761, .T. ) ;
#5882 = VERTEX_POINT ( 'NONE', #1729 ) ;
#5883 = CARTESIAN_POINT ( 'NONE',  ( 0.5785818543536489500, 1.190099999999999936, -0.5292775944726076931 ) ) ;
#5884 = ORIENTED_EDGE ( 'NONE', *, *, #3972, .T. ) ;
#5885 = CARTESIAN_POINT ( 'NONE',  ( 2.999999999999999556, -0.2001723312589749892, 1.125969363331736917 ) ) ;
#5886 = CARTESIAN_POINT ( 'NONE',  ( 0.7565849507830658682, 1.190099999999999714, 0.3166848363050556170 ) ) ;
#5887 = DIRECTION ( 'NONE',  ( 1.000000000000000000, 0.0000000000000000000, 0.0000000000000000000 ) ) ;
#5888 = ORIENTED_EDGE ( 'NONE', *, *, #8700, .F. ) ;
#5889 = VECTOR ( 'NONE', #1328, 1000.000000000000000 ) ;
#5890 = ORIENTED_EDGE ( 'NONE', *, *, #7333, .T. ) ;
#5891 = B_SPLINE_CURVE_WITH_KNOTS ( 'NONE', 3,
 ( #7967, #2519, #4873, #5637, #8014, #4101, #4160, #248, #3389, #6684, #5848 ),
 .UNSPECIFIED., .F., .F.,
 ( 4, 1, 1, 1, 1, 1, 1, 1, 4 ),
 ( 0.0000000000000000000, 0.1366281723862562969, 0.2652792452876292506, 0.3921749549972425308, 0.5212708780934628416, 0.6476503458798184010, 0.7649150461746340168, 0.8801814335384791077, 1.000000000000000000 ),
 .UNSPECIFIED. ) ;
#5892 = VERTEX_POINT ( 'NONE', #4855 ) ;
#5893 = CARTESIAN_POINT ( 'NONE',  ( 0.6823004944171604524, 1.190099999999999936, 0.2586563581175293502 ) ) ;
#5894 = CARTESIAN_POINT ( 'NONE',  ( 1.451531263647929615, 1.189999999999999947, -0.03877953931836808366 ) ) ;
#5895 = AXIS2_PLACEMENT_3D ( 'NONE', #4277, #1042, #4172 ) ;
#5896 = CARTESIAN_POINT ( 'NONE',  ( -1.165868623193591969, 1.190100000000000158, -0.3400708068734363820 ) ) ;
#5897 = CARTESIAN_POINT ( 'NONE',  ( 0.7832816776788038560, 1.190099999999999936, 0.1040201715640100694 ) ) ;
#5898 = EDGE_CURVE ( 'NONE', #4832, #1182, #7997, .T. ) ;
#5899 = CARTESIAN_POINT ( 'NONE',  ( -0.5280599797600616929, 1.189999999999999947, -0.3413401859478352174 ) ) ;
#5900 = CARTESIAN_POINT ( 'NONE',  ( -1.117205086354492893, 1.190000000000001723, -0.5036437566831113433 ) ) ;
#5901 = STYLED_ITEM ( 'NONE', ( #8964 ), #9218 ) ;
#5902 = CARTESIAN_POINT ( 'NONE',  ( -0.9732389307540405543, 1.189999999999999947, -0.4537822391715916615 ) ) ;
#5903 = CARTESIAN_POINT ( 'NONE',  ( -0.8669309661591718674, 1.189999999999999947, -0.5833641329341461290 ) ) ;
#5904 = CARTESIAN_POINT ( 'NONE',  ( 0.1570273671741616306, 1.190000000000000391, -0.5372102867803000281 ) ) ;
#5905 = ORIENTED_EDGE ( 'NONE', *, *, #5743, .T. ) ;
#5906 = DIRECTION ( 'NONE',  ( 0.0000000000000000000, 0.0000000000000000000, -1.000000000000000000 ) ) ;
#5907 = CARTESIAN_POINT ( 'NONE',  ( 0.6199784187742621855, 1.190099999999999492, -0.4138636430821152068 ) ) ;
#5908 = AXIS2_PLACEMENT_3D ( 'NONE', #5350, #5155, #5304 ) ;
#5909 = CARTESIAN_POINT ( 'NONE',  ( 0.6409435221698324137, 1.189999999999999725, -0.4892652693452180235 ) ) ;
#5910 = EDGE_LOOP ( 'NONE', ( #7376, #3535, #796, #7748 ) ) ;
#5911 = CARTESIAN_POINT ( 'NONE',  ( 0.6586147708277979573, 1.190099999999999936, -0.4619487125860637922 ) ) ;
#5912 = VECTOR ( 'NONE', #2087, 1000.000000000000000 ) ;
#5913 = CARTESIAN_POINT ( 'NONE',  ( 0.5806980883465391319, 1.190100000000000602, -0.5741794559283127652 ) ) ;
#5914 = ADVANCED_FACE ( 'NONE', ( #6846 ), #111, .T. ) ;
#5915 = CARTESIAN_POINT ( 'NONE',  ( 0.1259821714632645695, 1.190099999999999492, -0.3385022970563167921 ) ) ;
#5916 = LINE ( 'NONE', #9926, #8711 ) ;
#5917 = CARTESIAN_POINT ( 'NONE',  ( -0.5173444493714929315, 1.190100000000000380, -0.3584977641958816963 ) ) ;
#5918 = EDGE_LOOP ( 'NONE', ( #1474, #5060, #3, #4015 ) ) ;
#5919 = VECTOR ( 'NONE', #862, 1000.000000000000000 ) ;
#5920 = AXIS2_PLACEMENT_3D ( 'NONE', #551, #6099, #1999 ) ;
#5921 = DIRECTION ( 'NONE',  ( -0.0000000000000000000, -1.000000000000000000, -0.0000000000000000000 ) ) ;
#5922 = B_SPLINE_CURVE_WITH_KNOTS ( 'NONE', 3,
 ( #2580, #1817, #8341, #5391, #9319, #7573, #577, #5345, #6753, #1300, #7780 ),
 .UNSPECIFIED., .F., .F.,
 ( 4, 1, 1, 1, 1, 1, 1, 1, 4 ),
 ( 0.0000000000000000000, 0.1129932061748125938, 0.2270910399863904638, 0.3431418899910651521, 0.4623681127795702950, 0.5871540718201722076, 0.7175375472775008534, 0.8544382956063615309, 0.9999999999999998890 ),
 .UNSPECIFIED. ) ;
#5923 = CARTESIAN_POINT ( 'NONE',  ( -1.100572932142136473, 1.190000000000001279, -0.2984906010794775022 ) ) ;
#5924 = COLOUR_RGB ( '',0.2509803921568627416, 0.2509803921568627416, 0.2509803921568627416 ) ;
#5925 = CARTESIAN_POINT ( 'NONE',  ( 0.2321533479912955278, 1.190099999999999936, -0.5181828625855683379 ) ) ;
#5926 = ORIENTED_EDGE ( 'NONE', *, *, #5664, .F. ) ;
#5927 = AXIS2_PLACEMENT_3D ( 'NONE', #367, #9567, #8025 ) ;
#5928 = DIRECTION ( 'NONE',  ( 0.0000000000000000000, 0.1750333347174949650, 0.9845625077859064822 ) ) ;
#5929 = ADVANCED_FACE ( 'NONE', ( #9062 ), #9225, .F. ) ;
#5930 = LINE ( 'NONE', #2035, #7764 ) ;
#5931 = ORIENTED_EDGE ( 'NONE', *, *, #9581, .F. ) ;
#5932 = CARTESIAN_POINT ( 'NONE',  ( -0.6732390761205661045, 1.190099999999999714, -0.6393452000924485512 ) ) ;
#5933 = CARTESIAN_POINT ( 'NONE',  ( 1.377572930314596267, 1.190099999999999936, -0.03877953931836808366 ) ) ;
#5934 = FACE_OUTER_BOUND ( 'NONE', #3889, .T. ) ;
#5935 = FILL_AREA_STYLE ('',( #3622 ) ) ;
#5936 = PRESENTATION_LAYER_ASSIGNMENT (  '', '', ( #1343 ) ) ;
#5937 = DIRECTION ( 'NONE',  ( -0.8760724843746805490, 0.0000000000000000000, -0.4821794293845136359 ) ) ;
#5938 = ORIENTED_EDGE ( 'NONE', *, *, #3679, .T. ) ;
#5939 = CARTESIAN_POINT ( 'NONE',  ( -0.9803358028524898904, 1.190100000000000380, -0.4716145230859667969 ) ) ;
#5940 = DIRECTION ( 'NONE',  ( 1.000000000000000000, 0.0000000000000000000, 2.706841863525071579E-15 ) ) ;
#5941 = ADVANCED_FACE ( 'NONE', ( #9836 ), #3716, .T. ) ;
#5942 = EDGE_CURVE ( 'NONE', #6581, #2292, #5286, .T. ) ;
#5943 = AXIS2_PLACEMENT_3D ( 'NONE', #5309, #6808, #2086 ) ;
#5944 = CARTESIAN_POINT ( 'NONE',  ( 0.2457975427572151594, 1.190000000000000169, -0.4138328879089125389 ) ) ;
#5945 = CARTESIAN_POINT ( 'NONE',  ( 0.8179575456992117521, 1.190099999999999936, 0.09968199914317038557 ) ) ;
#5946 = VERTEX_POINT ( 'NONE', #9164 ) ;
#5947 = SURFACE_SIDE_STYLE ('',( #1219 ) ) ;
#5948 = CARTESIAN_POINT ( 'NONE',  ( 0.3638382646100591367, 1.189999999999999503, -0.6140532354982487506 ) ) ;
#5949 = FILL_AREA_STYLE ('',( #4252 ) ) ;
#5950 = ORIENTED_EDGE ( 'NONE', *, *, #2151, .F. ) ;
#5951 = ORIENTED_EDGE ( 'NONE', *, *, #2104, .F. ) ;
#5952 = VECTOR ( 'NONE', #4573, 1000.000000000000000 ) ;
#5953 = EDGE_LOOP ( 'NONE', ( #6894, #2966, #1018, #1503 ) ) ;
#5954 = CARTESIAN_POINT ( 'NONE',  ( -1.004497244559573010, 1.190100000000000158, -0.5658904893817341408 ) ) ;
#5955 = LINE ( 'NONE', #1383, #144 ) ;
#5956 = EDGE_CURVE ( 'NONE', #7159, #8344, #5930, .T. ) ;
#5957 = CARTESIAN_POINT ( 'NONE',  ( 0.8179575456992117521, 1.190099999999999936, 0.09968199914317038557 ) ) ;
#5958 = CARTESIAN_POINT ( 'NONE',  ( -0.5222183645309954603, 1.190099999999999714, -0.3534152615014673482 ) ) ;
#5959 = CARTESIAN_POINT ( 'NONE',  ( -1.226548307677625127, 1.190000000000000169, -0.3746142341309081081 ) ) ;
#5960 = ORIENTED_EDGE ( 'NONE', *, *, #257, .F. ) ;
#5961 = AXIS2_PLACEMENT_3D ( 'NONE', #4662, #704, #804 ) ;
#5962 = DIRECTION ( 'NONE',  ( 5.421010862427526114E-16, -0.0000000000000000000, 1.000000000000000000 ) ) ;
#5963 = CARTESIAN_POINT ( 'NONE',  ( 0.9351585296417637139, 1.190000000000000391, 0.1783148354595111285 ) ) ;
#5964 = CARTESIAN_POINT ( 'NONE',  ( 0.3434967506041724516, 1.190100000000000158, -0.4280222440508231196 ) ) ;
#5965 = ORIENTED_EDGE ( 'NONE', *, *, #4398, .F. ) ;
#5966 = CARTESIAN_POINT ( 'NONE',  ( 0.6841726205163641827, 1.190099999999999936, 0.2707461246948402733 ) ) ;
#5967 = CARTESIAN_POINT ( 'NONE',  ( 1.451531263647929615, 1.190099999999999936, -0.03877953931836808366 ) ) ;
#5968 = DIRECTION ( 'NONE',  ( 0.0000000000000000000, -1.000000000000000000, 0.0000000000000000000 ) ) ;
#5969 = DIRECTION ( 'NONE',  ( 0.0000000000000000000, 0.9845625077859065932, -0.1750333347174941045 ) ) ;
#5970 = CARTESIAN_POINT ( 'NONE',  ( 0.5875003052932122882, 1.189999999999999947, -0.5817128921253795770 ) ) ;
#5971 = CARTESIAN_POINT ( 'NONE',  ( -1.024279864883060887, 1.189999999999999503, -0.4545347560620714988 ) ) ;
#5972 = CARTESIAN_POINT ( 'NONE',  ( -0.9979966268748423630, 1.190099999999999936, -0.5766532138575880539 ) ) ;
#5973 = CARTESIAN_POINT ( 'NONE',  ( -0.4925822863094737047, 1.190099999999999936, -0.3678516812273724401 ) ) ;
#5974 = ORIENTED_EDGE ( 'NONE', *, *, #4531, .F. ) ;
#5975 = CARTESIAN_POINT ( 'NONE',  ( 0.8963616314468594304, 1.190099999999999714, 0.2777376628250272095 ) ) ;
#5976 = CARTESIAN_POINT ( 'NONE',  ( 0.06238693859372572426, 1.190100000000000158, -0.4608909332258375735 ) ) ;
#5977 = ADVANCED_FACE ( 'NONE', ( #9638 ), #5156, .T. ) ;
#5978 = CARTESIAN_POINT ( 'NONE',  ( 0.6664023671741616806, 1.189999999999999947, -0.4229474662674794772 ) ) ;
#5979 = ORIENTED_EDGE ( 'NONE', *, *, #3765, .F. ) ;
#5980 = CARTESIAN_POINT ( 'NONE',  ( 2.499999999999999556, 0.05000000000000000278, 1.599999999999999201 ) ) ;
#5981 = CARTESIAN_POINT ( 'NONE',  ( 1.415633827750493845, 1.190099999999999936, 0.002246101707272939348 ) ) ;
#5982 = DIRECTION ( 'NONE',  ( -0.0000000000000000000, -1.000000000000000000, -0.0000000000000000000 ) ) ;
#5983 = CARTESIAN_POINT ( 'NONE',  ( -1.291422777023644830, 1.190100000000000158, -0.4094097593135538338 ) ) ;
#5984 = CARTESIAN_POINT ( 'NONE',  ( -0.9247628703680533802, 1.190099999999999936, 0.06634866580983704576 ) ) ;
#5985 = CARTESIAN_POINT ( 'NONE',  ( -1.273607389658661493, 1.190099999999999714, -0.6260779499847100027 ) ) ;
#5986 = B_SPLINE_CURVE_WITH_KNOTS ( 'NONE', 3,
 ( #9924, #2887, #6020, #415, #1397, #2023, #3557, #2986, #8995, #9970, #5240, #8388, #1966, #4334, #6692, #5483, #7031, #2219, #9407 ),
 .UNSPECIFIED., .F., .F.,
 ( 4, 1, 1, 1, 1, 1, 1, 1, 1, 1, 1, 1, 1, 1, 1, 1, 4 ),
 ( 0.0000000000000000000, 0.06535138202659353246, 0.1279160318306125643, 0.1883602055716996904, 0.2472160772654520833, 0.3056301291974113932, 0.3637698398318191528, 0.4226609139127798787, 0.4826872940903922382, 0.5433002212395589003, 0.6041179553231029731, 0.6649648912652840194, 0.7274134941125655063, 0.7914676251494238146, 0.8580554427291000597, 0.9270368146149474686, 0.9999999999999998890 ),
 .UNSPECIFIED. ) ;
#5987 = LINE ( 'NONE', #328, #8530 ) ;
#5988 = ADVANCED_FACE ( 'NONE', ( #232 ), #3616, .F. ) ;
#5989 = ORIENTED_EDGE ( 'NONE', *, *, #9206, .T. ) ;
#5990 = ORIENTED_EDGE ( 'NONE', *, *, #784, .F. ) ;
#5991 = CARTESIAN_POINT ( 'NONE',  ( 0.5889123945027714413, 1.189999999999999947, -0.3625281014897689946 ) ) ;
#5992 = ORIENTED_EDGE ( 'NONE', *, *, #4984, .T. ) ;
#5993 = CARTESIAN_POINT ( 'NONE',  ( -1.191112164536062501, 1.190100000000000380, -0.3035067976314158589 ) ) ;
#5994 = CARTESIAN_POINT ( 'NONE',  ( 0.7233261354428014434, 1.190099999999999936, 0.1612204606816319274 ) ) ;
#5995 = VERTEX_POINT ( 'NONE', #8452 ) ;
#5996 = CARTESIAN_POINT ( 'NONE',  ( 0.3965400866904940647, 1.189999999999999725, -0.5506627700947818171 ) ) ;
#5997 = CARTESIAN_POINT ( 'NONE',  ( 1.548453649225443707, 1.190099999999999936, -0.3064410560110692461 ) ) ;
#5998 = EDGE_CURVE ( 'NONE', #7992, #4832, #2855, .T. ) ;
#5999 =( GEOMETRIC_REPRESENTATION_CONTEXT ( 3 ) GLOBAL_UNCERTAINTY_ASSIGNED_CONTEXT ( ( #4040 ) ) GLOBAL_UNIT_ASSIGNED_CONTEXT ( ( #1743, #4869, #5795 ) ) REPRESENTATION_CONTEXT ( 'NONE', 'WORKASPACE' ) );
#6000 = EDGE_LOOP ( 'NONE', ( #3064, #7083, #28, #7532 ) ) ;
#6001 = ORIENTED_EDGE ( 'NONE', *, *, #6190, .T. ) ;
#6002 = CARTESIAN_POINT ( 'NONE',  ( 0.6953716336062181202, 1.190000000000001057, 0.3039874430684380013 ) ) ;
#6003 = DIRECTION ( 'NONE',  ( 1.000000000000000000, -0.0000000000000000000, -0.0000000000000000000 ) ) ;
#6004 = CARTESIAN_POINT ( 'NONE',  ( 0.2680773375691084537, 1.189999999999999281, -0.3497699634408974467 ) ) ;
#6005 = CARTESIAN_POINT ( 'NONE',  ( -0.7797106284034085455, 1.189999999999999947, -0.6743209595132357848 ) ) ;
#6006 = FACE_OUTER_BOUND ( 'NONE', #2859, .T. ) ;
#6007 = CARTESIAN_POINT ( 'NONE',  ( -1.226548307677625127, 1.190100000000000158, -0.3746142341309081081 ) ) ;
#6008 = VERTEX_POINT ( 'NONE', #2946 ) ;
#6009 = CARTESIAN_POINT ( 'NONE',  ( 0.5994854505503751652, 1.190099999999999936, -0.6199765766411449164 ) ) ;
#6010 = CARTESIAN_POINT ( 'NONE',  ( 0.5256223035267516552, 1.190100000000000158, -0.7162045759581135984 ) ) ;
#6011 = CARTESIAN_POINT ( 'NONE',  ( 0.3634932895730478841, 1.190099999999999714, -0.4809656072852479536 ) ) ;
#6012 = ORIENTED_EDGE ( 'NONE', *, *, #7128, .F. ) ;
#6013 = EDGE_CURVE ( 'NONE', #5213, #2306, #7273, .T. ) ;
#6014 = CARTESIAN_POINT ( 'NONE',  ( 0.7699677297792885122, 1.190099999999999714, 0.3672903130233979296 ) ) ;
#6015 = EDGE_CURVE ( 'NONE', #4215, #2572, #8405, .T. ) ;
#6016 = CARTESIAN_POINT ( 'NONE',  ( 0.4250641127361379223, 1.190100000000000158, -0.6478341311158396509 ) ) ;
#6017 = CARTESIAN_POINT ( 'NONE',  ( 0.6664023671741616806, 1.189999999999999947, -0.4229474662674794772 ) ) ;
#6018 = ORIENTED_EDGE ( 'NONE', *, *, #858, .T. ) ;
#6019 = CARTESIAN_POINT ( 'NONE',  ( 0.6201746956447111714, 1.190100000000000380, -0.4249600851123220835 ) ) ;
#6020 = CARTESIAN_POINT ( 'NONE',  ( 0.9077189647078038881, 1.190100000000000158, 0.2195197747142208222 ) ) ;
#6021 = DIRECTION ( 'NONE',  ( 0.0000000000000000000, 0.0000000000000000000, 1.000000000000000000 ) ) ;
#6022 = DIRECTION ( 'NONE',  ( -0.0000000000000000000, -1.000000000000000000, -0.0000000000000000000 ) ) ;
#6023 = CARTESIAN_POINT ( 'NONE',  ( -0.5258853412338289068, 1.190099999999999936, -0.3477027663000558100 ) ) ;
#6024 = ORIENTED_EDGE ( 'NONE', *, *, #9110, .T. ) ;
#6025 = CARTESIAN_POINT ( 'NONE',  ( 0.8452257680761753322, 1.190099999999999936, 0.3232851345184126757 ) ) ;
#6026 = CARTESIAN_POINT ( 'NONE',  ( 0.04757288839105887346, 1.190099999999999936, -0.4325202322734869043 ) ) ;
#6027 = EDGE_LOOP ( 'NONE', ( #5233, #8459, #2816, #6555 ) ) ;
#6028 = FACE_OUTER_BOUND ( 'NONE', #7934, .T. ) ;
#6029 = ORIENTED_EDGE ( 'NONE', *, *, #9121, .T. ) ;
#6030 = CARTESIAN_POINT ( 'NONE',  ( 3.839783448439274327, -1.189999999999999947, 1.439783448439272417 ) ) ;
#6031 = CARTESIAN_POINT ( 'NONE',  ( 0.7710474662960193903, 1.190099999999999936, 0.1457855148344758267 ) ) ;
#6032 = CARTESIAN_POINT ( 'NONE',  ( 0.0000000000000000000, 1.190099999999999936, 0.0000000000000000000 ) ) ;
#6033 = CARTESIAN_POINT ( 'NONE',  ( -0.7100954317467238486, 1.190099999999999714, -0.6664267227843276853 ) ) ;
#6034 = DIRECTION ( 'NONE',  ( -0.0000000000000000000, -1.000000000000000000, -0.0000000000000000000 ) ) ;
#6035 = CARTESIAN_POINT ( 'NONE',  ( -1.170008208784927062, 1.190000000000000169, -0.7130853082701572587 ) ) ;
#6036 =( NAMED_UNIT ( * ) PLANE_ANGLE_UNIT ( ) SI_UNIT ( $, .RADIAN. ) );
#6037 = ORIENTED_EDGE ( 'NONE', *, *, #7836, .F. ) ;
#6038 = CARTESIAN_POINT ( 'NONE',  ( 0.6026347450980349407, 1.189999999999999725, -0.3757904302504755933 ) ) ;
#6039 = EDGE_LOOP ( 'NONE', ( #2076, #1732, #8769, #6602 ) ) ;
#6040 = EDGE_CURVE ( 'NONE', #3267, #2893, #3357, .T. ) ;
#6041 = CARTESIAN_POINT ( 'NONE',  ( 0.2012398565343739565, 1.190000000000000169, -0.3501531656535831205 ) ) ;
#6042 = PLANE ( 'NONE',  #3470 ) ;
#6043 = ORIENTED_EDGE ( 'NONE', *, *, #7824, .T. ) ;
#6044 = VECTOR ( 'NONE', #2364, 1000.000000000000000 ) ;
#6045 = DIRECTION ( 'NONE',  ( -0.9233409004500093831, 0.0000000000000000000, -0.3839812255256315754 ) ) ;
#6046 = CARTESIAN_POINT ( 'NONE',  ( 1.276658777430572211, 1.190099999999999936, -0.3064410560110692461 ) ) ;
#6047 = DIRECTION ( 'NONE',  ( -1.000000000000000000, -0.0000000000000000000, -0.0000000000000000000 ) ) ;
#6048 = ORIENTED_EDGE ( 'NONE', *, *, #6700, .F. ) ;
#6049 = CARTESIAN_POINT ( 'NONE',  ( 0.7305928887850734466, 1.190099999999999714, 0.3475738741912786089 ) ) ;
#6050 = CIRCLE ( 'NONE', #4745, 0.3679729582648805786 ) ;
#6051 = DIRECTION ( 'NONE',  ( 0.0000000000000000000, 0.0000000000000000000, -1.000000000000000000 ) ) ;
#6052 = VERTEX_POINT ( 'NONE', #3201 ) ;
#6053 = CARTESIAN_POINT ( 'NONE',  ( 0.1436459569177513940, 1.190099999999999936, -0.2961846457546589706 ) ) ;
#6054 = DIRECTION ( 'NONE',  ( 0.0000000000000000000, 1.000000000000000000, 7.744301232039322228E-18 ) ) ;
#6055 = CIRCLE ( 'NONE', #1621, 0.1500000000000006051 ) ;
#6056 = EDGE_CURVE ( 'NONE', #6610, #7781, #6338, .T. ) ;
#6057 = CARTESIAN_POINT ( 'NONE',  ( -0.5283311944536215332, 1.189999999999999725, -0.3369061383883268923 ) ) ;
#6058 = CARTESIAN_POINT ( 'NONE',  ( 0.4969891934142907641, 1.190100000000000158, -0.5476469672544999057 ) ) ;
#6059 = ORIENTED_EDGE ( 'NONE', *, *, #794, .F. ) ;
#6060 = CARTESIAN_POINT ( 'NONE',  ( 0.1570273671741616306, 1.189999999999999947, -0.5372102867803000281 ) ) ;
#6061 = CARTESIAN_POINT ( 'NONE',  ( -0.8518368217810995402, 1.189999999999999725, -0.6305267449790480372 ) ) ;
#6062 = FACE_OUTER_BOUND ( 'NONE', #7622, .T. ) ;
#6063 = ORIENTED_EDGE ( 'NONE', *, *, #2179, .F. ) ;
#6064 = AXIS2_PLACEMENT_3D ( 'NONE', #9757, #3540, #1949 ) ;
#6065 = ORIENTED_EDGE ( 'NONE', *, *, #3363, .T. ) ;
#6066 = PRESENTATION_STYLE_ASSIGNMENT (( #2165 ) ) ;
#6067 = CARTESIAN_POINT ( 'NONE',  ( 0.5013638900008234867, 1.190099999999999936, -0.6755968649961983097 ) ) ;
#6068 = DIRECTION ( 'NONE',  ( -0.0000000000000000000, -1.000000000000000000, -0.0000000000000000000 ) ) ;
#6069 = PLANE ( 'NONE',  #2156 ) ;
#6070 = CARTESIAN_POINT ( 'NONE',  ( 0.5304069732062351994, 1.190099999999999936, -0.5496005233557088587 ) ) ;
#6071 = EDGE_CURVE ( 'NONE', #588, #6349, #9467, .T. ) ;
#6072 = FACE_OUTER_BOUND ( 'NONE', #4387, .T. ) ;
#6073 = PLANE ( 'NONE',  #505 ) ;
#6074 = EDGE_CURVE ( 'NONE', #3485, #4891, #9368, .T. ) ;
#6075 = CIRCLE ( 'NONE', #9013, 0.1499999999999999667 ) ;
#6076 = LINE ( 'NONE', #4337, #9018 ) ;
#6077 = ORIENTED_EDGE ( 'NONE', *, *, #1222, .F. ) ;
#6078 = CARTESIAN_POINT ( 'NONE',  ( 0.8360843558751509530, 1.190100000000000158, 0.3265616893737009474 ) ) ;
#6079 = PRESENTATION_LAYER_ASSIGNMENT (  '', '', ( #1470 ) ) ;
#6080 = ORIENTED_EDGE ( 'NONE', *, *, #270, .F. ) ;
#6081 = CARTESIAN_POINT ( 'NONE',  ( -1.036161735389941052, 1.190099999999999936, -0.6129314406264538828 ) ) ;
#6082 = ORIENTED_EDGE ( 'NONE', *, *, #1176, .F. ) ;
#6083 = CARTESIAN_POINT ( 'NONE',  ( 0.5860117068957448883, 1.190000000000000613, -0.6467026426543238671 ) ) ;
#6084 = CARTESIAN_POINT ( 'NONE',  ( -0.9976200687232745778, 1.190000000000000169, -0.4963449021649155024 ) ) ;
#6085 = MECHANICAL_DESIGN_GEOMETRIC_PRESENTATION_REPRESENTATION (  '', ( #9203 ), #5999 ) ;
#6086 = AXIS2_PLACEMENT_3D ( 'NONE', #7832, #6998, #2187 ) ;
#6087 = CARTESIAN_POINT ( 'NONE',  ( 0.6615613567999566458, 1.190100000000000158, -0.3892439558824909995 ) ) ;
#6088 = CARTESIAN_POINT ( 'NONE',  ( 0.2919783384080347766, 1.189999999999999725, -0.4158670107708125063 ) ) ;
#6089 = DIRECTION ( 'NONE',  ( 0.0000000000000000000, -0.0000000000000000000, 1.000000000000000000 ) ) ;
#6090 = CARTESIAN_POINT ( 'NONE',  ( 0.8594441944765390806, 1.190100000000000158, 0.1501835174487459179 ) ) ;
#6091 = VECTOR ( 'NONE', #7467, 1000.000000000000000 ) ;
#6092 = EDGE_LOOP ( 'NONE', ( #4519, #1306, #8565, #7356, #656, #3772, #5992, #3536, #2837, #2828, #6722, #7596, #9566 ) ) ;
#6093 = VECTOR ( 'NONE', #4178, 1000.000000000000000 ) ;
#6094 = CARTESIAN_POINT ( 'NONE',  ( 0.6159950385250346772, 1.190099999999999936, -0.3977912471824721075 ) ) ;
#6095 = ORIENTED_EDGE ( 'NONE', *, *, #5453, .F. ) ;
#6096 = CARTESIAN_POINT ( 'NONE',  ( 2.499999999999999556, -0.1000000000000007966, 1.800000000000000266 ) ) ;
#6097 = FILL_AREA_STYLE_COLOUR ( '', #3954 ) ;
#6098 = ORIENTED_EDGE ( 'NONE', *, *, #5678, .F. ) ;
#6099 = DIRECTION ( 'NONE',  ( 1.000000000000000000, 0.0000000000000000000, 0.0000000000000000000 ) ) ;
#6100 = VECTOR ( 'NONE', #945, 1000.000000000000000 ) ;
#6101 = DIRECTION ( 'NONE',  ( 1.000000000000000000, 0.0000000000000000000, -1.355252715606880296E-16 ) ) ;
#6102 = FACE_OUTER_BOUND ( 'NONE', #9773, .T. ) ;
#6103 = VERTEX_POINT ( 'NONE', #3047 ) ;
#6104 = ORIENTED_EDGE ( 'NONE', *, *, #9311, .F. ) ;
#6105 = LINE ( 'NONE', #5128, #467 ) ;
#6106 = EDGE_CURVE ( 'NONE', #698, #1885, #1606, .T. ) ;
#6107 = CARTESIAN_POINT ( 'NONE',  ( -1.206814152419335429, 1.189999999999999947, 0.3612204606816319385 ) ) ;
#6108 = AXIS2_PLACEMENT_3D ( 'NONE', #5051, #326, #3411 ) ;
#6109 = PRODUCT_DEFINITION_SHAPE ( 'NONE', 'NONE',  #2363 ) ;
#6110 = CARTESIAN_POINT ( 'NONE',  ( 0.2457966076730416505, 1.190099999999999936, -0.4192678651422026004 ) ) ;
#6111 = CARTESIAN_POINT ( 'NONE',  ( -0.4925822863094737047, 1.189999999999999947, -0.3678516812273724401 ) ) ;
#6112 = DIRECTION ( 'NONE',  ( 1.000000000000000000, 0.0000000000000000000, -0.0000000000000000000 ) ) ;
#6113 = FILL_AREA_STYLE_COLOUR ( '', #4105 ) ;
#6114 = ORIENTED_EDGE ( 'NONE', *, *, #7742, .F. ) ;
#6115 = CARTESIAN_POINT ( 'NONE',  ( 0.1454194855733984271, 1.190100000000000158, -0.5371070471928011125 ) ) ;
#6116 = CARTESIAN_POINT ( 'NONE',  ( 0.8019650714688412174, 1.190099999999999714, 0.1409109961232016539 ) ) ;
#6117 = CARTESIAN_POINT ( 'NONE',  ( -1.224429425454999665, 1.190100000000000380, -0.6902383476470930201 ) ) ;
#6118 = CARTESIAN_POINT ( 'NONE',  ( -0.3541104533386589814, 1.190099999999999936, -0.6654154149854282219 ) ) ;
#6119 = VECTOR ( 'NONE', #8547, 1000.000000000000000 ) ;
#6120 = CARTESIAN_POINT ( 'NONE',  ( -2.499999999999999556, -1.230654267715319827, 1.800000000000000266 ) ) ;
#6121 = DIRECTION ( 'NONE',  ( -0.0000000000000000000, -1.000000000000000000, -0.0000000000000000000 ) ) ;
#6122 = EDGE_CURVE ( 'NONE', #2878, #1172, #8865, .T. ) ;
#6123 = CARTESIAN_POINT ( 'NONE',  ( -1.133196991800197395, 1.189999999999999947, -0.3372102867802999615 ) ) ;
#6124 = DIRECTION ( 'NONE',  ( 0.7831108474982930723, 0.0000000000000000000, -0.6218821436015872228 ) ) ;
#6125 = VECTOR ( 'NONE', #3528, 1000.000000000000000 ) ;
#6126 = CARTESIAN_POINT ( 'NONE',  ( 0.4619717071252856244, 1.190000000000000169, -0.5553982017206029465 ) ) ;
#6127 = CYLINDRICAL_SURFACE ( 'NONE', #3975, 0.05000000000000056483 ) ;
#6128 = CARTESIAN_POINT ( 'NONE',  ( 0.2730400772399541598, 1.190100000000000158, -0.3565519857216600808 ) ) ;
#6129 = CARTESIAN_POINT ( 'NONE',  ( 0.4038718100761424235, 1.190099999999999714, -0.3771648214307613545 ) ) ;
#6130 = ORIENTED_EDGE ( 'NONE', *, *, #6737, .F. ) ;
#6131 = CARTESIAN_POINT ( 'NONE',  ( -1.231033530261735898, 1.189999999999999947, -0.6141333637033769000 ) ) ;
#6132 = VECTOR ( 'NONE', #7794, 1000.000000000000000 ) ;
#6133 = ORIENTED_EDGE ( 'NONE', *, *, #7458, .F. ) ;
#6134 = EDGE_CURVE ( 'NONE', #774, #2441, #9374, .T. ) ;
#6135 = DIRECTION ( 'NONE',  ( -1.000000000000000000, -0.0000000000000000000, -0.0000000000000000000 ) ) ;
#6136 = CARTESIAN_POINT ( 'NONE',  ( -2.999999999999999556, -1.279882393104615934, 1.741248333264124648 ) ) ;
#6137 = ORIENTED_EDGE ( 'NONE', *, *, #95, .F. ) ;
#6138 = CARTESIAN_POINT ( 'NONE',  ( -0.9284694276976332983, 1.190099999999999936, -0.3064410560110692461 ) ) ;
#6139 = CARTESIAN_POINT ( 'NONE',  ( 0.5361991726525194846, 1.189999999999999725, -0.6730754410661590192 ) ) ;
#6140 = CARTESIAN_POINT ( 'NONE',  ( 0.5008206451843660867, 1.190099999999999714, -0.7165365219514810979 ) ) ;
#6141 = DIRECTION ( 'NONE',  ( -0.6217475915356184268, 0.0000000000000000000, -0.7832176788222146024 ) ) ;
#6142 = CARTESIAN_POINT ( 'NONE',  ( -1.292571991800197440, 1.190099999999999936, -0.4141333637033769444 ) ) ;
#6143 = B_SPLINE_CURVE_WITH_KNOTS ( 'NONE', 3,
 ( #1525, #10053, #6817, #6155, #9183, #6201, #2246, #4654, #5365, #745, #7646, #3875, #8422, #2963, #1380 ),
 .UNSPECIFIED., .F., .F.,
 ( 4, 1, 1, 1, 1, 1, 1, 1, 1, 1, 1, 1, 4 ),
 ( 0.0000000000000000000, 0.09732644366051788898, 0.1917899452708927699, 0.2844839699569600699, 0.3762469851026523648, 0.4654503094883153391, 0.5502921550157120478, 0.6319705226198683023, 0.7116013130352870641, 0.7881939450761891175, 0.8607798125150051272, 0.9306099979896581553, 1.000000000000000000 ),
 .UNSPECIFIED. ) ;
#6144 = LINE ( 'NONE', #3049, #4788 ) ;
#6145 = CARTESIAN_POINT ( 'NONE',  ( 0.8322086367124638118, 1.190099999999999714, 0.1420650455419801839 ) ) ;
#6146 = ADVANCED_FACE ( 'NONE', ( #7676 ), #6900, .T. ) ;
#6147 = ADVANCED_FACE ( 'NONE', ( #8601 ), #6293, .T. ) ;
#6148 = VERTEX_POINT ( 'NONE', #2382 ) ;
#6149 = CARTESIAN_POINT ( 'NONE',  ( 0.9437629473529510760, 1.189999999999999947, 0.2337910404434676848 ) ) ;
#6150 = ORIENTED_EDGE ( 'NONE', *, *, #3833, .T. ) ;
#6151 = CARTESIAN_POINT ( 'NONE',  ( -1.272746458952023874, 1.189999999999999503, -0.3631115784079088082 ) ) ;
#6152 = SURFACE_SIDE_STYLE ('',( #548 ) ) ;
#6153 = VERTEX_POINT ( 'NONE', #1454 ) ;
#6154 = CARTESIAN_POINT ( 'NONE',  ( -0.6213443899134891701, 1.189999999999999503, -0.5478418946054410821 ) ) ;
#6155 = CARTESIAN_POINT ( 'NONE',  ( 0.5436033047979231814, 1.189999999999999725, -0.7135098243621745828 ) ) ;
#6156 = CARTESIAN_POINT ( 'NONE',  ( 0.9284543405710066200, 1.190099999999999936, -0.03877953931836808366 ) ) ;
#6157 = CARTESIAN_POINT ( 'NONE',  ( 1.046403058519724594, 1.190099999999999936, 0.3714768709380422140 ) ) ;
#6158 = CARTESIAN_POINT ( 'NONE',  ( 0.2419659485761470052, 1.190000000000000169, -0.4400842492758013647 ) ) ;
#6159 = CARTESIAN_POINT ( 'NONE',  ( 0.9102095140181921673, 1.190099999999999936, 0.3258425936174527693 ) ) ;
#6160 = DIRECTION ( 'NONE',  ( 0.0000000000000000000, 0.0000000000000000000, 1.000000000000000000 ) ) ;
#6161 = VERTEX_POINT ( 'NONE', #5501 ) ;
#6162 = CARTESIAN_POINT ( 'NONE',  ( 0.1454194855733984271, 1.190000000000000169, -0.5371070471928011125 ) ) ;
#6163 = CARTESIAN_POINT ( 'NONE',  ( 0.9284543405710066200, 1.189999999999999947, -0.03877953931836808366 ) ) ;
#6164 = CARTESIAN_POINT ( 'NONE',  ( -1.257232551511695329, 1.190099999999999936, -0.6578406465763639854 ) ) ;
#6165 = EDGE_LOOP ( 'NONE', ( #6063, #1371, #5849, #4505 ) ) ;
#6166 = CARTESIAN_POINT ( 'NONE',  ( 1.377572930314596267, 1.189999999999999947, -0.03877953931836808366 ) ) ;
#6167 = CARTESIAN_POINT ( 'NONE',  ( -1.051387006271115032, 1.190000000000000169, -0.6475163777394847830 ) ) ;
#6168 = CARTESIAN_POINT ( 'NONE',  ( 0.2345046072888125610, 1.190000000000000169, -0.4542428710119597590 ) ) ;
#6169 = CARTESIAN_POINT ( 'NONE',  ( -1.056200360952217254, 1.189999999999999947, -0.3564560383909983199 ) ) ;
#6170 = FILL_AREA_STYLE ('',( #6320 ) ) ;
#6171 =( LENGTH_UNIT ( ) NAMED_UNIT ( * ) SI_UNIT ( .MILLI., .METRE. ) );
#6172 = LINE ( 'NONE', #1441, #1201 ) ;
#6173 = CARTESIAN_POINT ( 'NONE',  ( 0.2354419101663180747, 1.190099999999999936, -0.3213211854131507450 ) ) ;
#6174 = CARTESIAN_POINT ( 'NONE',  ( 0.6266287678710420472, 1.189999999999999947, -0.3365838356434636691 ) ) ;
#6175 = EDGE_CURVE ( 'NONE', #5679, #8256, #8385, .T. ) ;
#6176 = ORIENTED_EDGE ( 'NONE', *, *, #7129, .F. ) ;
#6177 = CARTESIAN_POINT ( 'NONE',  ( 0.8098429063798688876, 1.190100000000000158, 0.3303574267232465278 ) ) ;
#6178 = CARTESIAN_POINT ( 'NONE',  ( 0.04014649794416198098, 1.189999999999999947, -0.5161092588659554892 ) ) ;
#6179 = CARTESIAN_POINT ( 'NONE',  ( -1.231033530261735898, 1.190099999999999936, -0.6141333637033769000 ) ) ;
#6180 = ORIENTED_EDGE ( 'NONE', *, *, #3051, .T. ) ;
#6181 = CARTESIAN_POINT ( 'NONE',  ( 0.5983463920943640213, 1.189999999999999947, -0.6255736184656611742 ) ) ;
#6182 = EDGE_LOOP ( 'NONE', ( #9793, #6759, #6503, #1557 ) ) ;
#6183 = CARTESIAN_POINT ( 'NONE',  ( 0.4193235952316850534, 1.190000000000000391, -0.6954448810044467910 ) ) ;
#6184 = CARTESIAN_POINT ( 'NONE',  ( 0.5994854505503751652, 1.189999999999999947, -0.6199765766411449164 ) ) ;
#6185 = CARTESIAN_POINT ( 'NONE',  ( 0.7925088923810059693, 1.189999999999999725, 0.3712425874972973272 ) ) ;
#6186 = DIRECTION ( 'NONE',  ( 0.0000000000000000000, -7.744301232039320687E-18, 1.000000000000000000 ) ) ;
#6187 = EDGE_CURVE ( 'NONE', #2289, #1389, #9517, .T. ) ;
#6188 = DIRECTION ( 'NONE',  ( 0.2007054744631348864, 0.0000000000000000000, -0.9796516281416204341 ) ) ;
#6189 = CARTESIAN_POINT ( 'NONE',  ( -0.1381649405181460954, 1.190099999999999936, -0.6654154149854282219 ) ) ;
#6190 = EDGE_CURVE ( 'NONE', #1058, #9028, #2975, .T. ) ;
#6191 = SURFACE_STYLE_USAGE ( .BOTH. , #3100 ) ;
#6192 = B_SPLINE_SURFACE_WITH_KNOTS ( 'NONE', 3, 1, ( 
 ( #2617, #5684 ),
 ( #7288, #4644 ),
 ( #4826, #9557 ),
 ( #4100, #2565 ),
 ( #976, #7789 ),
 ( #3340, #247 ),
 ( #737, #6526 ),
 ( #5740, #2518 ),
 ( #6579, #3388 ),
 ( #8888, #4208 ),
 ( #7339, #9607 ),
 ( #1798, #296 ),
 ( #7553, #6061 ),
 ( #9917, #5230 ),
 ( #1184, #7398 ),
 ( #4471, #2771 ),
 ( #1955, #355 ),
 ( #2108, #5026 ),
 ( #3496, #5903 ) ),
 .UNSPECIFIED., .F., .F., .F.,
 ( 4, 1, 1, 1, 1, 1, 1, 1, 1, 1, 1, 1, 1, 1, 1, 1, 4 ),
 ( 2, 2 ),
 ( 0.0000000000000000000, 0.06938719182490521442, 0.1365722429923054704, 0.2009951935038461757, 0.2639866122632261169, 0.3250031185530782851, 0.3856722615036742297, 0.4460875221452472172, 0.5065218609559509755, 0.5663769299260885681, 0.6255172601700741408, 0.6843557689771045949, 0.7437446481255295394, 0.8044897488559678012, 0.8672346408614721724, 0.9320698263584569210, 1.000000000000000000 ),
 ( 0.0000000000000000000, 1.000000000000000000 ),
 .UNSPECIFIED. ) ;
#6193 = ORIENTED_EDGE ( 'NONE', *, *, #4365, .T. ) ;
#6194 = CARTESIAN_POINT ( 'NONE',  ( 0.9413657511995945359, 1.189999999999999947, 0.2592957285970087233 ) ) ;
#6195 = CARTESIAN_POINT ( 'NONE',  ( -1.289176711999117320, 1.189999999999999725, -0.4001777838585311442 ) ) ;
#6196 = EDGE_CURVE ( 'NONE', #1265, #4313, #267, .T. ) ;
#6197 = PRESENTATION_STYLE_ASSIGNMENT (( #3014 ) ) ;
#6198 = EDGE_CURVE ( 'NONE', #1885, #9602, #1027, .T. ) ;
#6199 = ORIENTED_EDGE ( 'NONE', *, *, #475, .T. ) ;
#6200 = CARTESIAN_POINT ( 'NONE',  ( -0.6105902184062668159, 1.189999999999999503, -0.5938591114181144270 ) ) ;
#6201 = CARTESIAN_POINT ( 'NONE',  ( 0.5771871249553071070, 1.190000000000000169, -0.7028559271641076078 ) ) ;
#6202 = VERTEX_POINT ( 'NONE', #9728 ) ;
#6203 = CARTESIAN_POINT ( 'NONE',  ( -0.5048098790280343140, 1.189999999999999725, -0.3036003127288590120 ) ) ;
#6204 = VERTEX_POINT ( 'NONE', #5755 ) ;
#6205 = CARTESIAN_POINT ( 'NONE',  ( -2.499999999999999556, 0.0000000000000000000, 0.0000000000000000000 ) ) ;
#6206 = ORIENTED_EDGE ( 'NONE', *, *, #6820, .F. ) ;
#6207 = CARTESIAN_POINT ( 'NONE',  ( 0.1659350915271547988, 1.190099999999999936, -0.4949111743670153163 ) ) ;
#6208 = FACE_BOUND ( 'NONE', #6681, .T. ) ;
#6209 = DIRECTION ( 'NONE',  ( -0.0000000000000000000, -1.000000000000000000, -0.0000000000000000000 ) ) ;
#6210 = EDGE_LOOP ( 'NONE', ( #8124, #1831, #8790, #1736 ) ) ;
#6211 = CARTESIAN_POINT ( 'NONE',  ( -1.132235453338658937, 1.190099999999999936, -0.7166974662674795438 ) ) ;
#6212 = CARTESIAN_POINT ( 'NONE',  ( 0.7233261354428014434, 1.189999999999999947, 0.1612204606816319274 ) ) ;
#6213 = DIRECTION ( 'NONE',  ( -0.6232332443000467848, 0.0000000000000000000, 0.7820360114465561008 ) ) ;
#6214 = VERTEX_POINT ( 'NONE', #7933 ) ;
#6215 = CARTESIAN_POINT ( 'NONE',  ( 0.01864831919931172338, 1.190100000000000380, -0.3564705636380589016 ) ) ;
#6216 = CARTESIAN_POINT ( 'NONE',  ( 0.9006741010319665452, 1.190099999999999936, 0.2688835882134935629 ) ) ;
#6217 = VECTOR ( 'NONE', #3981, 1000.000000000000000 ) ;
#6218 = LINE ( 'NONE', #7130, #2120 ) ;
#6219 = CARTESIAN_POINT ( 'NONE',  ( -1.148414968444092077, 1.190000000000000169, -0.5475511849618782678 ) ) ;
#6220 = VECTOR ( 'NONE', #8361, 1000.000000000000000 ) ;
#6221 = DIRECTION ( 'NONE',  ( 1.000000000000000000, -0.0000000000000000000, -0.0000000000000000000 ) ) ;
#6222 = CARTESIAN_POINT ( 'NONE',  ( 0.1929717151693341737, 1.190099999999999936, -0.3461071505835226492 ) ) ;
#6223 = DIRECTION ( 'NONE',  ( -1.000000000000000000, 0.0000000000000000000, 0.0000000000000000000 ) ) ;
#6224 = VECTOR ( 'NONE', #8288, 1000.000000000000000 ) ;
#6225 = CARTESIAN_POINT ( 'NONE',  ( 0.4884033831019591321, 1.189999999999999725, -0.3375180612468509644 ) ) ;
#6226 = CARTESIAN_POINT ( 'NONE',  ( -1.132235453338658937, 1.189999999999999947, -0.7166974662674795438 ) ) ;
#6227 = DIRECTION ( 'NONE',  ( 5.421010862427526114E-16, -0.0000000000000000000, 1.000000000000000000 ) ) ;
#6228 = CARTESIAN_POINT ( 'NONE',  ( 0.1213341531133012852, 1.190100000000000158, -0.5348115836201201567 ) ) ;
#6229 = CARTESIAN_POINT ( 'NONE',  ( -2.999999999999999556, -1.230654267715320271, -1.800000000000000044 ) ) ;
#6230 = ORIENTED_EDGE ( 'NONE', *, *, #589, .T. ) ;
#6231 = VECTOR ( 'NONE', #8319, 1000.000000000000114 ) ;
#6232 = CARTESIAN_POINT ( 'NONE',  ( -0.9695566548822329711, 1.190099999999999936, -0.4285086311072887622 ) ) ;
#6233 = ADVANCED_FACE ( 'NONE', ( #106 ), #989, .T. ) ;
#6234 = CARTESIAN_POINT ( 'NONE',  ( 0.6409435221698324137, 1.190000000000000169, -0.4892652693452180235 ) ) ;
#6235 = ORIENTED_EDGE ( 'NONE', *, *, #2729, .F. ) ;
#6236 = CARTESIAN_POINT ( 'NONE',  ( -0.9732389307540405543, 1.190000000000000169, -0.4537822391715916615 ) ) ;
#6237 = CARTESIAN_POINT ( 'NONE',  ( 0.5923887725840591978, 1.190099999999999936, -0.6952781258454747704 ) ) ;
#6238 = CARTESIAN_POINT ( 'NONE',  ( 0.3743357823025584841, 1.190099999999999714, -0.6523286138667285794 ) ) ;
#6239 =( LENGTH_UNIT ( ) NAMED_UNIT ( * ) SI_UNIT ( .MILLI., .METRE. ) );
#6240 = AXIS2_PLACEMENT_3D ( 'NONE', #8199, #6710, #1054 ) ;
#6241 = CARTESIAN_POINT ( 'NONE',  ( -3.839783448439272107, 0.8149999999999998357, -0.2500000000000000000 ) ) ;
#6242 = CARTESIAN_POINT ( 'NONE',  ( 0.8150489343032172318, 1.189999999999999947, 0.1407876454215213624 ) ) ;
#6243 = ORIENTED_EDGE ( 'NONE', *, *, #5898, .T. ) ;
#6244 = ADVANCED_FACE ( 'NONE', ( #466 ), #573, .T. ) ;
#6245 = VECTOR ( 'NONE', #9149, 1000.000000000000000 ) ;
#6246 = CARTESIAN_POINT ( 'NONE',  ( 0.9436119573381049896, 1.190000000000000169, 0.2402663533092784243 ) ) ;
#6247 = VECTOR ( 'NONE', #9642, 1000.000000000000000 ) ;
#6248 = B_SPLINE_CURVE_WITH_KNOTS ( 'NONE', 3,
 ( #8527, #7209, #1004, #10111, #662, #1486, #9354, #2590, #7858, #5429, #3797 ),
 .UNSPECIFIED., .F., .F.,
 ( 4, 1, 1, 1, 1, 1, 1, 1, 4 ),
 ( 0.0000000000000000000, 0.1367834978174950200, 0.2659325518083328621, 0.3942594159361104689, 0.5235021014428653530, 0.6500730391295258537, 0.7674710515357786589, 0.8828684792334886566, 1.000000000000000000 ),
 .UNSPECIFIED. ) ;
#6249 = CARTESIAN_POINT ( 'NONE',  ( -1.149061424196837988, 1.189999999999999725, -0.2964806230609356996 ) ) ;
#6250 = CARTESIAN_POINT ( 'NONE',  ( -0.3541104533386589814, 1.190099999999999936, -0.6654154149854282219 ) ) ;
#6251 = CARTESIAN_POINT ( 'NONE',  ( -0.6131748120342610520, 1.189999999999999281, -0.5717164799364463645 ) ) ;
#6252 = DIRECTION ( 'NONE',  ( 1.000000000000000000, -0.0000000000000000000, 0.0000000000000000000 ) ) ;
#6253 =( GEOMETRIC_REPRESENTATION_CONTEXT ( 3 ) GLOBAL_UNCERTAINTY_ASSIGNED_CONTEXT ( ( #5790 ) ) GLOBAL_UNIT_ASSIGNED_CONTEXT ( ( #2708, #6562, #8922 ) ) REPRESENTATION_CONTEXT ( 'NONE', 'WORKASPACE' ) );
#6254 = AXIS2_PLACEMENT_3D ( 'NONE', #736, #3153, #7103 ) ;
#6255 = CARTESIAN_POINT ( 'NONE',  ( -0.5173742340676525941, 1.190100000000000158, -0.3108745035293245529 ) ) ;
#6256 = EDGE_CURVE ( 'NONE', #9750, #4161, #6520, .T. ) ;
#6257 = EDGE_CURVE ( 'NONE', #405, #5841, #2124, .T. ) ;
#6258 = VERTEX_POINT ( 'NONE', #5195 ) ;
#6259 = CARTESIAN_POINT ( 'NONE',  ( 0.2345046072888125610, 1.190000000000000835, -0.4542428710119597590 ) ) ;
#6260 = DIRECTION ( 'NONE',  ( 0.0000000000000000000, 1.000000000000000000, 0.0000000000000000000 ) ) ;
#6261 = CARTESIAN_POINT ( 'NONE',  ( -0.6732390761205661045, 1.190099999999999714, -0.6393452000924485512 ) ) ;
#6262 = VECTOR ( 'NONE', #9923, 1000.000000000000000 ) ;
#6263 =( NAMED_UNIT ( * ) PLANE_ANGLE_UNIT ( ) SI_UNIT ( $, .RADIAN. ) );
#6264 = CARTESIAN_POINT ( 'NONE',  ( 0.6254487306779150657, 1.190099999999999714, -0.5611114161100337894 ) ) ;
#6265 = ORIENTED_EDGE ( 'NONE', *, *, #8870, .F. ) ;
#6266 = CARTESIAN_POINT ( 'NONE',  ( -0.4515463507745563487, 1.190099999999999936, -0.3346461842161974620 ) ) ;
#6267 = LINE ( 'NONE', #708, #7587 ) ;
#6268 = CARTESIAN_POINT ( 'NONE',  ( 0.4104030216106966944, 1.190100000000000158, -0.5184754330325290761 ) ) ;
#6269 = ORIENTED_EDGE ( 'NONE', *, *, #6327, .F. ) ;
#6270 = CARTESIAN_POINT ( 'NONE',  ( -1.063287927426327606, 1.189999999999999947, -0.6571412614534216656 ) ) ;
#6271 = VECTOR ( 'NONE', #7183, 1000.000000000000000 ) ;
#6272 = CARTESIAN_POINT ( 'NONE',  ( 1.358710059481854193, 1.190099999999999936, -0.4602872098572230453 ) ) ;
#6273 = EDGE_CURVE ( 'NONE', #6624, #700, #4276, .T. ) ;
#6274 = LINE ( 'NONE', #4823, #9665 ) ;
#6275 = DIRECTION ( 'NONE',  ( 1.000000000000000000, -0.0000000000000000000, -0.0000000000000000000 ) ) ;
#6276 = CARTESIAN_POINT ( 'NONE',  ( 0.5032322007563285737, 1.190100000000000158, -0.5475272045053151126 ) ) ;
#6277 = CARTESIAN_POINT ( 'NONE',  ( -1.136592546165095419, 1.189999999999999947, -0.7166307331403081182 ) ) ;
#6278 = VECTOR ( 'NONE', #7172, 1000.000000000000114 ) ;
#6279 = CARTESIAN_POINT ( 'NONE',  ( 0.4581199595418249393, 1.190100000000000380, -0.3427250003971499814 ) ) ;
#6280 = B_SPLINE_SURFACE_WITH_KNOTS ( 'NONE', 3, 1, ( 
 ( #1026, #1073 ),
 ( #4206, #6323 ),
 ( #9453, #2410 ),
 ( #2060, #4260 ),
 ( #6783, #9138 ),
 ( #1953, #9711 ),
 ( #6007, #5959 ),
 ( #5080, #353 ),
 ( #2106, #5181 ),
 ( #2672, #6731 ),
 ( #5134, #7453 ) ),
 .UNSPECIFIED., .F., .F., .F.,
 ( 4, 1, 1, 1, 1, 1, 1, 1, 4 ),
 ( 2, 2 ),
 ( 0.0000000000000000000, 0.1456144939021895568, 0.2845246328478385212, 0.4168046540708054137, 0.5426027467521845615, 0.6623944068372308314, 0.7783055069658285641, 0.8904745372333072728, 1.000000000000000000 ),
 ( 0.0000000000000000000, 1.000000000000000000 ),
 .UNSPECIFIED. ) ;
#6281 = CARTESIAN_POINT ( 'NONE',  ( 0.3898396535803315133, 1.190099999999999936, -0.4270912984515877753 ) ) ;
#6282 = CARTESIAN_POINT ( 'NONE',  ( 0.5047036492254438622, 1.190099999999999936, -0.3372102867802999615 ) ) ;
#6283 = CARTESIAN_POINT ( 'NONE',  ( 0.9284543405710066200, 1.190099999999999936, 0.002246101707272939348 ) ) ;
#6284 = CARTESIAN_POINT ( 'NONE',  ( 0.3489032212523394683, 1.190100000000000158, -0.3858692227001389030 ) ) ;
#6285 = ORIENTED_EDGE ( 'NONE', *, *, #9087, .F. ) ;
#6286 = CARTESIAN_POINT ( 'NONE',  ( 0.05422287999467438613, 1.189999999999999947, -0.5341654149854282441 ) ) ;
#6287 = AXIS2_PLACEMENT_3D ( 'NONE', #9719, #5689, #3501 ) ;
#6288 = ORIENTED_EDGE ( 'NONE', *, *, #8126, .F. ) ;
#6289 = CARTESIAN_POINT ( 'NONE',  ( 0.5047036492254438622, 1.190000000000000169, -0.6756718252418384418 ) ) ;
#6290 = ORIENTED_EDGE ( 'NONE', *, *, #8333, .F. ) ;
#6291 = CARTESIAN_POINT ( 'NONE',  ( -1.141093005395378279, 1.190100000000000158, -0.5057976931908506613 ) ) ;
#6292 = CARTESIAN_POINT ( 'NONE',  ( 0.7953913760746575967, 1.190099999999999936, 0.1015052263720682690 ) ) ;
#6293 = PLANE ( 'NONE',  #5606 ) ;
#6294 =( NAMED_UNIT ( * ) PLANE_ANGLE_UNIT ( ) SI_UNIT ( $, .RADIAN. ) );
#6295 = VECTOR ( 'NONE', #9605, 1000.000000000000114 ) ;
#6296 = EDGE_CURVE ( 'NONE', #964, #9864, #3559, .T. ) ;
#6297 = CARTESIAN_POINT ( 'NONE',  ( 2.999999999999999556, -0.9405995433517277959, -0.1672176965958633577 ) ) ;
#6298 = ORIENTED_EDGE ( 'NONE', *, *, #1572, .F. ) ;
#6299 = CARTESIAN_POINT ( 'NONE',  ( 0.8426830471680151202, 1.190100000000000158, 0.3671798629970407513 ) ) ;
#6300 = CARTESIAN_POINT ( 'NONE',  ( 1.415633827750493845, 1.189999999999999947, 0.002246101707272939348 ) ) ;
#6301 = DIRECTION ( 'NONE',  ( 1.000000000000000000, -0.0000000000000000000, -0.0000000000000000000 ) ) ;
#6302 = CARTESIAN_POINT ( 'NONE',  ( 0.5604495127416111444, 1.189999999999999725, -0.4965471630454058038 ) ) ;
#6303 = EDGE_CURVE ( 'NONE', #7075, #9244, #5916, .T. ) ;
#6304 = ORIENTED_EDGE ( 'NONE', *, *, #4551, .T. ) ;
#6305 = LINE ( 'NONE', #697, #3089 ) ;
#6306 = ORIENTED_EDGE ( 'NONE', *, *, #2871, .F. ) ;
#6307 = LINE ( 'NONE', #1679, #4591 ) ;
#6308 = CARTESIAN_POINT ( 'NONE',  ( 0.8683349092471950303, 1.190100000000000380, 0.3581463095076821146 ) ) ;
#6309 = CARTESIAN_POINT ( 'NONE',  ( 0.5047036492254438622, 1.189999999999999947, -0.3372102867802999615 ) ) ;
#6310 = SURFACE_STYLE_FILL_AREA ( #35 ) ;
#6311 = DIRECTION ( 'NONE',  ( 0.1378445374916289212, -0.9808148484639890308, -0.1378445374916289212 ) ) ;
#6312 = ORIENTED_EDGE ( 'NONE', *, *, #7799, .F. ) ;
#6313 = LINE ( 'NONE', #9442, #332 ) ;
#6314 = CARTESIAN_POINT ( 'NONE',  ( 0.8992778168455035637, 1.190000000000000169, 0.1277145188163040790 ) ) ;
#6315 = CARTESIAN_POINT ( 'NONE',  ( 0.2209026852354938064, 1.190000000000000169, -0.5239712254652189038 ) ) ;
#6316 = EDGE_CURVE ( 'NONE', #3243, #7503, #4680, .T. ) ;
#6317 = VERTEX_POINT ( 'NONE', #3896 ) ;
#6318 = CARTESIAN_POINT ( 'NONE',  ( -1.020086803312764578, 1.190099999999999936, -0.3974902786787296582 ) ) ;
#6319 = FACE_OUTER_BOUND ( 'NONE', #5404, .T. ) ;
#6320 = FILL_AREA_STYLE_COLOUR ( '', #10028 ) ;
#6321 = CARTESIAN_POINT ( 'NONE',  ( 0.5063863415331362194, 1.190000000000000391, -0.5474666970367103591 ) ) ;
#6322 = CARTESIAN_POINT ( 'NONE',  ( -1.242413325843641836, 1.190000000000000391, -0.6754894202670310710 ) ) ;
#6323 = CARTESIAN_POINT ( 'NONE',  ( -1.245366257592180892, 1.189999999999999947, -0.4110452189558209124 ) ) ;
#6324 = LINE ( 'NONE', #9455, #3770 ) ;
#6325 = ADVANCED_FACE ( 'NONE', ( #7713 ), #6073, .F. ) ;
#6326 = B_SPLINE_CURVE_WITH_KNOTS ( 'NONE', 3,
 ( #9808, #2920, #9136, #6005, #8321, #8429, #7547, #2207, #1385, #506, #4364, #3643, #7496, #3588, #450, #6781, #9913, #4317, #2103 ),
 .UNSPECIFIED., .F., .F.,
 ( 4, 1, 1, 1, 1, 1, 1, 1, 1, 1, 1, 1, 1, 1, 1, 1, 4 ),
 ( 0.0000000000000000000, 0.06938719182490521442, 0.1365722429923054704, 0.2009951935038461757, 0.2639866122632261169, 0.3250031185530782851, 0.3856722615036742297, 0.4460875221452472172, 0.5065218609559509755, 0.5663769299260885681, 0.6255172601700741408, 0.6843557689771045949, 0.7437446481255295394, 0.8044897488559678012, 0.8672346408614721724, 0.9320698263584569210, 1.000000000000000000 ),
 .UNSPECIFIED. ) ;
#6327 = EDGE_CURVE ( 'NONE', #1393, #1862, #8977, .T. ) ;
#6328 = DIRECTION ( 'NONE',  ( -1.000000000000000000, 0.0000000000000000000, 0.0000000000000000000 ) ) ;
#6329 = DIRECTION ( 'NONE',  ( -0.1378445374916290045, 0.9808148484639890308, -0.1378445374916288657 ) ) ;
#6330 = CARTESIAN_POINT ( 'NONE',  ( 0.3433829793305241407, 1.190000000000000613, -0.4224700221593540306 ) ) ;
#6331 = CARTESIAN_POINT ( 'NONE',  ( -1.036234632526307875, 1.190100000000000380, -0.6150203684777502122 ) ) ;
#6332 = EDGE_LOOP ( 'NONE', ( #500, #6528, #8765, #9054, #7437, #4173, #2683, #5034, #7095, #7400, #2788, #6776 ) ) ;
#6333 = CARTESIAN_POINT ( 'NONE',  ( 0.004352585071755230191, 1.190099999999999936, -0.3861994937099111902 ) ) ;
#6334 = ORIENTED_EDGE ( 'NONE', *, *, #3776, .F. ) ;
#6335 = CARTESIAN_POINT ( 'NONE',  ( 0.5174170764257993715, 1.190000000000000169, -0.3374263325560044047 ) ) ;
#6336 = CARTESIAN_POINT ( 'NONE',  ( -1.015826192967783204, 1.190100000000000158, -0.4255586632400336078 ) ) ;
#6337 = CARTESIAN_POINT ( 'NONE',  ( -0.6567719042759995185, 1.189999999999999947, -0.5973116839603922479 ) ) ;
#6338 = LINE ( 'NONE', #4583, #368 ) ;
#6339 = FACE_OUTER_BOUND ( 'NONE', #5315, .T. ) ;
#6340 = CARTESIAN_POINT ( 'NONE',  ( 0.9393808684448459179, 1.189999999999999947, 0.2685062876642894114 ) ) ;
#6341 = CARTESIAN_POINT ( 'NONE',  ( -1.265445643874941517, 1.190100000000000380, -0.3525141355808765198 ) ) ;
#6342 = CARTESIAN_POINT ( 'NONE',  ( -1.231033530261735898, 1.189999999999999947, -0.6141333637033769000 ) ) ;
#6343 = B_SPLINE_CURVE_WITH_KNOTS ( 'NONE', 3,
 ( #4012, #2423, #7145, #10129, #4739, #2330, #2277, #4789, #6183, #5396, #3817, #4691, #7100, #733, #3092 ),
 .UNSPECIFIED., .F., .F.,
 ( 4, 1, 1, 1, 1, 1, 1, 1, 1, 1, 1, 1, 4 ),
 ( 0.0000000000000000000, 0.06593052914301281153, 0.1332411685289087711, 0.2045200604876719064, 0.2806612701192124359, 0.3607811214334499805, 0.4428158891349322501, 0.5282416223579973202, 0.6187104724835469360, 0.7122113313651774469, 0.8061295683052178696, 0.9016429024052181607, 1.000000000000000000 ),
 .UNSPECIFIED. ) ;
#6344 = CARTESIAN_POINT ( 'NONE',  ( 0.6182858203774697081, 1.189999999999999947, -0.4383213081885266593 ) ) ;
#6345 = PLANE ( 'NONE',  #302 ) ;
#6346 = B_SPLINE_CURVE_WITH_KNOTS ( 'NONE', 3,
 ( #3593, #8374, #6009, #8476, #1433, #454, #4418, #3792, #10065, #3025, #9300, #9096, #3648, #5375, #8522, #1480, #6734, #7500, #9865 ),
 .UNSPECIFIED., .F., .F.,
 ( 4, 1, 1, 1, 1, 1, 1, 1, 1, 1, 1, 1, 1, 1, 1, 1, 4 ),
 ( 0.0000000000000000000, 0.04564128353554572359, 0.09078888845952054476, 0.1364256671059914661, 0.1843178366725510553, 0.2342939698572291951, 0.2866764212844407633, 0.3429017423209589910, 0.4029260114872518228, 0.4655453358907242212, 0.5306942503796601152, 0.5990645194380442851, 0.6698373764890975801, 0.7454419866164027075, 0.8252508205349914361, 0.9101888033597520522, 1.000000000000000000 ),
 .UNSPECIFIED. ) ;
#6347 = CARTESIAN_POINT ( 'NONE',  ( -1.041147655031933184, 1.189999999999999725, -0.3172585571006329430 ) ) ;
#6348 = CARTESIAN_POINT ( 'NONE',  ( 0.5506568683745323156, 1.190100000000000158, -0.5002187899363185197 ) ) ;
#6349 = VERTEX_POINT ( 'NONE', #7034 ) ;
#6350 = EDGE_CURVE ( 'NONE', #2289, #6927, #1546, .T. ) ;
#6351 = B_SPLINE_SURFACE_WITH_KNOTS ( 'NONE', 3, 1, ( 
 ( #9956, #6677 ),
 ( #8933, #9807 ),
 ( #8369, #1329 ),
 ( #1178, #8274 ),
 ( #2764, #7495 ),
 ( #1900, #4466 ),
 ( #5896, #9032 ),
 ( #5021, #8166 ),
 ( #4316, #9091 ),
 ( #2102, #2008 ),
 ( #559, #7450 ) ),
 .UNSPECIFIED., .F., .F., .F.,
 ( 4, 1, 1, 1, 1, 1, 1, 1, 4 ),
 ( 2, 2 ),
 ( 0.0000000000000000000, 0.1140068602737191600, 0.2299697753104336939, 0.3487839338991078342, 0.4697375999169148830, 0.5945301341002873219, 0.7243294665034334390, 0.8589928080171945757, 0.9999999999999998890 ),
 ( 0.0000000000000000000, 1.000000000000000000 ),
 .UNSPECIFIED. ) ;
#6352 = CARTESIAN_POINT ( 'NONE',  ( 2.999999999999999556, -3.452096659781554788E-16, -1.800000000000000266 ) ) ;
#6353 = CARTESIAN_POINT ( 'NONE',  ( 0.8426830471680151202, 1.190100000000000158, 0.3671798629970407513 ) ) ;
#6354 = CARTESIAN_POINT ( 'NONE',  ( 0.04588954666134111016, 1.190099999999999936, -0.4165372098572230897 ) ) ;
#6355 = SURFACE_SIDE_STYLE ('',( #6310 ) ) ;
#6356 = CARTESIAN_POINT ( 'NONE',  ( 0.5032572616279170630, 1.189999999999999725, -0.5063765160885410621 ) ) ;
#6357 = EDGE_LOOP ( 'NONE', ( #9834, #6662, #3730, #4664, #6426, #202, #3903, #1043, #10000, #1215, #7793, #6095, #8414 ) ) ;
#6358 = CARTESIAN_POINT ( 'NONE',  ( -1.221461293225624356, 1.190099999999999936, -0.3687038168730726317 ) ) ;
#6359 = CARTESIAN_POINT ( 'NONE',  ( 0.8452257680761753322, 1.189999999999999947, 0.3232851345184126757 ) ) ;
#6360 = CARTESIAN_POINT ( 'NONE',  ( -0.6151904995086121541, 1.190099999999999936, -0.5635903486589650679 ) ) ;
#6361 = ORIENTED_EDGE ( 'NONE', *, *, #346, .T. ) ;
#6362 = CARTESIAN_POINT ( 'NONE',  ( -1.065269660866133172, 1.190099999999999936, -0.3512880260881692251 ) ) ;
#6363 = CARTESIAN_POINT ( 'NONE',  ( -1.036316529234648121, 1.190099999999999492, -0.6100842389394990350 ) ) ;
#6364 = EDGE_CURVE ( 'NONE', #3917, #9701, #1592, .T. ) ;
#6365 = DIRECTION ( 'NONE',  ( 0.0000000000000000000, -1.000000000000000000, 0.0000000000000000000 ) ) ;
#6366 = CARTESIAN_POINT ( 'NONE',  ( 1.465841469738264236, 1.189999999999999947, -0.5987487483187616810 ) ) ;
#6367 = CARTESIAN_POINT ( 'NONE',  ( -1.056709717533071746, 1.190099999999999714, -0.5735322063869697784 ) ) ;
#6368 = CARTESIAN_POINT ( 'NONE',  ( -0.4516896206374790834, 1.190000000000000169, -0.3324403937215252847 ) ) ;
#6369 = LINE ( 'NONE', #5636, #6427 ) ;
#6370 = CARTESIAN_POINT ( 'NONE',  ( -0.0002642994925050514560, 1.189999999999999947, -0.4179795175495307769 ) ) ;
#6371 = VECTOR ( 'NONE', #4424, 1000.000000000000000 ) ;
#6372 = ORIENTED_EDGE ( 'NONE', *, *, #27, .F. ) ;
#6373 = CARTESIAN_POINT ( 'NONE',  ( 0.5047036492254438622, 1.189999999999999947, -0.6756718252418384418 ) ) ;
#6374 = DIRECTION ( 'NONE',  ( 0.0000000000000000000, -0.0000000000000000000, 1.000000000000000000 ) ) ;
#6375 = CIRCLE ( 'NONE', #1951, 0.1500000000000006051 ) ;
#6376 = CARTESIAN_POINT ( 'NONE',  ( 0.3841461354504300818, 1.190099999999999936, -0.3344888050610302921 ) ) ;
#6377 = ORIENTED_EDGE ( 'NONE', *, *, #8641, .F. ) ;
#6378 = EDGE_CURVE ( 'NONE', #7738, #2255, #621, .T. ) ;
#6379 = VERTEX_POINT ( 'NONE', #1850 ) ;
#6380 = EDGE_CURVE ( 'NONE', #1339, #4487, #1135, .T. ) ;
#6381 = VECTOR ( 'NONE', #9922, 1000.000000000000000 ) ;
#6382 = CARTESIAN_POINT ( 'NONE',  ( 0.6193410195317232692, 1.190099999999999936, -0.5076392633233094420 ) ) ;
#6383 = CARTESIAN_POINT ( 'NONE',  ( -1.024279864883060887, 1.190099999999999492, -0.4545347560620714988 ) ) ;
#6384 = CARTESIAN_POINT ( 'NONE',  ( 0.7953913760746575967, 1.189999999999999725, 0.1015052263720682690 ) ) ;
#6385 = CARTESIAN_POINT ( 'NONE',  ( -0.5221934888813262177, 1.190099999999999714, -0.3160339649121392536 ) ) ;
#6386 = DIRECTION ( 'NONE',  ( -0.4560907909103987246, 0.0000000000000000000, 0.8899332505568756657 ) ) ;
#6387 = ORIENTED_EDGE ( 'NONE', *, *, #6948, .T. ) ;
#6388 = CARTESIAN_POINT ( 'NONE',  ( -1.028164221212555907, 1.190099999999999714, -0.3825548156132140276 ) ) ;
#6389 = STYLED_ITEM ( 'NONE', ( #9535 ), #8505 ) ;
#6390 = CARTESIAN_POINT ( 'NONE',  ( -1.036161735389941052, 1.189999999999999947, -0.6129314406264538828 ) ) ;
#6391 = ORIENTED_EDGE ( 'NONE', *, *, #1785, .T. ) ;
#6392 = VECTOR ( 'NONE', #3771, 1000.000000000000000 ) ;
#6393 = CARTESIAN_POINT ( 'NONE',  ( -0.4824229746950342013, 1.190100000000000380, -0.3016656062078647560 ) ) ;
#6394 = DIRECTION ( 'NONE',  ( 0.0000000000000000000, -7.744301232039320687E-18, 1.000000000000000000 ) ) ;
#6395 = VECTOR ( 'NONE', #3608, 1000.000000000000000 ) ;
#6396 = CARTESIAN_POINT ( 'NONE',  ( 0.7207788758952863306, 1.190100000000000158, 0.2698023978113138766 ) ) ;
#6397 = PLANE ( 'NONE',  #9661 ) ;
#6398 = AXIS2_PLACEMENT_3D ( 'NONE', #9737, #1098, #8143 ) ;
#6399 = CARTESIAN_POINT ( 'NONE',  ( 0.4511691124769376393, 1.190099999999999936, -0.6654973809371567128 ) ) ;
#6400 = ORIENTED_EDGE ( 'NONE', *, *, #5873, .T. ) ;
#6401 = CARTESIAN_POINT ( 'NONE',  ( 0.5111704268146006758, 1.190099999999999936, -0.5063659454224431755 ) ) ;
#6402 = EDGE_LOOP ( 'NONE', ( #4320, #58, #4110, #8541 ) ) ;
#6403 = CARTESIAN_POINT ( 'NONE',  ( 3.839783448439274327, -1.189999999999999947, -1.439783448439272195 ) ) ;
#6404 = CARTESIAN_POINT ( 'NONE',  ( -0.6053925046207102589, 1.189999999999999947, -0.3474666970367102370 ) ) ;
#6405 = CARTESIAN_POINT ( 'NONE',  ( 0.1358239768813224446, 1.190099999999999936, -0.3374730500996714344 ) ) ;
#6406 = CARTESIAN_POINT ( 'NONE',  ( 0.1657725953693994780, 1.190100000000000380, -0.3384910679825818836 ) ) ;
#6407 = CARTESIAN_POINT ( 'NONE',  ( 0.3940496050879989109, 1.190099999999999936, -0.4437553777920779097 ) ) ;
#6408 = VECTOR ( 'NONE', #6209, 1000.000000000000000 ) ;
#6409 = VERTEX_POINT ( 'NONE', #197 ) ;
#6410 = DIRECTION ( 'NONE',  ( -0.0000000000000000000, -1.000000000000000000, -0.0000000000000000000 ) ) ;
#6411 = VECTOR ( 'NONE', #3223, 1000.000000000000114 ) ;
#6412 = CARTESIAN_POINT ( 'NONE',  ( 0.9078453603274981853, 1.189999999999999947, 0.2325654142325203066 ) ) ;
#6413 = CARTESIAN_POINT ( 'NONE',  ( -2.499999999999999556, -1.189999999999999947, 0.0000000000000000000 ) ) ;
#6414 = ORIENTED_EDGE ( 'NONE', *, *, #360, .T. ) ;
#6415 = ADVANCED_FACE ( 'NONE', ( #6524 ), #3339, .F. ) ;
#6416 = CARTESIAN_POINT ( 'NONE',  ( -1.023532704359578771, 1.190099999999999714, -0.3898235098278767241 ) ) ;
#6417 = VECTOR ( 'NONE', #165, 1000.000000000000000 ) ;
#6418 = CARTESIAN_POINT ( 'NONE',  ( -1.105410687017965188, 1.190000000000000169, -0.5524529594905194241 ) ) ;
#6419 = AXIS2_PLACEMENT_3D ( 'NONE', #4258, #1950, #195 ) ;
#6420 = CARTESIAN_POINT ( 'NONE',  ( 0.2920433928151873748, 1.189999999999999725, -0.4187006713956846204 ) ) ;
#6421 = CARTESIAN_POINT ( 'NONE',  ( 0.1426557830159581874, 1.189999999999999947, -0.4960944313583679488 ) ) ;
#6422 = CARTESIAN_POINT ( 'NONE',  ( -1.077723444290608290, 1.190099999999999714, -0.5615664079865178016 ) ) ;
#6423 = CARTESIAN_POINT ( 'NONE',  ( -0.8429226681911635710, 1.190099999999999936, -0.6958457960355314276 ) ) ;
#6424 = FACE_OUTER_BOUND ( 'NONE', #1218, .T. ) ;
#6425 = CARTESIAN_POINT ( 'NONE',  ( 0.04014649794416198098, 1.190099999999999936, -0.5161092588659554892 ) ) ;
#6426 = ORIENTED_EDGE ( 'NONE', *, *, #29, .F. ) ;
#6427 = VECTOR ( 'NONE', #3865, 1000.000000000000000 ) ;
#6428 = CARTESIAN_POINT ( 'NONE',  ( -1.246418145646351228, 1.189999999999999947, -0.4141333637033769444 ) ) ;
#6429 = ADVANCED_FACE ( 'NONE', ( #4825 ), #5687, .T. ) ;
#6430 = CARTESIAN_POINT ( 'NONE',  ( 0.4290965140824374857, 1.190099999999999936, -0.5275293225359239946 ) ) ;
#6431 = CARTESIAN_POINT ( 'NONE',  ( 0.3534599331707352077, 1.190000000000000613, -0.3751007853974349104 ) ) ;
#6432 = CARTESIAN_POINT ( 'NONE',  ( 0.01864831919931172338, 1.190000000000001279, -0.3564705636380589016 ) ) ;
#6433 = ORIENTED_EDGE ( 'NONE', *, *, #6911, .T. ) ;
#6434 = CARTESIAN_POINT ( 'NONE',  ( 0.5263020590743345828, 1.190100000000000158, -0.6746221047625512446 ) ) ;
#6435 = CIRCLE ( 'NONE', #2838, 0.1500000000000006051 ) ;
#6436 = CARTESIAN_POINT ( 'NONE',  ( 0.3894792902510847976, 1.190100000000000158, -0.4184602867803000059 ) ) ;
#6437 = CARTESIAN_POINT ( 'NONE',  ( 0.7832816776788038560, 1.190099999999999936, 0.1040201715640100694 ) ) ;
#6438 = CARTESIAN_POINT ( 'NONE',  ( -1.195783306798170020, 1.190000000000000391, -0.6578892207635275158 ) ) ;
#6439 = CARTESIAN_POINT ( 'NONE',  ( 0.1075092550727752699, 1.189999999999999281, -0.3429491736300738225 ) ) ;
#6440 = ORIENTED_EDGE ( 'NONE', *, *, #2273, .F. ) ;
#6441 = FACE_OUTER_BOUND ( 'NONE', #1471, .T. ) ;
#6442 = ADVANCED_FACE ( 'NONE', ( #8067 ), #6280, .T. ) ;
#6443 = VECTOR ( 'NONE', #6329, 1000.000000000000000 ) ;
#6444 = PLANE ( 'NONE',  #8230 ) ;
#6445 = B_SPLINE_SURFACE_WITH_KNOTS ( 'NONE', 3, 1, ( 
 ( #9040, #512 ),
 ( #5083, #2723 ),
 ( #6010, #6683 ),
 ( #8171, #3649 ),
 ( #407, #4323 ),
 ( #6735, #7501 ),
 ( #6787, #1905 ),
 ( #2880, #8375 ),
 ( #2014, #1337 ),
 ( #9764, #8984 ),
 ( #5847, #1129 ),
 ( #9140, #8225 ),
 ( #7455, #3548 ),
 ( #2063, #9813 ),
 ( #7611, #4263 ) ),
 .UNSPECIFIED., .F., .F., .F.,
 ( 4, 1, 1, 1, 1, 1, 1, 1, 1, 1, 1, 1, 4 ),
 ( 2, 2 ),
 ( 0.0000000000000000000, 0.09732644366051788898, 0.1917899452708927699, 0.2844839699569600699, 0.3762469851026523648, 0.4654503094883153391, 0.5502921550157120478, 0.6319705226198683023, 0.7116013130352870641, 0.7881939450761891175, 0.8607798125150051272, 0.9306099979896581553, 1.000000000000000000 ),
 ( 0.0000000000000000000, 1.000000000000000000 ),
 .UNSPECIFIED. ) ;
#6446 = CARTESIAN_POINT ( 'NONE',  ( -1.137259610827615841, 1.189999999999999947, -0.5477166656956473645 ) ) ;
#6447 = VERTEX_POINT ( 'NONE', #9915 ) ;
#6448 = MECHANICAL_DESIGN_GEOMETRIC_PRESENTATION_REPRESENTATION (  '', ( #10055 ), #2029 ) ;
#6449 = CARTESIAN_POINT ( 'NONE',  ( -0.4874316543367481769, 1.189999999999999281, -0.3014326650975499566 ) ) ;
#6450 = CARTESIAN_POINT ( 'NONE',  ( 0.6420693973388563736, 1.190100000000000602, -0.5875459171506343115 ) ) ;
#6451 = CARTESIAN_POINT ( 'NONE',  ( 0.7190811940163294169, 1.189999999999999947, 0.2624708098259467270 ) ) ;
#6452 = ADVANCED_FACE ( 'NONE', ( #6634 ), #4709, .T. ) ;
#6453 = EDGE_CURVE ( 'NONE', #6958, #7214, #1500, .T. ) ;
#6454 = CARTESIAN_POINT ( 'NONE',  ( -0.9694950687232744002, 1.190099999999999936, -0.4252711842161974176 ) ) ;
#6455 = CARTESIAN_POINT ( 'NONE',  ( 0.4760399899723772865, 1.190099999999999936, -0.6732237716534921201 ) ) ;
#6456 = ORIENTED_EDGE ( 'NONE', *, *, #8484, .F. ) ;
#6457 = CARTESIAN_POINT ( 'NONE',  ( 0.5073478799946745665, 1.190099999999999936, -0.5064410560110692572 ) ) ;
#6458 = ORIENTED_EDGE ( 'NONE', *, *, #475, .F. ) ;
#6459 = CARTESIAN_POINT ( 'NONE',  ( -2.499999999999999556, -0.1000000000000007966, 1.800000000000000266 ) ) ;
#6460 = CARTESIAN_POINT ( 'NONE',  ( 0.1075092550727752699, 1.190099999999999270, -0.3429491736300738225 ) ) ;
#6461 = CARTESIAN_POINT ( 'NONE',  ( -0.7614069099474667368, 1.190099999999999936, -0.7165987107225129105 ) ) ;
#6462 = CARTESIAN_POINT ( 'NONE',  ( -3.339783448439273439, 1.189999999999999947, -0.2499999999999998335 ) ) ;
#6463 = EDGE_LOOP ( 'NONE', ( #1357, #7170, #2694, #1137 ) ) ;
#6464 = DIRECTION ( 'NONE',  ( -0.0000000000000000000, -1.000000000000000000, -0.0000000000000000000 ) ) ;
#6465 = CARTESIAN_POINT ( 'NONE',  ( 0.8360843558751509530, 1.190000000000000169, 0.3265616893737009474 ) ) ;
#6466 = CARTESIAN_POINT ( 'NONE',  ( 0.5073478799946745665, 1.189999999999999947, -0.5064410560110692572 ) ) ;
#6467 = ORIENTED_EDGE ( 'NONE', *, *, #4122, .F. ) ;
#6468 = CARTESIAN_POINT ( 'NONE',  ( 2.499999999999999556, -1.230654267715320271, -1.800000000000000044 ) ) ;
#6469 =( NAMED_UNIT ( * ) SI_UNIT ( $, .STERADIAN. ) SOLID_ANGLE_UNIT ( ) );
#6470 = ORIENTED_EDGE ( 'NONE', *, *, #2419, .F. ) ;
#6471 = LINE ( 'NONE', #3383, #982 ) ;
#6472 = CARTESIAN_POINT ( 'NONE',  ( 0.1426557830159581874, 1.190100000000000158, -0.4960944313583679488 ) ) ;
#6473 = CARTESIAN_POINT ( 'NONE',  ( 0.5997357005074950287, 1.189999999999999947, -0.6142936201136333096 ) ) ;
#6474 = DIRECTION ( 'NONE',  ( 0.0000000000000000000, -0.1750333347174947429, 0.9845625077859065932 ) ) ;
#6475 = CARTESIAN_POINT ( 'NONE',  ( -1.133196991800197395, 1.189999999999999947, -0.3372102867802999615 ) ) ;
#6476 = CARTESIAN_POINT ( 'NONE',  ( 0.0001593844004690146568, 1.189999999999999947, -0.4305403814786140648 ) ) ;
#6477 = ORIENTED_EDGE ( 'NONE', *, *, #7069, .F. ) ;
#6478 = DIRECTION ( 'NONE',  ( 1.000000000000000000, -0.0000000000000000000, -1.355252715606880789E-16 ) ) ;
#6479 = CARTESIAN_POINT ( 'NONE',  ( -1.125894974777533974, 1.190100000000000158, -0.7165401902008301516 ) ) ;
#6480 = B_SPLINE_CURVE_WITH_KNOTS ( 'NONE', 3,
 ( #8602, #13, #3005, #3766, #6087, #7052, #7731, #3864, #9226, #1562, #633 ),
 .UNSPECIFIED., .F., .F.,
 ( 4, 1, 1, 1, 1, 1, 1, 1, 4 ),
 ( 0.0000000000000000000, 0.1244676906410981804, 0.2466874182214703337, 0.3679274618284287257, 0.4886777691196649842, 0.6118451860972232703, 0.7368596092615808946, 0.8661935160105769249, 1.000000000000000000 ),
 .UNSPECIFIED. ) ;
#6481 = CARTESIAN_POINT ( 'NONE',  ( -0.3079566071848127140, 1.190099999999999936, -0.2961846457546589706 ) ) ;
#6482 = DIRECTION ( 'NONE',  ( 0.0000000000000000000, 0.0000000000000000000, 1.000000000000000000 ) ) ;
#6483 = VERTEX_POINT ( 'NONE', #7805 ) ;
#6484 = LINE ( 'NONE', #1965, #7404 ) ;
#6485 = CARTESIAN_POINT ( 'NONE',  ( 0.5602030583744065373, 1.189999999999999947, -0.3020444348323205741 ) ) ;
#6486 = ADVANCED_FACE ( 'NONE', ( #7608, #562, #8474 ), #8573, .T. ) ;
#6487 = CARTESIAN_POINT ( 'NONE',  ( 0.6291741422623398083, 1.189999999999999947, -0.5649257662534682423 ) ) ;
#6488 = CARTESIAN_POINT ( 'NONE',  ( -0.8665393348618025682, 1.189999999999999725, -0.6794226202105254631 ) ) ;
#6489 = CARTESIAN_POINT ( 'NONE',  ( 0.07512051449257758917, 1.190000000000000169, -0.3603139863912310781 ) ) ;
#6490 = ORIENTED_EDGE ( 'NONE', *, *, #4230, .F. ) ;
#6491 = CARTESIAN_POINT ( 'NONE',  ( 0.3755116805167754146, 1.189999999999999725, -0.4942241190548125607 ) ) ;
#6492 = CARTESIAN_POINT ( 'NONE',  ( -1.032559211748344641, 1.190099999999999714, -0.3222244849439107606 ) ) ;
#6493 = CARTESIAN_POINT ( 'NONE',  ( 0.4171352561564405370, 1.189999999999999947, -0.5893385511467357230 ) ) ;
#6494 = CARTESIAN_POINT ( 'NONE',  ( 0.5073478799946745665, 1.189999999999999947, -0.5064410560110692572 ) ) ;
#6495 = ORIENTED_EDGE ( 'NONE', *, *, #4541, .T. ) ;
#6496 = EDGE_CURVE ( 'NONE', #6626, #5875, #7403, .T. ) ;
#6497 = B_SPLINE_CURVE_WITH_KNOTS ( 'NONE', 3,
 ( #7817, #4726, #7864, #765, #6984, #7916, #2409, #6322, #1591, #4824, #818, #921, #3950, #3895, #7033, #7086, #10167, #6277, #49 ),
 .UNSPECIFIED., .F., .F.,
 ( 4, 1, 1, 1, 1, 1, 1, 1, 1, 1, 1, 1, 1, 1, 1, 1, 4 ),
 ( 0.0000000000000000000, 0.06577319762277859805, 0.1290598121103704865, 0.1908812374763873831, 0.2517072210927367437, 0.3115969643873597872, 0.3712956527229747117, 0.4316105269046294213, 0.4925009926588960751, 0.5540339805633730519, 0.6151117734399524917, 0.6763108077196844370, 0.7383814090217063475, 0.8015866720098316911, 0.8659878809164602842, 0.9318948542236250576, 0.9999999999999998890 ),
 .UNSPECIFIED. ) ;
#6498 = CARTESIAN_POINT ( 'NONE',  ( 0.03500955156826820319, 1.189999999999999947, -0.3367409615054334227 ) ) ;
#6499 = DIRECTION ( 'NONE',  ( -0.7767557487195033694, 0.0000000000000000000, -0.6298019584212196653 ) ) ;
#6500 = CARTESIAN_POINT ( 'NONE',  ( 0.7657727484424825537, 1.189999999999999947, 0.3214645811276056198 ) ) ;
#6501 = SURFACE_STYLE_USAGE ( .BOTH. , #7208 ) ;
#6502 = CARTESIAN_POINT ( 'NONE',  ( -1.037677104304477682, 1.189999999999999503, -0.6253051807870305678 ) ) ;
#6503 = ORIENTED_EDGE ( 'NONE', *, *, #5643, .T. ) ;
#6504 = CARTESIAN_POINT ( 'NONE',  ( -0.7619387604023503124, 1.190099999999999714, -0.6755887798837669767 ) ) ;
#6505 = ORIENTED_EDGE ( 'NONE', *, *, #4326, .T. ) ;
#6506 = EDGE_CURVE ( 'NONE', #996, #9171, #3944, .T. ) ;
#6507 = ADVANCED_FACE ( 'NONE', ( #7655 ), #2254, .T. ) ;
#6508 = CARTESIAN_POINT ( 'NONE',  ( 0.9077189647078038881, 1.190000000000000169, 0.2195197747142208222 ) ) ;
#6509 = CARTESIAN_POINT ( 'NONE',  ( -0.4752130172909013184, 1.190099999999999714, -0.3658127919532380146 ) ) ;
#6510 = LINE ( 'NONE', #9639, #1526 ) ;
#6511 = CARTESIAN_POINT ( 'NONE',  ( 0.4613637474641834046, 1.190099999999999714, -0.5000489091642181805 ) ) ;
#6512 = ORIENTED_EDGE ( 'NONE', *, *, #671, .F. ) ;
#6513 = CARTESIAN_POINT ( 'NONE',  ( 0.8064190841607502547, 1.190099999999999936, 0.3304512299124011676 ) ) ;
#6514 = CARTESIAN_POINT ( 'NONE',  ( 0.9079415200581861800, 1.189999999999999725, 0.2290089222200934471 ) ) ;
#6515 = CARTESIAN_POINT ( 'NONE',  ( 0.4613637474641834046, 1.189999999999999725, -0.5000489091642181805 ) ) ;
#6516 = EDGE_LOOP ( 'NONE', ( #1699, #8516, #3010, #8626 ) ) ;
#6517 = ORIENTED_EDGE ( 'NONE', *, *, #9143, .T. ) ;
#6518 = DIRECTION ( 'NONE',  ( 1.000000000000000000, 0.0000000000000000000, 0.0000000000000000000 ) ) ;
#6519 = UNCERTAINTY_MEASURE_WITH_UNIT (LENGTH_MEASURE( 1.000000000000000082E-05 ), #3334, 'distance_accuracy_value', 'NONE');
#6520 = B_SPLINE_CURVE_WITH_KNOTS ( 'NONE', 3,
 ( #8950, #3510, #5096, #6838, #5972, #1969, #1917, #8238, #6648, #7512, #4432 ),
 .UNSPECIFIED., .F., .F.,
 ( 4, 1, 1, 1, 1, 1, 1, 1, 4 ),
 ( 0.0000000000000000000, 0.1189513029219548546, 0.2339018970266829589, 0.3481239514211720287, 0.4646898555378167761, 0.5857562228576354002, 0.7138319466635923982, 0.8516019551000819643, 1.000000000000000000 ),
 .UNSPECIFIED. ) ;
#6521 = LINE ( 'NONE', #4154, #6732 ) ;
#6522 = LINE ( 'NONE', #9652, #7737 ) ;
#6523 = CARTESIAN_POINT ( 'NONE',  ( -0.6261179988167699939, 1.190099999999999714, -0.6525393367837477587 ) ) ;
#6524 = FACE_OUTER_BOUND ( 'NONE', #7660, .T. ) ;
#6525 = CARTESIAN_POINT ( 'NONE',  ( -0.6609907614679830790, 1.190000000000000169, -0.6895781399211786677 ) ) ;
#6526 = CARTESIAN_POINT ( 'NONE',  ( -0.8085578347118003162, 1.189999999999999947, -0.6663597686145190657 ) ) ;
#6527 = CARTESIAN_POINT ( 'NONE',  ( -3.839783448439272551, 1.189999999999999947, 1.439783448439273306 ) ) ;
#6528 = ORIENTED_EDGE ( 'NONE', *, *, #9439, .T. ) ;
#6529 = CARTESIAN_POINT ( 'NONE',  ( -1.039960526779569960, 1.190000000000000391, -0.6311378734757463471 ) ) ;
#6530 = CARTESIAN_POINT ( 'NONE',  ( -1.008194259555366568, 1.190099999999999936, -0.6640369873970111136 ) ) ;
#6531 = CARTESIAN_POINT ( 'NONE',  ( -1.093915125432054491, 1.190099999999999714, -0.6711786240149366645 ) ) ;
#6532 = CARTESIAN_POINT ( 'NONE',  ( 0.6345115304281798707, 1.189999999999999947, -0.4954815241111420465 ) ) ;
#6533 = VERTEX_POINT ( 'NONE', #9959 ) ;
#6534 = CARTESIAN_POINT ( 'NONE',  ( 1.354095366212032303, 1.190099999999999936, 0.002246101707272939348 ) ) ;
#6535 = CARTESIAN_POINT ( 'NONE',  ( 0.4117201746768370807, 1.190099999999999936, -0.3679832065160087429 ) ) ;
#6536 = CARTESIAN_POINT ( 'NONE',  ( 0.1075092550727752699, 1.189999999999999281, -0.3429491736300738225 ) ) ;
#6537 =( LENGTH_UNIT ( ) NAMED_UNIT ( * ) SI_UNIT ( .MILLI., .METRE. ) );
#6538 = DIRECTION ( 'NONE',  ( -1.000000000000000000, 0.0000000000000000000, 0.0000000000000000000 ) ) ;
#6539 = ORIENTED_EDGE ( 'NONE', *, *, #7441, .T. ) ;
#6540 = CARTESIAN_POINT ( 'NONE',  ( 0.4117201746768370807, 1.189999999999999947, -0.3679832065160087429 ) ) ;
#6541 = CARTESIAN_POINT ( 'NONE',  ( -0.9860690603623973871, 1.190099999999999936, -0.3682247191006216558 ) ) ;
#6542 = ADVANCED_FACE ( 'NONE', ( #5327 ), #1533, .F. ) ;
#6543 = AXIS2_PLACEMENT_3D ( 'NONE', #2592, #7158, #4239 ) ;
#6544 = CARTESIAN_POINT ( 'NONE',  ( 0.1570273671741616306, 1.190099999999999936, -0.5372102867803000281 ) ) ;
#6545 = CARTESIAN_POINT ( 'NONE',  ( 0.8240489228139743494, 1.189999999999999947, 0.3704293664395317820 ) ) ;
#6546 = ORIENTED_EDGE ( 'NONE', *, *, #9830, .T. ) ;
#6547 = VECTOR ( 'NONE', #7024, 1000.000000000000000 ) ;
#6548 = LINE ( 'NONE', #1667, #5616 ) ;
#6549 = CARTESIAN_POINT ( 'NONE',  ( -1.161942357547540716, 1.190099999999999936, 0.1176307170918883399 ) ) ;
#6550 = VECTOR ( 'NONE', #6880, 1000.000000000000000 ) ;
#6551 = DIRECTION ( 'NONE',  ( -0.7408025524698522712, 0.0000000000000000000, 0.6717228433320932002 ) ) ;
#6552 = CARTESIAN_POINT ( 'NONE',  ( 0.9077189647078038881, 1.189999999999999947, 0.2195197747142208222 ) ) ;
#6553 = ADVANCED_FACE ( 'NONE', ( #7758 ), #8520, .T. ) ;
#6554 = CARTESIAN_POINT ( 'NONE',  ( 0.4305899077532615027, 1.190099999999999714, -0.6527183883958831423 ) ) ;
#6555 = ORIENTED_EDGE ( 'NONE', *, *, #3157, .T. ) ;
#6556 = VECTOR ( 'NONE', #4948, 1000.000000000000000 ) ;
#6557 = CARTESIAN_POINT ( 'NONE',  ( 1.010505622622288602, 1.189999999999999947, 0.002246101707272939348 ) ) ;
#6558 = VERTEX_POINT ( 'NONE', #6971 ) ;
#6559 = B_SPLINE_CURVE_WITH_KNOTS ( 'NONE', 3,
 ( #2697, #4392, #5822, #8860, #223, #5870, #430, #8961, #9629, #1928, #8195, #2587, #9010, #3570, #3767, #4585, #8550, #5983, #6142 ),
 .UNSPECIFIED., .F., .F.,
 ( 4, 1, 1, 1, 1, 1, 1, 1, 1, 1, 1, 1, 1, 1, 1, 1, 4 ),
 ( 0.0000000000000000000, 0.07052522675994805923, 0.1387106307714380538, 0.2042171689407192847, 0.2680141480567943546, 0.3297252549007307354, 0.3902290497160475491, 0.4503093646985909526, 0.5097852635380498709, 0.5686528787420789266, 0.6271593107460399219, 0.6858724052173036378, 0.7453540893686619873, 0.8056402377805095272, 0.8680962678426502599, 0.9325105389103325315, 0.9999999999999998890 ),
 .UNSPECIFIED. ) ;
#6560 = CARTESIAN_POINT ( 'NONE',  ( 0.8594441944765390806, 1.190000000000000169, 0.1501835174487459179 ) ) ;
#6561 = CARTESIAN_POINT ( 'NONE',  ( 0.1842462730376542845, 1.189999999999999947, -0.3429354926368268219 ) ) ;
#6562 =( NAMED_UNIT ( * ) PLANE_ANGLE_UNIT ( ) SI_UNIT ( $, .RADIAN. ) );
#6563 = ORIENTED_EDGE ( 'NONE', *, *, #94, .F. ) ;
#6564 = CARTESIAN_POINT ( 'NONE',  ( 0.4330690338408282880, 1.190099999999999936, -0.5292775944726076931 ) ) ;
#6565 = CARTESIAN_POINT ( 'NONE',  ( 0.3909183298205261559, 1.189999999999999281, -0.5557344245816120409 ) ) ;
#6566 = CARTESIAN_POINT ( 'NONE',  ( -1.015648914877120834, 1.190100000000000158, -0.4218256713956846649 ) ) ;
#6567 = PRESENTATION_LAYER_ASSIGNMENT (  '', '', ( #7550 ) ) ;
#6568 = EDGE_CURVE ( 'NONE', #3145, #925, #10105, .T. ) ;
#6569 = ADVANCED_FACE ( 'NONE', ( #9348 ), #5569, .T. ) ;
#6570 = ORIENTED_EDGE ( 'NONE', *, *, #4878, .T. ) ;
#6571 = EDGE_LOOP ( 'NONE', ( #1199, #991, #2546, #6377 ) ) ;
#6572 = CARTESIAN_POINT ( 'NONE',  ( -0.7206965668361747790, 1.190000000000000835, -0.4945206640271608833 ) ) ;
#6573 = DIRECTION ( 'NONE',  ( 0.0000000000000000000, 0.0000000000000000000, 1.000000000000000000 ) ) ;
#6574 = FACE_OUTER_BOUND ( 'NONE', #56, .T. ) ;
#6575 = VECTOR ( 'NONE', #6954, 1000.000000000000000 ) ;
#6576 = CARTESIAN_POINT ( 'NONE',  ( -1.207087730687658622, 1.190099999999999936, -0.6484452611317659265 ) ) ;
#6577 = CARTESIAN_POINT ( 'NONE',  ( 0.4213120678592215396, 1.190100000000000158, -0.5837296141381135284 ) ) ;
#6578 = CARTESIAN_POINT ( 'NONE',  ( -0.7560335302617359199, 1.189999999999999947, -0.7166974662674795438 ) ) ;
#6579 = CARTESIAN_POINT ( 'NONE',  ( -0.8254232655562276921, 1.190099999999999936, -0.6571968109802154290 ) ) ;
#6580 = CARTESIAN_POINT ( 'NONE',  ( 0.002547949518588882214, 1.189999999999999947, -0.4432921793018514411 ) ) ;
#6581 = VERTEX_POINT ( 'NONE', #7852 ) ;
#6582 = CARTESIAN_POINT ( 'NONE',  ( -1.056967149974327391, 1.190099999999999714, -0.6524614883629352713 ) ) ;
#6583 = EDGE_CURVE ( 'NONE', #4237, #2779, #1731, .T. ) ;
#6584 = CARTESIAN_POINT ( 'NONE',  ( 0.3690298922061910347, 1.190000000000000835, -0.4877314324904459264 ) ) ;
#6585 = EDGE_CURVE ( 'NONE', #4242, #6409, #234, .T. ) ;
#6586 = MECHANICAL_DESIGN_GEOMETRIC_PRESENTATION_REPRESENTATION (  '', ( #835 ), #6754 ) ;
#6587 = VECTOR ( 'NONE', #7418, 1000.000000000000000 ) ;
#6588 = CARTESIAN_POINT ( 'NONE',  ( 1.046403058519724594, 1.190099999999999936, 0.3714768709380422140 ) ) ;
#6589 = CARTESIAN_POINT ( 'NONE',  ( 0.6615835926586369764, 1.189999999999999725, -0.4546241401810442451 ) ) ;
#6590 = VERTEX_POINT ( 'NONE', #7904 ) ;
#6591 = CARTESIAN_POINT ( 'NONE',  ( 0.6662284682619850074, 1.190000000000000613, -0.4311469139776767379 ) ) ;
#6592 = CARTESIAN_POINT ( 'NONE',  ( 0.4322298400785992145, 1.190099999999999936, -0.3530060948526204112 ) ) ;
#6593 = CARTESIAN_POINT ( 'NONE',  ( 0.6456957331755671659, 1.190099999999999714, -0.6085854022234978844 ) ) ;
#6594 = CARTESIAN_POINT ( 'NONE',  ( -1.226886888929727082, 1.190000000000000169, -0.6221771480164287604 ) ) ;
#6595 = VECTOR ( 'NONE', #5110, 1000.000000000000000 ) ;
#6596 = CARTESIAN_POINT ( 'NONE',  ( 0.09047457844857927090, 1.189999999999999725, -0.3501304287294859097 ) ) ;
#6597 = VERTEX_POINT ( 'NONE', #183 ) ;
#6598 = DIRECTION ( 'NONE',  ( 0.0000000000000000000, 1.000000000000000000, 0.0000000000000000000 ) ) ;
#6599 = CARTESIAN_POINT ( 'NONE',  ( -1.002922800626309563, 1.190099999999999714, -0.3460053870299208412 ) ) ;
#6600 = AXIS2_PLACEMENT_3D ( 'NONE', #4347, #5160, #1053 ) ;
#6601 = CARTESIAN_POINT ( 'NONE',  ( -2.999999999999999556, 0.05000000000000067585, -1.749999999999998890 ) ) ;
#6602 = ORIENTED_EDGE ( 'NONE', *, *, #3405, .T. ) ;
#6603 = CARTESIAN_POINT ( 'NONE',  ( -0.7413349313120695117, 1.189999999999999947, -0.4759293956165962514 ) ) ;
#6604 = CARTESIAN_POINT ( 'NONE',  ( -0.4578192021482549445, 1.189999999999999725, -0.3160063356526777167 ) ) ;
#6605 = LINE ( 'NONE', #5159, #5590 ) ;
#6606 = AXIS2_PLACEMENT_3D ( 'NONE', #9780, #8953, #5861 ) ;
#6607 = CARTESIAN_POINT ( 'NONE',  ( -1.030382088789906669, 1.189999999999999947, -0.6860069170012083051 ) ) ;
#6608 = SURFACE_SIDE_STYLE ('',( #3572 ) ) ;
#6609 =( LENGTH_UNIT ( ) NAMED_UNIT ( * ) SI_UNIT ( .MILLI., .METRE. ) );
#6610 = VERTEX_POINT ( 'NONE', #7074 ) ;
#6611 = CARTESIAN_POINT ( 'NONE',  ( 0.4590734458146898400, 1.190000000000001279, -0.6685546236907158324 ) ) ;
#6612 = ORIENTED_EDGE ( 'NONE', *, *, #9830, .F. ) ;
#6613 = CARTESIAN_POINT ( 'NONE',  ( 0.8762369073001732289, 1.189999999999999281, 0.3539219716616484601 ) ) ;
#6614 = ORIENTED_EDGE ( 'NONE', *, *, #7689, .F. ) ;
#6615 = VECTOR ( 'NONE', #1774, 1000.000000000000000 ) ;
#6616 = CARTESIAN_POINT ( 'NONE',  ( -0.4515463507745563487, 1.189999999999999725, -0.3346461842161974620 ) ) ;
#6617 = ADVANCED_FACE ( 'NONE', ( #3273 ), #8667, .T. ) ;
#6618 = CARTESIAN_POINT ( 'NONE',  ( -0.4686270160032809939, 1.190100000000000158, -0.3066700294666495630 ) ) ;
#6619 = DIRECTION ( 'NONE',  ( -0.0000000000000000000, 1.000000000000000000, -0.0000000000000000000 ) ) ;
#6620 = VERTEX_POINT ( 'NONE', #3221 ) ;
#6621 = CARTESIAN_POINT ( 'NONE',  ( -0.6107289075802193601, 1.189999999999999947, -0.5882597524542065859 ) ) ;
#6622 = CARTESIAN_POINT ( 'NONE',  ( 0.7190811940163294169, 1.190099999999999936, 0.2624708098259467270 ) ) ;
#6623 = LINE ( 'NONE', #2712, #3423 ) ;
#6624 = VERTEX_POINT ( 'NONE', #2552 ) ;
#6625 = VECTOR ( 'NONE', #5982, 1000.000000000000000 ) ;
#6626 = VERTEX_POINT ( 'NONE', #6462 ) ;
#6627 = ORIENTED_EDGE ( 'NONE', *, *, #3310, .T. ) ;
#6628 = CARTESIAN_POINT ( 'NONE',  ( -0.6568730387618760824, 1.190000000000001279, -0.5902364828733370761 ) ) ;
#6629 = CARTESIAN_POINT ( 'NONE',  ( -0.5284694276976332761, 1.190099999999999936, -0.3346461842161974620 ) ) ;
#6630 =( NAMED_UNIT ( * ) SI_UNIT ( $, .STERADIAN. ) SOLID_ANGLE_UNIT ( ) );
#6631 = CARTESIAN_POINT ( 'NONE',  ( 0.04617146759748009394, 1.190099999999999936, -0.4246285276130514208 ) ) ;
#6632 = ADVANCED_FACE ( 'NONE', ( #36 ), #7122, .T. ) ;
#6633 = CARTESIAN_POINT ( 'NONE',  ( -1.207087730687658622, 1.190000000000000391, -0.6484452611317659265 ) ) ;
#6634 = FACE_OUTER_BOUND ( 'NONE', #4452, .T. ) ;
#6635 = CARTESIAN_POINT ( 'NONE',  ( -0.9694950687232744002, 1.189999999999999947, -0.4252711842161974176 ) ) ;
#6636 = FACE_OUTER_BOUND ( 'NONE', #740, .T. ) ;
#6637 = CARTESIAN_POINT ( 'NONE',  ( 0.2867473547633833109, 1.190000000000000613, -0.4540951466512406220 ) ) ;
#6638 = EDGE_LOOP ( 'NONE', ( #6288, #147, #8204 ) ) ;
#6639 = LINE ( 'NONE', #5745, #1358 ) ;
#6640 = CARTESIAN_POINT ( 'NONE',  ( 0.3911205426124314544, 1.190100000000000380, -0.5067177846176782463 ) ) ;
#6641 = DIRECTION ( 'NONE',  ( 0.0000000000000000000, -1.000000000000000000, 1.917831477656420148E-16 ) ) ;
#6642 = LINE ( 'NONE', #1806, #7191 ) ;
#6643 = ORIENTED_EDGE ( 'NONE', *, *, #1715, .T. ) ;
#6644 = FACE_OUTER_BOUND ( 'NONE', #6897, .T. ) ;
#6645 = CARTESIAN_POINT ( 'NONE',  ( 0.4213796967605342170, 1.190099999999999714, -0.3600778107738901723 ) ) ;
#6646 = EDGE_CURVE ( 'NONE', #6620, #3307, #4857, .T. ) ;
#6647 = CARTESIAN_POINT ( 'NONE',  ( 0.04616229042964499485, 1.189999999999999947, -0.4085227875872123882 ) ) ;
#6648 = CARTESIAN_POINT ( 'NONE',  ( -1.035050417348063911, 1.190099999999999936, -0.5379623133878463914 ) ) ;
#6649 = ADVANCED_FACE ( 'NONE', ( #129 ), #2412, .T. ) ;
#6650 = CARTESIAN_POINT ( 'NONE',  ( -0.5280599797600616929, 1.190100000000000158, -0.3413401859478352174 ) ) ;
#6651 = VERTEX_POINT ( 'NONE', #281 ) ;
#6652 = CARTESIAN_POINT ( 'NONE',  ( -0.5284694276976332761, 1.190099999999999936, -0.3346461842161974620 ) ) ;
#6653 = CARTESIAN_POINT ( 'NONE',  ( -1.130177423783113477, 1.190099999999999936, -0.2962239025389677427 ) ) ;
#6654 = CARTESIAN_POINT ( 'NONE',  ( -2.499999999999999556, -1.378338643883206593, 1.723744999792374388 ) ) ;
#6655 = ORIENTED_EDGE ( 'NONE', *, *, #7640, .T. ) ;
#6656 = CARTESIAN_POINT ( 'NONE',  ( -2.999999999999999556, -1.230654267715319827, 1.800000000000000266 ) ) ;
#6657 = CARTESIAN_POINT ( 'NONE',  ( -0.6569640164462412502, 1.190000000000000169, -0.6026984182827147540 ) ) ;
#6658 = CARTESIAN_POINT ( 'NONE',  ( 0.6823004944171604524, 1.190099999999999936, 0.2586563581175293502 ) ) ;
#6659 = CARTESIAN_POINT ( 'NONE',  ( 0.7959309925340308789, 1.189999999999999503, 0.3301641629784063947 ) ) ;
#6660 = DIRECTION ( 'NONE',  ( 0.0000000000000000000, 0.1750333347174951593, -0.9845625077859064822 ) ) ;
#6661 = CARTESIAN_POINT ( 'NONE',  ( 1.046403058519724594, 1.189999999999999947, 0.3714768709380422140 ) ) ;
#6662 = ORIENTED_EDGE ( 'NONE', *, *, #4269, .F. ) ;
#6663 = DIRECTION ( 'NONE',  ( 0.0000000000000000000, 0.0000000000000000000, 1.000000000000000000 ) ) ;
#6664 = CARTESIAN_POINT ( 'NONE',  ( 0.5111704268146006758, 1.190000000000000169, -0.5063659454224431755 ) ) ;
#6665 = DIRECTION ( 'NONE',  ( 1.000000000000000000, -0.0000000000000000000, -0.0000000000000000000 ) ) ;
#6666 = CARTESIAN_POINT ( 'NONE',  ( -1.133998273851479555, 1.189999999999999725, -0.2961846457546589706 ) ) ;
#6667 = SURFACE_STYLE_FILL_AREA ( #391 ) ;
#6668 = ORIENTED_EDGE ( 'NONE', *, *, #1800, .F. ) ;
#6669 = CARTESIAN_POINT ( 'NONE',  ( -0.6180787706459119901, 1.189999999999999947, -0.5556888144853866507 ) ) ;
#6670 = CARTESIAN_POINT ( 'NONE',  ( 0.4028369426752761995, 1.189999999999999725, -0.5460118132589502071 ) ) ;
#6671 = DIRECTION ( 'NONE',  ( 1.000000000000000000, 0.0000000000000000000, -1.355252715606880543E-16 ) ) ;
#6672 = EDGE_LOOP ( 'NONE', ( #487, #8313, #3128, #806 ) ) ;
#6673 = ORIENTED_EDGE ( 'NONE', *, *, #7689, .T. ) ;
#6674 = CARTESIAN_POINT ( 'NONE',  ( 0.6841726205163641827, 1.190099999999999936, 0.2707461246948402733 ) ) ;
#6675 = EDGE_CURVE ( 'NONE', #8278, #7015, #8157, .T. ) ;
#6676 = PLANE ( 'NONE',  #3099 ) ;
#6677 = CARTESIAN_POINT ( 'NONE',  ( -1.210200196928402860, 1.189999999999999947, -0.3588449021649154358 ) ) ;
#6678 = CARTESIAN_POINT ( 'NONE',  ( 2.499999999999999556, -0.09999999999999933942, -1.750000000000000000 ) ) ;
#6679 = CARTESIAN_POINT ( 'NONE',  ( -1.212322112735654711, 1.190099999999999936, -0.6427226989401020329 ) ) ;
#6680 = CARTESIAN_POINT ( 'NONE',  ( -1.106617631481241482, 1.190099999999999936, -0.5022270468172704838 ) ) ;
#6681 = EDGE_LOOP ( 'NONE', ( #3057, #2229, #4027, #9594 ) ) ;
#6682 = DIRECTION ( 'NONE',  ( 1.000000000000000000, 0.0000000000000000000, -1.355252715606880543E-16 ) ) ;
#6683 = CARTESIAN_POINT ( 'NONE',  ( 0.5256223035267516552, 1.190000000000000169, -0.7162045759581135984 ) ) ;
#6684 = CARTESIAN_POINT ( 'NONE',  ( -0.4516842963636743535, 1.189999999999999725, -0.3369064085696522048 ) ) ;
#6685 = VERTEX_POINT ( 'NONE', #495 ) ;
#6686 = CARTESIAN_POINT ( 'NONE',  ( -2.999999999999999556, -1.189999999999999725, 0.9499999999999996225 ) ) ;
#6687 = FACE_OUTER_BOUND ( 'NONE', #5918, .T. ) ;
#6688 = EDGE_CURVE ( 'NONE', #9022, #10097, #1940, .T. ) ;
#6689 = CARTESIAN_POINT ( 'NONE',  ( 0.6463810630519876144, 1.190000000000000169, -0.4827031651378526078 ) ) ;
#6690 = EDGE_LOOP ( 'NONE', ( #8668, #8705, #10154, #8890 ) ) ;
#6691 = CARTESIAN_POINT ( 'NONE',  ( 0.6663439550406521361, 1.190099999999999936, -0.4257016366550787079 ) ) ;
#6692 = CARTESIAN_POINT ( 'NONE',  ( 0.8418219661272522414, 1.190099999999999936, 0.1440042324496485227 ) ) ;
#6693 = CARTESIAN_POINT ( 'NONE',  ( 0.07512051449257758917, 1.190000000000000169, -0.3603139863912310781 ) ) ;
#6694 = CARTESIAN_POINT ( 'NONE',  ( 0.0000000000000000000, -1.189999999999999947, -0.9499999999999996225 ) ) ;
#6695 = DIRECTION ( 'NONE',  ( 0.0000000000000000000, 0.0000000000000000000, -1.000000000000000000 ) ) ;
#6696 = VERTEX_POINT ( 'NONE', #3421 ) ;
#6697 = CARTESIAN_POINT ( 'NONE',  ( 0.3896379557099022839, 1.189999999999999947, -0.4148626455675442637 ) ) ;
#6698 = CARTESIAN_POINT ( 'NONE',  ( -0.9968223080147396997, 1.190000000000001279, -0.3531181865438252632 ) ) ;
#6699 = ADVANCED_FACE ( 'NONE', ( #1996 ), #3132, .F. ) ;
#6700 = EDGE_CURVE ( 'NONE', #8344, #3061, #9902, .T. ) ;
#6701 = LINE ( 'NONE', #6601, #5748 ) ;
#6702 = ORIENTED_EDGE ( 'NONE', *, *, #670, .T. ) ;
#6703 = DIRECTION ( 'NONE',  ( 1.000000000000000000, -0.0000000000000000000, -0.0000000000000000000 ) ) ;
#6704 = CARTESIAN_POINT ( 'NONE',  ( -1.048581607184812858, 1.190099999999999936, -0.5304795175495307102 ) ) ;
#6705 = CARTESIAN_POINT ( 'NONE',  ( -0.6861116937136214622, 1.190099999999999936, -0.6518846632036205957 ) ) ;
#6706 = FACE_OUTER_BOUND ( 'NONE', #2847, .T. ) ;
#6707 = CARTESIAN_POINT ( 'NONE',  ( 0.8029113776993449525, 1.190099999999999936, 0.3303552213557383044 ) ) ;
#6708 = CARTESIAN_POINT ( 'NONE',  ( -2.499999999999999556, -0.1000000000000004358, 1.750000000000000000 ) ) ;
#6709 = VECTOR ( 'NONE', #363, 1000.000000000000000 ) ;
#6710 = DIRECTION ( 'NONE',  ( 1.342063489340794422E-16, -0.1391731009600657432, 0.9902680687415703620 ) ) ;
#6711 = ORIENTED_EDGE ( 'NONE', *, *, #4269, .T. ) ;
#6712 = VECTOR ( 'NONE', #6873, 1000.000000000000114 ) ;
#6713 = CARTESIAN_POINT ( 'NONE',  ( 2.499999999999999556, -1.189999999999999947, 0.0000000000000000000 ) ) ;
#6714 = SURFACE_SIDE_STYLE ('',( #5166 ) ) ;
#6715 = AXIS2_PLACEMENT_3D ( 'NONE', #2326, #2272, #7530 ) ;
#6716 = CARTESIAN_POINT ( 'NONE',  ( 0.2457975427572151594, 1.190100000000000158, -0.4138328879089125389 ) ) ;
#6717 = DIRECTION ( 'NONE',  ( -0.6298849429155902735, 0.0000000000000000000, 0.7766884566466940587 ) ) ;
#6718 = EDGE_LOOP ( 'NONE', ( #347, #1855, #2557, #9435 ) ) ;
#6719 = DIRECTION ( 'NONE',  ( 1.000000000000000000, -0.0000000000000000000, -0.0000000000000000000 ) ) ;
#6720 = CARTESIAN_POINT ( 'NONE',  ( 0.3856785844812659070, 1.190099999999999936, -0.5608600324909408519 ) ) ;
#6721 = CARTESIAN_POINT ( 'NONE',  ( 1.010505622622288602, 1.189999999999999947, -0.03877953931836808366 ) ) ;
#6722 = ORIENTED_EDGE ( 'NONE', *, *, #8710, .F. ) ;
#6723 = VECTOR ( 'NONE', #10058, 1000.000000000000227 ) ;
#6724 = VERTEX_POINT ( 'NONE', #4962 ) ;
#6725 = ORIENTED_EDGE ( 'NONE', *, *, #4365, .F. ) ;
#6726 = CARTESIAN_POINT ( 'NONE',  ( 0.7925088923810059693, 1.190099999999999714, 0.3712425874972973272 ) ) ;
#6727 = LINE ( 'NONE', #558, #9991 ) ;
#6728 = CARTESIAN_POINT ( 'NONE',  ( 0.2730400772399541598, 1.190100000000000158, -0.3565519857216600808 ) ) ;
#6729 = CARTESIAN_POINT ( 'NONE',  ( 1.276658777430572211, 1.190099999999999936, -0.3064410560110692461 ) ) ;
#6730 = DIRECTION ( 'NONE',  ( 0.0000000000000000000, -0.0000000000000000000, 1.000000000000000000 ) ) ;
#6731 = CARTESIAN_POINT ( 'NONE',  ( -1.212161518952417527, 1.190000000000000169, -0.3603227711872347139 ) ) ;
#6732 = VECTOR ( 'NONE', #2611, 1000.000000000000000 ) ;
#6733 = VERTEX_POINT ( 'NONE', #8107 ) ;
#6734 = CARTESIAN_POINT ( 'NONE',  ( 0.5157228708118247740, 1.190099999999999492, -0.6754753765998352533 ) ) ;
#6735 = CARTESIAN_POINT ( 'NONE',  ( 0.5771871249553071070, 1.190100000000000158, -0.7028559271641076078 ) ) ;
#6736 = CARTESIAN_POINT ( 'NONE',  ( -1.154110453338659026, 1.190099999999999936, -0.5064410560110692572 ) ) ;
#6737 = EDGE_CURVE ( 'NONE', #7407, #1256, #8262, .T. ) ;
#6738 = CARTESIAN_POINT ( 'NONE',  ( 0.6662972318151876294, 1.189999999999999947, -0.4190949145124627240 ) ) ;
#6739 = CARTESIAN_POINT ( 'NONE',  ( 0.7141736716171704913, 1.190099999999999936, 0.3320543273344447877 ) ) ;
#6740 = CARTESIAN_POINT ( 'NONE',  ( 0.5063863415331361084, 1.190099999999999714, -0.5474666970367102481 ) ) ;
#6741 = VECTOR ( 'NONE', #2034, 1000.000000000000000 ) ;
#6742 = DIRECTION ( 'NONE',  ( 0.0000000000000000000, 1.000000000000000000, 0.0000000000000000000 ) ) ;
#6743 = EDGE_LOOP ( 'NONE', ( #8217, #6077, #5409, #7281 ) ) ;
#6744 = DIRECTION ( 'NONE',  ( -0.0000000000000000000, -0.0000000000000000000, 1.000000000000000000 ) ) ;
#6745 = CARTESIAN_POINT ( 'NONE',  ( 0.5419454392559969191, 1.190099999999999936, -0.5524896067106519482 ) ) ;
#6746 = LINE ( 'NONE', #4524, #8584 ) ;
#6747 = CARTESIAN_POINT ( 'NONE',  ( 0.1843816877704116119, 1.190099999999999714, -0.4905714584871708195 ) ) ;
#6748 = LINE ( 'NONE', #9152, #5086 ) ;
#6749 = EDGE_CURVE ( 'NONE', #2731, #5248, #1166, .T. ) ;
#6750 = EDGE_LOOP ( 'NONE', ( #7349, #7127, #7161, #7519 ) ) ;
#6751 = STYLED_ITEM ( 'NONE', ( #4584 ), #2739 ) ;
#6752 = CARTESIAN_POINT ( 'NONE',  ( -0.9976200687232745778, 1.190000000000000169, -0.4963449021649155024 ) ) ;
#6753 = CARTESIAN_POINT ( 'NONE',  ( 0.5237930769157148614, 1.190099999999999936, -0.2966104523472530285 ) ) ;
#6754 =( GEOMETRIC_REPRESENTATION_CONTEXT ( 3 ) GLOBAL_UNCERTAINTY_ASSIGNED_CONTEXT ( ( #967 ) ) GLOBAL_UNIT_ASSIGNED_CONTEXT ( ( #7535, #218, #940 ) ) REPRESENTATION_CONTEXT ( 'NONE', 'WORKASPACE' ) );
#6755 = LINE ( 'NONE', #5302, #1828 ) ;
#6756 = ORIENTED_EDGE ( 'NONE', *, *, #2119, .F. ) ;
#6757 = CARTESIAN_POINT ( 'NONE',  ( 2.499999999999999556, -1.189999999999999725, -0.9499999999999996225 ) ) ;
#6758 = CARTESIAN_POINT ( 'NONE',  ( -2.999999999999999556, -1.039055794130319343, 0.1847210300676128125 ) ) ;
#6759 = ORIENTED_EDGE ( 'NONE', *, *, #8630, .F. ) ;
#6760 = PLANE ( 'NONE',  #5736 ) ;
#6761 = ADVANCED_FACE ( 'NONE', ( #5780 ), #3530, .T. ) ;
#6762 = CARTESIAN_POINT ( 'NONE',  ( -1.133998273851479555, 1.190099999999999936, -0.2961846457546589706 ) ) ;
#6763 = FACE_OUTER_BOUND ( 'NONE', #4078, .T. ) ;
#6764 = DIRECTION ( 'NONE',  ( -5.421010862427527100E-16, 0.0000000000000000000, -1.000000000000000000 ) ) ;
#6765 = VECTOR ( 'NONE', #2358, 1000.000000000000000 ) ;
#6766 = EDGE_LOOP ( 'NONE', ( #5656, #5072, #727, #5931, #9707, #3824, #8971, #7485, #6789, #7381, #6756, #9462 ) ) ;
#6767 = VECTOR ( 'NONE', #4251, 1000.000000000000000 ) ;
#6768 = CARTESIAN_POINT ( 'NONE',  ( -1.163722049916313450, 1.190000000000000391, -0.2978030875633675412 ) ) ;
#6769 = ADVANCED_FACE ( 'NONE', ( #9078 ), #2336, .T. ) ;
#6770 = CARTESIAN_POINT ( 'NONE',  ( 0.0000000000000000000, -1.189999999999999947, 0.9499999999999996225 ) ) ;
#6771 = EDGE_CURVE ( 'NONE', #3927, #8247, #1714, .T. ) ;
#6772 = EDGE_LOOP ( 'NONE', ( #9560, #396, #3755, #7079 ) ) ;
#6773 =( NAMED_UNIT ( * ) PLANE_ANGLE_UNIT ( ) SI_UNIT ( $, .RADIAN. ) );
#6774 = CARTESIAN_POINT ( 'NONE',  ( 0.9435417339938825254, 1.190000000000000169, 0.2166736761424820912 ) ) ;
#6775 = CARTESIAN_POINT ( 'NONE',  ( 0.3894792902510847421, 1.189999999999999947, -0.4184602867802999504 ) ) ;
#6776 = ORIENTED_EDGE ( 'NONE', *, *, #5484, .T. ) ;
#6777 = AXIS2_PLACEMENT_3D ( 'NONE', #2123, #6891, #7571 ) ;
#6778 = CARTESIAN_POINT ( 'NONE',  ( 0.7220772274422732062, 1.190099999999999936, 0.3401589767095890005 ) ) ;
#6779 = PLANE ( 'NONE',  #2780 ) ;
#6780 = CARTESIAN_POINT ( 'NONE',  ( 0.2565537178033873156, 1.189999999999999725, -0.3372655061846300262 ) ) ;
#6781 = CARTESIAN_POINT ( 'NONE',  ( -0.8634121375170678014, 1.189999999999999725, -0.6039695484847091844 ) ) ;
#6782 = CARTESIAN_POINT ( 'NONE',  ( -0.4975807730839724718, 1.189999999999999947, -0.3676034723662700010 ) ) ;
#6783 = CARTESIAN_POINT ( 'NONE',  ( -1.235633334866596655, 1.190099999999999492, -0.3884709213402147143 ) ) ;
#6784 = ORIENTED_EDGE ( 'NONE', *, *, #1739, .F. ) ;
#6785 = AXIS2_PLACEMENT_3D ( 'NONE', #8049, #5011, #338 ) ;
#6786 = CARTESIAN_POINT ( 'NONE',  ( 0.3948698190937610653, 1.190000000000000169, -0.3253697852930767520 ) ) ;
#6787 = CARTESIAN_POINT ( 'NONE',  ( 0.5923887725840591978, 1.190099999999999936, -0.6952781258454747704 ) ) ;
#6788 = CARTESIAN_POINT ( 'NONE',  ( 0.3445246544641011877, 1.190099999999999936, -0.4362102626646719994 ) ) ;
#6789 = ORIENTED_EDGE ( 'NONE', *, *, #759, .F. ) ;
#6790 = DIRECTION ( 'NONE',  ( -1.000000000000000000, 0.0000000000000000000, 1.355252715606880543E-16 ) ) ;
#6791 = CARTESIAN_POINT ( 'NONE',  ( 0.1494438750934556082, 1.189999999999999947, -0.4960946283954158487 ) ) ;
#6792 = CARTESIAN_POINT ( 'NONE',  ( 2.987479944133196508, 1.139999999999999902, 0.0000000000000000000 ) ) ;
#6793 = CARTESIAN_POINT ( 'NONE',  ( 0.6615835926586369764, 1.190099999999999714, -0.4546241401810442451 ) ) ;
#6794 = DIRECTION ( 'NONE',  ( -0.0000000000000000000, -1.000000000000000000, -0.0000000000000000000 ) ) ;
#6795 = CARTESIAN_POINT ( 'NONE',  ( -0.06180276103096667140, 1.190099999999999936, -0.7064410560110692128 ) ) ;
#6796 = CARTESIAN_POINT ( 'NONE',  ( 1.322812623584417979, 1.190099999999999936, -0.7166974662674795438 ) ) ;
#6797 = CARTESIAN_POINT ( 'NONE',  ( -2.499999999999999556, -0.1000000000000000888, -1.899999999999999911 ) ) ;
#6798 = CARTESIAN_POINT ( 'NONE',  ( 0.4290965140824374857, 1.189999999999999947, -0.5275293225359239946 ) ) ;
#6799 = CARTESIAN_POINT ( 'NONE',  ( -1.226886888929727082, 1.190100000000000158, -0.6221771480164287604 ) ) ;
#6800 = ORIENTED_EDGE ( 'NONE', *, *, #7148, .T. ) ;
#6801 = EDGE_CURVE ( 'NONE', #5787, #10136, #8850, .T. ) ;
#6802 = LINE ( 'NONE', #9933, #2641 ) ;
#6803 = VERTEX_POINT ( 'NONE', #3916 ) ;
#6804 = CARTESIAN_POINT ( 'NONE',  ( 1.533069033840828377, 1.190099999999999936, -0.5987487483187616810 ) ) ;
#6805 = CARTESIAN_POINT ( 'NONE',  ( -0.4900078892360948957, 1.190099999999999936, -0.3679795175495307880 ) ) ;
#6806 = CARTESIAN_POINT ( 'NONE',  ( -0.7582771200053256555, 1.189999999999999947, -0.6756718252418384418 ) ) ;
#6807 = CARTESIAN_POINT ( 'NONE',  ( -1.111453344001612331, 1.190099999999999492, -0.2971264481553002601 ) ) ;
#6808 = DIRECTION ( 'NONE',  ( 0.0000000000000000000, 0.0000000000000000000, -1.000000000000000000 ) ) ;
#6809 = CARTESIAN_POINT ( 'NONE',  ( -1.204003945800167674, 1.190099999999999936, -0.7018483676437379248 ) ) ;
#6810 = CARTESIAN_POINT ( 'NONE',  ( 2.999999999999999556, -1.279882393104615934, -1.741248333264124426 ) ) ;
#6811 = ORIENTED_EDGE ( 'NONE', *, *, #4425, .T. ) ;
#6812 = EDGE_CURVE ( 'NONE', #8392, #8692, #9521, .T. ) ;
#6813 = CARTESIAN_POINT ( 'NONE',  ( 0.6184945118921961749, 1.190000000000000169, -0.4056705874717208560 ) ) ;
#6814 = CARTESIAN_POINT ( 'NONE',  ( -1.191112164536062501, 1.190000000000000169, -0.3035067976314158589 ) ) ;
#6815 = ORIENTED_EDGE ( 'NONE', *, *, #5173, .F. ) ;
#6816 = DIRECTION ( 'NONE',  ( 1.000000000000000000, -0.0000000000000000000, -0.0000000000000000000 ) ) ;
#6817 = CARTESIAN_POINT ( 'NONE',  ( 0.5256223035267516552, 1.190000000000000169, -0.7162045759581135984 ) ) ;
#6818 = ORIENTED_EDGE ( 'NONE', *, *, #4686, .F. ) ;
#6819 = CARTESIAN_POINT ( 'NONE',  ( -1.023014328424181274, 1.190100000000000158, -0.5465318481940610873 ) ) ;
#6820 = EDGE_CURVE ( 'NONE', #5213, #7141, #4120, .T. ) ;
#6821 = ADVANCED_FACE ( 'NONE', ( #7106 ), #6444, .T. ) ;
#6822 = CARTESIAN_POINT ( 'NONE',  ( -0.3541104533386589814, 1.190099999999999936, -0.7064410560110692128 ) ) ;
#6823 = CARTESIAN_POINT ( 'NONE',  ( 0.2919783384080347766, 1.190099999999999714, -0.4158670107708125063 ) ) ;
#6824 = CARTESIAN_POINT ( 'NONE',  ( -0.4541337183128894006, 1.189999999999999725, -0.3476996845340786235 ) ) ;
#6825 = CARTESIAN_POINT ( 'NONE',  ( -1.185207456266667236, 1.190100000000000158, -0.3454346112477812425 ) ) ;
#6826 = DIRECTION ( 'NONE',  ( 0.0000000000000000000, 1.000000000000000000, 0.0000000000000000000 ) ) ;
#6827 = ORIENTED_EDGE ( 'NONE', *, *, #2371, .F. ) ;
#6828 = CARTESIAN_POINT ( 'NONE',  ( 0.3745900547987761620, 1.190000000000000169, -0.3441862320393347940 ) ) ;
#6829 = CARTESIAN_POINT ( 'NONE',  ( 0.8563237145276776374, 1.189999999999999725, 0.1046672586519049042 ) ) ;
#6830 = CARTESIAN_POINT ( 'NONE',  ( 0.2321533479912955278, 1.190099999999999936, -0.5181828625855683379 ) ) ;
#6831 = CARTESIAN_POINT ( 'NONE',  ( 0.6304248030715975393, 1.189999999999999947, -0.3400949021649153914 ) ) ;
#6832 = CARTESIAN_POINT ( 'NONE',  ( 0.6823004944171604524, 1.190099999999999936, 0.2586563581175293502 ) ) ;
#6833 = CARTESIAN_POINT ( 'NONE',  ( 0.2166596706105848036, 1.189999999999999947, -0.4730817276904683566 ) ) ;
#6834 = PLANE ( 'NONE',  #5709 ) ;
#6835 = CARTESIAN_POINT ( 'NONE',  ( -2.999999999999999556, -0.04999999999999935052, 1.749999999999999334 ) ) ;
#6836 = CARTESIAN_POINT ( 'NONE',  ( 0.5995611596849074187, 1.190099999999999936, -0.6115834317111872309 ) ) ;
#6837 = CARTESIAN_POINT ( 'NONE',  ( 0.8440570981598931599, 1.190100000000000158, 0.1017941255513045012 ) ) ;
#6838 = CARTESIAN_POINT ( 'NONE',  ( -0.9934163628436019078, 1.190099999999999936, -0.5881029146794161111 ) ) ;
#6839 = CARTESIAN_POINT ( 'NONE',  ( 2.999999999999999556, 0.0000000000000000000, 1.800000000000000266 ) ) ;
#6840 = CARTESIAN_POINT ( 'NONE',  ( -3.839783448439272107, 0.8149999999999998357, -0.7499999999999991118 ) ) ;
#6841 = ORIENTED_EDGE ( 'NONE', *, *, #204, .T. ) ;
#6842 = CARTESIAN_POINT ( 'NONE',  ( 0.6525667252859529421, 1.190000000000000169, -0.3683673030489885147 ) ) ;
#6843 = ORIENTED_EDGE ( 'NONE', *, *, #4688, .T. ) ;
#6844 = DIRECTION ( 'NONE',  ( 0.0000000000000000000, 0.0000000000000000000, 1.000000000000000000 ) ) ;
#6845 = CARTESIAN_POINT ( 'NONE',  ( 0.5263020590743345828, 1.190000000000000169, -0.6746221047625512446 ) ) ;
#6846 = FACE_OUTER_BOUND ( 'NONE', #3561, .T. ) ;
#6847 = CARTESIAN_POINT ( 'NONE',  ( -0.7378676711275744537, 1.189999999999999725, -0.6742852233483407343 ) ) ;
#6848 = CARTESIAN_POINT ( 'NONE',  ( -1.069504716924347232, 1.190099999999999936, -0.3055220960599225322 ) ) ;
#6849 = CARTESIAN_POINT ( 'NONE',  ( 0.1436459569177513940, 1.190099999999999936, -0.2961846457546589706 ) ) ;
#6850 = EDGE_CURVE ( 'NONE', #7992, #1598, #4065, .T. ) ;
#6851 = CARTESIAN_POINT ( 'NONE',  ( 0.8509608116800982947, 1.189999999999999725, 0.1465871747810015835 ) ) ;
#6852 = VERTEX_POINT ( 'NONE', #2385 ) ;
#6853 = VERTEX_POINT ( 'NONE', #8089 ) ;
#6854 = LINE ( 'NONE', #4400, #379 ) ;
#6855 = DIRECTION ( 'NONE',  ( -0.2009441437213315140, 0.0000000000000000000, 0.9796027006414900207 ) ) ;
#6856 = ORIENTED_EDGE ( 'NONE', *, *, #3093, .F. ) ;
#6857 = CIRCLE ( 'NONE', #3746, 0.3679729582648805786 ) ;
#6858 = FILL_AREA_STYLE ('',( #7486 ) ) ;
#6859 = CARTESIAN_POINT ( 'NONE',  ( -0.6131748120342610520, 1.190099999999999714, -0.5717164799364463645 ) ) ;
#6860 = DIRECTION ( 'NONE',  ( 0.0000000000000000000, 0.0000000000000000000, -1.000000000000000000 ) ) ;
#6861 = EDGE_CURVE ( 'NONE', #8965, #7589, #3404, .T. ) ;
#6862 = ORIENTED_EDGE ( 'NONE', *, *, #2495, .T. ) ;
#6863 = ORIENTED_EDGE ( 'NONE', *, *, #3182, .F. ) ;
#6864 = CARTESIAN_POINT ( 'NONE',  ( 0.7220772274422732062, 1.190000000000001057, 0.3401589767095890005 ) ) ;
#6865 = CARTESIAN_POINT ( 'NONE',  ( -3.999999999999999112, 0.05000000000000000278, 1.600000000000000089 ) ) ;
#6866 = CARTESIAN_POINT ( 'NONE',  ( 0.2354419101663180747, 1.190099999999999936, -0.3213211854131507450 ) ) ;
#6867 = CARTESIAN_POINT ( 'NONE',  ( -0.4541337183128894006, 1.190099999999999714, -0.3476996845340786235 ) ) ;
#6868 = CARTESIAN_POINT ( 'NONE',  ( 1.354095366212032303, 1.189999999999999947, 0.002246101707272939348 ) ) ;
#6869 = CARTESIAN_POINT ( 'NONE',  ( 0.4539109990584316301, 1.190099999999999936, -0.5587953470845700155 ) ) ;
#6870 = ORIENTED_EDGE ( 'NONE', *, *, #8046, .T. ) ;
#6871 = CARTESIAN_POINT ( 'NONE',  ( 0.3534599331707352077, 1.189999999999999725, -0.3751007853974349104 ) ) ;
#6872 = DIRECTION ( 'NONE',  ( 0.0000000000000000000, 0.0000000000000000000, -1.000000000000000000 ) ) ;
#6873 = DIRECTION ( 'NONE',  ( 0.2009441437213315140, 0.0000000000000000000, -0.9796027006414900207 ) ) ;
#6874 = EDGE_CURVE ( 'NONE', #626, #6927, #5816, .T. ) ;
#6875 = ORIENTED_EDGE ( 'NONE', *, *, #6700, .T. ) ;
#6876 = ADVANCED_FACE ( 'NONE', ( #375 ), #4137, .T. ) ;
#6877 = VECTOR ( 'NONE', #604, 1000.000000000000000 ) ;
#6878 = CARTESIAN_POINT ( 'NONE',  ( 0.04135568274935259164, 1.190099999999999714, -0.3309636991978472387 ) ) ;
#6879 = CARTESIAN_POINT ( 'NONE',  ( 0.4437757152259197979, 1.190100000000000158, -0.6616710325033803297 ) ) ;
#6880 = DIRECTION ( 'NONE',  ( 0.0000000000000000000, 0.0000000000000000000, 1.000000000000000000 ) ) ;
#6881 = AXIS2_PLACEMENT_3D ( 'NONE', #8352, #9170, #4498 ) ;
#6882 = CARTESIAN_POINT ( 'NONE',  ( 0.6463810630519876144, 1.190100000000000158, -0.4827031651378526078 ) ) ;
#6883 = B_SPLINE_CURVE_WITH_KNOTS ( 'NONE', 3,
 ( #4991, #5039, #5757, #9729, #8135, #2689, #2530, #259, #8029, #4840, #312, #1711, #7979, #2481, #214, #161, #1143, #1758, #8848 ),
 .UNSPECIFIED., .F., .F.,
 ( 4, 1, 1, 1, 1, 1, 1, 1, 1, 1, 1, 1, 1, 1, 1, 1, 4 ),
 ( 0.0000000000000000000, 0.07198243398919625113, 0.1414685471386591398, 0.2089999456004758560, 0.2755143729605694647, 0.3407408233551020293, 0.4055850432866182076, 0.4703698775200199078, 0.5360764810293950910, 0.6003318621560747026, 0.6616366936917771335, 0.7197533572775064448, 0.7766710353912654741, 0.8319331845786817059, 0.8874819005342073908, 0.9426975962939017073, 1.000000000000000000 ),
 .UNSPECIFIED. ) ;
#6884 = CARTESIAN_POINT ( 'NONE',  ( 0.5806980883465391319, 1.190000000000000835, -0.5741794559283127652 ) ) ;
#6885 = DIRECTION ( 'NONE',  ( 1.000000000000000000, -0.0000000000000000000, -0.0000000000000000000 ) ) ;
#6886 = CARTESIAN_POINT ( 'NONE',  ( 0.5875003052932122882, 1.189999999999999725, -0.5817128921253795770 ) ) ;
#6887 = B_SPLINE_SURFACE_WITH_KNOTS ( 'NONE', 3, 1, ( 
 ( #24, #4130 ),
 ( #4703, #4804 ),
 ( #5660, #8709 ),
 ( #1673, #7267 ),
 ( #4849, #9631 ),
 ( #7989, #7894 ),
 ( #7060, #2589 ),
 ( #5615, #8764 ),
 ( #1721, #9430 ),
 ( #7943, #7842 ),
 ( #3212, #3979 ),
 ( #4897, #947 ),
 ( #8040, #8809 ),
 ( #1001, #7113 ),
 ( #899, #3164 ) ),
 .UNSPECIFIED., .F., .F., .F.,
 ( 4, 1, 1, 1, 1, 1, 1, 1, 1, 1, 1, 1, 4 ),
 ( 2, 2 ),
 ( 0.0000000000000000000, 0.06593052914301281153, 0.1332411685289087711, 0.2045200604876719064, 0.2806612701192124359, 0.3607811214334499805, 0.4428158891349322501, 0.5282416223579973202, 0.6187104724835469360, 0.7122113313651774469, 0.8061295683052178696, 0.9016429024052181607, 1.000000000000000000 ),
 ( 0.0000000000000000000, 1.000000000000000000 ),
 .UNSPECIFIED. ) ;
#6888 = CARTESIAN_POINT ( 'NONE',  ( 0.6189995872264515420, 1.190099999999999936, -0.3295273782261536888 ) ) ;
#6889 = EDGE_CURVE ( 'NONE', #1423, #4358, #5922, .T. ) ;
#6890 = EDGE_CURVE ( 'NONE', #7873, #2043, #7637, .T. ) ;
#6891 = DIRECTION ( 'NONE',  ( 0.0000000000000000000, 0.0000000000000000000, 1.000000000000000000 ) ) ;
#6892 = COLOUR_RGB ( '',0.7529411764705882248, 0.7529411764705882248, 0.7529411764705882248 ) ;
#6893 = CARTESIAN_POINT ( 'NONE',  ( -1.217389272237681341, 1.190099999999999936, -0.6364663836972354050 ) ) ;
#6894 = ORIENTED_EDGE ( 'NONE', *, *, #1386, .F. ) ;
#6895 = FILL_AREA_STYLE ('',( #3627 ) ) ;
#6896 = CARTESIAN_POINT ( 'NONE',  ( 0.6660888599064980209, 1.190000000000000391, -0.4114593904570667537 ) ) ;
#6897 = EDGE_LOOP ( 'NONE', ( #3181, #2914, #2027, #7810 ) ) ;
#6898 = FILL_AREA_STYLE ('',( #535 ) ) ;
#6899 = CARTESIAN_POINT ( 'NONE',  ( 0.2381171107639051265, 1.189999999999999947, -0.6949827226777359757 ) ) ;
#6900 = PLANE ( 'NONE',  #9067 ) ;
#6901 = VECTOR ( 'NONE', #9824, 1000.000000000000000 ) ;
#6902 = VECTOR ( 'NONE', #8924, 1000.000000000000000 ) ;
#6903 = DIRECTION ( 'NONE',  ( 0.0000000000000000000, -5.808225924029490901E-18, 1.000000000000000000 ) ) ;
#6904 = CARTESIAN_POINT ( 'NONE',  ( -3.000000000000000000, 0.05000000000000000278, 1.599999999999999867 ) ) ;
#6905 =( NAMED_UNIT ( * ) SI_UNIT ( $, .STERADIAN. ) SOLID_ANGLE_UNIT ( ) );
#6906 = CARTESIAN_POINT ( 'NONE',  ( 0.8879074629249988915, 1.190000000000000169, 0.1714115668871903919 ) ) ;
#6907 = MECHANICAL_DESIGN_GEOMETRIC_PRESENTATION_REPRESENTATION (  '', ( #7735 ), #2479 ) ;
#6908 = CIRCLE ( 'NONE', #5581, 0.05000000000000056483 ) ;
#6909 = CARTESIAN_POINT ( 'NONE',  ( 0.6201577446863020260, 1.189999999999999725, -0.4194157750182719857 ) ) ;
#6910 = EDGE_LOOP ( 'NONE', ( #4614, #6048, #4986, #9803 ) ) ;
#6911 = EDGE_CURVE ( 'NONE', #5841, #1833, #3464, .T. ) ;
#6912 = CARTESIAN_POINT ( 'NONE',  ( -0.7582771200053256555, 1.189999999999999947, -0.6756718252418384418 ) ) ;
#6913 = FACE_OUTER_BOUND ( 'NONE', #8805, .T. ) ;
#6914 = ORIENTED_EDGE ( 'NONE', *, *, #2913, .F. ) ;
#6915 = VECTOR ( 'NONE', #1567, 1000.000000000000000 ) ;
#6916 = FACE_OUTER_BOUND ( 'NONE', #8716, .T. ) ;
#6917 = FACE_OUTER_BOUND ( 'NONE', #6402, .T. ) ;
#6918 = VERTEX_POINT ( 'NONE', #9157 ) ;
#6919 = ORIENTED_EDGE ( 'NONE', *, *, #7154, .T. ) ;
#6920 = CARTESIAN_POINT ( 'NONE',  ( 2.999999999999999556, 0.0000000000000000000, 0.0000000000000000000 ) ) ;
#6921 = CARTESIAN_POINT ( 'NONE',  ( -0.9247628703680533802, 1.189999999999999947, 0.3612204606816319385 ) ) ;
#6922 = VECTOR ( 'NONE', #9301, 1000.000000000000000 ) ;
#6923 = ADVANCED_FACE ( 'NONE', ( #1502 ), #1356, .F. ) ;
#6924 = B_SPLINE_SURFACE_WITH_KNOTS ( 'NONE', 3, 1, ( 
 ( #9618, #3558 ),
 ( #4114, #4219 ),
 ( #3509, #6647 ),
 ( #5858, #1086 ),
 ( #4275, #9050 ),
 ( #1196, #8949 ),
 ( #1810, #2024 ),
 ( #5037, #8182 ),
 ( #1141, #8846 ),
 ( #4335, #6693 ),
 ( #9823, #3399 ),
 ( #7466, #7410 ),
 ( #417, #8237 ),
 ( #2783, #6536 ),
 ( #7352, #2575 ),
 ( #5915, #2629 ),
 ( #4170, #5754 ),
 ( #7250, #310 ),
 ( #370, #4938 ) ),
 .UNSPECIFIED., .F., .F., .F.,
 ( 4, 1, 1, 1, 1, 1, 1, 1, 1, 1, 1, 1, 1, 1, 1, 1, 4 ),
 ( 2, 2 ),
 ( 0.0000000000000000000, 0.05729237491171374624, 0.1124984070827317190, 0.1680374011659689637, 0.2232898786346507458, 0.2801975952868701047, 0.3379581713383718045, 0.3992522735937921730, 0.4634964090490197308, 0.5291915129008990526, 0.5939650088004833073, 0.6593077525818069606, 0.7245227873529601625, 0.7904809259640317443, 0.8585562120141754239, 0.9280301640343262548, 1.000000000000000000 ),
 ( 0.0000000000000000000, 1.000000000000000000 ),
 .UNSPECIFIED. ) ;
#6925 = CARTESIAN_POINT ( 'NONE',  ( 0.2430206409298290016, 1.190000000000000169, -0.3262431718426697103 ) ) ;
#6926 = CARTESIAN_POINT ( 'NONE',  ( -0.5173444493714929315, 1.190100000000000380, -0.3584977641958816963 ) ) ;
#6927 = VERTEX_POINT ( 'NONE', #826 ) ;
#6928 = CARTESIAN_POINT ( 'NONE',  ( 0.5042228799946745221, 1.190000000000000391, -0.2961846457546589706 ) ) ;
#6929 = CARTESIAN_POINT ( 'NONE',  ( 0.7358050462469256647, 1.190099999999999936, 0.1564218092456515774 ) ) ;
#6930 = CARTESIAN_POINT ( 'NONE',  ( 0.7233261354428014434, 1.190099999999999936, 0.1612204606816319274 ) ) ;
#6931 = CARTESIAN_POINT ( 'NONE',  ( -6.359909577704528328E-05, 1.190100000000000158, -0.4098921447153023312 ) ) ;
#6932 = AXIS2_PLACEMENT_3D ( 'NONE', #8137, #6598, #2635 ) ;
#6933 = LINE ( 'NONE', #6454, #8698 ) ;
#6934 = DIRECTION ( 'NONE',  ( 0.0000000000000000000, -2.618013972962494553E-13, 1.000000000000000000 ) ) ;
#6935 = DIRECTION ( 'NONE',  ( 0.0000000000000000000, 0.0000000000000000000, 1.000000000000000000 ) ) ;
#6936 = ADVANCED_FACE ( 'NONE', ( #928 ), #8652, .T. ) ;
#6937 = CARTESIAN_POINT ( 'NONE',  ( -1.161942357547540716, 1.190099999999999936, 0.3099384093995806166 ) ) ;
#6938 = CARTESIAN_POINT ( 'NONE',  ( 0.4102750031220811500, 1.190099999999999492, -0.6072540364316012518 ) ) ;
#6939 = DIRECTION ( 'NONE',  ( -0.0000000000000000000, -1.000000000000000000, -0.0000000000000000000 ) ) ;
#6940 = CARTESIAN_POINT ( 'NONE',  ( 0.5726466371014251600, 1.189999999999999947, -0.5673559158505810940 ) ) ;
#6941 = CARTESIAN_POINT ( 'NONE',  ( 0.5919512851988977253, 1.190000000000000391, -0.3130169442839405014 ) ) ;
#6942 = CARTESIAN_POINT ( 'NONE',  ( 0.8064190841607502547, 1.190000000000000835, 0.3304512299124011676 ) ) ;
#6943 = VECTOR ( 'NONE', #20, 1000.000000000000000 ) ;
#6944 = CARTESIAN_POINT ( 'NONE',  ( 0.08273184317287270162, 1.190099999999999936, -0.4785047853388192940 ) ) ;
#6945 = ORIENTED_EDGE ( 'NONE', *, *, #5249, .T. ) ;
#6946 = CARTESIAN_POINT ( 'NONE',  ( 1.322812623584417979, 1.190099999999999936, -0.4852070816520949181 ) ) ;
#6947 = EDGE_CURVE ( 'NONE', #6918, #1862, #7872, .T. ) ;
#6948 = EDGE_CURVE ( 'NONE', #6724, #2203, #5444, .T. ) ;
#6949 = CARTESIAN_POINT ( 'NONE',  ( 0.2919189665356990981, 1.190099999999999936, -0.4227945118406700731 ) ) ;
#6950 = ORIENTED_EDGE ( 'NONE', *, *, #6380, .T. ) ;
#6951 = CARTESIAN_POINT ( 'NONE',  ( 0.6304248030715975393, 1.189999999999999947, -0.3400949021649153914 ) ) ;
#6952 = CARTESIAN_POINT ( 'NONE',  ( 0.8114671610838271043, 1.189999999999999947, 0.1407076401688113765 ) ) ;
#6953 = CARTESIAN_POINT ( 'NONE',  ( -0.4925845429323215119, 1.190100000000000158, -0.3014316263116777472 ) ) ;
#6954 = DIRECTION ( 'NONE',  ( 0.0000000000000000000, -1.000000000000000000, 0.0000000000000000000 ) ) ;
#6955 = CARTESIAN_POINT ( 'NONE',  ( -0.9694950687232744002, 1.190099999999999936, -0.4252711842161974176 ) ) ;
#6956 = DIRECTION ( 'NONE',  ( -0.0000000000000000000, 1.000000000000000000, -0.0000000000000000000 ) ) ;
#6957 = LINE ( 'NONE', #5356, #1640 ) ;
#6958 = VERTEX_POINT ( 'NONE', #3194 ) ;
#6959 = CYLINDRICAL_SURFACE ( 'NONE', #7540, 0.1500000000000001887 ) ;
#6960 = CARTESIAN_POINT ( 'NONE',  ( -0.1381649405181460399, 1.189999999999999947, -0.6654154149854283329 ) ) ;
#6961 = DIRECTION ( 'NONE',  ( -1.342063489340794175E-16, -0.1391731009600657432, -0.9902680687415703620 ) ) ;
#6962 = ORIENTED_EDGE ( 'NONE', *, *, #2066, .F. ) ;
#6963 = CARTESIAN_POINT ( 'NONE',  ( 0.04757288839105887346, 1.189999999999999947, -0.4325202322734869043 ) ) ;
#6964 = ORIENTED_EDGE ( 'NONE', *, *, #7290, .F. ) ;
#6965 = CARTESIAN_POINT ( 'NONE',  ( -0.4900078892360950067, 1.189999999999999725, -0.3013128508828641361 ) ) ;
#6966 = VERTEX_POINT ( 'NONE', #6229 ) ;
#6967 = SURFACE_SIDE_STYLE ('',( #8515 ) ) ;
#6968 = ORIENTED_EDGE ( 'NONE', *, *, #3282, .F. ) ;
#6969 = CARTESIAN_POINT ( 'NONE',  ( 0.2092193053075458165, 1.190099999999999714, -0.4784796687457671394 ) ) ;
#6970 = SURFACE_SIDE_STYLE ('',( #10060 ) ) ;
#6971 = CARTESIAN_POINT ( 'NONE',  ( -2.999999999999999556, -1.230654267715319383, -1.899999999999999689 ) ) ;
#6972 = EDGE_LOOP ( 'NONE', ( #3995, #2544, #9573, #1233 ) ) ;
#6973 = LINE ( 'NONE', #2357, #4766 ) ;
#6974 = CARTESIAN_POINT ( 'NONE',  ( 0.5071876235844181569, 1.190099999999999936, -0.7166974662674795438 ) ) ;
#6975 = CARTESIAN_POINT ( 'NONE',  ( -1.145166101599976560, 1.190099999999999492, -0.7164994207749446620 ) ) ;
#6976 = LINE ( 'NONE', #9256, #1636 ) ;
#6977 = EDGE_CURVE ( 'NONE', #7054, #7636, #6857, .T. ) ;
#6978 = CARTESIAN_POINT ( 'NONE',  ( 0.8064190841607502547, 1.190099999999999936, 0.3304512299124011676 ) ) ;
#6979 = CARTESIAN_POINT ( 'NONE',  ( 2.999999999999999556, -1.230654267715320715, -1.749999999999999778 ) ) ;
#6980 = DIRECTION ( 'NONE',  ( -1.000000000000000000, 0.0000000000000000000, -6.767104658812679932E-16 ) ) ;
#6981 = DIRECTION ( 'NONE',  ( 0.0000000000000000000, 0.0000000000000000000, -1.000000000000000000 ) ) ;
#6982 = B_SPLINE_CURVE_WITH_KNOTS ( 'NONE', 3,
 ( #5647, #8798, #9466, #9420, #9516, #2477, #6237, #8750, #7101, #3200, #7146, #1756, #8027, #4060, #1657 ),
 .UNSPECIFIED., .F., .F.,
 ( 4, 1, 1, 1, 1, 1, 1, 1, 1, 1, 1, 1, 4 ),
 ( 0.0000000000000000000, 0.09732644366051788898, 0.1917899452708927699, 0.2844839699569600699, 0.3762469851026523648, 0.4654503094883153391, 0.5502921550157120478, 0.6319705226198683023, 0.7116013130352870641, 0.7881939450761891175, 0.8607798125150051272, 0.9306099979896581553, 1.000000000000000000 ),
 .UNSPECIFIED. ) ;
#6983 = CARTESIAN_POINT ( 'NONE',  ( 0.5063863415331362194, 1.190100000000000158, -0.5474666970367103591 ) ) ;
#6984 = CARTESIAN_POINT ( 'NONE',  ( -1.263542032087130895, 1.189999999999999503, -0.6479962111754083987 ) ) ;
#6985 = CARTESIAN_POINT ( 'NONE',  ( 0.5304069732062351994, 1.189999999999999947, -0.5496005233557088587 ) ) ;
#6986 = CARTESIAN_POINT ( 'NONE',  ( 0.4581199595418249393, 1.190000000000000613, -0.3427250003971499814 ) ) ;
#6987 = CARTESIAN_POINT ( 'NONE',  ( -1.170008208784927062, 1.190100000000000158, -0.7130853082701572587 ) ) ;
#6988 = LINE ( 'NONE', #5591, #7087 ) ;
#6989 = EDGE_CURVE ( 'NONE', #3454, #7873, #9111, .T. ) ;
#6990 = CARTESIAN_POINT ( 'NONE',  ( 0.8064190841607502547, 1.189999999999999947, 0.3304512299124011676 ) ) ;
#6991 = DIRECTION ( 'NONE',  ( -0.0000000000000000000, -1.000000000000000000, -0.0000000000000000000 ) ) ;
#6992 = ORIENTED_EDGE ( 'NONE', *, *, #8046, .F. ) ;
#6993 = CARTESIAN_POINT ( 'NONE',  ( 0.5902231276599004817, 1.190099999999999714, -0.6416007038331640322 ) ) ;
#6994 = ORIENTED_EDGE ( 'NONE', *, *, #8870, .T. ) ;
#6995 = CARTESIAN_POINT ( 'NONE',  ( -0.9732389307540405543, 1.190099999999999936, -0.4537822391715916615 ) ) ;
#6996 = CARTESIAN_POINT ( 'NONE',  ( -0.7016320295203816171, 1.189999999999999503, -0.6623689015400998636 ) ) ;
#6997 = CARTESIAN_POINT ( 'NONE',  ( 0.7007976618335145513, 1.190000000000000169, 0.3139186606770915655 ) ) ;
#6998 = DIRECTION ( 'NONE',  ( 0.0000000000000000000, -0.0000000000000000000, 1.000000000000000000 ) ) ;
#6999 = LINE ( 'NONE', #8835, #5113 ) ;
#7000 = DIRECTION ( 'NONE',  ( -0.0000000000000000000, -1.000000000000000000, -0.0000000000000000000 ) ) ;
#7001 = EDGE_CURVE ( 'NONE', #9577, #3961, #4932, .T. ) ;
#7002 = EDGE_CURVE ( 'NONE', #8567, #5638, #3446, .T. ) ;
#7003 = CARTESIAN_POINT ( 'NONE',  ( 0.8933192798328273287, 1.189999999999999281, 0.1782382906841596670 ) ) ;
#7004 = B_SPLINE_SURFACE_WITH_KNOTS ( 'NONE', 3, 1, ( 
 ( #2939, #6942 ),
 ( #6177, #1353 ),
 ( #2224, #9317 ),
 ( #9156, #2891 ),
 ( #6078, #3610 ),
 ( #6025, #7670 ),
 ( #1499, #1299 ),
 ( #9882, #4485 ),
 ( #9215, #5344 ),
 ( #2177, #2848 ),
 ( #4528, #5297 ),
 ( #5389, #8446 ),
 ( #5975, #624 ),
 ( #10029, #8537 ),
 ( #2994, #1445 ),
 ( #673, #9109 ),
 ( #2077, #8339 ),
 ( #3142, #880 ),
 ( #5442, #926 ) ),
 .UNSPECIFIED., .F., .F., .F.,
 ( 4, 1, 1, 1, 1, 1, 1, 1, 1, 1, 1, 1, 1, 1, 1, 1, 4 ),
 ( 2, 2 ),
 ( 0.0000000000000000000, 0.06420729528298513289, 0.1264246897797421942, 0.1876802842649217540, 0.2482164244552126364, 0.3083050600086127413, 0.3696609913251428514, 0.4316985517867802380, 0.4959468922087639231, 0.5597580239721196005, 0.6222954078261586641, 0.6839106352841733960, 0.7450924080566243557, 0.8067402253892926867, 0.8690866181212021369, 0.9332900029747993598, 1.000000000000000000 ),
 ( 0.0000000000000000000, 1.000000000000000000 ),
 .UNSPECIFIED. ) ;
#7005 = EDGE_LOOP ( 'NONE', ( #5346, #7759, #2392, #1786 ) ) ;
#7006 = CARTESIAN_POINT ( 'NONE',  ( 2.999999999999999556, -1.230654267715320715, 1.749999999999999778 ) ) ;
#7007 = CARTESIAN_POINT ( 'NONE',  ( -1.257238143420140508, 1.190099999999999492, -0.3427685143725301420 ) ) ;
#7008 = FACE_OUTER_BOUND ( 'NONE', #9934, .T. ) ;
#7009 = DIRECTION ( 'NONE',  ( 0.7408025524698522712, 0.0000000000000000000, -0.6717228433320932002 ) ) ;
#7010 = CARTESIAN_POINT ( 'NONE',  ( 0.06238693859372572426, 1.190000000000000169, -0.4608909332258375735 ) ) ;
#7011 = EDGE_CURVE ( 'NONE', #3454, #1239, #8231, .T. ) ;
#7012 = ORIENTED_EDGE ( 'NONE', *, *, #5369, .F. ) ;
#7013 = CARTESIAN_POINT ( 'NONE',  ( -1.130177423783113477, 1.189999999999999947, -0.2962239025389677427 ) ) ;
#7014 = CARTESIAN_POINT ( 'NONE',  ( 0.5698276487791636979, 1.190000000000000391, -0.4921704669972176149 ) ) ;
#7015 = VERTEX_POINT ( 'NONE', #6588 ) ;
#7016 = DIRECTION ( 'NONE',  ( -1.000000000000000000, 0.0000000000000000000, -0.0000000000000000000 ) ) ;
#7017 = DIRECTION ( 'NONE',  ( -1.000000000000000000, 0.0000000000000000000, 0.0000000000000000000 ) ) ;
#7018 = CARTESIAN_POINT ( 'NONE',  ( -0.7189392046603775288, 1.190100000000000158, -0.6698033857973720862 ) ) ;
#7019 = FACE_BOUND ( 'NONE', #4853, .T. ) ;
#7020 = CARTESIAN_POINT ( 'NONE',  ( 0.4462153313099350149, 1.190099999999999936, -0.5630028213833002670 ) ) ;
#7021 = ORIENTED_EDGE ( 'NONE', *, *, #855, .F. ) ;
#7022 = LINE ( 'NONE', #7955, #1822 ) ;
#7023 = CARTESIAN_POINT ( 'NONE',  ( -1.206814152419335429, 1.190099999999999936, 0.3612204606816319385 ) ) ;
#7024 = DIRECTION ( 'NONE',  ( -0.0000000000000000000, -1.000000000000000000, -0.0000000000000000000 ) ) ;
#7025 = ORIENTED_EDGE ( 'NONE', *, *, #8811, .T. ) ;
#7026 = CARTESIAN_POINT ( 'NONE',  ( 0.8781476332960452824, 1.190100000000000158, 0.3015735410635460578 ) ) ;
#7027 = VECTOR ( 'NONE', #6991, 1000.000000000000000 ) ;
#7028 = CARTESIAN_POINT ( 'NONE',  ( 1.415633827750493845, 1.189999999999999947, 0.3612204606816319385 ) ) ;
#7029 = CARTESIAN_POINT ( 'NONE',  ( -1.120965378566332937, 1.190000000000000169, -0.5496940889169895650 ) ) ;
#7030 = FACE_BOUND ( 'NONE', #3422, .T. ) ;
#7031 = CARTESIAN_POINT ( 'NONE',  ( 0.8220170129470976139, 1.190099999999999936, 0.1409432898073212370 ) ) ;
#7032 = EDGE_CURVE ( 'NONE', #7325, #7159, #252, .T. ) ;
#7033 = CARTESIAN_POINT ( 'NONE',  ( -1.170008208784927062, 1.190000000000000169, -0.7130853082701572587 ) ) ;
#7034 = CARTESIAN_POINT ( 'NONE',  ( -2.499999999999999556, -0.04999999999999935052, 1.749999999999999334 ) ) ;
#7035 = AXIS2_PLACEMENT_3D ( 'NONE', #10113, #7176, #4723 ) ;
#7036 = CARTESIAN_POINT ( 'NONE',  ( 0.3928797330041638447, 1.190099999999999270, -0.3971393981834026587 ) ) ;
#7037 = CARTESIAN_POINT ( 'NONE',  ( -0.9284694276976332983, 1.189999999999999947, -0.3064410560110692461 ) ) ;
#7038 = CARTESIAN_POINT ( 'NONE',  ( -0.7403681004815790834, 1.189999999999999947, -0.7163873105033371491 ) ) ;
#7039 = CARTESIAN_POINT ( 'NONE',  ( 0.0001593844004690146568, 1.189999999999999947, -0.4305403814786140648 ) ) ;
#7040 = CARTESIAN_POINT ( 'NONE',  ( 0.4504985058630876504, 1.190000000000001279, -0.3013503479030154586 ) ) ;
#7041 = ORIENTED_EDGE ( 'NONE', *, *, #6749, .F. ) ;
#7042 = AXIS2_PLACEMENT_3D ( 'NONE', #941, #9626, #5592 ) ;
#7043 = CARTESIAN_POINT ( 'NONE',  ( 0.01419547447032990309, 1.190099999999999714, -0.3636926089343445190 ) ) ;
#7044 = B_SPLINE_CURVE_WITH_KNOTS ( 'NONE', 3,
 ( #7956, #5724, #186, #865, #6465, #6359, #912, #4035, #9488, #962, #1066, #1016, #9643, #1633, #5674, #7223, #4088, #6412, #6514 ),
 .UNSPECIFIED., .F., .F.,
 ( 4, 1, 1, 1, 1, 1, 1, 1, 1, 1, 1, 1, 1, 1, 1, 1, 4 ),
 ( 0.0000000000000000000, 0.06420729528298513289, 0.1264246897797421942, 0.1876802842649217540, 0.2482164244552126364, 0.3083050600086127413, 0.3696609913251428514, 0.4316985517867802380, 0.4959468922087639231, 0.5597580239721196005, 0.6222954078261586641, 0.6839106352841733960, 0.7450924080566243557, 0.8067402253892926867, 0.8690866181212021369, 0.9332900029747993598, 1.000000000000000000 ),
 .UNSPECIFIED. ) ;
#7045 = VERTEX_POINT ( 'NONE', #8990 ) ;
#7046 = CARTESIAN_POINT ( 'NONE',  ( 0.5689540361949425584, 1.189999999999999947, -0.6610289918340532811 ) ) ;
#7047 = ORIENTED_EDGE ( 'NONE', *, *, #402, .F. ) ;
#7048 = CARTESIAN_POINT ( 'NONE',  ( -1.106617631481241482, 1.190099999999999936, -0.5022270468172704838 ) ) ;
#7049 = EDGE_CURVE ( 'NONE', #3070, #6927, #2777, .T. ) ;
#7050 = CARTESIAN_POINT ( 'NONE',  ( -0.7582771200053256555, 1.189999999999999947, -0.6756718252418384418 ) ) ;
#7051 = CARTESIAN_POINT ( 'NONE',  ( 0.7493390023664131538, 1.189999999999999725, 0.3594019056475611373 ) ) ;
#7052 = CARTESIAN_POINT ( 'NONE',  ( 0.6575533164242125528, 1.190099999999999714, -0.3786627693766477787 ) ) ;
#7053 = VECTOR ( 'NONE', #4973, 1000.000000000000000 ) ;
#7054 = VERTEX_POINT ( 'NONE', #5749 ) ;
#7055 =( GEOMETRIC_REPRESENTATION_CONTEXT ( 3 ) GLOBAL_UNCERTAINTY_ASSIGNED_CONTEXT ( ( #7543 ) ) GLOBAL_UNIT_ASSIGNED_CONTEXT ( ( #1123, #5793, #6630 ) ) REPRESENTATION_CONTEXT ( 'NONE', 'WORKASPACE' ) );
#7056 = CARTESIAN_POINT ( 'NONE',  ( 0.8600345415739965027, 1.190099999999999714, 0.3616118566317211847 ) ) ;
#7057 = ADVANCED_FACE ( 'NONE', ( #8894 ), #1858, .T. ) ;
#7058 = CARTESIAN_POINT ( 'NONE',  ( -1.279129458437992861, 1.189999999999999503, -0.3745975351697944933 ) ) ;
#7059 = CARTESIAN_POINT ( 'NONE',  ( 0.7565849507830658682, 1.190099999999999714, 0.3166848363050556170 ) ) ;
#7060 = CARTESIAN_POINT ( 'NONE',  ( 0.3928924351251805724, 1.190099999999999936, -0.6761273133168078653 ) ) ;
#7061 = AXIS2_PLACEMENT_3D ( 'NONE', #7323, #6717, #5168 ) ;
#7062 = VECTOR ( 'NONE', #8140, 1000.000000000000000 ) ;
#7063 = ORIENTED_EDGE ( 'NONE', *, *, #9772, .F. ) ;
#7064 = CARTESIAN_POINT ( 'NONE',  ( -1.069504716924347232, 1.189999999999999947, -0.3055220960599225322 ) ) ;
#7065 = CARTESIAN_POINT ( 'NONE',  ( 0.5787711867474394367, 1.190099999999999714, -0.4869169078132515871 ) ) ;
#7066 = EDGE_LOOP ( 'NONE', ( #9695, #8058, #7276, #1496 ) ) ;
#7067 = EDGE_CURVE ( 'NONE', #996, #10093, #981, .T. ) ;
#7068 = CARTESIAN_POINT ( 'NONE',  ( -3.892486261452670515, 0.8149999999999998357, 0.7499999999999990008 ) ) ;
#7069 = EDGE_CURVE ( 'NONE', #7109, #3307, #4107, .T. ) ;
#7070 = CARTESIAN_POINT ( 'NONE',  ( 0.8910183885973257389, 1.190099999999999714, 0.3441334544640944348 ) ) ;
#7071 = CARTESIAN_POINT ( 'NONE',  ( -1.121694637711636355, 1.190000000000000169, -0.6754776155609415467 ) ) ;
#7072 = VECTOR ( 'NONE', #4290, 1000.000000000000227 ) ;
#7073 = CARTESIAN_POINT ( 'NONE',  ( 0.6420693973388563736, 1.190000000000000613, -0.5875459171506343115 ) ) ;
#7074 = CARTESIAN_POINT ( 'NONE',  ( -1.292571991800197440, 1.190099999999999936, -0.4141333637033769444 ) ) ;
#7075 = VERTEX_POINT ( 'NONE', #5853 ) ;
#7076 = DIRECTION ( 'NONE',  ( -0.0000000000000000000, -1.000000000000000000, -0.0000000000000000000 ) ) ;
#7077 = LINE ( 'NONE', #8624, #8728 ) ;
#7078 = CARTESIAN_POINT ( 'NONE',  ( -3.839783448439272107, 0.8149999999999998357, 0.7499999999999988898 ) ) ;
#7079 = ORIENTED_EDGE ( 'NONE', *, *, #5428, .T. ) ;
#7080 = AXIS2_PLACEMENT_3D ( 'NONE', #8562, #6816, #4507 ) ;
#7081 = CARTESIAN_POINT ( 'NONE',  ( 0.5997357005074950287, 1.190099999999999936, -0.6142936201136333096 ) ) ;
#7082 = CARTESIAN_POINT ( 'NONE',  ( -1.137259610827615841, 1.190000000000000169, -0.5477166656956473645 ) ) ;
#7083 = ORIENTED_EDGE ( 'NONE', *, *, #1670, .F. ) ;
#7084 = CARTESIAN_POINT ( 'NONE',  ( 1.377572930314596267, 1.190099999999999936, -0.03877953931836808366 ) ) ;
#7085 = CARTESIAN_POINT ( 'NONE',  ( 0.4117244026639840793, 1.190000000000000169, -0.6011332684009236260 ) ) ;
#7086 = CARTESIAN_POINT ( 'NONE',  ( -1.157800276065258815, 1.189999999999999725, -0.7151559437752549320 ) ) ;
#7087 = VECTOR ( 'NONE', #3853, 1000.000000000000000 ) ;
#7088 = CARTESIAN_POINT ( 'NONE',  ( 0.4884033831019591321, 1.190099999999999492, -0.3375180612468509644 ) ) ;
#7089 = B_SPLINE_SURFACE_WITH_KNOTS ( 'NONE', 3, 1, ( 
 ( #5047, #2898 ),
 ( #9838, #1309 ),
 ( #5869, #6657 ),
 ( #9937, #429 ),
 ( #8960, #7581 ),
 ( #4344, #8249 ),
 ( #482, #1257 ),
 ( #5932, #8347 ),
 ( #1207, #5821 ),
 ( #6705, #8406 ),
 ( #7421, #2744 ),
 ( #1153, #3717 ),
 ( #6033, #9008 ),
 ( #380, #7475 ),
 ( #2084, #1982 ),
 ( #9165, #6847 ),
 ( #537, #4289 ),
 ( #3569, #1927 ),
 ( #2856, #6806 ) ),
 .UNSPECIFIED., .F., .F., .F.,
 ( 4, 1, 1, 1, 1, 1, 1, 1, 1, 1, 1, 1, 1, 1, 1, 1, 4 ),
 ( 2, 2 ),
 ( 0.0000000000000000000, 0.05681557216866703341, 0.1121227043635698306, 0.1668227269735995943, 0.2220963057990658074, 0.2789336422175910379, 0.3368754517250789893, 0.3978515565239448826, 0.4620390983845872324, 0.5276558516003213573, 0.5923161346088028356, 0.6572245979447229880, 0.7226974727024487732, 0.7892244270772577064, 0.8571655146102247214, 0.9276595053591100148, 1.000000000000000000 ),
 ( 0.0000000000000000000, 1.000000000000000000 ),
 .UNSPECIFIED. ) ;
#7090 = CARTESIAN_POINT ( 'NONE',  ( 0.3894792902510847976, 1.190100000000000158, -0.4184602867803000059 ) ) ;
#7091 = CARTESIAN_POINT ( 'NONE',  ( -0.6105207097489153689, 1.189999999999999947, -0.5966654149854283551 ) ) ;
#7092 = CARTESIAN_POINT ( 'NONE',  ( -1.154110453338659026, 1.189999999999999947, -0.5064410560110692572 ) ) ;
#7093 = B_SPLINE_CURVE_WITH_KNOTS ( 'NONE', 3,
 ( #3873, #4750, #6249, #5362, #8506, #7110, #10095, #5557, #1464, #10139, #7839, #3106, #9473, #7890, #8608, #3976, #690, #67, #2432 ),
 .UNSPECIFIED., .F., .F.,
 ( 4, 1, 1, 1, 1, 1, 1, 1, 1, 1, 1, 1, 1, 1, 1, 1, 4 ),
 ( 0.0000000000000000000, 0.07052522675994805923, 0.1387106307714380538, 0.2042171689407192847, 0.2680141480567943546, 0.3297252549007307354, 0.3902290497160475491, 0.4503093646985909526, 0.5097852635380498709, 0.5686528787420789266, 0.6271593107460399219, 0.6858724052173036378, 0.7453540893686619873, 0.8056402377805095272, 0.8680962678426502599, 0.9325105389103325315, 0.9999999999999998890 ),
 .UNSPECIFIED. ) ;
#7094 = CARTESIAN_POINT ( 'NONE',  ( 0.3662964644680238857, 1.190099999999999714, -0.3542741677090671115 ) ) ;
#7095 = ORIENTED_EDGE ( 'NONE', *, *, #4352, .T. ) ;
#7096 = CARTESIAN_POINT ( 'NONE',  ( 0.7181979303145963334, 1.190099999999999936, 0.2586563581175293502 ) ) ;
#7097 = VECTOR ( 'NONE', #3457, 1000.000000000000000 ) ;
#7098 = EDGE_LOOP ( 'NONE', ( #7801, #2474, #469, #7149, #3331, #10079, #4957, #4934, #1773 ) ) ;
#7099 = CARTESIAN_POINT ( 'NONE',  ( 0.6103183896893653593, 1.190100000000000158, -0.5132529678818066321 ) ) ;
#7100 = CARTESIAN_POINT ( 'NONE',  ( 0.4882707745477304906, 1.189999999999999947, -0.7162192866447825157 ) ) ;
#7101 = CARTESIAN_POINT ( 'NONE',  ( 0.6178804576245126023, 1.190100000000000158, -0.6758896127478227767 ) ) ;
#7102 = DIRECTION ( 'NONE',  ( -0.0000000000000000000, -1.000000000000000000, -0.0000000000000000000 ) ) ;
#7103 = DIRECTION ( 'NONE',  ( 0.0000000000000000000, 0.0000000000000000000, -1.000000000000000000 ) ) ;
#7104 = AXIS2_PLACEMENT_3D ( 'NONE', #9637, #5621, #4245 ) ;
#7105 = CARTESIAN_POINT ( 'NONE',  ( -1.074957521537586835, 1.190099999999999936, -0.3468511815004657328 ) ) ;
#7106 = FACE_OUTER_BOUND ( 'NONE', #8560, .T. ) ;
#7107 = EDGE_CURVE ( 'NONE', #6958, #6852, #9770, .T. ) ;
#7108 = CARTESIAN_POINT ( 'NONE',  ( 0.9437629473529510760, 1.190099999999999936, 0.2337910404434676848 ) ) ;
#7109 = VERTEX_POINT ( 'NONE', #4329 ) ;
#7110 = CARTESIAN_POINT ( 'NONE',  ( -1.191112164536062501, 1.190000000000000391, -0.3035067976314158589 ) ) ;
#7111 = LINE ( 'NONE', #4847, #3311 ) ;
#7112 = CARTESIAN_POINT ( 'NONE',  ( -0.6420468662771655621, 1.189999999999999947, -0.5160988207198516919 ) ) ;
#7113 = CARTESIAN_POINT ( 'NONE',  ( 0.5008206451843660867, 1.190000000000000391, -0.7165365219514810979 ) ) ;
#7114 = ADVANCED_FACE ( 'NONE', ( #6687 ), #3346, .T. ) ;
#7115 = CARTESIAN_POINT ( 'NONE',  ( -2.999999999999999556, -1.189999999999999947, -1.235659872050660413 ) ) ;
#7116 = CARTESIAN_POINT ( 'NONE',  ( 0.5948770483727086056, 1.190099999999999714, -0.4745556238387212966 ) ) ;
#7117 = ORIENTED_EDGE ( 'NONE', *, *, #8589, .T. ) ;
#7118 = LINE ( 'NONE', #8959, #1814 ) ;
#7119 = FACE_OUTER_BOUND ( 'NONE', #4992, .T. ) ;
#7120 = CARTESIAN_POINT ( 'NONE',  ( -0.7016320295203816171, 1.190099999999999492, -0.6623689015400998636 ) ) ;
#7121 = CARTESIAN_POINT ( 'NONE',  ( 0.5785818543536489500, 1.189999999999999947, -0.5292775944726076931 ) ) ;
#7122 = PLANE ( 'NONE',  #9033 ) ;
#7123 = ORIENTED_EDGE ( 'NONE', *, *, #893, .T. ) ;
#7124 = CARTESIAN_POINT ( 'NONE',  ( -1.077125058166274796, 1.190099999999999714, -0.7089182422630945224 ) ) ;
#7125 = CARTESIAN_POINT ( 'NONE',  ( 2.499999999999999556, -0.9405995433517277959, -0.1672176965958633577 ) ) ;
#7126 = CARTESIAN_POINT ( 'NONE',  ( 0.2919189665356990981, 1.189999999999999947, -0.4227945118406700731 ) ) ;
#7127 = ORIENTED_EDGE ( 'NONE', *, *, #4310, .F. ) ;
#7128 = EDGE_CURVE ( 'NONE', #6803, #3041, #877, .T. ) ;
#7129 = EDGE_CURVE ( 'NONE', #4242, #4557, #616, .T. ) ;
#7130 = CARTESIAN_POINT ( 'NONE',  ( -0.7560335302617359199, 1.190099999999999936, -0.7166974662674795438 ) ) ;
#7131 = PLANE ( 'NONE',  #2127 ) ;
#7132 = SURFACE_SIDE_STYLE ('',( #3999 ) ) ;
#7133 =( NAMED_UNIT ( * ) SI_UNIT ( $, .STERADIAN. ) SOLID_ANGLE_UNIT ( ) );
#7134 = CARTESIAN_POINT ( 'NONE',  ( 0.9437385781446923083, 1.190099999999999936, 0.2258513412941595133 ) ) ;
#7135 = CARTESIAN_POINT ( 'NONE',  ( -0.4752248710743507409, 1.189999999999999725, -0.3035826238908035379 ) ) ;
#7136 = DIRECTION ( 'NONE',  ( 0.5145244597529659014, 0.0000000000000000000, -0.8574757024638766101 ) ) ;
#7137 = CARTESIAN_POINT ( 'NONE',  ( -0.9247628703680533802, 1.189999999999999947, 0.1176307170918883399 ) ) ;
#7138 = CARTESIAN_POINT ( 'NONE',  ( -2.499999999999999556, -0.1000000000000000888, -1.800000000000000266 ) ) ;
#7139 = CARTESIAN_POINT ( 'NONE',  ( -2.499999999999999556, -1.230654267715320715, -1.749999999999999778 ) ) ;
#7140 = CARTESIAN_POINT ( 'NONE',  ( -1.051387006271115032, 1.190100000000000158, -0.6475163777394847830 ) ) ;
#7141 = VERTEX_POINT ( 'NONE', #663 ) ;
#7142 = CARTESIAN_POINT ( 'NONE',  ( 0.08819383426361096512, 1.190099999999999714, -0.3047555560710750178 ) ) ;
#7143 = ORIENTED_EDGE ( 'NONE', *, *, #1739, .T. ) ;
#7144 = CARTESIAN_POINT ( 'NONE',  ( 0.5047036492254438622, 1.190099999999999936, -0.6756718252418384418 ) ) ;
#7145 = CARTESIAN_POINT ( 'NONE',  ( 0.3645643009038143645, 1.189999999999999947, -0.6269546623028049437 ) ) ;
#7146 = CARTESIAN_POINT ( 'NONE',  ( 0.6358640484968415274, 1.190099999999999936, -0.6521317351451476618 ) ) ;
#7147 = CARTESIAN_POINT ( 'NONE',  ( -1.217389272237681341, 1.189999999999999947, -0.6364663836972354050 ) ) ;
#7148 = EDGE_CURVE ( 'NONE', #3145, #6958, #9446, .T. ) ;
#7149 = ORIENTED_EDGE ( 'NONE', *, *, #9943, .T. ) ;
#7150 = CARTESIAN_POINT ( 'NONE',  ( -1.020086803312764578, 1.190099999999999936, -0.3974902786787296582 ) ) ;
#7151 =( LENGTH_UNIT ( ) NAMED_UNIT ( * ) SI_UNIT ( .MILLI., .METRE. ) );
#7152 = CARTESIAN_POINT ( 'NONE',  ( -1.039133348846829730, 1.190000000000000391, -0.5960634175884776953 ) ) ;
#7153 = VERTEX_POINT ( 'NONE', #2112 ) ;
#7154 = EDGE_CURVE ( 'NONE', #2465, #1933, #5235, .T. ) ;
#7155 = CARTESIAN_POINT ( 'NONE',  ( 1.322812623584417979, 1.190099999999999936, -0.4353673380623513389 ) ) ;
#7156 = LINE ( 'NONE', #999, #7240 ) ;
#7157 = CARTESIAN_POINT ( 'NONE',  ( -0.6685403073394262652, 1.189999999999999281, -0.4867656008825117508 ) ) ;
#7158 = DIRECTION ( 'NONE',  ( 1.000000000000000000, 0.0000000000000000000, 0.0000000000000000000 ) ) ;
#7159 = VERTEX_POINT ( 'NONE', #7662 ) ;
#7160 = CARTESIAN_POINT ( 'NONE',  ( 0.5187013265000526285, 1.190099999999999492, -0.5062179680830134476 ) ) ;
#7161 = ORIENTED_EDGE ( 'NONE', *, *, #2360, .T. ) ;
#7162 = B_SPLINE_CURVE_WITH_KNOTS ( 'NONE', 3,
 ( #2875, #2972, #5897, #606, #4467, #7605, #5957 ),
 .UNSPECIFIED., .F., .F.,
 ( 4, 1, 1, 1, 4 ),
 ( 0.0000000000000000000, 0.2750683690187429309, 0.5329014600899372178, 0.7739734595924444571, 0.9999999999999998890 ),
 .UNSPECIFIED. ) ;
#7163 = B_SPLINE_SURFACE_WITH_KNOTS ( 'NONE', 3, 1, ( 
 ( #3262, #3366 ),
 ( #1826, #6451 ),
 ( #6396, #2492 ),
 ( #5614, #8763 ),
 ( #1720, #3978 ),
 ( #8657, #8861 ),
 ( #4848, #3924 ),
 ( #7988, #9582 ),
 ( #7059, #7893 ),
 ( #847, #6500 ),
 ( #7841, #23 ),
 ( #3163, #9429 ),
 ( #8252, #6659 ),
 ( #6707, #1985 ),
 ( #9681, #9841 ) ),
 .UNSPECIFIED., .F., .F., .F.,
 ( 4, 1, 1, 1, 1, 1, 1, 1, 1, 1, 1, 1, 4 ),
 ( 2, 2 ),
 ( 0.0000000000000000000, 0.09468725186755412582, 0.1819941557072747018, 0.2643769486105120858, 0.3421798619477718351, 0.4186176108621462721, 0.4965090753719089700, 0.5773690916117315552, 0.6615105924541975213, 0.7467325508291965397, 0.8312579843277420055, 0.9152056162136541495, 1.000000000000000000 ),
 ( 0.0000000000000000000, 1.000000000000000000 ),
 .UNSPECIFIED. ) ;
#7164 = CARTESIAN_POINT ( 'NONE',  ( -2.999999999999999556, -1.039055794130319343, 0.1847210300676128125 ) ) ;
#7165 = CARTESIAN_POINT ( 'NONE',  ( 0.5785818543536489500, 1.189999999999999947, -0.5292775944726076931 ) ) ;
#7166 = CARTESIAN_POINT ( 'NONE',  ( -0.6639327179482622521, 1.190099999999999492, -0.6255737616538237233 ) ) ;
#7167 = ADVANCED_FACE ( 'NONE', ( #8287 ), #3799, .F. ) ;
#7168 = CARTESIAN_POINT ( 'NONE',  ( -2.499999999999999556, -1.378338643883207038, -1.723744999792374610 ) ) ;
#7169 = DIRECTION ( 'NONE',  ( -1.000000000000000000, 0.0000000000000000000, -0.0000000000000000000 ) ) ;
#7170 = ORIENTED_EDGE ( 'NONE', *, *, #5792, .T. ) ;
#7171 = LINE ( 'NONE', #10107, #9527 ) ;
#7172 = DIRECTION ( 'NONE',  ( 0.0000000000000000000, 0.1750333347174951593, -0.9845625077859064822 ) ) ;
#7173 = LINE ( 'NONE', #5675, #1125 ) ;
#7174 = ORIENTED_EDGE ( 'NONE', *, *, #6296, .T. ) ;
#7175 = DIRECTION ( 'NONE',  ( 0.0000000000000000000, 0.0000000000000000000, 1.000000000000000000 ) ) ;
#7176 = DIRECTION ( 'NONE',  ( 0.0000000000000000000, 0.1750333347174941601, -0.9845625077859067042 ) ) ;
#7177 = CARTESIAN_POINT ( 'NONE',  ( 0.2381171107639051265, 1.190099999999999936, -0.6949827226777359757 ) ) ;
#7178 = CARTESIAN_POINT ( 'NONE',  ( 0.09898564011130601970, 1.189999999999999503, -0.4872626332537220994 ) ) ;
#7179 = SHAPE_DEFINITION_REPRESENTATION ( #6109, #2907 ) ;
#7180 = ADVANCED_FACE ( 'NONE', ( #7505 ), #10016, .T. ) ;
#7181 = CARTESIAN_POINT ( 'NONE',  ( 0.1842462730376542845, 1.190099999999999936, -0.3429354926368268219 ) ) ;
#7182 = CARTESIAN_POINT ( 'NONE',  ( 2.999999999999999556, -1.039055794130319565, -0.1847210300676126182 ) ) ;
#7183 = DIRECTION ( 'NONE',  ( 0.0000000000000000000, -5.808225924029490901E-18, 1.000000000000000000 ) ) ;
#7184 = CARTESIAN_POINT ( 'NONE',  ( -3.999999999999999112, -0.05000000000000000278, 1.600000000000000089 ) ) ;
#7185 = PRESENTATION_LAYER_ASSIGNMENT (  '', '', ( #5874 ) ) ;
#7186 = ORIENTED_EDGE ( 'NONE', *, *, #44, .T. ) ;
#7187 = LINE ( 'NONE', #8739, #2181 ) ;
#7188 = DIRECTION ( 'NONE',  ( 0.0000000000000000000, 0.0000000000000000000, -1.000000000000000000 ) ) ;
#7189 = CARTESIAN_POINT ( 'NONE',  ( 0.3662964644680238857, 1.190000000000000613, -0.3542741677090671115 ) ) ;
#7190 = ORIENTED_EDGE ( 'NONE', *, *, #1102, .T. ) ;
#7191 = VECTOR ( 'NONE', #5692, 1000.000000000000000 ) ;
#7192 = CARTESIAN_POINT ( 'NONE',  ( 0.5361991726525194846, 1.190099999999999714, -0.6730754410661590192 ) ) ;
#7193 = CARTESIAN_POINT ( 'NONE',  ( 0.4581199595418249393, 1.190100000000000380, -0.3427250003971499814 ) ) ;
#7194 = EDGE_CURVE ( 'NONE', #4358, #5318, #2982, .T. ) ;
#7195 = CARTESIAN_POINT ( 'NONE',  ( -0.6861116937136214622, 1.189999999999999947, -0.6518846632036205957 ) ) ;
#7196 = CARTESIAN_POINT ( 'NONE',  ( -0.8022792470892430305, 1.189999999999999503, -0.7116339667781477196 ) ) ;
#7197 = EDGE_CURVE ( 'NONE', #1213, #5244, #459, .T. ) ;
#7198 = CARTESIAN_POINT ( 'NONE',  ( 0.06822426342084847439, 1.189999999999999725, -0.3661528663657667715 ) ) ;
#7199 = ORIENTED_EDGE ( 'NONE', *, *, #9426, .T. ) ;
#7200 = CARTESIAN_POINT ( 'NONE',  ( -1.015734566916675963, 1.190100000000000380, -0.4190411382757260883 ) ) ;
#7201 = AXIS2_PLACEMENT_3D ( 'NONE', #2873, #6003, #4411 ) ;
#7202 = CARTESIAN_POINT ( 'NONE',  ( -0.6720916580811280294, 1.190099999999999936, -0.5462134852137382479 ) ) ;
#7203 = CARTESIAN_POINT ( 'NONE',  ( 0.8142911319541177306, 1.190099999999999936, 0.3713866735789874141 ) ) ;
#7204 = ORIENTED_EDGE ( 'NONE', *, *, #416, .F. ) ;
#7205 = DIRECTION ( 'NONE',  ( 1.000000000000000000, -0.0000000000000000000, -0.0000000000000000000 ) ) ;
#7206 = CARTESIAN_POINT ( 'NONE',  ( -0.6566745559027615808, 1.189999999999999947, -0.5945820816520949181 ) ) ;
#7207 = CARTESIAN_POINT ( 'NONE',  ( 0.6157563484208706805, 1.189999999999999947, -0.4460660041797590569 ) ) ;
#7208 = SURFACE_SIDE_STYLE ('',( #70 ) ) ;
#7209 = CARTESIAN_POINT ( 'NONE',  ( -0.4925845429323215119, 1.190000000000000169, -0.3014316263116777472 ) ) ;
#7210 = ORIENTED_EDGE ( 'NONE', *, *, #4148, .F. ) ;
#7211 = CARTESIAN_POINT ( 'NONE',  ( 0.5047036492254438622, 1.190000000000001279, -0.6756718252418384418 ) ) ;
#7212 = CARTESIAN_POINT ( 'NONE',  ( 0.9157369987293157987, 1.189999999999999947, 0.3187472471626022763 ) ) ;
#7213 = AXIS2_PLACEMENT_3D ( 'NONE', #2040, #327, #486 ) ;
#7214 = VERTEX_POINT ( 'NONE', #6740 ) ;
#7215 = LINE ( 'NONE', #3323, #6615 ) ;
#7216 = CARTESIAN_POINT ( 'NONE',  ( -0.6681102421093126909, 1.190100000000000380, -0.6326166109621718103 ) ) ;
#7217 = FACE_OUTER_BOUND ( 'NONE', #5758, .T. ) ;
#7218 = CARTESIAN_POINT ( 'NONE',  ( 0.4026379702226234869, 1.190100000000000158, -0.4592353767407745258 ) ) ;
#7219 = VECTOR ( 'NONE', #9021, 1000.000000000000114 ) ;
#7220 = ORIENTED_EDGE ( 'NONE', *, *, #9142, .T. ) ;
#7221 = DIRECTION ( 'NONE',  ( 1.000000000000000000, 0.0000000000000000000, -0.0000000000000000000 ) ) ;
#7222 =( GEOMETRIC_REPRESENTATION_CONTEXT ( 3 ) GLOBAL_UNCERTAINTY_ASSIGNED_CONTEXT ( ( #5176 ) ) GLOBAL_UNIT_ASSIGNED_CONTEXT ( ( #595, #6773, #2049 ) ) REPRESENTATION_CONTEXT ( 'NONE', 'WORKASPACE' ) );
#7223 = CARTESIAN_POINT ( 'NONE',  ( 0.9062848758943022887, 1.189999999999999947, 0.2497773330876801312 ) ) ;
#7224 = CARTESIAN_POINT ( 'NONE',  ( 0.2527983826388012778, 1.190000000000000391, -0.5031792582834291316 ) ) ;
#7225 = VERTEX_POINT ( 'NONE', #6272 ) ;
#7226 = CARTESIAN_POINT ( 'NONE',  ( -0.6566745559027615808, 1.190000000000001057, -0.5945820816520949181 ) ) ;
#7227 = EDGE_CURVE ( 'NONE', #8607, #1598, #7911, .T. ) ;
#7228 = STYLED_ITEM ( 'NONE', ( #5200 ), #6923 ) ;
#7229 =( NAMED_UNIT ( * ) SI_UNIT ( $, .STERADIAN. ) SOLID_ANGLE_UNIT ( ) );
#7230 = AXIS2_PLACEMENT_3D ( 'NONE', #5225, #6054, #2765 ) ;
#7231 = ORIENTED_EDGE ( 'NONE', *, *, #9843, .T. ) ;
#7232 = DIRECTION ( 'NONE',  ( 0.0000000000000000000, 0.0000000000000000000, 1.000000000000000000 ) ) ;
#7233 = CARTESIAN_POINT ( 'NONE',  ( 0.06838378493459749963, 1.189999999999999725, -0.4672173325482010808 ) ) ;
#7234 = PRESENTATION_STYLE_ASSIGNMENT (( #3287 ) ) ;
#7235 = CARTESIAN_POINT ( 'NONE',  ( -0.6330385254632454606, 1.190100000000000602, -0.6625465627585549466 ) ) ;
#7236 = CARTESIAN_POINT ( 'NONE',  ( -0.7560335302617359199, 1.190099999999999936, -0.7166974662674795438 ) ) ;
#7237 = CARTESIAN_POINT ( 'NONE',  ( -1.144492265057710512, 1.189999999999999947, -0.3373573544776308775 ) ) ;
#7238 = CARTESIAN_POINT ( 'NONE',  ( -2.999999999999999556, -1.378338643883206593, 1.723744999792374388 ) ) ;
#7239 = ORIENTED_EDGE ( 'NONE', *, *, #4598, .F. ) ;
#7240 = VECTOR ( 'NONE', #116, 999.9999999999998863 ) ;
#7241 = CARTESIAN_POINT ( 'NONE',  ( -1.085562660632972243, 1.190100000000000158, -0.6685173246232657407 ) ) ;
#7242 = CARTESIAN_POINT ( 'NONE',  ( 0.3445246544641011877, 1.190000000000000391, -0.4362102626646719994 ) ) ;
#7243 = CARTESIAN_POINT ( 'NONE',  ( -1.210200196928402638, 1.190099999999999936, -0.3588449021649153803 ) ) ;
#7244 = ADVANCED_FACE ( 'NONE', ( #3227 ), #5381, .T. ) ;
#7245 = DIRECTION ( 'NONE',  ( 1.355252715606880296E-16, -0.0000000000000000000, 1.000000000000000000 ) ) ;
#7246 = VERTEX_POINT ( 'NONE', #8729 ) ;
#7247 = CARTESIAN_POINT ( 'NONE',  ( 0.6551835507048564544, 1.190100000000000158, -0.4690804586700862422 ) ) ;
#7248 = STYLED_ITEM ( 'NONE', ( #9939 ), #5430 ) ;
#7249 = CARTESIAN_POINT ( 'NONE',  ( 0.4330690338408282880, 1.189999999999999725, -0.5292775944726076931 ) ) ;
#7250 = CARTESIAN_POINT ( 'NONE',  ( 0.1424951176058951718, 1.190099999999999936, -0.3372988988971967750 ) ) ;
#7251 = SURFACE_STYLE_FILL_AREA ( #2576 ) ;
#7252 = CARTESIAN_POINT ( 'NONE',  ( 0.04761096705653979078, 1.190000000000000169, -0.4007060379595790423 ) ) ;
#7253 = ORIENTED_EDGE ( 'NONE', *, *, #7960, .T. ) ;
#7254 = CARTESIAN_POINT ( 'NONE',  ( -1.133196991800197395, 1.190099999999999936, -0.3372102867802999615 ) ) ;
#7255 = AXIS2_PLACEMENT_3D ( 'NONE', #1658, #8028, #4792 ) ;
#7256 =( NAMED_UNIT ( * ) SI_UNIT ( $, .STERADIAN. ) SOLID_ANGLE_UNIT ( ) );
#7257 = EDGE_CURVE ( 'NONE', #7828, #436, #9403, .T. ) ;
#7258 = B_SPLINE_SURFACE_WITH_KNOTS ( 'NONE', 3, 1, ( 
 ( #7254, #4888 ),
 ( #783, #3253 ),
 ( #7981, #9469 ),
 ( #8031, #163 ),
 ( #4842, #838 ),
 ( #3154, #216 ),
 ( #7105, #3356 ),
 ( #5550, #14 ),
 ( #9377, #9422 ),
 ( #1662, #64 ),
 ( #2334, #8650 ),
 ( #8603, #4793 ),
 ( #6388, #7936 ),
 ( #4016, #4064 ),
 ( #7150, #2483 ),
 ( #9520, #8755 ),
 ( #1713, #939 ),
 ( #7200, #4223 ),
 ( #3562, #1921 ) ),
 .UNSPECIFIED., .F., .F., .F.,
 ( 4, 1, 1, 1, 1, 1, 1, 1, 1, 1, 1, 1, 1, 1, 1, 1, 4 ),
 ( 2, 2 ),
 ( 0.0000000000000000000, 0.08083124523230555969, 0.1575013602271857494, 0.2312918204125645472, 0.3018110149075491910, 0.3697854003154104618, 0.4360721328781437811, 0.5004051856086838557, 0.5644689761006463913, 0.6263525737690905926, 0.6848965354429915608, 0.7402747611889520796, 0.7938263243938873392, 0.8453782346017371108, 0.8967924570121394989, 0.9480467893553412573, 1.000000000000000000 ),
 ( 0.0000000000000000000, 1.000000000000000000 ),
 .UNSPECIFIED. ) ;
#7259 = ADVANCED_FACE ( 'NONE', ( #5480 ), #5578, .F. ) ;
#7260 = CARTESIAN_POINT ( 'NONE',  ( 0.4389190109048246580, 1.189999999999999503, -0.5677694999978535328 ) ) ;
#7261 = CARTESIAN_POINT ( 'NONE',  ( 0.7643517764684425453, 1.189999999999999947, -0.03877953931836811141 ) ) ;
#7262 = ORIENTED_EDGE ( 'NONE', *, *, #6861, .F. ) ;
#7263 = VECTOR ( 'NONE', #4854, 1000.000000000000000 ) ;
#7264 = CARTESIAN_POINT ( 'NONE',  ( 0.05541434871729349065, 1.189999999999999947, -0.3206097030122773139 ) ) ;
#7265 = LINE ( 'NONE', #5612, #6100 ) ;
#7266 = CARTESIAN_POINT ( 'NONE',  ( -0.6420468662771655621, 1.190100000000000380, -0.5160988207198516919 ) ) ;
#7267 = CARTESIAN_POINT ( 'NONE',  ( 0.3683247268366930394, 1.190000000000001057, -0.6397533859429014313 ) ) ;
#7268 = CARTESIAN_POINT ( 'NONE',  ( -0.6105207097489153689, 1.189999999999999947, -0.5966654149854283551 ) ) ;
#7269 = SURFACE_STYLE_FILL_AREA ( #9533 ) ;
#7270 = CARTESIAN_POINT ( 'NONE',  ( 0.9298691542302529589, 1.190000000000000169, 0.2948417741613243437 ) ) ;
#7271 = ORIENTED_EDGE ( 'NONE', *, *, #1369, .F. ) ;
#7272 = CARTESIAN_POINT ( 'NONE',  ( 0.1454194855733984271, 1.190000000000000169, -0.5371070471928011125 ) ) ;
#7273 = LINE ( 'NONE', #2083, #9235 ) ;
#7274 = CARTESIAN_POINT ( 'NONE',  ( -0.8429226681911635710, 1.190099999999999936, -0.6958457960355314276 ) ) ;
#7275 = CARTESIAN_POINT ( 'NONE',  ( 0.4320174915022009787, 1.190000000000000169, -0.4862906095710517462 ) ) ;
#7276 = ORIENTED_EDGE ( 'NONE', *, *, #7937, .T. ) ;
#7277 = DIRECTION ( 'NONE',  ( 0.0000000000000000000, -0.9845625077859065932, -0.1750333347174941323 ) ) ;
#7278 = CARTESIAN_POINT ( 'NONE',  ( 0.8790509054778063991, 1.190000000000000169, 0.1138135735011655131 ) ) ;
#7279 = CARTESIAN_POINT ( 'NONE',  ( -0.6252759645809127242, 1.190099999999999936, -0.5401500310048886755 ) ) ;
#7280 = VERTEX_POINT ( 'NONE', #8628 ) ;
#7281 = ORIENTED_EDGE ( 'NONE', *, *, #635, .T. ) ;
#7282 = CARTESIAN_POINT ( 'NONE',  ( -0.6720916580811280294, 1.190099999999999936, -0.5462134852137382479 ) ) ;
#7283 = DIRECTION ( 'NONE',  ( 0.0000000000000000000, -7.744301232039322228E-18, 1.000000000000000000 ) ) ;
#7284 = CARTESIAN_POINT ( 'NONE',  ( 0.04588954666134111016, 1.189999999999999725, -0.4165372098572230897 ) ) ;
#7285 = CARTESIAN_POINT ( 'NONE',  ( -1.036161735389941052, 1.190099999999999936, -0.6129314406264538828 ) ) ;
#7286 = CARTESIAN_POINT ( 'NONE',  ( -0.9006646707566254850, 1.190099999999999714, -0.6365768647797905855 ) ) ;
#7287 = DIRECTION ( 'NONE',  ( 1.000000000000000000, -0.0000000000000000000, -0.0000000000000000000 ) ) ;
#7288 = CARTESIAN_POINT ( 'NONE',  ( -0.7619387604023503124, 1.190099999999999714, -0.6755887798837669767 ) ) ;
#7289 = DIRECTION ( 'NONE',  ( 0.0000000000000000000, 1.000000000000000000, 5.808225924029490901E-18 ) ) ;
#7290 = EDGE_CURVE ( 'NONE', #4738, #867, #1374, .T. ) ;
#7291 = EDGE_LOOP ( 'NONE', ( #1291, #9114, #3991, #7736 ) ) ;
#7292 = PLANE ( 'NONE',  #6287 ) ;
#7293 = CARTESIAN_POINT ( 'NONE',  ( 0.4104030216106966944, 1.190000000000000613, -0.5184754330325290761 ) ) ;
#7294 = CARTESIAN_POINT ( 'NONE',  ( 0.5623870102572882113, 1.190099999999999714, -0.3469308677105177319 ) ) ;
#7295 = LINE ( 'NONE', #2730, #9491 ) ;
#7296 = ORIENTED_EDGE ( 'NONE', *, *, #1408, .F. ) ;
#7297 = CARTESIAN_POINT ( 'NONE',  ( 0.6193410195317232692, 1.190099999999999936, -0.5076392633233094420 ) ) ;
#7298 = CARTESIAN_POINT ( 'NONE',  ( -3.892486261452671403, 0.8149999999999998357, -1.599999999999997868 ) ) ;
#7299 = CARTESIAN_POINT ( 'NONE',  ( 0.5785818543536490610, 1.190000000000000169, -0.5292775944726078041 ) ) ;
#7300 = CARTESIAN_POINT ( 'NONE',  ( -1.131674555902761892, 1.190000000000000169, -0.6756718252418385529 ) ) ;
#7301 = CARTESIAN_POINT ( 'NONE',  ( -2.999999999999999556, -0.09999999999999933942, -1.750000000000000000 ) ) ;
#7302 = EDGE_CURVE ( 'NONE', #1097, #9028, #6218, .T. ) ;
#7303 = ORIENTED_EDGE ( 'NONE', *, *, #5414, .T. ) ;
#7304 = CARTESIAN_POINT ( 'NONE',  ( 0.4213796967605342170, 1.189999999999999725, -0.3600778107738901723 ) ) ;
#7305 = CARTESIAN_POINT ( 'NONE',  ( -1.009539381727227125, 1.190100000000000158, -0.3393570354820585888 ) ) ;
#7306 = CARTESIAN_POINT ( 'NONE',  ( 0.7233261354428014434, 1.190099999999999936, 0.1612204606816319274 ) ) ;
#7307 = DIRECTION ( 'NONE',  ( -1.000000000000000000, -0.0000000000000000000, -0.0000000000000000000 ) ) ;
#7308 = EDGE_LOOP ( 'NONE', ( #3872, #5650, #6800, #7341 ) ) ;
#7309 = CARTESIAN_POINT ( 'NONE',  ( 0.0008469208281966360838, 1.189999999999999725, -0.4018856953377855645 ) ) ;
#7310 = EDGE_CURVE ( 'NONE', #7697, #31, #1488, .T. ) ;
#7311 = DIRECTION ( 'NONE',  ( 0.6298019584212196653, 0.0000000000000000000, -0.7767557487195033694 ) ) ;
#7312 = EDGE_CURVE ( 'NONE', #9060, #4903, #1948, .T. ) ;
#7313 = LINE ( 'NONE', #8146, #5761 ) ;
#7314 = CARTESIAN_POINT ( 'NONE',  ( -2.999999999999999556, -0.9405995433517277959, -0.1672176965958633577 ) ) ;
#7315 = CARTESIAN_POINT ( 'NONE',  ( -0.9976200687232745778, 1.190100000000000158, -0.4963449021649155024 ) ) ;
#7316 = CARTESIAN_POINT ( 'NONE',  ( 0.4760399899723772865, 1.190000000000001279, -0.6732237716534921201 ) ) ;
#7317 = CARTESIAN_POINT ( 'NONE',  ( 0.5047036492254438622, 1.190099999999999936, -0.3372102867802999615 ) ) ;
#7318 = ORIENTED_EDGE ( 'NONE', *, *, #547, .T. ) ;
#7319 = CARTESIAN_POINT ( 'NONE',  ( 0.9079415200581861800, 1.189999999999999725, 0.2290089222200934471 ) ) ;
#7320 = CARTESIAN_POINT ( 'NONE',  ( -0.9976200687232745778, 1.190100000000000158, -0.4963449021649155024 ) ) ;
#7321 = CARTESIAN_POINT ( 'NONE',  ( -0.4900078892360948957, 1.190099999999999936, -0.3013128508828640806 ) ) ;
#7322 = EDGE_CURVE ( 'NONE', #7214, #6918, #9941, .T. ) ;
#7323 = CARTESIAN_POINT ( 'NONE',  ( 1.481786982558777055, 1.190099999999999936, -0.3064410560110692461 ) ) ;
#7324 = ADVANCED_FACE ( 'NONE', ( #3996 ), #4039, .F. ) ;
#7325 = VERTEX_POINT ( 'NONE', #8059 ) ;
#7326 = CARTESIAN_POINT ( 'NONE',  ( -0.7005949061257920052, 1.190000000000000169, -0.4559960576946995303 ) ) ;
#7327 = FACE_OUTER_BOUND ( 'NONE', #357, .T. ) ;
#7328 = CARTESIAN_POINT ( 'NONE',  ( 0.3898396535803315133, 1.189999999999999947, -0.4270912984515877753 ) ) ;
#7329 = ORIENTED_EDGE ( 'NONE', *, *, #8398, .T. ) ;
#7330 = ORIENTED_EDGE ( 'NONE', *, *, #8077, .T. ) ;
#7331 = CARTESIAN_POINT ( 'NONE',  ( -1.161942357547540716, 1.189999999999999947, 0.3099384093995806166 ) ) ;
#7332 = SURFACE_STYLE_USAGE ( .BOTH. , #1177 ) ;
#7333 = EDGE_CURVE ( 'NONE', #4943, #4199, #1947, .T. ) ;
#7334 = CARTESIAN_POINT ( 'NONE',  ( -2.499999999999999556, 0.05000000000000067585, -1.749999999999998890 ) ) ;
#7335 = CARTESIAN_POINT ( 'NONE',  ( -0.4824362475873543166, 1.190100000000000158, -0.3676003861146209251 ) ) ;
#7336 = CARTESIAN_POINT ( 'NONE',  ( -0.6843667874046649446, 1.190099999999999936, -0.7029773302460367024 ) ) ;
#7337 = CARTESIAN_POINT ( 'NONE',  ( -1.088099721163630962, 1.190099999999999714, -0.4987562172260130433 ) ) ;
#7338 = CARTESIAN_POINT ( 'NONE',  ( -0.6723289747676286510, 1.190000000000000169, -0.6967946540270536504 ) ) ;
#7339 = CARTESIAN_POINT ( 'NONE',  ( -0.8401794499343411271, 1.190099999999999492, -0.6452105143843265278 ) ) ;
#7340 = CARTESIAN_POINT ( 'NONE',  ( -0.0001252302874744534950, 1.190099999999999936, -0.4221024719267981729 ) ) ;
#7341 = ORIENTED_EDGE ( 'NONE', *, *, #7107, .T. ) ;
#7342 = CARTESIAN_POINT ( 'NONE',  ( -1.085562660632972243, 1.190000000000000613, -0.6685173246232657407 ) ) ;
#7343 = CARTESIAN_POINT ( 'NONE',  ( 0.4330690338408282880, 1.190099999999999936, -0.5292775944726076931 ) ) ;
#7344 = CARTESIAN_POINT ( 'NONE',  ( -0.7050719918001974174, 1.190099999999999936, -0.4518737483187615367 ) ) ;
#7345 = B_SPLINE_CURVE_WITH_KNOTS ( 'NONE', 3,
 ( #874, #5531, #1643, #3188, #4044, #4776, #6422, #91, #6367, #9499, #2516, #4922, #1025, #5682, #7285 ),
 .UNSPECIFIED., .F., .F.,
 ( 4, 1, 1, 1, 1, 1, 1, 1, 1, 1, 1, 1, 4 ),
 ( 0.0000000000000000000, 0.1152592138037337177, 0.2257503570593480391, 0.3319310792553068490, 0.4348212626458191621, 0.5308473420199183446, 0.6167101329245870955, 0.6930612330782909281, 0.7619360247031063960, 0.8256462944749011212, 0.8849160524192339894, 0.9424173604834480411, 1.000000000000000000 ),
 .UNSPECIFIED. ) ;
#7346 = CARTESIAN_POINT ( 'NONE',  ( 0.6005757637552434636, 1.189999999999999725, -0.5188881191947152249 ) ) ;
#7347 = B_SPLINE_CURVE_WITH_KNOTS ( 'NONE', 3,
 ( #8592, #4681, #6228, #772, #4731, #3085, #3956 ),
 .UNSPECIFIED., .F., .F.,
 ( 4, 1, 1, 1, 4 ),
 ( 0.0000000000000000000, 0.2645025626763080062, 0.5176435082820420863, 0.7632712391545269925, 0.9999999999999998890 ),
 .UNSPECIFIED. ) ;
#7348 = EDGE_CURVE ( 'NONE', #3402, #9161, #5074, .T. ) ;
#7349 = ORIENTED_EDGE ( 'NONE', *, *, #204, .F. ) ;
#7350 = CARTESIAN_POINT ( 'NONE',  ( 0.6615835926586369764, 1.190099999999999714, -0.4546241401810442451 ) ) ;
#7351 = CARTESIAN_POINT ( 'NONE',  ( 0.5425907454615496173, 1.189999999999999725, -0.2985992406465949878 ) ) ;
#7352 = CARTESIAN_POINT ( 'NONE',  ( 0.1165454280587317065, 1.190100000000000380, -0.3403338216518881354 ) ) ;
#7353 = CARTESIAN_POINT ( 'NONE',  ( -1.201492325791916560, 1.189999999999999503, -0.6534005241987993484 ) ) ;
#7354 = AXIS2_PLACEMENT_3D ( 'NONE', #6979, #1540, #7175 ) ;
#7355 = CARTESIAN_POINT ( 'NONE',  ( -2.999999999999999556, -1.230654267715320715, 1.749999999999999778 ) ) ;
#7356 = ORIENTED_EDGE ( 'NONE', *, *, #5942, .T. ) ;
#7357 = CARTESIAN_POINT ( 'NONE',  ( 1.322812623584417979, 1.190099999999999936, -0.3064410560110692461 ) ) ;
#7358 = CARTESIAN_POINT ( 'NONE',  ( -1.050259605638594662, 1.190000000000001279, -0.3129201241279265244 ) ) ;
#7359 = EDGE_CURVE ( 'NONE', #8278, #2755, #1120, .T. ) ;
#7360 = DIRECTION ( 'NONE',  ( -0.0000000000000000000, -1.000000000000000000, -0.0000000000000000000 ) ) ;
#7361 = CARTESIAN_POINT ( 'NONE',  ( -1.043379455030438052, 1.189999999999999725, -0.5881850826403131061 ) ) ;
#7362 = ORIENTED_EDGE ( 'NONE', *, *, #2969, .F. ) ;
#7363 = CARTESIAN_POINT ( 'NONE',  ( -0.6566745559027615808, 1.189999999999999947, -0.5945820816520949181 ) ) ;
#7364 = CARTESIAN_POINT ( 'NONE',  ( 0.06311864853887232119, 1.189999999999999725, -0.3160320500653774345 ) ) ;
#7365 = PLANE ( 'NONE',  #4465 ) ;
#7366 = VECTOR ( 'NONE', #8203, 1000.000000000000000 ) ;
#7367 = CARTESIAN_POINT ( 'NONE',  ( -1.044458439337743405, 1.189999999999999725, -0.6950293726438081521 ) ) ;
#7368 = CARTESIAN_POINT ( 'NONE',  ( -1.263542032087130895, 1.189999999999999503, -0.6479962111754083987 ) ) ;
#7369 = CARTESIAN_POINT ( 'NONE',  ( -1.131674555902761892, 1.190000000000000169, -0.6756718252418385529 ) ) ;
#7370 = ORIENTED_EDGE ( 'NONE', *, *, #9992, .F. ) ;
#7371 = CYLINDRICAL_SURFACE ( 'NONE', #10142, 0.4999999999999989453 ) ;
#7372 = ADVANCED_FACE ( 'NONE', ( #3429 ), #966, .T. ) ;
#7373 = EDGE_LOOP ( 'NONE', ( #7528, #1913, #3516, #7751 ) ) ;
#7374 = VECTOR ( 'NONE', #8460, 999.9999999999998863 ) ;
#7375 = CARTESIAN_POINT ( 'NONE',  ( 0.8076768448021323099, 1.190000000000000169, 0.3714466000876310292 ) ) ;
#7376 = ORIENTED_EDGE ( 'NONE', *, *, #3997, .F. ) ;
#7377 = CARTESIAN_POINT ( 'NONE',  ( 2.987479944133196508, 1.189999999999999947, 0.0000000000000000000 ) ) ;
#7378 = AXIS2_PLACEMENT_3D ( 'NONE', #6839, #6695, #7413 ) ;
#7379 = CARTESIAN_POINT ( 'NONE',  ( -0.8550918967870878573, 1.190099999999999936, -0.6881386639603098709 ) ) ;
#7380 = FILL_AREA_STYLE ('',( #3579 ) ) ;
#7381 = ORIENTED_EDGE ( 'NONE', *, *, #1863, .F. ) ;
#7382 = LINE ( 'NONE', #4195, #507 ) ;
#7383 = CARTESIAN_POINT ( 'NONE',  ( 0.9435417339938825254, 1.190099999999999714, 0.2166736761424820912 ) ) ;
#7384 = MECHANICAL_DESIGN_GEOMETRIC_PRESENTATION_REPRESENTATION (  '', ( #1470 ), #4091 ) ;
#7385 = EDGE_LOOP ( 'NONE', ( #8338, #1555, #910, #221 ) ) ;
#7386 = VERTEX_POINT ( 'NONE', #6468 ) ;
#7387 = DIRECTION ( 'NONE',  ( -0.0000000000000000000, -1.000000000000000000, -0.0000000000000000000 ) ) ;
#7388 = EDGE_CURVE ( 'NONE', #4590, #3808, #8978, .T. ) ;
#7389 = ADVANCED_FACE ( 'NONE', ( #4257 ), #8490, .T. ) ;
#7390 = CARTESIAN_POINT ( 'NONE',  ( 0.2918497565070515831, 1.189999999999999725, -0.4102661992987677309 ) ) ;
#7391 = AXIS2_PLACEMENT_3D ( 'NONE', #2743, #5565, #2642 ) ;
#7392 = CARTESIAN_POINT ( 'NONE',  ( 0.1460498030715975948, 1.189999999999999725, -0.4961846457546589262 ) ) ;
#7393 = AXIS2_PLACEMENT_3D ( 'NONE', #9799, #1782, #7221 ) ;
#7394 = CARTESIAN_POINT ( 'NONE',  ( -1.229631213041868731, 1.190099999999999936, -0.6168536224265070977 ) ) ;
#7395 = B_SPLINE_CURVE_WITH_KNOTS ( 'NONE', 3,
 ( #5700, #6697, #2737, #314, #1972, #9829, #6540, #7304, #9622, #422, #1093, #7415, #2579, #8242, #4174 ),
 .UNSPECIFIED., .F., .F.,
 ( 4, 1, 1, 1, 1, 1, 1, 1, 1, 1, 1, 1, 4 ),
 ( 0.0000000000000000000, 0.06878762939796111142, 0.1370404437674426490, 0.2082603896862437742, 0.2826214412394246756, 0.3598692223356388387, 0.4386735874168976035, 0.5208423054879494085, 0.6073544396842559534, 0.6986036255491615554, 0.7939407475642052958, 0.8940156838113778592, 1.000000000000000000 ),
 .UNSPECIFIED. ) ;
#7396 = CARTESIAN_POINT ( 'NONE',  ( -1.019329475203652358, 1.190099999999999714, -0.4439860433947920848 ) ) ;
#7397 = CARTESIAN_POINT ( 'NONE',  ( -0.9695566548822329711, 1.189999999999999947, -0.4285086311072887622 ) ) ;
#7398 = CARTESIAN_POINT ( 'NONE',  ( -0.8603916392535486679, 1.190000000000000169, -0.6134496385535050944 ) ) ;
#7399 = CARTESIAN_POINT ( 'NONE',  ( 0.1707453966709824023, 1.190000000000000169, -0.5368863150501682613 ) ) ;
#7400 = ORIENTED_EDGE ( 'NONE', *, *, #7348, .T. ) ;
#7401 = CARTESIAN_POINT ( 'NONE',  ( 0.4166486626808749705, 1.189999999999999947, -0.6372615789926816543 ) ) ;
#7402 = CARTESIAN_POINT ( 'NONE',  ( 0.3546566151308638837, 1.190100000000000158, -0.4668490829034108724 ) ) ;
#7403 = CIRCLE ( 'NONE', #2805, 0.4999999999999989453 ) ;
#7404 = VECTOR ( 'NONE', #9616, 1000.000000000000000 ) ;
#7405 = CARTESIAN_POINT ( 'NONE',  ( -2.999999999999999556, -0.04999999999999933664, -3.872150616019609307E-19 ) ) ;
#7406 = CARTESIAN_POINT ( 'NONE',  ( -1.035050417348063911, 1.189999999999999947, -0.5379623133878463914 ) ) ;
#7407 = VERTEX_POINT ( 'NONE', #240 ) ;
#7408 = PLANE ( 'NONE',  #3633 ) ;
#7409 = DIRECTION ( 'NONE',  ( -0.0000000000000000000, -1.000000000000000000, -0.0000000000000000000 ) ) ;
#7410 = CARTESIAN_POINT ( 'NONE',  ( 0.09047457844857927090, 1.189999999999999725, -0.3501304287294859097 ) ) ;
#7411 =( NAMED_UNIT ( * ) SI_UNIT ( $, .STERADIAN. ) SOLID_ANGLE_UNIT ( ) );
#7412 = AXIS2_PLACEMENT_3D ( 'NONE', #4651, #6961, #2959 ) ;
#7413 = DIRECTION ( 'NONE',  ( -1.000000000000000000, 0.0000000000000000000, -0.0000000000000000000 ) ) ;
#7414 = ORIENTED_EDGE ( 'NONE', *, *, #6737, .T. ) ;
#7415 = CARTESIAN_POINT ( 'NONE',  ( 0.4727832387212017040, 1.190000000000000169, -0.3396256554262667149 ) ) ;
#7416 = CARTESIAN_POINT ( 'NONE',  ( -1.122633820878889965, 1.190100000000000158, -0.2963014082214268097 ) ) ;
#7417 = AXIS2_PLACEMENT_3D ( 'NONE', #8466, #7645, #7009 ) ;
#7418 = DIRECTION ( 'NONE',  ( -0.0000000000000000000, -1.000000000000000000, -0.0000000000000000000 ) ) ;
#7419 = VERTEX_POINT ( 'NONE', #3333 ) ;
#7420 = CARTESIAN_POINT ( 'NONE',  ( -0.7457771200053256999, 1.189999999999999947, -0.4719859278059410634 ) ) ;
#7421 = CARTESIAN_POINT ( 'NONE',  ( -0.6936746941111411324, 1.190100000000000380, -0.6573869673951964199 ) ) ;
#7422 = PLANE ( 'NONE',  #3641 ) ;
#7423 = VECTOR ( 'NONE', #8869, 1000.000000000000000 ) ;
#7424 = DIRECTION ( 'NONE',  ( 1.000000000000000000, 0.0000000000000000000, -0.0000000000000000000 ) ) ;
#7425 = LINE ( 'NONE', #7314, #3290 ) ;
#7426 = ADVANCED_FACE ( 'NONE', ( #2715 ), #3065, .T. ) ;
#7427 = CARTESIAN_POINT ( 'NONE',  ( 0.9079415200581861800, 1.189999999999999725, 0.2290089222200934471 ) ) ;
#7428 = ORIENTED_EDGE ( 'NONE', *, *, #1993, .T. ) ;
#7429 = PLANE ( 'NONE',  #5534 ) ;
#7430 = ORIENTED_EDGE ( 'NONE', *, *, #2729, .T. ) ;
#7431 = CARTESIAN_POINT ( 'NONE',  ( 0.8426830471680151202, 1.190000000000000169, 0.3671798629970407513 ) ) ;
#7432 = ORIENTED_EDGE ( 'NONE', *, *, #9647, .T. ) ;
#7433 = CIRCLE ( 'NONE', #7104, 0.05000000000000056483 ) ;
#7434 = CARTESIAN_POINT ( 'NONE',  ( 0.8083667120773787573, 1.190099999999999936, 0.1407739934439636575 ) ) ;
#7435 = CARTESIAN_POINT ( 'NONE',  ( 0.2419878711395794801, 1.189999999999999725, -0.3931667873621065845 ) ) ;
#7436 = FILL_AREA_STYLE_COLOUR ( '', #9694 ) ;
#7437 = ORIENTED_EDGE ( 'NONE', *, *, #4244, .T. ) ;
#7438 = CARTESIAN_POINT ( 'NONE',  ( -0.6252759645809127242, 1.189999999999999947, -0.5401500310048886755 ) ) ;
#7439 = CARTESIAN_POINT ( 'NONE',  ( 0.9351585296417637139, 1.190000000000000835, 0.1783148354595111285 ) ) ;
#7440 = LINE ( 'NONE', #9801, #8187 ) ;
#7441 = EDGE_CURVE ( 'NONE', #3301, #2159, #6105, .T. ) ;
#7442 = VERTEX_POINT ( 'NONE', #7602 ) ;
#7443 = AXIS2_PLACEMENT_3D ( 'NONE', #128, #5670, #4247 ) ;
#7444 = EDGE_LOOP ( 'NONE', ( #9460, #4828, #2864, #7428, #5788, #4809, #978, #4149 ) ) ;
#7445 = VERTEX_POINT ( 'NONE', #5175 ) ;
#7446 = CARTESIAN_POINT ( 'NONE',  ( -0.7206965668361747790, 1.190099999999999714, -0.4945206640271608833 ) ) ;
#7447 = UNCERTAINTY_MEASURE_WITH_UNIT (LENGTH_MEASURE( 1.000000000000000082E-05 ), #5410, 'distance_accuracy_value', 'NONE');
#7448 = LINE ( 'NONE', #4093, #5387 ) ;
#7449 = ORIENTED_EDGE ( 'NONE', *, *, #9142, .F. ) ;
#7450 = CARTESIAN_POINT ( 'NONE',  ( -1.133196991800197395, 1.189999999999999725, -0.3372102867802999615 ) ) ;
#7451 = FACE_OUTER_BOUND ( 'NONE', #3829, .T. ) ;
#7452 = CARTESIAN_POINT ( 'NONE',  ( -1.147591830118416700, 1.190099999999999936, -0.6752133983022570174 ) ) ;
#7453 = CARTESIAN_POINT ( 'NONE',  ( -1.210200196928402638, 1.189999999999999947, -0.3588449021649153803 ) ) ;
#7454 = CARTESIAN_POINT ( 'NONE',  ( -0.9764621443576858573, 1.189999999999999725, -0.4627781101930281138 ) ) ;
#7455 = CARTESIAN_POINT ( 'NONE',  ( 0.6452674026271149055, 1.190099999999999936, -0.6262522246284688565 ) ) ;
#7456 = CARTESIAN_POINT ( 'NONE',  ( 0.2823873580091272317, 1.190099999999999714, -0.4649502319425496966 ) ) ;
#7457 = ADVANCED_FACE ( 'NONE', ( #9086 ), #5515, .T. ) ;
#7458 = EDGE_CURVE ( 'NONE', #5264, #7844, #8844, .T. ) ;
#7459 = ORIENTED_EDGE ( 'NONE', *, *, #189, .T. ) ;
#7460 = CARTESIAN_POINT ( 'NONE',  ( 0.3755116805167754146, 1.190099999999999714, -0.4942241190548125607 ) ) ;
#7461 = CARTESIAN_POINT ( 'NONE',  ( -1.102745087174168193, 1.190099999999999936, -0.6731421416211060826 ) ) ;
#7462 = CARTESIAN_POINT ( 'NONE',  ( -1.004497244559573010, 1.190000000000000169, -0.5658904893817341408 ) ) ;
#7463 = ORIENTED_EDGE ( 'NONE', *, *, #389, .T. ) ;
#7464 = CARTESIAN_POINT ( 'NONE',  ( 0.04693373900510669494, 1.190099999999999714, -0.5250586210431660295 ) ) ;
#7465 = CARTESIAN_POINT ( 'NONE',  ( 0.5927744412101915161, 1.190099999999999936, -0.5897833735372425279 ) ) ;
#7466 = CARTESIAN_POINT ( 'NONE',  ( 0.09047457844857927090, 1.190099999999999714, -0.3501304287294859097 ) ) ;
#7467 = DIRECTION ( 'NONE',  ( 0.0000000000000000000, -7.744301232039320687E-18, 1.000000000000000000 ) ) ;
#7468 = LINE ( 'NONE', #8998, #3280 ) ;
#7469 = ORIENTED_EDGE ( 'NONE', *, *, #2716, .F. ) ;
#7470 = CARTESIAN_POINT ( 'NONE',  ( 0.3459883729163320543, 1.189999999999999725, -0.4442195115368524072 ) ) ;
#7471 = CARTESIAN_POINT ( 'NONE',  ( -1.100572932142136473, 1.190100000000000158, -0.2984906010794775022 ) ) ;
#7472 = CARTESIAN_POINT ( 'NONE',  ( 0.4788554662603382028, 1.189999999999999947, -0.5502259022052031767 ) ) ;
#7473 = ORIENTED_EDGE ( 'NONE', *, *, #8193, .T. ) ;
#7474 = CARTESIAN_POINT ( 'NONE',  ( -0.9953838643335100045, 1.190099999999999714, -0.4937100182975333595 ) ) ;
#7475 = CARTESIAN_POINT ( 'NONE',  ( -0.7189392046603775288, 1.190000000000000169, -0.6698033857973720862 ) ) ;
#7476 = FACE_OUTER_BOUND ( 'NONE', #9382, .T. ) ;
#7477 = DIRECTION ( 'NONE',  ( 1.000000000000000000, -0.0000000000000000000, 0.0000000000000000000 ) ) ;
#7478 = DIRECTION ( 'NONE',  ( 0.0000000000000000000, 0.0000000000000000000, -1.000000000000000000 ) ) ;
#7479 = CARTESIAN_POINT ( 'NONE',  ( 0.9015165164102473261, 1.190099999999999714, 0.1933956052611005838 ) ) ;
#7480 = VERTEX_POINT ( 'NONE', #4705 ) ;
#7481 = DIRECTION ( 'NONE',  ( 0.0000000000000000000, 0.0000000000000000000, -1.000000000000000000 ) ) ;
#7482 = CARTESIAN_POINT ( 'NONE',  ( 0.6026347450980349407, 1.190099999999999714, -0.3757904302504755933 ) ) ;
#7483 = EDGE_CURVE ( 'NONE', #7873, #1265, #7749, .T. ) ;
#7484 = PLANE ( 'NONE',  #9738 ) ;
#7485 = ORIENTED_EDGE ( 'NONE', *, *, #7032, .F. ) ;
#7486 = FILL_AREA_STYLE_COLOUR ( '', #3782 ) ;
#7487 = CARTESIAN_POINT ( 'NONE',  ( -0.9247628703680533802, 1.190099999999999936, 0.3099384093995806166 ) ) ;
#7488 = CARTESIAN_POINT ( 'NONE',  ( 2.999999999999999556, -0.04999999999999935052, 1.749999999999999334 ) ) ;
#7489 = ORIENTED_EDGE ( 'NONE', *, *, #7868, .F. ) ;
#7490 = ORIENTED_EDGE ( 'NONE', *, *, #9073, .F. ) ;
#7491 = VERTEX_POINT ( 'NONE', #4806 ) ;
#7492 = CARTESIAN_POINT ( 'NONE',  ( 0.7070986420319895771, 1.190099999999999714, 0.3232591683440740882 ) ) ;
#7493 = CARTESIAN_POINT ( 'NONE',  ( -0.3493828892360948957, 1.190099999999999936, -0.3134122098572230675 ) ) ;
#7494 = ADVANCED_FACE ( 'NONE', ( #1571 ), #3785, .T. ) ;
#7495 = CARTESIAN_POINT ( 'NONE',  ( -1.185207456266667236, 1.189999999999999947, -0.3454346112477812425 ) ) ;
#7496 = CARTESIAN_POINT ( 'NONE',  ( -0.8518368217810995402, 1.189999999999999725, -0.6305267449790480372 ) ) ;
#7497 = CARTESIAN_POINT ( 'NONE',  ( 1.015393443135109264, 1.190099999999999936, 0.3544095632457344713 ) ) ;
#7498 = CARTESIAN_POINT ( 'NONE',  ( -1.154110453338659026, 1.190000000000001501, -0.5064410560110692572 ) ) ;
#7499 = ORIENTED_EDGE ( 'NONE', *, *, #4810, .T. ) ;
#7500 = CARTESIAN_POINT ( 'NONE',  ( 0.5084443812703787202, 1.190100000000000158, -0.6756051361636160602 ) ) ;
#7501 = CARTESIAN_POINT ( 'NONE',  ( 0.5771871249553071070, 1.190000000000000169, -0.7028559271641076078 ) ) ;
#7502 = CARTESIAN_POINT ( 'NONE',  ( 0.2427653524258073792, 1.190000000000000391, -0.5111022986377732336 ) ) ;
#7503 = VERTEX_POINT ( 'NONE', #10056 ) ;
#7504 = DIRECTION ( 'NONE',  ( 1.000000000000000000, 0.0000000000000000000, 0.0000000000000000000 ) ) ;
#7505 = FACE_OUTER_BOUND ( 'NONE', #8035, .T. ) ;
#7506 = CARTESIAN_POINT ( 'NONE',  ( 1.322812623584417979, 1.190099999999999936, -0.4353673380623513389 ) ) ;
#7507 = EDGE_CURVE ( 'NONE', #8780, #7153, #3928, .T. ) ;
#7508 = ORIENTED_EDGE ( 'NONE', *, *, #4971, .F. ) ;
#7509 = CARTESIAN_POINT ( 'NONE',  ( 3.839783448439274327, -1.189999999999999947, -1.599999999999998979 ) ) ;
#7510 = CARTESIAN_POINT ( 'NONE',  ( 0.5633666674041737377, 1.189999999999999947, -0.5614298874099510339 ) ) ;
#7511 = DIRECTION ( 'NONE',  ( -1.000000000000000000, -0.0000000000000000000, -0.0000000000000000000 ) ) ;
#7512 = CARTESIAN_POINT ( 'NONE',  ( -1.043960901324202606, 1.190099999999999936, -0.5330347842334665076 ) ) ;
#7513 = LINE ( 'NONE', #5859, #148 ) ;
#7514 = ORIENTED_EDGE ( 'NONE', *, *, #5588, .F. ) ;
#7515 = CARTESIAN_POINT ( 'NONE',  ( 0.3445246544641011877, 1.189999999999999947, -0.4362102626646719994 ) ) ;
#7516 = CARTESIAN_POINT ( 'NONE',  ( -1.009539381727227125, 1.190000000000001279, -0.3393570354820585888 ) ) ;
#7517 = EDGE_CURVE ( 'NONE', #6597, #8849, #3018, .T. ) ;
#7518 = CARTESIAN_POINT ( 'NONE',  ( 0.5994854505503751652, 1.190000000000000169, -0.6199765766411449164 ) ) ;
#7519 = ORIENTED_EDGE ( 'NONE', *, *, #1398, .T. ) ;
#7520 = CARTESIAN_POINT ( 'NONE',  ( -2.999999999999999556, -0.1000000000000004358, 1.750000000000000000 ) ) ;
#7521 = ORIENTED_EDGE ( 'NONE', *, *, #7557, .F. ) ;
#7522 = CARTESIAN_POINT ( 'NONE',  ( 3.000000000000000000, 0.05000000000000000278, 1.599999999999999201 ) ) ;
#7523 = CARTESIAN_POINT ( 'NONE',  ( -1.032559211748344641, 1.190099999999999714, -0.3222244849439107606 ) ) ;
#7524 = DIRECTION ( 'NONE',  ( 0.0000000000000000000, 0.0000000000000000000, -1.000000000000000000 ) ) ;
#7525 = FACE_OUTER_BOUND ( 'NONE', #9621, .T. ) ;
#7526 = VECTOR ( 'NONE', #8511, 1000.000000000000000 ) ;
#7527 = DIRECTION ( 'NONE',  ( 1.000000000000000000, 0.0000000000000000000, -0.0000000000000000000 ) ) ;
#7528 = ORIENTED_EDGE ( 'NONE', *, *, #8553, .F. ) ;
#7529 = VECTOR ( 'NONE', #878, 1000.000000000000000 ) ;
#7530 = DIRECTION ( 'NONE',  ( 0.0000000000000000000, 0.0000000000000000000, -1.000000000000000000 ) ) ;
#7531 = CARTESIAN_POINT ( 'NONE',  ( 0.6080545318474220862, 1.189999999999999947, -0.3828595281438296194 ) ) ;
#7532 = ORIENTED_EDGE ( 'NONE', *, *, #7011, .T. ) ;
#7533 =( GEOMETRIC_REPRESENTATION_CONTEXT ( 3 ) GLOBAL_UNCERTAINTY_ASSIGNED_CONTEXT ( ( #6519 ) ) GLOBAL_UNIT_ASSIGNED_CONTEXT ( ( #3334, #8116, #6469 ) ) REPRESENTATION_CONTEXT ( 'NONE', 'WORKASPACE' ) );
#7534 = CARTESIAN_POINT ( 'NONE',  ( 2.999999999999999556, -1.378338643883206593, 1.723744999792374388 ) ) ;
#7535 =( LENGTH_UNIT ( ) NAMED_UNIT ( * ) SI_UNIT ( .MILLI., .METRE. ) );
#7536 = VERTEX_POINT ( 'NONE', #2248 ) ;
#7537 = FACE_OUTER_BOUND ( 'NONE', #7555, .T. ) ;
#7538 = CARTESIAN_POINT ( 'NONE',  ( 0.1458895466613411573, 1.190099999999999936, -0.3372102867802999615 ) ) ;
#7539 =( NAMED_UNIT ( * ) PLANE_ANGLE_UNIT ( ) SI_UNIT ( $, .RADIAN. ) );
#7540 = AXIS2_PLACEMENT_3D ( 'NONE', #7006, #1614, #3011 ) ;
#7541 = ORIENTED_EDGE ( 'NONE', *, *, #3947, .F. ) ;
#7542 = CARTESIAN_POINT ( 'NONE',  ( 0.7493390023664131538, 1.190099999999999714, 0.3594019056475611373 ) ) ;
#7543 = UNCERTAINTY_MEASURE_WITH_UNIT (LENGTH_MEASURE( 1.000000000000000082E-05 ), #1123, 'distance_accuracy_value', 'NONE');
#7544 = DIRECTION ( 'NONE',  ( 0.8760724843746804380, 0.0000000000000000000, 0.4821794293845136359 ) ) ;
#7545 = VECTOR ( 'NONE', #8752, 1000.000000000000000 ) ;
#7546 = CARTESIAN_POINT ( 'NONE',  ( 0.2565537178033873156, 1.190099999999999936, -0.3372655061846300262 ) ) ;
#7547 = CARTESIAN_POINT ( 'NONE',  ( -0.8085578347118003162, 1.189999999999999947, -0.6663597686145190657 ) ) ;
#7548 = CARTESIAN_POINT ( 'NONE',  ( 1.276658777430572211, 1.189999999999999947, -0.7166974662674795438 ) ) ;
#7549 = CARTESIAN_POINT ( 'NONE',  ( 0.4117244026639840793, 1.190099999999999936, -0.6011332684009236260 ) ) ;
#7550 = STYLED_ITEM ( 'NONE', ( #6066 ), #9058 ) ;
#7551 = ORIENTED_EDGE ( 'NONE', *, *, #8310, .F. ) ;
#7552 = CARTESIAN_POINT ( 'NONE',  ( 0.4504985058630876504, 1.190000000000000391, -0.3013503479030154586 ) ) ;
#7553 = CARTESIAN_POINT ( 'NONE',  ( -0.8518368217810995402, 1.190099999999999714, -0.6305267449790480372 ) ) ;
#7554 = CARTESIAN_POINT ( 'NONE',  ( 0.3546566151308638837, 1.190100000000000158, -0.4668490829034108724 ) ) ;
#7555 = EDGE_LOOP ( 'NONE', ( #7551, #10068, #1992, #9237 ) ) ;
#7556 = VERTEX_POINT ( 'NONE', #7115 ) ;
#7557 = EDGE_CURVE ( 'NONE', #5609, #5875, #3169, .T. ) ;
#7558 = CARTESIAN_POINT ( 'NONE',  ( -0.9900078892360949512, 1.189999999999999947, -0.6127711842161974731 ) ) ;
#7559 = CARTESIAN_POINT ( 'NONE',  ( -2.999999999999999556, -0.09999999999999933942, -1.750000000000000000 ) ) ;
#7560 = MECHANICAL_DESIGN_GEOMETRIC_PRESENTATION_REPRESENTATION (  '', ( #2796 ), #655 ) ;
#7561 = FACE_OUTER_BOUND ( 'NONE', #5705, .T. ) ;
#7562 = ORIENTED_EDGE ( 'NONE', *, *, #6364, .F. ) ;
#7563 = CARTESIAN_POINT ( 'NONE',  ( 0.5506568683745323156, 1.190100000000000158, -0.5002187899363185197 ) ) ;
#7564 = CARTESIAN_POINT ( 'NONE',  ( -0.6566745559027615808, 1.190099999999999936, -0.5945820816520949181 ) ) ;
#7565 = LINE ( 'NONE', #9925, #2673 ) ;
#7566 = CARTESIAN_POINT ( 'NONE',  ( 0.2458895466613412462, 1.190100000000000158, -0.4165372098572231452 ) ) ;
#7567 = DIRECTION ( 'NONE',  ( 0.0000000000000000000, -0.1750333347174951315, 0.9845625077859064822 ) ) ;
#7568 = ORIENTED_EDGE ( 'NONE', *, *, #3166, .F. ) ;
#7569 = VECTOR ( 'NONE', #8312, 1000.000000000000000 ) ;
#7570 = VECTOR ( 'NONE', #7710, 1000.000000000000114 ) ;
#7571 = DIRECTION ( 'NONE',  ( 1.000000000000000000, 0.0000000000000000000, -0.0000000000000000000 ) ) ;
#7572 = EDGE_CURVE ( 'NONE', #4374, #8823, #6305, .T. ) ;
#7573 = CARTESIAN_POINT ( 'NONE',  ( 0.5766743656880866098, 1.190099999999999492, -0.3068004826398729179 ) ) ;
#7574 = ORIENTED_EDGE ( 'NONE', *, *, #6056, .F. ) ;
#7575 = ADVANCED_FACE ( 'NONE', ( #5416 ), #856, .T. ) ;
#7576 = CARTESIAN_POINT ( 'NONE',  ( 0.5996519820082755192, 1.190099999999999936, -0.6161947936326531705 ) ) ;
#7577 = EDGE_LOOP ( 'NONE', ( #8108, #3583, #4434, #575 ) ) ;
#7578 =( GEOMETRIC_REPRESENTATION_CONTEXT ( 3 ) GLOBAL_UNCERTAINTY_ASSIGNED_CONTEXT ( ( #2511 ) ) GLOBAL_UNIT_ASSIGNED_CONTEXT ( ( #3173, #653, #2253 ) ) REPRESENTATION_CONTEXT ( 'NONE', 'WORKASPACE' ) );
#7579 = CARTESIAN_POINT ( 'NONE',  ( -2.999999999999999556, -1.239228125389295609, -0.9412483332641250477 ) ) ;
#7580 = CARTESIAN_POINT ( 'NONE',  ( -0.4686250834589071879, 1.190100000000000602, -0.3626988295118163119 ) ) ;
#7581 = CARTESIAN_POINT ( 'NONE',  ( -0.6607150415076656902, 1.190000000000000169, -0.6182161945284468940 ) ) ;
#7582 = CARTESIAN_POINT ( 'NONE',  ( -0.9707733038267551962, 1.190100000000000380, -0.4085012124642816156 ) ) ;
#7583 = CARTESIAN_POINT ( 'NONE',  ( 2.987479944133196508, 1.189999999999999947, 0.0000000000000000000 ) ) ;
#7584 = LINE ( 'NONE', #9362, #1059 ) ;
#7585 = ADVANCED_FACE ( 'NONE', ( #5713 ), #7669, .T. ) ;
#7586 = ADVANCED_FACE ( 'NONE', ( #3414 ), #8916, .T. ) ;
#7587 = VECTOR ( 'NONE', #3026, 1000.000000000000000 ) ;
#7588 = CARTESIAN_POINT ( 'NONE',  ( 0.8418219661272522414, 1.189999999999999725, 0.1440042324496485227 ) ) ;
#7589 = VERTEX_POINT ( 'NONE', #8812 ) ;
#7590 = ORIENTED_EDGE ( 'NONE', *, *, #8759, .T. ) ;
#7591 = CARTESIAN_POINT ( 'NONE',  ( 0.5808438063236505133, 1.189999999999999947, -0.3564998849447859608 ) ) ;
#7592 = ORIENTED_EDGE ( 'NONE', *, *, #7774, .F. ) ;
#7593 = AXIS2_PLACEMENT_3D ( 'NONE', #9238, #3780, #6101 ) ;
#7594 = CARTESIAN_POINT ( 'NONE',  ( 0.2091407460191198608, 1.189999999999999725, -0.3549124337488545056 ) ) ;
#7595 = B_SPLINE_CURVE_WITH_KNOTS ( 'NONE', 3,
 ( #8580, #10070, #8627, #6502, #9584, #3130, #4131, #6167, #9304, #6270, #9401, #2362, #5479, #4721, #8307, #9070, #3471, #1261, #7369 ),
 .UNSPECIFIED., .F., .F.,
 ( 4, 1, 1, 1, 1, 1, 1, 1, 1, 1, 1, 1, 1, 1, 1, 1, 4 ),
 ( 0.0000000000000000000, 0.04971760327218945757, 0.09912088380314627856, 0.1480344200268149946, 0.1986713043184248628, 0.2510984156447597093, 0.3065121474387127454, 0.3655187431265703446, 0.4282382926364503573, 0.4937102170410437862, 0.5599928940998095683, 0.6273233681240125703, 0.6967282184236788245, 0.7684835238667659940, 0.8425256265121040533, 0.9198110733918858362, 1.000000000000000000 ),
 .UNSPECIFIED. ) ;
#7596 = ORIENTED_EDGE ( 'NONE', *, *, #1341, .F. ) ;
#7597 = CARTESIAN_POINT ( 'NONE',  ( -0.3079566071848127140, 1.189999999999999947, -0.2961846457546589706 ) ) ;
#7598 = CARTESIAN_POINT ( 'NONE',  ( 0.3909183298205261559, 1.190099999999999714, -0.5557344245816120409 ) ) ;
#7599 = CARTESIAN_POINT ( 'NONE',  ( 0.5047036492254438622, 1.189999999999999947, -0.6756718252418384418 ) ) ;
#7600 = VERTEX_POINT ( 'NONE', #1770 ) ;
#7601 = VECTOR ( 'NONE', #213, 1000.000000000000000 ) ;
#7602 = CARTESIAN_POINT ( 'NONE',  ( 2.999999999999999556, -1.230654267715319827, 1.800000000000000266 ) ) ;
#7603 = CARTESIAN_POINT ( 'NONE',  ( -2.499999999999999556, -1.230654267715320715, 1.749999999999999778 ) ) ;
#7604 = DIRECTION ( 'NONE',  ( -1.000000000000000000, 0.0000000000000000000, -6.767104658812678946E-16 ) ) ;
#7605 = CARTESIAN_POINT ( 'NONE',  ( 0.8143476702325430638, 1.190099999999999936, 0.09978216870696349217 ) ) ;
#7606 = ADVANCED_FACE ( 'NONE', ( #5617 ), #7371, .F. ) ;
#7607 = CARTESIAN_POINT ( 'NONE',  ( -1.207640252426032124, 1.190099999999999936, -0.3571113558545006006 ) ) ;
#7608 = FACE_OUTER_BOUND ( 'NONE', #5115, .T. ) ;
#7609 = AXIS2_PLACEMENT_3D ( 'NONE', #5519, #9484, #7903 ) ;
#7610 = CARTESIAN_POINT ( 'NONE',  ( 0.3436892288171189969, 1.189999999999999947, -0.4082107708424559389 ) ) ;
#7611 = CARTESIAN_POINT ( 'NONE',  ( 0.6458895466613413516, 1.190099999999999936, -0.6129314406264538828 ) ) ;
#7612 = PLANE ( 'NONE',  #960 ) ;
#7613 = DIRECTION ( 'NONE',  ( -0.0000000000000000000, -1.000000000000000000, -0.0000000000000000000 ) ) ;
#7614 = CARTESIAN_POINT ( 'NONE',  ( 0.6829310867476379165, 1.190100000000000158, 0.2627285806479222052 ) ) ;
#7615 = CARTESIAN_POINT ( 'NONE',  ( 0.2092193053075458165, 1.189999999999999725, -0.4784796687457671394 ) ) ;
#7616 = PLANE ( 'NONE',  #798 ) ;
#7617 = CARTESIAN_POINT ( 'NONE',  ( -2.999999999999999556, 0.0000000000000000000, 1.800000000000000266 ) ) ;
#7618 = CARTESIAN_POINT ( 'NONE',  ( 0.5185181225232157187, 1.190000000000000391, -0.5477618244974618023 ) ) ;
#7619 = EDGE_CURVE ( 'NONE', #6590, #5045, #8493, .T. ) ;
#7620 = CARTESIAN_POINT ( 'NONE',  ( -1.088099721163630962, 1.189999999999999725, -0.4987562172260130433 ) ) ;
#7621 = LINE ( 'NONE', #574, #7714 ) ;
#7622 = EDGE_LOOP ( 'NONE', ( #1031, #6285, #6361, #528 ) ) ;
#7623 = LINE ( 'NONE', #6131, #3969 ) ;
#7624 = CARTESIAN_POINT ( 'NONE',  ( 0.1359854461070555964, 1.190100000000000380, -0.4959171311634872903 ) ) ;
#7625 = VERTEX_POINT ( 'NONE', #8542 ) ;
#7626 = CARTESIAN_POINT ( 'NONE',  ( 0.6615613567999566458, 1.190100000000000158, -0.3892439558824909995 ) ) ;
#7627 = ORIENTED_EDGE ( 'NONE', *, *, #6134, .F. ) ;
#7628 = LINE ( 'NONE', #5980, #6741 ) ;
#7629 = EDGE_CURVE ( 'NONE', #6214, #4248, #8309, .T. ) ;
#7630 = DIRECTION ( 'NONE',  ( 0.6233545891419999263, 0.0000000000000000000, -0.7819392918862746455 ) ) ;
#7631 = DIRECTION ( 'NONE',  ( 0.4561809899899246790, 0.0000000000000000000, -0.8898870177566432504 ) ) ;
#7632 = CARTESIAN_POINT ( 'NONE',  ( 1.195922289288955831, 1.189999999999999947, 0.002246101707272939348 ) ) ;
#7633 = LINE ( 'NONE', #4495, #1011 ) ;
#7634 = SURFACE_STYLE_FILL_AREA ( #1413 ) ;
#7635 = CARTESIAN_POINT ( 'NONE',  ( -0.06180276103096667140, 1.190099999999999936, -0.7064410560110692128 ) ) ;
#7636 = VERTEX_POINT ( 'NONE', #4297 ) ;
#7637 = B_SPLINE_CURVE_WITH_KNOTS ( 'NONE', 3,
 ( #7719, #4574, #9930, #625, #1403, #3612, #4634, #4529, #7671, #9883, #6893, #8540, #6799, #530, #6179 ),
 .UNSPECIFIED., .F., .F.,
 ( 4, 1, 1, 1, 1, 1, 1, 1, 1, 1, 1, 1, 4 ),
 ( 0.0000000000000000000, 0.1305221758039699365, 0.2536730297702119441, 0.3712187095061601494, 0.4857818892354512363, 0.5432330978858879167, 0.6011785118272849893, 0.6610286831815432862, 0.7235725278149340856, 0.7882626247779309647, 0.8553906565030748865, 0.9261063328335678024, 1.000000000000000000 ),
 .UNSPECIFIED. ) ;
#7638 = CARTESIAN_POINT ( 'NONE',  ( -2.999999999999999556, -0.1000000000000000888, -1.899999999999999911 ) ) ;
#7639 = EDGE_CURVE ( 'NONE', #4841, #8594, #3858, .T. ) ;
#7640 = EDGE_CURVE ( 'NONE', #2893, #1339, #7782, .T. ) ;
#7641 = CARTESIAN_POINT ( 'NONE',  ( 0.2165764766376271910, 1.190099999999999936, -0.3603159631863452339 ) ) ;
#7642 = SURFACE_STYLE_FILL_AREA ( #4503 ) ;
#7643 = VERTEX_POINT ( 'NONE', #4351 ) ;
#7644 = CARTESIAN_POINT ( 'NONE',  ( -2.999999999999999556, -0.1000000000000007966, 1.800000000000000266 ) ) ;
#7645 = DIRECTION ( 'NONE',  ( 0.6717228433320932002, -0.0000000000000000000, 0.7408025524698522712 ) ) ;
#7646 = CARTESIAN_POINT ( 'NONE',  ( 0.6358640484968415274, 1.189999999999999947, -0.6521317351451476618 ) ) ;
#7647 = ORIENTED_EDGE ( 'NONE', *, *, #3310, .F. ) ;
#7648 = CARTESIAN_POINT ( 'NONE',  ( 0.6907432883129159817, 1.190000000000001279, 0.2934916109612795143 ) ) ;
#7649 = UNCERTAINTY_MEASURE_WITH_UNIT (LENGTH_MEASURE( 1.000000000000000082E-05 ), #1122, 'distance_accuracy_value', 'NONE');
#7650 = CARTESIAN_POINT ( 'NONE',  ( 0.5073478799946745665, 1.190099999999999936, -0.5064410560110692572 ) ) ;
#7651 = ADVANCED_FACE ( 'NONE', ( #8201 ), #7429, .T. ) ;
#7652 = CARTESIAN_POINT ( 'NONE',  ( 0.2235504460974023500, 1.190099999999999936, -0.4672388224631747189 ) ) ;
#7653 = CARTESIAN_POINT ( 'NONE',  ( -0.4577945101510429438, 1.190000000000000169, -0.3534431290271690673 ) ) ;
#7654 = DIRECTION ( 'NONE',  ( -0.8898870177566432504, 0.0000000000000000000, -0.4561809899899246790 ) ) ;
#7655 = FACE_OUTER_BOUND ( 'NONE', #4499, .T. ) ;
#7656 = EDGE_LOOP ( 'NONE', ( #1078, #3550, #6841, #2553, #1762, #1635 ) ) ;
#7657 = CARTESIAN_POINT ( 'NONE',  ( 0.4673177866444779838, 1.189999999999999725, -0.2983035947133309551 ) ) ;
#7658 = CARTESIAN_POINT ( 'NONE',  ( 0.8019650714688412174, 1.189999999999999725, 0.1409109961232016539 ) ) ;
#7659 = CARTESIAN_POINT ( 'NONE',  ( 0.4213620562531210090, 1.190099999999999492, -0.5241254538604068758 ) ) ;
#7660 = EDGE_LOOP ( 'NONE', ( #6029, #481, #8605, #9755 ) ) ;
#7661 = CARTESIAN_POINT ( 'NONE',  ( 1.010505622622288602, 1.190099999999999936, -0.03877953931836808366 ) ) ;
#7662 = CARTESIAN_POINT ( 'NONE',  ( -0.8202162225694281661, 1.190099999999999936, -0.3474666970367102370 ) ) ;
#7663 = LINE ( 'NONE', #3655, #2774 ) ;
#7664 = CARTESIAN_POINT ( 'NONE',  ( 0.5111704268146006758, 1.190099999999999936, -0.5063659454224431755 ) ) ;
#7665 = CARTESIAN_POINT ( 'NONE',  ( 0.5185181225232157187, 1.190100000000000158, -0.5477618244974618023 ) ) ;
#7666 = CARTESIAN_POINT ( 'NONE',  ( -1.141093005395378279, 1.190000000000000169, -0.5057976931908506613 ) ) ;
#7667 = CARTESIAN_POINT ( 'NONE',  ( -3.999999999999999112, -0.05000000000000000278, 1.600000000000000089 ) ) ;
#7668 = CARTESIAN_POINT ( 'NONE',  ( 0.6060649210920152630, 1.189999999999999947, -0.3205541884761945459 ) ) ;
#7669 = B_SPLINE_SURFACE_WITH_KNOTS ( 'NONE', 3, 1, ( 
 ( #3473, #7211 ),
 ( #176, #8966 ),
 ( #119, #2650 ),
 ( #1934, #4187 ),
 ( #6455, #7316 ),
 ( #7991, #3319 ),
 ( #5827, #6611 ),
 ( #6399, #4955 ),
 ( #9686, #4899 ),
 ( #9743, #1883 ),
 ( #6554, #9586 ),
 ( #274, #8100 ),
 ( #1006, #1106 ),
 ( #5057, #2543 ),
 ( #5772, #901 ),
 ( #5663, #949 ),
 ( #4132, #4024 ),
 ( #5006, #8151 ),
 ( #1055, #8864 ) ),
 .UNSPECIFIED., .F., .F., .F.,
 ( 4, 1, 1, 1, 1, 1, 1, 1, 1, 1, 1, 1, 1, 1, 1, 1, 4 ),
 ( 2, 2 ),
 ( 0.0000000000000000000, 0.08021252528772913892, 0.1574439296988409120, 0.2314661390872742308, 0.3025659103114301529, 0.3719349591583364090, 0.4395837348328886507, 0.5058440024962573833, 0.5715181053224533958, 0.6347575051435561111, 0.6933474516796152010, 0.7483149322110455026, 0.8008056489359993702, 0.8515875629900667709, 0.9006849906831001507, 0.9498703129080712237, 1.000000000000000000 ),
 ( 0.0000000000000000000, 1.000000000000000000 ),
 .UNSPECIFIED. ) ;
#7670 = CARTESIAN_POINT ( 'NONE',  ( 0.8452257680761753322, 1.190000000000000835, 0.3232851345184126757 ) ) ;
#7671 = CARTESIAN_POINT ( 'NONE',  ( -1.207087730687658622, 1.190099999999999936, -0.6484452611317659265 ) ) ;
#7672 = ORIENTED_EDGE ( 'NONE', *, *, #3430, .F. ) ;
#7673 = CARTESIAN_POINT ( 'NONE',  ( 0.5997357005074950287, 1.190000000000000169, -0.6142936201136333096 ) ) ;
#7674 = ORIENTED_EDGE ( 'NONE', *, *, #8503, .F. ) ;
#7675 = PLANE ( 'NONE',  #2682 ) ;
#7676 = FACE_OUTER_BOUND ( 'NONE', #9847, .T. ) ;
#7677 = DIRECTION ( 'NONE',  ( 0.0000000000000000000, 1.000000000000000000, 5.808225924029490901E-18 ) ) ;
#7678 = CARTESIAN_POINT ( 'NONE',  ( -0.9815888171769476811, 1.190099999999999936, -0.3760371671078999167 ) ) ;
#7679 = LINE ( 'NONE', #1312, #8081 ) ;
#7680 = EDGE_CURVE ( 'NONE', #7745, #8987, #434, .T. ) ;
#7681 = ORIENTED_EDGE ( 'NONE', *, *, #3846, .F. ) ;
#7682 = CARTESIAN_POINT ( 'NONE',  ( 0.5719061545840553595, 1.189999999999999947, -0.3513779900760670705 ) ) ;
#7683 = DIRECTION ( 'NONE',  ( -0.0000000000000000000, -1.000000000000000000, -0.0000000000000000000 ) ) ;
#7684 = CARTESIAN_POINT ( 'NONE',  ( 0.3797037660112256852, 1.190099999999999714, -0.5680689150644490093 ) ) ;
#7685 = VERTEX_POINT ( 'NONE', #1263 ) ;
#7686 = FILL_AREA_STYLE ('',( #9950 ) ) ;
#7687 = LINE ( 'NONE', #1422, #1781 ) ;
#7688 = COLOUR_RGB ( '',0.2509803921568627416, 0.2509803921568627416, 0.2509803921568627416 ) ;
#7689 = EDGE_CURVE ( 'NONE', #5459, #235, #9704, .T. ) ;
#7690 = VERTEX_POINT ( 'NONE', #9016 ) ;
#7691 = CARTESIAN_POINT ( 'NONE',  ( -1.048581607184812858, 1.190099999999999936, -0.5304795175495307102 ) ) ;
#7692 = VECTOR ( 'NONE', #7767, 1000.000000000000000 ) ;
#7693 = PLANE ( 'NONE',  #5238 ) ;
#7694 = CARTESIAN_POINT ( 'NONE',  ( 0.2457966076730416505, 1.190000000000000613, -0.4192678651422026004 ) ) ;
#7695 = CARTESIAN_POINT ( 'NONE',  ( 0.8838546492797115794, 1.190100000000000380, 0.3493313207844481183 ) ) ;
#7696 = CARTESIAN_POINT ( 'NONE',  ( -0.5258853412338289068, 1.189999999999999725, -0.3477027663000558100 ) ) ;
#7697 = VERTEX_POINT ( 'NONE', #8257 ) ;
#7698 = CARTESIAN_POINT ( 'NONE',  ( 0.3434470399911677685, 1.189999999999999947, -0.4158345395685045243 ) ) ;
#7699 = CARTESIAN_POINT ( 'NONE',  ( 0.7597765510842472425, 1.190000000000000169, 0.1487147807497479768 ) ) ;
#7700 = CARTESIAN_POINT ( 'NONE',  ( -1.181812529921147492, 1.190099999999999936, -0.7102324637033126109 ) ) ;
#7701 = PRESENTATION_LAYER_ASSIGNMENT (  '', '', ( #1463 ) ) ;
#7702 = CARTESIAN_POINT ( 'NONE',  ( 2.999999999999999556, -1.230654267715320715, -1.749999999999999778 ) ) ;
#7703 = EDGE_CURVE ( 'NONE', #883, #1935, #2607, .T. ) ;
#7704 = DIRECTION ( 'NONE',  ( -0.7766884566466941697, 0.0000000000000000000, -0.6298849429155902735 ) ) ;
#7705 = EDGE_CURVE ( 'NONE', #8927, #6533, #2227, .T. ) ;
#7706 = CIRCLE ( 'NONE', #3762, 0.05000000000000012768 ) ;
#7707 = CARTESIAN_POINT ( 'NONE',  ( 0.4511691124769376393, 1.190099999999999936, -0.6654973809371567128 ) ) ;
#7708 = CARTESIAN_POINT ( 'NONE',  ( 1.322812623584417979, 1.190099999999999936, -0.7166974662674795438 ) ) ;
#7709 = AXIS2_PLACEMENT_3D ( 'NONE', #7139, #9506, #7188 ) ;
#7710 = DIRECTION ( 'NONE',  ( 0.0000000000000000000, 0.1750333347174949372, 0.9845625077859064822 ) ) ;
#7711 = CARTESIAN_POINT ( 'NONE',  ( 0.4102750031220811500, 1.189999999999999725, -0.6072540364316012518 ) ) ;
#7712 = CARTESIAN_POINT ( 'NONE',  ( 1.322812623584417979, 1.190099999999999936, -0.7166974662674795438 ) ) ;
#7713 = FACE_OUTER_BOUND ( 'NONE', #8161, .T. ) ;
#7714 = VECTOR ( 'NONE', #5296, 1000.000000000000000 ) ;
#7715 = CARTESIAN_POINT ( 'NONE',  ( 0.5042228799946745221, 1.189999999999999947, -0.2961846457546589706 ) ) ;
#7716 = ORIENTED_EDGE ( 'NONE', *, *, #4850, .F. ) ;
#7717 = LINE ( 'NONE', #1402, #8251 ) ;
#7718 = VECTOR ( 'NONE', #6844, 1000.000000000000000 ) ;
#7719 = CARTESIAN_POINT ( 'NONE',  ( -1.131674555902761892, 1.190100000000000158, -0.6756718252418385529 ) ) ;
#7720 = ORIENTED_EDGE ( 'NONE', *, *, #8398, .F. ) ;
#7722 = AXIS2_PLACEMENT_3D ( 'NONE', #5770, #8198, #6764 ) ;
#7721 = PRESENTATION_STYLE_ASSIGNMENT (( #5347 ) ) ;
#7723 = CARTESIAN_POINT ( 'NONE',  ( 0.6389354098107470348, 1.189999999999999947, -0.3489635141451460365 ) ) ;
#7724 = ORIENTED_EDGE ( 'NONE', *, *, #4, .T. ) ;
#7725 = DIRECTION ( 'NONE',  ( -0.0000000000000000000, -1.000000000000000000, -0.0000000000000000000 ) ) ;
#7726 = CARTESIAN_POINT ( 'NONE',  ( 0.5902231276599004817, 1.189999999999999725, -0.6416007038331640322 ) ) ;
#7727 = CARTESIAN_POINT ( 'NONE',  ( 1.548453649225443707, 1.190099999999999936, -0.3064410560110692461 ) ) ;
#7728 = AXIS2_PLACEMENT_3D ( 'NONE', #4762, #1013, #3374 ) ;
#7729 = VECTOR ( 'NONE', #6464, 1000.000000000000000 ) ;
#7730 = ADVANCED_FACE ( 'NONE', ( #1504 ), #488, .F. ) ;
#7731 = CARTESIAN_POINT ( 'NONE',  ( 0.6525667252859529421, 1.190100000000000158, -0.3683673030489885147 ) ) ;
#7732 = DIRECTION ( 'NONE',  ( 0.9796516281416205452, -0.0000000000000000000, 0.2007054744631349141 ) ) ;
#7733 = LINE ( 'NONE', #6849, #9057 ) ;
#7734 = SURFACE_STYLE_FILL_AREA ( #2137 ) ;
#7735 = STYLED_ITEM ( 'NONE', ( #1663 ), #6821 ) ;
#7736 = ORIENTED_EDGE ( 'NONE', *, *, #3869, .T. ) ;
#7737 = VECTOR ( 'NONE', #5734, 1000.000000000000000 ) ;
#7738 = VERTEX_POINT ( 'NONE', #7096 ) ;
#7739 = CARTESIAN_POINT ( 'NONE',  ( 0.9157369987293157987, 1.189999999999999947, 0.3187472471626022763 ) ) ;
#7740 = EDGE_LOOP ( 'NONE', ( #545, #3879, #5506, #2701 ) ) ;
#7741 = B_SPLINE_CURVE_WITH_KNOTS ( 'NONE', 3,
 ( #9819, #4373, #3553, #7346, #1191, #1082, #8991, #6532, #5909, #6689, #4214, #2020, #4985, #6589, #1036, #9663, #8841, #253, #3447 ),
 .UNSPECIFIED., .F., .F.,
 ( 4, 1, 1, 1, 1, 1, 1, 1, 1, 1, 1, 1, 1, 1, 1, 1, 4 ),
 ( 0.0000000000000000000, 0.08597801095541354743, 0.1665357600752754297, 0.2430801657454658982, 0.3152453275928348009, 0.3829448748232105459, 0.4469892938498334356, 0.5074050016205154945, 0.5649588539103558293, 0.6203762074069895105, 0.6745122178124544066, 0.7283024830159220420, 0.7815588022634796239, 0.8353050041663273584, 0.8890952693697944387, 0.9439054235715857999, 1.000000000000000000 ),
 .UNSPECIFIED. ) ;
#7742 = EDGE_CURVE ( 'NONE', #443, #849, #3300, .T. ) ;
#7743 = DIRECTION ( 'NONE',  ( -0.5144957554275263467, 0.0000000000000000000, 0.8574929257125443183 ) ) ;
#7744 = CARTESIAN_POINT ( 'NONE',  ( 0.4169298836705572775, 1.190100000000000158, -0.5371335941032322481 ) ) ;
#7745 = VERTEX_POINT ( 'NONE', #5494 ) ;
#7746 = DIRECTION ( 'NONE',  ( 1.000000000000000000, 0.0000000000000000000, 0.0000000000000000000 ) ) ;
#7747 = CARTESIAN_POINT ( 'NONE',  ( 0.3745900547987761620, 1.190100000000000158, -0.3441862320393347940 ) ) ;
#7748 = ORIENTED_EDGE ( 'NONE', *, *, #8770, .T. ) ;
#7749 = LINE ( 'NONE', #7944, #7526 ) ;
#7750 = CARTESIAN_POINT ( 'NONE',  ( 0.6201746956447111714, 1.190100000000000380, -0.4249600851123220835 ) ) ;
#7751 = ORIENTED_EDGE ( 'NONE', *, *, #4111, .T. ) ;
#7752 = VECTOR ( 'NONE', #4646, 1000.000000000000114 ) ;
#7753 = B_SPLINE_SURFACE_WITH_KNOTS ( 'NONE', 3, 1, ( 
 ( #10011, #4470 ),
 ( #2977, #2211 ),
 ( #1283, #9960 ),
 ( #4516, #5229 ),
 ( #6115, #6162 ),
 ( #1336, #657 ),
 ( #2922, #6060 ) ),
 .UNSPECIFIED., .F., .F., .F.,
 ( 4, 1, 1, 1, 4 ),
 ( 2, 2 ),
 ( 0.0000000000000000000, 0.2645025626763080062, 0.5176435082820420863, 0.7632712391545269925, 0.9999999999999998890 ),
 ( 0.0000000000000000000, 1.000000000000000000 ),
 .UNSPECIFIED. ) ;
#7754 = CARTESIAN_POINT ( 'NONE',  ( 0.2166596706105848036, 1.190000000000000613, -0.4730817276904683566 ) ) ;
#7755 = FILL_AREA_STYLE ('',( #10104 ) ) ;
#7756 = EDGE_CURVE ( 'NONE', #336, #7153, #1600, .T. ) ;
#7757 = DIRECTION ( 'NONE',  ( -0.0000000000000000000, -1.000000000000000000, -0.0000000000000000000 ) ) ;
#7758 = FACE_OUTER_BOUND ( 'NONE', #6357, .T. ) ;
#7759 = ORIENTED_EDGE ( 'NONE', *, *, #2938, .F. ) ;
#7760 = CARTESIAN_POINT ( 'NONE',  ( 1.322812623584417979, 1.189999999999999947, -0.7166974662674795438 ) ) ;
#7761 = CARTESIAN_POINT ( 'NONE',  ( 0.7275630206013550261, 1.189999999999999947, 0.1595912051024144518 ) ) ;
#7762 = CARTESIAN_POINT ( 'NONE',  ( -1.132235453338658937, 1.190099999999999936, -0.7166974662674795438 ) ) ;
#7763 = CARTESIAN_POINT ( 'NONE',  ( 0.01031962527740003244, 1.190099999999999714, -0.3710758434241164805 ) ) ;
#7764 = VECTOR ( 'NONE', #9982, 1000.000000000000000 ) ;
#7765 = DIRECTION ( 'NONE',  ( 0.0000000000000000000, 1.000000000000000000, -1.917831477656420641E-16 ) ) ;
#7766 = CARTESIAN_POINT ( 'NONE',  ( 2.999999999999999556, -0.09999999999999933942, -1.750000000000000000 ) ) ;
#7767 = DIRECTION ( 'NONE',  ( 1.000000000000000000, -0.0000000000000000000, -0.0000000000000000000 ) ) ;
#7768 = FACE_OUTER_BOUND ( 'NONE', #4460, .T. ) ;
#7769 = VECTOR ( 'NONE', #8155, 1000.000000000000000 ) ;
#7770 = CARTESIAN_POINT ( 'NONE',  ( 0.4877754759450110833, 1.189999999999999947, -0.5486318479818448335 ) ) ;
#7771 = ADVANCED_FACE ( 'NONE', ( #8023 ), #3880, .T. ) ;
#7772 = CARTESIAN_POINT ( 'NONE',  ( 0.2234805504270625798, 1.190100000000000158, -0.3661482358701814710 ) ) ;
#7773 = CARTESIAN_POINT ( 'NONE',  ( 0.1633544947616125398, 1.190100000000000158, -0.2967965911748772223 ) ) ;
#7774 = EDGE_CURVE ( 'NONE', #31, #1406, #9046, .T. ) ;
#7775 = CARTESIAN_POINT ( 'NONE',  ( 0.4038718100761424235, 1.189999999999999947, -0.3771648214307613545 ) ) ;
#7776 = ORIENTED_EDGE ( 'NONE', *, *, #3040, .F. ) ;
#7777 = CARTESIAN_POINT ( 'NONE',  ( -1.136592546165095419, 1.189999999999999947, -0.7166307331403081182 ) ) ;
#7778 = LINE ( 'NONE', #9929, #5952 ) ;
#7779 = CARTESIAN_POINT ( 'NONE',  ( 0.7754656717933818832, 1.189999999999999947, 0.3255410100876084956 ) ) ;
#7780 = CARTESIAN_POINT ( 'NONE',  ( 0.5042228799946745221, 1.190099999999999936, -0.2961846457546589706 ) ) ;
#7781 = VERTEX_POINT ( 'NONE', #8233 ) ;
#7782 = LINE ( 'NONE', #9271, #1612 ) ;
#7783 = CARTESIAN_POINT ( 'NONE',  ( 0.5753762149399904713, 1.190000000000000169, -0.6565331768425471948 ) ) ;
#7784 = ORIENTED_EDGE ( 'NONE', *, *, #4037, .T. ) ;
#7785 = CARTESIAN_POINT ( 'NONE',  ( 0.6060649210920152630, 1.189999999999999947, -0.3205541884761945459 ) ) ;
#7786 = FACE_OUTER_BOUND ( 'NONE', #4969, .T. ) ;
#7787 = CARTESIAN_POINT ( 'NONE',  ( -3.839783448439272107, 0.8149999999999998357, 0.7499999999999988898 ) ) ;
#7788 = FILL_AREA_STYLE_COLOUR ( '', #7889 ) ;
#7789 = CARTESIAN_POINT ( 'NONE',  ( -0.7898019178420069286, 1.189999999999999947, -0.6723643791182566387 ) ) ;
#7790 = DIRECTION ( 'NONE',  ( 0.0000000000000000000, -5.808225924029490901E-18, 1.000000000000000000 ) ) ;
#7791 = ORIENTED_EDGE ( 'NONE', *, *, #4295, .T. ) ;
#7792 = CARTESIAN_POINT ( 'NONE',  ( 0.8910183885973257389, 1.189999999999999725, 0.3441334544640944348 ) ) ;
#7793 = ORIENTED_EDGE ( 'NONE', *, *, #2346, .F. ) ;
#7794 = DIRECTION ( 'NONE',  ( 0.0000000000000000000, -1.000000000000000000, 1.917831477656420148E-16 ) ) ;
#7795 = CARTESIAN_POINT ( 'NONE',  ( 0.3640660021007244285, 1.190099999999999936, -0.6098670169682739450 ) ) ;
#7796 = CARTESIAN_POINT ( 'NONE',  ( 0.04588954666134111016, 1.189999999999999947, -0.4165372098572230897 ) ) ;
#7797 = ORIENTED_EDGE ( 'NONE', *, *, #8701, .F. ) ;
#7798 = CARTESIAN_POINT ( 'NONE',  ( -1.016773078952932341, 1.189999999999999725, -0.3332752480956703289 ) ) ;
#7799 = EDGE_CURVE ( 'NONE', #5860, #5785, #6642, .T. ) ;
#7800 = CARTESIAN_POINT ( 'NONE',  ( 0.6182858203774697081, 1.190000000000000169, -0.4383213081885266593 ) ) ;
#7801 = ORIENTED_EDGE ( 'NONE', *, *, #2104, .T. ) ;
#7802 = CARTESIAN_POINT ( 'NONE',  ( 0.1753209840111763229, 1.190000000000000613, -0.4930166942298093713 ) ) ;
#7803 = LINE ( 'NONE', #1577, #181 ) ;
#7804 = CARTESIAN_POINT ( 'NONE',  ( -0.8940783673963245137, 1.190100000000000158, -0.6482783826614731959 ) ) ;
#7805 = CARTESIAN_POINT ( 'NONE',  ( 0.6304248030715975393, 1.189999999999999947, -0.3400949021649153914 ) ) ;
#7806 = VERTEX_POINT ( 'NONE', #3394 ) ;
#7807 = FACE_OUTER_BOUND ( 'NONE', #3580, .T. ) ;
#7808 = CARTESIAN_POINT ( 'NONE',  ( 0.7480373052868443118, 1.190000000000000169, 0.1522250093926693082 ) ) ;
#7809 = LINE ( 'NONE', #4667, #6547 ) ;
#7810 = ORIENTED_EDGE ( 'NONE', *, *, #4081, .T. ) ;
#7811 = CARTESIAN_POINT ( 'NONE',  ( 0.8452257680761753322, 1.190099999999999936, 0.3232851345184126757 ) ) ;
#7812 = CARTESIAN_POINT ( 'NONE',  ( -1.128866483234701956, 1.190099999999999936, -0.3372791961763499935 ) ) ;
#7813 = EDGE_CURVE ( 'NONE', #6161, #6103, #7295, .T. ) ;
#7814 = PLANE ( 'NONE',  #7035 ) ;
#7815 = AXIS2_PLACEMENT_3D ( 'NONE', #292, #8831, #2460 ) ;
#7816 = DIRECTION ( 'NONE',  ( -0.0000000000000000000, -1.000000000000000000, -0.0000000000000000000 ) ) ;
#7817 = CARTESIAN_POINT ( 'NONE',  ( -1.277187376415582110, 1.189999999999999947, -0.6141333637033769000 ) ) ;
#7818 = CARTESIAN_POINT ( 'NONE',  ( 0.5425907454615496173, 1.189999999999999725, -0.2985992406465949878 ) ) ;
#7819 = CARTESIAN_POINT ( 'NONE',  ( -1.181812529921147492, 1.190099999999999936, -0.7102324637033126109 ) ) ;
#7820 = CARTESIAN_POINT ( 'NONE',  ( -1.210200196928402638, 1.189999999999999947, -0.3588449021649153803 ) ) ;
#7821 = CARTESIAN_POINT ( 'NONE',  ( 0.05175170712969182074, 1.189999999999999947, -0.5310780193500145296 ) ) ;
#7822 = CARTESIAN_POINT ( 'NONE',  ( 0.4504985058630876504, 1.190100000000000380, -0.3013503479030154586 ) ) ;
#7823 = VERTEX_POINT ( 'NONE', #461 ) ;
#7824 = EDGE_CURVE ( 'NONE', #4008, #6651, #5854, .T. ) ;
#7825 = CARTESIAN_POINT ( 'NONE',  ( 0.04811891108577828063, 1.190000000000001057, -0.3255323608519974377 ) ) ;
#7826 = ORIENTED_EDGE ( 'NONE', *, *, #5186, .T. ) ;
#7827 = CARTESIAN_POINT ( 'NONE',  ( 0.5157228708118247740, 1.190099999999999492, -0.6754753765998352533 ) ) ;
#7828 = VERTEX_POINT ( 'NONE', #1242 ) ;
#7829 = CARTESIAN_POINT ( 'NONE',  ( -1.016181335614794179, 1.190099999999999936, -0.4330369962924439653 ) ) ;
#7830 = PLANE ( 'NONE',  #8260 ) ;
#7831 = CARTESIAN_POINT ( 'NONE',  ( 0.5071876235844181569, 1.190099999999999936, -0.7166974662674795438 ) ) ;
#7832 = CARTESIAN_POINT ( 'NONE',  ( -1.231033530261735898, 1.190099999999999936, -0.6141333637033769000 ) ) ;
#7833 = DIRECTION ( 'NONE',  ( 0.0000000000000000000, -0.0000000000000000000, 1.000000000000000000 ) ) ;
#7834 = EDGE_CURVE ( 'NONE', #1256, #7948, #7741, .T. ) ;
#7835 = B_SPLINE_SURFACE_WITH_KNOTS ( 'NONE', 3, 1, ( 
 ( #1968, #3451 ),
 ( #6593, #5147 ),
 ( #9727, #9668 ),
 ( #8996, #1041 ),
 ( #8900, #1866 ),
 ( #4989, #6487 ),
 ( #8292, #5095 ),
 ( #212, #3351 ),
 ( #2686, #5811 ),
 ( #5696, #2734 ),
 ( #8083, #7299 ) ),
 .UNSPECIFIED., .F., .F., .F.,
 ( 4, 1, 1, 1, 1, 1, 1, 1, 4 ),
 ( 2, 2 ),
 ( 0.0000000000000000000, 0.1142111380673997423, 0.2251696778288221346, 0.3364881489222327771, 0.4512944551709172081, 0.5726075620908457342, 0.7025532420149689372, 0.8450604094388959320, 1.000000000000000000 ),
 ( 0.0000000000000000000, 1.000000000000000000 ),
 .UNSPECIFIED. ) ;
#7836 = EDGE_CURVE ( 'NONE', #6558, #578, #3504, .T. ) ;
#7837 = VERTEX_POINT ( 'NONE', #2778 ) ;
#7838 = CARTESIAN_POINT ( 'NONE',  ( 0.9102095140181921673, 1.190099999999999936, 0.3258425936174527693 ) ) ;
#7839 = CARTESIAN_POINT ( 'NONE',  ( -1.248140972683186467, 1.190000000000000169, -0.3339086446713214751 ) ) ;
#7840 = CARTESIAN_POINT ( 'NONE',  ( 0.0000000000000000000, 1.189999999999999947, 0.0000000000000000000 ) ) ;
#7841 = CARTESIAN_POINT ( 'NONE',  ( 0.7754656717933818832, 1.190099999999999936, 0.3255410100876084956 ) ) ;
#7842 = CARTESIAN_POINT ( 'NONE',  ( 0.4350569668158506542, 1.190000000000000613, -0.7030265076400805668 ) ) ;
#7843 = B_SPLINE_CURVE_WITH_KNOTS ( 'NONE', 3,
 ( #125, #4813, #2549, #8772, #3477, #4082, #1009, #953, #8047, #179, #1728 ),
 .UNSPECIFIED., .F., .F.,
 ( 4, 1, 1, 1, 1, 1, 1, 1, 4 ),
 ( 0.0000000000000000000, 0.1022030370352201428, 0.2110233423738753500, 0.3250996615652079202, 0.4465020971348894196, 0.5737877176488554998, 0.7089007097660656731, 0.8503578712933999029, 1.000000000000000000 ),
 .UNSPECIFIED. ) ;
#7844 = VERTEX_POINT ( 'NONE', #8177 ) ;
#7845 = CARTESIAN_POINT ( 'NONE',  ( -0.5221934888813262177, 1.190099999999999714, -0.3160339649121392536 ) ) ;
#7846 = ORIENTED_EDGE ( 'NONE', *, *, #2606, .T. ) ;
#7847 = ORIENTED_EDGE ( 'NONE', *, *, #189, .F. ) ;
#7848 = CARTESIAN_POINT ( 'NONE',  ( 0.1494438750934556082, 1.190099999999999936, -0.4960946283954158487 ) ) ;
#7849 = CARTESIAN_POINT ( 'NONE',  ( 0.9256827113435187604, 1.190099999999999714, 0.3032218193068986767 ) ) ;
#7850 = CARTESIAN_POINT ( 'NONE',  ( -0.7100954317467238486, 1.190099999999999714, -0.6664267227843276853 ) ) ;
#7851 = CARTESIAN_POINT ( 'NONE',  ( -1.165868623193591969, 1.190100000000000158, -0.3400708068734363820 ) ) ;
#7852 = CARTESIAN_POINT ( 'NONE',  ( 2.499999999999999556, -0.04999999999999935052, 1.749999999999999334 ) ) ;
#7853 = ORIENTED_EDGE ( 'NONE', *, *, #8811, .F. ) ;
#7854 = CARTESIAN_POINT ( 'NONE',  ( -1.018313295076353153, 1.190099999999999492, -0.6755493836966326437 ) ) ;
#7855 = DIRECTION ( 'NONE',  ( 1.000000000000000000, -0.0000000000000000000, 0.0000000000000000000 ) ) ;
#7856 = CARTESIAN_POINT ( 'NONE',  ( -4.000000000000000888, -0.05000000000000000278, -1.599999999999997868 ) ) ;
#7857 = ORIENTED_EDGE ( 'NONE', *, *, #6122, .T. ) ;
#7858 = CARTESIAN_POINT ( 'NONE',  ( -0.5280409031233070927, 1.190000000000000169, -0.3280622406487223031 ) ) ;
#7859 = CARTESIAN_POINT ( 'NONE',  ( 0.5419454392559969191, 1.190099999999999936, -0.5524896067106519482 ) ) ;
#7860 = CARTESIAN_POINT ( 'NONE',  ( -1.154110453338659026, 1.190099999999999936, -0.5474666970367102481 ) ) ;
#7861 = CIRCLE ( 'NONE', #8678, 0.1499999999999999667 ) ;
#7862 = LINE ( 'NONE', #815, #4941 ) ;
#7863 = CARTESIAN_POINT ( 'NONE',  ( 0.4539109990584316301, 1.190099999999999936, -0.5587953470845700155 ) ) ;
#7864 = CARTESIAN_POINT ( 'NONE',  ( -1.273607389658661493, 1.189999999999999725, -0.6260779499847100027 ) ) ;
#7865 = CARTESIAN_POINT ( 'NONE',  ( 0.2160929779951641927, 1.190099999999999936, -0.3110064645114954951 ) ) ;
#7866 = MECHANICAL_DESIGN_GEOMETRIC_PRESENTATION_REPRESENTATION (  '', ( #1618 ), #307 ) ;
#7867 = CARTESIAN_POINT ( 'NONE',  ( 0.4322298400785992145, 1.190099999999999936, -0.3530060948526204112 ) ) ;
#7868 = EDGE_CURVE ( 'NONE', #9171, #6966, #2681, .T. ) ;
#7869 = CARTESIAN_POINT ( 'NONE',  ( -1.224429425454999665, 1.190100000000000380, -0.6902383476470930201 ) ) ;
#7870 = CARTESIAN_POINT ( 'NONE',  ( -0.6506881520372891359, 1.189999999999999947, -0.6811440364713281514 ) ) ;
#7871 = CARTESIAN_POINT ( 'NONE',  ( 0.002547949518588882214, 1.189999999999999947, -0.4432921793018514411 ) ) ;
#7872 = LINE ( 'NONE', #1597, #7027 ) ;
#7873 = VERTEX_POINT ( 'NONE', #5805 ) ;
#7874 = VECTOR ( 'NONE', #10137, 1000.000000000000000 ) ;
#7875 = CARTESIAN_POINT ( 'NONE',  ( -1.161942357547540716, 1.190099999999999936, 0.1176307170918883399 ) ) ;
#7876 = VERTEX_POINT ( 'NONE', #4166 ) ;
#7877 = CARTESIAN_POINT ( 'NONE',  ( 0.5899263332338017252, 1.190000000000000613, -0.5242839642012491197 ) ) ;
#7878 = VERTEX_POINT ( 'NONE', #2625 ) ;
#7879 = CARTESIAN_POINT ( 'NONE',  ( -2.499999999999999556, -0.09999999999999933942, -1.750000000000000000 ) ) ;
#7880 = FACE_OUTER_BOUND ( 'NONE', #7373, .T. ) ;
#7881 = CARTESIAN_POINT ( 'NONE',  ( 0.6907432883129159817, 1.190000000000000169, 0.2934916109612795143 ) ) ;
#7882 = PLANE ( 'NONE',  #1325 ) ;
#7883 = EDGE_CURVE ( 'NONE', #9636, #2081, #8945, .T. ) ;
#7884 = CARTESIAN_POINT ( 'NONE',  ( 2.987479944133196508, 1.139999999999999902, 0.0000000000000000000 ) ) ;
#7885 = CARTESIAN_POINT ( 'NONE',  ( -0.7457771200053256999, 1.190099999999999936, -0.4719859278059410079 ) ) ;
#7886 = VERTEX_POINT ( 'NONE', #5091 ) ;
#7887 = VECTOR ( 'NONE', #3567, 1000.000000000000114 ) ;
#7888 = CARTESIAN_POINT ( 'NONE',  ( -0.9247628703680533802, 1.190099999999999936, -0.08749748803631683669 ) ) ;
#7889 = COLOUR_RGB ( '',0.2509803921568627416, 0.2509803921568627416, 0.2509803921568627416 ) ;
#7890 = CARTESIAN_POINT ( 'NONE',  ( -1.272746458952023874, 1.189999999999999725, -0.3631115784079088082 ) ) ;
#7891 = EDGE_CURVE ( 'NONE', #8976, #7685, #3573, .T. ) ;
#7892 = ADVANCED_FACE ( 'NONE', ( #7561 ), #714, .T. ) ;
#7893 = CARTESIAN_POINT ( 'NONE',  ( 0.7565849507830658682, 1.189999999999999725, 0.3166848363050556170 ) ) ;
#7894 = CARTESIAN_POINT ( 'NONE',  ( 0.3826573474173519118, 1.190000000000000391, -0.6645308434085057669 ) ) ;
#7895 = VECTOR ( 'NONE', #7360, 1000.000000000000000 ) ;
#7896 = CARTESIAN_POINT ( 'NONE',  ( -0.9968223080147396997, 1.190000000000000169, -0.3531181865438252632 ) ) ;
#7897 = CARTESIAN_POINT ( 'NONE',  ( 0.6200286028978529984, 1.190000000000000169, -0.4303699371915349348 ) ) ;
#7898 = ORIENTED_EDGE ( 'NONE', *, *, #7049, .T. ) ;
#7899 = DIRECTION ( 'NONE',  ( 0.0000000000000000000, -5.808225924029490901E-18, 1.000000000000000000 ) ) ;
#7900 = DIRECTION ( 'NONE',  ( 0.0000000000000000000, 0.0000000000000000000, -1.000000000000000000 ) ) ;
#7901 = CARTESIAN_POINT ( 'NONE',  ( 0.1458895466613411573, 1.190099999999999714, -0.3372102867802999615 ) ) ;
#7902 = STYLED_ITEM ( 'NONE', ( #6197 ), #4185 ) ;
#7903 = DIRECTION ( 'NONE',  ( 0.0000000000000000000, 0.0000000000000000000, -1.000000000000000000 ) ) ;
#7904 = CARTESIAN_POINT ( 'NONE',  ( 1.322812623584417979, 1.190099999999999936, -0.4852070816520949181 ) ) ;
#7905 = ORIENTED_EDGE ( 'NONE', *, *, #8310, .T. ) ;
#7906 = CARTESIAN_POINT ( 'NONE',  ( -0.9247628703680533802, 1.189999999999999947, 0.06634866580983704576 ) ) ;
#7907 = CARTESIAN_POINT ( 'NONE',  ( -4.000000000000000888, -0.05000000000000000278, -1.599999999999997868 ) ) ;
#7908 = CARTESIAN_POINT ( 'NONE',  ( -0.6585939141672214614, 1.190100000000000380, -0.4972057088031732741 ) ) ;
#7909 = ORIENTED_EDGE ( 'NONE', *, *, #6015, .T. ) ;
#7910 = VECTOR ( 'NONE', #6872, 1000.000000000000000 ) ;
#7911 = LINE ( 'NONE', #7028, #8017 ) ;
#7912 = CARTESIAN_POINT ( 'NONE',  ( -1.090910048376658725, 1.190100000000000158, -0.5566359768251045725 ) ) ;
#7913 = CARTESIAN_POINT ( 'NONE',  ( 4.000000000000000888, -0.05000000000000000278, -1.599999999999998979 ) ) ;
#7914 = FACE_BOUND ( 'NONE', #10106, .T. ) ;
#7915 = FILL_AREA_STYLE ('',( #2316 ) ) ;
#7916 = CARTESIAN_POINT ( 'NONE',  ( -1.257232551511695329, 1.189999999999999947, -0.6578406465763639854 ) ) ;
#7917 = CARTESIAN_POINT ( 'NONE',  ( -0.8940783673963245137, 1.190100000000000158, -0.6482783826614731959 ) ) ;
#7918 = VECTOR ( 'NONE', #8773, 1000.000000000000000 ) ;
#7919 = DIRECTION ( 'NONE',  ( 0.4924164566292787981, 0.0000000000000000000, -0.8703597148539594652 ) ) ;
#7920 = B_SPLINE_SURFACE_WITH_KNOTS ( 'NONE', 3, 1, ( 
 ( #250, #2678 ),
 ( #2726, #5850 ),
 ( #8988, #1032 ),
 ( #9610, #8838 ),
 ( #2568, #6529 ),
 ( #4162, #1802 ),
 ( #4928, #8892 ),
 ( #5087, #1188 ),
 ( #6582, #1856 ),
 ( #4981, #8019 ),
 ( #979, #4103 ),
 ( #8125, #1079 ),
 ( #7241, #7342 ),
 ( #300, #3444 ),
 ( #8941, #1908 ),
 ( #3270, #860 ),
 ( #4083, #7071 ),
 ( #10151, #955 ),
 ( #7951, #3119 ) ),
 .UNSPECIFIED., .F., .F., .F.,
 ( 4, 1, 1, 1, 1, 1, 1, 1, 1, 1, 1, 1, 1, 1, 1, 1, 4 ),
 ( 2, 2 ),
 ( 0.0000000000000000000, 0.04971760327218945757, 0.09912088380314627856, 0.1480344200268149946, 0.1986713043184248628, 0.2510984156447597093, 0.3065121474387127454, 0.3655187431265703446, 0.4282382926364503573, 0.4937102170410437862, 0.5599928940998095683, 0.6273233681240125703, 0.6967282184236788245, 0.7684835238667659940, 0.8425256265121040533, 0.9198110733918858362, 1.000000000000000000 ),
 ( 0.0000000000000000000, 1.000000000000000000 ),
 .UNSPECIFIED. ) ;
#7921 = CARTESIAN_POINT ( 'NONE',  ( -1.157800276065258815, 1.189999999999999725, -0.7151559437752549320 ) ) ;
#7922 = CARTESIAN_POINT ( 'NONE',  ( -1.212161518952417527, 1.190000000000000169, -0.3603227711872347139 ) ) ;
#7923 = DIRECTION ( 'NONE',  ( 0.0000000000000000000, 0.0000000000000000000, -1.000000000000000000 ) ) ;
#7924 = CARTESIAN_POINT ( 'NONE',  ( -1.046746659073201080, 1.190099999999999936, -0.6422574495321174970 ) ) ;
#7925 = ORIENTED_EDGE ( 'NONE', *, *, #1994, .F. ) ;
#7926 = CARTESIAN_POINT ( 'NONE',  ( 0.007126852455505558112, 1.190100000000000158, -0.3786028195730505863 ) ) ;
#7927 = CIRCLE ( 'NONE', #5786, 0.1500000000000001887 ) ;
#7928 = EDGE_CURVE ( 'NONE', #1885, #9536, #9308, .T. ) ;
#7929 = ORIENTED_EDGE ( 'NONE', *, *, #9333, .F. ) ;
#7930 = CARTESIAN_POINT ( 'NONE',  ( 0.5824445178648706145, 1.190000000000000613, -0.5275773212699792492 ) ) ;
#7931 = CARTESIAN_POINT ( 'NONE',  ( -0.9695566548822329711, 1.190099999999999936, -0.4285086311072887622 ) ) ;
#7932 = CARTESIAN_POINT ( 'NONE',  ( -0.6681102421093126909, 1.190000000000000391, -0.6326166109621718103 ) ) ;
#7933 = CARTESIAN_POINT ( 'NONE',  ( 2.499999999999999556, -1.189999999999999725, 0.9499999999999996225 ) ) ;
#7934 = EDGE_LOOP ( 'NONE', ( #7797, #3711, #6470, #8856, #6059, #5722, #5497, #1173, #3370, #9251, #10001 ) ) ;
#7935 = VECTOR ( 'NONE', #5206, 1000.000000000000000 ) ;
#7936 = CARTESIAN_POINT ( 'NONE',  ( -1.028164221212555907, 1.189999999999999947, -0.3825548156132140276 ) ) ;
#7937 = EDGE_CURVE ( 'NONE', #4374, #6597, #2169, .T. ) ;
#7938 = CARTESIAN_POINT ( 'NONE',  ( 0.9209688281394827758, 1.190100000000000158, 0.3112445058434380463 ) ) ;
#7939 = ORIENTED_EDGE ( 'NONE', *, *, #3802, .T. ) ;
#7940 = CARTESIAN_POINT ( 'NONE',  ( -0.4519740393008241930, 1.189999999999999503, -0.3280614687242060512 ) ) ;
#7941 = CARTESIAN_POINT ( 'NONE',  ( 2.499999999999999556, 0.05000000000000066197, 1.749999999999999334 ) ) ;
#7942 = CARTESIAN_POINT ( 'NONE',  ( 0.5698276487791636979, 1.190000000000000169, -0.4921704669972176149 ) ) ;
#7943 = CARTESIAN_POINT ( 'NONE',  ( 0.4350569668158506542, 1.190099999999999936, -0.7030265076400805668 ) ) ;
#7944 = CARTESIAN_POINT ( 'NONE',  ( -1.131674555902761892, 1.190100000000000158, -0.6756718252418385529 ) ) ;
#7945 = EDGE_CURVE ( 'NONE', #10093, #626, #10073, .T. ) ;
#7946 = ORIENTED_EDGE ( 'NONE', *, *, #5998, .F. ) ;
#7947 = CARTESIAN_POINT ( 'NONE',  ( 0.5404273741684365584, 1.189999999999999725, -0.5029785811256255457 ) ) ;
#7948 = VERTEX_POINT ( 'NONE', #6017 ) ;
#7949 = LINE ( 'NONE', #3986, #4279 ) ;
#7950 = CARTESIAN_POINT ( 'NONE',  ( 0.8879074629249988915, 1.190000000000000391, 0.1714115668871903919 ) ) ;
#7951 = CARTESIAN_POINT ( 'NONE',  ( -1.131674555902761892, 1.190100000000000158, -0.6756718252418385529 ) ) ;
#7952 = FILL_AREA_STYLE_COLOUR ( '', #4321 ) ;
#7953 = CARTESIAN_POINT ( 'NONE',  ( 0.4154939715501843600, 1.190000000000000169, -0.4735061142755849217 ) ) ;
#7954 = ORIENTED_EDGE ( 'NONE', *, *, #4833, .T. ) ;
#7955 = CARTESIAN_POINT ( 'NONE',  ( 0.9284543405710066200, 1.190099999999999936, 0.002246101707272939348 ) ) ;
#7956 = CARTESIAN_POINT ( 'NONE',  ( 0.8064190841607502547, 1.189999999999999947, 0.3304512299124011676 ) ) ;
#7957 = CARTESIAN_POINT ( 'NONE',  ( 0.9284543405710066200, 1.189999999999999947, 0.002246101707272939348 ) ) ;
#7958 = EDGE_LOOP ( 'NONE', ( #1896, #6512, #7231, #8801 ) ) ;
#7959 = CARTESIAN_POINT ( 'NONE',  ( 0.5995611596849074187, 1.190099999999999936, -0.6115834317111872309 ) ) ;
#7960 = EDGE_CURVE ( 'NONE', #9636, #7806, #7663, .T. ) ;
#7961 = ADVANCED_FACE ( 'NONE', ( #3702 ), #7616, .T. ) ;
#7962 = CARTESIAN_POINT ( 'NONE',  ( -1.028164221212555907, 1.189999999999999725, -0.3825548156132140276 ) ) ;
#7963 = LINE ( 'NONE', #9552, #2949 ) ;
#7964 = CARTESIAN_POINT ( 'NONE',  ( 0.1492838177713073367, 1.190099999999999936, -0.3372996543800642621 ) ) ;
#7965 = CARTESIAN_POINT ( 'NONE',  ( -0.9128122341350212166, 1.190100000000000158, -0.5881290431431031029 ) ) ;
#7966 = CARTESIAN_POINT ( 'NONE',  ( 0.2274419632368316346, 1.189999999999999947, -0.3166481345427545890 ) ) ;
#7967 = CARTESIAN_POINT ( 'NONE',  ( -0.4900078892360948957, 1.189999999999999947, -0.3679795175495307880 ) ) ;
#7968 = ORIENTED_EDGE ( 'NONE', *, *, #1767, .F. ) ;
#7969 = CARTESIAN_POINT ( 'NONE',  ( -0.6160457641569243581, 1.189999999999999725, -0.6313314095160299511 ) ) ;
#7970 = DIRECTION ( 'NONE',  ( 1.000000000000000000, 0.0000000000000000000, -0.0000000000000000000 ) ) ;
#7971 = CARTESIAN_POINT ( 'NONE',  ( 0.4673177866444779838, 1.190000000000000613, -0.2983035947133309551 ) ) ;
#7972 = ORIENTED_EDGE ( 'NONE', *, *, #9465, .T. ) ;
#7973 = CARTESIAN_POINT ( 'NONE',  ( 0.07392666657959640064, 1.190100000000000380, -0.3104620197056859321 ) ) ;
#7974 = ORIENTED_EDGE ( 'NONE', *, *, #9614, .T. ) ;
#7975 = CARTESIAN_POINT ( 'NONE',  ( 0.6005757637552434636, 1.190000000000000169, -0.5188881191947152249 ) ) ;
#7976 = CARTESIAN_POINT ( 'NONE',  ( 0.3640660021007244285, 1.189999999999999947, -0.6098670169682739450 ) ) ;
#7977 = CARTESIAN_POINT ( 'NONE',  ( 1.010505622622288602, 1.190099999999999936, 0.002246101707272939348 ) ) ;
#7978 = CARTESIAN_POINT ( 'NONE',  ( -0.7560335302617359199, 1.189999999999999947, -0.7166974662674795438 ) ) ;
#7979 = CARTESIAN_POINT ( 'NONE',  ( 0.2345419183453275880, 1.189999999999999725, -0.3790504964602675053 ) ) ;
#7980 = VERTEX_POINT ( 'NONE', #9147 ) ;
#7981 = CARTESIAN_POINT ( 'NONE',  ( -1.120428397348720351, 1.190099999999999714, -0.3374134675658244653 ) ) ;
#7982 = EDGE_CURVE ( 'NONE', #3526, #4903, #1490, .T. ) ;
#7983 = CARTESIAN_POINT ( 'NONE',  ( -0.6917678518479776217, 1.190099999999999936, -0.5229759581698075754 ) ) ;
#7984 = DIRECTION ( 'NONE',  ( 1.000000000000000000, -0.0000000000000000000, 0.0000000000000000000 ) ) ;
#7985 = ORIENTED_EDGE ( 'NONE', *, *, #266, .T. ) ;
#7986 = CARTESIAN_POINT ( 'NONE',  ( -0.4516896206374790834, 1.189999999999999725, -0.3324403937215252847 ) ) ;
#7987 = DIRECTION ( 'NONE',  ( 0.0000000000000000000, 1.000000000000000000, 0.0000000000000000000 ) ) ;
#7988 = CARTESIAN_POINT ( 'NONE',  ( 0.7483166395602971477, 1.190099999999999936, 0.3109505358104802109 ) ) ;
#7989 = CARTESIAN_POINT ( 'NONE',  ( 0.3826573474173519118, 1.190099999999999714, -0.6645308434085057669 ) ) ;
#7990 = ADVANCED_FACE ( 'NONE', ( #1345 ), #6834, .F. ) ;
#7991 = CARTESIAN_POINT ( 'NONE',  ( 0.4673156200527329163, 1.190100000000000158, -0.6712580407197632493 ) ) ;
#7992 = VERTEX_POINT ( 'NONE', #2931 ) ;
#7993 = CARTESIAN_POINT ( 'NONE',  ( -0.8665149202720981991, 1.190099999999999936, -0.5869267913116329449 ) ) ;
#7994 = ORIENTED_EDGE ( 'NONE', *, *, #7458, .T. ) ;
#7995 = B_SPLINE_SURFACE_WITH_KNOTS ( 'NONE', 3, 1, ( 
 ( #4318, #196 ),
 ( #5796, #5079 ),
 ( #7452, #3338 ),
 ( #5737, #2563 ),
 ( #1794, #8066 ),
 ( #8119, #403 ),
 ( #4205, #3385 ),
 ( #1180, #3436 ),
 ( #6576, #6633 ),
 ( #6679, #9710 ),
 ( #8935, #2671 ),
 ( #8168, #9809 ),
 ( #5634, #4259 ),
 ( #7394, #352 ),
 ( #9761, #2921 ) ),
 .UNSPECIFIED., .F., .F., .F.,
 ( 4, 1, 1, 1, 1, 1, 1, 1, 1, 1, 1, 1, 4 ),
 ( 2, 2 ),
 ( 0.0000000000000000000, 0.1305221758039699365, 0.2536730297702119441, 0.3712187095061601494, 0.4857818892354512363, 0.5432330978858879167, 0.6011785118272849893, 0.6610286831815432862, 0.7235725278149340856, 0.7882626247779309647, 0.8553906565030748865, 0.9261063328335678024, 1.000000000000000000 ),
 ( 0.0000000000000000000, 1.000000000000000000 ),
 .UNSPECIFIED. ) ;
#7996 = CARTESIAN_POINT ( 'NONE',  ( -1.131674555902761892, 1.190000000000000169, -0.6756718252418385529 ) ) ;
#7997 = LINE ( 'NONE', #2550, #7423 ) ;
#7998 = CARTESIAN_POINT ( 'NONE',  ( 4.000000000000000888, -0.05000000000000000278, 1.599999999999998979 ) ) ;
#7999 = CARTESIAN_POINT ( 'NONE',  ( 0.4320174915022009787, 1.190100000000000158, -0.4862906095710517462 ) ) ;
#8000 = ORIENTED_EDGE ( 'NONE', *, *, #9683, .T. ) ;
#8001 = CARTESIAN_POINT ( 'NONE',  ( -0.6131748120342610520, 1.189999999999999725, -0.5717164799364463645 ) ) ;
#8002 = CARTESIAN_POINT ( 'NONE',  ( 0.9239901473353983041, 1.190099999999999936, 0.1559916045026203679 ) ) ;
#8003 = CARTESIAN_POINT ( 'NONE',  ( -0.6919486825803533581, 1.190099999999999936, -0.4639571312545773818 ) ) ;
#8004 = EDGE_CURVE ( 'NONE', #9976, #6214, #9968, .T. ) ;
#8005 = EDGE_LOOP ( 'NONE', ( #7449, #462, #8521, #2736 ) ) ;
#8006 = CARTESIAN_POINT ( 'NONE',  ( -1.132235453338658937, 1.190099999999999936, -0.7166974662674795438 ) ) ;
#8007 = LINE ( 'NONE', #3133, #9342 ) ;
#8008 = DIRECTION ( 'NONE',  ( 1.000000000000000000, 0.0000000000000000000, 0.0000000000000000000 ) ) ;
#8009 = CARTESIAN_POINT ( 'NONE',  ( 0.1359854461070555964, 1.190000000000000169, -0.4959171311634872903 ) ) ;
#8010 = LINE ( 'NONE', #5023, #6295 ) ;
#8011 = B_SPLINE_CURVE_WITH_KNOTS ( 'NONE', 3,
 ( #5042, #8188, #2028, #7515, #7470, #1145, #4339, #373, #5151, #3513, #472, #6491, #1816, #8087, #3403, #8491, #529, #6798, #3039 ),
 .UNSPECIFIED., .F., .F.,
 ( 4, 1, 1, 1, 1, 1, 1, 1, 1, 1, 1, 1, 1, 1, 1, 1, 4 ),
 ( 0.0000000000000000000, 0.05567403469474974109, 0.1100909038627725656, 0.1635028111028379860, 0.2169961249696786554, 0.2701419392219776561, 0.3236981925915560221, 0.3780479537039595495, 0.4333069579889510803, 0.4909042557583539468, 0.5512251465144850648, 0.6150752649274696671, 0.6832133594847293878, 0.7555153062196978686, 0.8324066895490680462, 0.9139218608682637690, 1.000000000000000000 ),
 .UNSPECIFIED. ) ;
#8012 = CARTESIAN_POINT ( 'NONE',  ( -0.8550918967870878573, 1.189999999999999947, -0.6881386639603098709 ) ) ;
#8013 = CARTESIAN_POINT ( 'NONE',  ( 0.1436459569177513940, 1.189999999999999725, -0.2961846457546589706 ) ) ;
#8014 = CARTESIAN_POINT ( 'NONE',  ( -0.4686250834589071879, 1.190000000000000613, -0.3626988295118163119 ) ) ;
#8015 = EDGE_CURVE ( 'NONE', #5995, #7948, #4426, .T. ) ;
#8016 = EDGE_CURVE ( 'NONE', #7636, #7054, #6050, .T. ) ;
#8017 = VECTOR ( 'NONE', #86, 1000.000000000000000 ) ;
#8018 = ORIENTED_EDGE ( 'NONE', *, *, #8513, .F. ) ;
#8019 = CARTESIAN_POINT ( 'NONE',  ( -1.063287927426327606, 1.190000000000000391, -0.6571412614534216656 ) ) ;
#8020 = CARTESIAN_POINT ( 'NONE',  ( 0.3459883729163320543, 1.190099999999999714, -0.4442195115368524072 ) ) ;
#8021 = VECTOR ( 'NONE', #8123, 1000.000000000000000 ) ;
#8022 = CARTESIAN_POINT ( 'NONE',  ( 0.6026347450980349407, 1.190099999999999714, -0.3757904302504755933 ) ) ;
#8023 = FACE_OUTER_BOUND ( 'NONE', #2965, .T. ) ;
#8024 = ORIENTED_EDGE ( 'NONE', *, *, #8630, .T. ) ;
#8025 = DIRECTION ( 'NONE',  ( 0.0000000000000000000, 0.0000000000000000000, -1.000000000000000000 ) ) ;
#8026 = CARTESIAN_POINT ( 'NONE',  ( 0.4038718100761424235, 1.190099999999999714, -0.3771648214307613545 ) ) ;
#8027 = CARTESIAN_POINT ( 'NONE',  ( 0.6452674026271149055, 1.190099999999999936, -0.6262522246284688565 ) ) ;
#8028 = DIRECTION ( 'NONE',  ( 0.0000000000000000000, 1.000000000000000000, 0.0000000000000000000 ) ) ;
#8029 = CARTESIAN_POINT ( 'NONE',  ( 0.2091407460191198608, 1.189999999999999725, -0.3549124337488545056 ) ) ;
#8030 = ORIENTED_EDGE ( 'NONE', *, *, #5862, .T. ) ;
#8031 = CARTESIAN_POINT ( 'NONE',  ( -1.108096983725640028, 1.190100000000000158, -0.3386918125789229461 ) ) ;
#8032 = VECTOR ( 'NONE', #4124, 1000.000000000000000 ) ;
#8033 = CARTESIAN_POINT ( 'NONE',  ( 0.2767996851198925579, 1.190100000000000602, -0.4752814181790932513 ) ) ;
#8034 = CARTESIAN_POINT ( 'NONE',  ( -1.066248608295073064, 1.190000000000000169, -0.5671964075083075763 ) ) ;
#8035 = EDGE_LOOP ( 'NONE', ( #209, #9907, #503, #5358, #9431, #710, #2053, #9285, #7210, #6668, #534, #4648, #3942, #5169 ) ) ;
#8036 = VECTOR ( 'NONE', #8008, 1000.000000000000000 ) ;
#8037 = CARTESIAN_POINT ( 'NONE',  ( 0.1436459569177513940, 1.189999999999999725, -0.2961846457546589706 ) ) ;
#8038 = DIRECTION ( 'NONE',  ( -0.0000000000000000000, -1.000000000000000000, -0.0000000000000000000 ) ) ;
#8039 = FACE_OUTER_BOUND ( 'NONE', #6027, .T. ) ;
#8040 = CARTESIAN_POINT ( 'NONE',  ( 0.4882707745477304906, 1.190099999999999936, -0.7162192866447825157 ) ) ;
#8041 = CARTESIAN_POINT ( 'NONE',  ( 0.8165844403442772403, 1.190099999999999936, 0.3301727274762689679 ) ) ;
#8042 = VECTOR ( 'NONE', #309, 1000.000000000000000 ) ;
#8043 = FILL_AREA_STYLE_COLOUR ( '', #9159 ) ;
#8044 = CARTESIAN_POINT ( 'NONE',  ( 0.9436119573381049896, 1.190000000000000169, 0.2402663533092784243 ) ) ;
#8045 = VERTEX_POINT ( 'NONE', #7708 ) ;
#8046 = EDGE_CURVE ( 'NONE', #1933, #687, #8330, .T. ) ;
#8047 = CARTESIAN_POINT ( 'NONE',  ( 0.7358050462469256647, 1.189999999999999947, 0.1564218092456515774 ) ) ;
#8048 = CARTESIAN_POINT ( 'NONE',  ( -0.6607150415076656902, 1.190100000000000158, -0.6182161945284468940 ) ) ;
#8049 = CARTESIAN_POINT ( 'NONE',  ( 2.999999999999999556, -0.2001723312589749892, -1.125969363331736917 ) ) ;
#8050 = CARTESIAN_POINT ( 'NONE',  ( 0.4233524228413266255, 1.189999999999999725, -0.4801837103606537704 ) ) ;
#8051 = AXIS2_PLACEMENT_3D ( 'NONE', #5721, #4714, #7169 ) ;
#8052 = ORIENTED_EDGE ( 'NONE', *, *, #43, .F. ) ;
#8053 = DIRECTION ( 'NONE',  ( 0.0000000000000000000, 0.0000000000000000000, -1.000000000000000000 ) ) ;
#8054 = VECTOR ( 'NONE', #8264, 1000.000000000000000 ) ;
#8055 = CARTESIAN_POINT ( 'NONE',  ( -0.9247628703680533802, 1.189999999999999947, -0.1387795393183680615 ) ) ;
#8056 = CARTESIAN_POINT ( 'NONE',  ( 0.4412811785504744400, 1.189999999999999947, -0.4917060257818054447 ) ) ;
#8057 = ORIENTED_EDGE ( 'NONE', *, *, #1661, .T. ) ;
#8058 = ORIENTED_EDGE ( 'NONE', *, *, #7572, .F. ) ;
#8059 = CARTESIAN_POINT ( 'NONE',  ( -0.7050719918001974174, 1.190099999999999936, -0.4518737483187615367 ) ) ;
#8060 = UNCERTAINTY_MEASURE_WITH_UNIT (LENGTH_MEASURE( 1.000000000000000082E-05 ), #2221, 'distance_accuracy_value', 'NONE');
#8061 = DIRECTION ( 'NONE',  ( 1.000000000000000000, 0.0000000000000000000, 0.0000000000000000000 ) ) ;
#8062 = STYLED_ITEM ( 'NONE', ( #9449 ), #3914 ) ;
#8063 = ADVANCED_FACE ( 'NONE', ( #5290 ), #5236, .F. ) ;
#8064 = LINE ( 'NONE', #8731, #4436 ) ;
#8065 = CARTESIAN_POINT ( 'NONE',  ( 1.322812623584417979, 1.190099999999999936, -0.3064410560110692461 ) ) ;
#8066 = CARTESIAN_POINT ( 'NONE',  ( -1.176881578146191876, 1.190000000000000391, -0.6682109411272881827 ) ) ;
#8067 = FACE_OUTER_BOUND ( 'NONE', #5478, .T. ) ;
#8068 = CARTESIAN_POINT ( 'NONE',  ( -0.6330385254632454606, 1.190000000000000613, -0.6625465627585549466 ) ) ;
#8069 = CARTESIAN_POINT ( 'NONE',  ( -1.207640252426032124, 1.189999999999999947, -0.3571113558545006006 ) ) ;
#8070 = CARTESIAN_POINT ( 'NONE',  ( 0.05422287999467438613, 1.190099999999999936, -0.5341654149854282441 ) ) ;
#8071 = VERTEX_POINT ( 'NONE', #8439 ) ;
#8072 = AXIS2_PLACEMENT_3D ( 'NONE', #5994, #9994, #6855 ) ;
#8073 = CARTESIAN_POINT ( 'NONE',  ( 0.4250641127361379223, 1.190000000000000169, -0.6478341311158396509 ) ) ;
#8074 = CARTESIAN_POINT ( 'NONE',  ( -1.060175976753995553, 1.190100000000000158, -0.7027160829320273638 ) ) ;
#8075 = CARTESIAN_POINT ( 'NONE',  ( -1.131674555902761892, 1.190100000000000158, -0.6756718252418385529 ) ) ;
#8076 = DIRECTION ( 'NONE',  ( 0.0000000000000000000, -1.000000000000000000, 1.917831477656419162E-16 ) ) ;
#8077 = EDGE_CURVE ( 'NONE', #9976, #7141, #4521, .T. ) ;
#8078 = EDGE_LOOP ( 'NONE', ( #3816, #6612, #108, #6150 ) ) ;
#8079 = EDGE_CURVE ( 'NONE', #7643, #3722, #1224, .T. ) ;
#8080 = CARTESIAN_POINT ( 'NONE',  ( 1.322812623584417979, 1.190099999999999936, -0.4852070816520949181 ) ) ;
#8081 = VECTOR ( 'NONE', #3769, 1000.000000000000000 ) ;
#8082 = CARTESIAN_POINT ( 'NONE',  ( 0.3734358284557421914, 1.189999999999999725, -0.5773945529688229161 ) ) ;
#8083 = CARTESIAN_POINT ( 'NONE',  ( 0.5785818543536490610, 1.190100000000000158, -0.5292775944726078041 ) ) ;
#8084 = CARTESIAN_POINT ( 'NONE',  ( -0.8863202019264420084, 1.189999999999999947, -0.6594325806803634782 ) ) ;
#8085 = PLANE ( 'NONE',  #5895 ) ;
#8086 = ORIENTED_EDGE ( 'NONE', *, *, #1090, .T. ) ;
#8087 = CARTESIAN_POINT ( 'NONE',  ( 0.3911205426124314544, 1.190000000000000391, -0.5067177846176782463 ) ) ;
#8088 = STYLED_ITEM ( 'NONE', ( #2384 ), #5460 ) ;
#8089 = CARTESIAN_POINT ( 'NONE',  ( 0.3433254440972385857, 1.190099999999999936, -0.4196622098572230786 ) ) ;
#8090 = EDGE_CURVE ( 'NONE', #1528, #9602, #8007, .T. ) ;
#8091 = CARTESIAN_POINT ( 'NONE',  ( 0.9284543405710066200, 1.190099999999999936, 0.002246101707272939348 ) ) ;
#8092 = CARTESIAN_POINT ( 'NONE',  ( -1.105410687017965188, 1.189999999999999947, -0.5524529594905194241 ) ) ;
#8093 = ORIENTED_EDGE ( 'NONE', *, *, #1668, .T. ) ;
#8094 = CIRCLE ( 'NONE', #8424, 0.3750000000000001110 ) ;
#8095 = CARTESIAN_POINT ( 'NONE',  ( 0.02360433342965299539, 1.189999999999999947, -0.3494916981514638032 ) ) ;
#8096 = LINE ( 'NONE', #1258, #4121 ) ;
#8097 = CARTESIAN_POINT ( 'NONE',  ( -1.113367545524613700, 1.190000000000000169, -0.7162294463383382936 ) ) ;
#8098 = DIRECTION ( 'NONE',  ( 1.000000000000000000, -0.0000000000000000000, -0.0000000000000000000 ) ) ;
#8099 = LINE ( 'NONE', #4395, #4586 ) ;
#8100 = CARTESIAN_POINT ( 'NONE',  ( 0.4250641127361379223, 1.190000000000001501, -0.6478341311158396509 ) ) ;
#8101 = ORIENTED_EDGE ( 'NONE', *, *, #4940, .F. ) ;
#8102 = CARTESIAN_POINT ( 'NONE',  ( 1.354095366212032303, 1.190099999999999936, 0.002246101707272939348 ) ) ;
#8103 = ORIENTED_EDGE ( 'NONE', *, *, #2312, .F. ) ;
#8104 = DIRECTION ( 'NONE',  ( 0.0000000000000000000, 1.000000000000000000, 0.0000000000000000000 ) ) ;
#8105 = CARTESIAN_POINT ( 'NONE',  ( -1.043582999853028381, 1.190099999999999936, -0.5284353115396406286 ) ) ;
#8106 = CARTESIAN_POINT ( 'NONE',  ( 0.1559546480824039738, 1.190099999999999492, -0.3374752903484423694 ) ) ;
#8107 = CARTESIAN_POINT ( 'NONE',  ( 1.046403058519724594, 1.189999999999999947, 0.3714768709380422140 ) ) ;
#8108 = ORIENTED_EDGE ( 'NONE', *, *, #6911, .F. ) ;
#8109 = CARTESIAN_POINT ( 'NONE',  ( -0.6585939141672214614, 1.190000000000000391, -0.4972057088031732741 ) ) ;
#8110 = CARTESIAN_POINT ( 'NONE',  ( 0.8790509054778063991, 1.190099999999999714, 0.1138135735011655131 ) ) ;
#8111 = CARTESIAN_POINT ( 'NONE',  ( 0.3913697103490017537, 1.190000000000000169, -0.4355647285541685565 ) ) ;
#8112 = ORIENTED_EDGE ( 'NONE', *, *, #2643, .T. ) ;
#8113 = ADVANCED_FACE ( 'NONE', ( #6319 ), #7814, .T. ) ;
#8114 = ORIENTED_EDGE ( 'NONE', *, *, #9816, .F. ) ;
#8115 = CARTESIAN_POINT ( 'NONE',  ( -0.9901542086667863840, 1.189999999999999503, -0.6085334586711274030 ) ) ;
#8116 =( NAMED_UNIT ( * ) PLANE_ANGLE_UNIT ( ) SI_UNIT ( $, .RADIAN. ) );
#8117 = DIRECTION ( 'NONE',  ( 0.0000000000000000000, 0.1750333347174949372, 0.9845625077859064822 ) ) ;
#8118 = CARTESIAN_POINT ( 'NONE',  ( -0.4900078892360948957, 1.189999999999999947, -0.3679795175495307880 ) ) ;
#8119 = CARTESIAN_POINT ( 'NONE',  ( -1.187736970577296214, 1.190099999999999714, -0.6629997056169542047 ) ) ;
#8120 = CARTESIAN_POINT ( 'NONE',  ( -0.9122758503016114018, 1.190100000000000380, -0.5975055120244913143 ) ) ;
#8121 = CARTESIAN_POINT ( 'NONE',  ( -0.6972003596234208622, 1.190099999999999936, -0.7080966014211549364 ) ) ;
#8122 = DIRECTION ( 'NONE',  ( 0.0000000000000000000, -0.0000000000000000000, 1.000000000000000000 ) ) ;
#8123 = DIRECTION ( 'NONE',  ( 1.000000000000000000, 0.0000000000000000000, -1.355252715606880543E-16 ) ) ;
#8124 = ORIENTED_EDGE ( 'NONE', *, *, #3235, .F. ) ;
#8125 = CARTESIAN_POINT ( 'NONE',  ( -1.077666589383708518, 1.190099999999999714, -0.6652880083560127611 ) ) ;
#8126 = EDGE_CURVE ( 'NONE', #5609, #7045, #6274, .T. ) ;
#8127 = CARTESIAN_POINT ( 'NONE',  ( -1.060175976753995553, 1.189999999999999725, -0.7027160829320273638 ) ) ;
#8128 = CARTESIAN_POINT ( 'NONE',  ( 0.5047036492254438622, 1.190099999999999714, -0.3372102867802999615 ) ) ;
#8129 = DIRECTION ( 'NONE',  ( -0.0000000000000000000, -1.000000000000000000, -0.0000000000000000000 ) ) ;
#8130 = VERTEX_POINT ( 'NONE', #3077 ) ;
#8131 = CARTESIAN_POINT ( 'NONE',  ( 0.6409435221698324137, 1.190099999999999714, -0.4892652693452180235 ) ) ;
#8132 = CARTESIAN_POINT ( 'NONE',  ( 2.999999999999999556, -1.189999999999999725, 0.9499999999999996225 ) ) ;
#8133 = PLANE ( 'NONE',  #4968 ) ;
#8134 = CARTESIAN_POINT ( 'NONE',  ( -0.7614069099474667368, 1.189999999999999947, -0.7165987107225129105 ) ) ;
#8135 = CARTESIAN_POINT ( 'NONE',  ( 0.1752011237843565383, 1.190000000000000391, -0.3403583440995314735 ) ) ;
#8136 = VERTEX_POINT ( 'NONE', #1541 ) ;
#8137 = CARTESIAN_POINT ( 'NONE',  ( 2.987479944133196508, 1.189999999999999947, 0.0000000000000000000 ) ) ;
#8138 = ADVANCED_FACE ( 'NONE', ( #9404 ), #1516, .T. ) ;
#8139 = CARTESIAN_POINT ( 'NONE',  ( -0.9911276554800598770, 1.190099999999999714, -0.3605232344816635681 ) ) ;
#8140 = DIRECTION ( 'NONE',  ( -1.000000000000000000, 0.0000000000000000000, 0.0000000000000000000 ) ) ;
#8141 = LINE ( 'NONE', #1049, #8032 ) ;
#8142 = ORIENTED_EDGE ( 'NONE', *, *, #8513, .T. ) ;
#8143 = DIRECTION ( 'NONE',  ( 0.0000000000000000000, 0.0000000000000000000, -1.000000000000000000 ) ) ;
#8144 = CARTESIAN_POINT ( 'NONE',  ( -0.4515463507745564042, 1.189999999999999725, -0.3346461842161975175 ) ) ;
#8145 = DIRECTION ( 'NONE',  ( 0.0000000000000000000, 0.0000000000000000000, -1.000000000000000000 ) ) ;
#8146 = CARTESIAN_POINT ( 'NONE',  ( -0.7050719918001974174, 1.189999999999999947, -0.4518737483187615367 ) ) ;
#8147 = CARTESIAN_POINT ( 'NONE',  ( 0.0000000000000000000, -1.189999999999999947, -1.235659872050660857 ) ) ;
#8148 = EDGE_CURVE ( 'NONE', #5665, #7556, #2512, .T. ) ;
#8149 = ADVANCED_FACE ( 'NONE', ( #3998 ), #7131, .T. ) ;
#8150 = CARTESIAN_POINT ( 'NONE',  ( -0.9247628703680533802, 1.190099999999999936, 0.3612204606816319385 ) ) ;
#8151 = CARTESIAN_POINT ( 'NONE',  ( 0.4100596617502464958, 1.190000000000001279, -0.6155829880724823511 ) ) ;
#8152 = ORIENTED_EDGE ( 'NONE', *, *, #943, .T. ) ;
#8153 = CARTESIAN_POINT ( 'NONE',  ( -0.8331060553994251716, 1.190100000000000158, -0.6515275288827989675 ) ) ;
#8154 = ORIENTED_EDGE ( 'NONE', *, *, #3115, .F. ) ;
#8155 = DIRECTION ( 'NONE',  ( -1.000000000000000000, 0.0000000000000000000, 0.0000000000000000000 ) ) ;
#8156 = CARTESIAN_POINT ( 'NONE',  ( -0.4516896206374790834, 1.190100000000000158, -0.3324403937215252847 ) ) ;
#8157 = LINE ( 'NONE', #5833, #7219 ) ;
#8158 = EDGE_LOOP ( 'NONE', ( #8191, #3626, #6539, #4090 ) ) ;
#8159 = CARTESIAN_POINT ( 'NONE',  ( -3.999999999999999112, 0.05000000000000000278, 1.600000000000000089 ) ) ;
#8160 = CARTESIAN_POINT ( 'NONE',  ( 0.3734358284557421914, 1.190099999999999714, -0.5773945529688229161 ) ) ;
#8161 = EDGE_LOOP ( 'NONE', ( #1780, #2338, #3614, #7791 ) ) ;
#8162 = ORIENTED_EDGE ( 'NONE', *, *, #6256, .F. ) ;
#8163 = EDGE_LOOP ( 'NONE', ( #5017, #6130, #890, #4699 ) ) ;
#8164 = CARTESIAN_POINT ( 'NONE',  ( -0.9934163628436019078, 1.190099999999999936, -0.5881029146794161111 ) ) ;
#8165 = SURFACE_STYLE_USAGE ( .BOTH. , #8219 ) ;
#8166 = CARTESIAN_POINT ( 'NONE',  ( -1.155433634934331266, 1.189999999999999947, -0.3384629325280495427 ) ) ;
#8167 = CARTESIAN_POINT ( 'NONE',  ( -0.4627516981109017769, 1.189999999999999725, -0.3584735619109059579 ) ) ;
#8168 = CARTESIAN_POINT ( 'NONE',  ( -1.222195887001499726, 1.190099999999999936, -0.6295915166413551534 ) ) ;
#8169 = CARTESIAN_POINT ( 'NONE',  ( -1.071020122567647004, 1.190099999999999714, -0.4934191861689299352 ) ) ;
#8170 = CARTESIAN_POINT ( 'NONE',  ( -0.7403681004815790834, 1.189999999999999947, -0.7163873105033371491 ) ) ;
#8171 = CARTESIAN_POINT ( 'NONE',  ( 0.5436033047979231814, 1.190099999999999714, -0.7135098243621745828 ) ) ;
#8172 = CARTESIAN_POINT ( 'NONE',  ( 0.3690298922061910347, 1.190100000000000380, -0.4877314324904459264 ) ) ;
#8173 = ORIENTED_EDGE ( 'NONE', *, *, #4613, .T. ) ;
#8174 = FACE_OUTER_BOUND ( 'NONE', #6690, .T. ) ;
#8175 = CARTESIAN_POINT ( 'NONE',  ( -0.9900078892360949512, 1.190099999999999936, -0.6127711842161974731 ) ) ;
#8176 = CARTESIAN_POINT ( 'NONE',  ( -1.128307275691387890, 1.190100000000000158, -0.6756062978093672067 ) ) ;
#8177 = CARTESIAN_POINT ( 'NONE',  ( -1.133998273851479555, 1.189999999999999947, -0.2961846457546589706 ) ) ;
#8178 = ORIENTED_EDGE ( 'NONE', *, *, #2527, .F. ) ;
#8179 = CARTESIAN_POINT ( 'NONE',  ( 0.5824445178648706145, 1.190100000000000158, -0.5275773212699792492 ) ) ;
#8180 = CARTESIAN_POINT ( 'NONE',  ( -0.0002642994925050514560, 1.189999999999999947, -0.4179795175495307769 ) ) ;
#8181 = ADVANCED_FACE ( 'NONE', ( #4866 ), #8582, .T. ) ;
#8182 = CARTESIAN_POINT ( 'NONE',  ( 0.06232464442246201525, 1.189999999999999947, -0.3724966549527698456 ) ) ;
#8183 = CARTESIAN_POINT ( 'NONE',  ( 0.2457966076730416505, 1.190099999999999936, -0.4192678651422026004 ) ) ;
#8184 = AXIS2_PLACEMENT_3D ( 'NONE', #4670, #8676, #4619 ) ;
#8185 = CARTESIAN_POINT ( 'NONE',  ( 0.08256001695899783943, 1.189999999999999947, -0.3549155400861765397 ) ) ;
#8186 = ORIENTED_EDGE ( 'NONE', *, *, #346, .F. ) ;
#8187 = VECTOR ( 'NONE', #441, 1000.000000000000114 ) ;
#8188 = CARTESIAN_POINT ( 'NONE',  ( 0.3433829793305241407, 1.190000000000000169, -0.4224700221593540306 ) ) ;
#8189 = CARTESIAN_POINT ( 'NONE',  ( -0.9694950687232744002, 1.190000000000001057, -0.4252711842161974176 ) ) ;
#8190 = CARTESIAN_POINT ( 'NONE',  ( 2.999999999999999556, -1.230654267715320271, -1.800000000000000044 ) ) ;
#8191 = ORIENTED_EDGE ( 'NONE', *, *, #2223, .F. ) ;
#8192 = CARTESIAN_POINT ( 'NONE',  ( -2.999999999999999556, 0.0000000000000000000, 1.899999999999999911 ) ) ;
#8193 = EDGE_CURVE ( 'NONE', #7980, #2098, #7448, .T. ) ;
#8194 = PLANE ( 'NONE',  #5257 ) ;
#8195 = CARTESIAN_POINT ( 'NONE',  ( -1.248140972683186467, 1.190100000000000158, -0.3339086446713214751 ) ) ;
#8196 = VECTOR ( 'NONE', #3825, 1000.000000000000000 ) ;
#8197 = CARTESIAN_POINT ( 'NONE',  ( 1.548453649225443707, 1.190099999999999936, -0.3064410560110692461 ) ) ;
#8198 = DIRECTION ( 'NONE',  ( 1.000000000000000000, 0.0000000000000000000, -5.421010862427527100E-16 ) ) ;
#8199 = CARTESIAN_POINT ( 'NONE',  ( 4.000000000000000888, -0.05000000000000000278, 1.599999999999998979 ) ) ;
#8200 = ORIENTED_EDGE ( 'NONE', *, *, #6568, .T. ) ;
#8201 = FACE_OUTER_BOUND ( 'NONE', #7066, .T. ) ;
#8202 = AXIS2_PLACEMENT_3D ( 'NONE', #7177, #8784, #4042 ) ;
#8203 = DIRECTION ( 'NONE',  ( 0.0000000000000000000, 0.0000000000000000000, -1.000000000000000000 ) ) ;
#8204 = ORIENTED_EDGE ( 'NONE', *, *, #9402, .F. ) ;
#8205 = EDGE_CURVE ( 'NONE', #1684, #3061, #192, .T. ) ;
#8206 = EDGE_CURVE ( 'NONE', #6161, #5474, #350, .T. ) ;
#8207 = CARTESIAN_POINT ( 'NONE',  ( 0.5937279380311932808, 1.189999999999999947, -0.6363957762049615718 ) ) ;
#8208 = AXIS2_PLACEMENT_3D ( 'NONE', #2846, #1297, #7567 ) ;
#8209 = LINE ( 'NONE', #2598, #2347 ) ;
#8210 = DIRECTION ( 'NONE',  ( 0.0000000000000000000, 0.0000000000000000000, 1.000000000000000000 ) ) ;
#8211 = ORIENTED_EDGE ( 'NONE', *, *, #7310, .T. ) ;
#8212 = DIRECTION ( 'NONE',  ( 0.4560907909103987246, 0.0000000000000000000, -0.8899332505568756657 ) ) ;
#8213 = CARTESIAN_POINT ( 'NONE',  ( 0.3678603385574320539, 1.190100000000000158, -0.5891943166396893528 ) ) ;
#8214 = CARTESIAN_POINT ( 'NONE',  ( 0.9284543405710066200, 1.189999999999999947, 0.002246101707272939348 ) ) ;
#8215 = VECTOR ( 'NONE', #9049, 1000.000000000000114 ) ;
#8216 = ORIENTED_EDGE ( 'NONE', *, *, #6688, .F. ) ;
#8217 = ORIENTED_EDGE ( 'NONE', *, *, #1531, .F. ) ;
#8218 = CARTESIAN_POINT ( 'NONE',  ( -0.7328068049943283757, 1.190099999999999936, -0.4835000761845493211 ) ) ;
#8219 = SURFACE_SIDE_STYLE ('',( #5020 ) ) ;
#8220 = PRESENTATION_LAYER_ASSIGNMENT (  '', '', ( #4451 ) ) ;
#8221 = CARTESIAN_POINT ( 'NONE',  ( -0.5222183645309954603, 1.189999999999999725, -0.3534152615014673482 ) ) ;
#8222 = PLANE ( 'NONE',  #9243 ) ;
#8223 = CARTESIAN_POINT ( 'NONE',  ( -1.031154697575583867, 1.190100000000000158, -0.4644914624280137572 ) ) ;
#8224 = CARTESIAN_POINT ( 'NONE',  ( -0.6106507845035095139, 1.190099999999999936, -0.6006511552994030501 ) ) ;
#8225 = CARTESIAN_POINT ( 'NONE',  ( 0.6415677443635793287, 1.189999999999999725, -0.6393390661576693335 ) ) ;
#8226 = DIRECTION ( 'NONE',  ( 0.0000000000000000000, 0.0000000000000000000, -1.000000000000000000 ) ) ;
#8227 = ORIENTED_EDGE ( 'NONE', *, *, #8286, .F. ) ;
#8228 = CARTESIAN_POINT ( 'NONE',  ( 0.4590734458146898400, 1.189999999999999947, -0.6685546236907158324 ) ) ;
#8229 = CARTESIAN_POINT ( 'NONE',  ( -1.000186705507398965, 1.190099999999999936, -0.6517306100063039453 ) ) ;
#8230 = AXIS2_PLACEMENT_3D ( 'NONE', #8756, #15, #3156 ) ;
#8231 = LINE ( 'NONE', #5804, #4066 ) ;
#8232 = ADVANCED_FACE ( 'NONE', ( #1845 ), #6676, .F. ) ;
#8233 = CARTESIAN_POINT ( 'NONE',  ( -1.292571991800197440, 1.189999999999999947, -0.4141333637033769444 ) ) ;
#8234 = ORIENTED_EDGE ( 'NONE', *, *, #7129, .T. ) ;
#8235 = CARTESIAN_POINT ( 'NONE',  ( 0.02329737032250595724, 1.190099999999999492, -0.4912543473574838004 ) ) ;
#8236 = CARTESIAN_POINT ( 'NONE',  ( -0.3493828892360948957, 1.190099999999999936, -0.3134122098572230675 ) ) ;
#8237 = CARTESIAN_POINT ( 'NONE',  ( 0.09879006282213263768, 1.190000000000000613, -0.3461254368744294263 ) ) ;
#8238 = CARTESIAN_POINT ( 'NONE',  ( -1.023014328424181274, 1.190100000000000158, -0.5465318481940610873 ) ) ;
#8239 = VECTOR ( 'NONE', #9938, 1000.000000000000000 ) ;
#8240 = CARTESIAN_POINT ( 'NONE',  ( 0.5071876235844181569, 1.189999999999999725, -0.7166974662674795438 ) ) ;
#8241 = ORIENTED_EDGE ( 'NONE', *, *, #9465, .F. ) ;
#8242 = CARTESIAN_POINT ( 'NONE',  ( 0.4991673307991235653, 1.190000000000000169, -0.3373148211135071350 ) ) ;
#8243 = CARTESIAN_POINT ( 'NONE',  ( -1.041147655031933184, 1.190000000000000835, -0.3172585571006329430 ) ) ;
#8244 = EDGE_CURVE ( 'NONE', #6409, #3839, #1789, .T. ) ;
#8245 = STYLED_ITEM ( 'NONE', ( #10052 ), #5050 ) ;
#8246 = CARTESIAN_POINT ( 'NONE',  ( 0.4262614198950580024, 1.189999999999999503, -0.5781861563196674103 ) ) ;
#8247 = VERTEX_POINT ( 'NONE', #9705 ) ;
#8248 = LINE ( 'NONE', #75, #3285 ) ;
#8249 = CARTESIAN_POINT ( 'NONE',  ( -0.6639327179482622521, 1.189999999999999503, -0.6255737616538237233 ) ) ;
#8250 = LINE ( 'NONE', #269, #6595 ) ;
#8251 = VECTOR ( 'NONE', #10080, 1000.000000000000000 ) ;
#8252 = CARTESIAN_POINT ( 'NONE',  ( 0.7959309925340308789, 1.190099999999999492, 0.3301641629784063947 ) ) ;
#8253 = CARTESIAN_POINT ( 'NONE',  ( -1.275978817471836724, 1.190100000000000158, -0.6181657072732910096 ) ) ;
#8254 = CARTESIAN_POINT ( 'NONE',  ( 0.9077189647078038881, 1.190100000000000158, 0.2195197747142208222 ) ) ;
#8255 = EDGE_CURVE ( 'NONE', #3860, #7480, #2667, .T. ) ;
#8256 = VERTEX_POINT ( 'NONE', #6629 ) ;
#8257 = CARTESIAN_POINT ( 'NONE',  ( 2.499999999999999556, -0.04999999999999932276, -1.749999999999999556 ) ) ;
#8258 = CARTESIAN_POINT ( 'NONE',  ( 0.5296815683778778316, 1.189999999999999725, -0.3386494039219682950 ) ) ;
#8259 = EDGE_LOOP ( 'NONE', ( #590, #7239, #6673, #6024 ) ) ;
#8260 = AXIS2_PLACEMENT_3D ( 'NONE', #7977, #10130, #3094 ) ;
#8261 = CARTESIAN_POINT ( 'NONE',  ( 0.2456168853368248806, 1.189999999999999947, -0.4085227238269971139 ) ) ;
#8262 = LINE ( 'NONE', #5883, #3459 ) ;
#8263 = EDGE_LOOP ( 'NONE', ( #9820, #3195, #1920, #9398 ) ) ;
#8264 = DIRECTION ( 'NONE',  ( 0.0000000000000000000, -7.744301232039320687E-18, 1.000000000000000000 ) ) ;
#8265 = CARTESIAN_POINT ( 'NONE',  ( 0.7754656717933818832, 1.190099999999999936, 0.3255410100876084956 ) ) ;
#8266 = CARTESIAN_POINT ( 'NONE',  ( -2.499999999999999556, -1.279882393104615934, -1.741248333264124426 ) ) ;
#8267 = ORIENTED_EDGE ( 'NONE', *, *, #7629, .T. ) ;
#8268 = VECTOR ( 'NONE', #2342, 1000.000000000000000 ) ;
#8269 = EDGE_CURVE ( 'NONE', #1895, #239, #2717, .T. ) ;
#8270 = ORIENTED_EDGE ( 'NONE', *, *, #4184, .T. ) ;
#8271 = ORIENTED_EDGE ( 'NONE', *, *, #8269, .T. ) ;
#8272 = CARTESIAN_POINT ( 'NONE',  ( 0.7007976618335145513, 1.190000000000001279, 0.3139186606770915655 ) ) ;
#8273 = UNCERTAINTY_MEASURE_WITH_UNIT (LENGTH_MEASURE( 1.000000000000000082E-05 ), #1473, 'distance_accuracy_value', 'NONE');
#8274 = CARTESIAN_POINT ( 'NONE',  ( -1.194073279560498912, 1.189999999999999503, -0.3492525214129419964 ) ) ;
#8275 = CARTESIAN_POINT ( 'NONE',  ( -0.5048218115138691786, 1.189999999999999725, -0.3657954412881435635 ) ) ;
#8276 = FACE_OUTER_BOUND ( 'NONE', #5910, .T. ) ;
#8277 = CARTESIAN_POINT ( 'NONE',  ( -1.106617631481241482, 1.190000000000001501, -0.5022270468172704838 ) ) ;
#8278 = VERTEX_POINT ( 'NONE', #4464 ) ;
#8279 = CARTESIAN_POINT ( 'NONE',  ( -0.6105207097489153689, 1.190099999999999936, -0.5966654149854283551 ) ) ;
#8280 = CARTESIAN_POINT ( 'NONE',  ( 0.8312069327891923320, 1.189999999999999725, 0.09996877132909863517 ) ) ;
#8281 = CARTESIAN_POINT ( 'NONE',  ( 0.2767996851198925579, 1.190100000000000602, -0.4752814181790932513 ) ) ;
#8282 = B_SPLINE_CURVE_WITH_KNOTS ( 'NONE', 3,
 ( #6955, #4446, #9118, #7582, #9328, #2085, #1512, #7678, #683, #483, #5399, #2857, #585, #3718, #5207, #7523, #9891, #8348, #1310, #6848, #3620, #539, #10089, #6807, #2133, #1456, #6762 ),
 .UNSPECIFIED., .F., .F.,
 ( 4, 1, 1, 1, 1, 1, 1, 1, 1, 1, 1, 1, 1, 1, 1, 1, 1, 1, 1, 1, 1, 1, 1, 1, 4 ),
 ( 0.0000000000000000000, 0.03626926531809222809, 0.07244643477439456636, 0.1087304794102334771, 0.1450981600647654191, 0.1823462751057223219, 0.2200268936391484853, 0.2585161911868015805, 0.2986288867812849634, 0.3390153923502609579, 0.3791503583428297297, 0.4196664592160725404, 0.4600632887225872270, 0.5012082170982568030, 0.5431433218561908527, 0.5856568691771387725, 0.6293465994716789247, 0.6734488902650219710, 0.7180988898356421846, 0.7633308067526595186, 0.8089691753359751214, 0.8552182522384599306, 0.9025268584505481417, 0.9506296574353723106, 1.000000000000000000 ),
 .UNSPECIFIED. ) ;
#8283 = ORIENTED_EDGE ( 'NONE', *, *, #4754, .T. ) ;
#8284 = EDGE_CURVE ( 'NONE', #7980, #6204, #10003, .T. ) ;
#8285 = CARTESIAN_POINT ( 'NONE',  ( -0.7560335302617359199, 1.189999999999999947, -0.7166974662674795438 ) ) ;
#8286 = EDGE_CURVE ( 'NONE', #438, #3070, #9293, .T. ) ;
#8287 = FACE_OUTER_BOUND ( 'NONE', #8078, .T. ) ;
#8288 = DIRECTION ( 'NONE',  ( -1.000000000000000000, -0.0000000000000000000, -0.0000000000000000000 ) ) ;
#8289 = VERTEX_POINT ( 'NONE', #9188 ) ;
#8290 = CARTESIAN_POINT ( 'NONE',  ( 0.6511785587512202156, 1.190100000000000158, -0.4760398796458437110 ) ) ;
#8291 = LINE ( 'NONE', #8332, #6245 ) ;
#8292 = CARTESIAN_POINT ( 'NONE',  ( 0.6196015379796745437, 1.190099999999999936, -0.5547541457996657543 ) ) ;
#8293 = CARTESIAN_POINT ( 'NONE',  ( 0.1753209840111763229, 1.190099999999999936, -0.4930166942298093713 ) ) ;
#8294 = CARTESIAN_POINT ( 'NONE',  ( -0.5284694276976332761, 1.190099999999999936, -0.3346461842161974620 ) ) ;
#8295 = ORIENTED_EDGE ( 'NONE', *, *, #4440, .F. ) ;
#8296 = LINE ( 'NONE', #9671, #7097 ) ;
#8297 = CARTESIAN_POINT ( 'NONE',  ( -0.9696556060882842720, 1.190099999999999714, -0.4168538619364728359 ) ) ;
#8298 = CARTESIAN_POINT ( 'NONE',  ( 0.6332936362502515903, 1.189999999999999947, -0.3430844150254329095 ) ) ;
#8299 = ORIENTED_EDGE ( 'NONE', *, *, #3431, .F. ) ;
#8300 = PLANE ( 'NONE',  #5908 ) ;
#8301 = CARTESIAN_POINT ( 'NONE',  ( -1.048581607184812858, 1.189999999999999947, -0.5304795175495307102 ) ) ;
#8302 = ORIENTED_EDGE ( 'NONE', *, *, #3644, .T. ) ;
#8303 = CARTESIAN_POINT ( 'NONE',  ( -2.499999999999999556, 0.05000000000000066891, 2.904112962014783776E-19 ) ) ;
#8304 = DIRECTION ( 'NONE',  ( 0.0000000000000000000, -1.000000000000000000, 1.917831477656419162E-16 ) ) ;
#8305 = CARTESIAN_POINT ( 'NONE',  ( 2.999999999999999556, -0.1000000000000004358, 1.750000000000000000 ) ) ;
#8306 = PLANE ( 'NONE',  #7213 ) ;
#8307 = CARTESIAN_POINT ( 'NONE',  ( -1.102745087174168193, 1.189999999999999947, -0.6731421416211060826 ) ) ;
#8308 = ORIENTED_EDGE ( 'NONE', *, *, #1670, .T. ) ;
#8309 = LINE ( 'NONE', #6713, #5702 ) ;
#8310 = EDGE_CURVE ( 'NONE', #9534, #3343, #10159, .T. ) ;
#8311 = CARTESIAN_POINT ( 'NONE',  ( -1.139075472885905160, 1.190099999999999936, -0.2962844081323280920 ) ) ;
#8312 = DIRECTION ( 'NONE',  ( -0.0000000000000000000, -1.000000000000000000, -0.0000000000000000000 ) ) ;
#8313 = ORIENTED_EDGE ( 'NONE', *, *, #2798, .T. ) ;
#8314 = CARTESIAN_POINT ( 'NONE',  ( -0.4900078892360948957, 1.190099999999999936, -0.3679795175495307880 ) ) ;
#8315 = FACE_OUTER_BOUND ( 'NONE', #1869, .T. ) ;
#8316 =( LENGTH_UNIT ( ) NAMED_UNIT ( * ) SI_UNIT ( .MILLI., .METRE. ) );
#8317 = ORIENTED_EDGE ( 'NONE', *, *, #2484, .F. ) ;
#8318 = CARTESIAN_POINT ( 'NONE',  ( -1.012899163381989931, 1.189999999999999503, -0.5559099014659668603 ) ) ;
#8319 = DIRECTION ( 'NONE',  ( 0.0000000000000000000, 0.1750333347174949372, 0.9845625077859064822 ) ) ;
#8320 = CARTESIAN_POINT ( 'NONE',  ( 0.2625137993602382758, 1.190099999999999936, -0.3433850968164766648 ) ) ;
#8321 = CARTESIAN_POINT ( 'NONE',  ( -0.7898019178420069286, 1.189999999999999947, -0.6723643791182566387 ) ) ;
#8322 = EDGE_CURVE ( 'NONE', #215, #7828, #5955, .T. ) ;
#8323 = LINE ( 'NONE', #1281, #374 ) ;
#8324 = CARTESIAN_POINT ( 'NONE',  ( 0.4100869447915367338, 1.190099999999999936, -0.6114010717127114081 ) ) ;
#8325 = DIRECTION ( 'NONE',  ( 0.0000000000000000000, 0.0000000000000000000, 1.000000000000000000 ) ) ;
#8326 = CARTESIAN_POINT ( 'NONE',  ( 0.9417798243983067641, 1.189999999999999947, 0.2032510338552387663 ) ) ;
#8327 = CARTESIAN_POINT ( 'NONE',  ( 0.2897664951348604134, 1.190100000000000158, -0.4427093971527185645 ) ) ;
#8328 = CARTESIAN_POINT ( 'NONE',  ( 0.6389354098107470348, 1.189999999999999947, -0.3489635141451460365 ) ) ;
#8329 = CARTESIAN_POINT ( 'NONE',  ( 0.4673156200527329163, 1.190100000000000158, -0.6712580407197632493 ) ) ;
#8330 = LINE ( 'NONE', #1289, #6381 ) ;
#8331 = DIRECTION ( 'NONE',  ( 0.6218821436015872228, -0.0000000000000000000, 0.7831108474982930723 ) ) ;
#8332 = CARTESIAN_POINT ( 'NONE',  ( 0.1997357005074950342, 1.189999999999999947, -0.7166974662674795438 ) ) ;
#8333 = EDGE_CURVE ( 'NONE', #2292, #3335, #3786, .T. ) ;
#8334 = LINE ( 'NONE', #9105, #8432 ) ;
#8335 = DIRECTION ( 'NONE',  ( 0.0000000000000000000, 1.000000000000000000, 0.0000000000000000000 ) ) ;
#8336 = EDGE_CURVE ( 'NONE', #7246, #3348, #6727, .T. ) ;
#8337 = CARTESIAN_POINT ( 'NONE',  ( -0.5283311944536215332, 1.190099999999999936, -0.3369061383883268923 ) ) ;
#8338 = ORIENTED_EDGE ( 'NONE', *, *, #915, .F. ) ;
#8339 = CARTESIAN_POINT ( 'NONE',  ( 0.9076566540449871878, 1.190000000000000835, 0.2395447639212312518 ) ) ;
#8340 = B_SPLINE_CURVE_WITH_KNOTS ( 'NONE', 3,
 ( #1744, #1126, #293, #973, #8786, #1952, #7336, #8885, #4098, #3492, #1849, #7235, #6523, #2719, #1072, #4870, #5844, #1902, #9653 ),
 .UNSPECIFIED., .F., .F.,
 ( 4, 1, 1, 1, 1, 1, 1, 1, 1, 1, 1, 1, 1, 1, 1, 1, 4 ),
 ( 0.0000000000000000000, 0.07554396835634026586, 0.1480525798285250716, 0.2172230472500465137, 0.2845778397014352978, 0.3497896569535852707, 0.4140797655511749276, 0.4775402308613226898, 0.5412579114512499068, 0.6038185100294689578, 0.6635800461115809457, 0.7211192641074530840, 0.7772645163935689716, 0.8323510444172664835, 0.8875021962795346386, 0.9431049193542937470, 1.000000000000000000 ),
 .UNSPECIFIED. ) ;
#8341 = CARTESIAN_POINT ( 'NONE',  ( 0.6189995872264515420, 1.190099999999999936, -0.3295273782261536888 ) ) ;
#8342 = ORIENTED_EDGE ( 'NONE', *, *, #6989, .F. ) ;
#8343 = CARTESIAN_POINT ( 'NONE',  ( 0.6332936362502515903, 1.190099999999999936, -0.3430844150254329095 ) ) ;
#8344 = VERTEX_POINT ( 'NONE', #4511 ) ;
#8345 = DIRECTION ( 'NONE',  ( -0.0000000000000000000, -1.000000000000000000, -0.0000000000000000000 ) ) ;
#8346 = CARTESIAN_POINT ( 'NONE',  ( -0.4874339144475267616, 1.190099999999999936, -0.3678506320580767208 ) ) ;
#8347 = CARTESIAN_POINT ( 'NONE',  ( -0.6732390761205661045, 1.189999999999999725, -0.6393452000924485512 ) ) ;
#8348 = CARTESIAN_POINT ( 'NONE',  ( -1.050259605638594662, 1.190100000000000380, -0.3129201241279265244 ) ) ;
#8349 = LINE ( 'NONE', #3675, #2174 ) ;
#8350 = CARTESIAN_POINT ( 'NONE',  ( -1.204003945800167674, 1.189999999999999947, -0.7018483676437379248 ) ) ;
#8351 = VECTOR ( 'NONE', #7387, 1000.000000000000000 ) ;
#8352 = CARTESIAN_POINT ( 'NONE',  ( 0.0000000000000000000, 1.189999999999999947, 0.0000000000000000000 ) ) ;
#8353 =( GEOMETRIC_REPRESENTATION_CONTEXT ( 3 ) GLOBAL_UNCERTAINTY_ASSIGNED_CONTEXT ( ( #9089 ) ) GLOBAL_UNIT_ASSIGNED_CONTEXT ( ( #173, #9531, #5511 ) ) REPRESENTATION_CONTEXT ( 'NONE', 'WORKASPACE' ) );
#8354 = LINE ( 'NONE', #1317, #484 ) ;
#8355 = PRESENTATION_LAYER_ASSIGNMENT (  '', '', ( #3261 ) ) ;
#8356 = CARTESIAN_POINT ( 'NONE',  ( 0.2458895466613412462, 1.190000000000000169, -0.4165372098572231452 ) ) ;
#8357 = CARTESIAN_POINT ( 'NONE',  ( 0.3678603385574320539, 1.190100000000000158, -0.5891943166396893528 ) ) ;
#8358 = ORIENTED_EDGE ( 'NONE', *, *, #4659, .T. ) ;
#8359 = PLANE ( 'NONE',  #8863 ) ;
#8360 = CARTESIAN_POINT ( 'NONE',  ( -0.3079566071848127140, 1.190099999999999936, -0.2961846457546589706 ) ) ;
#8361 = DIRECTION ( 'NONE',  ( -1.000000000000000000, -0.0000000000000000000, -0.0000000000000000000 ) ) ;
#8362 = AXIS2_PLACEMENT_3D ( 'NONE', #2056, #2249, #9090 ) ;
#8363 = VERTEX_POINT ( 'NONE', #6822 ) ;
#8364 = CARTESIAN_POINT ( 'NONE',  ( -1.043960901324202606, 1.189999999999999725, -0.5330347842334665076 ) ) ;
#8365 = EDGE_CURVE ( 'NONE', #3741, #9424, #5071, .T. ) ;
#8366 = UNCERTAINTY_MEASURE_WITH_UNIT (LENGTH_MEASURE( 1.000000000000000082E-05 ), #2953, 'distance_accuracy_value', 'NONE');
#8367 = CARTESIAN_POINT ( 'NONE',  ( -2.999999999999999556, 0.05000000000000066891, 2.904112962014783776E-19 ) ) ;
#8368 = EDGE_LOOP ( 'NONE', ( #4515, #638, #6862, #6304, #1703, #2725 ) ) ;
#8369 = CARTESIAN_POINT ( 'NONE',  ( -1.202476441576370014, 1.190100000000000158, -0.3536145201856716325 ) ) ;
#8370 = PLANE ( 'NONE',  #4453 ) ;
#8371 = DIRECTION ( 'NONE',  ( 0.8703597148539594652, 0.0000000000000000000, 0.4924164566292787981 ) ) ;
#8372 = CARTESIAN_POINT ( 'NONE',  ( 0.4099921107639052931, 1.190099999999999936, -0.6134923380623513722 ) ) ;
#8373 = STYLED_ITEM ( 'NONE', ( #2457 ), #9493 ) ;
#8374 = CARTESIAN_POINT ( 'NONE',  ( 0.5996519820082755192, 1.190099999999999936, -0.6161947936326531705 ) ) ;
#8375 = CARTESIAN_POINT ( 'NONE',  ( 0.6059276022707000831, 1.189999999999999947, -0.6861346390614432300 ) ) ;
#8376 = CARTESIAN_POINT ( 'NONE',  ( 0.1840929927191701510, 1.190000000000000613, -0.5352382615115438558 ) ) ;
#8377 = ORIENTED_EDGE ( 'NONE', *, *, #8503, .T. ) ;
#8378 = CARTESIAN_POINT ( 'NONE',  ( 0.6575533164242125528, 1.189999999999999725, -0.3786627693766477787 ) ) ;
#8379 = FACE_OUTER_BOUND ( 'NONE', #8158, .T. ) ;
#8380 = CARTESIAN_POINT ( 'NONE',  ( 0.2458895466613412462, 1.190000000000000169, -0.4165372098572231452 ) ) ;
#8381 = ADVANCED_FACE ( 'NONE', ( #5222 ), #5275, .T. ) ;
#8382 =( GEOMETRIC_REPRESENTATION_CONTEXT ( 3 ) GLOBAL_UNCERTAINTY_ASSIGNED_CONTEXT ( ( #5075 ) ) GLOBAL_UNIT_ASSIGNED_CONTEXT ( ( #6171, #8532, #2408 ) ) REPRESENTATION_CONTEXT ( 'NONE', 'WORKASPACE' ) );
#8383 = DIRECTION ( 'NONE',  ( 0.0000000000000000000, 0.0000000000000000000, -1.000000000000000000 ) ) ;
#8384 = VECTOR ( 'NONE', #8820, 1000.000000000000000 ) ;
#8385 = B_SPLINE_CURVE_WITH_KNOTS ( 'NONE', 3,
 ( #3819, #6953, #5648, #3249, #8697, #889, #6385, #2478, #4885, #311, #4990 ),
 .UNSPECIFIED., .F., .F.,
 ( 4, 1, 1, 1, 1, 1, 1, 1, 4 ),
 ( 0.0000000000000000000, 0.1367834978174950200, 0.2659325518083328621, 0.3942594159361104689, 0.5235021014428653530, 0.6500730391295258537, 0.7674710515357786589, 0.8828684792334886566, 1.000000000000000000 ),
 .UNSPECIFIED. ) ;
#8386 = CARTESIAN_POINT ( 'NONE',  ( 2.999999999999999556, -1.039055794130319565, -0.1847210300676126182 ) ) ;
#8387 = COLOUR_RGB ( '',0.2509803921568627416, 0.2509803921568627416, 0.2509803921568627416 ) ;
#8388 = CARTESIAN_POINT ( 'NONE',  ( 0.8674739003959843764, 1.190099999999999492, 0.1543508223232409049 ) ) ;
#8389 = CARTESIAN_POINT ( 'NONE',  ( 0.8224242588091774664, 1.190099999999999714, 0.09977867750827210114 ) ) ;
#8390 =( NAMED_UNIT ( * ) PLANE_ANGLE_UNIT ( ) SI_UNIT ( $, .RADIAN. ) );
#8391 = CARTESIAN_POINT ( 'NONE',  ( 0.8068876278999137508, 1.189999999999999947, 0.09998917562264170167 ) ) ;
#8392 = VERTEX_POINT ( 'NONE', #7650 ) ;
#8393 = MECHANICAL_DESIGN_GEOMETRIC_PRESENTATION_REPRESENTATION (  '', ( #4451 ), #166 ) ;
#8394 = VECTOR ( 'NONE', #6744, 1000.000000000000000 ) ;
#8395 = CARTESIAN_POINT ( 'NONE',  ( -1.210200196928402638, 1.189999999999999947, -0.3588449021649153803 ) ) ;
#8396 = CARTESIAN_POINT ( 'NONE',  ( 0.07527901853108964758, 1.190100000000000380, -0.4730813839506436969 ) ) ;
#8397 = ORIENTED_EDGE ( 'NONE', *, *, #1368, .F. ) ;
#8398 = EDGE_CURVE ( 'NONE', #4593, #3741, #2152, .T. ) ;
#8399 = EDGE_CURVE ( 'NONE', #9244, #2098, #650, .T. ) ;
#8400 = CARTESIAN_POINT ( 'NONE',  ( 0.6662972318151876294, 1.189999999999999947, -0.4190949145124627240 ) ) ;
#8401 = VERTEX_POINT ( 'NONE', #9955 ) ;
#8402 = VECTOR ( 'NONE', #8038, 1000.000000000000000 ) ;
#8403 = CARTESIAN_POINT ( 'NONE',  ( -0.9976200687232743558, 1.190000000000000169, -0.4963449021649153914 ) ) ;
#8404 = CARTESIAN_POINT ( 'NONE',  ( -0.3079566071848127140, 1.190099999999999936, -0.2961846457546589706 ) ) ;
#8405 = LINE ( 'NONE', #3372, #9892 ) ;
#8406 = CARTESIAN_POINT ( 'NONE',  ( -0.6861116937136214622, 1.189999999999999947, -0.6518846632036205957 ) ) ;
#8407 = CARTESIAN_POINT ( 'NONE',  ( 0.2920433928151873748, 1.189999999999999725, -0.4187006713956846204 ) ) ;
#8408 =( NAMED_UNIT ( * ) PLANE_ANGLE_UNIT ( ) SI_UNIT ( $, .RADIAN. ) );
#8409 = CARTESIAN_POINT ( 'NONE',  ( 0.4026379702226234869, 1.190100000000000158, -0.4592353767407745258 ) ) ;
#8410 = CIRCLE ( 'NONE', #532, 0.1499999999999999667 ) ;
#8411 = CARTESIAN_POINT ( 'NONE',  ( -1.206814152419335429, 1.189999999999999947, 0.3612204606816319385 ) ) ;
#8412 = ADVANCED_FACE ( 'NONE', ( #2918 ), #6779, .T. ) ;
#8413 = EDGE_CURVE ( 'NONE', #5029, #9919, #4428, .T. ) ;
#8414 = ORIENTED_EDGE ( 'NONE', *, *, #7813, .T. ) ;
#8415 =( LENGTH_UNIT ( ) NAMED_UNIT ( * ) SI_UNIT ( .MILLI., .METRE. ) );
#8416 = MECHANICAL_DESIGN_GEOMETRIC_PRESENTATION_REPRESENTATION (  '', ( #8088 ), #10048 ) ;
#8417 = PLANE ( 'NONE',  #3012 ) ;
#8418 = PLANE ( 'NONE',  #8072 ) ;
#8419 = VERTEX_POINT ( 'NONE', #6921 ) ;
#8420 = DIRECTION ( 'NONE',  ( -0.9902680687415702510, -0.1391731009600657432, 5.368253957363179659E-16 ) ) ;
#8421 = CARTESIAN_POINT ( 'NONE',  ( 0.8064190841607502547, 1.190099999999999936, 0.3304512299124011676 ) ) ;
#8422 = CARTESIAN_POINT ( 'NONE',  ( 0.6452674026271149055, 1.189999999999999947, -0.6262522246284688565 ) ) ;
#8423 = ORIENTED_EDGE ( 'NONE', *, *, #2938, .T. ) ;
#8424 = AXIS2_PLACEMENT_3D ( 'NONE', #7377, #8104, #1888 ) ;
#8425 = CARTESIAN_POINT ( 'NONE',  ( 0.6829310867476379165, 1.190000000000001279, 0.2627285806479222052 ) ) ;
#8426 = CARTESIAN_POINT ( 'NONE',  ( 0.0000000000000000000, 1.190099999999999936, 0.0000000000000000000 ) ) ;
#8427 = B_SPLINE_CURVE_WITH_KNOTS ( 'NONE', 3,
 ( #3543, #2058, #5179, #9034, #8221, #401, #5132, #8275, #4413, #6111, #3734 ),
 .UNSPECIFIED., .F., .F.,
 ( 4, 1, 1, 1, 1, 1, 1, 1, 4 ),
 ( 0.0000000000000000000, 0.1197823050614251206, 0.2350138086780077518, 0.3522430204643220431, 0.4776018342326474597, 0.6066586882675665260, 0.7348010377364027068, 0.8634131762041149516, 1.000000000000000000 ),
 .UNSPECIFIED. ) ;
#8428 = CARTESIAN_POINT ( 'NONE',  ( 0.2294842821224619411, 1.190000000000000835, -0.4608940451717325471 ) ) ;
#8429 = CARTESIAN_POINT ( 'NONE',  ( -0.7994083463647843057, 1.190000000000000169, -0.6697543917642030387 ) ) ;
#8430 = CARTESIAN_POINT ( 'NONE',  ( -2.499999999999999556, -1.230654267715320271, -1.800000000000000044 ) ) ;
#8431 = PRESENTATION_STYLE_ASSIGNMENT (( #10062 ) ) ;
#8432 = VECTOR ( 'NONE', #6021, 1000.000000000000000 ) ;
#8433 = CARTESIAN_POINT ( 'NONE',  ( 0.3489032212523394683, 1.190000000000000169, -0.3858692227001389030 ) ) ;
#8434 = CARTESIAN_POINT ( 'NONE',  ( 2.499999999999999556, -1.230654267715320715, -1.749999999999999778 ) ) ;
#8435 = CARTESIAN_POINT ( 'NONE',  ( -1.157800276065258815, 1.190099999999999714, -0.7151559437752549320 ) ) ;
#8436 = EDGE_LOOP ( 'NONE', ( #5773, #6037, #9634, #100 ) ) ;
#8437 = ORIENTED_EDGE ( 'NONE', *, *, #4812, .F. ) ;
#8438 = CARTESIAN_POINT ( 'NONE',  ( 0.1659350915271547988, 1.189999999999999947, -0.4949111743670153163 ) ) ;
#8439 = CARTESIAN_POINT ( 'NONE',  ( -0.9247628703680533802, 1.190099999999999936, 0.3612204606816319385 ) ) ;
#8440 = CARTESIAN_POINT ( 'NONE',  ( 0.6073992887171656418, 1.190099999999999714, -0.4608184050631963236 ) ) ;
#8441 = DIRECTION ( 'NONE',  ( -1.000000000000000000, 0.0000000000000000000, 0.0000000000000000000 ) ) ;
#8442 = CARTESIAN_POINT ( 'NONE',  ( -1.019329475203652358, 1.189999999999999725, -0.4439860433947920848 ) ) ;
#8443 = CARTESIAN_POINT ( 'NONE',  ( 2.999999999999999556, -3.452096659781554788E-16, -1.800000000000000266 ) ) ;
#8444 = CARTESIAN_POINT ( 'NONE',  ( -2.999999999999999556, 0.05000000000000066197, 1.749999999999999334 ) ) ;
#8445 = ADVANCED_FACE ( 'NONE', ( #2205 ), #7693, .F. ) ;
#8446 = CARTESIAN_POINT ( 'NONE',  ( 0.8912442699124422107, 1.190000000000001057, 0.2862081595727845040 ) ) ;
#8447 = CARTESIAN_POINT ( 'NONE',  ( 0.04598466782637811862, 1.190099999999999714, -0.4192672503507026693 ) ) ;
#8448 = ORIENTED_EDGE ( 'NONE', *, *, #4109, .F. ) ;
#8449 = CARTESIAN_POINT ( 'NONE',  ( 0.6643398363590962141, 1.189999999999999725, -0.4001836664070306804 ) ) ;
#8450 = ORIENTED_EDGE ( 'NONE', *, *, #6948, .F. ) ;
#8451 = DIRECTION ( 'NONE',  ( 0.0000000000000000000, 0.0000000000000000000, -1.000000000000000000 ) ) ;
#8452 = CARTESIAN_POINT ( 'NONE',  ( 0.6664023671741616806, 1.190099999999999936, -0.4229474662674794772 ) ) ;
#8453 = B_SPLINE_CURVE_WITH_KNOTS ( 'NONE', 3,
 ( #6928, #1390, #2062, #7657, #7552, #9139, #2107, #511, #6786, #3696, #6828, #5183, #2834, #6871, #8433, #5282, #7610, #7698, #563 ),
 .UNSPECIFIED., .F., .F.,
 ( 4, 1, 1, 1, 1, 1, 1, 1, 1, 1, 1, 1, 1, 1, 1, 1, 4 ),
 ( 0.0000000000000000000, 0.08509588100049550463, 0.1648565428655874576, 0.2404826493441201141, 0.3116570966467389070, 0.3798435065727797100, 0.4452954398499554545, 0.5085967579735578559, 0.5709838827405449013, 0.6316255810541543392, 0.6890224779741618288, 0.7440673439359557495, 0.7968695667721228393, 0.8483349294676487684, 0.8989105256038889546, 0.9492459449450392217, 1.000000000000000000 ),
 .UNSPECIFIED. ) ;
#8454 = CARTESIAN_POINT ( 'NONE',  ( 3.000000000000000000, 0.05000000000000000278, -1.599999999999998757 ) ) ;
#8455 = EDGE_CURVE ( 'NONE', #9766, #7556, #5177, .T. ) ;
#8456 = CARTESIAN_POINT ( 'NONE',  ( -2.499999999999999556, 0.05000000000000000278, -1.599999999999998090 ) ) ;
#8457 = LINE ( 'NONE', #3719, #1514 ) ;
#8458 =( NAMED_UNIT ( * ) SI_UNIT ( $, .STERADIAN. ) SOLID_ANGLE_UNIT ( ) );
#8459 = ORIENTED_EDGE ( 'NONE', *, *, #6378, .F. ) ;
#8460 = DIRECTION ( 'NONE',  ( 0.1378445374916289490, -0.9808148484639891418, 0.1378445374916288935 ) ) ;
#8461 = CARTESIAN_POINT ( 'NONE',  ( -1.227414984482823490, 1.190099999999999936, -0.3189013266635156163 ) ) ;
#8462 = EDGE_CURVE ( 'NONE', #1335, #5665, #5367, .T. ) ;
#8463 = CARTESIAN_POINT ( 'NONE',  ( 0.3909183298205261559, 1.190099999999999714, -0.5557344245816120409 ) ) ;
#8464 = EDGE_CURVE ( 'NONE', #5474, #7109, #3603, .T. ) ;
#8465 = ORIENTED_EDGE ( 'NONE', *, *, #771, .F. ) ;
#8466 = CARTESIAN_POINT ( 'NONE',  ( -0.7050719918001974174, 1.190099999999999936, -0.4518737483187615367 ) ) ;
#8467 = DIRECTION ( 'NONE',  ( -0.0000000000000000000, -1.000000000000000000, -0.0000000000000000000 ) ) ;
#8468 = EDGE_LOOP ( 'NONE', ( #2247, #8152, #4311, #1050 ) ) ;
#8469 = CARTESIAN_POINT ( 'NONE',  ( 0.7810208275728272032, 1.190100000000000158, 0.3696176177539741703 ) ) ;
#8470 = DIRECTION ( 'NONE',  ( 1.000000000000000000, 0.0000000000000000000, 0.0000000000000000000 ) ) ;
#8471 = FACE_OUTER_BOUND ( 'NONE', #786, .T. ) ;
#8472 = DIRECTION ( 'NONE',  ( -0.0000000000000000000, -1.000000000000000000, -0.0000000000000000000 ) ) ;
#8473 = LINE ( 'NONE', #5227, #8745 ) ;
#8474 = FACE_BOUND ( 'NONE', #1290, .T. ) ;
#8475 = EDGE_LOOP ( 'NONE', ( #10034, #4010, #6391, #2940 ) ) ;
#8476 = CARTESIAN_POINT ( 'NONE',  ( 0.5983463920943640213, 1.190099999999999714, -0.6255736184656611742 ) ) ;
#8477 = CARTESIAN_POINT ( 'NONE',  ( 0.7921453198426395836, 1.189999999999999947, 0.1419197386176391518 ) ) ;
#8478 = LINE ( 'NONE', #10013, #2122 ) ;
#8479 = VERTEX_POINT ( 'NONE', #7493 ) ;
#8480 = CARTESIAN_POINT ( 'NONE',  ( 0.03500955156826820319, 1.190099999999999936, -0.3367409615054334227 ) ) ;
#8481 = LINE ( 'NONE', #4423, #3926 ) ;
#8482 = CARTESIAN_POINT ( 'NONE',  ( 0.4100596617502464958, 1.190099999999999936, -0.6155829880724823511 ) ) ;
#8483 = DIRECTION ( 'NONE',  ( 0.0000000000000000000, 0.0000000000000000000, -1.000000000000000000 ) ) ;
#8484 = EDGE_CURVE ( 'NONE', #9536, #698, #3586, .T. ) ;
#8485 = LINE ( 'NONE', #5291, #1332 ) ;
#8486 = CARTESIAN_POINT ( 'NONE',  ( 0.4788554662603382028, 1.190000000000000169, -0.5502259022052031767 ) ) ;
#8487 = CARTESIAN_POINT ( 'NONE',  ( -0.8202162225694281661, 1.189999999999999947, -0.3474666970367104035 ) ) ;
#8488 = CARTESIAN_POINT ( 'NONE',  ( 0.3894792902510847421, 1.190099999999999936, -0.4184602867802999504 ) ) ;
#8489 = ORIENTED_EDGE ( 'NONE', *, *, #2395, .F. ) ;
#8490 = B_SPLINE_SURFACE_WITH_KNOTS ( 'NONE', 3, 1, ( 
 ( #9550, #8826 ),
 ( #9646, #1174 ),
 ( #8218, #2558 ),
 ( #7446, #6572 ),
 ( #5677, #2510 ),
 ( #1788, #4314 ),
 ( #4915, #5630 ),
 ( #191, #4200 ),
 ( #4865, #8781 ),
 ( #7282, #3488 ),
 ( #349, #3381 ),
 ( #1738, #8879 ),
 ( #5789, #2609 ),
 ( #8930, #6628 ),
 ( #1021, #7226 ) ),
 .UNSPECIFIED., .F., .F., .F.,
 ( 4, 1, 1, 1, 1, 1, 1, 1, 1, 1, 1, 1, 4 ),
 ( 2, 2 ),
 ( 0.0000000000000000000, 0.1140913523990289835, 0.2190328984669202006, 0.3144706496804023921, 0.4011753789115323210, 0.4788180200727843450, 0.5470772481369809981, 0.6067850671568066900, 0.6576765714182377653, 0.7476816539704863596, 0.8336349133073475137, 0.9166252513215905617, 1.000000000000000000 ),
 ( 0.0000000000000000000, 1.000000000000000000 ),
 .UNSPECIFIED. ) ;
#8491 = CARTESIAN_POINT ( 'NONE',  ( 0.4104030216106966944, 1.190000000000000169, -0.5184754330325290761 ) ) ;
#8492 = EDGE_LOOP ( 'NONE', ( #4299, #3427, #8968, #9340 ) ) ;
#8493 = LINE ( 'NONE', #6946, #4410 ) ;
#8494 = ADVANCED_FACE ( 'NONE', ( #2440 ), #3266, .F. ) ;
#8495 = CARTESIAN_POINT ( 'NONE',  ( 0.6461562758454514332, 1.190099999999999936, -0.3585831233895847014 ) ) ;
#8496 = VERTEX_POINT ( 'NONE', #2350 ) ;
#8497 = LINE ( 'NONE', #7579, #5256 ) ;
#8498 = CARTESIAN_POINT ( 'NONE',  ( 2.499999999999999556, 0.05000000000000000278, -1.599999999999998757 ) ) ;
#8499 = DIRECTION ( 'NONE',  ( 1.000000000000000000, 0.0000000000000000000, -0.0000000000000000000 ) ) ;
#8500 = SURFACE_SIDE_STYLE ('',( #837 ) ) ;
#8501 = CARTESIAN_POINT ( 'NONE',  ( 0.2625137993602382758, 1.189999999999999947, -0.3433850968164766648 ) ) ;
#8502 = ORIENTED_EDGE ( 'NONE', *, *, #9700, .F. ) ;
#8503 = EDGE_CURVE ( 'NONE', #7015, #1581, #3834, .T. ) ;
#8504 = CARTESIAN_POINT ( 'NONE',  ( 0.9436119573381049896, 1.190100000000000158, 0.2402663533092784243 ) ) ;
#8505 = MANIFOLD_SOLID_BREP ( 'Boss-Extrude5', #3443 ) ;
#8506 = CARTESIAN_POINT ( 'NONE',  ( -1.177739117752228726, 1.189999999999999503, -0.3002584201621608662 ) ) ;
#8507 =( NAMED_UNIT ( * ) SI_UNIT ( $, .STERADIAN. ) SOLID_ANGLE_UNIT ( ) );
#8508 = ORIENTED_EDGE ( 'NONE', *, *, #6506, .F. ) ;
#8509 = LINE ( 'NONE', #1569, #4565 ) ;
#8510 = ORIENTED_EDGE ( 'NONE', *, *, #9176, .T. ) ;
#8511 = DIRECTION ( 'NONE',  ( -0.0000000000000000000, -1.000000000000000000, -0.0000000000000000000 ) ) ;
#8512 = ADVANCED_FACE ( 'NONE', ( #3113 ), #8569, .T. ) ;
#8513 = EDGE_CURVE ( 'NONE', #3375, #2878, #10047, .T. ) ;
#8514 = VECTOR ( 'NONE', #9102, 1000.000000000000000 ) ;
#8515 = SURFACE_STYLE_FILL_AREA ( #9343 ) ;
#8516 = ORIENTED_EDGE ( 'NONE', *, *, #8999, .F. ) ;
#8517 = CARTESIAN_POINT ( 'NONE',  ( 0.2441828244786959923, 1.190099999999999936, -0.4325056048084938709 ) ) ;
#8518 = DIRECTION ( 'NONE',  ( 0.1391731009600657432, 0.9902680687415702510, 0.0000000000000000000 ) ) ;
#8519 = CARTESIAN_POINT ( 'NONE',  ( -1.206814152419335429, 1.189999999999999947, -0.1387795393183680615 ) ) ;
#8520 = PLANE ( 'NONE',  #5099 ) ;
#8521 = ORIENTED_EDGE ( 'NONE', *, *, #6175, .T. ) ;
#8522 = CARTESIAN_POINT ( 'NONE',  ( 0.5361991726525194846, 1.190099999999999714, -0.6730754410661590192 ) ) ;
#8523 = CARTESIAN_POINT ( 'NONE',  ( 0.7818262657881567268, 1.189999999999999725, 0.1435470865522834316 ) ) ;
#8524 = CARTESIAN_POINT ( 'NONE',  ( 1.415633827750493845, 1.190099999999999936, 0.3612204606816319385 ) ) ;
#8525 = ORIENTED_EDGE ( 'NONE', *, *, #9076, .T. ) ;
#8526 = CARTESIAN_POINT ( 'NONE',  ( 0.05541434871729349065, 1.190099999999999936, -0.3206097030122773139 ) ) ;
#8527 = CARTESIAN_POINT ( 'NONE',  ( -0.4900078892360948957, 1.189999999999999725, -0.3013128508828640806 ) ) ;
#8528 = CARTESIAN_POINT ( 'NONE',  ( -1.015904718798430917, 1.190099999999999714, -0.4135095297742831244 ) ) ;
#8529 = DIRECTION ( 'NONE',  ( -1.000000000000000000, -0.0000000000000000000, 1.355252715606880296E-16 ) ) ;
#8530 = VECTOR ( 'NONE', #5771, 999.9999999999998863 ) ;
#8531 = CARTESIAN_POINT ( 'NONE',  ( -2.999999999999999556, -0.09999999999999933942, -1.750000000000000000 ) ) ;
#8532 =( NAMED_UNIT ( * ) PLANE_ANGLE_UNIT ( ) SI_UNIT ( $, .RADIAN. ) );
#8533 = CARTESIAN_POINT ( 'NONE',  ( 0.2456168853368248806, 1.190099999999999936, -0.4085227238269971139 ) ) ;
#8534 = CARTESIAN_POINT ( 'NONE',  ( 4.000000000000000888, 0.05000000000000000278, 1.599999999999998979 ) ) ;
#8535 = CARTESIAN_POINT ( 'NONE',  ( 0.6060649210920152630, 1.190099999999999936, -0.3205541884761945459 ) ) ;
#8536 = ORIENTED_EDGE ( 'NONE', *, *, #3671, .F. ) ;
#8537 = CARTESIAN_POINT ( 'NONE',  ( 0.9006741010319665452, 1.190000000000000835, 0.2688835882134935629 ) ) ;
#8538 = CARTESIAN_POINT ( 'NONE',  ( 0.04693373900510669494, 1.189999999999999725, -0.5250586210431660295 ) ) ;
#8539 = PRESENTATION_LAYER_ASSIGNMENT (  '', '', ( #2796 ) ) ;
#8540 = CARTESIAN_POINT ( 'NONE',  ( -1.222195887001499726, 1.190099999999999936, -0.6295915166413551534 ) ) ;
#8541 = ORIENTED_EDGE ( 'NONE', *, *, #6013, .T. ) ;
#8542 = CARTESIAN_POINT ( 'NONE',  ( 0.6823004944171604524, 1.190099999999999936, 0.2586563581175293502 ) ) ;
#8543 = CARTESIAN_POINT ( 'NONE',  ( 0.6345115304281798707, 1.190099999999999936, -0.4954815241111420465 ) ) ;
#8544 = ORIENTED_EDGE ( 'NONE', *, *, #6977, .T. ) ;
#8545 = DIRECTION ( 'NONE',  ( -1.000000000000000000, 0.0000000000000000000, 0.0000000000000000000 ) ) ;
#8546 = CARTESIAN_POINT ( 'NONE',  ( -2.999999999999999556, -1.230654267715320715, 1.749999999999999778 ) ) ;
#8547 = DIRECTION ( 'NONE',  ( 0.0000000000000000000, -7.744301232039320687E-18, 1.000000000000000000 ) ) ;
#8548 = MECHANICAL_DESIGN_GEOMETRIC_PRESENTATION_REPRESENTATION (  '', ( #2637 ), #6253 ) ;
#8549 = LINE ( 'NONE', #8454, #4106 ) ;
#8550 = CARTESIAN_POINT ( 'NONE',  ( -1.289176711999117320, 1.190099999999999936, -0.4001777838585311442 ) ) ;
#8551 = LINE ( 'NONE', #5208, #4128 ) ;
#8552 = STYLED_ITEM ( 'NONE', ( #2747 ), #1100 ) ;
#8553 = EDGE_CURVE ( 'NONE', #8496, #5360, #5059, .T. ) ;
#8554 = CARTESIAN_POINT ( 'NONE',  ( 0.8220170129470976139, 1.190099999999999936, 0.1409432898073212370 ) ) ;
#8555 = VECTOR ( 'NONE', #1609, 1000.000000000000000 ) ;
#8556 = ORIENTED_EDGE ( 'NONE', *, *, #1175, .F. ) ;
#8557 = PRESENTATION_LAYER_ASSIGNMENT (  '', '', ( #2818 ) ) ;
#8558 = CARTESIAN_POINT ( 'NONE',  ( 0.9438389559556219499, 1.190099999999999936, 0.2305313581175293669 ) ) ;
#8559 = LINE ( 'NONE', #6300, #4805 ) ;
#8560 = EDGE_LOOP ( 'NONE', ( #9486, #3053, #9990, #3555, #1432, #9479, #85, #10102 ) ) ;
#8561 = VECTOR ( 'NONE', #6394, 1000.000000000000000 ) ;
#8562 = CARTESIAN_POINT ( 'NONE',  ( -2.999999999999999556, -1.230654267715320715, -1.749999999999999778 ) ) ;
#8563 = CARTESIAN_POINT ( 'NONE',  ( 0.05725673501282008832, 1.189999999999999281, -0.4542906192137793342 ) ) ;
#8564 = EDGE_CURVE ( 'NONE', #2651, #7246, #5868, .T. ) ;
#8565 = ORIENTED_EDGE ( 'NONE', *, *, #4283, .T. ) ;
#8566 = CARTESIAN_POINT ( 'NONE',  ( -0.9911276554800598770, 1.189999999999999725, -0.3605232344816635681 ) ) ;
#8567 = VERTEX_POINT ( 'NONE', #1832 ) ;
#8568 = CIRCLE ( 'NONE', #2017, 0.4999999999999989453 ) ;
#8569 = B_SPLINE_SURFACE_WITH_KNOTS ( 'NONE', 3, 1, ( 
 ( #8661, #1624 ),
 ( #7750, #4756 ),
 ( #699, #7897 ),
 ( #4657, #7800 ),
 ( #73, #3984 ),
 ( #9389, #799 ),
 ( #5563, #3929 ),
 ( #8715, #852 ),
 ( #7116, #1675 ),
 ( #748, #10101 ),
 ( #7065, #3214 ),
 ( #3878, #7014 ),
 ( #10147, #3170 ),
 ( #6348, #9478 ),
 ( #4808, #7947 ),
 ( #903, #4026 ),
 ( #7160, #121 ),
 ( #6401, #6664 ),
 ( #6457, #8918 ) ),
 .UNSPECIFIED., .F., .F., .F.,
 ( 4, 1, 1, 1, 1, 1, 1, 1, 1, 1, 1, 1, 1, 1, 1, 1, 4 ),
 ( 2, 2 ),
 ( 0.0000000000000000000, 0.05274865138876265458, 0.1043840997940385373, 0.1566250526368101192, 0.2099615768443905961, 0.2652366339563042574, 0.3232086834841494949, 0.3845362024111925181, 0.4497761448742978452, 0.5168113241969634064, 0.5832173701001578392, 0.6499596918368474308, 0.7166061079006136314, 0.7851120838912150068, 0.8544686661248589443, 0.9261309590169276573, 1.000000000000000000 ),
 ( 0.0000000000000000000, 1.000000000000000000 ),
 .UNSPECIFIED. ) ;
#8570 = CARTESIAN_POINT ( 'NONE',  ( 0.2345046072888125610, 1.190100000000000158, -0.4542428710119597590 ) ) ;
#8571 = DIRECTION ( 'NONE',  ( -0.0000000000000000000, -1.000000000000000000, -0.0000000000000000000 ) ) ;
#8572 = CARTESIAN_POINT ( 'NONE',  ( -0.9006646707566254850, 1.190099999999999714, -0.6365768647797905855 ) ) ;
#8573 = PLANE ( 'NONE',  #1818 ) ;
#8574 = ORIENTED_EDGE ( 'NONE', *, *, #730, .F. ) ;
#8575 = LINE ( 'NONE', #38, #1 ) ;
#8576 = CARTESIAN_POINT ( 'NONE',  ( 0.6458895466613413516, 1.190099999999999936, -0.6129314406264538828 ) ) ;
#8577 = CARTESIAN_POINT ( 'NONE',  ( 1.322812623584417979, 1.189999999999999947, -0.7166974662674795438 ) ) ;
#8578 = EDGE_CURVE ( 'NONE', #4832, #3876, #4956, .T. ) ;
#8579 = STYLED_ITEM ( 'NONE', ( #4939 ), #6233 ) ;
#8580 = CARTESIAN_POINT ( 'NONE',  ( -1.036161735389941052, 1.189999999999999947, -0.6129314406264538828 ) ) ;
#8581 = CARTESIAN_POINT ( 'NONE',  ( -1.047844422246720697, 1.190099999999999714, -0.3623225396640620266 ) ) ;
#8582 = PLANE ( 'NONE',  #6064 ) ;
#8583 = FACE_OUTER_BOUND ( 'NONE', #6039, .T. ) ;
#8584 = VECTOR ( 'NONE', #10076, 1000.000000000000000 ) ;
#8585 = CARTESIAN_POINT ( 'NONE',  ( 0.9167026056591717209, 1.190099999999999714, 0.1458021335262222884 ) ) ;
#8586 = CARTESIAN_POINT ( 'NONE',  ( 0.5968936172651407857, 1.189999999999999947, -0.5978312876788528518 ) ) ;
#8587 = CARTESIAN_POINT ( 'NONE',  ( 0.5602030583744065373, 1.189999999999999947, -0.3020444348323205741 ) ) ;
#8588 = ADVANCED_FACE ( 'NONE', ( #4188 ), #8737, .T. ) ;
#8589 = EDGE_CURVE ( 'NONE', #1192, #1273, #3577, .T. ) ;
#8590 = CARTESIAN_POINT ( 'NONE',  ( 0.3978666638108950271, 1.190099999999999714, -0.4516027514954402688 ) ) ;
#8591 = CARTESIAN_POINT ( 'NONE',  ( -0.7560335302617359199, 1.189999999999999947, -0.7166974662674795438 ) ) ;
#8592 = CARTESIAN_POINT ( 'NONE',  ( 0.1088703158921102698, 1.190099999999999936, -0.5328032354982487062 ) ) ;
#8593 = CARTESIAN_POINT ( 'NONE',  ( 0.3434470399911677685, 1.190000000000000835, -0.4158345395685045243 ) ) ;
#8594 = VERTEX_POINT ( 'NONE', #9233 ) ;
#8595 = CARTESIAN_POINT ( 'NONE',  ( 0.1436459569177513940, 1.190000000000000835, -0.2961846457546589706 ) ) ;
#8596 = ORIENTED_EDGE ( 'NONE', *, *, #5502, .F. ) ;
#8597 = CARTESIAN_POINT ( 'NONE',  ( 0.5617730311639985707, 1.190100000000000380, -0.6649556133899747756 ) ) ;
#8598 = ORIENTED_EDGE ( 'NONE', *, *, #635, .F. ) ;
#8599 = LINE ( 'NONE', #3861, #8703 ) ;
#8600 = LINE ( 'NONE', #780, #9406 ) ;
#8601 = FACE_OUTER_BOUND ( 'NONE', #4198, .T. ) ;
#8602 = CARTESIAN_POINT ( 'NONE',  ( 0.6664023671741616806, 1.190099999999999936, -0.4229474662674794772 ) ) ;
#8603 = CARTESIAN_POINT ( 'NONE',  ( -1.033745239037354935, 1.190099999999999936, -0.3755136863863319241 ) ) ;
#8604 = CARTESIAN_POINT ( 'NONE',  ( -0.6566745559027615808, 1.190099999999999936, -0.5945820816520949181 ) ) ;
#8605 = ORIENTED_EDGE ( 'NONE', *, *, #3721, .F. ) ;
#8606 = CARTESIAN_POINT ( 'NONE',  ( 0.8683349092471950303, 1.190000000000000391, 0.3581463095076821146 ) ) ;
#8607 = VERTEX_POINT ( 'NONE', #5314 ) ;
#8608 = CARTESIAN_POINT ( 'NONE',  ( -1.279129458437992861, 1.189999999999999725, -0.3745975351697944933 ) ) ;
#8609 = CARTESIAN_POINT ( 'NONE',  ( 0.6196015379796745437, 1.190099999999999936, -0.5547541457996657543 ) ) ;
#8610 = CARTESIAN_POINT ( 'NONE',  ( -0.6151904995086121541, 1.190099999999999936, -0.5635903486589650679 ) ) ;
#8611 = CARTESIAN_POINT ( 'NONE',  ( 0.3434470399911677685, 1.190099999999999936, -0.4158345395685045243 ) ) ;
#8612 = VERTEX_POINT ( 'NONE', #7638 ) ;
#8613 = CARTESIAN_POINT ( 'NONE',  ( -1.100572932142136473, 1.190000000000000169, -0.2984906010794775022 ) ) ;
#8614 = ORIENTED_EDGE ( 'NONE', *, *, #6106, .F. ) ;
#8615 = EDGE_LOOP ( 'NONE', ( #2793, #5127, #1613, #184 ) ) ;
#8616 = ADVANCED_FACE ( 'NONE', ( #591 ), #5117, .F. ) ;
#8617 = CARTESIAN_POINT ( 'NONE',  ( 0.1460498030715975948, 1.190099999999999936, -0.4961846457546589262 ) ) ;
#8618 = CARTESIAN_POINT ( 'NONE',  ( 0.9368045921059310333, 1.190099999999999936, 0.2774970730561891474 ) ) ;
#8619 = CARTESIAN_POINT ( 'NONE',  ( -0.6566745559027615808, 1.190099999999999936, -0.5945820816520949181 ) ) ;
#8620 = CARTESIAN_POINT ( 'NONE',  ( -0.8769916893345074405, 1.190100000000000158, -0.6697561856983463846 ) ) ;
#8621 = DIRECTION ( 'NONE',  ( -1.000000000000000000, 0.0000000000000000000, -0.0000000000000000000 ) ) ;
#8622 = EDGE_LOOP ( 'NONE', ( #397, #4914, #9881, #6387 ) ) ;
#8623 = DIRECTION ( 'NONE',  ( -1.000000000000000000, 0.0000000000000000000, 0.0000000000000000000 ) ) ;
#8624 = CARTESIAN_POINT ( 'NONE',  ( 1.195922289288955609, 1.190099999999999936, 0.002246101707272939348 ) ) ;
#8625 = CARTESIAN_POINT ( 'NONE',  ( 1.481786982558777055, 1.190099999999999936, -0.3064410560110692461 ) ) ;
#8626 = ORIENTED_EDGE ( 'NONE', *, *, #2998, .T. ) ;
#8627 = CARTESIAN_POINT ( 'NONE',  ( -1.036379965931536695, 1.190000000000000169, -0.6191850176400984784 ) ) ;
#8628 = CARTESIAN_POINT ( 'NONE',  ( -0.6053925046207102589, 1.189999999999999947, -0.3064410560110692461 ) ) ;
#8629 = CARTESIAN_POINT ( 'NONE',  ( -1.077723444290608290, 1.189999999999999947, -0.5615664079865178016 ) ) ;
#8630 = EDGE_CURVE ( 'NONE', #4845, #3974, #8354, .T. ) ;
#8631 = CARTESIAN_POINT ( 'NONE',  ( 0.4171352561564405370, 1.190000000000000169, -0.5893385511467357230 ) ) ;
#8632 = CARTESIAN_POINT ( 'NONE',  ( 0.04588954666134111016, 1.190099999999999936, -0.4165372098572230897 ) ) ;
#8633 = DIRECTION ( 'NONE',  ( -0.1378445374916288380, 0.9808148484639890308, 0.1378445374916289212 ) ) ;
#8634 = CARTESIAN_POINT ( 'NONE',  ( 0.3896379557099022839, 1.190099999999999936, -0.4148626455675442637 ) ) ;
#8635 = LINE ( 'NONE', #3083, #164 ) ;
#8636 = CARTESIAN_POINT ( 'NONE',  ( -1.235633334866596655, 1.189999999999999503, -0.3884709213402147143 ) ) ;
#8637 = CARTESIAN_POINT ( 'NONE',  ( -0.0002642994925050514560, 1.189999999999999947, -0.4179795175495307769 ) ) ;
#8638 = CARTESIAN_POINT ( 'NONE',  ( -2.999999999999999556, -1.378338643883207038, -1.723744999792374610 ) ) ;
#8639 = ORIENTED_EDGE ( 'NONE', *, *, #5541, .F. ) ;
#8640 = CARTESIAN_POINT ( 'NONE',  ( 0.08819383426361096512, 1.190000000000000613, -0.3047555560710750178 ) ) ;
#8641 = EDGE_CURVE ( 'NONE', #9766, #883, #2141, .T. ) ;
#8642 = ORIENTED_EDGE ( 'NONE', *, *, #9110, .F. ) ;
#8643 = ADVANCED_FACE ( 'NONE', ( #9332 ), #6959, .T. ) ;
#8644 = CARTESIAN_POINT ( 'NONE',  ( 0.5623870102572882113, 1.189999999999999725, -0.3469308677105177319 ) ) ;
#8645 = VERTEX_POINT ( 'NONE', #4698 ) ;
#8646 = CARTESIAN_POINT ( 'NONE',  ( -0.9711389188173059628, 1.190000000000000169, -0.4444689227889180305 ) ) ;
#8647 = CARTESIAN_POINT ( 'NONE',  ( -0.7479398058484317824, 1.189999999999999947, -0.6754316154203359179 ) ) ;
#8648 = CARTESIAN_POINT ( 'NONE',  ( 0.3683247268366930394, 1.190100000000000380, -0.6397533859429014313 ) ) ;
#8649 = CARTESIAN_POINT ( 'NONE',  ( -0.7582771200053256555, 1.190099999999999936, -0.6756718252418384418 ) ) ;
#8650 = CARTESIAN_POINT ( 'NONE',  ( -1.040375512068690833, 1.190000000000000391, -0.3688090878653907945 ) ) ;
#8651 = CARTESIAN_POINT ( 'NONE',  ( -0.6572690893477788343, 1.190099999999999936, -0.5815653212924114523 ) ) ;
#8652 = B_SPLINE_SURFACE_WITH_KNOTS ( 'NONE', 3, 1, ( 
 ( #3902, #8793 ),
 ( #10124, #2471 ),
 ( #3957, #882 ),
 ( #5641, #7971 ),
 ( #7822, #7040 ),
 ( #2523, #151 ),
 ( #3086, #1651 ),
 ( #9507, #4732 ),
 ( #1751, #4831 ),
 ( #6376, #9414 ),
 ( #4682, #4055 ),
 ( #7094, #7189 ),
 ( #3298, #2375 ),
 ( #5593, #6431 ),
 ( #6284, #773 ),
 ( #55, #726 ),
 ( #2, #4783 ),
 ( #4879, #8593 ),
 ( #3855, #8688 ) ),
 .UNSPECIFIED., .F., .F., .F.,
 ( 4, 1, 1, 1, 1, 1, 1, 1, 1, 1, 1, 1, 1, 1, 1, 1, 4 ),
 ( 2, 2 ),
 ( 0.0000000000000000000, 0.08509588100049550463, 0.1648565428655874576, 0.2404826493441201141, 0.3116570966467389070, 0.3798435065727797100, 0.4452954398499554545, 0.5085967579735578559, 0.5709838827405449013, 0.6316255810541543392, 0.6890224779741618288, 0.7440673439359557495, 0.7968695667721228393, 0.8483349294676487684, 0.8989105256038889546, 0.9492459449450392217, 1.000000000000000000 ),
 ( 0.0000000000000000000, 1.000000000000000000 ),
 .UNSPECIFIED. ) ;
#8653 = ORIENTED_EDGE ( 'NONE', *, *, #7441, .F. ) ;
#8654 = CARTESIAN_POINT ( 'NONE',  ( 0.8426830471680151202, 1.190000000000000169, 0.3671798629970407513 ) ) ;
#8655 = LINE ( 'NONE', #5461, #873 ) ;
#8656 = CARTESIAN_POINT ( 'NONE',  ( 0.6291741422623398083, 1.190099999999999936, -0.5649257662534682423 ) ) ;
#8657 = CARTESIAN_POINT ( 'NONE',  ( 0.7344789870543688703, 1.190099999999999492, 0.2974618433293285125 ) ) ;
#8658 = CARTESIAN_POINT ( 'NONE',  ( -2.999999999999999556, -3.643879807547199021E-16, -1.899999999999999911 ) ) ;
#8659 = ADVANCED_FACE ( 'NONE', ( #741 ), #9472, .T. ) ;
#8660 = CARTESIAN_POINT ( 'NONE',  ( -0.5280409031233070927, 1.190100000000000158, -0.3280622406487223031 ) ) ;
#8661 = CARTESIAN_POINT ( 'NONE',  ( 0.6202485210203156907, 1.190100000000000158, -0.4222263124213256891 ) ) ;
#8662 = ORIENTED_EDGE ( 'NONE', *, *, #6812, .T. ) ;
#8663 = LINE ( 'NONE', #7164, #9027 ) ;
#8664 =( GEOMETRIC_REPRESENTATION_CONTEXT ( 3 ) GLOBAL_UNCERTAINTY_ASSIGNED_CONTEXT ( ( #3432 ) ) GLOBAL_UNIT_ASSIGNED_CONTEXT ( ( #3368, #1448, #3524 ) ) REPRESENTATION_CONTEXT ( 'NONE', 'WORKASPACE' ) );
#8665 = CARTESIAN_POINT ( 'NONE',  ( 0.09879006282213263768, 1.190100000000000602, -0.3461254368744294263 ) ) ;
#8666 = CARTESIAN_POINT ( 'NONE',  ( 0.5941257097322144576, 1.189999999999999503, -0.5366638755355624957 ) ) ;
#8667 = PLANE ( 'NONE',  #7728 ) ;
#8668 = ORIENTED_EDGE ( 'NONE', *, *, #9153, .F. ) ;
#8669 = AXIS2_PLACEMENT_3D ( 'NONE', #2162, #3180, #5524 ) ;
#8670 = CARTESIAN_POINT ( 'NONE',  ( -1.246418145646351228, 1.190099999999999936, -0.4141333637033769444 ) ) ;
#8671 = CARTESIAN_POINT ( 'NONE',  ( 0.9301801576558870188, 1.190100000000000158, 0.1667947658894291252 ) ) ;
#8672 = CARTESIAN_POINT ( 'NONE',  ( -0.6420468662771655621, 1.190100000000000380, -0.5160988207198516919 ) ) ;
#8673 = EDGE_LOOP ( 'NONE', ( #5990, #3111, #8302, #4835 ) ) ;
#8674 = EDGE_CURVE ( 'NONE', #7480, #2960, #5406, .T. ) ;
#8675 = PRESENTATION_LAYER_ASSIGNMENT (  '', '', ( #965 ) ) ;
#8676 = DIRECTION ( 'NONE',  ( 1.000000000000000000, -0.0000000000000000000, -0.0000000000000000000 ) ) ;
#8677 = CARTESIAN_POINT ( 'NONE',  ( -2.999999999999999556, -1.189999999999999947, 0.0000000000000000000 ) ) ;
#8678 = AXIS2_PLACEMENT_3D ( 'NONE', #10067, #1482, #10109 ) ;
#8679 = FILL_AREA_STYLE_COLOUR ( '', #1316 ) ;
#8680 = CARTESIAN_POINT ( 'NONE',  ( 0.2091407460191198608, 1.190099999999999714, -0.3549124337488545056 ) ) ;
#8681 = CARTESIAN_POINT ( 'NONE',  ( -0.8022792470892430305, 1.190099999999999492, -0.7116339667781477196 ) ) ;
#8682 =( GEOMETRIC_REPRESENTATION_CONTEXT ( 3 ) GLOBAL_UNCERTAINTY_ASSIGNED_CONTEXT ( ( #8273 ) ) GLOBAL_UNIT_ASSIGNED_CONTEXT ( ( #1473, #4602, #2498 ) ) REPRESENTATION_CONTEXT ( 'NONE', 'WORKASPACE' ) );
#8683 = CARTESIAN_POINT ( 'NONE',  ( 0.5047036492254438622, 1.190099999999999936, -0.3372102867802999615 ) ) ;
#8684 = CARTESIAN_POINT ( 'NONE',  ( -1.233860773129405786, 1.189999999999999947, -0.6833073034522749722 ) ) ;
#8685 = DIRECTION ( 'NONE',  ( 0.0000000000000000000, 0.0000000000000000000, -1.000000000000000000 ) ) ;
#8686 = ADVANCED_FACE ( 'NONE', ( #5359 ), #2582, .T. ) ;
#8687 = CARTESIAN_POINT ( 'NONE',  ( 0.8029113776993449525, 1.189999999999999947, 0.3303552213557383044 ) ) ;
#8688 = CARTESIAN_POINT ( 'NONE',  ( 0.3433254440972385857, 1.190000000000000835, -0.4196622098572230786 ) ) ;
#8689 = ORIENTED_EDGE ( 'NONE', *, *, #6071, .F. ) ;
#8690 = VECTOR ( 'NONE', #7504, 1000.000000000000000 ) ;
#8691 = CARTESIAN_POINT ( 'NONE',  ( 0.06311864853887232119, 1.190000000000000613, -0.3160320500653774345 ) ) ;
#8692 = VERTEX_POINT ( 'NONE', #6494 ) ;
#8693 = FACE_OUTER_BOUND ( 'NONE', #8163, .T. ) ;
#8694 = AXIS2_PLACEMENT_3D ( 'NONE', #9053, #2026, #9778 ) ;
#8695 = CARTESIAN_POINT ( 'NONE',  ( -1.096926414062026289, 1.190099999999999714, -0.5005176189468024672 ) ) ;
#8696 = CARTESIAN_POINT ( 'NONE',  ( -0.6936746941111411324, 1.190000000000000391, -0.6573869673951964199 ) ) ;
#8697 = CARTESIAN_POINT ( 'NONE',  ( -0.5114492481369056209, 1.190100000000000380, -0.3066500032944368681 ) ) ;
#8698 = VECTOR ( 'NONE', #175, 1000.000000000000000 ) ;
#8699 = B_SPLINE_CURVE_WITH_KNOTS ( 'NONE', 3,
 ( #167, #3360, #6446, #4227, #8092, #3256, #3407, #8034, #995, #8855, #7361, #7152, #8908, #2584, #6390 ),
 .UNSPECIFIED., .F., .F.,
 ( 4, 1, 1, 1, 1, 1, 1, 1, 1, 1, 1, 1, 4 ),
 ( 0.0000000000000000000, 0.1152592138037337177, 0.2257503570593480391, 0.3319310792553068490, 0.4348212626458191621, 0.5308473420199183446, 0.6167101329245870955, 0.6930612330782909281, 0.7619360247031063960, 0.8256462944749011212, 0.8849160524192339894, 0.9424173604834480411, 1.000000000000000000 ),
 .UNSPECIFIED. ) ;
#8700 = EDGE_CURVE ( 'NONE', #2296, #9323, #220, .T. ) ;
#8701 = EDGE_CURVE ( 'NONE', #7491, #2905, #4890, .T. ) ;
#8702 = SURFACE_STYLE_USAGE ( .BOTH. , #9575 ) ;
#8703 = VECTOR ( 'NONE', #8545, 1000.000000000000000 ) ;
#8704 = CARTESIAN_POINT ( 'NONE',  ( 0.9042619271086750343, 1.190100000000000158, 0.3324544488185030566 ) ) ;
#8705 = ORIENTED_EDGE ( 'NONE', *, *, #7011, .F. ) ;
#8706 = DIRECTION ( 'NONE',  ( -0.0000000000000000000, -1.000000000000000000, -0.0000000000000000000 ) ) ;
#8707 = PLANE ( 'NONE',  #525 ) ;
#8708 = CARTESIAN_POINT ( 'NONE',  ( 0.5187013265000526285, 1.189999999999999503, -0.5062179680830134476 ) ) ;
#8709 = CARTESIAN_POINT ( 'NONE',  ( 0.3645643009038143645, 1.190000000000000613, -0.6269546623028049437 ) ) ;
#8710 = EDGE_CURVE ( 'NONE', #9946, #9323, #640, .T. ) ;
#8711 = VECTOR ( 'NONE', #6022, 1000.000000000000000 ) ;
#8712 = VECTOR ( 'NONE', #533, 999.9999999999998863 ) ;
#8713 = CARTESIAN_POINT ( 'NONE',  ( -1.111453344001612331, 1.189999999999999503, -0.2971264481553002601 ) ) ;
#8714 = ORIENTED_EDGE ( 'NONE', *, *, #5527, .T. ) ;
#8715 = CARTESIAN_POINT ( 'NONE',  ( 0.6016566599564159290, 1.190099999999999936, -0.4678125971529905613 ) ) ;
#8716 = EDGE_LOOP ( 'NONE', ( #8154, #2061, #1461, #4338 ) ) ;
#8717 = CARTESIAN_POINT ( 'NONE',  ( 2.999999999999999556, -1.230654267715320271, -1.800000000000000044 ) ) ;
#8718 = CARTESIAN_POINT ( 'NONE',  ( 0.9015165164102473261, 1.189999999999999725, 0.1933956052611005838 ) ) ;
#8719 = CARTESIAN_POINT ( 'NONE',  ( 0.08256001695899783943, 1.190099999999999936, -0.3549155400861765397 ) ) ;
#8720 = AXIS2_PLACEMENT_3D ( 'NONE', #3788, #4554, #7900 ) ;
#8721 = SURFACE_STYLE_USAGE ( .BOTH. , #6355 ) ;
#8722 = CARTESIAN_POINT ( 'NONE',  ( 0.5032572616279170630, 1.190099999999999714, -0.5063765160885410621 ) ) ;
#8723 = EDGE_LOOP ( 'NONE', ( #10145, #1144, #5751, #3686 ) ) ;
#8724 = CARTESIAN_POINT ( 'NONE',  ( 0.2381171107639051265, 1.190099999999999936, -0.6949827226777359757 ) ) ;
#8725 = CARTESIAN_POINT ( 'NONE',  ( 0.8563237145276776374, 1.190000000000000169, 0.1046672586519049042 ) ) ;
#8726 = CARTESIAN_POINT ( 'NONE',  ( 0.1707453966709824023, 1.189999999999999725, -0.5368863150501682613 ) ) ;
#8727 = EDGE_LOOP ( 'NONE', ( #3408, #8639, #9242, #230 ) ) ;
#8728 = VECTOR ( 'NONE', #4717, 1000.000000000000000 ) ;
#8729 = CARTESIAN_POINT ( 'NONE',  ( -0.8669309661591718674, 1.190099999999999936, -0.5833641329341461290 ) ) ;
#8730 = CARTESIAN_POINT ( 'NONE',  ( -1.036625898288579872, 1.189999999999999947, -0.6043938570389058018 ) ) ;
#8731 = CARTESIAN_POINT ( 'NONE',  ( 0.8043357508274169287, 1.190099999999999936, 0.3714768709380422140 ) ) ;
#8732 = SURFACE_STYLE_FILL_AREA ( #6170 ) ;
#8733 = CARTESIAN_POINT ( 'NONE',  ( 0.2165764766376271910, 1.190099999999999936, -0.3603159631863452339 ) ) ;
#8734 = CARTESIAN_POINT ( 'NONE',  ( -0.8863202019264420084, 1.189999999999999947, -0.6594325806803634782 ) ) ;
#8735 = FACE_OUTER_BOUND ( 'NONE', #1168, .T. ) ;
#8736 = CARTESIAN_POINT ( 'NONE',  ( 0.04693373900510669494, 1.190099999999999714, -0.5250586210431660295 ) ) ;
#8737 = B_SPLINE_SURFACE_WITH_KNOTS ( 'NONE', 3, 1, ( 
 ( #7317, #275 ),
 ( #9688, #5774 ),
 ( #5008, #1108 ),
 ( #4241, #8258 ),
 ( #9074, #4454 ),
 ( #639, #5265 ),
 ( #4500, #9897 ),
 ( #2906, #7682 ),
 ( #9989, #7591 ),
 ( #435, #5991 ),
 ( #5211, #1264 ),
 ( #7482, #6038 ),
 ( #4399, #7531 ),
 ( #544, #3774 ),
 ( #6094, #1214 ),
 ( #3678, #6813 ),
 ( #2956, #2861 ),
 ( #490, #6909 ),
 ( #2195, #2045 ) ),
 .UNSPECIFIED., .F., .F., .F.,
 ( 4, 1, 1, 1, 1, 1, 1, 1, 1, 1, 1, 1, 1, 1, 1, 1, 4 ),
 ( 2, 2 ),
 ( 0.0000000000000000000, 0.08097329444234732665, 0.1582547365931187000, 0.2317259804212547236, 0.3018337910818377212, 0.3693993829067198087, 0.4353006865817543036, 0.4992757148287769731, 0.5629200591608856108, 0.6245389451759485455, 0.6828735026062410229, 0.7384732847808159750, 0.7919249319293321099, 0.8438878899444038906, 0.8955582339503501688, 0.9471306710109068661, 1.000000000000000000 ),
 ( 0.0000000000000000000, 1.000000000000000000 ),
 .UNSPECIFIED. ) ;
#8738 = EDGE_LOOP ( 'NONE', ( #7271, #3274, #9784, #4652 ) ) ;
#8739 = CARTESIAN_POINT ( 'NONE',  ( 2.499999999999999556, -0.2001723312589749892, -1.125969363331736917 ) ) ;
#8740 = LINE ( 'NONE', #4633, #3438 ) ;
#8741 = DIRECTION ( 'NONE',  ( 0.0000000000000000000, 0.0000000000000000000, 1.000000000000000000 ) ) ;
#8742 = ORIENTED_EDGE ( 'NONE', *, *, #7359, .F. ) ;
#8743 = B_SPLINE_CURVE_WITH_KNOTS ( 'NONE', 3,
 ( #8591, #149, #7038, #2414, #3900, #1749, #3240, #10122, #2466, #7870, #3955, #4005, #5639, #4876, #7969, #5536, #723, #1550, #7091 ),
 .UNSPECIFIED., .F., .F.,
 ( 4, 1, 1, 1, 1, 1, 1, 1, 1, 1, 1, 1, 1, 1, 1, 1, 4 ),
 ( 0.0000000000000000000, 0.07554396835634026586, 0.1480525798285250716, 0.2172230472500465137, 0.2845778397014352978, 0.3497896569535852707, 0.4140797655511749276, 0.4775402308613226898, 0.5412579114512499068, 0.6038185100294689578, 0.6635800461115809457, 0.7211192641074530840, 0.7772645163935689716, 0.8323510444172664835, 0.8875021962795346386, 0.9431049193542937470, 1.000000000000000000 ),
 .UNSPECIFIED. ) ;
#8744 = CARTESIAN_POINT ( 'NONE',  ( -6.359909577704528328E-05, 1.190100000000000158, -0.4098921447153023312 ) ) ;
#8745 = VECTOR ( 'NONE', #8371, 1000.000000000000000 ) ;
#8746 = EDGE_LOOP ( 'NONE', ( #5364, #3244, #5543, #6065 ) ) ;
#8747 = CARTESIAN_POINT ( 'NONE',  ( 0.6193410195317232692, 1.190000000000000391, -0.5076392633233094420 ) ) ;
#8748 = CARTESIAN_POINT ( 'NONE',  ( -0.9696793719991960714, 1.190099999999999936, -0.4349595959914892562 ) ) ;
#8749 = EDGE_CURVE ( 'NONE', #3485, #6696, #3312, .T. ) ;
#8750 = CARTESIAN_POINT ( 'NONE',  ( 0.6059276022707000831, 1.190099999999999936, -0.6861346390614432300 ) ) ;
#8751 = CARTESIAN_POINT ( 'NONE',  ( -1.222195887001499726, 1.189999999999999947, -0.6295915166413551534 ) ) ;
#8752 = DIRECTION ( 'NONE',  ( -0.0000000000000000000, -1.000000000000000000, -0.0000000000000000000 ) ) ;
#8753 = ORIENTED_EDGE ( 'NONE', *, *, #4686, .T. ) ;
#8754 = VECTOR ( 'NONE', #8706, 1000.000000000000000 ) ;
#8755 = CARTESIAN_POINT ( 'NONE',  ( -1.017482886886558191, 1.190000000000000169, -0.4053420953281550720 ) ) ;
#8756 = CARTESIAN_POINT ( 'NONE',  ( -3.999999999999999112, 0.05000000000000000278, 1.600000000000000089 ) ) ;
#8757 = PLANE ( 'NONE',  #7042 ) ;
#8758 = ORIENTED_EDGE ( 'NONE', *, *, #3093, .T. ) ;
#8759 = EDGE_CURVE ( 'NONE', #5197, #1239, #8699, .T. ) ;
#8760 = CARTESIAN_POINT ( 'NONE',  ( -0.0001972941811257460597, 1.189999999999999947, -0.4152794883326857422 ) ) ;
#8761 = CARTESIAN_POINT ( 'NONE',  ( 0.5941257097322144576, 1.190099999999999492, -0.5366638755355624957 ) ) ;
#8762 = B_SPLINE_CURVE_WITH_KNOTS ( 'NONE', 3,
 ( #8938, #8069, #1746, #145, #4159, #9656, #1697, #2463, #7237, #923, #6475 ),
 .UNSPECIFIED., .F., .F.,
 ( 4, 1, 1, 1, 1, 1, 1, 1, 4 ),
 ( 0.0000000000000000000, 0.1140068602737191600, 0.2299697753104336939, 0.3487839338991078342, 0.4697375999169148830, 0.5945301341002873219, 0.7243294665034334390, 0.8589928080171945757, 0.9999999999999998890 ),
 .UNSPECIFIED. ) ;
#8763 = CARTESIAN_POINT ( 'NONE',  ( 0.7245052471812269967, 1.189999999999999725, 0.2801031225350935072 ) ) ;
#8764 = CARTESIAN_POINT ( 'NONE',  ( 0.4052453844570355623, 1.190000000000000391, -0.6864108730609171927 ) ) ;
#8765 = ORIENTED_EDGE ( 'NONE', *, *, #4906, .T. ) ;
#8766 = SURFACE_STYLE_USAGE ( .BOTH. , #2496 ) ;
#8767 = EDGE_LOOP ( 'NONE', ( #5468, #4133, #9344, #348 ) ) ;
#8768 = CARTESIAN_POINT ( 'NONE',  ( 0.8043357508274169287, 1.189999999999999725, 0.3714768709380422140 ) ) ;
#8769 = ORIENTED_EDGE ( 'NONE', *, *, #138, .F. ) ;
#8770 = EDGE_CURVE ( 'NONE', #3267, #5620, #4844, .T. ) ;
#8771 = EDGE_CURVE ( 'NONE', #9750, #8976, #9525, .T. ) ;
#8772 = CARTESIAN_POINT ( 'NONE',  ( 0.7921453198426395836, 1.189999999999999947, 0.1419197386176391518 ) ) ;
#8773 = DIRECTION ( 'NONE',  ( 1.000000000000000000, 0.0000000000000000000, 0.0000000000000000000 ) ) ;
#8774 = LINE ( 'NONE', #5623, #208 ) ;
#8775 = CARTESIAN_POINT ( 'NONE',  ( 0.4721463673067368694, 1.189999999999999947, -0.5029446891102961059 ) ) ;
#8776 = VERTEX_POINT ( 'NONE', #5654 ) ;
#8777 = CYLINDRICAL_SURFACE ( 'NONE', #9035, 0.1500000000000006051 ) ;
#8778 = CARTESIAN_POINT ( 'NONE',  ( 0.8992778168455035637, 1.190099999999999714, 0.1277145188163040790 ) ) ;
#8779 = CARTESIAN_POINT ( 'NONE',  ( -0.6107289075802193601, 1.190099999999999936, -0.5882597524542065859 ) ) ;
#8780 = VERTEX_POINT ( 'NONE', #2639 ) ;
#8781 = CARTESIAN_POINT ( 'NONE',  ( -0.6784671889207491979, 1.190000000000001057, -0.5379340836615275068 ) ) ;
#8782 = UNCERTAINTY_MEASURE_WITH_UNIT (LENGTH_MEASURE( 1.000000000000000082E-05 ), #6239, 'distance_accuracy_value', 'NONE');
#8783 = CARTESIAN_POINT ( 'NONE',  ( -1.039133348846829730, 1.190100000000000380, -0.5960634175884776953 ) ) ;
#8784 = DIRECTION ( 'NONE',  ( 0.7820360114465561008, -0.0000000000000000000, 0.6232332443000468958 ) ) ;
#8785 = CARTESIAN_POINT ( 'NONE',  ( 0.09898564011130601970, 1.190099999999999714, -0.4872626332537220994 ) ) ;
#8786 = CARTESIAN_POINT ( 'NONE',  ( -0.7108466807525086750, 1.190100000000000158, -0.7118483323098387938 ) ) ;
#8787 = CARTESIAN_POINT ( 'NONE',  ( -0.7719700694645200700, 1.190099999999999714, -0.7164045739527907797 ) ) ;
#8788 = CARTESIAN_POINT ( 'NONE',  ( 2.999999999999999556, -0.1000000000000000888, -1.899999999999999911 ) ) ;
#8789 = FACE_OUTER_BOUND ( 'NONE', #648, .T. ) ;
#8790 = ORIENTED_EDGE ( 'NONE', *, *, #5015, .T. ) ;
#8791 = LINE ( 'NONE', #9561, #854 ) ;
#8792 = CARTESIAN_POINT ( 'NONE',  ( -1.154110453338659026, 1.190099999999999936, -0.5064410560110692572 ) ) ;
#8793 = CARTESIAN_POINT ( 'NONE',  ( 0.5042228799946745221, 1.190000000000000835, -0.2961846457546589706 ) ) ;
#8794 = CARTESIAN_POINT ( 'NONE',  ( -0.0001972941811257460597, 1.190099999999999936, -0.4152794883326857422 ) ) ;
#8795 = ORIENTED_EDGE ( 'NONE', *, *, #3405, .F. ) ;
#8796 = CARTESIAN_POINT ( 'NONE',  ( 0.05422287999467438613, 1.190099999999999936, -0.5341654149854282441 ) ) ;
#8797 = CARTESIAN_POINT ( 'NONE',  ( 0.3856785844812659070, 1.189999999999999947, -0.5608600324909408519 ) ) ;
#8798 = CARTESIAN_POINT ( 'NONE',  ( 0.5133933660033747071, 1.190099999999999936, -0.7165315425676760386 ) ) ;
#8799 = CARTESIAN_POINT ( 'NONE',  ( -0.8550918967870878573, 1.189999999999999947, -0.6881386639603098709 ) ) ;
#8800 = CARTESIAN_POINT ( 'NONE',  ( 0.04588954666134111016, 1.189999999999999947, -0.4165372098572230897 ) ) ;
#8801 = ORIENTED_EDGE ( 'NONE', *, *, #4672, .T. ) ;
#8802 = SURFACE_STYLE_FILL_AREA ( #5552 ) ;
#8803 = EDGE_CURVE ( 'NONE', #9175, #7878, #8141, .T. ) ;
#8804 = CARTESIAN_POINT ( 'NONE',  ( 2.999999999999999556, -0.1000000000000000888, -1.899999999999999911 ) ) ;
#8805 = EDGE_LOOP ( 'NONE', ( #5950, #3651, #6230, #334 ) ) ;
#8806 = LINE ( 'NONE', #7155, #10064 ) ;
#8807 = DIRECTION ( 'NONE',  ( 0.0000000000000000000, 0.0000000000000000000, -1.000000000000000000 ) ) ;
#8808 = CARTESIAN_POINT ( 'NONE',  ( 0.6202485210203155797, 1.189999999999999947, -0.4222263124213256336 ) ) ;
#8809 = CARTESIAN_POINT ( 'NONE',  ( 0.4882707745477304906, 1.190000000000000613, -0.7162192866447825157 ) ) ;
#8810 = CARTESIAN_POINT ( 'NONE',  ( 0.8360843558751509530, 1.190100000000000158, 0.3265616893737009474 ) ) ;
#8811 = EDGE_CURVE ( 'NONE', #4719, #7109, #5763, .T. ) ;
#8812 = CARTESIAN_POINT ( 'NONE',  ( -1.154110453338659026, 1.190000000000000169, -0.5064410560110692572 ) ) ;
#8813 = CARTESIAN_POINT ( 'NONE',  ( -0.8565442950057328142, 1.190099999999999936, -0.6223230411319592426 ) ) ;
#8814 = ORIENTED_EDGE ( 'NONE', *, *, #4799, .T. ) ;
#8815 = CARTESIAN_POINT ( 'NONE',  ( 2.499999999999999556, 0.0000000000000000000, 1.899999999999999911 ) ) ;
#8816 = CARTESIAN_POINT ( 'NONE',  ( -0.6792994995532325442, 1.190100000000000158, -0.6457346736131439613 ) ) ;
#8817 = CARTESIAN_POINT ( 'NONE',  ( 0.1559546480824039738, 1.189999999999999503, -0.3374752903484423694 ) ) ;
#8818 = DIRECTION ( 'NONE',  ( 0.0000000000000000000, -1.000000000000000000, -7.744301232039322228E-18 ) ) ;
#8819 = ORIENTED_EDGE ( 'NONE', *, *, #9861, .F. ) ;
#8820 = DIRECTION ( 'NONE',  ( -0.0000000000000000000, -1.000000000000000000, -0.0000000000000000000 ) ) ;
#8821 = CARTESIAN_POINT ( 'NONE',  ( -2.499999999999999556, 0.05000000000000000278, 1.599999999999999867 ) ) ;
#8822 = CARTESIAN_POINT ( 'NONE',  ( -0.6116027008632620721, 1.190100000000000158, -0.5799218172498662449 ) ) ;
#8823 = VERTEX_POINT ( 'NONE', #7261 ) ;
#8824 = ADVANCED_FACE ( 'NONE', ( #5608 ), #8757, .F. ) ;
#8825 = EDGE_CURVE ( 'NONE', #10054, #336, #493, .T. ) ;
#8826 = CARTESIAN_POINT ( 'NONE',  ( -0.7457771200053256999, 1.190000000000001057, -0.4719859278059410079 ) ) ;
#8827 = DIRECTION ( 'NONE',  ( -1.000000000000000000, 0.0000000000000000000, 1.355252715606880543E-16 ) ) ;
#8828 = ORIENTED_EDGE ( 'NONE', *, *, #1460, .F. ) ;
#8829 = LINE ( 'NONE', #194, #7053 ) ;
#8830 = CARTESIAN_POINT ( 'NONE',  ( 0.04598466782637811862, 1.189999999999999503, -0.4192672503507026693 ) ) ;
#8831 = DIRECTION ( 'NONE',  ( 0.0000000000000000000, 0.0000000000000000000, 1.000000000000000000 ) ) ;
#8832 = DIRECTION ( 'NONE',  ( 0.0000000000000000000, 0.0000000000000000000, 1.000000000000000000 ) ) ;
#8833 = CARTESIAN_POINT ( 'NONE',  ( -0.8429226681911635710, 1.189999999999999947, -0.6958457960355314276 ) ) ;
#8834 = CARTESIAN_POINT ( 'NONE',  ( -3.999999999999999112, -0.05000000000000000278, 1.600000000000000089 ) ) ;
#8835 = CARTESIAN_POINT ( 'NONE',  ( -1.154110453338659026, 1.190099999999999936, -0.5064410560110692572 ) ) ;
#8836 = CARTESIAN_POINT ( 'NONE',  ( 0.006256296824322963787, 1.190100000000000380, -0.4563596159110770989 ) ) ;
#8837 = ORIENTED_EDGE ( 'NONE', *, *, #9715, .T. ) ;
#8838 = CARTESIAN_POINT ( 'NONE',  ( -1.037677104304477682, 1.189999999999999947, -0.6253051807870305678 ) ) ;
#8839 = CARTESIAN_POINT ( 'NONE',  ( 0.3482940064793561552, 1.190099999999999936, -0.4519615599257859051 ) ) ;
#8840 = CARTESIAN_POINT ( 'NONE',  ( 0.6184945118921961749, 1.190100000000000158, -0.4056705874717208560 ) ) ;
#8841 = CARTESIAN_POINT ( 'NONE',  ( 0.6662284682619850074, 1.190000000000000169, -0.4311469139776767379 ) ) ;
#8842 = ORIENTED_EDGE ( 'NONE', *, *, #2092, .F. ) ;
#8843 = CARTESIAN_POINT ( 'NONE',  ( 0.6463810630519876144, 1.190000000000000613, -0.4827031651378526078 ) ) ;
#8844 = B_SPLINE_CURVE_WITH_KNOTS ( 'NONE', 3,
 ( #9133, #2099, #5220, #4510, #2967, #5322, #9292, #3213, #3062, #8566, #7896, #5562, #4755, #7798, #1623, #747, #6347, #3112, #1674, #7064, #3877, #851, #8613, #8713, #1472, #7013, #5465 ),
 .UNSPECIFIED., .F., .F.,
 ( 4, 1, 1, 1, 1, 1, 1, 1, 1, 1, 1, 1, 1, 1, 1, 1, 1, 1, 1, 1, 1, 1, 1, 1, 4 ),
 ( 0.0000000000000000000, 0.03626926531809222809, 0.07244643477439456636, 0.1087304794102334771, 0.1450981600647654191, 0.1823462751057223219, 0.2200268936391484853, 0.2585161911868015805, 0.2986288867812849634, 0.3390153923502609579, 0.3791503583428297297, 0.4196664592160725404, 0.4600632887225872270, 0.5012082170982568030, 0.5431433218561908527, 0.5856568691771387725, 0.6293465994716789247, 0.6734488902650219710, 0.7180988898356421846, 0.7633308067526595186, 0.8089691753359751214, 0.8552182522384599306, 0.9025268584505481417, 0.9506296574353723106, 1.000000000000000000 ),
 .UNSPECIFIED. ) ;
#8845 = CARTESIAN_POINT ( 'NONE',  ( 0.4028369426752761995, 1.190000000000000169, -0.5460118132589502071 ) ) ;
#8846 = CARTESIAN_POINT ( 'NONE',  ( 0.06822426342084847439, 1.189999999999999725, -0.3661528663657667715 ) ) ;
#8847 = SURFACE_STYLE_USAGE ( .BOTH. , #5697 ) ;
#8848 = CARTESIAN_POINT ( 'NONE',  ( 0.2458895466613412462, 1.190000000000000169, -0.4165372098572231452 ) ) ;
#8849 = VERTEX_POINT ( 'NONE', #9413 ) ;
#8850 = B_SPLINE_CURVE_WITH_KNOTS ( 'NONE', 3,
 ( #7885, #4746, #839, #4017, #4795, #3254, #7983, #3358, #3206, #7202, #2533, #9378, #8651, #4696, #8604 ),
 .UNSPECIFIED., .F., .F.,
 ( 4, 1, 1, 1, 1, 1, 1, 1, 1, 1, 1, 1, 4 ),
 ( 0.0000000000000000000, 0.1140913523990289835, 0.2190328984669202006, 0.3144706496804023921, 0.4011753789115323210, 0.4788180200727843450, 0.5470772481369809981, 0.6067850671568066900, 0.6576765714182377653, 0.7476816539704863596, 0.8336349133073475137, 0.9166252513215905617, 1.000000000000000000 ),
 .UNSPECIFIED. ) ;
#8851 = CARTESIAN_POINT ( 'NONE',  ( 2.999999999999999556, 0.05000000000000066891, 2.904112962014783776E-19 ) ) ;
#8852 = VECTOR ( 'NONE', #1875, 1000.000000000000000 ) ;
#8853 = CARTESIAN_POINT ( 'NONE',  ( -0.9695486265100525802, 1.190000000000001057, -0.4224630332796583398 ) ) ;
#8854 = CARTESIAN_POINT ( 'NONE',  ( 0.4969891934142907641, 1.190000000000000169, -0.5476469672544999057 ) ) ;
#8855 = CARTESIAN_POINT ( 'NONE',  ( -1.049091472582121432, 1.190000000000000391, -0.5805720504624723999 ) ) ;
#8856 = ORIENTED_EDGE ( 'NONE', *, *, #9189, .F. ) ;
#8857 = VECTOR ( 'NONE', #7704, 999.9999999999998863 ) ;
#8858 = ADVANCED_FACE ( 'NONE', ( #927 ), #4782, .T. ) ;
#8859 = CARTESIAN_POINT ( 'NONE',  ( -0.4824229746950342013, 1.189999999999999947, -0.3016656062078647560 ) ) ;
#8860 = CARTESIAN_POINT ( 'NONE',  ( -1.163722049916313450, 1.190100000000000602, -0.2978030875633675412 ) ) ;
#8861 = CARTESIAN_POINT ( 'NONE',  ( 0.7344789870543688703, 1.189999999999999503, 0.2974618433293285125 ) ) ;
#8862 = CARTESIAN_POINT ( 'NONE',  ( 1.481786982558777055, 1.189999999999999947, -0.3064410560110692461 ) ) ;
#8863 = AXIS2_PLACEMENT_3D ( 'NONE', #1270, #2865, #4457 ) ;
#8864 = CARTESIAN_POINT ( 'NONE',  ( 0.4099921107639052931, 1.190000000000001279, -0.6134923380623513722 ) ) ;
#8865 = B_SPLINE_CURVE_WITH_KNOTS ( 'NONE', 3,
 ( #781, #4536, #6185, #3004, #5353, #3911, #7051, #735, #2279, #9327, #1510, #4741, #6997, #631, #7881, #10, #10131, #3152, #3966 ),
 .UNSPECIFIED., .F., .F.,
 ( 4, 1, 1, 1, 1, 1, 1, 1, 1, 1, 1, 1, 1, 1, 1, 1, 4 ),
 ( 0.0000000000000000000, 0.06542114375889261646, 0.1287083718818829992, 0.1902361418635389323, 0.2507244020335387957, 0.3106371794134437647, 0.3707664082897264013, 0.4316147444123529797, 0.4935229735663541062, 0.5558834553775334753, 0.6173423673185097771, 0.6786680390972751331, 0.7407113595451474408, 0.8029853625127444383, 0.8668025802655172640, 0.9323471713458872934, 1.000000000000000000 ),
 .UNSPECIFIED. ) ;
#8866 = CARTESIAN_POINT ( 'NONE',  ( -0.8172372212857335061, 1.190100000000000380, -0.6621989519536980451 ) ) ;
#8867 = ORIENTED_EDGE ( 'NONE', *, *, #6496, .T. ) ;
#8868 = FACE_OUTER_BOUND ( 'NONE', #4733, .T. ) ;
#8869 = DIRECTION ( 'NONE',  ( -0.0000000000000000000, -1.000000000000000000, -0.0000000000000000000 ) ) ;
#8870 = EDGE_CURVE ( 'NONE', #2198, #2465, #8740, .T. ) ;
#8871 = CARTESIAN_POINT ( 'NONE',  ( 0.1458895466613411573, 1.190099999999999936, -0.3372102867802999615 ) ) ;
#8872 = COLOUR_RGB ( '',0.2509803921568627416, 0.2509803921568627416, 0.2509803921568627416 ) ;
#8873 = ORIENTED_EDGE ( 'NONE', *, *, #6646, .T. ) ;
#8874 = DIRECTION ( 'NONE',  ( 0.8899332505568757767, -0.0000000000000000000, 0.4560907909103987801 ) ) ;
#8875 = VECTOR ( 'NONE', #5530, 1000.000000000000000 ) ;
#8876 = LINE ( 'NONE', #7907, #3478 ) ;
#8877 = CARTESIAN_POINT ( 'NONE',  ( 0.3978666638108950271, 1.189999999999999725, -0.4516027514954402688 ) ) ;
#8878 = ORIENTED_EDGE ( 'NONE', *, *, #3365, .T. ) ;
#8879 = CARTESIAN_POINT ( 'NONE',  ( -0.6605643290289575642, 1.190000000000001057, -0.5687524953572011821 ) ) ;
#8880 = CARTESIAN_POINT ( 'NONE',  ( -0.8202162225694281661, 1.189999999999999947, -0.3474666970367102370 ) ) ;
#8881 = VECTOR ( 'NONE', #5426, 1000.000000000000000 ) ;
#8882 = PLANE ( 'NONE',  #3110 ) ;
#8883 = FACE_OUTER_BOUND ( 'NONE', #5164, .T. ) ;
#8884 = EDGE_CURVE ( 'NONE', #7589, #5197, #10123, .T. ) ;
#8885 = CARTESIAN_POINT ( 'NONE',  ( -0.6723289747676286510, 1.190100000000000158, -0.6967946540270536504 ) ) ;
#8886 = CARTESIAN_POINT ( 'NONE',  ( -0.4900078892360948957, 1.189999999999999725, -0.3013128508828640806 ) ) ;
#8887 = CARTESIAN_POINT ( 'NONE',  ( -0.6160457641569243581, 1.190099999999999714, -0.6313314095160299511 ) ) ;
#8888 = CARTESIAN_POINT ( 'NONE',  ( -0.8331060553994251716, 1.190100000000000158, -0.6515275288827989675 ) ) ;
#8889 = CARTESIAN_POINT ( 'NONE',  ( -0.06180276103096667140, 1.189999999999999947, -0.7064410560110692128 ) ) ;
#8890 = ORIENTED_EDGE ( 'NONE', *, *, #7483, .T. ) ;
#8891 = MECHANICAL_DESIGN_GEOMETRIC_PRESENTATION_REPRESENTATION (  '', ( #1343 ), #9706 ) ;
#8892 = CARTESIAN_POINT ( 'NONE',  ( -1.046746659073201080, 1.190000000000000391, -0.6422574495321174970 ) ) ;
#8893 = CARTESIAN_POINT ( 'NONE',  ( 0.4002635476546136939, 1.190099999999999492, -0.5127667711215705415 ) ) ;
#8894 = FACE_OUTER_BOUND ( 'NONE', #6210, .T. ) ;
#8895 = CARTESIAN_POINT ( 'NONE',  ( -0.9901542086667863840, 1.189999999999999725, -0.6085334586711274030 ) ) ;
#8896 = EDGE_LOOP ( 'NONE', ( #2560, #4545, #3937, #10063 ) ) ;
#8897 = CARTESIAN_POINT ( 'NONE',  ( 0.01493267045984364438, 1.190100000000000158, -0.4764331545158594361 ) ) ;
#8898 = CARTESIAN_POINT ( 'NONE',  ( 0.3645208682131170774, 1.189999999999999947, -0.6015057719980553275 ) ) ;
#8899 = EDGE_CURVE ( 'NONE', #867, #3722, #881, .T. ) ;
#8900 = CARTESIAN_POINT ( 'NONE',  ( 0.6366895120630288174, 1.190099999999999714, -0.5758547679412991949 ) ) ;
#8901 = CARTESIAN_POINT ( 'NONE',  ( -0.8429226681911635710, 1.189999999999999947, -0.6958457960355314276 ) ) ;
#8902 = EDGE_CURVE ( 'NONE', #2203, #578, #2790, .T. ) ;
#8903 = CARTESIAN_POINT ( 'NONE',  ( 0.5063863415331362194, 1.190100000000000158, -0.5474666970367103591 ) ) ;
#8904 = EDGE_LOOP ( 'NONE', ( #2714, #8342, #4967, #3759, #9038, #6964, #4807, #7776, #3147, #9519, #566, #6614, #3476, #8162, #6914, #3327, #1622 ) ) ;
#8905 = CARTESIAN_POINT ( 'NONE',  ( -0.9247628703680533802, 1.189999999999999947, 0.3612204606816319385 ) ) ;
#8906 = CARTESIAN_POINT ( 'NONE',  ( -0.9815888171769476811, 1.190099999999999936, -0.3760371671078999167 ) ) ;
#8907 = CARTESIAN_POINT ( 'NONE',  ( 0.4213120678592215396, 1.190000000000000169, -0.5837296141381135284 ) ) ;
#8908 = CARTESIAN_POINT ( 'NONE',  ( -1.036625898288579872, 1.189999999999999725, -0.6043938570389058018 ) ) ;
#8909 = ORIENTED_EDGE ( 'NONE', *, *, #8825, .F. ) ;
#8910 = FACE_OUTER_BOUND ( 'NONE', #8368, .T. ) ;
#8911 = VECTOR ( 'NONE', #7511, 1000.000000000000000 ) ;
#8912 = LINE ( 'NONE', #324, #8754 ) ;
#8913 = DIRECTION ( 'NONE',  ( 0.0000000000000000000, 0.0000000000000000000, -1.000000000000000000 ) ) ;
#8914 = PLANE ( 'NONE',  #9229 ) ;
#8915 = DIRECTION ( 'NONE',  ( 0.0000000000000000000, -0.0000000000000000000, 1.000000000000000000 ) ) ;
#8916 = PLANE ( 'NONE',  #6543 ) ;
#8917 = ORIENTED_EDGE ( 'NONE', *, *, #3623, .F. ) ;
#8918 = CARTESIAN_POINT ( 'NONE',  ( 0.5073478799946745665, 1.190000000000000169, -0.5064410560110692572 ) ) ;
#8919 = ORIENTED_EDGE ( 'NONE', *, *, #7312, .F. ) ;
#8920 = CARTESIAN_POINT ( 'NONE',  ( 0.8418219661272522414, 1.189999999999999947, 0.1440042324496485227 ) ) ;
#8921 = CARTESIAN_POINT ( 'NONE',  ( 0.1929717151693341737, 1.189999999999999947, -0.3461071505835226492 ) ) ;
#8922 =( NAMED_UNIT ( * ) SI_UNIT ( $, .STERADIAN. ) SOLID_ANGLE_UNIT ( ) );
#8923 = ORIENTED_EDGE ( 'NONE', *, *, #3354, .F. ) ;
#8924 = DIRECTION ( 'NONE',  ( 1.000000000000000000, 7.871613956399251348E-34, -1.355252715606880789E-16 ) ) ;
#8925 = CARTESIAN_POINT ( 'NONE',  ( 0.7245052471812269967, 1.190099999999999714, 0.2801031225350935072 ) ) ;
#8926 = DIRECTION ( 'NONE',  ( 1.000000000000000000, 0.0000000000000000000, -1.355252715606880543E-16 ) ) ;
#8927 = VERTEX_POINT ( 'NONE', #4054 ) ;
#8928 = ORIENTED_EDGE ( 'NONE', *, *, #9647, .F. ) ;
#8929 = EDGE_LOOP ( 'NONE', ( #7, #120, #2244, #5890 ) ) ;
#8930 = CARTESIAN_POINT ( 'NONE',  ( -0.6568730387618760824, 1.190100000000000158, -0.5902364828733370761 ) ) ;
#8931 = EDGE_CURVE ( 'NONE', #2255, #3597, #5505, .T. ) ;
#8932 = DIRECTION ( 'NONE',  ( -0.0000000000000000000, -1.000000000000000000, -0.0000000000000000000 ) ) ;
#8933 = CARTESIAN_POINT ( 'NONE',  ( -1.207640252426032124, 1.190099999999999936, -0.3571113558545006006 ) ) ;
#8934 = CARTESIAN_POINT ( 'NONE',  ( 0.1460498030715975948, 1.190099999999999936, -0.4961846457546589262 ) ) ;
#8935 = CARTESIAN_POINT ( 'NONE',  ( -1.217389272237681341, 1.190099999999999936, -0.6364663836972354050 ) ) ;
#8936 = CARTESIAN_POINT ( 'NONE',  ( -1.080213540375790870, 1.190000000000001723, -0.4965767682962035634 ) ) ;
#8937 = CARTESIAN_POINT ( 'NONE',  ( 1.256659468776134991, 1.189999999999999947, -0.03877953931836808366 ) ) ;
#8938 = CARTESIAN_POINT ( 'NONE',  ( -1.210200196928402638, 1.189999999999999947, -0.3588449021649153803 ) ) ;
#8939 = CARTESIAN_POINT ( 'NONE',  ( 0.1616529502246831229, 1.190099999999999936, -0.5371010467364516483 ) ) ;
#8940 = EDGE_LOOP ( 'NONE', ( #2033, #8295, #4354, #5564 ) ) ;
#8941 = CARTESIAN_POINT ( 'NONE',  ( -1.102745087174168193, 1.190099999999999936, -0.6731421416211060826 ) ) ;
#8942 = CARTESIAN_POINT ( 'NONE',  ( -1.018313295076353153, 1.189999999999999059, -0.6755493836966326437 ) ) ;
#8943 = CARTESIAN_POINT ( 'NONE',  ( -3.999999999999999112, 0.05000000000000000278, 1.600000000000000089 ) ) ;
#8944 = EDGE_CURVE ( 'NONE', #8987, #5834, #7347, .T. ) ;
#8945 = LINE ( 'NONE', #5750, #6224 ) ;
#8946 = ORIENTED_EDGE ( 'NONE', *, *, #114, .T. ) ;
#8947 = CARTESIAN_POINT ( 'NONE',  ( -0.9247628703680533802, 1.190099999999999936, -0.1387795393183680615 ) ) ;
#8948 = DIRECTION ( 'NONE',  ( 1.000000000000000000, 0.0000000000000000000, -0.0000000000000000000 ) ) ;
#8949 = CARTESIAN_POINT ( 'NONE',  ( 0.05307985817974265885, 1.190000000000000169, -0.3859448477017538570 ) ) ;
#8950 = CARTESIAN_POINT ( 'NONE',  ( -0.9900078892360949512, 1.190099999999999936, -0.6127711842161974731 ) ) ;
#8951 = CARTESIAN_POINT ( 'NONE',  ( 0.1259821714632645695, 1.189999999999999503, -0.3385022970563167921 ) ) ;
#8952 = ORIENTED_EDGE ( 'NONE', *, *, #602, .T. ) ;
#8953 = DIRECTION ( 'NONE',  ( 1.000000000000000000, 0.0000000000000000000, 0.0000000000000000000 ) ) ;
#8954 = B_SPLINE_CURVE_WITH_KNOTS ( 'NONE', 3,
 ( #3698, #513, #5964, #6788, #1956, #3650, #565, #7554, #2924, #6011, #8172, #456, #9098, #1285, #5084, #6268, #7659, #3740, #5284 ),
 .UNSPECIFIED., .F., .F.,
 ( 4, 1, 1, 1, 1, 1, 1, 1, 1, 1, 1, 1, 1, 1, 1, 1, 4 ),
 ( 0.0000000000000000000, 0.05567403469474974109, 0.1100909038627725656, 0.1635028111028379860, 0.2169961249696786554, 0.2701419392219776561, 0.3236981925915560221, 0.3780479537039595495, 0.4333069579889510803, 0.4909042557583539468, 0.5512251465144850648, 0.6150752649274696671, 0.6832133594847293878, 0.7555153062196978686, 0.8324066895490680462, 0.9139218608682637690, 1.000000000000000000 ),
 .UNSPECIFIED. ) ;
#8955 = CARTESIAN_POINT ( 'NONE',  ( -1.024349797622125857, 1.190000000000001279, -0.3274411746493743336 ) ) ;
#8956 = ADVANCED_FACE ( 'NONE', ( #9364 ), #201, .T. ) ;
#8957 = CARTESIAN_POINT ( 'NONE',  ( -1.161942357547540716, 1.189999999999999947, 0.3099384093995806166 ) ) ;
#8958 = ORIENTED_EDGE ( 'NONE', *, *, #9219, .T. ) ;
#8959 = CARTESIAN_POINT ( 'NONE',  ( -0.9284694276976332983, 1.190099999999999936, -0.3064410560110692461 ) ) ;
#8960 = CARTESIAN_POINT ( 'NONE',  ( -0.6607150415076656902, 1.190100000000000158, -0.6182161945284468940 ) ) ;
#8961 = CARTESIAN_POINT ( 'NONE',  ( -1.215938040577438706, 1.190099999999999714, -0.3128377384868378241 ) ) ;
#8962 = CARTESIAN_POINT ( 'NONE',  ( -4.000000000000000888, 0.05000000000000000278, -1.599999999999997868 ) ) ;
#8963 = CARTESIAN_POINT ( 'NONE',  ( -2.999999999999999556, -3.643879807547199021E-16, -1.899999999999999911 ) ) ;
#8964 = PRESENTATION_STYLE_ASSIGNMENT (( #5005 ) ) ;
#8965 = VERTEX_POINT ( 'NONE', #8792 ) ;
#8966 = CARTESIAN_POINT ( 'NONE',  ( 0.5013638900008234867, 1.190000000000001279, -0.6755968649961983097 ) ) ;
#8967 = CARTESIAN_POINT ( 'NONE',  ( -0.7797106284034085455, 1.190099999999999936, -0.6743209595132357848 ) ) ;
#8968 = ORIENTED_EDGE ( 'NONE', *, *, #9130, .T. ) ;
#8969 = CARTESIAN_POINT ( 'NONE',  ( 0.5539341885628350504, 1.189999999999999725, -0.6682952658138963109 ) ) ;
#8970 = FACE_OUTER_BOUND ( 'NONE', #9723, .T. ) ;
#8971 = ORIENTED_EDGE ( 'NONE', *, *, #5956, .F. ) ;
#8972 = CARTESIAN_POINT ( 'NONE',  ( 0.1460498030715975948, 1.189999999999999503, -0.4961846457546589262 ) ) ;
#8973 = CARTESIAN_POINT ( 'NONE',  ( 0.7409418476813657284, 1.190099999999999936, 0.3045943001604498601 ) ) ;
#8974 = LINE ( 'NONE', #3534, #9339 ) ;
#8975 = ADVANCED_FACE ( 'NONE', ( #9611 ), #10120, .T. ) ;
#8976 = VERTEX_POINT ( 'NONE', #7558 ) ;
#8977 = B_SPLINE_CURVE_WITH_KNOTS ( 'NONE', 3,
 ( #2935, #3804, #766, #6985, #9210, #9360, #5295, #6940, #4525, #6886, #2318, #8586, #5386, #1494, #10117 ),
 .UNSPECIFIED., .F., .F.,
 ( 4, 1, 1, 1, 1, 1, 1, 1, 1, 1, 1, 1, 4 ),
 ( 0.0000000000000000000, 0.09664971390630056058, 0.1916893108962417214, 0.2853541611051264582, 0.3791825505080103076, 0.4709413570834042329, 0.5578032625296883706, 0.6402715697858936128, 0.7212414728936015207, 0.7982267779146334785, 0.8689603011257448495, 0.9355331232190550184, 1.000000000000000000 ),
 .UNSPECIFIED. ) ;
#8978 = LINE ( 'NONE', #4150, #3906 ) ;
#8979 = CARTESIAN_POINT ( 'NONE',  ( -3.839783448439272107, 0.8149999999999998357, -0.7499999999999991118 ) ) ;
#8980 = CARTESIAN_POINT ( 'NONE',  ( 0.05725673501282008832, 1.189999999999999059, -0.4542906192137793342 ) ) ;
#8981 = FACE_OUTER_BOUND ( 'NONE', #4222, .T. ) ;
#8982 = CARTESIAN_POINT ( 'NONE',  ( -1.019329475203652358, 1.190000000000001279, -0.4439860433947920848 ) ) ;
#8983 = CARTESIAN_POINT ( 'NONE',  ( -0.9852283996229216356, 1.189999999999999947, -0.4801793191973615649 ) ) ;
#8984 = CARTESIAN_POINT ( 'NONE',  ( 0.6277331168510237314, 1.189999999999999947, -0.6643035223519062615 ) ) ;
#8985 = CARTESIAN_POINT ( 'NONE',  ( 0.2527983826388012778, 1.190100000000000380, -0.5031792582834291316 ) ) ;
#8986 = EDGE_CURVE ( 'NONE', #6148, #8278, #3700, .T. ) ;
#8987 = VERTEX_POINT ( 'NONE', #9201 ) ;
#8988 = CARTESIAN_POINT ( 'NONE',  ( -1.036379965931536695, 1.190100000000000158, -0.6191850176400984784 ) ) ;
#8989 = CARTESIAN_POINT ( 'NONE',  ( 0.3828354658641154318, 1.190099999999999936, -0.5005888260271562640 ) ) ;
#8990 = CARTESIAN_POINT ( 'NONE',  ( -3.892486261452670515, 0.8149999999999998357, -0.7499999999999991118 ) ) ;
#8991 = CARTESIAN_POINT ( 'NONE',  ( 0.6274045900107232399, 1.189999999999999947, -0.5016881079069344107 ) ) ;
#8992 = B_SPLINE_CURVE_WITH_KNOTS ( 'NONE', 3,
 ( #3664, #2269, #5199, #4632, #3757, #3810, #6752 ),
 .UNSPECIFIED., .F., .F.,
 ( 4, 1, 1, 1, 4 ),
 ( 0.0000000000000000000, 0.2613143318069801602, 0.5129744301794494366, 0.7575391406477348655, 1.000000000000000000 ),
 .UNSPECIFIED. ) ;
#8993 = ORIENTED_EDGE ( 'NONE', *, *, #1266, .F. ) ;
#8994 = CARTESIAN_POINT ( 'NONE',  ( 0.6664023671741616806, 1.190000000000000391, -0.4229474662674794772 ) ) ;
#8995 = CARTESIAN_POINT ( 'NONE',  ( 0.8879074629249988915, 1.190100000000000380, 0.1714115668871903919 ) ) ;
#8996 = CARTESIAN_POINT ( 'NONE',  ( 0.6420693973388563736, 1.190100000000000602, -0.5875459171506343115 ) ) ;
#8997 = VECTOR ( 'NONE', #1288, 1000.000000000000000 ) ;
#8998 = CARTESIAN_POINT ( 'NONE',  ( -2.499999999999999556, -3.452096659781554788E-16, -1.800000000000000266 ) ) ;
#8999 = EDGE_CURVE ( 'NONE', #1243, #9976, #8481, .T. ) ;
#9000 = ORIENTED_EDGE ( 'NONE', *, *, #671, .T. ) ;
#9001 = VECTOR ( 'NONE', #709, 1000.000000000000000 ) ;
#9002 = DIRECTION ( 'NONE',  ( 0.0000000000000000000, 5.808225924029490901E-18, -1.000000000000000000 ) ) ;
#9003 = CARTESIAN_POINT ( 'NONE',  ( -1.133998273851479555, 1.190099999999999936, -0.2961846457546589706 ) ) ;
#9004 = VECTOR ( 'NONE', #5382, 1000.000000000000000 ) ;
#9005 = CARTESIAN_POINT ( 'NONE',  ( 0.2823873580091272317, 1.190099999999999714, -0.4649502319425496966 ) ) ;
#9006 = EDGE_LOOP ( 'NONE', ( #9241, #2567, #7562, #8837 ) ) ;
#9007 = PLANE ( 'NONE',  #7391 ) ;
#9008 = CARTESIAN_POINT ( 'NONE',  ( -0.7100954317467238486, 1.189999999999999725, -0.6664267227843276853 ) ) ;
#9009 = ADVANCED_FACE ( 'NONE', ( #10015 ), #5288, .T. ) ;
#9010 = CARTESIAN_POINT ( 'NONE',  ( -1.265445643874941517, 1.190100000000000380, -0.3525141355808765198 ) ) ;
#9011 = LINE ( 'NONE', #4183, #5119 ) ;
#9012 =( NAMED_UNIT ( * ) PLANE_ANGLE_UNIT ( ) SI_UNIT ( $, .RADIAN. ) );
#9013 = AXIS2_PLACEMENT_3D ( 'NONE', #7301, #6538, #3453 ) ;
#9014 = CARTESIAN_POINT ( 'NONE',  ( 0.9065154709588945092, 1.189999999999999725, 0.2103312939780788426 ) ) ;
#9015 = ORIENTED_EDGE ( 'NONE', *, *, #4439, .F. ) ;
#9016 = CARTESIAN_POINT ( 'NONE',  ( 0.9079415200581861800, 1.189999999999999725, 0.2290089222200934471 ) ) ;
#9017 = ORIENTED_EDGE ( 'NONE', *, *, #7705, .F. ) ;
#9018 = VECTOR ( 'NONE', #5243, 1000.000000000000000 ) ;
#9019 = CARTESIAN_POINT ( 'NONE',  ( 0.2234805504270625798, 1.190100000000000158, -0.3661482358701814710 ) ) ;
#9020 = EDGE_CURVE ( 'NONE', #7280, #1213, #9043, .T. ) ;
#9021 = DIRECTION ( 'NONE',  ( -0.4560907909103987246, 0.0000000000000000000, 0.8899332505568756657 ) ) ;
#9022 = VERTEX_POINT ( 'NONE', #6686 ) ;
#9023 = CYLINDRICAL_SURFACE ( 'NONE', #2314, 0.1500000000000001887 ) ;
#9024 = CARTESIAN_POINT ( 'NONE',  ( 0.3638382646100591367, 1.190099999999999936, -0.6140532354982487506 ) ) ;
#9025 = DIRECTION ( 'NONE',  ( -0.1391731009600657432, -0.9902680687415702510, 0.0000000000000000000 ) ) ;
#9026 = ORIENTED_EDGE ( 'NONE', *, *, #956, .T. ) ;
#9027 = VECTOR ( 'NONE', #4288, 1000.000000000000114 ) ;
#9028 = VERTEX_POINT ( 'NONE', #8285 ) ;
#9029 = ORIENTED_EDGE ( 'NONE', *, *, #7001, .T. ) ;
#9030 = CARTESIAN_POINT ( 'NONE',  ( -1.012899163381989931, 1.190099999999999714, -0.5559099014659668603 ) ) ;
#9031 = CARTESIAN_POINT ( 'NONE',  ( 2.999999999999999556, 0.05000000000000067585, -1.749999999999998890 ) ) ;
#9032 = CARTESIAN_POINT ( 'NONE',  ( -1.165868623193591969, 1.189999999999999947, -0.3400708068734363820 ) ) ;
#9033 = AXIS2_PLACEMENT_3D ( 'NONE', #3176, #8818, #2399 ) ;
#9034 = CARTESIAN_POINT ( 'NONE',  ( -0.5258853412338289068, 1.189999999999999947, -0.3477027663000558100 ) ) ;
#9035 = AXIS2_PLACEMENT_3D ( 'NONE', #3178, #2448, #911 ) ;
#9036 = DIRECTION ( 'NONE',  ( -0.4561809899899246790, 0.0000000000000000000, 0.8898870177566432504 ) ) ;
#9037 = CARTESIAN_POINT ( 'NONE',  ( -1.149675442185563945, 1.190000000000001501, -0.5062218639470341675 ) ) ;
#9038 = ORIENTED_EDGE ( 'NONE', *, *, #9911, .F. ) ;
#9039 = FACE_OUTER_BOUND ( 'NONE', #1204, .T. ) ;
#9040 = CARTESIAN_POINT ( 'NONE',  ( 0.5071876235844181569, 1.190099999999999936, -0.7166974662674795438 ) ) ;
#9041 = CARTESIAN_POINT ( 'NONE',  ( -2.499999999999999556, -1.189999999999999947, 0.0000000000000000000 ) ) ;
#9042 = ORIENTED_EDGE ( 'NONE', *, *, #9633, .F. ) ;
#9043 = LINE ( 'NONE', #2067, #5400 ) ;
#9044 = CIRCLE ( 'NONE', #3134, 0.05000000000000012768 ) ;
#9045 = DIRECTION ( 'NONE',  ( 0.9233409004500093831, 0.0000000000000000000, 0.3839812255256315199 ) ) ;
#9046 = LINE ( 'NONE', #305, #135 ) ;
#9047 = ORIENTED_EDGE ( 'NONE', *, *, #3679, .F. ) ;
#9048 = LINE ( 'NONE', #2932, #5421 ) ;
#9049 = DIRECTION ( 'NONE',  ( 0.0000000000000000000, 0.1750333347174949372, 0.9845625077859064822 ) ) ;
#9050 = CARTESIAN_POINT ( 'NONE',  ( 0.04979241632579536198, 1.189999999999999947, -0.3931677108858488423 ) ) ;
#9051 = CARTESIAN_POINT ( 'NONE',  ( 0.2419659485761470052, 1.190099999999999492, -0.4400842492758013647 ) ) ;
#9052 = AXIS2_PLACEMENT_3D ( 'NONE', #199, #10133, #8122 ) ;
#9053 = CARTESIAN_POINT ( 'NONE',  ( -2.999999999999999556, -1.230654267715320715, -1.749999999999999778 ) ) ;
#9054 = ORIENTED_EDGE ( 'NONE', *, *, #2234, .T. ) ;
#9055 = FACE_OUTER_BOUND ( 'NONE', #8767, .T. ) ;
#9056 = CARTESIAN_POINT ( 'NONE',  ( -1.041147655031933184, 1.190099999999999714, -0.3172585571006329430 ) ) ;
#9057 = VECTOR ( 'NONE', #5401, 1000.000000000000000 ) ;
#9058 = ADVANCED_FACE ( 'NONE', ( #8379 ), #9258, .F. ) ;
#9059 = CARTESIAN_POINT ( 'NONE',  ( 0.1840929927191701510, 1.190100000000000158, -0.5352382615115438558 ) ) ;
#9060 = VERTEX_POINT ( 'NONE', #6120 ) ;
#9061 = DIRECTION ( 'NONE',  ( -0.0000000000000000000, -1.000000000000000000, -0.0000000000000000000 ) ) ;
#9062 = FACE_OUTER_BOUND ( 'NONE', #5349, .T. ) ;
#9063 = B_SPLINE_CURVE_WITH_KNOTS ( 'NONE', 3,
 ( #5500, #6337, #2424, #1560, #2331, #5600, #7932, #4791, #5547, #7195, #8696, #6996, #888, #9373, #4692, #833, #8647, #1605, #7050 ),
 .UNSPECIFIED., .F., .F.,
 ( 4, 1, 1, 1, 1, 1, 1, 1, 1, 1, 1, 1, 1, 1, 1, 1, 4 ),
 ( 0.0000000000000000000, 0.05681557216866703341, 0.1121227043635698306, 0.1668227269735995943, 0.2220963057990658074, 0.2789336422175910379, 0.3368754517250789893, 0.3978515565239448826, 0.4620390983845872324, 0.5276558516003213573, 0.5923161346088028356, 0.6572245979447229880, 0.7226974727024487732, 0.7892244270772577064, 0.8571655146102247214, 0.9276595053591100148, 1.000000000000000000 ),
 .UNSPECIFIED. ) ;
#9064 = EDGE_LOOP ( 'NONE', ( #1652, #6702, #2240, #4875 ) ) ;
#9065 = PLANE ( 'NONE',  #5299 ) ;
#9066 = DIRECTION ( 'NONE',  ( 1.000000000000000000, 0.0000000000000000000, 0.0000000000000000000 ) ) ;
#9067 = AXIS2_PLACEMENT_3D ( 'NONE', #3764, #682, #2332 ) ;
#9068 = CARTESIAN_POINT ( 'NONE',  ( -1.154110453338659026, 1.189999999999999947, -0.5474666970367102481 ) ) ;
#9069 = CARTESIAN_POINT ( 'NONE',  ( 0.9079415200581861800, 1.190099999999999936, 0.2290089222200934471 ) ) ;
#9070 = CARTESIAN_POINT ( 'NONE',  ( -1.112005078538902181, 1.189999999999999725, -0.6745857752385511219 ) ) ;
#9071 = ORIENTED_EDGE ( 'NONE', *, *, #2453, .F. ) ;
#9072 = CARTESIAN_POINT ( 'NONE',  ( -0.9711389188173059628, 1.190099999999999936, -0.4444689227889180305 ) ) ;
#9073 = EDGE_CURVE ( 'NONE', #2905, #1933, #1437, .T. ) ;
#9074 = CARTESIAN_POINT ( 'NONE',  ( 0.5412632579779840247, 1.190100000000000158, -0.3406142041033424217 ) ) ;
#9075 = VECTOR ( 'NONE', #1939, 1000.000000000000000 ) ;
#9076 = EDGE_CURVE ( 'NONE', #7886, #7625, #365, .T. ) ;
#9077 = CARTESIAN_POINT ( 'NONE',  ( 0.2441678096615973736, 1.190099999999999714, -0.4007062828145834810 ) ) ;
#9078 = FACE_OUTER_BOUND ( 'NONE', #7444, .T. ) ;
#9079 = EDGE_LOOP ( 'NONE', ( #6133, #8642, #74, #7724 ) ) ;
#9080 = DIRECTION ( 'NONE',  ( 0.1391731009600657432, -0.9902680687415702510, 0.0000000000000000000 ) ) ;
#9081 = CARTESIAN_POINT ( 'NONE',  ( 0.9417798243983067641, 1.190099999999999936, 0.2032510338552387663 ) ) ;
#9082 = SURFACE_STYLE_USAGE ( .BOTH. , #5124 ) ;
#9083 = ORIENTED_EDGE ( 'NONE', *, *, #514, .F. ) ;
#9084 = B_SPLINE_CURVE_WITH_KNOTS ( 'NONE', 3,
 ( #3277, #2450, #8726, #3225, #4820, #2507, #6315, #5628, #9489, #7224, #3994, #1067, #866, #4089, #9444, #4036, #913, #7126, #1634 ),
 .UNSPECIFIED., .F., .F.,
 ( 4, 1, 1, 1, 1, 1, 1, 1, 1, 1, 1, 1, 1, 1, 1, 1, 4 ),
 ( 0.0000000000000000000, 0.06937301271072350561, 0.1363655988880323466, 0.2014301282319582165, 0.2655602165989652264, 0.3284351223808534836, 0.3916969386471765291, 0.4550399086097451362, 0.5194921164529856528, 0.5832544135743749081, 0.6446187728776315851, 0.7039669712027115667, 0.7622300019854925113, 0.8204875216983801289, 0.8789980133763374281, 0.9386134074694246765, 1.000000000000000000 ),
 .UNSPECIFIED. ) ;
#9085 = VERTEX_POINT ( 'NONE', #3075 ) ;
#9086 = FACE_OUTER_BOUND ( 'NONE', #1779, .T. ) ;
#9087 = EDGE_CURVE ( 'NONE', #4557, #3839, #1768, .T. ) ;
#9088 = ADVANCED_FACE ( 'NONE', ( #1829 ), #1539, .T. ) ;
#9089 = UNCERTAINTY_MEASURE_WITH_UNIT (LENGTH_MEASURE( 1.000000000000000082E-05 ), #173, 'distance_accuracy_value', 'NONE');
#9090 = DIRECTION ( 'NONE',  ( -0.7410273805412743720, 0.0000000000000000000, 0.6714748106132777394 ) ) ;
#9091 = CARTESIAN_POINT ( 'NONE',  ( -1.144492265057710512, 1.189999999999999725, -0.3373573544776308775 ) ) ;
#9092 = DIRECTION ( 'NONE',  ( 0.0000000000000000000, 0.0000000000000000000, 1.000000000000000000 ) ) ;
#9093 = CARTESIAN_POINT ( 'NONE',  ( -4.000000000000000888, 0.05000000000000000278, -1.599999999999997868 ) ) ;
#9094 = CARTESIAN_POINT ( 'NONE',  ( -1.128695046605278529, 1.190099999999999492, -0.5048394443205653781 ) ) ;
#9095 = VERTEX_POINT ( 'NONE', #7268 ) ;
#9096 = CARTESIAN_POINT ( 'NONE',  ( 0.5617730311639985707, 1.190100000000000380, -0.6649556133899747756 ) ) ;
#9097 = CARTESIAN_POINT ( 'NONE',  ( 0.9391338821304431317, 1.189999999999999725, 0.1904244529921250983 ) ) ;
#9098 = CARTESIAN_POINT ( 'NONE',  ( 0.3828354658641154318, 1.190099999999999936, -0.5005888260271562640 ) ) ;
#9099 = EDGE_LOOP ( 'NONE', ( #6725, #1056, #5604, #9745 ) ) ;
#9100 = CARTESIAN_POINT ( 'NONE',  ( 0.7594385753612975520, 1.190099999999999936, 0.3637890250407292969 ) ) ;
#9101 = CARTESIAN_POINT ( 'NONE',  ( 0.4590734458146898400, 1.190099999999999936, -0.6685546236907158324 ) ) ;
#9102 = DIRECTION ( 'NONE',  ( -1.000000000000000000, 0.0000000000000000000, 0.0000000000000000000 ) ) ;
#9103 = CARTESIAN_POINT ( 'NONE',  ( 0.6662284682619850074, 1.190100000000000158, -0.4311469139776767379 ) ) ;
#9104 = CARTESIAN_POINT ( 'NONE',  ( 0.5968936172651407857, 1.190099999999999936, -0.5978312876788528518 ) ) ;
#9105 = CARTESIAN_POINT ( 'NONE',  ( -0.9247628703680533802, 1.190099999999999936, 0.06634866580983704576 ) ) ;
#9106 = CARTESIAN_POINT ( 'NONE',  ( 0.2387262575531322040, 1.190100000000000158, -0.4473565178511939022 ) ) ;
#9107 = LINE ( 'NONE', #8444, #9514 ) ;
#9108 = VERTEX_POINT ( 'NONE', #2260 ) ;
#9109 = CARTESIAN_POINT ( 'NONE',  ( 0.9062848758943022887, 1.190000000000000835, 0.2497773330876801312 ) ) ;
#9110 = EDGE_CURVE ( 'NONE', #235, #5264, #6933, .T. ) ;
#9111 = B_SPLINE_CURVE_WITH_KNOTS ( 'NONE', 3,
 ( #9366, #6331, #9459, #4007, #3144, #5539, #7924, #7140, #99, #3242, #1081, #9721, #303, #6531, #7461, #1911, #2570, #8176, #8075 ),
 .UNSPECIFIED., .F., .F.,
 ( 4, 1, 1, 1, 1, 1, 1, 1, 1, 1, 1, 1, 1, 1, 1, 1, 4 ),
 ( 0.0000000000000000000, 0.04971760327218945757, 0.09912088380314627856, 0.1480344200268149946, 0.1986713043184248628, 0.2510984156447597093, 0.3065121474387127454, 0.3655187431265703446, 0.4282382926364503573, 0.4937102170410437862, 0.5599928940998095683, 0.6273233681240125703, 0.6967282184236788245, 0.7684835238667659940, 0.8425256265121040533, 0.9198110733918858362, 1.000000000000000000 ),
 .UNSPECIFIED. ) ;
#9112 = FILL_AREA_STYLE_COLOUR ( '', #1497 ) ;
#9113 = CARTESIAN_POINT ( 'NONE',  ( 0.2897664951348604134, 1.190100000000000158, -0.4427093971527185645 ) ) ;
#9114 = ORIENTED_EDGE ( 'NONE', *, *, #4863, .F. ) ;
#9115 = LINE ( 'NONE', #6138, #3773 ) ;
#9116 = DIRECTION ( 'NONE',  ( -1.000000000000000000, 0.0000000000000000000, 0.0000000000000000000 ) ) ;
#9117 = DIRECTION ( 'NONE',  ( 0.0000000000000000000, 0.0000000000000000000, 1.000000000000000000 ) ) ;
#9118 = CARTESIAN_POINT ( 'NONE',  ( -0.9696556060882842720, 1.190099999999999714, -0.4168538619364728359 ) ) ;
#9119 = DIRECTION ( 'NONE',  ( -1.000000000000000000, 0.0000000000000000000, 0.0000000000000000000 ) ) ;
#9120 = CARTESIAN_POINT ( 'NONE',  ( 0.4510833836729835067, 1.190099999999999936, -0.4962584663682741426 ) ) ;
#9121 = EDGE_CURVE ( 'NONE', #9323, #5828, #3031, .T. ) ;
#9122 = CARTESIAN_POINT ( 'NONE',  ( -1.043582999853028381, 1.190099999999999936, -0.5284353115396406286 ) ) ;
#9123 = ORIENTED_EDGE ( 'NONE', *, *, #8884, .F. ) ;
#9124 = CARTESIAN_POINT ( 'NONE',  ( 0.2165764766376271910, 1.189999999999999947, -0.3603159631863452339 ) ) ;
#9125 = SURFACE_STYLE_USAGE ( .BOTH. , #6152 ) ;
#9126 = ORIENTED_EDGE ( 'NONE', *, *, #6850, .T. ) ;
#9127 = CARTESIAN_POINT ( 'NONE',  ( 0.0000000000000000000, -1.189999999999999947, -1.235659872050660857 ) ) ;
#9128 = CARTESIAN_POINT ( 'NONE',  ( 0.3734358284557421914, 1.189999999999999281, -0.5773945529688229161 ) ) ;
#9129 = CARTESIAN_POINT ( 'NONE',  ( 0.4978089385814047363, 1.190100000000000158, -0.2963150784247658431 ) ) ;
#9130 = EDGE_CURVE ( 'NONE', #7419, #1091, #4406, .T. ) ;
#9131 = ORIENTED_EDGE ( 'NONE', *, *, #4971, .T. ) ;
#9132 = ORIENTED_EDGE ( 'NONE', *, *, #660, .T. ) ;
#9133 = CARTESIAN_POINT ( 'NONE',  ( -0.9694950687232744002, 1.189999999999999947, -0.4252711842161974176 ) ) ;
#9134 = DIRECTION ( 'NONE',  ( 0.0000000000000000000, 0.0000000000000000000, -1.000000000000000000 ) ) ;
#9135 = CARTESIAN_POINT ( 'NONE',  ( 0.2499545928576421827, 1.190099999999999714, -0.3316711212817435306 ) ) ;
#9136 = CARTESIAN_POINT ( 'NONE',  ( -0.7691458317493913288, 1.189999999999999725, -0.6754253247773762681 ) ) ;
#9137 = LINE ( 'NONE', #5133, #5455 ) ;
#9138 = CARTESIAN_POINT ( 'NONE',  ( -1.235633334866596655, 1.189999999999999503, -0.3884709213402147143 ) ) ;
#9139 = CARTESIAN_POINT ( 'NONE',  ( 0.4348057820234919602, 1.189999999999999725, -0.3054728398486021845 ) ) ;
#9140 = CARTESIAN_POINT ( 'NONE',  ( 0.6415677443635793287, 1.190099999999999714, -0.6393390661576693335 ) ) ;
#9141 = CARTESIAN_POINT ( 'NONE',  ( 0.2527983826388012778, 1.190000000000000835, -0.5031792582834291316 ) ) ;
#9142 = EDGE_CURVE ( 'NONE', #4487, #6447, #6248, .T. ) ;
#9143 = EDGE_CURVE ( 'NONE', #9609, #6651, #10160, .T. ) ;
#9144 = ORIENTED_EDGE ( 'NONE', *, *, #4744, .T. ) ;
#9145 = CARTESIAN_POINT ( 'NONE',  ( 0.7007976618335145513, 1.190100000000000158, 0.3139186606770915655 ) ) ;
#9146 = CARTESIAN_POINT ( 'NONE',  ( 0.4166486626808749705, 1.190099999999999936, -0.6372615789926816543 ) ) ;
#9147 = CARTESIAN_POINT ( 'NONE',  ( -1.206814152419335429, 1.190099999999999936, -0.1387795393183680615 ) ) ;
#9148 = CARTESIAN_POINT ( 'NONE',  ( 0.6157563484208706805, 1.190099999999999936, -0.4460660041797590569 ) ) ;
#9149 = DIRECTION ( 'NONE',  ( 0.8703597148539594652, 0.0000000000000000000, 0.4924164566292787981 ) ) ;
#9150 = CARTESIAN_POINT ( 'NONE',  ( 0.8179575456992117521, 1.190099999999999936, 0.09968199914317038557 ) ) ;
#9151 = CARTESIAN_POINT ( 'NONE',  ( 0.2813726205013714621, 1.190100000000000158, -0.3708762039632734764 ) ) ;
#9152 = CARTESIAN_POINT ( 'NONE',  ( 2.999999999999999556, -1.230654267715319827, 1.899999999999999911 ) ) ;
#9153 = EDGE_CURVE ( 'NONE', #1239, #1265, #7595, .T. ) ;
#9154 = ORIENTED_EDGE ( 'NONE', *, *, #8771, .F. ) ;
#9155 = ADVANCED_FACE ( 'NONE', ( #4954 ), #9895, .T. ) ;
#9156 = CARTESIAN_POINT ( 'NONE',  ( 0.8265057416806205204, 1.190099999999999936, 0.3287511260945712999 ) ) ;
#9157 = CARTESIAN_POINT ( 'NONE',  ( 0.5997357005074950287, 1.190099999999999936, -0.6142936201136333096 ) ) ;
#9158 = ORIENTED_EDGE ( 'NONE', *, *, #8641, .T. ) ;
#9159 = COLOUR_RGB ( '',0.2509803921568627416, 0.2509803921568627416, 0.2509803921568627416 ) ;
#9160 = PLANE ( 'NONE',  #3141 ) ;
#9161 = VERTEX_POINT ( 'NONE', #384 ) ;
#9162 = SURFACE_STYLE_FILL_AREA ( #6898 ) ;
#9163 = CARTESIAN_POINT ( 'NONE',  ( 0.7275630206013550261, 1.190099999999999936, 0.1595912051024144518 ) ) ;
#9164 = CARTESIAN_POINT ( 'NONE',  ( -0.3079566071848126585, 1.189999999999999947, -0.2961846457546589706 ) ) ;
#9165 = CARTESIAN_POINT ( 'NONE',  ( -0.7378676711275744537, 1.190099999999999714, -0.6742852233483407343 ) ) ;
#9166 = CARTESIAN_POINT ( 'NONE',  ( -0.9976200687232745778, 1.190100000000000158, -0.4963449021649155024 ) ) ;
#9167 =( LENGTH_UNIT ( ) NAMED_UNIT ( * ) SI_UNIT ( .MILLI., .METRE. ) );
#9168 = CARTESIAN_POINT ( 'NONE',  ( -1.193134939677402473, 1.190099999999999936, -0.7064420284787633619 ) ) ;
#9169 = VECTOR ( 'NONE', #6121, 1000.000000000000000 ) ;
#9170 = DIRECTION ( 'NONE',  ( 0.0000000000000000000, 1.000000000000000000, 0.0000000000000000000 ) ) ;
#9171 = VERTEX_POINT ( 'NONE', #1212 ) ;
#9172 = ORIENTED_EDGE ( 'NONE', *, *, #2484, .T. ) ;
#9173 = VECTOR ( 'NONE', #2662, 999.9999999999998863 ) ;
#9174 = SURFACE_STYLE_USAGE ( .BOTH. , #6714 ) ;
#9175 = VERTEX_POINT ( 'NONE', #2803 ) ;
#9176 = EDGE_CURVE ( 'NONE', #2376, #2292, #8099, .T. ) ;
#9177 = VECTOR ( 'NONE', #8129, 1000.000000000000000 ) ;
#9178 = DIRECTION ( 'NONE',  ( -1.000000000000000000, -0.0000000000000000000, -0.0000000000000000000 ) ) ;
#9179 = PRESENTATION_STYLE_ASSIGNMENT (( #9125 ) ) ;
#9180 = ORIENTED_EDGE ( 'NONE', *, *, #1368, .T. ) ;
#9181 = FACE_OUTER_BOUND ( 'NONE', #276, .T. ) ;
#9182 = FACE_OUTER_BOUND ( 'NONE', #8723, .T. ) ;
#9183 = CARTESIAN_POINT ( 'NONE',  ( 0.5608279073791128111, 1.190000000000000169, -0.7089885135705017438 ) ) ;
#9184 = VECTOR ( 'NONE', #7923, 1000.000000000000000 ) ;
#9185 = ORIENTED_EDGE ( 'NONE', *, *, #7302, .F. ) ;
#9186 = ORIENTED_EDGE ( 'NONE', *, *, #9932, .T. ) ;
#9187 = CARTESIAN_POINT ( 'NONE',  ( -1.048581607184812858, 1.189999999999999725, -0.5304795175495307102 ) ) ;
#9188 = CARTESIAN_POINT ( 'NONE',  ( -2.999999999999999556, -1.230654267715319827, 1.899999999999999911 ) ) ;
#9189 = EDGE_CURVE ( 'NONE', #554, #4008, #5987, .T. ) ;
#9190 = CARTESIAN_POINT ( 'NONE',  ( 0.1502542286202601385, 1.190099999999999936, -0.2963898310218738841 ) ) ;
#9191 = CARTESIAN_POINT ( 'NONE',  ( 0.6202485210203155797, 1.190099999999999936, -0.4222263124213256336 ) ) ;
#9192 = CARTESIAN_POINT ( 'NONE',  ( -0.5222183645309954603, 1.189999999999999503, -0.3534152615014673482 ) ) ;
#9193 = CARTESIAN_POINT ( 'NONE',  ( 0.4788554662603382028, 1.190099999999999936, -0.5502259022052031767 ) ) ;
#9194 = ORIENTED_EDGE ( 'NONE', *, *, #9888, .F. ) ;
#9195 = B_SPLINE_CURVE_WITH_KNOTS ( 'NONE', 3,
 ( #7319, #231, #6508, #5718, #2443, #8718, #2654, #4959, #7950, #1060, #4029, #3419, #6560, #5778, #8920, #3763, #4300, #10037, #6952 ),
 .UNSPECIFIED., .F., .F.,
 ( 4, 1, 1, 1, 1, 1, 1, 1, 1, 1, 1, 1, 1, 1, 1, 1, 4 ),
 ( 0.0000000000000000000, 0.06535138202659353246, 0.1279160318306125643, 0.1883602055716996904, 0.2472160772654520833, 0.3056301291974113932, 0.3637698398318191528, 0.4226609139127798787, 0.4826872940903922382, 0.5433002212395589003, 0.6041179553231029731, 0.6649648912652840194, 0.7274134941125655063, 0.7914676251494238146, 0.8580554427291000597, 0.9270368146149474686, 0.9999999999999998890 ),
 .UNSPECIFIED. ) ;
#9196 = FACE_OUTER_BOUND ( 'NONE', #8738, .T. ) ;
#9197 = CARTESIAN_POINT ( 'NONE',  ( -0.9247628703680533802, 1.190099999999999936, 0.06634866580983704576 ) ) ;
#9198 = PLANE ( 'NONE',  #8669 ) ;
#9199 = ORIENTED_EDGE ( 'NONE', *, *, #5311, .F. ) ;
#9200 = ORIENTED_EDGE ( 'NONE', *, *, #7960, .F. ) ;
#9201 = CARTESIAN_POINT ( 'NONE',  ( 0.1088703158921102698, 1.190099999999999936, -0.5328032354982487062 ) ) ;
#9202 = CARTESIAN_POINT ( 'NONE',  ( 0.1843816877704116119, 1.189999999999999725, -0.4905714584871708195 ) ) ;
#9203 = STYLED_ITEM ( 'NONE', ( #7234 ), #2907 ) ;
#9204 = DIRECTION ( 'NONE',  ( 9.250866300064787191E-14, -1.000000000000000000, 1.467788517642449490E-12 ) ) ;
#9205 = AXIS2_PLACEMENT_3D ( 'NONE', #4558, #2160, #2256 ) ;
#9206 = EDGE_CURVE ( 'NONE', #6733, #4215, #2041, .T. ) ;
#9207 = CARTESIAN_POINT ( 'NONE',  ( 0.6637023598183016126, 1.190100000000000380, -0.4470062753765106089 ) ) ;
#9208 = CARTESIAN_POINT ( 'NONE',  ( 0.5927744412101915161, 1.190000000000000169, -0.5897833735372425279 ) ) ;
#9209 = CARTESIAN_POINT ( 'NONE',  ( -1.154110453338659026, 1.190099999999999936, -0.5474666970367102481 ) ) ;
#9210 = CARTESIAN_POINT ( 'NONE',  ( 0.5419454392559969191, 1.189999999999999947, -0.5524896067106519482 ) ) ;
#9211 = CARTESIAN_POINT ( 'NONE',  ( 0.7832816776788038560, 1.189999999999999947, 0.1040201715640100694 ) ) ;
#9212 = ORIENTED_EDGE ( 'NONE', *, *, #6585, .T. ) ;
#9213 = VECTOR ( 'NONE', #8633, 1000.000000000000000 ) ;
#9214 = AXIS2_PLACEMENT_3D ( 'NONE', #8531, #6275, #6981 ) ;
#9215 = CARTESIAN_POINT ( 'NONE',  ( 0.8705558466079248436, 1.190099999999999936, 0.3083114416399329039 ) ) ;
#9216 = CARTESIAN_POINT ( 'NONE',  ( 0.04588954666134111016, 1.190099999999999936, -0.4165372098572230897 ) ) ;
#9217 = ORIENTED_EDGE ( 'NONE', *, *, #2467, .T. ) ;
#9218 = ADVANCED_FACE ( 'NONE', ( #2649 ), #4235, .T. ) ;
#9219 = EDGE_CURVE ( 'NONE', #4161, #5459, #4401, .T. ) ;
#9220 = CARTESIAN_POINT ( 'NONE',  ( 0.7233261354428014434, 1.189999999999999947, 0.1612204606816319274 ) ) ;
#9221 = ORIENTED_EDGE ( 'NONE', *, *, #3776, .T. ) ;
#9222 = CIRCLE ( 'NONE', #8720, 0.05000000000000034972 ) ;
#9223 = LINE ( 'NONE', #6804, #7887 ) ;
#9224 = PLANE ( 'NONE',  #3665 ) ;
#9225 = PLANE ( 'NONE',  #689 ) ;
#9226 = CARTESIAN_POINT ( 'NONE',  ( 0.6389354098107470348, 1.190099999999999936, -0.3489635141451460365 ) ) ;
#9227 = CARTESIAN_POINT ( 'NONE',  ( 0.2909289383739553370, 1.189999999999999947, -0.4019678075524202310 ) ) ;
#9228 = FACE_OUTER_BOUND ( 'NONE', #3677, .T. ) ;
#9229 = AXIS2_PLACEMENT_3D ( 'NONE', #8197, #2746, #7424 ) ;
#9230 = CARTESIAN_POINT ( 'NONE',  ( 0.8978274298121218244, 1.190000000000000169, 0.1855986404213255114 ) ) ;
#9231 = B_SPLINE_SURFACE_WITH_KNOTS ( 'NONE', 3, 1, ( 
 ( #3508, #522 ),
 ( #3605, #1195 ),
 ( #7665, #7618 ),
 ( #6070, #619 ),
 ( #6745, #4481 ),
 ( #2115, #2782 ),
 ( #2933, #7510 ),
 ( #1245, #2843 ),
 ( #5913, #6884 ),
 ( #464, #5970 ),
 ( #7465, #9208 ),
 ( #9104, #5146 ),
 ( #9822, #10021 ),
 ( #6836, #3658 ),
 ( #5094, #2072 ) ),
 .UNSPECIFIED., .F., .F., .F.,
 ( 4, 1, 1, 1, 1, 1, 1, 1, 1, 1, 1, 1, 4 ),
 ( 2, 2 ),
 ( 0.0000000000000000000, 0.09664971390630056058, 0.1916893108962417214, 0.2853541611051264582, 0.3791825505080103076, 0.4709413570834042329, 0.5578032625296883706, 0.6402715697858936128, 0.7212414728936015207, 0.7982267779146334785, 0.8689603011257448495, 0.9355331232190550184, 1.000000000000000000 ),
 ( 0.0000000000000000000, 1.000000000000000000 ),
 .UNSPECIFIED. ) ;
#9232 = ORIENTED_EDGE ( 'NONE', *, *, #4398, .T. ) ;
#9233 = CARTESIAN_POINT ( 'NONE',  ( 2.499999999999999556, -1.378338643883207038, -1.723744999792374610 ) ) ;
#9234 = ORIENTED_EDGE ( 'NONE', *, *, #8553, .T. ) ;
#9235 = VECTOR ( 'NONE', #5205, 1000.000000000000000 ) ;
#9236 = LINE ( 'NONE', #390, #9252 ) ;
#9237 = ORIENTED_EDGE ( 'NONE', *, *, #3947, .T. ) ;
#9238 = CARTESIAN_POINT ( 'NONE',  ( -4.000000000000000888, 0.05000000000000000278, -1.599999999999997868 ) ) ;
#9239 = CYLINDRICAL_SURFACE ( 'NONE', #1298, 0.05000000000000034972 ) ;
#9240 = ADVANCED_FACE ( 'NONE', ( #1157 ), #5440, .T. ) ;
#9241 = ORIENTED_EDGE ( 'NONE', *, *, #4484, .T. ) ;
#9242 = ORIENTED_EDGE ( 'NONE', *, *, #9952, .T. ) ;
#9243 = AXIS2_PLACEMENT_3D ( 'NONE', #2613, #3544, #8832 ) ;
#9244 = VERTEX_POINT ( 'NONE', #8411 ) ;
#9245 = CARTESIAN_POINT ( 'NONE',  ( 0.7810208275728272032, 1.190000000000001279, 0.3696176177539741703 ) ) ;
#9246 = DIRECTION ( 'NONE',  ( 1.000000000000000000, -0.0000000000000000000, -0.0000000000000000000 ) ) ;
#9247 = CARTESIAN_POINT ( 'NONE',  ( 0.1826394722748262145, 1.189999999999999503, -0.2998913251336196573 ) ) ;
#9248 = DIRECTION ( 'NONE',  ( -1.000000000000000000, 0.0000000000000000000, -0.0000000000000000000 ) ) ;
#9249 = CARTESIAN_POINT ( 'NONE',  ( -1.231033530261735898, 1.190099999999999936, -0.6141333637033769000 ) ) ;
#9250 = CARTESIAN_POINT ( 'NONE',  ( 0.4702484588307864199, 1.190099999999999936, -0.5524616147670392552 ) ) ;
#9251 = ORIENTED_EDGE ( 'NONE', *, *, #4023, .F. ) ;
#9252 = VECTOR ( 'NONE', #9178, 1000.000000000000000 ) ;
#9253 = LINE ( 'NONE', #610, #4930 ) ;
#9254 = CARTESIAN_POINT ( 'NONE',  ( 0.7710474662960193903, 1.190099999999999936, 0.1457855148344758267 ) ) ;
#9255 = LINE ( 'NONE', #2979, #3749 ) ;
#9256 = CARTESIAN_POINT ( 'NONE',  ( -4.000000000000000888, -1.189999999999999947, -1.439783448439271529 ) ) ;
#9257 = EDGE_CURVE ( 'NONE', #5826, #2356, #6957, .T. ) ;
#9258 = PLANE ( 'NONE',  #4261 ) ;
#9259 = CARTESIAN_POINT ( 'NONE',  ( -0.9284694276976332983, 1.189999999999999947, -0.3064410560110692461 ) ) ;
#9260 = CARTESIAN_POINT ( 'NONE',  ( -1.128866483234701956, 1.189999999999999947, -0.3372791961763499935 ) ) ;
#9261 = CARTESIAN_POINT ( 'NONE',  ( 0.6202485210203155797, 1.190099999999999936, -0.4222263124213256336 ) ) ;
#9262 = CARTESIAN_POINT ( 'NONE',  ( 0.4462153313099350149, 1.190099999999999936, -0.5630028213833002670 ) ) ;
#9263 = DIRECTION ( 'NONE',  ( 0.0000000000000000000, 0.0000000000000000000, -1.000000000000000000 ) ) ;
#9264 = CARTESIAN_POINT ( 'NONE',  ( 0.1436459569177513940, 1.190099999999999936, -0.2961846457546589706 ) ) ;
#9265 = CARTESIAN_POINT ( 'NONE',  ( 0.5766743656880866098, 1.189999999999999503, -0.3068004826398729179 ) ) ;
#9266 = ORIENTED_EDGE ( 'NONE', *, *, #9281, .F. ) ;
#9267 = PLANE ( 'NONE',  #6777 ) ;
#9268 = ADVANCED_FACE ( 'NONE', ( #1314 ), #5261, .T. ) ;
#9269 = CARTESIAN_POINT ( 'NONE',  ( 0.1261639299944415649, 1.190100000000000158, -0.4949133910400214664 ) ) ;
#9270 = ORIENTED_EDGE ( 'NONE', *, *, #3219, .F. ) ;
#9271 = CARTESIAN_POINT ( 'NONE',  ( -0.4515463507745563487, 1.190099999999999936, -0.3346461842161974620 ) ) ;
#9272 = CARTESIAN_POINT ( 'NONE',  ( 0.5937279380311932808, 1.190099999999999936, -0.6363957762049615718 ) ) ;
#9273 = VERTEX_POINT ( 'NONE', #7635 ) ;
#9274 = SURFACE_SIDE_STYLE ('',( #9162 ) ) ;
#9275 = LINE ( 'NONE', #5397, #6125 ) ;
#9276 = CARTESIAN_POINT ( 'NONE',  ( 0.3928924351251805724, 1.190099999999999936, -0.6761273133168078653 ) ) ;
#9277 = CARTESIAN_POINT ( 'NONE',  ( 3.000000000000000000, 0.05000000000000000278, 1.599999999999999201 ) ) ;
#9278 = PLANE ( 'NONE',  #2486 ) ;
#9279 = CARTESIAN_POINT ( 'NONE',  ( 0.5042228799946745221, 1.190000000000000391, -0.2961846457546589706 ) ) ;
#9280 = ADVANCED_FACE ( 'NONE', ( #10135 ), #4647, .T. ) ;
#9281 = EDGE_CURVE ( 'NONE', #6379, #1998, #4449, .T. ) ;
#9282 = LINE ( 'NONE', #1268, #489 ) ;
#9283 = ORIENTED_EDGE ( 'NONE', *, *, #9347, .T. ) ;
#9284 = CARTESIAN_POINT ( 'NONE',  ( 0.9298691542302529589, 1.190000000000000169, 0.2948417741613243437 ) ) ;
#9285 = ORIENTED_EDGE ( 'NONE', *, *, #9076, .F. ) ;
#9286 = CARTESIAN_POINT ( 'NONE',  ( -1.291422777023644830, 1.189999999999999947, -0.4094097593135538338 ) ) ;
#9287 = CARTESIAN_POINT ( 'NONE',  ( 0.8142911319541177306, 1.190099999999999936, 0.3713866735789874141 ) ) ;
#9288 = ORIENTED_EDGE ( 'NONE', *, *, #9439, .F. ) ;
#9289 = CARTESIAN_POINT ( 'NONE',  ( -0.6252759645809127242, 1.190099999999999936, -0.5401500310048886755 ) ) ;
#9290 = CARTESIAN_POINT ( 'NONE',  ( 0.1359854461070555964, 1.190000000000000391, -0.4959171311634872903 ) ) ;
#9291 = ORIENTED_EDGE ( 'NONE', *, *, #1520, .T. ) ;
#9292 = CARTESIAN_POINT ( 'NONE',  ( -0.9779006320476102410, 1.189999999999999725, -0.3840134454658780672 ) ) ;
#9293 = LINE ( 'NONE', #6865, #2134 ) ;
#9294 = EDGE_LOOP ( 'NONE', ( #2386, #9988, #4286, #3293 ) ) ;
#9295 = CARTESIAN_POINT ( 'NONE',  ( 0.2166596706105848036, 1.190099999999999936, -0.4730817276904683566 ) ) ;
#9296 = CARTESIAN_POINT ( 'NONE',  ( 0.8978389562386639433, 1.190099999999999714, 0.3385393651491310774 ) ) ;
#9297 =( NAMED_UNIT ( * ) SI_UNIT ( $, .STERADIAN. ) SOLID_ANGLE_UNIT ( ) );
#9298 = SURFACE_STYLE_FILL_AREA ( #3121 ) ;
#9299 = ORIENTED_EDGE ( 'NONE', *, *, #3017, .T. ) ;
#9300 = CARTESIAN_POINT ( 'NONE',  ( 0.5689540361949425584, 1.190099999999999714, -0.6610289918340532811 ) ) ;
#9301 = DIRECTION ( 'NONE',  ( 0.0000000000000000000, 0.0000000000000000000, -1.000000000000000000 ) ) ;
#9302 = CARTESIAN_POINT ( 'NONE',  ( -1.233860773129405786, 1.190099999999999936, -0.6833073034522749722 ) ) ;
#9303 = CARTESIAN_POINT ( 'NONE',  ( 0.1372507117244878283, 1.190099999999999936, -0.2963578674344338193 ) ) ;
#9304 = CARTESIAN_POINT ( 'NONE',  ( -1.056967149974327391, 1.189999999999999725, -0.6524614883629352713 ) ) ;
#9305 = B_SPLINE_CURVE_WITH_KNOTS ( 'NONE', 3,
 ( #7249, #986, #5695, #4936, #1708, #8845, #4113, #5753, #8797, #9775, #8082, #9726, #8898, #7976, #933 ),
 .UNSPECIFIED., .F., .F.,
 ( 4, 1, 1, 1, 1, 1, 1, 1, 1, 1, 1, 1, 4 ),
 ( 0.0000000000000000000, 0.07970121939904359354, 0.1553562281276001933, 0.2290002185822234138, 0.2990795871484149826, 0.3665958925813741498, 0.4311496099534786186, 0.4946088017168487894, 0.5558630631443920445, 0.6728495545640683639, 0.7840358263102060743, 0.8918733718565691193, 1.000000000000000000 ),
 .UNSPECIFIED. ) ;
#9306 = CARTESIAN_POINT ( 'NONE',  ( 0.4760399899723772865, 1.190099999999999936, -0.6732237716534921201 ) ) ;
#9307 = B_SPLINE_CURVE_WITH_KNOTS ( 'NONE', 3,
 ( #1579, #4815, #4761, #7073, #861, #4607, #3989, #1682, #8666, #5568, #7121 ),
 .UNSPECIFIED., .F., .F.,
 ( 4, 1, 1, 1, 1, 1, 1, 1, 4 ),
 ( 0.0000000000000000000, 0.1142111380673997423, 0.2251696778288221346, 0.3364881489222327771, 0.4512944551709172081, 0.5726075620908457342, 0.7025532420149689372, 0.8450604094388959320, 1.000000000000000000 ),
 .UNSPECIFIED. ) ;
#9308 = LINE ( 'NONE', #4478, #3915 ) ;
#9309 = DIRECTION ( 'NONE',  ( -0.0000000000000000000, -1.000000000000000000, -0.0000000000000000000 ) ) ;
#9310 = CARTESIAN_POINT ( 'NONE',  ( 0.4262614198950580024, 1.190099999999999492, -0.5781861563196674103 ) ) ;
#9311 = EDGE_CURVE ( 'NONE', #4903, #8645, #9282, .T. ) ;
#9312 = CARTESIAN_POINT ( 'NONE',  ( -1.246418145646351228, 1.190099999999999936, -0.4141333637033769444 ) ) ;
#9313 = PRESENTATION_STYLE_ASSIGNMENT (( #5341 ) ) ;
#9314 = CARTESIAN_POINT ( 'NONE',  ( 0.4322298400785992145, 1.190000000000000169, -0.3530060948526204112 ) ) ;
#9315 = EDGE_LOOP ( 'NONE', ( #8465, #9798, #9598, #758 ) ) ;
#9316 = B_SPLINE_SURFACE_WITH_KNOTS ( 'NONE', 3, 1, ( 
 ( #1848, #8118 ),
 ( #3435, #141 ),
 ( #7335, #291 ),
 ( #5843, #3286 ),
 ( #9709, #2669 ),
 ( #9760, #8167 ),
 ( #9859, #7653 ),
 ( #6867, #6824 ),
 ( #5278, #10005 ),
 ( #2830, #3692 ),
 ( #1331, #2009 ) ),
 .UNSPECIFIED., .F., .F., .F.,
 ( 4, 1, 1, 1, 1, 1, 1, 1, 4 ),
 ( 2, 2 ),
 ( 0.0000000000000000000, 0.1366281723862562969, 0.2652792452876292506, 0.3921749549972425308, 0.5212708780934628416, 0.6476503458798184010, 0.7649150461746340168, 0.8801814335384791077, 1.000000000000000000 ),
 ( 0.0000000000000000000, 1.000000000000000000 ),
 .UNSPECIFIED. ) ;
#9317 = CARTESIAN_POINT ( 'NONE',  ( 0.8165844403442772403, 1.190000000000000835, 0.3301727274762689679 ) ) ;
#9318 = CARTESIAN_POINT ( 'NONE',  ( 0.01057333689572626662, 1.190000000000000169, -0.4673718126739204171 ) ) ;
#9319 = CARTESIAN_POINT ( 'NONE',  ( 0.5919512851988977253, 1.190100000000000380, -0.3130169442839405014 ) ) ;
#9320 = ORIENTED_EDGE ( 'NONE', *, *, #8749, .F. ) ;
#9321 = CARTESIAN_POINT ( 'NONE',  ( 0.2381171107639051265, 1.190099999999999936, -0.6949827226777359757 ) ) ;
#9322 = CARTESIAN_POINT ( 'NONE',  ( 0.5963410474948915851, 1.190000000000000391, -0.6310037110325911192 ) ) ;
#9323 = VERTEX_POINT ( 'NONE', #1847 ) ;
#9324 = CARTESIAN_POINT ( 'NONE',  ( -0.9764621443576858573, 1.189999999999999947, -0.4627781101930281138 ) ) ;
#9325 = ADVANCED_FACE ( 'NONE', ( #1792 ), #3284, .F. ) ;
#9326 = CARTESIAN_POINT ( 'NONE',  ( 0.5084443812703787202, 1.190000000000000169, -0.6756051361636160602 ) ) ;
#9327 = CARTESIAN_POINT ( 'NONE',  ( 0.7220772274422732062, 1.189999999999999947, 0.3401589767095890005 ) ) ;
#9328 = CARTESIAN_POINT ( 'NONE',  ( -0.9724044252130382704, 1.190099999999999714, -0.4002311823457881945 ) ) ;
#9329 = DIRECTION ( 'NONE',  ( 1.000000000000000000, 0.0000000000000000000, -0.0000000000000000000 ) ) ;
#9330 = CARTESIAN_POINT ( 'NONE',  ( 0.8879074629249988915, 1.190100000000000380, 0.1714115668871903919 ) ) ;
#9331 = VERTEX_POINT ( 'NONE', #7913 ) ;
#9332 = FACE_OUTER_BOUND ( 'NONE', #931, .T. ) ;
#9333 = EDGE_CURVE ( 'NONE', #5834, #5714, #7963, .T. ) ;
#9334 = CARTESIAN_POINT ( 'NONE',  ( -1.161942357547540716, 1.190099999999999936, 0.3099384093995806166 ) ) ;
#9335 = ORIENTED_EDGE ( 'NONE', *, *, #8399, .F. ) ;
#9336 = VECTOR ( 'NONE', #6518, 1000.000000000000000 ) ;
#9337 = CARTESIAN_POINT ( 'NONE',  ( -0.6299558184677207517, 1.190099999999999936, -0.5324978571738661071 ) ) ;
#9338 = CARTESIAN_POINT ( 'NONE',  ( 0.1167554670975110703, 1.189999999999999725, -0.4930035921471505600 ) ) ;
#9339 = VECTOR ( 'NONE', #6671, 1000.000000000000000 ) ;
#9340 = ORIENTED_EDGE ( 'NONE', *, *, #10057, .T. ) ;
#9341 = DIRECTION ( 'NONE',  ( -0.0000000000000000000, 1.000000000000000000, -0.0000000000000000000 ) ) ;
#9342 = VECTOR ( 'NONE', #918, 1000.000000000000000 ) ;
#9343 = FILL_AREA_STYLE ('',( #4707 ) ) ;
#9344 = ORIENTED_EDGE ( 'NONE', *, *, #2419, .T. ) ;
#9345 = EDGE_CURVE ( 'NONE', #8823, #4786, #3434, .T. ) ;
#9346 = CARTESIAN_POINT ( 'NONE',  ( 0.2419659485761470052, 1.190099999999999492, -0.4400842492758013647 ) ) ;
#9347 = EDGE_CURVE ( 'NONE', #623, #9534, #6471, .T. ) ;
#9348 = FACE_OUTER_BOUND ( 'NONE', #1444, .T. ) ;
#9349 = VERTEX_POINT ( 'NONE', #6420 ) ;
#9350 = CARTESIAN_POINT ( 'NONE',  ( -0.9906375856254009404, 1.190099999999999714, -0.6260092473840537242 ) ) ;
#9351 = LINE ( 'NONE', #9197, #8881 ) ;
#9352 = CARTESIAN_POINT ( 'NONE',  ( -1.263542032087130895, 1.190099999999999492, -0.6479962111754083987 ) ) ;
#9353 = MECHANICAL_DESIGN_GEOMETRIC_PRESENTATION_REPRESENTATION (  '', ( #1463 ), #2941 ) ;
#9354 = CARTESIAN_POINT ( 'NONE',  ( -0.5221934888813262177, 1.189999999999999725, -0.3160339649121392536 ) ) ;
#9355 = CARTESIAN_POINT ( 'NONE',  ( 0.5104528502641969556, 1.190099999999999936, -0.5475656221983913330 ) ) ;
#9356 = CARTESIAN_POINT ( 'NONE',  ( -1.105410687017965188, 1.190099999999999936, -0.5524529594905194241 ) ) ;
#9357 = AXIS2_PLACEMENT_3D ( 'NONE', #3867, #2088, #637 ) ;
#9358 = LINE ( 'NONE', #4724, #8875 ) ;
#9359 = CARTESIAN_POINT ( 'NONE',  ( 0.9239901473353983041, 1.190099999999999936, 0.1559916045026203679 ) ) ;
#9360 = CARTESIAN_POINT ( 'NONE',  ( 0.5530179558497507752, 1.189999999999999947, -0.5564617301757828205 ) ) ;
#9361 = CARTESIAN_POINT ( 'NONE',  ( 0.3899540530238704283, 1.190100000000000158, -0.4076953343427341947 ) ) ;
#9362 = CARTESIAN_POINT ( 'NONE',  ( -1.277187376415582110, 1.190099999999999936, -0.6141333637033769000 ) ) ;
#9363 = CARTESIAN_POINT ( 'NONE',  ( -2.999999999999999556, -1.189999999999999725, -0.9499999999999996225 ) ) ;
#9364 = FACE_OUTER_BOUND ( 'NONE', #1585, .T. ) ;
#9365 = VECTOR ( 'NONE', #256, 1000.000000000000000 ) ;
#9366 = CARTESIAN_POINT ( 'NONE',  ( -1.036161735389941052, 1.190099999999999936, -0.6129314406264538828 ) ) ;
#9367 = ORIENTED_EDGE ( 'NONE', *, *, #9347, .F. ) ;
#9368 = B_SPLINE_CURVE_WITH_KNOTS ( 'NONE', 3,
 ( #4693, #2425, #5548, #8648, #6238, #1410, #9276, #4642, #3095, #3863, #10088, #834, #5452, #6140, #7831 ),
 .UNSPECIFIED., .F., .F.,
 ( 4, 1, 1, 1, 1, 1, 1, 1, 1, 1, 1, 1, 4 ),
 ( 0.0000000000000000000, 0.06593052914301281153, 0.1332411685289087711, 0.2045200604876719064, 0.2806612701192124359, 0.3607811214334499805, 0.4428158891349322501, 0.5282416223579973202, 0.6187104724835469360, 0.7122113313651774469, 0.8061295683052178696, 0.9016429024052181607, 1.000000000000000000 ),
 .UNSPECIFIED. ) ;
#9369 = CARTESIAN_POINT ( 'NONE',  ( -0.9694950687232744002, 1.190099999999999936, -0.4252711842161974176 ) ) ;
#9370 = CARTESIAN_POINT ( 'NONE',  ( 0.5962842211695437156, 1.190000000000000391, -0.3689355127853699567 ) ) ;
#9371 = ORIENTED_EDGE ( 'NONE', *, *, #9952, .F. ) ;
#9372 = CARTESIAN_POINT ( 'NONE',  ( -0.9803358028524898904, 1.190100000000000380, -0.4716145230859667969 ) ) ;
#9373 = CARTESIAN_POINT ( 'NONE',  ( -0.7189392046603775288, 1.190000000000000169, -0.6698033857973720862 ) ) ;
#9374 = LINE ( 'NONE', #7727, #4312 ) ;
#9375 = VECTOR ( 'NONE', #6045, 999.9999999999998863 ) ;
#9376 = DIRECTION ( 'NONE',  ( -0.7832176788222146024, 0.0000000000000000000, 0.6217475915356184268 ) ) ;
#9377 = CARTESIAN_POINT ( 'NONE',  ( -1.056200360952217254, 1.190099999999999936, -0.3564560383909983199 ) ) ;
#9378 = CARTESIAN_POINT ( 'NONE',  ( -0.6605643290289575642, 1.190099999999999936, -0.5687524953572011821 ) ) ;
#9379 = ADVANCED_FACE ( 'NONE', ( #6574 ), #3230, .T. ) ;
#9380 = EDGE_LOOP ( 'NONE', ( #2143, #4382, #3472, #5938 ) ) ;
#9381 = CARTESIAN_POINT ( 'NONE',  ( 0.9256827113435187604, 1.190099999999999714, 0.3032218193068986767 ) ) ;
#9382 = EDGE_LOOP ( 'NONE', ( #5644, #3737, #1791, #6875 ) ) ;
#9383 = CARTESIAN_POINT ( 'NONE',  ( 2.999999999999999556, -0.1000000000000007966, 1.800000000000000266 ) ) ;
#9384 = CARTESIAN_POINT ( 'NONE',  ( 1.322812623584417979, 1.189999999999999947, -0.4852070816520949181 ) ) ;
#9385 = CARTESIAN_POINT ( 'NONE',  ( 0.3433254440972385857, 1.190099999999999936, -0.4196622098572230786 ) ) ;
#9386 = EDGE_CURVE ( 'NONE', #1688, #5892, #2561, .T. ) ;
#9387 = ORIENTED_EDGE ( 'NONE', *, *, #670, .F. ) ;
#9388 = DIRECTION ( 'NONE',  ( 1.000000000000000000, -0.0000000000000000000, 0.0000000000000000000 ) ) ;
#9389 = CARTESIAN_POINT ( 'NONE',  ( 0.6120924762639283756, 1.190100000000000158, -0.4535682701521518978 ) ) ;
#9390 = EDGE_LOOP ( 'NONE', ( #2328, #9131, #4228, #6546 ) ) ;
#9391 = PRODUCT ( 'User Library-mc-306 crystal', 'User Library-mc-306 crystal', '', ( #4204 ) ) ;
#9392 = CARTESIAN_POINT ( 'NONE',  ( 0.2013231595053171230, 1.190000000000001057, -0.4832501962524873851 ) ) ;
#9393 = CARTESIAN_POINT ( 'NONE',  ( -0.7281796666249341632, 1.190100000000000158, -0.6724741553501637492 ) ) ;
#9394 = ORIENTED_EDGE ( 'NONE', *, *, #8986, .T. ) ;
#9395 = DIRECTION ( 'NONE',  ( -0.0000000000000000000, -1.000000000000000000, -0.0000000000000000000 ) ) ;
#9396 = CARTESIAN_POINT ( 'NONE',  ( 4.000000000000000888, 0.05000000000000000278, 1.599999999999998979 ) ) ;
#9397 = CARTESIAN_POINT ( 'NONE',  ( -1.214475810482594120, 1.190100000000000158, -0.6964768438098364323 ) ) ;
#9398 = ORIENTED_EDGE ( 'NONE', *, *, #3282, .T. ) ;
#9399 = VECTOR ( 'NONE', #9731, 1000.000000000000000 ) ;
#9400 = EDGE_CURVE ( 'NONE', #1406, #8401, #6521, .T. ) ;
#9401 = CARTESIAN_POINT ( 'NONE',  ( -1.070171736090613557, 1.190000000000000169, -0.6615561307829288529 ) ) ;
#9402 = EDGE_CURVE ( 'NONE', #7045, #5875, #1023, .T. ) ;
#9403 = LINE ( 'NONE', #4770, #6044 ) ;
#9404 = FACE_OUTER_BOUND ( 'NONE', #6000, .T. ) ;
#9405 = FACE_OUTER_BOUND ( 'NONE', #3480, .T. ) ;
#9406 = VECTOR ( 'NONE', #3910, 1000.000000000000000 ) ;
#9407 = CARTESIAN_POINT ( 'NONE',  ( 0.8114671610838271043, 1.190099999999999936, 0.1407076401688113765 ) ) ;
#9408 = CARTESIAN_POINT ( 'NONE',  ( 0.1458895466613411573, 1.190099999999999714, -0.3372102867802999615 ) ) ;
#9409 = SURFACE_STYLE_FILL_AREA ( #3037 ) ;
#9410 = CARTESIAN_POINT ( 'NONE',  ( 1.451531263647929615, 1.190099999999999936, 0.3612204606816319385 ) ) ;
#9411 = CARTESIAN_POINT ( 'NONE',  ( -1.145166101599976560, 1.189999999999999503, -0.7164994207749446620 ) ) ;
#9412 = CARTESIAN_POINT ( 'NONE',  ( -1.245366257592180892, 1.189999999999999947, -0.4110452189558209124 ) ) ;
#9413 = CARTESIAN_POINT ( 'NONE',  ( 0.9284543405710066200, 1.190099999999999936, 0.002246101707272939348 ) ) ;
#9414 = CARTESIAN_POINT ( 'NONE',  ( 0.3841461354504300818, 1.190000000000000835, -0.3344888050610302921 ) ) ;
#9415 = ORIENTED_EDGE ( 'NONE', *, *, #7483, .F. ) ;
#9416 = ORIENTED_EDGE ( 'NONE', *, *, #2312, .T. ) ;
#9417 = CARTESIAN_POINT ( 'NONE',  ( 0.6184945118921961749, 1.190000000000000169, -0.4056705874717208560 ) ) ;
#9418 = VERTEX_POINT ( 'NONE', #7334 ) ;
#9419 = LINE ( 'NONE', #680, #5733 ) ;
#9420 = CARTESIAN_POINT ( 'NONE',  ( 0.5436033047979231814, 1.190099999999999714, -0.7135098243621745828 ) ) ;
#9421 = DIRECTION ( 'NONE',  ( 0.0000000000000000000, -0.0000000000000000000, 1.000000000000000000 ) ) ;
#9422 = CARTESIAN_POINT ( 'NONE',  ( -1.056200360952217254, 1.190000000000000169, -0.3564560383909983199 ) ) ;
#9423 = CARTESIAN_POINT ( 'NONE',  ( 1.415633827750493845, 1.190099999999999936, 0.002246101707272939348 ) ) ;
#9424 = VERTEX_POINT ( 'NONE', #4867 ) ;
#9425 = CARTESIAN_POINT ( 'NONE',  ( 0.8762369073001732289, 1.189999999999999281, 0.3539219716616484601 ) ) ;
#9426 = EDGE_CURVE ( 'NONE', #7442, #3335, #8829, .T. ) ;
#9427 = CARTESIAN_POINT ( 'NONE',  ( -1.272746458952023874, 1.190099999999999714, -0.3631115784079088082 ) ) ;
#9428 = CARTESIAN_POINT ( 'NONE',  ( 0.6366895120630288174, 1.190099999999999714, -0.5758547679412991949 ) ) ;
#9429 = CARTESIAN_POINT ( 'NONE',  ( 0.7856104957944781697, 1.190000000000000169, 0.3282554895106565840 ) ) ;
#9430 = CARTESIAN_POINT ( 'NONE',  ( 0.4193235952316850534, 1.190000000000001057, -0.6954448810044467910 ) ) ;
#9431 = ORIENTED_EDGE ( 'NONE', *, *, #9130, .F. ) ;
#9432 = CARTESIAN_POINT ( 'NONE',  ( -0.4925845429323215119, 1.189999999999999725, -0.3014316263116777472 ) ) ;
#9433 = EDGE_LOOP ( 'NONE', ( #938, #5571, #4687, #4019 ) ) ;
#9434 = DIRECTION ( 'NONE',  ( -0.8760724843746805490, 0.0000000000000000000, -0.4821794293845136359 ) ) ;
#9435 = ORIENTED_EDGE ( 'NONE', *, *, #7639, .T. ) ;
#9436 = DIRECTION ( 'NONE',  ( -1.000000000000000000, -0.0000000000000000000, -0.0000000000000000000 ) ) ;
#9437 = CARTESIAN_POINT ( 'NONE',  ( 0.8600345415739965027, 1.190099999999999714, 0.3616118566317211847 ) ) ;
#9438 = CARTESIAN_POINT ( 'NONE',  ( 0.1570273671741616306, 1.190099999999999936, -0.5372102867803000281 ) ) ;
#9439 = EDGE_CURVE ( 'NONE', #2098, #6052, #9708, .T. ) ;
#9440 = CARTESIAN_POINT ( 'NONE',  ( 0.5073478799946745665, 1.189999999999999947, -0.5064410560110692572 ) ) ;
#9441 = ORIENTED_EDGE ( 'NONE', *, *, #2335, .F. ) ;
#9442 = CARTESIAN_POINT ( 'NONE',  ( 0.7708421610838271931, 1.190099999999999936, 0.1074544350406062831 ) ) ;
#9443 = CARTESIAN_POINT ( 'NONE',  ( 0.9167026056591717209, 1.190099999999999714, 0.1458021335262222884 ) ) ;
#9444 = CARTESIAN_POINT ( 'NONE',  ( 0.2867473547633833109, 1.190000000000000169, -0.4540951466512406220 ) ) ;
#9445 = EDGE_LOOP ( 'NONE', ( #6992, #7490, #162, #8057 ) ) ;
#9446 = B_SPLINE_CURVE_WITH_KNOTS ( 'NONE', 3,
 ( #2930, #6067, #1241, #1394, #9306, #8329, #9101, #7707, #6879, #3747, #4477, #6016, #2884, #9146, #5335, #568, #4372, #8482, #4520 ),
 .UNSPECIFIED., .F., .F.,
 ( 4, 1, 1, 1, 1, 1, 1, 1, 1, 1, 1, 1, 1, 1, 1, 1, 4 ),
 ( 0.0000000000000000000, 0.08021252528772913892, 0.1574439296988409120, 0.2314661390872742308, 0.3025659103114301529, 0.3719349591583364090, 0.4395837348328886507, 0.5058440024962573833, 0.5715181053224533958, 0.6347575051435561111, 0.6933474516796152010, 0.7483149322110455026, 0.8008056489359993702, 0.8515875629900667709, 0.9006849906831001507, 0.9498703129080712237, 1.000000000000000000 ),
 .UNSPECIFIED. ) ;
#9447 = CARTESIAN_POINT ( 'NONE',  ( -1.040375512068690833, 1.190100000000000158, -0.3688090878653907945 ) ) ;
#9448 = CARTESIAN_POINT ( 'NONE',  ( -1.043379455030438052, 1.190099999999999714, -0.5881850826403131061 ) ) ;
#9449 = PRESENTATION_STYLE_ASSIGNMENT (( #5383 ) ) ;
#9450 = CARTESIAN_POINT ( 'NONE',  ( 0.4389190109048246580, 1.190099999999999492, -0.5677694999978535328 ) ) ;
#9451 = ADVANCED_FACE ( 'NONE', ( #9651 ), #9496, .F. ) ;
#9452 = CARTESIAN_POINT ( 'NONE',  ( 0.9417798243983067641, 1.190099999999999936, 0.2032510338552387663 ) ) ;
#9453 = CARTESIAN_POINT ( 'NONE',  ( -1.243310912314457450, 1.190100000000000158, -0.4050111132364440092 ) ) ;
#9454 = ADVANCED_FACE ( 'NONE', ( #5732 ), #8882, .T. ) ;
#9455 = CARTESIAN_POINT ( 'NONE',  ( -2.499999999999999556, -1.039055794130319565, -0.1847210300676126182 ) ) ;
#9456 = CARTESIAN_POINT ( 'NONE',  ( 0.5073478799946745665, 1.190099999999999936, -0.5064410560110692572 ) ) ;
#9457 = DIRECTION ( 'NONE',  ( 1.000000000000000000, -0.0000000000000000000, 0.0000000000000000000 ) ) ;
#9458 = CARTESIAN_POINT ( 'NONE',  ( 0.3433254440972385857, 1.190000000000000391, -0.4196622098572230786 ) ) ;
#9459 = CARTESIAN_POINT ( 'NONE',  ( -1.036379965931536695, 1.190100000000000158, -0.6191850176400984784 ) ) ;
#9460 = ORIENTED_EDGE ( 'NONE', *, *, #5187, .T. ) ;
#9461 = CARTESIAN_POINT ( 'NONE',  ( 0.002277694673819864301, 1.190099999999999936, -0.3939779286265669977 ) ) ;
#9462 = ORIENTED_EDGE ( 'NONE', *, *, #8336, .F. ) ;
#9463 = CARTESIAN_POINT ( 'NONE',  ( 0.5899263332338017252, 1.190100000000000158, -0.5242839642012491197 ) ) ;
#9464 = CARTESIAN_POINT ( 'NONE',  ( 0.6266287678710420472, 1.189999999999999947, -0.3365838356434636691 ) ) ;
#9465 = EDGE_CURVE ( 'NONE', #7886, #2878, #8064, .T. ) ;
#9466 = CARTESIAN_POINT ( 'NONE',  ( 0.5256223035267516552, 1.190100000000000158, -0.7162045759581135984 ) ) ;
#9467 = LINE ( 'NONE', #1561, #6119 ) ;
#9468 = DIRECTION ( 'NONE',  ( 0.0000000000000000000, 0.0000000000000000000, -1.000000000000000000 ) ) ;
#9469 = CARTESIAN_POINT ( 'NONE',  ( -1.120428397348720351, 1.189999999999999947, -0.3374134675658244653 ) ) ;
#9470 = FILL_AREA_STYLE_COLOUR ( '', #5924 ) ;
#9471 = B_SPLINE_SURFACE_WITH_KNOTS ( 'NONE', 3, 1, ( 
 ( #4020, #8144 ),
 ( #998, #7986 ),
 ( #1051, #7940 ),
 ( #5657, #1763 ),
 ( #3465, #6604 ),
 ( #3362, #9739 ),
 ( #1099, #4950 ),
 ( #170, #4231 ),
 ( #6393, #8859 ),
 ( #3314, #6449 ),
 ( #944, #4894 ) ),
 .UNSPECIFIED., .F., .F., .F.,
 ( 4, 1, 1, 1, 1, 1, 1, 1, 4 ),
 ( 2, 2 ),
 ( 0.0000000000000000000, 0.1171679633682765620, 0.2326012941471963247, 0.3500358320675562296, 0.4776223174100243662, 0.6069052136106057871, 0.7339847097962399758, 0.8631739453497531134, 1.000000000000000000 ),
 ( 0.0000000000000000000, 1.000000000000000000 ),
 .UNSPECIFIED. ) ;
#9472 = PLANE ( 'NONE',  #1796 ) ;
#9473 = CARTESIAN_POINT ( 'NONE',  ( -1.265445643874941517, 1.190000000000000391, -0.3525141355808765198 ) ) ;
#9474 = CARTESIAN_POINT ( 'NONE',  ( 0.6078270103888026021, 1.190100000000000158, -0.5454606830955125440 ) ) ;
#9475 = CARTESIAN_POINT ( 'NONE',  ( 0.5948770483727086056, 1.189999999999999725, -0.4745556238387212966 ) ) ;
#9476 = CARTESIAN_POINT ( 'NONE',  ( -0.9130848123130180793, 1.189999999999999947, -0.5833641329341461290 ) ) ;
#9477 = CARTESIAN_POINT ( 'NONE',  ( -0.4975940367930368757, 1.190099999999999936, -0.3016625478291161122 ) ) ;
#9478 = CARTESIAN_POINT ( 'NONE',  ( 0.5506568683745323156, 1.190000000000000391, -0.5002187899363185197 ) ) ;
#9479 = ORIENTED_EDGE ( 'NONE', *, *, #8589, .F. ) ;
#9480 = DIRECTION ( 'NONE',  ( 0.0000000000000000000, -1.917831477656419409E-16, -1.000000000000000000 ) ) ;
#9481 = CARTESIAN_POINT ( 'NONE',  ( 0.8240489228139743494, 1.190099999999999936, 0.3704293664395317820 ) ) ;
#9482 = AXIS2_PLACEMENT_3D ( 'NONE', #9818, #206, #9612 ) ;
#9483 = CARTESIAN_POINT ( 'NONE',  ( 0.04598157838441197659, 1.190100000000000158, -0.4138329094234736161 ) ) ;
#9484 = DIRECTION ( 'NONE',  ( 1.000000000000000000, -0.0000000000000000000, 0.0000000000000000000 ) ) ;
#9485 = CARTESIAN_POINT ( 'NONE',  ( 0.4613637474641834046, 1.189999999999999725, -0.5000489091642181805 ) ) ;
#9486 = ORIENTED_EDGE ( 'NONE', *, *, #832, .T. ) ;
#9487 = CARTESIAN_POINT ( 'NONE',  ( -1.231165755494427749, 1.190100000000000158, -0.3812753401264811215 ) ) ;
#9488 = CARTESIAN_POINT ( 'NONE',  ( 0.8705558466079248436, 1.189999999999999947, 0.3083114416399329039 ) ) ;
#9489 = CARTESIAN_POINT ( 'NONE',  ( 0.2427653524258073792, 1.189999999999999947, -0.5111022986377732336 ) ) ;
#9490 = VERTEX_POINT ( 'NONE', #5680 ) ;
#9491 = VECTOR ( 'NONE', #4933, 1000.000000000000000 ) ;
#9492 = CARTESIAN_POINT ( 'NONE',  ( -1.108096983725640028, 1.190100000000000158, -0.3386918125789229461 ) ) ;
#9493 = ADVANCED_FACE ( 'NONE', ( #290 ), #2668, .F. ) ;
#9494 = UNCERTAINTY_MEASURE_WITH_UNIT (LENGTH_MEASURE( 1.000000000000000082E-05 ), #10061, 'distance_accuracy_value', 'NONE');
#9495 = CARTESIAN_POINT ( 'NONE',  ( -1.039133348846829730, 1.190000000000000613, -0.5960634175884776953 ) ) ;
#9496 = CYLINDRICAL_SURFACE ( 'NONE', #1805, 0.05000000000000012768 ) ;
#9497 =( LENGTH_UNIT ( ) NAMED_UNIT ( * ) SI_UNIT ( .MILLI., .METRE. ) );
#9498 = APPLICATION_PROTOCOL_DEFINITION ( 'draft international standard', 'automotive_design', 1998, #4236 ) ;
#9499 = CARTESIAN_POINT ( 'NONE',  ( -1.049091472582121432, 1.190100000000000380, -0.5805720504624723999 ) ) ;
#9500 = CARTESIAN_POINT ( 'NONE',  ( -0.8550918967870878573, 1.190099999999999936, -0.6881386639603098709 ) ) ;
#9501 = AXIS2_PLACEMENT_3D ( 'NONE', #6205, #1573, #30 ) ;
#9502 = CARTESIAN_POINT ( 'NONE',  ( 0.2565537178033873156, 1.189999999999999947, -0.3372655061846300262 ) ) ;
#9503 = CARTESIAN_POINT ( 'NONE',  ( 0.02329737032250595724, 1.190099999999999492, -0.4912543473574838004 ) ) ;
#9504 = ORIENTED_EDGE ( 'NONE', *, *, #4598, .T. ) ;
#9505 = CARTESIAN_POINT ( 'NONE',  ( 0.5013638900008234867, 1.189999999999999947, -0.6755968649961983097 ) ) ;
#9506 = DIRECTION ( 'NONE',  ( 1.000000000000000000, -0.0000000000000000000, -0.0000000000000000000 ) ) ;
#9507 = CARTESIAN_POINT ( 'NONE',  ( 0.4070488545714565642, 1.190099999999999492, -0.3176035195303641423 ) ) ;
#9508 = ORIENTED_EDGE ( 'NONE', *, *, #5250, .T. ) ;
#9509 = ADVANCED_FACE ( 'NONE', ( #2874 ), #6351, .T. ) ;
#9510 = MECHANICAL_DESIGN_GEOMETRIC_PRESENTATION_REPRESENTATION (  '', ( #7550 ), #1146 ) ;
#9511 = CARTESIAN_POINT ( 'NONE',  ( 0.04135568274935259164, 1.190000000000000613, -0.3309636991978472387 ) ) ;
#9512 = ORIENTED_EDGE ( 'NONE', *, *, #4627, .T. ) ;
#9513 = CARTESIAN_POINT ( 'NONE',  ( 0.5809995885303635976, 1.190099999999999492, -0.6516349126011206083 ) ) ;
#9514 = VECTOR ( 'NONE', #3662, 1000.000000000000000 ) ;
#9515 = DIRECTION ( 'NONE',  ( -1.000000000000000000, 0.0000000000000000000, 0.0000000000000000000 ) ) ;
#9516 = CARTESIAN_POINT ( 'NONE',  ( 0.5608279073791128111, 1.190100000000000158, -0.7089885135705017438 ) ) ;
#9517 = LINE ( 'NONE', #1710, #7601 ) ;
#9518 = DIRECTION ( 'NONE',  ( 0.0000000000000000000, 0.0000000000000000000, -1.000000000000000000 ) ) ;
#9519 = ORIENTED_EDGE ( 'NONE', *, *, #4541, .F. ) ;
#9520 = CARTESIAN_POINT ( 'NONE',  ( -1.017482886886558191, 1.190099999999999936, -0.4053420953281550720 ) ) ;
#9521 = LINE ( 'NONE', #892, #2815 ) ;
#9522 = ADVANCED_FACE ( 'NONE', ( #3690 ), #2337, .T. ) ;
#9523 = EDGE_CURVE ( 'NONE', #2340, #3917, #3936, .T. ) ;
#9524 = B_SPLINE_CURVE_WITH_KNOTS ( 'NONE', 3,
 ( #3532, #4143, #6621, #2660, #8001, #1115, #6669, #4859, #7438, #3424, #4964, #5673, #9751, #8109, #4910, #1065, #393, #7326, #961 ),
 .UNSPECIFIED., .F., .F.,
 ( 4, 1, 1, 1, 1, 1, 1, 1, 1, 1, 1, 1, 1, 1, 1, 1, 4 ),
 ( 0.0000000000000000000, 0.04719369878745281049, 0.09416460265502388238, 0.1407647004900462739, 0.1876065867987881108, 0.2347682166576783303, 0.2820665224194502940, 0.3304755998546315410, 0.3798501485218762075, 0.4327989293930767367, 0.4929901260461278523, 0.5599282665518345858, 0.6337073023934484128, 0.7143972929783727333, 0.8023698899558026065, 0.8976655033425727792, 1.000000000000000000 ),
 .UNSPECIFIED. ) ;
#9525 = LINE ( 'NONE', #2535, #8852 ) ;
#9526 = ORIENTED_EDGE ( 'NONE', *, *, #3802, .F. ) ;
#9527 = VECTOR ( 'NONE', #9395, 1000.000000000000000 ) ;
#9528 = LINE ( 'NONE', #1878, #3505 ) ;
#9529 = CARTESIAN_POINT ( 'NONE',  ( 0.6458895466613413516, 1.190099999999999936, -0.6129314406264538828 ) ) ;
#9530 = CARTESIAN_POINT ( 'NONE',  ( -0.7050719918001974174, 1.190099999999999936, -0.4518737483187615367 ) ) ;
#9531 =( NAMED_UNIT ( * ) PLANE_ANGLE_UNIT ( ) SI_UNIT ( $, .RADIAN. ) );
#9532 = MECHANICAL_DESIGN_GEOMETRIC_PRESENTATION_REPRESENTATION (  '', ( #8062 ), #672 ) ;
#9533 = FILL_AREA_STYLE ('',( #8043 ) ) ;
#9534 = VERTEX_POINT ( 'NONE', #10004 ) ;
#9535 = PRESENTATION_STYLE_ASSIGNMENT (( #5467 ) ) ;
#9536 = VERTEX_POINT ( 'NONE', #7068 ) ;
#9537 = PLANE ( 'NONE',  #4763 ) ;
#9538 = LINE ( 'NONE', #5010, #2509 ) ;
#9539 = DIRECTION ( 'NONE',  ( -1.000000000000000000, -0.0000000000000000000, 1.355252715606880296E-16 ) ) ;
#9540 = VECTOR ( 'NONE', #3006, 1000.000000000000000 ) ;
#9541 = CARTESIAN_POINT ( 'NONE',  ( -0.8022792470892430305, 1.190099999999999492, -0.7116339667781477196 ) ) ;
#9542 = CARTESIAN_POINT ( 'NONE',  ( 0.4233524228413266255, 1.190099999999999714, -0.4801837103606537704 ) ) ;
#9543 = VERTEX_POINT ( 'NONE', #2206 ) ;
#9544 = DIRECTION ( 'NONE',  ( 0.0000000000000000000, 0.0000000000000000000, 1.000000000000000000 ) ) ;
#9545 = CARTESIAN_POINT ( 'NONE',  ( 0.8679811282621179291, 1.190000000000000835, 0.1086810325646697245 ) ) ;
#9546 = DIRECTION ( 'NONE',  ( 0.0000000000000000000, 0.0000000000000000000, -1.000000000000000000 ) ) ;
#9547 = ADVANCED_FACE ( 'NONE', ( #8471 ), #4796, .T. ) ;
#9548 = EDGE_LOOP ( 'NONE', ( #6818, #5855, #1262, #2585 ) ) ;
#9549 = CIRCLE ( 'NONE', #7080, 0.1499999999999999667 ) ;
#9550 = CARTESIAN_POINT ( 'NONE',  ( -0.7457771200053256999, 1.190099999999999936, -0.4719859278059410079 ) ) ;
#9551 = CARTESIAN_POINT ( 'NONE',  ( -1.036316529234648121, 1.189999999999999725, -0.6100842389394990350 ) ) ;
#9552 = CARTESIAN_POINT ( 'NONE',  ( 0.1570273671741616306, 1.190099999999999936, -0.5372102867803000281 ) ) ;
#9553 = CARTESIAN_POINT ( 'NONE',  ( 0.1076606385103099084, 1.190099999999999936, -0.4905863806635309410 ) ) ;
#9554 = CARTESIAN_POINT ( 'NONE',  ( 0.2012398565343739565, 1.190100000000000158, -0.3501531656535831205 ) ) ;
#9555 = CARTESIAN_POINT ( 'NONE',  ( -0.8164772366142718507, 1.190000000000000169, -0.7075529071732825637 ) ) ;
#9556 = VECTOR ( 'NONE', #4281, 1000.000000000000000 ) ;
#9557 = CARTESIAN_POINT ( 'NONE',  ( -0.7691458317493913288, 1.189999999999999725, -0.6754253247773762681 ) ) ;
#9558 = CARTESIAN_POINT ( 'NONE',  ( 0.03391934589747897660, 1.190000000000000169, -0.5074987913772984749 ) ) ;
#9559 = EDGE_CURVE ( 'NONE', #9424, #8289, #2695, .T. ) ;
#9560 = ORIENTED_EDGE ( 'NONE', *, *, #8322, .F. ) ;
#9561 = CARTESIAN_POINT ( 'NONE',  ( -3.999999999999999112, 0.05000000000000000278, 1.600000000000000089 ) ) ;
#9562 = CARTESIAN_POINT ( 'NONE',  ( 0.3690298922061910347, 1.190100000000000380, -0.4877314324904459264 ) ) ;
#9563 = CARTESIAN_POINT ( 'NONE',  ( -3.999999999999999112, 0.05000000000000000278, 1.600000000000000089 ) ) ;
#9564 = CARTESIAN_POINT ( 'NONE',  ( 0.004352585071755230191, 1.190000000000000835, -0.3861994937099111902 ) ) ;
#9565 = VECTOR ( 'NONE', #6939, 1000.000000000000000 ) ;
#9566 = ORIENTED_EDGE ( 'NONE', *, *, #956, .F. ) ;
#9567 = DIRECTION ( 'NONE',  ( 1.000000000000000000, 0.0000000000000000000, 0.0000000000000000000 ) ) ;
#9568 = CARTESIAN_POINT ( 'NONE',  ( 1.322812623584417979, 1.190099999999999936, -0.3064410560110692461 ) ) ;
#9569 = CARTESIAN_POINT ( 'NONE',  ( 0.7832816776788038560, 1.189999999999999725, 0.1040201715640100694 ) ) ;
#9570 = CARTESIAN_POINT ( 'NONE',  ( -1.231033530261735898, 1.189999999999999947, -0.6141333637033769000 ) ) ;
#9571 = LINE ( 'NONE', #3251, #7545 ) ;
#9572 = ADVANCED_FACE ( 'NONE', ( #9785 ), #5516, .F. ) ;
#9573 = ORIENTED_EDGE ( 'NONE', *, *, #9581, .T. ) ;
#9574 =( NAMED_UNIT ( * ) PLANE_ANGLE_UNIT ( ) SI_UNIT ( $, .RADIAN. ) );
#9575 = SURFACE_SIDE_STYLE ('',( #8802 ) ) ;
#9576 = CARTESIAN_POINT ( 'NONE',  ( -0.4900078892360948957, 1.190099999999999936, -0.3679795175495307880 ) ) ;
#9577 = VERTEX_POINT ( 'NONE', #4758 ) ;
#9578 = CARTESIAN_POINT ( 'NONE',  ( 1.548453649225443707, 1.189999999999999947, -0.3064410560110694681 ) ) ;
#9579 = EDGE_CURVE ( 'NONE', #6724, #1335, #8663, .T. ) ;
#9580 = FACE_OUTER_BOUND ( 'NONE', #9445, .T. ) ;
#9581 = EDGE_CURVE ( 'NONE', #8247, #5787, #7118, .T. ) ;
#9582 = CARTESIAN_POINT ( 'NONE',  ( 0.7483166395602971477, 1.189999999999999947, 0.3109505358104802109 ) ) ;
#9583 = DIRECTION ( 'NONE',  ( 1.000000000000000000, 0.0000000000000000000, -1.355252715606880296E-16 ) ) ;
#9584 = CARTESIAN_POINT ( 'NONE',  ( -1.039960526779569960, 1.189999999999999947, -0.6311378734757463471 ) ) ;
#9585 = EDGE_LOOP ( 'NONE', ( #9270, #3699, #10125, #130 ) ) ;
#9586 = CARTESIAN_POINT ( 'NONE',  ( 0.4305899077532615027, 1.190000000000001279, -0.6527183883958831423 ) ) ;
#9587 = ORIENTED_EDGE ( 'NONE', *, *, #8578, .F. ) ;
#9588 = CARTESIAN_POINT ( 'NONE',  ( 0.9393808684448459179, 1.189999999999999947, 0.2685062876642894114 ) ) ;
#9589 = ORIENTED_EDGE ( 'NONE', *, *, #943, .F. ) ;
#9590 = DIRECTION ( 'NONE',  ( 0.0000000000000000000, -0.1750333347174941601, -0.9845625077859067042 ) ) ;
#9591 = CARTESIAN_POINT ( 'NONE',  ( -3.839783448439272107, 1.189999999999999947, -0.7499999999999991118 ) ) ;
#9592 = CARTESIAN_POINT ( 'NONE',  ( -0.4874316543367481769, 1.190099999999999714, -0.3014326650975499566 ) ) ;
#9593 = CARTESIAN_POINT ( 'NONE',  ( 0.3913697103490017537, 1.190100000000000158, -0.4355647285541685565 ) ) ;
#9594 = ORIENTED_EDGE ( 'NONE', *, *, #1148, .F. ) ;
#9595 = PLANE ( 'NONE',  #1815 ) ;
#9596 = DIRECTION ( 'NONE',  ( 0.0000000000000000000, 7.744301232039322228E-18, -1.000000000000000000 ) ) ;
#9597 = CARTESIAN_POINT ( 'NONE',  ( -0.6105902184062668159, 1.190099999999999936, -0.5938591114181144270 ) ) ;
#9598 = ORIENTED_EDGE ( 'NONE', *, *, #1237, .T. ) ;
#9599 = DIRECTION ( 'NONE',  ( 0.0000000000000000000, 0.0000000000000000000, -1.000000000000000000 ) ) ;
#9600 = UNCERTAINTY_MEASURE_WITH_UNIT (LENGTH_MEASURE( 1.000000000000000082E-05 ), #5189, 'distance_accuracy_value', 'NONE');
#9601 = DIRECTION ( 'NONE',  ( -1.355252715606880543E-16, 0.0000000000000000000, -1.000000000000000000 ) ) ;
#9602 = VERTEX_POINT ( 'NONE', #5046 ) ;
#9603 = CARTESIAN_POINT ( 'NONE',  ( -2.999999999999999556, -0.04999999999999933664, -3.872150616019609307E-19 ) ) ;
#9604 = CARTESIAN_POINT ( 'NONE',  ( 0.05314417949564964605, 1.190000000000000391, -0.4473312394884170207 ) ) ;
#9605 = DIRECTION ( 'NONE',  ( 0.7767557487195033694, 0.0000000000000000000, 0.6298019584212196653 ) ) ;
#9606 = CARTESIAN_POINT ( 'NONE',  ( -0.9058727844981601107, 1.190099999999999714, -0.6242095173807946651 ) ) ;
#9607 = CARTESIAN_POINT ( 'NONE',  ( -0.8401794499343411271, 1.189999999999999503, -0.6452105143843265278 ) ) ;
#9608 = CARTESIAN_POINT ( 'NONE',  ( 0.002547949518588882214, 1.190099999999999936, -0.4432921793018514411 ) ) ;
#9609 = VERTEX_POINT ( 'NONE', #4811 ) ;
#9610 = CARTESIAN_POINT ( 'NONE',  ( -1.037677104304477682, 1.190099999999999492, -0.6253051807870305678 ) ) ;
#9611 = FACE_OUTER_BOUND ( 'NONE', #3713, .T. ) ;
#9612 = DIRECTION ( 'NONE',  ( 0.0000000000000000000, -0.1750333347174949650, -0.9845625077859064822 ) ) ;
#9613 = CARTESIAN_POINT ( 'NONE',  ( 0.05541434871729349065, 1.190099999999999936, -0.3206097030122773139 ) ) ;
#9614 = EDGE_CURVE ( 'NONE', #5244, #4296, #2079, .T. ) ;
#9615 = ORIENTED_EDGE ( 'NONE', *, *, #3030, .F. ) ;
#9616 = DIRECTION ( 'NONE',  ( -1.000000000000000000, 0.0000000000000000000, 0.0000000000000000000 ) ) ;
#9617 = CARTESIAN_POINT ( 'NONE',  ( 0.3928797330041638447, 1.190099999999999270, -0.3971393981834026587 ) ) ;
#9618 = CARTESIAN_POINT ( 'NONE',  ( 0.04588954666134111016, 1.190099999999999936, -0.4165372098572230897 ) ) ;
#9619 = CARTESIAN_POINT ( 'NONE',  ( -0.8769916893345074405, 1.190000000000000169, -0.6697561856983463846 ) ) ;
#9620 = FACE_OUTER_BOUND ( 'NONE', #6165, .T. ) ;
#9621 = EDGE_LOOP ( 'NONE', ( #5521, #7541, #2759, #4305 ) ) ;
#9622 = CARTESIAN_POINT ( 'NONE',  ( 0.4322298400785992145, 1.189999999999999947, -0.3530060948526204112 ) ) ;
#9623 = CARTESIAN_POINT ( 'NONE',  ( -1.133998273851479555, 1.190000000000001057, -0.2961846457546589706 ) ) ;
#9624 = ADVANCED_FACE ( 'NONE', ( #2442 ), #9007, .F. ) ;
#9625 = LINE ( 'NONE', #7306, #6093 ) ;
#9626 = DIRECTION ( 'NONE',  ( 0.0000000000000000000, -1.000000000000000000, -5.808225924029490901E-18 ) ) ;
#9627 = ORIENTED_EDGE ( 'NONE', *, *, #7868, .T. ) ;
#9628 = CARTESIAN_POINT ( 'NONE',  ( 0.02906811889269013405, 1.189999999999999947, -0.3429029175319898148 ) ) ;
#9629 = CARTESIAN_POINT ( 'NONE',  ( -1.227414984482823490, 1.190099999999999936, -0.3189013266635156163 ) ) ;
#9630 = CARTESIAN_POINT ( 'NONE',  ( -0.6354577306752422494, 1.189999999999999281, -0.5245463029256888232 ) ) ;
#9631 = CARTESIAN_POINT ( 'NONE',  ( 0.3743357823025584841, 1.190000000000000391, -0.6523286138667285794 ) ) ;
#9632 = CARTESIAN_POINT ( 'NONE',  ( 0.8265057416806205204, 1.190099999999999936, 0.3287511260945712999 ) ) ;
#9633 = EDGE_CURVE ( 'NONE', #1833, #9811, #6307, .T. ) ;
#9634 = ORIENTED_EDGE ( 'NONE', *, *, #1102, .F. ) ;
#9635 = CARTESIAN_POINT ( 'NONE',  ( 0.9428441187497863529, 1.189999999999999947, 0.2498828333875981189 ) ) ;
#9636 = VERTEX_POINT ( 'NONE', #1979 ) ;
#9637 = CARTESIAN_POINT ( 'NONE',  ( 2.999999999999999556, -0.1000000000000004358, 1.750000000000000000 ) ) ;
#9638 = FACE_OUTER_BOUND ( 'NONE', #8896, .T. ) ;
#9639 = CARTESIAN_POINT ( 'NONE',  ( -3.999999999999999112, 0.05000000000000000278, 1.600000000000000089 ) ) ;
#9640 = CARTESIAN_POINT ( 'NONE',  ( 0.5073478799946745665, 1.190099999999999936, -0.5064410560110692572 ) ) ;
#9641 = ORIENTED_EDGE ( 'NONE', *, *, #5186, .F. ) ;
#9642 = DIRECTION ( 'NONE',  ( -0.0000000000000000000, -1.000000000000000000, -0.0000000000000000000 ) ) ;
#9643 = CARTESIAN_POINT ( 'NONE',  ( 0.8963616314468594304, 1.189999999999999725, 0.2777376628250272095 ) ) ;
#9644 = CARTESIAN_POINT ( 'NONE',  ( 0.4154939715501843600, 1.190000000000000169, -0.4735061142755849217 ) ) ;
#9645 = EDGE_LOOP ( 'NONE', ( #9335, #9979, #7954, #7473 ) ) ;
#9646 = CARTESIAN_POINT ( 'NONE',  ( -0.7413349313120695117, 1.190099999999999936, -0.4759293956165962514 ) ) ;
#9647 = EDGE_CURVE ( 'NONE', #9791, #2159, #8248, .T. ) ;
#9648 = EDGE_CURVE ( 'NONE', #366, #9060, #322, .T. ) ;
#9649 = DIRECTION ( 'NONE',  ( -1.000000000000000000, -0.0000000000000000000, -0.0000000000000000000 ) ) ;
#9650 = B_SPLINE_CURVE_WITH_KNOTS ( 'NONE', 3,
 ( #6544, #9833, #5703, #9059, #1149, #2792, #1819, #5925, #2638, #1924, #5044, #2741, #8033, #9005, #2032, #9113, #1359, #6949, #1450 ),
 .UNSPECIFIED., .F., .F.,
 ( 4, 1, 1, 1, 1, 1, 1, 1, 1, 1, 1, 1, 1, 1, 1, 1, 4 ),
 ( 0.0000000000000000000, 0.06937301271072350561, 0.1363655988880323466, 0.2014301282319582165, 0.2655602165989652264, 0.3284351223808534836, 0.3916969386471765291, 0.4550399086097451362, 0.5194921164529856528, 0.5832544135743749081, 0.6446187728776315851, 0.7039669712027115667, 0.7622300019854925113, 0.8204875216983801289, 0.8789980133763374281, 0.9386134074694246765, 1.000000000000000000 ),
 .UNSPECIFIED. ) ;
#9651 = FACE_OUTER_BOUND ( 'NONE', #4342, .T. ) ;
#9652 = CARTESIAN_POINT ( 'NONE',  ( -2.999999999999999556, -1.378338643883206593, 1.723744999792374388 ) ) ;
#9653 = CARTESIAN_POINT ( 'NONE',  ( -0.6105207097489153689, 1.190099999999999936, -0.5966654149854283551 ) ) ;
#9654 = CARTESIAN_POINT ( 'NONE',  ( -0.4686270160032809939, 1.190000000000000169, -0.3066700294666495630 ) ) ;
#9655 = CARTESIAN_POINT ( 'NONE',  ( -0.7560335302617359199, 1.190099999999999936, -0.7166974662674795438 ) ) ;
#9656 = CARTESIAN_POINT ( 'NONE',  ( -1.175746456274386897, 1.189999999999999947, -0.3425508731676843444 ) ) ;
#9657 = CARTESIAN_POINT ( 'NONE',  ( 0.006256296824322963787, 1.190000000000000391, -0.4563596159110770989 ) ) ;
#9658 = ORIENTED_EDGE ( 'NONE', *, *, #7002, .T. ) ;
#9659 = CARTESIAN_POINT ( 'NONE',  ( 0.4101934911680433782, 1.190000000000000613, -0.6197249035177908594 ) ) ;
#9660 = CARTESIAN_POINT ( 'NONE',  ( -1.008194259555366568, 1.189999999999999503, -0.6640369873970111136 ) ) ;
#9661 = AXIS2_PLACEMENT_3D ( 'NONE', #8658, #3925, #1620 ) ;
#9662 = CARTESIAN_POINT ( 'NONE',  ( 0.5174170764257993715, 1.190100000000000158, -0.3374263325560044047 ) ) ;
#9663 = CARTESIAN_POINT ( 'NONE',  ( 0.6652136654510759639, 1.189999999999999725, -0.4391792031662575257 ) ) ;
#9664 = EDGE_LOOP ( 'NONE', ( #4540, #442, #5098, #1564 ) ) ;
#9665 = VECTOR ( 'NONE', #6980, 1000.000000000000000 ) ;
#9666 = CARTESIAN_POINT ( 'NONE',  ( 0.6345115304281798707, 1.190099999999999936, -0.4954815241111420465 ) ) ;
#9667 = CARTESIAN_POINT ( 'NONE',  ( 0.4991673307991235653, 1.190100000000000158, -0.3373148211135071350 ) ) ;
#9668 = CARTESIAN_POINT ( 'NONE',  ( 0.6453136257831614264, 1.189999999999999281, -0.6000170954577622728 ) ) ;
#9669 = CARTESIAN_POINT ( 'NONE',  ( 0.1458895466613411573, 1.189999999999999947, -0.3372102867802999615 ) ) ;
#9670 = ORIENTED_EDGE ( 'NONE', *, *, #4863, .T. ) ;
#9671 = CARTESIAN_POINT ( 'NONE',  ( -3.999999999999999112, -0.05000000000000000278, 1.600000000000000089 ) ) ;
#9672 = AXIS2_PLACEMENT_3D ( 'NONE', #6283, #6374, #7970 ) ;
#9673 = CARTESIAN_POINT ( 'NONE',  ( -1.024349797622125857, 1.190100000000000158, -0.3274411746493743336 ) ) ;
#9674 = VECTOR ( 'NONE', #4886, 1000.000000000000000 ) ;
#9675 = DIRECTION ( 'NONE',  ( -1.000000000000000000, 0.0000000000000000000, 0.0000000000000000000 ) ) ;
#9676 = CARTESIAN_POINT ( 'NONE',  ( 0.3638382646100591367, 1.190099999999999936, -0.6140532354982487506 ) ) ;
#9677 = VERTEX_POINT ( 'NONE', #6403 ) ;
#9678 = VECTOR ( 'NONE', #2776, 1000.000000000000000 ) ;
#9679 = CARTESIAN_POINT ( 'NONE',  ( 0.1246297624085387218, 1.189999999999999503, -0.2966997186027305888 ) ) ;
#9680 = LINE ( 'NONE', #9740, #679 ) ;
#9681 = CARTESIAN_POINT ( 'NONE',  ( 0.8064190841607502547, 1.190099999999999936, 0.3304512299124011676 ) ) ;
#9682 = PLANE ( 'NONE',  #7722 ) ;
#9683 = EDGE_CURVE ( 'NONE', #7600, #4332, #1205, .T. ) ;
#9684 = DIRECTION ( 'NONE',  ( -1.000000000000000000, -0.0000000000000000000, -0.0000000000000000000 ) ) ;
#9685 = VECTOR ( 'NONE', #7899, 1000.000000000000000 ) ;
#9686 = CARTESIAN_POINT ( 'NONE',  ( 0.4437757152259197979, 1.190100000000000158, -0.6616710325033803297 ) ) ;
#9687 = EDGE_LOOP ( 'NONE', ( #8867, #7521, #9199, #2138 ) ) ;
#9688 = CARTESIAN_POINT ( 'NONE',  ( 0.5090068576730906180, 1.190099999999999936, -0.3372834134040214038 ) ) ;
#9689 = ORIENTED_EDGE ( 'NONE', *, *, #4833, .F. ) ;
#9690 = MECHANICAL_DESIGN_GEOMETRIC_PRESENTATION_REPRESENTATION (  '', ( #8552 ), #1984 ) ;
#9691 = CARTESIAN_POINT ( 'NONE',  ( 0.1570273671741616306, 1.189999999999999947, -0.5372102867803000281 ) ) ;
#9692 = CARTESIAN_POINT ( 'NONE',  ( 0.1929717151693341737, 1.190099999999999936, -0.3461071505835226492 ) ) ;
#9693 = PRESENTATION_STYLE_ASSIGNMENT (( #1217 ) ) ;
#9694 = COLOUR_RGB ( '',0.2509803921568627416, 0.2509803921568627416, 0.2509803921568627416 ) ;
#9695 = ORIENTED_EDGE ( 'NONE', *, *, #9345, .F. ) ;
#9696 = LINE ( 'NONE', #5782, #6902 ) ;
#9697 = VECTOR ( 'NONE', #7816, 1000.000000000000000 ) ;
#9698 = CARTESIAN_POINT ( 'NONE',  ( 0.4247469428993211338, 1.190099999999999714, -0.5329535526296891312 ) ) ;
#9699 = LINE ( 'NONE', #5997, #4742 ) ;
#9700 = EDGE_CURVE ( 'NONE', #2578, #7600, #2396, .T. ) ;
#9701 = VERTEX_POINT ( 'NONE', #8717 ) ;
#9702 = ORIENTED_EDGE ( 'NONE', *, *, #3469, .F. ) ;
#9703 = DIRECTION ( 'NONE',  ( 1.000000000000000000, -0.0000000000000000000, 0.0000000000000000000 ) ) ;
#9704 = B_SPLINE_CURVE_WITH_KNOTS ( 'NONE', 3,
 ( #9792, #4397, #10083, #2808, #5939, #5877, #2044, #9072, #10126, #6232, #9369 ),
 .UNSPECIFIED., .F., .F.,
 ( 4, 1, 1, 1, 1, 1, 1, 1, 4 ),
 ( 0.0000000000000000000, 0.1324918285126771567, 0.2620840711968590586, 0.3868733936475049484, 0.5102457872182868392, 0.6317493136083359717, 0.7527724416211460934, 0.8759276938205007301, 1.000000000000000000 ),
 .UNSPECIFIED. ) ;
#9705 = CARTESIAN_POINT ( 'NONE',  ( -0.9284694276976332983, 1.190099999999999936, -0.3064410560110692461 ) ) ;
#9706 =( GEOMETRIC_REPRESENTATION_CONTEXT ( 3 ) GLOBAL_UNCERTAINTY_ASSIGNED_CONTEXT ( ( #447 ) ) GLOBAL_UNIT_ASSIGNED_CONTEXT ( ( #1319, #10096, #8507 ) ) REPRESENTATION_CONTEXT ( 'NONE', 'WORKASPACE' ) );
#9707 = ORIENTED_EDGE ( 'NONE', *, *, #6771, .F. ) ;
#9708 = LINE ( 'NONE', #5582, #8036 ) ;
#9709 = CARTESIAN_POINT ( 'NONE',  ( -0.4686250834589071879, 1.190100000000000602, -0.3626988295118163119 ) ) ;
#9710 = CARTESIAN_POINT ( 'NONE',  ( -1.212322112735654711, 1.190000000000000391, -0.6427226989401020329 ) ) ;
#9711 = CARTESIAN_POINT ( 'NONE',  ( -1.231165755494427749, 1.190000000000000169, -0.3812753401264811215 ) ) ;
#9712 = CARTESIAN_POINT ( 'NONE',  ( -2.999999999999999556, -1.230654267715320715, -1.749999999999999778 ) ) ;
#9713 = CARTESIAN_POINT ( 'NONE',  ( 0.2430206409298290016, 1.190000000000000391, -0.3262431718426697103 ) ) ;
#9714 = FACE_OUTER_BOUND ( 'NONE', #1615, .T. ) ;
#9715 = EDGE_CURVE ( 'NONE', #3917, #5182, #7949, .T. ) ;
#9716 = ADVANCED_FACE ( 'NONE', ( #3216 ), #9537, .F. ) ;
#9717 = ORIENTED_EDGE ( 'NONE', *, *, #2407, .F. ) ;
#9718 = VECTOR ( 'NONE', #1209, 1000.000000000000000 ) ;
#9719 = CARTESIAN_POINT ( 'NONE',  ( -0.9247628703680533802, 1.190099999999999936, -0.1387795393183680615 ) ) ;
#9720 = CARTESIAN_POINT ( 'NONE',  ( 0.3911205426124314544, 1.190000000000000835, -0.5067177846176782463 ) ) ;
#9721 = CARTESIAN_POINT ( 'NONE',  ( -1.077666589383708518, 1.190099999999999714, -0.6652880083560127611 ) ) ;
#9722 = CARTESIAN_POINT ( 'NONE',  ( -2.999999999999999556, -1.230654267715319383, -1.899999999999999689 ) ) ;
#9723 = EDGE_LOOP ( 'NONE', ( #6811, #7174, #3252, #4180 ) ) ;
#9724 = DIRECTION ( 'NONE',  ( -0.4966865118376825872, 0.0000000000000000000, 0.8679300138597095815 ) ) ;
#9725 = COLOUR_RGB ( '',0.2509803921568627416, 0.2509803921568627416, 0.2509803921568627416 ) ;
#9726 = CARTESIAN_POINT ( 'NONE',  ( 0.3678603385574320539, 1.190000000000000169, -0.5891943166396893528 ) ) ;
#9727 = CARTESIAN_POINT ( 'NONE',  ( 0.6453136257831614264, 1.190099999999999270, -0.6000170954577622728 ) ) ;
#9728 = CARTESIAN_POINT ( 'NONE',  ( -0.3079566071848127140, 1.190099999999999936, -0.2961846457546589706 ) ) ;
#9729 = CARTESIAN_POINT ( 'NONE',  ( 0.1657725953693994780, 1.190000000000000391, -0.3384910679825818836 ) ) ;
#9730 = ORIENTED_EDGE ( 'NONE', *, *, #3972, .F. ) ;
#9731 = DIRECTION ( 'NONE',  ( 1.000000000000000000, 0.0000000000000000000, 0.0000000000000000000 ) ) ;
#9732 = VECTOR ( 'NONE', #1333, 1000.000000000000114 ) ;
#9733 = CARTESIAN_POINT ( 'NONE',  ( -3.999999999999999112, -0.05000000000000000278, 1.600000000000000089 ) ) ;
#9734 = CARTESIAN_POINT ( 'NONE',  ( 2.499999999999999556, -1.230654267715319827, 1.800000000000000266 ) ) ;
#9735 = ORIENTED_EDGE ( 'NONE', *, *, #5250, .F. ) ;
#9736 = ADVANCED_FACE ( 'NONE', ( #8910 ), #8300, .T. ) ;
#9737 = CARTESIAN_POINT ( 'NONE',  ( 2.499999999999999556, 0.0000000000000000000, 0.0000000000000000000 ) ) ;
#9738 = AXIS2_PLACEMENT_3D ( 'NONE', #3681, #3724, #5316 ) ;
#9739 = CARTESIAN_POINT ( 'NONE',  ( -0.4627221219982438072, 1.189999999999999725, -0.3108984645387291024 ) ) ;
#9740 = CARTESIAN_POINT ( 'NONE',  ( 4.000000000000000888, -0.05000000000000000278, 1.599999999999998979 ) ) ;
#9741 = CARTESIAN_POINT ( 'NONE',  ( -1.132235453338658937, 1.189999999999999503, -0.7166974662674795438 ) ) ;
#9742 = ORIENTED_EDGE ( 'NONE', *, *, #6015, .F. ) ;
#9743 = CARTESIAN_POINT ( 'NONE',  ( 0.4368518873041347672, 1.190099999999999936, -0.6573982336891598388 ) ) ;
#9744 = CARTESIAN_POINT ( 'NONE',  ( 0.8838546492797115794, 1.190000000000000391, 0.3493313207844481183 ) ) ;
#9745 = ORIENTED_EDGE ( 'NONE', *, *, #1278, .T. ) ;
#9746 = EDGE_CURVE ( 'NONE', #3961, #2176, #5253, .T. ) ;
#9747 = FACE_OUTER_BOUND ( 'NONE', #2520, .T. ) ;
#9748 = CARTESIAN_POINT ( 'NONE',  ( -0.8300148213363366390, 1.190099999999999714, -0.7022554023462568296 ) ) ;
#9749 = CARTESIAN_POINT ( 'NONE',  ( 0.3894792902510847976, 1.190000000000000169, -0.4184602867803000059 ) ) ;
#9750 = VERTEX_POINT ( 'NONE', #2944 ) ;
#9751 = CARTESIAN_POINT ( 'NONE',  ( -0.6497566395510944171, 1.189999999999999503, -0.5069685975690172430 ) ) ;
#9752 = LINE ( 'NONE', #7538, #6767 ) ;
#9753 = DIRECTION ( 'NONE',  ( -1.000000000000000000, 0.0000000000000000000, 0.0000000000000000000 ) ) ;
#9754 = ORIENTED_EDGE ( 'NONE', *, *, #6889, .F. ) ;
#9755 = ORIENTED_EDGE ( 'NONE', *, *, #8700, .T. ) ;
#9756 = DIRECTION ( 'NONE',  ( -0.5145244597529659014, 0.0000000000000000000, 0.8574757024638766101 ) ) ;
#9757 = CARTESIAN_POINT ( 'NONE',  ( 4.000000000000000888, 0.05000000000000000278, 1.599999999999998979 ) ) ;
#9758 = EDGE_CURVE ( 'NONE', #8247, #1213, #9115, .T. ) ;
#9759 = CARTESIAN_POINT ( 'NONE',  ( 0.2813726205013714621, 1.189999999999999947, -0.3708762039632734764 ) ) ;
#9760 = CARTESIAN_POINT ( 'NONE',  ( -0.4627516981109017769, 1.190099999999999714, -0.3584735619109059579 ) ) ;
#9761 = CARTESIAN_POINT ( 'NONE',  ( -1.231033530261735898, 1.190099999999999936, -0.6141333637033769000 ) ) ;
#9762 = CARTESIAN_POINT ( 'NONE',  ( -1.049379629720781137, 1.190000000000001501, -0.4819328169878225876 ) ) ;
#9763 = PLANE ( 'NONE',  #9205 ) ;
#9764 = CARTESIAN_POINT ( 'NONE',  ( 0.6277331168510237314, 1.190099999999999936, -0.6643035223519062615 ) ) ;
#9765 = DIRECTION ( 'NONE',  ( -1.000000000000000000, 0.0000000000000000000, 0.0000000000000000000 ) ) ;
#9766 = VERTEX_POINT ( 'NONE', #9980 ) ;
#9767 = CARTESIAN_POINT ( 'NONE',  ( 0.4305899077532615027, 1.189999999999999725, -0.6527183883958831423 ) ) ;
#9768 = CARTESIAN_POINT ( 'NONE',  ( 0.4290965140824374857, 1.190000000000000391, -0.5275293225359239946 ) ) ;
#9769 = B_SPLINE_CURVE_WITH_KNOTS ( 'NONE', 3,
 ( #9261, #6019, #4567, #9969, #9148, #4429, #8440, #1396, #3604, #1244, #2114, #9874, #1346, #7563, #2022, #3703, #5337, #7664, #5239 ),
 .UNSPECIFIED., .F., .F.,
 ( 4, 1, 1, 1, 1, 1, 1, 1, 1, 1, 1, 1, 1, 1, 1, 1, 4 ),
 ( 0.0000000000000000000, 0.05274865138876265458, 0.1043840997940385373, 0.1566250526368101192, 0.2099615768443905961, 0.2652366339563042574, 0.3232086834841494949, 0.3845362024111925181, 0.4497761448742978452, 0.5168113241969634064, 0.5832173701001578392, 0.6499596918368474308, 0.7166061079006136314, 0.7851120838912150068, 0.8544686661248589443, 0.9261309590169276573, 1.000000000000000000 ),
 .UNSPECIFIED. ) ;
#9770 = LINE ( 'NONE', #2728, #1775 ) ;
#9771 = CARTESIAN_POINT ( 'NONE',  ( -0.0001972941811257460597, 1.190000000000000835, -0.4152794883326857422 ) ) ;
#9772 = EDGE_CURVE ( 'NONE', #2203, #2761, #426, .T. ) ;
#9773 = EDGE_LOOP ( 'NONE', ( #9194, #9320, #2126, #8878 ) ) ;
#9774 = DIRECTION ( 'NONE',  ( 0.7832176788222144914, 0.0000000000000000000, -0.6217475915356186489 ) ) ;
#9775 = CARTESIAN_POINT ( 'NONE',  ( 0.3797037660112256852, 1.189999999999999725, -0.5680689150644490093 ) ) ;
#9776 = CARTESIAN_POINT ( 'NONE',  ( 1.415633827750493845, 1.189999999999999947, 0.002246101707272939348 ) ) ;
#9777 = CARTESIAN_POINT ( 'NONE',  ( 0.2013231595053171230, 1.190100000000000380, -0.4832501962524873851 ) ) ;
#9778 = DIRECTION ( 'NONE',  ( 0.0000000000000000000, 0.0000000000000000000, -1.000000000000000000 ) ) ;
#9779 = ORIENTED_EDGE ( 'NONE', *, *, #416, .T. ) ;
#9780 = CARTESIAN_POINT ( 'NONE',  ( 1.322812623584417979, 1.190099999999999936, -0.4353673380623513389 ) ) ;
#9781 = DIRECTION ( 'NONE',  ( 5.421010862427526114E-16, -0.0000000000000000000, 1.000000000000000000 ) ) ;
#9782 = EDGE_CURVE ( 'NONE', #1335, #2761, #8497, .T. ) ;
#9783 = CARTESIAN_POINT ( 'NONE',  ( 0.9438389559556220609, 1.190000000000000169, 0.2305313581175293947 ) ) ;
#9784 = ORIENTED_EDGE ( 'NONE', *, *, #8944, .T. ) ;
#9785 = FACE_OUTER_BOUND ( 'NONE', #6092, .T. ) ;
#9786 = DIRECTION ( 'NONE',  ( -0.2007054744631348864, 0.0000000000000000000, 0.9796516281416204341 ) ) ;
#9787 = DIRECTION ( 'NONE',  ( -0.0000000000000000000, -1.000000000000000000, -0.0000000000000000000 ) ) ;
#9788 = CARTESIAN_POINT ( 'NONE',  ( -1.018313295076353153, 1.189999999999999503, -0.6755493836966326437 ) ) ;
#9789 = CARTESIAN_POINT ( 'NONE',  ( -1.273607389658661493, 1.189999999999999725, -0.6260779499847100027 ) ) ;
#9790 = CARTESIAN_POINT ( 'NONE',  ( -1.048581607184812858, 1.190099999999999936, -0.5304795175495307102 ) ) ;
#9791 = VERTEX_POINT ( 'NONE', #6030 ) ;
#9792 = CARTESIAN_POINT ( 'NONE',  ( -0.9976200687232745778, 1.190100000000000158, -0.4963449021649155024 ) ) ;
#9793 = ORIENTED_EDGE ( 'NONE', *, *, #4244, .F. ) ;
#9794 = CARTESIAN_POINT ( 'NONE',  ( 0.8910183885973257389, 1.189999999999999725, 0.3441334544640944348 ) ) ;
#9795 = CARTESIAN_POINT ( 'NONE',  ( 0.5047036492254438622, 1.189999999999999947, -0.6756718252418384418 ) ) ;
#9796 = CARTESIAN_POINT ( 'NONE',  ( -1.227414984482823490, 1.189999999999999725, -0.3189013266635156163 ) ) ;
#9797 = SURFACE_SIDE_STYLE ('',( #6667 ) ) ;
#9798 = ORIENTED_EDGE ( 'NONE', *, *, #6812, .F. ) ;
#9799 = CARTESIAN_POINT ( 'NONE',  ( 1.195922289288955609, 1.190099999999999936, 0.002246101707272939348 ) ) ;
#9800 = CARTESIAN_POINT ( 'NONE',  ( -2.999999999999999556, -0.04999999999999935052, 1.749999999999999334 ) ) ;
#9801 = CARTESIAN_POINT ( 'NONE',  ( 2.999999999999999556, -0.9405995433517282400, 0.1672176965958632744 ) ) ;
#9802 = ORIENTED_EDGE ( 'NONE', *, *, #4326, .F. ) ;
#9803 = ORIENTED_EDGE ( 'NONE', *, *, #71, .T. ) ;
#9804 = ORIENTED_EDGE ( 'NONE', *, *, #7333, .F. ) ;
#9805 = CARTESIAN_POINT ( 'NONE',  ( -0.9979966268748423630, 1.189999999999999725, -0.5766532138575880539 ) ) ;
#9806 = UNCERTAINTY_MEASURE_WITH_UNIT (LENGTH_MEASURE( 1.000000000000000082E-05 ), #6537, 'distance_accuracy_value', 'NONE');
#9807 = CARTESIAN_POINT ( 'NONE',  ( -1.207640252426032124, 1.189999999999999725, -0.3571113558545006006 ) ) ;
#9808 = CARTESIAN_POINT ( 'NONE',  ( -0.7582771200053256555, 1.189999999999999947, -0.6756718252418384418 ) ) ;
#9809 = CARTESIAN_POINT ( 'NONE',  ( -1.222195887001499726, 1.190000000000000391, -0.6295915166413551534 ) ) ;
#9810 = CARTESIAN_POINT ( 'NONE',  ( -1.015826192967783204, 1.190100000000000158, -0.4255586632400336078 ) ) ;
#9811 = VERTEX_POINT ( 'NONE', #3670 ) ;
#9812 = CARTESIAN_POINT ( 'NONE',  ( 1.358710059481854415, 1.189999999999999947, -0.4602872098572231563 ) ) ;
#9813 = CARTESIAN_POINT ( 'NONE',  ( 0.6456826029071071060, 1.189999999999999947, -0.6173623326692406765 ) ) ;
#9814 = CARTESIAN_POINT ( 'NONE',  ( 0.2920433928151873748, 1.190000000000000391, -0.4187006713956846204 ) ) ;
#9815 = EDGE_LOOP ( 'NONE', ( #7568, #5655, #7514, #7432, #8653, #7204, #5838, #8596 ) ) ;
#9816 = EDGE_CURVE ( 'NONE', #9161, #8419, #2230, .T. ) ;
#9817 = DIRECTION ( 'NONE',  ( 0.0000000000000000000, 0.9845625077859065932, 0.1750333347174941045 ) ) ;
#9818 = CARTESIAN_POINT ( 'NONE',  ( 2.999999999999999556, -1.039055794130319343, 0.1847210300676128125 ) ) ;
#9819 = CARTESIAN_POINT ( 'NONE',  ( 0.5785818543536489500, 1.189999999999999947, -0.5292775944726076931 ) ) ;
#9820 = ORIENTED_EDGE ( 'NONE', *, *, #1547, .T. ) ;
#9821 = CARTESIAN_POINT ( 'NONE',  ( 2.999999999999999556, -1.239228125389295609, -0.9412483332641250477 ) ) ;
#9822 = CARTESIAN_POINT ( 'NONE',  ( 0.5992063762988463216, 1.190100000000000158, -0.6060745209358786578 ) ) ;
#9823 = CARTESIAN_POINT ( 'NONE',  ( 0.08256001695899783943, 1.190099999999999936, -0.3549155400861765397 ) ) ;
#9824 = DIRECTION ( 'NONE',  ( -1.000000000000000000, 0.0000000000000000000, 0.0000000000000000000 ) ) ;
#9825 = VECTOR ( 'NONE', #6641, 1000.000000000000000 ) ;
#9826 = LINE ( 'NONE', #5149, #651 ) ;
#9827 = ORIENTED_EDGE ( 'NONE', *, *, #843, .T. ) ;
#9828 = VECTOR ( 'NONE', #7136, 1000.000000000000114 ) ;
#9829 = CARTESIAN_POINT ( 'NONE',  ( 0.4038718100761424235, 1.189999999999999725, -0.3771648214307613545 ) ) ;
#9830 = EDGE_CURVE ( 'NONE', #996, #6624, #3615, .T. ) ;
#9831 = CARTESIAN_POINT ( 'NONE',  ( -1.059725280561882643, 1.190000000000001057, -0.3089839202386722716 ) ) ;
#9832 = COLOUR_RGB ( '',0.2509803921568627416, 0.2509803921568627416, 0.2509803921568627416 ) ;
#9833 = CARTESIAN_POINT ( 'NONE',  ( 0.1616529502246831229, 1.190099999999999936, -0.5371010467364516483 ) ) ;
#9834 = ORIENTED_EDGE ( 'NONE', *, *, #2688, .F. ) ;
#9835 = LINE ( 'NONE', #479, #1152 ) ;
#9836 = FACE_OUTER_BOUND ( 'NONE', #3669, .T. ) ;
#9837 = ORIENTED_EDGE ( 'NONE', *, *, #4070, .T. ) ;
#9838 = CARTESIAN_POINT ( 'NONE',  ( -0.6567719042759995185, 1.190099999999999936, -0.5973116839603922479 ) ) ;
#9839 = CARTESIAN_POINT ( 'NONE',  ( -2.999999999999999556, -0.2001723312589749892, 1.125969363331736917 ) ) ;
#9840 = VECTOR ( 'NONE', #7307, 1000.000000000000000 ) ;
#9841 = CARTESIAN_POINT ( 'NONE',  ( 0.8064190841607502547, 1.189999999999999947, 0.3304512299124011676 ) ) ;
#9842 = CARTESIAN_POINT ( 'NONE',  ( -1.250260673563567515, 1.190099999999999714, -0.6670531563513072415 ) ) ;
#9843 = EDGE_CURVE ( 'NONE', #2853, #7225, #9223, .T. ) ;
#9844 = EDGE_CURVE ( 'NONE', #4489, #5676, #7628, .T. ) ;
#9845 = ORIENTED_EDGE ( 'NONE', *, *, #9758, .T. ) ;
#9846 = DIRECTION ( 'NONE',  ( -0.0000000000000000000, -1.000000000000000000, -0.0000000000000000000 ) ) ;
#9847 = EDGE_LOOP ( 'NONE', ( #4359, #5262, #9627, #9217 ) ) ;
#9848 = DIRECTION ( 'NONE',  ( 0.0000000000000000000, 0.0000000000000000000, -1.000000000000000000 ) ) ;
#9849 = ORIENTED_EDGE ( 'NONE', *, *, #4504, .T. ) ;
#9850 = LINE ( 'NONE', #8360, #5438 ) ;
#9851 = CARTESIAN_POINT ( 'NONE',  ( 0.4853831878270535860, 1.190099999999999936, -0.2965677660850583042 ) ) ;
#9852 = ORIENTED_EDGE ( 'NONE', *, *, #4630, .T. ) ;
#9853 = ORIENTED_EDGE ( 'NONE', *, *, #278, .T. ) ;
#9854 = ORIENTED_EDGE ( 'NONE', *, *, #9932, .F. ) ;
#9855 = CARTESIAN_POINT ( 'NONE',  ( 0.7925088923810059693, 1.190000000000000835, 0.3712425874972973272 ) ) ;
#9856 = DIRECTION ( 'NONE',  ( 0.0000000000000000000, -0.0000000000000000000, -1.000000000000000000 ) ) ;
#9857 = CARTESIAN_POINT ( 'NONE',  ( 0.2730400772399541598, 1.189999999999999947, -0.3565519857216600808 ) ) ;
#9858 = COLOUR_RGB ( '',0.2509803921568627416, 0.2509803921568627416, 0.2509803921568627416 ) ;
#9859 = CARTESIAN_POINT ( 'NONE',  ( -0.4577945101510429438, 1.190100000000000158, -0.3534431290271690673 ) ) ;
#9860 = VECTOR ( 'NONE', #10039, 1000.000000000000000 ) ;
#9861 = EDGE_CURVE ( 'NONE', #5787, #5244, #9835, .T. ) ;
#9862 = CARTESIAN_POINT ( 'NONE',  ( -0.5284694276976332761, 1.190099999999999936, -0.3346461842161974620 ) ) ;
#9863 = CARTESIAN_POINT ( 'NONE',  ( 0.4139770591429575708, 1.190100000000000158, -0.5951775713978026960 ) ) ;
#9864 = VERTEX_POINT ( 'NONE', #6757 ) ;
#9865 = CARTESIAN_POINT ( 'NONE',  ( 0.5047036492254438622, 1.190099999999999936, -0.6756718252418384418 ) ) ;
#9866 = CARTESIAN_POINT ( 'NONE',  ( 0.9167026056591717209, 1.189999999999999725, 0.1458021335262222884 ) ) ;
#9867 = CARTESIAN_POINT ( 'NONE',  ( 0.2897664951348604134, 1.190000000000000613, -0.4427093971527185645 ) ) ;
#9868 = CARTESIAN_POINT ( 'NONE',  ( 0.6525667252859529421, 1.190000000000000169, -0.3683673030489885147 ) ) ;
#9869 = CARTESIAN_POINT ( 'NONE',  ( 0.6953716336062181202, 1.190099999999999936, 0.3039874430684380013 ) ) ;
#9870 = MECHANICAL_DESIGN_GEOMETRIC_PRESENTATION_REPRESENTATION (  '', ( #7228 ), #9977 ) ;
#9871 = CARTESIAN_POINT ( 'NONE',  ( 0.1753209840111763229, 1.189999999999999947, -0.4930166942298093713 ) ) ;
#9872 = DIRECTION ( 'NONE',  ( 0.0000000000000000000, -1.467788517642449490E-12, -1.000000000000000000 ) ) ;
#9873 = VERTEX_POINT ( 'NONE', #5204 ) ;
#9874 = CARTESIAN_POINT ( 'NONE',  ( 0.5698276487791636979, 1.190100000000000158, -0.4921704669972176149 ) ) ;
#9875 = CARTESIAN_POINT ( 'NONE',  ( 1.415633827750493845, 1.190099999999999936, 0.3612204606816319385 ) ) ;
#9876 = ADVANCED_FACE ( 'NONE', ( #4534 ), #768, .T. ) ;
#9877 = DIRECTION ( 'NONE',  ( 0.5144957554275263467, 0.0000000000000000000, -0.8574929257125442073 ) ) ;
#9878 = CARTESIAN_POINT ( 'NONE',  ( 0.1494438750934556082, 1.190099999999999936, -0.4960946283954158487 ) ) ;
#9879 = VECTOR ( 'NONE', #3887, 1000.000000000000000 ) ;
#9880 = DIRECTION ( 'NONE',  ( -1.000000000000000000, -0.0000000000000000000, -0.0000000000000000000 ) ) ;
#9881 = ORIENTED_EDGE ( 'NONE', *, *, #9579, .F. ) ;
#9882 = CARTESIAN_POINT ( 'NONE',  ( 0.8624526606489915093, 1.190100000000000158, 0.3141925866050767069 ) ) ;
#9883 = CARTESIAN_POINT ( 'NONE',  ( -1.212322112735654711, 1.190099999999999936, -0.6427226989401020329 ) ) ;
#9884 = AXIS2_PLACEMENT_3D ( 'NONE', #2308, #3940, #3793 ) ;
#9885 = CARTESIAN_POINT ( 'NONE',  ( 0.5994854505503751652, 1.190099999999999936, -0.6199765766411449164 ) ) ;
#9886 = EDGE_LOOP ( 'NONE', ( #6098, #9185, #4057, #425 ) ) ;
#9887 = CARTESIAN_POINT ( 'NONE',  ( -0.9909603949235334941, 1.190099999999999936, -0.4884979150391930425 ) ) ;
#9888 = EDGE_CURVE ( 'NONE', #6696, #321, #6343, .T. ) ;
#9889 = DIRECTION ( 'NONE',  ( 0.0000000000000000000, 0.1750333347174949650, 0.9845625077859064822 ) ) ;
#9890 = CARTESIAN_POINT ( 'NONE',  ( -1.161942357547540716, 1.190099999999999936, 0.06634866580983704576 ) ) ;
#9891 = CARTESIAN_POINT ( 'NONE',  ( -1.041147655031933184, 1.190099999999999714, -0.3172585571006329430 ) ) ;
#9892 = VECTOR ( 'NONE', #7631, 999.9999999999998863 ) ;
#9893 = DIRECTION ( 'NONE',  ( -1.000000000000000000, -0.0000000000000000000, 1.355252715606880296E-16 ) ) ;
#9894 = DIRECTION ( 'NONE',  ( 0.0000000000000000000, -1.000000000000000000, 1.917831477656420148E-16 ) ) ;
#9895 = PLANE ( 'NONE',  #3768 ) ;
#9896 = EDGE_LOOP ( 'NONE', ( #3028, #2012, #1753, #392 ) ) ;
#9897 = CARTESIAN_POINT ( 'NONE',  ( 0.5623870102572882113, 1.189999999999999725, -0.3469308677105177319 ) ) ;
#9898 = VECTOR ( 'NONE', #451, 1000.000000000000000 ) ;
#9899 = EDGE_CURVE ( 'NONE', #8136, #37, #8599, .T. ) ;
#9900 = EDGE_CURVE ( 'NONE', #6624, #5775, #2305, .T. ) ;
#9901 = CARTESIAN_POINT ( 'NONE',  ( 0.2293654712348811298, 1.190000000000000169, -0.3725240856677473622 ) ) ;
#9902 = LINE ( 'NONE', #2813, #7569 ) ;
#9903 = ORIENTED_EDGE ( 'NONE', *, *, #6675, .T. ) ;
#9904 = DIRECTION ( 'NONE',  ( 0.0000000000000000000, 0.0000000000000000000, 1.000000000000000000 ) ) ;
#9905 = CARTESIAN_POINT ( 'NONE',  ( 0.9437385781446923083, 1.190000000000000391, 0.2258513412941595133 ) ) ;
#9906 = CARTESIAN_POINT ( 'NONE',  ( 0.5042228799946745221, 1.190099999999999936, -0.2961846457546589706 ) ) ;
#9907 = ORIENTED_EDGE ( 'NONE', *, *, #589, .F. ) ;
#9908 = EDGE_LOOP ( 'NONE', ( #1603, #8178, #4427, #543 ) ) ;
#9909 = CARTESIAN_POINT ( 'NONE',  ( -1.035050417348063911, 1.190099999999999936, -0.5379623133878463914 ) ) ;
#9910 = DIRECTION ( 'NONE',  ( -0.1378445374916288380, -0.9808148484639890308, 0.1378445374916289212 ) ) ;
#9911 = EDGE_CURVE ( 'NONE', #867, #8965, #1575, .T. ) ;
#9912 = CARTESIAN_POINT ( 'NONE',  ( 0.2918497565070515831, 1.190099999999999936, -0.4102661992987677309 ) ) ;
#9913 = CARTESIAN_POINT ( 'NONE',  ( -0.8657017840963107114, 1.190000000000000169, -0.5938897886605114529 ) ) ;
#9914 = CARTESIAN_POINT ( 'NONE',  ( -0.4925822863094737047, 1.190099999999999936, -0.3678516812273724401 ) ) ;
#9915 = CARTESIAN_POINT ( 'NONE',  ( -0.5284694276976332761, 1.189999999999999725, -0.3346461842161974620 ) ) ;
#9916 = CARTESIAN_POINT ( 'NONE',  ( 0.8043357508274169287, 1.189999999999999725, 0.3714768709380422140 ) ) ;
#9917 = CARTESIAN_POINT ( 'NONE',  ( -0.8565442950057328142, 1.190099999999999936, -0.6223230411319592426 ) ) ;
#9918 = CARTESIAN_POINT ( 'NONE',  ( 0.2091837492750634464, 1.190099999999999936, -0.5288591121487209445 ) ) ;
#9919 = VERTEX_POINT ( 'NONE', #4581 ) ;
#9920 = CARTESIAN_POINT ( 'NONE',  ( 1.276658777430572211, 1.190099999999999936, -0.7166974662674795438 ) ) ;
#9921 = CARTESIAN_POINT ( 'NONE',  ( 0.1460498030715975948, 1.189999999999999503, -0.4961846457546589262 ) ) ;
#9922 = DIRECTION ( 'NONE',  ( 1.000000000000000000, 0.0000000000000000000, 0.0000000000000000000 ) ) ;
#9923 = DIRECTION ( 'NONE',  ( 0.0000000000000000000, 0.1750333347174947707, -0.9845625077859065932 ) ) ;
#9924 = CARTESIAN_POINT ( 'NONE',  ( 0.9079415200581861800, 1.190099999999999936, 0.2290089222200934471 ) ) ;
#9925 = CARTESIAN_POINT ( 'NONE',  ( -1.231033530261735898, 1.190099999999999936, -0.6141333637033769000 ) ) ;
#9926 = CARTESIAN_POINT ( 'NONE',  ( -1.206814152419335429, 1.190099999999999936, 0.3612204606816319385 ) ) ;
#9927 = B_SPLINE_SURFACE_WITH_KNOTS ( 'NONE', 3, 1, ( 
 ( #4571, #4727 ),
 ( #3807, #6174 ),
 ( #6888, #5439 ),
 ( #8535, #7668 ),
 ( #3038, #6941 ),
 ( #720, #9265 ),
 ( #3897, #8587 ),
 ( #5533, #7818 ),
 ( #622, #4626 ),
 ( #2222, #1495 ),
 ( #10078, #7715 ) ),
 .UNSPECIFIED., .F., .F., .F.,
 ( 4, 1, 1, 1, 1, 1, 1, 1, 4 ),
 ( 2, 2 ),
 ( 0.0000000000000000000, 0.1129932061748125938, 0.2270910399863904638, 0.3431418899910651521, 0.4623681127795702950, 0.5871540718201722076, 0.7175375472775008534, 0.8544382956063615309, 0.9999999999999998890 ),
 ( 0.0000000000000000000, 1.000000000000000000 ),
 .UNSPECIFIED. ) ;
#9928 = DIRECTION ( 'NONE',  ( 0.0000000000000000000, -1.000000000000000000, 1.917831477656419162E-16 ) ) ;
#9929 = CARTESIAN_POINT ( 'NONE',  ( -1.161942357547540716, 1.190099999999999936, -0.08749748803631683669 ) ) ;
#9930 = CARTESIAN_POINT ( 'NONE',  ( -1.147591830118416700, 1.190099999999999936, -0.6752133983022570174 ) ) ;
#9931 = ORIENTED_EDGE ( 'NONE', *, *, #7507, .T. ) ;
#9932 = EDGE_CURVE ( 'NONE', #443, #1538, #9419, .T. ) ;
#9933 = CARTESIAN_POINT ( 'NONE',  ( 1.533069033840828377, 1.189999999999999947, -0.5987487483187616810 ) ) ;
#9934 = EDGE_LOOP ( 'NONE', ( #9071, #8101, #8052, #3851, #3091, #7508, #8397, #2677 ) ) ;
#9935 = SURFACE_STYLE_USAGE ( .BOTH. , #9274 ) ;
#9936 = CARTESIAN_POINT ( 'NONE',  ( -0.4541337183128894006, 1.190099999999999714, -0.3476996845340786235 ) ) ;
#9937 = CARTESIAN_POINT ( 'NONE',  ( -0.6583434091217691408, 1.190099999999999714, -0.6106219700424801999 ) ) ;
#9938 = DIRECTION ( 'NONE',  ( -0.0000000000000000000, -1.000000000000000000, -0.0000000000000000000 ) ) ;
#9939 = PRESENTATION_STYLE_ASSIGNMENT (( #2135 ) ) ;
#9940 = CARTESIAN_POINT ( 'NONE',  ( 0.4952153388251850363, 1.190100000000000158, -0.5062496342755412604 ) ) ;
#9941 = B_SPLINE_CURVE_WITH_KNOTS ( 'NONE', 3,
 ( #4822, #9355, #917, #2311, #7859, #812, #5431, #761, #3891, #10162, #3131, #869, #3943, #7959, #7081 ),
 .UNSPECIFIED., .F., .F.,
 ( 4, 1, 1, 1, 1, 1, 1, 1, 1, 1, 1, 1, 4 ),
 ( 0.0000000000000000000, 0.09664971390630056058, 0.1916893108962417214, 0.2853541611051264582, 0.3791825505080103076, 0.4709413570834042329, 0.5578032625296883706, 0.6402715697858936128, 0.7212414728936015207, 0.7982267779146334785, 0.8689603011257448495, 0.9355331232190550184, 1.000000000000000000 ),
 .UNSPECIFIED. ) ;
#9942 = CARTESIAN_POINT ( 'NONE',  ( 0.8817255328005798587, 1.190099999999999714, 0.1651152750461040986 ) ) ;
#9943 = EDGE_CURVE ( 'NONE', #6483, #5318, #1449, .T. ) ;
#9944 = EDGE_LOOP ( 'NONE', ( #3725, #1083, #5926, #2626 ) ) ;
#9945 = VERTEX_POINT ( 'NONE', #3350 ) ;
#9946 = VERTEX_POINT ( 'NONE', #1755 ) ;
#9947 = CARTESIAN_POINT ( 'NONE',  ( 0.2386947470214439149, 1.190100000000000158, -0.3859483187163864071 ) ) ;
#9948 =( NAMED_UNIT ( * ) SI_UNIT ( $, .STERADIAN. ) SOLID_ANGLE_UNIT ( ) );
#9949 = ORIENTED_EDGE ( 'NONE', *, *, #277, .T. ) ;
#9950 = FILL_AREA_STYLE_COLOUR ( '', #2491 ) ;
#9951 = CARTESIAN_POINT ( 'NONE',  ( 0.3436892288171189969, 1.190099999999999936, -0.4082107708424559389 ) ) ;
#9952 = EDGE_CURVE ( 'NONE', #7536, #9577, #1088, .T. ) ;
#9953 = ORIENTED_EDGE ( 'NONE', *, *, #5414, .F. ) ;
#9954 = CARTESIAN_POINT ( 'NONE',  ( 0.8043357508274169287, 1.190000000000001057, 0.3714768709380422140 ) ) ;
#9955 = CARTESIAN_POINT ( 'NONE',  ( -2.499999999999999556, 0.05000000000000000278, -1.599999999999998090 ) ) ;
#9956 = CARTESIAN_POINT ( 'NONE',  ( -1.210200196928402860, 1.190100000000000158, -0.3588449021649154358 ) ) ;
#9957 = PLANE ( 'NONE',  #7230 ) ;
#9958 = CARTESIAN_POINT ( 'NONE',  ( -1.175746456274386897, 1.190099999999999936, -0.3425508731676843444 ) ) ;
#9959 = CARTESIAN_POINT ( 'NONE',  ( 0.7923966482633143515, 1.189999999999999947, 0.002246101707272939348 ) ) ;
#9960 = CARTESIAN_POINT ( 'NONE',  ( 0.1213341531133012852, 1.190000000000000169, -0.5348115836201201567 ) ) ;
#9961 = CARTESIAN_POINT ( 'NONE',  ( 0.8679811282621179291, 1.190000000000000391, 0.1086810325646697245 ) ) ;
#9962 = CARTESIAN_POINT ( 'NONE',  ( 0.1707453966709824023, 1.190099999999999714, -0.5368863150501682613 ) ) ;
#9963 = ORIENTED_EDGE ( 'NONE', *, *, #2913, .T. ) ;
#9964 = ADVANCED_FACE ( 'NONE', ( #2526 ), #4837, .T. ) ;
#9965 = DIRECTION ( 'NONE',  ( -1.000000000000000000, 0.0000000000000000000, -0.0000000000000000000 ) ) ;
#9966 = EDGE_CURVE ( 'NONE', #5688, #6696, #9305, .T. ) ;
#9967 = CARTESIAN_POINT ( 'NONE',  ( 0.2387262575531322040, 1.190000000000000169, -0.4473565178511939022 ) ) ;
#9968 = LINE ( 'NONE', #569, #8514 ) ;
#9969 = CARTESIAN_POINT ( 'NONE',  ( 0.6182858203774697081, 1.190099999999999936, -0.4383213081885266593 ) ) ;
#9970 = CARTESIAN_POINT ( 'NONE',  ( 0.8817255328005798587, 1.190099999999999714, 0.1651152750461040986 ) ) ;
#9971 = CARTESIAN_POINT ( 'NONE',  ( 0.8679811282621179291, 1.190100000000000380, 0.1086810325646697245 ) ) ;
#9972 = CARTESIAN_POINT ( 'NONE',  ( 0.2345046072888125610, 1.190100000000000158, -0.4542428710119597590 ) ) ;
#9973 = LINE ( 'NONE', #4381, #6395 ) ;
#9974 = FACE_OUTER_BOUND ( 'NONE', #5219, .T. ) ;
#9975 =( LENGTH_UNIT ( ) NAMED_UNIT ( * ) SI_UNIT ( .MILLI., .METRE. ) );
#9976 = VERTEX_POINT ( 'NONE', #8132 ) ;
#9977 =( GEOMETRIC_REPRESENTATION_CONTEXT ( 3 ) GLOBAL_UNCERTAINTY_ASSIGNED_CONTEXT ( ( #2100 ) ) GLOBAL_UNIT_ASSIGNED_CONTEXT ( ( #9975, #5300, #1446 ) ) REPRESENTATION_CONTEXT ( 'NONE', 'WORKASPACE' ) );
#9978 = LINE ( 'NONE', #10033, #5263 ) ;
#9979 = ORIENTED_EDGE ( 'NONE', *, *, #6303, .F. ) ;
#9980 = CARTESIAN_POINT ( 'NONE',  ( -2.999999999999999556, -1.279882393104615934, -1.741248333264124426 ) ) ;
#9981 = CARTESIAN_POINT ( 'NONE',  ( -3.839783448439274327, -1.189999999999999947, -1.439783448439271529 ) ) ;
#9982 = DIRECTION ( 'NONE',  ( 1.000000000000000000, 0.0000000000000000000, 0.0000000000000000000 ) ) ;
#9983 = VECTOR ( 'NONE', #5427, 1000.000000000000000 ) ;
#9984 = FACE_OUTER_BOUND ( 'NONE', #4615, .T. ) ;
#9985 = LINE ( 'NONE', #9166, #8239 ) ;
#9986 = SURFACE_SIDE_STYLE ('',( #7634 ) ) ;
#9987 = PRESENTATION_LAYER_ASSIGNMENT (  '', '', ( #1618 ) ) ;
#9988 = ORIENTED_EDGE ( 'NONE', *, *, #2494, .F. ) ;
#9989 = CARTESIAN_POINT ( 'NONE',  ( 0.5808438063236505133, 1.190099999999999936, -0.3564998849447859608 ) ) ;
#9990 = ORIENTED_EDGE ( 'NONE', *, *, #785, .T. ) ;
#9991 = VECTOR ( 'NONE', #502, 1000.000000000000000 ) ;
#9992 = EDGE_CURVE ( 'NONE', #1581, #4215, #4059, .T. ) ;
#9993 = CARTESIAN_POINT ( 'NONE',  ( 0.2234805504270625798, 1.190000000000000169, -0.3661482358701814710 ) ) ;
#9994 = DIRECTION ( 'NONE',  ( -0.9796027006414901317, 0.0000000000000000000, -0.2009441437213315418 ) ) ;
#9995 = EDGE_LOOP ( 'NONE', ( #8018, #2749, #5009, #7972 ) ) ;
#9996 = SURFACE_STYLE_USAGE ( .BOTH. , #5947 ) ;
#9997 = DIRECTION ( 'NONE',  ( -0.0000000000000000000, -1.000000000000000000, -0.0000000000000000000 ) ) ;
#9998 = CARTESIAN_POINT ( 'NONE',  ( 0.04991083949027355637, 1.190000000000000169, -0.4400728724974801165 ) ) ;
#9999 = COLOUR_RGB ( '',0.2509803921568627416, 0.2509803921568627416, 0.2509803921568627416 ) ;
#10000 = ORIENTED_EDGE ( 'NONE', *, *, #5351, .F. ) ;
#10001 = ORIENTED_EDGE ( 'NONE', *, *, #329, .F. ) ;
#10002 = CARTESIAN_POINT ( 'NONE',  ( 0.7398049774762588404, 1.190000000000001279, 0.3538572003337983607 ) ) ;
#10003 = LINE ( 'NONE', #1277, #4576 ) ;
#10004 = CARTESIAN_POINT ( 'NONE',  ( -2.499999999999999556, -1.230654267715319827, 1.899999999999999911 ) ) ;
#10005 = CARTESIAN_POINT ( 'NONE',  ( -0.4519549466761085821, 1.190000000000000169, -0.3413409862270098127 ) ) ;
#10006 = ADVANCED_FACE ( 'NONE', ( #158 ), #3450, .F. ) ;
#10007 = CARTESIAN_POINT ( 'NONE',  ( 2.499999999999999556, -1.279882393104615934, -1.741248333264124426 ) ) ;
#10008 = DIRECTION ( 'NONE',  ( 0.0000000000000000000, 4.445228907190556820E-14, -1.000000000000000000 ) ) ;
#10009 = VECTOR ( 'NONE', #5928, 1000.000000000000114 ) ;
#10010 = EDGE_LOOP ( 'NONE', ( #8614, #6456, #1712 ) ) ;
#10011 = CARTESIAN_POINT ( 'NONE',  ( 0.1088703158921102698, 1.190099999999999936, -0.5328032354982487062 ) ) ;
#10012 = CARTESIAN_POINT ( 'NONE',  ( 0.8083667120773787573, 1.190099999999999936, 0.1407739934439636575 ) ) ;
#10013 = CARTESIAN_POINT ( 'NONE',  ( 0.7923966482633143515, 1.190099999999999936, 0.002246101707272939348 ) ) ;
#10014 = CARTESIAN_POINT ( 'NONE',  ( 0.01419547447032990309, 1.190099999999999714, -0.3636926089343445190 ) ) ;
#10015 = FACE_OUTER_BOUND ( 'NONE', #4240, .T. ) ;
#10016 = PLANE ( 'NONE',  #2429 ) ;
#10017 = AXIS2_PLACEMENT_3D ( 'NONE', #7879, #9515, #2476 ) ;
#10018 = DIRECTION ( 'NONE',  ( -1.000000000000000000, 0.0000000000000000000, 0.0000000000000000000 ) ) ;
#10019 = VECTOR ( 'NONE', #6186, 1000.000000000000000 ) ;
#10020 = LINE ( 'NONE', #7617, #5107 ) ;
#10021 = CARTESIAN_POINT ( 'NONE',  ( 0.5992063762988463216, 1.190000000000000391, -0.6060745209358786578 ) ) ;
#10022 = EDGE_CURVE ( 'NONE', #2775, #2441, #2733, .T. ) ;
#10023 = LINE ( 'NONE', #7712, #5136 ) ;
#10024 = CARTESIAN_POINT ( 'NONE',  ( 0.1502542286202601385, 1.190099999999999936, -0.2963898310218738841 ) ) ;
#10025 = EDGE_CURVE ( 'NONE', #7045, #9536, #3303, .T. ) ;
#10026 = CARTESIAN_POINT ( 'NONE',  ( 0.3899540530238704283, 1.190000000000000391, -0.4076953343427341947 ) ) ;
#10027 = AXIS2_PLACEMENT_3D ( 'NONE', #7182, #5585, #6474 ) ;
#10028 = COLOUR_RGB ( '',0.2509803921568627416, 0.2509803921568627416, 0.2509803921568627416 ) ;
#10029 = CARTESIAN_POINT ( 'NONE',  ( 0.9006741010319665452, 1.190099999999999936, 0.2688835882134935629 ) ) ;
#10030 = CARTESIAN_POINT ( 'NONE',  ( 0.1426557830159581874, 1.190100000000000158, -0.4960944313583679488 ) ) ;
#10031 = VERTEX_POINT ( 'NONE', #3398 ) ;
#10032 = SURFACE_STYLE_FILL_AREA ( #6895 ) ;
#10033 = CARTESIAN_POINT ( 'NONE',  ( 3.839783448439274327, 1.189999999999999947, 1.599999999999998979 ) ) ;
#10034 = ORIENTED_EDGE ( 'NONE', *, *, #5611, .F. ) ;
#10035 = VECTOR ( 'NONE', #9066, 1000.000000000000000 ) ;
#10036 = PRESENTATION_STYLE_ASSIGNMENT (( #9935 ) ) ;
#10037 = CARTESIAN_POINT ( 'NONE',  ( 0.8150489343032172318, 1.190000000000000169, 0.1407876454215213624 ) ) ;
#10038 = DIRECTION ( 'NONE',  ( -0.0000000000000000000, 1.000000000000000000, -0.0000000000000000000 ) ) ;
#10039 = DIRECTION ( 'NONE',  ( 0.0000000000000000000, 0.0000000000000000000, -1.000000000000000000 ) ) ;
#10040 = DIRECTION ( 'NONE',  ( 0.0000000000000000000, 0.0000000000000000000, -1.000000000000000000 ) ) ;
#10041 = CARTESIAN_POINT ( 'NONE',  ( 0.8322086367124638118, 1.189999999999999503, 0.1420650455419801839 ) ) ;
#10042 = B_SPLINE_SURFACE_WITH_KNOTS ( 'NONE', 3, 1, ( 
 ( #3043, #5978 ),
 ( #1252, #8400 ),
 ( #4488, #6896 ),
 ( #5202, #8449 ),
 ( #7626, #477 ),
 ( #3712, #3613 ),
 ( #5348, #6842 ),
 ( #8495, #1405 ),
 ( #628, #7723 ),
 ( #8343, #8298 ),
 ( #2942, #2182 ) ),
 .UNSPECIFIED., .F., .F., .F.,
 ( 4, 1, 1, 1, 1, 1, 1, 1, 4 ),
 ( 2, 2 ),
 ( 0.0000000000000000000, 0.1244676906410981804, 0.2466874182214703337, 0.3679274618284287257, 0.4886777691196649842, 0.6118451860972232703, 0.7368596092615808946, 0.8661935160105769249, 1.000000000000000000 ),
 ( 0.0000000000000000000, 1.000000000000000000 ),
 .UNSPECIFIED. ) ;
#10043 = ORIENTED_EDGE ( 'NONE', *, *, #6889, .T. ) ;
#10044 = CARTESIAN_POINT ( 'NONE',  ( 0.9428441187497863529, 1.189999999999999947, 0.2498828333875981189 ) ) ;
#10045 = B_SPLINE_CURVE_WITH_KNOTS ( 'NONE', 3,
 ( #4468, #7607, #561, #3693, #6825, #9958, #7851, #10152, #78, #3120, #2445 ),
 .UNSPECIFIED., .F., .F.,
 ( 4, 1, 1, 1, 1, 1, 1, 1, 4 ),
 ( 0.0000000000000000000, 0.1140068602737191600, 0.2299697753104336939, 0.3487839338991078342, 0.4697375999169148830, 0.5945301341002873219, 0.7243294665034334390, 0.8589928080171945757, 0.9999999999999998890 ),
 .UNSPECIFIED. ) ;
#10046 = ORIENTED_EDGE ( 'NONE', *, *, #3765, .T. ) ;
#10047 = B_SPLINE_CURVE_WITH_KNOTS ( 'NONE', 3,
 ( #4134, #1936, #8044, #9635, #4079, #9588, #3525, #177, #7270, #2593, #1007, #7212, #2704, #2545, #3320, #9794, #9744, #6613, #1772, #2652, #3417, #7431, #1161, #5666, #5716, #7375, #8768 ),
 .UNSPECIFIED., .F., .F.,
 ( 4, 1, 1, 1, 1, 1, 1, 1, 1, 1, 1, 1, 1, 1, 1, 1, 1, 1, 1, 1, 1, 1, 1, 1, 4 ),
 ( 0.0000000000000000000, 0.04401447057613995517, 0.08743412366770575428, 0.1301183986578981489, 0.1725536945581826187, 0.2145547559681393046, 0.2562980920971311138, 0.2984382251332501346, 0.3408490025880958618, 0.3827151889670271090, 0.4239240454075317577, 0.4642462432504176340, 0.5040736714617958247, 0.5438619058684915908, 0.5835667249796537837, 0.6230943188523337950, 0.6632290607685848993, 0.7035512586114706091, 0.7439378946861846531, 0.7845412548000927355, 0.8257501112405972732, 0.8677573633885065085, 0.9107451640323095399, 0.9549144468914779749, 1.000000000000000000 ),
 .UNSPECIFIED. ) ;
#10048 =( GEOMETRIC_REPRESENTATION_CONTEXT ( 3 ) GLOBAL_UNCERTAINTY_ASSIGNED_CONTEXT ( ( #557 ) ) GLOBAL_UNIT_ASSIGNED_CONTEXT ( ( #2427, #9574, #1608 ) ) REPRESENTATION_CONTEXT ( 'NONE', 'WORKASPACE' ) );
#10049 = CARTESIAN_POINT ( 'NONE',  ( -1.248140972683186467, 1.190100000000000158, -0.3339086446713214751 ) ) ;
#10050 = CARTESIAN_POINT ( 'NONE',  ( 0.3645208682131170774, 1.190099999999999936, -0.6015057719980553275 ) ) ;
#10051 = ORIENTED_EDGE ( 'NONE', *, *, #2031, .T. ) ;
#10052 = PRESENTATION_STYLE_ASSIGNMENT (( #644 ) ) ;
#10053 = CARTESIAN_POINT ( 'NONE',  ( 0.5133933660033747071, 1.189999999999999947, -0.7165315425676760386 ) ) ;
#10054 = VERTEX_POINT ( 'NONE', #8180 ) ;
#10055 = STYLED_ITEM ( 'NONE', ( #3022 ), #2116 ) ;
#10056 = CARTESIAN_POINT ( 'NONE',  ( 0.1436459569177513940, 1.190099999999999936, -0.2961846457546589706 ) ) ;
#10057 = EDGE_CURVE ( 'NONE', #1091, #7690, #4274, .T. ) ;
#10058 = DIRECTION ( 'NONE',  ( 0.0000000000000000000, 0.9845625077859065932, -0.1750333347174941045 ) ) ;
#10059 = CARTESIAN_POINT ( 'NONE',  ( 0.2274419632368316346, 1.189999999999999725, -0.3166481345427545890 ) ) ;
#10060 = SURFACE_STYLE_FILL_AREA ( #7755 ) ;
#10061 =( LENGTH_UNIT ( ) NAMED_UNIT ( * ) SI_UNIT ( .MILLI., .METRE. ) );
#10062 = SURFACE_STYLE_USAGE ( .BOTH. , #5280 ) ;
#10063 = ORIENTED_EDGE ( 'NONE', *, *, #3527, .T. ) ;
#10064 = VECTOR ( 'NONE', #3259, 1000.000000000000000 ) ;
#10065 = CARTESIAN_POINT ( 'NONE',  ( 0.5809995885303635976, 1.190099999999999492, -0.6516349126011206083 ) ) ;
#10066 = LINE ( 'NONE', #5330, #6765 ) ;
#10067 = CARTESIAN_POINT ( 'NONE',  ( 2.999999999999999556, -1.230654267715320715, -1.749999999999999778 ) ) ;
#10068 = ORIENTED_EDGE ( 'NONE', *, *, #4243, .F. ) ;
#10069 = CARTESIAN_POINT ( 'NONE',  ( -0.0002642994925050514560, 1.190099999999999936, -0.4179795175495307769 ) ) ;
#10070 = CARTESIAN_POINT ( 'NONE',  ( -1.036234632526307875, 1.190000000000000391, -0.6150203684777502122 ) ) ;
#10071 = CARTESIAN_POINT ( 'NONE',  ( 0.2456140932795937426, 1.190000000000000169, -0.4246303497374454006 ) ) ;
#10072 = ADVANCED_FACE ( 'NONE', ( #369 ), #9231, .T. ) ;
#10073 = LINE ( 'NONE', #2113, #1458 ) ;
#10074 = PLANE ( 'NONE',  #6419 ) ;
#10075 = CARTESIAN_POINT ( 'NONE',  ( 0.4139770591429575708, 1.190000000000000391, -0.5951775713978026960 ) ) ;
#10076 = DIRECTION ( 'NONE',  ( 0.0000000000000000000, 0.0000000000000000000, 1.000000000000000000 ) ) ;
#10077 = CARTESIAN_POINT ( 'NONE',  ( 0.2430206409298290016, 1.190100000000000380, -0.3262431718426697103 ) ) ;
#10078 = CARTESIAN_POINT ( 'NONE',  ( 0.5042228799946745221, 1.190099999999999936, -0.2961846457546589706 ) ) ;
#10079 = ORIENTED_EDGE ( 'NONE', *, *, #5576, .T. ) ;
#10080 = DIRECTION ( 'NONE',  ( -1.000000000000000000, -0.0000000000000000000, 1.355252715606880789E-16 ) ) ;
#10081 = ORIENTED_EDGE ( 'NONE', *, *, #6187, .T. ) ;
#10082 = EDGE_CURVE ( 'NONE', #8479, #5826, #4430, .T. ) ;
#10083 = CARTESIAN_POINT ( 'NONE',  ( -0.9909603949235334941, 1.190099999999999936, -0.4884979150391930425 ) ) ;
#10084 = CARTESIAN_POINT ( 'NONE',  ( 0.5937279380311932808, 1.190000000000000169, -0.6363957762049615718 ) ) ;
#10085 = ORIENTED_EDGE ( 'NONE', *, *, #360, .F. ) ;
#10086 = CARTESIAN_POINT ( 'NONE',  ( -0.9694950687232744002, 1.190099999999999936, -0.4252711842161974176 ) ) ;
#10087 = CARTESIAN_POINT ( 'NONE',  ( 0.5689540361949425584, 1.189999999999999725, -0.6610289918340532811 ) ) ;
#10088 = CARTESIAN_POINT ( 'NONE',  ( 0.4519872793235966135, 1.190099999999999714, -0.7091847240789040940 ) ) ;
#10089 = CARTESIAN_POINT ( 'NONE',  ( -1.100572932142136473, 1.190100000000000158, -0.2984906010794775022 ) ) ;
#10090 = DIRECTION ( 'NONE',  ( 0.0000000000000000000, 0.0000000000000000000, 1.000000000000000000 ) ) ;
#10091 = ADVANCED_FACE ( 'NONE', ( #571 ), #5193, .T. ) ;
#10092 = EDGE_CURVE ( 'NONE', #7153, #1414, #8291, .T. ) ;
#10093 = VERTEX_POINT ( 'NONE', #3751 ) ;
#10094 = CARTESIAN_POINT ( 'NONE',  ( 0.8978389562386639433, 1.189999999999999725, 0.3385393651491310774 ) ) ;
#10095 = CARTESIAN_POINT ( 'NONE',  ( -1.203857425864132802, 1.189999999999999947, -0.3076706205556247187 ) ) ;
#10096 =( NAMED_UNIT ( * ) PLANE_ANGLE_UNIT ( ) SI_UNIT ( $, .RADIAN. ) );
#10097 = VERTEX_POINT ( 'NONE', #1347 ) ;
#10098 = CARTESIAN_POINT ( 'NONE',  ( -0.6105902184062668159, 1.190099999999999936, -0.5938591114181144270 ) ) ;
#10099 = CARTESIAN_POINT ( 'NONE',  ( 2.999999999999999556, -1.189999999999999725, -0.9499999999999996225 ) ) ;
#10100 = CARTESIAN_POINT ( 'NONE',  ( -0.4925845429323215119, 1.190100000000000158, -0.3014316263116777472 ) ) ;
#10101 = CARTESIAN_POINT ( 'NONE',  ( 0.5871600366361076073, 1.190000000000000169, -0.4809586328014113787 ) ) ;
#10102 = ORIENTED_EDGE ( 'NONE', *, *, #8286, .T. ) ;
#10103 = CARTESIAN_POINT ( 'NONE',  ( 2.999999999999999556, -0.09999999999999933942, -1.750000000000000000 ) ) ;
#10104 = FILL_AREA_STYLE_COLOUR ( '', #174 ) ;
#10105 = LINE ( 'NONE', #3069, #6408 ) ;
#10106 = EDGE_LOOP ( 'NONE', ( #9234, #6018, #8946, #5989, #7909, #4210 ) ) ;
#10107 = CARTESIAN_POINT ( 'NONE',  ( -0.4900078892360948957, 1.190099999999999936, -0.3013128508828640806 ) ) ;
#10108 = DIRECTION ( 'NONE',  ( -0.0000000000000000000, -1.000000000000000000, -0.0000000000000000000 ) ) ;
#10109 = DIRECTION ( 'NONE',  ( 0.0000000000000000000, 0.0000000000000000000, -1.000000000000000000 ) ) ;
#10110 = CARTESIAN_POINT ( 'NONE',  ( 0.1060522955224775937, 1.190100000000000158, -0.2997693072329510877 ) ) ;
#10111 = CARTESIAN_POINT ( 'NONE',  ( -0.5048098790280343140, 1.190000000000000169, -0.3036003127288590120 ) ) ;
#10112 = DIRECTION ( 'NONE',  ( 0.0000000000000000000, -7.744301232039320687E-18, 1.000000000000000000 ) ) ;
#10113 = CARTESIAN_POINT ( 'NONE',  ( -2.999999999999999556, -0.2001723312589749892, 1.125969363331736917 ) ) ;
#10114 = DIRECTION ( 'NONE',  ( 1.000000000000000000, 0.0000000000000000000, 0.0000000000000000000 ) ) ;
#10115 = CARTESIAN_POINT ( 'NONE',  ( 0.4539109990584316301, 1.190000000000000169, -0.5587953470845700155 ) ) ;
#10116 = CARTESIAN_POINT ( 'NONE',  ( 0.1657725953693994780, 1.190100000000000380, -0.3384910679825818836 ) ) ;
#10117 = CARTESIAN_POINT ( 'NONE',  ( 0.5997357005074950287, 1.189999999999999947, -0.6142936201136333096 ) ) ;
#10118 = CARTESIAN_POINT ( 'NONE',  ( 0.4117201746768370807, 1.190099999999999936, -0.3679832065160087429 ) ) ;
#10119 = EDGE_CURVE ( 'NONE', #7141, #4248, #4376, .T. ) ;
#10120 = B_SPLINE_SURFACE_WITH_KNOTS ( 'NONE', 3, 1, ( 
 ( #205, #1189 ),
 ( #6479, #5088 ),
 ( #2569, #251 ),
 ( #5690, #4929 ),
 ( #2727, #5803 ),
 ( #8074, #8127 ),
 ( #4164, #5852 ),
 ( #1033, #1960 ),
 ( #3392, #8942 ),
 ( #6530, #9660 ),
 ( #8229, #2622 ),
 ( #3295, #5746 ),
 ( #1857, #4982 ),
 ( #3445, #5031 ),
 ( #8175, #1133 ) ),
 .UNSPECIFIED., .F., .F., .F.,
 ( 4, 1, 1, 1, 1, 1, 1, 1, 1, 1, 1, 1, 4 ),
 ( 2, 2 ),
 ( 0.0000000000000000000, 0.09780961481792223300, 0.1932508750048527180, 0.2872386847232415441, 0.3807515308232573004, 0.4712769450217174083, 0.5568086797548829070, 0.6380574350131229533, 0.7169393873929440497, 0.7926373074971367894, 0.8638429465295520693, 0.9321442808257912604, 0.9999999999999998890 ),
 ( 0.0000000000000000000, 1.000000000000000000 ),
 .UNSPECIFIED. ) ;
#10121 = CARTESIAN_POINT ( 'NONE',  ( 0.4233524228413266255, 1.190099999999999714, -0.4801837103606537704 ) ) ;
#10122 = CARTESIAN_POINT ( 'NONE',  ( -0.6723289747676286510, 1.190000000000000169, -0.6967946540270536504 ) ) ;
#10123 = LINE ( 'NONE', #7092, #9184 ) ;
#10124 = CARTESIAN_POINT ( 'NONE',  ( 0.4978089385814047363, 1.190100000000000158, -0.2963150784247658431 ) ) ;
#10125 = ORIENTED_EDGE ( 'NONE', *, *, #9281, .T. ) ;
#10126 = CARTESIAN_POINT ( 'NONE',  ( -0.9696793719991960714, 1.190099999999999936, -0.4349595959914892562 ) ) ;
#10127 = CARTESIAN_POINT ( 'NONE',  ( 0.5263020590743345828, 1.190000000000000391, -0.6746221047625512446 ) ) ;
#10128 = EDGE_LOOP ( 'NONE', ( #5118, #8742, #9903, #8173 ) ) ;
#10129 = CARTESIAN_POINT ( 'NONE',  ( 0.3683247268366930394, 1.190000000000000391, -0.6397533859429014313 ) ) ;
#10130 = DIRECTION ( 'NONE',  ( -1.000000000000000000, 0.0000000000000000000, 0.0000000000000000000 ) ) ;
#10131 = CARTESIAN_POINT ( 'NONE',  ( 0.6841726205163641827, 1.189999999999999947, 0.2707461246948402733 ) ) ;
#10132 = EDGE_CURVE ( 'NONE', #883, #7823, #1294, .T. ) ;
#10133 = DIRECTION ( 'NONE',  ( 0.0000000000000000000, 1.000000000000000000, 0.0000000000000000000 ) ) ;
#10134 = DIRECTION ( 'NONE',  ( 1.000000000000000000, 0.0000000000000000000, 0.0000000000000000000 ) ) ;
#10135 = FACE_OUTER_BOUND ( 'NONE', #7740, .T. ) ;
#10136 = VERTEX_POINT ( 'NONE', #7564 ) ;
#10137 = DIRECTION ( 'NONE',  ( 1.000000000000000000, 0.0000000000000000000, 0.0000000000000000000 ) ) ;
#10138 = ORIENTED_EDGE ( 'NONE', *, *, #858, .F. ) ;
#10139 = CARTESIAN_POINT ( 'NONE',  ( -1.238161945454521851, 1.189999999999999947, -0.3259713742320922147 ) ) ;
#10140 = EDGE_CURVE ( 'NONE', #1091, #3795, #5986, .T. ) ;
#10141 = ADVANCED_FACE ( 'NONE', ( #90 ), #3238, .T. ) ;
#10142 = AXIS2_PLACEMENT_3D ( 'NONE', #4577, #5165, #3576 ) ;
#10143 = CARTESIAN_POINT ( 'NONE',  ( 0.05314417949564964605, 1.190000000000000613, -0.4473312394884170207 ) ) ;
#10144 = CARTESIAN_POINT ( 'NONE',  ( -0.4975940367930368757, 1.189999999999999503, -0.3016625478291161122 ) ) ;
#10145 = ORIENTED_EDGE ( 'NONE', *, *, #2453, .T. ) ;
#10146 = VECTOR ( 'NONE', #1962, 1000.000000000000000 ) ;
#10147 = CARTESIAN_POINT ( 'NONE',  ( 0.5604495127416111444, 1.190099999999999714, -0.4965471630454058038 ) ) ;
#10148 = ORIENTED_EDGE ( 'NONE', *, *, #4111, .F. ) ;
#10149 = CARTESIAN_POINT ( 'NONE',  ( 0.2160929779951641927, 1.189999999999999725, -0.3110064645114954951 ) ) ;
#10150 = PRESENTATION_STYLE_ASSIGNMENT (( #5517 ) ) ;
#10151 = CARTESIAN_POINT ( 'NONE',  ( -1.128307275691387890, 1.190100000000000158, -0.6756062978093672067 ) ) ;
#10152 = CARTESIAN_POINT ( 'NONE',  ( -1.155433634934331266, 1.190100000000000158, -0.3384629325280495427 ) ) ;
#10153 = CARTESIAN_POINT ( 'NONE',  ( -2.999999999999999556, -0.09999999999999933942, -1.750000000000000000 ) ) ;
#10154 = ORIENTED_EDGE ( 'NONE', *, *, #6989, .T. ) ;
#10155 = CARTESIAN_POINT ( 'NONE',  ( -1.044458439337743405, 1.190099999999999714, -0.6950293726438081521 ) ) ;
#10156 = CARTESIAN_POINT ( 'NONE',  ( 2.999999999999999556, -1.378338643883207038, -1.723744999792374610 ) ) ;
#10157 = CARTESIAN_POINT ( 'NONE',  ( -0.8669309661591718674, 1.189999999999999947, -0.5833641329341461290 ) ) ;
#10158 = ORIENTED_EDGE ( 'NONE', *, *, #832, .F. ) ;
#10159 = CIRCLE ( 'NONE', #5393, 0.1500000000000001887 ) ;
#10160 = LINE ( 'NONE', #8862, #8857 ) ;
#10161 = VECTOR ( 'NONE', #7613, 1000.000000000000000 ) ;
#10162 = CARTESIAN_POINT ( 'NONE',  ( 0.5875003052932122882, 1.190099999999999714, -0.5817128921253795770 ) ) ;
#10163 = DIRECTION ( 'NONE',  ( 0.0000000000000000000, -0.0000000000000000000, 1.000000000000000000 ) ) ;
#10164 = FACE_BOUND ( 'NONE', #4917, .T. ) ;
#10165 = B_SPLINE_CURVE_WITH_KNOTS ( 'NONE', 3,
 ( #388, #7434, #734, #3818, #681, #6031, #3003, #2752, #1509, #9163, #4582 ),
 .UNSPECIFIED., .F., .F.,
 ( 4, 1, 1, 1, 1, 1, 1, 1, 4 ),
 ( 0.0000000000000000000, 0.1022030370352201428, 0.2110233423738753500, 0.3250996615652079202, 0.4465020971348894196, 0.5737877176488554998, 0.7089007097660656731, 0.8503578712933999029, 1.000000000000000000 ),
 .UNSPECIFIED. ) ;
#10166 = CARTESIAN_POINT ( 'NONE',  ( 0.4788554662603382028, 1.190099999999999936, -0.5502259022052031767 ) ) ;
#10167 = CARTESIAN_POINT ( 'NONE',  ( -1.145166101599976560, 1.189999999999999503, -0.7164994207749446620 ) ) ;
#10168 = CARTESIAN_POINT ( 'NONE',  ( 0.1826394722748262145, 1.190099999999999714, -0.2998913251336196573 ) ) ;
#10169 = CARTESIAN_POINT ( 'NONE',  ( 0.3928797330041638447, 1.189999999999999503, -0.3971393981834026587 ) ) ;
#10170 = CARTESIAN_POINT ( 'NONE',  ( 0.4320174915022009787, 1.190100000000000158, -0.4862906095710517462 ) ) ;
#10171 = CARTESIAN_POINT ( 'NONE',  ( -0.4900078892360948957, 1.190099999999999936, -0.3013128508828640806 ) ) ;
#10172 = CARTESIAN_POINT ( 'NONE',  ( 0.02329737032250595724, 1.189999999999999503, -0.4912543473574838004 ) ) ;
#10173 = VECTOR ( 'NONE', #8345, 1000.000000000000000 ) ;
ENDSEC;
END-ISO-10303-21;
