ISO-10303-21;
HEADER;
FILE_DESCRIPTION (( 'STEP AP214' ),
    '1' );
FILE_NAME ('User Library-NX3215SA.STEP',
    '2019-06-28T10:42:26',
    ( '' ),
    ( '' ),
    'SwSTEP 2.0',
    'SolidWorks 2019',
    '' );
FILE_SCHEMA (( 'AUTOMOTIVE_DESIGN' ));
ENDSEC;

DATA;
#1 =( NAMED_UNIT ( * ) PLANE_ANGLE_UNIT ( ) SI_UNIT ( $, .RADIAN. ) );
#2 = SURFACE_STYLE_USAGE ( .BOTH. , #1255 ) ;
#3 = CARTESIAN_POINT ( 'NONE',  ( 2.097055057773897779, 0.1400000000000000133, -0.8777405214512450371 ) ) ;
#4 = EDGE_LOOP ( 'NONE', ( #474, #692, #638, #1954 ) ) ;
#5 = CARTESIAN_POINT ( 'NONE',  ( 2.097055057773896891, 0.1400000000000000133, 0.6293305463606210237 ) ) ;
#6 = ORIENTED_EDGE ( 'NONE', *, *, #1753, .F. ) ;
#7 = AXIS2_PLACEMENT_3D ( 'NONE', #1328, #848, #1552 ) ;
#8 = VERTEX_POINT ( 'NONE', #473 ) ;
#9 = SURFACE_STYLE_FILL_AREA ( #1118 ) ;
#10 = VECTOR ( 'NONE', #239, 1000.000000000000000 ) ;
#11 = DIRECTION ( 'NONE',  ( 0.0000000000000000000, 0.0000000000000000000, -1.000000000000000000 ) ) ;
#12 = DIRECTION ( 'NONE',  ( -0.0000000000000000000, -0.0000000000000000000, 1.000000000000000000 ) ) ;
#13 = VECTOR ( 'NONE', #1956, 1000.000000000000000 ) ;
#14 = STYLED_ITEM ( 'NONE', ( #2022 ), #1349 ) ;
#15 = DIRECTION ( 'NONE',  ( -0.0000000000000000000, 1.000000000000000000, -0.0000000000000000000 ) ) ;
#16 = VECTOR ( 'NONE', #2460, 1000.000000000000000 ) ;
#17 = CARTESIAN_POINT ( 'NONE',  ( -0.6834314575050762786, 0.7800000000000000266, -0.7654810429024891949 ) ) ;
#18 = CARTESIAN_POINT ( 'NONE',  ( 2.177055057773897850, 0.3200000000000000067, -0.7977405214512447440 ) ) ;
#19 = MECHANICAL_DESIGN_GEOMETRIC_PRESENTATION_REPRESENTATION (  '', ( #1036 ), #1647 ) ;
#20 =( LENGTH_UNIT ( ) NAMED_UNIT ( * ) SI_UNIT ( .MILLI., .METRE. ) );
#21 = ORIENTED_EDGE ( 'NONE', *, *, #1475, .T. ) ;
#22 = PRESENTATION_LAYER_ASSIGNMENT (  '', '', ( #1601 ) ) ;
#23 = ORIENTED_EDGE ( 'NONE', *, *, #449, .T. ) ;
#24 = EDGE_CURVE ( 'NONE', #51, #1957, #1365, .T. ) ;
#25 = VECTOR ( 'NONE', #795, 1000.000000000000000 ) ;
#26 = ORIENTED_EDGE ( 'NONE', *, *, #508, .T. ) ;
#27 = LINE ( 'NONE', #224, #419 ) ;
#28 = CARTESIAN_POINT ( 'NONE',  ( 2.037541573052871424, 0.7800000000000000266, -0.7654810429024890839 ) ) ;
#29 = DIRECTION ( 'NONE',  ( 0.0000000000000000000, 0.0000000000000000000, -1.000000000000000000 ) ) ;
#30 =( NAMED_UNIT ( * ) SI_UNIT ( $, .STERADIAN. ) SOLID_ANGLE_UNIT ( ) );
#31 = CARTESIAN_POINT ( 'NONE',  ( 2.097055057773897779, 0.3200000000000000067, -0.8777405214512450371 ) ) ;
#32 = MECHANICAL_DESIGN_GEOMETRIC_PRESENTATION_REPRESENTATION (  '', ( #2702 ), #389 ) ;
#33 =( NAMED_UNIT ( * ) SI_UNIT ( $, .STERADIAN. ) SOLID_ANGLE_UNIT ( ) );
#34 = DIRECTION ( 'NONE',  ( 0.0000000000000000000, -1.000000000000000000, -0.0000000000000000000 ) ) ;
#35 = VERTEX_POINT ( 'NONE', #1097 ) ;
#36 = VERTEX_POINT ( 'NONE', #743 ) ;
#37 = FACE_OUTER_BOUND ( 'NONE', #710, .T. ) ;
#38 = ORIENTED_EDGE ( 'NONE', *, *, #2239, .F. ) ;
#39 = DIRECTION ( 'NONE',  ( -1.219727444046192646E-14, 0.0000000000000000000, -1.000000000000000000 ) ) ;
#40 = COLOUR_RGB ( '',0.7529411764705882248, 0.7529411764705882248, 0.7529411764705882248 ) ;
#41 = CARTESIAN_POINT ( 'NONE',  ( 2.177055057773895630, 0.2300000000000000100, 0.5422594785487555580 ) ) ;
#42 = DIRECTION ( 'NONE',  ( -0.0000000000000000000, 1.000000000000000000, -0.0000000000000000000 ) ) ;
#43 = ORIENTED_EDGE ( 'NONE', *, *, #2386, .F. ) ;
#44 = SURFACE_SIDE_STYLE ('',( #878 ) ) ;
#45 = DIRECTION ( 'NONE',  ( 0.0000000000000000000, 0.0000000000000000000, -1.000000000000000000 ) ) ;
#46 = FACE_OUTER_BOUND ( 'NONE', #1944, .T. ) ;
#47 = EDGE_CURVE ( 'NONE', #547, #841, #954, .T. ) ;
#48 = LINE ( 'NONE', #952, #2279 ) ;
#49 = EDGE_LOOP ( 'NONE', ( #2551, #211, #1454, #887, #43, #1688 ) ) ;
#50 = DIRECTION ( 'NONE',  ( -0.7071067811865431318, 0.0000000000000000000, 0.7071067811865520136 ) ) ;
#51 = VERTEX_POINT ( 'NONE', #2573 ) ;
#52 = SURFACE_STYLE_FILL_AREA ( #2046 ) ;
#53 = EDGE_LOOP ( 'NONE', ( #1148, #386, #207, #946 ) ) ;
#54 = DIRECTION ( 'NONE',  ( 0.0000000000000000000, 0.0000000000000000000, -1.000000000000000000 ) ) ;
#55 = DIRECTION ( 'NONE',  ( 0.0000000000000000000, -0.0000000000000000000, -1.000000000000000000 ) ) ;
#56 = ADVANCED_FACE ( 'NONE', ( #2090 ), #2283, .T. ) ;
#57 = VECTOR ( 'NONE', #2888, 1000.000000000000000 ) ;
#58 = STYLED_ITEM ( 'NONE', ( #2880 ), #935 ) ;
#59 = AXIS2_PLACEMENT_3D ( 'NONE', #479, #107, #11 ) ;
#60 = STYLED_ITEM ( 'NONE', ( #1288 ), #562 ) ;
#61 =( LENGTH_UNIT ( ) NAMED_UNIT ( * ) SI_UNIT ( .MILLI., .METRE. ) );
#62 =( NAMED_UNIT ( * ) PLANE_ANGLE_UNIT ( ) SI_UNIT ( $, .RADIAN. ) );
#63 = ORIENTED_EDGE ( 'NONE', *, *, #668, .F. ) ;
#64 = SURFACE_SIDE_STYLE ('',( #267 ) ) ;
#65 = DIRECTION ( 'NONE',  ( -0.0000000000000000000, -1.000000000000000000, -0.0000000000000000000 ) ) ;
#66 = CARTESIAN_POINT ( 'NONE',  ( 2.065825844300332559, 0.7800000000000002487, -0.7557754154177173112 ) ) ;
#67 = EDGE_LOOP ( 'NONE', ( #1729, #2535, #2218, #2012 ) ) ;
#68 = SURFACE_STYLE_FILL_AREA ( #2565 ) ;
#69 = SURFACE_STYLE_USAGE ( .BOTH. , #2096 ) ;
#70 = PRESENTATION_STYLE_ASSIGNMENT (( #274 ) ) ;
#71 = CARTESIAN_POINT ( 'NONE',  ( -0.7199999999999998623, 0.7717157287525380216, -0.7606282291601028644 ) ) ;
#72 = CARTESIAN_POINT ( 'NONE',  ( -0.6599999999999999201, 0.3400000000000000244, -0.7254810429024891594 ) ) ;
#73 =( NAMED_UNIT ( * ) PLANE_ANGLE_UNIT ( ) SI_UNIT ( $, .RADIAN. ) );
#74 = PLANE ( 'NONE',  #2686 ) ;
#75 = EDGE_LOOP ( 'NONE', ( #2274, #241, #2890, #2848 ) ) ;
#76 = DIRECTION ( 'NONE',  ( 0.0000000000000000000, 0.0000000000000000000, -1.000000000000000000 ) ) ;
#77 =( GEOMETRIC_REPRESENTATION_CONTEXT ( 3 ) GLOBAL_UNCERTAINTY_ASSIGNED_CONTEXT ( ( #1275 ) ) GLOBAL_UNIT_ASSIGNED_CONTEXT ( ( #695, #1626, #2306 ) ) REPRESENTATION_CONTEXT ( 'NONE', 'WORKASPACE' ) );
#78 = DIRECTION ( 'NONE',  ( 0.7071067811865484609, -0.0000000000000000000, -0.7071067811865465735 ) ) ;
#79 = EDGE_CURVE ( 'NONE', #1726, #547, #2800, .T. ) ;
#80 = FACE_OUTER_BOUND ( 'NONE', #1942, .T. ) ;
#81 = UNCERTAINTY_MEASURE_WITH_UNIT (LENGTH_MEASURE( 1.000000000000000082E-05 ), #545, 'distance_accuracy_value', 'NONE');
#82 = ORIENTED_EDGE ( 'NONE', *, *, #797, .F. ) ;
#83 = ADVANCED_FACE ( 'NONE', ( #2295 ), #2100, .T. ) ;
#84 = STYLED_ITEM ( 'NONE', ( #1293 ), #2596 ) ;
#85 = DIRECTION ( 'NONE',  ( -0.0000000000000000000, -1.000000000000000000, -0.0000000000000000000 ) ) ;
#86 = PRESENTATION_LAYER_ASSIGNMENT (  '', '', ( #1331 ) ) ;
#87 = CIRCLE ( 'NONE', #489, 0.08735771774662194622 ) ;
#88 = DIRECTION ( 'NONE',  ( -1.241106338915804791E-15, 0.0000000000000000000, -1.000000000000000000 ) ) ;
#89 = SURFACE_STYLE_FILL_AREA ( #2754 ) ;
#90 = DIRECTION ( 'NONE',  ( 1.000000000000000000, 0.0000000000000000000, 0.0000000000000000000 ) ) ;
#91 =( NAMED_UNIT ( * ) SI_UNIT ( $, .STERADIAN. ) SOLID_ANGLE_UNIT ( ) );
#92 = EDGE_CURVE ( 'NONE', #184, #1161, #283, .T. ) ;
#93 = SURFACE_STYLE_USAGE ( .BOTH. , #2260 ) ;
#94 = FACE_OUTER_BOUND ( 'NONE', #2906, .T. ) ;
#95 =( NAMED_UNIT ( * ) PLANE_ANGLE_UNIT ( ) SI_UNIT ( $, .RADIAN. ) );
#96 = ORIENTED_EDGE ( 'NONE', *, *, #1378, .T. ) ;
#97 = CARTESIAN_POINT ( 'NONE',  ( 2.065825844300333003, 0.7800000000000000266, 0.4699999999999998623 ) ) ;
#98 = SURFACE_SIDE_STYLE ('',( #1879 ) ) ;
#99 = COLOUR_RGB ( '',0.8980392156862745390, 0.8980392156862745390, 0.8980392156862745390 ) ;
#100 = CARTESIAN_POINT ( 'NONE',  ( -0.7199999999999999734, 0.4000000000000000222, 0.5300000000000001377 ) ) ;
#101 = FILL_AREA_STYLE_COLOUR ( '', #877 ) ;
#102 = CARTESIAN_POINT ( 'NONE',  ( 2.017055057773896820, 0.02000000000000000042, -0.7977405214512446330 ) ) ;
#103 = COLOUR_RGB ( '',0.8392156862745098200, 0.4470588235294117307, 0.3882352941176470673 ) ;
#104 = AXIS2_PLACEMENT_3D ( 'NONE', #2602, #573, #143 ) ;
#105 =( NAMED_UNIT ( * ) PLANE_ANGLE_UNIT ( ) SI_UNIT ( $, .RADIAN. ) );
#106 = CIRCLE ( 'NONE', #2546, 0.08735771774662204336 ) ;
#107 = DIRECTION ( 'NONE',  ( 1.000000000000000000, 0.0000000000000000000, 0.0000000000000000000 ) ) ;
#108 = STYLED_ITEM ( 'NONE', ( #1016 ), #2116 ) ;
#109 = EDGE_CURVE ( 'NONE', #36, #1336, #2343, .T. ) ;
#110 = UNCERTAINTY_MEASURE_WITH_UNIT (LENGTH_MEASURE( 1.000000000000000082E-05 ), #1492, 'distance_accuracy_value', 'NONE');
#111 = VERTEX_POINT ( 'NONE', #484 ) ;
#112 = SURFACE_SIDE_STYLE ('',( #68 ) ) ;
#113 = CARTESIAN_POINT ( 'NONE',  ( 2.184126125585763134, 0.3200000000000000067, 0.6293305463606210237 ) ) ;
#114 = DIRECTION ( 'NONE',  ( 0.0000000000000000000, 0.0000000000000000000, -1.000000000000000000 ) ) ;
#115 = VECTOR ( 'NONE', #1935, 1000.000000000000000 ) ;
#116 = ORIENTED_EDGE ( 'NONE', *, *, #387, .F. ) ;
#117 = FILL_AREA_STYLE ('',( #2587 ) ) ;
#118 = CARTESIAN_POINT ( 'NONE',  ( 2.177055057773897850, 0.1700000000000000122, 0.5422594785487550029 ) ) ;
#119 = CARTESIAN_POINT ( 'NONE',  ( -0.7500160100379676953, 0.1400000000000000411, -0.8848115892631095436 ) ) ;
#120 = FILL_AREA_STYLE_COLOUR ( '', #2161 ) ;
#121 = VERTEX_POINT ( 'NONE', #1382 ) ;
#122 = FILL_AREA_STYLE_COLOUR ( '', #103 ) ;
#123 =( NAMED_UNIT ( * ) SI_UNIT ( $, .STERADIAN. ) SOLID_ANGLE_UNIT ( ) );
#124 = SURFACE_STYLE_USAGE ( .BOTH. , #777 ) ;
#125 =( LENGTH_UNIT ( ) NAMED_UNIT ( * ) SI_UNIT ( .MILLI., .METRE. ) );
#126 = CARTESIAN_POINT ( 'NONE',  ( -0.6599999999999998090, 0.3200000000000000067, 0.5382842712474619207 ) ) ;
#127 = MECHANICAL_DESIGN_GEOMETRIC_PRESENTATION_REPRESENTATION (  '', ( #1380 ), #1439 ) ;
#128 = LINE ( 'NONE', #2404, #728 ) ;
#129 = UNCERTAINTY_MEASURE_WITH_UNIT (LENGTH_MEASURE( 1.000000000000000082E-05 ), #2305, 'distance_accuracy_value', 'NONE');
#130 = SURFACE_SIDE_STYLE ('',( #1282 ) ) ;
#131 = ORIENTED_EDGE ( 'NONE', *, *, #1902, .T. ) ;
#132 = PLANE ( 'NONE',  #1352 ) ;
#133 = EDGE_CURVE ( 'NONE', #111, #688, #264, .T. ) ;
#134 = CARTESIAN_POINT ( 'NONE',  ( -0.6999999999999999556, 0.7600000000000000089, 0.4700000000000000289 ) ) ;
#135 = DIRECTION ( 'NONE',  ( -0.0000000000000000000, -1.000000000000000000, 0.0000000000000000000 ) ) ;
#136 = DIRECTION ( 'NONE',  ( 0.0000000000000000000, -0.0000000000000000000, -1.000000000000000000 ) ) ;
#137 = VERTEX_POINT ( 'NONE', #428 ) ;
#138 = FILL_AREA_STYLE ('',( #2140 ) ) ;
#139 = CARTESIAN_POINT ( 'NONE',  ( -0.6600000000000000311, 0.4000000000000000222, 0.5300000000000001377 ) ) ;
#140 = EDGE_CURVE ( 'NONE', #1318, #199, #978, .T. ) ;
#141 = CARTESIAN_POINT ( 'NONE',  ( -0.6599999999999999201, 0.7600000000000000089, -0.7254810429024892704 ) ) ;
#142 = ORIENTED_EDGE ( 'NONE', *, *, #1267, .F. ) ;
#143 = DIRECTION ( 'NONE',  ( 0.0000000000000000000, 0.0000000000000000000, -1.000000000000000000 ) ) ;
#144 = AXIS2_PLACEMENT_3D ( 'NONE', #889, #440, #1099 ) ;
#145 =( NAMED_UNIT ( * ) PLANE_ANGLE_UNIT ( ) SI_UNIT ( $, .RADIAN. ) );
#146 = AXIS2_PLACEMENT_3D ( 'NONE', #533, #1436, #1189 ) ;
#147 =( GEOMETRIC_REPRESENTATION_CONTEXT ( 3 ) GLOBAL_UNCERTAINTY_ASSIGNED_CONTEXT ( ( #129 ) ) GLOBAL_UNIT_ASSIGNED_CONTEXT ( ( #2305, #1390, #2774 ) ) REPRESENTATION_CONTEXT ( 'NONE', 'WORKASPACE' ) );
#148 = DIRECTION ( 'NONE',  ( 0.0000000000000000000, 0.0000000000000000000, -1.000000000000000000 ) ) ;
#149 = MECHANICAL_DESIGN_GEOMETRIC_PRESENTATION_REPRESENTATION (  '', ( #2299 ), #1964 ) ;
#150 = PRESENTATION_LAYER_ASSIGNMENT (  '', '', ( #331 ) ) ;
#151 = ORIENTED_EDGE ( 'NONE', *, *, #2518, .F. ) ;
#152 =( GEOMETRIC_REPRESENTATION_CONTEXT ( 3 ) GLOBAL_UNCERTAINTY_ASSIGNED_CONTEXT ( ( #2897 ) ) GLOBAL_UNIT_ASSIGNED_CONTEXT ( ( #322, #1696, #1677 ) ) REPRESENTATION_CONTEXT ( 'NONE', 'WORKASPACE' ) );
#153 =( LENGTH_UNIT ( ) NAMED_UNIT ( * ) SI_UNIT ( .MILLI., .METRE. ) );
#154 = CARTESIAN_POINT ( 'NONE',  ( 2.094110115547871853, 0.3200000000000000067, -0.7254810429024891594 ) ) ;
#155 = COLOUR_RGB ( '',0.8392156862745098200, 0.4470588235294117307, 0.3882352941176470673 ) ;
#156 = CARTESIAN_POINT ( 'NONE',  ( 2.054110115547794990, 0.7800000000000001377, -0.7254810429024891594 ) ) ;
#157 = EDGE_CURVE ( 'NONE', #1917, #1161, #1817, .T. ) ;
#158 = EDGE_LOOP ( 'NONE', ( #1892, #2167, #1543, #2138 ) ) ;
#159 = DIRECTION ( 'NONE',  ( 0.0000000000000000000, 0.0000000000000000000, 1.000000000000000000 ) ) ;
#160 = CARTESIAN_POINT ( 'NONE',  ( 2.017055057773896820, 0.02000000000000000042, 0.5422594785487550029 ) ) ;
#161 = EDGE_CURVE ( 'NONE', #901, #2145, #1786, .T. ) ;
#162 = UNCERTAINTY_MEASURE_WITH_UNIT (LENGTH_MEASURE( 1.000000000000000082E-05 ), #1993, 'distance_accuracy_value', 'NONE');
#163 = ORIENTED_EDGE ( 'NONE', *, *, #2461, .F. ) ;
#164 = DIRECTION ( 'NONE',  ( -0.7071067811865477948, 0.0000000000000000000, 0.7071067811865472397 ) ) ;
#165 = EDGE_CURVE ( 'NONE', #1598, #2861, #2690, .T. ) ;
#166 = SURFACE_STYLE_USAGE ( .BOTH. , #1951 ) ;
#167 = CIRCLE ( 'NONE', #193, 0.05999999999999999778 ) ;
#168 = ORIENTED_EDGE ( 'NONE', *, *, #2023, .F. ) ;
#169 = SURFACE_SIDE_STYLE ('',( #2393 ) ) ;
#170 =( GEOMETRIC_REPRESENTATION_CONTEXT ( 3 ) GLOBAL_UNCERTAINTY_ASSIGNED_CONTEXT ( ( #335 ) ) GLOBAL_UNIT_ASSIGNED_CONTEXT ( ( #2784, #1415, #2088 ) ) REPRESENTATION_CONTEXT ( 'NONE', 'WORKASPACE' ) );
#171 = VERTEX_POINT ( 'NONE', #904 ) ;
#172 = ADVANCED_FACE ( 'NONE', ( #209 ), #2467, .F. ) ;
#173 = VERTEX_POINT ( 'NONE', #1575 ) ;
#174 = PRESENTATION_STYLE_ASSIGNMENT (( #2184 ) ) ;
#175 = SURFACE_SIDE_STYLE ('',( #2909 ) ) ;
#176 = FILL_AREA_STYLE ('',( #1499 ) ) ;
#177 = SURFACE_STYLE_FILL_AREA ( #1938 ) ;
#178 = SURFACE_SIDE_STYLE ('',( #554 ) ) ;
#179 = EDGE_LOOP ( 'NONE', ( #1548, #1063, #1727, #1031 ) ) ;
#180 = SURFACE_STYLE_USAGE ( .BOTH. , #2192 ) ;
#181 = CIRCLE ( 'NONE', #866, 0.02000000000000005246 ) ;
#182 = STYLED_ITEM ( 'NONE', ( #1195 ), #1075 ) ;
#183 = UNCERTAINTY_MEASURE_WITH_UNIT (LENGTH_MEASURE( 1.000000000000000082E-05 ), #20, 'distance_accuracy_value', 'NONE');
#184 = VERTEX_POINT ( 'NONE', #1758 ) ;
#185 = PLANE ( 'NONE',  #2547 ) ;
#186 = CIRCLE ( 'NONE', #646, 0.07999999999999998779 ) ;
#187 = EDGE_CURVE ( 'NONE', #2383, #1607, #2247, .T. ) ;
#188 =( NAMED_UNIT ( * ) PLANE_ANGLE_UNIT ( ) SI_UNIT ( $, .RADIAN. ) );
#189 =( GEOMETRIC_REPRESENTATION_CONTEXT ( 3 ) GLOBAL_UNCERTAINTY_ASSIGNED_CONTEXT ( ( #1736 ) ) GLOBAL_UNIT_ASSIGNED_CONTEXT ( ( #1215, #1173, #2532 ) ) REPRESENTATION_CONTEXT ( 'NONE', 'WORKASPACE' ) );
#190 = DIRECTION ( 'NONE',  ( -0.0000000000000000000, 0.0000000000000000000, 1.000000000000000000 ) ) ;
#191 = CARTESIAN_POINT ( 'NONE',  ( 2.037541573052870980, 0.7800000000000003597, 0.5100000000000000089 ) ) ;
#192 = VERTEX_POINT ( 'NONE', #2236 ) ;
#193 = AXIS2_PLACEMENT_3D ( 'NONE', #1394, #708, #2752 ) ;
#194 = DIRECTION ( 'NONE',  ( -0.0000000000000000000, 1.000000000000000000, 0.0000000000000000000 ) ) ;
#195 = DIRECTION ( 'NONE',  ( 0.0000000000000000000, -1.000000000000000000, 0.0000000000000000000 ) ) ;
#196 = ORIENTED_EDGE ( 'NONE', *, *, #496, .T. ) ;
#197 = CARTESIAN_POINT ( 'NONE',  ( -0.6599999999999999201, 0.3400000000000000244, -0.7254810429024892704 ) ) ;
#198 = MECHANICAL_DESIGN_GEOMETRIC_PRESENTATION_REPRESENTATION (  '', ( #2603 ), #1752 ) ;
#199 = VERTEX_POINT ( 'NONE', #1533 ) ;
#200 =( LENGTH_UNIT ( ) NAMED_UNIT ( * ) SI_UNIT ( .MILLI., .METRE. ) );
#201 = FILL_AREA_STYLE ('',( #1263 ) ) ;
#202 = CARTESIAN_POINT ( 'NONE',  ( -0.7200000000000001954, 0.7717157287525380216, 0.4700000000000000289 ) ) ;
#203 = CARTESIAN_POINT ( 'NONE',  ( 2.097055057773897779, 0.3200000000000000067, 0.6222594785487549629 ) ) ;
#204 = CARTESIAN_POINT ( 'NONE',  ( -0.7450160100379669137, -3.388131789017201356E-18, 0.4643305463606199335 ) ) ;
#205 = EDGE_CURVE ( 'NONE', #859, #192, #181, .T. ) ;
#206 = DIRECTION ( 'NONE',  ( 1.000000000000000000, -0.0000000000000000000, -0.0000000000000000000 ) ) ;
#207 = ORIENTED_EDGE ( 'NONE', *, *, #1183, .T. ) ;
#208 = ORIENTED_EDGE ( 'NONE', *, *, #2476, .T. ) ;
#209 = FACE_OUTER_BOUND ( 'NONE', #4, .T. ) ;
#210 = EDGE_CURVE ( 'NONE', #1534, #621, #1309, .T. ) ;
#211 = ORIENTED_EDGE ( 'NONE', *, *, #1468, .F. ) ;
#212 = PRESENTATION_STYLE_ASSIGNMENT (( #2223 ) ) ;
#213 = LINE ( 'NONE', #691, #2347 ) ;
#214 = DIRECTION ( 'NONE',  ( -0.0000000000000000000, -1.000000000000000000, -0.0000000000000000000 ) ) ;
#215 = LINE ( 'NONE', #31, #595 ) ;
#216 = CARTESIAN_POINT ( 'NONE',  ( 2.074110115547794564, 0.3400000000000000244, -0.7254810429024889373 ) ) ;
#217 = SURFACE_SIDE_STYLE ('',( #404 ) ) ;
#218 = ADVANCED_FACE ( 'NONE', ( #37 ), #1985, .F. ) ;
#219 = DIRECTION ( 'NONE',  ( 0.0000000000000000000, -1.000000000000000000, 0.0000000000000000000 ) ) ;
#220 = ORIENTED_EDGE ( 'NONE', *, *, #133, .T. ) ;
#221 = ORIENTED_EDGE ( 'NONE', *, *, #842, .T. ) ;
#222 = VECTOR ( 'NONE', #1539, 1000.000000000000000 ) ;
#223 = EDGE_LOOP ( 'NONE', ( #1389, #2875, #485, #577 ) ) ;
#224 = CARTESIAN_POINT ( 'NONE',  ( -0.7429449422261019675, 0.3200000000000000067, 0.6222594785487549629 ) ) ;
#225 = FACE_OUTER_BOUND ( 'NONE', #1276, .T. ) ;
#226 = PRESENTATION_LAYER_ASSIGNMENT (  '', '', ( #2151 ) ) ;
#227 = MECHANICAL_DESIGN_GEOMETRIC_PRESENTATION_REPRESENTATION (  '', ( #2302 ), #979 ) ;
#228 = DIRECTION ( 'NONE',  ( -0.0000000000000000000, 1.000000000000000000, -0.0000000000000000000 ) ) ;
#229 = VECTOR ( 'NONE', #1949, 1000.000000000000000 ) ;
#230 = SURFACE_STYLE_FILL_AREA ( #2229 ) ;
#231 = DIRECTION ( 'NONE',  ( -0.0000000000000000000, -1.000000000000000000, -0.0000000000000000000 ) ) ;
#232 = STYLED_ITEM ( 'NONE', ( #1579 ), #2426 ) ;
#233 = AXIS2_PLACEMENT_3D ( 'NONE', #1326, #1760, #39 ) ;
#234 = SURFACE_STYLE_FILL_AREA ( #2665 ) ;
#235 = FILL_AREA_STYLE_COLOUR ( '', #1617 ) ;
#236 = ORIENTED_EDGE ( 'NONE', *, *, #2125, .T. ) ;
#237 = STYLED_ITEM ( 'NONE', ( #1498 ), #1986 ) ;
#238 = ORIENTED_EDGE ( 'NONE', *, *, #287, .T. ) ;
#239 = DIRECTION ( 'NONE',  ( 0.7071067811865515695, 0.0000000000000000000, 0.7071067811865435759 ) ) ;
#240 = ADVANCED_FACE ( 'NONE', ( #2329 ), #1849, .F. ) ;
#241 = ORIENTED_EDGE ( 'NONE', *, *, #1127, .F. ) ;
#242 = CARTESIAN_POINT ( 'NONE',  ( -0.7429449422261019675, 0.1700000000000000122, -0.8777405214512450371 ) ) ;
#243 = AXIS2_PLACEMENT_3D ( 'NONE', #337, #2366, #1487 ) ;
#244 = CARTESIAN_POINT ( 'NONE',  ( 1.791626125585762841, 0.0000000000000000000, 0.5422594785487550029 ) ) ;
#245 = ORIENTED_EDGE ( 'NONE', *, *, #549, .F. ) ;
#246 = CARTESIAN_POINT ( 'NONE',  ( -0.7199999999999997513, 0.5500000000000000444, -0.7254810429020355222 ) ) ;
#247 = CARTESIAN_POINT ( 'NONE',  ( -0.8300160100379679884, 0.02000000000000000042, -0.7977405214512449660 ) ) ;
#248 = EDGE_CURVE ( 'NONE', #2000, #1283, #2077, .T. ) ;
#249 = VECTOR ( 'NONE', #206, 1000.000000000000000 ) ;
#250 = FACE_OUTER_BOUND ( 'NONE', #704, .T. ) ;
#251 = VERTEX_POINT ( 'NONE', #756 ) ;
#252 = ORIENTED_EDGE ( 'NONE', *, *, #1475, .F. ) ;
#253 = ORIENTED_EDGE ( 'NONE', *, *, #2307, .T. ) ;
#254 = CARTESIAN_POINT ( 'NONE',  ( -0.7500160100379680284, 0.02000000000000000042, 0.6293305463606210237 ) ) ;
#255 =( GEOMETRIC_REPRESENTATION_CONTEXT ( 3 ) GLOBAL_UNCERTAINTY_ASSIGNED_CONTEXT ( ( #1687 ) ) GLOBAL_UNIT_ASSIGNED_CONTEXT ( ( #2623, #2196, #2427 ) ) REPRESENTATION_CONTEXT ( 'NONE', 'WORKASPACE' ) );
#256 =( NAMED_UNIT ( * ) PLANE_ANGLE_UNIT ( ) SI_UNIT ( $, .RADIAN. ) );
#257 = EDGE_CURVE ( 'NONE', #390, #1160, #463, .T. ) ;
#258 = MECHANICAL_DESIGN_GEOMETRIC_PRESENTATION_REPRESENTATION (  '', ( #397 ), #2280 ) ;
#259 = ORIENTED_EDGE ( 'NONE', *, *, #2270, .F. ) ;
#260 = CARTESIAN_POINT ( 'NONE',  ( -0.04501601003796699974, 0.02000000000000000042, 0.5422594785487550029 ) ) ;
#261 = PLANE ( 'NONE',  #2852 ) ;
#262 = DIRECTION ( 'NONE',  ( -1.000000000000000000, 0.0000000000000000000, 0.0000000000000000000 ) ) ;
#263 = PRESENTATION_STYLE_ASSIGNMENT (( #2557 ) ) ;
#264 = LINE ( 'NONE', #1169, #2630 ) ;
#265 = DIRECTION ( 'NONE',  ( 0.0000000000000000000, -1.000000000000000000, 0.0000000000000000000 ) ) ;
#266 = VERTEX_POINT ( 'NONE', #1888 ) ;
#267 = SURFACE_STYLE_FILL_AREA ( #2787 ) ;
#268 = DIRECTION ( 'NONE',  ( 0.0000000000000000000, -0.0000000000000000000, -1.000000000000000000 ) ) ;
#269 = VECTOR ( 'NONE', #2292, 1000.000000000000000 ) ;
#270 = DIRECTION ( 'NONE',  ( 0.0000000000000000000, -1.000000000000000000, 0.0000000000000000000 ) ) ;
#271 = VERTEX_POINT ( 'NONE', #1667 ) ;
#272 = DIRECTION ( 'NONE',  ( -0.7071067811865465735, 0.0000000000000000000, -0.7071067811865484609 ) ) ;
#273 =( LENGTH_UNIT ( ) NAMED_UNIT ( * ) SI_UNIT ( .MILLI., .METRE. ) );
#274 = SURFACE_STYLE_USAGE ( .BOTH. , #217 ) ;
#275 = CARTESIAN_POINT ( 'NONE',  ( -0.6902943725152286270, 0.7799999999999999156, -0.7771967716550272076 ) ) ;
#276 = COLOUR_RGB ( '',0.09803921568627450844, 0.09803921568627450844, 0.09803921568627450844 ) ;
#277 =( NAMED_UNIT ( * ) PLANE_ANGLE_UNIT ( ) SI_UNIT ( $, .RADIAN. ) );
#278 = VECTOR ( 'NONE', #308, 1000.000000000000000 ) ;
#279 =( LENGTH_UNIT ( ) NAMED_UNIT ( * ) SI_UNIT ( .MILLI., .METRE. ) );
#280 = MECHANICAL_DESIGN_GEOMETRIC_PRESENTATION_REPRESENTATION (  '', ( #331 ), #1508 ) ;
#281 = EDGE_CURVE ( 'NONE', #35, #571, #2802, .T. ) ;
#282 = CARTESIAN_POINT ( 'NONE',  ( 1.399126125585762992, 0.01000000000000000021, 0.5422594785487550029 ) ) ;
#283 = LINE ( 'NONE', #1885, #459 ) ;
#284 = VERTEX_POINT ( 'NONE', #2758 ) ;
#285 =( NAMED_UNIT ( * ) SI_UNIT ( $, .STERADIAN. ) SOLID_ANGLE_UNIT ( ) );
#286 = VECTOR ( 'NONE', #90, 1000.000000000000000 ) ;
#287 = EDGE_CURVE ( 'NONE', #369, #2081, #2541, .T. ) ;
#288 = DIRECTION ( 'NONE',  ( -1.000000000000000000, 0.0000000000000000000, -0.0000000000000000000 ) ) ;
#289 = PRESENTATION_LAYER_ASSIGNMENT (  '', '', ( #1743 ) ) ;
#290 = EDGE_LOOP ( 'NONE', ( #1739, #1076, #2452, #1851, #21, #1292, #903, #2821, #2109, #208 ) ) ;
#291 = LINE ( 'NONE', #1207, #1219 ) ;
#292 = CARTESIAN_POINT ( 'NONE',  ( -0.04501601003796699974, 0.0000000000000000000, -0.7977405214512449660 ) ) ;
#293 = FILL_AREA_STYLE_COLOUR ( '', #2368 ) ;
#294 =( LENGTH_UNIT ( ) NAMED_UNIT ( * ) SI_UNIT ( .MILLI., .METRE. ) );
#295 = CARTESIAN_POINT ( 'NONE',  ( -0.7199999999999999734, 0.3282842712474619007, 0.4699999999999998623 ) ) ;
#296 = CARTESIAN_POINT ( 'NONE',  ( -0.7429449422261021896, 0.1400000000000000133, 0.6222594785487552960 ) ) ;
#297 = SURFACE_SIDE_STYLE ('',( #89 ) ) ;
#298 = DIRECTION ( 'NONE',  ( -1.000000000000000000, 0.0000000000000000000, 0.0000000000000000000 ) ) ;
#299 = VECTOR ( 'NONE', #1799, 1000.000000000000000 ) ;
#300 =( LENGTH_UNIT ( ) NAMED_UNIT ( * ) SI_UNIT ( .MILLI., .METRE. ) );
#301 =( NAMED_UNIT ( * ) SI_UNIT ( $, .STERADIAN. ) SOLID_ANGLE_UNIT ( ) );
#302 = UNCERTAINTY_MEASURE_WITH_UNIT (LENGTH_MEASURE( 1.000000000000000082E-05 ), #2809, 'distance_accuracy_value', 'NONE');
#303 = VERTEX_POINT ( 'NONE', #2530 ) ;
#304 = CARTESIAN_POINT ( 'NONE',  ( 2.065825844300333003, 0.7800000000000001377, 0.5002943725152285692 ) ) ;
#305 =( NAMED_UNIT ( * ) SI_UNIT ( $, .STERADIAN. ) SOLID_ANGLE_UNIT ( ) );
#306 = AXIS2_PLACEMENT_3D ( 'NONE', #2385, #809, #365 ) ;
#307 = FILL_AREA_STYLE ('',( #1198 ) ) ;
#308 = DIRECTION ( 'NONE',  ( -1.000000000000000000, 0.0000000000000000000, -0.0000000000000000000 ) ) ;
#309 = SURFACE_SIDE_STYLE ('',( #2327 ) ) ;
#310 = EDGE_CURVE ( 'NONE', #2669, #2722, #2246, .T. ) ;
#311 = CARTESIAN_POINT ( 'NONE',  ( -0.8300160100379674333, 0.0000000000000000000, -0.8048115892631098056 ) ) ;
#312 = CARTESIAN_POINT ( 'NONE',  ( -0.7450160100379670247, 0.07000000000000000666, -0.7198115892631089530 ) ) ;
#313 = FILL_AREA_STYLE ('',( #2226 ) ) ;
#314 =( NAMED_UNIT ( * ) PLANE_ANGLE_UNIT ( ) SI_UNIT ( $, .RADIAN. ) );
#315 = CARTESIAN_POINT ( 'NONE',  ( 2.104126125585763063, 0.1400000000000000133, -0.8848115892631100987 ) ) ;
#316 = ORIENTED_EDGE ( 'NONE', *, *, #2072, .T. ) ;
#317 =( LENGTH_UNIT ( ) NAMED_UNIT ( * ) SI_UNIT ( .MILLI., .METRE. ) );
#318 = PRESENTATION_STYLE_ASSIGNMENT (( #69 ) ) ;
#319 = LINE ( 'NONE', #1865, #2454 ) ;
#320 = MECHANICAL_DESIGN_GEOMETRIC_PRESENTATION_REPRESENTATION (  '', ( #2486 ), #2342 ) ;
#321 =( NAMED_UNIT ( * ) PLANE_ANGLE_UNIT ( ) SI_UNIT ( $, .RADIAN. ) );
#322 =( LENGTH_UNIT ( ) NAMED_UNIT ( * ) SI_UNIT ( .MILLI., .METRE. ) );
#323 = CARTESIAN_POINT ( 'NONE',  ( -0.7400000000000002132, 0.3399999999999999134, -0.7254810429018845319 ) ) ;
#324 = STYLED_ITEM ( 'NONE', ( #2313 ), #83 ) ;
#325 = PRESENTATION_LAYER_ASSIGNMENT (  '', '', ( #182 ) ) ;
#326 = ORIENTED_EDGE ( 'NONE', *, *, #912, .T. ) ;
#327 = VECTOR ( 'NONE', #1274, 1000.000000000000000 ) ;
#328 = DIRECTION ( 'NONE',  ( 0.0000000000000000000, -0.0000000000000000000, -1.000000000000000000 ) ) ;
#329 =( LENGTH_UNIT ( ) NAMED_UNIT ( * ) SI_UNIT ( .MILLI., .METRE. ) );
#330 = VECTOR ( 'NONE', #1284, 1000.000000000000000 ) ;
#331 = STYLED_ITEM ( 'NONE', ( #2139 ), #583 ) ;
#332 = CARTESIAN_POINT ( 'NONE',  ( 2.014110115547794955, 0.3400000000000000244, -0.7854810429024893237 ) ) ;
#333 =( LENGTH_UNIT ( ) NAMED_UNIT ( * ) SI_UNIT ( .MILLI., .METRE. ) );
#334 = EDGE_CURVE ( 'NONE', #1529, #2094, #500, .T. ) ;
#335 = UNCERTAINTY_MEASURE_WITH_UNIT (LENGTH_MEASURE( 1.000000000000000082E-05 ), #2784, 'distance_accuracy_value', 'NONE');
#336 = ORIENTED_EDGE ( 'NONE', *, *, #2141, .T. ) ;
#337 = CARTESIAN_POINT ( 'NONE',  ( -0.7450160100379670247, 0.02000000000000000042, 0.4643305463606199890 ) ) ;
#338 = STYLED_ITEM ( 'NONE', ( #382 ), #1996 ) ;
#339 = CARTESIAN_POINT ( 'NONE',  ( 2.097055057773897779, 0.3200000000000000067, -0.8777405214512450371 ) ) ;
#340 = CARTESIAN_POINT ( 'NONE',  ( -0.6599999999999998090, 0.3282842712474619007, 0.5299999999999999156 ) ) ;
#341 = EDGE_CURVE ( 'NONE', #2855, #2887, #460, .T. ) ;
#342 = COLOUR_RGB ( '',0.8980392156862745390, 0.8980392156862745390, 0.8980392156862745390 ) ;
#343 = ORIENTED_EDGE ( 'NONE', *, *, #640, .F. ) ;
#344 = DIRECTION ( 'NONE',  ( 0.0000000000000000000, 0.0000000000000000000, 1.000000000000000000 ) ) ;
#345 = AXIS2_PLACEMENT_3D ( 'NONE', #2538, #2049, #2277 ) ;
#346 = FILL_AREA_STYLE_COLOUR ( '', #2107 ) ;
#347 = CARTESIAN_POINT ( 'NONE',  ( -0.6600000000000000311, 0.5500000000000000444, -0.7854810429024899898 ) ) ;
#348 = ORIENTED_EDGE ( 'NONE', *, *, #2080, .F. ) ;
#349 = DIRECTION ( 'NONE',  ( -0.0000000000000000000, -1.000000000000000000, -0.0000000000000000000 ) ) ;
#350 = SURFACE_STYLE_USAGE ( .BOTH. , #2124 ) ;
#351 = ADVANCED_FACE ( 'NONE', ( #2770 ), #132, .F. ) ;
#352 = DIRECTION ( 'NONE',  ( -1.000000000000000000, -0.0000000000000000000, -0.0000000000000000000 ) ) ;
#353 = CARTESIAN_POINT ( 'NONE',  ( 2.074110115547795008, 0.7600000000000000089, -0.1779057946315550087 ) ) ;
#354 = MECHANICAL_DESIGN_GEOMETRIC_PRESENTATION_REPRESENTATION (  '', ( #1330 ), #1245 ) ;
#355 = VECTOR ( 'NONE', #1602, 1000.000000000000000 ) ;
#356 = DIRECTION ( 'NONE',  ( 0.0000000000000000000, 1.000000000000000000, 0.0000000000000000000 ) ) ;
#357 =( BOUNDED_CURVE ( )  B_SPLINE_CURVE ( 3, ( #378, #2876, #1277, #2633 ),
 .UNSPECIFIED., .F., .T. ) 
 B_SPLINE_CURVE_WITH_KNOTS ( ( 4, 4 ),
 ( 0.0000000000000000000, 1.000000000000000000 ),
 .UNSPECIFIED. ) 
 CURVE ( )  GEOMETRIC_REPRESENTATION_ITEM ( )  RATIONAL_B_SPLINE_CURVE ( ( 1.000000000000000000, 0.8047378541243637162, 0.8047378541243637162, 1.000000000000000000 ) ) 
 REPRESENTATION_ITEM ( '' )  );
#358 = CYLINDRICAL_SURFACE ( 'NONE', #1476, 0.02000000000000005246 ) ;
#359 = VERTEX_POINT ( 'NONE', #2817 ) ;
#360 = DIRECTION ( 'NONE',  ( 1.000000000000000000, -0.0000000000000000000, -0.0000000000000000000 ) ) ;
#361 = DIRECTION ( 'NONE',  ( 0.0000000000000000000, 0.0000000000000000000, -1.000000000000000000 ) ) ;
#362 =( NAMED_UNIT ( * ) PLANE_ANGLE_UNIT ( ) SI_UNIT ( $, .RADIAN. ) );
#363 = UNCERTAINTY_MEASURE_WITH_UNIT (LENGTH_MEASURE( 1.000000000000000082E-05 ), #2462, 'distance_accuracy_value', 'NONE');
#364 = ORIENTED_EDGE ( 'NONE', *, *, #2559, .T. ) ;
#365 = DIRECTION ( 'NONE',  ( 0.0000000000000000000, 0.0000000000000000000, -1.000000000000000000 ) ) ;
#366 = FILL_AREA_STYLE_COLOUR ( '', #2405 ) ;
#367 = CARTESIAN_POINT ( 'NONE',  ( 2.060590591679830386, 0.1400000000000000133, 0.5857950124546879023 ) ) ;
#368 = DIRECTION ( 'NONE',  ( -1.000000000000000000, 0.0000000000000000000, 0.0000000000000000000 ) ) ;
#369 = VERTEX_POINT ( 'NONE', #1701 ) ;
#370 = LINE ( 'NONE', #1106, #1923 ) ;
#371 = EDGE_CURVE ( 'NONE', #2861, #2094, #2147, .T. ) ;
#372 = VECTOR ( 'NONE', #374, 1000.000000000000000 ) ;
#373 = AXIS2_PLACEMENT_3D ( 'NONE', #2052, #2751, #707 ) ;
#374 = DIRECTION ( 'NONE',  ( 1.000000000000000000, 0.0000000000000000000, 0.0000000000000000000 ) ) ;
#375 = CIRCLE ( 'NONE', #871, 0.02000000000000005246 ) ;
#376 = EDGE_CURVE ( 'NONE', #455, #1590, #1914, .T. ) ;
#377 = ORIENTED_EDGE ( 'NONE', *, *, #2641, .T. ) ;
#378 = CARTESIAN_POINT ( 'NONE',  ( 2.014110115547794955, 0.7800000000000001377, -0.7654810429024889729 ) ) ;
#379 =( GEOMETRIC_REPRESENTATION_CONTEXT ( 3 ) GLOBAL_UNCERTAINTY_ASSIGNED_CONTEXT ( ( #1066 ) ) GLOBAL_UNIT_ASSIGNED_CONTEXT ( ( #2504, #256, #1610 ) ) REPRESENTATION_CONTEXT ( 'NONE', 'WORKASPACE' ) );
#380 = AXIS2_PLACEMENT_3D ( 'NONE', #1711, #1250, #2866 ) ;
#381 = CYLINDRICAL_SURFACE ( 'NONE', #1096, 0.02000000000000005246 ) ;
#382 = PRESENTATION_STYLE_ASSIGNMENT (( #647 ) ) ;
#383 = LINE ( 'NONE', #139, #1915 ) ;
#384 = PRESENTATION_LAYER_ASSIGNMENT (  '', '', ( #1467 ) ) ;
#385 = FILL_AREA_STYLE ('',( #1724 ) ) ;
#386 = ORIENTED_EDGE ( 'NONE', *, *, #2605, .T. ) ;
#387 = EDGE_CURVE ( 'NONE', #1558, #2501, #981, .T. ) ;
#388 = CARTESIAN_POINT ( 'NONE',  ( 2.017055057773896820, 0.0000000000000000000, -0.7977405214512449660 ) ) ;
#389 =( GEOMETRIC_REPRESENTATION_CONTEXT ( 3 ) GLOBAL_UNCERTAINTY_ASSIGNED_CONTEXT ( ( #1891 ) ) GLOBAL_UNIT_ASSIGNED_CONTEXT ( ( #1074, #1941, #1754 ) ) REPRESENTATION_CONTEXT ( 'NONE', 'WORKASPACE' ) );
#390 = VERTEX_POINT ( 'NONE', #1034 ) ;
#391 = LINE ( 'NONE', #1515, #928 ) ;
#392 = PRESENTATION_STYLE_ASSIGNMENT (( #350 ) ) ;
#393 = PLANE ( 'NONE',  #2117 ) ;
#394 = MECHANICAL_DESIGN_GEOMETRIC_PRESENTATION_REPRESENTATION (  '', ( #810 ), #1483 ) ;
#395 = PRESENTATION_STYLE_ASSIGNMENT (( #2188 ) ) ;
#396 = ORIENTED_EDGE ( 'NONE', *, *, #457, .F. ) ;
#397 = STYLED_ITEM ( 'NONE', ( #1351 ), #851 ) ;
#398 = ADVANCED_FACE ( 'NONE', ( #817 ), #1286, .F. ) ;
#399 = DIRECTION ( 'NONE',  ( -0.0000000000000000000, -1.000000000000000000, -0.0000000000000000000 ) ) ;
#400 = EDGE_LOOP ( 'NONE', ( #245, #2261, #23, #2334, #1929, #2745 ) ) ;
#401 = CARTESIAN_POINT ( 'NONE',  ( 2.099126125585763170, -1.694065894508600678E-18, -0.7198115892631089530 ) ) ;
#402 = DIRECTION ( 'NONE',  ( 0.7071067811865471286, 0.0000000000000000000, -0.7071067811865480168 ) ) ;
#403 = LINE ( 'NONE', #2653, #1269 ) ;
#404 = SURFACE_STYLE_FILL_AREA ( #1603 ) ;
#405 = ORIENTED_EDGE ( 'NONE', *, *, #1902, .F. ) ;
#406 = ORIENTED_EDGE ( 'NONE', *, *, #2373, .F. ) ;
#407 = VECTOR ( 'NONE', #1830, 1000.000000000000000 ) ;
#408 = ORIENTED_EDGE ( 'NONE', *, *, #2033, .T. ) ;
#409 =( LENGTH_UNIT ( ) NAMED_UNIT ( * ) SI_UNIT ( .MILLI., .METRE. ) );
#410 =( GEOMETRIC_REPRESENTATION_CONTEXT ( 3 ) GLOBAL_UNCERTAINTY_ASSIGNED_CONTEXT ( ( #1528 ) ) GLOBAL_UNIT_ASSIGNED_CONTEXT ( ( #2903, #105, #91 ) ) REPRESENTATION_CONTEXT ( 'NONE', 'WORKASPACE' ) );
#411 = MECHANICAL_DESIGN_GEOMETRIC_PRESENTATION_REPRESENTATION (  '', ( #182 ), #2492 ) ;
#412 = UNCERTAINTY_MEASURE_WITH_UNIT (LENGTH_MEASURE( 1.000000000000000082E-05 ), #333, 'distance_accuracy_value', 'NONE');
#413 = ORIENTED_EDGE ( 'NONE', *, *, #2216, .F. ) ;
#414 = DIRECTION ( 'NONE',  ( -0.7071067811865474617, -0.0000000000000000000, 0.7071067811865474617 ) ) ;
#415 =( NAMED_UNIT ( * ) PLANE_ANGLE_UNIT ( ) SI_UNIT ( $, .RADIAN. ) );
#416 = EDGE_CURVE ( 'NONE', #1128, #2506, #2296, .T. ) ;
#417 = COLOUR_RGB ( '',0.8392156862745098200, 0.4470588235294117307, 0.3882352941176470673 ) ;
#418 = SURFACE_SIDE_STYLE ('',( #1070 ) ) ;
#419 = VECTOR ( 'NONE', #1133, 1000.000000000000000 ) ;
#420 = CARTESIAN_POINT ( 'NONE',  ( 2.014110115547794955, 0.7600000000000000089, -0.7254810429024891594 ) ) ;
#421 = DIRECTION ( 'NONE',  ( 1.000000000000000000, -0.0000000000000000000, -0.0000000000000000000 ) ) ;
#422 = MECHANICAL_DESIGN_GEOMETRIC_PRESENTATION_REPRESENTATION (  '', ( #1408 ), #379 ) ;
#423 = FILL_AREA_STYLE_COLOUR ( '', #1238 ) ;
#424 = EDGE_CURVE ( 'NONE', #2669, #1318, #1510, .T. ) ;
#425 = ORIENTED_EDGE ( 'NONE', *, *, #1702, .T. ) ;
#426 =( NAMED_UNIT ( * ) PLANE_ANGLE_UNIT ( ) SI_UNIT ( $, .RADIAN. ) );
#427 = ORIENTED_EDGE ( 'NONE', *, *, #2641, .F. ) ;
#428 = CARTESIAN_POINT ( 'NONE',  ( 2.184126125585763578, 0.1400000000000000411, -0.8048115892631098056 ) ) ;
#429 = EDGE_LOOP ( 'NONE', ( #2707, #1983, #2899, #1934 ) ) ;
#430 = CARTESIAN_POINT ( 'NONE',  ( 2.099126125585763170, 0.02000000000000000389, 0.4643305463606199335 ) ) ;
#431 = SURFACE_SIDE_STYLE ('',( #2674 ) ) ;
#432 = CARTESIAN_POINT ( 'NONE',  ( -0.6599999999999998090, 0.7800000000000000266, 0.5217157287525380216 ) ) ;
#433 = EDGE_CURVE ( 'NONE', #1607, #2855, #2137, .T. ) ;
#434 = CARTESIAN_POINT ( 'NONE',  ( 2.014110115547794955, 0.7800000000000001377, -0.7654810429024889729 ) ) ;
#435 =( LENGTH_UNIT ( ) NAMED_UNIT ( * ) SI_UNIT ( .MILLI., .METRE. ) );
#436 = UNCERTAINTY_MEASURE_WITH_UNIT (LENGTH_MEASURE( 1.000000000000000082E-05 ), #329, 'distance_accuracy_value', 'NONE');
#437 = DIRECTION ( 'NONE',  ( 0.0000000000000000000, 0.0000000000000000000, -1.000000000000000000 ) ) ;
#438 = ORIENTED_EDGE ( 'NONE', *, *, #2270, .T. ) ;
#439 = PRESENTATION_LAYER_ASSIGNMENT (  '', '', ( #84 ) ) ;
#440 = DIRECTION ( 'NONE',  ( 0.0000000000000000000, -1.000000000000000000, 0.0000000000000000000 ) ) ;
#441 = ORIENTED_EDGE ( 'NONE', *, *, #528, .T. ) ;
#442 = DIRECTION ( 'NONE',  ( 0.7071067811865465735, -0.0000000000000000000, 0.7071067811865484609 ) ) ;
#443 = CARTESIAN_POINT ( 'NONE',  ( -0.04501601003796700667, 0.0000000000000000000, -0.7977405214512449660 ) ) ;
#444 = DIRECTION ( 'NONE',  ( 0.0000000000000000000, 0.0000000000000000000, -1.000000000000000000 ) ) ;
#445 = LINE ( 'NONE', #2523, #938 ) ;
#446 = CARTESIAN_POINT ( 'NONE',  ( 2.060973030557947894, 0.3200000000000000067, -0.8054810429024898966 ) ) ;
#447 = DIRECTION ( 'NONE',  ( -0.7071067811865474617, 0.0000000000000000000, 0.7071067811865474617 ) ) ;
#448 = B_SPLINE_CURVE_WITH_KNOTS ( 'NONE', 3,
 ( #2488, #2729, #1104, #1153 ),
 .UNSPECIFIED., .F., .F.,
 ( 4, 4 ),
 ( 0.0000000000000000000, 1.000000000000000000 ),
 .UNSPECIFIED. ) ;
#449 = EDGE_CURVE ( 'NONE', #2251, #1494, #2860, .T. ) ;
#450 = DIRECTION ( 'NONE',  ( -0.0000000000000000000, 1.000000000000000000, -0.0000000000000000000 ) ) ;
#451 = ORIENTED_EDGE ( 'NONE', *, *, #2675, .T. ) ;
#452 = EDGE_LOOP ( 'NONE', ( #1143, #888, #2189, #1987 ) ) ;
#453 = CARTESIAN_POINT ( 'NONE',  ( 2.184126125585764022, 0.1400000000000000133, 0.5493305463606209527 ) ) ;
#454 = STYLED_ITEM ( 'NONE', ( #530 ), #1166 ) ;
#455 = VERTEX_POINT ( 'NONE', #830 ) ;
#456 = CARTESIAN_POINT ( 'NONE',  ( 2.184126125585763134, 0.1400000000000000133, -0.8848115892631099877 ) ) ;
#457 = EDGE_CURVE ( 'NONE', #284, #1822, #1742, .T. ) ;
#458 = CARTESIAN_POINT ( 'NONE',  ( -0.6629449422261020075, 0.07000000000000000666, -0.7977405214512439668 ) ) ;
#459 = VECTOR ( 'NONE', #754, 1000.000000000000000 ) ;
#460 =( BOUNDED_CURVE ( )  B_SPLINE_CURVE ( 3, ( #726, #1635, #2545, #1419 ),
 .UNSPECIFIED., .F., .T. ) 
 B_SPLINE_CURVE_WITH_KNOTS ( ( 4, 4 ),
 ( 0.0000000000000000000, 1.000000000000000000 ),
 .UNSPECIFIED. ) 
 CURVE ( )  GEOMETRIC_REPRESENTATION_ITEM ( )  RATIONAL_B_SPLINE_CURVE ( ( 1.000000000000000000, 0.8047378541243654926, 0.8047378541243654926, 1.000000000000000000 ) ) 
 REPRESENTATION_ITEM ( '' )  );
#461 = ORIENTED_EDGE ( 'NONE', *, *, #165, .T. ) ;
#462 = LINE ( 'NONE', #2004, #2396 ) ;
#463 = CIRCLE ( 'NONE', #735, 0.05999999999999999778 ) ;
#464 = DIRECTION ( 'NONE',  ( 0.0000000000000000000, 0.0000000000000000000, 1.000000000000000000 ) ) ;
#465 = DIRECTION ( 'NONE',  ( 0.0000000000000000000, 0.0000000000000000000, -1.000000000000000000 ) ) ;
#466 = PRESENTATION_LAYER_ASSIGNMENT (  '', '', ( #232 ) ) ;
#467 = VECTOR ( 'NONE', #414, 1000.000000000000114 ) ;
#468 =( LENGTH_UNIT ( ) NAMED_UNIT ( * ) SI_UNIT ( .MILLI., .METRE. ) );
#469 = CARTESIAN_POINT ( 'NONE',  ( 2.054110115547794990, 0.7800000000000001377, 0.4699999999999999178 ) ) ;
#470 = PRESENTATION_LAYER_ASSIGNMENT (  '', '', ( #1787 ) ) ;
#471 =( GEOMETRIC_REPRESENTATION_CONTEXT ( 3 ) GLOBAL_UNCERTAINTY_ASSIGNED_CONTEXT ( ( #818 ) ) GLOBAL_UNIT_ASSIGNED_CONTEXT ( ( #955, #62, #2119 ) ) REPRESENTATION_CONTEXT ( 'NONE', 'WORKASPACE' ) );
#472 = ADVANCED_FACE ( 'NONE', ( #588 ), #2149, .F. ) ;
#473 = CARTESIAN_POINT ( 'NONE',  ( -0.8229449422261019276, 0.01999999999999999695, 0.5422594785487548918 ) ) ;
#474 = ORIENTED_EDGE ( 'NONE', *, *, #666, .T. ) ;
#475 = SURFACE_STYLE_FILL_AREA ( #2500 ) ;
#476 =( NAMED_UNIT ( * ) SI_UNIT ( $, .STERADIAN. ) SOLID_ANGLE_UNIT ( ) );
#477 = EDGE_LOOP ( 'NONE', ( #2761, #2672, #2728, #2434 ) ) ;
#478 = CARTESIAN_POINT ( 'NONE',  ( -0.7000000000000000666, 0.7600000000000000089, -0.7254810429024891594 ) ) ;
#479 = CARTESIAN_POINT ( 'NONE',  ( 2.014110115547794955, 0.7600000000000000089, -0.7654810429024890839 ) ) ;
#480 = ORIENTED_EDGE ( 'NONE', *, *, #508, .F. ) ;
#481 = DIRECTION ( 'NONE',  ( 0.0000000000000000000, 1.000000000000000000, 0.0000000000000000000 ) ) ;
#482 = DIRECTION ( 'NONE',  ( 5.421010862427684675E-15, 0.0000000000000000000, -1.000000000000000000 ) ) ;
#483 = LINE ( 'NONE', #531, #2082 ) ;
#484 = CARTESIAN_POINT ( 'NONE',  ( 2.017055057773896820, 0.01999999999999999695, 0.5422594785487546698 ) ) ;
#485 = ORIENTED_EDGE ( 'NONE', *, *, #1682, .T. ) ;
#486 = PRESENTATION_LAYER_ASSIGNMENT (  '', '', ( #2813 ) ) ;
#487 =( LENGTH_UNIT ( ) NAMED_UNIT ( * ) SI_UNIT ( .MILLI., .METRE. ) );
#488 = PRESENTATION_LAYER_ASSIGNMENT (  '', '', ( #1380 ) ) ;
#489 = AXIS2_PLACEMENT_3D ( 'NONE', #1971, #194, #1955 ) ;
#490 = MECHANICAL_DESIGN_GEOMETRIC_PRESENTATION_REPRESENTATION (  '', ( #1059 ), #765 ) ;
#491 = ORIENTED_EDGE ( 'NONE', *, *, #341, .F. ) ;
#492 = CARTESIAN_POINT ( 'NONE',  ( 2.049257301805409437, 0.7599999999999998979, 0.5300000000000001377 ) ) ;
#493 = SURFACE_STYLE_FILL_AREA ( #1407 ) ;
#494 = CARTESIAN_POINT ( 'NONE',  ( -0.6999999999999999556, 0.7800000000000001377, -0.7254810429024888263 ) ) ;
#495 = FILL_AREA_STYLE_COLOUR ( '', #1401 ) ;
#496 = EDGE_CURVE ( 'NONE', #1801, #271, #2845, .T. ) ;
#497 = DIRECTION ( 'NONE',  ( 0.0000000000000000000, -1.000000000000000000, 0.0000000000000000000 ) ) ;
#498 = DIRECTION ( 'NONE',  ( -1.000000000000000000, 0.0000000000000000000, 0.0000000000000000000 ) ) ;
#499 = ORIENTED_EDGE ( 'NONE', *, *, #1204, .T. ) ;
#500 = LINE ( 'NONE', #1398, #2155 ) ;
#501 = LINE ( 'NONE', #2771, #2402 ) ;
#502 = VECTOR ( 'NONE', #2624, 1000.000000000000000 ) ;
#503 = DIRECTION ( 'NONE',  ( -0.0000000000000000000, 1.000000000000000000, -0.0000000000000000000 ) ) ;
#504 = UNCERTAINTY_MEASURE_WITH_UNIT (LENGTH_MEASURE( 1.000000000000000082E-05 ), #1087, 'distance_accuracy_value', 'NONE');
#505 = ORIENTED_EDGE ( 'NONE', *, *, #984, .T. ) ;
#506 =( NAMED_UNIT ( * ) SI_UNIT ( $, .STERADIAN. ) SOLID_ANGLE_UNIT ( ) );
#507 = DIRECTION ( 'NONE',  ( -0.0000000000000000000, 1.000000000000000000, -0.0000000000000000000 ) ) ;
#508 = EDGE_CURVE ( 'NONE', #1822, #1984, #2837, .T. ) ;
#509 = PRESENTATION_LAYER_ASSIGNMENT (  '', '', ( #324 ) ) ;
#510 = MECHANICAL_DESIGN_GEOMETRIC_PRESENTATION_REPRESENTATION (  '', ( #513 ), #2543 ) ;
#511 = CARTESIAN_POINT ( 'NONE',  ( -0.7117157287525381903, 0.7799999999999999156, -0.7557754154177172001 ) ) ;
#512 = PRESENTATION_LAYER_ASSIGNMENT (  '', '', ( #2009 ) ) ;
#513 = STYLED_ITEM ( 'NONE', ( #2114 ), #1147 ) ;
#514 = COLOUR_RGB ( '',0.8980392156862745390, 0.8980392156862745390, 0.8980392156862745390 ) ;
#515 = PRESENTATION_LAYER_ASSIGNMENT (  '', '', ( #1970 ) ) ;
#516 = EDGE_CURVE ( 'NONE', #1348, #1624, #357, .T. ) ;
#517 = MECHANICAL_DESIGN_GEOMETRIC_PRESENTATION_REPRESENTATION (  '', ( #1787 ), #2407 ) ;
#518 = DIRECTION ( 'NONE',  ( 0.0000000000000000000, -1.000000000000000000, 0.0000000000000000000 ) ) ;
#519 = DIRECTION ( 'NONE',  ( 0.0000000000000000000, -1.000000000000000000, 0.0000000000000000000 ) ) ;
#520 = PLANE ( 'NONE',  #2157 ) ;
#521 = CARTESIAN_POINT ( 'NONE',  ( -0.6600000000000000311, 0.3400000000000000244, 0.4699999999999999734 ) ) ;
#522 = AXIS2_PLACEMENT_3D ( 'NONE', #628, #1525, #2891 ) ;
#523 = DIRECTION ( 'NONE',  ( -1.000000000000000000, -0.0000000000000000000, -0.0000000000000000000 ) ) ;
#524 = FILL_AREA_STYLE ('',( #120 ) ) ;
#525 = ORIENTED_EDGE ( 'NONE', *, *, #2202, .T. ) ;
#526 = VECTOR ( 'NONE', #190, 1000.000000000000000 ) ;
#527 = CARTESIAN_POINT ( 'NONE',  ( -0.05550800501898400796, 0.7600000000000000089, 0.5300000000000001377 ) ) ;
#528 = EDGE_CURVE ( 'NONE', #1336, #111, #391, .T. ) ;
#529 = CYLINDRICAL_SURFACE ( 'NONE', #2039, 0.08735771774662204336 ) ;
#530 = PRESENTATION_STYLE_ASSIGNMENT (( #2341 ) ) ;
#531 = CARTESIAN_POINT ( 'NONE',  ( 2.104126125585763063, 0.07000000000000000666, 0.6293305463606210237 ) ) ;
#532 =( LENGTH_UNIT ( ) NAMED_UNIT ( * ) SI_UNIT ( .MILLI., .METRE. ) );
#533 = CARTESIAN_POINT ( 'NONE',  ( -0.8300160100379679884, 0.1400000000000000133, -0.8048115892631101387 ) ) ;
#534 = SURFACE_STYLE_FILL_AREA ( #1860 ) ;
#535 = ORIENTED_EDGE ( 'NONE', *, *, #2141, .F. ) ;
#536 = DIRECTION ( 'NONE',  ( -1.000000000000000000, 0.0000000000000000000, -0.0000000000000000000 ) ) ;
#537 = DIRECTION ( 'NONE',  ( 0.0000000000000000000, 0.0000000000000000000, -1.000000000000000000 ) ) ;
#538 = COLOUR_RGB ( '',0.09803921568627450844, 0.09803921568627450844, 0.09803921568627450844 ) ;
#539 = FILL_AREA_STYLE ('',( #2085 ) ) ;
#540 = CARTESIAN_POINT ( 'NONE',  ( -0.7199999999999999734, 0.3400000000000000244, 0.5051471862576142335 ) ) ;
#541 =( NAMED_UNIT ( * ) SI_UNIT ( $, .STERADIAN. ) SOLID_ANGLE_UNIT ( ) );
#542 = SURFACE_SIDE_STYLE ('',( #2284 ) ) ;
#543 = EDGE_CURVE ( 'NONE', #1494, #1995, #1298, .T. ) ;
#544 = DIRECTION ( 'NONE',  ( -1.000000000000000000, 0.0000000000000000000, -0.0000000000000000000 ) ) ;
#545 =( LENGTH_UNIT ( ) NAMED_UNIT ( * ) SI_UNIT ( .MILLI., .METRE. ) );
#546 = CARTESIAN_POINT ( 'NONE',  ( 2.177055057773897850, 0.01999999999999999695, -0.7977405214512449660 ) ) ;
#547 = VERTEX_POINT ( 'NONE', #1486 ) ;
#548 = FACE_OUTER_BOUND ( 'NONE', #1259, .T. ) ;
#549 = EDGE_CURVE ( 'NONE', #993, #8, #832, .T. ) ;
#550 = SURFACE_STYLE_FILL_AREA ( #764 ) ;
#551 =( GEOMETRIC_REPRESENTATION_CONTEXT ( 3 ) GLOBAL_UNCERTAINTY_ASSIGNED_CONTEXT ( ( #761 ) ) GLOBAL_UNIT_ASSIGNED_CONTEXT ( ( #2356, #2414, #1474 ) ) REPRESENTATION_CONTEXT ( 'NONE', 'WORKASPACE' ) );
#552 = FACE_OUTER_BOUND ( 'NONE', #2030, .T. ) ;
#553 = SURFACE_STYLE_FILL_AREA ( #307 ) ;
#554 = SURFACE_STYLE_FILL_AREA ( #1012 ) ;
#555 = CIRCLE ( 'NONE', #1922, 0.02000000000000005246 ) ;
#556 = ORIENTED_EDGE ( 'NONE', *, *, #1540, .T. ) ;
#557 = VECTOR ( 'NONE', #50, 999.9999999999998863 ) ;
#558 = CARTESIAN_POINT ( 'NONE',  ( -0.8229449422261020386, 0.3200000000000000067, 0.5422594785487552249 ) ) ;
#559 = SURFACE_SIDE_STYLE ('',( #2359 ) ) ;
#560 = AXIS2_PLACEMENT_3D ( 'NONE', #1684, #757, #2803 ) ;
#561 = VECTOR ( 'NONE', #907, 1000.000000000000000 ) ;
#562 = ADVANCED_FACE ( 'NONE', ( #820 ), #2169, .F. ) ;
#563 = AXIS2_PLACEMENT_3D ( 'NONE', #1916, #1638, #789 ) ;
#564 = UNCERTAINTY_MEASURE_WITH_UNIT (LENGTH_MEASURE( 1.000000000000000082E-05 ), #1614, 'distance_accuracy_value', 'NONE');
#565 = ORIENTED_EDGE ( 'NONE', *, *, #1343, .F. ) ;
#566 =( NAMED_UNIT ( * ) PLANE_ANGLE_UNIT ( ) SI_UNIT ( $, .RADIAN. ) );
#567 =( NAMED_UNIT ( * ) PLANE_ANGLE_UNIT ( ) SI_UNIT ( $, .RADIAN. ) );
#568 = SURFACE_STYLE_USAGE ( .BOTH. , #1457 ) ;
#569 = CARTESIAN_POINT ( 'NONE',  ( 2.097055057773897335, 0.01999999999999999695, -0.8777405214512449261 ) ) ;
#570 = FILL_AREA_STYLE ('',( #101 ) ) ;
#571 = VERTEX_POINT ( 'NONE', #401 ) ;
#572 = DIRECTION ( 'NONE',  ( -0.7071067811865471286, -0.0000000000000000000, -0.7071067811865479058 ) ) ;
#573 = DIRECTION ( 'NONE',  ( -0.0000000000000000000, 1.000000000000000000, 0.0000000000000000000 ) ) ;
#574 = SURFACE_STYLE_USAGE ( .BOTH. , #169 ) ;
#575 = CARTESIAN_POINT ( 'NONE',  ( 1.399126125585762992, 0.02000000000000000042, -0.7977405214512449660 ) ) ;
#576 = SURFACE_STYLE_FILL_AREA ( #1294 ) ;
#577 = ORIENTED_EDGE ( 'NONE', *, *, #1251, .F. ) ;
#578 =( NAMED_UNIT ( * ) SI_UNIT ( $, .STERADIAN. ) SOLID_ANGLE_UNIT ( ) );
#579 = CARTESIAN_POINT ( 'NONE',  ( 2.074110115547795896, 0.3400000000000000244, -0.7254810429024891594 ) ) ;
#580 = CARTESIAN_POINT ( 'NONE',  ( 2.104126125585763063, 0.0000000000000000000, -0.8848115892631100987 ) ) ;
#581 = COLOUR_RGB ( '',0.09803921568627450844, 0.09803921568627450844, 0.09803921568627450844 ) ;
#582 = FILL_AREA_STYLE_COLOUR ( '', #2392 ) ;
#583 = ADVANCED_FACE ( 'NONE', ( #2194 ), #185, .F. ) ;
#584 = EDGE_CURVE ( 'NONE', #2234, #1598, #2352, .T. ) ;
#585 = EDGE_LOOP ( 'NONE', ( #2269, #925, #2843, #1913 ) ) ;
#586 = LINE ( 'NONE', #1121, #16 ) ;
#587 = DIRECTION ( 'NONE',  ( 0.0000000000000000000, 0.0000000000000000000, -1.000000000000000000 ) ) ;
#588 = FACE_OUTER_BOUND ( 'NONE', #1672, .T. ) ;
#589 = ORIENTED_EDGE ( 'NONE', *, *, #416, .T. ) ;
#590 = FILL_AREA_STYLE_COLOUR ( '', #1977 ) ;
#591 = CARTESIAN_POINT ( 'NONE',  ( 2.074110115547794120, 0.7717157287525381326, -0.7254810429024888263 ) ) ;
#592 =( NAMED_UNIT ( * ) PLANE_ANGLE_UNIT ( ) SI_UNIT ( $, .RADIAN. ) );
#593 = EDGE_CURVE ( 'NONE', #2722, #2855, #648, .T. ) ;
#594 = PRESENTATION_STYLE_ASSIGNMENT (( #2639 ) ) ;
#595 = VECTOR ( 'NONE', #1776, 1000.000000000000000 ) ;
#596 =( NAMED_UNIT ( * ) PLANE_ANGLE_UNIT ( ) SI_UNIT ( $, .RADIAN. ) );
#597 = EDGE_LOOP ( 'NONE', ( #1975, #2163, #2220, #1523, #1098, #2152 ) ) ;
#598 =( GEOMETRIC_REPRESENTATION_CONTEXT ( 3 ) GLOBAL_UNCERTAINTY_ASSIGNED_CONTEXT ( ( #633 ) ) GLOBAL_UNIT_ASSIGNED_CONTEXT ( ( #1722, #592, #2663 ) ) REPRESENTATION_CONTEXT ( 'NONE', 'WORKASPACE' ) );
#599 = DIRECTION ( 'NONE',  ( 0.0000000000000000000, 0.0000000000000000000, 1.000000000000000000 ) ) ;
#600 = AXIS2_PLACEMENT_3D ( 'NONE', #2362, #399, #2394 ) ;
#601 = PRESENTATION_STYLE_ASSIGNMENT (( #1482 ) ) ;
#602 = CIRCLE ( 'NONE', #1925, 0.06000000000000064310 ) ;
#603 = ORIENTED_EDGE ( 'NONE', *, *, #2344, .F. ) ;
#604 = AXIS2_PLACEMENT_3D ( 'NONE', #1452, #135, #2332 ) ;
#605 = CARTESIAN_POINT ( 'NONE',  ( 2.054110115547794990, 0.7600000000000000089, -0.1779057946315550087 ) ) ;
#606 = MECHANICAL_DESIGN_GEOMETRIC_PRESENTATION_REPRESENTATION (  '', ( #2743 ), #471 ) ;
#607 = MECHANICAL_DESIGN_GEOMETRIC_PRESENTATION_REPRESENTATION (  '', ( #1601 ), #654 ) ;
#608 = EDGE_CURVE ( 'NONE', #2721, #2000, #2001, .T. ) ;
#609 = VECTOR ( 'NONE', #618, 1000.000000000000000 ) ;
#610 = UNCERTAINTY_MEASURE_WITH_UNIT (LENGTH_MEASURE( 1.000000000000000082E-05 ), #999, 'distance_accuracy_value', 'NONE');
#611 = VERTEX_POINT ( 'NONE', #1549 ) ;
#612 = DIRECTION ( 'NONE',  ( 0.0000000000000000000, 0.0000000000000000000, -1.000000000000000000 ) ) ;
#613 = CARTESIAN_POINT ( 'NONE',  ( 2.099126125585763170, 0.02000000000000000042, 0.4643305463606199890 ) ) ;
#614 = UNCERTAINTY_MEASURE_WITH_UNIT (LENGTH_MEASURE( 1.000000000000000082E-05 ), #1908, 'distance_accuracy_value', 'NONE');
#615 = EDGE_LOOP ( 'NONE', ( #1718, #1047, #2374, #2529 ) ) ;
#616 = DIRECTION ( 'NONE',  ( 1.000000000000000000, 0.0000000000000000000, 0.0000000000000000000 ) ) ;
#617 = SURFACE_STYLE_USAGE ( .BOTH. , #1730 ) ;
#618 = DIRECTION ( 'NONE',  ( -0.0000000000000000000, -1.000000000000000000, -0.0000000000000000000 ) ) ;
#619 =( GEOMETRIC_REPRESENTATION_CONTEXT ( 3 ) GLOBAL_UNCERTAINTY_ASSIGNED_CONTEXT ( ( #1744 ) ) GLOBAL_UNIT_ASSIGNED_CONTEXT ( ( #294, #321, #1881 ) ) REPRESENTATION_CONTEXT ( 'NONE', 'WORKASPACE' ) );
#620 =( NAMED_UNIT ( * ) SI_UNIT ( $, .STERADIAN. ) SOLID_ANGLE_UNIT ( ) );
#621 = VERTEX_POINT ( 'NONE', #645 ) ;
#622 = STYLED_ITEM ( 'NONE', ( #2205 ), #2613 ) ;
#623 = DIRECTION ( 'NONE',  ( 0.0000000000000000000, 0.0000000000000000000, -1.000000000000000000 ) ) ;
#624 = VECTOR ( 'NONE', #2041, 1000.000000000000000 ) ;
#625 = EDGE_LOOP ( 'NONE', ( #671, #377, #236, #2659, #2739, #1112, #589, #2411 ) ) ;
#626 = SURFACE_SIDE_STYLE ('',( #2027 ) ) ;
#627 = VERTEX_POINT ( 'NONE', #430 ) ;
#628 = CARTESIAN_POINT ( 'NONE',  ( 2.184126125585763134, 0.1400000000000000133, 0.6293305463606210237 ) ) ;
#629 = EDGE_CURVE ( 'NONE', #2714, #547, #1740, .T. ) ;
#630 = LINE ( 'NONE', #678, #1266 ) ;
#631 = DIRECTION ( 'NONE',  ( -0.0000000000000000000, -1.000000000000000000, -0.0000000000000000000 ) ) ;
#632 = DIRECTION ( 'NONE',  ( -0.0000000000000000000, 1.000000000000000000, -0.0000000000000000000 ) ) ;
#633 = UNCERTAINTY_MEASURE_WITH_UNIT (LENGTH_MEASURE( 1.000000000000000082E-05 ), #1722, 'distance_accuracy_value', 'NONE');
#634 = CIRCLE ( 'NONE', #1123, 0.02000000000000005246 ) ;
#635 = DIRECTION ( 'NONE',  ( 0.0000000000000000000, -1.000000000000000000, 0.0000000000000000000 ) ) ;
#636 = VERTEX_POINT ( 'NONE', #892 ) ;
#637 = FACE_OUTER_BOUND ( 'NONE', #2585, .T. ) ;
#638 = ORIENTED_EDGE ( 'NONE', *, *, #791, .T. ) ;
#639 = PRESENTATION_LAYER_ASSIGNMENT (  '', '', ( #1732 ) ) ;
#640 = EDGE_CURVE ( 'NONE', #993, #611, #2502, .T. ) ;
#641 = MECHANICAL_DESIGN_GEOMETRIC_PRESENTATION_REPRESENTATION (  '', ( #1780 ), #1875 ) ;
#642 = CIRCLE ( 'NONE', #2680, 0.01999999999999983735 ) ;
#643 =( BOUNDED_SURFACE ( )  B_SPLINE_SURFACE ( 3, 3, ( 
 ( #2762, #2552, #1426, #763 ),
 ( #2321, #1673, #304, #97 ),
 ( #1612, #1455, #2350, #1008 ),
 ( #975, #492, #2746, #1223 ) ),
 .UNSPECIFIED., .F., .F., .F. ) 
 B_SPLINE_SURFACE_WITH_KNOTS ( ( 4, 4 ),
 ( 4, 4 ),
 ( 0.0000000000000000000, 1.000000000000000000 ),
 ( 0.0000000000000000000, 1.000000000000000000 ),
 .UNSPECIFIED. ) 
 GEOMETRIC_REPRESENTATION_ITEM ( )  RATIONAL_B_SPLINE_SURFACE ( (
 ( 1.000000000000000000, 0.8047378541243648264, 0.8047378541243648264, 1.000000000000000000),
 ( 0.8047378541243649375, 0.6476030138606875264, 0.6476030138606875264, 0.8047378541243649375),
 ( 0.8047378541243649375, 0.6476030138606875264, 0.6476030138606875264, 0.8047378541243649375),
 ( 1.000000000000000000, 0.8047378541243648264, 0.8047378541243648264, 1.000000000000000000) ) ) 
 REPRESENTATION_ITEM ( '' )  SURFACE ( )  );
#644 = ORIENTED_EDGE ( 'NONE', *, *, #1767, .T. ) ;
#645 = CARTESIAN_POINT ( 'NONE',  ( 2.184126125585764022, 0.1400000000000000411, 0.5493305463606210637 ) ) ;
#646 = AXIS2_PLACEMENT_3D ( 'NONE', #1714, #1777, #1700 ) ;
#647 = SURFACE_STYLE_USAGE ( .BOTH. , #431 ) ;
#648 = CIRCLE ( 'NONE', #1179, 0.02000000000000005246 ) ;
#649 = CIRCLE ( 'NONE', #1035, 0.02000000000000005246 ) ;
#650 = SURFACE_SIDE_STYLE ('',( #2676 ) ) ;
#651 = STYLED_ITEM ( 'NONE', ( #2568 ), #875 ) ;
#652 =( NAMED_UNIT ( * ) SI_UNIT ( $, .STERADIAN. ) SOLID_ANGLE_UNIT ( ) );
#653 = FACE_OUTER_BOUND ( 'NONE', #2632, .T. ) ;
#654 =( GEOMETRIC_REPRESENTATION_CONTEXT ( 3 ) GLOBAL_UNCERTAINTY_ASSIGNED_CONTEXT ( ( #302 ) ) GLOBAL_UNIT_ASSIGNED_CONTEXT ( ( #2809, #1675, #1645 ) ) REPRESENTATION_CONTEXT ( 'NONE', 'WORKASPACE' ) );
#655 = MECHANICAL_DESIGN_GEOMETRIC_PRESENTATION_REPRESENTATION (  '', ( #1467 ), #886 ) ;
#656 = ORIENTED_EDGE ( 'NONE', *, *, #2494, .T. ) ;
#657 = ORIENTED_EDGE ( 'NONE', *, *, #1627, .F. ) ;
#658 = EDGE_LOOP ( 'NONE', ( #1969, #326, #1574, #131 ) ) ;
#659 = FACE_OUTER_BOUND ( 'NONE', #477, .T. ) ;
#660 = CARTESIAN_POINT ( 'NONE',  ( 2.044404488063022995, 0.7800000000000002487, -0.7771967716550270966 ) ) ;
#661 = CARTESIAN_POINT ( 'NONE',  ( 2.054110115547794990, 0.7800000000000001377, 0.4699999999999999178 ) ) ;
#662 = SURFACE_STYLE_USAGE ( .BOTH. , #44 ) ;
#663 = PRODUCT_DEFINITION ( 'UNKNOWN', '', #2661, #2820 ) ;
#664 = VECTOR ( 'NONE', #850, 1000.000000000000000 ) ;
#665 = CARTESIAN_POINT ( 'NONE',  ( 2.014110115547794955, 0.3200000000000000067, -0.8054810429024900076 ) ) ;
#666 = EDGE_CURVE ( 'NONE', #1161, #1815, #27, .T. ) ;
#667 = CARTESIAN_POINT ( 'NONE',  ( 2.054110115547794990, 0.7800000000000003597, 0.4934314575050762763 ) ) ;
#668 = EDGE_CURVE ( 'NONE', #1109, #1801, #2725, .T. ) ;
#669 = ORIENTED_EDGE ( 'NONE', *, *, #1659, .F. ) ;
#670 = VECTOR ( 'NONE', #2158, 1000.000000000000000 ) ;
#671 = ORIENTED_EDGE ( 'NONE', *, *, #953, .T. ) ;
#672 = SURFACE_STYLE_USAGE ( .BOTH. , #626 ) ;
#673 = SURFACE_SIDE_STYLE ('',( #712 ) ) ;
#674 = ORIENTED_EDGE ( 'NONE', *, *, #1257, .F. ) ;
#675 = CARTESIAN_POINT ( 'NONE',  ( 2.017055057773897264, 0.02000000000000000042, -0.7977405214512445220 ) ) ;
#676 = CARTESIAN_POINT ( 'NONE',  ( 2.054110115547794546, 0.7800000000000000266, -0.7489125004075648517 ) ) ;
#677 = ORIENTED_EDGE ( 'NONE', *, *, #2781, .F. ) ;
#678 = CARTESIAN_POINT ( 'NONE',  ( 2.099126125585763170, 0.0000000000000000000, 0.4643305463606199890 ) ) ;
#679 = CARTESIAN_POINT ( 'NONE',  ( -0.8300160100379679884, 0.3200000000000000067, 0.6222594785487550739 ) ) ;
#680 = CARTESIAN_POINT ( 'NONE',  ( 2.014110115547794955, 0.3400000000000000244, -0.7254810429024891594 ) ) ;
#681 = EDGE_CURVE ( 'NONE', #1590, #303, #1790, .T. ) ;
#682 = DIRECTION ( 'NONE',  ( 1.000000000000000000, 0.0000000000000000000, -7.551468131361518996E-12 ) ) ;
#683 = DIRECTION ( 'NONE',  ( 0.0000000000000000000, 0.0000000000000000000, -1.000000000000000000 ) ) ;
#684 = EDGE_LOOP ( 'NONE', ( #1064, #343, #2390, #2320, #1241, #2423 ) ) ;
#685 = ORIENTED_EDGE ( 'NONE', *, *, #1731, .T. ) ;
#686 = CARTESIAN_POINT ( 'NONE',  ( -0.6834314575050762786, 0.7799999999999998046, 0.5100000000000000089 ) ) ;
#687 = DIRECTION ( 'NONE',  ( 1.000000000000000000, 0.0000000000000000000, 0.0000000000000000000 ) ) ;
#688 = VERTEX_POINT ( 'NONE', #2456 ) ;
#689 = CARTESIAN_POINT ( 'NONE',  ( 2.099126125585763170, 0.02000000000000000042, -0.1277405214512449816 ) ) ;
#690 = PRESENTATION_STYLE_ASSIGNMENT (( #1355 ) ) ;
#691 = CARTESIAN_POINT ( 'NONE',  ( 2.184126125585764022, 0.07000000000000000666, 0.5493305463606209527 ) ) ;
#692 = ORIENTED_EDGE ( 'NONE', *, *, #2373, .T. ) ;
#693 = LINE ( 'NONE', #1823, #2631 ) ;
#694 = PRESENTATION_LAYER_ASSIGNMENT (  '', '', ( #2299 ) ) ;
#695 =( LENGTH_UNIT ( ) NAMED_UNIT ( * ) SI_UNIT ( .MILLI., .METRE. ) );
#696 = STYLED_ITEM ( 'NONE', ( #2458 ), #2436 ) ;
#697 = CARTESIAN_POINT ( 'NONE',  ( 2.074110115547794564, 0.3282842712474615676, -0.7606282291601031975 ) ) ;
#698 = PRESENTATION_STYLE_ASSIGNMENT (( #2024 ) ) ;
#699 = EDGE_CURVE ( 'NONE', #841, #2285, #2031, .T. ) ;
#700 = STYLED_ITEM ( 'NONE', ( #1633 ), #2213 ) ;
#701 = ORIENTED_EDGE ( 'NONE', *, *, #1213, .T. ) ;
#702 = DIRECTION ( 'NONE',  ( 0.0000000000000000000, 0.0000000000000000000, 1.000000000000000000 ) ) ;
#703 = CARTESIAN_POINT ( 'NONE',  ( -0.7450160100379669137, 0.01999999999999999695, -0.7198115892631089530 ) ) ;
#704 = EDGE_LOOP ( 'NONE', ( #1656, #2233, #1152, #1308 ) ) ;
#705 = SURFACE_STYLE_FILL_AREA ( #1376 ) ;
#706 =( NAMED_UNIT ( * ) PLANE_ANGLE_UNIT ( ) SI_UNIT ( $, .RADIAN. ) );
#707 = DIRECTION ( 'NONE',  ( 0.0000000000000000000, 0.0000000000000000000, -1.000000000000000000 ) ) ;
#708 = DIRECTION ( 'NONE',  ( -0.0000000000000000000, 1.000000000000000000, -0.0000000000000000000 ) ) ;
#709 = FILL_AREA_STYLE_COLOUR ( '', #2053 ) ;
#710 = EDGE_LOOP ( 'NONE', ( #2433, #82, #2016, #1321 ) ) ;
#711 = CARTESIAN_POINT ( 'NONE',  ( -0.6600000000000000311, 0.7600000000000000089, -0.7254810429024891594 ) ) ;
#712 = SURFACE_STYLE_FILL_AREA ( #2028 ) ;
#713 = EDGE_CURVE ( 'NONE', #2237, #636, #1783, .T. ) ;
#714 = SURFACE_STYLE_FILL_AREA ( #2759 ) ;
#715 = PRESENTATION_LAYER_ASSIGNMENT (  '', '', ( #760 ) ) ;
#716 = CYLINDRICAL_SURFACE ( 'NONE', #563, 0.02000000000000005246 ) ;
#717 = PRESENTATION_LAYER_ASSIGNMENT (  '', '', ( #622 ) ) ;
#718 = VERTEX_POINT ( 'NONE', #1976 ) ;
#719 = PLANE ( 'NONE',  #2071 ) ;
#720 = SURFACE_STYLE_USAGE ( .BOTH. , #1377 ) ;
#721 = EDGE_CURVE ( 'NONE', #627, #2349, #1819, .T. ) ;
#722 = CARTESIAN_POINT ( 'NONE',  ( -0.6599999999999999201, 0.3399999999999989142, -0.8054810429024900076 ) ) ;
#723 = FACE_OUTER_BOUND ( 'NONE', #615, .T. ) ;
#724 = SURFACE_SIDE_STYLE ('',( #2056 ) ) ;
#725 = ORIENTED_EDGE ( 'NONE', *, *, #257, .T. ) ;
#726 = CARTESIAN_POINT ( 'NONE',  ( -0.7000000000000000666, 0.7800000000000001377, -0.7254810429024891594 ) ) ;
#727 = LINE ( 'NONE', #1438, #1085 ) ;
#728 = VECTOR ( 'NONE', #2144, 1000.000000000000114 ) ;
#729 = FILL_AREA_STYLE ('',( #346 ) ) ;
#730 = ADVANCED_FACE ( 'NONE', ( #659 ), #1594, .F. ) ;
#731 = ORIENTED_EDGE ( 'NONE', *, *, #161, .T. ) ;
#732 = PLANE ( 'NONE',  #2833 ) ;
#733 = FILL_AREA_STYLE_COLOUR ( '', #1191 ) ;
#734 = AXIS2_PLACEMENT_3D ( 'NONE', #1447, #519, #1606 ) ;
#735 = AXIS2_PLACEMENT_3D ( 'NONE', #521, #1212, #2102 ) ;
#736 = FILL_AREA_STYLE ('',( #2812 ) ) ;
#737 =( BOUNDED_SURFACE ( )  B_SPLINE_SURFACE ( 3, 3, ( 
 ( #2701, #882, #1798, #216 ),
 ( #2051, #1156, #697, #1826 ),
 ( #949, #1362, #915, #897 ),
 ( #665, #446, #1167, #1583 ) ),
 .UNSPECIFIED., .F., .F., .F. ) 
 B_SPLINE_SURFACE_WITH_KNOTS ( ( 4, 4 ),
 ( 4, 4 ),
 ( 0.0000000000000000000, 1.000000000000000000 ),
 ( 0.0000000000000000000, 1.000000000000000000 ),
 .UNSPECIFIED. ) 
 GEOMETRIC_REPRESENTATION_ITEM ( )  RATIONAL_B_SPLINE_SURFACE ( (
 ( 1.000000000000000000, 0.8047378541243649375, 0.8047378541243649375, 1.000000000000000000),
 ( 0.8047378541243547234, 0.6476030138606794218, 0.6476030138606794218, 0.8047378541243547234),
 ( 0.8047378541243547234, 0.6476030138606794218, 0.6476030138606794218, 0.8047378541243547234),
 ( 1.000000000000000000, 0.8047378541243649375, 0.8047378541243649375, 1.000000000000000000) ) ) 
 REPRESENTATION_ITEM ( '' )  SURFACE ( )  );
#738 = DIRECTION ( 'NONE',  ( -1.000000000000000000, -0.0000000000000000000, -0.0000000000000000000 ) ) ;
#739 = MECHANICAL_DESIGN_GEOMETRIC_PRESENTATION_REPRESENTATION (  '', ( #2446 ), #2877 ) ;
#740 = COLOUR_RGB ( '',0.7529411764705882248, 0.7529411764705882248, 0.7529411764705882248 ) ;
#741 = VECTOR ( 'NONE', #1339, 1000.000000000000114 ) ;
#742 = DIRECTION ( 'NONE',  ( 0.0000000000000000000, 0.0000000000000000000, -1.000000000000000000 ) ) ;
#743 = CARTESIAN_POINT ( 'NONE',  ( 1.399126125585762770, 0.01999999999999999695, -0.7977405214512449660 ) ) ;
#744 = FILL_AREA_STYLE ('',( #2786 ) ) ;
#745 = SURFACE_STYLE_USAGE ( .BOTH. , #64 ) ;
#746 = PRESENTATION_LAYER_ASSIGNMENT (  '', '', ( #2308 ) ) ;
#747 = CARTESIAN_POINT ( 'NONE',  ( 1.399126125585762992, 0.02000000000000000042, 0.5556594785487549704 ) ) ;
#748 = ORIENTED_EDGE ( 'NONE', *, *, #1725, .T. ) ;
#749 = FACE_OUTER_BOUND ( 'NONE', #2796, .T. ) ;
#750 = VECTOR ( 'NONE', #2413, 1000.000000000000000 ) ;
#751 = FILL_AREA_STYLE_COLOUR ( '', #2209 ) ;
#752 = ADVANCED_FACE ( 'NONE', ( #1872 ), #2791, .T. ) ;
#753 =( BOUNDED_SURFACE ( )  B_SPLINE_SURFACE ( 3, 3, ( 
 ( #1518, #1090, #2186, #834 ),
 ( #1473, #2243, #2227, #202 ),
 ( #432, #2442, #1538, #1340 ),
 ( #2459, #1120, #1809, #1794 ) ),
 .UNSPECIFIED., .F., .F., .F. ) 
 B_SPLINE_SURFACE_WITH_KNOTS ( ( 4, 4 ),
 ( 4, 4 ),
 ( 0.0000000000000000000, 1.000000000000000000 ),
 ( 0.0000000000000000000, 1.000000000000000000 ),
 .UNSPECIFIED. ) 
 GEOMETRIC_REPRESENTATION_ITEM ( )  RATIONAL_B_SPLINE_SURFACE ( (
 ( 1.000000000000000000, 0.8047378541243652705, 0.8047378541243652705, 1.000000000000000000),
 ( 0.8047378541243649375, 0.6476030138606879705, 0.6476030138606879705, 0.8047378541243649375),
 ( 0.8047378541243649375, 0.6476030138606879705, 0.6476030138606879705, 0.8047378541243649375),
 ( 1.000000000000000000, 0.8047378541243652705, 0.8047378541243652705, 1.000000000000000000) ) ) 
 REPRESENTATION_ITEM ( '' )  SURFACE ( )  );
#754 = DIRECTION ( 'NONE',  ( 0.7071067811865484609, -0.0000000000000000000, -0.7071067811865465735 ) ) ;
#755 = STYLED_ITEM ( 'NONE', ( #698 ), #1774 ) ;
#756 = CARTESIAN_POINT ( 'NONE',  ( 2.184126125585763578, 0.0000000000000000000, 0.5493305463606210637 ) ) ;
#757 = DIRECTION ( 'NONE',  ( -1.000000000000000000, -0.0000000000000000000, -0.0000000000000000000 ) ) ;
#758 = FILL_AREA_STYLE_COLOUR ( '', #1698 ) ;
#759 = SURFACE_SIDE_STYLE ('',( #2562 ) ) ;
#760 = STYLED_ITEM ( 'NONE', ( #2211 ), #2864 ) ;
#761 = UNCERTAINTY_MEASURE_WITH_UNIT (LENGTH_MEASURE( 1.000000000000000082E-05 ), #2356, 'distance_accuracy_value', 'NONE');
#762 = ORIENTED_EDGE ( 'NONE', *, *, #629, .T. ) ;
#763 = CARTESIAN_POINT ( 'NONE',  ( 2.054110115547794990, 0.7800000000000001377, 0.4699999999999999178 ) ) ;
#764 = FILL_AREA_STYLE ('',( #1055 ) ) ;
#765 =( GEOMETRIC_REPRESENTATION_CONTEXT ( 3 ) GLOBAL_UNCERTAINTY_ASSIGNED_CONTEXT ( ( #2363 ) ) GLOBAL_UNIT_ASSIGNED_CONTEXT ( ( #833, #2851, #476 ) ) REPRESENTATION_CONTEXT ( 'NONE', 'WORKASPACE' ) );
#766 = DIRECTION ( 'NONE',  ( 0.0000000000000000000, 0.0000000000000000000, -1.000000000000000000 ) ) ;
#767 =( NAMED_UNIT ( * ) SI_UNIT ( $, .STERADIAN. ) SOLID_ANGLE_UNIT ( ) );
#768 = ADVANCED_FACE ( 'NONE', ( #921, #94 ), #2331, .F. ) ;
#769 = ORIENTED_EDGE ( 'NONE', *, *, #1329, .F. ) ;
#770 = CARTESIAN_POINT ( 'NONE',  ( -0.8310160100379679893, 0.7800000000000001377, -0.8858115892631099886 ) ) ;
#771 = PRESENTATION_STYLE_ASSIGNMENT (( #574 ) ) ;
#772 =( LENGTH_UNIT ( ) NAMED_UNIT ( * ) SI_UNIT ( .MILLI., .METRE. ) );
#773 = EDGE_LOOP ( 'NONE', ( #831, #1808, #1999, #316, #151, #2256 ) ) ;
#774 = MECHANICAL_DESIGN_GEOMETRIC_PRESENTATION_REPRESENTATION (  '', ( #14 ), #973 ) ;
#775 = SURFACE_STYLE_FILL_AREA ( #2822 ) ;
#776 = CYLINDRICAL_SURFACE ( 'NONE', #2173, 0.02000000000000005246 ) ;
#777 = SURFACE_SIDE_STYLE ('',( #1658 ) ) ;
#778 = CARTESIAN_POINT ( 'NONE',  ( -0.7064804761320350179, 0.1400000000000000133, -0.8412760553571768662 ) ) ;
#779 = SURFACE_STYLE_FILL_AREA ( #736 ) ;
#780 = LINE ( 'NONE', #367, #1773 ) ;
#781 = PRESENTATION_LAYER_ASSIGNMENT (  '', '', ( #2057 ) ) ;
#782 = CARTESIAN_POINT ( 'NONE',  ( 2.094110115547795914, 0.3400000000000000244, 0.4699999999999999734 ) ) ;
#783 = EDGE_LOOP ( 'NONE', ( #1858, #1898, #525, #1745, #1699, #2859 ) ) ;
#784 =( NAMED_UNIT ( * ) PLANE_ANGLE_UNIT ( ) SI_UNIT ( $, .RADIAN. ) );
#785 = DIRECTION ( 'NONE',  ( 0.0000000000000000000, -1.000000000000000000, 0.0000000000000000000 ) ) ;
#786 = PRESENTATION_LAYER_ASSIGNMENT (  '', '', ( #338 ) ) ;
#787 = MECHANICAL_DESIGN_GEOMETRIC_PRESENTATION_REPRESENTATION (  '', ( #2447 ), #1182 ) ;
#788 = LINE ( 'NONE', #388, #1968 ) ;
#789 = DIRECTION ( 'NONE',  ( 0.0000000000000000000, 0.0000000000000000000, 1.000000000000000000 ) ) ;
#790 = DIRECTION ( 'NONE',  ( -1.000000000000000000, -0.0000000000000000000, -0.0000000000000000000 ) ) ;
#791 = EDGE_CURVE ( 'NONE', #2251, #993, #501, .T. ) ;
#792 = UNCERTAINTY_MEASURE_WITH_UNIT (LENGTH_MEASURE( 1.000000000000000082E-05 ), #200, 'distance_accuracy_value', 'NONE');
#793 = VERTEX_POINT ( 'NONE', #2301 ) ;
#794 = CARTESIAN_POINT ( 'NONE',  ( -0.8229449422261020386, 0.3200000000000000067, 0.5422594785487550029 ) ) ;
#795 = DIRECTION ( 'NONE',  ( -0.0000000000000000000, -0.0000000000000000000, 1.000000000000000000 ) ) ;
#796 = COLOUR_RGB ( '',0.09803921568627450844, 0.09803921568627450844, 0.09803921568627450844 ) ;
#797 = EDGE_CURVE ( 'NONE', #793, #1160, #727, .T. ) ;
#798 = CARTESIAN_POINT ( 'NONE',  ( -0.6951471862576145133, 0.7600000000000000089, -0.7854810429024888796 ) ) ;
#799 = PRESENTATION_STYLE_ASSIGNMENT (( #1500 ) ) ;
#800 = FACE_OUTER_BOUND ( 'NONE', #1095, .T. ) ;
#801 = EDGE_LOOP ( 'NONE', ( #2662, #438, #1001, #1680 ) ) ;
#802 =( NAMED_UNIT ( * ) SI_UNIT ( $, .STERADIAN. ) SOLID_ANGLE_UNIT ( ) );
#803 =( GEOMETRIC_REPRESENTATION_CONTEXT ( 3 ) GLOBAL_UNCERTAINTY_ASSIGNED_CONTEXT ( ( #2333 ) ) GLOBAL_UNIT_ASSIGNED_CONTEXT ( ( #1291, #1493, #620 ) ) REPRESENTATION_CONTEXT ( 'NONE', 'WORKASPACE' ) );
#804 = CARTESIAN_POINT ( 'NONE',  ( 2.074110115547795896, 0.5499999999999999334, 0.4699999999995463917 ) ) ;
#805 = EDGE_CURVE ( 'NONE', #2815, #2714, #990, .T. ) ;
#806 = ORIENTED_EDGE ( 'NONE', *, *, #371, .F. ) ;
#807 =( LENGTH_UNIT ( ) NAMED_UNIT ( * ) SI_UNIT ( .MILLI., .METRE. ) );
#808 = CARTESIAN_POINT ( 'NONE',  ( 2.074110115547794564, 0.7600000000000000089, -0.7254810429024889373 ) ) ;
#809 = DIRECTION ( 'NONE',  ( 1.000000000000000000, -0.0000000000000000000, 0.0000000000000000000 ) ) ;
#810 = STYLED_ITEM ( 'NONE', ( #986 ), #2744 ) ;
#811 = FACE_OUTER_BOUND ( 'NONE', #956, .T. ) ;
#812 = UNCERTAINTY_MEASURE_WITH_UNIT (LENGTH_MEASURE( 1.000000000000000082E-05 ), #409, 'distance_accuracy_value', 'NONE');
#813 = ORIENTED_EDGE ( 'NONE', *, *, #1937, .T. ) ;
#814 = CARTESIAN_POINT ( 'NONE',  ( 2.177055057773897850, 0.02000000000000000389, 0.5422594785487551139 ) ) ;
#815 = DIRECTION ( 'NONE',  ( 0.7071067811865519026, 0.0000000000000000000, -0.7071067811865431318 ) ) ;
#816 = ORIENTED_EDGE ( 'NONE', *, *, #157, .F. ) ;
#817 = FACE_OUTER_BOUND ( 'NONE', #773, .T. ) ;
#818 = UNCERTAINTY_MEASURE_WITH_UNIT (LENGTH_MEASURE( 1.000000000000000082E-05 ), #955, 'distance_accuracy_value', 'NONE');
#819 = ORIENTED_EDGE ( 'NONE', *, *, #2735, .T. ) ;
#820 = FACE_OUTER_BOUND ( 'NONE', #49, .T. ) ;
#821 =( NAMED_UNIT ( * ) PLANE_ANGLE_UNIT ( ) SI_UNIT ( $, .RADIAN. ) );
#822 = EDGE_CURVE ( 'NONE', #793, #1998, #602, .T. ) ;
#823 = FILL_AREA_STYLE_COLOUR ( '', #2198 ) ;
#824 = SURFACE_SIDE_STYLE ('',( #2826 ) ) ;
#825 = STYLED_ITEM ( 'NONE', ( #594 ), #1285 ) ;
#826 = ORIENTED_EDGE ( 'NONE', *, *, #387, .T. ) ;
#827 = VECTOR ( 'NONE', #2670, 1000.000000000000000 ) ;
#828 = PRESENTATION_LAYER_ASSIGNMENT (  '', '', ( #1589 ) ) ;
#829 = FILL_AREA_STYLE ('',( #1530 ) ) ;
#830 = CARTESIAN_POINT ( 'NONE',  ( -0.7429449422261021896, 0.3200000000000000067, -0.8777405214512450371 ) ) ;
#831 = ORIENTED_EDGE ( 'NONE', *, *, #47, .F. ) ;
#832 = LINE ( 'NONE', #794, #2592 ) ;
#833 =( LENGTH_UNIT ( ) NAMED_UNIT ( * ) SI_UNIT ( .MILLI., .METRE. ) );
#834 = CARTESIAN_POINT ( 'NONE',  ( -0.7200000000000001954, 0.7600000000000000089, 0.4700000000000000289 ) ) ;
#835 = APPLICATION_CONTEXT ( 'automotive_design' ) ;
#836 = AXIS2_PLACEMENT_3D ( 'NONE', #1582, #421, #464 ) ;
#837 = UNCERTAINTY_MEASURE_WITH_UNIT (LENGTH_MEASURE( 1.000000000000000082E-05 ), #317, 'distance_accuracy_value', 'NONE');
#838 = ORIENTED_EDGE ( 'NONE', *, *, #1446, .T. ) ;
#839 = CARTESIAN_POINT ( 'NONE',  ( 2.014110115547794955, 0.4000000000000000222, -0.7854810429024892127 ) ) ;
#840 = ORIENTED_EDGE ( 'NONE', *, *, #1204, .F. ) ;
#841 = VERTEX_POINT ( 'NONE', #546 ) ;
#842 = EDGE_CURVE ( 'NONE', #1917, #284, #1450, .T. ) ;
#843 =( GEOMETRIC_REPRESENTATION_CONTEXT ( 3 ) GLOBAL_UNCERTAINTY_ASSIGNED_CONTEXT ( ( #363 ) ) GLOBAL_UNIT_ASSIGNED_CONTEXT ( ( #2462, #2448, #33 ) ) REPRESENTATION_CONTEXT ( 'NONE', 'WORKASPACE' ) );
#844 = ORIENTED_EDGE ( 'NONE', *, *, #1682, .F. ) ;
#845 = DIRECTION ( 'NONE',  ( 1.836970198721029688E-16, -0.0000000000000000000, -1.000000000000000000 ) ) ;
#846 = AXIS2_PLACEMENT_3D ( 'NONE', #1567, #896, #1811 ) ;
#847 = SURFACE_STYLE_FILL_AREA ( #176 ) ;
#848 = DIRECTION ( 'NONE',  ( 0.0000000000000000000, -1.000000000000000000, 0.0000000000000000000 ) ) ;
#849 = AXIS2_PLACEMENT_3D ( 'NONE', #100, #2369, #114 ) ;
#850 = DIRECTION ( 'NONE',  ( 0.0000000000000000000, 0.0000000000000000000, -1.000000000000000000 ) ) ;
#851 = ADVANCED_BREP_SHAPE_REPRESENTATION ( 'User Library-NX3215SA', ( #908, #1009 ), #2136 ) ;
#852 = ORIENTED_EDGE ( 'NONE', *, *, #157, .T. ) ;
#853 = EDGE_CURVE ( 'NONE', #627, #1784, #1004, .T. ) ;
#854 =( LENGTH_UNIT ( ) NAMED_UNIT ( * ) SI_UNIT ( .MILLI., .METRE. ) );
#855 = AXIS2_PLACEMENT_3D ( 'NONE', #2512, #34, #742 ) ;
#856 = VERTEX_POINT ( 'NONE', #119 ) ;
#857 = ORIENTED_EDGE ( 'NONE', *, *, #640, .T. ) ;
#858 = DIRECTION ( 'NONE',  ( 0.0000000000000000000, 1.000000000000000000, -0.0000000000000000000 ) ) ;
#859 = VERTEX_POINT ( 'NONE', #332 ) ;
#860 = DIRECTION ( 'NONE',  ( 0.0000000000000000000, 0.0000000000000000000, -1.000000000000000000 ) ) ;
#861 =( NAMED_UNIT ( * ) SI_UNIT ( $, .STERADIAN. ) SOLID_ANGLE_UNIT ( ) );
#862 = LINE ( 'NONE', #247, #222 ) ;
#863 = DIRECTION ( 'NONE',  ( 1.000000000000000000, -0.0000000000000000000, -0.0000000000000000000 ) ) ;
#864 =( NAMED_UNIT ( * ) SI_UNIT ( $, .STERADIAN. ) SOLID_ANGLE_UNIT ( ) );
#865 = ORIENTED_EDGE ( 'NONE', *, *, #584, .F. ) ;
#866 = AXIS2_PLACEMENT_3D ( 'NONE', #2014, #2221, #1591 ) ;
#867 = CIRCLE ( 'NONE', #1078, 0.06000000000000004635 ) ;
#868 =( NAMED_UNIT ( * ) SI_UNIT ( $, .STERADIAN. ) SOLID_ANGLE_UNIT ( ) );
#869 = AXIS2_PLACEMENT_3D ( 'NONE', #2172, #1265, #1502 ) ;
#870 = ORIENTED_EDGE ( 'NONE', *, *, #416, .F. ) ;
#871 = AXIS2_PLACEMENT_3D ( 'NONE', #2626, #2164, #159 ) ;
#872 = SURFACE_SIDE_STYLE ('',( #9 ) ) ;
#873 = VECTOR ( 'NONE', #2484, 1000.000000000000000 ) ;
#874 = ADVANCED_FACE ( 'NONE', ( #1230 ), #2685, .F. ) ;
#875 = ADVANCED_FACE ( 'NONE', ( #2113 ), #1065, .F. ) ;
#876 = FILL_AREA_STYLE_COLOUR ( '', #2010 ) ;
#877 = COLOUR_RGB ( '',0.8980392156862745390, 0.8980392156862745390, 0.8980392156862745390 ) ;
#878 = SURFACE_STYLE_FILL_AREA ( #1992 ) ;
#879 = CARTESIAN_POINT ( 'NONE',  ( 1.399126125585762770, 0.01999999999999999695, 0.5422594785487548918 ) ) ;
#880 = DIRECTION ( 'NONE',  ( 0.0000000000000000000, -1.000000000000000000, 0.0000000000000000000 ) ) ;
#881 = ADVANCED_FACE ( 'NONE', ( #2597 ), #2098, .F. ) ;
#882 = CARTESIAN_POINT ( 'NONE',  ( 2.049257301805408549, 0.3400000000000000244, -0.7854810429024891016 ) ) ;
#883 = LINE ( 'NONE', #3, #1940 ) ;
#884 = AXIS2_PLACEMENT_3D ( 'NONE', #292, #54, #536 ) ;
#885 =( NAMED_UNIT ( * ) SI_UNIT ( $, .STERADIAN. ) SOLID_ANGLE_UNIT ( ) );
#886 =( GEOMETRIC_REPRESENTATION_CONTEXT ( 3 ) GLOBAL_UNCERTAINTY_ASSIGNED_CONTEXT ( ( #1424 ) ) GLOBAL_UNIT_ASSIGNED_CONTEXT ( ( #273, #1625, #1165 ) ) REPRESENTATION_CONTEXT ( 'NONE', 'WORKASPACE' ) );
#887 = ORIENTED_EDGE ( 'NONE', *, *, #210, .T. ) ;
#888 = ORIENTED_EDGE ( 'NONE', *, *, #944, .T. ) ;
#889 = CARTESIAN_POINT ( 'NONE',  ( -0.8300160100379679884, 0.3200000000000000067, 0.6293305463606210237 ) ) ;
#890 = COLOUR_RGB ( '',0.8392156862745098200, 0.4470588235294117307, 0.3882352941176470673 ) ;
#891 = EDGE_LOOP ( 'NONE', ( #657, #2706, #1835, #1611 ) ) ;
#892 = CARTESIAN_POINT ( 'NONE',  ( -0.8300160100379676553, -1.694065894508600678E-18, 0.5493305463606208416 ) ) ;
#893 = CARTESIAN_POINT ( 'NONE',  ( 2.014110115547794955, 0.7800000000000002487, -0.7771967716550272076 ) ) ;
#894 = FACE_OUTER_BOUND ( 'NONE', #1014, .T. ) ;
#895 = LINE ( 'NONE', #1810, #526 ) ;
#896 = DIRECTION ( 'NONE',  ( -0.0000000000000000000, 1.000000000000000000, 0.0000000000000000000 ) ) ;
#897 = CARTESIAN_POINT ( 'NONE',  ( 2.082394386795256569, 0.3199999999999995071, -0.7254810429024888263 ) ) ;
#898 = PRODUCT_DEFINITION_SHAPE ( 'NONE', 'NONE',  #663 ) ;
#899 = CIRCLE ( 'NONE', #2522, 0.02000000000000005246 ) ;
#900 = CARTESIAN_POINT ( 'NONE',  ( -0.7399999999999999911, 0.3200000000000000067, 0.5300000000000001377 ) ) ;
#901 = VERTEX_POINT ( 'NONE', #580 ) ;
#902 = PRESENTATION_LAYER_ASSIGNMENT (  '', '', ( #1059 ) ) ;
#903 = ORIENTED_EDGE ( 'NONE', *, *, #2023, .T. ) ;
#904 = CARTESIAN_POINT ( 'NONE',  ( -0.7399999999999999911, 0.3200000000000000067, 0.4699999999999999178 ) ) ;
#905 = APPLICATION_PROTOCOL_DEFINITION ( 'draft international standard', 'automotive_design', 1998, #1333 ) ;
#906 = ORIENTED_EDGE ( 'NONE', *, *, #433, .T. ) ;
#907 = DIRECTION ( 'NONE',  ( -0.0000000000000000000, -1.000000000000000000, -0.0000000000000000000 ) ) ;
#908 = MANIFOLD_SOLID_BREP ( 'Imported1', #1588 ) ;
#909 = DIRECTION ( 'NONE',  ( 1.000000000000000000, -0.0000000000000000000, 0.0000000000000000000 ) ) ;
#910 = EDGE_LOOP ( 'NONE', ( #603, #2666, #1531, #1802 ) ) ;
#911 = LINE ( 'NONE', #1581, #1176 ) ;
#912 = EDGE_CURVE ( 'NONE', #2081, #51, #2428, .T. ) ;
#913 = CARTESIAN_POINT ( 'NONE',  ( 2.177055057773897850, 0.02000000000000000042, 0.5422594785487550029 ) ) ;
#914 = DIRECTION ( 'NONE',  ( -0.0000000000000000000, 0.0000000000000000000, 1.000000000000000000 ) ) ;
#915 = CARTESIAN_POINT ( 'NONE',  ( 2.082394386795256569, 0.3199999999999995071, -0.7654810429024888618 ) ) ;
#916 = DIRECTION ( 'NONE',  ( 1.000000000000000000, 0.0000000000000000000, 0.0000000000000000000 ) ) ;
#917 = SURFACE_SIDE_STYLE ('',( #1187 ) ) ;
#918 = ORIENTED_EDGE ( 'NONE', *, *, #47, .T. ) ;
#919 = COLOUR_RGB ( '',0.7529411764705882248, 0.7529411764705882248, 0.7529411764705882248 ) ;
#920 = ORIENTED_EDGE ( 'NONE', *, *, #341, .T. ) ;
#921 = FACE_BOUND ( 'NONE', #625, .T. ) ;
#922 = LINE ( 'NONE', #2240, #2254 ) ;
#923 = STYLED_ITEM ( 'NONE', ( #1083 ), #218 ) ;
#924 = MECHANICAL_DESIGN_GEOMETRIC_PRESENTATION_REPRESENTATION (  '', ( #58 ), #598 ) ;
#925 = ORIENTED_EDGE ( 'NONE', *, *, #2571, .T. ) ;
#926 = FACE_OUTER_BOUND ( 'NONE', #962, .T. ) ;
#927 = CIRCLE ( 'NONE', #59, 0.02000000000000005246 ) ;
#928 = VECTOR ( 'NONE', #616, 1000.000000000000000 ) ;
#929 = LINE ( 'NONE', #527, #1278 ) ;
#930 = DIRECTION ( 'NONE',  ( -1.000000000000000000, 0.0000000000000000000, 0.0000000000000000000 ) ) ;
#931 = STYLED_ITEM ( 'NONE', ( #212 ), #730 ) ;
#932 = LINE ( 'NONE', #1568, #355 ) ;
#933 = SURFACE_STYLE_FILL_AREA ( #1445 ) ;
#934 =( GEOMETRIC_REPRESENTATION_CONTEXT ( 3 ) GLOBAL_UNCERTAINTY_ASSIGNED_CONTEXT ( ( #1484 ) ) GLOBAL_UNIT_ASSIGNED_CONTEXT ( ( #2457, #188, #2400 ) ) REPRESENTATION_CONTEXT ( 'NONE', 'WORKASPACE' ) );
#935 = ADVANCED_FACE ( 'NONE', ( #2403 ), #753, .T. ) ;
#936 = AXIS2_PLACEMENT_3D ( 'NONE', #575, #361, #1481 ) ;
#937 = CARTESIAN_POINT ( 'NONE',  ( 2.099126125585763170, 0.02000000000000000042, -0.7198115892631089530 ) ) ;
#938 = VECTOR ( 'NONE', #231, 1000.000000000000000 ) ;
#939 = PLANE ( 'NONE',  #1928 ) ;
#940 = ORIENTED_EDGE ( 'NONE', *, *, #1113, .F. ) ;
#941 = DIRECTION ( 'NONE',  ( 0.0000000000000000000, 0.0000000000000000000, -1.000000000000000000 ) ) ;
#942 =( NAMED_UNIT ( * ) SI_UNIT ( $, .STERADIAN. ) SOLID_ANGLE_UNIT ( ) );
#943 = VECTOR ( 'NONE', #1092, 1000.000000000000000 ) ;
#944 = EDGE_CURVE ( 'NONE', #199, #2722, #2036, .T. ) ;
#945 = CARTESIAN_POINT ( 'NONE',  ( 2.099126125585763170, 0.1400000000000000688, -0.7198115892631089530 ) ) ;
#946 = ORIENTED_EDGE ( 'NONE', *, *, #1853, .F. ) ;
#947 = CARTESIAN_POINT ( 'NONE',  ( 2.184126125585763134, 0.0000000000000000000, -0.8848115892631099877 ) ) ;
#948 = CARTESIAN_POINT ( 'NONE',  ( -0.04501601003796701361, 0.02000000000000000042, 0.5422594785487548918 ) ) ;
#949 = CARTESIAN_POINT ( 'NONE',  ( 2.014110115547794955, 0.3199999999999995071, -0.7937653141499513287 ) ) ;
#950 =( BOUNDED_CURVE ( )  B_SPLINE_CURVE ( 3, ( #469, #667, #191, #1571 ),
 .UNSPECIFIED., .F., .T. ) 
 B_SPLINE_CURVE_WITH_KNOTS ( ( 4, 4 ),
 ( 0.0000000000000000000, 1.000000000000000000 ),
 .UNSPECIFIED. ) 
 CURVE ( )  GEOMETRIC_REPRESENTATION_ITEM ( )  RATIONAL_B_SPLINE_CURVE ( ( 1.000000000000000000, 0.8047378541243646044, 0.8047378541243646044, 1.000000000000000000 ) ) 
 REPRESENTATION_ITEM ( '' )  );
#951 = DIRECTION ( 'NONE',  ( 0.0000000000000000000, 0.0000000000000000000, 1.000000000000000000 ) ) ;
#952 = CARTESIAN_POINT ( 'NONE',  ( -0.8310160100379679893, 0.7800000000000001377, -0.7654810429024899721 ) ) ;
#953 = EDGE_CURVE ( 'NONE', #2827, #171, #448, .T. ) ;
#954 = LINE ( 'NONE', #2738, #407 ) ;
#955 =( LENGTH_UNIT ( ) NAMED_UNIT ( * ) SI_UNIT ( .MILLI., .METRE. ) );
#956 = EDGE_LOOP ( 'NONE', ( #731, #838, #685, #1593 ) ) ;
#957 = DIRECTION ( 'NONE',  ( -1.000000000000000000, 0.0000000000000000000, -0.0000000000000000000 ) ) ;
#958 = SHAPE_DEFINITION_REPRESENTATION ( #898, #851 ) ;
#959 = MECHANICAL_DESIGN_GEOMETRIC_PRESENTATION_REPRESENTATION (  '', ( #2472 ), #1569 ) ;
#960 = PRESENTATION_STYLE_ASSIGNMENT (( #1205 ) ) ;
#961 = PRESENTATION_LAYER_ASSIGNMENT (  '', '', ( #2228 ) ) ;
#962 = EDGE_LOOP ( 'NONE', ( #2769, #396, #2593, #142 ) ) ;
#963 = DIRECTION ( 'NONE',  ( 0.0000000000000000000, 1.000000000000000000, 0.0000000000000000000 ) ) ;
#964 = CARTESIAN_POINT ( 'NONE',  ( -0.8229449422261014835, 0.3200000000000000067, -0.7977405214512446330 ) ) ;
#965 = PRESENTATION_STYLE_ASSIGNMENT (( #2154 ) ) ;
#966 = FACE_OUTER_BOUND ( 'NONE', #2268, .T. ) ;
#967 = CARTESIAN_POINT ( 'NONE',  ( -0.6999999999999999556, 0.3200000000000000622, 0.5382842712474620317 ) ) ;
#968 = CARTESIAN_POINT ( 'NONE',  ( -0.7200000000000000844, 0.7600000000000000089, -0.7254810429023756946 ) ) ;
#969 = FACE_OUTER_BOUND ( 'NONE', #2498, .T. ) ;
#970 = SURFACE_STYLE_USAGE ( .BOTH. , #1850 ) ;
#971 = VECTOR ( 'NONE', #2612, 1000.000000000000000 ) ;
#972 = PRESENTATION_STYLE_ASSIGNMENT (( #2318 ) ) ;
#973 =( GEOMETRIC_REPRESENTATION_CONTEXT ( 3 ) GLOBAL_UNCERTAINTY_ASSIGNED_CONTEXT ( ( #162 ) ) GLOBAL_UNIT_ASSIGNED_CONTEXT ( ( #1993, #1302, #2489 ) ) REPRESENTATION_CONTEXT ( 'NONE', 'WORKASPACE' ) );
#974 = ORIENTED_EDGE ( 'NONE', *, *, #424, .F. ) ;
#975 = CARTESIAN_POINT ( 'NONE',  ( 2.014110115547794955, 0.7600000000000000089, 0.5300000000000001377 ) ) ;
#976 = DIRECTION ( 'NONE',  ( -0.7071067811865475727, 0.0000000000000000000, -0.7071067811865475727 ) ) ;
#977 =( LENGTH_UNIT ( ) NAMED_UNIT ( * ) SI_UNIT ( .MILLI., .METRE. ) );
#978 = CIRCLE ( 'NONE', #1346, 0.05999999999999994227 ) ;
#979 =( GEOMETRIC_REPRESENTATION_CONTEXT ( 3 ) GLOBAL_UNCERTAINTY_ASSIGNED_CONTEXT ( ( #1239 ) ) GLOBAL_UNIT_ASSIGNED_CONTEXT ( ( #1071, #2611, #2160 ) ) REPRESENTATION_CONTEXT ( 'NONE', 'WORKASPACE' ) );
#980 = EDGE_CURVE ( 'NONE', #1018, #688, #2699, .T. ) ;
#981 = CIRCLE ( 'NONE', #104, 0.08735771774662194622 ) ;
#982 = SURFACE_STYLE_FILL_AREA ( #570 ) ;
#983 = CARTESIAN_POINT ( 'NONE',  ( -0.7429449422261019675, 0.01999999999999999695, 0.6222594785487549629 ) ) ;
#984 = EDGE_CURVE ( 'NONE', #51, #173, #867, .T. ) ;
#985 = VECTOR ( 'NONE', #2533, 1000.000000000000000 ) ;
#986 = PRESENTATION_STYLE_ASSIGNMENT (( #2099 ) ) ;
#987 = SURFACE_STYLE_USAGE ( .BOTH. , #917 ) ;
#988 = COLOUR_RGB ( '',0.09803921568627450844, 0.09803921568627450844, 0.09803921568627450844 ) ;
#989 = PRESENTATION_LAYER_ASSIGNMENT (  '', '', ( #237 ) ) ;
#990 = LINE ( 'NONE', #1192, #2683 ) ;
#991 = LINE ( 'NONE', #1685, #1357 ) ;
#992 = AXIS2_PLACEMENT_3D ( 'NONE', #1406, #507, #1391 ) ;
#993 = VERTEX_POINT ( 'NONE', #2507 ) ;
#994 = CARTESIAN_POINT ( 'NONE',  ( -0.7500160100379680284, 0.02000000000000000042, 0.6293305463606210237 ) ) ;
#995 = DIRECTION ( 'NONE',  ( 0.0000000000000000000, 0.0000000000000000000, -1.000000000000000000 ) ) ;
#996 = EDGE_CURVE ( 'NONE', #2237, #184, #911, .T. ) ;
#997 = LINE ( 'NONE', #2776, #2068 ) ;
#998 = PRESENTATION_STYLE_ASSIGNMENT (( #2554 ) ) ;
#999 =( LENGTH_UNIT ( ) NAMED_UNIT ( * ) SI_UNIT ( .MILLI., .METRE. ) );
#1000 = VECTOR ( 'NONE', #930, 1000.000000000000000 ) ;
#1001 = ORIENTED_EDGE ( 'NONE', *, *, #205, .T. ) ;
#1002 = CARTESIAN_POINT ( 'NONE',  ( 2.054110115547794990, 0.7600000000000000089, -0.7254810429024891594 ) ) ;
#1003 =( NAMED_UNIT ( * ) SI_UNIT ( $, .STERADIAN. ) SOLID_ANGLE_UNIT ( ) );
#1004 = LINE ( 'NONE', #2346, #1405 ) ;
#1005 = PRESENTATION_LAYER_ASSIGNMENT (  '', '', ( #810 ) ) ;
#1006 = UNCERTAINTY_MEASURE_WITH_UNIT (LENGTH_MEASURE( 1.000000000000000082E-05 ), #125, 'distance_accuracy_value', 'NONE');
#1007 = ORIENTED_EDGE ( 'NONE', *, *, #2716, .T. ) ;
#1008 = CARTESIAN_POINT ( 'NONE',  ( 2.074110115547795008, 0.7717157287525380216, 0.4699999999999998623 ) ) ;
#1009 = AXIS2_PLACEMENT_3D ( 'NONE', #1621, #2531, #687 ) ;
#1010 = EDGE_CURVE ( 'NONE', #1957, #1998, #462, .T. ) ;
#1011 = CARTESIAN_POINT ( 'NONE',  ( -0.7282842712474618674, 0.3200000000000000622, 0.5099999999999998979 ) ) ;
#1012 = FILL_AREA_STYLE ('',( #582 ) ) ;
#1013 = CARTESIAN_POINT ( 'NONE',  ( -0.6629449422261020075, 0.02000000000000000389, -0.7977405214512447440 ) ) ;
#1014 = EDGE_LOOP ( 'NONE', ( #1358, #253, #644, #2625, #1053, #461, #1425, #2252, #2564, #1462 ) ) ;
#1015 = CARTESIAN_POINT ( 'NONE',  ( -0.8300160100379679884, 0.0000000000000000000, -0.7977405214512449660 ) ) ;
#1016 = PRESENTATION_STYLE_ASSIGNMENT (( #1792 ) ) ;
#1017 = EDGE_CURVE ( 'NONE', #1529, #1822, #693, .T. ) ;
#1018 = VERTEX_POINT ( 'NONE', #1327 ) ;
#1019 = MECHANICAL_DESIGN_GEOMETRIC_PRESENTATION_REPRESENTATION (  '', ( #825 ), #551 ) ;
#1020 = FILL_AREA_STYLE_COLOUR ( '', #1307 ) ;
#1021 = SURFACE_STYLE_FILL_AREA ( #138 ) ;
#1022 = DIRECTION ( 'NONE',  ( 0.0000000000000000000, 0.0000000000000000000, 1.000000000000000000 ) ) ;
#1023 = CARTESIAN_POINT ( 'NONE',  ( -0.7200000000000000844, 0.7600000000000000089, -0.7606282291601030865 ) ) ;
#1024 =( NAMED_UNIT ( * ) SI_UNIT ( $, .STERADIAN. ) SOLID_ANGLE_UNIT ( ) );
#1025 =( GEOMETRIC_REPRESENTATION_CONTEXT ( 3 ) GLOBAL_UNCERTAINTY_ASSIGNED_CONTEXT ( ( #2388 ) ) GLOBAL_UNIT_ASSIGNED_CONTEXT ( ( #61, #1650, #1869 ) ) REPRESENTATION_CONTEXT ( 'NONE', 'WORKASPACE' ) );
#1026 = LINE ( 'NONE', #1045, #971 ) ;
#1027 = VECTOR ( 'NONE', #2620, 1000.000000000000000 ) ;
#1028 = CIRCLE ( 'NONE', #1458, 0.08735771774662204336 ) ;
#1029 = CARTESIAN_POINT ( 'NONE',  ( -0.7000000000000000666, 0.7800000000000001377, 0.4700000000000000289 ) ) ;
#1030 = AXIS2_PLACEMENT_3D ( 'NONE', #2132, #15, #1048 ) ;
#1031 = ORIENTED_EDGE ( 'NONE', *, *, #713, .F. ) ;
#1032 = CARTESIAN_POINT ( 'NONE',  ( -0.8300160100379679884, 0.1400000000000000133, -0.8048115892631101387 ) ) ;
#1033 = ADVANCED_FACE ( 'NONE', ( #926 ), #2262, .T. ) ;
#1034 = CARTESIAN_POINT ( 'NONE',  ( -0.7199999999999999734, 0.3400000000000000244, 0.4699999999999999734 ) ) ;
#1035 = AXIS2_PLACEMENT_3D ( 'NONE', #2695, #1578, #2726 ) ;
#1036 = STYLED_ITEM ( 'NONE', ( #2841 ), #881 ) ;
#1037 = SURFACE_STYLE_FILL_AREA ( #2858 ) ;
#1038 = FILL_AREA_STYLE_COLOUR ( '', #2785 ) ;
#1039 = UNCERTAINTY_MEASURE_WITH_UNIT (LENGTH_MEASURE( 1.000000000000000082E-05 ), #2067, 'distance_accuracy_value', 'NONE');
#1040 = ORIENTED_EDGE ( 'NONE', *, *, #109, .F. ) ;
#1041 = SURFACE_SIDE_STYLE ('',( #775 ) ) ;
#1042 = EDGE_CURVE ( 'NONE', #1784, #251, #630, .T. ) ;
#1043 = CARTESIAN_POINT ( 'NONE',  ( -0.7450160100379670247, 0.02000000000000000042, 0.4643305463606199890 ) ) ;
#1044 = CARTESIAN_POINT ( 'NONE',  ( 2.014110115547794955, 0.7600000000000000089, -0.7854810429024892127 ) ) ;
#1045 = CARTESIAN_POINT ( 'NONE',  ( 2.094110115547947792, 0.3199999999999999512, -0.1277405214512446208 ) ) ;
#1046 = DIRECTION ( 'NONE',  ( 0.0000000000000000000, 0.0000000000000000000, 1.000000000000000000 ) ) ;
#1047 = ORIENTED_EDGE ( 'NONE', *, *, #1010, .F. ) ;
#1048 = DIRECTION ( 'NONE',  ( 0.0000000000000000000, 0.0000000000000000000, -1.000000000000000000 ) ) ;
#1049 = AXIS2_PLACEMENT_3D ( 'NONE', #141, #1953, #2656 ) ;
#1050 = EDGE_CURVE ( 'NONE', #1161, #993, #1028, .T. ) ;
#1051 = CARTESIAN_POINT ( 'NONE',  ( 2.097055057773898223, 0.3200000000000000067, 0.6222594785487550739 ) ) ;
#1052 = CARTESIAN_POINT ( 'NONE',  ( -0.6999999999999999556, 0.7800000000000001377, -0.8858115892631099886 ) ) ;
#1053 = ORIENTED_EDGE ( 'NONE', *, *, #584, .T. ) ;
#1054 = DIRECTION ( 'NONE',  ( -1.000000000000000000, -0.0000000000000000000, -0.0000000000000000000 ) ) ;
#1055 = FILL_AREA_STYLE_COLOUR ( '', #890 ) ;
#1056 = CARTESIAN_POINT ( 'NONE',  ( -0.8229449422261015945, 0.1400000000000000133, -0.7977405214512446330 ) ) ;
#1057 = MECHANICAL_DESIGN_GEOMETRIC_PRESENTATION_REPRESENTATION (  '', ( #84 ), #2572 ) ;
#1058 = PRESENTATION_LAYER_ASSIGNMENT (  '', '', ( #1330 ) ) ;
#1059 = STYLED_ITEM ( 'NONE', ( #1962 ), #2908 ) ;
#1060 = FILL_AREA_STYLE ('',( #2598 ) ) ;
#1061 = UNCERTAINTY_MEASURE_WITH_UNIT (LENGTH_MEASURE( 1.000000000000000082E-05 ), #807, 'distance_accuracy_value', 'NONE');
#1062 = PRESENTATION_STYLE_ASSIGNMENT (( #2430 ) ) ;
#1063 = ORIENTED_EDGE ( 'NONE', *, *, #2250, .T. ) ;
#1064 = ORIENTED_EDGE ( 'NONE', *, *, #1813, .F. ) ;
#1065 =( BOUNDED_SURFACE ( )  B_SPLINE_SURFACE ( 3, 3, ( 
 ( #1661, #1410, #540, #2355 ),
 ( #340, #1236, #2128, #295 ),
 ( #126, #967, #1011, #1910 ),
 ( #2825, #1430, #2310, #2324 ) ),
 .UNSPECIFIED., .F., .F., .F. ) 
 B_SPLINE_SURFACE_WITH_KNOTS ( ( 4, 4 ),
 ( 4, 4 ),
 ( 0.0000000000000000000, 1.000000000000000000 ),
 ( 0.0000000000000000000, 1.000000000000000000 ),
 .UNSPECIFIED. ) 
 GEOMETRIC_REPRESENTATION_ITEM ( )  RATIONAL_B_SPLINE_SURFACE ( (
 ( 1.000000000000000000, 0.8047378541243649375, 0.8047378541243649375, 1.000000000000000000),
 ( 0.8047378541243649375, 0.6476030138606876374, 0.6476030138606876374, 0.8047378541243649375),
 ( 0.8047378541243649375, 0.6476030138606876374, 0.6476030138606876374, 0.8047378541243649375),
 ( 1.000000000000000000, 0.8047378541243649375, 0.8047378541243649375, 1.000000000000000000) ) ) 
 REPRESENTATION_ITEM ( '' )  SURFACE ( )  );
#1066 = UNCERTAINTY_MEASURE_WITH_UNIT (LENGTH_MEASURE( 1.000000000000000082E-05 ), #2504, 'distance_accuracy_value', 'NONE');
#1067 = ORIENTED_EDGE ( 'NONE', *, *, #2735, .F. ) ;
#1068 = DIRECTION ( 'NONE',  ( -0.7071067811865472397, 0.0000000000000000000, -0.7071067811865477948 ) ) ;
#1069 = EDGE_CURVE ( 'NONE', #1995, #1590, #1873, .T. ) ;
#1070 = SURFACE_STYLE_FILL_AREA ( #2865 ) ;
#1071 =( LENGTH_UNIT ( ) NAMED_UNIT ( * ) SI_UNIT ( .MILLI., .METRE. ) );
#1072 = SURFACE_STYLE_USAGE ( .BOTH. , #178 ) ;
#1073 = AXIS2_PLACEMENT_3D ( 'NONE', #2895, #1314, #1527 ) ;
#1074 =( LENGTH_UNIT ( ) NAMED_UNIT ( * ) SI_UNIT ( .MILLI., .METRE. ) );
#1075 = ADVANCED_FACE ( 'NONE', ( #548 ), #732, .F. ) ;
#1076 = ORIENTED_EDGE ( 'NONE', *, *, #281, .T. ) ;
#1077 = COLOUR_RGB ( '',0.09803921568627450844, 0.09803921568627450844, 0.09803921568627450844 ) ;
#1078 = AXIS2_PLACEMENT_3D ( 'NONE', #420, #228, #1138 ) ;
#1079 = VECTOR ( 'NONE', #360, 1000.000000000000000 ) ;
#1080 = CARTESIAN_POINT ( 'NONE',  ( 1.399126125585762992, 0.0000000000000000000, 0.6293305463606210237 ) ) ;
#1081 =( GEOMETRIC_REPRESENTATION_CONTEXT ( 3 ) GLOBAL_UNCERTAINTY_ASSIGNED_CONTEXT ( ( #1554 ) ) GLOBAL_UNIT_ASSIGNED_CONTEXT ( ( #300, #2516, #285 ) ) REPRESENTATION_CONTEXT ( 'NONE', 'WORKASPACE' ) );
#1082 = ORIENTED_EDGE ( 'NONE', *, *, #1232, .F. ) ;
#1083 = PRESENTATION_STYLE_ASSIGNMENT (( #180 ) ) ;
#1084 = PRESENTATION_LAYER_ASSIGNMENT (  '', '', ( #696 ) ) ;
#1085 = VECTOR ( 'NONE', #288, 1000.000000000000000 ) ;
#1086 = EDGE_LOOP ( 'NONE', ( #364, #2519, #2741, #865 ) ) ;
#1087 =( LENGTH_UNIT ( ) NAMED_UNIT ( * ) SI_UNIT ( .MILLI., .METRE. ) );
#1088 = PRESENTATION_LAYER_ASSIGNMENT (  '', '', ( #700 ) ) ;
#1089 = LINE ( 'NONE', #1721, #670 ) ;
#1090 = CARTESIAN_POINT ( 'NONE',  ( -0.6951471862576142913, 0.7599999999999998979, 0.5300000000000000266 ) ) ;
#1091 = EDGE_CURVE ( 'NONE', #2721, #1995, #291, .T. ) ;
#1092 = DIRECTION ( 'NONE',  ( -1.000000000000000000, -0.0000000000000000000, -0.0000000000000000000 ) ) ;
#1093 = CIRCLE ( 'NONE', #992, 0.07999999999999998779 ) ;
#1094 = CARTESIAN_POINT ( 'NONE',  ( 2.184126125585763578, 0.02000000000000000042, -0.8048115892631095836 ) ) ;
#1095 = EDGE_LOOP ( 'NONE', ( #2615, #2193, #2487, #2208 ) ) ;
#1096 = AXIS2_PLACEMENT_3D ( 'NONE', #605, #995, #1893 ) ;
#1097 = CARTESIAN_POINT ( 'NONE',  ( 2.184126125585763578, 0.0000000000000000000, -0.8048115892631098056 ) ) ;
#1098 = ORIENTED_EDGE ( 'NONE', *, *, #2559, .F. ) ;
#1099 = DIRECTION ( 'NONE',  ( 0.0000000000000000000, 0.0000000000000000000, -1.000000000000000000 ) ) ;
#1100 = UNCERTAINTY_MEASURE_WITH_UNIT (LENGTH_MEASURE( 1.000000000000000082E-05 ), #2698, 'distance_accuracy_value', 'NONE');
#1101 = ORIENTED_EDGE ( 'NONE', *, *, #281, .F. ) ;
#1102 = DIRECTION ( 'NONE',  ( 0.7071067811865479058, 0.0000000000000000000, 0.7071067811865470176 ) ) ;
#1103 = CARTESIAN_POINT ( 'NONE',  ( 2.099126125585763170, 0.02000000000000000042, -0.7198115892631089530 ) ) ;
#1104 = CARTESIAN_POINT ( 'NONE',  ( -0.7393273716016892649, 0.3200000000000000067, 0.5143086183213531060 ) ) ;
#1105 = SURFACE_SIDE_STYLE ('',( #230 ) ) ;
#1106 = CARTESIAN_POINT ( 'NONE',  ( 0.6770550577738974063, 0.3400000000000000244, -0.7854810429024899898 ) ) ;
#1107 = ADVANCED_FACE ( 'NONE', ( #749 ), #643, .T. ) ;
#1108 = VECTOR ( 'NONE', #1334, 1000.000000000000000 ) ;
#1109 = VERTEX_POINT ( 'NONE', #102 ) ;
#1110 = VECTOR ( 'NONE', #1829, 1000.000000000000000 ) ;
#1111 = ORIENTED_EDGE ( 'NONE', *, *, #1127, .T. ) ;
#1112 = ORIENTED_EDGE ( 'NONE', *, *, #1251, .T. ) ;
#1113 = EDGE_CURVE ( 'NONE', #688, #1917, #1185, .T. ) ;
#1114 = FILL_AREA_STYLE_COLOUR ( '', #1077 ) ;
#1115 = ORIENTED_EDGE ( 'NONE', *, *, #449, .F. ) ;
#1116 = DIRECTION ( 'NONE',  ( 0.0000000000000000000, 0.0000000000000000000, -1.000000000000000000 ) ) ;
#1117 = EDGE_CURVE ( 'NONE', #793, #2506, #555, .T. ) ;
#1118 = FILL_AREA_STYLE ('',( #1623 ) ) ;
#1119 =( LENGTH_UNIT ( ) NAMED_UNIT ( * ) SI_UNIT ( .MILLI., .METRE. ) );
#1120 = CARTESIAN_POINT ( 'NONE',  ( -0.6834314575050762786, 0.7800000000000000266, 0.5100000000000001199 ) ) ;
#1121 = CARTESIAN_POINT ( 'NONE',  ( -0.8300160100379679884, 0.0000000000000000000, 0.5493305463606209527 ) ) ;
#1122 = CARTESIAN_POINT ( 'NONE',  ( -0.6951471862576142913, 0.7717157287525380216, -0.7854810429024889906 ) ) ;
#1123 = AXIS2_PLACEMENT_3D ( 'NONE', #2867, #1252, #2584 ) ;
#1124 = DIRECTION ( 'NONE',  ( 0.7071067811865746622, 0.0000000000000000000, -0.7071067811865204833 ) ) ;
#1125 = VECTOR ( 'NONE', #2540, 1000.000000000000000 ) ;
#1126 = SURFACE_STYLE_USAGE ( .BOTH. , #2232 ) ;
#1127 = EDGE_CURVE ( 'NONE', #199, #2191, #642, .T. ) ;
#1128 = VERTEX_POINT ( 'NONE', #2767 ) ;
#1129 = PRESENTATION_LAYER_ASSIGNMENT (  '', '', ( #923 ) ) ;
#1130 = VERTEX_POINT ( 'NONE', #1662 ) ;
#1131 = MECHANICAL_DESIGN_GEOMETRIC_PRESENTATION_REPRESENTATION (  '', ( #2401 ), #2348 ) ;
#1132 = ORIENTED_EDGE ( 'NONE', *, *, #187, .F. ) ;
#1133 = DIRECTION ( 'NONE',  ( 0.0000000000000000000, 1.000000000000000000, 0.0000000000000000000 ) ) ;
#1134 = CARTESIAN_POINT ( 'NONE',  ( 2.074110115547795896, 0.3400000000000000244, 0.4699999999995462807 ) ) ;
#1135 = COLOUR_RGB ( '',0.8980392156862745390, 0.8980392156862745390, 0.8980392156862745390 ) ;
#1136 = PRESENTATION_STYLE_ASSIGNMENT (( #93 ) ) ;
#1137 = PRESENTATION_LAYER_ASSIGNMENT (  '', '', ( #651 ) ) ;
#1138 = DIRECTION ( 'NONE',  ( 0.0000000000000000000, 0.0000000000000000000, -1.000000000000000000 ) ) ;
#1139 = LINE ( 'NONE', #2718, #1931 ) ;
#1140 =( NAMED_UNIT ( * ) SI_UNIT ( $, .STERADIAN. ) SOLID_ANGLE_UNIT ( ) );
#1141 = LINE ( 'NONE', #2719, #1559 ) ;
#1142 = SURFACE_SIDE_STYLE ('',( #2497 ) ) ;
#1143 = ORIENTED_EDGE ( 'NONE', *, *, #140, .T. ) ;
#1144 = ORIENTED_EDGE ( 'NONE', *, *, #666, .F. ) ;
#1145 = FILL_AREA_STYLE ('',( #1114 ) ) ;
#1146 = FILL_AREA_STYLE_COLOUR ( '', #2526 ) ;
#1147 = ADVANCED_FACE ( 'NONE', ( #723 ), #2780, .F. ) ;
#1148 = ORIENTED_EDGE ( 'NONE', *, *, #210, .F. ) ;
#1149 = DIRECTION ( 'NONE',  ( 0.7071067811865484609, 0.0000000000000000000, -0.7071067811865465735 ) ) ;
#1150 = DIRECTION ( 'NONE',  ( -1.000000000000000000, -0.0000000000000000000, -0.0000000000000000000 ) ) ;
#1151 = FILL_AREA_STYLE ('',( #876 ) ) ;
#1152 = ORIENTED_EDGE ( 'NONE', *, *, #287, .F. ) ;
#1153 = CARTESIAN_POINT ( 'NONE',  ( -0.7399999999999999911, 0.3200000000000000067, 0.4699999999999999178 ) ) ;
#1154 = DIRECTION ( 'NONE',  ( 0.0000000000000000000, 0.0000000000000000000, -1.000000000000000000 ) ) ;
#1155 = LINE ( 'NONE', #2084, #1000 ) ;
#1156 = CARTESIAN_POINT ( 'NONE',  ( 2.049257301805408549, 0.3282842712474615676, -0.7854810429024889906 ) ) ;
#1157 = VECTOR ( 'NONE', #2379, 1000.000000000000000 ) ;
#1158 = LINE ( 'NONE', #2054, #624 ) ;
#1159 = FILL_AREA_STYLE_COLOUR ( '', #1778 ) ;
#1160 = VERTEX_POINT ( 'NONE', #2311 ) ;
#1161 = VERTEX_POINT ( 'NONE', #296 ) ;
#1162 = FILL_AREA_STYLE_COLOUR ( '', #740 ) ;
#1163 = ORIENTED_EDGE ( 'NONE', *, *, #681, .T. ) ;
#1164 = DIRECTION ( 'NONE',  ( 0.7071067811865432429, 0.0000000000000000000, 0.7071067811865517916 ) ) ;
#1165 =( NAMED_UNIT ( * ) SI_UNIT ( $, .STERADIAN. ) SOLID_ANGLE_UNIT ( ) );
#1166 = ADVANCED_FACE ( 'NONE', ( #2555 ), #1883, .T. ) ;
#1167 = CARTESIAN_POINT ( 'NONE',  ( 2.094110115547795470, 0.3200000000000000067, -0.7723439579126416543 ) ) ;
#1168 = EDGE_CURVE ( 'NONE', #1620, #303, #1616, .T. ) ;
#1169 = CARTESIAN_POINT ( 'NONE',  ( 2.017055057773896820, 0.02000000000000000042, 0.5422594785487548918 ) ) ;
#1170 = FILL_AREA_STYLE ('',( #1383 ) ) ;
#1171 = EDGE_LOOP ( 'NONE', ( #1304, #806, #2756, #1397 ) ) ;
#1172 = STYLED_ITEM ( 'NONE', ( #1653 ), #240 ) ;
#1173 =( NAMED_UNIT ( * ) PLANE_ANGLE_UNIT ( ) SI_UNIT ( $, .RADIAN. ) );
#1174 = DIRECTION ( 'NONE',  ( 0.0000000000000000000, 0.0000000000000000000, 1.000000000000000000 ) ) ;
#1175 = AXIS2_PLACEMENT_3D ( 'NONE', #2651, #164, #1068 ) ;
#1176 = VECTOR ( 'NONE', #481, 1000.000000000000000 ) ;
#1177 = ORIENTED_EDGE ( 'NONE', *, *, #2571, .F. ) ;
#1178 = DIRECTION ( 'NONE',  ( -0.7071067811865484609, 0.0000000000000000000, 0.7071067811865465735 ) ) ;
#1179 = AXIS2_PLACEMENT_3D ( 'NONE', #478, #845, #2711 ) ;
#1180 = FACE_OUTER_BOUND ( 'NONE', #1171, .T. ) ;
#1181 = CARTESIAN_POINT ( 'NONE',  ( -0.8300160100379674333, 0.02000000000000000042, 0.5493305463606205086 ) ) ;
#1182 =( GEOMETRIC_REPRESENTATION_CONTEXT ( 3 ) GLOBAL_UNCERTAINTY_ASSIGNED_CONTEXT ( ( #2303 ) ) GLOBAL_UNIT_ASSIGNED_CONTEXT ( ( #487, #314, #1670 ) ) REPRESENTATION_CONTEXT ( 'NONE', 'WORKASPACE' ) );
#1183 = EDGE_CURVE ( 'NONE', #1018, #266, #780, .T. ) ;
#1184 = SURFACE_STYLE_FILL_AREA ( #1844 ) ;
#1185 = LINE ( 'NONE', #983, #278 ) ;
#1186 =( GEOMETRIC_REPRESENTATION_CONTEXT ( 3 ) GLOBAL_UNCERTAINTY_ASSIGNED_CONTEXT ( ( #1453 ) ) GLOBAL_UNIT_ASSIGNED_CONTEXT ( ( #2542, #1227, #2801 ) ) REPRESENTATION_CONTEXT ( 'NONE', 'WORKASPACE' ) );
#1187 = SURFACE_STYLE_FILL_AREA ( #1416 ) ;
#1188 = ORIENTED_EDGE ( 'NONE', *, *, #92, .T. ) ;
#1189 = DIRECTION ( 'NONE',  ( 0.7071067811865471286, 0.0000000000000000000, 0.7071067811865479058 ) ) ;
#1190 =( NAMED_UNIT ( * ) SI_UNIT ( $, .STERADIAN. ) SOLID_ANGLE_UNIT ( ) );
#1191 = COLOUR_RGB ( '',0.7529411764705882248, 0.7529411764705882248, 0.7529411764705882248 ) ;
#1192 = CARTESIAN_POINT ( 'NONE',  ( 2.097055057773897779, 0.1700000000000000122, -0.8777405214512450371 ) ) ;
#1193 = UNCERTAINTY_MEASURE_WITH_UNIT (LENGTH_MEASURE( 1.000000000000000082E-05 ), #2473, 'distance_accuracy_value', 'NONE');
#1194 = ORIENTED_EDGE ( 'NONE', *, *, #608, .T. ) ;
#1195 = PRESENTATION_STYLE_ASSIGNMENT (( #2520 ) ) ;
#1196 = CARTESIAN_POINT ( 'NONE',  ( 2.017055057773896820, 0.0000000000000000000, -0.7977405214512448550 ) ) ;
#1197 = PRESENTATION_STYLE_ASSIGNMENT (( #1443 ) ) ;
#1198 = FILL_AREA_STYLE_COLOUR ( '', #1135 ) ;
#1199 = SURFACE_SIDE_STYLE ('',( #933 ) ) ;
#1200 = FILL_AREA_STYLE ('',( #235 ) ) ;
#1201 = SURFACE_STYLE_USAGE ( .BOTH. , #297 ) ;
#1202 = FILL_AREA_STYLE ('',( #2101 ) ) ;
#1203 =( NAMED_UNIT ( * ) SI_UNIT ( $, .STERADIAN. ) SOLID_ANGLE_UNIT ( ) );
#1204 = EDGE_CURVE ( 'NONE', #369, #2076, #2627, .T. ) ;
#1205 = SURFACE_STYLE_USAGE ( .BOTH. , #759 ) ;
#1206 = VERTEX_POINT ( 'NONE', #154 ) ;
#1207 = CARTESIAN_POINT ( 'NONE',  ( -0.8229449422261020386, 0.3200000000000000067, -0.7977405214512449660 ) ) ;
#1208 = EDGE_CURVE ( 'NONE', #2815, #1109, #128, .T. ) ;
#1209 = FILL_AREA_STYLE_COLOUR ( '', #2599 ) ;
#1210 =( NAMED_UNIT ( * ) PLANE_ANGLE_UNIT ( ) SI_UNIT ( $, .RADIAN. ) );
#1211 = CARTESIAN_POINT ( 'NONE',  ( -0.8300160100379679884, 0.02000000000000000042, -0.6293305463606210237 ) ) ;
#1212 = DIRECTION ( 'NONE',  ( -0.0000000000000000000, 1.000000000000000000, -0.0000000000000000000 ) ) ;
#1213 = EDGE_CURVE ( 'NONE', #1160, #2418, #383, .T. ) ;
#1214 = CARTESIAN_POINT ( 'NONE',  ( -0.6600000000000000311, 0.7600000000000000089, 0.5300000000000001377 ) ) ;
#1215 =( LENGTH_UNIT ( ) NAMED_UNIT ( * ) SI_UNIT ( .MILLI., .METRE. ) );
#1216 = AXIS2_PLACEMENT_3D ( 'NONE', #1712, #1939, #2853 ) ;
#1217 = UNCERTAINTY_MEASURE_WITH_UNIT (LENGTH_MEASURE( 1.000000000000000082E-05 ), #1300, 'distance_accuracy_value', 'NONE');
#1218 = ORIENTED_EDGE ( 'NONE', *, *, #516, .F. ) ;
#1219 = VECTOR ( 'NONE', #963, 1000.000000000000000 ) ;
#1220 =( GEOMETRIC_REPRESENTATION_CONTEXT ( 3 ) GLOBAL_UNCERTAINTY_ASSIGNED_CONTEXT ( ( #1100 ) ) GLOBAL_UNIT_ASSIGNED_CONTEXT ( ( #2698, #2104, #1203 ) ) REPRESENTATION_CONTEXT ( 'NONE', 'WORKASPACE' ) );
#1221 = FACE_OUTER_BOUND ( 'NONE', #1366, .T. ) ;
#1222 = SURFACE_STYLE_USAGE ( .BOTH. , #1461 ) ;
#1223 = CARTESIAN_POINT ( 'NONE',  ( 2.074110115547795008, 0.7600000000000000089, 0.4699999999999999178 ) ) ;
#1224 = AXIS2_PLACEMENT_3D ( 'NONE', #747, #523, #2092 ) ;
#1225 = VECTOR ( 'NONE', #1150, 1000.000000000000000 ) ;
#1226 = ORIENTED_EDGE ( 'NONE', *, *, #1329, .T. ) ;
#1227 =( NAMED_UNIT ( * ) PLANE_ANGLE_UNIT ( ) SI_UNIT ( $, .RADIAN. ) );
#1228 =( LENGTH_UNIT ( ) NAMED_UNIT ( * ) SI_UNIT ( .MILLI., .METRE. ) );
#1229 =( GEOMETRIC_REPRESENTATION_CONTEXT ( 3 ) GLOBAL_UNCERTAINTY_ASSIGNED_CONTEXT ( ( #1247 ) ) GLOBAL_UNIT_ASSIGNED_CONTEXT ( ( #2367, #1692, #2338 ) ) REPRESENTATION_CONTEXT ( 'NONE', 'WORKASPACE' ) );
#1230 = FACE_OUTER_BOUND ( 'NONE', #75, .T. ) ;
#1231 = VECTOR ( 'NONE', #2073, 1000.000000000000000 ) ;
#1232 = EDGE_CURVE ( 'NONE', #571, #1784, #1733, .T. ) ;
#1233 = ORIENTED_EDGE ( 'NONE', *, *, #334, .T. ) ;
#1234 = CARTESIAN_POINT ( 'NONE',  ( -0.7429449422261021896, 0.1400000000000000133, -0.8777405214512445930 ) ) ;
#1235 = CYLINDRICAL_SURFACE ( 'NONE', #522, 0.07999999999999998779 ) ;
#1236 = CARTESIAN_POINT ( 'NONE',  ( -0.6951471862576142913, 0.3282842712474618452, 0.5299999999999999156 ) ) ;
#1237 = CARTESIAN_POINT ( 'NONE',  ( -0.8300160100379679884, 0.0000000000000000000, 0.5422594785487550029 ) ) ;
#1238 = COLOUR_RGB ( '',0.09803921568627450844, 0.09803921568627450844, 0.09803921568627450844 ) ;
#1239 = UNCERTAINTY_MEASURE_WITH_UNIT (LENGTH_MEASURE( 1.000000000000000082E-05 ), #1071, 'distance_accuracy_value', 'NONE');
#1240 = FILL_AREA_STYLE_COLOUR ( '', #2606 ) ;
#1241 = ORIENTED_EDGE ( 'NONE', *, *, #1556, .F. ) ;
#1242 = DIRECTION ( 'NONE',  ( -1.000000000000000000, 0.0000000000000000000, 0.0000000000000000000 ) ) ;
#1243 = DIRECTION ( 'NONE',  ( -1.000000000000000000, 0.0000000000000000000, 0.0000000000000000000 ) ) ;
#1244 =( NAMED_UNIT ( * ) SI_UNIT ( $, .STERADIAN. ) SOLID_ANGLE_UNIT ( ) );
#1245 =( GEOMETRIC_REPRESENTATION_CONTEXT ( 3 ) GLOBAL_UNCERTAINTY_ASSIGNED_CONTEXT ( ( #2905 ) ) GLOBAL_UNIT_ASSIGNED_CONTEXT ( ( #1997, #1782, #864 ) ) REPRESENTATION_CONTEXT ( 'NONE', 'WORKASPACE' ) );
#1246 = MECHANICAL_DESIGN_GEOMETRIC_PRESENTATION_REPRESENTATION (  '', ( #1762 ), #2225 ) ;
#1247 = UNCERTAINTY_MEASURE_WITH_UNIT (LENGTH_MEASURE( 1.000000000000000082E-05 ), #2367, 'distance_accuracy_value', 'NONE');
#1248 = ORIENTED_EDGE ( 'NONE', *, *, #2810, .T. ) ;
#1249 = SURFACE_STYLE_USAGE ( .BOTH. , #1746 ) ;
#1250 = DIRECTION ( 'NONE',  ( 0.0000000000000000000, 0.0000000000000000000, -1.000000000000000000 ) ) ;
#1251 = EDGE_CURVE ( 'NONE', #1206, #1128, #1026, .T. ) ;
#1252 = DIRECTION ( 'NONE',  ( 0.0000000000000000000, 0.0000000000000000000, -1.000000000000000000 ) ) ;
#1253 = CARTESIAN_POINT ( 'NONE',  ( -0.05550800501898400796, 0.7600000000000000089, 0.5100000000000000089 ) ) ;
#1254 = ORIENTED_EDGE ( 'NONE', *, *, #853, .T. ) ;
#1255 = SURFACE_SIDE_STYLE ('',( #1478 ) ) ;
#1256 =( NAMED_UNIT ( * ) SI_UNIT ( $, .STERADIAN. ) SOLID_ANGLE_UNIT ( ) );
#1257 = EDGE_CURVE ( 'NONE', #390, #171, #634, .T. ) ;
#1258 = DIRECTION ( 'NONE',  ( 0.0000000000000000000, 0.0000000000000000000, -1.000000000000000000 ) ) ;
#1259 = EDGE_LOOP ( 'NONE', ( #2176, #852, #2025, #1948, #6, #1832 ) ) ;
#1260 = AXIS2_PLACEMENT_3D ( 'NONE', #2281, #738, #1412 ) ;
#1261 = SURFACE_STYLE_USAGE ( .BOTH. , #1041 ) ;
#1262 = FILL_AREA_STYLE ('',( #1920 ) ) ;
#1263 = FILL_AREA_STYLE_COLOUR ( '', #581 ) ;
#1264 = SURFACE_STYLE_USAGE ( .BOTH. , #1963 ) ;
#1265 = DIRECTION ( 'NONE',  ( -1.000000000000000000, 0.0000000000000000000, 0.0000000000000000000 ) ) ;
#1266 = VECTOR ( 'NONE', #1164, 1000.000000000000000 ) ;
#1267 = EDGE_CURVE ( 'NONE', #1529, #359, #1281, .T. ) ;
#1268 = AXIS2_PLACEMENT_3D ( 'NONE', #1728, #2629, #1258 ) ;
#1269 = VECTOR ( 'NONE', #1795, 1000.000000000000000 ) ;
#1270 = ORIENTED_EDGE ( 'NONE', *, *, #1725, .F. ) ;
#1271 = PRESENTATION_LAYER_ASSIGNMENT (  '', '', ( #931 ) ) ;
#1272 = CYLINDRICAL_SURFACE ( 'NONE', #1404, 0.05999999999999999778 ) ;
#1273 = PLANE ( 'NONE',  #2616 ) ;
#1274 = DIRECTION ( 'NONE',  ( 0.0000000000000000000, -1.000000000000000000, 0.0000000000000000000 ) ) ;
#1275 = UNCERTAINTY_MEASURE_WITH_UNIT (LENGTH_MEASURE( 1.000000000000000082E-05 ), #695, 'distance_accuracy_value', 'NONE');
#1276 = EDGE_LOOP ( 'NONE', ( #38, #2544, #2650, #2657 ) ) ;
#1277 = CARTESIAN_POINT ( 'NONE',  ( 2.054110115547794990, 0.7800000000000000266, -0.7489125004075650738 ) ) ;
#1278 = VECTOR ( 'NONE', #1842, 1000.000000000000000 ) ;
#1279 = CARTESIAN_POINT ( 'NONE',  ( 2.074110115547794564, 0.7600000000000000089, -0.7606282291601030865 ) ) ;
#1280 = DIRECTION ( 'NONE',  ( -0.7071067811865474617, 0.0000000000000000000, 0.7071067811865474617 ) ) ;
#1281 = LINE ( 'NONE', #1237, #2291 ) ;
#1282 = SURFACE_STYLE_FILL_AREA ( #385 ) ;
#1283 = VERTEX_POINT ( 'NONE', #1678 ) ;
#1284 = DIRECTION ( 'NONE',  ( -0.0000000000000000000, -1.000000000000000000, -0.0000000000000000000 ) ) ;
#1285 = ADVANCED_FACE ( 'NONE', ( #800 ), #2129, .T. ) ;
#1286 = PLANE ( 'NONE',  #1268 ) ;
#1287 = EDGE_LOOP ( 'NONE', ( #556, #2514, #1040, #819 ) ) ;
#1288 = PRESENTATION_STYLE_ASSIGNMENT (( #1249 ) ) ;
#1289 = FILL_AREA_STYLE_COLOUR ( '', #2886 ) ;
#1290 = ADVANCED_FACE ( 'NONE', ( #811 ), #2187, .F. ) ;
#1291 =( LENGTH_UNIT ( ) NAMED_UNIT ( * ) SI_UNIT ( .MILLI., .METRE. ) );
#1292 = ORIENTED_EDGE ( 'NONE', *, *, #2080, .T. ) ;
#1293 = PRESENTATION_STYLE_ASSIGNMENT (( #1126 ) ) ;
#1294 = FILL_AREA_STYLE ('',( #2382 ) ) ;
#1295 = EDGE_CURVE ( 'NONE', #173, #2669, #403, .T. ) ;
#1296 = UNCERTAINTY_MEASURE_WITH_UNIT (LENGTH_MEASURE( 1.000000000000000082E-05 ), #1671, 'distance_accuracy_value', 'NONE');
#1297 = ORIENTED_EDGE ( 'NONE', *, *, #516, .T. ) ;
#1298 = LINE ( 'NONE', #2424, #229 ) ;
#1299 =( NAMED_UNIT ( * ) SI_UNIT ( $, .STERADIAN. ) SOLID_ANGLE_UNIT ( ) );
#1300 =( LENGTH_UNIT ( ) NAMED_UNIT ( * ) SI_UNIT ( .MILLI., .METRE. ) );
#1301 = DIRECTION ( 'NONE',  ( 0.0000000000000000000, 0.0000000000000000000, -1.000000000000000000 ) ) ;
#1302 =( NAMED_UNIT ( * ) PLANE_ANGLE_UNIT ( ) SI_UNIT ( $, .RADIAN. ) );
#1303 = CARTESIAN_POINT ( 'NONE',  ( 2.093437487149484966, 0.3200000000000000067, -0.7697896612238388503 ) ) ;
#1304 = ORIENTED_EDGE ( 'NONE', *, *, #2461, .T. ) ;
#1305 = PRESENTATION_LAYER_ASSIGNMENT (  '', '', ( #2302 ) ) ;
#1306 = SURFACE_STYLE_USAGE ( .BOTH. , #2646 ) ;
#1307 = COLOUR_RGB ( '',0.8392156862745098200, 0.4470588235294117307, 0.3882352941176470673 ) ;
#1308 = ORIENTED_EDGE ( 'NONE', *, *, #1874, .T. ) ;
#1309 = LINE ( 'NONE', #453, #2539 ) ;
#1310 =( GEOMETRIC_REPRESENTATION_CONTEXT ( 3 ) GLOBAL_UNCERTAINTY_ASSIGNED_CONTEXT ( ( #504 ) ) GLOBAL_UNIT_ASSIGNED_CONTEXT ( ( #1087, #1312, #2470 ) ) REPRESENTATION_CONTEXT ( 'NONE', 'WORKASPACE' ) );
#1311 = ORIENTED_EDGE ( 'NONE', *, *, #1017, .F. ) ;
#1312 =( NAMED_UNIT ( * ) PLANE_ANGLE_UNIT ( ) SI_UNIT ( $, .RADIAN. ) );
#1313 =( NAMED_UNIT ( * ) PLANE_ANGLE_UNIT ( ) SI_UNIT ( $, .RADIAN. ) );
#1314 = DIRECTION ( 'NONE',  ( 5.421010862427507971E-15, 5.421010862427522959E-15, 1.000000000000000000 ) ) ;
#1315 = CARTESIAN_POINT ( 'NONE',  ( 0.6770550577738978504, 0.02000000000000000042, -0.8777405214512450371 ) ) ;
#1316 = EDGE_CURVE ( 'NONE', #1957, #1206, #2671, .T. ) ;
#1317 = DIRECTION ( 'NONE',  ( 0.0000000000000000000, 0.0000000000000000000, 1.000000000000000000 ) ) ;
#1318 = VERTEX_POINT ( 'NONE', #2664 ) ;
#1319 = EDGE_CURVE ( 'NONE', #1109, #36, #862, .T. ) ;
#1320 = LINE ( 'NONE', #839, #2709 ) ;
#1321 = ORIENTED_EDGE ( 'NONE', *, *, #1511, .F. ) ;
#1322 = EDGE_LOOP ( 'NONE', ( #348, #2692, #2466, #1713, #1840, #1759 ) ) ;
#1323 = PRESENTATION_LAYER_ASSIGNMENT (  '', '', ( #2846 ) ) ;
#1324 = CARTESIAN_POINT ( 'NONE',  ( -0.7000000000000000666, 0.7800000000000001377, 0.4700000000000000289 ) ) ;
#1325 = ORIENTED_EDGE ( 'NONE', *, *, #1468, .T. ) ;
#1326 = CARTESIAN_POINT ( 'NONE',  ( -0.8300160100379679884, 0.0000000000000000000, 0.6293305463606210237 ) ) ;
#1327 = CARTESIAN_POINT ( 'NONE',  ( 2.097055057773897779, 0.1400000000000000133, 0.6222594785487552960 ) ) ;
#1328 = CARTESIAN_POINT ( 'NONE',  ( 2.184126125585763134, 0.02000000000000000042, -0.8848115892631099877 ) ) ;
#1329 = EDGE_CURVE ( 'NONE', #2501, #1018, #2214, .T. ) ;
#1330 = STYLED_ITEM ( 'NONE', ( #2409 ), #2534 ) ;
#1331 = STYLED_ITEM ( 'NONE', ( #1197 ), #2829 ) ;
#1332 = DIRECTION ( 'NONE',  ( 0.0000000000000000000, 1.000000000000000000, 0.0000000000000000000 ) ) ;
#1333 = APPLICATION_CONTEXT ( 'automotive_design' ) ;
#1334 = DIRECTION ( 'NONE',  ( -0.7071067811865462405, 0.0000000000000000000, -0.7071067811865489050 ) ) ;
#1335 = ORIENTED_EDGE ( 'NONE', *, *, #822, .F. ) ;
#1336 = VERTEX_POINT ( 'NONE', #879 ) ;
#1337 = CARTESIAN_POINT ( 'NONE',  ( -0.7429449422261019675, 0.3200000000000000067, 0.6222594785487549629 ) ) ;
#1338 = ORIENTED_EDGE ( 'NONE', *, *, #944, .F. ) ;
#1339 = DIRECTION ( 'NONE',  ( 0.7071067811865474617, -0.0000000000000000000, -0.7071067811865474617 ) ) ;
#1340 = CARTESIAN_POINT ( 'NONE',  ( -0.7117157287525380793, 0.7800000000000000266, 0.4700000000000000289 ) ) ;
#1341 = SURFACE_SIDE_STYLE ('',( #1184 ) ) ;
#1342 = LINE ( 'NONE', #1363, #664 ) ;
#1343 = EDGE_CURVE ( 'NONE', #2358, #2714, #215, .T. ) ;
#1344 = FACE_OUTER_BOUND ( 'NONE', #290, .T. ) ;
#1345 = ORIENTED_EDGE ( 'NONE', *, *, #1319, .T. ) ;
#1346 = AXIS2_PLACEMENT_3D ( 'NONE', #197, #858, #2253 ) ;
#1347 = AXIS2_PLACEMENT_3D ( 'NONE', #2110, #2536, #2095 ) ;
#1348 = VERTEX_POINT ( 'NONE', #434 ) ;
#1349 = ADVANCED_FACE ( 'NONE', ( #2444 ), #1764, .F. ) ;
#1350 = CARTESIAN_POINT ( 'NONE',  ( 2.104126125585763063, 0.02000000000000000042, -0.8848115892631099877 ) ) ;
#1351 = PRESENTATION_STYLE_ASSIGNMENT (( #2482 ) ) ;
#1352 = AXIS2_PLACEMENT_3D ( 'NONE', #1900, #1448, #544 ) ;
#1353 = EDGE_LOOP ( 'NONE', ( #1188, #2710, #857, #1402 ) ) ;
#1354 = DIRECTION ( 'NONE',  ( -0.0000000000000000000, 1.000000000000000000, -0.0000000000000000000 ) ) ;
#1355 = SURFACE_STYLE_USAGE ( .BOTH. , #2032 ) ;
#1356 = MECHANICAL_DESIGN_GEOMETRIC_PRESENTATION_REPRESENTATION (  '', ( #2789 ), #1927 ) ;
#1357 = VECTOR ( 'NONE', #1704, 1000.000000000000000 ) ;
#1358 = ORIENTED_EDGE ( 'NONE', *, *, #713, .T. ) ;
#1359 = DIRECTION ( 'NONE',  ( -0.0000000000000000000, 1.000000000000000000, 0.0000000000000000000 ) ) ;
#1360 = CARTESIAN_POINT ( 'NONE',  ( -0.8300160100379679884, 0.1400000000000000133, -0.8848115892631098767 ) ) ;
#1361 = CARTESIAN_POINT ( 'NONE',  ( -0.7429449422261019675, 0.01999999999999999695, 0.6222594785487549629 ) ) ;
#1362 = CARTESIAN_POINT ( 'NONE',  ( 2.054110115547794990, 0.3199999999999995071, -0.7937653141499513287 ) ) ;
#1363 = CARTESIAN_POINT ( 'NONE',  ( -0.7450160100379670247, 0.0000000000000000000, 0.1566571813602919971 ) ) ;
#1364 = CARTESIAN_POINT ( 'NONE',  ( 2.184126125585763134, 0.1400000000000000133, -0.8848115892631099877 ) ) ;
#1365 = LINE ( 'NONE', #1972, #1831 ) ;
#1366 = EDGE_LOOP ( 'NONE', ( #1338, #2026, #1270, #2450 ) ) ;
#1367 = DIRECTION ( 'NONE',  ( 0.0000000000000000000, 1.000000000000000000, 0.0000000000000000000 ) ) ;
#1368 =( LENGTH_UNIT ( ) NAMED_UNIT ( * ) SI_UNIT ( .MILLI., .METRE. ) );
#1369 = EDGE_CURVE ( 'NONE', #1726, #1558, #895, .T. ) ;
#1370 = ORIENTED_EDGE ( 'NONE', *, *, #2696, .F. ) ;
#1371 = FILL_AREA_STYLE ('',( #2238 ) ) ;
#1372 = CARTESIAN_POINT ( 'NONE',  ( 2.014110115547794955, 0.7800000000000001377, 0.5100000000000000089 ) ) ;
#1373 = PRESENTATION_LAYER_ASSIGNMENT (  '', '', ( #2654 ) ) ;
#1374 = ORIENTED_EDGE ( 'NONE', *, *, #1117, .T. ) ;
#1375 = FILL_AREA_STYLE_COLOUR ( '', #2589 ) ;
#1376 = FILL_AREA_STYLE ('',( #733 ) ) ;
#1377 = SURFACE_SIDE_STYLE ('',( #493 ) ) ;
#1378 = EDGE_CURVE ( 'NONE', #2501, #1815, #2717, .T. ) ;
#1379 = DIRECTION ( 'NONE',  ( -1.000000000000000000, 0.0000000000000000000, 7.578573185673737386E-12 ) ) ;
#1380 = STYLED_ITEM ( 'NONE', ( #2525 ), #2778 ) ;
#1381 =( NAMED_UNIT ( * ) SI_UNIT ( $, .STERADIAN. ) SOLID_ANGLE_UNIT ( ) );
#1382 = CARTESIAN_POINT ( 'NONE',  ( -0.6600000000000000311, 0.3199999999999998401, -0.8054810429025652807 ) ) ;
#1383 = FILL_AREA_STYLE_COLOUR ( '', #514 ) ;
#1384 = ORIENTED_EDGE ( 'NONE', *, *, #2648, .T. ) ;
#1385 = DIRECTION ( 'NONE',  ( 0.0000000000000000000, 0.0000000000000000000, 1.000000000000000000 ) ) ;
#1386 =( LENGTH_UNIT ( ) NAMED_UNIT ( * ) SI_UNIT ( .MILLI., .METRE. ) );
#1387 = CARTESIAN_POINT ( 'NONE',  ( -0.7429449422261019675, 0.1400000000000000133, -0.8848115892631099877 ) ) ;
#1388 = EDGE_CURVE ( 'NONE', #2669, #2887, #2021, .T. ) ;
#1389 = ORIENTED_EDGE ( 'NONE', *, *, #1316, .F. ) ;
#1390 =( NAMED_UNIT ( * ) PLANE_ANGLE_UNIT ( ) SI_UNIT ( $, .RADIAN. ) );
#1391 = DIRECTION ( 'NONE',  ( 0.0000000000000000000, 0.0000000000000000000, -1.000000000000000000 ) ) ;
#1392 = CARTESIAN_POINT ( 'NONE',  ( -0.6600000000000001421, 0.7800000000000000266, -0.7771967716550269856 ) ) ;
#1393 = CARTESIAN_POINT ( 'NONE',  ( -0.6629449422261020075, 0.02000000000000000042, -0.7977405214512449660 ) ) ;
#1394 = CARTESIAN_POINT ( 'NONE',  ( -0.6600000000000000311, 0.7600000000000000089, 0.4699999999999999734 ) ) ;
#1395 = CARTESIAN_POINT ( 'NONE',  ( 2.177055057773897850, 0.1700000000000000122, -0.7977405214512449660 ) ) ;
#1396 =( LENGTH_UNIT ( ) NAMED_UNIT ( * ) SI_UNIT ( .MILLI., .METRE. ) );
#1397 = ORIENTED_EDGE ( 'NONE', *, *, #1945, .F. ) ;
#1398 = CARTESIAN_POINT ( 'NONE',  ( -0.04501601003796699974, 0.0000000000000000000, -0.1277405214512450371 ) ) ;
#1399 = DIRECTION ( 'NONE',  ( -0.0000000000000000000, -1.000000000000000000, -0.0000000000000000000 ) ) ;
#1400 = PRESENTATION_LAYER_ASSIGNMENT (  '', '', ( #1780 ) ) ;
#1401 = COLOUR_RGB ( '',0.8980392156862745390, 0.8980392156862745390, 0.8980392156862745390 ) ;
#1402 = ORIENTED_EDGE ( 'NONE', *, *, #2250, .F. ) ;
#1403 = SURFACE_SIDE_STYLE ('',( #2797 ) ) ;
#1404 = AXIS2_PLACEMENT_3D ( 'NONE', #2005, #880, #2586 ) ;
#1405 = VECTOR ( 'NONE', #2121, 1000.000000000000000 ) ;
#1406 = CARTESIAN_POINT ( 'NONE',  ( 2.184126125585763134, 0.1400000000000000133, -0.8848115892631099877 ) ) ;
#1407 = FILL_AREA_STYLE ('',( #293 ) ) ;
#1408 = STYLED_ITEM ( 'NONE', ( #690 ), #2108 ) ;
#1409 = SURFACE_STYLE_FILL_AREA ( #539 ) ;
#1410 = CARTESIAN_POINT ( 'NONE',  ( -0.6951471862576144023, 0.3400000000000000244, 0.5299999999999999156 ) ) ;
#1411 = EDGE_CURVE ( 'NONE', #1640, #856, #2694, .T. ) ;
#1412 = DIRECTION ( 'NONE',  ( 0.0000000000000000000, 0.0000000000000000000, -1.000000000000000000 ) ) ;
#1413 = CIRCLE ( 'NONE', #1791, 0.02000000000000005246 ) ;
#1414 = EDGE_CURVE ( 'NONE', #284, #359, #2037, .T. ) ;
#1415 =( NAMED_UNIT ( * ) PLANE_ANGLE_UNIT ( ) SI_UNIT ( $, .RADIAN. ) );
#1416 = FILL_AREA_STYLE ('',( #1159 ) ) ;
#1417 = AXIS2_PLACEMENT_3D ( 'NONE', #339, #1022, #1490 ) ;
#1418 = SURFACE_STYLE_USAGE ( .BOTH. , #2297 ) ;
#1419 = CARTESIAN_POINT ( 'NONE',  ( -0.6600000000000000311, 0.7800000000000001377, -0.7654810429024897500 ) ) ;
#1420 = EDGE_CURVE ( 'NONE', #901, #35, #1705, .T. ) ;
#1421 =( GEOMETRIC_REPRESENTATION_CONTEXT ( 3 ) GLOBAL_UNCERTAINTY_ASSIGNED_CONTEXT ( ( #1717 ) ) GLOBAL_UNIT_ASSIGNED_CONTEXT ( ( #1441, #2521, #305 ) ) REPRESENTATION_CONTEXT ( 'NONE', 'WORKASPACE' ) );
#1422 = SURFACE_STYLE_FILL_AREA ( #1597 ) ;
#1423 = SURFACE_SIDE_STYLE ('',( #2548 ) ) ;
#1424 = UNCERTAINTY_MEASURE_WITH_UNIT (LENGTH_MEASURE( 1.000000000000000082E-05 ), #273, 'distance_accuracy_value', 'NONE');
#1425 = ORIENTED_EDGE ( 'NONE', *, *, #371, .T. ) ;
#1426 = CARTESIAN_POINT ( 'NONE',  ( 2.054110115547794990, 0.7800000000000001377, 0.4934314575050761653 ) ) ;
#1427 = CARTESIAN_POINT ( 'NONE',  ( 2.177055057773897406, 0.1400000000000000133, 0.5422594785487555580 ) ) ;
#1428 = PRESENTATION_LAYER_ASSIGNMENT (  '', '', ( #2702 ) ) ;
#1429 =( NAMED_UNIT ( * ) SI_UNIT ( $, .STERADIAN. ) SOLID_ANGLE_UNIT ( ) );
#1430 = CARTESIAN_POINT ( 'NONE',  ( -0.7068629150101524150, 0.3200000000000000067, 0.5500000000000000444 ) ) ;
#1431 = MECHANICAL_DESIGN_GEOMETRIC_PRESENTATION_REPRESENTATION (  '', ( #755 ), #843 ) ;
#1432 =( NAMED_UNIT ( * ) SI_UNIT ( $, .STERADIAN. ) SOLID_ANGLE_UNIT ( ) );
#1433 = ADVANCED_FACE ( 'NONE', ( #1599 ), #719, .F. ) ;
#1434 = FACE_OUTER_BOUND ( 'NONE', #158, .T. ) ;
#1435 = DIRECTION ( 'NONE',  ( 0.0000000000000000000, 0.0000000000000000000, -1.000000000000000000 ) ) ;
#1436 = DIRECTION ( 'NONE',  ( 0.7071067811865479058, 0.0000000000000000000, -0.7071067811865471286 ) ) ;
#1437 = SURFACE_SIDE_STYLE ('',( #1422 ) ) ;
#1438 = CARTESIAN_POINT ( 'NONE',  ( 0.7199999999999999734, 0.3400000000000000244, 0.5300000000000001377 ) ) ;
#1439 =( GEOMETRIC_REPRESENTATION_CONTEXT ( 3 ) GLOBAL_UNCERTAINTY_ASSIGNED_CONTEXT ( ( #2847 ) ) GLOBAL_UNIT_ASSIGNED_CONTEXT ( ( #468, #2730, #1140 ) ) REPRESENTATION_CONTEXT ( 'NONE', 'WORKASPACE' ) );
#1440 = ORIENTED_EDGE ( 'NONE', *, *, #1113, .T. ) ;
#1441 =( LENGTH_UNIT ( ) NAMED_UNIT ( * ) SI_UNIT ( .MILLI., .METRE. ) );
#1442 = PRESENTATION_STYLE_ASSIGNMENT (( #568 ) ) ;
#1443 = SURFACE_STYLE_USAGE ( .BOTH. , #1710 ) ;
#1444 = DIRECTION ( 'NONE',  ( 0.0000000000000000000, 1.000000000000000000, -0.0000000000000000000 ) ) ;
#1445 = FILL_AREA_STYLE ('',( #2325 ) ) ;
#1446 = EDGE_CURVE ( 'NONE', #2145, #137, #1093, .T. ) ;
#1447 = CARTESIAN_POINT ( 'NONE',  ( -0.8300160100379679884, 0.02000000000000000042, -0.6293305463606210237 ) ) ;
#1448 = DIRECTION ( 'NONE',  ( 0.0000000000000000000, 0.0000000000000000000, -1.000000000000000000 ) ) ;
#1449 = CARTESIAN_POINT ( 'NONE',  ( -0.04501601003796699974, 0.0000000000000000000, -0.7977405214512449660 ) ) ;
#1450 = LINE ( 'NONE', #254, #1545 ) ;
#1451 = PRODUCT_RELATED_PRODUCT_CATEGORY ( 'part', '', ( #1615 ) ) ;
#1452 = CARTESIAN_POINT ( 'NONE',  ( -0.6599999999999999201, 0.3200000000000000067, -0.7254810429024891594 ) ) ;
#1453 = UNCERTAINTY_MEASURE_WITH_UNIT (LENGTH_MEASURE( 1.000000000000000082E-05 ), #2542, 'distance_accuracy_value', 'NONE');
#1454 = ORIENTED_EDGE ( 'NONE', *, *, #2518, .T. ) ;
#1455 = CARTESIAN_POINT ( 'NONE',  ( 2.049257301805408993, 0.7717157287525382436, 0.5300000000000002487 ) ) ;
#1456 = SURFACE_SIDE_STYLE ('',( #550 ) ) ;
#1457 = SURFACE_SIDE_STYLE ('',( #2384 ) ) ;
#1458 = AXIS2_PLACEMENT_3D ( 'NONE', #2048, #1841, #2212 ) ;
#1459 = COLOUR_RGB ( '',0.8980392156862745390, 0.8980392156862745390, 0.8980392156862745390 ) ;
#1460 = CARTESIAN_POINT ( 'NONE',  ( -0.6629449422261018965, 0.0000000000000000000, -0.7977405214512446330 ) ) ;
#1461 = SURFACE_SIDE_STYLE ('',( #553 ) ) ;
#1462 = ORIENTED_EDGE ( 'NONE', *, *, #1753, .T. ) ;
#1463 = CARTESIAN_POINT ( 'NONE',  ( -0.7500160100379680284, 0.0000000000000000000, 0.6293305463606210237 ) ) ;
#1464 = MECHANICAL_DESIGN_GEOMETRIC_PRESENTATION_REPRESENTATION (  '', ( #700 ), #1186 ) ;
#1465 = DIRECTION ( 'NONE',  ( -1.000000000000000000, 0.0000000000000000000, 0.0000000000000000000 ) ) ;
#1466 =( LENGTH_UNIT ( ) NAMED_UNIT ( * ) SI_UNIT ( .MILLI., .METRE. ) );
#1467 = STYLED_ITEM ( 'NONE', ( #2553 ), #1488 ) ;
#1468 = EDGE_CURVE ( 'NONE', #2285, #627, #2289, .T. ) ;
#1469 = ORIENTED_EDGE ( 'NONE', *, *, #1208, .F. ) ;
#1470 = PRESENTATION_LAYER_ASSIGNMENT (  '', '', ( #1749 ) ) ;
#1471 = LINE ( 'NONE', #1516, #25 ) ;
#1472 = PRESENTATION_STYLE_ASSIGNMENT (( #124 ) ) ;
#1473 = CARTESIAN_POINT ( 'NONE',  ( -0.6599999999999998090, 0.7717157287525380216, 0.5300000000000001377 ) ) ;
#1474 =( NAMED_UNIT ( * ) SI_UNIT ( $, .STERADIAN. ) SOLID_ANGLE_UNIT ( ) );
#1475 = EDGE_CURVE ( 'NONE', #251, #718, #2747, .T. ) ;
#1476 = AXIS2_PLACEMENT_3D ( 'NONE', #1253, #368, #1046 ) ;
#1477 = EDGE_LOOP ( 'NONE', ( #2288, #1521, #1706, #1163, #2203, #1560 ) ) ;
#1478 = SURFACE_STYLE_FILL_AREA ( #1994 ) ;
#1479 = CIRCLE ( 'NONE', #846, 0.07999999999999998779 ) ;
#1480 = PRESENTATION_STYLE_ASSIGNMENT (( #2133 ) ) ;
#1481 = DIRECTION ( 'NONE',  ( 1.000000000000000000, 0.0000000000000000000, 0.0000000000000000000 ) ) ;
#1482 = SURFACE_STYLE_USAGE ( .BOTH. , #2591 ) ;
#1483 =( GEOMETRIC_REPRESENTATION_CONTEXT ( 3 ) GLOBAL_UNCERTAINTY_ASSIGNED_CONTEXT ( ( #564 ) ) GLOBAL_UNIT_ASSIGNED_CONTEXT ( ( #1614, #2006, #1628 ) ) REPRESENTATION_CONTEXT ( 'NONE', 'WORKASPACE' ) );
#1484 = UNCERTAINTY_MEASURE_WITH_UNIT (LENGTH_MEASURE( 1.000000000000000082E-05 ), #2457, 'distance_accuracy_value', 'NONE');
#1485 = ORIENTED_EDGE ( 'NONE', *, *, #1659, .T. ) ;
#1486 = CARTESIAN_POINT ( 'NONE',  ( 2.177055057773898294, 0.1400000000000000133, -0.7977405214512447440 ) ) ;
#1487 = DIRECTION ( 'NONE',  ( 0.7071067811865474617, 0.0000000000000000000, -0.7071067811865474617 ) ) ;
#1488 = ADVANCED_FACE ( 'NONE', ( #1180 ), #1657, .T. ) ;
#1489 = COLOUR_RGB ( '',0.8980392156862745390, 0.8980392156862745390, 0.8980392156862745390 ) ;
#1490 = DIRECTION ( 'NONE',  ( -1.000000000000000000, 0.0000000000000000000, 0.0000000000000000000 ) ) ;
#1491 = PLANE ( 'NONE',  #306 ) ;
#1492 =( LENGTH_UNIT ( ) NAMED_UNIT ( * ) SI_UNIT ( .MILLI., .METRE. ) );
#1493 =( NAMED_UNIT ( * ) PLANE_ANGLE_UNIT ( ) SI_UNIT ( $, .RADIAN. ) );
#1494 = VERTEX_POINT ( 'NONE', #964 ) ;
#1495 =( NAMED_UNIT ( * ) SI_UNIT ( $, .STERADIAN. ) SOLID_ANGLE_UNIT ( ) );
#1496 = ORIENTED_EDGE ( 'NONE', *, *, #2290, .F. ) ;
#1497 = SURFACE_STYLE_USAGE ( .BOTH. , #1456 ) ;
#1498 = PRESENTATION_STYLE_ASSIGNMENT (( #2635 ) ) ;
#1499 = FILL_AREA_STYLE_COLOUR ( '', #1990 ) ;
#1500 = SURFACE_STYLE_USAGE ( .BOTH. , #1763 ) ;
#1501 = MECHANICAL_DESIGN_GEOMETRIC_PRESENTATION_REPRESENTATION (  '', ( #1172 ), #1081 ) ;
#1502 = DIRECTION ( 'NONE',  ( 0.0000000000000000000, 0.0000000000000000000, 1.000000000000000000 ) ) ;
#1503 = MECHANICAL_DESIGN_GEOMETRIC_PRESENTATION_REPRESENTATION (  '', ( #1589 ), #2732 ) ;
#1504 = UNCERTAINTY_MEASURE_WITH_UNIT (LENGTH_MEASURE( 1.000000000000000082E-05 ), #1466, 'distance_accuracy_value', 'NONE');
#1505 = DIRECTION ( 'NONE',  ( 0.0000000000000000000, 0.0000000000000000000, 1.000000000000000000 ) ) ;
#1506 =( GEOMETRIC_REPRESENTATION_CONTEXT ( 3 ) GLOBAL_UNCERTAINTY_ASSIGNED_CONTEXT ( ( #2795 ) ) GLOBAL_UNIT_ASSIGNED_CONTEXT ( ( #435, #2601, #2391 ) ) REPRESENTATION_CONTEXT ( 'NONE', 'WORKASPACE' ) );
#1507 = ORIENTED_EDGE ( 'NONE', *, *, #2476, .F. ) ;
#1508 =( GEOMETRIC_REPRESENTATION_CONTEXT ( 3 ) GLOBAL_UNCERTAINTY_ASSIGNED_CONTEXT ( ( #1966 ) ) GLOBAL_UNIT_ASSIGNED_CONTEXT ( ( #1689, #566, #2365 ) ) REPRESENTATION_CONTEXT ( 'NONE', 'WORKASPACE' ) );
#1509 = SURFACE_STYLE_USAGE ( .BOTH. , #2178 ) ;
#1510 = LINE ( 'NONE', #347, #327 ) ;
#1511 = EDGE_CURVE ( 'NONE', #2418, #369, #929, .T. ) ;
#1512 = COLOUR_RGB ( '',0.8392156862745098200, 0.4470588235294117307, 0.3882352941176470673 ) ;
#1513 = UNCERTAINTY_MEASURE_WITH_UNIT (LENGTH_MEASURE( 1.000000000000000082E-05 ), #1396, 'distance_accuracy_value', 'NONE');
#1514 = ORIENTED_EDGE ( 'NONE', *, *, #2089, .T. ) ;
#1515 = CARTESIAN_POINT ( 'NONE',  ( -0.8300160100379679884, 0.02000000000000000042, 0.5422594785487548918 ) ) ;
#1516 = CARTESIAN_POINT ( 'NONE',  ( 1.399126125585762992, 0.0000000000000000000, -0.1277405214512449816 ) ) ;
#1517 = CARTESIAN_POINT ( 'NONE',  ( 1.399126125585762992, 1.694065894508600678E-18, 0.5422594785487551139 ) ) ;
#1518 = CARTESIAN_POINT ( 'NONE',  ( -0.6600000000000000311, 0.7600000000000000089, 0.5300000000000001377 ) ) ;
#1519 = DIRECTION ( 'NONE',  ( 0.7071067811865479058, 0.0000000000000000000, 0.7071067811865470176 ) ) ;
#1520 = FACE_OUTER_BOUND ( 'NONE', #452, .T. ) ;
#1521 = ORIENTED_EDGE ( 'NONE', *, *, #1690, .F. ) ;
#1522 = PRESENTATION_STYLE_ASSIGNMENT (( #1716 ) ) ;
#1523 = ORIENTED_EDGE ( 'NONE', *, *, #2239, .T. ) ;
#1524 =( NAMED_UNIT ( * ) PLANE_ANGLE_UNIT ( ) SI_UNIT ( $, .RADIAN. ) );
#1525 = DIRECTION ( 'NONE',  ( 0.0000000000000000000, -1.000000000000000000, -0.0000000000000000000 ) ) ;
#1526 = MECHANICAL_DESIGN_GEOMETRIC_PRESENTATION_REPRESENTATION (  '', ( #2813 ), #1666 ) ;
#1527 = DIRECTION ( 'NONE',  ( 0.0000000000000000000, -1.000000000000000000, 5.421010862427552147E-15 ) ) ;
#1528 = UNCERTAINTY_MEASURE_WITH_UNIT (LENGTH_MEASURE( 1.000000000000000082E-05 ), #2903, 'distance_accuracy_value', 'NONE');
#1529 = VERTEX_POINT ( 'NONE', #2748 ) ;
#1530 = FILL_AREA_STYLE_COLOUR ( '', #1669 ) ;
#1531 = ORIENTED_EDGE ( 'NONE', *, *, #2494, .F. ) ;
#1532 = ORIENTED_EDGE ( 'NONE', *, *, #1446, .F. ) ;
#1533 = CARTESIAN_POINT ( 'NONE',  ( -0.7200000000000000844, 0.3400000000000000244, -0.7254810429020357443 ) ) ;
#1534 = VERTEX_POINT ( 'NONE', #1427 ) ;
#1535 = DIRECTION ( 'NONE',  ( 0.7071067811865435759, 0.0000000000000000000, 0.7071067811865514585 ) ) ;
#1536 = CARTESIAN_POINT ( 'NONE',  ( -0.04501601003796700667, 0.02000000000000000042, -0.7977405214512449660 ) ) ;
#1537 = FACE_OUTER_BOUND ( 'NONE', #1086, .T. ) ;
#1538 = CARTESIAN_POINT ( 'NONE',  ( -0.7117157287525380793, 0.7800000000000001377, 0.5002943725152285692 ) ) ;
#1539 = DIRECTION ( 'NONE',  ( -1.000000000000000000, -0.0000000000000000000, -0.0000000000000000000 ) ) ;
#1540 = EDGE_CURVE ( 'NONE', #271, #2900, #1471, .T. ) ;
#1541 = AXIS2_PLACEMENT_3D ( 'NONE', #1833, #941, #957 ) ;
#1542 = CARTESIAN_POINT ( 'NONE',  ( -0.6629449422261020075, 0.0000000000000000000, 0.5422594785487550029 ) ) ;
#1543 = ORIENTED_EDGE ( 'NONE', *, *, #1663, .F. ) ;
#1544 = VECTOR ( 'NONE', #136, 1000.000000000000000 ) ;
#1545 = VECTOR ( 'NONE', #78, 1000.000000000000000 ) ;
#1546 = ORIENTED_EDGE ( 'NONE', *, *, #79, .T. ) ;
#1547 = COLOUR_RGB ( '',0.8980392156862745390, 0.8980392156862745390, 0.8980392156862745390 ) ;
#1548 = ORIENTED_EDGE ( 'NONE', *, *, #996, .T. ) ;
#1549 = CARTESIAN_POINT ( 'NONE',  ( -0.8300160100379676553, 0.1400000000000000411, 0.5493305463606208416 ) ) ;
#1550 = EDGE_CURVE ( 'NONE', #2000, #2580, #2839, .T. ) ;
#1551 = CARTESIAN_POINT ( 'NONE',  ( -0.04501601003796699974, 0.01000000000000000021, -0.1277405214512450371 ) ) ;
#1552 = DIRECTION ( 'NONE',  ( 0.0000000000000000000, 0.0000000000000000000, -1.000000000000000000 ) ) ;
#1553 = CARTESIAN_POINT ( 'NONE',  ( 2.014110115547794955, 0.7600000000000000089, -0.7854810429024899898 ) ) ;
#1554 = UNCERTAINTY_MEASURE_WITH_UNIT (LENGTH_MEASURE( 1.000000000000000082E-05 ), #300, 'distance_accuracy_value', 'NONE');
#1555 = CARTESIAN_POINT ( 'NONE',  ( 2.099126125585763170, 0.0000000000000000000, 0.4643305463606200445 ) ) ;
#1556 = EDGE_CURVE ( 'NONE', #2271, #2580, #2594, .T. ) ;
#1557 = FILL_AREA_STYLE_COLOUR ( '', #2857 ) ;
#1558 = VERTEX_POINT ( 'NONE', #1708 ) ;
#1559 = VECTOR ( 'NONE', #635, 1000.000000000000000 ) ;
#1560 = ORIENTED_EDGE ( 'NONE', *, *, #2103, .F. ) ;
#1561 = SURFACE_STYLE_FILL_AREA ( #1371 ) ;
#1562 = LINE ( 'NONE', #41, #985 ) ;
#1563 = SURFACE_STYLE_FILL_AREA ( #1151 ) ;
#1564 = DIRECTION ( 'NONE',  ( 0.0000000000000000000, 0.0000000000000000000, 1.000000000000000000 ) ) ;
#1565 = ADVANCED_FACE ( 'NONE', ( #2634 ), #2170, .F. ) ;
#1566 = CARTESIAN_POINT ( 'NONE',  ( -0.8300160100379679884, 0.02000000000000000042, 0.6293305463606210237 ) ) ;
#1567 = CARTESIAN_POINT ( 'NONE',  ( 2.184126125585763134, 0.1400000000000000133, 0.6293305463606210237 ) ) ;
#1568 = CARTESIAN_POINT ( 'NONE',  ( -0.7200000000000000844, 0.7600000000000000089, -0.1779057946315550087 ) ) ;
#1569 =( GEOMETRIC_REPRESENTATION_CONTEXT ( 3 ) GLOBAL_UNCERTAINTY_ASSIGNED_CONTEXT ( ( #1217 ) ) GLOBAL_UNIT_ASSIGNED_CONTEXT ( ( #1300, #1, #861 ) ) REPRESENTATION_CONTEXT ( 'NONE', 'WORKASPACE' ) );
#1570 =( BOUNDED_SURFACE ( )  B_SPLINE_SURFACE ( 3, 3, ( 
 ( #1044, #1936, #1279, #808 ),
 ( #1720, #2622, #2863, #591 ),
 ( #893, #660, #66, #1820 ),
 ( #2760, #28, #676, #2224 ) ),
 .UNSPECIFIED., .F., .F., .F. ) 
 B_SPLINE_SURFACE_WITH_KNOTS ( ( 4, 4 ),
 ( 4, 4 ),
 ( 0.0000000000000000000, 1.000000000000000000 ),
 ( 0.0000000000000000000, 1.000000000000000000 ),
 .UNSPECIFIED. ) 
 GEOMETRIC_REPRESENTATION_ITEM ( )  RATIONAL_B_SPLINE_SURFACE ( (
 ( 1.000000000000000000, 0.8047378541243649375, 0.8047378541243649375, 1.000000000000000000),
 ( 0.8047378541243637162, 0.6476030138606866382, 0.6476030138606866382, 0.8047378541243637162),
 ( 0.8047378541243637162, 0.6476030138606866382, 0.6476030138606866382, 0.8047378541243637162),
 ( 1.000000000000000000, 0.8047378541243649375, 0.8047378541243649375, 1.000000000000000000) ) ) 
 REPRESENTATION_ITEM ( '' )  SURFACE ( )  );
#1571 = CARTESIAN_POINT ( 'NONE',  ( 2.014110115547794955, 0.7800000000000001377, 0.5100000000000000089 ) ) ;
#1572 = DIRECTION ( 'NONE',  ( 0.0000000000000000000, -1.000000000000000000, 0.0000000000000000000 ) ) ;
#1573 = ORIENTED_EDGE ( 'NONE', *, *, #721, .F. ) ;
#1574 = ORIENTED_EDGE ( 'NONE', *, *, #2216, .T. ) ;
#1575 = CARTESIAN_POINT ( 'NONE',  ( 2.014110115547794955, 0.7600000000000000089, -0.7854810429024893237 ) ) ;
#1576 = ORIENTED_EDGE ( 'NONE', *, *, #2881, .T. ) ;
#1577 = DIRECTION ( 'NONE',  ( 0.0000000000000000000, -1.000000000000000000, 0.0000000000000000000 ) ) ;
#1578 = DIRECTION ( 'NONE',  ( -6.123233995736766036E-17, -0.0000000000000000000, 1.000000000000000000 ) ) ;
#1579 = PRESENTATION_STYLE_ASSIGNMENT (( #2034 ) ) ;
#1580 = EDGE_LOOP ( 'NONE', ( #1634, #2431, #499, #813 ) ) ;
#1581 = CARTESIAN_POINT ( 'NONE',  ( -0.7500160100379680284, 0.02000000000000000042, 0.6293305463606210237 ) ) ;
#1582 = CARTESIAN_POINT ( 'NONE',  ( -0.6600000000000000311, 0.7600000000000000089, -0.7654810429024899721 ) ) ;
#1583 = CARTESIAN_POINT ( 'NONE',  ( 2.094110115547795470, 0.3200000000000000067, -0.7254810429024889373 ) ) ;
#1584 = PRESENTATION_LAYER_ASSIGNMENT (  '', '', ( #825 ) ) ;
#1585 = LINE ( 'NONE', #1779, #2850 ) ;
#1586 = LINE ( 'NONE', #937, #1110 ) ;
#1587 = ORIENTED_EDGE ( 'NONE', *, *, #2621, .F. ) ;
#1588 = CLOSED_SHELL ( 'NONE', ( #2213, #1644, #1107, #1595, #1996, #1285, #2778, #56, #935, #218, #2667, #1147, #1166, #2235, #1631, #2829, #2336, #2116, #1774, #1605, #2744, #2436, #874, #881, #875, #768, #351, #1933, #398, #2838, #1961, #2150, #2868, #172, #1075, #2195, #1986, #2534, #1788, #2864, #562, #2613, #1433, #583, #2108, #83, #1565, #240, #1828, #1033, #1349, #2524, #752, #2177, #1488, #2417, #1979, #472, #1290, #2908, #730, #2596, #2426 ) ) ;
#1589 = STYLED_ITEM ( 'NONE', ( #1775 ), #1033 ) ;
#1590 = VERTEX_POINT ( 'NONE', #1234 ) ;
#1591 = DIRECTION ( 'NONE',  ( 0.0000000000000000000, 0.0000000000000000000, -1.000000000000000000 ) ) ;
#1592 = COLOUR_RGB ( '',0.8980392156862745390, 0.8980392156862745390, 0.8980392156862745390 ) ;
#1593 = ORIENTED_EDGE ( 'NONE', *, *, #1420, .F. ) ;
#1594 = PLANE ( 'NONE',  #1642 ) ;
#1595 = ADVANCED_FACE ( 'NONE', ( #2862 ), #381, .T. ) ;
#1596 = MECHANICAL_DESIGN_GEOMETRIC_PRESENTATION_REPRESENTATION (  '', ( #108 ), #2449 ) ;
#1597 = FILL_AREA_STYLE ('',( #2315 ) ) ;
#1598 = VERTEX_POINT ( 'NONE', #2808 ) ;
#1599 = FACE_OUTER_BOUND ( 'NONE', #1477, .T. ) ;
#1600 = FACE_OUTER_BOUND ( 'NONE', #1353, .T. ) ;
#1601 = STYLED_ITEM ( 'NONE', ( #1472 ), #1961 ) ;
#1602 = DIRECTION ( 'NONE',  ( -0.0000000000000000000, -0.0000000000000000000, 1.000000000000000000 ) ) ;
#1603 = FILL_AREA_STYLE ('',( #423 ) ) ;
#1604 = AXIS2_PLACEMENT_3D ( 'NONE', #1566, #2429, #444 ) ;
#1605 = ADVANCED_FACE ( 'NONE', ( #2823 ), #776, .F. ) ;
#1606 = DIRECTION ( 'NONE',  ( 0.0000000000000000000, -0.0000000000000000000, -1.000000000000000000 ) ) ;
#1607 = VERTEX_POINT ( 'NONE', #1029 ) ;
#1608 = DIRECTION ( 'NONE',  ( 0.0000000000000000000, 1.000000000000000000, 0.0000000000000000000 ) ) ;
#1609 = MECHANICAL_DESIGN_GEOMETRIC_PRESENTATION_REPRESENTATION (  '', ( #2846 ), #803 ) ;
#1610 =( NAMED_UNIT ( * ) SI_UNIT ( $, .STERADIAN. ) SOLID_ANGLE_UNIT ( ) );
#1611 = ORIENTED_EDGE ( 'NONE', *, *, #797, .T. ) ;
#1612 = CARTESIAN_POINT ( 'NONE',  ( 2.014110115547794955, 0.7717157287525380216, 0.5300000000000001377 ) ) ;
#1613 = DIRECTION ( 'NONE',  ( -0.7071067811865453523, 0.0000000000000000000, -0.7071067811865497932 ) ) ;
#1614 =( LENGTH_UNIT ( ) NAMED_UNIT ( * ) SI_UNIT ( .MILLI., .METRE. ) );
#1615 = PRODUCT ( 'User Library-NX3215SA', 'User Library-NX3215SA', '', ( #2078 ) ) ;
#1616 = LINE ( 'NONE', #1393, #269 ) ;
#1617 = COLOUR_RGB ( '',0.8980392156862745390, 0.8980392156862745390, 0.8980392156862745390 ) ;
#1618 = CARTESIAN_POINT ( 'NONE',  ( -0.6600000000000000311, 0.7600000000000000089, -0.7854810429024897678 ) ) ;
#1619 = PRESENTATION_STYLE_ASSIGNMENT (( #2755 ) ) ;
#1620 = VERTEX_POINT ( 'NONE', #1013 ) ;
#1621 = CARTESIAN_POINT ( 'NONE',  ( 0.0000000000000000000, 0.0000000000000000000, 0.0000000000000000000 ) ) ;
#1622 = SURFACE_STYLE_USAGE ( .BOTH. , #2316 ) ;
#1623 = FILL_AREA_STYLE_COLOUR ( '', #1646 ) ;
#1624 = VERTEX_POINT ( 'NONE', #156 ) ;
#1625 =( NAMED_UNIT ( * ) PLANE_ANGLE_UNIT ( ) SI_UNIT ( $, .RADIAN. ) );
#1626 =( NAMED_UNIT ( * ) PLANE_ANGLE_UNIT ( ) SI_UNIT ( $, .RADIAN. ) );
#1627 = EDGE_CURVE ( 'NONE', #2827, #1160, #2511, .T. ) ;
#1628 =( NAMED_UNIT ( * ) SI_UNIT ( $, .STERADIAN. ) SOLID_ANGLE_UNIT ( ) );
#1629 = SURFACE_SIDE_STYLE ('',( #779 ) ) ;
#1630 = DIRECTION ( 'NONE',  ( -7.578573185673616217E-12, -1.084202172481396362E-14, -1.000000000000000000 ) ) ;
#1631 = ADVANCED_FACE ( 'NONE', ( #1520 ), #2130, .T. ) ;
#1632 = CARTESIAN_POINT ( 'NONE',  ( 1.399126125585762992, 0.01000000000000000021, -0.7977405214512449660 ) ) ;
#1633 = PRESENTATION_STYLE_ASSIGNMENT (( #2574 ) ) ;
#1634 = ORIENTED_EDGE ( 'NONE', *, *, #2344, .T. ) ;
#1635 = CARTESIAN_POINT ( 'NONE',  ( -0.6999999999999999556, 0.7799999999999999156, -0.7489125004075652958 ) ) ;
#1636 = MECHANICAL_DESIGN_GEOMETRIC_PRESENTATION_REPRESENTATION (  '', ( #923 ), #410 ) ;
#1637 = AXIS2_PLACEMENT_3D ( 'NONE', #260, #1564, #2715 ) ;
#1638 = DIRECTION ( 'NONE',  ( -1.000000000000000000, 0.0000000000000000000, 0.0000000000000000000 ) ) ;
#1639 = MECHANICAL_DESIGN_GEOMETRIC_PRESENTATION_REPRESENTATION (  '', ( #454 ), #1958 ) ;
#1640 = VERTEX_POINT ( 'NONE', #1912 ) ;
#1641 = PRESENTATION_LAYER_ASSIGNMENT (  '', '', ( #2496 ) ) ;
#1642 = AXIS2_PLACEMENT_3D ( 'NONE', #1988, #2907, #860 ) ;
#1643 = FILL_AREA_STYLE ('',( #751 ) ) ;
#1644 = ADVANCED_FACE ( 'NONE', ( #2389 ), #358, .T. ) ;
#1645 =( NAMED_UNIT ( * ) SI_UNIT ( $, .STERADIAN. ) SOLID_ANGLE_UNIT ( ) );
#1646 = COLOUR_RGB ( '',0.8980392156862745390, 0.8980392156862745390, 0.8980392156862745390 ) ;
#1647 =( GEOMETRIC_REPRESENTATION_CONTEXT ( 3 ) GLOBAL_UNCERTAINTY_ASSIGNED_CONTEXT ( ( #2416 ) ) GLOBAL_UNIT_ASSIGNED_CONTEXT ( ( #153, #2143, #1024 ) ) REPRESENTATION_CONTEXT ( 'NONE', 'WORKASPACE' ) );
#1648 = CARTESIAN_POINT ( 'NONE',  ( 2.014110115547794955, 0.3400000000000000244, 0.5500000000000000444 ) ) ;
#1649 = DIRECTION ( 'NONE',  ( 0.0000000000000000000, -0.0000000000000000000, -1.000000000000000000 ) ) ;
#1650 =( NAMED_UNIT ( * ) PLANE_ANGLE_UNIT ( ) SI_UNIT ( $, .RADIAN. ) );
#1651 = MECHANICAL_DESIGN_GEOMETRIC_PRESENTATION_REPRESENTATION (  '', ( #1797 ), #1421 ) ;
#1652 = LINE ( 'NONE', #2328, #286 ) ;
#1653 = PRESENTATION_STYLE_ASSIGNMENT (( #745 ) ) ;
#1654 = DIRECTION ( 'NONE',  ( 0.0000000000000000000, -0.0000000000000000000, -1.000000000000000000 ) ) ;
#1655 =( NAMED_UNIT ( * ) PLANE_ANGLE_UNIT ( ) SI_UNIT ( $, .RADIAN. ) );
#1656 = ORIENTED_EDGE ( 'NONE', *, *, #822, .T. ) ;
#1657 = PLANE ( 'NONE',  #884 ) ;
#1658 = SURFACE_STYLE_FILL_AREA ( #2322 ) ;
#1659 = EDGE_CURVE ( 'NONE', #2714, #2145, #883, .T. ) ;
#1660 = CARTESIAN_POINT ( 'NONE',  ( -0.6600000000000000311, 0.3200000000000000067, 0.5500000000000000444 ) ) ;
#1661 = CARTESIAN_POINT ( 'NONE',  ( -0.6600000000000000311, 0.3400000000000000244, 0.5300000000000000266 ) ) ;
#1662 = CARTESIAN_POINT ( 'NONE',  ( -0.7199999999999999734, 0.7600000000000000089, 0.4700000000000000289 ) ) ;
#1663 = EDGE_CURVE ( 'NONE', #192, #1206, #2818, .T. ) ;
#1664 = PRESENTATION_STYLE_ASSIGNMENT (( #1201 ) ) ;
#1665 = PRESENTATION_STYLE_ASSIGNMENT (( #1418 ) ) ;
#1666 =( GEOMETRIC_REPRESENTATION_CONTEXT ( 3 ) GLOBAL_UNCERTAINTY_ASSIGNED_CONTEXT ( ( #2579 ) ) GLOBAL_UNIT_ASSIGNED_CONTEXT ( ( #1228, #145, #1003 ) ) REPRESENTATION_CONTEXT ( 'NONE', 'WORKASPACE' ) );
#1667 = CARTESIAN_POINT ( 'NONE',  ( 1.399126125585762992, 1.694065894508600678E-18, -0.7977405214512449660 ) ) ;
#1668 = CIRCLE ( 'NONE', #2901, 0.08735771774662215439 ) ;
#1669 = COLOUR_RGB ( '',0.8392156862745098200, 0.4470588235294117307, 0.3882352941176470673 ) ;
#1670 =( NAMED_UNIT ( * ) SI_UNIT ( $, .STERADIAN. ) SOLID_ANGLE_UNIT ( ) );
#1671 =( LENGTH_UNIT ( ) NAMED_UNIT ( * ) SI_UNIT ( .MILLI., .METRE. ) );
#1672 = EDGE_LOOP ( 'NONE', ( #1384, #1573, #1254, #1082 ) ) ;
#1673 = CARTESIAN_POINT ( 'NONE',  ( 2.044404488063022995, 0.7800000000000001377, 0.5217157287525381326 ) ) ;
#1674 = CARTESIAN_POINT ( 'NONE',  ( -0.7450160100379670247, 0.02000000000000000042, -0.6293305463606210237 ) ) ;
#1675 =( NAMED_UNIT ( * ) PLANE_ANGLE_UNIT ( ) SI_UNIT ( $, .RADIAN. ) );
#1676 = LINE ( 'NONE', #778, #2134 ) ;
#1677 =( NAMED_UNIT ( * ) SI_UNIT ( $, .STERADIAN. ) SOLID_ANGLE_UNIT ( ) );
#1678 = CARTESIAN_POINT ( 'NONE',  ( -0.7450160100379669137, -4.517509052022934885E-18, -0.7198115892631089530 ) ) ;
#1679 = UNCERTAINTY_MEASURE_WITH_UNIT (LENGTH_MEASURE( 1.000000000000000082E-05 ), #772, 'distance_accuracy_value', 'NONE');
#1680 = ORIENTED_EDGE ( 'NONE', *, *, #1723, .F. ) ;
#1681 = FACE_OUTER_BOUND ( 'NONE', #2806, .T. ) ;
#1682 = EDGE_CURVE ( 'NONE', #1998, #1128, #2515, .T. ) ;
#1683 = DIRECTION ( 'NONE',  ( 1.000000000000000000, 0.0000000000000000000, 0.0000000000000000000 ) ) ;
#1684 = CARTESIAN_POINT ( 'NONE',  ( 2.014110115547794955, 0.3399999999999989142, -0.8054810429024900076 ) ) ;
#1685 = CARTESIAN_POINT ( 'NONE',  ( 2.099126125585763170, 0.02000000000000000042, -0.7198115892631088419 ) ) ;
#1686 =( NAMED_UNIT ( * ) SI_UNIT ( $, .STERADIAN. ) SOLID_ANGLE_UNIT ( ) );
#1687 = UNCERTAINTY_MEASURE_WITH_UNIT (LENGTH_MEASURE( 1.000000000000000082E-05 ), #2623, 'distance_accuracy_value', 'NONE');
#1688 = ORIENTED_EDGE ( 'NONE', *, *, #1042, .F. ) ;
#1689 =( LENGTH_UNIT ( ) NAMED_UNIT ( * ) SI_UNIT ( .MILLI., .METRE. ) );
#1690 = EDGE_CURVE ( 'NONE', #856, #1598, #1141, .T. ) ;
#1691 = PRESENTATION_STYLE_ASSIGNMENT (( #1497 ) ) ;
#1692 =( NAMED_UNIT ( * ) PLANE_ANGLE_UNIT ( ) SI_UNIT ( $, .RADIAN. ) );
#1693 = MECHANICAL_DESIGN_GEOMETRIC_PRESENTATION_REPRESENTATION (  '', ( #2151 ), #2731 ) ;
#1694 = VECTOR ( 'NONE', #2275, 1000.000000000000000 ) ;
#1695 = PRESENTATION_LAYER_ASSIGNMENT (  '', '', ( #60 ) ) ;
#1696 =( NAMED_UNIT ( * ) PLANE_ANGLE_UNIT ( ) SI_UNIT ( $, .RADIAN. ) );
#1697 =( NAMED_UNIT ( * ) PLANE_ANGLE_UNIT ( ) SI_UNIT ( $, .RADIAN. ) );
#1698 = COLOUR_RGB ( '',0.6392156862745097534, 0.4000000000000000222, 0.2078431372549019440 ) ;
#1699 = ORIENTED_EDGE ( 'NONE', *, *, #805, .F. ) ;
#1700 = DIRECTION ( 'NONE',  ( -1.219727444046192646E-14, 0.0000000000000000000, -1.000000000000000000 ) ) ;
#1701 = CARTESIAN_POINT ( 'NONE',  ( 2.014110115547794955, 0.7600000000000000089, 0.5300000000000001377 ) ) ;
#1702 = EDGE_CURVE ( 'NONE', #2398, #2076, #950, .T. ) ;
#1703 = LINE ( 'NONE', #118, #1157 ) ;
#1704 = DIRECTION ( 'NONE',  ( 0.7071067811865396902, 0.0000000000000000000, -0.7071067811865553443 ) ) ;
#1705 = CIRCLE ( 'NONE', #2263, 0.07999999999999998779 ) ;
#1706 = ORIENTED_EDGE ( 'NONE', *, *, #2844, .F. ) ;
#1707 = CARTESIAN_POINT ( 'NONE',  ( -0.04501601003796702749, 0.02000000000000000042, -0.6293305463606210237 ) ) ;
#1708 = CARTESIAN_POINT ( 'NONE',  ( 2.177055057773896518, 0.3200000000000000067, 0.5422594785487555580 ) ) ;
#1709 = PLANE ( 'NONE',  #1417 ) ;
#1710 = SURFACE_SIDE_STYLE ('',( #2309 ) ) ;
#1711 = CARTESIAN_POINT ( 'NONE',  ( -0.7399999999999999911, 0.3400000000000000244, 0.5300000000000001377 ) ) ;
#1712 = CARTESIAN_POINT ( 'NONE',  ( -0.05550800501898400796, 0.7600000000000000089, -0.7654810429024899721 ) ) ;
#1713 = ORIENTED_EDGE ( 'NONE', *, *, #980, .T. ) ;
#1714 = CARTESIAN_POINT ( 'NONE',  ( -0.8300160100379679884, 0.1400000000000000133, 0.6293305463606210237 ) ) ;
#1715 =( NAMED_UNIT ( * ) PLANE_ANGLE_UNIT ( ) SI_UNIT ( $, .RADIAN. ) );
#1716 = SURFACE_STYLE_USAGE ( .BOTH. , #1905 ) ;
#1717 = UNCERTAINTY_MEASURE_WITH_UNIT (LENGTH_MEASURE( 1.000000000000000082E-05 ), #1441, 'distance_accuracy_value', 'NONE');
#1718 = ORIENTED_EDGE ( 'NONE', *, *, #2464, .F. ) ;
#1719 = AXIS2_PLACEMENT_3D ( 'NONE', #1364, #518, #1649 ) ;
#1720 = CARTESIAN_POINT ( 'NONE',  ( 2.014110115547794955, 0.7717157287525381326, -0.7854810429024891016 ) ) ;
#1721 = CARTESIAN_POINT ( 'NONE',  ( 2.017055057773896820, 0.07000000000000000666, 0.5422594785487550029 ) ) ;
#1722 =( LENGTH_UNIT ( ) NAMED_UNIT ( * ) SI_UNIT ( .MILLI., .METRE. ) );
#1723 = EDGE_CURVE ( 'NONE', #121, #192, #2898, .T. ) ;
#1724 = FILL_AREA_STYLE_COLOUR ( '', #2317 ) ;
#1725 = EDGE_CURVE ( 'NONE', #1130, #390, #1585, .T. ) ;
#1726 = VERTEX_POINT ( 'NONE', #18 ) ;
#1727 = ORIENTED_EDGE ( 'NONE', *, *, #1813, .T. ) ;
#1728 = CARTESIAN_POINT ( 'NONE',  ( 2.177055057773897850, 0.3200000000000000067, 0.5422594785487550029 ) ) ;
#1729 = ORIENTED_EDGE ( 'NONE', *, *, #257, .F. ) ;
#1730 = SURFACE_SIDE_STYLE ('',( #2652 ) ) ;
#1731 = EDGE_CURVE ( 'NONE', #137, #35, #2493, .T. ) ;
#1732 = STYLED_ITEM ( 'NONE', ( #1664 ), #56 ) ;
#1733 = LINE ( 'NONE', #1952, #502 ) ;
#1734 = VECTOR ( 'NONE', #1301, 1000.000000000000000 ) ;
#1735 =( GEOMETRIC_REPRESENTATION_CONTEXT ( 3 ) GLOBAL_UNCERTAINTY_ASSIGNED_CONTEXT ( ( #1504 ) ) GLOBAL_UNIT_ASSIGNED_CONTEXT ( ( #1466, #2420, #1495 ) ) REPRESENTATION_CONTEXT ( 'NONE', 'WORKASPACE' ) );
#1736 = UNCERTAINTY_MEASURE_WITH_UNIT (LENGTH_MEASURE( 1.000000000000000082E-05 ), #1215, 'distance_accuracy_value', 'NONE');
#1737 = DIRECTION ( 'NONE',  ( 0.0000000000000000000, -0.0000000000000000000, -1.000000000000000000 ) ) ;
#1738 = PRESENTATION_LAYER_ASSIGNMENT (  '', '', ( #2446 ) ) ;
#1739 = ORIENTED_EDGE ( 'NONE', *, *, #1420, .T. ) ;
#1740 = CIRCLE ( 'NONE', #2159, 0.08735771774662204336 ) ;
#1741 = MECHANICAL_DESIGN_GEOMETRIC_PRESENTATION_REPRESENTATION (  '', ( #338 ), #934 ) ;
#1742 = LINE ( 'NONE', #2647, #372 ) ;
#1743 = STYLED_ITEM ( 'NONE', ( #1442 ), #1933 ) ;
#1744 = UNCERTAINTY_MEASURE_WITH_UNIT (LENGTH_MEASURE( 1.000000000000000082E-05 ), #294, 'distance_accuracy_value', 'NONE');
#1745 = ORIENTED_EDGE ( 'NONE', *, *, #1343, .T. ) ;
#1746 = SURFACE_SIDE_STYLE ('',( #1959 ) ) ;
#1747 = PRESENTATION_LAYER_ASSIGNMENT (  '', '', ( #1797 ) ) ;
#1748 =( NAMED_UNIT ( * ) SI_UNIT ( $, .STERADIAN. ) SOLID_ANGLE_UNIT ( ) );
#1749 = STYLED_ITEM ( 'NONE', ( #1691 ), #1565 ) ;
#1750 = DIRECTION ( 'NONE',  ( -0.7071067811865475727, 0.0000000000000000000, -0.7071067811865475727 ) ) ;
#1751 = CARTESIAN_POINT ( 'NONE',  ( -0.6629449422261018965, 0.02000000000000000042, 0.5422594785487551139 ) ) ;
#1752 =( GEOMETRIC_REPRESENTATION_CONTEXT ( 3 ) GLOBAL_UNCERTAINTY_ASSIGNED_CONTEXT ( ( #2397 ) ) GLOBAL_UNIT_ASSIGNED_CONTEXT ( ( #1960, #596, #2175 ) ) REPRESENTATION_CONTEXT ( 'NONE', 'WORKASPACE' ) );
#1753 = EDGE_CURVE ( 'NONE', #359, #2237, #2231, .T. ) ;
#1754 =( NAMED_UNIT ( * ) SI_UNIT ( $, .STERADIAN. ) SOLID_ANGLE_UNIT ( ) );
#1755 = ORIENTED_EDGE ( 'NONE', *, *, #457, .T. ) ;
#1756 = SURFACE_STYLE_FILL_AREA ( #2465 ) ;
#1757 = ORIENTED_EDGE ( 'NONE', *, *, #161, .F. ) ;
#1758 = CARTESIAN_POINT ( 'NONE',  ( -0.7500160100379680284, 0.1400000000000000133, 0.6293305463606210237 ) ) ;
#1759 = ORIENTED_EDGE ( 'NONE', *, *, #2881, .F. ) ;
#1760 = DIRECTION ( 'NONE',  ( -0.0000000000000000000, 1.000000000000000000, -0.0000000000000000000 ) ) ;
#1761 =( NAMED_UNIT ( * ) PLANE_ANGLE_UNIT ( ) SI_UNIT ( $, .RADIAN. ) );
#1762 = STYLED_ITEM ( 'NONE', ( #998 ), #2838 ) ;
#1763 = SURFACE_SIDE_STYLE ('',( #2370 ) ) ;
#1764 = CYLINDRICAL_SURFACE ( 'NONE', #1604, 0.07999999999999998779 ) ;
#1765 = SURFACE_SIDE_STYLE ('',( #234 ) ) ;
#1766 = ORIENTED_EDGE ( 'NONE', *, *, #2033, .F. ) ;
#1767 = EDGE_CURVE ( 'NONE', #2271, #1283, #1342, .T. ) ;
#1768 = EDGE_LOOP ( 'NONE', ( #674, #1248, #1111, #427 ) ) ;
#1769 = DIRECTION ( 'NONE',  ( 0.7071067811865493491, 0.0000000000000000000, 0.7071067811865456854 ) ) ;
#1770 = ORIENTED_EDGE ( 'NONE', *, *, #2062, .T. ) ;
#1771 = CARTESIAN_POINT ( 'NONE',  ( -0.8300160100379679884, 0.0000000000000000000, -0.8848115892631098767 ) ) ;
#1772 = FILL_AREA_STYLE ('',( #1289 ) ) ;
#1773 = VECTOR ( 'NONE', #1519, 1000.000000000000114 ) ;
#1774 = ADVANCED_FACE ( 'NONE', ( #2684 ), #2415, .F. ) ;
#1775 = PRESENTATION_STYLE_ASSIGNMENT (( #662 ) ) ;
#1776 = DIRECTION ( 'NONE',  ( 0.0000000000000000000, -1.000000000000000000, 0.0000000000000000000 ) ) ;
#1777 = DIRECTION ( 'NONE',  ( -0.0000000000000000000, 1.000000000000000000, -0.0000000000000000000 ) ) ;
#1778 = COLOUR_RGB ( '',0.09803921568627450844, 0.09803921568627450844, 0.09803921568627450844 ) ;
#1779 = CARTESIAN_POINT ( 'NONE',  ( -0.7199999999999999734, 0.4000000000000000222, 0.4699999999999999734 ) ) ;
#1780 = STYLED_ITEM ( 'NONE', ( #1480 ), #351 ) ;
#1781 = COLOUR_RGB ( '',0.7529411764705882248, 0.7529411764705882248, 0.7529411764705882248 ) ;
#1782 =( NAMED_UNIT ( * ) PLANE_ANGLE_UNIT ( ) SI_UNIT ( $, .RADIAN. ) );
#1783 = CIRCLE ( 'NONE', #233, 0.07999999999999998779 ) ;
#1784 = VERTEX_POINT ( 'NONE', #1555 ) ;
#1785 = ORIENTED_EDGE ( 'NONE', *, *, #1853, .T. ) ;
#1786 = LINE ( 'NONE', #1350, #57 ) ;
#1787 = STYLED_ITEM ( 'NONE', ( #960 ), #2150 ) ;
#1788 = ADVANCED_FACE ( 'NONE', ( #1827 ), #2265, .T. ) ;
#1789 = EDGE_LOOP ( 'NONE', ( #1876, #920, #2206, #2499 ) ) ;
#1790 = LINE ( 'NONE', #242, #1878 ) ;
#1791 = AXIS2_PLACEMENT_3D ( 'NONE', #1002, #1899, #298 ) ;
#1792 = SURFACE_STYLE_USAGE ( .BOTH. , #872 ) ;
#1793 = SURFACE_STYLE_USAGE ( .BOTH. , #650 ) ;
#1794 = CARTESIAN_POINT ( 'NONE',  ( -0.7000000000000000666, 0.7800000000000001377, 0.4699999999999999178 ) ) ;
#1795 = DIRECTION ( 'NONE',  ( -1.000000000000000000, 0.0000000000000000000, 0.0000000000000000000 ) ) ;
#1796 = LINE ( 'NONE', #1181, #1895 ) ;
#1797 = STYLED_ITEM ( 'NONE', ( #318 ), #1433 ) ;
#1798 = CARTESIAN_POINT ( 'NONE',  ( 2.074110115547794564, 0.3400000000000000244, -0.7606282291601030865 ) ) ;
#1799 = DIRECTION ( 'NONE',  ( -0.0000000000000000000, -1.000000000000000000, -0.0000000000000000000 ) ) ;
#1800 = CARTESIAN_POINT ( 'NONE',  ( -0.7450160100379669137, 0.02000000000000000042, 0.4643305463606199335 ) ) ;
#1801 = VERTEX_POINT ( 'NONE', #1196 ) ;
#1802 = ORIENTED_EDGE ( 'NONE', *, *, #2696, .T. ) ;
#1803 = CARTESIAN_POINT ( 'NONE',  ( -0.7500160100379680284, 0.0000000000000000000, -0.8848115892631099877 ) ) ;
#1804 = EDGE_LOOP ( 'NONE', ( #1144, #816, #940, #2408, #769, #96 ) ) ;
#1805 = DIRECTION ( 'NONE',  ( 0.0000000000000000000, 1.000000000000000000, 0.0000000000000000000 ) ) ;
#1806 = LINE ( 'NONE', #945, #741 ) ;
#1807 = CARTESIAN_POINT ( 'NONE',  ( -0.8300160100379679884, 0.0000000000000000000, 0.6293305463606210237 ) ) ;
#1808 = ORIENTED_EDGE ( 'NONE', *, *, #79, .F. ) ;
#1809 = CARTESIAN_POINT ( 'NONE',  ( -0.7000000000000001776, 0.7800000000000000266, 0.4934314575050761653 ) ) ;
#1810 = CARTESIAN_POINT ( 'NONE',  ( 2.177055057773897850, 0.3200000000000000067, -0.6293305463606210237 ) ) ;
#1811 = DIRECTION ( 'NONE',  ( 0.0000000000000000000, 0.0000000000000000000, -1.000000000000000000 ) ) ;
#1812 = CARTESIAN_POINT ( 'NONE',  ( 2.014110115547794955, 0.3400000000000000244, 0.4699999999999999734 ) ) ;
#1813 = EDGE_CURVE ( 'NONE', #611, #636, #1796, .T. ) ;
#1814 = FILL_AREA_STYLE_COLOUR ( '', #1489 ) ;
#1815 = VERTEX_POINT ( 'NONE', #2509 ) ;
#1816 = ORIENTED_EDGE ( 'NONE', *, *, #109, .T. ) ;
#1817 = LINE ( 'NONE', #1337, #827 ) ;
#1818 = ORIENTED_EDGE ( 'NONE', *, *, #2202, .F. ) ;
#1819 = LINE ( 'NONE', #689, #2204 ) ;
#1820 = CARTESIAN_POINT ( 'NONE',  ( 2.065825844300332559, 0.7800000000000002487, -0.7254810429024888263 ) ) ;
#1821 = CARTESIAN_POINT ( 'NONE',  ( -0.6600000000000000311, 0.7800000000000001377, 0.5100000000000000089 ) ) ;
#1822 = VERTEX_POINT ( 'NONE', #948 ) ;
#1823 = CARTESIAN_POINT ( 'NONE',  ( -0.04501601003796699974, 0.02000000000000000042, 0.5422594785487550029 ) ) ;
#1824 = PRESENTATION_STYLE_ASSIGNMENT (( #720 ) ) ;
#1825 = EDGE_CURVE ( 'NONE', #2506, #2827, #1155, .T. ) ;
#1826 = CARTESIAN_POINT ( 'NONE',  ( 2.074110115547794120, 0.3282842712474615676, -0.7254810429024888263 ) ) ;
#1827 = FACE_OUTER_BOUND ( 'NONE', #2480, .T. ) ;
#1828 = ADVANCED_FACE ( 'NONE', ( #1600 ), #261, .F. ) ;
#1829 = DIRECTION ( 'NONE',  ( 0.0000000000000000000, 1.000000000000000000, 0.0000000000000000000 ) ) ;
#1830 = DIRECTION ( 'NONE',  ( 0.0000000000000000000, -1.000000000000000000, 0.0000000000000000000 ) ) ;
#1831 = VECTOR ( 'NONE', #195, 1000.000000000000000 ) ;
#1832 = ORIENTED_EDGE ( 'NONE', *, *, #1414, .F. ) ;
#1833 = CARTESIAN_POINT ( 'NONE',  ( 0.7199999999999999734, 0.4000000000000000222, 0.5300000000000001377 ) ) ;
#1834 = MECHANICAL_DESIGN_GEOMETRIC_PRESENTATION_REPRESENTATION (  '', ( #2009 ), #1735 ) ;
#1835 = ORIENTED_EDGE ( 'NONE', *, *, #1117, .F. ) ;
#1836 = PRESENTATION_STYLE_ASSIGNMENT (( #1622 ) ) ;
#1837 = VECTOR ( 'NONE', #2617, 1000.000000000000000 ) ;
#1838 = LINE ( 'NONE', #2712, #2882 ) ;
#1839 = AXIS2_PLACEMENT_3D ( 'NONE', #1771, #1805, #2673 ) ;
#1840 = ORIENTED_EDGE ( 'NONE', *, *, #133, .F. ) ;
#1841 = DIRECTION ( 'NONE',  ( -0.0000000000000000000, 1.000000000000000000, -0.0000000000000000000 ) ) ;
#1842 = DIRECTION ( 'NONE',  ( 1.000000000000000000, -0.0000000000000000000, -0.0000000000000000000 ) ) ;
#1843 = MECHANICAL_DESIGN_GEOMETRIC_PRESENTATION_REPRESENTATION (  '', ( #2162 ), #2642 ) ;
#1844 = FILL_AREA_STYLE ('',( #2477 ) ) ;
#1845 =( LENGTH_UNIT ( ) NAMED_UNIT ( * ) SI_UNIT ( .MILLI., .METRE. ) );
#1846 = LINE ( 'NONE', #900, #2380 ) ;
#1847 =( GEOMETRIC_REPRESENTATION_CONTEXT ( 3 ) GLOBAL_UNCERTAINTY_ASSIGNED_CONTEXT ( ( #2550 ) ) GLOBAL_UNIT_ASSIGNED_CONTEXT ( ( #2153, #567, #578 ) ) REPRESENTATION_CONTEXT ( 'NONE', 'WORKASPACE' ) );
#1848 = ORIENTED_EDGE ( 'NONE', *, *, #805, .T. ) ;
#1849 = PLANE ( 'NONE',  #146 ) ;
#1850 = SURFACE_SIDE_STYLE ('',( #534 ) ) ;
#1851 = ORIENTED_EDGE ( 'NONE', *, *, #1042, .T. ) ;
#1852 =( NAMED_UNIT ( * ) PLANE_ANGLE_UNIT ( ) SI_UNIT ( $, .RADIAN. ) );
#1853 = EDGE_CURVE ( 'NONE', #621, #266, #1479, .T. ) ;
#1854 = CARTESIAN_POINT ( 'NONE',  ( -0.7199999999999996403, 0.7717157287525380216, -0.7254810429024886043 ) ) ;
#1855 = SURFACE_SIDE_STYLE ('',( #2799 ) ) ;
#1856 = AXIS2_PLACEMENT_3D ( 'NONE', #1103, #1750, #1280 ) ;
#1857 = CARTESIAN_POINT ( 'NONE',  ( -0.8229449422261019276, 0.01999999999999999695, -0.7977405214512449660 ) ) ;
#1858 = ORIENTED_EDGE ( 'NONE', *, *, #681, .F. ) ;
#1859 = MECHANICAL_DESIGN_GEOMETRIC_PRESENTATION_REPRESENTATION (  '', ( #2228 ), #170 ) ;
#1860 = FILL_AREA_STYLE ('',( #1162 ) ) ;
#1861 = PLANE ( 'NONE',  #936 ) ;
#1862 = ORIENTED_EDGE ( 'NONE', *, *, #2777, .T. ) ;
#1863 = FILL_AREA_STYLE ('',( #1877 ) ) ;
#1864 = DIRECTION ( 'NONE',  ( -0.7071067811865475727, 0.0000000000000000000, 0.7071067811865475727 ) ) ;
#1865 = CARTESIAN_POINT ( 'NONE',  ( -0.8310160100379679893, 0.7800000000000001377, 0.5099999999999998979 ) ) ;
#1866 = FILL_AREA_STYLE_COLOUR ( '', #2570 ) ;
#1867 = SURFACE_STYLE_USAGE ( .BOTH. , #1629 ) ;
#1868 = VECTOR ( 'NONE', #631, 1000.000000000000000 ) ;
#1869 =( NAMED_UNIT ( * ) SI_UNIT ( $, .STERADIAN. ) SOLID_ANGLE_UNIT ( ) );
#1870 = FILL_AREA_STYLE_COLOUR ( '', #2440 ) ;
#1871 =( NAMED_UNIT ( * ) SI_UNIT ( $, .STERADIAN. ) SOLID_ANGLE_UNIT ( ) );
#1872 = FACE_OUTER_BOUND ( 'NONE', #1287, .T. ) ;
#1873 = CIRCLE ( 'NONE', #1347, 0.08735771774662215439 ) ;
#1874 = EDGE_CURVE ( 'NONE', #369, #793, #445, .T. ) ;
#1875 =( GEOMETRIC_REPRESENTATION_CONTEXT ( 3 ) GLOBAL_UNCERTAINTY_ASSIGNED_CONTEXT ( ( #436 ) ) GLOBAL_UNIT_ASSIGNED_CONTEXT ( ( #329, #2120, #1256 ) ) REPRESENTATION_CONTEXT ( 'NONE', 'WORKASPACE' ) );
#1876 = ORIENTED_EDGE ( 'NONE', *, *, #593, .T. ) ;
#1877 = FILL_AREA_STYLE_COLOUR ( '', #1781 ) ;
#1878 = VECTOR ( 'NONE', #1577, 1000.000000000000000 ) ;
#1879 = SURFACE_STYLE_FILL_AREA ( #1262 ) ;
#1880 = PRESENTATION_LAYER_ASSIGNMENT (  '', '', ( #1408 ) ) ;
#1881 =( NAMED_UNIT ( * ) SI_UNIT ( $, .STERADIAN. ) SOLID_ANGLE_UNIT ( ) );
#1882 = SURFACE_SIDE_STYLE ('',( #982 ) ) ;
#1883 = CYLINDRICAL_SURFACE ( 'NONE', #373, 0.06000000000000004635 ) ;
#1884 = CIRCLE ( 'NONE', #2357, 0.06000000000000004635 ) ;
#1885 = CARTESIAN_POINT ( 'NONE',  ( -0.7500160100379680284, 0.1400000000000000133, 0.6293305463606210237 ) ) ;
#1886 = AXIS2_PLACEMENT_3D ( 'NONE', #1360, #2264, #1154 ) ;
#1887 = SURFACE_STYLE_FILL_AREA ( #1202 ) ;
#1888 = CARTESIAN_POINT ( 'NONE',  ( 2.104126125585763063, 0.1400000000000000411, 0.6293305463606210237 ) ) ;
#1889 = PRESENTATION_LAYER_ASSIGNMENT (  '', '', ( #2889 ) ) ;
#1890 = DIRECTION ( 'NONE',  ( -0.0000000000000000000, 1.000000000000000000, -0.0000000000000000000 ) ) ;
#1891 = UNCERTAINTY_MEASURE_WITH_UNIT (LENGTH_MEASURE( 1.000000000000000082E-05 ), #1074, 'distance_accuracy_value', 'NONE');
#1892 = ORIENTED_EDGE ( 'NONE', *, *, #1911, .F. ) ;
#1893 = DIRECTION ( 'NONE',  ( -1.000000000000000000, 0.0000000000000000000, 0.0000000000000000000 ) ) ;
#1894 = FACE_OUTER_BOUND ( 'NONE', #783, .T. ) ;
#1895 = VECTOR ( 'NONE', #85, 1000.000000000000000 ) ;
#1896 =( NAMED_UNIT ( * ) SI_UNIT ( $, .STERADIAN. ) SOLID_ANGLE_UNIT ( ) );
#1897 =( NAMED_UNIT ( * ) PLANE_ANGLE_UNIT ( ) SI_UNIT ( $, .RADIAN. ) );
#1898 = ORIENTED_EDGE ( 'NONE', *, *, #376, .F. ) ;
#1899 = DIRECTION ( 'NONE',  ( -0.0000000000000000000, -0.0000000000000000000, 1.000000000000000000 ) ) ;
#1900 = CARTESIAN_POINT ( 'NONE',  ( -0.7429449422261019675, 0.3200000000000000067, 0.6222594785487549629 ) ) ;
#1901 = MECHANICAL_DESIGN_GEOMETRIC_PRESENTATION_REPRESENTATION (  '', ( #1331 ), #619 ) ;
#1902 = EDGE_CURVE ( 'NONE', #1624, #2398, #1139, .T. ) ;
#1903 = FACE_OUTER_BOUND ( 'NONE', #2479, .T. ) ;
#1904 = PRESENTATION_LAYER_ASSIGNMENT (  '', '', ( #397 ) ) ;
#1905 = SURFACE_SIDE_STYLE ('',( #576 ) ) ;
#1906 = EDGE_LOOP ( 'NONE', ( #1770, #1194, #2668, #451 ) ) ;
#1907 = FILL_AREA_STYLE_COLOUR ( '', #2737 ) ;
#1908 =( LENGTH_UNIT ( ) NAMED_UNIT ( * ) SI_UNIT ( .MILLI., .METRE. ) );
#1909 = FACE_OUTER_BOUND ( 'NONE', #2298, .T. ) ;
#1910 = CARTESIAN_POINT ( 'NONE',  ( -0.7282842712474617564, 0.3200000000000000067, 0.4699999999999998623 ) ) ;
#1911 = EDGE_CURVE ( 'NONE', #1957, #859, #1884, .T. ) ;
#1912 = CARTESIAN_POINT ( 'NONE',  ( -0.8300160100379676553, 0.1400000000000000133, -0.8048115892631096946 ) ) ;
#1913 = ORIENTED_EDGE ( 'NONE', *, *, #24, .T. ) ;
#1914 = LINE ( 'NONE', #2377, #2495 ) ;
#1915 = VECTOR ( 'NONE', #356, 1000.000000000000000 ) ;
#1916 = CARTESIAN_POINT ( 'NONE',  ( 0.7199999999999999734, 0.3400000000000000244, 0.5500000000000000444 ) ) ;
#1917 = VERTEX_POINT ( 'NONE', #1361 ) ;
#1918 = CARTESIAN_POINT ( 'NONE',  ( 2.104126125585763063, 0.02000000000000000042, -0.8848115892631099877 ) ) ;
#1919 = SURFACE_SIDE_STYLE ('',( #1021 ) ) ;
#1920 = FILL_AREA_STYLE_COLOUR ( '', #1512 ) ;
#1921 = COLOUR_RGB ( '',0.8392156862745098200, 0.4470588235294117307, 0.3882352941176470673 ) ;
#1922 = AXIS2_PLACEMENT_3D ( 'NONE', #1648, #262, #951 ) ;
#1923 = VECTOR ( 'NONE', #863, 1000.000000000000000 ) ;
#1924 = DIRECTION ( 'NONE',  ( -0.7071067811865474617, 0.0000000000000000000, -0.7071067811865474617 ) ) ;
#1925 = AXIS2_PLACEMENT_3D ( 'NONE', #2804, #2079, #2577 ) ;
#1926 = FILL_AREA_STYLE ('',( #366 ) ) ;
#1927 =( GEOMETRIC_REPRESENTATION_CONTEXT ( 3 ) GLOBAL_UNCERTAINTY_ASSIGNED_CONTEXT ( ( #610 ) ) GLOBAL_UNIT_ASSIGNED_CONTEXT ( ( #999, #277, #1896 ) ) REPRESENTATION_CONTEXT ( 'NONE', 'WORKASPACE' ) );
#1928 = AXIS2_PLACEMENT_3D ( 'NONE', #770, #265, #328 ) ;
#1929 = ORIENTED_EDGE ( 'NONE', *, *, #1091, .F. ) ;
#1930 = CARTESIAN_POINT ( 'NONE',  ( 2.014110115547794955, 0.3200000000000000067, 0.5500000000000001554 ) ) ;
#1931 = VECTOR ( 'NONE', #914, 1000.000000000000000 ) ;
#1932 = VECTOR ( 'NONE', #1613, 1000.000000000000114 ) ;
#1933 = ADVANCED_FACE ( 'NONE', ( #46 ), #2609, .F. ) ;
#1934 = ORIENTED_EDGE ( 'NONE', *, *, #1069, .F. ) ;
#1935 = DIRECTION ( 'NONE',  ( 0.0000000000000000000, 1.000000000000000000, 0.0000000000000000000 ) ) ;
#1936 = CARTESIAN_POINT ( 'NONE',  ( 2.049257301805409437, 0.7600000000000000089, -0.7854810429024892127 ) ) ;
#1937 = EDGE_CURVE ( 'NONE', #2076, #2383, #319, .T. ) ;
#1938 = FILL_AREA_STYLE ('',( #823 ) ) ;
#1939 = DIRECTION ( 'NONE',  ( -1.000000000000000000, 0.0000000000000000000, 0.0000000000000000000 ) ) ;
#1940 = VECTOR ( 'NONE', #1124, 999.9999999999998863 ) ;
#1941 =( NAMED_UNIT ( * ) PLANE_ANGLE_UNIT ( ) SI_UNIT ( $, .RADIAN. ) );
#1942 = EDGE_LOOP ( 'NONE', ( #1067, #2644, #2688, #196 ) ) ;
#1943 = CARTESIAN_POINT ( 'NONE',  ( 2.097055057773897779, 0.3200000000000000067, -0.8777405214512450371 ) ) ;
#1944 = EDGE_LOOP ( 'NONE', ( #1981, #826, #1226, #2047 ) ) ;
#1945 = EDGE_CURVE ( 'NONE', #1984, #1620, #997, .T. ) ;
#1946 = COLOUR_RGB ( '',0.8392156862745098200, 0.4470588235294117307, 0.3882352941176470673 ) ;
#1947 = UNCERTAINTY_MEASURE_WITH_UNIT (LENGTH_MEASURE( 1.000000000000000082E-05 ), #2793, 'distance_accuracy_value', 'NONE');
#1948 = ORIENTED_EDGE ( 'NONE', *, *, #996, .F. ) ;
#1949 = DIRECTION ( 'NONE',  ( 0.0000000000000000000, -1.000000000000000000, 0.0000000000000000000 ) ) ;
#1950 = FACE_OUTER_BOUND ( 'NONE', #2364, .T. ) ;
#1951 = SURFACE_SIDE_STYLE ('',( #847 ) ) ;
#1952 = CARTESIAN_POINT ( 'NONE',  ( 2.099126125585763170, 0.0000000000000000000, -0.1277405214512445097 ) ) ;
#1953 = DIRECTION ( 'NONE',  ( -0.0000000000000000000, -1.000000000000000000, 0.0000000000000000000 ) ) ;
#1954 = ORIENTED_EDGE ( 'NONE', *, *, #1050, .F. ) ;
#1955 = DIRECTION ( 'NONE',  ( 0.0000000000000000000, 0.0000000000000000000, -1.000000000000000000 ) ) ;
#1956 = DIRECTION ( 'NONE',  ( 0.0000000000000000000, -0.0000000000000000000, -1.000000000000000000 ) ) ;
#1957 = VERTEX_POINT ( 'NONE', #579 ) ;
#1958 =( GEOMETRIC_REPRESENTATION_CONTEXT ( 3 ) GLOBAL_UNCERTAINTY_ASSIGNED_CONTEXT ( ( #2607 ) ) GLOBAL_UNIT_ASSIGNED_CONTEXT ( ( #1845, #1897, #767 ) ) REPRESENTATION_CONTEXT ( 'NONE', 'WORKASPACE' ) );
#1959 = SURFACE_STYLE_FILL_AREA ( #2849 ) ;
#1960 =( LENGTH_UNIT ( ) NAMED_UNIT ( * ) SI_UNIT ( .MILLI., .METRE. ) );
#1961 = ADVANCED_FACE ( 'NONE', ( #1894 ), #1709, .F. ) ;
#1962 = PRESENTATION_STYLE_ASSIGNMENT (( #2441 ) ) ;
#1963 = SURFACE_SIDE_STYLE ('',( #177 ) ) ;
#1964 =( GEOMETRIC_REPRESENTATION_CONTEXT ( 3 ) GLOBAL_UNCERTAINTY_ASSIGNED_CONTEXT ( ( #1513 ) ) GLOBAL_UNIT_ASSIGNED_CONTEXT ( ( #1396, #784, #802 ) ) REPRESENTATION_CONTEXT ( 'NONE', 'WORKASPACE' ) );
#1965 = PRESENTATION_LAYER_ASSIGNMENT (  '', '', ( #2401 ) ) ;
#1966 = UNCERTAINTY_MEASURE_WITH_UNIT (LENGTH_MEASURE( 1.000000000000000082E-05 ), #1689, 'distance_accuracy_value', 'NONE');
#1967 = DIRECTION ( 'NONE',  ( 1.000000000000000000, -0.0000000000000000000, -0.0000000000000000000 ) ) ;
#1968 = VECTOR ( 'NONE', #815, 1000.000000000000000 ) ;
#1969 = ORIENTED_EDGE ( 'NONE', *, *, #2089, .F. ) ;
#1970 = STYLED_ITEM ( 'NONE', ( #2742 ), #752 ) ;
#1971 = CARTESIAN_POINT ( 'NONE',  ( 2.184126125585763134, 0.1400000000000000133, 0.6293305463606210237 ) ) ;
#1972 = CARTESIAN_POINT ( 'NONE',  ( 2.074110115547795896, 0.5500000000000000444, -0.7254810429024891594 ) ) ;
#1973 = MECHANICAL_DESIGN_GEOMETRIC_PRESENTATION_REPRESENTATION (  '', ( #2308 ), #2691 ) ;
#1974 = UNCERTAINTY_MEASURE_WITH_UNIT (LENGTH_MEASURE( 1.000000000000000082E-05 ), #1386, 'distance_accuracy_value', 'NONE');
#1975 = ORIENTED_EDGE ( 'NONE', *, *, #248, .F. ) ;
#1976 = CARTESIAN_POINT ( 'NONE',  ( 2.104126125585763063, 0.0000000000000000000, 0.6293305463606211347 ) ) ;
#1977 = COLOUR_RGB ( '',0.7529411764705882248, 0.7529411764705882248, 0.7529411764705882248 ) ;
#1978 = CARTESIAN_POINT ( 'NONE',  ( -0.6600000000000000311, 0.7800000000000001377, -0.7654810429024897500 ) ) ;
#1979 = ADVANCED_FACE ( 'NONE', ( #1909 ), #1235, .F. ) ;
#1980 = CARTESIAN_POINT ( 'NONE',  ( 2.059519116339187050, 0.3200000000000000067, -0.8047917101128799766 ) ) ;
#1981 = ORIENTED_EDGE ( 'NONE', *, *, #2072, .F. ) ;
#1982 = AXIS2_PLACEMENT_3D ( 'NONE', #1812, #1332, #1317 ) ;
#1983 = ORIENTED_EDGE ( 'NONE', *, *, #2781, .T. ) ;
#1984 = VERTEX_POINT ( 'NONE', #1536 ) ;
#1985 = PLANE ( 'NONE',  #1541 ) ;
#1986 = ADVANCED_FACE ( 'NONE', ( #1989 ), #393, .F. ) ;
#1987 = ORIENTED_EDGE ( 'NONE', *, *, #424, .T. ) ;
#1988 = CARTESIAN_POINT ( 'NONE',  ( -0.7450160100379670247, 0.02000000000000000042, 0.1566571813602919971 ) ) ;
#1989 = FACE_OUTER_BOUND ( 'NONE', #1322, .T. ) ;
#1990 = COLOUR_RGB ( '',0.8392156862745098200, 0.4470588235294117307, 0.3882352941176470673 ) ;
#1991 = PLANE ( 'NONE',  #1856 ) ;
#1992 = FILL_AREA_STYLE ('',( #1375 ) ) ;
#1993 =( LENGTH_UNIT ( ) NAMED_UNIT ( * ) SI_UNIT ( .MILLI., .METRE. ) );
#1994 = FILL_AREA_STYLE ('',( #2146 ) ) ;
#1995 = VERTEX_POINT ( 'NONE', #1056 ) ;
#1996 = ADVANCED_FACE ( 'NONE', ( #1950 ), #1570, .T. ) ;
#1997 =( LENGTH_UNIT ( ) NAMED_UNIT ( * ) SI_UNIT ( .MILLI., .METRE. ) );
#1998 = VERTEX_POINT ( 'NONE', #1134 ) ;
#1999 = ORIENTED_EDGE ( 'NONE', *, *, #1369, .T. ) ;
#2000 = VERTEX_POINT ( 'NONE', #703 ) ;
#2001 = LINE ( 'NONE', #2257, #2879 ) ;
#2002 = FILL_AREA_STYLE_COLOUR ( '', #417 ) ;
#2003 = PRESENTATION_LAYER_ASSIGNMENT (  '', '', ( #454 ) ) ;
#2004 = CARTESIAN_POINT ( 'NONE',  ( 2.074110115547795896, 0.3400000000000000244, -0.1277405214512445653 ) ) ;
#2005 = CARTESIAN_POINT ( 'NONE',  ( -0.6600000000000000311, 0.4000000000000000222, 0.4699999999999999734 ) ) ;
#2006 =( NAMED_UNIT ( * ) PLANE_ANGLE_UNIT ( ) SI_UNIT ( $, .RADIAN. ) );
#2007 = PRESENTATION_LAYER_ASSIGNMENT (  '', '', ( #58 ) ) ;
#2008 = CARTESIAN_POINT ( 'NONE',  ( 0.6770550577738977394, 0.3200000000000000067, -0.8054810429026411089 ) ) ;
#2009 = STYLED_ITEM ( 'NONE', ( #601 ), #398 ) ;
#2010 = COLOUR_RGB ( '',0.7529411764705882248, 0.7529411764705882248, 0.7529411764705882248 ) ;
#2011 = PRESENTATION_LAYER_ASSIGNMENT (  '', '', ( #2447 ) ) ;
#2012 = ORIENTED_EDGE ( 'NONE', *, *, #1627, .T. ) ;
#2013 = ORIENTED_EDGE ( 'NONE', *, *, #1168, .T. ) ;
#2014 = CARTESIAN_POINT ( 'NONE',  ( 2.014110115547794955, 0.3400000000000000244, -0.8054810429024891194 ) ) ;
#2015 = MECHANICAL_DESIGN_GEOMETRIC_PRESENTATION_REPRESENTATION (  '', ( #651 ), #152 ) ;
#2016 = ORIENTED_EDGE ( 'NONE', *, *, #1874, .F. ) ;
#2017 = DIRECTION ( 'NONE',  ( 0.0000000000000000000, 0.0000000000000000000, -1.000000000000000000 ) ) ;
#2018 = DIRECTION ( 'NONE',  ( 0.0000000000000000000, 0.0000000000000000000, -1.000000000000000000 ) ) ;
#2019 = MECHANICAL_DESIGN_GEOMETRIC_PRESENTATION_REPRESENTATION (  '', ( #1743 ), #1229 ) ;
#2020 = PLANE ( 'NONE',  #2637 ) ;
#2021 = CIRCLE ( 'NONE', #836, 0.02000000000000005246 ) ;
#2022 = PRESENTATION_STYLE_ASSIGNMENT (( #2679 ) ) ;
#2023 = EDGE_CURVE ( 'NONE', #2469, #2900, #2273, .T. ) ;
#2024 = SURFACE_STYLE_USAGE ( .BOTH. , #1765 ) ;
#2025 = ORIENTED_EDGE ( 'NONE', *, *, #92, .F. ) ;
#2026 = ORIENTED_EDGE ( 'NONE', *, *, #2810, .F. ) ;
#2027 = SURFACE_STYLE_FILL_AREA ( #1145 ) ;
#2028 = FILL_AREA_STYLE ('',( #1146 ) ) ;
#2029 = STYLED_ITEM ( 'NONE', ( #70 ), #1788 ) ;
#2030 = EDGE_LOOP ( 'NONE', ( #2483, #1766, #918, #535, #2045, #1101 ) ) ;
#2031 = LINE ( 'NONE', #2693, #873 ) ;
#2032 = SURFACE_SIDE_STYLE ('',( #52 ) ) ;
#2033 = EDGE_CURVE ( 'NONE', #547, #137, #1806, .T. ) ;
#2034 = SURFACE_STYLE_USAGE ( .BOTH. , #1437 ) ;
#2035 = ORIENTED_EDGE ( 'NONE', *, *, #433, .F. ) ;
#2036 = LINE ( 'NONE', #246, #1694 ) ;
#2037 = LINE ( 'NONE', #1751, #609 ) ;
#2038 =( NAMED_UNIT ( * ) SI_UNIT ( $, .STERADIAN. ) SOLID_ANGLE_UNIT ( ) );
#2039 = AXIS2_PLACEMENT_3D ( 'NONE', #2097, #2811, #766 ) ;
#2040 = CARTESIAN_POINT ( 'NONE',  ( -0.7117157287525379683, 0.7800000000000000266, -0.7254810429024886043 ) ) ;
#2041 = DIRECTION ( 'NONE',  ( -0.7071067811865480168, 0.0000000000000000000, 0.7071067811865470176 ) ) ;
#2042 = CARTESIAN_POINT ( 'NONE',  ( 1.399126125585762770, 0.02000000000000000042, -0.6293305463606210237 ) ) ;
#2043 = EDGE_LOOP ( 'NONE', ( #656, #906, #2689, #1862 ) ) ;
#2044 = CYLINDRICAL_SURFACE ( 'NONE', #2421, 0.08000000000000052902 ) ;
#2045 = ORIENTED_EDGE ( 'NONE', *, *, #2648, .F. ) ;
#2046 = FILL_AREA_STYLE ('',( #2002 ) ) ;
#2047 = ORIENTED_EDGE ( 'NONE', *, *, #2605, .F. ) ;
#2048 = CARTESIAN_POINT ( 'NONE',  ( -0.8300160100379679884, 0.1400000000000000133, 0.6293305463606210237 ) ) ;
#2049 = DIRECTION ( 'NONE',  ( 0.0000000000000000000, -1.000000000000000000, 0.0000000000000000000 ) ) ;
#2050 = PRESENTATION_LAYER_ASSIGNMENT (  '', '', ( #14 ) ) ;
#2051 = CARTESIAN_POINT ( 'NONE',  ( 2.014110115547794955, 0.3282842712474615676, -0.7854810429024891016 ) ) ;
#2052 = CARTESIAN_POINT ( 'NONE',  ( 2.014110115547794955, 0.4000000000000000222, -0.7254810429024891594 ) ) ;
#2053 = COLOUR_RGB ( '',0.7529411764705882248, 0.7529411764705882248, 0.7529411764705882248 ) ;
#2054 = CARTESIAN_POINT ( 'NONE',  ( -0.7450160100379670247, 0.02000000000000000042, 0.4643305463606199335 ) ) ;
#2055 =( GEOMETRIC_REPRESENTATION_CONTEXT ( 3 ) GLOBAL_UNCERTAINTY_ASSIGNED_CONTEXT ( ( #1061 ) ) GLOBAL_UNIT_ASSIGNED_CONTEXT ( ( #807, #1524, #2412 ) ) REPRESENTATION_CONTEXT ( 'NONE', 'WORKASPACE' ) );
#2056 = SURFACE_STYLE_FILL_AREA ( #1170 ) ;
#2057 = STYLED_ITEM ( 'NONE', ( #2335 ), #1107 ) ;
#2058 = EDGE_LOOP ( 'NONE', ( #1469, #1848, #1485, #1757, #1507, #63 ) ) ;
#2059 = DIRECTION ( 'NONE',  ( 0.0000000000000000000, -1.000000000000000000, 0.0000000000000000000 ) ) ;
#2060 = CARTESIAN_POINT ( 'NONE',  ( -0.8300160100379679884, 0.1400000000000000133, -0.8848115892631098767 ) ) ;
#2061 = MECHANICAL_DESIGN_GEOMETRIC_PRESENTATION_REPRESENTATION (  '', ( #2496 ), #1506 ) ;
#2062 = EDGE_CURVE ( 'NONE', #8, #2721, #922, .T. ) ;
#2063 = AXIS2_PLACEMENT_3D ( 'NONE', #1387, #270, #1174 ) ;
#2064 = FACE_OUTER_BOUND ( 'NONE', #891, .T. ) ;
#2065 = COLOUR_RGB ( '',0.8392156862745098200, 0.4470588235294117307, 0.3882352941176470673 ) ;
#2066 = ORIENTED_EDGE ( 'NONE', *, *, #1378, .F. ) ;
#2067 =( LENGTH_UNIT ( ) NAMED_UNIT ( * ) SI_UNIT ( .MILLI., .METRE. ) );
#2068 = VECTOR ( 'NONE', #352, 1000.000000000000000 ) ;
#2069 = CARTESIAN_POINT ( 'NONE',  ( -0.6600000000000001421, 0.7717157287525380216, -0.7854810429024891016 ) ) ;
#2070 = SURFACE_STYLE_USAGE ( .BOTH. , #1855 ) ;
#2071 = AXIS2_PLACEMENT_3D ( 'NONE', #2763, #1864, #976 ) ;
#2072 = EDGE_CURVE ( 'NONE', #1558, #1534, #1562, .T. ) ;
#2073 = DIRECTION ( 'NONE',  ( 0.0000000000000000000, -1.000000000000000000, 0.0000000000000000000 ) ) ;
#2074 = MECHANICAL_DESIGN_GEOMETRIC_PRESENTATION_REPRESENTATION (  '', ( #2889 ), #2649 ) ;
#2075 = FACE_OUTER_BOUND ( 'NONE', #2902, .T. ) ;
#2076 = VERTEX_POINT ( 'NONE', #1372 ) ;
#2077 = LINE ( 'NONE', #312, #2636 ) ;
#2078 = PRODUCT_CONTEXT ( 'NONE', #835, 'mechanical' ) ;
#2079 = DIRECTION ( 'NONE',  ( -0.0000000000000000000, 1.000000000000000000, 0.0000000000000000000 ) ) ;
#2080 = EDGE_CURVE ( 'NONE', #718, #2469, #1838, .T. ) ;
#2081 = VERTEX_POINT ( 'NONE', #2259 ) ;
#2082 = VECTOR ( 'NONE', #497, 1000.000000000000000 ) ;
#2083 = SURFACE_STYLE_USAGE ( .BOTH. , #2775 ) ;
#2084 = CARTESIAN_POINT ( 'NONE',  ( 0.7199999999999999734, 0.3200000000000000067, 0.5500000000000000444 ) ) ;
#2085 = FILL_AREA_STYLE_COLOUR ( '', #538 ) ;
#2086 = FILL_AREA_STYLE ('',( #495 ) ) ;
#2087 = PRESENTATION_LAYER_ASSIGNMENT (  '', '', ( #2472 ) ) ;
#2088 =( NAMED_UNIT ( * ) SI_UNIT ( $, .STERADIAN. ) SOLID_ANGLE_UNIT ( ) );
#2089 = EDGE_CURVE ( 'NONE', #2081, #2398, #649, .T. ) ;
#2090 = FACE_OUTER_BOUND ( 'NONE', #2043, .T. ) ;
#2091 = PLANE ( 'NONE',  #2834 ) ;
#2092 = DIRECTION ( 'NONE',  ( 0.0000000000000000000, 0.0000000000000000000, -1.000000000000000000 ) ) ;
#2093 = UNCERTAINTY_MEASURE_WITH_UNIT (LENGTH_MEASURE( 1.000000000000000082E-05 ), #854, 'distance_accuracy_value', 'NONE');
#2094 = VERTEX_POINT ( 'NONE', #443 ) ;
#2095 = DIRECTION ( 'NONE',  ( 1.241106338915804791E-15, 0.0000000000000000000, -1.000000000000000000 ) ) ;
#2096 = SURFACE_SIDE_STYLE ('',( #2537 ) ) ;
#2097 = CARTESIAN_POINT ( 'NONE',  ( 2.184126125585763134, 0.3200000000000000067, -0.8848115892631099877 ) ) ;
#2098 = CYLINDRICAL_SURFACE ( 'NONE', #380, 0.02000000000000005246 ) ;
#2099 = SURFACE_STYLE_USAGE ( .BOTH. , #309 ) ;
#2100 = PLANE ( 'NONE',  #734 ) ;
#2101 = FILL_AREA_STYLE_COLOUR ( '', #988 ) ;
#2102 = DIRECTION ( 'NONE',  ( 0.0000000000000000000, 0.0000000000000000000, -1.000000000000000000 ) ) ;
#2103 = EDGE_CURVE ( 'NONE', #2861, #1620, #2485, .T. ) ;
#2104 =( NAMED_UNIT ( * ) PLANE_ANGLE_UNIT ( ) SI_UNIT ( $, .RADIAN. ) );
#2105 =( GEOMETRIC_REPRESENTATION_CONTEXT ( 3 ) GLOBAL_UNCERTAINTY_ASSIGNED_CONTEXT ( ( #2174 ) ) GLOBAL_UNIT_ASSIGNED_CONTEXT ( ( #532, #73, #541 ) ) REPRESENTATION_CONTEXT ( 'NONE', 'WORKASPACE' ) );
#2106 =( NAMED_UNIT ( * ) SI_UNIT ( $, .STERADIAN. ) SOLID_ANGLE_UNIT ( ) );
#2107 = COLOUR_RGB ( '',0.7529411764705882248, 0.7529411764705882248, 0.7529411764705882248 ) ;
#2108 = ADVANCED_FACE ( 'NONE', ( #225 ), #2287, .F. ) ;
#2109 = ORIENTED_EDGE ( 'NONE', *, *, #496, .F. ) ;
#2110 = CARTESIAN_POINT ( 'NONE',  ( -0.8300160100379679884, 0.1400000000000000133, -0.8848115892631099877 ) ) ;
#2111 = DIRECTION ( 'NONE',  ( -1.000000000000000000, -0.0000000000000000000, -0.0000000000000000000 ) ) ;
#2112 = LINE ( 'NONE', #2142, #2278 ) ;
#2113 = FACE_OUTER_BOUND ( 'NONE', #67, .T. ) ;
#2114 = PRESENTATION_STYLE_ASSIGNMENT (( #2070 ) ) ;
#2115 = COLOUR_RGB ( '',0.7529411764705882248, 0.7529411764705882248, 0.7529411764705882248 ) ;
#2116 = ADVANCED_FACE ( 'NONE', ( #2064 ), #716, .F. ) ;
#2117 = AXIS2_PLACEMENT_3D ( 'NONE', #2425, #402, #1102 ) ;
#2118 = ORIENTED_EDGE ( 'NONE', *, *, #721, .T. ) ;
#2119 =( NAMED_UNIT ( * ) SI_UNIT ( $, .STERADIAN. ) SOLID_ANGLE_UNIT ( ) );
#2120 =( NAMED_UNIT ( * ) PLANE_ANGLE_UNIT ( ) SI_UNIT ( $, .RADIAN. ) );
#2121 = DIRECTION ( 'NONE',  ( 0.0000000000000000000, -1.000000000000000000, 0.0000000000000000000 ) ) ;
#2122 = CYLINDRICAL_SURFACE ( 'NONE', #2883, 0.08735771774662215439 ) ;
#2123 = ORIENTED_EDGE ( 'NONE', *, *, #1702, .F. ) ;
#2124 = SURFACE_SIDE_STYLE ('',( #2399 ) ) ;
#2125 = EDGE_CURVE ( 'NONE', #2191, #121, #2640, .T. ) ;
#2126 = FILL_AREA_STYLE ('',( #1209 ) ) ;
#2127 = VECTOR ( 'NONE', #447, 1000.000000000000114 ) ;
#2128 = CARTESIAN_POINT ( 'NONE',  ( -0.7199999999999999734, 0.3282842712474618452, 0.5051471862576141225 ) ) ;
#2129 = CYLINDRICAL_SURFACE ( 'NONE', #1216, 0.02000000000000005246 ) ;
#2130 = CYLINDRICAL_SURFACE ( 'NONE', #1049, 0.05999999999999994227 ) ;
#2131 = EDGE_LOOP ( 'NONE', ( #870, #844, #1335, #1374 ) ) ;
#2132 = CARTESIAN_POINT ( 'NONE',  ( 2.184126125585763134, 0.3200000000000000067, -0.8848115892631099877 ) ) ;
#2133 = SURFACE_STYLE_USAGE ( .BOTH. , #559 ) ;
#2134 = VECTOR ( 'NONE', #1924, 1000.000000000000114 ) ;
#2135 = FACE_OUTER_BOUND ( 'NONE', #53, .T. ) ;
#2136 =( GEOMETRIC_REPRESENTATION_CONTEXT ( 3 ) GLOBAL_UNCERTAINTY_ASSIGNED_CONTEXT ( ( #2422 ) ) GLOBAL_UNIT_ASSIGNED_CONTEXT ( ( #1368, #2517, #1190 ) ) REPRESENTATION_CONTEXT ( 'NONE', 'WORKASPACE' ) );
#2137 = LINE ( 'NONE', #1052, #1544 ) ;
#2138 = ORIENTED_EDGE ( 'NONE', *, *, #205, .F. ) ;
#2139 = PRESENTATION_STYLE_ASSIGNMENT (( #1261 ) ) ;
#2140 = FILL_AREA_STYLE_COLOUR ( '', #342 ) ;
#2141 = EDGE_CURVE ( 'NONE', #2349, #841, #991, .T. ) ;
#2142 = CARTESIAN_POINT ( 'NONE',  ( -0.7199999999999999734, 0.3400000000000000244, 0.5300000000000001377 ) ) ;
#2143 =( NAMED_UNIT ( * ) PLANE_ANGLE_UNIT ( ) SI_UNIT ( $, .RADIAN. ) );
#2144 = DIRECTION ( 'NONE',  ( -0.7071067811865499042, 0.0000000000000000000, 0.7071067811865451302 ) ) ;
#2145 = VERTEX_POINT ( 'NONE', #315 ) ;
#2146 = FILL_AREA_STYLE_COLOUR ( '', #1459 ) ;
#2147 = LINE ( 'NONE', #1015, #2678 ) ;
#2148 = FILL_AREA_STYLE_COLOUR ( '', #1946 ) ;
#2149 = PLANE ( 'NONE',  #2200 ) ;
#2150 = ADVANCED_FACE ( 'NONE', ( #2590 ), #2122, .F. ) ;
#2151 = STYLED_ITEM ( 'NONE', ( #2453 ), #172 ) ;
#2152 = ORIENTED_EDGE ( 'NONE', *, *, #2556, .F. ) ;
#2153 =( LENGTH_UNIT ( ) NAMED_UNIT ( * ) SI_UNIT ( .MILLI., .METRE. ) );
#2154 = SURFACE_STYLE_USAGE ( .BOTH. , #98 ) ;
#2155 = VECTOR ( 'NONE', #76, 1000.000000000000000 ) ;
#2156 = PRESENTATION_LAYER_ASSIGNMENT (  '', '', ( #513 ) ) ;
#2157 = AXIS2_PLACEMENT_3D ( 'NONE', #1553, #344, #1242 ) ;
#2158 = DIRECTION ( 'NONE',  ( -0.0000000000000000000, 1.000000000000000000, -0.0000000000000000000 ) ) ;
#2159 = AXIS2_PLACEMENT_3D ( 'NONE', #456, #1354, #2017 ) ;
#2160 =( NAMED_UNIT ( * ) SI_UNIT ( $, .STERADIAN. ) SOLID_ANGLE_UNIT ( ) );
#2161 = COLOUR_RGB ( '',0.09803921568627450844, 0.09803921568627450844, 0.09803921568627450844 ) ;
#2162 = STYLED_ITEM ( 'NONE', ( #972 ), #2177 ) ;
#2163 = ORIENTED_EDGE ( 'NONE', *, *, #608, .F. ) ;
#2164 = DIRECTION ( 'NONE',  ( 1.000000000000000000, -0.0000000000000000000, -0.0000000000000000000 ) ) ;
#2165 = AXIS2_PLACEMENT_3D ( 'NONE', #113, #2582, #537 ) ;
#2166 =( NAMED_UNIT ( * ) SI_UNIT ( $, .STERADIAN. ) SOLID_ANGLE_UNIT ( ) );
#2167 = ORIENTED_EDGE ( 'NONE', *, *, #1316, .T. ) ;
#2168 = ORIENTED_EDGE ( 'NONE', *, *, #629, .F. ) ;
#2169 = PLANE ( 'NONE',  #1175 ) ;
#2170 = PLANE ( 'NONE',  #243 ) ;
#2171 = PRESENTATION_STYLE_ASSIGNMENT (( #617 ) ) ;
#2172 = CARTESIAN_POINT ( 'NONE',  ( 2.014110115547794955, 0.7600000000000000089, 0.5100000000000000089 ) ) ;
#2173 = AXIS2_PLACEMENT_3D ( 'NONE', #782, #1737, #2372 ) ;
#2174 = UNCERTAINTY_MEASURE_WITH_UNIT (LENGTH_MEASURE( 1.000000000000000082E-05 ), #532, 'distance_accuracy_value', 'NONE');
#2175 =( NAMED_UNIT ( * ) SI_UNIT ( $, .STERADIAN. ) SOLID_ANGLE_UNIT ( ) );
#2176 = ORIENTED_EDGE ( 'NONE', *, *, #842, .F. ) ;
#2177 = ADVANCED_FACE ( 'NONE', ( #80 ), #1861, .T. ) ;
#2178 = SURFACE_SIDE_STYLE ('',( #1037 ) ) ;
#2179 = AXIS2_PLACEMENT_3D ( 'NONE', #722, #2765, #482 ) ;
#2180 = FILL_AREA_STYLE ('',( #1038 ) ) ;
#2181 = PRESENTATION_LAYER_ASSIGNMENT (  '', '', ( #1762 ) ) ;
#2182 = UNCERTAINTY_MEASURE_WITH_UNIT (LENGTH_MEASURE( 1.000000000000000082E-05 ), #977, 'distance_accuracy_value', 'NONE');
#2183 = ORIENTED_EDGE ( 'NONE', *, *, #2290, .T. ) ;
#2184 = SURFACE_STYLE_USAGE ( .BOTH. , #1919 ) ;
#2185 = FILL_AREA_STYLE_COLOUR ( '', #2326 ) ;
#2186 = CARTESIAN_POINT ( 'NONE',  ( -0.7200000000000001954, 0.7599999999999998979, 0.5051471862576144556 ) ) ;
#2187 = CYLINDRICAL_SURFACE ( 'NONE', #7, 0.07999999999999998779 ) ;
#2188 = SURFACE_STYLE_USAGE ( .BOTH. , #130 ) ;
#2189 = ORIENTED_EDGE ( 'NONE', *, *, #310, .F. ) ;
#2190 = LINE ( 'NONE', #2451, #1108 ) ;
#2191 = VERTEX_POINT ( 'NONE', #2381 ) ;
#2192 = SURFACE_SIDE_STYLE ('',( #475 ) ) ;
#2193 = ORIENTED_EDGE ( 'NONE', *, *, #1295, .T. ) ;
#2194 = FACE_OUTER_BOUND ( 'NONE', #2058, .T. ) ;
#2195 = ADVANCED_FACE ( 'NONE', ( #2075 ), #74, .T. ) ;
#2196 =( NAMED_UNIT ( * ) PLANE_ANGLE_UNIT ( ) SI_UNIT ( $, .RADIAN. ) );
#2197 = COLOUR_RGB ( '',0.8980392156862745390, 0.8980392156862745390, 0.8980392156862745390 ) ;
#2198 = COLOUR_RGB ( '',0.7529411764705882248, 0.7529411764705882248, 0.7529411764705882248 ) ;
#2199 = MECHANICAL_DESIGN_GEOMETRIC_PRESENTATION_REPRESENTATION (  '', ( #232 ), #1220 ) ;
#2200 = AXIS2_PLACEMENT_3D ( 'NONE', #613, #790, #148 ) ;
#2201 = DIRECTION ( 'NONE',  ( 7.551468131361355822E-12, 5.421010862591284961E-15, 1.000000000000000000 ) ) ;
#2202 = EDGE_CURVE ( 'NONE', #455, #2358, #1652, .T. ) ;
#2203 = ORIENTED_EDGE ( 'NONE', *, *, #1168, .F. ) ;
#2204 = VECTOR ( 'NONE', #1116, 1000.000000000000000 ) ;
#2205 = PRESENTATION_STYLE_ASSIGNMENT (( #1306 ) ) ;
#2206 = ORIENTED_EDGE ( 'NONE', *, *, #1388, .F. ) ;
#2207 = FILL_AREA_STYLE_COLOUR ( '', #2197 ) ;
#2208 = ORIENTED_EDGE ( 'NONE', *, *, #2621, .T. ) ;
#2209 = COLOUR_RGB ( '',0.8392156862745098200, 0.4470588235294117307, 0.3882352941176470673 ) ;
#2210 = FILL_AREA_STYLE ('',( #2439 ) ) ;
#2211 = PRESENTATION_STYLE_ASSIGNMENT (( #166 ) ) ;
#2212 = DIRECTION ( 'NONE',  ( 4.964425355663225476E-15, 0.0000000000000000000, -1.000000000000000000 ) ) ;
#2213 = ADVANCED_FACE ( 'NONE', ( #969 ), #939, .F. ) ;
#2214 = LINE ( 'NONE', #203, #1868 ) ;
#2215 = LINE ( 'NONE', #1032, #2248 ) ;
#2216 = EDGE_CURVE ( 'NONE', #51, #1624, #1413, .T. ) ;
#2217 = CARTESIAN_POINT ( 'NONE',  ( 2.094110115547871853, 0.3200000000000000067, -0.7254810429024891594 ) ) ;
#2218 = ORIENTED_EDGE ( 'NONE', *, *, #953, .F. ) ;
#2219 = DIRECTION ( 'NONE',  ( -0.0000000000000000000, 1.000000000000000000, -0.0000000000000000000 ) ) ;
#2220 = ORIENTED_EDGE ( 'NONE', *, *, #1091, .T. ) ;
#2221 = DIRECTION ( 'NONE',  ( 1.000000000000000000, 0.0000000000000000000, -1.224646799147353207E-16 ) ) ;
#2222 = ORIENTED_EDGE ( 'NONE', *, *, #1369, .F. ) ;
#2223 = SURFACE_STYLE_USAGE ( .BOTH. , #2272 ) ;
#2224 = CARTESIAN_POINT ( 'NONE',  ( 2.054110115547794546, 0.7800000000000001377, -0.7254810429024889373 ) ) ;
#2225 =( GEOMETRIC_REPRESENTATION_CONTEXT ( 3 ) GLOBAL_UNCERTAINTY_ASSIGNED_CONTEXT ( ( #1006 ) ) GLOBAL_UNIT_ASSIGNED_CONTEXT ( ( #125, #2824, #1429 ) ) REPRESENTATION_CONTEXT ( 'NONE', 'WORKASPACE' ) );
#2226 = FILL_AREA_STYLE_COLOUR ( '', #1592 ) ;
#2227 = CARTESIAN_POINT ( 'NONE',  ( -0.7200000000000001954, 0.7717157287525381326, 0.5051471862576144556 ) ) ;
#2228 = STYLED_ITEM ( 'NONE', ( #263 ), #2667 ) ;
#2229 = FILL_AREA_STYLE ('',( #2475 ) ) ;
#2230 = CARTESIAN_POINT ( 'NONE',  ( -0.6600000000000001421, 0.7800000000000001377, -0.7654810429024891949 ) ) ;
#2231 = LINE ( 'NONE', #1542, #2127 ) ;
#2232 = SURFACE_SIDE_STYLE ('',( #1756 ) ) ;
#2233 = ORIENTED_EDGE ( 'NONE', *, *, #2464, .T. ) ;
#2234 = VERTEX_POINT ( 'NONE', #311 ) ;
#2235 = ADVANCED_FACE ( 'NONE', ( #1681 ), #520, .F. ) ;
#2236 = CARTESIAN_POINT ( 'NONE',  ( 2.014110115547794955, 0.3200000000000000067, -0.8054810429025276441 ) ) ;
#2237 = VERTEX_POINT ( 'NONE', #1463 ) ;
#2238 = FILL_AREA_STYLE_COLOUR ( '', #2065 ) ;
#2239 = EDGE_CURVE ( 'NONE', #1995, #1640, #2215, .T. ) ;
#2240 = CARTESIAN_POINT ( 'NONE',  ( -0.8229449422261020386, 0.01999999999999999695, -0.5422594785487550029 ) ) ;
#2241 = COLOUR_RGB ( '',0.8392156862745098200, 0.4470588235294117307, 0.3882352941176470673 ) ;
#2242 =( NAMED_UNIT ( * ) PLANE_ANGLE_UNIT ( ) SI_UNIT ( $, .RADIAN. ) );
#2243 = CARTESIAN_POINT ( 'NONE',  ( -0.6951471862576141802, 0.7717157287525381326, 0.5300000000000001377 ) ) ;
#2244 = AXIS2_PLACEMENT_3D ( 'NONE', #2528, #1435, #498 ) ;
#2245 = CARTESIAN_POINT ( 'NONE',  ( 2.014110115547794955, 0.3200000000000000067, -0.8054810429025276441 ) ) ;
#2246 = CIRCLE ( 'NONE', #2734, 0.06000000000000004635 ) ;
#2247 =( BOUNDED_CURVE ( )  B_SPLINE_CURVE ( 3, ( #2435, #686, #2481, #1324 ),
 .UNSPECIFIED., .F., .T. ) 
 B_SPLINE_CURVE_WITH_KNOTS ( ( 4, 4 ),
 ( 0.0000000000000000000, 1.000000000000000000 ),
 .UNSPECIFIED. ) 
 CURVE ( )  GEOMETRIC_REPRESENTATION_ITEM ( )  RATIONAL_B_SPLINE_CURVE ( ( 1.000000000000000000, 0.8047378541243649375, 0.8047378541243649375, 1.000000000000000000 ) ) 
 REPRESENTATION_ITEM ( '' )  );
#2248 = VECTOR ( 'NONE', #572, 1000.000000000000000 ) ;
#2249 = MECHANICAL_DESIGN_GEOMETRIC_PRESENTATION_REPRESENTATION (  '', ( #931 ), #1310 ) ;
#2250 = EDGE_CURVE ( 'NONE', #184, #611, #186, .T. ) ;
#2251 = VERTEX_POINT ( 'NONE', #558 ) ;
#2252 = ORIENTED_EDGE ( 'NONE', *, *, #334, .F. ) ;
#2253 = DIRECTION ( 'NONE',  ( 0.0000000000000000000, 0.0000000000000000000, 1.000000000000000000 ) ) ;
#2254 = VECTOR ( 'NONE', #2018, 1000.000000000000000 ) ;
#2255 = DIRECTION ( 'NONE',  ( 0.0000000000000000000, 0.0000000000000000000, -1.000000000000000000 ) ) ;
#2256 = ORIENTED_EDGE ( 'NONE', *, *, #699, .F. ) ;
#2257 = CARTESIAN_POINT ( 'NONE',  ( -0.8229449422261020386, 0.02000000000000000042, -0.7977405214512449660 ) ) ;
#2258 = PRESENTATION_LAYER_ASSIGNMENT (  '', '', ( #2162 ) ) ;
#2259 = CARTESIAN_POINT ( 'NONE',  ( 2.074110115547795008, 0.7600000000000000089, 0.4699999999998865641 ) ) ;
#2260 = SURFACE_SIDE_STYLE ('',( #1563 ) ) ;
#2261 = ORIENTED_EDGE ( 'NONE', *, *, #791, .F. ) ;
#2262 = PLANE ( 'NONE',  #1637 ) ;
#2263 = AXIS2_PLACEMENT_3D ( 'NONE', #947, #2337, #2566 ) ;
#2264 = DIRECTION ( 'NONE',  ( 0.0000000000000000000, 1.000000000000000000, 0.0000000000000000000 ) ) ;
#2265 = PLANE ( 'NONE',  #345 ) ;
#2266 = FACE_OUTER_BOUND ( 'NONE', #1789, .T. ) ;
#2267 = FILL_AREA_STYLE_COLOUR ( '', #2319 ) ;
#2268 = EDGE_LOOP ( 'NONE', ( #565, #2183, #1546, #2168 ) ) ;
#2269 = ORIENTED_EDGE ( 'NONE', *, *, #1911, .T. ) ;
#2270 = EDGE_CURVE ( 'NONE', #1318, #859, #370, .T. ) ;
#2271 = VERTEX_POINT ( 'NONE', #204 ) ;
#2272 = SURFACE_SIDE_STYLE ('',( #1561 ) ) ;
#2273 = LINE ( 'NONE', #244, #1225 ) ;
#2274 = ORIENTED_EDGE ( 'NONE', *, *, #2125, .F. ) ;
#2275 = DIRECTION ( 'NONE',  ( -0.0000000000000000000, 1.000000000000000000, -0.0000000000000000000 ) ) ;
#2276 = CARTESIAN_POINT ( 'NONE',  ( 2.184126125585763134, 0.0000000000000000000, 0.6293305463606210237 ) ) ;
#2277 = DIRECTION ( 'NONE',  ( 0.0000000000000000000, 0.0000000000000000000, -1.000000000000000000 ) ) ;
#2278 = VECTOR ( 'NONE', #2798, 1000.000000000000000 ) ;
#2279 = VECTOR ( 'NONE', #916, 1000.000000000000000 ) ;
#2280 =( GEOMETRIC_REPRESENTATION_CONTEXT ( 3 ) GLOBAL_UNCERTAINTY_ASSIGNED_CONTEXT ( ( #1974 ) ) GLOBAL_UNIT_ASSIGNED_CONTEXT ( ( #1386, #2723, #942 ) ) REPRESENTATION_CONTEXT ( 'NONE', 'WORKASPACE' ) );
#2281 = CARTESIAN_POINT ( 'NONE',  ( 2.074110115547795896, 0.7600000000000000089, 0.4699999999999999734 ) ) ;
#2282 = CYLINDRICAL_SURFACE ( 'NONE', #855, 0.06000000000000064310 ) ;
#2283 = CYLINDRICAL_SURFACE ( 'NONE', #2244, 0.02000000000000005246 ) ;
#2284 = SURFACE_STYLE_FILL_AREA ( #744 ) ;
#2285 = VERTEX_POINT ( 'NONE', #814 ) ;
#2286 = CARTESIAN_POINT ( 'NONE',  ( -0.8300160100379679884, 0.3200000000000000067, -0.6293305463606210237 ) ) ;
#2287 = PLANE ( 'NONE',  #2063 ) ;
#2288 = ORIENTED_EDGE ( 'NONE', *, *, #165, .F. ) ;
#2289 = LINE ( 'NONE', #913, #1932 ) ;
#2290 = EDGE_CURVE ( 'NONE', #2358, #1726, #2733, .T. ) ;
#2291 = VECTOR ( 'NONE', #2842, 1000.000000000000000 ) ;
#2292 = DIRECTION ( 'NONE',  ( -0.7071067811865470176, 0.0000000000000000000, -0.7071067811865480168 ) ) ;
#2293 = EDGE_CURVE ( 'NONE', #303, #2815, #2375, .T. ) ;
#2294 = LINE ( 'NONE', #282, #1231 ) ;
#2295 = FACE_OUTER_BOUND ( 'NONE', #1906, .T. ) ;
#2296 = CIRCLE ( 'NONE', #600, 0.08000000000000015432 ) ;
#2297 = SURFACE_SIDE_STYLE ('',( #1887 ) ) ;
#2298 = EDGE_LOOP ( 'NONE', ( #2619, #1785, #2885, #252 ) ) ;
#2299 = STYLED_ITEM ( 'NONE', ( #1619 ), #2235 ) ;
#2300 = MECHANICAL_DESIGN_GEOMETRIC_PRESENTATION_REPRESENTATION (  '', ( #1970 ), #189 ) ;
#2301 = CARTESIAN_POINT ( 'NONE',  ( 2.014110115547794955, 0.3400000000000000244, 0.5300000000000002487 ) ) ;
#2302 = STYLED_ITEM ( 'NONE', ( #799 ), #908 ) ;
#2303 = UNCERTAINTY_MEASURE_WITH_UNIT (LENGTH_MEASURE( 1.000000000000000082E-05 ), #487, 'distance_accuracy_value', 'NONE');
#2304 = ORIENTED_EDGE ( 'NONE', *, *, #528, .F. ) ;
#2305 =( LENGTH_UNIT ( ) NAMED_UNIT ( * ) SI_UNIT ( .MILLI., .METRE. ) );
#2306 =( NAMED_UNIT ( * ) SI_UNIT ( $, .STERADIAN. ) SOLID_ANGLE_UNIT ( ) );
#2307 = EDGE_CURVE ( 'NONE', #636, #2271, #586, .T. ) ;
#2308 = STYLED_ITEM ( 'NONE', ( #965 ), #1979 ) ;
#2309 = SURFACE_STYLE_FILL_AREA ( #2779 ) ;
#2310 = CARTESIAN_POINT ( 'NONE',  ( -0.7399999999999999911, 0.3200000000000000067, 0.5168629150101523573 ) ) ;
#2311 = CARTESIAN_POINT ( 'NONE',  ( -0.6600000000000000311, 0.3400000000000000244, 0.5300000000000001377 ) ) ;
#2312 = AXIS2_PLACEMENT_3D ( 'NONE', #2276, #2508, #45 ) ;
#2313 = PRESENTATION_STYLE_ASSIGNMENT (( #987 ) ) ;
#2314 = DIRECTION ( 'NONE',  ( 0.0000000000000000000, -1.000000000000000000, 0.0000000000000000000 ) ) ;
#2315 = FILL_AREA_STYLE_COLOUR ( '', #2788 ) ;
#2316 = SURFACE_SIDE_STYLE ('',( #714 ) ) ;
#2317 = COLOUR_RGB ( '',0.7529411764705882248, 0.7529411764705882248, 0.7529411764705882248 ) ;
#2318 = SURFACE_STYLE_USAGE ( .BOTH. , #1423 ) ;
#2319 = COLOUR_RGB ( '',0.8980392156862745390, 0.8980392156862745390, 0.8980392156862745390 ) ;
#2320 = ORIENTED_EDGE ( 'NONE', *, *, #2675, .F. ) ;
#2321 = CARTESIAN_POINT ( 'NONE',  ( 2.014110115547794955, 0.7800000000000000266, 0.5217157287525380216 ) ) ;
#2322 = FILL_AREA_STYLE ('',( #2595 ) ) ;
#2323 = PLANE ( 'NONE',  #849 ) ;
#2324 = CARTESIAN_POINT ( 'NONE',  ( -0.7399999999999999911, 0.3200000000000000067, 0.4699999999999999178 ) ) ;
#2325 = FILL_AREA_STYLE_COLOUR ( '', #99 ) ;
#2326 = COLOUR_RGB ( '',0.8392156862745098200, 0.4470588235294117307, 0.3882352941176470673 ) ;
#2327 = SURFACE_STYLE_FILL_AREA ( #1200 ) ;
#2328 = CARTESIAN_POINT ( 'NONE',  ( -0.8300160100379679884, 0.3200000000000000067, -0.8777405214512450371 ) ) ;
#2329 = FACE_OUTER_BOUND ( 'NONE', #597, .T. ) ;
#2330 = CYLINDRICAL_SURFACE ( 'NONE', #560, 0.01999999999999940020 ) ;
#2331 = PLANE ( 'NONE',  #2835 ) ;
#2332 = DIRECTION ( 'NONE',  ( 1.355252715606880740E-15, 0.0000000000000000000, 1.000000000000000000 ) ) ;
#2333 = UNCERTAINTY_MEASURE_WITH_UNIT (LENGTH_MEASURE( 1.000000000000000082E-05 ), #1291, 'distance_accuracy_value', 'NONE');
#2334 = ORIENTED_EDGE ( 'NONE', *, *, #543, .T. ) ;
#2335 = PRESENTATION_STYLE_ASSIGNMENT (( #2807 ) ) ;
#2336 = ADVANCED_FACE ( 'NONE', ( #653 ), #1272, .T. ) ;
#2337 = DIRECTION ( 'NONE',  ( -0.0000000000000000000, 1.000000000000000000, -0.0000000000000000000 ) ) ;
#2338 =( NAMED_UNIT ( * ) SI_UNIT ( $, .STERADIAN. ) SOLID_ANGLE_UNIT ( ) );
#2339 = CARTESIAN_POINT ( 'NONE',  ( -0.6600000000000001421, 0.7600000000000000089, -0.7854810429024891016 ) ) ;
#2340 = DIRECTION ( 'NONE',  ( 0.0000000000000000000, 0.0000000000000000000, 1.000000000000000000 ) ) ;
#2341 = SURFACE_STYLE_USAGE ( .BOTH. , #1199 ) ;
#2342 =( GEOMETRIC_REPRESENTATION_CONTEXT ( 3 ) GLOBAL_UNCERTAINTY_ASSIGNED_CONTEXT ( ( #110 ) ) GLOBAL_UNIT_ASSIGNED_CONTEXT ( ( #1492, #1697, #652 ) ) REPRESENTATION_CONTEXT ( 'NONE', 'WORKASPACE' ) );
#2343 = LINE ( 'NONE', #2042, #2395 ) ;
#2344 = EDGE_CURVE ( 'NONE', #2383, #2418, #375, .T. ) ;
#2345 = VECTOR ( 'NONE', #2558, 1000.000000000000000 ) ;
#2346 = CARTESIAN_POINT ( 'NONE',  ( 2.099126125585763170, 0.07000000000000000666, 0.4643305463606199890 ) ) ;
#2347 = VECTOR ( 'NONE', #42, 1000.000000000000000 ) ;
#2348 =( GEOMETRIC_REPRESENTATION_CONTEXT ( 3 ) GLOBAL_UNCERTAINTY_ASSIGNED_CONTEXT ( ( #1679 ) ) GLOBAL_UNIT_ASSIGNED_CONTEXT ( ( #772, #362, #1686 ) ) REPRESENTATION_CONTEXT ( 'NONE', 'WORKASPACE' ) );
#2349 = VERTEX_POINT ( 'NONE', #2828 ) ;
#2350 = CARTESIAN_POINT ( 'NONE',  ( 2.074110115547795008, 0.7717157287525382436, 0.5051471862576144556 ) ) ;
#2351 = MECHANICAL_DESIGN_GEOMETRIC_PRESENTATION_REPRESENTATION (  '', ( #696 ), #2736 ) ;
#2352 = CIRCLE ( 'NONE', #1839, 0.08000000000000052902 ) ;
#2353 = VECTOR ( 'NONE', #503, 1000.000000000000000 ) ;
#2354 = DIRECTION ( 'NONE',  ( 0.0000000000000000000, 1.000000000000000000, -0.0000000000000000000 ) ) ;
#2355 = CARTESIAN_POINT ( 'NONE',  ( -0.7199999999999999734, 0.3400000000000000244, 0.4699999999999999178 ) ) ;
#2356 =( LENGTH_UNIT ( ) NAMED_UNIT ( * ) SI_UNIT ( .MILLI., .METRE. ) );
#2357 = AXIS2_PLACEMENT_3D ( 'NONE', #680, #2490, #465 ) ;
#2358 = VERTEX_POINT ( 'NONE', #1943 ) ;
#2359 = SURFACE_STYLE_FILL_AREA ( #117 ) ;
#2360 = LINE ( 'NONE', #804, #1837 ) ;
#2361 = DIRECTION ( 'NONE',  ( 0.0000000000000000000, 0.0000000000000000000, -1.000000000000000000 ) ) ;
#2362 = CARTESIAN_POINT ( 'NONE',  ( 2.014110115547794955, 0.3200000000000000067, 0.4699999999999999734 ) ) ;
#2363 = UNCERTAINTY_MEASURE_WITH_UNIT (LENGTH_MEASURE( 1.000000000000000082E-05 ), #833, 'distance_accuracy_value', 'NONE');
#2364 = EDGE_LOOP ( 'NONE', ( #413, #505, #2869, #1297 ) ) ;
#2365 =( NAMED_UNIT ( * ) SI_UNIT ( $, .STERADIAN. ) SOLID_ANGLE_UNIT ( ) );
#2366 = DIRECTION ( 'NONE',  ( 0.7071067811865475727, -0.0000000000000000000, 0.7071067811865475727 ) ) ;
#2367 =( LENGTH_UNIT ( ) NAMED_UNIT ( * ) SI_UNIT ( .MILLI., .METRE. ) );
#2368 = COLOUR_RGB ( '',0.8392156862745098200, 0.4470588235294117307, 0.3882352941176470673 ) ;
#2369 = DIRECTION ( 'NONE',  ( 1.000000000000000000, -0.0000000000000000000, 0.0000000000000000000 ) ) ;
#2370 = SURFACE_STYLE_FILL_AREA ( #1926 ) ;
#2371 = PRESENTATION_STYLE_ASSIGNMENT (( #1072 ) ) ;
#2372 = DIRECTION ( 'NONE',  ( -1.000000000000000000, 0.0000000000000000000, 0.0000000000000000000 ) ) ;
#2373 = EDGE_CURVE ( 'NONE', #1815, #2251, #106, .T. ) ;
#2374 = ORIENTED_EDGE ( 'NONE', *, *, #24, .F. ) ;
#2375 = LINE ( 'NONE', #1315, #1079 ) ;
#2376 = AXIS2_PLACEMENT_3D ( 'NONE', #5, #219, #612 ) ;
#2377 = CARTESIAN_POINT ( 'NONE',  ( -0.7429449422261019675, 0.1700000000000000122, -0.8777405214512450371 ) ) ;
#2378 = MECHANICAL_DESIGN_GEOMETRIC_PRESENTATION_REPRESENTATION (  '', ( #760 ), #255 ) ;
#2379 = DIRECTION ( 'NONE',  ( -0.0000000000000000000, 1.000000000000000000, -0.0000000000000000000 ) ) ;
#2380 = VECTOR ( 'NONE', #683, 1000.000000000000000 ) ;
#2381 = CARTESIAN_POINT ( 'NONE',  ( -0.7399999999999999911, 0.3200000000000000067, -0.7254810429021867346 ) ) ;
#2382 = FILL_AREA_STYLE_COLOUR ( '', #1921 ) ;
#2383 = VERTEX_POINT ( 'NONE', #1821 ) ;
#2384 = SURFACE_STYLE_FILL_AREA ( #2126 ) ;
#2385 = CARTESIAN_POINT ( 'NONE',  ( -0.8229449422261020386, 0.3200000000000000067, -0.5422594785487550029 ) ) ;
#2386 = EDGE_CURVE ( 'NONE', #251, #621, #213, .T. ) ;
#2387 =( BOUNDED_SURFACE ( )  B_SPLINE_SURFACE ( 3, 3, ( 
 ( #2230, #17, #2491, #494 ),
 ( #1392, #275, #511, #2040 ),
 ( #2069, #1122, #71, #1854 ),
 ( #2339, #798, #1023, #2567 ) ),
 .UNSPECIFIED., .F., .F., .F. ) 
 B_SPLINE_SURFACE_WITH_KNOTS ( ( 4, 4 ),
 ( 4, 4 ),
 ( 0.0000000000000000000, 1.000000000000000000 ),
 ( 0.0000000000000000000, 1.000000000000000000 ),
 .UNSPECIFIED. ) 
 GEOMETRIC_REPRESENTATION_ITEM ( )  RATIONAL_B_SPLINE_SURFACE ( (
 ( 1.000000000000000000, 0.8047378541243649375, 0.8047378541243649375, 1.000000000000000000),
 ( 0.8047378541243674910, 0.6476030138606897468, 0.6476030138606897468, 0.8047378541243674910),
 ( 0.8047378541243674910, 0.6476030138606897468, 0.6476030138606897468, 0.8047378541243674910),
 ( 1.000000000000000000, 0.8047378541243649375, 0.8047378541243649375, 1.000000000000000000) ) ) 
 REPRESENTATION_ITEM ( '' )  SURFACE ( )  );
#2388 = UNCERTAINTY_MEASURE_WITH_UNIT (LENGTH_MEASURE( 1.000000000000000082E-05 ), #61, 'distance_accuracy_value', 'NONE');
#2389 = FACE_OUTER_BOUND ( 'NONE', #1580, .T. ) ;
#2390 = ORIENTED_EDGE ( 'NONE', *, *, #549, .T. ) ;
#2391 =( NAMED_UNIT ( * ) SI_UNIT ( $, .STERADIAN. ) SOLID_ANGLE_UNIT ( ) );
#2392 = COLOUR_RGB ( '',0.8392156862745098200, 0.4470588235294117307, 0.3882352941176470673 ) ;
#2393 = SURFACE_STYLE_FILL_AREA ( #2588 ) ;
#2394 = DIRECTION ( 'NONE',  ( 0.0000000000000000000, 0.0000000000000000000, 1.000000000000000000 ) ) ;
#2395 = VECTOR ( 'NONE', #2513, 1000.000000000000000 ) ;
#2396 = VECTOR ( 'NONE', #12, 1000.000000000000000 ) ;
#2397 = UNCERTAINTY_MEASURE_WITH_UNIT (LENGTH_MEASURE( 1.000000000000000082E-05 ), #1960, 'distance_accuracy_value', 'NONE');
#2398 = VERTEX_POINT ( 'NONE', #661 ) ;
#2399 = SURFACE_STYLE_FILL_AREA ( #2581 ) ;
#2400 =( NAMED_UNIT ( * ) SI_UNIT ( $, .STERADIAN. ) SOLID_ANGLE_UNIT ( ) );
#2401 = STYLED_ITEM ( 'NONE', ( #1522 ), #472 ) ;
#2402 = VECTOR ( 'NONE', #1399, 1000.000000000000000 ) ;
#2403 = FACE_OUTER_BOUND ( 'NONE', #910, .T. ) ;
#2404 = CARTESIAN_POINT ( 'NONE',  ( 2.097055057773897779, 0.02000000000000000042, -0.8777405214512450371 ) ) ;
#2405 = COLOUR_RGB ( '',0.7490196078431372584, 0.7490196078431372584, 0.7490196078431372584 ) ;
#2406 = EDGE_CURVE ( 'NONE', #173, #1348, #927, .T. ) ;
#2407 =( GEOMETRIC_REPRESENTATION_CONTEXT ( 3 ) GLOBAL_UNCERTAINTY_ASSIGNED_CONTEXT ( ( #1296 ) ) GLOBAL_UNIT_ASSIGNED_CONTEXT ( ( #1671, #95, #1244 ) ) REPRESENTATION_CONTEXT ( 'NONE', 'WORKASPACE' ) );
#2408 = ORIENTED_EDGE ( 'NONE', *, *, #980, .F. ) ;
#2409 = PRESENTATION_STYLE_ASSIGNMENT (( #1509 ) ) ;
#2410 = CARTESIAN_POINT ( 'NONE',  ( -0.8229449422261020386, 0.3200000000000000067, -0.6293305463606210237 ) ) ;
#2411 = ORIENTED_EDGE ( 'NONE', *, *, #1825, .T. ) ;
#2412 =( NAMED_UNIT ( * ) SI_UNIT ( $, .STERADIAN. ) SOLID_ANGLE_UNIT ( ) );
#2413 = DIRECTION ( 'NONE',  ( -0.0000000000000000000, 0.0000000000000000000, 1.000000000000000000 ) ) ;
#2414 =( NAMED_UNIT ( * ) PLANE_ANGLE_UNIT ( ) SI_UNIT ( $, .RADIAN. ) );
#2415 = TOROIDAL_SURFACE ( 'NONE', #1982, 0.08000000000000015432, 0.01999999999999993797 ) ;
#2416 = UNCERTAINTY_MEASURE_WITH_UNIT (LENGTH_MEASURE( 1.000000000000000082E-05 ), #153, 'distance_accuracy_value', 'NONE');
#2417 = ADVANCED_FACE ( 'NONE', ( #2727 ), #2020, .T. ) ;
#2418 = VERTEX_POINT ( 'NONE', #1214 ) ;
#2419 = LINE ( 'NONE', #2687, #2764 ) ;
#2420 =( NAMED_UNIT ( * ) PLANE_ANGLE_UNIT ( ) SI_UNIT ( $, .RADIAN. ) );
#2421 = AXIS2_PLACEMENT_3D ( 'NONE', #2060, #65, #2255 ) ;
#2422 = UNCERTAINTY_MEASURE_WITH_UNIT (LENGTH_MEASURE( 1.000000000000000082E-05 ), #1368, 'distance_accuracy_value', 'NONE');
#2423 = ORIENTED_EDGE ( 'NONE', *, *, #2307, .F. ) ;
#2424 = CARTESIAN_POINT ( 'NONE',  ( -0.8229449422261008174, 0.2300000000000000100, -0.7977405214512448550 ) ) ;
#2425 = CARTESIAN_POINT ( 'NONE',  ( 2.017055057773896820, 0.1400000000000000133, 0.5422594785487550029 ) ) ;
#2426 = ADVANCED_FACE ( 'NONE', ( #894 ), #2091, .T. ) ;
#2427 =( NAMED_UNIT ( * ) SI_UNIT ( $, .STERADIAN. ) SOLID_ANGLE_UNIT ( ) );
#2428 = LINE ( 'NONE', #353, #1734 ) ;
#2429 = DIRECTION ( 'NONE',  ( 0.0000000000000000000, -1.000000000000000000, 0.0000000000000000000 ) ) ;
#2430 = SURFACE_STYLE_USAGE ( .BOTH. , #2854 ) ;
#2431 = ORIENTED_EDGE ( 'NONE', *, *, #1511, .T. ) ;
#2432 = SURFACE_STYLE_FILL_AREA ( #829 ) ;
#2433 = ORIENTED_EDGE ( 'NONE', *, *, #1213, .F. ) ;
#2434 = ORIENTED_EDGE ( 'NONE', *, *, #1767, .F. ) ;
#2435 = CARTESIAN_POINT ( 'NONE',  ( -0.6600000000000000311, 0.7800000000000001377, 0.5100000000000000089 ) ) ;
#2436 = ADVANCED_FACE ( 'NONE', ( #2560 ), #2330, .F. ) ;
#2437 = ORIENTED_EDGE ( 'NONE', *, *, #1937, .F. ) ;
#2438 = CARTESIAN_POINT ( 'NONE',  ( -0.7450160100379670247, 0.1400000000000000688, 0.4643305463606199890 ) ) ;
#2439 = FILL_AREA_STYLE_COLOUR ( '', #155 ) ;
#2440 = COLOUR_RGB ( '',0.8392156862745098200, 0.4470588235294117307, 0.3882352941176470673 ) ;
#2441 = SURFACE_STYLE_USAGE ( .BOTH. , #418 ) ;
#2442 = CARTESIAN_POINT ( 'NONE',  ( -0.6902943725152285159, 0.7800000000000001377, 0.5217157287525381326 ) ) ;
#2443 = MECHANICAL_DESIGN_GEOMETRIC_PRESENTATION_REPRESENTATION (  '', ( #60 ), #2055 ) ;
#2444 = FACE_OUTER_BOUND ( 'NONE', #179, .T. ) ;
#2445 = MECHANICAL_DESIGN_GEOMETRIC_PRESENTATION_REPRESENTATION (  '', ( #2057 ), #147 ) ;
#2446 = STYLED_ITEM ( 'NONE', ( #1136 ), #2417 ) ;
#2447 = STYLED_ITEM ( 'NONE', ( #1836 ), #768 ) ;
#2448 =( NAMED_UNIT ( * ) PLANE_ANGLE_UNIT ( ) SI_UNIT ( $, .RADIAN. ) );
#2449 =( GEOMETRIC_REPRESENTATION_CONTEXT ( 3 ) GLOBAL_UNCERTAINTY_ASSIGNED_CONTEXT ( ( #412 ) ) GLOBAL_UNIT_ASSIGNED_CONTEXT ( ( #333, #2578, #301 ) ) REPRESENTATION_CONTEXT ( 'NONE', 'WORKASPACE' ) );
#2450 = ORIENTED_EDGE ( 'NONE', *, *, #2777, .F. ) ;
#2451 = CARTESIAN_POINT ( 'NONE',  ( -0.7450160100379670247, 0.0000000000000000000, -0.7198115892631089530 ) ) ;
#2452 = ORIENTED_EDGE ( 'NONE', *, *, #1232, .T. ) ;
#2453 = PRESENTATION_STYLE_ASSIGNMENT (( #672 ) ) ;
#2454 = VECTOR ( 'NONE', #2111, 1000.000000000000000 ) ;
#2455 = EDGE_LOOP ( 'NONE', ( #1233, #163, #480, #1311 ) ) ;
#2456 = CARTESIAN_POINT ( 'NONE',  ( 2.097055057773897779, 0.01999999999999999695, 0.6222594785487549629 ) ) ;
#2457 =( LENGTH_UNIT ( ) NAMED_UNIT ( * ) SI_UNIT ( .MILLI., .METRE. ) );
#2458 = PRESENTATION_STYLE_ASSIGNMENT (( #1793 ) ) ;
#2459 = CARTESIAN_POINT ( 'NONE',  ( -0.6600000000000000311, 0.7800000000000001377, 0.5100000000000000089 ) ) ;
#2460 = DIRECTION ( 'NONE',  ( 0.7071067811865477948, 0.0000000000000000000, -0.7071067811865473507 ) ) ;
#2461 = EDGE_CURVE ( 'NONE', #1984, #2094, #2604, .T. ) ;
#2462 =( LENGTH_UNIT ( ) NAMED_UNIT ( * ) SI_UNIT ( .MILLI., .METRE. ) );
#2463 = AXIS2_PLACEMENT_3D ( 'NONE', #2703, #2201, #682 ) ;
#2464 = EDGE_CURVE ( 'NONE', #1998, #2081, #2360, .T. ) ;
#2465 = FILL_AREA_STYLE ('',( #1557 ) ) ;
#2466 = ORIENTED_EDGE ( 'NONE', *, *, #1183, .F. ) ;
#2467 = CYLINDRICAL_SURFACE ( 'NONE', #144, 0.08735771774662204336 ) ;
#2468 = APPLICATION_PROTOCOL_DEFINITION ( 'draft international standard', 'automotive_design', 1998, #835 ) ;
#2469 = VERTEX_POINT ( 'NONE', #2831 ) ;
#2470 =( NAMED_UNIT ( * ) SI_UNIT ( $, .STERADIAN. ) SOLID_ANGLE_UNIT ( ) );
#2471 = DIRECTION ( 'NONE',  ( -0.7071067811865479058, 0.0000000000000000000, -0.7071067811865470176 ) ) ;
#2472 = STYLED_ITEM ( 'NONE', ( #2171 ), #2868 ) ;
#2473 =( LENGTH_UNIT ( ) NAMED_UNIT ( * ) SI_UNIT ( .MILLI., .METRE. ) );
#2474 =( GEOMETRIC_REPRESENTATION_CONTEXT ( 3 ) GLOBAL_UNCERTAINTY_ASSIGNED_CONTEXT ( ( #2093 ) ) GLOBAL_UNIT_ASSIGNED_CONTEXT ( ( #854, #426, #1381 ) ) REPRESENTATION_CONTEXT ( 'NONE', 'WORKASPACE' ) );
#2475 = FILL_AREA_STYLE_COLOUR ( '', #2241 ) ;
#2476 = EDGE_CURVE ( 'NONE', #1801, #901, #788, .T. ) ;
#2477 = FILL_AREA_STYLE_COLOUR ( '', #40 ) ;
#2478 = DIRECTION ( 'NONE',  ( -0.0000000000000000000, -1.000000000000000000, -0.0000000000000000000 ) ) ;
#2479 = EDGE_LOOP ( 'NONE', ( #1007, #168, #1576, #2304 ) ) ;
#2480 = EDGE_LOOP ( 'NONE', ( #2600, #1325, #2118, #336 ) ) ;
#2481 = CARTESIAN_POINT ( 'NONE',  ( -0.6999999999999999556, 0.7799999999999998046, 0.4934314575050762763 ) ) ;
#2482 = SURFACE_STYLE_USAGE ( .BOTH. , #673 ) ;
#2483 = ORIENTED_EDGE ( 'NONE', *, *, #1731, .F. ) ;
#2484 = DIRECTION ( 'NONE',  ( -0.0000000000000000000, -0.0000000000000000000, 1.000000000000000000 ) ) ;
#2485 = LINE ( 'NONE', #458, #2353 ) ;
#2486 = STYLED_ITEM ( 'NONE', ( #2371 ), #1290 ) ;
#2487 = ORIENTED_EDGE ( 'NONE', *, *, #1388, .T. ) ;
#2488 = CARTESIAN_POINT ( 'NONE',  ( -0.6600000000000000311, 0.3200000000000000067, 0.5500000000000000444 ) ) ;
#2489 =( NAMED_UNIT ( * ) SI_UNIT ( $, .STERADIAN. ) SOLID_ANGLE_UNIT ( ) );
#2490 = DIRECTION ( 'NONE',  ( -0.0000000000000000000, 1.000000000000000000, -0.0000000000000000000 ) ) ;
#2491 = CARTESIAN_POINT ( 'NONE',  ( -0.7000000000000000666, 0.7800000000000000266, -0.7489125004075649628 ) ) ;
#2492 =( GEOMETRIC_REPRESENTATION_CONTEXT ( 3 ) GLOBAL_UNCERTAINTY_ASSIGNED_CONTEXT ( ( #837 ) ) GLOBAL_UNIT_ASSIGNED_CONTEXT ( ( #317, #1852, #506 ) ) REPRESENTATION_CONTEXT ( 'NONE', 'WORKASPACE' ) );
#2493 = LINE ( 'NONE', #1094, #299 ) ;
#2494 = EDGE_CURVE ( 'NONE', #1130, #1607, #899, .T. ) ;
#2495 = VECTOR ( 'NONE', #785, 1000.000000000000000 ) ;
#2496 = STYLED_ITEM ( 'NONE', ( #2681 ), #2336 ) ;
#2497 = SURFACE_STYLE_FILL_AREA ( #2720 ) ;
#2498 = EDGE_LOOP ( 'NONE', ( #2123, #405, #1218, #1587, #491, #2035, #1132, #2437 ) ) ;
#2499 = ORIENTED_EDGE ( 'NONE', *, *, #310, .T. ) ;
#2500 = FILL_AREA_STYLE ('',( #2207 ) ) ;
#2501 = VERTEX_POINT ( 'NONE', #1051 ) ;
#2502 = LINE ( 'NONE', #2438, #467 ) ;
#2503 = PRESENTATION_LAYER_ASSIGNMENT (  '', '', ( #2743 ) ) ;
#2504 =( LENGTH_UNIT ( ) NAMED_UNIT ( * ) SI_UNIT ( .MILLI., .METRE. ) );
#2505 =( GEOMETRIC_REPRESENTATION_CONTEXT ( 3 ) GLOBAL_UNCERTAINTY_ASSIGNED_CONTEXT ( ( #792 ) ) GLOBAL_UNIT_ASSIGNED_CONTEXT ( ( #200, #1761, #1299 ) ) REPRESENTATION_CONTEXT ( 'NONE', 'WORKASPACE' ) );
#2506 = VERTEX_POINT ( 'NONE', #1930 ) ;
#2507 = CARTESIAN_POINT ( 'NONE',  ( -0.8229449422261022606, 0.1400000000000000411, 0.5422594785487553359 ) ) ;
#2508 = DIRECTION ( 'NONE',  ( -0.0000000000000000000, 1.000000000000000000, 0.0000000000000000000 ) ) ;
#2509 = CARTESIAN_POINT ( 'NONE',  ( -0.7429449422261021896, 0.3200000000000000067, 0.6222594785487550739 ) ) ;
#2510 = SURFACE_STYLE_USAGE ( .BOTH. , #1341 ) ;
#2511 = CIRCLE ( 'NONE', #2892, 0.02000000000000005246 ) ;
#2512 = CARTESIAN_POINT ( 'NONE',  ( 2.014110115547794955, 0.7600000000000000089, 0.4699999999999999734 ) ) ;
#2513 = DIRECTION ( 'NONE',  ( -0.0000000000000000000, 0.0000000000000000000, 1.000000000000000000 ) ) ;
#2514 = ORIENTED_EDGE ( 'NONE', *, *, #2716, .F. ) ;
#2515 = CIRCLE ( 'NONE', #2463, 0.02000000000000005246 ) ;
#2516 =( NAMED_UNIT ( * ) PLANE_ANGLE_UNIT ( ) SI_UNIT ( $, .RADIAN. ) );
#2517 =( NAMED_UNIT ( * ) PLANE_ANGLE_UNIT ( ) SI_UNIT ( $, .RADIAN. ) );
#2518 = EDGE_CURVE ( 'NONE', #2285, #1534, #1703, .T. ) ;
#2519 = ORIENTED_EDGE ( 'NONE', *, *, #1411, .T. ) ;
#2520 = SURFACE_STYLE_USAGE ( .BOTH. , #112 ) ;
#2521 =( NAMED_UNIT ( * ) PLANE_ANGLE_UNIT ( ) SI_UNIT ( $, .RADIAN. ) );
#2522 = AXIS2_PLACEMENT_3D ( 'NONE', #134, #587, #1465 ) ;
#2523 = CARTESIAN_POINT ( 'NONE',  ( 2.014110115547794955, 0.4000000000000000222, 0.5300000000000001377 ) ) ;
#2524 = ADVANCED_FACE ( 'NONE', ( #1903 ), #1273, .T. ) ;
#2525 = PRESENTATION_STYLE_ASSIGNMENT (( #2510 ) ) ;
#2526 = COLOUR_RGB ( '',0.7921568627450980005, 0.8196078431372548767, 0.9333333333333333481 ) ;
#2527 = CARTESIAN_POINT ( 'NONE',  ( 2.097055057773897779, 0.1400000000000000133, -0.8777405214512451481 ) ) ;
#2528 = CARTESIAN_POINT ( 'NONE',  ( -0.6999999999999999556, 0.7600000000000000089, -0.1779057946315550087 ) ) ;
#2529 = ORIENTED_EDGE ( 'NONE', *, *, #912, .F. ) ;
#2530 = CARTESIAN_POINT ( 'NONE',  ( -0.7429449422261021896, 0.02000000000000000042, -0.8777405214512447040 ) ) ;
#2531 = DIRECTION ( 'NONE',  ( 0.0000000000000000000, 0.0000000000000000000, 1.000000000000000000 ) ) ;
#2532 =( NAMED_UNIT ( * ) SI_UNIT ( $, .STERADIAN. ) SOLID_ANGLE_UNIT ( ) );
#2533 = DIRECTION ( 'NONE',  ( 0.0000000000000000000, -1.000000000000000000, 0.0000000000000000000 ) ) ;
#2534 = ADVANCED_FACE ( 'NONE', ( #2135 ), #2628, .F. ) ;
#2535 = ORIENTED_EDGE ( 'NONE', *, *, #1257, .T. ) ;
#2536 = DIRECTION ( 'NONE',  ( 0.0000000000000000000, 1.000000000000000000, -0.0000000000000000000 ) ) ;
#2537 = SURFACE_STYLE_FILL_AREA ( #1643 ) ;
#2538 = CARTESIAN_POINT ( 'NONE',  ( 2.099126125585763170, 0.02000000000000000042, 0.5422594785487550029 ) ) ;
#2539 = VECTOR ( 'NONE', #2660, 1000.000000000000000 ) ;
#2540 = DIRECTION ( 'NONE',  ( 0.0000000000000000000, -1.000000000000000000, 0.0000000000000000000 ) ) ;
#2541 = CIRCLE ( 'NONE', #2878, 0.06000000000000010186 ) ;
#2542 =( LENGTH_UNIT ( ) NAMED_UNIT ( * ) SI_UNIT ( .MILLI., .METRE. ) );
#2543 =( GEOMETRIC_REPRESENTATION_CONTEXT ( 3 ) GLOBAL_UNCERTAINTY_ASSIGNED_CONTEXT ( ( #2655 ) ) GLOBAL_UNIT_ASSIGNED_CONTEXT ( ( #279, #1210, #1432 ) ) REPRESENTATION_CONTEXT ( 'NONE', 'WORKASPACE' ) );
#2544 = ORIENTED_EDGE ( 'NONE', *, *, #1069, .T. ) ;
#2545 = CARTESIAN_POINT ( 'NONE',  ( -0.6834314575050762786, 0.7799999999999999156, -0.7654810429024891949 ) ) ;
#2546 = AXIS2_PLACEMENT_3D ( 'NONE', #2856, #632, #437 ) ;
#2547 = AXIS2_PLACEMENT_3D ( 'NONE', #1918, #442, #1149 ) ;
#2548 = SURFACE_STYLE_FILL_AREA ( #729 ) ;
#2549 = PRESENTATION_LAYER_ASSIGNMENT (  '', '', ( #1036 ) ) ;
#2550 = UNCERTAINTY_MEASURE_WITH_UNIT (LENGTH_MEASURE( 1.000000000000000082E-05 ), #2153, 'distance_accuracy_value', 'NONE');
#2551 = ORIENTED_EDGE ( 'NONE', *, *, #853, .F. ) ;
#2552 = CARTESIAN_POINT ( 'NONE',  ( 2.037541573052871424, 0.7800000000000001377, 0.5100000000000000089 ) ) ;
#2553 = PRESENTATION_STYLE_ASSIGNMENT (( #2083 ) ) ;
#2554 = SURFACE_STYLE_USAGE ( .BOTH. , #2610 ) ;
#2555 = FACE_OUTER_BOUND ( 'NONE', #585, .T. ) ;
#2556 = EDGE_CURVE ( 'NONE', #1283, #2234, #2190, .T. ) ;
#2557 = SURFACE_STYLE_USAGE ( .BOTH. , #1142 ) ;
#2558 = DIRECTION ( 'NONE',  ( 0.0000000000000000000, -1.000000000000000000, 0.0000000000000000000 ) ) ;
#2559 = EDGE_CURVE ( 'NONE', #2234, #1640, #2419, .T. ) ;
#2560 = FACE_OUTER_BOUND ( 'NONE', #801, .T. ) ;
#2561 = DIRECTION ( 'NONE',  ( 0.0000000000000000000, -1.000000000000000000, 0.0000000000000000000 ) ) ;
#2562 = SURFACE_STYLE_FILL_AREA ( #524 ) ;
#2563 = PRESENTATION_LAYER_ASSIGNMENT (  '', '', ( #2029 ) ) ;
#2564 = ORIENTED_EDGE ( 'NONE', *, *, #1267, .T. ) ;
#2565 = FILL_AREA_STYLE ('',( #122 ) ) ;
#2566 = DIRECTION ( 'NONE',  ( 0.0000000000000000000, 0.0000000000000000000, -1.000000000000000000 ) ) ;
#2567 = CARTESIAN_POINT ( 'NONE',  ( -0.7199999999999998623, 0.7600000000000000089, -0.7254810429024888263 ) ) ;
#2568 = PRESENTATION_STYLE_ASSIGNMENT (( #1867 ) ) ;
#2569 = COLOUR_RGB ( '',0.7529411764705882248, 0.7529411764705882248, 0.7529411764705882248 ) ;
#2570 = COLOUR_RGB ( '',0.8980392156862745390, 0.8980392156862745390, 0.8980392156862745390 ) ;
#2571 = EDGE_CURVE ( 'NONE', #859, #173, #1320, .T. ) ;
#2572 =( GEOMETRIC_REPRESENTATION_CONTEXT ( 3 ) GLOBAL_UNCERTAINTY_ASSIGNED_CONTEXT ( ( #183 ) ) GLOBAL_UNIT_ASSIGNED_CONTEXT ( ( #20, #2705, #885 ) ) REPRESENTATION_CONTEXT ( 'NONE', 'WORKASPACE' ) );
#2573 = CARTESIAN_POINT ( 'NONE',  ( 2.074110115547795008, 0.7600000000000000089, -0.7254810429024891594 ) ) ;
#2574 = SURFACE_STYLE_USAGE ( .BOTH. , #542 ) ;
#2575 = CARTESIAN_POINT ( 'NONE',  ( 2.014110115547794955, 0.7600000000000000089, 0.4699999999999999734 ) ) ;
#2576 = FILL_AREA_STYLE_COLOUR ( '', #2569 ) ;
#2577 = DIRECTION ( 'NONE',  ( 0.0000000000000000000, 0.0000000000000000000, 1.000000000000000000 ) ) ;
#2578 =( NAMED_UNIT ( * ) PLANE_ANGLE_UNIT ( ) SI_UNIT ( $, .RADIAN. ) );
#2579 = UNCERTAINTY_MEASURE_WITH_UNIT (LENGTH_MEASURE( 1.000000000000000082E-05 ), #1228, 'distance_accuracy_value', 'NONE');
#2580 = VERTEX_POINT ( 'NONE', #1800 ) ;
#2581 = FILL_AREA_STYLE ('',( #590 ) ) ;
#2582 = DIRECTION ( 'NONE',  ( 0.0000000000000000000, -1.000000000000000000, -0.0000000000000000000 ) ) ;
#2583 = CARTESIAN_POINT ( 'NONE',  ( -0.7000000000000000666, 0.7800000000000001377, -0.7254810429024891594 ) ) ;
#2584 = DIRECTION ( 'NONE',  ( -1.000000000000000000, 0.0000000000000000000, 0.0000000000000000000 ) ) ;
#2585 = EDGE_LOOP ( 'NONE', ( #669, #762, #408, #1532 ) ) ;
#2586 = DIRECTION ( 'NONE',  ( 0.0000000000000000000, 0.0000000000000000000, -1.000000000000000000 ) ) ;
#2587 = FILL_AREA_STYLE_COLOUR ( '', #276 ) ;
#2588 = FILL_AREA_STYLE ('',( #2576 ) ) ;
#2589 = COLOUR_RGB ( '',0.7529411764705882248, 0.7529411764705882248, 0.7529411764705882248 ) ;
#2590 = FACE_OUTER_BOUND ( 'NONE', #429, .T. ) ;
#2591 = SURFACE_SIDE_STYLE ('',( #2872 ) ) ;
#2592 = VECTOR ( 'NONE', #349, 1000.000000000000000 ) ;
#2593 = ORIENTED_EDGE ( 'NONE', *, *, #1414, .T. ) ;
#2594 = LINE ( 'NONE', #1043, #115 ) ;
#2595 = FILL_AREA_STYLE_COLOUR ( '', #796 ) ;
#2596 = ADVANCED_FACE ( 'NONE', ( #1344 ), #2658, .T. ) ;
#2597 = FACE_OUTER_BOUND ( 'NONE', #1768, .T. ) ;
#2598 = FILL_AREA_STYLE_COLOUR ( '', #919 ) ;
#2599 = COLOUR_RGB ( '',0.09803921568627450844, 0.09803921568627450844, 0.09803921568627450844 ) ;
#2600 = ORIENTED_EDGE ( 'NONE', *, *, #699, .T. ) ;
#2601 =( NAMED_UNIT ( * ) PLANE_ANGLE_UNIT ( ) SI_UNIT ( $, .RADIAN. ) );
#2602 = CARTESIAN_POINT ( 'NONE',  ( 2.184126125585763134, 0.3200000000000000067, 0.6293305463606210237 ) ) ;
#2603 = STYLED_ITEM ( 'NONE', ( #174 ), #1605 ) ;
#2604 = LINE ( 'NONE', #1449, #330 ) ;
#2605 = EDGE_CURVE ( 'NONE', #1534, #1018, #87, .T. ) ;
#2606 = COLOUR_RGB ( '',0.8980392156862745390, 0.8980392156862745390, 0.8980392156862745390 ) ;
#2607 = UNCERTAINTY_MEASURE_WITH_UNIT (LENGTH_MEASURE( 1.000000000000000082E-05 ), #1845, 'distance_accuracy_value', 'NONE');
#2608 = ORIENTED_EDGE ( 'NONE', *, *, #1295, .F. ) ;
#2609 = CYLINDRICAL_SURFACE ( 'NONE', #2165, 0.08735771774662194622 ) ;
#2610 = SURFACE_SIDE_STYLE ('',( #1409 ) ) ;
#2611 =( NAMED_UNIT ( * ) PLANE_ANGLE_UNIT ( ) SI_UNIT ( $, .RADIAN. ) );
#2612 = DIRECTION ( 'NONE',  ( -0.0000000000000000000, -0.0000000000000000000, 1.000000000000000000 ) ) ;
#2613 = ADVANCED_FACE ( 'NONE', ( #637 ), #2871, .F. ) ;
#2614 = CARTESIAN_POINT ( 'NONE',  ( -0.6600000000000000311, 0.3400000000000000244, 0.5500000000000000444 ) ) ;
#2615 = ORIENTED_EDGE ( 'NONE', *, *, #2406, .F. ) ;
#2616 = AXIS2_PLACEMENT_3D ( 'NONE', #160, #599, #1243 ) ;
#2617 = DIRECTION ( 'NONE',  ( -0.0000000000000000000, 1.000000000000000000, -0.0000000000000000000 ) ) ;
#2618 = CARTESIAN_POINT ( 'NONE',  ( 1.708090591679830794, 0.0000000000000000000, -0.7977405214512449660 ) ) ;
#2619 = ORIENTED_EDGE ( 'NONE', *, *, #2386, .T. ) ;
#2620 = DIRECTION ( 'NONE',  ( 0.0000000000000000000, -0.0000000000000000000, -1.000000000000000000 ) ) ;
#2621 = EDGE_CURVE ( 'NONE', #2887, #1348, #48, .T. ) ;
#2622 = CARTESIAN_POINT ( 'NONE',  ( 2.049257301805409437, 0.7717157287525381326, -0.7854810429024891016 ) ) ;
#2623 =( LENGTH_UNIT ( ) NAMED_UNIT ( * ) SI_UNIT ( .MILLI., .METRE. ) );
#2624 = DIRECTION ( 'NONE',  ( -0.0000000000000000000, -0.0000000000000000000, 1.000000000000000000 ) ) ;
#2625 = ORIENTED_EDGE ( 'NONE', *, *, #2556, .T. ) ;
#2626 = CARTESIAN_POINT ( 'NONE',  ( -0.6600000000000000311, 0.7600000000000000089, 0.5100000000000000089 ) ) ;
#2627 = CIRCLE ( 'NONE', #869, 0.02000000000000005246 ) ;
#2628 = PLANE ( 'NONE',  #2376 ) ;
#2629 = DIRECTION ( 'NONE',  ( -1.000000000000000000, -0.0000000000000000000, -0.0000000000000000000 ) ) ;
#2630 = VECTOR ( 'NONE', #1769, 1000.000000000000114 ) ;
#2631 = VECTOR ( 'NONE', #1359, 1000.000000000000000 ) ;
#2632 = EDGE_LOOP ( 'NONE', ( #725, #701, #1370, #748 ) ) ;
#2633 = CARTESIAN_POINT ( 'NONE',  ( 2.054110115547794990, 0.7800000000000001377, -0.7254810429024891594 ) ) ;
#2634 = FACE_OUTER_BOUND ( 'NONE', #684, .T. ) ;
#2635 = SURFACE_STYLE_USAGE ( .BOTH. , #175 ) ;
#2636 = VECTOR ( 'NONE', #2059, 1000.000000000000000 ) ;
#2637 = AXIS2_PLACEMENT_3D ( 'NONE', #1551, #909, #29 ) ;
#2638 = PRESENTATION_LAYER_ASSIGNMENT (  '', '', ( #2789 ) ) ;
#2639 = SURFACE_STYLE_USAGE ( .BOTH. , #824 ) ;
#2640 = CIRCLE ( 'NONE', #604, 0.07999999999999998779 ) ;
#2641 = EDGE_CURVE ( 'NONE', #171, #2191, #1846, .T. ) ;
#2642 =( GEOMETRIC_REPRESENTATION_CONTEXT ( 3 ) GLOBAL_UNCERTAINTY_ASSIGNED_CONTEXT ( ( #1947 ) ) GLOBAL_UNIT_ASSIGNED_CONTEXT ( ( #2793, #1655, #2106 ) ) REPRESENTATION_CONTEXT ( 'NONE', 'WORKASPACE' ) );
#2643 = FILL_AREA_STYLE ('',( #1240 ) ) ;
#2644 = ORIENTED_EDGE ( 'NONE', *, *, #1319, .F. ) ;
#2645 = MECHANICAL_DESIGN_GEOMETRIC_PRESENTATION_REPRESENTATION (  '', ( #237 ), #2505 ) ;
#2646 = SURFACE_SIDE_STYLE ('',( #2432 ) ) ;
#2647 = CARTESIAN_POINT ( 'NONE',  ( -0.8300160100379679884, 0.02000000000000000042, 0.5422594785487548918 ) ) ;
#2648 = EDGE_CURVE ( 'NONE', #571, #2349, #1586, .T. ) ;
#2649 =( GEOMETRIC_REPRESENTATION_CONTEXT ( 3 ) GLOBAL_UNCERTAINTY_ASSIGNED_CONTEXT ( ( #614 ) ) GLOBAL_UNIT_ASSIGNED_CONTEXT ( ( #1908, #821, #123 ) ) REPRESENTATION_CONTEXT ( 'NONE', 'WORKASPACE' ) );
#2650 = ORIENTED_EDGE ( 'NONE', *, *, #2844, .T. ) ;
#2651 = CARTESIAN_POINT ( 'NONE',  ( 2.184126125585764022, 0.1400000000000000133, 0.5493305463606209527 ) ) ;
#2652 = SURFACE_STYLE_FILL_AREA ( #201 ) ;
#2653 = CARTESIAN_POINT ( 'NONE',  ( -0.05550800501898400796, 0.7600000000000000089, -0.7854810429024899898 ) ) ;
#2654 = STYLED_ITEM ( 'NONE', ( #1824 ), #1828 ) ;
#2655 = UNCERTAINTY_MEASURE_WITH_UNIT (LENGTH_MEASURE( 1.000000000000000082E-05 ), #279, 'distance_accuracy_value', 'NONE');
#2656 = DIRECTION ( 'NONE',  ( 0.0000000000000000000, 0.0000000000000000000, -1.000000000000000000 ) ) ;
#2657 = ORIENTED_EDGE ( 'NONE', *, *, #1411, .F. ) ;
#2658 = PLANE ( 'NONE',  #2814 ) ;
#2659 = ORIENTED_EDGE ( 'NONE', *, *, #1723, .T. ) ;
#2660 = DIRECTION ( 'NONE',  ( 0.7071067811865473507, -0.0000000000000000000, 0.7071067811865477948 ) ) ;
#2661 = PRODUCT_DEFINITION_FORMATION_WITH_SPECIFIED_SOURCE ( 'ANY', '', #1615, .NOT_KNOWN. ) ;
#2662 = ORIENTED_EDGE ( 'NONE', *, *, #2753, .F. ) ;
#2663 =( NAMED_UNIT ( * ) SI_UNIT ( $, .STERADIAN. ) SOLID_ANGLE_UNIT ( ) );
#2664 = CARTESIAN_POINT ( 'NONE',  ( -0.6600000000000000311, 0.3400000000000000244, -0.7854810429024898788 ) ) ;
#2665 = FILL_AREA_STYLE ('',( #2267 ) ) ;
#2666 = ORIENTED_EDGE ( 'NONE', *, *, #187, .T. ) ;
#2667 = ADVANCED_FACE ( 'NONE', ( #250 ), #2282, .T. ) ;
#2668 = ORIENTED_EDGE ( 'NONE', *, *, #1550, .T. ) ;
#2669 = VERTEX_POINT ( 'NONE', #1618 ) ;
#2670 = DIRECTION ( 'NONE',  ( 0.0000000000000000000, 1.000000000000000000, 0.0000000000000000000 ) ) ;
#2671 = CIRCLE ( 'NONE', #1073, 0.01999999999999988939 ) ;
#2672 = ORIENTED_EDGE ( 'NONE', *, *, #1550, .F. ) ;
#2673 = DIRECTION ( 'NONE',  ( 0.0000000000000000000, 0.0000000000000000000, -1.000000000000000000 ) ) ;
#2674 = SURFACE_STYLE_FILL_AREA ( #1772 ) ;
#2675 = EDGE_CURVE ( 'NONE', #2580, #8, #1158, .T. ) ;
#2676 = SURFACE_STYLE_FILL_AREA ( #313 ) ;
#2677 = CARTESIAN_POINT ( 'NONE',  ( 2.097055057773897779, 0.3200000000000000067, 0.6222594785487549629 ) ) ;
#2678 = VECTOR ( 'NONE', #1683, 1000.000000000000000 ) ;
#2679 = SURFACE_STYLE_USAGE ( .BOTH. , #1105 ) ;
#2680 = AXIS2_PLACEMENT_3D ( 'NONE', #323, #1630, #1379 ) ;
#2681 = PRESENTATION_STYLE_ASSIGNMENT (( #2 ) ) ;
#2682 = EDGE_CURVE ( 'NONE', #266, #718, #483, .T. ) ;
#2683 = VECTOR ( 'NONE', #1890, 1000.000000000000000 ) ;
#2684 = FACE_OUTER_BOUND ( 'NONE', #2131, .T. ) ;
#2685 = TOROIDAL_SURFACE ( 'NONE', #2794, 0.07999999999999998779, 0.02000000000000000042 ) ;
#2686 = AXIS2_PLACEMENT_3D ( 'NONE', #1211, #2314, #2816 ) ;
#2687 = CARTESIAN_POINT ( 'NONE',  ( -0.8300160100379679884, 0.07000000000000000666, -0.8048115892631101387 ) ) ;
#2688 = ORIENTED_EDGE ( 'NONE', *, *, #668, .T. ) ;
#2689 = ORIENTED_EDGE ( 'NONE', *, *, #593, .F. ) ;
#2690 = LINE ( 'NONE', #1803, #10 ) ;
#2691 =( GEOMETRIC_REPRESENTATION_CONTEXT ( 3 ) GLOBAL_UNCERTAINTY_ASSIGNED_CONTEXT ( ( #2182 ) ) GLOBAL_UNIT_ASSIGNED_CONTEXT ( ( #977, #415, #1748 ) ) REPRESENTATION_CONTEXT ( 'NONE', 'WORKASPACE' ) );
#2692 = ORIENTED_EDGE ( 'NONE', *, *, #2682, .F. ) ;
#2693 = CARTESIAN_POINT ( 'NONE',  ( 2.177055057773897850, 0.02000000000000000042, -0.1277405214512449816 ) ) ;
#2694 = CIRCLE ( 'NONE', #1886, 0.08000000000000052902 ) ;
#2695 = CARTESIAN_POINT ( 'NONE',  ( 2.054110115547794546, 0.7600000000000000089, 0.4699999999999999178 ) ) ;
#2696 = EDGE_CURVE ( 'NONE', #1130, #2418, #167, .T. ) ;
#2697 = MECHANICAL_DESIGN_GEOMETRIC_PRESENTATION_REPRESENTATION (  '', ( #1749 ), #1847 ) ;
#2698 =( LENGTH_UNIT ( ) NAMED_UNIT ( * ) SI_UNIT ( .MILLI., .METRE. ) );
#2699 = LINE ( 'NONE', #2677, #2783 ) ;
#2700 = DIRECTION ( 'NONE',  ( 0.0000000000000000000, -1.000000000000000000, 0.0000000000000000000 ) ) ;
#2701 = CARTESIAN_POINT ( 'NONE',  ( 2.014110115547794955, 0.3400000000000000244, -0.7854810429024891016 ) ) ;
#2702 = STYLED_ITEM ( 'NONE', ( #395 ), #1644 ) ;
#2703 = CARTESIAN_POINT ( 'NONE',  ( 2.094110115547795914, 0.3399999999999995803, 0.4699999999993951239 ) ) ;
#2704 = PRESENTATION_LAYER_ASSIGNMENT (  '', '', ( #755 ) ) ;
#2705 =( NAMED_UNIT ( * ) PLANE_ANGLE_UNIT ( ) SI_UNIT ( $, .RADIAN. ) );
#2706 = ORIENTED_EDGE ( 'NONE', *, *, #1825, .F. ) ;
#2707 = ORIENTED_EDGE ( 'NONE', *, *, #543, .F. ) ;
#2708 =( NAMED_UNIT ( * ) PLANE_ANGLE_UNIT ( ) SI_UNIT ( $, .RADIAN. ) );
#2709 = VECTOR ( 'NONE', #2219, 1000.000000000000000 ) ;
#2710 = ORIENTED_EDGE ( 'NONE', *, *, #1050, .T. ) ;
#2711 = DIRECTION ( 'NONE',  ( -1.000000000000000000, 0.0000000000000000000, 0.0000000000000000000 ) ) ;
#2712 = CARTESIAN_POINT ( 'NONE',  ( 2.104126125585763063, 0.0000000000000000000, 0.6293305463606210237 ) ) ;
#2713 = CIRCLE ( 'NONE', #2179, 0.01999999999999940020 ) ;
#2714 = VERTEX_POINT ( 'NONE', #2527 ) ;
#2715 = DIRECTION ( 'NONE',  ( 1.000000000000000000, 0.0000000000000000000, -0.0000000000000000000 ) ) ;
#2716 = EDGE_CURVE ( 'NONE', #1336, #2900, #2294, .T. ) ;
#2717 = LINE ( 'NONE', #679, #943 ) ;
#2718 = CARTESIAN_POINT ( 'NONE',  ( 2.054110115547794990, 0.7800000000000001377, -0.8858115892631099886 ) ) ;
#2719 = CARTESIAN_POINT ( 'NONE',  ( -0.7500160100379680284, 0.07000000000000000666, -0.8848115892631099877 ) ) ;
#2720 = FILL_AREA_STYLE ('',( #1814 ) ) ;
#2721 = VERTEX_POINT ( 'NONE', #1857 ) ;
#2722 = VERTEX_POINT ( 'NONE', #968 ) ;
#2723 =( NAMED_UNIT ( * ) PLANE_ANGLE_UNIT ( ) SI_UNIT ( $, .RADIAN. ) );
#2724 = ORIENTED_EDGE ( 'NONE', *, *, #1208, .T. ) ;
#2725 = LINE ( 'NONE', #675, #561 ) ;
#2726 = DIRECTION ( 'NONE',  ( 1.000000000000000000, 0.0000000000000000000, 0.0000000000000000000 ) ) ;
#2727 = FACE_OUTER_BOUND ( 'NONE', #2455, .T. ) ;
#2728 = ORIENTED_EDGE ( 'NONE', *, *, #248, .T. ) ;
#2729 = CARTESIAN_POINT ( 'NONE',  ( -0.7054090007913881299, 0.3200000000000000067, 0.5493106672103904575 ) ) ;
#2730 =( NAMED_UNIT ( * ) PLANE_ANGLE_UNIT ( ) SI_UNIT ( $, .RADIAN. ) );
#2731 =( GEOMETRIC_REPRESENTATION_CONTEXT ( 3 ) GLOBAL_UNCERTAINTY_ASSIGNED_CONTEXT ( ( #812 ) ) GLOBAL_UNIT_ASSIGNED_CONTEXT ( ( #409, #2708, #868 ) ) REPRESENTATION_CONTEXT ( 'NONE', 'WORKASPACE' ) );
#2732 =( GEOMETRIC_REPRESENTATION_CONTEXT ( 3 ) GLOBAL_UNCERTAINTY_ASSIGNED_CONTEXT ( ( #1193 ) ) GLOBAL_UNIT_ASSIGNED_CONTEXT ( ( #2473, #1313, #30 ) ) REPRESENTATION_CONTEXT ( 'NONE', 'WORKASPACE' ) );
#2733 = CIRCLE ( 'NONE', #1030, 0.08735771774662204336 ) ;
#2734 = AXIS2_PLACEMENT_3D ( 'NONE', #711, #1608, #1385 ) ;
#2735 = EDGE_CURVE ( 'NONE', #36, #271, #2768, .T. ) ;
#2736 =( GEOMETRIC_REPRESENTATION_CONTEXT ( 3 ) GLOBAL_UNCERTAINTY_ASSIGNED_CONTEXT ( ( #81 ) ) GLOBAL_UNIT_ASSIGNED_CONTEXT ( ( #545, #1715, #2166 ) ) REPRESENTATION_CONTEXT ( 'NONE', 'WORKASPACE' ) );
#2737 = COLOUR_RGB ( '',0.8392156862745098200, 0.4470588235294117307, 0.3882352941176470673 ) ;
#2738 = CARTESIAN_POINT ( 'NONE',  ( 2.177055057773897850, 0.1700000000000000122, -0.7977405214512449660 ) ) ;
#2739 = ORIENTED_EDGE ( 'NONE', *, *, #1663, .T. ) ;
#2740 = CARTESIAN_POINT ( 'NONE',  ( 2.184126125585763134, 0.0000000000000000000, -0.8048115892631102497 ) ) ;
#2741 = ORIENTED_EDGE ( 'NONE', *, *, #1690, .T. ) ;
#2742 = PRESENTATION_STYLE_ASSIGNMENT (( #970 ) ) ;
#2743 = STYLED_ITEM ( 'NONE', ( #1665 ), #2195 ) ;
#2744 = ADVANCED_FACE ( 'NONE', ( #1434 ), #737, .F. ) ;
#2745 = ORIENTED_EDGE ( 'NONE', *, *, #2062, .F. ) ;
#2746 = CARTESIAN_POINT ( 'NONE',  ( 2.074110115547795008, 0.7599999999999998979, 0.5051471862576143446 ) ) ;
#2747 = CIRCLE ( 'NONE', #2312, 0.07999999999999998779 ) ;
#2748 = CARTESIAN_POINT ( 'NONE',  ( -0.04501601003796700667, 0.0000000000000000000, 0.5422594785487548918 ) ) ;
#2749 = CARTESIAN_POINT ( 'NONE',  ( -0.8300160100379679884, 0.1400000000000000133, 0.6293305463606210237 ) ) ;
#2750 = PRESENTATION_LAYER_ASSIGNMENT (  '', '', ( #2603 ) ) ;
#2751 = DIRECTION ( 'NONE',  ( 0.0000000000000000000, -1.000000000000000000, 0.0000000000000000000 ) ) ;
#2752 = DIRECTION ( 'NONE',  ( 0.0000000000000000000, 0.0000000000000000000, -1.000000000000000000 ) ) ;
#2753 = EDGE_CURVE ( 'NONE', #1318, #121, #2713, .T. ) ;
#2754 = FILL_AREA_STYLE ('',( #709 ) ) ;
#2755 = SURFACE_STYLE_USAGE ( .BOTH. , #724 ) ;
#2756 = ORIENTED_EDGE ( 'NONE', *, *, #2103, .T. ) ;
#2757 = MECHANICAL_DESIGN_GEOMETRIC_PRESENTATION_REPRESENTATION (  '', ( #2654 ), #77 ) ;
#2758 = CARTESIAN_POINT ( 'NONE',  ( -0.6629449422261018965, 0.02000000000000000042, 0.5422594785487550029 ) ) ;
#2759 = FILL_AREA_STYLE ('',( #758 ) ) ;
#2760 = CARTESIAN_POINT ( 'NONE',  ( 2.014110115547794955, 0.7800000000000001377, -0.7654810429024889729 ) ) ;
#2761 = ORIENTED_EDGE ( 'NONE', *, *, #1556, .T. ) ;
#2762 = CARTESIAN_POINT ( 'NONE',  ( 2.014110115547794955, 0.7800000000000001377, 0.5100000000000000089 ) ) ;
#2763 = CARTESIAN_POINT ( 'NONE',  ( -0.6629449422261020075, 0.1400000000000000133, -0.7977405214512439668 ) ) ;
#2764 = VECTOR ( 'NONE', #450, 1000.000000000000000 ) ;
#2765 = DIRECTION ( 'NONE',  ( 1.000000000000000000, -5.421010862427228714E-15, 5.421010862427243702E-15 ) ) ;
#2766 = PRESENTATION_STYLE_ASSIGNMENT (( #1222 ) ) ;
#2767 = CARTESIAN_POINT ( 'NONE',  ( 2.094110115547871409, 0.3199999999999999512, 0.4699999999996976041 ) ) ;
#2768 = LINE ( 'NONE', #1632, #1125 ) ;
#2769 = ORIENTED_EDGE ( 'NONE', *, *, #1017, .T. ) ;
#2770 = FACE_OUTER_BOUND ( 'NONE', #1804, .T. ) ;
#2771 = CARTESIAN_POINT ( 'NONE',  ( -0.8229449422261020386, 0.3200000000000000067, 0.5422594785487550029 ) ) ;
#2772 = CARTESIAN_POINT ( 'NONE',  ( -0.8300160100379679884, 0.3200000000000000067, -0.8848115892631099877 ) ) ;
#2773 = ORIENTED_EDGE ( 'NONE', *, *, #1945, .T. ) ;
#2774 =( NAMED_UNIT ( * ) SI_UNIT ( $, .STERADIAN. ) SOLID_ANGLE_UNIT ( ) );
#2775 = SURFACE_SIDE_STYLE ('',( #705 ) ) ;
#2776 = CARTESIAN_POINT ( 'NONE',  ( -0.8300160100379679884, 0.02000000000000000042, -0.7977405214512449660 ) ) ;
#2777 = EDGE_CURVE ( 'NONE', #2722, #1130, #932, .T. ) ;
#2778 = ADVANCED_FACE ( 'NONE', ( #2266 ), #2387, .T. ) ;
#2779 = FILL_AREA_STYLE ('',( #1866 ) ) ;
#2780 = PLANE ( 'NONE',  #1260 ) ;
#2781 = EDGE_CURVE ( 'NONE', #1494, #455, #1668, .T. ) ;
#2782 = PRESENTATION_LAYER_ASSIGNMENT (  '', '', ( #1172 ) ) ;
#2783 = VECTOR ( 'NONE', #214, 1000.000000000000000 ) ;
#2784 =( LENGTH_UNIT ( ) NAMED_UNIT ( * ) SI_UNIT ( .MILLI., .METRE. ) );
#2785 = COLOUR_RGB ( '',0.09803921568627450844, 0.09803921568627450844, 0.09803921568627450844 ) ;
#2786 = FILL_AREA_STYLE_COLOUR ( '', #2115 ) ;
#2787 = FILL_AREA_STYLE ('',( #1870 ) ) ;
#2788 = COLOUR_RGB ( '',0.8392156862745098200, 0.4470588235294117307, 0.3882352941176470673 ) ;
#2789 = STYLED_ITEM ( 'NONE', ( #2766 ), #874 ) ;
#2790 = DIRECTION ( 'NONE',  ( 0.0000000000000000000, -1.000000000000000000, 0.0000000000000000000 ) ) ;
#2791 = PLANE ( 'NONE',  #1224 ) ;
#2792 = PRESENTATION_LAYER_ASSIGNMENT (  '', '', ( #108 ) ) ;
#2793 =( LENGTH_UNIT ( ) NAMED_UNIT ( * ) SI_UNIT ( .MILLI., .METRE. ) );
#2794 = AXIS2_PLACEMENT_3D ( 'NONE', #72, #1444, #2340 ) ;
#2795 = UNCERTAINTY_MEASURE_WITH_UNIT (LENGTH_MEASURE( 1.000000000000000082E-05 ), #435, 'distance_accuracy_value', 'NONE');
#2796 = EDGE_LOOP ( 'NONE', ( #840, #238, #1514, #425 ) ) ;
#2797 = SURFACE_STYLE_FILL_AREA ( #1863 ) ;
#2798 = DIRECTION ( 'NONE',  ( 0.0000000000000000000, 0.0000000000000000000, -1.000000000000000000 ) ) ;
#2799 = SURFACE_STYLE_FILL_AREA ( #2086 ) ;
#2800 = LINE ( 'NONE', #1395, #2345 ) ;
#2801 =( NAMED_UNIT ( * ) SI_UNIT ( $, .STERADIAN. ) SOLID_ANGLE_UNIT ( ) );
#2802 = LINE ( 'NONE', #2740, #557 ) ;
#2803 = DIRECTION ( 'NONE',  ( 0.0000000000000000000, 0.0000000000000000000, 1.000000000000000000 ) ) ;
#2804 = CARTESIAN_POINT ( 'NONE',  ( 2.014110115547794955, 0.3400000000000000244, 0.4699999999999999734 ) ) ;
#2805 =( GEOMETRIC_REPRESENTATION_CONTEXT ( 3 ) GLOBAL_UNCERTAINTY_ASSIGNED_CONTEXT ( ( #1039 ) ) GLOBAL_UNIT_ASSIGNED_CONTEXT ( ( #2067, #706, #2038 ) ) REPRESENTATION_CONTEXT ( 'NONE', 'WORKASPACE' ) );
#2806 = EDGE_LOOP ( 'NONE', ( #1177, #259, #974, #2608 ) ) ;
#2807 = SURFACE_STYLE_USAGE ( .BOTH. , #1403 ) ;
#2808 = CARTESIAN_POINT ( 'NONE',  ( -0.7500160100379676953, 0.0000000000000000000, -0.8848115892631096546 ) ) ;
#2809 =( LENGTH_UNIT ( ) NAMED_UNIT ( * ) SI_UNIT ( .MILLI., .METRE. ) );
#2810 = EDGE_CURVE ( 'NONE', #390, #199, #2112, .T. ) ;
#2811 = DIRECTION ( 'NONE',  ( 0.0000000000000000000, -1.000000000000000000, 0.0000000000000000000 ) ) ;
#2812 = FILL_AREA_STYLE_COLOUR ( '', #1547 ) ;
#2813 = STYLED_ITEM ( 'NONE', ( #771 ), #2524 ) ;
#2814 = AXIS2_PLACEMENT_3D ( 'NONE', #1080, #1572, #623 ) ;
#2815 = VERTEX_POINT ( 'NONE', #569 ) ;
#2816 = DIRECTION ( 'NONE',  ( 0.0000000000000000000, -0.0000000000000000000, -1.000000000000000000 ) ) ;
#2817 = CARTESIAN_POINT ( 'NONE',  ( -0.6629449422261018965, 0.0000000000000000000, 0.5422594785487551139 ) ) ;
#2818 = B_SPLINE_CURVE_WITH_KNOTS ( 'NONE', 3,
 ( #2245, #1980, #1303, #2217 ),
 .UNSPECIFIED., .F., .F.,
 ( 4, 4 ),
 ( 0.0000000000000000000, 1.000000000000000000 ),
 .UNSPECIFIED. ) ;
#2819 = DIRECTION ( 'NONE',  ( -0.0000000000000000000, -1.000000000000000000, 0.0000000000000000000 ) ) ;
#2820 = PRODUCT_DEFINITION_CONTEXT ( 'detailed design', #1333, 'design' ) ;
#2821 = ORIENTED_EDGE ( 'NONE', *, *, #1540, .F. ) ;
#2822 = FILL_AREA_STYLE ('',( #1907 ) ) ;
#2823 = FACE_OUTER_BOUND ( 'NONE', #223, .T. ) ;
#2824 =( NAMED_UNIT ( * ) PLANE_ANGLE_UNIT ( ) SI_UNIT ( $, .RADIAN. ) );
#2825 = CARTESIAN_POINT ( 'NONE',  ( -0.6600000000000000311, 0.3200000000000000067, 0.5500000000000000444 ) ) ;
#2826 = SURFACE_STYLE_FILL_AREA ( #1060 ) ;
#2827 = VERTEX_POINT ( 'NONE', #1660 ) ;
#2828 = CARTESIAN_POINT ( 'NONE',  ( 2.099126125585763170, 0.02000000000000000042, -0.7198115892631089530 ) ) ;
#2829 = ADVANCED_FACE ( 'NONE', ( #1221 ), #2323, .F. ) ;
#2830 = MECHANICAL_DESIGN_GEOMETRIC_PRESENTATION_REPRESENTATION (  '', ( #324 ), #2105 ) ;
#2831 = CARTESIAN_POINT ( 'NONE',  ( 2.017055057773896820, -3.388131789017201356E-18, 0.5422594785487548918 ) ) ;
#2832 = VECTOR ( 'NONE', #1054, 1000.000000000000000 ) ;
#2833 = AXIS2_PLACEMENT_3D ( 'NONE', #994, #272, #1178 ) ;
#2834 = AXIS2_PLACEMENT_3D ( 'NONE', #1807, #2790, #1654 ) ;
#2835 = AXIS2_PLACEMENT_3D ( 'NONE', #2286, #2561, #268 ) ;
#2836 = ORIENTED_EDGE ( 'NONE', *, *, #2293, .T. ) ;
#2837 = LINE ( 'NONE', #1707, #1027 ) ;
#2838 = ADVANCED_FACE ( 'NONE', ( #966 ), #529, .F. ) ;
#2839 = LINE ( 'NONE', #1674, #750 ) ;
#2840 = CARTESIAN_POINT ( 'NONE',  ( -0.8300160100379679884, 0.3200000000000000067, -0.8848115892631099877 ) ) ;
#2841 = PRESENTATION_STYLE_ASSIGNMENT (( #2894 ) ) ;
#2842 = DIRECTION ( 'NONE',  ( -1.000000000000000000, -0.0000000000000000000, -0.0000000000000000000 ) ) ;
#2843 = ORIENTED_EDGE ( 'NONE', *, *, #984, .F. ) ;
#2844 = EDGE_CURVE ( 'NONE', #1590, #856, #1676, .T. ) ;
#2845 = LINE ( 'NONE', #2618, #2832 ) ;
#2846 = STYLED_ITEM ( 'NONE', ( #1062 ), #1631 ) ;
#2847 = UNCERTAINTY_MEASURE_WITH_UNIT (LENGTH_MEASURE( 1.000000000000000082E-05 ), #468, 'distance_accuracy_value', 'NONE');
#2848 = ORIENTED_EDGE ( 'NONE', *, *, #2753, .T. ) ;
#2849 = FILL_AREA_STYLE ('',( #1020 ) ) ;
#2850 = VECTOR ( 'NONE', #2478, 1000.000000000000000 ) ;
#2851 =( NAMED_UNIT ( * ) PLANE_ANGLE_UNIT ( ) SI_UNIT ( $, .RADIAN. ) );
#2852 = AXIS2_PLACEMENT_3D ( 'NONE', #2749, #2700, #55 ) ;
#2853 = DIRECTION ( 'NONE',  ( 0.0000000000000000000, 0.0000000000000000000, 1.000000000000000000 ) ) ;
#2854 = SURFACE_SIDE_STYLE ('',( #2884 ) ) ;
#2855 = VERTEX_POINT ( 'NONE', #2583 ) ;
#2856 = CARTESIAN_POINT ( 'NONE',  ( -0.8300160100379679884, 0.3200000000000000067, 0.6293305463606210237 ) ) ;
#2857 = COLOUR_RGB ( '',0.8392156862745098200, 0.4470588235294117307, 0.3882352941176470673 ) ;
#2858 = FILL_AREA_STYLE ('',( #2148 ) ) ;
#2859 = ORIENTED_EDGE ( 'NONE', *, *, #2293, .F. ) ;
#2860 = LINE ( 'NONE', #2410, #13 ) ;
#2861 = VERTEX_POINT ( 'NONE', #1460 ) ;
#2862 = FACE_OUTER_BOUND ( 'NONE', #658, .T. ) ;
#2863 = CARTESIAN_POINT ( 'NONE',  ( 2.074110115547794564, 0.7717157287525381326, -0.7606282291601029755 ) ) ;
#2864 = ADVANCED_FACE ( 'NONE', ( #552 ), #1991, .F. ) ;
#2865 = FILL_AREA_STYLE ('',( #2185 ) ) ;
#2866 = DIRECTION ( 'NONE',  ( -1.000000000000000000, 0.0000000000000000000, 0.0000000000000000000 ) ) ;
#2867 = CARTESIAN_POINT ( 'NONE',  ( -0.7399999999999999911, 0.3400000000000000244, 0.4699999999999999734 ) ) ;
#2868 = ADVANCED_FACE ( 'NONE', ( #2893 ), #1491, .F. ) ;
#2869 = ORIENTED_EDGE ( 'NONE', *, *, #2406, .T. ) ;
#2870 = PRESENTATION_LAYER_ASSIGNMENT (  '', '', ( #2486 ) ) ;
#2871 = PLANE ( 'NONE',  #1719 ) ;
#2872 = SURFACE_STYLE_FILL_AREA ( #2180 ) ;
#2873 = MECHANICAL_DESIGN_GEOMETRIC_PRESENTATION_REPRESENTATION (  '', ( #1732 ), #1025 ) ;
#2874 = UNCERTAINTY_MEASURE_WITH_UNIT (LENGTH_MEASURE( 1.000000000000000082E-05 ), #1119, 'distance_accuracy_value', 'NONE');
#2875 = ORIENTED_EDGE ( 'NONE', *, *, #1010, .T. ) ;
#2876 = CARTESIAN_POINT ( 'NONE',  ( 2.037541573052870980, 0.7800000000000000266, -0.7654810429024889729 ) ) ;
#2877 =( GEOMETRIC_REPRESENTATION_CONTEXT ( 3 ) GLOBAL_UNCERTAINTY_ASSIGNED_CONTEXT ( ( #2874 ) ) GLOBAL_UNIT_ASSIGNED_CONTEXT ( ( #1119, #2242, #1871 ) ) REPRESENTATION_CONTEXT ( 'NONE', 'WORKASPACE' ) );
#2878 = AXIS2_PLACEMENT_3D ( 'NONE', #2575, #1367, #702 ) ;
#2879 = VECTOR ( 'NONE', #1535, 1000.000000000000000 ) ;
#2880 = PRESENTATION_STYLE_ASSIGNMENT (( #1264 ) ) ;
#2881 = EDGE_CURVE ( 'NONE', #2469, #111, #1089, .T. ) ;
#2882 = VECTOR ( 'NONE', #2471, 1000.000000000000114 ) ;
#2883 = AXIS2_PLACEMENT_3D ( 'NONE', #2772, #2819, #2361 ) ;
#2884 = SURFACE_STYLE_FILL_AREA ( #2643 ) ;
#2885 = ORIENTED_EDGE ( 'NONE', *, *, #2682, .T. ) ;
#2886 = COLOUR_RGB ( '',0.7529411764705882248, 0.7529411764705882248, 0.7529411764705882248 ) ;
#2887 = VERTEX_POINT ( 'NONE', #1978 ) ;
#2888 = DIRECTION ( 'NONE',  ( 0.0000000000000000000, 1.000000000000000000, 0.0000000000000000000 ) ) ;
#2889 = STYLED_ITEM ( 'NONE', ( #392 ), #1595 ) ;
#2890 = ORIENTED_EDGE ( 'NONE', *, *, #140, .F. ) ;
#2891 = DIRECTION ( 'NONE',  ( 0.0000000000000000000, 0.0000000000000000000, -1.000000000000000000 ) ) ;
#2892 = AXIS2_PLACEMENT_3D ( 'NONE', #2614, #1967, #1505 ) ;
#2893 = FACE_OUTER_BOUND ( 'NONE', #400, .T. ) ;
#2894 = SURFACE_STYLE_USAGE ( .BOTH. , #1882 ) ;
#2895 = CARTESIAN_POINT ( 'NONE',  ( 2.094110115547795914, 0.3400000000000000244, -0.7254810429024892704 ) ) ;
#2896 = MECHANICAL_DESIGN_GEOMETRIC_PRESENTATION_REPRESENTATION (  '', ( #2029 ), #2805 ) ;
#2897 = UNCERTAINTY_MEASURE_WITH_UNIT (LENGTH_MEASURE( 1.000000000000000082E-05 ), #322, 'distance_accuracy_value', 'NONE');
#2898 = LINE ( 'NONE', #2008, #249 ) ;
#2899 = ORIENTED_EDGE ( 'NONE', *, *, #376, .T. ) ;
#2900 = VERTEX_POINT ( 'NONE', #1517 ) ;
#2901 = AXIS2_PLACEMENT_3D ( 'NONE', #2840, #2354, #88 ) ;
#2902 = EDGE_LOOP ( 'NONE', ( #1440, #221, #1755, #26, #2773, #2013, #2836, #2724, #1345, #1816, #441, #220 ) ) ;
#2903 =( LENGTH_UNIT ( ) NAMED_UNIT ( * ) SI_UNIT ( .MILLI., .METRE. ) );
#2904 = MECHANICAL_DESIGN_GEOMETRIC_PRESENTATION_REPRESENTATION (  '', ( #622 ), #2474 ) ;
#2905 = UNCERTAINTY_MEASURE_WITH_UNIT (LENGTH_MEASURE( 1.000000000000000082E-05 ), #1997, 'distance_accuracy_value', 'NONE');
#2906 = EDGE_LOOP ( 'NONE', ( #116, #2222, #1496, #1818, #677, #1115, #406, #2066 ) ) ;
#2907 = DIRECTION ( 'NONE',  ( 1.000000000000000000, -0.0000000000000000000, 0.0000000000000000000 ) ) ;
#2908 = ADVANCED_FACE ( 'NONE', ( #1537 ), #2044, .F. ) ;
#2909 = SURFACE_STYLE_FILL_AREA ( #2210 ) ;
ENDSEC;
END-ISO-10303-21;
