ISO-10303-21;
HEADER;
FILE_DESCRIPTION (( 'STEP AP214' ),
    '1' );
FILE_NAME ('User Library-QFN-20.STEP',
    '2019-06-28T04:13:53',
    ( '' ),
    ( '' ),
    'SwSTEP 2.0',
    'SolidWorks 2019',
    '' );
FILE_SCHEMA (( 'AUTOMOTIVE_DESIGN' ));
ENDSEC;

DATA;
#1 = DIRECTION ( 'NONE',  ( -0.0000000000000000000, -0.0000000000000000000, -1.000000000000000000 ) ) ;
#2 = ORIENTED_EDGE ( 'NONE', *, *, #3712, .F. ) ;
#3 = DIRECTION ( 'NONE',  ( 0.0000000000000000000, 0.0000000000000000000, 1.000000000000000000 ) ) ;
#4 = DIRECTION ( 'NONE',  ( 0.0000000000000000000, 0.0000000000000000000, 1.000000000000000000 ) ) ;
#5 = VECTOR ( 'NONE', #806, 1000.000000000000000 ) ;
#6 = ORIENTED_EDGE ( 'NONE', *, *, #4349, .F. ) ;
#7 = DIRECTION ( 'NONE',  ( -0.0000000000000000000, -0.0000000000000000000, 1.000000000000000000 ) ) ;
#8 = PLANE ( 'NONE',  #1462 ) ;
#9 =( GEOMETRIC_REPRESENTATION_CONTEXT ( 3 ) GLOBAL_UNCERTAINTY_ASSIGNED_CONTEXT ( ( #5056 ) ) GLOBAL_UNIT_ASSIGNED_CONTEXT ( ( #1972, #5706, #1201 ) ) REPRESENTATION_CONTEXT ( 'NONE', 'WORKASPACE' ) );
#10 = ORIENTED_EDGE ( 'NONE', *, *, #2992, .F. ) ;
#11 = EDGE_LOOP ( 'NONE', ( #7040, #9390, #7261, #8923 ) ) ;
#12 = COLOUR_RGB ( '',0.7529411764705882248, 0.7529411764705882248, 0.7529411764705882248 ) ;
#13 = DIRECTION ( 'NONE',  ( 0.0000000000000000000, -0.0000000000000000000, -1.000000000000000000 ) ) ;
#14 = CARTESIAN_POINT ( 'NONE',  ( 0.0000000000000000000, 0.0000000000000000000, 0.0000000000000000000 ) ) ;
#15 = ORIENTED_EDGE ( 'NONE', *, *, #9382, .F. ) ;
#16 = DIRECTION ( 'NONE',  ( 0.7070843308576648667, -0.7071292308026647655, 0.0000000000000000000 ) ) ;
#17 = PRODUCT_DEFINITION_SHAPE ( 'NONE', 'NONE',  #3325 ) ;
#18 = DIRECTION ( 'NONE',  ( -0.0000000000000000000, 1.000000000000000000, 0.0000000000000000000 ) ) ;
#19 = DIRECTION ( 'NONE',  ( -1.000000000000000000, 0.0000000000000000000, 0.0000000000000000000 ) ) ;
#20 = CARTESIAN_POINT ( 'NONE',  ( 0.1150010399999999988, -0.2199995600000000107, 0.0000000000000000000 ) ) ;
#21 = VECTOR ( 'NONE', #7525, 1000.000000000000000 ) ;
#22 = CARTESIAN_POINT ( 'NONE',  ( 0.07999984000000000262, -0.1299997400000000025, 0.0000000000000000000 ) ) ;
#23 = SHAPE_REPRESENTATION ( 'User Library-QFN-20_479712209', ( #5723, #3707 ), #3857 ) ;
#24 = FILL_AREA_STYLE ('',( #1968 ) ) ;
#25 = ORIENTED_EDGE ( 'NONE', *, *, #177, .T. ) ;
#26 = UNCERTAINTY_MEASURE_WITH_UNIT (LENGTH_MEASURE( 1.000000000000000082E-05 ), #6966, 'distance_accuracy_value', 'NONE');
#27 = LINE ( 'NONE', #6617, #5047 ) ;
#28 = ORIENTED_EDGE ( 'NONE', *, *, #4601, .F. ) ;
#29 = CARTESIAN_POINT ( 'NONE',  ( 0.1400022600000007111, -0.07499858000000014790, 0.0000000000000000000 ) ) ;
#30 = EDGE_LOOP ( 'NONE', ( #8663, #424, #9460, #3634 ) ) ;
#31 = LINE ( 'NONE', #5219, #7509 ) ;
#32 = ADVANCED_FACE ( 'NONE', ( #2081 ), #3331, .T. ) ;
#33 = SHAPE_DEFINITION_REPRESENTATION ( #2012, #7630 ) ;
#34 = APPLICATION_CONTEXT ( 'automotive_design' ) ;
#35 = VECTOR ( 'NONE', #321, 1000.000000000000000 ) ;
#36 = CARTESIAN_POINT ( 'NONE',  ( -0.1299997400000000025, 0.09000236000000000347, 0.01000000000000000021 ) ) ;
#37 = VERTEX_POINT ( 'NONE', #6502 ) ;
#38 = CARTESIAN_POINT ( 'NONE',  ( -0.1749983800000000089, 0.01999995999999000171, 0.0000000000000000000 ) ) ;
#39 = VECTOR ( 'NONE', #5882, 1000.000000000000000 ) ;
#40 = CARTESIAN_POINT ( 'NONE',  ( 0.0000000000000000000, 0.0000000000000000000, 0.0000000000000000000 ) ) ;
#41 =( REPRESENTATION_RELATIONSHIP ('NONE','NONE', #5544, #703 ) REPRESENTATION_RELATIONSHIP_WITH_TRANSFORMATION ( #5511 )SHAPE_REPRESENTATION_RELATIONSHIP( ) );
#42 = VERTEX_POINT ( 'NONE', #7898 ) ;
#43 = DIRECTION ( 'NONE',  ( 0.0000000000000000000, -1.000000000000000000, 0.0000000000000000000 ) ) ;
#44 = EDGE_CURVE ( 'NONE', #448, #4199, #7852, .T. ) ;
#45 = CARTESIAN_POINT ( 'NONE',  ( -0.09999980000001000568, -0.2199995600000000107, 0.0000000000000000000 ) ) ;
#46 = ADVANCED_FACE ( 'NONE', ( #9233 ), #4945, .T. ) ;
#47 = LINE ( 'NONE', #3127, #8849 ) ;
#48 = ADVANCED_FACE ( 'NONE', ( #9376 ), #1943, .T. ) ;
#49 = DIRECTION ( 'NONE',  ( 1.000000000000000000, 0.0000000000000000000, -0.0000000000000000000 ) ) ;
#50 = ORIENTED_EDGE ( 'NONE', *, *, #6987, .F. ) ;
#51 = CARTESIAN_POINT ( 'NONE',  ( 0.1750009199999976173, 0.02000249999999908351, 0.02000000000000000389 ) ) ;
#52 = VECTOR ( 'NONE', #2366, 1000.000000000000000 ) ;
#53 = DIRECTION ( 'NONE',  ( 1.000000000000000000, 0.0000000000000000000, 0.0000000000000000000 ) ) ;
#54 = EDGE_CURVE ( 'NONE', #3155, #8063, #7235, .T. ) ;
#55 = VERTEX_POINT ( 'NONE', #3486 ) ;
#56 = CARTESIAN_POINT ( 'NONE',  ( 0.1750009200000000043, -0.01999741999999999839, 0.0000000000000000000 ) ) ;
#57 = LINE ( 'NONE', #2896, #7338 ) ;
#58 = EDGE_CURVE ( 'NONE', #1426, #5058, #3534, .T. ) ;
#59 = VECTOR ( 'NONE', #9071, 1000.000000000000114 ) ;
#60 = ORIENTED_EDGE ( 'NONE', *, *, #4949, .F. ) ;
#61 = OPEN_SHELL ( 'NONE', ( #8618 ) ) ;
#62 = CARTESIAN_POINT ( 'NONE',  ( -0.1499997000000000136, -0.1749983800000000089, 0.02000000000000000042 ) ) ;
#63 = LINE ( 'NONE', #3004, #6585 ) ;
#64 =( NAMED_UNIT ( * ) SI_UNIT ( $, .STERADIAN. ) SOLID_ANGLE_UNIT ( ) );
#65 = ORIENTED_EDGE ( 'NONE', *, *, #3062, .F. ) ;
#66 = DIRECTION ( 'NONE',  ( 1.000000000000000000, 0.0000000000000000000, -0.0000000000000000000 ) ) ;
#67 = AXIS2_PLACEMENT_3D ( 'NONE', #6765, #756, #5166 ) ;
#68 = VERTEX_POINT ( 'NONE', #5049 ) ;
#69 = VECTOR ( 'NONE', #4475, 1000.000000000000000 ) ;
#70 = FACE_OUTER_BOUND ( 'NONE', #8461, .T. ) ;
#71 = CARTESIAN_POINT ( 'NONE',  ( 0.1550009599999998267, -0.01999742000001185349, 0.01000000000000000021 ) ) ;
#72 = DIRECTION ( 'NONE',  ( -1.000000000000000000, 0.0000000000000000000, 0.0000000000000000000 ) ) ;
#73 = DIRECTION ( 'NONE',  ( 0.4472135954999579832, 0.8944271909999159664, 0.0000000000000000000 ) ) ;
#74 = VECTOR ( 'NONE', #9093, 1000.000000000000000 ) ;
#75 = FACE_OUTER_BOUND ( 'NONE', #2995, .T. ) ;
#76 = AXIS2_PLACEMENT_3D ( 'NONE', #7864, #6466, #8637 ) ;
#77 = ORIENTED_EDGE ( 'NONE', *, *, #331, .T. ) ;
#78 = LINE ( 'NONE', #5300, #109 ) ;
#79 =( NAMED_UNIT ( * ) PLANE_ANGLE_UNIT ( ) SI_UNIT ( $, .RADIAN. ) );
#80 = ORIENTED_EDGE ( 'NONE', *, *, #3236, .T. ) ;
#81 = DIRECTION ( 'NONE',  ( 0.9284766908852593037, 0.3713906763541037215, -0.0000000000000000000 ) ) ;
#82 = ORIENTED_EDGE ( 'NONE', *, *, #7091, .T. ) ;
#83 = DIRECTION ( 'NONE',  ( 0.0000000000000000000, 0.0000000000000000000, 1.000000000000000000 ) ) ;
#84 = PRESENTATION_LAYER_ASSIGNMENT (  '', '', ( #4241 ) ) ;
#85 = VECTOR ( 'NONE', #4541, 1000.000000000000000 ) ;
#86 = SHAPE_DEFINITION_REPRESENTATION ( #6504, #5661 ) ;
#87 = CARTESIAN_POINT ( 'NONE',  ( 0.07999984000000000262, -0.1899996200000000079, 0.0000000000000000000 ) ) ;
#88 = AXIS2_PLACEMENT_3D ( 'NONE', #7485, #5801, #5072 ) ;
#89 = ORIENTED_EDGE ( 'NONE', *, *, #7321, .F. ) ;
#90 = DIRECTION ( 'NONE',  ( 0.9486832980504137369, 0.3162277660171379234, 0.0000000000000000000 ) ) ;
#91 = EDGE_LOOP ( 'NONE', ( #2008, #1142, #1867, #6874 ) ) ;
#92 = PRODUCT_DEFINITION ( 'UNKNOWN', '', #9349, #6908 ) ;
#93 = DIRECTION ( 'NONE',  ( 0.7071067811865462405, -0.7071067811865489050, 0.0000000000000000000 ) ) ;
#94 = DIRECTION ( 'NONE',  ( -1.000000000000000000, 0.0000000000000000000, 0.0000000000000000000 ) ) ;
#95 = PRODUCT_DEFINITION_SHAPE ( 'NONE', 'NONE',  #9552 ) ;
#96 = PRODUCT_DEFINITION_FORMATION_WITH_SPECIFIED_SOURCE ( 'ANY', '', #4412, .NOT_KNOWN. ) ;
#97 = CARTESIAN_POINT ( 'NONE',  ( -0.1699996599999944735, -0.03999737999999510019, 0.009999999999999998473 ) ) ;
#98 = VECTOR ( 'NONE', #2822, 1000.000000000000000 ) ;
#99 = ADVANCED_FACE ( 'NONE', ( #9422 ), #4306, .T. ) ;
#100 = CARTESIAN_POINT ( 'NONE',  ( 0.2000000000000000111, 0.0000000000000000000, 0.01000000000000000021 ) ) ;
#101 = ORIENTED_EDGE ( 'NONE', *, *, #4546, .F. ) ;
#102 = PRODUCT_DEFINITION_FORMATION_WITH_SPECIFIED_SOURCE ( 'ANY', '', #1706, .NOT_KNOWN. ) ;
#103 = EDGE_CURVE ( 'NONE', #8216, #6846, #7274, .T. ) ;
#104 = AXIS2_PLACEMENT_3D ( 'NONE', #9049, #9096, #2335 ) ;
#105 = CARTESIAN_POINT ( 'NONE',  ( 1.114999040000000052, -1.289999960000000057, 0.6126987999999999879 ) ) ;
#106 = ORIENTED_EDGE ( 'NONE', *, *, #4889, .T. ) ;
#107 = LINE ( 'NONE', #1561, #2022 ) ;
#108 = CARTESIAN_POINT ( 'NONE',  ( -0.01499869999994578665, 0.2200020999999842686, 0.0000000000000000000 ) ) ;
#109 = VECTOR ( 'NONE', #2297, 1000.000000000000000 ) ;
#110 = VECTOR ( 'NONE', #6442, 1000.000000000000000 ) ;
#111 = EDGE_CURVE ( 'NONE', #2639, #621, #7132, .T. ) ;
#112 = PLANE ( 'NONE',  #352 ) ;
#113 = DIRECTION ( 'NONE',  ( 0.1960682367459480047, 0.9805902541527398153, 0.0000000000000000000 ) ) ;
#114 = CARTESIAN_POINT ( 'NONE',  ( 0.0000000000000000000, 0.0000000000000000000, 0.0000000000000000000 ) ) ;
#115 = EDGE_CURVE ( 'NONE', #3760, #4856, #1373, .T. ) ;
#116 = PRODUCT_DEFINITION_CONTEXT ( 'detailed design', #6777, 'design' ) ;
#117 = DIRECTION ( 'NONE',  ( 1.000000000000000000, 0.0000000000000000000, 0.0000000000000000000 ) ) ;
#118 = ORIENTED_EDGE ( 'NONE', *, *, #3178, .F. ) ;
#119 = CARTESIAN_POINT ( 'NONE',  ( -1.499999539999999909, 1.499999539999999909, 0.0000000000000000000 ) ) ;
#120 = LINE ( 'NONE', #7429, #3097 ) ;
#121 = CARTESIAN_POINT ( 'NONE',  ( -0.1549984199999999979, -0.2199995600000000107, 0.0000000000000000000 ) ) ;
#122 = CARTESIAN_POINT ( 'NONE',  ( 0.8499983000000075339, 0.6400012606270477633, 0.0000000000000000000 ) ) ;
#123 = ADVANCED_FACE ( 'NONE', ( #4996 ), #1171, .T. ) ;
#124 = DIRECTION ( 'NONE',  ( 0.0000000000000000000, -1.000000000000000000, 0.0000000000000000000 ) ) ;
#125 = ORIENTED_EDGE ( 'NONE', *, *, #2280, .T. ) ;
#126 = PLANE ( 'NONE',  #917 ) ;
#127 = DIRECTION ( 'NONE',  ( 1.000000000000000000, 0.0000000000000000000, 0.0000000000000000000 ) ) ;
#128 = ORIENTED_EDGE ( 'NONE', *, *, #2539, .T. ) ;
#129 = CARTESIAN_POINT ( 'NONE',  ( 0.1550009600000293031, 0.04000246000000649838, 0.0000000000000000000 ) ) ;
#130 = ORIENTED_EDGE ( 'NONE', *, *, #7736, .T. ) ;
#131 = FACE_OUTER_BOUND ( 'NONE', #2028, .T. ) ;
#132 = ITEM_DEFINED_TRANSFORMATION ( 'NONE', 'NONE', #5821,  #2951 ) ;
#133 = FACE_OUTER_BOUND ( 'NONE', #1939, .T. ) ;
#134 = VERTEX_POINT ( 'NONE', #4896 ) ;
#135 = DIRECTION ( 'NONE',  ( 1.000000000000000000, 0.0000000000000000000, 0.0000000000000000000 ) ) ;
#136 =( NAMED_UNIT ( * ) PLANE_ANGLE_UNIT ( ) SI_UNIT ( $, .RADIAN. ) );
#137 = ORIENTED_EDGE ( 'NONE', *, *, #6047, .T. ) ;
#138 = DIRECTION ( 'NONE',  ( 0.0000000000000000000, -0.0000000000000000000, -1.000000000000000000 ) ) ;
#139 = CARTESIAN_POINT ( 'NONE',  ( -1.499999539999999909, 1.499999539999999909, 0.0000000000000000000 ) ) ;
#140 = DIRECTION ( 'NONE',  ( 0.0000000000000000000, 0.0000000000000000000, 1.000000000000000000 ) ) ;
#141 = PRODUCT_DEFINITION ( 'UNKNOWN', '', #1804, #2899 ) ;
#142 = CARTESIAN_POINT ( 'NONE',  ( 0.1750009200000000043, -0.1499997000000000136, 0.0000000000000000000 ) ) ;
#143 = ORIENTED_EDGE ( 'NONE', *, *, #2165, .F. ) ;
#144 = CARTESIAN_POINT ( 'NONE',  ( 0.1400022599999999895, 0.1800021800000000671, 0.0000000000000000000 ) ) ;
#145 = VECTOR ( 'NONE', #4722, 1000.000000000000000 ) ;
#146 = AXIS2_PLACEMENT_3D ( 'NONE', #7705, #9085, #5436 ) ;
#147 = APPLICATION_PROTOCOL_DEFINITION ( 'draft international standard', 'automotive_design', 1998, #5295 ) ;
#148 = EDGE_LOOP ( 'NONE', ( #8963, #4356, #6933, #2898 ) ) ;
#149 = LINE ( 'NONE', #9034, #3571 ) ;
#150 = VECTOR ( 'NONE', #8004, 1000.000000000000000 ) ;
#151 = CARTESIAN_POINT ( 'NONE',  ( -0.1399997199999999942, 0.2200021000000000337, 0.0000000000000000000 ) ) ;
#152 = VERTEX_POINT ( 'NONE', #4156 ) ;
#153 = EDGE_CURVE ( 'NONE', #4749, #5530, #485, .T. ) ;
#154 = AXIS2_PLACEMENT_3D ( 'NONE', #7219, #1362, #577 ) ;
#155 = CARTESIAN_POINT ( 'NONE',  ( -0.7099985800000000458, -0.8399983200000000760, 0.0000000000000000000 ) ) ;
#156 = FILL_AREA_STYLE_COLOUR ( '', #2245 ) ;
#157 = VECTOR ( 'NONE', #9042, 1000.000000000000114 ) ;
#158 = CARTESIAN_POINT ( 'NONE',  ( -0.01499870000000999917, -0.2199995600000000107, 0.0000000000000000000 ) ) ;
#159 = ORIENTED_EDGE ( 'NONE', *, *, #2156, .T. ) ;
#160 = DIRECTION ( 'NONE',  ( 0.0000000000000000000, 0.0000000000000000000, -1.000000000000000000 ) ) ;
#161 = PLANE ( 'NONE',  #480 ) ;
#162 = EDGE_CURVE ( 'NONE', #5187, #315, #464, .T. ) ;
#163 = EDGE_CURVE ( 'NONE', #2514, #8954, #4976, .T. ) ;
#164 = CARTESIAN_POINT ( 'NONE',  ( 0.005001260000000000427, 0.2200021000000000060, 0.01000000000000000021 ) ) ;
#165 = APPLICATION_CONTEXT ( 'automotive_design' ) ;
#166 = CARTESIAN_POINT ( 'NONE',  ( 5.383741412748332166E-15, -0.1099972399999946254, 0.0000000000000000000 ) ) ;
#167 = EDGE_CURVE ( 'NONE', #4303, #5940, #2640, .T. ) ;
#168 = SHAPE_REPRESENTATION ( 'User Library-QFN-20_479710033', ( #9270, #7282 ), #2939 ) ;
#169 = DIRECTION ( 'NONE',  ( -0.0000000000000000000, -0.0000000000000000000, -1.000000000000000000 ) ) ;
#170 = AXIS2_PLACEMENT_3D ( 'NONE', #5579, #6501, #1271 ) ;
#171 = PRODUCT_DEFINITION_SHAPE ( 'NONE', 'NONE',  #9539 ) ;
#172 = VERTEX_POINT ( 'NONE', #7111 ) ;
#173 = CARTESIAN_POINT ( 'NONE',  ( 0.1350010000000000099, 0.1300022800000000256, 0.01000000000000000021 ) ) ;
#174 = ORIENTED_EDGE ( 'NONE', *, *, #4674, .T. ) ;
#175 = PLANE ( 'NONE',  #686 ) ;
#176 = ORIENTED_EDGE ( 'NONE', *, *, #4890, .T. ) ;
#177 = EDGE_CURVE ( 'NONE', #7143, #6649, #6478, .T. ) ;
#178 = CARTESIAN_POINT ( 'NONE',  ( 0.7200010999999999495, -0.8399983200000000760, 0.0000000000000000000 ) ) ;
#179 = VECTOR ( 'NONE', #8056, 1000.000000000000000 ) ;
#180 = EDGE_CURVE ( 'NONE', #6148, #7741, #9401, .T. ) ;
#181 = CONTEXT_DEPENDENT_SHAPE_REPRESENTATION ( #6416, #2543 ) ;
#182 = ORIENTED_EDGE ( 'NONE', *, *, #5095, .F. ) ;
#183 = CIRCLE ( 'NONE', #4660, 0.2000000000000000111 ) ;
#184 = LINE ( 'NONE', #4625, #8129 ) ;
#185 = VERTEX_POINT ( 'NONE', #4090 ) ;
#186 = LINE ( 'NONE', #6088, #4796 ) ;
#187 = LINE ( 'NONE', #9162, #3969 ) ;
#188 = EDGE_CURVE ( 'NONE', #3902, #8383, #5023, .T. ) ;
#189 = DIRECTION ( 'NONE',  ( 0.0000000000000000000, 0.0000000000000000000, -1.000000000000000000 ) ) ;
#190 = FACE_OUTER_BOUND ( 'NONE', #1166, .T. ) ;
#191 = VECTOR ( 'NONE', #4661, 1000.000000000000000 ) ;
#192 = DIRECTION ( 'NONE',  ( 0.0000000000000000000, 0.0000000000000000000, 1.000000000000000000 ) ) ;
#193 = VERTEX_POINT ( 'NONE', #8602 ) ;
#194 = CARTESIAN_POINT ( 'NONE',  ( -0.8199983600000000372, -0.7499985000000000124, 0.0000000000000000000 ) ) ;
#195 = CARTESIAN_POINT ( 'NONE',  ( -0.1499997000000000136, 0.1750009200000000043, 0.0000000000000000000 ) ) ;
#196 = DIRECTION ( 'NONE',  ( 1.000000000000000000, 0.0000000000000000000, 0.0000000000000000000 ) ) ;
#197 = EDGE_LOOP ( 'NONE', ( #3292, #6193, #8652, #5575 ) ) ;
#198 = LINE ( 'NONE', #7652, #5465 ) ;
#199 = ORIENTED_EDGE ( 'NONE', *, *, #9311, .F. ) ;
#200 = VECTOR ( 'NONE', #6247, 1000.000000000000000 ) ;
#201 = CARTESIAN_POINT ( 'NONE',  ( -0.1399997199999999942, -0.2199995600000000107, 0.01000000000000000021 ) ) ;
#202 = CARTESIAN_POINT ( 'NONE',  ( 0.0000000000000000000, 0.009999980000002999664, 0.09651999999999999469 ) ) ;
#203 = DIRECTION ( 'NONE',  ( 0.0000000000000000000, 0.0000000000000000000, 1.000000000000000000 ) ) ;
#204 = CARTESIAN_POINT ( 'NONE',  ( 0.005001260000000000427, 0.2200021000000000060, 0.01000000000000000021 ) ) ;
#205 = ORIENTED_EDGE ( 'NONE', *, *, #8085, .T. ) ;
#206 = PRODUCT_DEFINITION ( 'UNKNOWN', '', #8285, #1672 ) ;
#207 = DIRECTION ( 'NONE',  ( 0.0000000000000000000, 0.0000000000000000000, 1.000000000000000000 ) ) ;
#208 = DIRECTION ( 'NONE',  ( -0.0000000000000000000, -1.000000000000000000, 0.0000000000000000000 ) ) ;
#209 = VECTOR ( 'NONE', #6880, 1000.000000000000000 ) ;
#210 = LINE ( 'NONE', #8338, #4545 ) ;
#211 = VECTOR ( 'NONE', #7028, 999.9999999999998863 ) ;
#212 = DIRECTION ( 'NONE',  ( 0.0000000000000000000, -0.0000000000000000000, -1.000000000000000000 ) ) ;
#213 = ITEM_DEFINED_TRANSFORMATION ( 'NONE', 'NONE', #7712,  #2951 ) ;
#214 = CARTESIAN_POINT ( 'NONE',  ( 0.1150010399999999988, 0.03000247999998999909, 0.0000000000000000000 ) ) ;
#215 = ADVANCED_FACE ( 'NONE', ( #6431 ), #7776, .F. ) ;
#216 = ADVANCED_FACE ( 'NONE', ( #5657 ), #6380, .T. ) ;
#217 = DIRECTION ( 'NONE',  ( 1.000000000000000000, 0.0000000000000000000, 0.0000000000000000000 ) ) ;
#218 = ORIENTED_EDGE ( 'NONE', *, *, #6546, .F. ) ;
#219 = UNCERTAINTY_MEASURE_WITH_UNIT (LENGTH_MEASURE( 1.000000000000000082E-05 ), #2223, 'distance_accuracy_value', 'NONE');
#220 = CARTESIAN_POINT ( 'NONE',  ( -0.03999992000000000131, -0.1999995999999999996, 0.0000000000000000000 ) ) ;
#221 = ORIENTED_EDGE ( 'NONE', *, *, #5207, .T. ) ;
#222 = EDGE_CURVE ( 'NONE', #1153, #6506, #568, .T. ) ;
#223 = CARTESIAN_POINT ( 'NONE',  ( 0.03999992000000000131, 0.2000021399999999949, 0.0000000000000000000 ) ) ;
#224 = ORIENTED_EDGE ( 'NONE', *, *, #5321, .F. ) ;
#225 = DIRECTION ( 'NONE',  ( 0.0000000000000000000, -0.0000000000000000000, -1.000000000000000000 ) ) ;
#226 = VECTOR ( 'NONE', #6257, 1000.000000000000114 ) ;
#227 =( REPRESENTATION_RELATIONSHIP ('NONE','NONE', #8559, #6586 ) REPRESENTATION_RELATIONSHIP_WITH_TRANSFORMATION ( #5065 )SHAPE_REPRESENTATION_RELATIONSHIP( ) );
#228 = AXIS2_PLACEMENT_3D ( 'NONE', #8779, #5118, #3654 ) ;
#229 = EDGE_CURVE ( 'NONE', #6604, #4617, #1974, .T. ) ;
#230 = DIRECTION ( 'NONE',  ( -0.4961389383571568334, 0.8682431421242745584, 0.0000000000000000000 ) ) ;
#231 = SURFACE_SIDE_STYLE ('',( #2590 ) ) ;
#232 = ORIENTED_EDGE ( 'NONE', *, *, #4254, .F. ) ;
#233 = PLANE ( 'NONE',  #7519 ) ;
#234 = SURFACE_STYLE_USAGE ( .BOTH. , #3998 ) ;
#235 = ORIENTED_EDGE ( 'NONE', *, *, #1951, .F. ) ;
#236 = EDGE_CURVE ( 'NONE', #5032, #4624, #513, .T. ) ;
#237 = DIRECTION ( 'NONE',  ( 1.000000000000000000, 0.0000000000000000000, 0.0000000000000000000 ) ) ;
#238 = CARTESIAN_POINT ( 'NONE',  ( 0.0000000000000000000, 0.2000021399999999949, 0.01000000000000000021 ) ) ;
#239 = CARTESIAN_POINT ( 'NONE',  ( 0.1750009200000000043, -0.1499997000000000136, 0.0000000000000000000 ) ) ;
#240 = EDGE_CURVE ( 'NONE', #7707, #8463, #1302, .T. ) ;
#241 = LINE ( 'NONE', #1010, #4838 ) ;
#242 = VECTOR ( 'NONE', #3910, 1000.000000000000114 ) ;
#243 = ORIENTED_EDGE ( 'NONE', *, *, #7921, .T. ) ;
#244 = CARTESIAN_POINT ( 'NONE',  ( -0.1499996999999944902, -0.02499868009521274623, 0.02000000000000000389 ) ) ;
#245 = ORIENTED_EDGE ( 'NONE', *, *, #177, .F. ) ;
#246 = CARTESIAN_POINT ( 'NONE',  ( 0.1450009800000000015, 0.09000236000000000347, 0.0000000000000000000 ) ) ;
#247 = PRODUCT_CONTEXT ( 'NONE', #7335, 'mechanical' ) ;
#248 = EDGE_LOOP ( 'NONE', ( #9136, #1428, #2430, #9179 ) ) ;
#249 = VECTOR ( 'NONE', #750, 1000.000000000000000 ) ;
#250 = DIRECTION ( 'NONE',  ( -0.0000000000000000000, 0.0000000000000000000, -1.000000000000000000 ) ) ;
#251 = ORIENTED_EDGE ( 'NONE', *, *, #4703, .F. ) ;
#252 = PRODUCT_DEFINITION_SHAPE ( 'NONE', 'NONE',  #9536 ) ;
#253 = PRESENTATION_LAYER_ASSIGNMENT (  '', '', ( #1497 ) ) ;
#254 = DIRECTION ( 'NONE',  ( 0.0000000000000000000, 0.0000000000000000000, 1.000000000000000000 ) ) ;
#255 = FACE_OUTER_BOUND ( 'NONE', #865, .T. ) ;
#256 =( LENGTH_UNIT ( ) NAMED_UNIT ( * ) SI_UNIT ( .MILLI., .METRE. ) );
#257 = CARTESIAN_POINT ( 'NONE',  ( 0.07999984000001204854, -0.01999742000001800482, 0.0000000000000000000 ) ) ;
#258 = DIRECTION ( 'NONE',  ( 0.0000000000000000000, 0.0000000000000000000, 1.000000000000000000 ) ) ;
#259 = VERTEX_POINT ( 'NONE', #3457 ) ;
#260 = ORIENTED_EDGE ( 'NONE', *, *, #7724, .T. ) ;
#261 = FACE_OUTER_BOUND ( 'NONE', #1613, .T. ) ;
#262 = CARTESIAN_POINT ( 'NONE',  ( -0.1349984600000000146, 0.09999979999999000779, 0.02000000000000000042 ) ) ;
#263 = DIRECTION ( 'NONE',  ( -0.0000000000000000000, -0.0000000000000000000, -1.000000000000000000 ) ) ;
#264 =( GEOMETRIC_REPRESENTATION_CONTEXT ( 3 ) GLOBAL_UNCERTAINTY_ASSIGNED_CONTEXT ( ( #892 ) ) GLOBAL_UNIT_ASSIGNED_CONTEXT ( ( #2211, #5176, #5858 ) ) REPRESENTATION_CONTEXT ( 'NONE', 'WORKASPACE' ) );
#265 = ITEM_DEFINED_TRANSFORMATION ( 'NONE', 'NONE', #328,  #2951 ) ;
#266 = CARTESIAN_POINT ( 'NONE',  ( -0.1149985000000000035, 0.03000247999998999909, 0.0000000000000000000 ) ) ;
#267 = ORIENTED_EDGE ( 'NONE', *, *, #465, .T. ) ;
#268 = CARTESIAN_POINT ( 'NONE',  ( -0.1549984199999999979, -0.2199995600000000107, 0.01000000000000000021 ) ) ;
#269 = VECTOR ( 'NONE', #9456, 1000.000000000000000 ) ;
#270 = FILL_AREA_STYLE_COLOUR ( '', #5731 ) ;
#271 = VERTEX_POINT ( 'NONE', #2780 ) ;
#272 = PLANE ( 'NONE',  #9011 ) ;
#273 = CARTESIAN_POINT ( 'NONE',  ( -0.02999994000001158026, -0.1599996800000023922, 0.009999999999999998473 ) ) ;
#274 = ORIENTED_EDGE ( 'NONE', *, *, #54, .T. ) ;
#275 = DIRECTION ( 'NONE',  ( -0.0000000000000000000, 1.000000000000000000, 0.0000000000000000000 ) ) ;
#276 = ADVANCED_FACE ( 'NONE', ( #1918 ), #3514, .T. ) ;
#277 = ADVANCED_FACE ( 'NONE', ( #1203 ), #2059, .T. ) ;
#278 = CARTESIAN_POINT ( 'NONE',  ( 0.09999979999999000779, 0.01999995999999000171, 0.0000000000000000000 ) ) ;
#279 = ORIENTED_EDGE ( 'NONE', *, *, #7034, .F. ) ;
#280 = ORIENTED_EDGE ( 'NONE', *, *, #3413, .F. ) ;
#281 = CARTESIAN_POINT ( 'NONE',  ( -0.08999981999999999427, 0.2000021399999999949, 0.0000000000000000000 ) ) ;
#282 = SHAPE_REPRESENTATION ( 'User Library-QFN-20_Extruded21', ( #2951 ), #295 ) ;
#283 = DIRECTION ( 'NONE',  ( -0.0000000000000000000, 0.0000000000000000000, -1.000000000000000000 ) ) ;
#284 = ADVANCED_FACE ( 'NONE', ( #1146 ), #7067, .T. ) ;
#285 = ADVANCED_FACE ( 'NONE', ( #7830 ), #4138, .T. ) ;
#286 = EDGE_CURVE ( 'NONE', #6440, #9300, #2152, .T. ) ;
#287 = ORIENTED_EDGE ( 'NONE', *, *, #2359, .F. ) ;
#288 = FACE_OUTER_BOUND ( 'NONE', #9161, .T. ) ;
#289 = ORIENTED_EDGE ( 'NONE', *, *, #5027, .F. ) ;
#290 =( REPRESENTATION_RELATIONSHIP ('NONE','NONE', #5544, #8922 ) REPRESENTATION_RELATIONSHIP_WITH_TRANSFORMATION ( #3806 )SHAPE_REPRESENTATION_RELATIONSHIP( ) );
#291 = DIRECTION ( 'NONE',  ( -0.9805902541527398153, 0.1960682367459480047, 0.0000000000000000000 ) ) ;
#292 = PRODUCT_CONTEXT ( 'NONE', #4850, 'mechanical' ) ;
#293 = ORIENTED_EDGE ( 'NONE', *, *, #2593, .T. ) ;
#294 = PLANE ( 'NONE',  #7600 ) ;
#295 =( GEOMETRIC_REPRESENTATION_CONTEXT ( 3 ) GLOBAL_UNCERTAINTY_ASSIGNED_CONTEXT ( ( #9304 ) ) GLOBAL_UNIT_ASSIGNED_CONTEXT ( ( #607, #7825, #4920 ) ) REPRESENTATION_CONTEXT ( 'NONE', 'WORKASPACE' ) );
#296 = EDGE_CURVE ( 'NONE', #567, #8101, #5799, .T. ) ;
#297 = DIRECTION ( 'NONE',  ( -0.0000000000000000000, -0.0000000000000000000, -1.000000000000000000 ) ) ;
#298 = ORIENTED_EDGE ( 'NONE', *, *, #3870, .F. ) ;
#299 = PLANE ( 'NONE',  #9148 ) ;
#300 = ORIENTED_EDGE ( 'NONE', *, *, #5140, .F. ) ;
#301 = AXIS2_PLACEMENT_3D ( 'NONE', #3734, #826, #4362 ) ;
#302 = CARTESIAN_POINT ( 'NONE',  ( 0.1650009400000000126, -0.05999733999999999623, 0.0000000000000000000 ) ) ;
#303 = AXIS2_PLACEMENT_3D ( 'NONE', #1616, #4409, #66 ) ;
#304 = VERTEX_POINT ( 'NONE', #7348 ) ;
#305 = DIRECTION ( 'NONE',  ( -0.4471908780141098383, -0.8944385493822196720, 0.0000000000000000000 ) ) ;
#306 = CARTESIAN_POINT ( 'NONE',  ( -0.06499860000000999560, -0.1599996800000000330, 0.01000000000000000021 ) ) ;
#307 = CARTESIAN_POINT ( 'NONE',  ( -0.1049985199999999841, 0.1299997400000000303, 0.0000000000000000000 ) ) ;
#308 = DIRECTION ( 'NONE',  ( 0.0000000000000000000, 0.0000000000000000000, -1.000000000000000000 ) ) ;
#309 = PRODUCT ( 'User Library-QFN-20_479706577', 'User Library-QFN-20_479706577', '', ( #8829 ) ) ;
#310 = CARTESIAN_POINT ( 'NONE',  ( -0.07499858000000061975, -0.1400022600000029871, 0.0000000000000000000 ) ) ;
#311 = SURFACE_STYLE_USAGE ( .BOTH. , #3936 ) ;
#312 = ORIENTED_EDGE ( 'NONE', *, *, #5598, .F. ) ;
#313 = UNCERTAINTY_MEASURE_WITH_UNIT (LENGTH_MEASURE( 1.000000000000000082E-05 ), #2926, 'distance_accuracy_value', 'NONE');
#314 = PLANE ( 'NONE',  #5254 ) ;
#315 = VERTEX_POINT ( 'NONE', #6661 ) ;
#316 = LINE ( 'NONE', #7675, #6407 ) ;
#317 = CARTESIAN_POINT ( 'NONE',  ( -0.06499860000000999560, -0.1599996800000000052, 0.0000000000000000000 ) ) ;
#318 = ORIENTED_EDGE ( 'NONE', *, *, #711, .F. ) ;
#319 = DIRECTION ( 'NONE',  ( -0.0000000000000000000, 0.0000000000000000000, -1.000000000000000000 ) ) ;
#320 = AXIS2_PLACEMENT_3D ( 'NONE', #1185, #2042, #4124 ) ;
#321 = DIRECTION ( 'NONE',  ( 0.0000000000000000000, -1.000000000000000000, -0.0000000000000000000 ) ) ;
#322 = ORIENTED_EDGE ( 'NONE', *, *, #188, .F. ) ;
#323 = VERTEX_POINT ( 'NONE', #29 ) ;
#324 = CARTESIAN_POINT ( 'NONE',  ( -0.09999980000001001956, 0.1500022400000000089, 0.0000000000000000000 ) ) ;
#325 = VECTOR ( 'NONE', #3103, 1000.000000000000000 ) ;
#326 = SURFACE_STYLE_FILL_AREA ( #6822 ) ;
#327 = EDGE_CURVE ( 'NONE', #2160, #5447, #2967, .T. ) ;
#328 = AXIS2_PLACEMENT_3D ( 'NONE', #2489, #3211, #1053 ) ;
#329 = CARTESIAN_POINT ( 'NONE',  ( 0.1199997600000000247, 0.1150010400000000266, 0.0000000000000000000 ) ) ;
#330 = VERTEX_POINT ( 'NONE', #1392 ) ;
#331 = EDGE_CURVE ( 'NONE', #6544, #5843, #2252, .T. ) ;
#332 = SHAPE_REPRESENTATION ( 'User Library-QFN-20_479706833', ( #1545, #9397 ), #1856 ) ;
#333 = PLANE ( 'NONE',  #609 ) ;
#334 = ADVANCED_FACE ( 'NONE', ( #3557 ), #3647, .T. ) ;
#335 = EDGE_LOOP ( 'NONE', ( #128, #649, #3328, #2696 ) ) ;
#336 = PRODUCT_DEFINITION_CONTEXT ( 'detailed design', #6157, 'design' ) ;
#337 = CARTESIAN_POINT ( 'NONE',  ( 0.04999989999999999990, 0.2400020599999999893, 0.0000000000000000000 ) ) ;
#338 = APPLICATION_PROTOCOL_DEFINITION ( 'draft international standard', 'automotive_design', 1998, #8573 ) ;
#339 = ORIENTED_EDGE ( 'NONE', *, *, #2872, .F. ) ;
#340 = EDGE_CURVE ( 'NONE', #959, #4749, #3603, .T. ) ;
#341 = DIRECTION ( 'NONE',  ( -0.3162277660171379234, 0.9486832980504137369, -0.0000000000000000000 ) ) ;
#342 = DIRECTION ( 'NONE',  ( 0.6000000000000957900, 0.7999999999999282130, 0.0000000000000000000 ) ) ;
#343 = ORIENTED_EDGE ( 'NONE', *, *, #2867, .F. ) ;
#344 = APPLICATION_CONTEXT ( 'automotive_design' ) ;
#345 = VECTOR ( 'NONE', #2860, 1000.000000000000114 ) ;
#346 = ORIENTED_EDGE ( 'NONE', *, *, #1425, .F. ) ;
#347 = EDGE_CURVE ( 'NONE', #8383, #4303, #6567, .T. ) ;
#348 = EDGE_LOOP ( 'NONE', ( #8130, #3686, #4386, #8874 ) ) ;
#349 = LINE ( 'NONE', #4946, #4553 ) ;
#350 = FACE_OUTER_BOUND ( 'NONE', #6557, .T. ) ;
#351 = CARTESIAN_POINT ( 'NONE',  ( 0.08999981999999989712, 0.1450009800000000570, 0.02000000000000000389 ) ) ;
#352 = AXIS2_PLACEMENT_3D ( 'NONE', #5970, #8286, #8329 ) ;
#353 = PLANE ( 'NONE',  #104 ) ;
#354 = CARTESIAN_POINT ( 'NONE',  ( 0.1299997400000000303, -0.2399995199999999940, 0.01000000000000000021 ) ) ;
#355 = EDGE_CURVE ( 'NONE', #3421, #7482, #5071, .T. ) ;
#356 = ORIENTED_EDGE ( 'NONE', *, *, #5432, .F. ) ;
#357 = AXIS2_PLACEMENT_3D ( 'NONE', #588, #4991, #2840 ) ;
#358 = LINE ( 'NONE', #3294, #1393 ) ;
#359 = EDGE_LOOP ( 'NONE', ( #5473, #8260, #289, #3846 ) ) ;
#360 = VECTOR ( 'NONE', #1934, 1000.000000000000000 ) ;
#361 = LINE ( 'NONE', #4219, #8571 ) ;
#362 = CARTESIAN_POINT ( 'NONE',  ( 0.06500113999999000691, 0.1600022200000000006, 0.0000000000000000000 ) ) ;
#363 = FACE_OUTER_BOUND ( 'NONE', #9454, .T. ) ;
#364 = DIRECTION ( 'NONE',  ( 0.7071067811865475727, 0.7071067811865475727, 0.0000000000000000000 ) ) ;
#365 =( NAMED_UNIT ( * ) PLANE_ANGLE_UNIT ( ) SI_UNIT ( $, .RADIAN. ) );
#366 = ORIENTED_EDGE ( 'NONE', *, *, #3413, .T. ) ;
#367 = CARTESIAN_POINT ( 'NONE',  ( -0.08999982000000000815, -0.1799996400000000163, 0.0000000000000000000 ) ) ;
#368 = ORIENTED_EDGE ( 'NONE', *, *, #1891, .T. ) ;
#369 = CARTESIAN_POINT ( 'NONE',  ( 0.05999987999998999955, 0.1800021800000000394, 0.0000000000000000000 ) ) ;
#370 = VECTOR ( 'NONE', #275, 1000.000000000000000 ) ;
#371 = CARTESIAN_POINT ( 'NONE',  ( 0.05000244000000000216, -0.1649983999999999895, 0.0000000000000000000 ) ) ;
#372 = VECTOR ( 'NONE', #2033, 1000.000000000000114 ) ;
#373 = VECTOR ( 'NONE', #5051, 1000.000000000000000 ) ;
#374 = VECTOR ( 'NONE', #3687, 1000.000000000000000 ) ;
#375 = PRODUCT_DEFINITION ( 'UNKNOWN', '', #5512, #3009 ) ;
#376 = EDGE_LOOP ( 'NONE', ( #5502, #9260, #4283, #1411 ) ) ;
#377 = DIRECTION ( 'NONE',  ( 1.000000000000000000, 0.0000000000000000000, -0.0000000000000000000 ) ) ;
#378 = ORIENTED_EDGE ( 'NONE', *, *, #5506, .F. ) ;
#379 = DIRECTION ( 'NONE',  ( 0.0000000000000000000, -1.000000000000000000, 0.0000000000000000000 ) ) ;
#380 = PRODUCT_CONTEXT ( 'NONE', #6473, 'mechanical' ) ;
#381 = EDGE_LOOP ( 'NONE', ( #8673, #9370, #1048, #1151 ) ) ;
#382 = PRODUCT_DEFINITION_SHAPE ( 'NONE', 'NONE',  #9507 ) ;
#383 = LINE ( 'NONE', #9276, #2364 ) ;
#384 = VECTOR ( 'NONE', #1601, 1000.000000000000000 ) ;
#385 = ORIENTED_EDGE ( 'NONE', *, *, #7808, .T. ) ;
#386 = EDGE_CURVE ( 'NONE', #6361, #3609, #7395, .T. ) ;
#387 = AXIS2_PLACEMENT_3D ( 'NONE', #1514, #3575, #2842 ) ;
#388 = CARTESIAN_POINT ( 'NONE',  ( -0.1399997199999999942, -0.2199995600000000107, 0.0000000000000000000 ) ) ;
#389 = EDGE_CURVE ( 'NONE', #2871, #5668, #663, .T. ) ;
#390 = ORIENTED_EDGE ( 'NONE', *, *, #8617, .T. ) ;
#391 = CARTESIAN_POINT ( 'NONE',  ( -0.7899984200000000900, -0.7899984200000000900, 0.0000000000000000000 ) ) ;
#392 = AXIS2_PLACEMENT_3D ( 'NONE', #1299, #7875, #3602 ) ;
#393 = DIRECTION ( 'NONE',  ( 0.0000000000000000000, 0.0000000000000000000, 1.000000000000000000 ) ) ;
#394 = ORIENTED_EDGE ( 'NONE', *, *, #153, .T. ) ;
#395 = VECTOR ( 'NONE', #6692, 1000.000000000000000 ) ;
#396 = FACE_OUTER_BOUND ( 'NONE', #6588, .T. ) ;
#397 = PLANE ( 'NONE',  #4337 ) ;
#398 = CARTESIAN_POINT ( 'NONE',  ( 0.7100011200000001521, 0.8400008599999999603, 0.0000000000000000000 ) ) ;
#399 = PRODUCT_DEFINITION_FORMATION_WITH_SPECIFIED_SOURCE ( 'ANY', '', #1257, .NOT_KNOWN. ) ;
#400 = LINE ( 'NONE', #4210, #8910 ) ;
#401 = ADVANCED_FACE ( 'NONE', ( #8825 ), #9494, .T. ) ;
#402 = PRESENTATION_LAYER_ASSIGNMENT (  '', '', ( #2561 ) ) ;
#403 = LINE ( 'NONE', #4809, #9439 ) ;
#404 = EDGE_CURVE ( 'NONE', #2658, #2345, #5992, .T. ) ;
#405 = FILL_AREA_STYLE_COLOUR ( '', #1850 ) ;
#406 = ORIENTED_EDGE ( 'NONE', *, *, #6331, .F. ) ;
#407 = CARTESIAN_POINT ( 'NONE',  ( -0.1349984600000000146, 0.09999979999999000779, 0.0000000000000000000 ) ) ;
#408 = DIRECTION ( 'NONE',  ( -0.9805902541527354854, 0.1960682367459694320, 0.0000000000000000000 ) ) ;
#409 = VERTEX_POINT ( 'NONE', #2300 ) ;
#410 = PLANE ( 'NONE',  #6881 ) ;
#411 = LINE ( 'NONE', #3205, #145 ) ;
#412 = ORIENTED_EDGE ( 'NONE', *, *, #7546, .T. ) ;
#413 = AXIS2_PLACEMENT_3D ( 'NONE', #2815, #5788, #5597 ) ;
#414 = CARTESIAN_POINT ( 'NONE',  ( 0.1699996599999975266, 0.08000237999999902649, 0.01000000000000000021 ) ) ;
#415 = DIRECTION ( 'NONE',  ( -0.0000000000000000000, 0.0000000000000000000, -1.000000000000000000 ) ) ;
#416 = EDGE_CURVE ( 'NONE', #2795, #8043, #5262, .T. ) ;
#417 = AXIS2_PLACEMENT_3D ( 'NONE', #4069, #1857, #4849 ) ;
#418 = PRESENTATION_STYLE_ASSIGNMENT (( #6869 ) ) ;
#419 = ORIENTED_EDGE ( 'NONE', *, *, #1986, .T. ) ;
#420 = DIRECTION ( 'NONE',  ( -0.5144957554269381506, 0.8574929257128971472, 0.0000000000000000000 ) ) ;
#421 = EDGE_LOOP ( 'NONE', ( #1876, #7932, #2518, #3278 ) ) ;
#422 = CARTESIAN_POINT ( 'NONE',  ( 0.7600010200000001381, 0.8200009000000000325, 0.0000000000000000000 ) ) ;
#423 = LINE ( 'NONE', #6334, #7175 ) ;
#424 = ORIENTED_EDGE ( 'NONE', *, *, #8783, .T. ) ;
#425 = DIRECTION ( 'NONE',  ( -0.0000000000000000000, 1.000000000000000000, 0.0000000000000000000 ) ) ;
#426 = ORIENTED_EDGE ( 'NONE', *, *, #8783, .F. ) ;
#427 = DIRECTION ( 'NONE',  ( -0.8944271909999160775, 0.4472135954999574281, 0.0000000000000000000 ) ) ;
#428 = APPLICATION_PROTOCOL_DEFINITION ( 'draft international standard', 'automotive_design', 1998, #2190 ) ;
#429 = ORIENTED_EDGE ( 'NONE', *, *, #6813, .F. ) ;
#430 =( LENGTH_UNIT ( ) NAMED_UNIT ( * ) SI_UNIT ( .MILLI., .METRE. ) );
#431 = FACE_OUTER_BOUND ( 'NONE', #2478, .T. ) ;
#432 = PRODUCT_DEFINITION ( 'UNKNOWN', '', #2564, #8150 ) ;
#433 = VERTEX_POINT ( 'NONE', #8115 ) ;
#434 = ORIENTED_EDGE ( 'NONE', *, *, #762, .F. ) ;
#435 = SURFACE_SIDE_STYLE ('',( #9328 ) ) ;
#436 = DIRECTION ( 'NONE',  ( 1.000000000000000000, 0.0000000000000000000, 0.0000000000000000000 ) ) ;
#437 = DIRECTION ( 'NONE',  ( -0.3511234415889396554, -0.9363291775688390439, 0.0000000000000000000 ) ) ;
#438 = DIRECTION ( 'NONE',  ( -1.000000000000000000, 0.0000000000000000000, 0.0000000000000000000 ) ) ;
#439 = LINE ( 'NONE', #5629, #3245 ) ;
#440 = CARTESIAN_POINT ( 'NONE',  ( -0.2000000000000000111, 0.0000000000000000000, 0.0000000000000000000 ) ) ;
#441 = EDGE_CURVE ( 'NONE', #8797, #1610, #2873, .T. ) ;
#442 = FACE_OUTER_BOUND ( 'NONE', #8827, .T. ) ;
#443 = AXIS2_PLACEMENT_3D ( 'NONE', #6855, #937, #217 ) ;
#444 = ORIENTED_EDGE ( 'NONE', *, *, #5270, .T. ) ;
#445 = EDGE_CURVE ( 'NONE', #2449, #5546, #614, .T. ) ;
#446 = CARTESIAN_POINT ( 'NONE',  ( 0.09500107999999650443, -0.1199972200000054279, 0.009999999999999998473 ) ) ;
#447 = ADVANCED_FACE ( 'NONE', ( #2824 ), #5846, .F. ) ;
#448 = VERTEX_POINT ( 'NONE', #6620 ) ;
#449 = CARTESIAN_POINT ( 'NONE',  ( 0.05000244000000000216, 0.03000247999999000256, 0.01000000000000000021 ) ) ;
#450 = VECTOR ( 'NONE', #2599, 1000.000000000000227 ) ;
#451 = CARTESIAN_POINT ( 'NONE',  ( 0.06500113999999000691, 0.1600022200000000006, 0.0000000000000000000 ) ) ;
#452 = ORIENTED_EDGE ( 'NONE', *, *, #8432, .F. ) ;
#453 = DIRECTION ( 'NONE',  ( -0.9486832980504137369, -0.3162277660171379234, 0.0000000000000000000 ) ) ;
#454 = EDGE_CURVE ( 'NONE', #9353, #185, #3941, .T. ) ;
#455 = LINE ( 'NONE', #7248, #5053 ) ;
#456 = VECTOR ( 'NONE', #3156, 1000.000000000000114 ) ;
#457 = ORIENTED_EDGE ( 'NONE', *, *, #8967, .T. ) ;
#458 = PLANE ( 'NONE',  #7978 ) ;
#459 = PRODUCT_DEFINITION_SHAPE ( 'NONE', 'NONE',  #9522 ) ;
#460 = ORIENTED_EDGE ( 'NONE', *, *, #8510, .T. ) ;
#461 = VECTOR ( 'NONE', #4531, 999.9999999999998863 ) ;
#462 = EDGE_CURVE ( 'NONE', #3231, #4675, #316, .T. ) ;
#463 = ORIENTED_EDGE ( 'NONE', *, *, #7615, .F. ) ;
#464 = LINE ( 'NONE', #9214, #7950 ) ;
#465 = EDGE_CURVE ( 'NONE', #7123, #5268, #6125, .T. ) ;
#466 = MECHANICAL_DESIGN_GEOMETRIC_PRESENTATION_REPRESENTATION (  '', ( #4635 ), #6975 ) ;
#467 =( REPRESENTATION_RELATIONSHIP ('NONE','NONE', #2137, #8969 ) REPRESENTATION_RELATIONSHIP_WITH_TRANSFORMATION ( #132 )SHAPE_REPRESENTATION_RELATIONSHIP( ) );
#468 = LINE ( 'NONE', #7983, #4216 ) ;
#469 = ORIENTED_EDGE ( 'NONE', *, *, #5622, .T. ) ;
#470 = AXIS2_PLACEMENT_3D ( 'NONE', #6402, #5683, #7897 ) ;
#471 = DIRECTION ( 'NONE',  ( -0.0000000000000000000, -0.0000000000000000000, -1.000000000000000000 ) ) ;
#472 = EDGE_CURVE ( 'NONE', #4923, #805, #8304, .T. ) ;
#473 = VERTEX_POINT ( 'NONE', #1776 ) ;
#474 = LINE ( 'NONE', #525, #8504 ) ;
#475 = CARTESIAN_POINT ( 'NONE',  ( -0.2149983000000000033, -0.2149983000000000033, 0.0000000000000000000 ) ) ;
#476 = SHAPE_DEFINITION_REPRESENTATION ( #8662, #3918 ) ;
#477 = ORIENTED_EDGE ( 'NONE', *, *, #2218, .F. ) ;
#478 = SHAPE_REPRESENTATION_RELATIONSHIP ( 'NONE' , 'NONE' ,  #3669, #2552 ) ;
#479 = DIRECTION ( 'NONE',  ( 0.4061288947679534411, -0.9138158024648952438, 0.0000000000000000000 ) ) ;
#480 = AXIS2_PLACEMENT_3D ( 'NONE', #5203, #8816, #8154 ) ;
#481 = ORIENTED_EDGE ( 'NONE', *, *, #5619, .F. ) ;
#482 = LINE ( 'NONE', #3425, #5615 ) ;
#483 = VERTEX_POINT ( 'NONE', #3112 ) ;
#484 = CARTESIAN_POINT ( 'NONE',  ( 0.005001260000000000427, -0.005001260000000000427, 0.01270000000000000122 ) ) ;
#485 = LINE ( 'NONE', #3430, #7487 ) ;
#486 = CARTESIAN_POINT ( 'NONE',  ( 0.1400022599999999895, 0.08000237999999999794, 0.01000000000000000368 ) ) ;
#487 = DIRECTION ( 'NONE',  ( -0.0000000000000000000, 0.0000000000000000000, -1.000000000000000000 ) ) ;
#488 = CARTESIAN_POINT ( 'NONE',  ( 0.02999994000000000618, -0.07999729999999999341, 0.0000000000000000000 ) ) ;
#489 = VECTOR ( 'NONE', #8557, 1000.000000000000000 ) ;
#490 = LINE ( 'NONE', #8485, #9289 ) ;
#491 = VECTOR ( 'NONE', #169, 1000.000000000000000 ) ;
#492 =( NAMED_UNIT ( * ) PLANE_ANGLE_UNIT ( ) SI_UNIT ( $, .RADIAN. ) );
#493 = PRODUCT_DEFINITION ( 'UNKNOWN', '', #3491, #1954 ) ;
#494 = ORIENTED_EDGE ( 'NONE', *, *, #3099, .F. ) ;
#495 = PRODUCT_DEFINITION_CONTEXT ( 'detailed design', #8931, 'design' ) ;
#496 = DIRECTION ( 'NONE',  ( 0.1960682367459480047, 0.9805902541527398153, -0.0000000000000000000 ) ) ;
#497 = ORIENTED_EDGE ( 'NONE', *, *, #1054, .F. ) ;
#498 = CARTESIAN_POINT ( 'NONE',  ( -0.09999725999998983206, -0.1349984600000002088, 0.02000000000000000042 ) ) ;
#499 = DIRECTION ( 'NONE',  ( 0.7071067811865474617, -0.7071067811865474617, 0.0000000000000000000 ) ) ;
#500 = VERTEX_POINT ( 'NONE', #6220 ) ;
#501 = CARTESIAN_POINT ( 'NONE',  ( 0.02999993999999999925, -0.07999729999999999341, 0.0000000000000000000 ) ) ;
#502 = LINE ( 'NONE', #7058, #4102 ) ;
#503 = ORIENTED_EDGE ( 'NONE', *, *, #7152, .T. ) ;
#504 = EDGE_CURVE ( 'NONE', #4395, #3206, #4571, .T. ) ;
#505 = ITEM_DEFINED_TRANSFORMATION ( 'NONE', 'NONE', #1339,  #922 ) ;
#506 = DIRECTION ( 'NONE',  ( 0.0000000000000000000, 0.0000000000000000000, -1.000000000000000000 ) ) ;
#507 = AXIS2_PLACEMENT_3D ( 'NONE', #3766, #5415, #140 ) ;
#508 = EDGE_CURVE ( 'NONE', #1074, #1487, #2534, .T. ) ;
#509 = ORIENTED_EDGE ( 'NONE', *, *, #4350, .T. ) ;
#510 = CARTESIAN_POINT ( 'NONE',  ( 0.1150010399999999988, -0.1299972000000000072, 0.0000000000000000000 ) ) ;
#511 = CARTESIAN_POINT ( 'NONE',  ( 0.0000000000000000000, 0.0000000000000000000, 0.0000000000000000000 ) ) ;
#512 = VERTEX_POINT ( 'NONE', #6956 ) ;
#513 = LINE ( 'NONE', #9354, #2374 ) ;
#514 = SURFACE_STYLE_FILL_AREA ( #4236 ) ;
#515 = STYLED_ITEM ( 'NONE', ( #418 ), #7458 ) ;
#516 = CLOSED_SHELL ( 'NONE', ( #5389, #3651, #5074, #6495, #5849, #7214 ) ) ;
#517 = CARTESIAN_POINT ( 'NONE',  ( 0.03999992000000458098, 0.2000021400000022709, 0.01000000000000000021 ) ) ;
#518 = ADVANCED_FACE ( 'NONE', ( #6861 ), #7483, .T. ) ;
#519 = VERTEX_POINT ( 'NONE', #2482 ) ;
#520 = PLANE ( 'NONE',  #1043 ) ;
#521 = AXIS2_PLACEMENT_3D ( 'NONE', #8117, #3705, #799 ) ;
#522 = DIRECTION ( 'NONE',  ( 0.0000000000000000000, 0.0000000000000000000, 1.000000000000000000 ) ) ;
#523 = ORIENTED_EDGE ( 'NONE', *, *, #7781, .F. ) ;
#524 = VECTOR ( 'NONE', #5939, 1000.000000000000000 ) ;
#525 = CARTESIAN_POINT ( 'NONE',  ( -0.1499997000000000136, 0.02500121999999001254, 0.0000000000000000000 ) ) ;
#526 = CARTESIAN_POINT ( 'NONE',  ( 0.2149983000000000033, -0.2149983000000000033, 0.0000000000000000000 ) ) ;
#527 = SHAPE_DEFINITION_REPRESENTATION ( #5122, #8559 ) ;
#528 = APPLICATION_CONTEXT ( 'automotive_design' ) ;
#529 = CARTESIAN_POINT ( 'NONE',  ( 0.0000000000000000000, 0.0000000000000000000, 0.0000000000000000000 ) ) ;
#530 = SHAPE_REPRESENTATION ( 'User Library-QFN-20_Extruded25', ( #5419 ), #9 ) ;
#531 = ORIENTED_EDGE ( 'NONE', *, *, #591, .T. ) ;
#532 = VECTOR ( 'NONE', #5428, 1000.000000000000000 ) ;
#533 = EDGE_CURVE ( 'NONE', #6810, #6236, #3252, .T. ) ;
#534 =( REPRESENTATION_RELATIONSHIP ('NONE','NONE', #5544, #6212 ) REPRESENTATION_RELATIONSHIP_WITH_TRANSFORMATION ( #4970 )SHAPE_REPRESENTATION_RELATIONSHIP( ) );
#535 = VECTOR ( 'NONE', #7194, 1000.000000000000000 ) ;
#536 = DIRECTION ( 'NONE',  ( 0.0000000000000000000, -0.0000000000000000000, -1.000000000000000000 ) ) ;
#537 = ORIENTED_EDGE ( 'NONE', *, *, #6076, .T. ) ;
#538 = DIRECTION ( 'NONE',  ( -0.5547001962252277041, 0.8320502943378446092, 0.0000000000000000000 ) ) ;
#539 = DIRECTION ( 'NONE',  ( 1.000000000000000000, 0.0000000000000000000, 0.0000000000000000000 ) ) ;
#540 = DIRECTION ( 'NONE',  ( -0.0000000000000000000, -0.0000000000000000000, -1.000000000000000000 ) ) ;
#541 = VECTOR ( 'NONE', #6947, 1000.000000000000114 ) ;
#542 = SURFACE_STYLE_USAGE ( .BOTH. , #3036 ) ;
#543 = LINE ( 'NONE', #2663, #5896 ) ;
#544 = CARTESIAN_POINT ( 'NONE',  ( 0.1150010399999999988, 0.2200021000000000337, 0.01000000000000000021 ) ) ;
#545 = CARTESIAN_POINT ( 'NONE',  ( -0.7599984800000000318, -0.8199983600000000372, 0.0000000000000000000 ) ) ;
#546 = PRODUCT_DEFINITION_SHAPE ( 'NONE', 'NONE',  #9520 ) ;
#547 = VECTOR ( 'NONE', #9481, 1000.000000000000000 ) ;
#548 = DIRECTION ( 'NONE',  ( 1.000000000000000000, 0.0000000000000000000, 0.0000000000000000000 ) ) ;
#549 = AXIS2_PLACEMENT_3D ( 'NONE', #1152, #6234, #4689 ) ;
#550 = ORIENTED_EDGE ( 'NONE', *, *, #6800, .F. ) ;
#551 = CARTESIAN_POINT ( 'NONE',  ( 0.02500121999999000560, 0.2200021000000000060, 0.0000000000000000000 ) ) ;
#552 =( NAMED_UNIT ( * ) SI_UNIT ( $, .STERADIAN. ) SOLID_ANGLE_UNIT ( ) );
#553 = ORIENTED_EDGE ( 'NONE', *, *, #3217, .T. ) ;
#554 = CARTESIAN_POINT ( 'NONE',  ( 0.1550009600000146759, 0.04000246000007223052, 0.0000000000000000000 ) ) ;
#555 = PRODUCT_DEFINITION_SHAPE ( 'NONE', 'NONE',  #7955 ) ;
#556 = PRODUCT_DEFINITION_FORMATION_WITH_SPECIFIED_SOURCE ( 'ANY', '', #6587, .NOT_KNOWN. ) ;
#557 = PLANE ( 'NONE',  #1267 ) ;
#558 = VERTEX_POINT ( 'NONE', #6911 ) ;
#559 = LINE ( 'NONE', #1962, #3611 ) ;
#560 = LINE ( 'NONE', #2049, #7371 ) ;
#561 = VECTOR ( 'NONE', #853, 1000.000000000000000 ) ;
#562 = PRODUCT_DEFINITION_FORMATION_WITH_SPECIFIED_SOURCE ( 'ANY', '', #7367, .NOT_KNOWN. ) ;
#563 = DIRECTION ( 'NONE',  ( 0.0000000000000000000, -1.000000000000000000, -0.0000000000000000000 ) ) ;
#564 = ORIENTED_EDGE ( 'NONE', *, *, #4674, .F. ) ;
#565 = CARTESIAN_POINT ( 'NONE',  ( 0.09500107999998945452, 0.2000021400000117633, 0.01000000000000000194 ) ) ;
#566 = VECTOR ( 'NONE', #212, 1000.000000000000000 ) ;
#567 = VERTEX_POINT ( 'NONE', #9152 ) ;
#568 = LINE ( 'NONE', #3358, #4226 ) ;
#569 = ADVANCED_FACE ( 'NONE', ( #1730 ), #272, .T. ) ;
#570 = SURFACE_SIDE_STYLE ('',( #7777 ) ) ;
#571 = MECHANICAL_DESIGN_GEOMETRIC_PRESENTATION_REPRESENTATION (  '', ( #3373 ), #6333 ) ;
#572 = EDGE_CURVE ( 'NONE', #7534, #5272, #3844, .T. ) ;
#573 = VECTOR ( 'NONE', #4951, 1000.000000000000000 ) ;
#574 = FACE_OUTER_BOUND ( 'NONE', #4453, .T. ) ;
#575 = ORIENTED_EDGE ( 'NONE', *, *, #8953, .F. ) ;
#576 = CARTESIAN_POINT ( 'NONE',  ( -0.1049985199999999980, 0.1299997400000000025, 0.0000000000000000000 ) ) ;
#577 = DIRECTION ( 'NONE',  ( 1.000000000000000000, 0.0000000000000000000, 0.0000000000000000000 ) ) ;
#578 = ORIENTED_EDGE ( 'NONE', *, *, #4193, .T. ) ;
#579 = PLANE ( 'NONE',  #5109 ) ;
#580 = LINE ( 'NONE', #7989, #1038 ) ;
#581 = EDGE_CURVE ( 'NONE', #3577, #5899, #4668, .T. ) ;
#582 = AXIS2_PLACEMENT_3D ( 'NONE', #5131, #2835, #8078 ) ;
#583 = SHAPE_DEFINITION_REPRESENTATION ( #3559, #332 ) ;
#584 = ADVANCED_FACE ( 'NONE', ( #6809 ), #175, .T. ) ;
#585 = CARTESIAN_POINT ( 'NONE',  ( 0.1550009599999999932, -0.2199995600000000107, 0.0000000000000000000 ) ) ;
#586 = EDGE_CURVE ( 'NONE', #5272, #4395, #844, .T. ) ;
#587 = ORIENTED_EDGE ( 'NONE', *, *, #2751, .F. ) ;
#588 = CARTESIAN_POINT ( 'NONE',  ( -0.8399983200000000760, -0.7099985800000000458, 0.0000000000000000000 ) ) ;
#589 = ORIENTED_EDGE ( 'NONE', *, *, #9066, .T. ) ;
#590 = DIRECTION ( 'NONE',  ( 1.000000000000000000, 0.0000000000000000000, 0.0000000000000000000 ) ) ;
#591 = EDGE_CURVE ( 'NONE', #4055, #8326, #3892, .T. ) ;
#592 = DIRECTION ( 'NONE',  ( -1.000000000000000000, -0.0000000000000000000, 0.0000000000000000000 ) ) ;
#593 = CARTESIAN_POINT ( 'NONE',  ( -0.03999992000000000131, 0.2200021000000000337, 0.0000000000000000000 ) ) ;
#594 = DIRECTION ( 'NONE',  ( -0.5144765380481763906, 0.8575044558472937339, 0.0000000000000000000 ) ) ;
#595 = EDGE_LOOP ( 'NONE', ( #3254, #8454, #1737, #1732 ) ) ;
#596 = UNCERTAINTY_MEASURE_WITH_UNIT (LENGTH_MEASURE( 1.000000000000000082E-05 ), #8903, 'distance_accuracy_value', 'NONE');
#597 = DIRECTION ( 'NONE',  ( -0.0000000000000000000, 0.0000000000000000000, -1.000000000000000000 ) ) ;
#598 = DIRECTION ( 'NONE',  ( 1.000000000000000000, 0.0000000000000000000, 0.0000000000000000000 ) ) ;
#599 = ORIENTED_EDGE ( 'NONE', *, *, #4775, .T. ) ;
#600 = CARTESIAN_POINT ( 'NONE',  ( 0.08999981999999999427, 0.2200020999999999782, 0.0000000000000000000 ) ) ;
#601 = CARTESIAN_POINT ( 'NONE',  ( 0.01500123999999000007, -0.1799996399999999885, 0.0000000000000000000 ) ) ;
#602 = ORIENTED_EDGE ( 'NONE', *, *, #3895, .T. ) ;
#603 = DIRECTION ( 'NONE',  ( -0.2425356250360976851, -0.9701425001453907182, -0.0000000000000000000 ) ) ;
#604 = CARTESIAN_POINT ( 'NONE',  ( 0.1099997800000378084, 0.1400022599999868333, 0.0000000000000000000 ) ) ;
#605 = LINE ( 'NONE', #2817, #2191 ) ;
#606 = DIRECTION ( 'NONE',  ( 0.0000000000000000000, 0.0000000000000000000, 1.000000000000000000 ) ) ;
#607 =( LENGTH_UNIT ( ) NAMED_UNIT ( * ) SI_UNIT ( .MILLI., .METRE. ) );
#608 = ORIENTED_EDGE ( 'NONE', *, *, #2878, .T. ) ;
#609 = AXIS2_PLACEMENT_3D ( 'NONE', #5525, #4879, #8468 ) ;
#610 = UNCERTAINTY_MEASURE_WITH_UNIT (LENGTH_MEASURE( 1.000000000000000082E-05 ), #4086, 'distance_accuracy_value', 'NONE');
#611 =( GEOMETRIC_REPRESENTATION_CONTEXT ( 3 ) GLOBAL_UNCERTAINTY_ASSIGNED_CONTEXT ( ( #4972 ) ) GLOBAL_UNIT_ASSIGNED_CONTEXT ( ( #1523, #3583, #5054 ) ) REPRESENTATION_CONTEXT ( 'NONE', 'WORKASPACE' ) );
#612 = CARTESIAN_POINT ( 'NONE',  ( -0.1299997400000000025, 0.1700021999999999922, 0.01000000000000000021 ) ) ;
#613 = EDGE_LOOP ( 'NONE', ( #6138, #9064, #6190, #9125 ) ) ;
#614 = LINE ( 'NONE', #6527, #9165 ) ;
#615 = VECTOR ( 'NONE', #117, 1000.000000000000000 ) ;
#616 = FILL_AREA_STYLE ('',( #1255 ) ) ;
#617 = AXIS2_PLACEMENT_3D ( 'NONE', #511, #7973, #4329 ) ;
#618 = APPLICATION_PROTOCOL_DEFINITION ( 'draft international standard', 'automotive_design', 1998, #2626 ) ;
#619 = VECTOR ( 'NONE', #2906, 1000.000000000000000 ) ;
#620 = DIRECTION ( 'NONE',  ( 0.0000000000000000000, -0.0000000000000000000, 1.000000000000000000 ) ) ;
#621 = VERTEX_POINT ( 'NONE', #3987 ) ;
#622 = LINE ( 'NONE', #4244, #7840 ) ;
#623 = ORIENTED_EDGE ( 'NONE', *, *, #3821, .T. ) ;
#624 = PRODUCT_RELATED_PRODUCT_CATEGORY ( 'part', '', ( #7894 ) ) ;
#625 = CARTESIAN_POINT ( 'NONE',  ( 0.02999994000000000272, -0.07999729999999999341, 0.009999999999999998473 ) ) ;
#626 = DIRECTION ( 'NONE',  ( 0.0000000000000000000, 0.0000000000000000000, 1.000000000000000000 ) ) ;
#627 = PRESENTATION_LAYER_ASSIGNMENT (  '', '', ( #7584 ) ) ;
#628 = LINE ( 'NONE', #3569, #3372 ) ;
#629 = PRODUCT_DEFINITION_SHAPE ( 'NONE', 'NONE',  #9504 ) ;
#630 = CARTESIAN_POINT ( 'NONE',  ( -0.1299997400000000025, -0.02999740000000000045, 0.0000000000000000000 ) ) ;
#631 = VERTEX_POINT ( 'NONE', #3801 ) ;
#632 = EDGE_CURVE ( 'NONE', #9477, #678, #6763, .T. ) ;
#633 = AXIS2_PLACEMENT_3D ( 'NONE', #8290, #1674, #7564 ) ;
#634 = EDGE_CURVE ( 'NONE', #2506, #3577, #8964, .T. ) ;
#635 = LINE ( 'NONE', #7176, #2818 ) ;
#636 = PRODUCT ( 'User Library-QFN-20_Extruded15', 'User Library-QFN-20_Extruded15', '', ( #1844 ) ) ;
#637 = ORIENTED_EDGE ( 'NONE', *, *, #6558, .T. ) ;
#638 = EDGE_CURVE ( 'NONE', #1098, #4267, #361, .T. ) ;
#639 = DIRECTION ( 'NONE',  ( 1.000000000000000000, 0.0000000000000000000, 0.0000000000000000000 ) ) ;
#640 = EDGE_LOOP ( 'NONE', ( #4473, #8138, #7117, #3273 ) ) ;
#641 = CARTESIAN_POINT ( 'NONE',  ( -0.1399971799999999988, -0.08499855999998999490, 0.0000000000000000000 ) ) ;
#642 = VECTOR ( 'NONE', #2728, 1000.000000000000000 ) ;
#643 = CARTESIAN_POINT ( 'NONE',  ( 0.1400022600000026540, 0.1200023000000011025, 0.01000000000000000021 ) ) ;
#644 = EDGE_CURVE ( 'NONE', #621, #8401, #4126, .T. ) ;
#645 = VECTOR ( 'NONE', #3186, 1000.000000000000000 ) ;
#646 = ORIENTED_EDGE ( 'NONE', *, *, #3275, .F. ) ;
#647 = SHAPE_REPRESENTATION ( 'User Library-QFN-20_479712209', ( #8024, #3367 ), #7412 ) ;
#648 = DIRECTION ( 'NONE',  ( 0.0000000000000000000, -0.0000000000000000000, -1.000000000000000000 ) ) ;
#649 = ORIENTED_EDGE ( 'NONE', *, *, #2691, .T. ) ;
#650 = DIRECTION ( 'NONE',  ( 0.0000000000000000000, -1.000000000000000000, -0.0000000000000000000 ) ) ;
#651 = LINE ( 'NONE', #1236, #3576 ) ;
#652 = VERTEX_POINT ( 'NONE', #449 ) ;
#653 = DIRECTION ( 'NONE',  ( 0.0000000000000000000, 0.0000000000000000000, -1.000000000000000000 ) ) ;
#654 = DIRECTION ( 'NONE',  ( -0.8944271909999158554, 0.4472135954999579277, 0.0000000000000000000 ) ) ;
#655 = AXIS2_PLACEMENT_3D ( 'NONE', #1577, #1039, #5344 ) ;
#656 = ADVANCED_FACE ( 'NONE', ( #4961 ), #410, .T. ) ;
#657 = CONTEXT_DEPENDENT_SHAPE_REPRESENTATION ( #7339, #8893 ) ;
#658 = CARTESIAN_POINT ( 'NONE',  ( -0.1299997400000000025, 0.1800021800000000394, 0.0000000000000000000 ) ) ;
#659 = APPLICATION_CONTEXT ( 'automotive_design' ) ;
#660 = VERTEX_POINT ( 'NONE', #3298 ) ;
#661 = CARTESIAN_POINT ( 'NONE',  ( 0.1150010400000000127, 0.1200023000000000201, 0.02000000000000000389 ) ) ;
#662 = ORIENTED_EDGE ( 'NONE', *, *, #878, .T. ) ;
#663 = LINE ( 'NONE', #3749, #1313 ) ;
#664 = ORIENTED_EDGE ( 'NONE', *, *, #8728, .F. ) ;
#665 = CARTESIAN_POINT ( 'NONE',  ( 0.0000000000000000000, 0.2400020599999999893, 0.0000000000000000000 ) ) ;
#666 = SHAPE_DEFINITION_REPRESENTATION ( #4163, #7572 ) ;
#667 = FACE_OUTER_BOUND ( 'NONE', #2261, .T. ) ;
#668 = ORIENTED_EDGE ( 'NONE', *, *, #8141, .F. ) ;
#669 = DIRECTION ( 'NONE',  ( -0.6246950475544240655, -0.7808688094430303872, 0.0000000000000000000 ) ) ;
#670 = DIRECTION ( 'NONE',  ( -1.000000000000000000, -0.0000000000000000000, 0.0000000000000000000 ) ) ;
#671 = FILL_AREA_STYLE_COLOUR ( '', #6599 ) ;
#672 = AXIS2_PLACEMENT_3D ( 'NONE', #2315, #5957, #8938 ) ;
#673 = DIRECTION ( 'NONE',  ( 0.1644057590549403147, -0.9863927951833230123, 0.0000000000000000000 ) ) ;
#674 = VECTOR ( 'NONE', #4587, 1000.000000000000000 ) ;
#675 = DIRECTION ( 'NONE',  ( 0.0000000000000000000, -1.000000000000000000, 0.0000000000000000000 ) ) ;
#676 = ORIENTED_EDGE ( 'NONE', *, *, #3051, .T. ) ;
#677 = LINE ( 'NONE', #5818, #3274 ) ;
#678 = VERTEX_POINT ( 'NONE', #554 ) ;
#679 = CARTESIAN_POINT ( 'NONE',  ( 0.0000000000000000000, 0.0000000000000000000, 0.01000000000000000021 ) ) ;
#680 = DIRECTION ( 'NONE',  ( 1.000000000000000000, 0.0000000000000000000, 0.0000000000000000000 ) ) ;
#681 = ORIENTED_EDGE ( 'NONE', *, *, #3786, .T. ) ;
#682 = CARTESIAN_POINT ( 'NONE',  ( 0.1199997599999999970, 0.04000245999999999663, 0.0000000000000000000 ) ) ;
#683 = EDGE_CURVE ( 'NONE', #5390, #9072, #7099, .T. ) ;
#684 = VECTOR ( 'NONE', #4320, 1000.000000000000000 ) ;
#685 = CARTESIAN_POINT ( 'NONE',  ( 0.1350010000000005372, -0.1299971999999998962, 0.01000000000000000021 ) ) ;
#686 = AXIS2_PLACEMENT_3D ( 'NONE', #4616, #8210, #1586 ) ;
#687 = ORIENTED_EDGE ( 'NONE', *, *, #2588, .T. ) ;
#688 = EDGE_CURVE ( 'NONE', #500, #7417, #5641, .T. ) ;
#689 = AXIS2_PLACEMENT_3D ( 'NONE', #7383, #742, #8865 ) ;
#690 = EDGE_LOOP ( 'NONE', ( #7565, #4042, #9400, #5138 ) ) ;
#691 = LINE ( 'NONE', #6603, #1397 ) ;
#692 =( LENGTH_UNIT ( ) NAMED_UNIT ( * ) SI_UNIT ( .MILLI., .METRE. ) );
#693 = ORIENTED_EDGE ( 'NONE', *, *, #8448, .T. ) ;
#694 = DIRECTION ( 'NONE',  ( 0.7071367135329916787, 0.7070768475729916069, -0.0000000000000000000 ) ) ;
#695 = LINE ( 'NONE', #3641, #1103 ) ;
#696 = EDGE_CURVE ( 'NONE', #6506, #5556, #6269, .T. ) ;
#697 = DIRECTION ( 'NONE',  ( -0.5547001962249983320, -0.8320502943379975980, -0.0000000000000000000 ) ) ;
#698 = DIRECTION ( 'NONE',  ( -0.2425356250360976851, 0.9701425001453907182, 0.0000000000000000000 ) ) ;
#699 = AXIS2_PLACEMENT_3D ( 'NONE', #724, #2932, #4393 ) ;
#700 = EDGE_CURVE ( 'NONE', #3136, #2452, #5697, .T. ) ;
#701 = DIRECTION ( 'NONE',  ( -0.0000000000000000000, 0.0000000000000000000, -1.000000000000000000 ) ) ;
#702 = PRESENTATION_LAYER_ASSIGNMENT (  '', '', ( #4405 ) ) ;
#703 = SHAPE_REPRESENTATION ( 'User Library-QFN-20_479706833', ( #6341, #154 ), #4791 ) ;
#704 = PRESENTATION_STYLE_ASSIGNMENT (( #5113 ) ) ;
#705 = ORIENTED_EDGE ( 'NONE', *, *, #6194, .F. ) ;
#706 = DIRECTION ( 'NONE',  ( 0.0000000000000000000, -0.0000000000000000000, -1.000000000000000000 ) ) ;
#707 = VERTEX_POINT ( 'NONE', #6318 ) ;
#708 = CARTESIAN_POINT ( 'NONE',  ( 0.09500107999998999575, 0.1200023000000000201, 0.0000000000000000000 ) ) ;
#709 = ORIENTED_EDGE ( 'NONE', *, *, #2170, .F. ) ;
#710 = VECTOR ( 'NONE', #7920, 1000.000000000000114 ) ;
#711 = EDGE_CURVE ( 'NONE', #2182, #5125, #9295, .T. ) ;
#712 = AXIS2_PLACEMENT_3D ( 'NONE', #5435, #3095, #7466 ) ;
#713 = MECHANICAL_DESIGN_GEOMETRIC_PRESENTATION_REPRESENTATION (  '', ( #1497 ), #2717 ) ;
#714 = PRODUCT_CONTEXT ( 'NONE', #2496, 'mechanical' ) ;
#715 = LINE ( 'NONE', #3661, #6684 ) ;
#716 = ORIENTED_EDGE ( 'NONE', *, *, #7314, .F. ) ;
#717 = PLANE ( 'NONE',  #2276 ) ;
#718 =( REPRESENTATION_RELATIONSHIP ('NONE','NONE', #5544, #3811 ) REPRESENTATION_RELATIONSHIP_WITH_TRANSFORMATION ( #8499 )SHAPE_REPRESENTATION_RELATIONSHIP( ) );
#719 = ORIENTED_EDGE ( 'NONE', *, *, #8962, .F. ) ;
#720 = DIRECTION ( 'NONE',  ( 0.9486832980504137369, 0.3162277660171379234, 0.0000000000000000000 ) ) ;
#721 = CARTESIAN_POINT ( 'NONE',  ( 0.005001260000000000427, 0.2200021000000000060, 0.0000000000000000000 ) ) ;
#722 = AXIS2_PLACEMENT_3D ( 'NONE', #1366, #2836, #4296 ) ;
#723 = CARTESIAN_POINT ( 'NONE',  ( -0.7099985799999989355, -0.8399983199999933037, 0.0000000000000000000 ) ) ;
#724 = CARTESIAN_POINT ( 'NONE',  ( -0.06999986000001000297, 0.1800021800000000394, 0.0000000000000000000 ) ) ;
#725 = AXIS2_PLACEMENT_3D ( 'NONE', #4118, #8581, #1127 ) ;
#726 = DIRECTION ( 'NONE',  ( -1.000000000000000000, 0.0000000000000000000, 0.0000000000000000000 ) ) ;
#727 = ORIENTED_EDGE ( 'NONE', *, *, #9028, .F. ) ;
#728 = DIRECTION ( 'NONE',  ( 0.0000000000000000000, -0.0000000000000000000, -1.000000000000000000 ) ) ;
#729 = CARTESIAN_POINT ( 'NONE',  ( 0.0000000000000000000, 0.0000000000000000000, 0.01000000000000000021 ) ) ;
#730 = EDGE_LOOP ( 'NONE', ( #9275, #3111, #1055, #4085 ) ) ;
#731 = LINE ( 'NONE', #5185, #5191 ) ;
#732 = VECTOR ( 'NONE', #5462, 1000.000000000000000 ) ;
#733 = CARTESIAN_POINT ( 'NONE',  ( 0.8099983800000000178, -1.289999960000000057, 0.6126987999999999879 ) ) ;
#734 = ORIENTED_EDGE ( 'NONE', *, *, #5148, .T. ) ;
#735 = LINE ( 'NONE', #1461, #2027 ) ;
#736 = DIRECTION ( 'NONE',  ( -0.7808688094432254534, -0.6246950475541803716, 0.0000000000000000000 ) ) ;
#737 = VERTEX_POINT ( 'NONE', #1135 ) ;
#738 = EDGE_LOOP ( 'NONE', ( #6385, #968, #5664, #3477 ) ) ;
#739 = PLANE ( 'NONE',  #3075 ) ;
#740 = EDGE_LOOP ( 'NONE', ( #7540, #7701, #4096, #7180 ) ) ;
#741 = ADVANCED_FACE ( 'NONE', ( #9202 ), #9388, .T. ) ;
#742 = DIRECTION ( 'NONE',  ( 1.000000000000000000, 0.0000000000000000000, 0.0000000000000000000 ) ) ;
#743 = FACE_OUTER_BOUND ( 'NONE', #5672, .T. ) ;
#744 = CARTESIAN_POINT ( 'NONE',  ( -0.009999980000002009137, 0.1750009199999974230, 0.02000000000000000389 ) ) ;
#745 = DIRECTION ( 'NONE',  ( 0.8944271909999159664, -0.4472135954999579832, 0.0000000000000000000 ) ) ;
#746 = PLANE ( 'NONE',  #6035 ) ;
#747 = EDGE_CURVE ( 'NONE', #4880, #3068, #7814, .T. ) ;
#748 = EDGE_CURVE ( 'NONE', #3020, #8928, #3347, .T. ) ;
#749 = ORIENTED_EDGE ( 'NONE', *, *, #5008, .T. ) ;
#750 = DIRECTION ( 'NONE',  ( 0.0000000000000000000, 1.000000000000000000, -0.0000000000000000000 ) ) ;
#751 = ORIENTED_EDGE ( 'NONE', *, *, #820, .T. ) ;
#752 = EDGE_CURVE ( 'NONE', #5163, #1014, #8589, .T. ) ;
#753 = DIRECTION ( 'NONE',  ( 0.7071067811870475062, -0.7071067811860475283, -0.0000000000000000000 ) ) ;
#754 = PRESENTATION_LAYER_ASSIGNMENT (  '', '', ( #1846 ) ) ;
#755 = ORIENTED_EDGE ( 'NONE', *, *, #1880, .F. ) ;
#756 = DIRECTION ( 'NONE',  ( 0.4472135954999579832, -0.8944271909999159664, 0.0000000000000000000 ) ) ;
#757 = APPLICATION_PROTOCOL_DEFINITION ( 'draft international standard', 'automotive_design', 1998, #7764 ) ;
#758 = EDGE_CURVE ( 'NONE', #8716, #4291, #4911, .T. ) ;
#759 = ORIENTED_EDGE ( 'NONE', *, *, #7857, .F. ) ;
#760 = LINE ( 'NONE', #38, #561 ) ;
#761 = ORIENTED_EDGE ( 'NONE', *, *, #8457, .T. ) ;
#762 = EDGE_CURVE ( 'NONE', #5160, #5948, #9247, .T. ) ;
#763 = LINE ( 'NONE', #1504, #6345 ) ;
#764 = DIRECTION ( 'NONE',  ( -0.0000000000000000000, -0.0000000000000000000, -1.000000000000000000 ) ) ;
#765 =( NAMED_UNIT ( * ) PLANE_ANGLE_UNIT ( ) SI_UNIT ( $, .RADIAN. ) );
#766 = MECHANICAL_DESIGN_GEOMETRIC_PRESENTATION_REPRESENTATION (  '', ( #4941 ), #8948 ) ;
#767 = CARTESIAN_POINT ( 'NONE',  ( 0.05999987999998832033, 0.1800021799999968475, 0.01000000000000000021 ) ) ;
#768 = VERTEX_POINT ( 'NONE', #498 ) ;
#769 = DIRECTION ( 'NONE',  ( -0.0000000000000000000, -0.0000000000000000000, -1.000000000000000000 ) ) ;
#770 = ORIENTED_EDGE ( 'NONE', *, *, #7869, .T. ) ;
#771 = CARTESIAN_POINT ( 'NONE',  ( 0.8500008399999999797, 0.6900011600000000023, 0.0000000000000000000 ) ) ;
#772 = AXIS2_PLACEMENT_3D ( 'NONE', #9408, #2789, #7405 ) ;
#773 = ORIENTED_EDGE ( 'NONE', *, *, #6316, .T. ) ;
#774 = DIRECTION ( 'NONE',  ( 0.4472135954999579277, 0.8944271909999158554, -0.0000000000000000000 ) ) ;
#775 = CARTESIAN_POINT ( 'NONE',  ( 0.01500123999998997579, 0.1800021800000000116, 0.0000000000000000000 ) ) ;
#776 = ORIENTED_EDGE ( 'NONE', *, *, #9215, .F. ) ;
#777 = PRODUCT_DEFINITION_SHAPE ( 'NONE', 'NONE',  #9527 ) ;
#778 = APPLICATION_CONTEXT ( 'automotive_design' ) ;
#779 = CARTESIAN_POINT ( 'NONE',  ( 0.2149983000000000033, -0.2149983000000000033, 0.0000000000000000000 ) ) ;
#780 = CARTESIAN_POINT ( 'NONE',  ( 0.1299997400000000025, 0.07000240000000999829, 0.0000000000000000000 ) ) ;
#781 = ORIENTED_EDGE ( 'NONE', *, *, #1117, .T. ) ;
#782 = PRESENTATION_LAYER_ASSIGNMENT (  '', '', ( #4491 ) ) ;
#783 = CARTESIAN_POINT ( 'NONE',  ( 0.6499987000000000403, 0.8499982999999999844, 0.02000000000000000042 ) ) ;
#784 = PRESENTATION_STYLE_ASSIGNMENT (( #1569 ) ) ;
#785 = VERTEX_POINT ( 'NONE', #4078 ) ;
#786 = LINE ( 'NONE', #5835, #1782 ) ;
#787 = PLANE ( 'NONE',  #7492 ) ;
#788 = DIRECTION ( 'NONE',  ( 0.5547001962249983320, 0.8320502943379975980, 0.0000000000000000000 ) ) ;
#789 = VECTOR ( 'NONE', #2178, 1000.000000000000000 ) ;
#790 = ITEM_DEFINED_TRANSFORMATION ( 'NONE', 'NONE', #1260,  #2951 ) ;
#791 = PLANE ( 'NONE',  #958 ) ;
#792 = PRODUCT_DEFINITION ( 'UNKNOWN', '', #4099, #6791 ) ;
#793 = ORIENTED_EDGE ( 'NONE', *, *, #872, .T. ) ;
#794 = FACE_OUTER_BOUND ( 'NONE', #8604, .T. ) ;
#795 =( NAMED_UNIT ( * ) SI_UNIT ( $, .STERADIAN. ) SOLID_ANGLE_UNIT ( ) );
#796 = ORIENTED_EDGE ( 'NONE', *, *, #5379, .F. ) ;
#797 = CARTESIAN_POINT ( 'NONE',  ( 0.7600010200000001381, 0.8200009000000000325, 0.02000000000000000042 ) ) ;
#798 = ORIENTED_EDGE ( 'NONE', *, *, #7211, .F. ) ;
#799 = DIRECTION ( 'NONE',  ( 0.0000000000000000000, 0.0000000000000000000, 1.000000000000000000 ) ) ;
#800 = EDGE_CURVE ( 'NONE', #6649, #3404, #2584, .T. ) ;
#801 = APPLICATION_PROTOCOL_DEFINITION ( 'draft international standard', 'automotive_design', 1998, #3426 ) ;
#802 = EDGE_CURVE ( 'NONE', #1640, #1820, #5551, .T. ) ;
#803 = ORIENTED_EDGE ( 'NONE', *, *, #6372, .F. ) ;
#804 = LINE ( 'NONE', #6818, #8895 ) ;
#805 = VERTEX_POINT ( 'NONE', #8490 ) ;
#806 = DIRECTION ( 'NONE',  ( 0.0000000000000000000, 1.000000000000000000, -0.0000000000000000000 ) ) ;
#807 = CARTESIAN_POINT ( 'NONE',  ( -1.499999539999999909, 1.499999539999999909, 0.0000000000000000000 ) ) ;
#808 = FILL_AREA_STYLE ('',( #3487 ) ) ;
#809 = AXIS2_PLACEMENT_3D ( 'NONE', #8523, #6940, #6301 ) ;
#810 = EDGE_CURVE ( 'NONE', #3653, #7997, #1868, .T. ) ;
#811 = DIRECTION ( 'NONE',  ( -0.8944271909999158554, 0.4472135954999579277, 0.0000000000000000000 ) ) ;
#812 = EDGE_CURVE ( 'NONE', #5553, #304, #4368, .T. ) ;
#813 = LINE ( 'NONE', #1656, #6080 ) ;
#814 = ORIENTED_EDGE ( 'NONE', *, *, #5266, .F. ) ;
#815 = AXIS2_PLACEMENT_3D ( 'NONE', #7230, #1987, #8661 ) ;
#816 = DIRECTION ( 'NONE',  ( 0.9805902541527398153, -0.1960682367459480047, -0.0000000000000000000 ) ) ;
#817 = CARTESIAN_POINT ( 'NONE',  ( 0.0000000000000000000, 0.0000000000000000000, 0.0000000000000000000 ) ) ;
#818 = ORIENTED_EDGE ( 'NONE', *, *, #2401, .T. ) ;
#819 = PLANE ( 'NONE',  #7444 ) ;
#820 = EDGE_CURVE ( 'NONE', #5926, #37, #2857, .T. ) ;
#821 = LINE ( 'NONE', #4547, #1609 ) ;
#822 = AXIS2_PLACEMENT_3D ( 'NONE', #5222, #7489, #4385 ) ;
#823 = EDGE_LOOP ( 'NONE', ( #7656, #2296, #7939, #7159 ) ) ;
#824 = DIRECTION ( 'NONE',  ( -1.000000000000000000, -0.0000000000000000000, -0.0000000000000000000 ) ) ;
#825 = DIRECTION ( 'NONE',  ( -0.0000000000000000000, -0.0000000000000000000, -1.000000000000000000 ) ) ;
#826 = DIRECTION ( 'NONE',  ( 0.0000000000000000000, 0.0000000000000000000, 1.000000000000000000 ) ) ;
#827 = CARTESIAN_POINT ( 'NONE',  ( 0.1499997000000000136, -0.1749983800000000089, 0.0000000000000000000 ) ) ;
#828 = VECTOR ( 'NONE', #5838, 1000.000000000000114 ) ;
#829 = ORIENTED_EDGE ( 'NONE', *, *, #7038, .T. ) ;
#830 = AXIS2_PLACEMENT_3D ( 'NONE', #4114, #7085, #437 ) ;
#831 = DIRECTION ( 'NONE',  ( -0.0000000000000000000, -0.0000000000000000000, -1.000000000000000000 ) ) ;
#832 = DIRECTION ( 'NONE',  ( -0.0000000000000000000, 0.0000000000000000000, -1.000000000000000000 ) ) ;
#833 = CARTESIAN_POINT ( 'NONE',  ( -1.499999539999999909, 1.499999539999999909, 0.0000000000000000000 ) ) ;
#834 = APPLICATION_CONTEXT ( 'automotive_design' ) ;
#835 = DIRECTION ( 'NONE',  ( 0.0000000000000000000, 0.0000000000000000000, -1.000000000000000000 ) ) ;
#836 = VECTOR ( 'NONE', #1622, 1000.000000000000000 ) ;
#837 = LINE ( 'NONE', #3794, #6842 ) ;
#838 = VECTOR ( 'NONE', #831, 1000.000000000000000 ) ;
#839 = DIRECTION ( 'NONE',  ( 1.000000000000000000, 0.0000000000000000000, 0.0000000000000000000 ) ) ;
#840 = EDGE_LOOP ( 'NONE', ( #368, #5794, #2216, #8511 ) ) ;
#841 = CARTESIAN_POINT ( 'NONE',  ( -0.1299997400000000025, -0.1299997400000000025, 0.0000000000000000000 ) ) ;
#842 =( LENGTH_UNIT ( ) NAMED_UNIT ( * ) SI_UNIT ( .MILLI., .METRE. ) );
#843 = ORIENTED_EDGE ( 'NONE', *, *, #9425, .T. ) ;
#844 = LINE ( 'NONE', #7623, #5635 ) ;
#845 = ORIENTED_EDGE ( 'NONE', *, *, #6619, .F. ) ;
#846 = DIRECTION ( 'NONE',  ( -0.0000000000000000000, -0.0000000000000000000, -1.000000000000000000 ) ) ;
#847 = VECTOR ( 'NONE', #728, 1000.000000000000000 ) ;
#848 = VECTOR ( 'NONE', #1109, 1000.000000000000000 ) ;
#849 = CONTEXT_DEPENDENT_SHAPE_REPRESENTATION ( #1467, #3553 ) ;
#850 = CARTESIAN_POINT ( 'NONE',  ( -0.07999984000000000262, -0.1799996399999999885, 0.01000000000000000021 ) ) ;
#851 = AXIS2_PLACEMENT_3D ( 'NONE', #8010, #5786, #2144 ) ;
#852 = ORIENTED_EDGE ( 'NONE', *, *, #7380, .T. ) ;
#853 = DIRECTION ( 'NONE',  ( -0.0000000000000000000, -0.0000000000000000000, -1.000000000000000000 ) ) ;
#854 = EDGE_CURVE ( 'NONE', #152, #3155, #5927, .T. ) ;
#855 = ORIENTED_EDGE ( 'NONE', *, *, #6432, .F. ) ;
#856 = MECHANICAL_DESIGN_GEOMETRIC_PRESENTATION_REPRESENTATION (  '', ( #1331 ), #2553 ) ;
#857 = LINE ( 'NONE', #3903, #5 ) ;
#858 = FACE_OUTER_BOUND ( 'NONE', #5754, .T. ) ;
#859 = FACE_OUTER_BOUND ( 'NONE', #2949, .T. ) ;
#860 = PRODUCT_DEFINITION_SHAPE ( 'NONE', 'NONE',  #9534 ) ;
#861 = EDGE_CURVE ( 'NONE', #3572, #6625, #7332, .T. ) ;
#862 = AXIS2_PLACEMENT_3D ( 'NONE', #5092, #7317, #3773 ) ;
#863 = LINE ( 'NONE', #4130, #6128 ) ;
#864 = FACE_OUTER_BOUND ( 'NONE', #2139, .T. ) ;
#865 = EDGE_LOOP ( 'NONE', ( #3725, #6596, #5876, #9384 ) ) ;
#866 = PRODUCT_DEFINITION_FORMATION_WITH_SPECIFIED_SOURCE ( 'ANY', '', #2777, .NOT_KNOWN. ) ;
#867 = EDGE_CURVE ( 'NONE', #2278, #6618, #9478, .T. ) ;
#868 = LINE ( 'NONE', #8228, #2550 ) ;
#869 = EDGE_CURVE ( 'NONE', #4675, #6958, #786, .T. ) ;
#870 = SHAPE_DEFINITION_REPRESENTATION ( #2173, #9109 ) ;
#871 = ORIENTED_EDGE ( 'NONE', *, *, #4482, .T. ) ;
#872 = EDGE_CURVE ( 'NONE', #8393, #7707, #7960, .T. ) ;
#873 = DIRECTION ( 'NONE',  ( 0.0000000000000000000, -0.0000000000000000000, -1.000000000000000000 ) ) ;
#874 = PLANE ( 'NONE',  #8700 ) ;
#875 = ORIENTED_EDGE ( 'NONE', *, *, #7201, .T. ) ;
#876 = VECTOR ( 'NONE', #3435, 1000.000000000000000 ) ;
#877 = CARTESIAN_POINT ( 'NONE',  ( 0.02500121999998999867, -0.1499997000000000136, 0.02000000000000000042 ) ) ;
#878 = EDGE_CURVE ( 'NONE', #5160, #1924, #8054, .T. ) ;
#879 = PRODUCT_DEFINITION_CONTEXT ( 'detailed design', #344, 'design' ) ;
#880 = DIRECTION ( 'NONE',  ( 0.0000000000000000000, 0.0000000000000000000, -1.000000000000000000 ) ) ;
#881 =( NAMED_UNIT ( * ) SI_UNIT ( $, .STERADIAN. ) SOLID_ANGLE_UNIT ( ) );
#882 = ORIENTED_EDGE ( 'NONE', *, *, #3774, .F. ) ;
#884 = EDGE_CURVE ( 'NONE', #1924, #1012, #3639, .T. ) ;
#883 = CARTESIAN_POINT ( 'NONE',  ( 0.1650009400000000126, 0.06000242000000000075, 0.0000000000000000000 ) ) ;
#885 = DIRECTION ( 'NONE',  ( -0.0000000000000000000, 0.0000000000000000000, -1.000000000000000000 ) ) ;
#886 = DIRECTION ( 'NONE',  ( -0.7071367135327385478, -0.7070768475732447378, 0.0000000000000000000 ) ) ;
#887 = DIRECTION ( 'NONE',  ( 0.0000000000000000000, -1.000000000000000000, 0.0000000000000000000 ) ) ;
#888 = ITEM_DEFINED_TRANSFORMATION ( 'NONE', 'NONE', #4621,  #2951 ) ;
#889 = DIRECTION ( 'NONE',  ( 0.2169304578189737986, -0.9761870601838822381, 0.0000000000000000000 ) ) ;
#890 = EDGE_CURVE ( 'NONE', #4530, #4813, #7244, .T. ) ;
#891 = ORIENTED_EDGE ( 'NONE', *, *, #869, .F. ) ;
#892 = UNCERTAINTY_MEASURE_WITH_UNIT (LENGTH_MEASURE( 1.000000000000000082E-05 ), #2211, 'distance_accuracy_value', 'NONE');
#893 = DIRECTION ( 'NONE',  ( 0.2425356250360976851, 0.9701425001453907182, 0.0000000000000000000 ) ) ;
#894 =( NAMED_UNIT ( * ) PLANE_ANGLE_UNIT ( ) SI_UNIT ( $, .RADIAN. ) );
#895 = VERTEX_POINT ( 'NONE', #6650 ) ;
#896 = DIRECTION ( 'NONE',  ( 0.0000000000000000000, -0.0000000000000000000, -1.000000000000000000 ) ) ;
#897 = ORIENTED_EDGE ( 'NONE', *, *, #8975, .T. ) ;
#898 = DIRECTION ( 'NONE',  ( 1.000000000000000000, 0.0000000000000000000, -0.0000000000000000000 ) ) ;
#899 =( REPRESENTATION_RELATIONSHIP ('NONE','NONE', #4344, #2256 ) REPRESENTATION_RELATIONSHIP_WITH_TRANSFORMATION ( #3693 )SHAPE_REPRESENTATION_RELATIONSHIP( ) );
#900 = CONTEXT_DEPENDENT_SHAPE_REPRESENTATION ( #5919, #6260 ) ;
#901 = ORIENTED_EDGE ( 'NONE', *, *, #5431, .F. ) ;
#902 = CARTESIAN_POINT ( 'NONE',  ( 0.08999981999999999427, 0.1300022800000000256, 0.01000000000000000021 ) ) ;
#903 =( NAMED_UNIT ( * ) SI_UNIT ( $, .STERADIAN. ) SOLID_ANGLE_UNIT ( ) );
#904 = VERTEX_POINT ( 'NONE', #3543 ) ;
#905 = CARTESIAN_POINT ( 'NONE',  ( 0.005001260000000000427, 0.2200021000000000060, 0.0000000000000000000 ) ) ;
#906 = DIRECTION ( 'NONE',  ( 0.9761870601838822381, 0.2169304578189737986, 0.0000000000000000000 ) ) ;
#907 = LINE ( 'NONE', #3172, #7807 ) ;
#908 = CARTESIAN_POINT ( 'NONE',  ( 0.0000000000000000000, 0.2400020599999999893, 0.01000000000000000021 ) ) ;
#909 = PRODUCT_RELATED_PRODUCT_CATEGORY ( 'part', '', ( #3305 ) ) ;
#910 = VERTEX_POINT ( 'NONE', #6606 ) ;
#911 = DIRECTION ( 'NONE',  ( 1.000000000000000000, 0.0000000000000000000, -0.0000000000000000000 ) ) ;
#912 = LINE ( 'NONE', #7598, #5989 ) ;
#913 = AXIS2_PLACEMENT_3D ( 'NONE', #8351, #8540, #4815 ) ;
#914 = AXIS2_PLACEMENT_3D ( 'NONE', #2467, #7560, #6015 ) ;
#915 = PRODUCT_CONTEXT ( 'NONE', #8682, 'mechanical' ) ;
#916 = ORIENTED_EDGE ( 'NONE', *, *, #4187, .T. ) ;
#917 = AXIS2_PLACEMENT_3D ( 'NONE', #2912, #3064, #2249 ) ;
#918 = DIRECTION ( 'NONE',  ( 0.7808688094430910054, -0.6246950475543484593, 0.0000000000000000000 ) ) ;
#919 = EDGE_CURVE ( 'NONE', #910, #8283, #5830, .T. ) ;
#920 = EDGE_LOOP ( 'NONE', ( #3995, #589, #235, #4168 ) ) ;
#921 = EDGE_CURVE ( 'NONE', #7574, #3369, #2901, .T. ) ;
#922 = AXIS2_PLACEMENT_3D ( 'NONE', #6226, #4087, #5558 ) ;
#923 = DIRECTION ( 'NONE',  ( 1.000000000000000000, 0.0000000000000000000, -0.0000000000000000000 ) ) ;
#924 = ADVANCED_FACE ( 'NONE', ( #9433 ), #2809, .T. ) ;
#925 =( NAMED_UNIT ( * ) SI_UNIT ( $, .STERADIAN. ) SOLID_ANGLE_UNIT ( ) );
#926 = PLANE ( 'NONE',  #5726 ) ;
#927 = FILL_AREA_STYLE ('',( #5485 ) ) ;
#928 = EDGE_LOOP ( 'NONE', ( #5093, #2737, #4398, #4868 ) ) ;
#929 = PLANE ( 'NONE',  #8872 ) ;
#930 = CARTESIAN_POINT ( 'NONE',  ( 0.1499997000000024006, 0.04500118000000067481, 0.0000000000000000000 ) ) ;
#931 =( GEOMETRIC_REPRESENTATION_CONTEXT ( 3 ) GLOBAL_UNCERTAINTY_ASSIGNED_CONTEXT ( ( #3585 ) ) GLOBAL_UNIT_ASSIGNED_CONTEXT ( ( #4959, #1232, #552 ) ) REPRESENTATION_CONTEXT ( 'NONE', 'WORKASPACE' ) );
#932 = LINE ( 'NONE', #2522, #836 ) ;
#933 = PLANE ( 'NONE',  #3329 ) ;
#934 = EDGE_CURVE ( 'NONE', #8038, #4776, #4458, .T. ) ;
#935 = DIRECTION ( 'NONE',  ( 0.9761870601838822381, 0.2169304578189737986, 0.0000000000000000000 ) ) ;
#936 = EDGE_CURVE ( 'NONE', #8758, #4280, #2238, .T. ) ;
#937 = DIRECTION ( 'NONE',  ( 0.0000000000000000000, 0.0000000000000000000, 1.000000000000000000 ) ) ;
#938 = ORIENTED_EDGE ( 'NONE', *, *, #2712, .T. ) ;
#939 = DIRECTION ( 'NONE',  ( 0.6246950475547901060, -0.7808688094427375104, 0.0000000000000000000 ) ) ;
#940 = SURFACE_SIDE_STYLE ('',( #4764 ) ) ;
#941 = ORIENTED_EDGE ( 'NONE', *, *, #3935, .T. ) ;
#942 = DIRECTION ( 'NONE',  ( -0.0000000000000000000, 1.000000000000000000, 0.0000000000000000000 ) ) ;
#943 = CARTESIAN_POINT ( 'NONE',  ( 0.2000000000000000111, 2.449293598294706538E-17, 0.0000000000000000000 ) ) ;
#944 = ORIENTED_EDGE ( 'NONE', *, *, #1417, .F. ) ;
#945 = DIRECTION ( 'NONE',  ( 0.5999999999999999778, 0.8000000000000000444, -0.0000000000000000000 ) ) ;
#946 = AXIS2_PLACEMENT_3D ( 'NONE', #7854, #7182, #2082 ) ;
#947 = EDGE_CURVE ( 'NONE', #6363, #4579, #5200, .T. ) ;
#948 = CONTEXT_DEPENDENT_SHAPE_REPRESENTATION ( #962, #3472 ) ;
#949 = DIRECTION ( 'NONE',  ( -1.000000000000000000, -0.0000000000000000000, 0.0000000000000000000 ) ) ;
#950 = ORIENTED_EDGE ( 'NONE', *, *, #9427, .F. ) ;
#951 = AXIS2_PLACEMENT_3D ( 'NONE', #8372, #3916, #7651 ) ;
#952 = CARTESIAN_POINT ( 'NONE',  ( 0.06999986000000001096, 0.1600022200000000006, 0.0000000000000000000 ) ) ;
#953 = ORIENTED_EDGE ( 'NONE', *, *, #5432, .T. ) ;
#954 = CARTESIAN_POINT ( 'NONE',  ( 0.1199997599999999970, 0.1150010399999999988, 0.02000000000000000736 ) ) ;
#955 = LINE ( 'NONE', #5367, #9366 ) ;
#956 = DIRECTION ( 'NONE',  ( 0.0000000000000000000, -1.000000000000000000, -0.0000000000000000000 ) ) ;
#957 = CARTESIAN_POINT ( 'NONE',  ( -0.08999982000000648907, 0.2200021000000022819, 0.009999999999999998473 ) ) ;
#958 = AXIS2_PLACEMENT_3D ( 'NONE', #8820, #9485, #3550 ) ;
#959 = VERTEX_POINT ( 'NONE', #2768 ) ;
#960 = CARTESIAN_POINT ( 'NONE',  ( -0.1499971600000000183, -0.05499861999998999912, 0.0000000000000000000 ) ) ;
#961 = VERTEX_POINT ( 'NONE', #8153 ) ;
#962 =( REPRESENTATION_RELATIONSHIP ('NONE','NONE', #5544, #7572 ) REPRESENTATION_RELATIONSHIP_WITH_TRANSFORMATION ( #6963 )SHAPE_REPRESENTATION_RELATIONSHIP( ) );
#963 = FACE_OUTER_BOUND ( 'NONE', #2651, .T. ) ;
#964 = APPLICATION_PROTOCOL_DEFINITION ( 'draft international standard', 'automotive_design', 1998, #7335 ) ;
#965 = EDGE_LOOP ( 'NONE', ( #6051, #503, #7295, #3554 ) ) ;
#966 = DIRECTION ( 'NONE',  ( 0.0000000000000000000, 0.0000000000000000000, 1.000000000000000000 ) ) ;
#967 = PRODUCT_RELATED_PRODUCT_CATEGORY ( 'part', '', ( #7124 ) ) ;
#968 = ORIENTED_EDGE ( 'NONE', *, *, #7507, .T. ) ;
#969 = CARTESIAN_POINT ( 'NONE',  ( -0.1549984199999999979, -0.2199995600000000107, 0.01000000000000000021 ) ) ;
#970 = VECTOR ( 'NONE', #2605, 1000.000000000000114 ) ;
#971 = CARTESIAN_POINT ( 'NONE',  ( -0.1299997400000000025, 0.09000236000000000347, 0.01000000000000000021 ) ) ;
#972 =( NAMED_UNIT ( * ) PLANE_ANGLE_UNIT ( ) SI_UNIT ( $, .RADIAN. ) );
#973 = DIRECTION ( 'NONE',  ( 0.0000000000000000000, -0.0000000000000000000, -1.000000000000000000 ) ) ;
#974 = VERTEX_POINT ( 'NONE', #5059 ) ;
#975 = FILL_AREA_STYLE_COLOUR ( '', #1923 ) ;
#976 = PLANE ( 'NONE',  #4191 ) ;
#977 = VECTOR ( 'NONE', #8692, 1000.000000000000000 ) ;
#978 = DIRECTION ( 'NONE',  ( 0.7071067811860475283, 0.7071067811870475062, -0.0000000000000000000 ) ) ;
#979 = EDGE_CURVE ( 'NONE', #7845, #6283, #6555, .T. ) ;
#980 = CARTESIAN_POINT ( 'NONE',  ( 0.1299997400000380554, -0.02999740000001426335, 0.0000000000000000000 ) ) ;
#981 = CONTEXT_DEPENDENT_SHAPE_REPRESENTATION ( #899, #6823 ) ;
#982 = LINE ( 'NONE', #8298, #6061 ) ;
#983 = VECTOR ( 'NONE', #753, 1000.000000000000114 ) ;
#984 = CARTESIAN_POINT ( 'NONE',  ( 0.0000000000000000000, 0.0000000000000000000, 0.0000000000000000000 ) ) ;
#985 = VERTEX_POINT ( 'NONE', #8677 ) ;
#986 = DIRECTION ( 'NONE',  ( -0.8944271909999153003, 0.4472135954999588714, 0.0000000000000000000 ) ) ;
#987 = EDGE_CURVE ( 'NONE', #4887, #7323, #4604, .T. ) ;
#988 =( NAMED_UNIT ( * ) PLANE_ANGLE_UNIT ( ) SI_UNIT ( $, .RADIAN. ) );
#989 = ORIENTED_EDGE ( 'NONE', *, *, #5720, .F. ) ;
#990 = CARTESIAN_POINT ( 'NONE',  ( 0.1150010399999999988, -0.01999742000001000775, 0.01000000000000000021 ) ) ;
#991 = CARTESIAN_POINT ( 'NONE',  ( 0.01500123999999000007, 0.1800021800000000394, 0.0000000000000000000 ) ) ;
#992 = VERTEX_POINT ( 'NONE', #3975 ) ;
#993 = LINE ( 'NONE', #1687, #7948 ) ;
#994 = EDGE_CURVE ( 'NONE', #4776, #2449, #7609, .T. ) ;
#995 = VECTOR ( 'NONE', #7567, 1000.000000000000114 ) ;
#996 = VERTEX_POINT ( 'NONE', #2333 ) ;
#997 = VECTOR ( 'NONE', #1172, 1000.000000000000000 ) ;
#998 =( NAMED_UNIT ( * ) PLANE_ANGLE_UNIT ( ) SI_UNIT ( $, .RADIAN. ) );
#999 = PRODUCT ( 'User Library-QFN-20_Extruded17', 'User Library-QFN-20_Extruded17', '', ( #3964 ) ) ;
#1000 =( LENGTH_UNIT ( ) NAMED_UNIT ( * ) SI_UNIT ( .MILLI., .METRE. ) );
#1001 = EDGE_LOOP ( 'NONE', ( #637, #2964, #5974, #9294 ) ) ;
#1002 =( NAMED_UNIT ( * ) SI_UNIT ( $, .STERADIAN. ) SOLID_ANGLE_UNIT ( ) );
#1003 = ADVANCED_FACE ( 'NONE', ( #4559 ), #4707, .T. ) ;
#1004 = FILL_AREA_STYLE ('',( #7065 ) ) ;
#1005 = EDGE_LOOP ( 'NONE', ( #5910, #2732, #8211, #4137 ) ) ;
#1006 = VECTOR ( 'NONE', #1897, 1000.000000000000114 ) ;
#1007 = LINE ( 'NONE', #3171, #7069 ) ;
#1008 = DIRECTION ( 'NONE',  ( 0.3713906763541035549, -0.9284766908852593037, 0.0000000000000000000 ) ) ;
#1009 =( GEOMETRIC_REPRESENTATION_CONTEXT ( 3 ) GLOBAL_UNCERTAINTY_ASSIGNED_CONTEXT ( ( #5161 ) ) GLOBAL_UNIT_ASSIGNED_CONTEXT ( ( #3515, #6528, #1303 ) ) REPRESENTATION_CONTEXT ( 'NONE', 'WORKASPACE' ) );
#1010 = CARTESIAN_POINT ( 'NONE',  ( -0.09999980000001000568, -0.1099972399999999961, 0.0000000000000000000 ) ) ;
#1011 = VECTOR ( 'NONE', #6883, 1000.000000000000000 ) ;
#1012 = VERTEX_POINT ( 'NONE', #1033 ) ;
#1013 = PLANE ( 'NONE',  #1388 ) ;
#1014 = VERTEX_POINT ( 'NONE', #3146 ) ;
#1015 = DIRECTION ( 'NONE',  ( 0.1643583580398199351, 0.9864006945164092155, 0.0000000000000000000 ) ) ;
#1016 = APPLICATION_PROTOCOL_DEFINITION ( 'draft international standard', 'automotive_design', 1998, #7213 ) ;
#1017 = VERTEX_POINT ( 'NONE', #5293 ) ;
#1018 = CARTESIAN_POINT ( 'NONE',  ( -0.1149985000000102453, 0.03000247999999454407, 0.01000000000000000021 ) ) ;
#1019 = CARTESIAN_POINT ( 'NONE',  ( -0.08999981999999999427, 0.2000021399999999949, 0.0000000000000000000 ) ) ;
#1020 = VERTEX_POINT ( 'NONE', #5338 ) ;
#1021 = PRODUCT_DEFINITION_SHAPE ( 'NONE', 'NONE',  #9530 ) ;
#1022 = PRODUCT_DEFINITION_FORMATION_WITH_SPECIFIED_SOURCE ( 'ANY', '', #4962, .NOT_KNOWN. ) ;
#1023 = FACE_OUTER_BOUND ( 'NONE', #7985, .T. ) ;
#1024 = APPLICATION_CONTEXT ( 'automotive_design' ) ;
#1025 = ORIENTED_EDGE ( 'NONE', *, *, #4497, .T. ) ;
#1026 =( LENGTH_UNIT ( ) NAMED_UNIT ( * ) SI_UNIT ( .MILLI., .METRE. ) );
#1027 = VECTOR ( 'NONE', #8958, 1000.000000000000000 ) ;
#1028 =( NAMED_UNIT ( * ) SI_UNIT ( $, .STERADIAN. ) SOLID_ANGLE_UNIT ( ) );
#1029 = LINE ( 'NONE', #3923, #4944 ) ;
#1030 =( NAMED_UNIT ( * ) PLANE_ANGLE_UNIT ( ) SI_UNIT ( $, .RADIAN. ) );
#1031 =( REPRESENTATION_RELATIONSHIP ('NONE','NONE', #6212, #530 ) REPRESENTATION_RELATIONSHIP_WITH_TRANSFORMATION ( #8159 )SHAPE_REPRESENTATION_RELATIONSHIP( ) );
#1032 = ORIENTED_EDGE ( 'NONE', *, *, #6038, .F. ) ;
#1033 = CARTESIAN_POINT ( 'NONE',  ( 0.1699996599999950841, 0.08000237999997364402, 0.0000000000000000000 ) ) ;
#1034 = DIRECTION ( 'NONE',  ( -0.0000000000000000000, -0.0000000000000000000, -1.000000000000000000 ) ) ;
#1035 = LINE ( 'NONE', #4655, #2329 ) ;
#1036 = FACE_OUTER_BOUND ( 'NONE', #5533, .T. ) ;
#1037 = CARTESIAN_POINT ( 'NONE',  ( 0.8100009199999987919, 0.7700010000000020449, 0.02000000000000000042 ) ) ;
#1038 = VECTOR ( 'NONE', #7170, 1000.000000000000000 ) ;
#1039 = DIRECTION ( 'NONE',  ( 0.0000000000000000000, -1.000000000000000000, 0.0000000000000000000 ) ) ;
#1040 = ADVANCED_FACE ( 'NONE', ( #8384, #6898 ), #6113, .T. ) ;
#1041 = ORIENTED_EDGE ( 'NONE', *, *, #2186, .T. ) ;
#1042 = CARTESIAN_POINT ( 'NONE',  ( -0.004998720000003000104, 0.1800021800000000394, 0.0000000000000000000 ) ) ;
#1043 = AXIS2_PLACEMENT_3D ( 'NONE', #1445, #8694, #7167 ) ;
#1044 =( LENGTH_UNIT ( ) NAMED_UNIT ( * ) SI_UNIT ( .MILLI., .METRE. ) );
#1045 = ORIENTED_EDGE ( 'NONE', *, *, #7160, .F. ) ;
#1046 = CARTESIAN_POINT ( 'NONE',  ( -0.02499867999999999882, -0.1499997000000000136, 0.02000000000000000736 ) ) ;
#1047 = DIRECTION ( 'NONE',  ( -0.0000000000000000000, -0.0000000000000000000, -1.000000000000000000 ) ) ;
#1048 = ORIENTED_EDGE ( 'NONE', *, *, #4826, .F. ) ;
#1049 = PLANE ( 'NONE',  #7794 ) ;
#1050 = ADVANCED_FACE ( 'NONE', ( #8197 ), #929, .T. ) ;
#1051 = ADVANCED_FACE ( 'NONE', ( #70 ), #8916, .T. ) ;
#1052 = CARTESIAN_POINT ( 'NONE',  ( 0.04999989999999999990, 0.01000252000000000085, 0.01000000000000000368 ) ) ;
#1053 = DIRECTION ( 'NONE',  ( 1.000000000000000000, 0.0000000000000000000, 0.0000000000000000000 ) ) ;
#1054 = EDGE_CURVE ( 'NONE', #9106, #1718, #4509, .T. ) ;
#1055 = ORIENTED_EDGE ( 'NONE', *, *, #7735, .F. ) ;
#1056 = SURFACE_SIDE_STYLE ('',( #1099 ) ) ;
#1057 =( NAMED_UNIT ( * ) SI_UNIT ( $, .STERADIAN. ) SOLID_ANGLE_UNIT ( ) );
#1058 = ORIENTED_EDGE ( 'NONE', *, *, #4497, .F. ) ;
#1059 = CARTESIAN_POINT ( 'NONE',  ( 0.1400022599999999895, 0.08000237999999999794, 0.0000000000000000000 ) ) ;
#1060 = DIRECTION ( 'NONE',  ( 0.9838699100999075409, -0.1788854381999832044, 0.0000000000000000000 ) ) ;
#1061 = ADVANCED_FACE ( 'NONE', ( #6749 ), #3789, .T. ) ;
#1062 = EDGE_CURVE ( 'NONE', #1369, #3266, #3102, .T. ) ;
#1063 = ORIENTED_EDGE ( 'NONE', *, *, #1401, .T. ) ;
#1064 = LINE ( 'NONE', #4010, #1702 ) ;
#1065 = ORIENTED_EDGE ( 'NONE', *, *, #5298, .F. ) ;
#1066 = DIRECTION ( 'NONE',  ( -0.0000000000000000000, -0.0000000000000000000, -1.000000000000000000 ) ) ;
#1067 = PRODUCT_CONTEXT ( 'NONE', #3859, 'mechanical' ) ;
#1068 = EDGE_LOOP ( 'NONE', ( #4572, #6673, #3415, #5411 ) ) ;
#1069 = AXIS2_PLACEMENT_3D ( 'NONE', #8547, #3508, #6374 ) ;
#1070 = CARTESIAN_POINT ( 'NONE',  ( -0.8499982999999999844, 0.6500012400000000357, 0.0000000000000000000 ) ) ;
#1071 = EDGE_LOOP ( 'NONE', ( #9003, #5089, #9432, #8187 ) ) ;
#1072 = ADVANCED_FACE ( 'NONE', ( #3332 ), #8528, .T. ) ;
#1073 = DIRECTION ( 'NONE',  ( 1.000000000000000000, 0.0000000000000000000, 0.0000000000000000000 ) ) ;
#1074 = VERTEX_POINT ( 'NONE', #1274 ) ;
#1075 = VECTOR ( 'NONE', #3416, 1000.000000000000000 ) ;
#1076 = FILL_AREA_STYLE ('',( #7704 ) ) ;
#1077 = DIRECTION ( 'NONE',  ( -8.466683559676996447E-05, 0.9999999964157634258, -0.0000000000000000000 ) ) ;
#1078 = VECTOR ( 'NONE', #1568, 1000.000000000000114 ) ;
#1079 = EDGE_LOOP ( 'NONE', ( #3757, #4841, #3631, #5816 ) ) ;
#1080 = CARTESIAN_POINT ( 'NONE',  ( 0.07500112000000000445, -0.1599996800000000052, 0.0000000000000000000 ) ) ;
#1081 = DIRECTION ( 'NONE',  ( 0.8944271909999158554, 0.4472135954999579277, 0.0000000000000000000 ) ) ;
#1082 = DIRECTION ( 'NONE',  ( -0.9864018224757887809, 0.1643515884208071598, 0.0000000000000000000 ) ) ;
#1083 = AXIS2_PLACEMENT_3D ( 'NONE', #40, #2352, #8262 ) ;
#1084 = DIRECTION ( 'NONE',  ( 0.9284766908852589706, -0.3713906763541045541, 0.0000000000000000000 ) ) ;
#1085 = PRODUCT_DEFINITION_SHAPE ( 'NONE', 'NONE',  #9509 ) ;
#1086 = CARTESIAN_POINT ( 'NONE',  ( 0.1400022599999999895, 0.1800021800000000394, 0.01000000000000000021 ) ) ;
#1087 = ORIENTED_EDGE ( 'NONE', *, *, #6494, .T. ) ;
#1088 = UNCERTAINTY_MEASURE_WITH_UNIT (LENGTH_MEASURE( 1.000000000000000082E-05 ), #2087, 'distance_accuracy_value', 'NONE');
#1089 = CARTESIAN_POINT ( 'NONE',  ( -0.1199997600000018566, 0.1100023200000015550, 0.009999999999999998473 ) ) ;
#1090 = ORIENTED_EDGE ( 'NONE', *, *, #758, .F. ) ;
#1091 = DIRECTION ( 'NONE',  ( 0.9486832980505247592, 0.3162277660168050786, 0.0000000000000000000 ) ) ;
#1092 = DIRECTION ( 'NONE',  ( 0.0000000000000000000, 0.0000000000000000000, -1.000000000000000000 ) ) ;
#1093 = ORIENTED_EDGE ( 'NONE', *, *, #3708, .F. ) ;
#1094 = FACE_OUTER_BOUND ( 'NONE', #359, .T. ) ;
#1095 = PRODUCT_RELATED_PRODUCT_CATEGORY ( 'part', '', ( #4962 ) ) ;
#1096 = ITEM_DEFINED_TRANSFORMATION ( 'NONE', 'NONE', #7516,  #1237 ) ;
#1097 = LINE ( 'NONE', #7771, #2671 ) ;
#1098 = VERTEX_POINT ( 'NONE', #8436 ) ;
#1099 = SURFACE_STYLE_FILL_AREA ( #7730 ) ;
#1100 =( NAMED_UNIT ( * ) SI_UNIT ( $, .STERADIAN. ) SOLID_ANGLE_UNIT ( ) );
#1101 = VERTEX_POINT ( 'NONE', #6255 ) ;
#1102 = PLANE ( 'NONE',  #6928 ) ;
#1103 = VECTOR ( 'NONE', #5826, 1000.000000000000000 ) ;
#1104 = EDGE_CURVE ( 'NONE', #8800, #6440, #2662, .T. ) ;
#1105 = DIRECTION ( 'NONE',  ( 1.000000000000000000, 0.0000000000000000000, -0.0000000000000000000 ) ) ;
#1106 = EDGE_CURVE ( 'NONE', #2793, #4698, #6997, .T. ) ;
#1107 = VECTOR ( 'NONE', #5427, 1000.000000000000000 ) ;
#1108 = ORIENTED_EDGE ( 'NONE', *, *, #8324, .F. ) ;
#1109 = DIRECTION ( 'NONE',  ( -0.0000000000000000000, -0.0000000000000000000, -1.000000000000000000 ) ) ;
#1110 = ORIENTED_EDGE ( 'NONE', *, *, #229, .T. ) ;
#1111 = PRODUCT_DEFINITION_CONTEXT ( 'detailed design', #3745, 'design' ) ;
#1112 = LINE ( 'NONE', #6099, #2576 ) ;
#1113 = PRODUCT_CONTEXT ( 'NONE', #9229, 'mechanical' ) ;
#1114 = EDGE_CURVE ( 'NONE', #6716, #1219, #6404, .T. ) ;
#1115 = ORIENTED_EDGE ( 'NONE', *, *, #7139, .T. ) ;
#1116 = LINE ( 'NONE', #5532, #211 ) ;
#1117 = EDGE_CURVE ( 'NONE', #1474, #4667, #7041, .T. ) ;
#1118 = ORIENTED_EDGE ( 'NONE', *, *, #4953, .T. ) ;
#1119 = VECTOR ( 'NONE', #8441, 1000.000000000000114 ) ;
#1120 = CARTESIAN_POINT ( 'NONE',  ( 0.1399997199999999942, 0.07500112000000000445, 0.0000000000000000000 ) ) ;
#1121 = EDGE_LOOP ( 'NONE', ( #3681, #6032, #7504, #1090 ) ) ;
#1122 = DIRECTION ( 'NONE',  ( 0.0000000000000000000, 0.0000000000000000000, 1.000000000000000000 ) ) ;
#1123 = EDGE_CURVE ( 'NONE', #330, #1640, #1853, .T. ) ;
#1124 = ORIENTED_EDGE ( 'NONE', *, *, #9499, .T. ) ;
#1125 = CARTESIAN_POINT ( 'NONE',  ( -0.1549984199999999979, -0.2199995600000000107, 0.01000000000000000021 ) ) ;
#1126 = VECTOR ( 'NONE', #3970, 1000.000000000000000 ) ;
#1127 = DIRECTION ( 'NONE',  ( 0.0000000000000000000, 0.0000000000000000000, -1.000000000000000000 ) ) ;
#1128 = LINE ( 'NONE', #4070, #6073 ) ;
#1129 = SHELL_BASED_SURFACE_MODEL ( 'NONE', ( #1305, #61, #8857 ) );
#1130 = ORIENTED_EDGE ( 'NONE', *, *, #3706, .T. ) ;
#1131 = FACE_OUTER_BOUND ( 'NONE', #6279, .T. ) ;
#1132 =( NAMED_UNIT ( * ) PLANE_ANGLE_UNIT ( ) SI_UNIT ( $, .RADIAN. ) );
#1133 = EDGE_LOOP ( 'NONE', ( #871, #25, #3891, #8087 ) ) ;
#1134 = VECTOR ( 'NONE', #8988, 1000.000000000000000 ) ;
#1135 = CARTESIAN_POINT ( 'NONE',  ( 0.08999982000000000815, 0.09000236000000001735, 0.0000000000000000000 ) ) ;
#1136 = DIRECTION ( 'NONE',  ( 1.000000000000000000, 0.0000000000000000000, 0.0000000000000000000 ) ) ;
#1137 = ORIENTED_EDGE ( 'NONE', *, *, #4364, .F. ) ;
#1138 = LINE ( 'NONE', #4129, #8884 ) ;
#1139 = DIRECTION ( 'NONE',  ( 0.0000000000000000000, -0.0000000000000000000, -1.000000000000000000 ) ) ;
#1140 = DIRECTION ( 'NONE',  ( 0.5999999999999999778, 0.8000000000000000444, 0.0000000000000000000 ) ) ;
#1141 =( LENGTH_UNIT ( ) NAMED_UNIT ( * ) SI_UNIT ( .MILLI., .METRE. ) );
#1142 = ORIENTED_EDGE ( 'NONE', *, *, #9134, .T. ) ;
#1143 =( NAMED_UNIT ( * ) PLANE_ANGLE_UNIT ( ) SI_UNIT ( $, .RADIAN. ) );
#1144 = ORIENTED_EDGE ( 'NONE', *, *, #1716, .T. ) ;
#1145 = PRODUCT_RELATED_PRODUCT_CATEGORY ( 'part', '', ( #2777 ) ) ;
#1146 = FACE_OUTER_BOUND ( 'NONE', #3971, .T. ) ;
#1147 = VECTOR ( 'NONE', #6469, 1000.000000000000114 ) ;
#1148 = VECTOR ( 'NONE', #3067, 999.9999999999998863 ) ;
#1149 = APPLICATION_CONTEXT ( 'automotive_design' ) ;
#1150 = VECTOR ( 'NONE', #8102, 1000.000000000000000 ) ;
#1151 = ORIENTED_EDGE ( 'NONE', *, *, #8782, .F. ) ;
#1152 = CARTESIAN_POINT ( 'NONE',  ( 0.04999989999999999990, -0.1999995999999999996, 0.0000000000000000000 ) ) ;
#1153 = VERTEX_POINT ( 'NONE', #5581 ) ;
#1154 = EDGE_CURVE ( 'NONE', #5625, #4221, #4756, .T. ) ;
#1155 = CARTESIAN_POINT ( 'NONE',  ( -0.05499861999999136608, 0.1499997000000034553, 0.0000000000000000000 ) ) ;
#1156 = SHAPE_DEFINITION_REPRESENTATION ( #5201, #4656 ) ;
#1157 = ORIENTED_EDGE ( 'NONE', *, *, #327, .F. ) ;
#1158 = PRODUCT_DEFINITION_SHAPE ( 'NONE', 'NONE',  #2680 ) ;
#1159 = LINE ( 'NONE', #4935, #5929 ) ;
#1160 = AXIS2_PLACEMENT_3D ( 'NONE', #4440, #6877, #5463 ) ;
#1161 = ORIENTED_EDGE ( 'NONE', *, *, #861, .T. ) ;
#1162 = VECTOR ( 'NONE', #471, 1000.000000000000000 ) ;
#1163 = EDGE_CURVE ( 'NONE', #2699, #4132, #7708, .T. ) ;
#1164 = EDGE_CURVE ( 'NONE', #5535, #6931, #3238, .T. ) ;
#1165 = DIRECTION ( 'NONE',  ( 0.0000000000000000000, 0.0000000000000000000, 1.000000000000000000 ) ) ;
#1166 = EDGE_LOOP ( 'NONE', ( #3134, #7401, #1108, #8273, #4052, #6980, #2563, #4410, #7694, #5991, #3748, #2533, #3518, #3232, #3540, #4088, #6422, #2974, #7697, #7110, #2251, #224, #356 ) ) ;
#1167 = DIRECTION ( 'NONE',  ( -0.9486832980504981139, -0.3162277660168849591, 0.0000000000000000000 ) ) ;
#1168 = EDGE_CURVE ( 'NONE', #2658, #3157, #4157, .T. ) ;
#1169 = AXIS2_PLACEMENT_3D ( 'NONE', #4731, #3997, #420 ) ;
#1170 = CARTESIAN_POINT ( 'NONE',  ( 2.534998739999999806, -0.005001260000000000427, 0.01270000000000000122 ) ) ;
#1171 = PLANE ( 'NONE',  #830 ) ;
#1172 = DIRECTION ( 'NONE',  ( -0.0000000000000000000, -0.0000000000000000000, -1.000000000000000000 ) ) ;
#1173 = PLANE ( 'NONE',  #3410 ) ;
#1174 = CARTESIAN_POINT ( 'NONE',  ( -0.1399997199999999942, -0.2199995600000000107, 0.01000000000000000021 ) ) ;
#1175 = COLOUR_RGB ( '',0.7529411764705882248, 0.7529411764705882248, 0.7529411764705882248 ) ;
#1176 = CARTESIAN_POINT ( 'NONE',  ( 0.01500123999998998793, -0.1799996399999999885, 0.01000000000000000194 ) ) ;
#1177 = VECTOR ( 'NONE', #1478, 1000.000000000000227 ) ;
#1178 = ADVANCED_FACE ( 'NONE', ( #6354 ), #7853, .T. ) ;
#1179 = DIRECTION ( 'NONE',  ( -0.0000000000000000000, -0.0000000000000000000, -1.000000000000000000 ) ) ;
#1180 =( NAMED_UNIT ( * ) SI_UNIT ( $, .STERADIAN. ) SOLID_ANGLE_UNIT ( ) );
#1181 = ORIENTED_EDGE ( 'NONE', *, *, #3952, .F. ) ;
#1182 = EDGE_CURVE ( 'NONE', #7870, #3780, #349, .T. ) ;
#1183 = CARTESIAN_POINT ( 'NONE',  ( 0.1150010399999999988, -0.01999742000001000081, 0.0000000000000000000 ) ) ;
#1184 = FACE_OUTER_BOUND ( 'NONE', #2395, .T. ) ;
#1185 = CARTESIAN_POINT ( 'NONE',  ( 0.0000000000000000000, 0.0000000000000000000, 0.0000000000000000000 ) ) ;
#1186 = EDGE_LOOP ( 'NONE', ( #5476, #3024, #8745 ) ) ;
#1187 = DIRECTION ( 'NONE',  ( 0.0000000000000000000, 0.0000000000000000000, 1.000000000000000000 ) ) ;
#1188 = CARTESIAN_POINT ( 'NONE',  ( 0.1750009199999903176, 0.02000249999999756390, 0.0000000000000000000 ) ) ;
#1189 = VERTEX_POINT ( 'NONE', #1222 ) ;
#1190 = VECTOR ( 'NONE', #1315, 1000.000000000000000 ) ;
#1191 = CARTESIAN_POINT ( 'NONE',  ( 0.03999992000000000131, -0.1599996800000000052, 0.0000000000000000000 ) ) ;
#1192 = DIRECTION ( 'NONE',  ( -0.9615239476409364050, 0.2747211278969818871, 0.0000000000000000000 ) ) ;
#1193 = ORIENTED_EDGE ( 'NONE', *, *, #3657, .F. ) ;
#1194 = CARTESIAN_POINT ( 'NONE',  ( 0.05000244000000000216, -0.009997440000006000207, 0.01000000000000000021 ) ) ;
#1195 = EDGE_CURVE ( 'NONE', #5613, #1268, #7755, .T. ) ;
#1196 = ITEM_DEFINED_TRANSFORMATION ( 'NONE', 'NONE', #2258,  #7725 ) ;
#1197 = VECTOR ( 'NONE', #7636, 1000.000000000000114 ) ;
#1198 = DIRECTION ( 'NONE',  ( 0.5547001962249983320, 0.8320502943379975980, -0.0000000000000000000 ) ) ;
#1199 = ORIENTED_EDGE ( 'NONE', *, *, #8684, .F. ) ;
#1200 = CARTESIAN_POINT ( 'NONE',  ( -0.8199983600000000372, -0.7499984999999999014, 0.02000000000000000042 ) ) ;
#1201 =( NAMED_UNIT ( * ) SI_UNIT ( $, .STERADIAN. ) SOLID_ANGLE_UNIT ( ) );
#1202 = ORIENTED_EDGE ( 'NONE', *, *, #7570, .F. ) ;
#1203 = FACE_OUTER_BOUND ( 'NONE', #8227, .T. ) ;
#1204 = LINE ( 'NONE', #1354, #3161 ) ;
#1205 = LINE ( 'NONE', #6231, #59 ) ;
#1206 = EDGE_LOOP ( 'NONE', ( #8321, #2331, #7449, #8879 ) ) ;
#1207 = PLANE ( 'NONE',  #6578 ) ;
#1208 = ORIENTED_EDGE ( 'NONE', *, *, #3940, .F. ) ;
#1209 = PRODUCT_DEFINITION_CONTEXT ( 'detailed design', #1660, 'design' ) ;
#1210 = PLANE ( 'NONE',  #7076 ) ;
#1211 = SHAPE_DEFINITION_REPRESENTATION ( #2940, #530 ) ;
#1212 = VERTEX_POINT ( 'NONE', #3431 ) ;
#1213 = APPLICATION_CONTEXT ( 'automotive_design' ) ;
#1214 = CARTESIAN_POINT ( 'NONE',  ( -0.009999980000002173935, 0.1750009199999974230, 0.0000000000000000000 ) ) ;
#1215 = ORIENTED_EDGE ( 'NONE', *, *, #5956, .T. ) ;
#1216 =( REPRESENTATION_RELATIONSHIP ('NONE','NONE', #4598, #3344 ) REPRESENTATION_RELATIONSHIP_WITH_TRANSFORMATION ( #6067 )SHAPE_REPRESENTATION_RELATIONSHIP( ) );
#1217 = PRODUCT_RELATED_PRODUCT_CATEGORY ( 'part', '', ( #5819 ) ) ;
#1218 = CARTESIAN_POINT ( 'NONE',  ( -0.1299997400000000025, 0.2400020599999999893, 0.01000000000000000021 ) ) ;
#1219 = VERTEX_POINT ( 'NONE', #1125 ) ;
#1220 = COLOUR_RGB ( '',0.7529411764705882248, 0.7529411764705882248, 0.7529411764705882248 ) ;
#1221 = DIRECTION ( 'NONE',  ( 0.3713906763541037215, -0.9284766908852593037, 0.0000000000000000000 ) ) ;
#1222 = CARTESIAN_POINT ( 'NONE',  ( 0.1399997199999999664, 0.07500112000000015711, 0.0000000000000000000 ) ) ;
#1223 = DIRECTION ( 'NONE',  ( -0.9615239476409362940, 0.2747211278969818316, 0.0000000000000000000 ) ) ;
#1224 = ADVANCED_FACE ( 'NONE', ( #396 ), #9332, .T. ) ;
#1225 = DIRECTION ( 'NONE',  ( 0.0000000000000000000, 0.0000000000000000000, -1.000000000000000000 ) ) ;
#1226 = EDGE_CURVE ( 'NONE', #4174, #7240, #7899, .T. ) ;
#1227 =( GEOMETRIC_REPRESENTATION_CONTEXT ( 3 ) GLOBAL_UNCERTAINTY_ASSIGNED_CONTEXT ( ( #5653 ) ) GLOBAL_UNIT_ASSIGNED_CONTEXT ( ( #1578, #2908, #7478 ) ) REPRESENTATION_CONTEXT ( 'NONE', 'WORKASPACE' ) );
#1228 = CARTESIAN_POINT ( 'NONE',  ( -0.08499856000000000078, 0.2000021399999999949, 0.0000000000000000000 ) ) ;
#1229 = ORIENTED_EDGE ( 'NONE', *, *, #9418, .T. ) ;
#1230 = PLANE ( 'NONE',  #8343 ) ;
#1231 = MANIFOLD_SOLID_BREP ( 'Imported1', #4218 ) ;
#1232 =( NAMED_UNIT ( * ) PLANE_ANGLE_UNIT ( ) SI_UNIT ( $, .RADIAN. ) );
#1233 = ORIENTED_EDGE ( 'NONE', *, *, #5018, .F. ) ;
#1234 = CARTESIAN_POINT ( 'NONE',  ( 0.1099997800000000053, 0.1400022599999999895, 0.0000000000000000000 ) ) ;
#1235 = VECTOR ( 'NONE', #2435, 1000.000000000000114 ) ;
#1236 = CARTESIAN_POINT ( 'NONE',  ( -0.8499982999999999844, -0.8499983000000000954, 0.0000000000000000000 ) ) ;
#1237 = AXIS2_PLACEMENT_3D ( 'NONE', #1311, #3521, #5031 ) ;
#1238 = EDGE_LOOP ( 'NONE', ( #2484, #6462, #6376, #693 ) ) ;
#1239 = EDGE_CURVE ( 'NONE', #8775, #1931, #5628, .T. ) ;
#1240 = DIRECTION ( 'NONE',  ( -0.9486832980504137369, -0.3162277660171379234, -0.0000000000000000000 ) ) ;
#1241 = LINE ( 'NONE', #3448, #6591 ) ;
#1242 = AXIS2_PLACEMENT_3D ( 'NONE', #7439, #2195, #7532 ) ;
#1243 = ORIENTED_EDGE ( 'NONE', *, *, #7038, .F. ) ;
#1244 = ADVANCED_FACE ( 'NONE', ( #2269 ), #6772, .T. ) ;
#1245 = CONTEXT_DEPENDENT_SHAPE_REPRESENTATION ( #2689, #459 ) ;
#1246 = LINE ( 'NONE', #2105, #395 ) ;
#1247 = PRODUCT_DEFINITION_SHAPE ( 'NONE', 'NONE',  #6657 ) ;
#1248 = PRESENTATION_STYLE_ASSIGNMENT (( #3454 ) ) ;
#1249 = ORIENTED_EDGE ( 'NONE', *, *, #5673, .F. ) ;
#1250 = DIRECTION ( 'NONE',  ( -5.080010175878347568E-05, -0.9999999987096747089, -0.0000000000000000000 ) ) ;
#1251 = VECTOR ( 'NONE', #93, 999.9999999999998863 ) ;
#1252 = ORIENTED_EDGE ( 'NONE', *, *, #7746, .T. ) ;
#1253 = DIRECTION ( 'NONE',  ( -0.0000000000000000000, -0.0000000000000000000, -1.000000000000000000 ) ) ;
#1254 = EDGE_CURVE ( 'NONE', #9330, #5625, #7181, .T. ) ;
#1255 = FILL_AREA_STYLE_COLOUR ( '', #1789 ) ;
#1256 =( GEOMETRIC_REPRESENTATION_CONTEXT ( 3 ) GLOBAL_UNCERTAINTY_ASSIGNED_CONTEXT ( ( #5737 ) ) GLOBAL_UNIT_ASSIGNED_CONTEXT ( ( #8876, #8113, #5937 ) ) REPRESENTATION_CONTEXT ( 'NONE', 'WORKASPACE' ) );
#1257 = PRODUCT ( 'User Library-QFN-20_Cylinder1', 'User Library-QFN-20_Cylinder1', '', ( #6982 ) ) ;
#1258 = DIRECTION ( 'NONE',  ( 1.000000000000000000, 0.0000000000000000000, -0.0000000000000000000 ) ) ;
#1259 = ORIENTED_EDGE ( 'NONE', *, *, #5210, .T. ) ;
#1260 = AXIS2_PLACEMENT_3D ( 'NONE', #5639, #7862, #5006 ) ;
#1261 = FACE_OUTER_BOUND ( 'NONE', #6379, .T. ) ;
#1262 = LINE ( 'NONE', #4197, #5880 ) ;
#1263 = CARTESIAN_POINT ( 'NONE',  ( 0.0000000000000000000, 0.0000000000000000000, 0.09651999999999999469 ) ) ;
#1264 = APPLICATION_PROTOCOL_DEFINITION ( 'draft international standard', 'automotive_design', 1998, #5481 ) ;
#1265 = EDGE_LOOP ( 'NONE', ( #7312, #6222, #7767, #9291 ) ) ;
#1266 = DIRECTION ( 'NONE',  ( -0.6246950475541803716, -0.7808688094432254534, 0.0000000000000000000 ) ) ;
#1267 = AXIS2_PLACEMENT_3D ( 'NONE', #601, #5743, #3544 ) ;
#1268 = VERTEX_POINT ( 'NONE', #8979 ) ;
#1269 = MANIFOLD_SOLID_BREP ( 'Imported1', #4692 ) ;
#1270 = ORIENTED_EDGE ( 'NONE', *, *, #8096, .T. ) ;
#1271 = DIRECTION ( 'NONE',  ( 1.000000000000000000, 0.0000000000000000000, 0.0000000000000000000 ) ) ;
#1272 = DIRECTION ( 'NONE',  ( 0.0000000000000000000, -0.0000000000000000000, -1.000000000000000000 ) ) ;
#1273 = PRODUCT_RELATED_PRODUCT_CATEGORY ( 'part', '', ( #2849 ) ) ;
#1274 = CARTESIAN_POINT ( 'NONE',  ( -0.7099985799999997127, -0.8399983199999977446, 0.0000000000000000000 ) ) ;
#1275 = DIRECTION ( 'NONE',  ( -0.1644057590550507542, -0.9863927951833045826, 0.0000000000000000000 ) ) ;
#1276 = CARTESIAN_POINT ( 'NONE',  ( 0.8499983000000075339, 0.6400012606270477633, 0.02000000000000000042 ) ) ;
#1277 = LINE ( 'NONE', #5541, #5681 ) ;
#1278 = AXIS2_PLACEMENT_3D ( 'NONE', #1785, #5406, #230 ) ;
#1279 = LINE ( 'NONE', #310, #2970 ) ;
#1280 = VECTOR ( 'NONE', #1859, 1000.000000000000000 ) ;
#1281 = ADVANCED_FACE ( 'NONE', ( #5275 ), #8080, .T. ) ;
#1282 = ORIENTED_EDGE ( 'NONE', *, *, #1356, .F. ) ;
#1283 = CARTESIAN_POINT ( 'NONE',  ( -0.09999980000003733105, -0.1099972399999859518, 0.0000000000000000000 ) ) ;
#1284 = ORIENTED_EDGE ( 'NONE', *, *, #1649, .T. ) ;
#1285 = APPLICATION_CONTEXT ( 'automotive_design' ) ;
#1286 = EDGE_CURVE ( 'NONE', #1936, #3572, #6677, .T. ) ;
#1287 = CARTESIAN_POINT ( 'NONE',  ( 0.01500123999999000181, 0.1800021800000000116, 0.0000000000000000000 ) ) ;
#1288 = CARTESIAN_POINT ( 'NONE',  ( 0.1099997799999999915, -0.1599996800000000052, 0.0000000000000000000 ) ) ;
#1289 = VERTEX_POINT ( 'NONE', #8222 ) ;
#1290 = ADVANCED_BREP_SHAPE_REPRESENTATION ( '', ( #7458, #2951 ), #9250 ) ;
#1291 = CARTESIAN_POINT ( 'NONE',  ( 0.1599996799999656993, 0.1300022799999794310, 0.0000000000000000000 ) ) ;
#1292 = CARTESIAN_POINT ( 'NONE',  ( -0.1549984199999999979, 0.2200021000000000060, 0.01000000000000000021 ) ) ;
#1293 = VECTOR ( 'NONE', #7517, 1000.000000000000114 ) ;
#1294 = EDGE_CURVE ( 'NONE', #1474, #2058, #5178, .T. ) ;
#1295 = ADVANCED_FACE ( 'NONE', ( #859 ), #3815, .T. ) ;
#1296 = FACE_OUTER_BOUND ( 'NONE', #91, .T. ) ;
#1297 = VECTOR ( 'NONE', #342, 1000.000000000000114 ) ;
#1298 = ORIENTED_EDGE ( 'NONE', *, *, #8719, .F. ) ;
#1299 = CARTESIAN_POINT ( 'NONE',  ( -0.05999988000001000438, -0.1499997000000000136, 0.0000000000000000000 ) ) ;
#1300 = ORIENTED_EDGE ( 'NONE', *, *, #5906, .T. ) ;
#1301 = EDGE_CURVE ( 'NONE', #4267, #1806, #5520, .T. ) ;
#1302 = LINE ( 'NONE', #4924, #5174 ) ;
#1303 =( NAMED_UNIT ( * ) SI_UNIT ( $, .STERADIAN. ) SOLID_ANGLE_UNIT ( ) );
#1304 = VECTOR ( 'NONE', #7881, 1000.000000000000114 ) ;
#1305 = OPEN_SHELL ( 'NONE', ( #2222, #9257, #7448, #6189, #3105, #1306, #3580, #5682, #4361, #5496, #4418, #5840, #1050, #1988, #6718, #8317, #9089, #4242, #4474, #1664, #32, #1295, #6213, #4373, #5665, #8629, #7668, #8795, #7674, #8391, #4239, #8099, #1456, #4466, #584, #6629 ) ) ;
#1306 = ADVANCED_FACE ( 'NONE', ( #2495 ), #3312, .T. ) ;
#1307 = LINE ( 'NONE', #2879, #4690 ) ;
#1308 = EDGE_LOOP ( 'NONE', ( #6290, #5279, #7372, #6531 ) ) ;
#1309 = CARTESIAN_POINT ( 'NONE',  ( 0.1499997000000000136, 0.1750009199999999765, 0.02000000000000000042 ) ) ;
#1310 = VECTOR ( 'NONE', #8640, 1000.000000000000000 ) ;
#1311 = CARTESIAN_POINT ( 'NONE',  ( 0.0000000000000000000, 0.0000000000000000000, 0.0000000000000000000 ) ) ;
#1312 = ORIENTED_EDGE ( 'NONE', *, *, #1940, .F. ) ;
#1313 = VECTOR ( 'NONE', #81, 1000.000000000000114 ) ;
#1314 = PLANE ( 'NONE',  #7125 ) ;
#1315 = DIRECTION ( 'NONE',  ( 0.0000000000000000000, 0.0000000000000000000, -1.000000000000000000 ) ) ;
#1316 = APPLICATION_PROTOCOL_DEFINITION ( 'draft international standard', 'automotive_design', 1998, #3297 ) ;
#1317 = DIRECTION ( 'NONE',  ( -1.000000000000000000, -0.0000000000000000000, -0.0000000000000000000 ) ) ;
#1318 = VECTOR ( 'NONE', #2334, 1000.000000000000114 ) ;
#1319 = VECTOR ( 'NONE', #2142, 1000.000000000000000 ) ;
#1320 = CARTESIAN_POINT ( 'NONE',  ( 0.1500022400000000089, -0.2199995600000000107, 0.0000000000000000000 ) ) ;
#1321 = ORIENTED_EDGE ( 'NONE', *, *, #9206, .T. ) ;
#1322 = DIRECTION ( 'NONE',  ( 0.0000000000000000000, -1.000000000000000000, -0.0000000000000000000 ) ) ;
#1323 = CARTESIAN_POINT ( 'NONE',  ( 1.020000500000000088, -0.04500118000000000174, 0.01270000000000000122 ) ) ;
#1324 = EDGE_LOOP ( 'NONE', ( #2823, #734, #6887, #1193 ) ) ;
#1325 = STYLED_ITEM ( 'NONE', ( #8267 ), #1231 ) ;
#1326 = CARTESIAN_POINT ( 'NONE',  ( 0.02999994000000000272, -0.07999729999999999341, 0.0000000000000000000 ) ) ;
#1327 = CARTESIAN_POINT ( 'NONE',  ( 0.06999986000000209263, 0.1600022200000013883, 0.0000000000000000000 ) ) ;
#1328 = AXIS2_PLACEMENT_3D ( 'NONE', #771, #7459, #6006 ) ;
#1329 = PRODUCT_DEFINITION_SHAPE ( 'NONE', 'NONE',  #9502 ) ;
#1330 = VECTOR ( 'NONE', #2048, 1000.000000000000000 ) ;
#1331 = STYLED_ITEM ( 'NONE', ( #9350 ), #7644 ) ;
#1332 = ORIENTED_EDGE ( 'NONE', *, *, #8497, .F. ) ;
#1333 = SHAPE_REPRESENTATION ( 'User Library-QFN-20_Extruded14', ( #2951 ), #7879 ) ;
#1334 = PLANE ( 'NONE',  #4311 ) ;
#1335 = MANIFOLD_SOLID_BREP ( 'Imported1', #1764 ) ;
#1336 = ORIENTED_EDGE ( 'NONE', *, *, #884, .T. ) ;
#1337 = DIRECTION ( 'NONE',  ( 0.0000000000000000000, 0.0000000000000000000, -1.000000000000000000 ) ) ;
#1338 = PRODUCT_DEFINITION_SHAPE ( 'NONE', 'NONE',  #8659 ) ;
#1339 = AXIS2_PLACEMENT_3D ( 'NONE', #6352, #9283, #2660 ) ;
#1340 = FACE_OUTER_BOUND ( 'NONE', #613, .T. ) ;
#1341 = ORIENTED_EDGE ( 'NONE', *, *, #3581, .T. ) ;
#1342 = LINE ( 'NONE', #8681, #6562 ) ;
#1343 = DIRECTION ( 'NONE',  ( -0.5999999999999999778, 0.8000000000000000444, -0.0000000000000000000 ) ) ;
#1344 = PRESENTATION_LAYER_ASSIGNMENT (  '', '', ( #5342 ) ) ;
#1345 = CARTESIAN_POINT ( 'NONE',  ( -0.1549984199999950851, -0.02999739999999802634, 0.01000000000000000021 ) ) ;
#1346 = EDGE_CURVE ( 'NONE', #4177, #7793, #6090, .T. ) ;
#1347 = ORIENTED_EDGE ( 'NONE', *, *, #4585, .F. ) ;
#1348 = PLANE ( 'NONE',  #8282 ) ;
#1349 = APPLICATION_CONTEXT ( 'automotive_design' ) ;
#1350 = DIRECTION ( 'NONE',  ( 1.000000000000000000, 0.0000000000000000000, 0.0000000000000000000 ) ) ;
#1351 = VERTEX_POINT ( 'NONE', #8361 ) ;
#1352 = VERTEX_POINT ( 'NONE', #9216 ) ;
#1353 = DIRECTION ( 'NONE',  ( -0.0000000000000000000, 0.0000000000000000000, -1.000000000000000000 ) ) ;
#1354 = CARTESIAN_POINT ( 'NONE',  ( -0.09499854000000998444, 0.1200023000000000062, 0.0000000000000000000 ) ) ;
#1355 = EDGE_CURVE ( 'NONE', #8765, #7595, #8465, .T. ) ;
#1356 = EDGE_CURVE ( 'NONE', #1014, #8205, #4001, .T. ) ;
#1357 = VECTOR ( 'NONE', #2504, 1000.000000000000000 ) ;
#1358 = SHAPE_DEFINITION_REPRESENTATION ( #4794, #6586 ) ;
#1359 = LINE ( 'NONE', #7258, #977 ) ;
#1360 = ORIENTED_EDGE ( 'NONE', *, *, #2445, .F. ) ;
#1361 = PRESENTATION_STYLE_ASSIGNMENT (( #5760 ) ) ;
#1362 = DIRECTION ( 'NONE',  ( 0.0000000000000000000, 0.0000000000000000000, 1.000000000000000000 ) ) ;
#1363 = EDGE_LOOP ( 'NONE', ( #1810, #599, #7842, #5640 ) ) ;
#1364 = DIRECTION ( 'NONE',  ( 0.3162277660171379789, -0.9486832980504138479, 0.0000000000000000000 ) ) ;
#1365 = FACE_OUTER_BOUND ( 'NONE', #7127, .T. ) ;
#1366 = CARTESIAN_POINT ( 'NONE',  ( 0.0000000000000000000, 0.2400020599999999893, 0.0000000000000000000 ) ) ;
#1367 = EDGE_CURVE ( 'NONE', #1189, #4624, #3125, .T. ) ;
#1368 = DIRECTION ( 'NONE',  ( 0.9363291775691677810, 0.3511234415880629123, 0.0000000000000000000 ) ) ;
#1369 = VERTEX_POINT ( 'NONE', #6183 ) ;
#1370 = DIRECTION ( 'NONE',  ( -0.0000000000000000000, -0.0000000000000000000, -1.000000000000000000 ) ) ;
#1371 = ORIENTED_EDGE ( 'NONE', *, *, #7160, .T. ) ;
#1372 = PLANE ( 'NONE',  #387 ) ;
#1373 = LINE ( 'NONE', #8666, #7184 ) ;
#1374 = DIRECTION ( 'NONE',  ( 0.7071067811865469066, 0.7071067811865482389, 0.0000000000000000000 ) ) ;
#1375 = PLANE ( 'NONE',  #4704 ) ;
#1376 = ORIENTED_EDGE ( 'NONE', *, *, #1783, .F. ) ;
#1377 = UNCERTAINTY_MEASURE_WITH_UNIT (LENGTH_MEASURE( 1.000000000000000082E-05 ), #8194, 'distance_accuracy_value', 'NONE');
#1378 = CARTESIAN_POINT ( 'NONE',  ( -0.09999980000001000568, 0.01999995999999000171, 0.0000000000000000000 ) ) ;
#1379 = VERTEX_POINT ( 'NONE', #3954 ) ;
#1380 = CARTESIAN_POINT ( 'NONE',  ( 0.1699996599999999969, 0.2400020599999999893, 0.01000000000000000021 ) ) ;
#1381 = CARTESIAN_POINT ( 'NONE',  ( -0.1149985000000000035, -0.01999742000001000081, 0.0000000000000000000 ) ) ;
#1382 = VERTEX_POINT ( 'NONE', #6927 ) ;
#1383 = DIRECTION ( 'NONE',  ( 0.4472135954999579277, -0.8944271909999158554, 0.0000000000000000000 ) ) ;
#1384 = LINE ( 'NONE', #8201, #3956 ) ;
#1385 = DIRECTION ( 'NONE',  ( -0.8320502943379975980, 0.5547001962249983320, 0.0000000000000000000 ) ) ;
#1386 =( NAMED_UNIT ( * ) SI_UNIT ( $, .STERADIAN. ) SOLID_ANGLE_UNIT ( ) );
#1387 = VERTEX_POINT ( 'NONE', #238 ) ;
#1388 = AXIS2_PLACEMENT_3D ( 'NONE', #9220, #425, #3222 ) ;
#1389 = UNCERTAINTY_MEASURE_WITH_UNIT (LENGTH_MEASURE( 1.000000000000000082E-05 ), #8097, 'distance_accuracy_value', 'NONE');
#1390 = LINE ( 'NONE', #4973, #4875 ) ;
#1391 = ORIENTED_EDGE ( 'NONE', *, *, #2039, .T. ) ;
#1392 = CARTESIAN_POINT ( 'NONE',  ( -0.1399997199999999942, 0.2200021000000000337, 0.01000000000000000021 ) ) ;
#1393 = VECTOR ( 'NONE', #8488, 1000.000000000000000 ) ;
#1394 = CARTESIAN_POINT ( 'NONE',  ( 0.0000000000000000000, 0.009999980000002999664, 0.0000000000000000000 ) ) ;
#1395 = PRODUCT_RELATED_PRODUCT_CATEGORY ( 'part', '', ( #5742 ) ) ;
#1396 = APPLICATION_PROTOCOL_DEFINITION ( 'draft international standard', 'automotive_design', 1998, #778 ) ;
#1397 = VECTOR ( 'NONE', #13, 1000.000000000000000 ) ;
#1398 = DIRECTION ( 'NONE',  ( 0.0000000000000000000, -1.000000000000000000, -0.0000000000000000000 ) ) ;
#1399 = ORIENTED_EDGE ( 'NONE', *, *, #8376, .T. ) ;
#1400 = LINE ( 'NONE', #6439, #2417 ) ;
#1401 = EDGE_CURVE ( 'NONE', #6062, #7079, #3262, .T. ) ;
#1402 =( NAMED_UNIT ( * ) PLANE_ANGLE_UNIT ( ) SI_UNIT ( $, .RADIAN. ) );
#1403 =( REPRESENTATION_RELATIONSHIP ('NONE','NONE', #8308, #3669 ) REPRESENTATION_RELATIONSHIP_WITH_TRANSFORMATION ( #3016 )SHAPE_REPRESENTATION_RELATIONSHIP( ) );
#1404 = VERTEX_POINT ( 'NONE', #4584 ) ;
#1405 = CARTESIAN_POINT ( 'NONE',  ( -0.6500012400000000357, 0.8499982999999999844, 0.0000000000000000000 ) ) ;
#1406 = SURFACE_SIDE_STYLE ('',( #8029 ) ) ;
#1407 = LINE ( 'NONE', #2072, #8491 ) ;
#1408 = PRODUCT ( 'User Library-QFN-20_479706577', 'User Library-QFN-20_479706577', '', ( #8516 ) ) ;
#1409 = EDGE_CURVE ( 'NONE', #6554, #7887, #2398, .T. ) ;
#1410 = FACE_OUTER_BOUND ( 'NONE', #8534, .T. ) ;
#1411 = ORIENTED_EDGE ( 'NONE', *, *, #4770, .T. ) ;
#1412 =( GEOMETRIC_REPRESENTATION_CONTEXT ( 3 ) GLOBAL_UNCERTAINTY_ASSIGNED_CONTEXT ( ( #4857 ) ) GLOBAL_UNIT_ASSIGNED_CONTEXT ( ( #7381, #3054, #3685 ) ) REPRESENTATION_CONTEXT ( 'NONE', 'WORKASPACE' ) );
#1413 = CARTESIAN_POINT ( 'NONE',  ( 0.1150010399999999988, -0.01999742000001000081, 0.0000000000000000000 ) ) ;
#1414 = PRODUCT_DEFINITION_SHAPE ( 'NONE', 'NONE',  #206 ) ;
#1415 = VERTEX_POINT ( 'NONE', #3856 ) ;
#1416 = DIRECTION ( 'NONE',  ( 0.0000000000000000000, -0.0000000000000000000, -1.000000000000000000 ) ) ;
#1417 = EDGE_CURVE ( 'NONE', #6846, #8758, #907, .T. ) ;
#1418 = DIRECTION ( 'NONE',  ( 1.000000000000000000, 0.0000000000000000000, 0.0000000000000000000 ) ) ;
#1419 = ORIENTED_EDGE ( 'NONE', *, *, #4775, .F. ) ;
#1420 = ADVANCED_FACE ( 'NONE', ( #5371 ), #8316, .F. ) ;
#1421 = LINE ( 'NONE', #2997, #7450 ) ;
#1422 = AXIS2_PLACEMENT_3D ( 'NONE', #6848, #6948, #9046 ) ;
#1423 = LINE ( 'NONE', #5096, #5947 ) ;
#1424 = VERTEX_POINT ( 'NONE', #4925 ) ;
#1425 = EDGE_CURVE ( 'NONE', #3349, #6387, #1204, .T. ) ;
#1426 = VERTEX_POINT ( 'NONE', #7926 ) ;
#1427 = CARTESIAN_POINT ( 'NONE',  ( 0.1499997000000000136, -0.1749983800000000089, 0.0000000000000000000 ) ) ;
#1428 = ORIENTED_EDGE ( 'NONE', *, *, #1760, .T. ) ;
#1429 = DIRECTION ( 'NONE',  ( -0.0000000000000000000, 0.0000000000000000000, -1.000000000000000000 ) ) ;
#1430 = CARTESIAN_POINT ( 'NONE',  ( -0.1549984200000000256, -0.07999984000000000262, 0.0000000000000000000 ) ) ;
#1431 = DIRECTION ( 'NONE',  ( -0.1788854381999832044, -0.9838699100999075409, 0.0000000000000000000 ) ) ;
#1432 = FACE_OUTER_BOUND ( 'NONE', #730, .T. ) ;
#1433 = VECTOR ( 'NONE', #4904, 1000.000000000000114 ) ;
#1434 = ITEM_DEFINED_TRANSFORMATION ( 'NONE', 'NONE', #4325,  #2951 ) ;
#1435 = PLANE ( 'NONE',  #7162 ) ;
#1436 = DIRECTION ( 'NONE',  ( 0.0000000000000000000, 0.0000000000000000000, 1.000000000000000000 ) ) ;
#1437 = EDGE_LOOP ( 'NONE', ( #6492, #3371, #1298, #3073 ) ) ;
#1438 = FACE_OUTER_BOUND ( 'NONE', #6769, .T. ) ;
#1439 = EDGE_LOOP ( 'NONE', ( #5363, #7013, #6597, #4671 ) ) ;
#1440 = DIRECTION ( 'NONE',  ( 0.0000000000000000000, 0.0000000000000000000, -1.000000000000000000 ) ) ;
#1441 = ORIENTED_EDGE ( 'NONE', *, *, #820, .F. ) ;
#1442 = APPLICATION_PROTOCOL_DEFINITION ( 'draft international standard', 'automotive_design', 1998, #8136 ) ;
#1443 = CARTESIAN_POINT ( 'NONE',  ( -0.09999980000001000568, 0.03000247999999000603, 0.0000000000000000000 ) ) ;
#1444 = EDGE_LOOP ( 'NONE', ( #2821, #7553, #3101, #5589 ) ) ;
#1445 = CARTESIAN_POINT ( 'NONE',  ( 0.06500113999999000691, 0.1600022200000000006, 0.0000000000000000000 ) ) ;
#1446 = CARTESIAN_POINT ( 'NONE',  ( 0.0000000000000000000, 0.0000000000000000000, 0.0000000000000000000 ) ) ;
#1447 = DIRECTION ( 'NONE',  ( -0.0000000000000000000, -0.0000000000000000000, -1.000000000000000000 ) ) ;
#1448 = SURFACE_STYLE_USAGE ( .BOTH. , #1406 ) ;
#1449 =( GEOMETRIC_REPRESENTATION_CONTEXT ( 3 ) GLOBAL_UNCERTAINTY_ASSIGNED_CONTEXT ( ( #3405 ) ) GLOBAL_UNIT_ASSIGNED_CONTEXT ( ( #3948, #998, #6921 ) ) REPRESENTATION_CONTEXT ( 'NONE', 'WORKASPACE' ) );
#1450 = DIRECTION ( 'NONE',  ( -0.9805806756909586364, 0.1961161351379917261, 0.0000000000000000000 ) ) ;
#1451 = VECTOR ( 'NONE', #6298, 1000.000000000000000 ) ;
#1452 = DIRECTION ( 'NONE',  ( 0.0000000000000000000, -0.0000000000000000000, -1.000000000000000000 ) ) ;
#1453 = ORIENTED_EDGE ( 'NONE', *, *, #533, .T. ) ;
#1454 = MANIFOLD_SOLID_BREP ( 'Imported1', #6399 ) ;
#1455 = DIRECTION ( 'NONE',  ( 1.000000000000000000, 0.0000000000000000000, -0.0000000000000000000 ) ) ;
#1456 = ADVANCED_FACE ( 'NONE', ( #6330 ), #6480, .T. ) ;
#1457 = ORIENTED_EDGE ( 'NONE', *, *, #5317, .F. ) ;
#1458 = LINE ( 'NONE', #5911, #7810 ) ;
#1459 = DIRECTION ( 'NONE',  ( 0.0000000000000000000, 0.0000000000000000000, 1.000000000000000000 ) ) ;
#1460 = EDGE_LOOP ( 'NONE', ( #9387, #9147, #6312, #101 ) ) ;
#1461 = CARTESIAN_POINT ( 'NONE',  ( -1.499999539999999909, 1.499999539999999909, 0.0000000000000000000 ) ) ;
#1462 = AXIS2_PLACEMENT_3D ( 'NONE', #4308, #7277, #5825 ) ;
#1463 = VECTOR ( 'NONE', #4190, 1000.000000000000000 ) ;
#1464 = EDGE_CURVE ( 'NONE', #3919, #1669, #2826, .T. ) ;
#1465 = VERTEX_POINT ( 'NONE', #9308 ) ;
#1466 = EDGE_CURVE ( 'NONE', #6302, #5029, #1879, .T. ) ;
#1467 =( REPRESENTATION_RELATIONSHIP ('NONE','NONE', #5544, #3230 ) REPRESENTATION_RELATIONSHIP_WITH_TRANSFORMATION ( #8214 )SHAPE_REPRESENTATION_RELATIONSHIP( ) );
#1468 = EDGE_CURVE ( 'NONE', #6392, #1379, #4286, .T. ) ;
#1469 =( NAMED_UNIT ( * ) PLANE_ANGLE_UNIT ( ) SI_UNIT ( $, .RADIAN. ) );
#1470 = ORIENTED_EDGE ( 'NONE', *, *, #6905, .F. ) ;
#1471 = PLANE ( 'NONE',  #2922 ) ;
#1472 = MANIFOLD_SOLID_BREP ( 'Imported1', #3606 ) ;
#1473 = FILL_AREA_STYLE ('',( #1527 ) ) ;
#1474 = VERTEX_POINT ( 'NONE', #8603 ) ;
#1475 = CARTESIAN_POINT ( 'NONE',  ( -0.1399971799999999711, -0.08499855999999000877, 0.0000000000000000000 ) ) ;
#1476 = CARTESIAN_POINT ( 'NONE',  ( 0.005001260000000000427, 0.2200021000000000060, 0.01000000000000000021 ) ) ;
#1477 = CARTESIAN_POINT ( 'NONE',  ( -0.06999985999999999708, 0.1600022200000000006, 0.01000000000000000021 ) ) ;
#1478 = DIRECTION ( 'NONE',  ( 0.5999999999999999778, -0.7999999999999999334, 0.0000000000000000000 ) ) ;
#1479 = EDGE_CURVE ( 'NONE', #6604, #3404, #1975, .T. ) ;
#1480 = STYLED_ITEM ( 'NONE', ( #8177 ), #1269 ) ;
#1481 = CONTEXT_DEPENDENT_SHAPE_REPRESENTATION ( #2999, #8284 ) ;
#1482 = LINE ( 'NONE', #5790, #619 ) ;
#1483 = VECTOR ( 'NONE', #2755, 1000.000000000000000 ) ;
#1484 = ADVANCED_FACE ( 'NONE', ( #131 ), #2255, .T. ) ;
#1485 = PRODUCT_DEFINITION_SHAPE ( 'NONE', 'NONE',  #9547 ) ;
#1486 = SURFACE_SIDE_STYLE ('',( #2247 ) ) ;
#1487 = VERTEX_POINT ( 'NONE', #6622 ) ;
#1488 = UNCERTAINTY_MEASURE_WITH_UNIT (LENGTH_MEASURE( 1.000000000000000082E-05 ), #6992, 'distance_accuracy_value', 'NONE');
#1489 = CARTESIAN_POINT ( 'NONE',  ( -0.06999986000000001096, 0.1600022200000000006, 0.0000000000000000000 ) ) ;
#1490 = ORIENTED_EDGE ( 'NONE', *, *, #3188, .T. ) ;
#1491 = CARTESIAN_POINT ( 'NONE',  ( -0.1299997400000000025, 0.1300022800000000256, 0.0000000000000000000 ) ) ;
#1492 = ORIENTED_EDGE ( 'NONE', *, *, #1839, .T. ) ;
#1493 = VECTOR ( 'NONE', #2262, 1000.000000000000114 ) ;
#1494 = LINE ( 'NONE', #5848, #6735 ) ;
#1495 = EDGE_CURVE ( 'NONE', #519, #4174, #1494, .T. ) ;
#1496 = PRODUCT ( 'User Library-QFN-20_479712209', 'User Library-QFN-20_479712209', '', ( #9173 ) ) ;
#1497 = STYLED_ITEM ( 'NONE', ( #7140 ), #3476 ) ;
#1498 = PRODUCT_CONTEXT ( 'NONE', #8628, 'mechanical' ) ;
#1499 = VECTOR ( 'NONE', #7336, 1000.000000000000000 ) ;
#1500 = CARTESIAN_POINT ( 'NONE',  ( 0.09999979999999020208, -0.1099972399999959854, 0.0000000000000000000 ) ) ;
#1501 = VERTEX_POINT ( 'NONE', #3804 ) ;
#1502 = LINE ( 'NONE', #2351, #6436 ) ;
#1503 = EDGE_LOOP ( 'NONE', ( #8230, #8346, #7119, #553 ) ) ;
#1504 = CARTESIAN_POINT ( 'NONE',  ( 0.04999989999999998602, 0.1650009400000000126, 0.0000000000000000000 ) ) ;
#1505 = DIRECTION ( 'NONE',  ( 0.0000000000000000000, -0.0000000000000000000, 1.000000000000000000 ) ) ;
#1506 = PRODUCT_DEFINITION_FORMATION_WITH_SPECIFIED_SOURCE ( 'ANY', '', #1932, .NOT_KNOWN. ) ;
#1507 = LINE ( 'NONE', #4439, #3071 ) ;
#1508 = DIRECTION ( 'NONE',  ( 0.9701425001453907182, 0.2425356250360976851, -0.0000000000000000000 ) ) ;
#1509 = VECTOR ( 'NONE', #3962, 1000.000000000000000 ) ;
#1510 = DIRECTION ( 'NONE',  ( -0.0000000000000000000, 1.000000000000000000, 0.0000000000000000000 ) ) ;
#1511 = ORIENTED_EDGE ( 'NONE', *, *, #2803, .F. ) ;
#1512 = LINE ( 'NONE', #4443, #3130 ) ;
#1513 = ORIENTED_EDGE ( 'NONE', *, *, #6561, .F. ) ;
#1514 = CARTESIAN_POINT ( 'NONE',  ( -0.1749983800000000089, 0.1499997000000000136, 0.02000000000000000042 ) ) ;
#1515 = AXIS2_PLACEMENT_3D ( 'NONE', #3855, #8411, #9022 ) ;
#1516 = ORIENTED_EDGE ( 'NONE', *, *, #3695, .F. ) ;
#1517 = LINE ( 'NONE', #8044, #7905 ) ;
#1518 = PLANE ( 'NONE',  #2075 ) ;
#1519 = PRODUCT_RELATED_PRODUCT_CATEGORY ( 'part', '', ( #2019 ) ) ;
#1520 = ORIENTED_EDGE ( 'NONE', *, *, #7352, .T. ) ;
#1521 = DIRECTION ( 'NONE',  ( -0.0000000000000000000, 0.0000000000000000000, 1.000000000000000000 ) ) ;
#1522 = DIRECTION ( 'NONE',  ( -0.4472135954999579277, -0.8944271909999158554, 0.0000000000000000000 ) ) ;
#1523 =( LENGTH_UNIT ( ) NAMED_UNIT ( * ) SI_UNIT ( .MILLI., .METRE. ) );
#1524 = ORIENTED_EDGE ( 'NONE', *, *, #9321, .T. ) ;
#1525 = LINE ( 'NONE', #783, #9402 ) ;
#1526 = EDGE_CURVE ( 'NONE', #2594, #3179, #9497, .T. ) ;
#1527 = FILL_AREA_STYLE_COLOUR ( '', #12 ) ;
#1528 = ORIENTED_EDGE ( 'NONE', *, *, #8203, .T. ) ;
#1529 = CARTESIAN_POINT ( 'NONE',  ( 0.1550009599999999932, -0.2199995600000000384, 0.0000000000000000000 ) ) ;
#1530 = PLANE ( 'NONE',  #5438 ) ;
#1531 = DIRECTION ( 'NONE',  ( 0.0000000000000000000, 0.0000000000000000000, -1.000000000000000000 ) ) ;
#1532 = APPLICATION_CONTEXT ( 'automotive_design' ) ;
#1533 = CARTESIAN_POINT ( 'NONE',  ( 0.1199997599999999970, 0.04000245999999999663, 0.0000000000000000000 ) ) ;
#1534 =( REPRESENTATION_RELATIONSHIP ('NONE','NONE', #2669, #2003 ) REPRESENTATION_RELATIONSHIP_WITH_TRANSFORMATION ( #2905 )SHAPE_REPRESENTATION_RELATIONSHIP( ) );
#1535 = FACE_OUTER_BOUND ( 'NONE', #6370, .T. ) ;
#1536 = EDGE_LOOP ( 'NONE', ( #1199, #7227, #3703, #7703, #3951, #3800, #3819, #6289, #7470, #564, #7829, #9016, #8114, #1727, #8428, #339, #7548, #378, #5998, #9174, #1928, #1753 ) ) ;
#1537 = CARTESIAN_POINT ( 'NONE',  ( -0.09999980000001000568, 0.1800021800000000394, 0.01000000000000000021 ) ) ;
#1538 = EDGE_CURVE ( 'NONE', #5146, #4811, #8021, .T. ) ;
#1539 = ORIENTED_EDGE ( 'NONE', *, *, #2118, .T. ) ;
#1540 = DIRECTION ( 'NONE',  ( 0.2425356250360976851, -0.9701425001453907182, -0.0000000000000000000 ) ) ;
#1541 = ORIENTED_EDGE ( 'NONE', *, *, #4170, .F. ) ;
#1542 = LINE ( 'NONE', #6710, #2372 ) ;
#1543 = ADVANCED_FACE ( 'NONE', ( #2303 ), #3605, .T. ) ;
#1544 = APPLICATION_PROTOCOL_DEFINITION ( 'draft international standard', 'automotive_design', 1998, #6777 ) ;
#1545 = AXIS2_PLACEMENT_3D ( 'NONE', #6485, #522, #4339 ) ;
#1546 = DIRECTION ( 'NONE',  ( 1.000000000000000000, 0.0000000000000000000, -0.0000000000000000000 ) ) ;
#1547 = ORIENTED_EDGE ( 'NONE', *, *, #8374, .T. ) ;
#1548 = VECTOR ( 'NONE', #3053, 1000.000000000000000 ) ;
#1549 = ADVANCED_FACE ( 'NONE', ( #7443, #3656 ), #4430, .F. ) ;
#1550 = DIRECTION ( 'NONE',  ( 0.0000000000000000000, 0.0000000000000000000, 1.000000000000000000 ) ) ;
#1551 = EDGE_LOOP ( 'NONE', ( #6996, #7643, #9187, #8843 ) ) ;
#1552 = DIRECTION ( 'NONE',  ( 0.4472135954999579277, -0.8944271909999158554, -0.0000000000000000000 ) ) ;
#1553 = CARTESIAN_POINT ( 'NONE',  ( -1.499999539999999909, 1.499999539999999909, 0.5799999999999999600 ) ) ;
#1554 = DIRECTION ( 'NONE',  ( 0.0000000000000000000, -0.0000000000000000000, -1.000000000000000000 ) ) ;
#1555 = CARTESIAN_POINT ( 'NONE',  ( 1.499999539999999909, -1.499999539999999909, 0.0000000000000000000 ) ) ;
#1556 = DIRECTION ( 'NONE',  ( -0.0000000000000000000, -0.0000000000000000000, -1.000000000000000000 ) ) ;
#1557 = EDGE_LOOP ( 'NONE', ( #4444, #4401, #6121, #8123 ) ) ;
#1558 = CARTESIAN_POINT ( 'NONE',  ( 0.08999982000000000815, 0.09000235999999998959, 0.01000000000000000194 ) ) ;
#1559 =( NAMED_UNIT ( * ) SI_UNIT ( $, .STERADIAN. ) SOLID_ANGLE_UNIT ( ) );
#1560 = ORIENTED_EDGE ( 'NONE', *, *, #921, .F. ) ;
#1561 = CARTESIAN_POINT ( 'NONE',  ( 0.1550009599999999932, 0.2200021000000000060, 0.01000000000000000021 ) ) ;
#1562 = LINE ( 'NONE', #4503, #4060 ) ;
#1563 = VERTEX_POINT ( 'NONE', #8738 ) ;
#1564 = PLANE ( 'NONE',  #3753 ) ;
#1565 = PLANE ( 'NONE',  #2089 ) ;
#1566 = VERTEX_POINT ( 'NONE', #5994 ) ;
#1567 = VECTOR ( 'NONE', #4708, 1000.000000000000114 ) ;
#1568 = DIRECTION ( 'NONE',  ( -0.3713906763541037215, 0.9284766908852593037, 0.0000000000000000000 ) ) ;
#1569 = SURFACE_STYLE_USAGE ( .BOTH. , #5152 ) ;
#1570 = ORIENTED_EDGE ( 'NONE', *, *, #2938, .T. ) ;
#1571 = DIRECTION ( 'NONE',  ( -0.2425356250360976851, 0.9701425001453907182, 0.0000000000000000000 ) ) ;
#1572 = PLANE ( 'NONE',  #7292 ) ;
#1573 = CARTESIAN_POINT ( 'NONE',  ( -0.1149985000000000035, 0.1300022800000000256, 0.0000000000000000000 ) ) ;
#1574 = PLANE ( 'NONE',  #4417 ) ;
#1575 =( GEOMETRIC_REPRESENTATION_CONTEXT ( 3 ) GLOBAL_UNCERTAINTY_ASSIGNED_CONTEXT ( ( #3698 ) ) GLOBAL_UNIT_ASSIGNED_CONTEXT ( ( #1000, #7684, #9111 ) ) REPRESENTATION_CONTEXT ( 'NONE', 'WORKASPACE' ) );
#1576 = ADVANCED_FACE ( 'NONE', ( #8828 ), #5941, .T. ) ;
#1577 = CARTESIAN_POINT ( 'NONE',  ( 0.03999992000000000131, 0.1800021800000000394, 0.0000000000000000000 ) ) ;
#1578 =( LENGTH_UNIT ( ) NAMED_UNIT ( * ) SI_UNIT ( .MILLI., .METRE. ) );
#1579 = EDGE_CURVE ( 'NONE', #5146, #2514, #8929, .T. ) ;
#1580 = ORIENTED_EDGE ( 'NONE', *, *, #4295, .T. ) ;
#1581 = UNCERTAINTY_MEASURE_WITH_UNIT (LENGTH_MEASURE( 1.000000000000000082E-05 ), #2491, 'distance_accuracy_value', 'NONE');
#1582 = FACE_OUTER_BOUND ( 'NONE', #6939, .T. ) ;
#1583 = CARTESIAN_POINT ( 'NONE',  ( 0.0000000000000000000, 0.0000000000000000000, 0.0000000000000000000 ) ) ;
#1584 = EDGE_LOOP ( 'NONE', ( #4956, #2566, #3439, #6766 ) ) ;
#1585 = APPLICATION_CONTEXT ( 'automotive_design' ) ;
#1586 = DIRECTION ( 'NONE',  ( 0.0000000000000000000, -0.0000000000000000000, -1.000000000000000000 ) ) ;
#1587 = ORIENTED_EDGE ( 'NONE', *, *, #7164, .F. ) ;
#1588 = DIRECTION ( 'NONE',  ( -1.000000000000000000, -0.0000000000000000000, -0.0000000000000000000 ) ) ;
#1589 = VECTOR ( 'NONE', #5691, 1000.000000000000000 ) ;
#1590 = ADVANCED_FACE ( 'NONE', ( #8168 ), #8781, .T. ) ;
#1591 = EDGE_CURVE ( 'NONE', #3213, #9106, #31, .T. ) ;
#1592 = ITEM_DEFINED_TRANSFORMATION ( 'NONE', 'NONE', #470,  #443 ) ;
#1593 = LINE ( 'NONE', #850, #8379 ) ;
#1594 = EDGE_CURVE ( 'NONE', #9251, #448, #1542, .T. ) ;
#1595 = EDGE_LOOP ( 'NONE', ( #770, #460, #10, #2187 ) ) ;
#1596 = LINE ( 'NONE', #4485, #1801 ) ;
#1597 = DIRECTION ( 'NONE',  ( 0.0000000000000000000, 0.0000000000000000000, 1.000000000000000000 ) ) ;
#1598 = ORIENTED_EDGE ( 'NONE', *, *, #1301, .F. ) ;
#1599 = LINE ( 'NONE', #7591, #1251 ) ;
#1600 = CARTESIAN_POINT ( 'NONE',  ( -0.1499997000000000136, 0.1750009199999999765, 0.0000000000000000000 ) ) ;
#1601 = DIRECTION ( 'NONE',  ( 0.7071011685375442335, 0.7071123937910008816, 0.0000000000000000000 ) ) ;
#1602 = VECTOR ( 'NONE', #3138, 1000.000000000000000 ) ;
#1603 = CARTESIAN_POINT ( 'NONE',  ( -0.1749983799999999812, 0.01999995999999002252, 0.02000000000000000389 ) ) ;
#1604 = ADVANCED_FACE ( 'NONE', ( #5120 ), #4521, .T. ) ;
#1605 = CARTESIAN_POINT ( 'NONE',  ( 0.1350010000000000099, -0.1299972000000000072, 0.0000000000000000000 ) ) ;
#1606 = VERTEX_POINT ( 'NONE', #1394 ) ;
#1607 = VECTOR ( 'NONE', #9371, 1000.000000000000000 ) ;
#1608 = LINE ( 'NONE', #3181, #5660 ) ;
#1609 = VECTOR ( 'NONE', #5236, 1000.000000000000000 ) ;
#1610 = VERTEX_POINT ( 'NONE', #4332 ) ;
#1611 = DIRECTION ( 'NONE',  ( 1.000000000000000000, 0.0000000000000000000, -0.0000000000000000000 ) ) ;
#1612 = LINE ( 'NONE', #6010, #2972 ) ;
#1613 = EDGE_LOOP ( 'NONE', ( #3395, #1580, #891, #8277 ) ) ;
#1614 = DIRECTION ( 'NONE',  ( 0.0000000000000000000, -1.000000000000000000, -0.0000000000000000000 ) ) ;
#1615 = LINE ( 'NONE', #8912, #3170 ) ;
#1616 = CARTESIAN_POINT ( 'NONE',  ( -0.2149983000000000033, -0.2149983000000000033, 0.0000000000000000000 ) ) ;
#1617 = VECTOR ( 'NONE', #5265, 1000.000000000000000 ) ;
#1618 = ORIENTED_EDGE ( 'NONE', *, *, #2825, .F. ) ;
#1619 = AXIS2_PLACEMENT_3D ( 'NONE', #7976, #7015, #3311 ) ;
#1620 = DIRECTION ( 'NONE',  ( 0.0000000000000000000, 0.0000000000000000000, 1.000000000000000000 ) ) ;
#1621 = DIRECTION ( 'NONE',  ( -1.000000000000000000, 0.0000000000000000000, -0.0000000000000000000 ) ) ;
#1622 = DIRECTION ( 'NONE',  ( 0.0000000000000000000, 0.0000000000000000000, -1.000000000000000000 ) ) ;
#1623 = DIRECTION ( 'NONE',  ( -0.5999999999999999778, -0.8000000000000000444, -0.0000000000000000000 ) ) ;
#1624 = VECTOR ( 'NONE', #1082, 1000.000000000000000 ) ;
#1625 = ITEM_DEFINED_TRANSFORMATION ( 'NONE', 'NONE', #2447,  #2951 ) ;
#1626 = CARTESIAN_POINT ( 'NONE',  ( -0.06999986000000998909, 0.1800021800000000116, 0.009999999999999998473 ) ) ;
#1627 = VECTOR ( 'NONE', #1337, 1000.000000000000000 ) ;
#1628 = CARTESIAN_POINT ( 'NONE',  ( 0.0000000000000000000, 0.0000000000000000000, 0.0000000000000000000 ) ) ;
#1629 = ORIENTED_EDGE ( 'NONE', *, *, #7488, .F. ) ;
#1630 = LINE ( 'NONE', #4569, #6646 ) ;
#1631 = ORIENTED_EDGE ( 'NONE', *, *, #355, .F. ) ;
#1632 = CARTESIAN_POINT ( 'NONE',  ( -0.07499858000000000913, -0.1400022599999999895, 0.0000000000000000000 ) ) ;
#1633 = ORIENTED_EDGE ( 'NONE', *, *, #6613, .T. ) ;
#1634 = DIRECTION ( 'NONE',  ( 0.9805710950766667322, 0.1961640321265509246, 0.0000000000000000000 ) ) ;
#1635 = COLOUR_RGB ( '',1.000000000000000000, 1.000000000000000000, 0.4000000000000000222 ) ;
#1636 = PRODUCT_RELATED_PRODUCT_CATEGORY ( 'part', '', ( #9357 ) ) ;
#1637 = VECTOR ( 'NONE', #7596, 1000.000000000000000 ) ;
#1638 = CONTEXT_DEPENDENT_SHAPE_REPRESENTATION ( #4238, #7968 ) ;
#1639 = PLANE ( 'NONE',  #4376 ) ;
#1640 = VERTEX_POINT ( 'NONE', #7300 ) ;
#1641 = ADVANCED_BREP_SHAPE_REPRESENTATION ( '', ( #4760, #2951 ), #295 ) ;
#1642 = AXIS2_PLACEMENT_3D ( 'NONE', #3167, #8311, #2207 ) ;
#1643 = DIRECTION ( 'NONE',  ( 1.000000000000000000, 0.0000000000000000000, 0.0000000000000000000 ) ) ;
#1644 = VERTEX_POINT ( 'NONE', #2875 ) ;
#1645 = VECTOR ( 'NONE', #6177, 1000.000000000000000 ) ;
#1646 = CARTESIAN_POINT ( 'NONE',  ( 0.1550009599999999932, -0.2199995600000000107, 0.01000000000000000021 ) ) ;
#1647 = FACE_OUTER_BOUND ( 'NONE', #1890, .T. ) ;
#1648 = EDGE_CURVE ( 'NONE', #6526, #7166, #2155, .T. ) ;
#1649 = EDGE_CURVE ( 'NONE', #1969, #3387, #2386, .T. ) ;
#1650 = CARTESIAN_POINT ( 'NONE',  ( 0.03999992000000000131, 0.2400020599999999893, 0.01000000000000000021 ) ) ;
#1651 = PRODUCT_DEFINITION_SHAPE ( 'NONE', 'NONE',  #9542 ) ;
#1652 = PRODUCT_DEFINITION_FORMATION_WITH_SPECIFIED_SOURCE ( 'ANY', '', #7287, .NOT_KNOWN. ) ;
#1653 = DIRECTION ( 'NONE',  ( -0.3713906763541037215, -0.9284766908852593037, 0.0000000000000000000 ) ) ;
#1654 = ADVANCED_FACE ( 'NONE', ( #8402 ), #6079, .T. ) ;
#1655 = VECTOR ( 'NONE', #1084, 1000.000000000000114 ) ;
#1656 = CARTESIAN_POINT ( 'NONE',  ( 0.1150010399999999988, 0.1200023000000000201, 0.02000000000000000042 ) ) ;
#1657 = ORIENTED_EDGE ( 'NONE', *, *, #286, .T. ) ;
#1658 = PRODUCT_DEFINITION_FORMATION_WITH_SPECIFIED_SOURCE ( 'ANY', '', #7124, .NOT_KNOWN. ) ;
#1659 = CARTESIAN_POINT ( 'NONE',  ( 0.009999980000002999664, 0.0000000000000000000, 0.0000000000000000000 ) ) ;
#1660 = APPLICATION_CONTEXT ( 'automotive_design' ) ;
#1661 = CARTESIAN_POINT ( 'NONE',  ( -0.2149983000000000033, 0.2149983000000000033, 0.0000000000000000000 ) ) ;
#1662 = VECTOR ( 'NONE', #3548, 1000.000000000000000 ) ;
#1663 = SHAPE_DEFINITION_REPRESENTATION ( #7445, #6212 ) ;
#1664 = ADVANCED_FACE ( 'NONE', ( #1094 ), #1049, .T. ) ;
#1665 = ORIENTED_EDGE ( 'NONE', *, *, #5210, .F. ) ;
#1666 =( LENGTH_UNIT ( ) NAMED_UNIT ( * ) SI_UNIT ( .MILLI., .METRE. ) );
#1667 = CARTESIAN_POINT ( 'NONE',  ( 0.1399997200000060449, -0.1299997400000000025, 0.009999999999999998473 ) ) ;
#1668 = EDGE_CURVE ( 'NONE', #193, #5068, #3114, .T. ) ;
#1669 = VERTEX_POINT ( 'NONE', #4672 ) ;
#1670 = VECTOR ( 'NONE', #1929, 1000.000000000000000 ) ;
#1671 = PLANE ( 'NONE',  #2201 ) ;
#1672 = PRODUCT_DEFINITION_CONTEXT ( 'detailed design', #5981, 'design' ) ;
#1673 = LINE ( 'NONE', #5484, #2158 ) ;
#1674 = DIRECTION ( 'NONE',  ( 0.0000000000000000000, 0.0000000000000000000, 1.000000000000000000 ) ) ;
#1675 = EDGE_CURVE ( 'NONE', #409, #8043, #6864, .T. ) ;
#1676 = EDGE_LOOP ( 'NONE', ( #2135, #2127, #4009, #7720 ) ) ;
#1677 = DIRECTION ( 'NONE',  ( 1.000000000000000000, 0.0000000000000000000, -0.0000000000000000000 ) ) ;
#1678 = CARTESIAN_POINT ( 'NONE',  ( -0.06999986000001000297, 0.1800021800000000394, 0.01000000000000000021 ) ) ;
#1679 = PLANE ( 'NONE',  #4388 ) ;
#1680 = DIRECTION ( 'NONE',  ( -0.3511234415884943449, -0.9363291775690060215, 0.0000000000000000000 ) ) ;
#1681 = PLANE ( 'NONE',  #6688 ) ;
#1682 = ORIENTED_EDGE ( 'NONE', *, *, #4170, .T. ) ;
#1683 = CARTESIAN_POINT ( 'NONE',  ( -0.004998720000002999236, 0.1800021800000000394, 0.0000000000000000000 ) ) ;
#1684 = ORIENTED_EDGE ( 'NONE', *, *, #5519, .T. ) ;
#1685 = DIRECTION ( 'NONE',  ( -0.0000000000000000000, 0.0000000000000000000, -1.000000000000000000 ) ) ;
#1686 = ORIENTED_EDGE ( 'NONE', *, *, #7927, .F. ) ;
#1687 = CARTESIAN_POINT ( 'NONE',  ( 0.02500121999999001254, -0.1499997000000000136, 0.0000000000000000000 ) ) ;
#1688 = FACE_OUTER_BOUND ( 'NONE', #4189, .T. ) ;
#1689 = ORIENTED_EDGE ( 'NONE', *, *, #1779, .T. ) ;
#1690 =( NAMED_UNIT ( * ) PLANE_ANGLE_UNIT ( ) SI_UNIT ( $, .RADIAN. ) );
#1691 = ORIENTED_EDGE ( 'NONE', *, *, #861, .F. ) ;
#1692 = LINE ( 'NONE', #8935, #8190 ) ;
#1693 = CARTESIAN_POINT ( 'NONE',  ( 0.0000000000000000000, -0.1099972399999999961, 0.0000000000000000000 ) ) ;
#1694 = PRESENTATION_STYLE_ASSIGNMENT (( #6229 ) ) ;
#1695 = DIRECTION ( 'NONE',  ( 0.9284766908852593037, -0.3713906763541037215, 0.0000000000000000000 ) ) ;
#1696 = STYLED_ITEM ( 'NONE', ( #704 ), #1641 ) ;
#1697 = DIRECTION ( 'NONE',  ( 0.7071067811860475283, -0.7071067811870475062, -0.0000000000000000000 ) ) ;
#1698 = ORIENTED_EDGE ( 'NONE', *, *, #8684, .T. ) ;
#1699 = CARTESIAN_POINT ( 'NONE',  ( -0.09999980000001000568, 0.01999995999999000171, 0.0000000000000000000 ) ) ;
#1700 = EDGE_CURVE ( 'NONE', #7732, #707, #7583, .T. ) ;
#1701 = CARTESIAN_POINT ( 'NONE',  ( 0.09000235999999468828, -0.1449984399999947049, 0.0000000000000000000 ) ) ;
#1702 = VECTOR ( 'NONE', #6336, 1000.000000000000000 ) ;
#1703 =( GEOMETRIC_REPRESENTATION_CONTEXT ( 3 ) GLOBAL_UNCERTAINTY_ASSIGNED_CONTEXT ( ( #3983 ) ) GLOBAL_UNIT_ASSIGNED_CONTEXT ( ( #7605, #5387, #1028 ) ) REPRESENTATION_CONTEXT ( 'NONE', 'WORKASPACE' ) );
#1704 = APPLICATION_PROTOCOL_DEFINITION ( 'draft international standard', 'automotive_design', 1998, #9103 ) ;
#1705 = ORIENTED_EDGE ( 'NONE', *, *, #6070, .T. ) ;
#1706 = PRODUCT ( 'User Library-QFN-20_479706577', 'User Library-QFN-20_479706577', '', ( #8472 ) ) ;
#1707 = CARTESIAN_POINT ( 'NONE',  ( 0.0000000000000000000, 0.0000000000000000000, 0.0000000000000000000 ) ) ;
#1708 = LINE ( 'NONE', #3089, #3436 ) ;
#1709 = ORIENTED_EDGE ( 'NONE', *, *, #7488, .T. ) ;
#1710 = AXIS2_PLACEMENT_3D ( 'NONE', #8505, #9263, #3259 ) ;
#1711 = ADVANCED_FACE ( 'NONE', ( #1780 ), #9009, .T. ) ;
#1712 = LINE ( 'NONE', #2326, #3126 ) ;
#1713 = CARTESIAN_POINT ( 'NONE',  ( 0.1350010000000048116, -0.09999725999999359294, 0.0000000000000000000 ) ) ;
#1714 = AXIS2_PLACEMENT_3D ( 'NONE', #2210, #5081, #5763 ) ;
#1715 = SHELL_BASED_SURFACE_MODEL ( 'NONE', ( #8406, #2984 ) );
#1716 = EDGE_CURVE ( 'NONE', #3760, #9361, #9108, .T. ) ;
#1717 = DIRECTION ( 'NONE',  ( -0.7071067811865476838, 0.7071067811865474617, 0.0000000000000000000 ) ) ;
#1718 = VERTEX_POINT ( 'NONE', #3160 ) ;
#1719 = DIRECTION ( 'NONE',  ( 0.3162277660171379234, 0.9486832980504137369, 0.0000000000000000000 ) ) ;
#1720 = DIRECTION ( 'NONE',  ( -0.8357073088228313962, -0.5491751032048892700, 0.0000000000000000000 ) ) ;
#1721 = LINE ( 'NONE', #1815, #5360 ) ;
#1722 = ADVANCED_FACE ( 'NONE', ( #5355 ), #5404, .F. ) ;
#1723 = ITEM_DEFINED_TRANSFORMATION ( 'NONE', 'NONE', #7559,  #2951 ) ;
#1724 = LINE ( 'NONE', #3107, #5457 ) ;
#1725 = MECHANICAL_DESIGN_GEOMETRIC_PRESENTATION_REPRESENTATION (  '', ( #6046 ), #4027 ) ;
#1726 = PRODUCT_DEFINITION_SHAPE ( 'NONE', 'NONE',  #9557 ) ;
#1727 = ORIENTED_EDGE ( 'NONE', *, *, #5008, .F. ) ;
#1728 = LINE ( 'NONE', #4665, #2916 ) ;
#1729 = ORIENTED_EDGE ( 'NONE', *, *, #5423, .F. ) ;
#1730 = FACE_OUTER_BOUND ( 'NONE', #7943, .T. ) ;
#1731 = FACE_OUTER_BOUND ( 'NONE', #1005, .T. ) ;
#1732 = ORIENTED_EDGE ( 'NONE', *, *, #6995, .F. ) ;
#1733 = CARTESIAN_POINT ( 'NONE',  ( -0.1149985000000100094, 0.1300022799999934475, 0.0000000000000000000 ) ) ;
#1734 = AXIS2_PLACEMENT_3D ( 'NONE', #3824, #8805, #8184 ) ;
#1735 = FACE_OUTER_BOUND ( 'NONE', #6565, .T. ) ;
#1736 = DIRECTION ( 'NONE',  ( 1.000000000000000000, 0.0000000000000000000, 0.0000000000000000000 ) ) ;
#1737 = ORIENTED_EDGE ( 'NONE', *, *, #8633, .F. ) ;
#1738 = AXIS2_PLACEMENT_3D ( 'NONE', #5408, #4041, #7587 ) ;
#1739 = LINE ( 'NONE', #2592, #3484 ) ;
#1740 = ORIENTED_EDGE ( 'NONE', *, *, #5087, .F. ) ;
#1741 = DIRECTION ( 'NONE',  ( 0.0000000000000000000, 0.0000000000000000000, -1.000000000000000000 ) ) ;
#1742 = LINE ( 'NONE', #7593, #6082 ) ;
#1743 = VECTOR ( 'NONE', #9360, 1000.000000000000000 ) ;
#1744 = ORIENTED_EDGE ( 'NONE', *, *, #6371, .F. ) ;
#1745 = DIRECTION ( 'NONE',  ( 0.4061288947681775952, -0.9138158024647956568, 0.0000000000000000000 ) ) ;
#1746 = ORIENTED_EDGE ( 'NONE', *, *, #6130, .T. ) ;
#1747 = DIRECTION ( 'NONE',  ( 0.8944271909999158554, 0.4472135954999579277, 0.0000000000000000000 ) ) ;
#1748 = DIRECTION ( 'NONE',  ( -1.000000000000000000, 0.0000000000000000000, 0.0000000000000000000 ) ) ;
#1749 = LINE ( 'NONE', #5382, #52 ) ;
#1750 = ORIENTED_EDGE ( 'NONE', *, *, #3582, .F. ) ;
#1751 = ADVANCED_FACE ( 'NONE', ( #3255 ), #8354, .T. ) ;
#1752 = VECTOR ( 'NONE', #6824, 1000.000000000000114 ) ;
#1753 = ORIENTED_EDGE ( 'NONE', *, *, #4467, .F. ) ;
#1754 = CARTESIAN_POINT ( 'NONE',  ( 0.2149983000000000033, -0.2149983000000000033, 0.02000000000000000042 ) ) ;
#1755 = ADVANCED_BREP_SHAPE_REPRESENTATION ( '', ( #4227, #2951 ), #8809 ) ;
#1756 = PLANE ( 'NONE',  #2618 ) ;
#1757 = EDGE_LOOP ( 'NONE', ( #2778, #174, #1360, #9395 ) ) ;
#1758 = CARTESIAN_POINT ( 'NONE',  ( -0.1499997000000000136, -0.02499867999999999882, 0.0000000000000000000 ) ) ;
#1759 = LINE ( 'NONE', #5339, #9277 ) ;
#1760 = EDGE_CURVE ( 'NONE', #7987, #6709, #993, .T. ) ;
#1761 = AXIS2_PLACEMENT_3D ( 'NONE', #5137, #8086, #7366 ) ;
#1762 = EDGE_CURVE ( 'NONE', #9106, #3727, #3944, .T. ) ;
#1763 = LINE ( 'NONE', #4709, #2998 ) ;
#1764 = CLOSED_SHELL ( 'NONE', ( #6929, #2765, #4968, #518, #4836, #99, #1224, #7337, #1178, #2990, #4534, #8748, #6918, #5925 ) ) ;
#1765 = LINE ( 'NONE', #8439, #6760 ) ;
#1766 = EDGE_CURVE ( 'NONE', #4038, #8747, #5507, .T. ) ;
#1767 = ITEM_DEFINED_TRANSFORMATION ( 'NONE', 'NONE', #4777,  #2951 ) ;
#1768 = FACE_OUTER_BOUND ( 'NONE', #9351, .T. ) ;
#1769 = AXIS2_PLACEMENT_3D ( 'NONE', #9436, #8157, #1431 ) ;
#1770 = VECTOR ( 'NONE', #3204, 1000.000000000000000 ) ;
#1771 = ORIENTED_EDGE ( 'NONE', *, *, #6076, .F. ) ;
#1772 = PRODUCT_DEFINITION_CONTEXT ( 'detailed design', #7585, 'design' ) ;
#1773 = FACE_OUTER_BOUND ( 'NONE', #9320, .T. ) ;
#1774 = CARTESIAN_POINT ( 'NONE',  ( 0.0000000000000000000, 0.0000000000000000000, 0.0000000000000000000 ) ) ;
#1775 = ORIENTED_EDGE ( 'NONE', *, *, #3691, .F. ) ;
#1776 = CARTESIAN_POINT ( 'NONE',  ( -0.8499983000000044253, -0.6500012400000007018, 0.02000000000000000042 ) ) ;
#1777 = DIRECTION ( 'NONE',  ( 0.7071067811870475062, 0.7071067811860475283, 0.0000000000000000000 ) ) ;
#1778 = EDGE_LOOP ( 'NONE', ( #8263, #5655, #5914, #8811 ) ) ;
#1779 = EDGE_CURVE ( 'NONE', #7793, #4038, #8966, .T. ) ;
#1780 = FACE_OUTER_BOUND ( 'NONE', #4487, .T. ) ;
#1781 = VECTOR ( 'NONE', #1383, 1000.000000000000114 ) ;
#1782 = VECTOR ( 'NONE', #5104, 1000.000000000000000 ) ;
#1783 = EDGE_CURVE ( 'NONE', #6641, #3157, #4574, .T. ) ;
#1784 =( REPRESENTATION_RELATIONSHIP ('NONE','NONE', #5544, #4598 ) REPRESENTATION_RELATIONSHIP_WITH_TRANSFORMATION ( #2347 )SHAPE_REPRESENTATION_RELATIONSHIP( ) );
#1785 = CARTESIAN_POINT ( 'NONE',  ( 0.09500107999998999575, 0.2000021399999999949, 0.0000000000000000000 ) ) ;
#1786 = PRODUCT ( 'User Library-QFN-20_479712337', 'User Library-QFN-20_479712337', '', ( #4334 ) ) ;
#1787 = ORIENTED_EDGE ( 'NONE', *, *, #2401, .F. ) ;
#1788 = ORIENTED_EDGE ( 'NONE', *, *, #2803, .T. ) ;
#1789 = COLOUR_RGB ( '',1.000000000000000000, 1.000000000000000000, 1.000000000000000000 ) ;
#1790 = PLANE ( 'NONE',  #1515 ) ;
#1791 = ADVANCED_FACE ( 'NONE', ( #3847 ), #6812, .T. ) ;
#1792 = CARTESIAN_POINT ( 'NONE',  ( 0.1550009599999999932, -0.01999742000001000081, 0.0000000000000000000 ) ) ;
#1793 = CARTESIAN_POINT ( 'NONE',  ( 0.1399997199999999942, -0.1299997399999999748, 0.01000000000000000021 ) ) ;
#1794 = ORIENTED_EDGE ( 'NONE', *, *, #8743, .T. ) ;
#1795 = CARTESIAN_POINT ( 'NONE',  ( 0.005001260000000000427, 0.1800021800000000394, 0.0000000000000000000 ) ) ;
#1796 = ORIENTED_EDGE ( 'NONE', *, *, #5018, .T. ) ;
#1797 = CARTESIAN_POINT ( 'NONE',  ( 0.02500121999999029704, 0.1499996999999999858, 0.02000000000000000389 ) ) ;
#1798 = AXIS2_PLACEMENT_3D ( 'NONE', #733, #4400, #2277 ) ;
#1799 = SHAPE_DEFINITION_REPRESENTATION ( #4623, #8508 ) ;
#1800 = ORIENTED_EDGE ( 'NONE', *, *, #6009, .F. ) ;
#1801 = VECTOR ( 'NONE', #3851, 1000.000000000000000 ) ;
#1802 = LINE ( 'NONE', #1070, #2512 ) ;
#1803 = ORIENTED_EDGE ( 'NONE', *, *, #8144, .T. ) ;
#1804 = PRODUCT_DEFINITION_FORMATION_WITH_SPECIFIED_SOURCE ( 'ANY', '', #6965, .NOT_KNOWN. ) ;
#1805 = PLANE ( 'NONE',  #9143 ) ;
#1806 = VERTEX_POINT ( 'NONE', #9391 ) ;
#1807 = DIRECTION ( 'NONE',  ( 0.5999999999999999778, -0.8000000000000000444, 0.0000000000000000000 ) ) ;
#1808 = AXIS2_PLACEMENT_3D ( 'NONE', #3080, #3906, #2986 ) ;
#1809 = LINE ( 'NONE', #5388, #4322 ) ;
#1810 = ORIENTED_EDGE ( 'NONE', *, *, #2302, .T. ) ;
#1811 = CARTESIAN_POINT ( 'NONE',  ( -0.1149985000000000035, -0.2199995600000000107, 0.01000000000000000021 ) ) ;
#1812 = PRODUCT_DEFINITION_FORMATION_WITH_SPECIFIED_SOURCE ( 'ANY', '', #1408, .NOT_KNOWN. ) ;
#1813 = LINE ( 'NONE', #4757, #4496 ) ;
#1814 = LINE ( 'NONE', #2664, #4235 ) ;
#1815 = CARTESIAN_POINT ( 'NONE',  ( -0.1399971799999831790, -0.08499855999997651956, 0.0000000000000000000 ) ) ;
#1816 = AXIS2_PLACEMENT_3D ( 'NONE', #7884, #4831, #7788 ) ;
#1817 = CARTESIAN_POINT ( 'NONE',  ( 0.1450009799999947280, 0.09000235999999470216, 0.02000000000000000042 ) ) ;
#1818 = EDGE_CURVE ( 'NONE', #4450, #6271, #7148, .T. ) ;
#1819 =( NAMED_UNIT ( * ) PLANE_ANGLE_UNIT ( ) SI_UNIT ( $, .RADIAN. ) );
#1820 = VERTEX_POINT ( 'NONE', #1871 ) ;
#1821 = CARTESIAN_POINT ( 'NONE',  ( 0.1350010000000014532, 0.1300022800000403544, 0.0000000000000000000 ) ) ;
#1822 = AXIS2_PLACEMENT_3D ( 'NONE', #281, #8266, #4629 ) ;
#1823 =( NAMED_UNIT ( * ) PLANE_ANGLE_UNIT ( ) SI_UNIT ( $, .RADIAN. ) );
#1824 = EDGE_LOOP ( 'NONE', ( #7253, #8679, #8899, #4024 ) ) ;
#1825 = EDGE_CURVE ( 'NONE', #7208, #7870, #7867, .T. ) ;
#1826 = DIRECTION ( 'NONE',  ( -0.0000000000000000000, 0.0000000000000000000, -1.000000000000000000 ) ) ;
#1827 = DIRECTION ( 'NONE',  ( 1.000000000000000000, 0.0000000000000000000, 0.0000000000000000000 ) ) ;
#1828 = ORIENTED_EDGE ( 'NONE', *, *, #7321, .T. ) ;
#1829 = CARTESIAN_POINT ( 'NONE',  ( -0.09999980000001000568, 0.01999995999999000171, 0.01000000000000000021 ) ) ;
#1830 = ITEM_DEFINED_TRANSFORMATION ( 'NONE', 'NONE', #4884,  #9270 ) ;
#1831 = ADVANCED_FACE ( 'NONE', ( #9298 ), #4914, .T. ) ;
#1832 = SURFACE_STYLE_FILL_AREA ( #6324 ) ;
#1833 =( NAMED_UNIT ( * ) SI_UNIT ( $, .STERADIAN. ) SOLID_ANGLE_UNIT ( ) );
#1834 = VERTEX_POINT ( 'NONE', #7197 ) ;
#1835 = ORIENTED_EDGE ( 'NONE', *, *, #8841, .T. ) ;
#1836 = EDGE_CURVE ( 'NONE', #3251, #6649, #9207, .T. ) ;
#1837 = DIRECTION ( 'NONE',  ( -0.2169304578189737986, 0.9761870601838822381, 0.0000000000000000000 ) ) ;
#1838 = APPLICATION_CONTEXT ( 'automotive_design' ) ;
#1839 = EDGE_CURVE ( 'NONE', #4177, #961, #7103, .T. ) ;
#1840 = ORIENTED_EDGE ( 'NONE', *, *, #7392, .T. ) ;
#1841 = LINE ( 'NONE', #8417, #5871 ) ;
#1842 = ORIENTED_EDGE ( 'NONE', *, *, #6443, .F. ) ;
#1843 = PLANE ( 'NONE',  #6294 ) ;
#1844 = PRODUCT_CONTEXT ( 'NONE', #1213, 'mechanical' ) ;
#1845 = ORIENTED_EDGE ( 'NONE', *, *, #7352, .F. ) ;
#1846 = STYLED_ITEM ( 'NONE', ( #8299 ), #7410 ) ;
#1847 = CARTESIAN_POINT ( 'NONE',  ( -0.1149985000000000035, 0.03000247999999000603, 0.01000000000000000021 ) ) ;
#1848 = ORIENTED_EDGE ( 'NONE', *, *, #7969, .F. ) ;
#1849 = VERTEX_POINT ( 'NONE', #1191 ) ;
#1850 = COLOUR_RGB ( '',0.7529411764705882248, 0.7529411764705882248, 0.7529411764705882248 ) ;
#1851 = AXIS2_PLACEMENT_3D ( 'NONE', #158, #6792, #8861 ) ;
#1852 = ORIENTED_EDGE ( 'NONE', *, *, #5309, .T. ) ;
#1853 = LINE ( 'NONE', #4115, #6411 ) ;
#1854 = FACE_OUTER_BOUND ( 'NONE', #9218, .T. ) ;
#1855 = DIRECTION ( 'NONE',  ( 0.0000000000000000000, -0.0000000000000000000, -1.000000000000000000 ) ) ;
#1856 =( GEOMETRIC_REPRESENTATION_CONTEXT ( 3 ) GLOBAL_UNCERTAINTY_ASSIGNED_CONTEXT ( ( #8535 ) ) GLOBAL_UNIT_ASSIGNED_CONTEXT ( ( #5854, #1402, #4931 ) ) REPRESENTATION_CONTEXT ( 'NONE', 'WORKASPACE' ) );
#1857 = DIRECTION ( 'NONE',  ( -0.7071067811865475727, 0.7071067811865475727, 0.0000000000000000000 ) ) ;
#1858 = PRODUCT_DEFINITION_SHAPE ( 'NONE', 'NONE',  #9515 ) ;
#1859 = DIRECTION ( 'NONE',  ( 0.0000000000000000000, -1.000000000000000000, -0.0000000000000000000 ) ) ;
#1860 = PRODUCT_RELATED_PRODUCT_CATEGORY ( 'part', '', ( #1786 ) ) ;
#1861 = CARTESIAN_POINT ( 'NONE',  ( 0.0000000000000000000, 0.0000000000000000000, 0.0000000000000000000 ) ) ;
#1862 = ORIENTED_EDGE ( 'NONE', *, *, #6316, .F. ) ;
#1863 = PRODUCT_DEFINITION_CONTEXT ( 'detailed design', #4481, 'design' ) ;
#1864 = AXIS2_PLACEMENT_3D ( 'NONE', #3250, #1866, #5449 ) ;
#1865 = CARTESIAN_POINT ( 'NONE',  ( -0.06499860000001016214, 0.1600022199999922012, 0.009999999999999998473 ) ) ;
#1866 = DIRECTION ( 'NONE',  ( 0.0000000000000000000, 0.0000000000000000000, 1.000000000000000000 ) ) ;
#1867 = ORIENTED_EDGE ( 'NONE', *, *, #1668, .F. ) ;
#1868 = LINE ( 'NONE', #8539, #3302 ) ;
#1869 = PLANE ( 'NONE',  #913 ) ;
#1870 = ORIENTED_EDGE ( 'NONE', *, *, #6873, .F. ) ;
#1871 = CARTESIAN_POINT ( 'NONE',  ( 0.1400022599999999895, 0.1800021800000000671, 0.01000000000000000021 ) ) ;
#1872 = ITEM_DEFINED_TRANSFORMATION ( 'NONE', 'NONE', #3319,  #1545 ) ;
#1873 = EDGE_CURVE ( 'NONE', #6846, #4266, #559, .T. ) ;
#1874 = EDGE_LOOP ( 'NONE', ( #1960, #390, #4858, #6127 ) ) ;
#1875 = LINE ( 'NONE', #3356, #7819 ) ;
#1876 = ORIENTED_EDGE ( 'NONE', *, *, #3752, .T. ) ;
#1877 = CARTESIAN_POINT ( 'NONE',  ( -0.08999981999999999427, 0.2200021000000000060, 0.0000000000000000000 ) ) ;
#1878 = VECTOR ( 'NONE', #4127, 1000.000000000000000 ) ;
#1879 = LINE ( 'NONE', #3459, #4714 ) ;
#1880 = EDGE_CURVE ( 'NONE', #4230, #2320, #3504, .T. ) ;
#1881 = EDGE_CURVE ( 'NONE', #4923, #6096, #2587, .T. ) ;
#1882 = EDGE_CURVE ( 'NONE', #1563, #2639, #2730, .T. ) ;
#1883 = VERTEX_POINT ( 'NONE', #7057 ) ;
#1884 = CARTESIAN_POINT ( 'NONE',  ( -0.1349984600000000146, 0.1400022599999999895, 0.01000000000000000021 ) ) ;
#1885 = ORIENTED_EDGE ( 'NONE', *, *, #884, .F. ) ;
#1886 = CARTESIAN_POINT ( 'NONE',  ( -0.09999980000001000568, 0.03000247999998999909, 0.0000000000000000000 ) ) ;
#1887 = APPLICATION_PROTOCOL_DEFINITION ( 'draft international standard', 'automotive_design', 1998, #7460 ) ;
#1888 = ORIENTED_EDGE ( 'NONE', *, *, #8446, .T. ) ;
#1889 = EDGE_CURVE ( 'NONE', #3609, #5365, #7768, .T. ) ;
#1890 = EDGE_LOOP ( 'NONE', ( #1973, #7646, #2, #3502 ) ) ;
#1891 = EDGE_CURVE ( 'NONE', #785, #1352, #2009, .T. ) ;
#1892 = PLANE ( 'NONE',  #8234 ) ;
#1893 = ORIENTED_EDGE ( 'NONE', *, *, #2415, .F. ) ;
#1894 =( NAMED_UNIT ( * ) PLANE_ANGLE_UNIT ( ) SI_UNIT ( $, .RADIAN. ) );
#1895 = DIRECTION ( 'NONE',  ( 1.000000000000000000, 0.0000000000000000000, 0.0000000000000000000 ) ) ;
#1896 = CARTESIAN_POINT ( 'NONE',  ( -0.1499997000000000136, 0.09000236000000000347, 0.0000000000000000000 ) ) ;
#1897 = DIRECTION ( 'NONE',  ( -0.4472135954999579277, -0.8944271909999158554, -0.0000000000000000000 ) ) ;
#1898 = CARTESIAN_POINT ( 'NONE',  ( -0.7899984200000212953, -0.7899984200000212953, 0.0000000000000000000 ) ) ;
#1899 = DIRECTION ( 'NONE',  ( -1.000000000000000000, -0.0000000000000000000, -0.0000000000000000000 ) ) ;
#1900 = VECTOR ( 'NONE', #6743, 1000.000000000000227 ) ;
#1901 = PLANE ( 'NONE',  #725 ) ;
#1902 = FACE_OUTER_BOUND ( 'NONE', #5567, .T. ) ;
#1903 =( NAMED_UNIT ( * ) SI_UNIT ( $, .STERADIAN. ) SOLID_ANGLE_UNIT ( ) );
#1904 = VERTEX_POINT ( 'NONE', #3396 ) ;
#1905 = PLANE ( 'NONE',  #3852 ) ;
#1906 = VECTOR ( 'NONE', #7833, 1000.000000000000114 ) ;
#1907 = ORIENTED_EDGE ( 'NONE', *, *, #1648, .T. ) ;
#1908 = VECTOR ( 'NONE', #8318, 1000.000000000000000 ) ;
#1909 = DIRECTION ( 'NONE',  ( -0.9615239476408231623, 0.2747211278973783477, 0.0000000000000000000 ) ) ;
#1910 = CARTESIAN_POINT ( 'NONE',  ( 0.1200023000000000201, -0.1149985000000000035, 0.0000000000000000000 ) ) ;
#1911 = ORIENTED_EDGE ( 'NONE', *, *, #6569, .F. ) ;
#1912 = DIRECTION ( 'NONE',  ( -0.0000000000000000000, 0.0000000000000000000, -1.000000000000000000 ) ) ;
#1913 = CARTESIAN_POINT ( 'NONE',  ( -0.1699996599999999969, 0.07000240000000999829, 0.0000000000000000000 ) ) ;
#1914 = DIRECTION ( 'NONE',  ( -1.000000000000000000, 0.0000000000000000000, -0.0000000000000000000 ) ) ;
#1915 = ORIENTED_EDGE ( 'NONE', *, *, #5862, .F. ) ;
#1916 = SURFACE_SIDE_STYLE ('',( #9063 ) ) ;
#1917 = ORIENTED_EDGE ( 'NONE', *, *, #6756, .F. ) ;
#1918 = FACE_OUTER_BOUND ( 'NONE', #1071, .T. ) ;
#1919 = VECTOR ( 'NONE', #1225, 1000.000000000000000 ) ;
#1920 = VECTOR ( 'NONE', #4721, 1000.000000000000114 ) ;
#1921 = PRODUCT_RELATED_PRODUCT_CATEGORY ( 'part', '', ( #1496 ) ) ;
#1922 = DIRECTION ( 'NONE',  ( 0.3162197340081963626, 0.9486859753489483849, 0.0000000000000000000 ) ) ;
#1923 = COLOUR_RGB ( '',1.000000000000000000, 1.000000000000000000, 1.000000000000000000 ) ;
#1924 = VERTEX_POINT ( 'NONE', #414 ) ;
#1925 = EDGE_CURVE ( 'NONE', #6618, #8928, #1342, .T. ) ;
#1926 = DIRECTION ( 'NONE',  ( -0.9615239476409362940, -0.2747211278969818316, 0.0000000000000000000 ) ) ;
#1927 = EDGE_CURVE ( 'NONE', #1268, #8047, #4081, .T. ) ;
#1928 = ORIENTED_EDGE ( 'NONE', *, *, #1594, .F. ) ;
#1929 = DIRECTION ( 'NONE',  ( -0.0000000000000000000, 1.000000000000000000, 0.0000000000000000000 ) ) ;
#1930 = APPLICATION_PROTOCOL_DEFINITION ( 'draft international standard', 'automotive_design', 1998, #6598 ) ;
#1931 = VERTEX_POINT ( 'NONE', #7817 ) ;
#1932 = PRODUCT ( 'User Library-QFN-20_Extruded20', 'User Library-QFN-20_Extruded20', '', ( #6572 ) ) ;
#1933 = ADVANCED_FACE ( 'NONE', ( #363 ), #4276, .T. ) ;
#1934 = DIRECTION ( 'NONE',  ( 0.0000000000000000000, -0.0000000000000000000, -1.000000000000000000 ) ) ;
#1935 = PRESENTATION_LAYER_ASSIGNMENT (  '', '', ( #3465 ) ) ;
#1936 = VERTEX_POINT ( 'NONE', #2630 ) ;
#1937 = MECHANICAL_DESIGN_GEOMETRIC_PRESENTATION_REPRESENTATION (  '', ( #7661 ), #2705 ) ;
#1938 = DIRECTION ( 'NONE',  ( -1.000000000000000000, 0.0000000000000000000, 0.0000000000000000000 ) ) ;
#1939 = EDGE_LOOP ( 'NONE', ( #4885, #1300, #8761, #6483 ) ) ;
#1940 = EDGE_CURVE ( 'NONE', #1465, #4436, #5554, .T. ) ;
#1941 = VECTOR ( 'NONE', #9017, 1000.000000000000114 ) ;
#1942 = DIRECTION ( 'NONE',  ( 1.000000000000000000, 0.0000000000000000000, 0.0000000000000000000 ) ) ;
#1943 = PLANE ( 'NONE',  #3926 ) ;
#1944 = VECTOR ( 'NONE', #3139, 1000.000000000000000 ) ;
#1946 = EDGE_CURVE ( 'NONE', #4132, #9361, #1138, .T. ) ;
#1945 = DIRECTION ( 'NONE',  ( 1.000000000000000000, 0.0000000000000000000, 0.0000000000000000000 ) ) ;
#1947 = DIRECTION ( 'NONE',  ( 0.7071067811860475283, -0.7071067811870475062, 0.0000000000000000000 ) ) ;
#1948 = DIRECTION ( 'NONE',  ( -1.000000000000000000, 0.0000000000000000000, 0.0000000000000000000 ) ) ;
#1949 = LINE ( 'NONE', #8531, #8297 ) ;
#1950 = LINE ( 'NONE', #4120, #6533 ) ;
#1951 = EDGE_CURVE ( 'NONE', #7079, #1849, #2677, .T. ) ;
#1952 = VERTEX_POINT ( 'NONE', #2861 ) ;
#1953 = CARTESIAN_POINT ( 'NONE',  ( 0.0000000000000000000, 0.0000000000000000000, 0.0000000000000000000 ) ) ;
#1954 = PRODUCT_DEFINITION_CONTEXT ( 'detailed design', #6098, 'design' ) ;
#1955 = DIRECTION ( 'NONE',  ( 0.0000000000000000000, 0.0000000000000000000, 1.000000000000000000 ) ) ;
#1956 = ORIENTED_EDGE ( 'NONE', *, *, #3115, .T. ) ;
#1957 =( REPRESENTATION_RELATIONSHIP ('NONE','NONE', #5544, #3977 ) REPRESENTATION_RELATIONSHIP_WITH_TRANSFORMATION ( #3450 )SHAPE_REPRESENTATION_RELATIONSHIP( ) );
#1958 = CARTESIAN_POINT ( 'NONE',  ( -0.06499860000000999560, 0.1600022200000000006, 0.01000000000000000021 ) ) ;
#1959 = DIRECTION ( 'NONE',  ( 0.0000000000000000000, -0.0000000000000000000, -1.000000000000000000 ) ) ;
#1960 = ORIENTED_EDGE ( 'NONE', *, *, #4710, .T. ) ;
#1961 = VECTOR ( 'NONE', #2790, 1000.000000000000114 ) ;
#1962 = CARTESIAN_POINT ( 'NONE',  ( -0.1149985000000000035, 0.2200021000000000060, 0.01000000000000000021 ) ) ;
#1963 = CARTESIAN_POINT ( 'NONE',  ( 0.1050010599999999933, -0.1299972000000000072, 0.0000000000000000000 ) ) ;
#1964 = ORIENTED_EDGE ( 'NONE', *, *, #3385, .T. ) ;
#1965 = CONTEXT_DEPENDENT_SHAPE_REPRESENTATION ( #290, #1858 ) ;
#1966 = AXIS2_PLACEMENT_3D ( 'NONE', #576, #8293, #2743 ) ;
#1967 = LINE ( 'NONE', #7918, #9037 ) ;
#1968 = FILL_AREA_STYLE_COLOUR ( '', #5709 ) ;
#1969 = VERTEX_POINT ( 'NONE', #8817 ) ;
#1970 = UNCERTAINTY_MEASURE_WITH_UNIT (LENGTH_MEASURE( 1.000000000000000082E-05 ), #8392, 'distance_accuracy_value', 'NONE');
#1971 = PLANE ( 'NONE',  #9195 ) ;
#1972 =( LENGTH_UNIT ( ) NAMED_UNIT ( * ) SI_UNIT ( .MILLI., .METRE. ) );
#1973 = ORIENTED_EDGE ( 'NONE', *, *, #1254, .T. ) ;
#1974 = LINE ( 'NONE', #6284, #2219 ) ;
#1975 = LINE ( 'NONE', #4192, #4537 ) ;
#1976 = DIRECTION ( 'NONE',  ( 0.9701425001453907182, -0.2425356250360976851, 0.0000000000000000000 ) ) ;
#1977 = VERTEX_POINT ( 'NONE', #6559 ) ;
#1978 = CARTESIAN_POINT ( 'NONE',  ( 0.03999991999999864128, 0.1800021799999979299, 0.0000000000000000000 ) ) ;
#1979 = ORIENTED_EDGE ( 'NONE', *, *, #7023, .F. ) ;
#1980 = FACE_OUTER_BOUND ( 'NONE', #965, .T. ) ;
#1981 = DIRECTION ( 'NONE',  ( 1.000000000000000000, 0.0000000000000000000, -0.0000000000000000000 ) ) ;
#1982 = SHAPE_DEFINITION_REPRESENTATION ( #1414, #23 ) ;
#1983 = EDGE_LOOP ( 'NONE', ( #8310, #287, #759, #143, #6662, #2924, #9303, #9230, #6827, #6292, #7156, #2989 ) ) ;
#1984 = DIRECTION ( 'NONE',  ( 1.000000000000000000, 0.0000000000000000000, -0.0000000000000000000 ) ) ;
#1985 = ORIENTED_EDGE ( 'NONE', *, *, #4119, .T. ) ;
#1986 = EDGE_CURVE ( 'NONE', #4617, #8180, #4415, .T. ) ;
#1987 = DIRECTION ( 'NONE',  ( 0.1961640321269186582, -0.9805710950765932354, 0.0000000000000000000 ) ) ;
#1988 = ADVANCED_FACE ( 'NONE', ( #5249 ), #4371, .T. ) ;
#1989 = EDGE_LOOP ( 'NONE', ( #1284, #7396, #6427, #5744 ) ) ;
#1990 = MECHANICAL_DESIGN_GEOMETRIC_PRESENTATION_REPRESENTATION (  '', ( #1846 ), #6481 ) ;
#1991 = CARTESIAN_POINT ( 'NONE',  ( 0.5200015000000000054, -2.495001359999999835, 0.01270000000000000122 ) ) ;
#1992 = CARTESIAN_POINT ( 'NONE',  ( 0.6800011799999999829, -0.8499982999999999844, 0.0000000000000000000 ) ) ;
#1993 = DIRECTION ( 'NONE',  ( -0.4472590307609362603, -0.8944044719268725574, -0.0000000000000000000 ) ) ;
#1994 = FACE_OUTER_BOUND ( 'NONE', #1133, .T. ) ;
#1995 = CARTESIAN_POINT ( 'NONE',  ( 0.09500107999999825303, 0.2000021400000288607, 0.0000000000000000000 ) ) ;
#1996 = ADVANCED_FACE ( 'NONE', ( #8200 ), #5678, .T. ) ;
#1997 = DIRECTION ( 'NONE',  ( 1.000000000000000000, 0.0000000000000000000, -0.0000000000000000000 ) ) ;
#1998 = EDGE_CURVE ( 'NONE', #8101, #2422, #5878, .T. ) ;
#1999 = CARTESIAN_POINT ( 'NONE',  ( -0.01499870000000999917, 0.2200021000000000060, 0.0000000000000000000 ) ) ;
#2000 = ADVANCED_FACE ( 'NONE', ( #6609 ), #7334, .T. ) ;
#2001 = VECTOR ( 'NONE', #6315, 1000.000000000000000 ) ;
#2002 = ORIENTED_EDGE ( 'NONE', *, *, #6186, .F. ) ;
#2003 = SHAPE_REPRESENTATION ( 'User Library-QFN-20_Extruded19', ( #2951 ), #2305 ) ;
#2004 = CARTESIAN_POINT ( 'NONE',  ( -0.1149985000000409291, 0.03000247999999907170, 0.0000000000000000000 ) ) ;
#2005 = EDGE_LOOP ( 'NONE', ( #2853, #5180, #6978, #4990 ) ) ;
#2006 = CARTESIAN_POINT ( 'NONE',  ( 0.04999989999999900764, 0.1650009399999970150, 0.0000000000000000000 ) ) ;
#2007 = CARTESIAN_POINT ( 'NONE',  ( 0.1200023000000000062, -0.1149985000000000174, 0.0000000000000000000 ) ) ;
#2008 = ORIENTED_EDGE ( 'NONE', *, *, #4131, .T. ) ;
#2009 = LINE ( 'NONE', #9252, #3015 ) ;
#2010 = CARTESIAN_POINT ( 'NONE',  ( -0.1149985000000025015, 0.1300022799999983880, 0.0000000000000000000 ) ) ;
#2011 = EDGE_CURVE ( 'NONE', #8393, #5535, #7290, .T. ) ;
#2012 = PRODUCT_DEFINITION_SHAPE ( 'NONE', 'NONE',  #8544 ) ;
#2013 = APPLICATION_CONTEXT ( 'automotive_design' ) ;
#2014 = EDGE_LOOP ( 'NONE', ( #1835, #6636, #3417, #7376 ) ) ;
#2015 = CARTESIAN_POINT ( 'NONE',  ( -0.01499870000001000958, -0.1799996400000000163, 0.01000000000000000021 ) ) ;
#2016 = CARTESIAN_POINT ( 'NONE',  ( 0.0000000000000000000, 0.0000000000000000000, 0.0000000000000000000 ) ) ;
#2017 = ORIENTED_EDGE ( 'NONE', *, *, #644, .T. ) ;
#2018 =( REPRESENTATION_RELATIONSHIP ('NONE','NONE', #8922, #2256 ) REPRESENTATION_RELATIONSHIP_WITH_TRANSFORMATION ( #3933 )SHAPE_REPRESENTATION_RELATIONSHIP( ) );
#2019 = PRODUCT ( 'User Library-QFN-20_Extruded18', 'User Library-QFN-20_Extruded18', '', ( #915 ) ) ;
#2020 = LINE ( 'NONE', #4290, #1743 ) ;
#2021 = ORIENTED_EDGE ( 'NONE', *, *, #340, .T. ) ;
#2022 = VECTOR ( 'NONE', #3044, 1000.000000000000000 ) ;
#2023 = CARTESIAN_POINT ( 'NONE',  ( 0.0000000000000000000, 0.0000000000000000000, 0.0000000000000000000 ) ) ;
#2024 = PLANE ( 'NONE',  #8803 ) ;
#2025 = DIRECTION ( 'NONE',  ( 0.0000000000000000000, -0.0000000000000000000, -1.000000000000000000 ) ) ;
#2026 = CARTESIAN_POINT ( 'NONE',  ( 0.1550009599999999932, -0.2199995600000000107, 0.0000000000000000000 ) ) ;
#2027 = VECTOR ( 'NONE', #7, 1000.000000000000000 ) ;
#2028 = EDGE_LOOP ( 'NONE', ( #7303, #1041, #575, #4960 ) ) ;
#2029 = DIRECTION ( 'NONE',  ( -1.000000000000000000, -0.0000000000000000000, 0.0000000000000000000 ) ) ;
#2030 = ORIENTED_EDGE ( 'NONE', *, *, #4917, .F. ) ;
#2031 = CARTESIAN_POINT ( 'NONE',  ( 0.005001260000000000427, 0.1800021800000000394, 0.0000000000000000000 ) ) ;
#2032 = DIRECTION ( 'NONE',  ( 1.000000000000000000, 0.0000000000000000000, 0.0000000000000000000 ) ) ;
#2033 = DIRECTION ( 'NONE',  ( -0.2169304578185758392, 0.9761870601839706119, 0.0000000000000000000 ) ) ;
#2034 = DIRECTION ( 'NONE',  ( 0.3162277660171379234, -0.9486832980504137369, 0.0000000000000000000 ) ) ;
#2035 = DIRECTION ( 'NONE',  ( -0.0000000000000000000, -0.0000000000000000000, -1.000000000000000000 ) ) ;
#2036 = ADVANCED_FACE ( 'NONE', ( #3642 ), #8103, .T. ) ;
#2037 = EDGE_LOOP ( 'NONE', ( #6764, #1907, #9405, #1118 ) ) ;
#2039 = EDGE_CURVE ( 'NONE', #5767, #9442, #8723, .T. ) ;
#2038 = UNCERTAINTY_MEASURE_WITH_UNIT (LENGTH_MEASURE( 1.000000000000000082E-05 ), #1044, 'distance_accuracy_value', 'NONE');
#2040 = PLANE ( 'NONE',  #6493 ) ;
#2041 = EDGE_CURVE ( 'NONE', #2422, #6042, #7386, .T. ) ;
#2042 = DIRECTION ( 'NONE',  ( 0.0000000000000000000, 0.0000000000000000000, 1.000000000000000000 ) ) ;
#2043 = ORIENTED_EDGE ( 'NONE', *, *, #2800, .F. ) ;
#2044 = CARTESIAN_POINT ( 'NONE',  ( 0.1699996599999901992, 0.08000237999999804117, 0.0000000000000000000 ) ) ;
#2045 = VECTOR ( 'NONE', #9228, 1000.000000000000000 ) ;
#2046 = CARTESIAN_POINT ( 'NONE',  ( 0.009999980000002999664, 0.0000000000000000000, 0.0000000000000000000 ) ) ;
#2047 = ORIENTED_EDGE ( 'NONE', *, *, #8462, .T. ) ;
#2048 = DIRECTION ( 'NONE',  ( 0.0000000000000000000, -0.0000000000000000000, -1.000000000000000000 ) ) ;
#2049 = CARTESIAN_POINT ( 'NONE',  ( 0.1150010399999999988, -0.2199995600000000107, 0.01000000000000000021 ) ) ;
#2050 = CARTESIAN_POINT ( 'NONE',  ( -0.08999981999999999427, 0.1300022800000000256, 0.0000000000000000000 ) ) ;
#2051 = VECTOR ( 'NONE', #1, 1000.000000000000000 ) ;
#2052 = AXIS2_PLACEMENT_3D ( 'NONE', #8519, #7126, #5475 ) ;
#2053 = FILL_AREA_STYLE ('',( #8645 ) ) ;
#2054 = ORIENTED_EDGE ( 'NONE', *, *, #878, .F. ) ;
#2055 = UNCERTAINTY_MEASURE_WITH_UNIT (LENGTH_MEASURE( 1.000000000000000082E-05 ), #6723, 'distance_accuracy_value', 'NONE');
#2056 = CARTESIAN_POINT ( 'NONE',  ( 0.1400022599999999895, -0.07499858000000000913, 0.0000000000000000000 ) ) ;
#2057 = ADVANCED_FACE ( 'NONE', ( #5204 ), #8867, .T. ) ;
#2058 = VERTEX_POINT ( 'NONE', #744 ) ;
#2059 = PLANE ( 'NONE',  #1619 ) ;
#2060 = EDGE_CURVE ( 'NONE', #2452, #8797, #5063, .T. ) ;
#2061 = VECTOR ( 'NONE', #8932, 1000.000000000000000 ) ;
#2062 = CARTESIAN_POINT ( 'NONE',  ( 0.06999985999999999708, 0.1600022200000000006, 0.0000000000000000000 ) ) ;
#2063 = ORIENTED_EDGE ( 'NONE', *, *, #1466, .T. ) ;
#2064 = CARTESIAN_POINT ( 'NONE',  ( -0.8499982999999999844, 0.6500012400000000357, 0.0000000000000000000 ) ) ;
#2065 = AXIS2_PLACEMENT_3D ( 'NONE', #2917, #6570, #5890 ) ;
#2066 = EDGE_CURVE ( 'NONE', #4615, #3861, #8057, .T. ) ;
#2067 = DIRECTION ( 'NONE',  ( 1.000000000000000000, 0.0000000000000000000, 0.0000000000000000000 ) ) ;
#2068 = VERTEX_POINT ( 'NONE', #3689 ) ;
#2069 = VECTOR ( 'NONE', #8251, 1000.000000000000114 ) ;
#2070 = FACE_OUTER_BOUND ( 'NONE', #148, .T. ) ;
#2071 = DIRECTION ( 'NONE',  ( -0.7070768475729916069, 0.7071367135329916787, 0.0000000000000000000 ) ) ;
#2072 = CARTESIAN_POINT ( 'NONE',  ( 0.1199997599999999970, 0.1700021999999999922, 0.01000000000000000021 ) ) ;
#2073 = DIRECTION ( 'NONE',  ( 1.000000000000000000, -0.0000000000000000000, 0.0000000000000000000 ) ) ;
#2074 = ORIENTED_EDGE ( 'NONE', *, *, #4591, .F. ) ;
#2075 = AXIS2_PLACEMENT_3D ( 'NONE', #4265, #2134, #4449 ) ;
#2076 = VECTOR ( 'NONE', #1909, 999.9999999999998863 ) ;
#2077 = CARTESIAN_POINT ( 'NONE',  ( 0.009999980000002999664, 0.009999980000002999664, 0.0000000000000000000 ) ) ;
#2078 = ORIENTED_EDGE ( 'NONE', *, *, #4716, .F. ) ;
#2079 = LINE ( 'NONE', #8088, #3162 ) ;
#2080 = DIRECTION ( 'NONE',  ( 0.0000000000000000000, 0.0000000000000000000, 1.000000000000000000 ) ) ;
#2081 = FACE_OUTER_BOUND ( 'NONE', #5704, .T. ) ;
#2082 = DIRECTION ( 'NONE',  ( 0.0000000000000000000, 0.0000000000000000000, 1.000000000000000000 ) ) ;
#2083 = DIRECTION ( 'NONE',  ( 0.8944271909999158554, 0.4472135954999579277, 0.0000000000000000000 ) ) ;
#2084 = VECTOR ( 'NONE', #4741, 1000.000000000000000 ) ;
#2085 = PRODUCT_DEFINITION_SHAPE ( 'NONE', 'NONE',  #9517 ) ;
#2086 =( GEOMETRIC_REPRESENTATION_CONTEXT ( 3 ) GLOBAL_UNCERTAINTY_ASSIGNED_CONTEXT ( ( #7971 ) ) GLOBAL_UNIT_ASSIGNED_CONTEXT ( ( #9355, #2739, #5605 ) ) REPRESENTATION_CONTEXT ( 'NONE', 'WORKASPACE' ) );
#2087 =( LENGTH_UNIT ( ) NAMED_UNIT ( * ) SI_UNIT ( .MILLI., .METRE. ) );
#2088 = PRODUCT_DEFINITION ( 'UNKNOWN', '', #2104, #116 ) ;
#2089 = AXIS2_PLACEMENT_3D ( 'NONE', #8380, #8330, #3828 ) ;
#2090 = EDGE_LOOP ( 'NONE', ( #602, #5834, #1124, #4705 ) ) ;
#2091 = CARTESIAN_POINT ( 'NONE',  ( 0.8300008800000049369, 0.7400010599999747862, 0.02000000000000000042 ) ) ;
#2092 =( NAMED_UNIT ( * ) PLANE_ANGLE_UNIT ( ) SI_UNIT ( $, .RADIAN. ) );
#2093 = ORIENTED_EDGE ( 'NONE', *, *, #6977, .T. ) ;
#2094 = DIRECTION ( 'NONE',  ( -0.0000000000000000000, 0.0000000000000000000, -1.000000000000000000 ) ) ;
#2095 = PRODUCT_DEFINITION_SHAPE ( 'NONE', 'NONE',  #3090 ) ;
#2096 = PLANE ( 'NONE',  #5147 ) ;
#2097 = ORIENTED_EDGE ( 'NONE', *, *, #3884, .T. ) ;
#2098 = DIRECTION ( 'NONE',  ( 0.0000000000000000000, 0.0000000000000000000, 1.000000000000000000 ) ) ;
#2099 = LINE ( 'NONE', #2960, #3494 ) ;
#2100 = VECTOR ( 'NONE', #6767, 999.9999999999998863 ) ;
#2101 = EDGE_CURVE ( 'NONE', #6989, #3213, #6651, .T. ) ;
#2102 = ITEM_DEFINED_TRANSFORMATION ( 'NONE', 'NONE', #1710,  #2951 ) ;
#2103 = CARTESIAN_POINT ( 'NONE',  ( 0.03999991999999999437, -0.1499996999999999303, 0.009999999999999998473 ) ) ;
#2104 = PRODUCT_DEFINITION_FORMATION_WITH_SPECIFIED_SOURCE ( 'ANY', '', #3305, .NOT_KNOWN. ) ;
#2105 = CARTESIAN_POINT ( 'NONE',  ( 0.1150010399999999988, 0.03000247999998999909, 0.0000000000000000000 ) ) ;
#2106 =( NAMED_UNIT ( * ) PLANE_ANGLE_UNIT ( ) SI_UNIT ( $, .RADIAN. ) );
#2107 = ADVANCED_FACE ( 'NONE', ( #5928 ), #787, .T. ) ;
#2108 = ORIENTED_EDGE ( 'NONE', *, *, #6624, .T. ) ;
#2109 = CARTESIAN_POINT ( 'NONE',  ( -0.1249984800000000090, -0.1099997800000000053, 0.0000000000000000000 ) ) ;
#2110 = AXIS2_PLACEMENT_3D ( 'NONE', #3792, #745, #8818 ) ;
#2111 =( NAMED_UNIT ( * ) SI_UNIT ( $, .STERADIAN. ) SOLID_ANGLE_UNIT ( ) );
#2112 = EDGE_LOOP ( 'NONE', ( #1399, #7196, #3982, #4678 ) ) ;
#2113 = DIRECTION ( 'NONE',  ( 1.000000000000000000, 0.0000000000000000000, 0.0000000000000000000 ) ) ;
#2114 = AXIS2_PLACEMENT_3D ( 'NONE', #3913, #3224, #291 ) ;
#2115 = EDGE_CURVE ( 'NONE', #8463, #5535, #8918, .T. ) ;
#2116 = PRODUCT_CONTEXT ( 'NONE', #7098, 'mechanical' ) ;
#2117 = CARTESIAN_POINT ( 'NONE',  ( -0.01999741999999999839, -0.1749983800000000089, 0.0000000000000000000 ) ) ;
#2118 = EDGE_CURVE ( 'NONE', #500, #2342, #6752, .T. ) ;
#2119 = ORIENTED_EDGE ( 'NONE', *, *, #2294, .F. ) ;
#2120 = LINE ( 'NONE', #4338, #7239 ) ;
#2121 = CARTESIAN_POINT ( 'NONE',  ( 0.0000000000000000000, 0.0000000000000000000, 0.0000000000000000000 ) ) ;
#2122 = ORIENTED_EDGE ( 'NONE', *, *, #6983, .T. ) ;
#2123 = PLANE ( 'NONE',  #1714 ) ;
#2124 = DIRECTION ( 'NONE',  ( 1.000000000000000000, 0.0000000000000000000, -0.0000000000000000000 ) ) ;
#2125 = DIRECTION ( 'NONE',  ( -0.1961161351379917261, -0.9805806756909586364, 0.0000000000000000000 ) ) ;
#2126 = LINE ( 'NONE', #4346, #7018 ) ;
#2127 = ORIENTED_EDGE ( 'NONE', *, *, #58, .T. ) ;
#2128 = EDGE_CURVE ( 'NONE', #7414, #1404, #6065, .T. ) ;
#2129 = CARTESIAN_POINT ( 'NONE',  ( -0.09999980000001000568, 0.01999995999999000171, 0.0000000000000000000 ) ) ;
#2130 = ORIENTED_EDGE ( 'NONE', *, *, #6445, .T. ) ;
#2131 = DIRECTION ( 'NONE',  ( -1.000000000000000000, 0.0000000000000000000, 0.0000000000000000000 ) ) ;
#2132 = ORIENTED_EDGE ( 'NONE', *, *, #2445, .T. ) ;
#2133 = CARTESIAN_POINT ( 'NONE',  ( 0.01500123999999000007, -0.1799996399999999885, 0.0000000000000000000 ) ) ;
#2134 = DIRECTION ( 'NONE',  ( -0.0000000000000000000, 1.000000000000000000, 0.0000000000000000000 ) ) ;
#2135 = ORIENTED_EDGE ( 'NONE', *, *, #5041, .T. ) ;
#2136 = APPLICATION_CONTEXT ( 'automotive_design' ) ;
#2137 = SHAPE_REPRESENTATION ( 'User Library-QFN-20', ( #4568, #6122, #5821 ), #3798 ) ;
#2138 =( LENGTH_UNIT ( ) NAMED_UNIT ( * ) SI_UNIT ( .MILLI., .METRE. ) );
#2139 = EDGE_LOOP ( 'NONE', ( #4044, #4469, #6227, #5055, #2237, #5455, #8075, #3264, #3270, #550, #3063, #3189 ) ) ;
#2140 = CARTESIAN_POINT ( 'NONE',  ( -0.1299997400000000025, 0.09000236000000000347, 0.0000000000000000000 ) ) ;
#2141 = ORIENTED_EDGE ( 'NONE', *, *, #3110, .F. ) ;
#2142 = DIRECTION ( 'NONE',  ( -0.0000000000000000000, 0.0000000000000000000, -1.000000000000000000 ) ) ;
#2143 = DIRECTION ( 'NONE',  ( 0.0000000000000000000, -0.0000000000000000000, 1.000000000000000000 ) ) ;
#2144 = DIRECTION ( 'NONE',  ( 0.0000000000000000000, 0.0000000000000000000, -1.000000000000000000 ) ) ;
#2145 =( GEOMETRIC_REPRESENTATION_CONTEXT ( 3 ) GLOBAL_UNCERTAINTY_ASSIGNED_CONTEXT ( ( #3108 ) ) GLOBAL_UNIT_ASSIGNED_CONTEXT ( ( #5651, #6474, #6521 ) ) REPRESENTATION_CONTEXT ( 'NONE', 'WORKASPACE' ) );
#2146 = DIRECTION ( 'NONE',  ( 0.0000000000000000000, 0.0000000000000000000, -1.000000000000000000 ) ) ;
#2147 = CARTESIAN_POINT ( 'NONE',  ( 0.1299997400000000025, 0.1800021800000000116, 0.01000000000000000194 ) ) ;
#2148 = DIRECTION ( 'NONE',  ( 1.000000000000000000, 0.0000000000000000000, 0.0000000000000000000 ) ) ;
#2149 = ORIENTED_EDGE ( 'NONE', *, *, #8345, .F. ) ;
#2150 = CARTESIAN_POINT ( 'NONE',  ( 0.03500120000000266768, -0.2199995600000040075, 0.009999999999999998473 ) ) ;
#2151 = ORIENTED_EDGE ( 'NONE', *, *, #8859, .T. ) ;
#2152 = LINE ( 'NONE', #6708, #8712 ) ;
#2153 = ORIENTED_EDGE ( 'NONE', *, *, #3051, .F. ) ;
#2154 = VECTOR ( 'NONE', #5739, 1000.000000000000000 ) ;
#2155 = LINE ( 'NONE', #8068, #370 ) ;
#2156 = EDGE_CURVE ( 'NONE', #3623, #2764, #5493, .T. ) ;
#2157 = APPLICATION_PROTOCOL_DEFINITION ( 'draft international standard', 'automotive_design', 1998, #5112 ) ;
#2158 = VECTOR ( 'NONE', #4602, 1000.000000000000114 ) ;
#2159 = CARTESIAN_POINT ( 'NONE',  ( 0.1599996799999920949, 0.1300022799999915601, 0.01000000000000000194 ) ) ;
#2160 = VERTEX_POINT ( 'NONE', #3196 ) ;
#2161 = DIRECTION ( 'NONE',  ( -0.0000000000000000000, -0.0000000000000000000, -1.000000000000000000 ) ) ;
#2162 = ORIENTED_EDGE ( 'NONE', *, *, #4589, .T. ) ;
#2163 = CARTESIAN_POINT ( 'NONE',  ( 1.499999539999999909, -1.499999539999999909, 0.5799999999999999600 ) ) ;
#2164 = CARTESIAN_POINT ( 'NONE',  ( -0.1149985000000204871, 0.03000248000009100857, 0.0000000000000000000 ) ) ;
#2165 = EDGE_CURVE ( 'NONE', #5668, #2594, #210, .T. ) ;
#2166 =( GEOMETRIC_REPRESENTATION_CONTEXT ( 3 ) GLOBAL_UNCERTAINTY_ASSIGNED_CONTEXT ( ( #6313 ) ) GLOBAL_UNIT_ASSIGNED_CONTEXT ( ( #2870, #6525, #2111 ) ) REPRESENTATION_CONTEXT ( 'NONE', 'WORKASPACE' ) );
#2167 = FACE_OUTER_BOUND ( 'NONE', #4971, .T. ) ;
#2168 = EDGE_CURVE ( 'NONE', #1669, #1566, #7526, .T. ) ;
#2169 = DIRECTION ( 'NONE',  ( -0.0000000000000000000, -0.0000000000000000000, -1.000000000000000000 ) ) ;
#2170 = EDGE_CURVE ( 'NONE', #5350, #8401, #932, .T. ) ;
#2171 = AXIS2_PLACEMENT_3D ( 'NONE', #8993, #2421, #3832 ) ;
#2172 = PLANE ( 'NONE',  #1761 ) ;
#2173 = PRODUCT_DEFINITION_SHAPE ( 'NONE', 'NONE',  #92 ) ;
#2174 = ORIENTED_EDGE ( 'NONE', *, *, #163, .T. ) ;
#2175 = PLANE ( 'NONE',  #6265 ) ;
#2176 = EDGE_CURVE ( 'NONE', #9327, #1219, #6797, .T. ) ;
#2177 = ORIENTED_EDGE ( 'NONE', *, *, #2413, .T. ) ;
#2178 = DIRECTION ( 'NONE',  ( 1.000000000000000000, 0.0000000000000000000, -0.0000000000000000000 ) ) ;
#2179 = VECTOR ( 'NONE', #2034, 1000.000000000000114 ) ;
#2180 = CARTESIAN_POINT ( 'NONE',  ( -0.09499854000000999832, -0.1099972399999999961, 0.0000000000000000000 ) ) ;
#2181 = EDGE_CURVE ( 'NONE', #8718, #1153, #3148, .T. ) ;
#2182 = VERTEX_POINT ( 'NONE', #6114 ) ;
#2183 = ORIENTED_EDGE ( 'NONE', *, *, #8156, .F. ) ;
#2184 = FACE_OUTER_BOUND ( 'NONE', #5450, .T. ) ;
#2185 = SHAPE_REPRESENTATION_RELATIONSHIP ( 'NONE' , 'NONE' ,  #8969, #3476 ) ;
#2186 = EDGE_CURVE ( 'NONE', #5234, #8810, #9047, .T. ) ;
#2187 = ORIENTED_EDGE ( 'NONE', *, *, #2389, .F. ) ;
#2188 = CARTESIAN_POINT ( 'NONE',  ( 1.499999539999999909, -1.499999539999999909, 0.5799999999999999600 ) ) ;
#2189 = CARTESIAN_POINT ( 'NONE',  ( 0.1750009200000000043, 0.02000249999999999945, 0.02000000000000000042 ) ) ;
#2190 = APPLICATION_CONTEXT ( 'automotive_design' ) ;
#2191 = VECTOR ( 'NONE', #5066, 1000.000000000000114 ) ;
#2192 = LINE ( 'NONE', #8108, #8224 ) ;
#2193 = ORIENTED_EDGE ( 'NONE', *, *, #7797, .F. ) ;
#2194 = VECTOR ( 'NONE', #3158, 1000.000000000000000 ) ;
#2195 = DIRECTION ( 'NONE',  ( 0.8320502943379975980, -0.5547001962249983320, 0.0000000000000000000 ) ) ;
#2196 = SURFACE_STYLE_USAGE ( .BOTH. , #5990 ) ;
#2197 = EDGE_LOOP ( 'NONE', ( #7990, #2324, #452, #5114 ) ) ;
#2198 = CARTESIAN_POINT ( 'NONE',  ( -0.6500012400000000357, 0.8499982999999999844, 0.0000000000000000000 ) ) ;
#2199 = ORIENTED_EDGE ( 'NONE', *, *, #4063, .T. ) ;
#2200 = CARTESIAN_POINT ( 'NONE',  ( 0.09500108000000333230, -0.1999996000000076324, 0.0000000000000000000 ) ) ;
#2201 = AXIS2_PLACEMENT_3D ( 'NONE', #155, #6058, #4600 ) ;
#2202 = APPLICATION_PROTOCOL_DEFINITION ( 'draft international standard', 'automotive_design', 1998, #1285 ) ;
#2203 = AXIS2_PLACEMENT_3D ( 'NONE', #7362, #5814, #726 ) ;
#2204 = CARTESIAN_POINT ( 'NONE',  ( 0.1499997000000000136, 0.1750009200000000043, 0.02000000000000000042 ) ) ;
#2205 = ORIENTED_EDGE ( 'NONE', *, *, #6500, .F. ) ;
#2206 = ADVANCED_BREP_SHAPE_REPRESENTATION ( '', ( #7782, #2951 ), #7879 ) ;
#2207 = DIRECTION ( 'NONE',  ( -1.000000000000000000, 0.0000000000000000000, 0.0000000000000000000 ) ) ;
#2208 = ORIENTED_EDGE ( 'NONE', *, *, #4002, .F. ) ;
#2209 = PRODUCT_RELATED_PRODUCT_CATEGORY ( 'part', '', ( #8501 ) ) ;
#2210 = CARTESIAN_POINT ( 'NONE',  ( -0.1299997400000000025, 0.1300022800000000256, 0.0000000000000000000 ) ) ;
#2211 =( LENGTH_UNIT ( ) NAMED_UNIT ( * ) SI_UNIT ( .MILLI., .METRE. ) );
#2212 = VECTOR ( 'NONE', #2741, 1000.000000000000000 ) ;
#2213 = LINE ( 'NONE', #45, #7266 ) ;
#2214 = CLOSED_SHELL ( 'NONE', ( #2883, #6689, #1751, #3765, #9039, #2600, #285, #3005, #2234, #1996, #569, #6614 ) ) ;
#2215 = LINE ( 'NONE', #529, #7779 ) ;
#2216 = ORIENTED_EDGE ( 'NONE', *, *, #6455, .F. ) ;
#2217 = EDGE_CURVE ( 'NONE', #6554, #4923, #7473, .T. ) ;
#2218 = EDGE_CURVE ( 'NONE', #2481, #7123, #8295, .T. ) ;
#2219 = VECTOR ( 'NONE', #8507, 1000.000000000000114 ) ;
#2220 = EDGE_LOOP ( 'NONE', ( #3771, #4032, #3043, #2383 ) ) ;
#2221 = CARTESIAN_POINT ( 'NONE',  ( -0.09999980000001000568, -0.009997440000006000207, 0.0000000000000000000 ) ) ;
#2222 = ADVANCED_FACE ( 'NONE', ( #1036, #8243 ), #1679, .T. ) ;
#2223 =( LENGTH_UNIT ( ) NAMED_UNIT ( * ) SI_UNIT ( .MILLI., .METRE. ) );
#2224 = ORIENTED_EDGE ( 'NONE', *, *, #5017, .T. ) ;
#2225 = DIRECTION ( 'NONE',  ( -0.7071067811865474617, -0.7071067811865474617, 0.0000000000000000000 ) ) ;
#2226 = VECTOR ( 'NONE', #8956, 1000.000000000000000 ) ;
#2227 = DIRECTION ( 'NONE',  ( 0.4472135954999579832, -0.8944271909999159664, 0.0000000000000000000 ) ) ;
#2228 = VECTOR ( 'NONE', #8624, 1000.000000000000227 ) ;
#2229 = ORIENTED_EDGE ( 'NONE', *, *, #4482, .F. ) ;
#2230 = EDGE_CURVE ( 'NONE', #4508, #2456, #5340, .T. ) ;
#2231 = AXIS2_PLACEMENT_3D ( 'NONE', #1792, #1060, #6974 ) ;
#2232 = FILL_AREA_STYLE_COLOUR ( '', #8941 ) ;
#2233 = VERTEX_POINT ( 'NONE', #3882 ) ;
#2234 = ADVANCED_FACE ( 'NONE', ( #6849 ), #2425, .T. ) ;
#2235 = CARTESIAN_POINT ( 'NONE',  ( 0.1500022400000000089, -0.1799996399999999885, 0.0000000000000000000 ) ) ;
#2236 =( NAMED_UNIT ( * ) PLANE_ANGLE_UNIT ( ) SI_UNIT ( $, .RADIAN. ) );
#2237 = ORIENTED_EDGE ( 'NONE', *, *, #6036, .F. ) ;
#2238 = LINE ( 'NONE', #4316, #2379 ) ;
#2239 = CARTESIAN_POINT ( 'NONE',  ( 0.08999982000000000815, 0.1300022800000000256, 0.0000000000000000000 ) ) ;
#2240 = CARTESIAN_POINT ( 'NONE',  ( 0.0000000000000000000, 0.0000000000000000000, 0.0000000000000000000 ) ) ;
#2241 = DIRECTION ( 'NONE',  ( 0.0000000000000000000, -0.0000000000000000000, -1.000000000000000000 ) ) ;
#2242 = VECTOR ( 'NONE', #5658, 1000.000000000000000 ) ;
#2243 = EDGE_CURVE ( 'NONE', #3727, #2871, #7613, .T. ) ;
#2244 = CARTESIAN_POINT ( 'NONE',  ( 0.08999981999999999427, 0.1300022800000000256, 0.0000000000000000000 ) ) ;
#2245 = COLOUR_RGB ( '',1.000000000000000000, 1.000000000000000000, 0.4000000000000000222 ) ;
#2246 = PRODUCT_DEFINITION_SHAPE ( 'NONE', 'NONE',  #9529 ) ;
#2247 = SURFACE_STYLE_FILL_AREA ( #24 ) ;
#2248 = VERTEX_POINT ( 'NONE', #6164 ) ;
#2249 = DIRECTION ( 'NONE',  ( 0.9805902541527398153, -0.1960682367459480047, 0.0000000000000000000 ) ) ;
#2250 = FILL_AREA_STYLE ('',( #2298 ) ) ;
#2251 = ORIENTED_EDGE ( 'NONE', *, *, #386, .F. ) ;
#2252 = LINE ( 'NONE', #8020, #69 ) ;
#2253 = VERTEX_POINT ( 'NONE', #3929 ) ;
#2254 = VECTOR ( 'NONE', #9261, 1000.000000000000114 ) ;
#2255 = PLANE ( 'NONE',  #2065 ) ;
#2256 = SHAPE_REPRESENTATION ( 'User Library-QFN-20_Extruded22', ( #2951 ), #9250 ) ;
#2257 = PRODUCT_DEFINITION_SHAPE ( 'NONE', 'NONE',  #4515 ) ;
#2258 = AXIS2_PLACEMENT_3D ( 'NONE', #7753, #5725, #3374 ) ;
#2259 = APPLICATION_PROTOCOL_DEFINITION ( 'draft international standard', 'automotive_design', 1998, #6919 ) ;
#2260 = LINE ( 'NONE', #5945, #4200 ) ;
#2261 = EDGE_LOOP ( 'NONE', ( #7866, #4913, #9341, #6804 ) ) ;
#2262 = DIRECTION ( 'NONE',  ( -0.8944271909999158554, -0.4472135954999579277, -0.0000000000000000000 ) ) ;
#2263 =( NAMED_UNIT ( * ) SI_UNIT ( $, .STERADIAN. ) SOLID_ANGLE_UNIT ( ) );
#2264 = ORIENTED_EDGE ( 'NONE', *, *, #5775, .F. ) ;
#2265 = DIRECTION ( 'NONE',  ( 1.000000000000000000, 0.0000000000000000000, 0.0000000000000000000 ) ) ;
#2266 = PLANE ( 'NONE',  #4902 ) ;
#2267 = DIRECTION ( 'NONE',  ( -1.000000000000000000, -0.0000000000000000000, 0.0000000000000000000 ) ) ;
#2268 = CARTESIAN_POINT ( 'NONE',  ( 0.1350010000000017585, -0.1299972000000003125, 0.0000000000000000000 ) ) ;
#2269 = FACE_OUTER_BOUND ( 'NONE', #5086, .T. ) ;
#2270 = APPLICATION_CONTEXT ( 'automotive_design' ) ;
#2271 = VECTOR ( 'NONE', #2616, 1000.000000000000000 ) ;
#2272 = DIRECTION ( 'NONE',  ( -1.000000000000000000, 0.0000000000000000000, 0.0000000000000000000 ) ) ;
#2273 = CARTESIAN_POINT ( 'NONE',  ( 0.8100009200000354292, 0.7700010000000354626, 0.0000000000000000000 ) ) ;
#2274 = ORIENTED_EDGE ( 'NONE', *, *, #1468, .F. ) ;
#2275 = LINE ( 'NONE', #960, #242 ) ;
#2276 = AXIS2_PLACEMENT_3D ( 'NONE', #2064, #9362, #2881 ) ;
#2277 = DIRECTION ( 'NONE',  ( 1.000000000000000000, 0.0000000000000000000, 0.0000000000000000000 ) ) ;
#2278 = VERTEX_POINT ( 'NONE', #8386 ) ;
#2279 = CARTESIAN_POINT ( 'NONE',  ( 0.005001260000000001295, 0.1800021800000000394, 0.0000000000000000000 ) ) ;
#2280 = EDGE_CURVE ( 'NONE', #1212, #2764, #1763, .T. ) ;
#2281 = DIRECTION ( 'NONE',  ( -0.2425356250363328303, -0.9701425001453319874, 0.0000000000000000000 ) ) ;
#2282 = ORIENTED_EDGE ( 'NONE', *, *, #2825, .T. ) ;
#2283 = EDGE_CURVE ( 'NONE', #2253, #3407, #6949, .T. ) ;
#2284 = CARTESIAN_POINT ( 'NONE',  ( 0.1099997800000115794, 0.1400022599999992401, 0.01000000000000000194 ) ) ;
#2285 = LINE ( 'NONE', #2464, #6118 ) ;
#2286 = SURFACE_SIDE_STYLE ('',( #8148 ) ) ;
#2287 = EDGE_LOOP ( 'NONE', ( #2282, #3423, #7628, #4122 ) ) ;
#2288 = CARTESIAN_POINT ( 'NONE',  ( -0.1549984199999999979, 0.03000247999998999909, 0.0000000000000000000 ) ) ;
#2289 = EDGE_LOOP ( 'NONE', ( #8569, #7635, #9323, #8658, #1202, #6522, #8252, #3943, #1376, #7751 ) ) ;
#2290 = DIRECTION ( 'NONE',  ( 0.9701425001453907182, 0.2425356250360976851, 0.0000000000000000000 ) ) ;
#2291 = FACE_OUTER_BOUND ( 'NONE', #6638, .T. ) ;
#2292 = EDGE_CURVE ( 'NONE', #4698, #8747, #5631, .T. ) ;
#2293 = LINE ( 'NONE', #3592, #5522 ) ;
#2294 = EDGE_CURVE ( 'NONE', #567, #7240, #4848, .T. ) ;
#2295 = DIRECTION ( 'NONE',  ( -0.0000000000000000000, 0.0000000000000000000, -1.000000000000000000 ) ) ;
#2296 = ORIENTED_EDGE ( 'NONE', *, *, #7688, .T. ) ;
#2297 = DIRECTION ( 'NONE',  ( -0.0000000000000000000, 1.000000000000000000, 0.0000000000000000000 ) ) ;
#2298 = FILL_AREA_STYLE_COLOUR ( '', #7128 ) ;
#2299 = EDGE_LOOP ( 'NONE', ( #2030, #3223, #8219, #3584, #2490, #5514, #6707, #6953, #1560, #3877, #668, #1598, #4202, #1032 ) ) ;
#2300 = CARTESIAN_POINT ( 'NONE',  ( -0.1099997800000001441, 0.1700021999999997979, 0.0000000000000000000 ) ) ;
#2301 = VERTEX_POINT ( 'NONE', #544 ) ;
#2302 = EDGE_CURVE ( 'NONE', #5170, #1289, #1814, .T. ) ;
#2303 = FACE_OUTER_BOUND ( 'NONE', #8208, .T. ) ;
#2304 = VECTOR ( 'NONE', #1827, 1000.000000000000000 ) ;
#2305 =( GEOMETRIC_REPRESENTATION_CONTEXT ( 3 ) GLOBAL_UNCERTAINTY_ASSIGNED_CONTEXT ( ( #8732 ) ) GLOBAL_UNIT_ASSIGNED_CONTEXT ( ( #3496, #5693, #1903 ) ) REPRESENTATION_CONTEXT ( 'NONE', 'WORKASPACE' ) );
#2306 = DIRECTION ( 'NONE',  ( -0.5547001962249983320, 0.8320502943379975980, 0.0000000000000000000 ) ) ;
#2307 = VERTEX_POINT ( 'NONE', #4159 ) ;
#2308 = FACE_OUTER_BOUND ( 'NONE', #2005, .T. ) ;
#2309 = VECTOR ( 'NONE', #6695, 999.9999999999998863 ) ;
#2310 = DIRECTION ( 'NONE',  ( 0.0000000000000000000, 0.0000000000000000000, 1.000000000000000000 ) ) ;
#2311 = ORIENTED_EDGE ( 'NONE', *, *, #1882, .F. ) ;
#2312 = CARTESIAN_POINT ( 'NONE',  ( 0.1650009400000024273, -0.05999734000000060685, 0.0000000000000000000 ) ) ;
#2313 = DIRECTION ( 'NONE',  ( 0.0000000000000000000, -0.0000000000000000000, 1.000000000000000000 ) ) ;
#2314 = LINE ( 'NONE', #2358, #674 ) ;
#2315 = CARTESIAN_POINT ( 'NONE',  ( -0.1499971600000000183, -0.05499861999998999912, 0.0000000000000000000 ) ) ;
#2316 = ORIENTED_EDGE ( 'NONE', *, *, #3281, .T. ) ;
#2317 = CARTESIAN_POINT ( 'NONE',  ( 0.8499982999999999844, -0.6499987000000000403, 0.0000000000000000000 ) ) ;
#2318 = APPLICATION_CONTEXT ( 'automotive_design' ) ;
#2319 = SHAPE_DEFINITION_REPRESENTATION ( #2457, #6479 ) ;
#2320 = VERTEX_POINT ( 'NONE', #7043 ) ;
#2321 = CARTESIAN_POINT ( 'NONE',  ( 0.02500121999999001254, 0.1499997000000000136, 0.0000000000000000000 ) ) ;
#2322 = CARTESIAN_POINT ( 'NONE',  ( 0.1750009200000000043, 0.1499997000000000136, 0.02000000000000000042 ) ) ;
#2323 = STYLED_ITEM ( 'NONE', ( #8333 ), #6960 ) ;
#2324 = ORIENTED_EDGE ( 'NONE', *, *, #6144, .T. ) ;
#2325 = PRODUCT_DEFINITION_SHAPE ( 'NONE', 'NONE',  #9528 ) ;
#2326 = CARTESIAN_POINT ( 'NONE',  ( -0.01999741999999999839, -0.1749983800000000089, 0.0000000000000000000 ) ) ;
#2327 = FACE_OUTER_BOUND ( 'NONE', #2978, .T. ) ;
#2328 = PRODUCT_DEFINITION_CONTEXT ( 'detailed design', #7951, 'design' ) ;
#2329 = VECTOR ( 'NONE', #3928, 1000.000000000000000 ) ;
#2330 = CARTESIAN_POINT ( 'NONE',  ( 0.0000000000000000000, 0.2000021399999999949, 0.005000000000000000104 ) ) ;
#2331 = ORIENTED_EDGE ( 'NONE', *, *, #8032, .F. ) ;
#2332 = ADVANCED_FACE ( 'NONE', ( #8626 ), #6459, .T. ) ;
#2333 = CARTESIAN_POINT ( 'NONE',  ( 0.8100009200000088949, 0.7700010000000088173, 0.0000000000000000000 ) ) ;
#2334 = DIRECTION ( 'NONE',  ( 0.8944271909999158554, -0.4472135954999579277, -0.0000000000000000000 ) ) ;
#2335 = DIRECTION ( 'NONE',  ( 0.7071067811865474617, 0.7071067811865474617, 0.0000000000000000000 ) ) ;
#2336 = CONTEXT_DEPENDENT_SHAPE_REPRESENTATION ( #1216, #1726 ) ;
#2337 = LINE ( 'NONE', #2477, #7607 ) ;
#2338 = ORIENTED_EDGE ( 'NONE', *, *, #2230, .T. ) ;
#2339 = UNCERTAINTY_MEASURE_WITH_UNIT (LENGTH_MEASURE( 1.000000000000000082E-05 ), #1141, 'distance_accuracy_value', 'NONE');
#2340 = DIRECTION ( 'NONE',  ( 0.4472135954999569285, 0.8944271909999162995, 0.0000000000000000000 ) ) ;
#2341 = SHAPE_REPRESENTATION_RELATIONSHIP ( 'NONE' , 'NONE' ,  #530, #7299 ) ;
#2342 = VERTEX_POINT ( 'NONE', #351 ) ;
#2343 = EDGE_CURVE ( 'NONE', #2554, #5613, #6406, .T. ) ;
#2344 = CARTESIAN_POINT ( 'NONE',  ( 0.8499982999999999844, 0.6500012400000000357, 0.0000000000000000000 ) ) ;
#2345 = VERTEX_POINT ( 'NONE', #1174 ) ;
#2346 = DIRECTION ( 'NONE',  ( 0.0000000000000000000, -0.0000000000000000000, 1.000000000000000000 ) ) ;
#2347 = ITEM_DEFINED_TRANSFORMATION ( 'NONE', 'NONE', #4644,  #8641 ) ;
#2348 = EDGE_CURVE ( 'NONE', #8810, #3266, #5688, .T. ) ;
#2349 = DIRECTION ( 'NONE',  ( -0.9701425001453907182, 0.2425356250360976851, 0.0000000000000000000 ) ) ;
#2350 = VERTEX_POINT ( 'NONE', #1276 ) ;
#2351 = CARTESIAN_POINT ( 'NONE',  ( -0.1499997000000000136, 0.1750009200000000043, 0.02000000000000000042 ) ) ;
#2352 = DIRECTION ( 'NONE',  ( 0.0000000000000000000, 0.0000000000000000000, 1.000000000000000000 ) ) ;
#2353 = ORIENTED_EDGE ( 'NONE', *, *, #9499, .F. ) ;
#2354 = ADVANCED_FACE ( 'NONE', ( #5583 ), #4117, .T. ) ;
#2355 = CARTESIAN_POINT ( 'NONE',  ( -0.1399997199999999942, 0.1800021800000000671, 0.0000000000000000000 ) ) ;
#2356 = LINE ( 'NONE', #9065, #8612 ) ;
#2357 = SURFACE_SIDE_STYLE ('',( #5229 ) ) ;
#2358 = CARTESIAN_POINT ( 'NONE',  ( -0.09999725999998999859, -0.1349984600000000146, 0.02000000000000000042 ) ) ;
#2359 = EDGE_CURVE ( 'NONE', #5238, #4055, #9237, .T. ) ;
#2360 = LINE ( 'NONE', #5319, #4669 ) ;
#2361 = ORIENTED_EDGE ( 'NONE', *, *, #1464, .T. ) ;
#2362 = DIRECTION ( 'NONE',  ( -0.0000000000000000000, -0.0000000000000000000, -1.000000000000000000 ) ) ;
#2363 = MECHANICAL_DESIGN_GEOMETRIC_PRESENTATION_REPRESENTATION (  '', ( #515 ), #1449 ) ;
#2364 = VECTOR ( 'NONE', #2652, 1000.000000000000114 ) ;
#2365 = ORIENTED_EDGE ( 'NONE', *, *, #8280, .T. ) ;
#2366 = DIRECTION ( 'NONE',  ( 0.0000000000000000000, -1.000000000000000000, -0.0000000000000000000 ) ) ;
#2367 = CARTESIAN_POINT ( 'NONE',  ( 0.8499982999999999844, 0.6400012600000000162, 0.02000000000000000042 ) ) ;
#2368 = LINE ( 'NONE', #3782, #5509 ) ;
#2369 = DIRECTION ( 'NONE',  ( 1.000000000000000000, 0.0000000000000000000, 0.0000000000000000000 ) ) ;
#2370 = LINE ( 'NONE', #2468, #4477 ) ;
#2371 = DIRECTION ( 'NONE',  ( 0.0000000000000000000, 0.0000000000000000000, 1.000000000000000000 ) ) ;
#2372 = VECTOR ( 'NONE', #1588, 1000.000000000000000 ) ;
#2373 = ORIENTED_EDGE ( 'NONE', *, *, #6973, .F. ) ;
#2374 = VECTOR ( 'NONE', #4824, 1000.000000000000000 ) ;
#2375 = FACE_OUTER_BOUND ( 'NONE', #335, .T. ) ;
#2376 = DIRECTION ( 'NONE',  ( 0.0000000000000000000, 1.000000000000000000, 0.0000000000000000000 ) ) ;
#2377 = FACE_OUTER_BOUND ( 'NONE', #2882, .T. ) ;
#2378 = CARTESIAN_POINT ( 'NONE',  ( 0.1499996999999999858, -0.02499868000000027290, 0.02000000000000000389 ) ) ;
#2379 = VECTOR ( 'NONE', #7428, 1000.000000000000000 ) ;
#2380 = EDGE_LOOP ( 'NONE', ( #3343, #8863, #2586, #5643 ) ) ;
#2381 = DIRECTION ( 'NONE',  ( -0.4961389383569275724, 0.8682431421244056757, 0.0000000000000000000 ) ) ;
#2382 =( NAMED_UNIT ( * ) SI_UNIT ( $, .STERADIAN. ) SOLID_ANGLE_UNIT ( ) );
#2383 = ORIENTED_EDGE ( 'NONE', *, *, #854, .F. ) ;
#2384 = DIRECTION ( 'NONE',  ( 5.080010175878347568E-05, 0.9999999987096747089, 0.0000000000000000000 ) ) ;
#2385 = EDGE_LOOP ( 'NONE', ( #7522, #6644, #6350, #4011 ) ) ;
#2386 = LINE ( 'NONE', #1733, #4725 ) ;
#2387 = EDGE_CURVE ( 'NONE', #3369, #3865, #5729, .T. ) ;
#2388 = VECTOR ( 'NONE', #3233, 1000.000000000000114 ) ;
#2389 = EDGE_CURVE ( 'NONE', #5798, #3315, #4900, .T. ) ;
#2390 = CARTESIAN_POINT ( 'NONE',  ( 0.005001260000000001295, 0.1800021800000000394, 0.0000000000000000000 ) ) ;
#2391 = EDGE_LOOP ( 'NONE', ( #1065, #2653, #5261, #1161 ) ) ;
#2392 = CARTESIAN_POINT ( 'NONE',  ( 0.1299997400000000303, 0.07000240000000995666, 0.01000000000000000194 ) ) ;
#2393 = VECTOR ( 'NONE', #2869, 1000.000000000000000 ) ;
#2394 =( NAMED_UNIT ( * ) PLANE_ANGLE_UNIT ( ) SI_UNIT ( $, .RADIAN. ) );
#2395 = EDGE_LOOP ( 'NONE', ( #6219, #221, #2122, #444 ) ) ;
#2396 = CARTESIAN_POINT ( 'NONE',  ( 0.1699996599999999969, -0.03999738000000000598, 0.0000000000000000000 ) ) ;
#2397 = LINE ( 'NONE', #6972, #732 ) ;
#2398 = LINE ( 'NONE', #7544, #6574 ) ;
#2399 = PRODUCT_DEFINITION_SHAPE ( 'NONE', 'NONE',  #9558 ) ;
#2400 = PRODUCT_DEFINITION_FORMATION_WITH_SPECIFIED_SOURCE ( 'ANY', '', #9419, .NOT_KNOWN. ) ;
#2401 = EDGE_CURVE ( 'NONE', #4880, #315, #3379, .T. ) ;
#2402 = CARTESIAN_POINT ( 'NONE',  ( -0.1749983800000000089, -0.02999993999999998537, 0.0000000000000000000 ) ) ;
#2403 = EDGE_CURVE ( 'NONE', #3750, #473, #7710, .T. ) ;
#2404 = DIRECTION ( 'NONE',  ( -0.0000000000000000000, 0.0000000000000000000, -1.000000000000000000 ) ) ;
#2405 = VERTEX_POINT ( 'NONE', #4950 ) ;
#2406 = ORIENTED_EDGE ( 'NONE', *, *, #6248, .F. ) ;
#2407 = DIRECTION ( 'NONE',  ( -0.4472135954999579277, 0.8944271909999158554, -0.0000000000000000000 ) ) ;
#2408 = LINE ( 'NONE', #4053, #3339 ) ;
#2409 = VECTOR ( 'NONE', #427, 1000.000000000000227 ) ;
#2410 = PRODUCT_CONTEXT ( 'NONE', #7698, 'mechanical' ) ;
#2411 = ORIENTED_EDGE ( 'NONE', *, *, #987, .T. ) ;
#2412 = CARTESIAN_POINT ( 'NONE',  ( 0.0000000000000000000, 0.0000000000000000000, 0.0000000000000000000 ) ) ;
#2413 = EDGE_CURVE ( 'NONE', #8824, #1369, #4208, .T. ) ;
#2414 = DIRECTION ( 'NONE',  ( -0.0000000000000000000, -0.0000000000000000000, -1.000000000000000000 ) ) ;
#2415 = EDGE_CURVE ( 'NONE', #1834, #5061, #3966, .T. ) ;
#2416 = EDGE_LOOP ( 'NONE', ( #6477, #4700, #9201, #8467 ) ) ;
#2417 = VECTOR ( 'NONE', #5127, 1000.000000000000114 ) ;
#2418 = LINE ( 'NONE', #5385, #1293 ) ;
#2419 = CARTESIAN_POINT ( 'NONE',  ( -0.1400022599999999895, 0.07500112000000000445, 0.02000000000000000736 ) ) ;
#2420 = FACE_OUTER_BOUND ( 'NONE', #840, .T. ) ;
#2421 = DIRECTION ( 'NONE',  ( 0.0000000000000000000, 0.0000000000000000000, 1.000000000000000000 ) ) ;
#2422 = VERTEX_POINT ( 'NONE', #3286 ) ;
#2423 = PRESENTATION_STYLE_ASSIGNMENT (( #8335 ) ) ;
#2424 = DIRECTION ( 'NONE',  ( 0.7071067811865474617, -0.7071067811865474617, 0.0000000000000000000 ) ) ;
#2425 = PLANE ( 'NONE',  #4853 ) ;
#2426 = LINE ( 'NONE', #8341, #7064 ) ;
#2427 = CONTEXT_DEPENDENT_SHAPE_REPRESENTATION ( #4167, #95 ) ;
#2428 = CARTESIAN_POINT ( 'NONE',  ( -0.8399983200000000760, -0.7099985800000000458, 0.0000000000000000000 ) ) ;
#2429 =( NAMED_UNIT ( * ) SI_UNIT ( $, .STERADIAN. ) SOLID_ANGLE_UNIT ( ) );
#2430 = ORIENTED_EDGE ( 'NONE', *, *, #4771, .F. ) ;
#2431 = PRODUCT_DEFINITION_CONTEXT ( 'detailed design', #5295, 'design' ) ;
#2432 = LINE ( 'NONE', #5398, #8496 ) ;
#2433 = ORIENTED_EDGE ( 'NONE', *, *, #4726, .T. ) ;
#2434 = DIRECTION ( 'NONE',  ( 0.7071067811865474617, -0.7071067811865474617, -0.0000000000000000000 ) ) ;
#2435 = DIRECTION ( 'NONE',  ( 0.3162197340080041830, 0.9486859753490124447, 0.0000000000000000000 ) ) ;
#2436 = ORIENTED_EDGE ( 'NONE', *, *, #9378, .T. ) ;
#2437 = DIRECTION ( 'NONE',  ( 0.9805806756909586364, 0.1961161351379917261, 0.0000000000000000000 ) ) ;
#2438 = CONTEXT_DEPENDENT_SHAPE_REPRESENTATION ( #467, #1329 ) ;
#2439 =( REPRESENTATION_RELATIONSHIP ('NONE','NONE', #5544, #4344 ) REPRESENTATION_RELATIONSHIP_WITH_TRANSFORMATION ( #1096 )SHAPE_REPRESENTATION_RELATIONSHIP( ) );
#2440 = PLANE ( 'NONE',  #1278 ) ;
#2441 = ORIENTED_EDGE ( 'NONE', *, *, #6274, .T. ) ;
#2442 = EDGE_LOOP ( 'NONE', ( #8036, #1917 ) ) ;
#2443 = DIRECTION ( 'NONE',  ( 0.0000000000000000000, -0.0000000000000000000, -1.000000000000000000 ) ) ;
#2444 = DIRECTION ( 'NONE',  ( -0.0000000000000000000, 1.000000000000000000, 0.0000000000000000000 ) ) ;
#2445 = EDGE_CURVE ( 'NONE', #2679, #5918, #3433, .T. ) ;
#2446 = CARTESIAN_POINT ( 'NONE',  ( 0.04999989999999999990, 0.2400020599999999893, 0.0000000000000000000 ) ) ;
#2447 = AXIS2_PLACEMENT_3D ( 'NONE', #8288, #6110, #5288 ) ;
#2448 = CARTESIAN_POINT ( 'NONE',  ( 0.7600010200000001381, 0.8200008999999999215, 0.0000000000000000000 ) ) ;
#2449 = VERTEX_POINT ( 'NONE', #2573 ) ;
#2450 = LINE ( 'NONE', #5420, #8889 ) ;
#2451 = ADVANCED_FACE ( 'NONE', ( #7183 ), #5540, .T. ) ;
#2452 = VERTEX_POINT ( 'NONE', #775 ) ;
#2453 = LINE ( 'NONE', #7695, #7999 ) ;
#2454 = VECTOR ( 'NONE', #1034, 1000.000000000000000 ) ;
#2455 = APPLICATION_PROTOCOL_DEFINITION ( 'draft international standard', 'automotive_design', 1998, #8081 ) ;
#2456 = VERTEX_POINT ( 'NONE', #1327 ) ;
#2457 = PRODUCT_DEFINITION_SHAPE ( 'NONE', 'NONE',  #7541 ) ;
#2458 = ADVANCED_FACE ( 'NONE', ( #5145 ), #8093, .T. ) ;
#2459 = LINE ( 'NONE', #4795, #8826 ) ;
#2460 = DIRECTION ( 'NONE',  ( -0.0000000000000000000, -0.0000000000000000000, -1.000000000000000000 ) ) ;
#2461 = ORIENTED_EDGE ( 'NONE', *, *, #111, .F. ) ;
#2462 =( GEOMETRIC_REPRESENTATION_CONTEXT ( 3 ) GLOBAL_UNCERTAINTY_ASSIGNED_CONTEXT ( ( #9199 ) ) GLOBAL_UNIT_ASSIGNED_CONTEXT ( ( #2638, #6180, #8550 ) ) REPRESENTATION_CONTEXT ( 'NONE', 'WORKASPACE' ) );
#2463 = FACE_OUTER_BOUND ( 'NONE', #4940, .T. ) ;
#2464 = CARTESIAN_POINT ( 'NONE',  ( 0.02999993999999999925, -0.07999729999999999341, 0.0000000000000000000 ) ) ;
#2465 = AXIS2_PLACEMENT_3D ( 'NONE', #7563, #2697, #8332 ) ;
#2466 = EDGE_CURVE ( 'NONE', #2301, #68, #1423, .T. ) ;
#2467 = CARTESIAN_POINT ( 'NONE',  ( 0.0000000000000000000, 0.0000000000000000000, 0.0000000000000000000 ) ) ;
#2468 = CARTESIAN_POINT ( 'NONE',  ( -0.1549984200000212309, -0.07999984000002122175, 0.0000000000000000000 ) ) ;
#2469 =( NAMED_UNIT ( * ) PLANE_ANGLE_UNIT ( ) SI_UNIT ( $, .RADIAN. ) );
#2470 = ORIENTED_EDGE ( 'NONE', *, *, #921, .T. ) ;
#2472 = ADVANCED_FACE ( 'NONE', ( #4359 ), #1518, .F. ) ;
#2471 = DIRECTION ( 'NONE',  ( -0.7071067811870475062, 0.7071067811860475283, -0.0000000000000000000 ) ) ;
#2473 = CARTESIAN_POINT ( 'NONE',  ( -0.03999992000000009845, -0.1999995999999999718, 0.01000000000000000194 ) ) ;
#2474 = CARTESIAN_POINT ( 'NONE',  ( 0.04999989999999999990, 0.1650009400000000126, 0.02000000000000000736 ) ) ;
#2475 = CARTESIAN_POINT ( 'NONE',  ( 0.1299997400000000025, 0.2400020599999999893, 0.01000000000000000021 ) ) ;
#2476 = CONTEXT_DEPENDENT_SHAPE_REPRESENTATION ( #7163, #3869 ) ;
#2477 = CARTESIAN_POINT ( 'NONE',  ( 0.1199997599999999970, 0.04000245999999999663, 0.01000000000000000021 ) ) ;
#2478 = EDGE_LOOP ( 'NONE', ( #274, #749, #1157, #2183 ) ) ;
#2479 = LINE ( 'NONE', #268, #3704 ) ;
#2480 =( NAMED_UNIT ( * ) SI_UNIT ( $, .STERADIAN. ) SOLID_ANGLE_UNIT ( ) );
#2481 = VERTEX_POINT ( 'NONE', #4404 ) ;
#2482 = CARTESIAN_POINT ( 'NONE',  ( 0.1750009199999999765, -0.01999742000000001574, 0.0000000000000000000 ) ) ;
#2483 = DIRECTION ( 'NONE',  ( -0.0000000000000000000, -0.0000000000000000000, -1.000000000000000000 ) ) ;
#2484 = ORIENTED_EDGE ( 'NONE', *, *, #7089, .T. ) ;
#2485 = CARTESIAN_POINT ( 'NONE',  ( 0.01500123999999000007, -0.1799996399999999885, 0.0000000000000000000 ) ) ;
#2486 = VECTOR ( 'NONE', #2895, 1000.000000000000000 ) ;
#2487 = ITEM_DEFINED_TRANSFORMATION ( 'NONE', 'NONE', #3399,  #8672 ) ;
#2488 = DIRECTION ( 'NONE',  ( 0.3162277660171379234, -0.9486832980504137369, -0.0000000000000000000 ) ) ;
#2489 = CARTESIAN_POINT ( 'NONE',  ( 0.0000000000000000000, 0.0000000000000000000, 0.0000000000000000000 ) ) ;
#2490 = ORIENTED_EDGE ( 'NONE', *, *, #7139, .F. ) ;
#2491 =( LENGTH_UNIT ( ) NAMED_UNIT ( * ) SI_UNIT ( .MILLI., .METRE. ) );
#2492 = FILL_AREA_STYLE_COLOUR ( '', #4013 ) ;
#2493 = EDGE_LOOP ( 'NONE', ( #3008, #7914, #3113, #7204 ) ) ;
#2494 = CARTESIAN_POINT ( 'NONE',  ( -0.1299997400000000025, -0.02999740000000000392, 0.0000000000000000000 ) ) ;
#2495 = FACE_OUTER_BOUND ( 'NONE', #5218, .T. ) ;
#2496 = APPLICATION_CONTEXT ( 'automotive_design' ) ;
#2497 = VECTOR ( 'NONE', #6224, 1000.000000000000114 ) ;
#2498 = VECTOR ( 'NONE', #6656, 1000.000000000000000 ) ;
#2499 =( REPRESENTATION_RELATIONSHIP ('NONE','NONE', #5544, #4166 ) REPRESENTATION_RELATIONSHIP_WITH_TRANSFORMATION ( #7200 )SHAPE_REPRESENTATION_RELATIONSHIP( ) );
#2500 = PRODUCT_RELATED_PRODUCT_CATEGORY ( 'part', '', ( #6102 ) ) ;
#2501 = ORIENTED_EDGE ( 'NONE', *, *, #5975, .F. ) ;
#2502 = FACE_OUTER_BOUND ( 'NONE', #1121, .T. ) ;
#2503 = ORIENTED_EDGE ( 'NONE', *, *, #6680, .F. ) ;
#2504 = DIRECTION ( 'NONE',  ( 1.000000000000000000, 0.0000000000000000000, 0.0000000000000000000 ) ) ;
#2505 = PRODUCT_CONTEXT ( 'NONE', #5351, 'mechanical' ) ;
#2506 = VERTEX_POINT ( 'NONE', #8711 ) ;
#2507 =( LENGTH_UNIT ( ) NAMED_UNIT ( * ) SI_UNIT ( .MILLI., .METRE. ) );
#2508 = DIRECTION ( 'NONE',  ( 0.2169304578185298760, 0.9761870601839808259, 0.0000000000000000000 ) ) ;
#2509 = EDGE_CURVE ( 'NONE', #992, #6062, #57, .T. ) ;
#2510 = AXIS2_PLACEMENT_3D ( 'NONE', #969, #254, #3920 ) ;
#2511 = CARTESIAN_POINT ( 'NONE',  ( 0.7100011199999997080, 0.8400008599999976289, 0.02000000000000000042 ) ) ;
#2512 = VECTOR ( 'NONE', #5766, 1000.000000000000000 ) ;
#2513 = ADVANCED_FACE ( 'NONE', ( #7420 ), #7320, .T. ) ;
#2514 = VERTEX_POINT ( 'NONE', #685 ) ;
#2515 = PLANE ( 'NONE',  #9486 ) ;
#2516 = LINE ( 'NONE', #5669, #6811 ) ;
#2517 = SHAPE_REPRESENTATION_RELATIONSHIP ( 'NONE' , 'NONE' ,  #9109, #6960 ) ;
#2518 = ORIENTED_EDGE ( 'NONE', *, *, #8374, .F. ) ;
#2519 = DIRECTION ( 'NONE',  ( 1.000000000000000000, 0.0000000000000000000, 0.0000000000000000000 ) ) ;
#2520 = PLANE ( 'NONE',  #5748 ) ;
#2521 = VECTOR ( 'NONE', #620, 1000.000000000000000 ) ;
#2522 = CARTESIAN_POINT ( 'NONE',  ( 0.1500022400000000089, -0.2199995600000000107, 0.0000000000000000000 ) ) ;
#2523 = CLOSED_SHELL ( 'NONE', ( #6019, #7902, #4649, #4121, #4109, #7846, #3573, #6012, #6133, #6384, #7682, #8669, #6665, #401, #5510, #277 ) ) ;
#2524 = CARTESIAN_POINT ( 'NONE',  ( 0.1400022599999999895, 0.2200021000000000337, 0.0000000000000000000 ) ) ;
#2525 = EDGE_CURVE ( 'NONE', #1352, #5867, #8670, .T. ) ;
#2526 = CARTESIAN_POINT ( 'NONE',  ( 0.005001260000000000427, 0.2200021000000000060, 0.01000000000000000021 ) ) ;
#2527 = EDGE_CURVE ( 'NONE', #1501, #5350, #8143, .T. ) ;
#2528 = VECTOR ( 'NONE', #6129, 1000.000000000000114 ) ;
#2529 = VECTOR ( 'NONE', #7924, 1000.000000000000114 ) ;
#2530 = ORIENTED_EDGE ( 'NONE', *, *, #9427, .T. ) ;
#2531 = UNCERTAINTY_MEASURE_WITH_UNIT (LENGTH_MEASURE( 1.000000000000000082E-05 ), #256, 'distance_accuracy_value', 'NONE');
#2532 = LINE ( 'NONE', #3984, #2762 ) ;
#2533 = ORIENTED_EDGE ( 'NONE', *, *, #3385, .F. ) ;
#2534 = LINE ( 'NONE', #6171, #2069 ) ;
#2535 = CARTESIAN_POINT ( 'NONE',  ( -0.08999981999999792648, 0.1300022799999986378, 0.0000000000000000000 ) ) ;
#2536 = ORIENTED_EDGE ( 'NONE', *, *, #4224, .T. ) ;
#2537 = CARTESIAN_POINT ( 'NONE',  ( -0.1649983999999999895, 0.05999987999998999955, 0.02000000000000000042 ) ) ;
#2538 = VECTOR ( 'NONE', #7757, 1000.000000000000000 ) ;
#2539 = EDGE_CURVE ( 'NONE', #330, #1883, #3628, .T. ) ;
#2540 = VECTOR ( 'NONE', #5009, 1000.000000000000114 ) ;
#2541 = CONTEXT_DEPENDENT_SHAPE_REPRESENTATION ( #2499, #2246 ) ;
#2542 = FACE_OUTER_BOUND ( 'NONE', #4015, .T. ) ;
#2543 = PRODUCT_DEFINITION_SHAPE ( 'NONE', 'NONE',  #9503 ) ;
#2544 =( NAMED_UNIT ( * ) SI_UNIT ( $, .STERADIAN. ) SOLID_ANGLE_UNIT ( ) );
#2545 = ORIENTED_EDGE ( 'NONE', *, *, #3489, .T. ) ;
#2546 = DIRECTION ( 'NONE',  ( 0.0000000000000000000, -0.0000000000000000000, -1.000000000000000000 ) ) ;
#2547 = ORIENTED_EDGE ( 'NONE', *, *, #5892, .F. ) ;
#2548 = VECTOR ( 'NONE', #1105, 1000.000000000000000 ) ;
#2549 = CARTESIAN_POINT ( 'NONE',  ( 0.8400008599999999603, -0.7099985800000000458, 0.02000000000000000736 ) ) ;
#2550 = VECTOR ( 'NONE', #2407, 1000.000000000000114 ) ;
#2551 = AXIS2_PLACEMENT_3D ( 'NONE', #8212, #2969, #3751 ) ;
#2552 = ADVANCED_BREP_SHAPE_REPRESENTATION ( '', ( #7836, #2951 ), #6833 ) ;
#2553 =( GEOMETRIC_REPRESENTATION_CONTEXT ( 3 ) GLOBAL_UNCERTAINTY_ASSIGNED_CONTEXT ( ( #7874 ) ) GLOBAL_UNIT_ASSIGNED_CONTEXT ( ( #1026, #8189, #925 ) ) REPRESENTATION_CONTEXT ( 'NONE', 'WORKASPACE' ) );
#2554 = VERTEX_POINT ( 'NONE', #643 ) ;
#2555 = CARTESIAN_POINT ( 'NONE',  ( 0.005001260000000001295, 0.1800021800000000394, 0.01000000000000000021 ) ) ;
#2556 = ORIENTED_EDGE ( 'NONE', *, *, #9382, .T. ) ;
#2557 = PRODUCT_DEFINITION_CONTEXT ( 'detailed design', #2753, 'design' ) ;
#2558 = LINE ( 'NONE', #7025, #7681 ) ;
#2559 = APPLICATION_PROTOCOL_DEFINITION ( 'draft international standard', 'automotive_design', 1998, #528 ) ;
#2560 = VERTEX_POINT ( 'NONE', #4999 ) ;
#2561 = STYLED_ITEM ( 'NONE', ( #1361 ), #4549 ) ;
#2562 = PLANE ( 'NONE',  #5001 ) ;
#2563 = ORIENTED_EDGE ( 'NONE', *, *, #7724, .F. ) ;
#2564 = PRODUCT_DEFINITION_FORMATION_WITH_SPECIFIED_SOURCE ( 'ANY', '', #4326, .NOT_KNOWN. ) ;
#2565 = PLANE ( 'NONE',  #4993 ) ;
#2566 = ORIENTED_EDGE ( 'NONE', *, *, #812, .T. ) ;
#2567 =( LENGTH_UNIT ( ) NAMED_UNIT ( * ) SI_UNIT ( .MILLI., .METRE. ) );
#2568 = VECTOR ( 'NONE', #9346, 1000.000000000000000 ) ;
#2569 = ADVANCED_FACE ( 'NONE', ( #7949 ), #1375, .T. ) ;
#2570 = VERTEX_POINT ( 'NONE', #3537 ) ;
#2571 = DIRECTION ( 'NONE',  ( -0.8000000000000000444, 0.5999999999999999778, 0.0000000000000000000 ) ) ;
#2572 = CARTESIAN_POINT ( 'NONE',  ( 0.1150010399999999988, -0.1299972000000000072, 0.0000000000000000000 ) ) ;
#2573 = CARTESIAN_POINT ( 'NONE',  ( 0.1150010399999999988, 0.1200023000000000201, 0.0000000000000000000 ) ) ;
#2574 = EDGE_CURVE ( 'NONE', #678, #5187, #8002, .T. ) ;
#2575 = DIRECTION ( 'NONE',  ( 0.8357054797011166380, 0.5491778866610768084, 0.0000000000000000000 ) ) ;
#2576 = VECTOR ( 'NONE', #9031, 1000.000000000000000 ) ;
#2577 = LINE ( 'NONE', #7904, #4358 ) ;
#2578 = DIRECTION ( 'NONE',  ( 1.000000000000000000, 0.0000000000000000000, 0.0000000000000000000 ) ) ;
#2579 = ORIENTED_EDGE ( 'NONE', *, *, #683, .T. ) ;
#2580 = EDGE_CURVE ( 'NONE', #134, #4634, #6595, .T. ) ;
#2581 = DIRECTION ( 'NONE',  ( 0.9284766908852593037, -0.3713906763541037215, 0.0000000000000000000 ) ) ;
#2582 = ADVANCED_FACE ( 'NONE', ( #6643 ), #8, .T. ) ;
#2583 = ORIENTED_EDGE ( 'NONE', *, *, #4589, .F. ) ;
#2584 = LINE ( 'NONE', #1234, #5949 ) ;
#2585 = CARTESIAN_POINT ( 'NONE',  ( 0.1699996599999999969, -0.03999738000000000598, 0.0000000000000000000 ) ) ;
#2586 = ORIENTED_EDGE ( 'NONE', *, *, #572, .F. ) ;
#2587 = LINE ( 'NONE', #5700, #5477 ) ;
#2588 = EDGE_CURVE ( 'NONE', #1924, #7208, #8763, .T. ) ;
#2589 = CONTEXT_DEPENDENT_SHAPE_REPRESENTATION ( #6348, #3718 ) ;
#2590 = SURFACE_STYLE_FILL_AREA ( #6870 ) ;
#2591 = VERTEX_POINT ( 'NONE', #5869 ) ;
#2592 = CARTESIAN_POINT ( 'NONE',  ( -0.1749983800000000089, -0.1499997000000000136, 0.02000000000000000042 ) ) ;
#2593 = EDGE_CURVE ( 'NONE', #5617, #4267, #7601, .T. ) ;
#2594 = VERTEX_POINT ( 'NONE', #2322 ) ;
#2595 = DIRECTION ( 'NONE',  ( 0.9486859753490124447, -0.3162197340080041830, 0.0000000000000000000 ) ) ;
#2596 = CARTESIAN_POINT ( 'NONE',  ( -0.1749983800000000089, -0.02999993999999999231, 0.0000000000000000000 ) ) ;
#2597 = EDGE_CURVE ( 'NONE', #9102, #3620, #1708, .T. ) ;
#2598 = ORIENTED_EDGE ( 'NONE', *, *, #3276, .T. ) ;
#2599 = DIRECTION ( 'NONE',  ( -0.3511234415882890092, 0.9363291775690829599, 0.0000000000000000000 ) ) ;
#2600 = ADVANCED_FACE ( 'NONE', ( #6104 ), #874, .T. ) ;
#2601 = VERTEX_POINT ( 'NONE', #1667 ) ;
#2602 = PLANE ( 'NONE',  #4275 ) ;
#2603 = APPLICATION_PROTOCOL_DEFINITION ( 'draft international standard', 'automotive_design', 1998, #9157 ) ;
#2604 = ORIENTED_EDGE ( 'NONE', *, *, #296, .F. ) ;
#2605 = DIRECTION ( 'NONE',  ( 0.3713906763541037215, -0.9284766908852593037, -0.0000000000000000000 ) ) ;
#2606 = ORIENTED_EDGE ( 'NONE', *, *, #6244, .F. ) ;
#2607 = FACE_OUTER_BOUND ( 'NONE', #6206, .T. ) ;
#2608 = ORIENTED_EDGE ( 'NONE', *, *, #9134, .F. ) ;
#2609 = AXIS2_PLACEMENT_3D ( 'NONE', #4037, #4767, #1092 ) ;
#2610 =( GEOMETRIC_REPRESENTATION_CONTEXT ( 3 ) GLOBAL_UNCERTAINTY_ASSIGNED_CONTEXT ( ( #6216 ) ) GLOBAL_UNIT_ASSIGNED_CONTEXT ( ( #6202, #972, #3922 ) ) REPRESENTATION_CONTEXT ( 'NONE', 'WORKASPACE' ) );
#2611 = CARTESIAN_POINT ( 'NONE',  ( -0.08999981999999999427, 0.1450009800000000015, 0.0000000000000000000 ) ) ;
#2612 = VECTOR ( 'NONE', #7672, 1000.000000000000000 ) ;
#2613 = CARTESIAN_POINT ( 'NONE',  ( -0.06499860000000999560, 0.1600022200000000006, 0.0000000000000000000 ) ) ;
#2614 = CARTESIAN_POINT ( 'NONE',  ( 0.1499997000000000136, 0.1750009200000000043, 0.0000000000000000000 ) ) ;
#2615 = LINE ( 'NONE', #7900, #6825 ) ;
#2616 = DIRECTION ( 'NONE',  ( 0.0000000000000000000, -0.0000000000000000000, 1.000000000000000000 ) ) ;
#2617 = PRODUCT_DEFINITION_SHAPE ( 'NONE', 'NONE',  #7778 ) ;
#2618 = AXIS2_PLACEMENT_3D ( 'NONE', #4652, #4754, #7606 ) ;
#2619 = DIRECTION ( 'NONE',  ( 0.0000000000000000000, -0.0000000000000000000, -1.000000000000000000 ) ) ;
#2620 = DIRECTION ( 'NONE',  ( 0.0000000000000000000, 0.0000000000000000000, 1.000000000000000000 ) ) ;
#2621 = PRODUCT_DEFINITION ( 'UNKNOWN', '', #96, #1209 ) ;
#2622 = ORIENTED_EDGE ( 'NONE', *, *, #5686, .T. ) ;
#2623 = UNCERTAINTY_MEASURE_WITH_UNIT (LENGTH_MEASURE( 1.000000000000000082E-05 ), #4472, 'distance_accuracy_value', 'NONE');
#2624 = DIRECTION ( 'NONE',  ( -0.0000000000000000000, 0.0000000000000000000, -1.000000000000000000 ) ) ;
#2625 = VERTEX_POINT ( 'NONE', #108 ) ;
#2626 = APPLICATION_CONTEXT ( 'automotive_design' ) ;
#2627 = DIRECTION ( 'NONE',  ( -0.0000000000000000000, 1.000000000000000000, 0.0000000000000000000 ) ) ;
#2628 = PLANE ( 'NONE',  #8794 ) ;
#2629 = ORIENTED_EDGE ( 'NONE', *, *, #2509, .T. ) ;
#2630 = CARTESIAN_POINT ( 'NONE',  ( 0.1499997000000024006, 0.04500118000000056379, 0.02000000000000000389 ) ) ;
#2631 = CARTESIAN_POINT ( 'NONE',  ( 0.7600010200000001381, -0.8199983600000000372, 0.02000000000000000736 ) ) ;
#2632 = EDGE_CURVE ( 'NONE', #4436, #409, #8328, .T. ) ;
#2633 =( GEOMETRIC_REPRESENTATION_CONTEXT ( 3 ) GLOBAL_UNCERTAINTY_ASSIGNED_CONTEXT ( ( #7004 ) ) GLOBAL_UNIT_ASSIGNED_CONTEXT ( ( #3282, #2469, #9087 ) ) REPRESENTATION_CONTEXT ( 'NONE', 'WORKASPACE' ) );
#2634 = EDGE_CURVE ( 'NONE', #8408, #8601, #9036, .T. ) ;
#2635 = FILL_AREA_STYLE_COLOUR ( '', #6548 ) ;
#2636 = EDGE_CURVE ( 'NONE', #8926, #3919, #3045, .T. ) ;
#2637 = VERTEX_POINT ( 'NONE', #3187 ) ;
#2638 =( LENGTH_UNIT ( ) NAMED_UNIT ( * ) SI_UNIT ( .MILLI., .METRE. ) );
#2639 = VERTEX_POINT ( 'NONE', #8232 ) ;
#2640 = LINE ( 'NONE', #4234, #8413 ) ;
#2641 = VECTOR ( 'NONE', #6998, 1000.000000000000000 ) ;
#2642 = EDGE_CURVE ( 'NONE', #2342, #5032, #6154, .T. ) ;
#2643 = AXIS2_PLACEMENT_3D ( 'NONE', #8518, #4835, #4101 ) ;
#2644 = EDGE_CURVE ( 'NONE', #7578, #6096, #1612, .T. ) ;
#2645 = ORIENTED_EDGE ( 'NONE', *, *, #9321, .F. ) ;
#2646 = PLANE ( 'NONE',  #6798 ) ;
#2647 = ORIENTED_EDGE ( 'NONE', *, *, #1466, .F. ) ;
#2648 = PRODUCT_DEFINITION_CONTEXT ( 'detailed design', #3242, 'design' ) ;
#2649 = DIRECTION ( 'NONE',  ( -0.0000000000000000000, 1.000000000000000000, 0.0000000000000000000 ) ) ;
#2650 = APPLICATION_PROTOCOL_DEFINITION ( 'draft international standard', 'automotive_design', 1998, #6976 ) ;
#2651 = EDGE_LOOP ( 'NONE', ( #137, #6438, #8192, #1270 ) ) ;
#2652 = DIRECTION ( 'NONE',  ( -0.2747211278969818316, -0.9615239476409362940, 0.0000000000000000000 ) ) ;
#2653 = ORIENTED_EDGE ( 'NONE', *, *, #3664, .T. ) ;
#2654 = VECTOR ( 'NONE', #7001, 1000.000000000000114 ) ;
#2655 = EDGE_CURVE ( 'NONE', #768, #3369, #3867, .T. ) ;
#2656 = CARTESIAN_POINT ( 'NONE',  ( -0.1499997000000000136, 0.1400022599999999895, 0.0000000000000000000 ) ) ;
#2657 = VECTOR ( 'NONE', #1959, 1000.000000000000000 ) ;
#2658 = VERTEX_POINT ( 'NONE', #8373 ) ;
#2659 = DIRECTION ( 'NONE',  ( -0.9486832980504137369, -0.3162277660171379234, -0.0000000000000000000 ) ) ;
#2660 = DIRECTION ( 'NONE',  ( 1.000000000000000000, 0.0000000000000000000, 0.0000000000000000000 ) ) ;
#2661 = ORIENTED_EDGE ( 'NONE', *, *, #6314, .F. ) ;
#2662 = LINE ( 'NONE', #4066, #3001 ) ;
#2663 = CARTESIAN_POINT ( 'NONE',  ( -0.1249984800000000368, -0.1099997800000000053, 0.0000000000000000000 ) ) ;
#2664 = CARTESIAN_POINT ( 'NONE',  ( -0.1199997600000080045, 0.1100023200000039975, 0.0000000000000000000 ) ) ;
#2665 = DIRECTION ( 'NONE',  ( -0.5491778866610768084, 0.8357054797011166380, 0.0000000000000000000 ) ) ;
#2666 = AXIS2_PLACEMENT_3D ( 'NONE', #2446, #9069, #811 ) ;
#2667 = DIRECTION ( 'NONE',  ( 0.4472135954999579832, 0.8944271909999159664, 0.0000000000000000000 ) ) ;
#2668 = ORIENTED_EDGE ( 'NONE', *, *, #2115, .T. ) ;
#2669 = SHAPE_REPRESENTATION ( 'User Library-QFN-20_479706833', ( #7725, #7885 ), #6498 ) ;
#2670 = DIRECTION ( 'NONE',  ( 0.9284766908852593037, -0.3713906763541037215, -0.0000000000000000000 ) ) ;
#2671 = VECTOR ( 'NONE', #7586, 1000.000000000000000 ) ;
#2672 = VERTEX_POINT ( 'NONE', #7463 ) ;
#2673 = AXIS2_PLACEMENT_3D ( 'NONE', #407, #6446, #8034 ) ;
#2674 = CARTESIAN_POINT ( 'NONE',  ( -0.1749983800000000367, -0.1499997000000000136, 0.0000000000000000000 ) ) ;
#2675 = CARTESIAN_POINT ( 'NONE',  ( -0.6500012400000000357, 0.8499982999999999844, 0.02000000000000000042 ) ) ;
#2676 = ORIENTED_EDGE ( 'NONE', *, *, #9311, .T. ) ;
#2677 = LINE ( 'NONE', #8770, #547 ) ;
#2678 = DIRECTION ( 'NONE',  ( 0.6000000000000001998, 0.7999999999999999334, 0.0000000000000000000 ) ) ;
#2679 = VERTEX_POINT ( 'NONE', #4642 ) ;
#2680 = PRODUCT_DEFINITION ( 'UNKNOWN', '', #3498, #7562 ) ;
#2681 = CONTEXT_DEPENDENT_SHAPE_REPRESENTATION ( #534, #4566 ) ;
#2682 = PLANE ( 'NONE',  #7060 ) ;
#2683 = ORIENTED_EDGE ( 'NONE', *, *, #5369, .F. ) ;
#2684 = LINE ( 'NONE', #8688, #5662 ) ;
#2685 = CARTESIAN_POINT ( 'NONE',  ( 0.0000000000000000000, 0.0000000000000000000, 0.0000000000000000000 ) ) ;
#2686 = ORIENTED_EDGE ( 'NONE', *, *, #4224, .F. ) ;
#2687 = CARTESIAN_POINT ( 'NONE',  ( 0.1050010600000000210, -0.1299971999999999794, 0.0000000000000000000 ) ) ;
#2688 = VECTOR ( 'NONE', #2376, 1000.000000000000000 ) ;
#2689 =( REPRESENTATION_RELATIONSHIP ('NONE','NONE', #5544, #23 ) REPRESENTATION_RELATIONSHIP_WITH_TRANSFORMATION ( #5648 )SHAPE_REPRESENTATION_RELATIONSHIP( ) );
#2690 = VECTOR ( 'NONE', #2627, 1000.000000000000000 ) ;
#2691 = EDGE_CURVE ( 'NONE', #1883, #6641, #1749, .T. ) ;
#2692 = CARTESIAN_POINT ( 'NONE',  ( 0.09000235999997879821, -0.1449984399999788010, 0.0000000000000000000 ) ) ;
#2693 = AXIS2_PLACEMENT_3D ( 'NONE', #883, #2290, #1571 ) ;
#2694 = ORIENTED_EDGE ( 'NONE', *, *, #8502, .T. ) ;
#2695 = LINE ( 'NONE', #7783, #1075 ) ;
#2696 = ORIENTED_EDGE ( 'NONE', *, *, #6561, .T. ) ;
#2697 = DIRECTION ( 'NONE',  ( -1.000000000000000000, 0.0000000000000000000, 0.0000000000000000000 ) ) ;
#2698 = LINE ( 'NONE', #4986, #1190 ) ;
#2699 = VERTEX_POINT ( 'NONE', #4697 ) ;
#2700 = PRODUCT_DEFINITION_SHAPE ( 'NONE', 'NONE',  #7014 ) ;
#2701 = CARTESIAN_POINT ( 'NONE',  ( -0.1049985200000040780, 0.1299997400000040271, 0.02000000000000000042 ) ) ;
#2702 = MECHANICAL_DESIGN_GEOMETRIC_PRESENTATION_REPRESENTATION (  '', ( #3465 ), #7047 ) ;
#2703 = EDGE_CURVE ( 'NONE', #3251, #6604, #198, .T. ) ;
#2704 = ORIENTED_EDGE ( 'NONE', *, *, #8497, .T. ) ;
#2705 =( GEOMETRIC_REPRESENTATION_CONTEXT ( 3 ) GLOBAL_UNCERTAINTY_ASSIGNED_CONTEXT ( ( #1488 ) ) GLOBAL_UNIT_ASSIGNED_CONTEXT ( ( #6992, #1894, #7178 ) ) REPRESENTATION_CONTEXT ( 'NONE', 'WORKASPACE' ) );
#2706 = LINE ( 'NONE', #7750, #200 ) ;
#2707 = PRODUCT_DEFINITION_SHAPE ( 'NONE', 'NONE',  #3516 ) ;
#2708 = ORIENTED_EDGE ( 'NONE', *, *, #947, .F. ) ;
#2709 = SURFACE_SIDE_STYLE ('',( #9084 ) ) ;
#2710 = AXIS2_PLACEMENT_3D ( 'NONE', #4517, #6074, #6705 ) ;
#2711 = CARTESIAN_POINT ( 'NONE',  ( 1.439999660000000237, -1.319997359999999897, 0.6126987999999999879 ) ) ;
#2712 = EDGE_CURVE ( 'NONE', #8071, #737, #3967, .T. ) ;
#2713 = CARTESIAN_POINT ( 'NONE',  ( -0.7599984800000000318, -0.8199983600000000372, 0.0000000000000000000 ) ) ;
#2714 = DIRECTION ( 'NONE',  ( 0.0000000000000000000, 0.0000000000000000000, 1.000000000000000000 ) ) ;
#2715 = CARTESIAN_POINT ( 'NONE',  ( -0.6500012400000000357, -0.8499982999999999844, 0.0000000000000000000 ) ) ;
#2716 = CARTESIAN_POINT ( 'NONE',  ( -0.1699996599999999969, -0.03999738000000000598, 0.0000000000000000000 ) ) ;
#2717 =( GEOMETRIC_REPRESENTATION_CONTEXT ( 3 ) GLOBAL_UNCERTAINTY_ASSIGNED_CONTEXT ( ( #9473 ) ) GLOBAL_UNIT_ASSIGNED_CONTEXT ( ( #6550, #79, #8449 ) ) REPRESENTATION_CONTEXT ( 'NONE', 'WORKASPACE' ) );
#2718 = LINE ( 'NONE', #545, #3650 ) ;
#2719 = VECTOR ( 'NONE', #5930, 1000.000000000000000 ) ;
#2720 = DIRECTION ( 'NONE',  ( -1.000000000000000000, -0.0000000000000000000, -0.0000000000000000000 ) ) ;
#2721 =( NAMED_UNIT ( * ) SI_UNIT ( $, .STERADIAN. ) SOLID_ANGLE_UNIT ( ) );
#2722 = ORIENTED_EDGE ( 'NONE', *, *, #7857, .T. ) ;
#2723 = CARTESIAN_POINT ( 'NONE',  ( 0.1399997199999999942, -0.1299997400000000025, 0.0000000000000000000 ) ) ;
#2724 = PRODUCT_DEFINITION_CONTEXT ( 'detailed design', #4988, 'design' ) ;
#2725 = CARTESIAN_POINT ( 'NONE',  ( 0.7200010999999999495, -0.8399983200000000760, 0.02000000000000000736 ) ) ;
#2726 = ORIENTED_EDGE ( 'NONE', *, *, #6746, .F. ) ;
#2727 = DIRECTION ( 'NONE',  ( -1.000000000000000000, 0.0000000000000000000, 0.0000000000000000000 ) ) ;
#2728 = DIRECTION ( 'NONE',  ( -0.0000000000000000000, -0.0000000000000000000, -1.000000000000000000 ) ) ;
#2729 = ORIENTED_EDGE ( 'NONE', *, *, #445, .T. ) ;
#2730 = LINE ( 'NONE', #8592, #1310 ) ;
#2731 = CARTESIAN_POINT ( 'NONE',  ( -0.09499854000000997056, 0.1200023000000000617, 0.01000000000000000194 ) ) ;
#2732 = ORIENTED_EDGE ( 'NONE', *, *, #4978, .T. ) ;
#2733 = AXIS2_PLACEMENT_3D ( 'NONE', #7218, #5806, #7357 ) ;
#2734 = ORIENTED_EDGE ( 'NONE', *, *, #7091, .F. ) ;
#2735 = UNCERTAINTY_MEASURE_WITH_UNIT (LENGTH_MEASURE( 1.000000000000000082E-05 ), #3386, 'distance_accuracy_value', 'NONE');
#2736 = LINE ( 'NONE', #612, #6583 ) ;
#2737 = ORIENTED_EDGE ( 'NONE', *, *, #5506, .T. ) ;
#2738 = DIRECTION ( 'NONE',  ( -0.0000000000000000000, 0.0000000000000000000, -1.000000000000000000 ) ) ;
#2739 =( NAMED_UNIT ( * ) PLANE_ANGLE_UNIT ( ) SI_UNIT ( $, .RADIAN. ) );
#2740 = AXIS2_PLACEMENT_3D ( 'NONE', #8769, #4273, #5105 ) ;
#2741 = DIRECTION ( 'NONE',  ( 0.0000000000000000000, -0.0000000000000000000, -1.000000000000000000 ) ) ;
#2742 = ORIENTED_EDGE ( 'NONE', *, *, #1123, .T. ) ;
#2743 = DIRECTION ( 'NONE',  ( -0.9284766908852593037, -0.3713906763541037215, 0.0000000000000000000 ) ) ;
#2744 = EDGE_CURVE ( 'NONE', #805, #7578, #6738, .T. ) ;
#2745 = FACE_OUTER_BOUND ( 'NONE', #9158, .T. ) ;
#2746 = LINE ( 'NONE', #8655, #9359 ) ;
#2747 = APPLICATION_PROTOCOL_DEFINITION ( 'draft international standard', 'automotive_design', 1998, #6157 ) ;
#2748 = DIRECTION ( 'NONE',  ( -0.9486832980505298663, -0.3162277660167896465, 0.0000000000000000000 ) ) ;
#2749 = ORIENTED_EDGE ( 'NONE', *, *, #6144, .F. ) ;
#2750 = EDGE_CURVE ( 'NONE', #1718, #660, #8906, .T. ) ;
#2751 = EDGE_CURVE ( 'NONE', #5068, #5421, #821, .T. ) ;
#2752 = DIRECTION ( 'NONE',  ( -0.0000000000000000000, -1.000000000000000000, 0.0000000000000000000 ) ) ;
#2753 = APPLICATION_CONTEXT ( 'automotive_design' ) ;
#2754 = ORIENTED_EDGE ( 'NONE', *, *, #6382, .T. ) ;
#2755 = DIRECTION ( 'NONE',  ( -0.0000000000000000000, -0.0000000000000000000, -1.000000000000000000 ) ) ;
#2756 = EDGE_CURVE ( 'NONE', #6042, #5887, #1562, .T. ) ;
#2757 = DIRECTION ( 'NONE',  ( 0.0000000000000000000, 0.0000000000000000000, 1.000000000000000000 ) ) ;
#2758 = DIRECTION ( 'NONE',  ( 0.8944271909999156334, 0.4472135954999582608, 0.0000000000000000000 ) ) ;
#2759 =( NAMED_UNIT ( * ) SI_UNIT ( $, .STERADIAN. ) SOLID_ANGLE_UNIT ( ) );
#2760 = CARTESIAN_POINT ( 'NONE',  ( 0.1099997800000000053, -0.1599996800000000052, 0.01000000000000000021 ) ) ;
#2761 = EDGE_CURVE ( 'NONE', #3683, #1883, #6782, .T. ) ;
#2762 = VECTOR ( 'NONE', #408, 1000.000000000000114 ) ;
#2763 = SURFACE_SIDE_STYLE ('',( #9383 ) ) ;
#2764 = VERTEX_POINT ( 'NONE', #8281 ) ;
#2765 = ADVANCED_FACE ( 'NONE', ( #5328 ), #7078, .T. ) ;
#2766 = CARTESIAN_POINT ( 'NONE',  ( 0.1500022400000000089, -0.2199995600000000107, 0.01000000000000000021 ) ) ;
#2767 = ORIENTED_EDGE ( 'NONE', *, *, #1355, .T. ) ;
#2768 = CARTESIAN_POINT ( 'NONE',  ( -0.1549984199999999979, 0.03000247999999006848, 0.01000000000000000021 ) ) ;
#2769 = FACE_OUTER_BOUND ( 'NONE', #197, .T. ) ;
#2770 = ORIENTED_EDGE ( 'NONE', *, *, #2992, .T. ) ;
#2771 = CARTESIAN_POINT ( 'NONE',  ( 0.05000244000000000216, -0.1649983999999999895, 0.02000000000000000736 ) ) ;
#2772 = DIRECTION ( 'NONE',  ( -0.8944271909999158554, -0.4472135954999579277, -0.0000000000000000000 ) ) ;
#2773 = CONTEXT_DEPENDENT_SHAPE_REPRESENTATION ( #4854, #1651 ) ;
#2774 = DIRECTION ( 'NONE',  ( -0.0000000000000000000, -0.0000000000000000000, -1.000000000000000000 ) ) ;
#2775 = AXIS2_PLACEMENT_3D ( 'NONE', #8005, #3442, #7096 ) ;
#2776 = DIRECTION ( 'NONE',  ( -0.8944271909999159664, 0.4472135954999579832, 0.0000000000000000000 ) ) ;
#2777 = PRODUCT ( 'User Library-QFN-20_Extruded19', 'User Library-QFN-20_Extruded19', '', ( #5944 ) ) ;
#2778 = ORIENTED_EDGE ( 'NONE', *, *, #6327, .T. ) ;
#2779 = ORIENTED_EDGE ( 'NONE', *, *, #4771, .T. ) ;
#2780 = CARTESIAN_POINT ( 'NONE',  ( -0.01999742000000001574, -0.1749983799999999812, 0.0000000000000000000 ) ) ;
#2781 = SURFACE_STYLE_USAGE ( .BOTH. , #570 ) ;
#2782 = PRODUCT_DEFINITION_SHAPE ( 'NONE', 'NONE',  #493 ) ;
#2783 = DIRECTION ( 'NONE',  ( 0.7071067811863711583, -0.7071067811867237651, 0.0000000000000000000 ) ) ;
#2784 = VERTEX_POINT ( 'NONE', #5675 ) ;
#2785 = VECTOR ( 'NONE', #9286, 1000.000000000000114 ) ;
#2786 = CARTESIAN_POINT ( 'NONE',  ( 0.1450009799999947280, 0.09000235999999470216, 0.0000000000000000000 ) ) ;
#2787 = DIRECTION ( 'NONE',  ( 1.000000000000000000, 0.0000000000000000000, 0.0000000000000000000 ) ) ;
#2788 = ORIENTED_EDGE ( 'NONE', *, *, #5902, .F. ) ;
#2789 = DIRECTION ( 'NONE',  ( -1.000000000000000000, 0.0000000000000000000, 0.0000000000000000000 ) ) ;
#2790 = DIRECTION ( 'NONE',  ( -0.7071067811865474617, -0.7071067811865474617, -0.0000000000000000000 ) ) ;
#2791 = DIRECTION ( 'NONE',  ( 0.0000000000000000000, 1.000000000000000000, -0.0000000000000000000 ) ) ;
#2792 = FACE_OUTER_BOUND ( 'NONE', #2287, .T. ) ;
#2793 = VERTEX_POINT ( 'NONE', #9177 ) ;
#2794 = PRODUCT_RELATED_PRODUCT_CATEGORY ( 'part', '', ( #2858 ) ) ;
#2795 = VERTEX_POINT ( 'NONE', #4748 ) ;
#2796 = CARTESIAN_POINT ( 'NONE',  ( 2.534998739999999806, -2.534998739999999806, 0.01270000000000000122 ) ) ;
#2797 = CARTESIAN_POINT ( 'NONE',  ( -0.09499854000000999832, -0.1099972400000000100, 0.01000000000000000021 ) ) ;
#2798 = CARTESIAN_POINT ( 'NONE',  ( 0.02500121999998999867, 0.2200021000000000060, 0.0000000000000000000 ) ) ;
#2799 = VECTOR ( 'NONE', #9098, 1000.000000000000114 ) ;
#2800 = EDGE_CURVE ( 'NONE', #42, #9112, #4020, .T. ) ;
#2801 = DIRECTION ( 'NONE',  ( -0.2169304578189737986, 0.9761870601838822381, 0.0000000000000000000 ) ) ;
#2802 = APPLICATION_CONTEXT ( 'automotive_design' ) ;
#2803 = EDGE_CURVE ( 'NONE', #9300, #3909, #1159, .T. ) ;
#2804 = EDGE_LOOP ( 'NONE', ( #852, #3648, #2937, #7130 ) ) ;
#2805 = UNCERTAINTY_MEASURE_WITH_UNIT (LENGTH_MEASURE( 1.000000000000000082E-05 ), #5548, 'distance_accuracy_value', 'NONE');
#2806 = DIRECTION ( 'NONE',  ( 0.9486832980504978918, 0.3162277660168853477, 0.0000000000000000000 ) ) ;
#2807 =( LENGTH_UNIT ( ) NAMED_UNIT ( * ) SI_UNIT ( .MILLI., .METRE. ) );
#2808 = ORIENTED_EDGE ( 'NONE', *, *, #167, .F. ) ;
#2809 = PLANE ( 'NONE',  #689 ) ;
#2810 = VECTOR ( 'NONE', #8377, 999.9999999999998863 ) ;
#2811 = LINE ( 'NONE', #8638, #4810 ) ;
#2812 = VERTEX_POINT ( 'NONE', #8474 ) ;
#2813 = EDGE_CURVE ( 'NONE', #7741, #5887, #4103, .T. ) ;
#2814 = DIRECTION ( 'NONE',  ( 0.0000000000000000000, -1.000000000000000000, -0.0000000000000000000 ) ) ;
#2815 = CARTESIAN_POINT ( 'NONE',  ( 0.1199997599999999970, 0.1700021999999999922, 0.0000000000000000000 ) ) ;
#2816 = EDGE_CURVE ( 'NONE', #5365, #5380, #7747, .T. ) ;
#2817 = CARTESIAN_POINT ( 'NONE',  ( -0.1149985000000000035, -0.01999742000001000081, 0.0000000000000000000 ) ) ;
#2818 = VECTOR ( 'NONE', #2029, 1000.000000000000000 ) ;
#2819 = DIRECTION ( 'NONE',  ( 0.8944271909999158554, 0.4472135954999579277, 0.0000000000000000000 ) ) ;
#2820 = VECTOR ( 'NONE', #8755, 1000.000000000000000 ) ;
#2821 = ORIENTED_EDGE ( 'NONE', *, *, #8510, .F. ) ;
#2822 = DIRECTION ( 'NONE',  ( 0.5812242285152580124, -0.8137434461713612954, 0.0000000000000000000 ) ) ;
#2823 = ORIENTED_EDGE ( 'NONE', *, *, #4716, .T. ) ;
#2824 = FACE_OUTER_BOUND ( 'NONE', #7660, .T. ) ;
#2825 = EDGE_CURVE ( 'NONE', #2871, #2253, #6242, .T. ) ;
#2826 = LINE ( 'NONE', #4979, #2242 ) ;
#2827 = APPLICATION_PROTOCOL_DEFINITION ( 'draft international standard', 'automotive_design', 1998, #7893 ) ;
#2828 = DIRECTION ( 'NONE',  ( -0.5547001962249983320, -0.8320502943379975980, 0.0000000000000000000 ) ) ;
#2829 = ORIENTED_EDGE ( 'NONE', *, *, #1154, .F. ) ;
#2830 = LINE ( 'NONE', #3663, #3659 ) ;
#2831 = AXIS2_PLACEMENT_3D ( 'NONE', #178, #7963, #4178 ) ;
#2832 = ORIENTED_EDGE ( 'NONE', *, *, #3060, .T. ) ;
#2833 = AXIS2_PLACEMENT_3D ( 'NONE', #2613, #3376, #6353 ) ;
#2834 = CARTESIAN_POINT ( 'NONE',  ( 0.03999991999999445019, 0.1800021799999916849, 0.0000000000000000000 ) ) ;
#2835 = DIRECTION ( 'NONE',  ( 1.000000000000000000, 0.0000000000000000000, 0.0000000000000000000 ) ) ;
#2836 = DIRECTION ( 'NONE',  ( -0.0000000000000000000, 1.000000000000000000, 0.0000000000000000000 ) ) ;
#2837 = LINE ( 'NONE', #585, #9151 ) ;
#2838 = ORIENTED_EDGE ( 'NONE', *, *, #7637, .T. ) ;
#2839 = VECTOR ( 'NONE', #1826, 1000.000000000000000 ) ;
#2840 = DIRECTION ( 'NONE',  ( 0.1644057590550507542, -0.9863927951833045826, 0.0000000000000000000 ) ) ;
#2841 = VERTEX_POINT ( 'NONE', #1214 ) ;
#2842 = DIRECTION ( 'NONE',  ( 1.000000000000000000, 0.0000000000000000000, -0.0000000000000000000 ) ) ;
#2843 = ORIENTED_EDGE ( 'NONE', *, *, #2156, .F. ) ;
#2844 = AXIS2_PLACEMENT_3D ( 'NONE', #6457, #7408, #3079 ) ;
#2845 = PRODUCT_DEFINITION ( 'UNKNOWN', '', #866, #879 ) ;
#2846 = DIRECTION ( 'NONE',  ( 0.9701425001453907182, -0.2425356250360976851, 0.0000000000000000000 ) ) ;
#2847 = CARTESIAN_POINT ( 'NONE',  ( -0.1399997199999999942, 0.2200021000000000337, 0.0000000000000000000 ) ) ;
#2848 = VECTOR ( 'NONE', #4842, 1000.000000000000000 ) ;
#2849 = PRODUCT ( 'User Library-QFN-20_479711441', 'User Library-QFN-20_479711441', '', ( #6667 ) ) ;
#2850 = VECTOR ( 'NONE', #4529, 1000.000000000000000 ) ;
#2851 =( NAMED_UNIT ( * ) PLANE_ANGLE_UNIT ( ) SI_UNIT ( $, .RADIAN. ) );
#2852 = VECTOR ( 'NONE', #8729, 1000.000000000000000 ) ;
#2853 = ORIENTED_EDGE ( 'NONE', *, *, #7034, .T. ) ;
#2854 = DIRECTION ( 'NONE',  ( 0.0000000000000000000, -1.000000000000000000, 0.0000000000000000000 ) ) ;
#2855 = VERTEX_POINT ( 'NONE', #6346 ) ;
#2856 = ADVANCED_FACE ( 'NONE', ( #431 ), #2562, .T. ) ;
#2857 = LINE ( 'NONE', #1529, #1627 ) ;
#2858 = PRODUCT ( 'User Library-QFN-20_Extruded24', 'User Library-QFN-20_Extruded24', '', ( #8986 ) ) ;
#2859 = PRODUCT_DEFINITION_FORMATION_WITH_SPECIFIED_SOURCE ( 'ANY', '', #1496, .NOT_KNOWN. ) ;
#2860 = DIRECTION ( 'NONE',  ( -0.7070618812416746835, -0.7071516782805395973, 0.0000000000000000000 ) ) ;
#2861 = CARTESIAN_POINT ( 'NONE',  ( -0.8499982999999999844, 0.6500012400000000357, 0.0000000000000000000 ) ) ;
#2862 = PLANE ( 'NONE',  #6914 ) ;
#2863 =( REPRESENTATION_RELATIONSHIP ('NONE','NONE', #3977, #2256 ) REPRESENTATION_RELATIONSHIP_WITH_TRANSFORMATION ( #1625 )SHAPE_REPRESENTATION_RELATIONSHIP( ) );
#2864 = CONTEXT_DEPENDENT_SHAPE_REPRESENTATION ( #5677, #9119 ) ;
#2865 = LINE ( 'NONE', #7341, #7925 ) ;
#2866 = PRODUCT_DEFINITION_FORMATION_WITH_SPECIFIED_SOURCE ( 'ANY', '', #4016, .NOT_KNOWN. ) ;
#2867 = EDGE_CURVE ( 'NONE', #2570, #5170, #1116, .T. ) ;
#2868 = ORIENTED_EDGE ( 'NONE', *, *, #9368, .F. ) ;
#2869 = DIRECTION ( 'NONE',  ( -0.0000000000000000000, 0.0000000000000000000, -1.000000000000000000 ) ) ;
#2870 =( LENGTH_UNIT ( ) NAMED_UNIT ( * ) SI_UNIT ( .MILLI., .METRE. ) );
#2871 = VERTEX_POINT ( 'NONE', #2701 ) ;
#2872 = EDGE_CURVE ( 'NONE', #5029, #9429, #383, .T. ) ;
#2873 = LINE ( 'NONE', #708, #6246 ) ;
#2874 = ORIENTED_EDGE ( 'NONE', *, *, #6314, .T. ) ;
#2875 = CARTESIAN_POINT ( 'NONE',  ( -0.1299997399999999748, -0.02999740000000013229, 0.01000000000000000021 ) ) ;
#2876 = VECTOR ( 'NONE', #4144, 1000.000000000000000 ) ;
#2877 = APPLICATION_PROTOCOL_DEFINITION ( 'draft international standard', 'automotive_design', 1998, #344 ) ;
#2878 = EDGE_CURVE ( 'NONE', #2793, #323, #7173, .T. ) ;
#2879 = CARTESIAN_POINT ( 'NONE',  ( -0.01499870000000999917, -0.2199995600000000107, 0.0000000000000000000 ) ) ;
#2880 = VERTEX_POINT ( 'NONE', #4886 ) ;
#2881 = DIRECTION ( 'NONE',  ( -0.7071067811865474617, -0.7071067811865474617, 0.0000000000000000000 ) ) ;
#2882 = EDGE_LOOP ( 'NONE', ( #6955, #7189, #5299, #941 ) ) ;
#2883 = ADVANCED_FACE ( 'NONE', ( #5574 ), #7844, .F. ) ;
#2884 = CARTESIAN_POINT ( 'NONE',  ( 0.6499987000000000403, 0.8499982999999999844, 0.0000000000000000000 ) ) ;
#2885 = LINE ( 'NONE', #721, #8302 ) ;
#2886 = CARTESIAN_POINT ( 'NONE',  ( -0.1200023000000000201, 0.1150010399999999988, 0.02000000000000000389 ) ) ;
#2887 = FACE_OUTER_BOUND ( 'NONE', #1460, .T. ) ;
#2888 = ORIENTED_EDGE ( 'NONE', *, *, #462, .T. ) ;
#2889 = EDGE_CURVE ( 'NONE', #4266, #3349, #7890, .T. ) ;
#2890 = PLANE ( 'NONE',  #357 ) ;
#2891 = ORIENTED_EDGE ( 'NONE', *, *, #3276, .F. ) ;
#2892 = CARTESIAN_POINT ( 'NONE',  ( 0.03999992000000000131, -0.1499997000000000136, 0.0000000000000000000 ) ) ;
#2893 =( LENGTH_UNIT ( ) NAMED_UNIT ( * ) SI_UNIT ( .MILLI., .METRE. ) );
#2894 = EDGE_LOOP ( 'NONE', ( #2132, #7056, #4929, #9182 ) ) ;
#2895 = DIRECTION ( 'NONE',  ( 0.2169304578187365162, -0.9761870601839349737, 0.0000000000000000000 ) ) ;
#2896 = CARTESIAN_POINT ( 'NONE',  ( 0.0000000000000000000, -0.1099972399999999823, 0.01000000000000000021 ) ) ;
#2897 = ORIENTED_EDGE ( 'NONE', *, *, #5607, .T. ) ;
#2898 = ORIENTED_EDGE ( 'NONE', *, *, #4350, .F. ) ;
#2899 = PRODUCT_DEFINITION_CONTEXT ( 'detailed design', #2270, 'design' ) ;
#2900 = ORIENTED_EDGE ( 'NONE', *, *, #3099, .T. ) ;
#2901 = LINE ( 'NONE', #1475, #5802 ) ;
#2902 = LINE ( 'NONE', #1678, #8059 ) ;
#2903 = CARTESIAN_POINT ( 'NONE',  ( 0.1299997400000000025, 0.07000240000000999829, 0.0000000000000000000 ) ) ;
#2904 = PLANE ( 'NONE',  #8902 ) ;
#2905 = ITEM_DEFINED_TRANSFORMATION ( 'NONE', 'NONE', #7885,  #2951 ) ;
#2906 = DIRECTION ( 'NONE',  ( 0.5999999999999999778, 0.8000000000000000444, 0.0000000000000000000 ) ) ;
#2907 = PRODUCT_RELATED_PRODUCT_CATEGORY ( 'part', '', ( #9419 ) ) ;
#2908 =( NAMED_UNIT ( * ) PLANE_ANGLE_UNIT ( ) SI_UNIT ( $, .RADIAN. ) );
#2909 = ORIENTED_EDGE ( 'NONE', *, *, #7801, .F. ) ;
#2910 = VECTOR ( 'NONE', #8793, 1000.000000000000000 ) ;
#2911 = UNCERTAINTY_MEASURE_WITH_UNIT (LENGTH_MEASURE( 1.000000000000000082E-05 ), #1666, 'distance_accuracy_value', 'NONE');
#2912 = CARTESIAN_POINT ( 'NONE',  ( -0.02499867999999999882, -0.1499997000000000136, 0.0000000000000000000 ) ) ;
#2913 = ORIENTED_EDGE ( 'NONE', *, *, #4718, .T. ) ;
#2914 = CARTESIAN_POINT ( 'NONE',  ( 0.09999979999999000779, 0.01999995999999000518, 0.0000000000000000000 ) ) ;
#2915 = VERTEX_POINT ( 'NONE', #3228 ) ;
#2916 = VECTOR ( 'NONE', #3938, 1000.000000000000000 ) ;
#2917 = CARTESIAN_POINT ( 'NONE',  ( 0.7100011200000001521, 0.8400008599999999603, 0.0000000000000000000 ) ) ;
#2918 = ADVANCED_FACE ( 'NONE', ( #3323 ), #9226, .T. ) ;
#2919 = SHAPE_REPRESENTATION ( 'User Library-QFN-20_479707217', ( #922, #1710 ), #2462 ) ;
#2920 = EDGE_CURVE ( 'NONE', #9361, #1382, #4201, .T. ) ;
#2921 = PRODUCT_CONTEXT ( 'NONE', #8257, 'mechanical' ) ;
#2922 = AXIS2_PLACEMENT_3D ( 'NONE', #2235, #5198, #3193 ) ;
#2923 = FACE_OUTER_BOUND ( 'NONE', #8111, .T. ) ;
#2924 = ORIENTED_EDGE ( 'NONE', *, *, #2243, .F. ) ;
#2925 = LINE ( 'NONE', #5079, #5372 ) ;
#2926 =( LENGTH_UNIT ( ) NAMED_UNIT ( * ) SI_UNIT ( .MILLI., .METRE. ) );
#2927 = ORIENTED_EDGE ( 'NONE', *, *, #2039, .F. ) ;
#2928 = DIRECTION ( 'NONE',  ( 1.000000000000000000, 0.0000000000000000000, -0.0000000000000000000 ) ) ;
#2929 = DIRECTION ( 'NONE',  ( -0.0000000000000000000, 1.000000000000000000, 0.0000000000000000000 ) ) ;
#2930 = PRESENTATION_LAYER_ASSIGNMENT (  '', '', ( #3389 ) ) ;
#2931 = CARTESIAN_POINT ( 'NONE',  ( -0.1499997000000000136, -0.1899996200000000079, 0.01000000000000000021 ) ) ;
#2932 = DIRECTION ( 'NONE',  ( 0.7071067811865475727, -0.7071067811865475727, 0.0000000000000000000 ) ) ;
#2933 = PRODUCT_DEFINITION_SHAPE ( 'NONE', 'NONE',  #9533 ) ;
#2934 =( REPRESENTATION_RELATIONSHIP ('NONE','NONE', #5544, #4287 ) REPRESENTATION_RELATIONSHIP_WITH_TRANSFORMATION ( #5359 )SHAPE_REPRESENTATION_RELATIONSHIP( ) );
#2935 = EDGE_CURVE ( 'NONE', #1952, #3887, #1802, .T. ) ;
#2936 = LINE ( 'NONE', #8842, #5155 ) ;
#2937 = ORIENTED_EDGE ( 'NONE', *, *, #700, .F. ) ;
#2938 = EDGE_CURVE ( 'NONE', #1606, #9102, #2215, .T. ) ;
#2939 =( GEOMETRIC_REPRESENTATION_CONTEXT ( 3 ) GLOBAL_UNCERTAINTY_ASSIGNED_CONTEXT ( ( #4268 ) ) GLOBAL_UNIT_ASSIGNED_CONTEXT ( ( #692, #6553, #8051 ) ) REPRESENTATION_CONTEXT ( 'NONE', 'WORKASPACE' ) );
#2940 = PRODUCT_DEFINITION_SHAPE ( 'NONE', 'NONE',  #3629 ) ;
#2941 = ORIENTED_EDGE ( 'NONE', *, *, #8897, .F. ) ;
#2942 = CARTESIAN_POINT ( 'NONE',  ( 0.7600010200000001381, -0.8199983600000000372, 0.0000000000000000000 ) ) ;
#2943 = CARTESIAN_POINT ( 'NONE',  ( 2.094997080000000178, -1.289999960000000057, 0.6126987999999999879 ) ) ;
#2944 = ORIENTED_EDGE ( 'NONE', *, *, #7507, .F. ) ;
#2945 = LINE ( 'NONE', #8853, #9424 ) ;
#2946 = VECTOR ( 'NONE', #873, 1000.000000000000000 ) ;
#2947 = ADVANCED_FACE ( 'NONE', ( #8796 ), #6634, .T. ) ;
#2948 = DIRECTION ( 'NONE',  ( 0.0000000000000000000, 0.0000000000000000000, -1.000000000000000000 ) ) ;
#2949 = EDGE_LOOP ( 'NONE', ( #5097, #3260, #346, #7093 ) ) ;
#2950 = CARTESIAN_POINT ( 'NONE',  ( -0.1299997400000000025, 0.09000236000000000347, 0.0000000000000000000 ) ) ;
#2951 = AXIS2_PLACEMENT_3D ( 'NONE', #1707, #8278, #6985 ) ;
#2952 = EDGE_LOOP ( 'NONE', ( #4645, #2224, #7923, #8778 ) ) ;
#2953 = CARTESIAN_POINT ( 'NONE',  ( 0.0000000000000000000, 0.009999980000002999664, 0.0000000000000000000 ) ) ;
#2954 = DIRECTION ( 'NONE',  ( 0.0000000000000000000, 0.0000000000000000000, 1.000000000000000000 ) ) ;
#2955 = ORIENTED_EDGE ( 'NONE', *, *, #2632, .F. ) ;
#2956 = CARTESIAN_POINT ( 'NONE',  ( 0.005001260000000000427, 0.1800021800000000394, 0.0000000000000000000 ) ) ;
#2957 = DIRECTION ( 'NONE',  ( 0.7071067811865474617, -0.7071067811865474617, 0.0000000000000000000 ) ) ;
#2958 = CARTESIAN_POINT ( 'NONE',  ( -0.1749983800000000089, -0.02999993999999999925, 0.02000000000000000042 ) ) ;
#2959 = AXIS2_PLACEMENT_3D ( 'NONE', #142, #192, #49 ) ;
#2960 = CARTESIAN_POINT ( 'NONE',  ( 0.1499997000000000136, -0.02499867999999999882, 0.0000000000000000000 ) ) ;
#2961 = AXIS2_PLACEMENT_3D ( 'NONE', #8246, #935, #6854 ) ;
#2962 = CARTESIAN_POINT ( 'NONE',  ( 0.1499997000000000136, 0.1750009200000000043, 0.0000000000000000000 ) ) ;
#2963 =( LENGTH_UNIT ( ) NAMED_UNIT ( * ) SI_UNIT ( .MILLI., .METRE. ) );
#2964 = ORIENTED_EDGE ( 'NONE', *, *, #6668, .T. ) ;
#2965 = LINE ( 'NONE', #1537, #5872 ) ;
#2966 = ORIENTED_EDGE ( 'NONE', *, *, #4002, .T. ) ;
#2967 = LINE ( 'NONE', #4427, #2988 ) ;
#2968 = ORIENTED_EDGE ( 'NONE', *, *, #1294, .F. ) ;
#2969 = DIRECTION ( 'NONE',  ( 1.000000000000000000, 0.0000000000000000000, 0.0000000000000000000 ) ) ;
#2970 = VECTOR ( 'NONE', #3244, 1000.000000000000000 ) ;
#2971 = PRODUCT_CONTEXT ( 'NONE', #1149, 'mechanical' ) ;
#2972 = VECTOR ( 'NONE', #9079, 1000.000000000000114 ) ;
#2973 = DIRECTION ( 'NONE',  ( 1.000000000000000000, 0.0000000000000000000, 0.0000000000000000000 ) ) ;
#2974 = ORIENTED_EDGE ( 'NONE', *, *, #4770, .F. ) ;
#2975 =( NAMED_UNIT ( * ) SI_UNIT ( $, .STERADIAN. ) SOLID_ANGLE_UNIT ( ) );
#2976 = EDGE_CURVE ( 'NONE', #4253, #3760, #2126, .T. ) ;
#2977 =( LENGTH_UNIT ( ) NAMED_UNIT ( * ) SI_UNIT ( .MILLI., .METRE. ) );
#2978 = EDGE_LOOP ( 'NONE', ( #608, #8064, #3843, #106 ) ) ;
#2979 = CARTESIAN_POINT ( 'NONE',  ( 0.1150010400000250621, -0.1299971999999834926, 0.0000000000000000000 ) ) ;
#2980 = SHAPE_REPRESENTATION ( 'User Library-QFN-20_479706449', ( #8650, #617 ), #2166 ) ;
#2981 = VECTOR ( 'NONE', #1556, 1000.000000000000000 ) ;
#2982 = CARTESIAN_POINT ( 'NONE',  ( -0.09999980000001000568, 0.01999995999999000171, 0.01000000000000000021 ) ) ;
#2983 = SURFACE_STYLE_FILL_AREA ( #8578 ) ;
#2984 = OPEN_SHELL ( 'NONE', ( #5370 ) ) ;
#2985 = EDGE_CURVE ( 'NONE', #2637, #7364, #8082, .T. ) ;
#2986 = DIRECTION ( 'NONE',  ( 1.000000000000000000, 0.0000000000000000000, -0.0000000000000000000 ) ) ;
#2987 = AXIS2_PLACEMENT_3D ( 'NONE', #1573, #4460, #1531 ) ;
#2988 = VECTOR ( 'NONE', #7254, 1000.000000000000000 ) ;
#2989 = ORIENTED_EDGE ( 'NONE', *, *, #5607, .F. ) ;
#2990 = ADVANCED_FACE ( 'NONE', ( #2792 ), #5085, .T. ) ;
#2991 = DIRECTION ( 'NONE',  ( 1.000000000000000000, 0.0000000000000000000, -0.0000000000000000000 ) ) ;
#2992 = EDGE_CURVE ( 'NONE', #3315, #5958, #6393, .T. ) ;
#2993 = APPLICATION_CONTEXT ( 'automotive_design' ) ;
#2994 = CARTESIAN_POINT ( 'NONE',  ( 0.0000000000000000000, 0.0000000000000000000, 0.0000000000000000000 ) ) ;
#2995 = EDGE_LOOP ( 'NONE', ( #4022, #6616, #6540, #4816 ) ) ;
#2996 = EDGE_CURVE ( 'NONE', #8121, #7482, #5718, .T. ) ;
#2997 = CARTESIAN_POINT ( 'NONE',  ( -0.1299997400000000025, 0.1300022800000000256, 0.01000000000000000368 ) ) ;
#2998 = VECTOR ( 'NONE', #3978, 1000.000000000000000 ) ;
#2999 =( REPRESENTATION_RELATIONSHIP ('NONE','NONE', #703, #2003 ) REPRESENTATION_RELATIONSHIP_WITH_TRANSFORMATION ( #4898 )SHAPE_REPRESENTATION_RELATIONSHIP( ) );
#3000 = CARTESIAN_POINT ( 'NONE',  ( 0.1500022400000000089, -0.1799996399999999885, 0.01000000000000000021 ) ) ;
#3001 = VECTOR ( 'NONE', #1945, 1000.000000000000000 ) ;
#3002 = ORIENTED_EDGE ( 'NONE', *, *, #3401, .T. ) ;
#3003 = FACE_OUTER_BOUND ( 'NONE', #8358, .T. ) ;
#3004 = CARTESIAN_POINT ( 'NONE',  ( -0.1499997000000000136, 0.1750009200000000043, 0.0000000000000000000 ) ) ;
#3005 = ADVANCED_FACE ( 'NONE', ( #7993 ), #3570, .T. ) ;
#3006 = COLOUR_RGB ( '',1.000000000000000000, 1.000000000000000000, 1.000000000000000000 ) ;
#3007 = PRESENTATION_STYLE_ASSIGNMENT (( #5828 ) ) ;
#3008 = ORIENTED_EDGE ( 'NONE', *, *, #454, .T. ) ;
#3009 = PRODUCT_DEFINITION_CONTEXT ( 'detailed design', #9413, 'design' ) ;
#3010 = CARTESIAN_POINT ( 'NONE',  ( -0.1299997399999877068, -0.1299997400000633407, 0.0000000000000000000 ) ) ;
#3011 = ORIENTED_EDGE ( 'NONE', *, *, #9066, .F. ) ;
#3012 = CARTESIAN_POINT ( 'NONE',  ( -0.09999980000001000568, 0.01999995999999000171, 0.0000000000000000000 ) ) ;
#3013 = DIRECTION ( 'NONE',  ( -0.5999999999999999778, -0.8000000000000000444, 0.0000000000000000000 ) ) ;
#3014 = CARTESIAN_POINT ( 'NONE',  ( 0.2149983000000000033, -0.2149983000000000033, 0.0000000000000000000 ) ) ;
#3015 = VECTOR ( 'NONE', #5745, 1000.000000000000000 ) ;
#3016 = ITEM_DEFINED_TRANSFORMATION ( 'NONE', 'NONE', #2643,  #2951 ) ;
#3017 = LINE ( 'NONE', #8959, #3424 ) ;
#3018 = VECTOR ( 'NONE', #7415, 1000.000000000000000 ) ;
#3019 = PRODUCT_DEFINITION_SHAPE ( 'NONE', 'NONE',  #9553 ) ;
#3020 = VERTEX_POINT ( 'NONE', #5038 ) ;
#3021 = CARTESIAN_POINT ( 'NONE',  ( 0.0000000000000000000, 0.009999980000002999664, 0.0000000000000000000 ) ) ;
#3022 = EDGE_LOOP ( 'NONE', ( #2162, #8349, #463, #199 ) ) ;
#3023 = DIRECTION ( 'NONE',  ( 0.0000000000000000000, 0.0000000000000000000, -1.000000000000000000 ) ) ;
#3024 = ORIENTED_EDGE ( 'NONE', *, *, #2751, .T. ) ;
#3025 = PRESENTATION_LAYER_ASSIGNMENT (  '', '', ( #4573 ) ) ;
#3026 = DIRECTION ( 'NONE',  ( -0.0000000000000000000, 1.000000000000000000, 0.0000000000000000000 ) ) ;
#3027 = PRODUCT_DEFINITION_FORMATION_WITH_SPECIFIED_SOURCE ( 'ANY', '', #5813, .NOT_KNOWN. ) ;
#3028 = APPLICATION_PROTOCOL_DEFINITION ( 'draft international standard', 'automotive_design', 1998, #1349 ) ;
#3029 = VECTOR ( 'NONE', #308, 1000.000000000000000 ) ;
#3030 = PLANE ( 'NONE',  #8554 ) ;
#3031 = ORIENTED_EDGE ( 'NONE', *, *, #5250, .T. ) ;
#3032 = CARTESIAN_POINT ( 'NONE',  ( 0.8400008599999898573, -0.7099985799999990466, 0.02000000000000001082 ) ) ;
#3033 = ORIENTED_EDGE ( 'NONE', *, *, #6036, .T. ) ;
#3034 = CARTESIAN_POINT ( 'NONE',  ( 0.1750009200000000043, -0.1499997000000000136, 0.02000000000000000042 ) ) ;
#3035 = DIRECTION ( 'NONE',  ( -1.000000000000000000, -0.0000000000000000000, 0.0000000000000000000 ) ) ;
#3036 = SURFACE_SIDE_STYLE ('',( #2983 ) ) ;
#3037 = VECTOR ( 'NONE', #6460, 1000.000000000000114 ) ;
#3038 = FACE_OUTER_BOUND ( 'NONE', #8487, .T. ) ;
#3039 = ADVANCED_FACE ( 'NONE', ( #1410 ), #7267, .F. ) ;
#3040 = ORIENTED_EDGE ( 'NONE', *, *, #163, .F. ) ;
#3041 = DIRECTION ( 'NONE',  ( 0.9864006945163690254, -0.1643583580400614919, 0.0000000000000000000 ) ) ;
#3042 = DIRECTION ( 'NONE',  ( 0.0000000000000000000, 0.0000000000000000000, 1.000000000000000000 ) ) ;
#3043 = ORIENTED_EDGE ( 'NONE', *, *, #54, .F. ) ;
#3044 = DIRECTION ( 'NONE',  ( 0.0000000000000000000, -1.000000000000000000, -0.0000000000000000000 ) ) ;
#3045 = LINE ( 'NONE', #6890, #4686 ) ;
#3046 = ADVANCED_FACE ( 'NONE', ( #2887 ), #4299, .T. ) ;
#3047 = ORIENTED_EDGE ( 'NONE', *, *, #7781, .T. ) ;
#3048 = EDGE_CURVE ( 'NONE', #3727, #3407, #5134, .T. ) ;
#3049 = CARTESIAN_POINT ( 'NONE',  ( -0.09999980000001000568, 0.03000247999999000256, 0.0000000000000000000 ) ) ;
#3050 = APPLICATION_CONTEXT ( 'automotive_design' ) ;
#3051 = EDGE_CURVE ( 'NONE', #7079, #8676, #3672, .T. ) ;
#3052 = DIRECTION ( 'NONE',  ( 0.0000000000000000000, -0.0000000000000000000, -1.000000000000000000 ) ) ;
#3053 = DIRECTION ( 'NONE',  ( 0.0000000000000000000, -1.000000000000000000, -0.0000000000000000000 ) ) ;
#3054 =( NAMED_UNIT ( * ) PLANE_ANGLE_UNIT ( ) SI_UNIT ( $, .RADIAN. ) );
#3055 = VERTEX_POINT ( 'NONE', #4394 ) ;
#3056 = DIRECTION ( 'NONE',  ( -1.000000000000000000, 0.0000000000000000000, 0.0000000000000000000 ) ) ;
#3057 = CARTESIAN_POINT ( 'NONE',  ( -0.1549984199999999979, -0.2199995600000000107, 0.0000000000000000000 ) ) ;
#3058 = CARTESIAN_POINT ( 'NONE',  ( 0.005001260000000000427, 0.1800021800000000394, 0.0000000000000000000 ) ) ;
#3059 = CARTESIAN_POINT ( 'NONE',  ( 0.04999989999999999990, 0.2200021000000000060, 0.0000000000000000000 ) ) ;
#3060 = EDGE_CURVE ( 'NONE', #4291, #5752, #2936, .T. ) ;
#3061 = CARTESIAN_POINT ( 'NONE',  ( 0.1050010599999987304, -0.1299971999999987859, 0.0000000000000000000 ) ) ;
#3062 = EDGE_CURVE ( 'NONE', #37, #433, #2837, .T. ) ;
#3063 = ORIENTED_EDGE ( 'NONE', *, *, #9126, .F. ) ;
#3064 = DIRECTION ( 'NONE',  ( -0.1960682367459480047, -0.9805902541527398153, 0.0000000000000000000 ) ) ;
#3065 = CARTESIAN_POINT ( 'NONE',  ( 0.0000000000000000000, 0.0000000000000000000, 0.0000000000000000000 ) ) ;
#3066 = EDGE_LOOP ( 'NONE', ( #2441, #8443, #6034, #4021 ) ) ;
#3067 = DIRECTION ( 'NONE',  ( 0.7071067811865473507, 0.7071067811865477948, 0.0000000000000000000 ) ) ;
#3068 = VERTEX_POINT ( 'NONE', #4441 ) ;
#3069 = DIRECTION ( 'NONE',  ( 0.0000000000000000000, 0.0000000000000000000, -1.000000000000000000 ) ) ;
#3070 = ITEM_DEFINED_TRANSFORMATION ( 'NONE', 'NONE', #633,  #8973 ) ;
#3071 = VECTOR ( 'NONE', #2791, 1000.000000000000000 ) ;
#3072 = CARTESIAN_POINT ( 'NONE',  ( 0.01999995999999000171, 0.1750009200000000043, 0.0000000000000000000 ) ) ;
#3073 = ORIENTED_EDGE ( 'NONE', *, *, #7437, .F. ) ;
#3074 = CARTESIAN_POINT ( 'NONE',  ( -0.1499997000000000136, 0.02500121999998999867, 0.0000000000000000000 ) ) ;
#3075 = AXIS2_PLACEMENT_3D ( 'NONE', #1427, #7329, #8813 ) ;
#3076 = ORIENTED_EDGE ( 'NONE', *, *, #3637, .F. ) ;
#3077 = PLANE ( 'NONE',  #7889 ) ;
#3078 = CARTESIAN_POINT ( 'NONE',  ( -0.08499856000000326206, 0.2000021400000012162, 0.009999999999999998473 ) ) ;
#3079 = DIRECTION ( 'NONE',  ( 0.7071067811865474617, 0.7071067811865474617, 0.0000000000000000000 ) ) ;
#3080 = CARTESIAN_POINT ( 'NONE',  ( -0.8499982999999999844, 0.6500012400000000357, 0.02000000000000000042 ) ) ;
#3081 = VECTOR ( 'NONE', #3235, 1000.000000000000000 ) ;
#3082 = LINE ( 'NONE', #8896, #2981 ) ;
#3083 = VERTEX_POINT ( 'NONE', #4989 ) ;
#3084 = MECHANICAL_DESIGN_GEOMETRIC_PRESENTATION_REPRESENTATION (  '', ( #3389 ), #8509 ) ;
#3085 = FACE_OUTER_BOUND ( 'NONE', #2289, .T. ) ;
#3086 = PRODUCT_CONTEXT ( 'NONE', #3050, 'mechanical' ) ;
#3087 = ORIENTED_EDGE ( 'NONE', *, *, #5803, .T. ) ;
#3088 = DIRECTION ( 'NONE',  ( 0.0000000000000000000, -0.0000000000000000000, 1.000000000000000000 ) ) ;
#3089 = CARTESIAN_POINT ( 'NONE',  ( 0.0000000000000000000, 0.0000000000000000000, 0.0000000000000000000 ) ) ;
#3090 = PRODUCT_DEFINITION ( 'UNKNOWN', '', #556, #7671 ) ;
#3091 = AXIS2_PLACEMENT_3D ( 'NONE', #6205, #8433, #8478 ) ;
#3092 = ORIENTED_EDGE ( 'NONE', *, *, #1882, .T. ) ;
#3093 = PRODUCT_DEFINITION_SHAPE ( 'NONE', 'NONE',  #9541 ) ;
#3094 = CARTESIAN_POINT ( 'NONE',  ( 0.005001260000000000427, 0.1800021800000000394, 0.01000000000000000021 ) ) ;
#3095 = DIRECTION ( 'NONE',  ( 0.7071067811865475727, 0.7071067811865475727, 0.0000000000000000000 ) ) ;
#3096 =( NAMED_UNIT ( * ) SI_UNIT ( $, .STERADIAN. ) SOLID_ANGLE_UNIT ( ) );
#3097 = VECTOR ( 'NONE', #885, 1000.000000000000000 ) ;
#3098 = LINE ( 'NONE', #5101, #7269 ) ;
#3099 = EDGE_CURVE ( 'NONE', #1849, #4230, #7938, .T. ) ;
#3100 = CARTESIAN_POINT ( 'NONE',  ( 0.0000000000000000000, 0.0000000000000000000, 0.0000000000000000000 ) ) ;
#3101 = ORIENTED_EDGE ( 'NONE', *, *, #2389, .T. ) ;
#3102 = LINE ( 'NONE', #3284, #8118 ) ;
#3103 = DIRECTION ( 'NONE',  ( 1.000000000000000000, 0.0000000000000000000, -0.0000000000000000000 ) ) ;
#3104 = DIRECTION ( 'NONE',  ( 0.0000000000000000000, 0.0000000000000000000, 1.000000000000000000 ) ) ;
#3105 = ADVANCED_FACE ( 'NONE', ( #4251 ), #7226, .T. ) ;
#3106 = CARTESIAN_POINT ( 'NONE',  ( 0.02500121999998999867, -0.1499997000000000136, 0.0000000000000000000 ) ) ;
#3107 = CARTESIAN_POINT ( 'NONE',  ( -0.7599984800000000318, -0.8199983600000000372, 0.0000000000000000000 ) ) ;
#3108 = UNCERTAINTY_MEASURE_WITH_UNIT (LENGTH_MEASURE( 1.000000000000000082E-05 ), #5651, 'distance_accuracy_value', 'NONE');
#3109 = LINE ( 'NONE', #6030, #6801 ) ;
#3110 = EDGE_CURVE ( 'NONE', #768, #1834, #2314, .T. ) ;
#3111 = ORIENTED_EDGE ( 'NONE', *, *, #180, .T. ) ;
#3112 = CARTESIAN_POINT ( 'NONE',  ( 0.1099997800000000053, -0.1599996800000000052, 0.0000000000000000000 ) ) ;
#3113 = ORIENTED_EDGE ( 'NONE', *, *, #1254, .F. ) ;
#3114 = LINE ( 'NONE', #4724, #5789 ) ;
#3115 = EDGE_CURVE ( 'NONE', #3865, #271, #1742, .T. ) ;
#3116 = CONTEXT_DEPENDENT_SHAPE_REPRESENTATION ( #3930, #5037 ) ;
#3117 =( REPRESENTATION_RELATIONSHIP ('NONE','NONE', #2137, #5544 ) REPRESENTATION_RELATIONSHIP_WITH_TRANSFORMATION ( #8970 )SHAPE_REPRESENTATION_RELATIONSHIP( ) );
#3118 = LINE ( 'NONE', #2390, #2061 ) ;
#3119 = ORIENTED_EDGE ( 'NONE', *, *, #8859, .F. ) ;
#3120 = CARTESIAN_POINT ( 'NONE',  ( -0.03999992000000000131, -0.1999995999999999996, 0.0000000000000000000 ) ) ;
#3121 = EDGE_CURVE ( 'NONE', #1820, #8095, #4535, .T. ) ;
#3122 = ORIENTED_EDGE ( 'NONE', *, *, #1062, .F. ) ;
#3123 = CARTESIAN_POINT ( 'NONE',  ( 0.06999985999999999708, 0.1600022200000000006, 0.01000000000000000021 ) ) ;
#3124 = LINE ( 'NONE', #1693, #3506 ) ;
#3125 = LINE ( 'NONE', #9023, #7653 ) ;
#3126 = VECTOR ( 'NONE', #5239, 1000.000000000000000 ) ;
#3127 = CARTESIAN_POINT ( 'NONE',  ( -0.1749983800000000089, 0.1499997000000000136, 0.02000000000000000042 ) ) ;
#3128 = ORIENTED_EDGE ( 'NONE', *, *, #5027, .T. ) ;
#3129 = CARTESIAN_POINT ( 'NONE',  ( -0.1399997199999999942, -0.2199995600000000107, 0.0000000000000000000 ) ) ;
#3130 = VECTOR ( 'NONE', #769, 1000.000000000000000 ) ;
#3131 = AXIS2_PLACEMENT_3D ( 'NONE', #7311, #675, #1452 ) ;
#3132 = DIRECTION ( 'NONE',  ( 0.0000000000000000000, -0.0000000000000000000, 1.000000000000000000 ) ) ;
#3133 = APPLICATION_PROTOCOL_DEFINITION ( 'draft international standard', 'automotive_design', 1998, #4481 ) ;
#3134 = ORIENTED_EDGE ( 'NONE', *, *, #2413, .F. ) ;
#3135 = DIRECTION ( 'NONE',  ( -0.0000000000000000000, 1.000000000000000000, 0.0000000000000000000 ) ) ;
#3136 = VERTEX_POINT ( 'NONE', #3719 ) ;
#3137 = CLOSED_SHELL ( 'NONE', ( #6736, #656, #5780, #4844, #4314, #1604, #3535, #7521, #3408, #3462, #4407, #3526, #9067, #9312, #5545, #6843, #7629, #5245, #7603, #1590, #1654, #7112, #6259, #1576, #4965, #9002, #6201, #9070 ) ) ;
#3138 = DIRECTION ( 'NONE',  ( 0.0000000000000000000, 1.000000000000000000, -0.0000000000000000000 ) ) ;
#3139 = DIRECTION ( 'NONE',  ( 1.000000000000000000, 0.0000000000000000000, 0.0000000000000000000 ) ) ;
#3140 = DIRECTION ( 'NONE',  ( 1.000000000000000000, 0.0000000000000000000, 0.0000000000000000000 ) ) ;
#3141 = PRODUCT_DEFINITION ( 'UNKNOWN', '', #4740, #4365 ) ;
#3142 = PLANE ( 'NONE',  #2465 ) ;
#3143 = VECTOR ( 'NONE', #2801, 1000.000000000000114 ) ;
#3144 = ORIENTED_EDGE ( 'NONE', *, *, #2041, .T. ) ;
#3145 = VECTOR ( 'NONE', #6417, 1000.000000000000000 ) ;
#3146 = CARTESIAN_POINT ( 'NONE',  ( -0.004998720000003037400, 0.1800021800000000116, 0.01000000000000000021 ) ) ;
#3147 = PLANE ( 'NONE',  #6517 ) ;
#3148 = LINE ( 'NONE', #3058, #5171 ) ;
#3149 = DIRECTION ( 'NONE',  ( 0.4961253673320437096, 0.8682508968550765038, 0.0000000000000000000 ) ) ;
#3150 = PRODUCT_DEFINITION_SHAPE ( 'NONE', 'NONE',  #6063 ) ;
#3151 = ITEM_DEFINED_TRANSFORMATION ( 'NONE', 'NONE', #8493,  #2951 ) ;
#3152 = CARTESIAN_POINT ( 'NONE',  ( -0.08999981999999999427, 0.09000236000000000347, 0.0000000000000000000 ) ) ;
#3153 = STYLED_ITEM ( 'NONE', ( #2423 ), #1715 ) ;
#3154 = ADVANCED_FACE ( 'NONE', ( #8223 ), #7545, .T. ) ;
#3155 = VERTEX_POINT ( 'NONE', #97 ) ;
#3156 = DIRECTION ( 'NONE',  ( -0.7071067811870475062, -0.7071067811860475283, -0.0000000000000000000 ) ) ;
#3157 = VERTEX_POINT ( 'NONE', #6143 ) ;
#3158 = DIRECTION ( 'NONE',  ( -0.0000000000000000000, 0.0000000000000000000, -1.000000000000000000 ) ) ;
#3159 = VERTEX_POINT ( 'NONE', #6725 ) ;
#3160 = CARTESIAN_POINT ( 'NONE',  ( -0.1649984000000024320, 0.05999987999999062405, 0.0000000000000000000 ) ) ;
#3161 = VECTOR ( 'NONE', #5757, 1000.000000000000000 ) ;
#3162 = VECTOR ( 'NONE', #7944, 1000.000000000000000 ) ;
#3163 = EDGE_CURVE ( 'NONE', #8915, #910, #6773, .T. ) ;
#3164 = CONTEXT_DEPENDENT_SHAPE_REPRESENTATION ( #1784, #4952 ) ;
#3165 = ADVANCED_FACE ( 'NONE', ( #3038 ), #8980, .T. ) ;
#3166 = ORIENTED_EDGE ( 'NONE', *, *, #7088, .F. ) ;
#3167 = CARTESIAN_POINT ( 'NONE',  ( 0.0000000000000000000, 0.0000000000000000000, 0.0000000000000000000 ) ) ;
#3168 = VECTOR ( 'NONE', #3699, 1000.000000000000114 ) ;
#3169 = ORIENTED_EDGE ( 'NONE', *, *, #1700, .T. ) ;
#3170 = VECTOR ( 'NONE', #7657, 1000.000000000000114 ) ;
#3171 = CARTESIAN_POINT ( 'NONE',  ( -0.02999994000001532032, 0.2400020600000159765, 0.0000000000000000000 ) ) ;
#3172 = CARTESIAN_POINT ( 'NONE',  ( -0.1149985000000000035, -0.01999742000001000081, 0.0000000000000000000 ) ) ;
#3173 = PRODUCT_DEFINITION_FORMATION_WITH_SPECIFIED_SOURCE ( 'ANY', '', #8055, .NOT_KNOWN. ) ;
#3174 = CARTESIAN_POINT ( 'NONE',  ( -0.08499856000000000078, -0.1999996000000000274, 0.01000000000000000021 ) ) ;
#3175 = VECTOR ( 'NONE', #1343, 1000.000000000000000 ) ;
#3176 = ADVANCED_FACE ( 'NONE', ( #5954 ), #4495, .F. ) ;
#3177 =( REPRESENTATION_RELATIONSHIP ('NONE','NONE', #23, #6586 ) REPRESENTATION_RELATIONSHIP_WITH_TRANSFORMATION ( #5749 )SHAPE_REPRESENTATION_RELATIONSHIP( ) );
#3178 = EDGE_CURVE ( 'NONE', #7590, #3939, #47, .T. ) ;
#3179 = VERTEX_POINT ( 'NONE', #6679 ) ;
#3180 = SHAPE_DEFINITION_REPRESENTATION ( #7278, #2003 ) ;
#3181 = CARTESIAN_POINT ( 'NONE',  ( 0.005001260000000000427, -0.2199995600000000384, 0.01000000000000000021 ) ) ;
#3182 = VERTEX_POINT ( 'NONE', #957 ) ;
#3183 = LINE ( 'NONE', #5471, #7533 ) ;
#3184 = SHAPE_DEFINITION_REPRESENTATION ( #8815, #3811 ) ;
#3185 = VERTEX_POINT ( 'NONE', #239 ) ;
#3186 = DIRECTION ( 'NONE',  ( -0.2747211278974139859, -0.9615239476408129482, 0.0000000000000000000 ) ) ;
#3187 = CARTESIAN_POINT ( 'NONE',  ( -0.08999981999999999427, 0.09000236000000000347, 0.01000000000000000021 ) ) ;
#3188 = EDGE_CURVE ( 'NONE', #1020, #5058, #149, .T. ) ;
#3189 = ORIENTED_EDGE ( 'NONE', *, *, #9326, .F. ) ;
#3190 = ADVANCED_FACE ( 'NONE', ( #5316 ), #7455, .F. ) ;
#3191 = LINE ( 'NONE', #5433, #7935 ) ;
#3192 = DIRECTION ( 'NONE',  ( 0.0000000000000000000, -0.0000000000000000000, 1.000000000000000000 ) ) ;
#3193 = DIRECTION ( 'NONE',  ( 0.0000000000000000000, 0.0000000000000000000, -1.000000000000000000 ) ) ;
#3194 = VERTEX_POINT ( 'NONE', #908 ) ;
#3195 = PLANE ( 'NONE',  #3563 ) ;
#3196 = CARTESIAN_POINT ( 'NONE',  ( -0.1299997400000050540, -0.1299997400000063863, 0.01000000000000000194 ) ) ;
#3197 = DIRECTION ( 'NONE',  ( -0.9615239476409362940, 0.2747211278969818316, 0.0000000000000000000 ) ) ;
#3198 = DIRECTION ( 'NONE',  ( 0.3162277660168379412, 0.9486832980505138790, 0.0000000000000000000 ) ) ;
#3199 =( NAMED_UNIT ( * ) SI_UNIT ( $, .STERADIAN. ) SOLID_ANGLE_UNIT ( ) );
#3200 = ORIENTED_EDGE ( 'NONE', *, *, #386, .T. ) ;
#3201 = UNCERTAINTY_MEASURE_WITH_UNIT (LENGTH_MEASURE( 1.000000000000000082E-05 ), #842, 'distance_accuracy_value', 'NONE');
#3202 = CARTESIAN_POINT ( 'NONE',  ( 0.03999992000000000131, -0.1499997000000000136, 0.0000000000000000000 ) ) ;
#3203 = ORIENTED_EDGE ( 'NONE', *, *, #9180, .F. ) ;
#3204 = DIRECTION ( 'NONE',  ( -0.0000000000000000000, -0.0000000000000000000, -1.000000000000000000 ) ) ;
#3205 = CARTESIAN_POINT ( 'NONE',  ( 0.01999995999999000171, 0.1750009200000000043, 0.02000000000000000736 ) ) ;
#3206 = VERTEX_POINT ( 'NONE', #3858 ) ;
#3207 = CARTESIAN_POINT ( 'NONE',  ( -0.004998720000003000104, 0.1800021800000000394, 0.0000000000000000000 ) ) ;
#3208 = PRODUCT_RELATED_PRODUCT_CATEGORY ( 'part', '', ( #5813 ) ) ;
#3209 = SHAPE_DEFINITION_REPRESENTATION ( #9412, #3669 ) ;
#3210 = CARTESIAN_POINT ( 'NONE',  ( -0.09999980000001000568, 0.1800021800000000394, 0.0000000000000000000 ) ) ;
#3211 = DIRECTION ( 'NONE',  ( 0.0000000000000000000, 0.0000000000000000000, 1.000000000000000000 ) ) ;
#3212 = ORIENTED_EDGE ( 'NONE', *, *, #8446, .F. ) ;
#3213 = VERTEX_POINT ( 'NONE', #1603 ) ;
#3214 = DIRECTION ( 'NONE',  ( -0.0000000000000000000, -0.0000000000000000000, -1.000000000000000000 ) ) ;
#3215 = EDGE_CURVE ( 'NONE', #9353, #9330, #7501, .T. ) ;
#3216 = DIRECTION ( 'NONE',  ( 0.0000000000000000000, -1.000000000000000000, -0.0000000000000000000 ) ) ;
#3217 = EDGE_CURVE ( 'NONE', #3823, #8731, #6003, .T. ) ;
#3218 =( GEOMETRIC_REPRESENTATION_CONTEXT ( 3 ) GLOBAL_UNCERTAINTY_ASSIGNED_CONTEXT ( ( #7575 ) ) GLOBAL_UNIT_ASSIGNED_CONTEXT ( ( #5808, #5129, #9453 ) ) REPRESENTATION_CONTEXT ( 'NONE', 'WORKASPACE' ) );
#3219 = VECTOR ( 'NONE', #7812, 1000.000000000000000 ) ;
#3220 = DIRECTION ( 'NONE',  ( -0.7071067811865482389, 0.7071067811865469066, 0.0000000000000000000 ) ) ;
#3221 = ORIENTED_EDGE ( 'NONE', *, *, #1881, .F. ) ;
#3222 = DIRECTION ( 'NONE',  ( 0.0000000000000000000, -0.0000000000000000000, 1.000000000000000000 ) ) ;
#3223 = ORIENTED_EDGE ( 'NONE', *, *, #5017, .F. ) ;
#3224 = DIRECTION ( 'NONE',  ( 0.1960682367459480047, 0.9805902541527398153, 0.0000000000000000000 ) ) ;
#3225 = PRODUCT_CONTEXT ( 'NONE', #9103, 'mechanical' ) ;
#3226 = ORIENTED_EDGE ( 'NONE', *, *, #4948, .T. ) ;
#3227 = CARTESIAN_POINT ( 'NONE',  ( -0.02999994000001000166, -0.1599996800000000052, 0.0000000000000000000 ) ) ;
#3228 = CARTESIAN_POINT ( 'NONE',  ( -0.09999980000001000568, -0.01999996000001000307, 0.01000000000000000021 ) ) ;
#3229 = ADVANCED_FACE ( 'NONE', ( #190 ), #4631, .T. ) ;
#3230 = SHAPE_REPRESENTATION ( 'User Library-QFN-20_479711441', ( #146, #914 ), #1703 ) ;
#3231 = VERTEX_POINT ( 'NONE', #6878 ) ;
#3232 = ORIENTED_EDGE ( 'NONE', *, *, #8254, .F. ) ;
#3233 = DIRECTION ( 'NONE',  ( -0.8944271909999158554, 0.4472135954999579277, 0.0000000000000000000 ) ) ;
#3234 = DIRECTION ( 'NONE',  ( 1.000000000000000000, 0.0000000000000000000, 0.0000000000000000000 ) ) ;
#3235 = DIRECTION ( 'NONE',  ( 0.0000000000000000000, -0.0000000000000000000, -1.000000000000000000 ) ) ;
#3236 = EDGE_CURVE ( 'NONE', #6989, #8765, #7411, .T. ) ;
#3237 = ORIENTED_EDGE ( 'NONE', *, *, #2756, .T. ) ;
#3238 = LINE ( 'NONE', #7086, #2228 ) ;
#3239 = LINE ( 'NONE', #7709, #6050 ) ;
#3240 = AXIS2_PLACEMENT_3D ( 'NONE', #484, #2757, #3330 ) ;
#3241 = DIRECTION ( 'NONE',  ( 0.8944271909999158554, -0.4472135954999579277, -0.0000000000000000000 ) ) ;
#3242 = APPLICATION_CONTEXT ( 'automotive_design' ) ;
#3243 = DIRECTION ( 'NONE',  ( 0.5812242285153235155, -0.8137434461713144440, 0.0000000000000000000 ) ) ;
#3244 = DIRECTION ( 'NONE',  ( -0.0000000000000000000, -0.0000000000000000000, -1.000000000000000000 ) ) ;
#3245 = VECTOR ( 'NONE', #9379, 999.9999999999998863 ) ;
#3246 = PRODUCT_DEFINITION_SHAPE ( 'NONE', 'NONE',  #9559 ) ;
#3247 = FILL_AREA_STYLE_COLOUR ( '', #1220 ) ;
#3248 = EDGE_LOOP ( 'NONE', ( #6468, #1570, #3915, #176 ) ) ;
#3249 = DIRECTION ( 'NONE',  ( 0.0000000000000000000, 1.000000000000000000, -0.0000000000000000000 ) ) ;
#3250 = CARTESIAN_POINT ( 'NONE',  ( 0.0000000000000000000, 0.0000000000000000000, 0.0000000000000000000 ) ) ;
#3251 = VERTEX_POINT ( 'NONE', #767 ) ;
#3252 = LINE ( 'NONE', #6077, #1148 ) ;
#3253 = CARTESIAN_POINT ( 'NONE',  ( -0.1149985000000000035, 0.2200021000000000060, 0.0000000000000000000 ) ) ;
#3254 = ORIENTED_EDGE ( 'NONE', *, *, #700, .T. ) ;
#3255 = FACE_OUTER_BOUND ( 'NONE', #690, .T. ) ;
#3256 = ITEM_DEFINED_TRANSFORMATION ( 'NONE', 'NONE', #4333,  #8024 ) ;
#3257 = DIRECTION ( 'NONE',  ( 0.8000000000000000444, -0.5999999999999999778, 0.0000000000000000000 ) ) ;
#3258 = ORIENTED_EDGE ( 'NONE', *, *, #6142, .T. ) ;
#3259 = DIRECTION ( 'NONE',  ( 1.000000000000000000, 0.0000000000000000000, 0.0000000000000000000 ) ) ;
#3260 = ORIENTED_EDGE ( 'NONE', *, *, #4903, .T. ) ;
#3261 = CARTESIAN_POINT ( 'NONE',  ( -0.1149985000000000035, -0.01999742000001000081, 0.0000000000000000000 ) ) ;
#3262 = LINE ( 'NONE', #1650, #6262 ) ;
#3263 = DIRECTION ( 'NONE',  ( -0.7070843308576648667, 0.7071292308026647655, 0.0000000000000000000 ) ) ;
#3264 = ORIENTED_EDGE ( 'NONE', *, *, #2283, .F. ) ;
#3265 = LINE ( 'NONE', #6188, #3697 ) ;
#3266 = VERTEX_POINT ( 'NONE', #8178 ) ;
#3267 = EDGE_CURVE ( 'NONE', #1644, #4395, #863, .T. ) ;
#3268 = CARTESIAN_POINT ( 'NONE',  ( 1.499999539999999909, -1.499999539999999909, 0.0000000000000000000 ) ) ;
#3269 = SHAPE_DEFINITION_REPRESENTATION ( #6666, #4852 ) ;
#3270 = ORIENTED_EDGE ( 'NONE', *, *, #7433, .F. ) ;
#3271 = SURFACE_SIDE_STYLE ('',( #7699 ) ) ;
#3272 = DIRECTION ( 'NONE',  ( 0.7808688094432254534, -0.6246950475541803716, 0.0000000000000000000 ) ) ;
#3273 = ORIENTED_EDGE ( 'NONE', *, *, #5904, .T. ) ;
#3274 = VECTOR ( 'NONE', #5088, 1000.000000000000000 ) ;
#3275 = EDGE_CURVE ( 'NONE', #8676, #4230, #502, .T. ) ;
#3276 = EDGE_CURVE ( 'NONE', #1382, #1352, #1241, .T. ) ;
#3277 = VECTOR ( 'NONE', #8186, 1000.000000000000114 ) ;
#3278 = ORIENTED_EDGE ( 'NONE', *, *, #9133, .T. ) ;
#3279 = DIRECTION ( 'NONE',  ( -0.8944271909999158554, -0.4472135954999579277, 0.0000000000000000000 ) ) ;
#3280 =( NAMED_UNIT ( * ) PLANE_ANGLE_UNIT ( ) SI_UNIT ( $, .RADIAN. ) );
#3281 = EDGE_CURVE ( 'NONE', #473, #7289, #4180, .T. ) ;
#3282 =( LENGTH_UNIT ( ) NAMED_UNIT ( * ) SI_UNIT ( .MILLI., .METRE. ) );
#3283 = ORIENTED_EDGE ( 'NONE', *, *, #4160, .T. ) ;
#3284 = CARTESIAN_POINT ( 'NONE',  ( 0.6499987000000001514, 0.8499982999999999844, 0.0000000000000000000 ) ) ;
#3285 = DIRECTION ( 'NONE',  ( 0.0000000000000000000, -0.0000000000000000000, 1.000000000000000000 ) ) ;
#3286 = CARTESIAN_POINT ( 'NONE',  ( 0.1750009199999999765, -0.01999742000000003309, 0.02000000000000000389 ) ) ;
#3287 = LINE ( 'NONE', #6901, #5215 ) ;
#3288 = EDGE_CURVE ( 'NONE', #5447, #55, #4967, .T. ) ;
#3289 = CARTESIAN_POINT ( 'NONE',  ( 0.1150010399999688571, -0.01999742000000377662, 0.0000000000000000000 ) ) ;
#3290 = VECTOR ( 'NONE', #5755, 1000.000000000000227 ) ;
#3291 = SURFACE_STYLE_USAGE ( .BOTH. , #6214 ) ;
#3292 = ORIENTED_EDGE ( 'NONE', *, *, #6020, .T. ) ;
#3293 = UNCERTAINTY_MEASURE_WITH_UNIT (LENGTH_MEASURE( 1.000000000000000082E-05 ), #6994, 'distance_accuracy_value', 'NONE');
#3294 = CARTESIAN_POINT ( 'NONE',  ( 0.1599996800000000052, -0.2099995800000000468, 0.0000000000000000000 ) ) ;
#3295 = PRESENTATION_STYLE_ASSIGNMENT (( #4034 ) ) ;
#3296 = ORIENTED_EDGE ( 'NONE', *, *, #472, .T. ) ;
#3297 = APPLICATION_CONTEXT ( 'automotive_design' ) ;
#3298 = CARTESIAN_POINT ( 'NONE',  ( -0.1749983799999999812, 0.01999995999999001559, 0.0000000000000000000 ) ) ;
#3299 = FACE_OUTER_BOUND ( 'NONE', #640, .T. ) ;
#3300 = DIRECTION ( 'NONE',  ( 0.0000000000000000000, 0.0000000000000000000, 1.000000000000000000 ) ) ;
#3301 = AXIS2_PLACEMENT_3D ( 'NONE', #5190, #7238, #3730 ) ;
#3302 = VECTOR ( 'NONE', #16, 1000.000000000000114 ) ;
#3303 = CONTEXT_DEPENDENT_SHAPE_REPRESENTATION ( #4421, #9259 ) ;
#3304 = CARTESIAN_POINT ( 'NONE',  ( 0.8300008800000000520, -0.7399985200000001040, 0.0000000000000000000 ) ) ;
#3305 = PRODUCT ( 'User Library-QFN-20_Extruded22', 'User Library-QFN-20_Extruded22', '', ( #3709 ) ) ;
#3306 = DIRECTION ( 'NONE',  ( 0.0000000000000000000, 0.0000000000000000000, 1.000000000000000000 ) ) ;
#3307 = ORIENTED_EDGE ( 'NONE', *, *, #4726, .F. ) ;
#3308 = DIRECTION ( 'NONE',  ( -0.0000000000000000000, -0.0000000000000000000, -1.000000000000000000 ) ) ;
#3309 = ORIENTED_EDGE ( 'NONE', *, *, #5369, .T. ) ;
#3310 = PRESENTATION_LAYER_ASSIGNMENT (  '', '', ( #6726 ) ) ;
#3311 = DIRECTION ( 'NONE',  ( 1.000000000000000000, 0.0000000000000000000, -0.0000000000000000000 ) ) ;
#3312 = PLANE ( 'NONE',  #2231 ) ;
#3313 = VECTOR ( 'NONE', #7627, 1000.000000000000000 ) ;
#3314 = VECTOR ( 'NONE', #2488, 1000.000000000000114 ) ;
#3315 = VERTEX_POINT ( 'NONE', #7198 ) ;
#3316 = CARTESIAN_POINT ( 'NONE',  ( -0.1549984199999804024, -0.02999739999999607651, 0.0000000000000000000 ) ) ;
#3317 = ORIENTED_EDGE ( 'NONE', *, *, #6486, .F. ) ;
#3318 = LINE ( 'NONE', #5324, #1509 ) ;
#3319 = AXIS2_PLACEMENT_3D ( 'NONE', #7234, #393, #1942 ) ;
#3320 = APPLICATION_PROTOCOL_DEFINITION ( 'draft international standard', 'automotive_design', 1998, #2013 ) ;
#3321 = ORIENTED_EDGE ( 'NONE', *, *, #8782, .T. ) ;
#3322 =( GEOMETRIC_REPRESENTATION_CONTEXT ( 3 ) GLOBAL_UNCERTAINTY_ASSIGNED_CONTEXT ( ( #4470 ) ) GLOBAL_UNIT_ASSIGNED_CONTEXT ( ( #6085, #1690, #2975 ) ) REPRESENTATION_CONTEXT ( 'NONE', 'WORKASPACE' ) );
#3323 = FACE_OUTER_BOUND ( 'NONE', #348, .T. ) ;
#3324 = EDGE_LOOP ( 'NONE', ( #7754, #2668, #6106, #793 ) ) ;
#3325 = PRODUCT_DEFINITION ( 'UNKNOWN', '', #5202, #495 ) ;
#3326 = DIRECTION ( 'NONE',  ( 0.0000000000000000000, -0.0000000000000000000, -1.000000000000000000 ) ) ;
#3327 = FACE_OUTER_BOUND ( 'NONE', #2112, .T. ) ;
#3328 = ORIENTED_EDGE ( 'NONE', *, *, #5775, .T. ) ;
#3329 = AXIS2_PLACEMENT_3D ( 'NONE', #4029, #6799, #3931 ) ;
#3330 = DIRECTION ( 'NONE',  ( 1.000000000000000000, 0.0000000000000000000, 0.0000000000000000000 ) ) ;
#3331 = PLANE ( 'NONE',  #2833 ) ;
#3332 = FACE_OUTER_BOUND ( 'NONE', #5303, .T. ) ;
#3333 = ORIENTED_EDGE ( 'NONE', *, *, #8155, .T. ) ;
#3334 = DIRECTION ( 'NONE',  ( 0.8944271909999160775, 0.4472135954999573726, 0.0000000000000000000 ) ) ;
#3335 = ADVANCED_FACE ( 'NONE', ( #6516 ), #8593, .T. ) ;
#3336 = ADVANCED_FACE ( 'NONE', ( #7917 ), #5746, .T. ) ;
#3337 = CARTESIAN_POINT ( 'NONE',  ( 0.1750009200000000043, -0.1499997000000000136, 0.02000000000000000042 ) ) ;
#3338 = CARTESIAN_POINT ( 'NONE',  ( -0.8199983600000000372, -0.7499985000000001234, 0.0000000000000000000 ) ) ;
#3339 = VECTOR ( 'NONE', #8325, 1000.000000000000114 ) ;
#3340 = EDGE_CURVE ( 'NONE', #1012, #7870, #3352, .T. ) ;
#3341 = LINE ( 'NONE', #5585, #1119 ) ;
#3342 = SHAPE_REPRESENTATION_RELATIONSHIP ( 'NONE' , 'NONE' ,  #6586, #7410 ) ;
#3343 = ORIENTED_EDGE ( 'NONE', *, *, #4907, .T. ) ;
#3344 = SHAPE_REPRESENTATION ( 'User Library-QFN-20_Extruded23', ( #2951 ), #4347 ) ;
#3345 = DIRECTION ( 'NONE',  ( -0.5547001962252290364, 0.8320502943378438321, 0.0000000000000000000 ) ) ;
#3346 = ORIENTED_EDGE ( 'NONE', *, *, #9013, .F. ) ;
#3347 = LINE ( 'NONE', #2674, #5647 ) ;
#3348 = DIRECTION ( 'NONE',  ( 0.0000000000000000000, -0.0000000000000000000, -1.000000000000000000 ) ) ;
#3349 = VERTEX_POINT ( 'NONE', #2731 ) ;
#3350 = ADVANCED_FACE ( 'NONE', ( #7104 ), #8683, .T. ) ;
#3351 = CARTESIAN_POINT ( 'NONE',  ( -0.1749983800000000089, -0.1499997000000000136, 0.0000000000000000000 ) ) ;
#3352 = LINE ( 'NONE', #9253, #2568 ) ;
#3353 = EDGE_CURVE ( 'NONE', #959, #5987, #4082, .T. ) ;
#3354 = PLANE ( 'NONE',  #3911 ) ;
#3355 = EDGE_LOOP ( 'NONE', ( #8908, #2704, #3226, #8164 ) ) ;
#3356 = CARTESIAN_POINT ( 'NONE',  ( -0.03999992000000000131, -0.1999995999999999996, 0.0000000000000000000 ) ) ;
#3357 = ORIENTED_EDGE ( 'NONE', *, *, #1818, .F. ) ;
#3358 = CARTESIAN_POINT ( 'NONE',  ( 0.005001260000000000427, 0.1800021800000000394, 0.0000000000000000000 ) ) ;
#3359 = EDGE_CURVE ( 'NONE', #8588, #1969, #560, .T. ) ;
#3360 = CARTESIAN_POINT ( 'NONE',  ( 0.09500107999998999575, 0.1200023000000000201, 0.0000000000000000000 ) ) ;
#3361 = EDGE_LOOP ( 'NONE', ( #6317, #2729, #4715, #3542 ) ) ;
#3362 = LINE ( 'NONE', #7021, #4004 ) ;
#3363 = ORIENTED_EDGE ( 'NONE', *, *, #7433, .T. ) ;
#3364 = DIRECTION ( 'NONE',  ( -0.4472135954999579277, -0.8944271909999158554, 0.0000000000000000000 ) ) ;
#3365 = APPLICATION_PROTOCOL_DEFINITION ( 'draft international standard', 'automotive_design', 1998, #5793 ) ;
#3366 = ORIENTED_EDGE ( 'NONE', *, *, #8220, .T. ) ;
#3367 = AXIS2_PLACEMENT_3D ( 'NONE', #1861, #9338, #548 ) ;
#3368 = CARTESIAN_POINT ( 'NONE',  ( -0.1299997400000000025, -0.1299997400000000025, 0.0000000000000000000 ) ) ;
#3369 = VERTEX_POINT ( 'NONE', #6470 ) ;
#3370 = CARTESIAN_POINT ( 'NONE',  ( 0.05999988000002927369, 0.1800021799999509953, 0.0000000000000000000 ) ) ;
#3371 = ORIENTED_EDGE ( 'NONE', *, *, #3935, .F. ) ;
#3372 = VECTOR ( 'NONE', #5083, 1000.000000000000000 ) ;
#3373 = STYLED_ITEM ( 'NONE', ( #3007 ), #1290 ) ;
#3374 = DIRECTION ( 'NONE',  ( 1.000000000000000000, 0.0000000000000000000, 0.0000000000000000000 ) ) ;
#3375 = VECTOR ( 'NONE', #4215, 1000.000000000000114 ) ;
#3376 = DIRECTION ( 'NONE',  ( 0.8000000000000000444, -0.5999999999999999778, 0.0000000000000000000 ) ) ;
#3377 = CARTESIAN_POINT ( 'NONE',  ( 0.1750009200000000043, 0.02000250000000000986, 0.0000000000000000000 ) ) ;
#3378 = DIRECTION ( 'NONE',  ( 0.9863927951833045826, -0.1644057590550507542, 0.0000000000000000000 ) ) ;
#3379 = LINE ( 'NONE', #1995, #7640 ) ;
#3380 = PRESENTATION_LAYER_ASSIGNMENT (  '', '', ( #4630 ) ) ;
#3381 = CARTESIAN_POINT ( 'NONE',  ( -0.02499868000000013413, -0.1499997000000000136, 0.0000000000000000000 ) ) ;
#3382 = PRODUCT ( 'User Library-QFN-20_479711441', 'User Library-QFN-20_479711441', '', ( #2116 ) ) ;
#3383 = VECTOR ( 'NONE', #1552, 1000.000000000000114 ) ;
#3384 = LINE ( 'NONE', #3289, #5604 ) ;
#3385 = EDGE_CURVE ( 'NONE', #3055, #3391, #8642, .T. ) ;
#3386 =( LENGTH_UNIT ( ) NAMED_UNIT ( * ) SI_UNIT ( .MILLI., .METRE. ) );
#3387 = VERTEX_POINT ( 'NONE', #2010 ) ;
#3388 = UNCERTAINTY_MEASURE_WITH_UNIT (LENGTH_MEASURE( 1.000000000000000082E-05 ), #6251, 'distance_accuracy_value', 'NONE');
#3389 = STYLED_ITEM ( 'NONE', ( #5886 ), #8777 ) ;
#3390 = CARTESIAN_POINT ( 'NONE',  ( 0.0000000000000000000, 0.009999980000002999664, 0.09651999999999999469 ) ) ;
#3391 = VERTEX_POINT ( 'NONE', #7818 ) ;
#3392 = EDGE_CURVE ( 'NONE', #2233, #4742, #5013, .T. ) ;
#3393 = DIRECTION ( 'NONE',  ( 0.0000000000000000000, 1.000000000000000000, -0.0000000000000000000 ) ) ;
#3394 = CARTESIAN_POINT ( 'NONE',  ( -0.2149983000000000033, 0.2149983000000000033, 0.02000000000000000042 ) ) ;
#3395 = ORIENTED_EDGE ( 'NONE', *, *, #7403, .T. ) ;
#3396 = CARTESIAN_POINT ( 'NONE',  ( 0.02000250000000087375, -0.1749983800000023682, 0.0000000000000000000 ) ) ;
#3397 = FACE_OUTER_BOUND ( 'NONE', #1238, .T. ) ;
#3398 = VERTEX_POINT ( 'NONE', #4277 ) ;
#3399 = AXIS2_PLACEMENT_3D ( 'NONE', #9329, #4154, #4895 ) ;
#3400 = ITEM_DEFINED_TRANSFORMATION ( 'NONE', 'NONE', #7822,  #1083 ) ;
#3401 = EDGE_CURVE ( 'NONE', #4734, #1669, #455, .T. ) ;
#3402 = LINE ( 'NONE', #5792, #2852 ) ;
#3403 =( LENGTH_UNIT ( ) NAMED_UNIT ( * ) SI_UNIT ( .MILLI., .METRE. ) );
#3404 = VERTEX_POINT ( 'NONE', #604 ) ;
#3405 = UNCERTAINTY_MEASURE_WITH_UNIT (LENGTH_MEASURE( 1.000000000000000082E-05 ), #3948, 'distance_accuracy_value', 'NONE');
#3406 = DIRECTION ( 'NONE',  ( -0.5547001962252292584, -0.8320502943378436100, 0.0000000000000000000 ) ) ;
#3407 = VERTEX_POINT ( 'NONE', #7769 ) ;
#3408 = ADVANCED_FACE ( 'NONE', ( #3397 ), #6369, .T. ) ;
#3409 = DIRECTION ( 'NONE',  ( 0.7071067811864300001, 0.7071067811866650343, 0.0000000000000000000 ) ) ;
#3410 = AXIS2_PLACEMENT_3D ( 'NONE', #8001, #9333, #4116 ) ;
#3411 = FILL_AREA_STYLE_COLOUR ( '', #8881 ) ;
#3412 =( GEOMETRIC_REPRESENTATION_CONTEXT ( 3 ) GLOBAL_UNCERTAINTY_ASSIGNED_CONTEXT ( ( #2911 ) ) GLOBAL_UNIT_ASSIGNED_CONTEXT ( ( #1666, #6889, #7843 ) ) REPRESENTATION_CONTEXT ( 'NONE', 'WORKASPACE' ) );
#3413 = EDGE_CURVE ( 'NONE', #3349, #5163, #8724, .T. ) ;
#3414 = DIRECTION ( 'NONE',  ( 0.9615239476409362940, -0.2747211278969818316, 0.0000000000000000000 ) ) ;
#3415 = ORIENTED_EDGE ( 'NONE', *, *, #5073, .F. ) ;
#3416 = DIRECTION ( 'NONE',  ( 0.0000000000000000000, 1.000000000000000000, -0.0000000000000000000 ) ) ;
#3417 = ORIENTED_EDGE ( 'NONE', *, *, #9476, .F. ) ;
#3418 = DIRECTION ( 'NONE',  ( -0.5144765380481763906, 0.8575044558472937339, 0.0000000000000000000 ) ) ;
#3419 = CARTESIAN_POINT ( 'NONE',  ( 0.08999981999999999427, 0.2200021000000000060, 0.01000000000000000021 ) ) ;
#3420 = APPLICATION_PROTOCOL_DEFINITION ( 'draft international standard', 'automotive_design', 1998, #659 ) ;
#3421 = VERTEX_POINT ( 'NONE', #8011 ) ;
#3422 = VECTOR ( 'NONE', #6530, 1000.000000000000000 ) ;
#3423 = ORIENTED_EDGE ( 'NONE', *, *, #2283, .T. ) ;
#3424 = VECTOR ( 'NONE', #5984, 1000.000000000000000 ) ;
#3425 = CARTESIAN_POINT ( 'NONE',  ( 0.0000000000000000000, 0.0000000000000000000, 0.0000000000000000000 ) ) ;
#3426 = APPLICATION_CONTEXT ( 'automotive_design' ) ;
#3427 = VERTEX_POINT ( 'NONE', #3014 ) ;
#3428 = LINE ( 'NONE', #5578, #8435 ) ;
#3429 = DIRECTION ( 'NONE',  ( 0.0000000000000000000, 0.0000000000000000000, 1.000000000000000000 ) ) ;
#3430 = CARTESIAN_POINT ( 'NONE',  ( -0.1549984199999999979, -0.02999740000000000045, 0.0000000000000000000 ) ) ;
#3431 = CARTESIAN_POINT ( 'NONE',  ( 0.8000009400000001047, -0.7799984400000000706, 0.02000000000000000042 ) ) ;
#3432 = DIRECTION ( 'NONE',  ( 1.000000000000000000, 0.0000000000000000000, 0.0000000000000000000 ) ) ;
#3433 = LINE ( 'NONE', #7901, #5024 ) ;
#3434 = VECTOR ( 'NONE', #9196, 1000.000000000000000 ) ;
#3435 = DIRECTION ( 'NONE',  ( -0.0000000000000000000, -0.0000000000000000000, -1.000000000000000000 ) ) ;
#3436 = VECTOR ( 'NONE', #966, 1000.000000000000000 ) ;
#3437 = DIRECTION ( 'NONE',  ( -0.9863927951833045826, 0.1644057590550507542, -0.0000000000000000000 ) ) ;
#3438 = DIRECTION ( 'NONE',  ( 1.000000000000000000, 0.0000000000000000000, 0.0000000000000000000 ) ) ;
#3439 = ORIENTED_EDGE ( 'NONE', *, *, #6858, .F. ) ;
#3440 = DIRECTION ( 'NONE',  ( 0.0000000000000000000, 0.0000000000000000000, 1.000000000000000000 ) ) ;
#3441 = VECTOR ( 'NONE', #5028, 1000.000000000000000 ) ;
#3442 = DIRECTION ( 'NONE',  ( 0.0000000000000000000, 0.0000000000000000000, 1.000000000000000000 ) ) ;
#3443 = ORIENTED_EDGE ( 'NONE', *, *, #4953, .F. ) ;
#3444 = DIRECTION ( 'NONE',  ( -1.000000000000000000, -0.0000000000000000000, 0.0000000000000000000 ) ) ;
#3445 = LINE ( 'NONE', #3589, #5609 ) ;
#3446 = ORIENTED_EDGE ( 'NONE', *, *, #8225, .F. ) ;
#3447 = CARTESIAN_POINT ( 'NONE',  ( 0.05999987999998138838, 0.1800021799999892702, 0.0000000000000000000 ) ) ;
#3448 = CARTESIAN_POINT ( 'NONE',  ( -0.06499860000000999560, -0.1599996800000000052, 0.0000000000000000000 ) ) ;
#3449 = EDGE_LOOP ( 'NONE', ( #3731, #3468, #4080, #3713 ) ) ;
#3450 = ITEM_DEFINED_TRANSFORMATION ( 'NONE', 'NONE', #3722,  #4152 ) ;
#3451 = AXIS2_PLACEMENT_3D ( 'NONE', #2713, #9284, #5684 ) ;
#3452 = EDGE_CURVE ( 'NONE', #3861, #3797, #3644, .T. ) ;
#3453 = PLANE ( 'NONE',  #5817 ) ;
#3454 = SURFACE_STYLE_USAGE ( .BOTH. , #231 ) ;
#3455 = ORIENTED_EDGE ( 'NONE', *, *, #1880, .T. ) ;
#3456 = ORIENTED_EDGE ( 'NONE', *, *, #4585, .T. ) ;
#3457 = CARTESIAN_POINT ( 'NONE',  ( 0.2000000000000000111, 2.449293598294706538E-17, 0.01000000000000000021 ) ) ;
#3458 = AXIS2_PLACEMENT_3D ( 'NONE', #6547, #2227, #2083 ) ;
#3459 = CARTESIAN_POINT ( 'NONE',  ( -0.1499997000000314884, 0.1400022600000089823, 0.0000000000000000000 ) ) ;
#3460 = VECTOR ( 'NONE', #7145, 1000.000000000000000 ) ;
#3461 = EDGE_CURVE ( 'NONE', #4291, #5553, #1384, .T. ) ;
#3462 = ADVANCED_FACE ( 'NONE', ( #4416 ), #1574, .T. ) ;
#3463 = EDGE_CURVE ( 'NONE', #4906, #7987, #5982, .T. ) ;
#3464 = DIRECTION ( 'NONE',  ( 0.7071067811870475062, 0.7071067811860475283, 0.0000000000000000000 ) ) ;
#3465 = STYLED_ITEM ( 'NONE', ( #1694 ), #1335 ) ;
#3466 = ORIENTED_EDGE ( 'NONE', *, *, #327, .T. ) ;
#3467 = PLANE ( 'NONE',  #6461 ) ;
#3468 = ORIENTED_EDGE ( 'NONE', *, *, #5423, .T. ) ;
#3469 = CARTESIAN_POINT ( 'NONE',  ( -0.1499997000000000136, 0.1750009199999999765, 0.02000000000000000042 ) ) ;
#3470 = CARTESIAN_POINT ( 'NONE',  ( -0.1200023000000000201, 0.1150010399999999988, 0.0000000000000000000 ) ) ;
#3471 = SHAPE_DEFINITION_REPRESENTATION ( #5043, #1333 ) ;
#3472 = PRODUCT_DEFINITION_SHAPE ( 'NONE', 'NONE',  #9512 ) ;
#3473 = EDGE_CURVE ( 'NONE', #6271, #3513, #2099, .T. ) ;
#3474 = DIRECTION ( 'NONE',  ( 0.7071067811865475727, 0.7071067811865475727, 0.0000000000000000000 ) ) ;
#3475 = AXIS2_PLACEMENT_3D ( 'NONE', #3351, #6321, #3300 ) ;
#3476 = ADVANCED_BREP_SHAPE_REPRESENTATION ( '', ( #1269, #2951 ), #4728 ) ;
#3477 = ORIENTED_EDGE ( 'NONE', *, *, #5852, .T. ) ;
#3478 = MECHANICAL_DESIGN_GEOMETRIC_PRESENTATION_REPRESENTATION (  '', ( #4405 ), #8124 ) ;
#3479 = ADVANCED_FACE ( 'NONE', ( #1432 ), #4462, .T. ) ;
#3480 = DIRECTION ( 'NONE',  ( 0.0000000000000000000, 0.0000000000000000000, -1.000000000000000000 ) ) ;
#3481 = PRODUCT_DEFINITION_SHAPE ( 'NONE', 'NONE',  #4818 ) ;
#3482 = VERTEX_POINT ( 'NONE', #20 ) ;
#3483 = DIRECTION ( 'NONE',  ( 0.6000000000000034195, 0.7999999999999973799, 0.0000000000000000000 ) ) ;
#3484 = VECTOR ( 'NONE', #5557, 1000.000000000000000 ) ;
#3485 = DIRECTION ( 'NONE',  ( 1.000000000000000000, 0.0000000000000000000, 0.0000000000000000000 ) ) ;
#3486 = CARTESIAN_POINT ( 'NONE',  ( -0.08999981999999998039, -0.1799996400000000163, 0.0000000000000000000 ) ) ;
#3487 = FILL_AREA_STYLE_COLOUR ( '', #5188 ) ;
#3488 = LINE ( 'NONE', #5687, #9120 ) ;
#3489 = EDGE_CURVE ( 'NONE', #4634, #768, #6610, .T. ) ;
#3490 = DIRECTION ( 'NONE',  ( 0.0000000000000000000, 0.0000000000000000000, 1.000000000000000000 ) ) ;
#3491 = PRODUCT_DEFINITION_FORMATION_WITH_SPECIFIED_SOURCE ( 'ANY', '', #9357, .NOT_KNOWN. ) ;
#3492 = CARTESIAN_POINT ( 'NONE',  ( -0.1549984199999999979, -0.07999984000000000262, 0.02000000000000000042 ) ) ;
#3493 = APPLICATION_CONTEXT ( 'automotive_design' ) ;
#3494 = VECTOR ( 'NONE', #2146, 1000.000000000000000 ) ;
#3495 =( REPRESENTATION_RELATIONSHIP ('NONE','NONE', #5544, #8140 ) REPRESENTATION_RELATIONSHIP_WITH_TRANSFORMATION ( #5702 )SHAPE_REPRESENTATION_RELATIONSHIP( ) );
#3496 =( LENGTH_UNIT ( ) NAMED_UNIT ( * ) SI_UNIT ( .MILLI., .METRE. ) );
#3497 = ORIENTED_EDGE ( 'NONE', *, *, #2703, .T. ) ;
#3498 = PRODUCT_DEFINITION_FORMATION_WITH_SPECIFIED_SOURCE ( 'ANY', '', #9175, .NOT_KNOWN. ) ;
#3499 = FACE_OUTER_BOUND ( 'NONE', #6775, .T. ) ;
#3500 = ORIENTED_EDGE ( 'NONE', *, *, #3353, .F. ) ;
#3501 = LINE ( 'NONE', #6365, #642 ) ;
#3502 = ORIENTED_EDGE ( 'NONE', *, *, #8155, .F. ) ;
#3503 = VECTOR ( 'NONE', #4012, 1000.000000000000000 ) ;
#3504 = LINE ( 'NONE', #9345, #1147 ) ;
#3505 = CARTESIAN_POINT ( 'NONE',  ( 0.0000000000000000000, 0.2000021399999999949, 0.0000000000000000000 ) ) ;
#3506 = VECTOR ( 'NONE', #5518, 1000.000000000000114 ) ;
#3507 = CARTESIAN_POINT ( 'NONE',  ( -0.1549984200000052992, -0.07999984000000531781, 0.0000000000000000000 ) ) ;
#3508 = DIRECTION ( 'NONE',  ( 0.0000000000000000000, 0.0000000000000000000, 1.000000000000000000 ) ) ;
#3509 = ORIENTED_EDGE ( 'NONE', *, *, #1873, .F. ) ;
#3510 = UNCERTAINTY_MEASURE_WITH_UNIT (LENGTH_MEASURE( 1.000000000000000082E-05 ), #8442, 'distance_accuracy_value', 'NONE');
#3511 = LINE ( 'NONE', #6476, #7363 ) ;
#3512 =( NAMED_UNIT ( * ) SI_UNIT ( $, .STERADIAN. ) SOLID_ANGLE_UNIT ( ) );
#3513 = VERTEX_POINT ( 'NONE', #5205 ) ;
#3514 = PLANE ( 'NONE',  #6564 ) ;
#3515 =( LENGTH_UNIT ( ) NAMED_UNIT ( * ) SI_UNIT ( .MILLI., .METRE. ) );
#3516 = PRODUCT_DEFINITION ( 'UNKNOWN', '', #7369, #2724 ) ;
#3517 = LINE ( 'NONE', #2692, #2212 ) ;
#3518 = ORIENTED_EDGE ( 'NONE', *, *, #4172, .F. ) ;
#3519 = FILL_AREA_STYLE_COLOUR ( '', #7665 ) ;
#3520 = ADVANCED_FACE ( 'NONE', ( #8868 ), #8058, .T. ) ;
#3521 = DIRECTION ( 'NONE',  ( 0.0000000000000000000, 0.0000000000000000000, 1.000000000000000000 ) ) ;
#3522 = VERTEX_POINT ( 'NONE', #8158 ) ;
#3523 = LINE ( 'NONE', #4390, #8353 ) ;
#3524 = CARTESIAN_POINT ( 'NONE',  ( -0.06999986000001007236, 0.1800021799999999561, 0.0000000000000000000 ) ) ;
#3525 = APPLICATION_PROTOCOL_DEFINITION ( 'draft international standard', 'automotive_design', 1998, #165 ) ;
#3526 = ADVANCED_FACE ( 'NONE', ( #8919 ), #7291, .T. ) ;
#3527 = CARTESIAN_POINT ( 'NONE',  ( 0.1550009599999999932, 0.04000245999999999663, 0.0000000000000000000 ) ) ;
#3528 = EDGE_LOOP ( 'NONE', ( #938, #9038, #5078, #3696 ) ) ;
#3529 = DIRECTION ( 'NONE',  ( -0.0000000000000000000, -1.000000000000000000, 0.0000000000000000000 ) ) ;
#3530 = ORIENTED_EDGE ( 'NONE', *, *, #8743, .F. ) ;
#3531 = EDGE_CURVE ( 'NONE', #8095, #3683, #5064, .T. ) ;
#3532 =( GEOMETRIC_REPRESENTATION_CONTEXT ( 3 ) GLOBAL_UNCERTAINTY_ASSIGNED_CONTEXT ( ( #9004 ) ) GLOBAL_UNIT_ASSIGNED_CONTEXT ( ( #2963, #5211, #4422 ) ) REPRESENTATION_CONTEXT ( 'NONE', 'WORKASPACE' ) );
#3533 = DIRECTION ( 'NONE',  ( 0.0000000000000000000, 0.0000000000000000000, 1.000000000000000000 ) ) ;
#3534 = LINE ( 'NONE', #6456, #9325 ) ;
#3535 = ADVANCED_FACE ( 'NONE', ( #3742 ), #6700, .T. ) ;
#3536 = CARTESIAN_POINT ( 'NONE',  ( 0.09500107999998999575, 0.1200023000000000201, 0.01000000000000000021 ) ) ;
#3537 = CARTESIAN_POINT ( 'NONE',  ( -0.1299997399999969772, 0.07000240000000848561, 0.009999999999999998473 ) ) ;
#3538 = VECTOR ( 'NONE', #7379, 1000.000000000000000 ) ;
#3539 = EDGE_CURVE ( 'NONE', #6403, #9306, #2293, .T. ) ;
#3540 = ORIENTED_EDGE ( 'NONE', *, *, #4305, .F. ) ;
#3541 = CARTESIAN_POINT ( 'NONE',  ( 0.0000000000000000000, 0.2000021399999999949, 0.01000000000000000021 ) ) ;
#3542 = ORIENTED_EDGE ( 'NONE', *, *, #934, .T. ) ;
#3543 = CARTESIAN_POINT ( 'NONE',  ( 0.03999991999999866904, 0.1800021799999979299, 0.01000000000000000021 ) ) ;
#3544 = DIRECTION ( 'NONE',  ( -0.9486832980504137369, -0.3162277660171379234, 0.0000000000000000000 ) ) ;
#3545 = ORIENTED_EDGE ( 'NONE', *, *, #5917, .F. ) ;
#3546 = CARTESIAN_POINT ( 'NONE',  ( 0.0000000000000000000, 0.0000000000000000000, 0.0000000000000000000 ) ) ;
#3547 =( REPRESENTATION_RELATIONSHIP ('NONE','NONE', #5544, #2669 ) REPRESENTATION_RELATIONSHIP_WITH_TRANSFORMATION ( #1196 )SHAPE_REPRESENTATION_RELATIONSHIP( ) );
#3548 = DIRECTION ( 'NONE',  ( 0.0000000000000000000, -1.000000000000000000, -0.0000000000000000000 ) ) ;
#3549 = ITEM_DEFINED_TRANSFORMATION ( 'NONE', 'NONE', #9397,  #2951 ) ;
#3550 = DIRECTION ( 'NONE',  ( 1.000000000000000000, 0.0000000000000000000, -0.0000000000000000000 ) ) ;
#3551 = AXIS2_PLACEMENT_3D ( 'NONE', #9431, #7242, #598 ) ;
#3552 = DIRECTION ( 'NONE',  ( -1.000000000000000000, -0.0000000000000000000, 0.0000000000000000000 ) ) ;
#3553 = PRODUCT_DEFINITION_SHAPE ( 'NONE', 'NONE',  #9514 ) ;
#3554 = ORIENTED_EDGE ( 'NONE', *, *, #8324, .T. ) ;
#3555 = DIRECTION ( 'NONE',  ( 0.4472135954999579277, 0.8944271909999158554, 0.0000000000000000000 ) ) ;
#3556 = ORIENTED_EDGE ( 'NONE', *, *, #5630, .T. ) ;
#3557 = FACE_OUTER_BOUND ( 'NONE', #4378, .T. ) ;
#3558 =( GEOMETRIC_REPRESENTATION_CONTEXT ( 3 ) GLOBAL_UNCERTAINTY_ASSIGNED_CONTEXT ( ( #3388 ) ) GLOBAL_UNIT_ASSIGNED_CONTEXT ( ( #6251, #9186, #6896 ) ) REPRESENTATION_CONTEXT ( 'NONE', 'WORKASPACE' ) );
#3559 = PRODUCT_DEFINITION_SHAPE ( 'NONE', 'NONE',  #6774 ) ;
#3560 = SHAPE_DEFINITION_REPRESENTATION ( #2700, #6962 ) ;
#3561 = CARTESIAN_POINT ( 'NONE',  ( -0.2149983000000000033, -0.2149983000000000033, 0.02000000000000000042 ) ) ;
#3562 = ORIENTED_EDGE ( 'NONE', *, *, #867, .T. ) ;
#3563 = AXIS2_PLACEMENT_3D ( 'NONE', #8481, #8337, #1719 ) ;
#3564 = DIRECTION ( 'NONE',  ( 0.0000000000000000000, -1.000000000000000000, 0.0000000000000000000 ) ) ;
#3565 = DIRECTION ( 'NONE',  ( 0.0000000000000000000, 0.0000000000000000000, 1.000000000000000000 ) ) ;
#3566 = EDGE_LOOP ( 'NONE', ( #7716, #5636, #6328, #5549 ) ) ;
#3567 = FACE_OUTER_BOUND ( 'NONE', #8053, .T. ) ;
#3568 = LINE ( 'NONE', #6340, #2876 ) ;
#3569 = CARTESIAN_POINT ( 'NONE',  ( 0.1400022599999999895, 0.1200023000000000201, 0.0000000000000000000 ) ) ;
#3570 = PLANE ( 'NONE',  #3755 ) ;
#3571 = VECTOR ( 'NONE', #5381, 1000.000000000000000 ) ;
#3572 = VERTEX_POINT ( 'NONE', #5253 ) ;
#3573 = ADVANCED_FACE ( 'NONE', ( #4512 ), #2904, .T. ) ;
#3574 = ORIENTED_EDGE ( 'NONE', *, *, #1168, .T. ) ;
#3575 = DIRECTION ( 'NONE',  ( 0.0000000000000000000, 0.0000000000000000000, 1.000000000000000000 ) ) ;
#3576 = VECTOR ( 'NONE', #7146, 1000.000000000000000 ) ;
#3577 = VERTEX_POINT ( 'NONE', #122 ) ;
#3578 = VECTOR ( 'NONE', #7389, 1000.000000000000000 ) ;
#3579 = CARTESIAN_POINT ( 'NONE',  ( 0.2000000000000000111, 0.0000000000000000000, 0.0000000000000000000 ) ) ;
#3580 = ADVANCED_FACE ( 'NONE', ( #9482 ), #2862, .T. ) ;
#3581 = EDGE_CURVE ( 'NONE', #7597, #9353, #7614, .T. ) ;
#3582 = EDGE_CURVE ( 'NONE', #8195, #1487, #6852, .T. ) ;
#3583 =( NAMED_UNIT ( * ) PLANE_ANGLE_UNIT ( ) SI_UNIT ( $, .RADIAN. ) );
#3584 = ORIENTED_EDGE ( 'NONE', *, *, #1779, .F. ) ;
#3585 = UNCERTAINTY_MEASURE_WITH_UNIT (LENGTH_MEASURE( 1.000000000000000082E-05 ), #4959, 'distance_accuracy_value', 'NONE');
#3586 = CARTESIAN_POINT ( 'NONE',  ( 0.05000244000000000216, -0.009997440000006000207, 0.0000000000000000000 ) ) ;
#3587 = ORIENTED_EDGE ( 'NONE', *, *, #103, .T. ) ;
#3588 = CARTESIAN_POINT ( 'NONE',  ( 0.1450009799999787963, 0.09000235999997878433, 0.0000000000000000000 ) ) ;
#3589 = CARTESIAN_POINT ( 'NONE',  ( 0.2149983000000000033, -0.2149983000000000033, 0.02000000000000000042 ) ) ;
#3590 = VERTEX_POINT ( 'NONE', #3979 ) ;
#3591 = CARTESIAN_POINT ( 'NONE',  ( 0.1750009200000000043, -0.01999741999999999839, 0.02000000000000000736 ) ) ;
#3592 = CARTESIAN_POINT ( 'NONE',  ( 0.1599996800000000052, -0.2099995800000000190, 0.0000000000000000000 ) ) ;
#3593 = ADVANCED_FACE ( 'NONE', ( #7527 ), #6066, .T. ) ;
#3594 = CONTEXT_DEPENDENT_SHAPE_REPRESENTATION ( #5356, #860 ) ;
#3595 = FACE_OUTER_BOUND ( 'NONE', #7749, .T. ) ;
#3596 = EDGE_CURVE ( 'NONE', #2812, #6181, #5444, .T. ) ;
#3597 = AXIS2_PLACEMENT_3D ( 'NONE', #4194, #3464, #5710 ) ;
#3598 = VECTOR ( 'NONE', #4597, 1000.000000000000000 ) ;
#3599 =( NAMED_UNIT ( * ) SI_UNIT ( $, .STERADIAN. ) SOLID_ANGLE_UNIT ( ) );
#3600 = EDGE_LOOP ( 'NONE', ( #9462, #8646, #3701, #5440 ) ) ;
#3601 = UNCERTAINTY_MEASURE_WITH_UNIT (LENGTH_MEASURE( 1.000000000000000082E-05 ), #4781, 'distance_accuracy_value', 'NONE');
#3602 = DIRECTION ( 'NONE',  ( -0.9486832980504137369, 0.3162277660171379234, 0.0000000000000000000 ) ) ;
#3603 = LINE ( 'NONE', #4331, #5478 ) ;
#3604 = ORIENTED_EDGE ( 'NONE', *, *, #5721, .F. ) ;
#3605 = PLANE ( 'NONE',  #2551 ) ;
#3606 = CLOSED_SHELL ( 'NONE', ( #2036, #2569, #4659, #7033 ) ) ;
#3607 = SHAPE_DEFINITION_REPRESENTATION ( #1158, #647 ) ;
#3608 = DIRECTION ( 'NONE',  ( -0.0000000000000000000, -0.0000000000000000000, -1.000000000000000000 ) ) ;
#3609 = VERTEX_POINT ( 'NONE', #1037 ) ;
#3610 = CARTESIAN_POINT ( 'NONE',  ( 0.005001260000000000427, 0.1800021800000000394, 0.0000000000000000000 ) ) ;
#3611 = VECTOR ( 'NONE', #6420, 1000.000000000000000 ) ;
#3612 = DIRECTION ( 'NONE',  ( 0.0000000000000000000, 0.0000000000000000000, 1.000000000000000000 ) ) ;
#3613 = ORIENTED_EDGE ( 'NONE', *, *, #2644, .T. ) ;
#3614 = VECTOR ( 'NONE', #2434, 1000.000000000000114 ) ;
#3615 = LINE ( 'NONE', #4293, #5264 ) ;
#3616 = DIRECTION ( 'NONE',  ( -0.0000000000000000000, -1.000000000000000000, 0.0000000000000000000 ) ) ;
#3617 = CARTESIAN_POINT ( 'NONE',  ( -0.08999982000002526572, 0.2200021000000004223, 0.0000000000000000000 ) ) ;
#3618 = APPLICATION_CONTEXT ( 'automotive_design' ) ;
#3619 = CARTESIAN_POINT ( 'NONE',  ( 0.1099997800000000053, -0.1599996800000000052, 0.0000000000000000000 ) ) ;
#3620 = VERTEX_POINT ( 'NONE', #4758 ) ;
#3621 = VECTOR ( 'NONE', #8292, 1000.000000000000000 ) ;
#3622 = PLANE ( 'NONE',  #6230 ) ;
#3623 = VERTEX_POINT ( 'NONE', #3883 ) ;
#3624 = CARTESIAN_POINT ( 'NONE',  ( -0.1349984599999943247, -0.1299971999999959826, 0.0000000000000000000 ) ) ;
#3625 =( NAMED_UNIT ( * ) PLANE_ANGLE_UNIT ( ) SI_UNIT ( $, .RADIAN. ) );
#3626 = ORIENTED_EDGE ( 'NONE', *, *, #5298, .T. ) ;
#3627 = CARTESIAN_POINT ( 'NONE',  ( 1.499999539999999909, 1.499999539999999909, 0.0000000000000000000 ) ) ;
#3628 = LINE ( 'NONE', #2847, #8869 ) ;
#3629 = PRODUCT_DEFINITION ( 'UNKNOWN', '', #6742, #4555 ) ;
#3630 = AXIS2_PLACEMENT_3D ( 'NONE', #2611, #4111, #3279 ) ;
#3631 = ORIENTED_EDGE ( 'NONE', *, *, #1409, .F. ) ;
#3632 = VECTOR ( 'NONE', #3308, 1000.000000000000000 ) ;
#3633 = VECTOR ( 'NONE', #1198, 999.9999999999998863 ) ;
#3634 = ORIENTED_EDGE ( 'NONE', *, *, #9363, .T. ) ;
#3635 = ADVANCED_FACE ( 'NONE', ( #9000 ), #933, .T. ) ;
#3636 = DIRECTION ( 'NONE',  ( 0.9864018224757633568, -0.1643515884209605926, -0.0000000000000000000 ) ) ;
#3637 = EDGE_CURVE ( 'NONE', #2422, #519, #6950, .T. ) ;
#3638 = ORIENTED_EDGE ( 'NONE', *, *, #2588, .F. ) ;
#3639 = LINE ( 'NONE', #2044, #1319 ) ;
#3640 = AXIS2_PLACEMENT_3D ( 'NONE', #5866, #5186, #5048 ) ;
#3641 = CARTESIAN_POINT ( 'NONE',  ( 1.499999539999999909, 1.499999539999999909, 0.0000000000000000000 ) ) ;
#3642 = FACE_OUTER_BOUND ( 'NONE', #1595, .T. ) ;
#3643 = ADVANCED_FACE ( 'NONE', ( #4711 ), #353, .T. ) ;
#3644 = LINE ( 'NONE', #7432, #1177 ) ;
#3645 = AXIS2_PLACEMENT_3D ( 'NONE', #3837, #6165, #6210 ) ;
#3646 = FACE_OUTER_BOUND ( 'NONE', #8965, .T. ) ;
#3647 = PLANE ( 'NONE',  #8864 ) ;
#3648 = ORIENTED_EDGE ( 'NONE', *, *, #8621, .T. ) ;
#3649 = CARTESIAN_POINT ( 'NONE',  ( -0.1499997000000455050, 0.1400022599999598827, 0.0000000000000000000 ) ) ;
#3650 = VECTOR ( 'NONE', #5689, 1000.000000000000000 ) ;
#3651 = ADVANCED_FACE ( 'NONE', ( #2377 ), #7569, .T. ) ;
#3652 = SURFACE_STYLE_FILL_AREA ( #2250 ) ;
#3653 = VERTEX_POINT ( 'NONE', #166 ) ;
#3654 = DIRECTION ( 'NONE',  ( 0.0000000000000000000, -0.0000000000000000000, -1.000000000000000000 ) ) ;
#3655 = ORIENTED_EDGE ( 'NONE', *, *, #5317, .T. ) ;
#3656 = FACE_BOUND ( 'NONE', #3949, .T. ) ;
#3657 = EDGE_CURVE ( 'NONE', #2880, #9129, #9144, .T. ) ;
#3658 = ORIENTED_EDGE ( 'NONE', *, *, #5630, .F. ) ;
#3659 = VECTOR ( 'NONE', #669, 1000.000000000000114 ) ;
#3660 = APPLICATION_PROTOCOL_DEFINITION ( 'draft international standard', 'automotive_design', 1998, #8257 ) ;
#3661 = CARTESIAN_POINT ( 'NONE',  ( 0.8300008799999903930, -0.7399985199999968843, 0.0000000000000000000 ) ) ;
#3662 = VERTEX_POINT ( 'NONE', #5394 ) ;
#3663 = CARTESIAN_POINT ( 'NONE',  ( -0.08999981999999999427, 0.2200021000000000060, 0.01000000000000000021 ) ) ;
#3664 = EDGE_CURVE ( 'NONE', #4095, #5390, #2426, .T. ) ;
#3665 = DIRECTION ( 'NONE',  ( 0.0000000000000000000, 0.0000000000000000000, 1.000000000000000000 ) ) ;
#3666 = EDGE_LOOP ( 'NONE', ( #3746, #7602, #1312, #2754 ) ) ;
#3667 = DIRECTION ( 'NONE',  ( -0.0000000000000000000, -0.0000000000000000000, -1.000000000000000000 ) ) ;
#3668 = CARTESIAN_POINT ( 'NONE',  ( 0.1299997400000000025, -0.02999740000000000045, 0.0000000000000000000 ) ) ;
#3669 = SHAPE_REPRESENTATION ( 'User Library-QFN-20_Extruded16', ( #2951 ), #6833 ) ;
#3670 = CARTESIAN_POINT ( 'NONE',  ( -0.1299997400000016679, 0.1700022000000019629, 0.01000000000000000194 ) ) ;
#3671 = DIRECTION ( 'NONE',  ( 0.0000000000000000000, -1.000000000000000000, -0.0000000000000000000 ) ) ;
#3672 = LINE ( 'NONE', #9414, #8999 ) ;
#3673 = EDGE_LOOP ( 'NONE', ( #8704, #3968, #406, #477 ) ) ;
#3674 = LINE ( 'NONE', #8703, #5776 ) ;
#3675 = ORIENTED_EDGE ( 'NONE', *, *, #747, .T. ) ;
#3676 = LINE ( 'NONE', #2221, #9027 ) ;
#3677 = ORIENTED_EDGE ( 'NONE', *, *, #8327, .T. ) ;
#3678 = FACE_OUTER_BOUND ( 'NONE', #9055, .T. ) ;
#3679 =( REPRESENTATION_RELATIONSHIP ('NONE','NONE', #3230, #282 ) REPRESENTATION_RELATIONSHIP_WITH_TRANSFORMATION ( #8389 )SHAPE_REPRESENTATION_RELATIONSHIP( ) );
#3680 = CARTESIAN_POINT ( 'NONE',  ( -0.01999741999999999839, -0.1749983800000000089, 0.02000000000000000736 ) ) ;
#3681 = ORIENTED_EDGE ( 'NONE', *, *, #4105, .T. ) ;
#3682 = PRODUCT_DEFINITION ( 'UNKNOWN', '', #7831, #2648 ) ;
#3683 = VERTEX_POINT ( 'NONE', #2524 ) ;
#3684 = DIRECTION ( 'NONE',  ( 0.0000000000000000000, -1.000000000000000000, -0.0000000000000000000 ) ) ;
#3685 =( NAMED_UNIT ( * ) SI_UNIT ( $, .STERADIAN. ) SOLID_ANGLE_UNIT ( ) );
#3686 = ORIENTED_EDGE ( 'NONE', *, *, #800, .T. ) ;
#3687 = DIRECTION ( 'NONE',  ( -1.000000000000000000, -0.0000000000000000000, 0.0000000000000000000 ) ) ;
#3688 = CARTESIAN_POINT ( 'NONE',  ( -0.08999981999999999427, 0.1300022800000000256, 0.0000000000000000000 ) ) ;
#3689 = CARTESIAN_POINT ( 'NONE',  ( 0.04999990000000158197, -0.1999996000000023866, 0.009999999999999998473 ) ) ;
#3690 = AXIS2_PLACEMENT_3D ( 'NONE', #8331, #203, #2369 ) ;
#3691 = EDGE_CURVE ( 'NONE', #4617, #2812, #5296, .T. ) ;
#3692 = AXIS2_PLACEMENT_3D ( 'NONE', #8348, #6123, #939 ) ;
#3693 = ITEM_DEFINED_TRANSFORMATION ( 'NONE', 'NONE', #7416,  #2951 ) ;
#3694 = DIRECTION ( 'NONE',  ( 0.0000000000000000000, -0.0000000000000000000, 1.000000000000000000 ) ) ;
#3695 = EDGE_CURVE ( 'NONE', #1834, #7574, #1721, .T. ) ;
#3696 = ORIENTED_EDGE ( 'NONE', *, *, #7456, .T. ) ;
#3697 = VECTOR ( 'NONE', #5467, 1000.000000000000000 ) ;
#3698 = UNCERTAINTY_MEASURE_WITH_UNIT (LENGTH_MEASURE( 1.000000000000000082E-05 ), #1000, 'distance_accuracy_value', 'NONE');
#3699 = DIRECTION ( 'NONE',  ( -0.1960682367459480047, -0.9805902541527398153, -0.0000000000000000000 ) ) ;
#3700 =( LENGTH_UNIT ( ) NAMED_UNIT ( * ) SI_UNIT ( .MILLI., .METRE. ) );
#3701 = ORIENTED_EDGE ( 'NONE', *, *, #454, .F. ) ;
#3702 = DIRECTION ( 'NONE',  ( 0.5999999999999999778, -0.8000000000000000444, 0.0000000000000000000 ) ) ;
#3703 = ORIENTED_EDGE ( 'NONE', *, *, #3340, .F. ) ;
#3704 = VECTOR ( 'NONE', #3249, 1000.000000000000000 ) ;
#3705 = DIRECTION ( 'NONE',  ( -1.000000000000000000, 0.0000000000000000000, 0.0000000000000000000 ) ) ;
#3706 = EDGE_CURVE ( 'NONE', #315, #5330, #3287, .T. ) ;
#3707 = AXIS2_PLACEMENT_3D ( 'NONE', #6819, #6768, #6627 ) ;
#3708 = EDGE_CURVE ( 'NONE', #2812, #7536, #5494, .T. ) ;
#3709 = PRODUCT_CONTEXT ( 'NONE', #6286, 'mechanical' ) ;
#3710 = AXIS2_PLACEMENT_3D ( 'NONE', #8381, #6111, #3418 ) ;
#3711 = DIRECTION ( 'NONE',  ( -0.0000000000000000000, 0.0000000000000000000, -1.000000000000000000 ) ) ;
#3712 = EDGE_CURVE ( 'NONE', #4834, #4221, #1765, .T. ) ;
#3713 = ORIENTED_EDGE ( 'NONE', *, *, #8203, .F. ) ;
#3714 = ORIENTED_EDGE ( 'NONE', *, *, #572, .T. ) ;
#3715 = DIRECTION ( 'NONE',  ( 0.0000000000000000000, -1.000000000000000000, -0.0000000000000000000 ) ) ;
#3716 = CARTESIAN_POINT ( 'NONE',  ( 0.1500022400000000089, -0.2199995600000000107, 0.0000000000000000000 ) ) ;
#3717 = CARTESIAN_POINT ( 'NONE',  ( -0.07999984000000000262, -0.1799996399999999608, 0.0000000000000000000 ) ) ;
#3718 = PRODUCT_DEFINITION_SHAPE ( 'NONE', 'NONE',  #9525 ) ;
#3719 = CARTESIAN_POINT ( 'NONE',  ( 0.01500123999999000181, 0.1800021800000000116, 0.01000000000000000021 ) ) ;
#3720 = ORIENTED_EDGE ( 'NONE', *, *, #6455, .T. ) ;
#3721 = EDGE_CURVE ( 'NONE', #6042, #985, #7711, .T. ) ;
#3722 = AXIS2_PLACEMENT_3D ( 'NONE', #8706, #8526, #539 ) ;
#3723 = DIRECTION ( 'NONE',  ( 0.0000000000000000000, 0.0000000000000000000, 1.000000000000000000 ) ) ;
#3724 = PRODUCT_DEFINITION_SHAPE ( 'NONE', 'NONE',  #6360 ) ;
#3725 = ORIENTED_EDGE ( 'NONE', *, *, #8432, .T. ) ;
#3726 = CARTESIAN_POINT ( 'NONE',  ( 0.1699996599999999969, 0.08000237999999999794, 0.0000000000000000000 ) ) ;
#3727 = VERTEX_POINT ( 'NONE', #6310 ) ;
#3728 = CARTESIAN_POINT ( 'NONE',  ( -0.08499855999999930689, -0.1999996000000120178, 0.01000000000000000194 ) ) ;
#3729 = VECTOR ( 'NONE', #8678, 1000.000000000000000 ) ;
#3730 = DIRECTION ( 'NONE',  ( -0.7070843308576648667, 0.7071292308026647655, 0.0000000000000000000 ) ) ;
#3731 = ORIENTED_EDGE ( 'NONE', *, *, #6858, .T. ) ;
#3732 = DIRECTION ( 'NONE',  ( 0.0000000000000000000, 0.0000000000000000000, -1.000000000000000000 ) ) ;
#3733 = DIRECTION ( 'NONE',  ( 0.2747211278969818316, -0.9615239476409362940, 0.0000000000000000000 ) ) ;
#3734 = CARTESIAN_POINT ( 'NONE',  ( 0.0000000000000000000, 0.0000000000000000000, 0.0000000000000000000 ) ) ;
#3735 = ORIENTED_EDGE ( 'NONE', *, *, #222, .T. ) ;
#3736 = FACE_OUTER_BOUND ( 'NONE', #3810, .T. ) ;
#3737 = VERTEX_POINT ( 'NONE', #3381 ) ;
#3738 = CARTESIAN_POINT ( 'NONE',  ( 0.05000244000000000216, -0.2199995600000000107, 0.0000000000000000000 ) ) ;
#3739 = CARTESIAN_POINT ( 'NONE',  ( -0.09999980000001000568, -0.01999996000001000307, 0.0000000000000000000 ) ) ;
#3740 = CARTESIAN_POINT ( 'NONE',  ( -0.05999734000000000317, -0.1649983999999999895, 0.0000000000000000000 ) ) ;
#3741 = AXIS2_PLACEMENT_3D ( 'NONE', #6418, #7961, #2143 ) ;
#3742 = FACE_OUTER_BOUND ( 'NONE', #1079, .T. ) ;
#3743 = CONTEXT_DEPENDENT_SHAPE_REPRESENTATION ( #3991, #5967 ) ;
#3744 = LINE ( 'NONE', #4888, #39 ) ;
#3745 = APPLICATION_CONTEXT ( 'automotive_design' ) ;
#3746 = ORIENTED_EDGE ( 'NONE', *, *, #8691, .T. ) ;
#3747 = LINE ( 'NONE', #3021, #7115 ) ;
#3748 = ORIENTED_EDGE ( 'NONE', *, *, #5306, .F. ) ;
#3749 = CARTESIAN_POINT ( 'NONE',  ( -0.1049985199999999980, 0.1299997400000000025, 0.02000000000000000042 ) ) ;
#3750 = VERTEX_POINT ( 'NONE', #9335 ) ;
#3751 = DIRECTION ( 'NONE',  ( 0.0000000000000000000, 0.0000000000000000000, -1.000000000000000000 ) ) ;
#3752 = EDGE_CURVE ( 'NONE', #4984, #3999, #2718, .T. ) ;
#3753 = AXIS2_PLACEMENT_3D ( 'NONE', #9279, #6349, #5623 ) ;
#3754 = PRODUCT_CONTEXT ( 'NONE', #4298, 'mechanical' ) ;
#3755 = AXIS2_PLACEMENT_3D ( 'NONE', #2026, #6539, #9459 ) ;
#3756 = CARTESIAN_POINT ( 'NONE',  ( -0.1549984200000052992, -0.07999984000000533169, 0.02000000000000000042 ) ) ;
#3757 = ORIENTED_EDGE ( 'NONE', *, *, #1881, .T. ) ;
#3758 = LINE ( 'NONE', #6717, #9496 ) ;
#3759 = CARTESIAN_POINT ( 'NONE',  ( 0.0000000000000000000, 0.0000000000000000000, 0.0000000000000000000 ) ) ;
#3760 = VERTEX_POINT ( 'NONE', #1176 ) ;
#3761 = CARTESIAN_POINT ( 'NONE',  ( -0.09499853999996107912, -0.1099972400000468892, 0.0000000000000000000 ) ) ;
#3762 = LINE ( 'NONE', #4391, #9054 ) ;
#3763 = EDGE_CURVE ( 'NONE', #5330, #3068, #4808, .T. ) ;
#3764 = VECTOR ( 'NONE', #3608, 1000.000000000000000 ) ;
#3765 = ADVANCED_FACE ( 'NONE', ( #9238 ), #5632, .T. ) ;
#3766 = CARTESIAN_POINT ( 'NONE',  ( 0.09999979999999000779, -0.01999996000000999960, 0.0000000000000000000 ) ) ;
#3767 = ADVANCED_FACE ( 'NONE', ( #4901 ), #1901, .T. ) ;
#3768 = VECTOR ( 'NONE', #6367, 1000.000000000000000 ) ;
#3769 = CARTESIAN_POINT ( 'NONE',  ( 0.01999995999998997048, 0.1750009200000000320, 0.0000000000000000000 ) ) ;
#3770 = VECTOR ( 'NONE', #5888, 999.9999999999998863 ) ;
#3771 = ORIENTED_EDGE ( 'NONE', *, *, #6987, .T. ) ;
#3772 = CARTESIAN_POINT ( 'NONE',  ( 0.06999986000000832376, 0.1600022200000055517, 0.0000000000000000000 ) ) ;
#3773 = DIRECTION ( 'NONE',  ( 1.000000000000000000, 0.0000000000000000000, 0.0000000000000000000 ) ) ;
#3774 = EDGE_CURVE ( 'NONE', #5163, #2182, #1949, .T. ) ;
#3775 = ORIENTED_EDGE ( 'NONE', *, *, #5622, .F. ) ;
#3776 = CARTESIAN_POINT ( 'NONE',  ( -0.1399997199999999942, -0.009997440000006000207, 0.0000000000000000000 ) ) ;
#3777 = VECTOR ( 'NONE', #886, 1000.000000000000227 ) ;
#3778 = CARTESIAN_POINT ( 'NONE',  ( 0.08999982000000000815, 0.09000236000000001735, 0.0000000000000000000 ) ) ;
#3779 = EDGE_CURVE ( 'NONE', #6075, #621, #7856, .T. ) ;
#3780 = VERTEX_POINT ( 'NONE', #8627 ) ;
#3781 = CARTESIAN_POINT ( 'NONE',  ( -0.6500012400000000357, 0.8499982999999999844, 0.0000000000000000000 ) ) ;
#3782 = CARTESIAN_POINT ( 'NONE',  ( -0.1299997399999879288, 0.07000240000000697294, 0.0000000000000000000 ) ) ;
#3783 = PRESENTATION_LAYER_ASSIGNMENT (  '', '', ( #1480 ) ) ;
#3784 = FILL_AREA_STYLE ('',( #2232 ) ) ;
#3785 = DIRECTION ( 'NONE',  ( 0.0000000000000000000, 0.0000000000000000000, 1.000000000000000000 ) ) ;
#3786 = EDGE_CURVE ( 'NONE', #8205, #3136, #1277, .T. ) ;
#3787 = ORIENTED_EDGE ( 'NONE', *, *, #2644, .F. ) ;
#3788 = VECTOR ( 'NONE', #7073, 999.9999999999998863 ) ;
#3789 = PLANE ( 'NONE',  #7187 ) ;
#3790 = LINE ( 'NONE', #8996, #5587 ) ;
#3791 = CARTESIAN_POINT ( 'NONE',  ( 0.07999984000000000262, -0.1299997400000000025, 0.0000000000000000000 ) ) ;
#3792 = CARTESIAN_POINT ( 'NONE',  ( -0.09999980000001000568, 0.1500022400000000089, 0.0000000000000000000 ) ) ;
#3793 = AXIS2_PLACEMENT_3D ( 'NONE', #665, #83, #7350 ) ;
#3794 = CARTESIAN_POINT ( 'NONE',  ( 0.07500112000000000445, -0.1399971799999999988, 0.02000000000000000042 ) ) ;
#3795 = AXIS2_PLACEMENT_3D ( 'NONE', #3872, #5332, #3192 ) ;
#3796 = PRODUCT_DEFINITION_SHAPE ( 'NONE', 'NONE',  #9523 ) ;
#3797 = VERTEX_POINT ( 'NONE', #9381 ) ;
#3798 =( GEOMETRIC_REPRESENTATION_CONTEXT ( 3 ) GLOBAL_UNCERTAINTY_ASSIGNED_CONTEXT ( ( #5831 ) ) GLOBAL_UNIT_ASSIGNED_CONTEXT ( ( #2893, #5822, #4446 ) ) REPRESENTATION_CONTEXT ( 'NONE', 'WORKASPACE' ) );
#3799 = DIRECTION ( 'NONE',  ( 0.4061288947679534411, -0.9138158024648952438, 0.0000000000000000000 ) ) ;
#3800 = ORIENTED_EDGE ( 'NONE', *, *, #7324, .F. ) ;
#3801 = CARTESIAN_POINT ( 'NONE',  ( 0.1050010599999987304, -0.1299971999999987582, 0.02000000000000000389 ) ) ;
#3802 = EDGE_LOOP ( 'NONE', ( #6568, #4627, #6628, #8636 ) ) ;
#3803 = VECTOR ( 'NONE', #8733, 999.9999999999998863 ) ;
#3804 = CARTESIAN_POINT ( 'NONE',  ( 0.1500022400000000089, -0.1799996399999999608, 0.01000000000000000021 ) ) ;
#3805 = SURFACE_STYLE_USAGE ( .BOTH. , #5260 ) ;
#3806 = ITEM_DEFINED_TRANSFORMATION ( 'NONE', 'NONE', #170,  #8340 ) ;
#3807 = APPLICATION_CONTEXT ( 'automotive_design' ) ;
#3808 = VECTOR ( 'NONE', #8363, 1000.000000000000000 ) ;
#3809 = LINE ( 'NONE', #7726, #9310 ) ;
#3810 = EDGE_LOOP ( 'NONE', ( #1511, #5326, #7368, #6758 ) ) ;
#3811 = SHAPE_REPRESENTATION ( 'User Library-QFN-20_479711953', ( #3551, #2775 ), #931 ) ;
#3812 = ORIENTED_EDGE ( 'NONE', *, *, #1123, .F. ) ;
#3813 = PRODUCT_RELATED_PRODUCT_CATEGORY ( 'part', '', ( #8132 ) ) ;
#3814 = PLANE ( 'NONE',  #582 ) ;
#3815 = PLANE ( 'NONE',  #1160 ) ;
#3816 = VECTOR ( 'NONE', #7000, 1000.000000000000000 ) ;
#3817 = CARTESIAN_POINT ( 'NONE',  ( 0.1400022599999999895, 0.1800021800000000394, 0.0000000000000000000 ) ) ;
#3818 = ADVANCED_FACE ( 'NONE', ( #442 ), #6357, .T. ) ;
#3819 = ORIENTED_EDGE ( 'NONE', *, *, #4611, .F. ) ;
#3820 = CARTESIAN_POINT ( 'NONE',  ( 0.1199997600000002745, 0.04000245999999935131, 0.0000000000000000000 ) ) ;
#3821 = EDGE_CURVE ( 'NONE', #5843, #9197, #7044, .T. ) ;
#3822 = PRODUCT_CONTEXT ( 'NONE', #7824, 'mechanical' ) ;
#3823 = VERTEX_POINT ( 'NONE', #6408 ) ;
#3824 = CARTESIAN_POINT ( 'NONE',  ( -0.07999984000000000262, -0.1799996399999999885, 0.0000000000000000000 ) ) ;
#3825 = CARTESIAN_POINT ( 'NONE',  ( -0.09999725999999359294, -0.1349984600000047885, 0.0000000000000000000 ) ) ;
#3826 = EDGE_CURVE ( 'NONE', #961, #1904, #8483, .T. ) ;
#3827 = FACE_OUTER_BOUND ( 'NONE', #421, .T. ) ;
#3828 = DIRECTION ( 'NONE',  ( -0.4471908780141098383, -0.8944385493822196720, 0.0000000000000000000 ) ) ;
#3829 =( NAMED_UNIT ( * ) PLANE_ANGLE_UNIT ( ) SI_UNIT ( $, .RADIAN. ) );
#3830 = EDGE_CURVE ( 'NONE', #8071, #8623, #400, .T. ) ;
#3831 = PLANE ( 'NONE',  #1851 ) ;
#3832 = DIRECTION ( 'NONE',  ( 1.000000000000000000, 0.0000000000000000000, 0.0000000000000000000 ) ) ;
#3833 = ORIENTED_EDGE ( 'NONE', *, *, #8035, .F. ) ;
#3834 = CARTESIAN_POINT ( 'NONE',  ( -0.1249984800000000090, -0.1099997800000000053, 0.02000000000000000042 ) ) ;
#3835 = CARTESIAN_POINT ( 'NONE',  ( 0.04999990000000001378, 0.01000251999999999912, 0.0000000000000000000 ) ) ;
#3836 = CARTESIAN_POINT ( 'NONE',  ( 0.04999989999999999990, 0.2200021000000000060, 0.01000000000000000368 ) ) ;
#3837 = CARTESIAN_POINT ( 'NONE',  ( -0.2149983000000000033, -0.2149983000000000033, 0.0000000000000000000 ) ) ;
#3838 = EDGE_CURVE ( 'NONE', #7323, #6989, #7185, .T. ) ;
#3839 = CARTESIAN_POINT ( 'NONE',  ( -0.1499997000000000136, -0.2199995600000000107, 0.01000000000000000021 ) ) ;
#3840 = ORIENTED_EDGE ( 'NONE', *, *, #6558, .F. ) ;
#3841 = LINE ( 'NONE', #8875, #6745 ) ;
#3842 = PRESENTATION_STYLE_ASSIGNMENT (( #2196 ) ) ;
#3843 = ORIENTED_EDGE ( 'NONE', *, *, #3473, .F. ) ;
#3844 = LINE ( 'NONE', #9007, #5167 ) ;
#3845 = AXIS2_PLACEMENT_3D ( 'NONE', #6615, #5883, #8821 ) ;
#3846 = ORIENTED_EDGE ( 'NONE', *, *, #752, .F. ) ;
#3847 = FACE_OUTER_BOUND ( 'NONE', #6320, .T. ) ;
#3848 = CONTEXT_DEPENDENT_SHAPE_REPRESENTATION ( #9048, #1085 ) ;
#3849 = LINE ( 'NONE', #36, #5005 ) ;
#3850 = ORIENTED_EDGE ( 'NONE', *, *, #5969, .F. ) ;
#3851 = DIRECTION ( 'NONE',  ( 0.0000000000000000000, 1.000000000000000000, -0.0000000000000000000 ) ) ;
#3852 = AXIS2_PLACEMENT_3D ( 'NONE', #6217, #9244, #9101 ) ;
#3853 = ORIENTED_EDGE ( 'NONE', *, *, #6973, .T. ) ;
#3854 = LINE ( 'NONE', #4628, #8951 ) ;
#3855 = CARTESIAN_POINT ( 'NONE',  ( -0.1749983800000000089, 0.1499997000000000136, 0.0000000000000000000 ) ) ;
#3856 = CARTESIAN_POINT ( 'NONE',  ( 0.0000000000000000000, 0.2400020599999999893, 0.0000000000000000000 ) ) ;
#3857 =( GEOMETRIC_REPRESENTATION_CONTEXT ( 3 ) GLOBAL_UNCERTAINTY_ASSIGNED_CONTEXT ( ( #7094 ) ) GLOBAL_UNIT_ASSIGNED_CONTEXT ( ( #8312, #136, #2263 ) ) REPRESENTATION_CONTEXT ( 'NONE', 'WORKASPACE' ) );
#3858 = CARTESIAN_POINT ( 'NONE',  ( -0.1299997399999939796, 0.07000239999998281171, 0.0000000000000000000 ) ) ;
#3859 = APPLICATION_CONTEXT ( 'automotive_design' ) ;
#3860 = VECTOR ( 'NONE', #6841, 1000.000000000000000 ) ;
#3861 = VERTEX_POINT ( 'NONE', #3338 ) ;
#3862 = LINE ( 'NONE', #3772, #1637 ) ;
#3863 = LINE ( 'NONE', #6149, #4112 ) ;
#3864 = PRODUCT_CONTEXT ( 'NONE', #1585, 'mechanical' ) ;
#3865 = VERTEX_POINT ( 'NONE', #6258 ) ;
#3866 = DIRECTION ( 'NONE',  ( -0.0000000000000000000, -1.000000000000000000, -0.0000000000000000000 ) ) ;
#3867 = LINE ( 'NONE', #3825, #8398 ) ;
#3868 = ORIENTED_EDGE ( 'NONE', *, *, #9241, .F. ) ;
#3869 = PRODUCT_DEFINITION_SHAPE ( 'NONE', 'NONE',  #9555 ) ;
#3870 = EDGE_CURVE ( 'NONE', #4579, #2449, #9193, .T. ) ;
#3871 = LINE ( 'NONE', #6156, #8394 ) ;
#3872 = CARTESIAN_POINT ( 'NONE',  ( -0.01499870000000999917, -0.1799996399999999885, 0.0000000000000000000 ) ) ;
#3873 = PRODUCT_DEFINITION_CONTEXT ( 'detailed design', #7460, 'design' ) ;
#3874 = VECTOR ( 'NONE', #2957, 1000.000000000000114 ) ;
#3875 = DIRECTION ( 'NONE',  ( -0.0000000000000000000, -0.0000000000000000000, -1.000000000000000000 ) ) ;
#3876 = CARTESIAN_POINT ( 'NONE',  ( 0.04499863999999999947, -1.519999499999999948, 0.01270000000000000122 ) ) ;
#3877 = ORIENTED_EDGE ( 'NONE', *, *, #9206, .F. ) ;
#3878 =( NAMED_UNIT ( * ) PLANE_ANGLE_UNIT ( ) SI_UNIT ( $, .RADIAN. ) );
#3879 = LINE ( 'NONE', #5539, #2641 ) ;
#3880 = EDGE_CURVE ( 'NONE', #7271, #1189, #2453, .T. ) ;
#3881 = ADVANCED_FACE ( 'NONE', ( #963 ), #6934, .T. ) ;
#3882 = CARTESIAN_POINT ( 'NONE',  ( -0.7899984200000133017, -0.7899984200000153001, 0.02000000000000000042 ) ) ;
#3883 = CARTESIAN_POINT ( 'NONE',  ( 0.7600010199999999161, -0.8199983600000000372, 0.0000000000000000000 ) ) ;
#3884 = EDGE_CURVE ( 'NONE', #5556, #8718, #912, .T. ) ;
#3885 = STYLED_ITEM ( 'NONE', ( #1248 ), #6145 ) ;
#3886 = CARTESIAN_POINT ( 'NONE',  ( 0.1299997400000190151, -0.02999740000006496238, 0.0000000000000000000 ) ) ;
#3887 = VERTEX_POINT ( 'NONE', #9127 ) ;
#3888 = UNCERTAINTY_MEASURE_WITH_UNIT (LENGTH_MEASURE( 1.000000000000000082E-05 ), #4778, 'distance_accuracy_value', 'NONE');
#3889 = LINE ( 'NONE', #4763, #4626 ) ;
#3890 =( NAMED_UNIT ( * ) SI_UNIT ( $, .STERADIAN. ) SOLID_ANGLE_UNIT ( ) );
#3891 = ORIENTED_EDGE ( 'NONE', *, *, #1836, .F. ) ;
#3892 = LINE ( 'NONE', #1046, #1920 ) ;
#3893 = LINE ( 'NONE', #2585, #1235 ) ;
#3894 = EDGE_LOOP ( 'NONE', ( #818, #1130, #5216, #8517 ) ) ;
#3895 = EDGE_CURVE ( 'NONE', #4734, #8926, #8369, .T. ) ;
#3896 = VECTOR ( 'NONE', #5015, 1000.000000000000227 ) ;
#3897 = EDGE_CURVE ( 'NONE', #992, #3653, #3183, .T. ) ;
#3898 = APPLICATION_PROTOCOL_DEFINITION ( 'draft international standard', 'automotive_design', 1998, #3242 ) ;
#3899 = PLANE ( 'NONE',  #5453 ) ;
#3900 = EDGE_LOOP ( 'NONE', ( #2043, #4975, #3545, #2944, #65, #9043, #776, #4861, #8856, #901 ) ) ;
#3901 = CARTESIAN_POINT ( 'NONE',  ( -0.8399983199999999650, -0.7099985800000001568, 0.0000000000000000000 ) ) ;
#3902 = VERTEX_POINT ( 'NONE', #8419 ) ;
#3903 = CARTESIAN_POINT ( 'NONE',  ( -0.1499997000000000136, -0.02499867999999999882, 0.02000000000000000042 ) ) ;
#3904 = LINE ( 'NONE', #2549, #1197 ) ;
#3905 = VECTOR ( 'NONE', #5920, 1000.000000000000000 ) ;
#3906 = DIRECTION ( 'NONE',  ( 0.0000000000000000000, 0.0000000000000000000, 1.000000000000000000 ) ) ;
#3907 = AXIS2_PLACEMENT_3D ( 'NONE', #1555, #2272, #9024 ) ;
#3908 = CARTESIAN_POINT ( 'NONE',  ( -0.09999980000001000568, 0.1500022400000000089, 0.0000000000000000000 ) ) ;
#3909 = VERTEX_POINT ( 'NONE', #1661 ) ;
#3910 = DIRECTION ( 'NONE',  ( 8.466683559676996447E-05, -0.9999999964157634258, 0.0000000000000000000 ) ) ;
#3911 = AXIS2_PLACEMENT_3D ( 'NONE', #6134, #5458, #9258 ) ;
#3912 = EDGE_LOOP ( 'NONE', ( #6225, #8538, #4936, #6686 ) ) ;
#3913 = CARTESIAN_POINT ( 'NONE',  ( 0.02500121999998999867, 0.1499997000000000136, 0.0000000000000000000 ) ) ;
#3914 = APPLICATION_PROTOCOL_DEFINITION ( 'draft international standard', 'automotive_design', 1998, #1585 ) ;
#3915 = ORIENTED_EDGE ( 'NONE', *, *, #2597, .T. ) ;
#3916 = DIRECTION ( 'NONE',  ( 0.0000000000000000000, 0.0000000000000000000, 1.000000000000000000 ) ) ;
#3917 = CARTESIAN_POINT ( 'NONE',  ( -0.1299997400000083292, 0.1700022000000055711, 0.0000000000000000000 ) ) ;
#3918 = SHAPE_REPRESENTATION ( 'User Library-QFN-20_Extruded15', ( #2951 ), #9095 ) ;
#3919 = VERTEX_POINT ( 'NONE', #3268 ) ;
#3920 = DIRECTION ( 'NONE',  ( 1.000000000000000000, 0.0000000000000000000, -0.0000000000000000000 ) ) ;
#3921 = LINE ( 'NONE', #6351, #2848 ) ;
#3922 =( NAMED_UNIT ( * ) SI_UNIT ( $, .STERADIAN. ) SOLID_ANGLE_UNIT ( ) );
#3923 = CARTESIAN_POINT ( 'NONE',  ( 0.05000244000000000216, -0.009997440000006000207, 0.01000000000000000021 ) ) ;
#3924 = VECTOR ( 'NONE', #7803, 1000.000000000000000 ) ;
#3925 = ORIENTED_EDGE ( 'NONE', *, *, #867, .F. ) ;
#3926 = AXIS2_PLACEMENT_3D ( 'NONE', #1992, #4845, #1272 ) ;
#3927 = PRODUCT_RELATED_PRODUCT_CATEGORY ( 'part', '', ( #3932 ) ) ;
#3928 = DIRECTION ( 'NONE',  ( -0.0000000000000000000, 1.000000000000000000, 0.0000000000000000000 ) ) ;
#3929 = CARTESIAN_POINT ( 'NONE',  ( -0.1049985200000040642, 0.1299997400000040271, 0.0000000000000000000 ) ) ;
#3930 =( REPRESENTATION_RELATIONSHIP ('NONE','NONE', #5544, #9219 ) REPRESENTATION_RELATIONSHIP_WITH_TRANSFORMATION ( #1592 )SHAPE_REPRESENTATION_RELATIONSHIP( ) );
#3931 = DIRECTION ( 'NONE',  ( 0.4472135954999579277, -0.8944271909999158554, 0.0000000000000000000 ) ) ;
#3932 = PRODUCT ( 'User Library-QFN-20_479710801', 'User Library-QFN-20_479710801', '', ( #292 ) ) ;
#3933 = ITEM_DEFINED_TRANSFORMATION ( 'NONE', 'NONE', #3690,  #2951 ) ;
#3934 = DIRECTION ( 'NONE',  ( -0.9486832980505138790, 0.3162277660168379412, 0.0000000000000000000 ) ) ;
#3935 = EDGE_CURVE ( 'NONE', #5946, #8800, #4790, .T. ) ;
#3936 = SURFACE_SIDE_STYLE ('',( #8062 ) ) ;
#3937 = ORIENTED_EDGE ( 'NONE', *, *, #1925, .F. ) ;
#3938 = DIRECTION ( 'NONE',  ( -0.0000000000000000000, -1.000000000000000000, 0.0000000000000000000 ) ) ;
#3939 = VERTEX_POINT ( 'NONE', #1797 ) ;
#3940 = EDGE_CURVE ( 'NONE', #4752, #3623, #3863, .T. ) ;
#3941 = LINE ( 'NONE', #5352, #1770 ) ;
#3942 = LINE ( 'NONE', #6270, #2304 ) ;
#3943 = ORIENTED_EDGE ( 'NONE', *, *, #8462, .F. ) ;
#3944 = LINE ( 'NONE', #2537, #9010 ) ;
#3945 = MECHANICAL_DESIGN_GEOMETRIC_PRESENTATION_REPRESENTATION (  '', ( #6726 ), #1009 ) ;
#3946 = VECTOR ( 'NONE', #1322, 1000.000000000000000 ) ;
#3947 = ADVANCED_FACE ( 'NONE', ( #5377 ), #6293, .T. ) ;
#3948 =( LENGTH_UNIT ( ) NAMED_UNIT ( * ) SI_UNIT ( .MILLI., .METRE. ) );
#3949 = EDGE_LOOP ( 'NONE', ( #2608, #3658, #1419, #1233, #7882, #5517, #9272, #755, #494, #3011, #6863, #4878, #7220, #4640, #251, #3985, #5722, #4779, #245, #1744, #587 ) ) ;
#3950 = FILL_AREA_STYLE ('',( #8549 ) ) ;
#3951 = ORIENTED_EDGE ( 'NONE', *, *, #8671, .F. ) ;
#3952 = EDGE_CURVE ( 'NONE', #904, #1020, #9223, .T. ) ;
#3953 = FACE_OUTER_BOUND ( 'NONE', #1206, .T. ) ;
#3954 = CARTESIAN_POINT ( 'NONE',  ( 0.1599996800000000052, -0.2099995800000000190, 0.01000000000000000194 ) ) ;
#3955 = PRODUCT_DEFINITION_FORMATION_WITH_SPECIFIED_SOURCE ( 'ANY', '', #5742, .NOT_KNOWN. ) ;
#3956 = VECTOR ( 'NONE', #5108, 1000.000000000000000 ) ;
#3957 = EDGE_CURVE ( 'NONE', #6958, #2506, #6829, .T. ) ;
#3958 = ORIENTED_EDGE ( 'NONE', *, *, #1675, .T. ) ;
#3959 = DIRECTION ( 'NONE',  ( -1.000000000000000000, -0.0000000000000000000, -0.0000000000000000000 ) ) ;
#3960 = DIRECTION ( 'NONE',  ( -0.2747211278969818871, 0.9615239476409364050, 0.0000000000000000000 ) ) ;
#3961 = ORIENTED_EDGE ( 'NONE', *, *, #5383, .T. ) ;
#3962 = DIRECTION ( 'NONE',  ( -0.0000000000000000000, 0.0000000000000000000, -1.000000000000000000 ) ) ;
#3963 = AXIS2_PLACEMENT_3D ( 'NONE', #9365, #7934, #3364 ) ;
#3964 = PRODUCT_CONTEXT ( 'NONE', #7213, 'mechanical' ) ;
#3965 = VERTEX_POINT ( 'NONE', #4592 ) ;
#3966 = LINE ( 'NONE', #7745, #5596 ) ;
#3967 = LINE ( 'NONE', #3778, #4525 ) ;
#3968 = ORIENTED_EDGE ( 'NONE', *, *, #6787, .T. ) ;
#3969 = VECTOR ( 'NONE', #9116, 1000.000000000000000 ) ;
#3970 = DIRECTION ( 'NONE',  ( -0.0000000000000000000, 1.000000000000000000, 0.0000000000000000000 ) ) ;
#3971 = EDGE_LOOP ( 'NONE', ( #4837, #5197, #7461, #3200 ) ) ;
#3972 = DIRECTION ( 'NONE',  ( 0.0000000000000000000, 0.0000000000000000000, 1.000000000000000000 ) ) ;
#3973 = DIRECTION ( 'NONE',  ( -0.0000000000000000000, -0.0000000000000000000, -1.000000000000000000 ) ) ;
#3974 = ORIENTED_EDGE ( 'NONE', *, *, #8196, .T. ) ;
#3975 = CARTESIAN_POINT ( 'NONE',  ( 2.685287784323430586E-15, -0.1099972399999973038, 0.009999999999999998473 ) ) ;
#3976 = FACE_OUTER_BOUND ( 'NONE', #5853, .T. ) ;
#3977 = SHAPE_REPRESENTATION ( 'User Library-QFN-20_479706577', ( #4152, #2447 ), #4005 ) ;
#3978 = DIRECTION ( 'NONE',  ( 0.0000000000000000000, -0.0000000000000000000, -1.000000000000000000 ) ) ;
#3979 = CARTESIAN_POINT ( 'NONE',  ( 0.06999986000000209263, 0.1600022200000013606, 0.01000000000000000021 ) ) ;
#3980 = CARTESIAN_POINT ( 'NONE',  ( 0.09500107999998312625, 0.1200023000000006723, 0.01000000000000000194 ) ) ;
#3981 = PRODUCT_RELATED_PRODUCT_CATEGORY ( 'part', '', ( #9487 ) ) ;
#3982 = ORIENTED_EDGE ( 'NONE', *, *, #2176, .T. ) ;
#3983 = UNCERTAINTY_MEASURE_WITH_UNIT (LENGTH_MEASURE( 1.000000000000000082E-05 ), #7605, 'distance_accuracy_value', 'NONE');
#3984 = CARTESIAN_POINT ( 'NONE',  ( 0.07500112000000003221, 0.1400022599999999895, 0.0000000000000000000 ) ) ;
#3985 = ORIENTED_EDGE ( 'NONE', *, *, #4229, .F. ) ;
#3986 = APPLICATION_CONTEXT ( 'automotive_design' ) ;
#3987 = CARTESIAN_POINT ( 'NONE',  ( -0.1499997000000000136, -0.2199995600000000107, 0.0000000000000000000 ) ) ;
#3988 = LINE ( 'NONE', #3253, #2194 ) ;
#3989 = ORIENTED_EDGE ( 'NONE', *, *, #5195, .F. ) ;
#3990 = EDGE_CURVE ( 'NONE', #5613, #8632, #2558, .T. ) ;
#3991 =( REPRESENTATION_RELATIONSHIP ('NONE','NONE', #7940, #2256 ) REPRESENTATION_RELATIONSHIP_WITH_TRANSFORMATION ( #3151 )SHAPE_REPRESENTATION_RELATIONSHIP( ) );
#3992 = EDGE_CURVE ( 'NONE', #4856, #1382, #3318, .T. ) ;
#3993 = SURFACE_SIDE_STYLE ('',( #1832 ) ) ;
#3994 =( NAMED_UNIT ( * ) PLANE_ANGLE_UNIT ( ) SI_UNIT ( $, .RADIAN. ) );
#3995 = ORIENTED_EDGE ( 'NONE', *, *, #5076, .T. ) ;
#3996 =( GEOMETRIC_REPRESENTATION_CONTEXT ( 3 ) GLOBAL_UNCERTAINTY_ASSIGNED_CONTEXT ( ( #7480 ) ) GLOBAL_UNIT_ASSIGNED_CONTEXT ( ( #3403, #2106, #1386 ) ) REPRESENTATION_CONTEXT ( 'NONE', 'WORKASPACE' ) );
#3997 = DIRECTION ( 'NONE',  ( 0.8574929257128971472, 0.5144957554269381506, 0.0000000000000000000 ) ) ;
#3998 = SURFACE_SIDE_STYLE ('',( #4733 ) ) ;
#3999 = VERTEX_POINT ( 'NONE', #6981 ) ;
#4000 = FACE_OUTER_BOUND ( 'NONE', #3666, .T. ) ;
#4001 = LINE ( 'NONE', #6140, #2548 ) ;
#4002 = EDGE_CURVE ( 'NONE', #9251, #4128, #8275, .T. ) ;
#4003 = ADVANCED_FACE ( 'NONE', ( #8471 ), #1843, .T. ) ;
#4004 = VECTOR ( 'NONE', #377, 1000.000000000000000 ) ;
#4005 =( GEOMETRIC_REPRESENTATION_CONTEXT ( 3 ) GLOBAL_UNCERTAINTY_ASSIGNED_CONTEXT ( ( #2531 ) ) GLOBAL_UNIT_ASSIGNED_CONTEXT ( ( #256, #3829, #3096 ) ) REPRESENTATION_CONTEXT ( 'NONE', 'WORKASPACE' ) );
#4006 = EDGE_CURVE ( 'NONE', #5820, #652, #1112, .T. ) ;
#4007 = VECTOR ( 'NONE', #2381, 1000.000000000000227 ) ;
#4008 = CARTESIAN_POINT ( 'NONE',  ( -0.01499870000001000091, -0.1799996399999999885, 0.01000000000000000021 ) ) ;
#4009 = ORIENTED_EDGE ( 'NONE', *, *, #3188, .F. ) ;
#4010 = CARTESIAN_POINT ( 'NONE',  ( 0.02999993999999999925, -0.07999729999999999341, 0.01000000000000000021 ) ) ;
#4011 = ORIENTED_EDGE ( 'NONE', *, *, #4049, .F. ) ;
#4012 = DIRECTION ( 'NONE',  ( -1.000000000000000000, -0.0000000000000000000, -0.0000000000000000000 ) ) ;
#4013 = COLOUR_RGB ( '',0.7529411764705882248, 0.7529411764705882248, 0.7529411764705882248 ) ;
#4014 = APPLICATION_PROTOCOL_DEFINITION ( 'draft international standard', 'automotive_design', 1998, #4988 ) ;
#4015 = EDGE_LOOP ( 'NONE', ( #8885, #8506, #4434, #5212 ) ) ;
#4016 = PRODUCT ( 'User Library-QFN-20_479711313', 'User Library-QFN-20_479711313', '', ( #714 ) ) ;
#4017 = FACE_OUTER_BOUND ( 'NONE', #6967, .T. ) ;
#4018 = VECTOR ( 'NONE', #6674, 1000.000000000000000 ) ;
#4019 = EDGE_CURVE ( 'NONE', #737, #3662, #2408, .T. ) ;
#4020 = LINE ( 'NONE', #7792, #9302 ) ;
#4021 = ORIENTED_EDGE ( 'NONE', *, *, #7045, .F. ) ;
#4022 = ORIENTED_EDGE ( 'NONE', *, *, #5479, .F. ) ;
#4023 = PLANE ( 'NONE',  #3630 ) ;
#4024 = ORIENTED_EDGE ( 'NONE', *, *, #9447, .F. ) ;
#4025 = DIRECTION ( 'NONE',  ( 0.0000000000000000000, 0.0000000000000000000, -1.000000000000000000 ) ) ;
#4026 = FACE_OUTER_BOUND ( 'NONE', #6882, .T. ) ;
#4027 =( GEOMETRIC_REPRESENTATION_CONTEXT ( 3 ) GLOBAL_UNCERTAINTY_ASSIGNED_CONTEXT ( ( #8445 ) ) GLOBAL_UNIT_ASSIGNED_CONTEXT ( ( #2807, #2092, #7284 ) ) REPRESENTATION_CONTEXT ( 'NONE', 'WORKASPACE' ) );
#4028 = CARTESIAN_POINT ( 'NONE',  ( -0.8399983200000000760, -0.7099985800000000458, 0.02000000000000000042 ) ) ;
#4029 = CARTESIAN_POINT ( 'NONE',  ( -0.8199983600000000372, -0.7499985000000000124, 0.0000000000000000000 ) ) ;
#4030 = LINE ( 'NONE', #1228, #1433 ) ;
#4031 = AXIS2_PLACEMENT_3D ( 'NONE', #56, #2846, #8905 ) ;
#4032 = ORIENTED_EDGE ( 'NONE', *, *, #6850, .T. ) ;
#4033 = DIRECTION ( 'NONE',  ( -0.0000000000000000000, 1.000000000000000000, 0.0000000000000000000 ) ) ;
#4034 = SURFACE_STYLE_USAGE ( .BOTH. , #940 ) ;
#4035 = ORIENTED_EDGE ( 'NONE', *, *, #7561, .F. ) ;
#4036 = CARTESIAN_POINT ( 'NONE',  ( -0.1299997400000000025, -0.2199995600000000107, 0.0000000000000000000 ) ) ;
#4037 = CARTESIAN_POINT ( 'NONE',  ( 0.005001260000000000427, 0.2200021000000000060, 0.0000000000000000000 ) ) ;
#4038 = VERTEX_POINT ( 'NONE', #1701 ) ;
#4039 = CARTESIAN_POINT ( 'NONE',  ( -0.1099997800000000053, 0.1700021999999999922, 0.0000000000000000000 ) ) ;
#4040 = LINE ( 'NONE', #5513, #4094 ) ;
#4041 = DIRECTION ( 'NONE',  ( 0.0000000000000000000, 0.0000000000000000000, 1.000000000000000000 ) ) ;
#4042 = ORIENTED_EDGE ( 'NONE', *, *, #2800, .T. ) ;
#4043 = CARTESIAN_POINT ( 'NONE',  ( 0.1200022999999999923, -0.1149985000000000313, 0.02000000000000000389 ) ) ;
#4044 = ORIENTED_EDGE ( 'NONE', *, *, #6865, .F. ) ;
#4045 = DIRECTION ( 'NONE',  ( -0.0000000000000000000, -1.000000000000000000, 0.0000000000000000000 ) ) ;
#4046 = VECTOR ( 'NONE', #2774, 1000.000000000000000 ) ;
#4047 = ADVANCED_FACE ( 'NONE', ( #8611 ), #4198, .T. ) ;
#4048 = ORIENTED_EDGE ( 'NONE', *, *, #9326, .T. ) ;
#4049 = EDGE_CURVE ( 'NONE', #3620, #3823, #5035, .T. ) ;
#4050 = CARTESIAN_POINT ( 'NONE',  ( -0.07499858000000009239, -0.1400022600000007389, 0.02000000000000000389 ) ) ;
#4051 = ADVANCED_FACE ( 'NONE', ( #1365 ), #2602, .T. ) ;
#4052 = ORIENTED_EDGE ( 'NONE', *, *, #8106, .F. ) ;
#4053 = CARTESIAN_POINT ( 'NONE',  ( 0.08999982000000000815, 0.09000236000000000347, 0.0000000000000000000 ) ) ;
#4054 = APPLICATION_PROTOCOL_DEFINITION ( 'draft international standard', 'automotive_design', 1998, #1024 ) ;
#4055 = VERTEX_POINT ( 'NONE', #6488 ) ;
#4056 = EDGE_CURVE ( 'NONE', #5668, #7816, #4932, .T. ) ;
#4057 = CARTESIAN_POINT ( 'NONE',  ( -0.1049985200000162211, 0.1299997400000162118, 0.0000000000000000000 ) ) ;
#4058 = EDGE_LOOP ( 'NONE', ( #2063, #8837, #50, #5805 ) ) ;
#4059 = LINE ( 'NONE', #7035, #2045 ) ;
#4060 = VECTOR ( 'NONE', #7511, 1000.000000000000000 ) ;
#4061 = ORIENTED_EDGE ( 'NONE', *, *, #6443, .T. ) ;
#4062 = LINE ( 'NONE', #8620, #2388 ) ;
#4063 = EDGE_CURVE ( 'NONE', #3427, #9300, #7263, .T. ) ;
#4064 = DIRECTION ( 'NONE',  ( 1.000000000000000000, 0.0000000000000000000, 0.0000000000000000000 ) ) ;
#4065 = ORIENTED_EDGE ( 'NONE', *, *, #5892, .T. ) ;
#4067 = EDGE_CURVE ( 'NONE', #2307, #5946, #8563, .T. ) ;
#4066 = CARTESIAN_POINT ( 'NONE',  ( -0.2149983000000000033, 0.2149983000000000033, 0.02000000000000000042 ) ) ;
#4068 = CARTESIAN_POINT ( 'NONE',  ( 0.07999984000000000262, -0.01999742000001000081, 0.0000000000000000000 ) ) ;
#4069 = CARTESIAN_POINT ( 'NONE',  ( 0.0000000000000000000, -0.1099972399999999961, 0.0000000000000000000 ) ) ;
#4070 = CARTESIAN_POINT ( 'NONE',  ( -0.09499853999997331933, -0.1099972399999918499, 0.0000000000000000000 ) ) ;
#4071 = VECTOR ( 'NONE', #898, 1000.000000000000000 ) ;
#4072 = EDGE_CURVE ( 'NONE', #7364, #8574, #9409, .T. ) ;
#4073 = AXIS2_PLACEMENT_3D ( 'NONE', #5164, #8737, #3023 ) ;
#4074 = VERTEX_POINT ( 'NONE', #4098 ) ;
#4075 = UNCERTAINTY_MEASURE_WITH_UNIT (LENGTH_MEASURE( 1.000000000000000082E-05 ), #8836, 'distance_accuracy_value', 'NONE');
#4076 = DIRECTION ( 'NONE',  ( 0.0000000000000000000, -0.0000000000000000000, -1.000000000000000000 ) ) ;
#4077 = EDGE_LOOP ( 'NONE', ( #4613, #1633, #497, #7970 ) ) ;
#4078 = CARTESIAN_POINT ( 'NONE',  ( -0.06499860000000640126, -0.1599996799999992836, 0.009999999999999998473 ) ) ;
#4079 = CARTESIAN_POINT ( 'NONE',  ( 0.1199997599999999970, 0.1150010399999999988, 0.0000000000000000000 ) ) ;
#4080 = ORIENTED_EDGE ( 'NONE', *, *, #340, .F. ) ;
#4081 = LINE ( 'NONE', #4966, #1330 ) ;
#4082 = LINE ( 'NONE', #1292, #1662 ) ;
#4083 = LINE ( 'NONE', #4820, #35 ) ;
#4084 = PRODUCT_DEFINITION_SHAPE ( 'NONE', 'NONE',  #8307 ) ;
#4085 = ORIENTED_EDGE ( 'NONE', *, *, #7398, .T. ) ;
#4086 =( LENGTH_UNIT ( ) NAMED_UNIT ( * ) SI_UNIT ( .MILLI., .METRE. ) );
#4087 = DIRECTION ( 'NONE',  ( 0.0000000000000000000, 0.0000000000000000000, 1.000000000000000000 ) ) ;
#4088 = ORIENTED_EDGE ( 'NONE', *, *, #462, .F. ) ;
#4089 = MECHANICAL_DESIGN_GEOMETRIC_PRESENTATION_REPRESENTATION (  '', ( #1480 ), #6109 ) ;
#4090 = CARTESIAN_POINT ( 'NONE',  ( -0.08499855999998923162, -0.1999996000000371366, 0.0000000000000000000 ) ) ;
#4091 = CARTESIAN_POINT ( 'NONE',  ( 0.1299997400000000025, -0.2399995199999999940, 0.01000000000000000021 ) ) ;
#4092 = AXIS2_PLACEMENT_3D ( 'NONE', #2031, #6590, #7223 ) ;
#4093 = COLOUR_RGB ( '',1.000000000000000000, 1.000000000000000000, 0.4000000000000000222 ) ;
#4094 = VECTOR ( 'NONE', #949, 1000.000000000000000 ) ;
#4095 = VERTEX_POINT ( 'NONE', #7075 ) ;
#4096 = ORIENTED_EDGE ( 'NONE', *, *, #8522, .F. ) ;
#4097 = PRODUCT_DEFINITION_CONTEXT ( 'detailed design', #778, 'design' ) ;
#4098 = CARTESIAN_POINT ( 'NONE',  ( 0.1400022600000026540, 0.1200023000000011025, 0.0000000000000000000 ) ) ;
#4099 = PRODUCT_DEFINITION_FORMATION_WITH_SPECIFIED_SOURCE ( 'ANY', '', #7979, .NOT_KNOWN. ) ;
#4100 = ORIENTED_EDGE ( 'NONE', *, *, #634, .F. ) ;
#4101 = DIRECTION ( 'NONE',  ( 1.000000000000000000, 0.0000000000000000000, 0.0000000000000000000 ) ) ;
#4102 = VECTOR ( 'NONE', #415, 1000.000000000000000 ) ;
#4103 = LINE ( 'NONE', #5620, #1297 ) ;
#4104 = ORIENTED_EDGE ( 'NONE', *, *, #7981, .T. ) ;
#4105 = EDGE_CURVE ( 'NONE', #8716, #2625, #580, .T. ) ;
#4106 = PRODUCT_DEFINITION_FORMATION_WITH_SPECIFIED_SOURCE ( 'ANY', '', #2849, .NOT_KNOWN. ) ;
#4107 = CARTESIAN_POINT ( 'NONE',  ( -0.1299997400000000025, 0.09000236000000000347, 0.0000000000000000000 ) ) ;
#4108 = APPLICATION_CONTEXT ( 'automotive_design' ) ;
#4109 = ADVANCED_FACE ( 'NONE', ( #4883 ), #1210, .T. ) ;
#4110 = ORIENTED_EDGE ( 'NONE', *, *, #3596, .T. ) ;
#4111 = DIRECTION ( 'NONE',  ( -0.4472135954999579832, 0.8944271909999159664, 0.0000000000000000000 ) ) ;
#4112 = VECTOR ( 'NONE', #1747, 1000.000000000000114 ) ;
#4113 = CARTESIAN_POINT ( 'NONE',  ( 0.005001260000000000427, -2.534998739999999806, 0.01270000000000000122 ) ) ;
#4114 = CARTESIAN_POINT ( 'NONE',  ( 0.09999979999999000779, -0.1099972399999999961, 0.0000000000000000000 ) ) ;
#4115 = CARTESIAN_POINT ( 'NONE',  ( -0.1399997199999999942, 0.2200021000000000060, 0.01000000000000000021 ) ) ;
#4116 = DIRECTION ( 'NONE',  ( -0.8944271909999158554, 0.4472135954999579277, 0.0000000000000000000 ) ) ;
#4117 = PLANE ( 'NONE',  #6410 ) ;
#4118 = CARTESIAN_POINT ( 'NONE',  ( -0.09999980000001000568, -0.009997440000006000207, 0.0000000000000000000 ) ) ;
#4119 = EDGE_CURVE ( 'NONE', #4530, #4128, #4294, .T. ) ;
#4120 = CARTESIAN_POINT ( 'NONE',  ( -0.2149983000000000033, -0.2149983000000000033, 0.0000000000000000000 ) ) ;
#4121 = ADVANCED_FACE ( 'NONE', ( #6537 ), #5568, .T. ) ;
#4122 = ORIENTED_EDGE ( 'NONE', *, *, #2243, .T. ) ;
#4123 = LINE ( 'NONE', #5976, #3538 ) ;
#4124 = DIRECTION ( 'NONE',  ( 1.000000000000000000, 0.0000000000000000000, 0.0000000000000000000 ) ) ;
#4125 = ORIENTED_EDGE ( 'NONE', *, *, #2976, .T. ) ;
#4126 = LINE ( 'NONE', #4036, #4389 ) ;
#4127 = DIRECTION ( 'NONE',  ( -0.0000000000000000000, 0.0000000000000000000, -1.000000000000000000 ) ) ;
#4128 = VERTEX_POINT ( 'NONE', #6389 ) ;
#4129 = CARTESIAN_POINT ( 'NONE',  ( 0.01500123999999000007, -0.1799996399999999885, 0.0000000000000000000 ) ) ;
#4130 = CARTESIAN_POINT ( 'NONE',  ( -0.1299997400000000025, -0.02999740000000000392, 0.0000000000000000000 ) ) ;
#4131 = EDGE_CURVE ( 'NONE', #6236, #4142, #2746, .T. ) ;
#4132 = VERTEX_POINT ( 'NONE', #9318 ) ;
#4133 = SURFACE_STYLE_FILL_AREA ( #4183 ) ;
#4134 = SHAPE_REPRESENTATION_RELATIONSHIP ( 'NONE' , 'NONE' ,  #3344, #6145 ) ;
#4135 = ORIENTED_EDGE ( 'NONE', *, *, #9015, .T. ) ;
#4136 = CARTESIAN_POINT ( 'NONE',  ( 0.09999979999999000779, -0.1099972399999999961, 0.0000000000000000000 ) ) ;
#4137 = ORIENTED_EDGE ( 'NONE', *, *, #7691, .T. ) ;
#4138 = PLANE ( 'NONE',  #7795 ) ;
#4139 = DIRECTION ( 'NONE',  ( 0.0000000000000000000, -0.0000000000000000000, 1.000000000000000000 ) ) ;
#4140 = ORIENTED_EDGE ( 'NONE', *, *, #5073, .T. ) ;
#4141 = DIRECTION ( 'NONE',  ( 1.000000000000000000, 0.0000000000000000000, 0.0000000000000000000 ) ) ;
#4142 = VERTEX_POINT ( 'NONE', #3524 ) ;
#4143 = LINE ( 'NONE', #2163, #6969 ) ;
#4144 = DIRECTION ( 'NONE',  ( -0.0000000000000000000, -0.0000000000000000000, 1.000000000000000000 ) ) ;
#4145 = APPLICATION_PROTOCOL_DEFINITION ( 'draft international standard', 'automotive_design', 1998, #9229 ) ;
#4146 = ORIENTED_EDGE ( 'NONE', *, *, #533, .F. ) ;
#4147 = MECHANICAL_DESIGN_GEOMETRIC_PRESENTATION_REPRESENTATION (  '', ( #1696 ), #3532 ) ;
#4148 = ORIENTED_EDGE ( 'NONE', *, *, #508, .F. ) ;
#4149 = DIRECTION ( 'NONE',  ( 0.0000000000000000000, 0.0000000000000000000, 1.000000000000000000 ) ) ;
#4150 = ORIENTED_EDGE ( 'NONE', *, *, #2066, .T. ) ;
#4151 = AXIS2_PLACEMENT_3D ( 'NONE', #317, #6172, #5402 ) ;
#4152 = AXIS2_PLACEMENT_3D ( 'NONE', #6790, #4554, #3140 ) ;
#4153 = CARTESIAN_POINT ( 'NONE',  ( -0.08999981999999999427, 0.1300022800000000256, 0.01000000000000000021 ) ) ;
#4154 = DIRECTION ( 'NONE',  ( 0.0000000000000000000, 0.0000000000000000000, 1.000000000000000000 ) ) ;
#4155 = AXIS2_PLACEMENT_3D ( 'NONE', #3586, #2854, #8674 ) ;
#4156 = CARTESIAN_POINT ( 'NONE',  ( -0.1699996599999999691, 0.07000240000001010932, 0.01000000000000000021 ) ) ;
#4157 = LINE ( 'NONE', #4804, #8725 ) ;
#4158 = FACE_OUTER_BOUND ( 'NONE', #9347, .T. ) ;
#4159 = CARTESIAN_POINT ( 'NONE',  ( -0.2149983000000000033, -0.2149983000000000033, 0.0000000000000000000 ) ) ;
#4160 = EDGE_CURVE ( 'NONE', #2405, #8915, #3568, .T. ) ;
#4161 = AXIS2_PLACEMENT_3D ( 'NONE', #5271, #1597, #1643 ) ;
#4162 = DIRECTION ( 'NONE',  ( 0.0000000000000000000, -0.0000000000000000000, -1.000000000000000000 ) ) ;
#4163 = PRODUCT_DEFINITION_SHAPE ( 'NONE', 'NONE',  #8774 ) ;
#4164 = VECTOR ( 'NONE', #7262, 999.9999999999998863 ) ;
#4165 = CARTESIAN_POINT ( 'NONE',  ( -0.09499854000001001220, 0.1200022999999999646, 0.0000000000000000000 ) ) ;
#4166 = SHAPE_REPRESENTATION ( 'User Library-QFN-20_479709777', ( #320, #1260 ), #8812 ) ;
#4167 =( REPRESENTATION_RELATIONSHIP ('NONE','NONE', #647, #6586 ) REPRESENTATION_RELATIONSHIP_WITH_TRANSFORMATION ( #6802 )SHAPE_REPRESENTATION_RELATIONSHIP( ) );
#4168 = ORIENTED_EDGE ( 'NONE', *, *, #1401, .F. ) ;
#4170 = EDGE_CURVE ( 'NONE', #5696, #7845, #2698, .T. ) ;
#4169 = PRODUCT_DEFINITION_CONTEXT ( 'detailed design', #3618, 'design' ) ;
#4171 = DIRECTION ( 'NONE',  ( 0.0000000000000000000, 1.000000000000000000, -0.0000000000000000000 ) ) ;
#4172 = EDGE_CURVE ( 'NONE', #1212, #3055, #4248, .T. ) ;
#4173 = FILL_AREA_STYLE ('',( #7192 ) ) ;
#4174 = VERTEX_POINT ( 'NONE', #5764 ) ;
#4175 = DIRECTION ( 'NONE',  ( 0.7808688094432254534, -0.6246950475541803716, 0.0000000000000000000 ) ) ;
#4176 = DIRECTION ( 'NONE',  ( 0.0000000000000000000, -0.0000000000000000000, -1.000000000000000000 ) ) ;
#4177 = VERTEX_POINT ( 'NONE', #8697 ) ;
#4178 = DIRECTION ( 'NONE',  ( 0.9701425001453907182, 0.2425356250360976851, 0.0000000000000000000 ) ) ;
#4179 = EDGE_CURVE ( 'NONE', #707, #7732, #7359, .T. ) ;
#4180 = LINE ( 'NONE', #4685, #9045 ) ;
#4181 = VERTEX_POINT ( 'NONE', #4438 ) ;
#4182 = PRESENTATION_LAYER_ASSIGNMENT (  '', '', ( #2323 ) ) ;
#4183 = FILL_AREA_STYLE ('',( #7823 ) ) ;
#4184 = ORIENTED_EDGE ( 'NONE', *, *, #6069, .T. ) ;
#4185 = UNCERTAINTY_MEASURE_WITH_UNIT (LENGTH_MEASURE( 1.000000000000000082E-05 ), #7809, 'distance_accuracy_value', 'NONE');
#4186 = CARTESIAN_POINT ( 'NONE',  ( -0.08499856000000000078, -0.1999995999999999996, 0.0000000000000000000 ) ) ;
#4187 = EDGE_CURVE ( 'NONE', #1566, #4798, #5901, .T. ) ;
#4188 = DIRECTION ( 'NONE',  ( 0.0000000000000000000, 0.0000000000000000000, 1.000000000000000000 ) ) ;
#4189 = EDGE_LOOP ( 'NONE', ( #5602, #3613, #3221, #3296 ) ) ;
#4190 = DIRECTION ( 'NONE',  ( 1.000000000000000000, 0.0000000000000000000, 0.0000000000000000000 ) ) ;
#4191 = AXIS2_PLACEMENT_3D ( 'NONE', #4068, #6307, #9141 ) ;
#4192 = CARTESIAN_POINT ( 'NONE',  ( 0.1099997800000314802, 0.1400022600000089823, 0.0000000000000000000 ) ) ;
#4193 = EDGE_CURVE ( 'NONE', #8283, #2405, #2885, .T. ) ;
#4194 = CARTESIAN_POINT ( 'NONE',  ( 0.1150010399999999988, 0.1200023000000000201, 0.0000000000000000000 ) ) ;
#4195 = VERTEX_POINT ( 'NONE', #6675 ) ;
#4196 = ORIENTED_EDGE ( 'NONE', *, *, #6605, .T. ) ;
#4197 = CARTESIAN_POINT ( 'NONE',  ( 0.8499982999999887712, 0.6400012600000000162, 0.0000000000000000000 ) ) ;
#4198 = PLANE ( 'NONE',  #1816 ) ;
#4199 = VERTEX_POINT ( 'NONE', #7406 ) ;
#4200 = VECTOR ( 'NONE', #4483, 1000.000000000000114 ) ;
#4201 = LINE ( 'NONE', #6196, #5777 ) ;
#4202 = ORIENTED_EDGE ( 'NONE', *, *, #638, .F. ) ;
#4203 = PLANE ( 'NONE',  #815 ) ;
#4204 = ORIENTED_EDGE ( 'NONE', *, *, #7612, .T. ) ;
#4205 = DIRECTION ( 'NONE',  ( 0.0000000000000000000, 0.0000000000000000000, 1.000000000000000000 ) ) ;
#4206 = CARTESIAN_POINT ( 'NONE',  ( -0.1699996599999779312, -0.03999737999999018745, 0.0000000000000000000 ) ) ;
#4207 = CARTESIAN_POINT ( 'NONE',  ( 0.2149983000000000033, 0.2149983000000000033, 0.0000000000000000000 ) ) ;
#4208 = LINE ( 'NONE', #9287, #9166 ) ;
#4209 = AXIS2_PLACEMENT_3D ( 'NONE', #8949, #7558, #923 ) ;
#4210 = CARTESIAN_POINT ( 'NONE',  ( 0.08999981999999999427, 0.09000236000000000347, 0.01000000000000000021 ) ) ;
#4211 = AXIS2_PLACEMENT_3D ( 'NONE', #630, #1368, #8128 ) ;
#4212 = CARTESIAN_POINT ( 'NONE',  ( 0.0000000000000000000, 0.0000000000000000000, 0.0000000000000000000 ) ) ;
#4213 = PRODUCT_DEFINITION ( 'UNKNOWN', '', #9192, #2328 ) ;
#4214 = VERTEX_POINT ( 'NONE', #1553 ) ;
#4215 = DIRECTION ( 'NONE',  ( -0.9701425001453907182, -0.2425356250360976851, -0.0000000000000000000 ) ) ;
#4216 = VECTOR ( 'NONE', #7165, 1000.000000000000000 ) ;
#4217 = ORIENTED_EDGE ( 'NONE', *, *, #1356, .T. ) ;
#4218 = CLOSED_SHELL ( 'NONE', ( #8957, #5564, #1420, #3190, #447, #1722 ) ) ;
#4219 = CARTESIAN_POINT ( 'NONE',  ( 0.1499997000000000136, 0.1750009200000000043, 0.0000000000000000000 ) ) ;
#4220 = LINE ( 'NONE', #2046, #6359 ) ;
#4221 = VERTEX_POINT ( 'NONE', #7454 ) ;
#4222 = DIRECTION ( 'NONE',  ( 0.0000000000000000000, -1.000000000000000000, -0.0000000000000000000 ) ) ;
#4223 = DIRECTION ( 'NONE',  ( 0.0000000000000000000, 0.0000000000000000000, -1.000000000000000000 ) ) ;
#4224 = EDGE_CURVE ( 'NONE', #5421, #7259, #4490, .T. ) ;
#4225 = VECTOR ( 'NONE', #603, 1000.000000000000114 ) ;
#4226 = VECTOR ( 'NONE', #4872, 1000.000000000000000 ) ;
#4227 = MANIFOLD_SOLID_BREP ( 'Imported1', #2214 ) ;
#4228 = LINE ( 'NONE', #7202, #3633 ) ;
#4229 = EDGE_CURVE ( 'NONE', #8180, #6181, #6722, .T. ) ;
#4230 = VERTEX_POINT ( 'NONE', #8891 ) ;
#4231 = CARTESIAN_POINT ( 'NONE',  ( 0.07999984000003326767, -0.1299997399999667791, 0.0000000000000000000 ) ) ;
#4232 = SURFACE_SIDE_STYLE ('',( #7207 ) ) ;
#4233 = ORIENTED_EDGE ( 'NONE', *, *, #153, .F. ) ;
#4234 = CARTESIAN_POINT ( 'NONE',  ( 0.1150010400001002797, -0.1299971999999340322, 0.0000000000000000000 ) ) ;
#4235 = VECTOR ( 'NONE', #1855, 1000.000000000000000 ) ;
#4236 = FILL_AREA_STYLE ('',( #3411 ) ) ;
#4237 = VECTOR ( 'NONE', #4859, 1000.000000000000114 ) ;
#4238 =( REPRESENTATION_RELATIONSHIP ('NONE','NONE', #5544, #5661 ) REPRESENTATION_RELATIONSHIP_WITH_TRANSFORMATION ( #2487 )SHAPE_REPRESENTATION_RELATIONSHIP( ) );
#4239 = ADVANCED_FACE ( 'NONE', ( #5952 ), #2266, .T. ) ;
#4240 = DIRECTION ( 'NONE',  ( 0.0000000000000000000, 0.0000000000000000000, 1.000000000000000000 ) ) ;
#4241 = STYLED_ITEM ( 'NONE', ( #7255 ), #1472 ) ;
#4242 = ADVANCED_FACE ( 'NONE', ( #6002 ), #4343, .T. ) ;
#4243 = ORIENTED_EDGE ( 'NONE', *, *, #6678, .T. ) ;
#4244 = CARTESIAN_POINT ( 'NONE',  ( 0.03999992000000915371, 0.2000021400000091543, 0.0000000000000000000 ) ) ;
#4245 = DIRECTION ( 'NONE',  ( 1.000000000000000000, 0.0000000000000000000, 0.0000000000000000000 ) ) ;
#4246 = VECTOR ( 'NONE', #4399, 1000.000000000000000 ) ;
#4247 = CARTESIAN_POINT ( 'NONE',  ( -0.1349984600000000146, -0.1299972000000000072, 0.0000000000000000000 ) ) ;
#4248 = LINE ( 'NONE', #7222, #1961 ) ;
#4249 = PRODUCT_CONTEXT ( 'NONE', #5793, 'mechanical' ) ;
#4250 = PRODUCT_DEFINITION_SHAPE ( 'NONE', 'NONE',  #141 ) ;
#4251 = FACE_OUTER_BOUND ( 'NONE', #3066, .T. ) ;
#4252 = VECTOR ( 'NONE', #319, 1000.000000000000000 ) ;
#4253 = VERTEX_POINT ( 'NONE', #8175 ) ;
#4254 = EDGE_CURVE ( 'NONE', #7887, #7760, #3762, .T. ) ;
#4255 = AXIS2_PLACEMENT_3D ( 'NONE', #3129, #8367, #911 ) ;
#4256 = CARTESIAN_POINT ( 'NONE',  ( -0.07499857999999999525, -0.1400022599999999895, 0.0000000000000000000 ) ) ;
#4257 = PRODUCT ( 'User Library-QFN-20_479706833', 'User Library-QFN-20_479706833', '', ( #7936 ) ) ;
#4258 = VERTEX_POINT ( 'NONE', #8936 ) ;
#4259 = PRODUCT_DEFINITION_FORMATION_WITH_SPECIFIED_SOURCE ( 'ANY', '', #3932, .NOT_KNOWN. ) ;
#4260 = FACE_OUTER_BOUND ( 'NONE', #7390, .T. ) ;
#4261 = AXIS2_PLACEMENT_3D ( 'NONE', #2056, #7972, #3555 ) ;
#4262 = DIRECTION ( 'NONE',  ( 0.0000000000000000000, 0.0000000000000000000, 1.000000000000000000 ) ) ;
#4263 = ORIENTED_EDGE ( 'NONE', *, *, #8280, .F. ) ;
#4264 = CARTESIAN_POINT ( 'NONE',  ( -0.05999988000001215543, -0.1499997000000010960, 0.009999999999999998473 ) ) ;
#4265 = CARTESIAN_POINT ( 'NONE',  ( -1.499999539999999909, -1.499999539999999909, 0.0000000000000000000 ) ) ;
#4266 = VERTEX_POINT ( 'NONE', #1018 ) ;
#4267 = VERTEX_POINT ( 'NONE', #1600 ) ;
#4268 = UNCERTAINTY_MEASURE_WITH_UNIT (LENGTH_MEASURE( 1.000000000000000082E-05 ), #692, 'distance_accuracy_value', 'NONE');
#4269 = CARTESIAN_POINT ( 'NONE',  ( 0.1350010000000184951, 0.1300022800000105727, 0.0000000000000000000 ) ) ;
#4270 = SHAPE_REPRESENTATION_RELATIONSHIP ( 'NONE' , 'NONE' ,  #8508, #5214 ) ;
#4271 = EDGE_LOOP ( 'NONE', ( #8434, #5591, #1470, #2545 ) ) ;
#4272 = CARTESIAN_POINT ( 'NONE',  ( 0.1499997000000000136, -0.1749983800000000089, 0.02000000000000000042 ) ) ;
#4273 = DIRECTION ( 'NONE',  ( -0.9486832980504138479, -0.3162277660171379789, 0.0000000000000000000 ) ) ;
#4274 = ORIENTED_EDGE ( 'NONE', *, *, #2415, .T. ) ;
#4275 = AXIS2_PLACEMENT_3D ( 'NONE', #1886, #2649, #5614 ) ;
#4276 = PLANE ( 'NONE',  #3475 ) ;
#4277 = CARTESIAN_POINT ( 'NONE',  ( -0.09999980000001000568, 0.01999995999999000171, 0.01000000000000000021 ) ) ;
#4278 = CARTESIAN_POINT ( 'NONE',  ( 0.1650009400000024551, -0.05999734000000059297, 0.02000000000000000389 ) ) ;
#4279 = DIRECTION ( 'NONE',  ( -0.9615239476409364050, -0.2747211278969818871, 0.0000000000000000000 ) ) ;
#4280 = VERTEX_POINT ( 'NONE', #2164 ) ;
#4281 = FACE_OUTER_BOUND ( 'NONE', #6658, .T. ) ;
#4282 = SHAPE_REPRESENTATION_RELATIONSHIP ( 'NONE' , 'NONE' ,  #3918, #6951 ) ;
#4283 = ORIENTED_EDGE ( 'NONE', *, *, #8967, .F. ) ;
#4284 = DIRECTION ( 'NONE',  ( -0.0000000000000000000, -0.0000000000000000000, -1.000000000000000000 ) ) ;
#4285 = EDGE_CURVE ( 'NONE', #5170, #6810, #4532, .T. ) ;
#4286 = LINE ( 'NONE', #4091, #5955 ) ;
#4287 = SHAPE_REPRESENTATION ( 'User Library-QFN-20_479711441', ( #6788, #7559 ), #1227 ) ;
#4288 = ADVANCED_FACE ( 'NONE', ( #858 ), #3814, .T. ) ;
#4289 = SHAPE_DEFINITION_REPRESENTATION ( #8048, #4287 ) ;
#4290 = CARTESIAN_POINT ( 'NONE',  ( 0.1550009599999999932, 0.2200021000000000060, 0.0000000000000000000 ) ) ;
#4291 = VERTEX_POINT ( 'NONE', #3078 ) ;
#4292 = EDGE_LOOP ( 'NONE', ( #5103, #7452, #2583, #4567 ) ) ;
#4293 = CARTESIAN_POINT ( 'NONE',  ( 0.0000000000000000000, 0.2400020599999999893, 0.0000000000000000000 ) ) ;
#4294 = LINE ( 'NONE', #3419, #2409 ) ;
#4295 = EDGE_CURVE ( 'NONE', #1977, #6958, #6771, .T. ) ;
#4296 = DIRECTION ( 'NONE',  ( 0.0000000000000000000, -0.0000000000000000000, 1.000000000000000000 ) ) ;
#4297 = EDGE_CURVE ( 'NONE', #3266, #6511, #187, .T. ) ;
#4298 = APPLICATION_CONTEXT ( 'automotive_design' ) ;
#4299 = PLANE ( 'NONE',  #8555 ) ;
#4300 = EDGE_CURVE ( 'NONE', #8824, #6511, #2356, .T. ) ;
#4301 = ORIENTED_EDGE ( 'NONE', *, *, #6445, .F. ) ;
#4302 = FACE_OUTER_BOUND ( 'NONE', #248, .T. ) ;
#4303 = VERTEX_POINT ( 'NONE', #5315 ) ;
#4304 = CARTESIAN_POINT ( 'NONE',  ( -1.499999539999999909, 1.499999539999999909, 0.5799999999999999600 ) ) ;
#4305 = EDGE_CURVE ( 'NONE', #4675, #1424, #3904, .T. ) ;
#4306 = PLANE ( 'NONE',  #8109 ) ;
#4307 = LINE ( 'NONE', #1898, #5126 ) ;
#4308 = CARTESIAN_POINT ( 'NONE',  ( -0.1299997400000000025, 0.1700021999999999922, 0.0000000000000000000 ) ) ;
#4309 = EDGE_CURVE ( 'NONE', #9197, #3653, #3124, .T. ) ;
#4310 = VECTOR ( 'NONE', #6676, 1000.000000000000114 ) ;
#4311 = AXIS2_PLACEMENT_3D ( 'NONE', #7241, #5057, #1955 ) ;
#4312 = EDGE_LOOP ( 'NONE', ( #5003, #7863, #3002, #6984 ) ) ;
#4313 = CARTESIAN_POINT ( 'NONE',  ( 0.03500120000000000314, -0.2199995600000000384, 0.01000000000000000021 ) ) ;
#4314 = ADVANCED_FACE ( 'NONE', ( #4000 ), #7733, .T. ) ;
#4315 = ORIENTED_EDGE ( 'NONE', *, *, #7801, .T. ) ;
#4316 = CARTESIAN_POINT ( 'NONE',  ( -0.1149985000000000035, 0.03000247999998999909, 0.0000000000000000000 ) ) ;
#4317 = CARTESIAN_POINT ( 'NONE',  ( -0.1749983799999999812, -0.02999994000000000272, 0.0000000000000000000 ) ) ;
#4318 = AXIS2_PLACEMENT_3D ( 'NONE', #7493, #3665, #5898 ) ;
#4319 = ORIENTED_EDGE ( 'NONE', *, *, #1367, .F. ) ;
#4320 = DIRECTION ( 'NONE',  ( 0.0000000000000000000, 1.000000000000000000, -0.0000000000000000000 ) ) ;
#4321 = CARTESIAN_POINT ( 'NONE',  ( 0.1400022599999999895, 0.1200023000000000201, 0.0000000000000000000 ) ) ;
#4322 = VECTOR ( 'NONE', #1717, 1000.000000000000000 ) ;
#4323 = ITEM_DEFINED_TRANSFORMATION ( 'NONE', 'NONE', #7282,  #2951 ) ;
#4324 = DIRECTION ( 'NONE',  ( -0.0000000000000000000, 0.0000000000000000000, -1.000000000000000000 ) ) ;
#4325 = AXIS2_PLACEMENT_3D ( 'NONE', #1774, #4719, #5399 ) ;
#4326 = PRODUCT ( 'User Library-QFN-20_479712337', 'User Library-QFN-20_479712337', '', ( #2971 ) ) ;
#4327 = ORIENTED_EDGE ( 'NONE', *, *, #2636, .T. ) ;
#4328 = DIRECTION ( 'NONE',  ( -0.8320502943379975980, 0.5547001962249983320, 0.0000000000000000000 ) ) ;
#4329 = DIRECTION ( 'NONE',  ( 1.000000000000000000, 0.0000000000000000000, 0.0000000000000000000 ) ) ;
#4330 = ORIENTED_EDGE ( 'NONE', *, *, #8835, .T. ) ;
#4331 = CARTESIAN_POINT ( 'NONE',  ( -0.1549984199999999979, 0.03000247999998999562, 0.0000000000000000000 ) ) ;
#4332 = CARTESIAN_POINT ( 'NONE',  ( 0.09500107999996269814, 0.1200023000000194212, 0.0000000000000000000 ) ) ;
#4333 = AXIS2_PLACEMENT_3D ( 'NONE', #8622, #3533, #436 ) ;
#4334 = PRODUCT_CONTEXT ( 'NONE', #5608, 'mechanical' ) ;
#4335 = LINE ( 'NONE', #8070, #2521 ) ;
#4336 = ORIENTED_EDGE ( 'NONE', *, *, #2170, .T. ) ;
#4337 = AXIS2_PLACEMENT_3D ( 'NONE', #2572, #6256, #5392 ) ;
#4338 = CARTESIAN_POINT ( 'NONE',  ( 0.04999989999999999990, 0.2400020599999999893, 0.0000000000000000000 ) ) ;
#4339 = DIRECTION ( 'NONE',  ( 1.000000000000000000, 0.0000000000000000000, 0.0000000000000000000 ) ) ;
#4340 = ORIENTED_EDGE ( 'NONE', *, *, #8254, .T. ) ;
#4341 = PRODUCT_RELATED_PRODUCT_CATEGORY ( 'part', '', ( #6888 ) ) ;
#4342 = DIRECTION ( 'NONE',  ( -0.7071067811865474617, -0.7071067811865474617, 0.0000000000000000000 ) ) ;
#4343 = PLANE ( 'NONE',  #5690 ) ;
#4344 = SHAPE_REPRESENTATION ( 'User Library-QFN-20_479706577', ( #1237, #7416 ), #3218 ) ;
#4345 = FACE_OUTER_BOUND ( 'NONE', #8984, .T. ) ;
#4346 = CARTESIAN_POINT ( 'NONE',  ( 0.07500112000000000445, -0.1599996800000000330, 0.01000000000000000021 ) ) ;
#4347 =( GEOMETRIC_REPRESENTATION_CONTEXT ( 3 ) GLOBAL_UNCERTAINTY_ASSIGNED_CONTEXT ( ( #26 ) ) GLOBAL_UNIT_ASSIGNED_CONTEXT ( ( #6966, #365, #2544 ) ) REPRESENTATION_CONTEXT ( 'NONE', 'WORKASPACE' ) );
#4348 = ORIENTED_EDGE ( 'NONE', *, *, #6070, .F. ) ;
#4349 = EDGE_CURVE ( 'NONE', #4199, #1017, #1007, .T. ) ;
#4350 = EDGE_CURVE ( 'NONE', #5987, #7597, #2397, .T. ) ;
#4351 = CARTESIAN_POINT ( 'NONE',  ( -0.1349984599999982382, 0.1400022599999996564, 0.0000000000000000000 ) ) ;
#4352 = ORIENTED_EDGE ( 'NONE', *, *, #6396, .T. ) ;
#4353 = LINE ( 'NONE', #9463, #5810 ) ;
#4354 = EDGE_CURVE ( 'NONE', #6810, #7022, #6089, .T. ) ;
#4355 = DIRECTION ( 'NONE',  ( 1.000000000000000000, 0.0000000000000000000, 0.0000000000000000000 ) ) ;
#4356 = ORIENTED_EDGE ( 'NONE', *, *, #9241, .T. ) ;
#4357 = PLANE ( 'NONE',  #1734 ) ;
#4358 = VECTOR ( 'NONE', #2720, 1000.000000000000000 ) ;
#4359 = FACE_OUTER_BOUND ( 'NONE', #4312, .T. ) ;
#4360 = ORIENTED_EDGE ( 'NONE', *, *, #6322, .T. ) ;
#4361 = ADVANCED_FACE ( 'NONE', ( #1647 ), #7543, .T. ) ;
#4362 = DIRECTION ( 'NONE',  ( 1.000000000000000000, 0.0000000000000000000, 0.0000000000000000000 ) ) ;
#4363 = ORIENTED_EDGE ( 'NONE', *, *, #1301, .T. ) ;
#4364 = EDGE_CURVE ( 'NONE', #3055, #3623, #955, .T. ) ;
#4365 = PRODUCT_DEFINITION_CONTEXT ( 'detailed design', #6919, 'design' ) ;
#4366 = CARTESIAN_POINT ( 'NONE',  ( -0.1299997400000000025, 0.09000236000000000347, 0.0000000000000000000 ) ) ;
#4367 = ORIENTED_EDGE ( 'NONE', *, *, #4948, .F. ) ;
#4368 = LINE ( 'NONE', #7286, #2540 ) ;
#4369 = VECTOR ( 'NONE', #6261, 1000.000000000000000 ) ;
#4370 = CARTESIAN_POINT ( 'NONE',  ( 0.8500008400000000908, 0.6900011600000000023, 0.0000000000000000000 ) ) ;
#4371 = PLANE ( 'NONE',  #1769 ) ;
#4372 = CARTESIAN_POINT ( 'NONE',  ( 0.1400022599999999895, -0.2199995600000000107, 0.0000000000000000000 ) ) ;
#4373 = ADVANCED_FACE ( 'NONE', ( #8464 ), #8359, .T. ) ;
#4374 = ITEM_DEFINED_TRANSFORMATION ( 'NONE', 'NONE', #617,  #2951 ) ;
#4375 = CARTESIAN_POINT ( 'NONE',  ( 0.005001260000000000427, 0.1800021800000000394, 0.0000000000000000000 ) ) ;
#4376 = AXIS2_PLACEMENT_3D ( 'NONE', #5169, #4578, #2306 ) ;
#4377 = VECTOR ( 'NONE', #8945, 1000.000000000000000 ) ;
#4378 = EDGE_LOOP ( 'NONE', ( #7012, #6325, #9420, #2177 ) ) ;
#4379 = UNCERTAINTY_MEASURE_WITH_UNIT (LENGTH_MEASURE( 1.000000000000000082E-05 ), #2567, 'distance_accuracy_value', 'NONE');
#4380 = LINE ( 'NONE', #5258, #3168 ) ;
#4381 = ORIENTED_EDGE ( 'NONE', *, *, #8196, .F. ) ;
#4382 = DIRECTION ( 'NONE',  ( -1.000000000000000000, -0.0000000000000000000, -0.0000000000000000000 ) ) ;
#4383 = ORIENTED_EDGE ( 'NONE', *, *, #3637, .T. ) ;
#4384 = SHAPE_DEFINITION_REPRESENTATION ( #4250, #282 ) ;
#4385 = DIRECTION ( 'NONE',  ( 0.0000000000000000000, -0.0000000000000000000, -1.000000000000000000 ) ) ;
#4386 = ORIENTED_EDGE ( 'NONE', *, *, #1479, .F. ) ;
#4387 = DIRECTION ( 'NONE',  ( 0.0000000000000000000, -0.0000000000000000000, -1.000000000000000000 ) ) ;
#4388 = AXIS2_PLACEMENT_3D ( 'NONE', #164, #3104, #8998 ) ;
#4389 = VECTOR ( 'NONE', #4766, 1000.000000000000000 ) ;
#4390 = CARTESIAN_POINT ( 'NONE',  ( -0.1399997199999999942, -0.2199995600000000107, 0.0000000000000000000 ) ) ;
#4391 = CARTESIAN_POINT ( 'NONE',  ( -0.1299997400000000025, 0.2200021000000000337, 0.0000000000000000000 ) ) ;
#4392 = CARTESIAN_POINT ( 'NONE',  ( 0.0000000000000000000, 0.0000000000000000000, 0.0000000000000000000 ) ) ;
#4393 = DIRECTION ( 'NONE',  ( 0.7071067811865474617, 0.7071067811865474617, 0.0000000000000000000 ) ) ;
#4394 = CARTESIAN_POINT ( 'NONE',  ( 0.7600010200000001381, -0.8199983600000000372, 0.02000000000000001082 ) ) ;
#4395 = VERTEX_POINT ( 'NONE', #2494 ) ;
#4396 = VECTOR ( 'NONE', #5741, 1000.000000000000000 ) ;
#4397 = CARTESIAN_POINT ( 'NONE',  ( -0.09999980000000997793, 0.1500022400000000367, 0.01000000000000000194 ) ) ;
#4398 = ORIENTED_EDGE ( 'NONE', *, *, #2634, .F. ) ;
#4399 = DIRECTION ( 'NONE',  ( 0.0000000000000000000, -0.0000000000000000000, -1.000000000000000000 ) ) ;
#4400 = DIRECTION ( 'NONE',  ( 0.0000000000000000000, 0.0000000000000000000, 1.000000000000000000 ) ) ;
#4401 = ORIENTED_EDGE ( 'NONE', *, *, #2574, .T. ) ;
#4402 = LINE ( 'NONE', #4448, #789 ) ;
#4403 = ADVANCED_FACE ( 'NONE', ( #6139 ), #1790, .F. ) ;
#4404 = CARTESIAN_POINT ( 'NONE',  ( 0.1150010399999999711, 0.03000247999999017604, 0.01000000000000000021 ) ) ;
#4405 = STYLED_ITEM ( 'NONE', ( #9137 ), #7782 ) ;
#4406 = ORIENTED_EDGE ( 'NONE', *, *, #3691, .T. ) ;
#4407 = ADVANCED_FACE ( 'NONE', ( #4735 ), #7689, .T. ) ;
#4408 = ORIENTED_EDGE ( 'NONE', *, *, #1117, .F. ) ;
#4409 = DIRECTION ( 'NONE',  ( 0.0000000000000000000, 0.0000000000000000000, 1.000000000000000000 ) ) ;
#4410 = ORIENTED_EDGE ( 'NONE', *, *, #9133, .F. ) ;
#4411 = DIRECTION ( 'NONE',  ( 0.6246950475544428283, -0.7808688094430155102, 0.0000000000000000000 ) ) ;
#4412 = PRODUCT ( 'User Library-QFN-20_Extruded14', 'User Library-QFN-20_Extruded14', '', ( #7171 ) ) ;
#4413 = AXIS2_PLACEMENT_3D ( 'NONE', #9375, #7851, #2032 ) ;
#4414 = ADVANCED_FACE ( 'NONE', ( #3953 ), #1102, .F. ) ;
#4415 = LINE ( 'NONE', #2903, #9184 ) ;
#4416 = FACE_OUTER_BOUND ( 'NONE', #11, .T. ) ;
#4417 = AXIS2_PLACEMENT_3D ( 'NONE', #4321, #5879, #835 ) ;
#4418 = ADVANCED_FACE ( 'NONE', ( #4682 ), #5030, .T. ) ;
#4419 = DIRECTION ( 'NONE',  ( 0.0000000000000000000, -1.000000000000000000, -0.0000000000000000000 ) ) ;
#4420 = ADVANCED_FACE ( 'NONE', ( #4596 ), #6832, .T. ) ;
#4421 =( REPRESENTATION_RELATIONSHIP ('NONE','NONE', #5544, #332 ) REPRESENTATION_RELATIONSHIP_WITH_TRANSFORMATION ( #1872 )SHAPE_REPRESENTATION_RELATIONSHIP( ) );
#4422 =( NAMED_UNIT ( * ) SI_UNIT ( $, .STERADIAN. ) SOLID_ANGLE_UNIT ( ) );
#4423 = ORIENTED_EDGE ( 'NONE', *, *, #1294, .T. ) ;
#4424 = LINE ( 'NONE', #1683, #8649 ) ;
#4425 = PRESENTATION_LAYER_ASSIGNMENT (  '', '', ( #7832 ) ) ;
#4426 = ORIENTED_EDGE ( 'NONE', *, *, #5852, .F. ) ;
#4427 = CARTESIAN_POINT ( 'NONE',  ( -0.1299997400000234282, -0.1299997400000187375, 0.0000000000000000000 ) ) ;
#4428 = ORIENTED_EDGE ( 'NONE', *, *, #8671, .T. ) ;
#4429 = EDGE_CURVE ( 'NONE', #2841, #4667, #6484, .T. ) ;
#4430 = PLANE ( 'NONE',  #3793 ) ;
#4431 = VECTOR ( 'NONE', #3616, 1000.000000000000000 ) ;
#4432 = APPLICATION_PROTOCOL_DEFINITION ( 'draft international standard', 'automotive_design', 1998, #8873 ) ;
#4433 = CARTESIAN_POINT ( 'NONE',  ( 0.04999989999999975010, 0.1650009399999992910, 0.0000000000000000000 ) ) ;
#4434 = ORIENTED_EDGE ( 'NONE', *, *, #5550, .F. ) ;
#4435 =( NAMED_UNIT ( * ) PLANE_ANGLE_UNIT ( ) SI_UNIT ( $, .RADIAN. ) );
#4436 = VERTEX_POINT ( 'NONE', #8788 ) ;
#4437 = PLANE ( 'NONE',  #772 ) ;
#4438 = CARTESIAN_POINT ( 'NONE',  ( -0.1400022600000002948, 0.07500112000000007384, 0.02000000000000000389 ) ) ;
#4439 = CARTESIAN_POINT ( 'NONE',  ( 0.09999979999999000779, -0.01999996000000999960, 0.01000000000000000021 ) ) ;
#4440 = CARTESIAN_POINT ( 'NONE',  ( -0.09499854000000999832, 0.1200023000000000201, 0.0000000000000000000 ) ) ;
#4441 = CARTESIAN_POINT ( 'NONE',  ( 0.02500121999998998132, 0.2200021000000000337, 0.01000000000000000021 ) ) ;
#4442 = ORIENTED_EDGE ( 'NONE', *, *, #2580, .F. ) ;
#4443 = CARTESIAN_POINT ( 'NONE',  ( -0.1400022600000010720, 0.07500112000000024037, 0.0000000000000000000 ) ) ;
#4444 = ORIENTED_EDGE ( 'NONE', *, *, #632, .T. ) ;
#4445 = CARTESIAN_POINT ( 'NONE',  ( 0.1099997800000000053, -0.1599996800000000052, 0.01000000000000000021 ) ) ;
#4446 =( NAMED_UNIT ( * ) SI_UNIT ( $, .STERADIAN. ) SOLID_ANGLE_UNIT ( ) );
#4447 = ORIENTED_EDGE ( 'NONE', *, *, #1495, .T. ) ;
#4448 = CARTESIAN_POINT ( 'NONE',  ( 0.1750009200000000043, -0.1499997000000000136, 0.0000000000000000000 ) ) ;
#4449 = DIRECTION ( 'NONE',  ( 0.0000000000000000000, -0.0000000000000000000, 1.000000000000000000 ) ) ;
#4450 = VERTEX_POINT ( 'NONE', #1309 ) ;
#4451 = LINE ( 'NONE', #779, #8545 ) ;
#4452 = CARTESIAN_POINT ( 'NONE',  ( 0.04999989999999999990, 0.01000252000000000085, 0.0000000000000000000 ) ) ;
#4453 = EDGE_LOOP ( 'NONE', ( #7738, #1956, #3840, #5336 ) ) ;
#4454 = DIRECTION ( 'NONE',  ( -0.0000000000000000000, -0.0000000000000000000, -1.000000000000000000 ) ) ;
#4455 = SURFACE_STYLE_FILL_AREA ( #1473 ) ;
#4456 = ORIENTED_EDGE ( 'NONE', *, *, #3838, .T. ) ;
#4457 = PRODUCT_RELATED_PRODUCT_CATEGORY ( 'part', '', ( #8898 ) ) ;
#4458 = LINE ( 'NONE', #5783, #4706 ) ;
#4459 = LINE ( 'NONE', #1430, #3874 ) ;
#4460 = DIRECTION ( 'NONE',  ( 1.000000000000000000, 0.0000000000000000000, 0.0000000000000000000 ) ) ;
#4461 = PRESENTATION_LAYER_ASSIGNMENT (  '', '', ( #3373 ) ) ;
#4462 = PLANE ( 'NONE',  #6287 ) ;
#4463 = VECTOR ( 'NONE', #2670, 1000.000000000000114 ) ;
#4464 = CONTEXT_DEPENDENT_SHAPE_REPRESENTATION ( #8982, #2933 ) ;
#4465 = FACE_OUTER_BOUND ( 'NONE', #381, .T. ) ;
#4466 = ADVANCED_FACE ( 'NONE', ( #5897 ), #520, .T. ) ;
#4467 = EDGE_CURVE ( 'NONE', #4813, #9251, #2120, .T. ) ;
#4468 = CARTESIAN_POINT ( 'NONE',  ( 0.0000000000000000000, 0.0000000000000000000, 0.0000000000000000000 ) ) ;
#4469 = ORIENTED_EDGE ( 'NONE', *, *, #9309, .F. ) ;
#4470 = UNCERTAINTY_MEASURE_WITH_UNIT (LENGTH_MEASURE( 1.000000000000000082E-05 ), #6085, 'distance_accuracy_value', 'NONE');
#4471 = LINE ( 'NONE', #8112, #6281 ) ;
#4472 =( LENGTH_UNIT ( ) NAMED_UNIT ( * ) SI_UNIT ( .MILLI., .METRE. ) );
#4473 = ORIENTED_EDGE ( 'NONE', *, *, #3880, .T. ) ;
#4474 = ADVANCED_FACE ( 'NONE', ( #8653 ), #3467, .T. ) ;
#4475 = DIRECTION ( 'NONE',  ( -0.7070888208664897201, 0.7071247410504296615, 0.0000000000000000000 ) ) ;
#4476 = ORIENTED_EDGE ( 'NONE', *, *, #5960, .F. ) ;
#4477 = VECTOR ( 'NONE', #3875, 1000.000000000000000 ) ;
#4478 = DIRECTION ( 'NONE',  ( -0.0000000000000000000, 0.0000000000000000000, -1.000000000000000000 ) ) ;
#4479 =( GEOMETRIC_REPRESENTATION_CONTEXT ( 3 ) GLOBAL_UNCERTAINTY_ASSIGNED_CONTEXT ( ( #9292 ) ) GLOBAL_UNIT_ASSIGNED_CONTEXT ( ( #7620, #988, #6218 ) ) REPRESENTATION_CONTEXT ( 'NONE', 'WORKASPACE' ) );
#4480 = APPLICATION_PROTOCOL_DEFINITION ( 'draft international standard', 'automotive_design', 1998, #3745 ) ;
#4481 = APPLICATION_CONTEXT ( 'automotive_design' ) ;
#4482 = EDGE_CURVE ( 'NONE', #7259, #7143, #622, .T. ) ;
#4483 = DIRECTION ( 'NONE',  ( -0.7071067811865474617, -0.7071067811865474617, -0.0000000000000000000 ) ) ;
#4484 = ORIENTED_EDGE ( 'NONE', *, *, #5975, .T. ) ;
#4485 = CARTESIAN_POINT ( 'NONE',  ( -0.1499997000000000136, -0.1749983800000000089, 0.02000000000000000042 ) ) ;
#4486 =( REPRESENTATION_RELATIONSHIP ('NONE','NONE', #7572, #2003 ) REPRESENTATION_RELATIONSHIP_WITH_TRANSFORMATION ( #888 )SHAPE_REPRESENTATION_RELATIONSHIP( ) );
#4487 = EDGE_LOOP ( 'NONE', ( #1336, #9033, #4520, #3638 ) ) ;
#4488 = EDGE_CURVE ( 'NONE', #5268, #4253, #2925, .T. ) ;
#4489 = CARTESIAN_POINT ( 'NONE',  ( 0.2000000000000000111, 2.449293598294706538E-17, 0.0000000000000000000 ) ) ;
#4490 = LINE ( 'NONE', #6631, #7530 ) ;
#4491 = STYLED_ITEM ( 'NONE', ( #784 ), #7752 ) ;
#4492 = CARTESIAN_POINT ( 'NONE',  ( 0.09500107999998999575, -0.1199972200000000017, 0.0000000000000000000 ) ) ;
#4493 =( LENGTH_UNIT ( ) NAMED_UNIT ( * ) SI_UNIT ( .MILLI., .METRE. ) );
#4494 = PRODUCT_DEFINITION_SHAPE ( 'NONE', 'NONE',  #9560 ) ;
#4495 = PLANE ( 'NONE',  #3907 ) ;
#4496 = VECTOR ( 'NONE', #1081, 1000.000000000000114 ) ;
#4497 = EDGE_CURVE ( 'NONE', #7208, #6124, #1400, .T. ) ;
#4498 = VERTEX_POINT ( 'NONE', #4982 ) ;
#4499 = LINE ( 'NONE', #5666, #1162 ) ;
#4500 = DIRECTION ( 'NONE',  ( 0.0000000000000000000, 0.0000000000000000000, 1.000000000000000000 ) ) ;
#4501 = ORIENTED_EDGE ( 'NONE', *, *, #979, .T. ) ;
#4502 = CARTESIAN_POINT ( 'NONE',  ( -0.1699996599999999969, 0.07000240000000999829, 0.0000000000000000000 ) ) ;
#4503 = CARTESIAN_POINT ( 'NONE',  ( 0.1650009400000097270, -0.05999734000000243872, 0.0000000000000000000 ) ) ;
#4504 = FACE_OUTER_BOUND ( 'NONE', #7464, .T. ) ;
#4505 = PLANE ( 'NONE',  #712 ) ;
#4506 = SHAPE_REPRESENTATION_RELATIONSHIP ( 'NONE' , 'NONE' ,  #2256, #1290 ) ;
#4507 = LINE ( 'NONE', #6016, #1078 ) ;
#4508 = VERTEX_POINT ( 'NONE', #1978 ) ;
#4509 = LINE ( 'NONE', #7523, #838 ) ;
#4510 = DIRECTION ( 'NONE',  ( 0.0000000000000000000, 0.0000000000000000000, -1.000000000000000000 ) ) ;
#4511 = DIRECTION ( 'NONE',  ( 1.000000000000000000, 0.0000000000000000000, 0.0000000000000000000 ) ) ;
#4512 = FACE_OUTER_BOUND ( 'NONE', #8933, .T. ) ;
#4513 = CONTEXT_DEPENDENT_SHAPE_REPRESENTATION ( #7953, #2399 ) ;
#4514 = CARTESIAN_POINT ( 'NONE',  ( 0.05000244000000000216, 0.03000247999998999909, 0.0000000000000000000 ) ) ;
#4515 = PRODUCT_DEFINITION ( 'UNKNOWN', '', #1022, #1772 ) ;
#4516 = ORIENTED_EDGE ( 'NONE', *, *, #5692, .F. ) ;
#4517 = CARTESIAN_POINT ( 'NONE',  ( -0.1199997599999999970, 0.1100023200000000007, 0.0000000000000000000 ) ) ;
#4518 = ORIENTED_EDGE ( 'NONE', *, *, #8806, .T. ) ;
#4519 = DIRECTION ( 'NONE',  ( 0.0000000000000000000, -1.000000000000000000, 0.0000000000000000000 ) ) ;
#4520 = ORIENTED_EDGE ( 'NONE', *, *, #1825, .F. ) ;
#4521 = PLANE ( 'NONE',  #88 ) ;
#4522 = ADVANCED_FACE ( 'NONE', ( #7304 ), #717, .T. ) ;
#4523 = VECTOR ( 'NONE', #5768, 999.9999999999998863 ) ;
#4524 = CONTEXT_DEPENDENT_SHAPE_REPRESENTATION ( #7409, #629 ) ;
#4525 = VECTOR ( 'NONE', #297, 1000.000000000000000 ) ;
#4526 = EDGE_CURVE ( 'NONE', #3182, #8408, #2830, .T. ) ;
#4527 = FACE_OUTER_BOUND ( 'NONE', #1757, .T. ) ;
#4528 = ORIENTED_EDGE ( 'NONE', *, *, #4889, .F. ) ;
#4529 = DIRECTION ( 'NONE',  ( -0.0000000000000000000, -0.0000000000000000000, -1.000000000000000000 ) ) ;
#4530 = VERTEX_POINT ( 'NONE', #8072 ) ;
#4531 = DIRECTION ( 'NONE',  ( -0.8320502943379975980, 0.5547001962249983320, -0.0000000000000000000 ) ) ;
#4532 = LINE ( 'NONE', #7497, #269 ) ;
#4533 =( NAMED_UNIT ( * ) SI_UNIT ( $, .STERADIAN. ) SOLID_ANGLE_UNIT ( ) );
#4534 = ADVANCED_FACE ( 'NONE', ( #1261 ), #9406, .T. ) ;
#4535 = LINE ( 'NONE', #3817, #1908 ) ;
#4536 = EDGE_CURVE ( 'NONE', #4128, #448, #5713, .T. ) ;
#4537 = VECTOR ( 'NONE', #846, 1000.000000000000000 ) ;
#4538 = PLANE ( 'NONE',  #672 ) ;
#4539 = VECTOR ( 'NONE', #540, 1000.000000000000000 ) ;
#4540 = ORIENTED_EDGE ( 'NONE', *, *, #2813, .F. ) ;
#4541 = DIRECTION ( 'NONE',  ( 0.0000000000000000000, -1.000000000000000000, -0.0000000000000000000 ) ) ;
#4542 = SHAPE_DEFINITION_REPRESENTATION ( #3481, #6781 ) ;
#4543 = ORIENTED_EDGE ( 'NONE', *, *, #4605, .T. ) ;
#4544 = FACE_OUTER_BOUND ( 'NONE', #5141, .T. ) ;
#4545 = VECTOR ( 'NONE', #4511, 1000.000000000000000 ) ;
#4546 = EDGE_CURVE ( 'NONE', #1379, #7895, #7986, .T. ) ;
#4547 = CARTESIAN_POINT ( 'NONE',  ( 0.0000000000000000000, 0.2000021399999999949, 0.0000000000000000000 ) ) ;
#4548 = VECTOR ( 'NONE', #8452, 1000.000000000000000 ) ;
#4549 = MANIFOLD_SOLID_BREP ( 'Imported1', #7786 ) ;
#4550 = ORIENTED_EDGE ( 'NONE', *, *, #5917, .T. ) ;
#4551 = LINE ( 'NONE', #6107, #5464 ) ;
#4552 = LINE ( 'NONE', #877, #6434 ) ;
#4553 = VECTOR ( 'NONE', #8480, 1000.000000000000114 ) ;
#4554 = DIRECTION ( 'NONE',  ( 0.0000000000000000000, 0.0000000000000000000, 1.000000000000000000 ) ) ;
#4555 = PRODUCT_DEFINITION_CONTEXT ( 'detailed design', #2318, 'design' ) ;
#4556 = CARTESIAN_POINT ( 'NONE',  ( -0.1299997400000000025, 0.07000240000000999829, 0.0000000000000000000 ) ) ;
#4557 = ORIENTED_EDGE ( 'NONE', *, *, #5787, .F. ) ;
#4558 = CIRCLE ( 'NONE', #5499, 0.2000000000000000111 ) ;
#4559 = FACE_OUTER_BOUND ( 'NONE', #9344, .T. ) ;
#4560 = DIRECTION ( 'NONE',  ( -0.1960682367459694320, -0.9805902541527354854, 0.0000000000000000000 ) ) ;
#4561 = DIRECTION ( 'NONE',  ( -0.7070618812416071819, -0.7071516782806072099, 0.0000000000000000000 ) ) ;
#4562 = CARTESIAN_POINT ( 'NONE',  ( 0.1650009400000000126, -0.05999734000000000317, 0.02000000000000000042 ) ) ;
#4563 = ITEM_DEFINED_TRANSFORMATION ( 'NONE', 'NONE', #1738,  #2951 ) ;
#4564 = CARTESIAN_POINT ( 'NONE',  ( -0.08999981999999999427, 0.2200021000000000060, 0.0000000000000000000 ) ) ;
#4565 = AXIS2_PLACEMENT_3D ( 'NONE', #7011, #364, #8407 ) ;
#4566 = PRODUCT_DEFINITION_SHAPE ( 'NONE', 'NONE',  #9526 ) ;
#4567 = ORIENTED_EDGE ( 'NONE', *, *, #6494, .F. ) ;
#4568 = AXIS2_PLACEMENT_3D ( 'NONE', #4745, #4694, #196 ) ;
#4569 = CARTESIAN_POINT ( 'NONE',  ( -0.1199997599999999970, 0.1100023200000000007, 0.0000000000000000000 ) ) ;
#4570 = ORIENTED_EDGE ( 'NONE', *, *, #404, .F. ) ;
#4571 = LINE ( 'NONE', #5451, #6713 ) ;
#4572 = ORIENTED_EDGE ( 'NONE', *, *, #236, .T. ) ;
#4573 = STYLED_ITEM ( 'NONE', ( #6924 ), #4760 ) ;
#4574 = LINE ( 'NONE', #7537, #4071 ) ;
#4575 = PRODUCT_RELATED_PRODUCT_CATEGORY ( 'part', '', ( #7888 ) ) ;
#4576 = DIRECTION ( 'NONE',  ( 0.0000000000000000000, 0.0000000000000000000, 1.000000000000000000 ) ) ;
#4577 = AXIS2_PLACEMENT_3D ( 'NONE', #1963, #7868, #5701 ) ;
#4578 = DIRECTION ( 'NONE',  ( 0.8320502943379975980, 0.5547001962249983320, 0.0000000000000000000 ) ) ;
#4579 = VERTEX_POINT ( 'NONE', #2786 ) ;
#4580 = ORIENTED_EDGE ( 'NONE', *, *, #6813, .T. ) ;
#4581 = CARTESIAN_POINT ( 'NONE',  ( 0.07999984000000000262, -0.1899996200000000079, 0.0000000000000000000 ) ) ;
#4582 = DIRECTION ( 'NONE',  ( -0.0000000000000000000, -0.0000000000000000000, -1.000000000000000000 ) ) ;
#4583 = APPLICATION_CONTEXT ( 'automotive_design' ) ;
#4584 = CARTESIAN_POINT ( 'NONE',  ( 0.07999984000003325380, -0.1299997399999667513, 0.0000000000000000000 ) ) ;
#4585 = EDGE_CURVE ( 'NONE', #8623, #3590, #8974, .T. ) ;
#4586 = VECTOR ( 'NONE', #4162, 1000.000000000000000 ) ;
#4587 = DIRECTION ( 'NONE',  ( -0.6246950475541803716, 0.7808688094432254534, -0.0000000000000000000 ) ) ;
#4588 = ORIENTED_EDGE ( 'NONE', *, *, #1526, .F. ) ;
#4589 = EDGE_CURVE ( 'NONE', #6243, #1610, #804, .T. ) ;
#4590 = LINE ( 'NONE', #6828, #5033 ) ;
#4591 = EDGE_CURVE ( 'NONE', #5061, #7231, #184, .T. ) ;
#4592 = CARTESIAN_POINT ( 'NONE',  ( 0.1350010000000043675, 0.1300022800000040224, 0.01000000000000000194 ) ) ;
#4593 = APPLICATION_PROTOCOL_DEFINITION ( 'draft international standard', 'automotive_design', 1998, #7585 ) ;
#4594 = VERTEX_POINT ( 'NONE', #3120 ) ;
#4595 = EDGE_CURVE ( 'NONE', #3182, #8416, #5269, .T. ) ;
#4596 = FACE_OUTER_BOUND ( 'NONE', #1503, .T. ) ;
#4597 = DIRECTION ( 'NONE',  ( -0.5547001962252293694, -0.8320502943378434990, 0.0000000000000000000 ) ) ;
#4598 = SHAPE_REPRESENTATION ( 'User Library-QFN-20_479711313', ( #8641, #1069 ), #2145 ) ;
#4599 = ORIENTED_EDGE ( 'NONE', *, *, #4643, .F. ) ;
#4600 = DIRECTION ( 'NONE',  ( 0.9284766908852593037, -0.3713906763541037215, 0.0000000000000000000 ) ) ;
#4601 = EDGE_CURVE ( 'NONE', #3213, #660, #760, .T. ) ;
#4602 = DIRECTION ( 'NONE',  ( 0.7071067811865474617, 0.7071067811865474617, 0.0000000000000000000 ) ) ;
#4603 = ORIENTED_EDGE ( 'NONE', *, *, #4703, .T. ) ;
#4605 = EDGE_CURVE ( 'NONE', #2456, #8942, #8218, .T. ) ;
#4604 = LINE ( 'NONE', #3834, #7954 ) ;
#4606 = FACE_OUTER_BOUND ( 'NONE', #8067, .T. ) ;
#4607 = CARTESIAN_POINT ( 'NONE',  ( 0.03999992000000001519, 0.1800021800000000394, 0.0000000000000000000 ) ) ;
#4608 = APPLICATION_CONTEXT ( 'automotive_design' ) ;
#4609 = CARTESIAN_POINT ( 'NONE',  ( -0.6500012399999999246, -0.8499982999999999844, 0.0000000000000000000 ) ) ;
#4610 = LINE ( 'NONE', #7529, #4825 ) ;
#4611 = EDGE_CURVE ( 'NONE', #9306, #483, #5311, .T. ) ;
#4612 =( LENGTH_UNIT ( ) NAMED_UNIT ( * ) SI_UNIT ( .MILLI., .METRE. ) );
#4613 = ORIENTED_EDGE ( 'NONE', *, *, #3048, .T. ) ;
#4614 = LINE ( 'NONE', #8249, #249 ) ;
#4615 = VERTEX_POINT ( 'NONE', #3901 ) ;
#4616 = CARTESIAN_POINT ( 'NONE',  ( 0.01500123999999000007, 0.1800021800000000394, 0.0000000000000000000 ) ) ;
#4617 = VERTEX_POINT ( 'NONE', #2392 ) ;
#4618 = DIRECTION ( 'NONE',  ( -1.000000000000000000, 0.0000000000000000000, -0.0000000000000000000 ) ) ;
#4619 = CONTEXT_DEPENDENT_SHAPE_REPRESENTATION ( #9358, #7727 ) ;
#4620 = VECTOR ( 'NONE', #9057, 1000.000000000000114 ) ;
#4621 = AXIS2_PLACEMENT_3D ( 'NONE', #5921, #5973, #8191 ) ;
#4622 = PLANE ( 'NONE',  #4565 ) ;
#4623 = PRODUCT_DEFINITION_SHAPE ( 'NONE', 'NONE',  #9470 ) ;
#4624 = VERTEX_POINT ( 'NONE', #6872 ) ;
#4625 = CARTESIAN_POINT ( 'NONE',  ( -0.1499971600000094829, -0.05499861999999315632, 0.0000000000000000000 ) ) ;
#4626 = VECTOR ( 'NONE', #2624, 1000.000000000000000 ) ;
#4627 = ORIENTED_EDGE ( 'NONE', *, *, #1766, .T. ) ;
#4628 = CARTESIAN_POINT ( 'NONE',  ( 0.1150010399999999988, -0.2199995600000000107, 0.0000000000000000000 ) ) ;
#4629 = DIRECTION ( 'NONE',  ( -0.9284766908852593037, -0.3713906763541037215, 0.0000000000000000000 ) ) ;
#4630 = STYLED_ITEM ( 'NONE', ( #6970 ), #2206 ) ;
#4631 = PLANE ( 'NONE',  #1808 ) ;
#4632 = AXIS2_PLACEMENT_3D ( 'NONE', #3034, #5273, #6875 ) ;
#4633 = PRODUCT_DEFINITION ( 'UNKNOWN', '', #2859, #5333 ) ;
#4634 = VERTEX_POINT ( 'NONE', #7589 ) ;
#4635 = STYLED_ITEM ( 'NONE', ( #3295 ), #5214 ) ;
#4636 = FACE_OUTER_BOUND ( 'NONE', #6936, .T. ) ;
#4637 = ORIENTED_EDGE ( 'NONE', *, *, #9374, .T. ) ;
#4638 = DIRECTION ( 'NONE',  ( -0.0000000000000000000, -0.0000000000000000000, -1.000000000000000000 ) ) ;
#4639 = SHAPE_DEFINITION_REPRESENTATION ( #2257, #4166 ) ;
#4640 = ORIENTED_EDGE ( 'NONE', *, *, #2128, .F. ) ;
#4641 = SURFACE_STYLE_USAGE ( .BOTH. , #3271 ) ;
#4642 = CARTESIAN_POINT ( 'NONE',  ( 0.07999984000000001649, -0.1899996200000000079, 0.009999999999999998473 ) ) ;
#4643 = EDGE_CURVE ( 'NONE', #5617, #4450, #1502, .T. ) ;
#4644 = AXIS2_PLACEMENT_3D ( 'NONE', #2711, #7131, #7798 ) ;
#4645 = ORIENTED_EDGE ( 'NONE', *, *, #2292, .T. ) ;
#4646 = EDGE_CURVE ( 'NONE', #6625, #4195, #1596, .T. ) ;
#4647 = PRODUCT_DEFINITION_SHAPE ( 'NONE', 'NONE',  #9524 ) ;
#4648 = LINE ( 'NONE', #9082, #8846 ) ;
#4649 = ADVANCED_FACE ( 'NONE', ( #2308 ), #233, .T. ) ;
#4650 = CARTESIAN_POINT ( 'NONE',  ( -0.03999991999999996661, 0.2200021000000000337, 0.0000000000000000000 ) ) ;
#4651 = VECTOR ( 'NONE', #4560, 1000.000000000000114 ) ;
#4652 = CARTESIAN_POINT ( 'NONE',  ( 0.09500107999998999575, -0.1999995999999999996, 0.0000000000000000000 ) ) ;
#4653 = ORIENTED_EDGE ( 'NONE', *, *, #3178, .T. ) ;
#4654 = FILL_AREA_STYLE ('',( #975 ) ) ;
#4655 = CARTESIAN_POINT ( 'NONE',  ( 0.1750009200000000043, -0.1499997000000000136, 0.0000000000000000000 ) ) ;
#4656 = SHAPE_REPRESENTATION ( 'User Library-QFN-20_479712209', ( #1083, #4161 ), #6805 ) ;
#4657 = DIRECTION ( 'NONE',  ( 0.5491751032048892700, -0.8357073088228313962, 0.0000000000000000000 ) ) ;
#4658 = CARTESIAN_POINT ( 'NONE',  ( -0.08999981999999999427, -0.1799996399999999608, 0.01000000000000000021 ) ) ;
#4659 = ADVANCED_FACE ( 'NONE', ( #7402 ), #5364, .T. ) ;
#4660 = AXIS2_PLACEMENT_3D ( 'NONE', #2412, #4696, #1748 ) ;
#4661 = DIRECTION ( 'NONE',  ( 0.0000000000000000000, 1.000000000000000000, -0.0000000000000000000 ) ) ;
#4662 = EDGE_CURVE ( 'NONE', #1020, #5767, #8122, .T. ) ;
#4663 = ORIENTED_EDGE ( 'NONE', *, *, #890, .T. ) ;
#4664 = UNCERTAINTY_MEASURE_WITH_UNIT (LENGTH_MEASURE( 1.000000000000000082E-05 ), #9399, 'distance_accuracy_value', 'NONE');
#4665 = CARTESIAN_POINT ( 'NONE',  ( 0.0000000000000000000, 0.2000021399999999949, 0.0000000000000000000 ) ) ;
#4666 =( NAMED_UNIT ( * ) PLANE_ANGLE_UNIT ( ) SI_UNIT ( $, .RADIAN. ) );
#4667 = VERTEX_POINT ( 'NONE', #8172 ) ;
#4668 = LINE ( 'NONE', #8399, #4855 ) ;
#4669 = VECTOR ( 'NONE', #5374, 1000.000000000000114 ) ;
#4670 = FACE_OUTER_BOUND ( 'NONE', #3802, .T. ) ;
#4671 = ORIENTED_EDGE ( 'NONE', *, *, #229, .F. ) ;
#4672 = CARTESIAN_POINT ( 'NONE',  ( -1.499999539999999909, -1.499999539999999909, 0.0000000000000000000 ) ) ;
#4673 = VECTOR ( 'NONE', #8630, 1000.000000000000114 ) ;
#4674 = EDGE_CURVE ( 'NONE', #7685, #5918, #3758, .T. ) ;
#4675 = VERTEX_POINT ( 'NONE', #3032 ) ;
#4676 = CONTEXT_DEPENDENT_SHAPE_REPRESENTATION ( #8387, #5733 ) ;
#4677 = LINE ( 'NONE', #1052, #2497 ) ;
#4678 = ORIENTED_EDGE ( 'NONE', *, *, #5140, .T. ) ;
#4679 = LINE ( 'NONE', #367, #3632 ) ;
#4680 =( NAMED_UNIT ( * ) PLANE_ANGLE_UNIT ( ) SI_UNIT ( $, .RADIAN. ) );
#4681 = ORIENTED_EDGE ( 'NONE', *, *, #9194, .T. ) ;
#4682 = FACE_OUTER_BOUND ( 'NONE', #3600, .T. ) ;
#4683 = MANIFOLD_SOLID_BREP ( 'Imported1', #7632 ) ;
#4684 = VECTOR ( 'NONE', #1614, 1000.000000000000000 ) ;
#4685 = CARTESIAN_POINT ( 'NONE',  ( -0.8499983000000067568, -0.6500012400000010349, 0.0000000000000000000 ) ) ;
#4686 = VECTOR ( 'NONE', #250, 1000.000000000000000 ) ;
#4687 = DIRECTION ( 'NONE',  ( -0.0000000000000000000, 0.0000000000000000000, -1.000000000000000000 ) ) ;
#4688 = EDGE_LOOP ( 'NONE', ( #6784, #8972, #8756, #6335 ) ) ;
#4689 = DIRECTION ( 'NONE',  ( 0.0000000000000000000, -0.0000000000000000000, -1.000000000000000000 ) ) ;
#4690 = VECTOR ( 'NONE', #3414, 1000.000000000000114 ) ;
#4691 = ORIENTED_EDGE ( 'NONE', *, *, #4662, .F. ) ;
#4692 = CLOSED_SHELL ( 'NONE', ( #2057, #8403, #8568, #4420, #3947, #1543 ) ) ;
#4693 = DIRECTION ( 'NONE',  ( 0.0000000000000000000, -0.0000000000000000000, -1.000000000000000000 ) ) ;
#4694 = DIRECTION ( 'NONE',  ( 0.0000000000000000000, 0.0000000000000000000, 1.000000000000000000 ) ) ;
#4695 = ORIENTED_EDGE ( 'NONE', *, *, #9077, .T. ) ;
#4696 = DIRECTION ( 'NONE',  ( 0.0000000000000000000, 0.0000000000000000000, -1.000000000000000000 ) ) ;
#4697 = CARTESIAN_POINT ( 'NONE',  ( 0.09500107999999229946, -0.1199972200000643530, 0.0000000000000000000 ) ) ;
#4698 = VERTEX_POINT ( 'NONE', #4043 ) ;
#4699 = VECTOR ( 'NONE', #592, 1000.000000000000000 ) ;
#4700 = ORIENTED_EDGE ( 'NONE', *, *, #4254, .T. ) ;
#4701 = CARTESIAN_POINT ( 'NONE',  ( -0.2149983000000000033, 0.2149983000000000033, 0.0000000000000000000 ) ) ;
#4702 = CARTESIAN_POINT ( 'NONE',  ( 0.07500112000000007384, 0.1400022600000002670, 0.0000000000000000000 ) ) ;
#4703 = EDGE_CURVE ( 'NONE', #6181, #7414, #5999, .T. ) ;
#4704 = AXIS2_PLACEMENT_3D ( 'NONE', #3579, #2948, #9468 ) ;
#4705 = ORIENTED_EDGE ( 'NONE', *, *, #8032, .T. ) ;
#4706 = VECTOR ( 'NONE', #8720, 1000.000000000000114 ) ;
#4707 = PLANE ( 'NONE',  #9020 ) ;
#4708 = DIRECTION ( 'NONE',  ( -0.9284766908852593037, 0.3713906763541037215, -0.0000000000000000000 ) ) ;
#4709 = CARTESIAN_POINT ( 'NONE',  ( 0.8000009400000001047, -0.7799984400000000706, 0.0000000000000000000 ) ) ;
#4710 = EDGE_CURVE ( 'NONE', #9129, #4594, #1875, .T. ) ;
#4711 = FACE_OUTER_BOUND ( 'NONE', #2014, .T. ) ;
#4712 = PRODUCT_DEFINITION_SHAPE ( 'NONE', 'NONE',  #8708 ) ;
#4713 = LINE ( 'NONE', #3839, #191 ) ;
#4714 = VECTOR ( 'NONE', #4873, 1000.000000000000000 ) ;
#4715 = ORIENTED_EDGE ( 'NONE', *, *, #6047, .F. ) ;
#4716 = EDGE_CURVE ( 'NONE', #2880, #55, #4679, .T. ) ;
#4717 = DIRECTION ( 'NONE',  ( 0.0000000000000000000, -0.0000000000000000000, 1.000000000000000000 ) ) ;
#4718 = EDGE_CURVE ( 'NONE', #448, #1017, #6280, .T. ) ;
#4719 = DIRECTION ( 'NONE',  ( 0.0000000000000000000, 0.0000000000000000000, 1.000000000000000000 ) ) ;
#4720 = ORIENTED_EDGE ( 'NONE', *, *, #6680, .T. ) ;
#4721 = DIRECTION ( 'NONE',  ( -0.9805902541527398153, 0.1960682367459480047, -0.0000000000000000000 ) ) ;
#4722 = DIRECTION ( 'NONE',  ( 0.9486832980505138790, -0.3162277660168379412, -0.0000000000000000000 ) ) ;
#4723 = ORIENTED_EDGE ( 'NONE', *, *, #9491, .T. ) ;
#4724 = CARTESIAN_POINT ( 'NONE',  ( -0.02999994000001000166, 0.2000021399999999949, 0.0000000000000000000 ) ) ;
#4725 = VECTOR ( 'NONE', #7010, 1000.000000000000000 ) ;
#4726 = EDGE_CURVE ( 'NONE', #3020, #7590, #1739, .T. ) ;
#4727 = PRESENTATION_LAYER_ASSIGNMENT (  '', '', ( #7661 ) ) ;
#4728 =( GEOMETRIC_REPRESENTATION_CONTEXT ( 3 ) GLOBAL_UNCERTAINTY_ASSIGNED_CONTEXT ( ( #219 ) ) GLOBAL_UNIT_ASSIGNED_CONTEXT ( ( #2223, #5913, #8850 ) ) REPRESENTATION_CONTEXT ( 'NONE', 'WORKASPACE' ) );
#4729 = DIRECTION ( 'NONE',  ( 1.000000000000000000, 0.0000000000000000000, 0.0000000000000000000 ) ) ;
#4730 = ORIENTED_EDGE ( 'NONE', *, *, #7225, .F. ) ;
#4731 = CARTESIAN_POINT ( 'NONE',  ( 0.1299997400000000025, 0.1800021800000000394, 0.0000000000000000000 ) ) ;
#4732 = ADVANCED_FACE ( 'NONE', ( #4822 ), #7634, .T. ) ;
#4733 = SURFACE_STYLE_FILL_AREA ( #1004 ) ;
#4734 = VERTEX_POINT ( 'NONE', #6136 ) ;
#4735 = FACE_OUTER_BOUND ( 'NONE', #1551, .T. ) ;
#4736 = SURFACE_SIDE_STYLE ('',( #326 ) ) ;
#4737 = PRODUCT_DEFINITION_SHAPE ( 'NONE', 'NONE',  #9544 ) ;
#4738 = AXIS2_PLACEMENT_3D ( 'NONE', #1533, #7474, #788 ) ;
#4739 = VERTEX_POINT ( 'NONE', #7063 ) ;
#4740 = PRODUCT_DEFINITION_FORMATION_WITH_SPECIFIED_SOURCE ( 'ANY', '', #3382, .NOT_KNOWN. ) ;
#4741 = DIRECTION ( 'NONE',  ( -0.5999999999999999778, -0.8000000000000000444, -0.0000000000000000000 ) ) ;
#4742 = VERTEX_POINT ( 'NONE', #1200 ) ;
#4743 = DIRECTION ( 'NONE',  ( 0.0000000000000000000, 0.0000000000000000000, -1.000000000000000000 ) ) ;
#4744 = VECTOR ( 'NONE', #1680, 1000.000000000000114 ) ;
#4745 = CARTESIAN_POINT ( 'NONE',  ( 0.0000000000000000000, 0.0000000000000000000, 0.0000000000000000000 ) ) ;
#4746 = ORIENTED_EDGE ( 'NONE', *, *, #872, .F. ) ;
#4747 =( NAMED_UNIT ( * ) SI_UNIT ( $, .STERADIAN. ) SOLID_ANGLE_UNIT ( ) );
#4748 = CARTESIAN_POINT ( 'NONE',  ( -0.1299997400000000025, 0.1300022800000000256, 0.01000000000000000194 ) ) ;
#4749 = VERTEX_POINT ( 'NONE', #6326 ) ;
#4750 = AXIS2_PLACEMENT_3D ( 'NONE', #5412, #4780, #6182 ) ;
#4751 = CARTESIAN_POINT ( 'NONE',  ( -0.1549984199999999979, -0.2199995600000000107, 0.0000000000000000000 ) ) ;
#4752 = VERTEX_POINT ( 'NONE', #7686 ) ;
#4753 =( NAMED_UNIT ( * ) SI_UNIT ( $, .STERADIAN. ) SOLID_ANGLE_UNIT ( ) );
#4754 = DIRECTION ( 'NONE',  ( 0.3162277660171379789, -0.9486832980504138479, 0.0000000000000000000 ) ) ;
#4755 = ORIENTED_EDGE ( 'NONE', *, *, #296, .T. ) ;
#4756 = LINE ( 'NONE', #4897, #8415 ) ;
#4757 = CARTESIAN_POINT ( 'NONE',  ( -0.02999994000001000166, 0.2000021399999999949, 0.0000000000000000000 ) ) ;
#4758 = CARTESIAN_POINT ( 'NONE',  ( 0.0000000000000000000, 0.0000000000000000000, 0.09651999999999999469 ) ) ;
#4759 = DIRECTION ( 'NONE',  ( -1.000000000000000000, -0.0000000000000000000, 0.0000000000000000000 ) ) ;
#4760 = MANIFOLD_SOLID_BREP ( 'Imported1', #516 ) ;
#4761 = ADVANCED_FACE ( 'NONE', ( #5753 ), #6968, .T. ) ;
#4762 = EDGE_LOOP ( 'NONE', ( #5149, #1371, #8860, #3258 ) ) ;
#4763 = CARTESIAN_POINT ( 'NONE',  ( 0.08999981999999999427, 0.1450009800000000015, 0.0000000000000000000 ) ) ;
#4764 = SURFACE_STYLE_FILL_AREA ( #6169 ) ;
#4765 = ORIENTED_EDGE ( 'NONE', *, *, #472, .F. ) ;
#4766 = DIRECTION ( 'NONE',  ( 1.000000000000000000, 0.0000000000000000000, -0.0000000000000000000 ) ) ;
#4767 = DIRECTION ( 'NONE',  ( 1.000000000000000000, 0.0000000000000000000, 0.0000000000000000000 ) ) ;
#4768 = ORIENTED_EDGE ( 'NONE', *, *, #8327, .F. ) ;
#4769 = CARTESIAN_POINT ( 'NONE',  ( 0.09000236000000000347, -0.1449984400000000340, 0.0000000000000000000 ) ) ;
#4770 = EDGE_CURVE ( 'NONE', #5380, #2350, #2684, .T. ) ;
#4771 = EDGE_CURVE ( 'NONE', #7962, #6709, #1390, .T. ) ;
#4772 = CONTEXT_DEPENDENT_SHAPE_REPRESENTATION ( #2439, #2085 ) ;
#4773 = CARTESIAN_POINT ( 'NONE',  ( -0.03999991999999991804, 0.2200021000000000337, 0.01000000000000000021 ) ) ;
#4774 =( NAMED_UNIT ( * ) SI_UNIT ( $, .STERADIAN. ) SOLID_ANGLE_UNIT ( ) );
#4775 = EDGE_CURVE ( 'NONE', #1289, #7022, #5654, .T. ) ;
#4776 = VERTEX_POINT ( 'NONE', #661 ) ;
#4777 = AXIS2_PLACEMENT_3D ( 'NONE', #5159, #8110, #7617 ) ;
#4778 =( LENGTH_UNIT ( ) NAMED_UNIT ( * ) SI_UNIT ( .MILLI., .METRE. ) );
#4779 = ORIENTED_EDGE ( 'NONE', *, *, #800, .F. ) ;
#4780 = DIRECTION ( 'NONE',  ( 0.0000000000000000000, -1.000000000000000000, 0.0000000000000000000 ) ) ;
#4781 =( LENGTH_UNIT ( ) NAMED_UNIT ( * ) SI_UNIT ( .MILLI., .METRE. ) );
#4782 = AXIS2_PLACEMENT_3D ( 'NONE', #9242, #2620, #5588 ) ;
#4783 = ADVANCED_FACE ( 'NONE', ( #4281 ), #8600, .T. ) ;
#4784 = VECTOR ( 'NONE', #3345, 999.9999999999998863 ) ;
#4785 = EDGE_CURVE ( 'NONE', #8408, #6302, #2736, .T. ) ;
#4786 = EDGE_LOOP ( 'NONE', ( #2361, #4910, #916, #6808 ) ) ;
#4787 = FACE_OUTER_BOUND ( 'NONE', #1874, .T. ) ;
#4788 = ORIENTED_EDGE ( 'NONE', *, *, #5842, .T. ) ;
#4789 = PRODUCT_DEFINITION_CONTEXT ( 'detailed design', #3426, 'design' ) ;
#4790 = LINE ( 'NONE', #6885, #9210 ) ;
#4791 =( GEOMETRIC_REPRESENTATION_CONTEXT ( 3 ) GLOBAL_UNCERTAINTY_ASSIGNED_CONTEXT ( ( #313 ) ) GLOBAL_UNIT_ASSIGNED_CONTEXT ( ( #2926, #5312, #903 ) ) REPRESENTATION_CONTEXT ( 'NONE', 'WORKASPACE' ) );
#4792 = APPLICATION_PROTOCOL_DEFINITION ( 'draft international standard', 'automotive_design', 1998, #8451 ) ;
#4793 = ORIENTED_EDGE ( 'NONE', *, *, #6372, .T. ) ;
#4794 = PRODUCT_DEFINITION_SHAPE ( 'NONE', 'NONE',  #5711 ) ;
#4795 = CARTESIAN_POINT ( 'NONE',  ( 0.09999979999999000779, 0.01999995999999000171, 0.0000000000000000000 ) ) ;
#4796 = VECTOR ( 'NONE', #9021, 1000.000000000000000 ) ;
#4797 = DIRECTION ( 'NONE',  ( -1.000000000000000000, -0.0000000000000000000, 0.0000000000000000000 ) ) ;
#4798 = VERTEX_POINT ( 'NONE', #6524 ) ;
#4799 = PRESENTATION_LAYER_ASSIGNMENT (  '', '', ( #4635 ) ) ;
#4800 = APPLICATION_CONTEXT ( 'automotive_design' ) ;
#4801 = ORIENTED_EDGE ( 'NONE', *, *, #6873, .T. ) ;
#4802 = LINE ( 'NONE', #9231, #5337 ) ;
#4803 = ORIENTED_EDGE ( 'NONE', *, *, #5787, .T. ) ;
#4804 = CARTESIAN_POINT ( 'NONE',  ( -0.09999980000001000568, -0.2199995600000000107, 0.0000000000000000000 ) ) ;
#4805 = CARTESIAN_POINT ( 'NONE',  ( -0.1549984199999999979, 0.2200021000000000337, 0.0000000000000000000 ) ) ;
#4806 =( GEOMETRIC_REPRESENTATION_CONTEXT ( 3 ) GLOBAL_UNCERTAINTY_ASSIGNED_CONTEXT ( ( #3293 ) ) GLOBAL_UNIT_ASSIGNED_CONTEXT ( ( #6994, #1030, #881 ) ) REPRESENTATION_CONTEXT ( 'NONE', 'WORKASPACE' ) );
#4807 = CARTESIAN_POINT ( 'NONE',  ( 0.1400022599999999895, 0.1200023000000000201, 0.01000000000000000021 ) ) ;
#4808 = LINE ( 'NONE', #7758, #2271 ) ;
#4809 = CARTESIAN_POINT ( 'NONE',  ( -0.1499996999999970160, -0.02499867999999999535, 0.0000000000000000000 ) ) ;
#4810 = VECTOR ( 'NONE', #9389, 1000.000000000000000 ) ;
#4811 = VERTEX_POINT ( 'NONE', #7206 ) ;
#4812 = CARTESIAN_POINT ( 'NONE',  ( -0.02999994000001000166, 0.2000021399999999949, 0.0000000000000000000 ) ) ;
#4813 = VERTEX_POINT ( 'NONE', #6428 ) ;
#4814 = DIRECTION ( 'NONE',  ( 0.0000000000000000000, -0.0000000000000000000, -1.000000000000000000 ) ) ;
#4815 = DIRECTION ( 'NONE',  ( 0.0000000000000000000, -0.0000000000000000000, 1.000000000000000000 ) ) ;
#4816 = ORIENTED_EDGE ( 'NONE', *, *, #9028, .T. ) ;
#4817 = DIRECTION ( 'NONE',  ( -0.0000000000000000000, -0.0000000000000000000, -1.000000000000000000 ) ) ;
#4818 = PRODUCT_DEFINITION ( 'UNKNOWN', '', #4259, #4169 ) ;
#4819 = CONTEXT_DEPENDENT_SHAPE_REPRESENTATION ( #1957, #5571 ) ;
#4820 = CARTESIAN_POINT ( 'NONE',  ( 0.2149983000000000033, 0.2149983000000000033, 0.02000000000000000042 ) ) ;
#4821 = ORIENTED_EDGE ( 'NONE', *, *, #6248, .T. ) ;
#4822 = FACE_OUTER_BOUND ( 'NONE', #6465, .T. ) ;
#4823 = ORIENTED_EDGE ( 'NONE', *, *, #6619, .T. ) ;
#4824 = DIRECTION ( 'NONE',  ( -0.0000000000000000000, 0.0000000000000000000, -1.000000000000000000 ) ) ;
#4825 = VECTOR ( 'NONE', #2295, 1000.000000000000000 ) ;
#4826 = EDGE_CURVE ( 'NONE', #6544, #1404, #9490, .T. ) ;
#4827 = EDGE_CURVE ( 'NONE', #5500, #185, #9443, .T. ) ;
#4828 = ORIENTED_EDGE ( 'NONE', *, *, #8220, .F. ) ;
#4829 = LINE ( 'NONE', #9170, #9181 ) ;
#4830 = ORIENTED_EDGE ( 'NONE', *, *, #5673, .T. ) ;
#4831 = DIRECTION ( 'NONE',  ( -0.7071292308026647655, -0.7070843308576648667, 0.0000000000000000000 ) ) ;
#4832 = PRODUCT_CONTEXT ( 'NONE', #2190, 'mechanical' ) ;
#4833 = EDGE_CURVE ( 'NONE', #5940, #42, #5705, .T. ) ;
#4834 = VERTEX_POINT ( 'NONE', #2150 ) ;
#4835 = DIRECTION ( 'NONE',  ( 0.0000000000000000000, 0.0000000000000000000, 1.000000000000000000 ) ) ;
#4836 = ADVANCED_FACE ( 'NONE', ( #1438 ), #9305, .T. ) ;
#4837 = ORIENTED_EDGE ( 'NONE', *, *, #7023, .T. ) ;
#4838 = VECTOR ( 'NONE', #3263, 1000.000000000000114 ) ;
#4839 = DIRECTION ( 'NONE',  ( -0.3162277660171379234, 0.9486832980504137369, 0.0000000000000000000 ) ) ;
#4840 = VECTOR ( 'NONE', #1317, 1000.000000000000000 ) ;
#4841 = ORIENTED_EDGE ( 'NONE', *, *, #5195, .T. ) ;
#4842 = DIRECTION ( 'NONE',  ( -0.0000000000000000000, 0.0000000000000000000, -1.000000000000000000 ) ) ;
#4843 = DIRECTION ( 'NONE',  ( 0.0000000000000000000, 0.0000000000000000000, 1.000000000000000000 ) ) ;
#4844 = ADVANCED_FACE ( 'NONE', ( #9398 ), #1971, .T. ) ;
#4845 = DIRECTION ( 'NONE',  ( 0.0000000000000000000, -1.000000000000000000, 0.0000000000000000000 ) ) ;
#4846 = DIRECTION ( 'NONE',  ( -1.000000000000000000, -0.0000000000000000000, -0.0000000000000000000 ) ) ;
#4847 = FACE_OUTER_BOUND ( 'NONE', #3894, .T. ) ;
#4848 = LINE ( 'NONE', #9334, #3924 ) ;
#4849 = DIRECTION ( 'NONE',  ( -0.7071067811865474617, -0.7071067811865474617, 0.0000000000000000000 ) ) ;
#4850 = APPLICATION_CONTEXT ( 'automotive_design' ) ;
#4851 = LINE ( 'NONE', #7858, #6381 ) ;
#4852 = SHAPE_REPRESENTATION ( 'User Library-QFN-20_Cylinder1', ( #2951 ), #5576 ) ;
#4853 = AXIS2_PLACEMENT_3D ( 'NONE', #5393, #1720, #4657 ) ;
#4854 =( REPRESENTATION_RELATIONSHIP ('NONE','NONE', #4656, #6586 ) REPRESENTATION_RELATIONSHIP_WITH_TRANSFORMATION ( #6611 )SHAPE_REPRESENTATION_RELATIONSHIP( ) );
#4855 = VECTOR ( 'NONE', #2384, 1000.000000000000114 ) ;
#4856 = VERTEX_POINT ( 'NONE', #2015 ) ;
#4857 = UNCERTAINTY_MEASURE_WITH_UNIT (LENGTH_MEASURE( 1.000000000000000082E-05 ), #7381, 'distance_accuracy_value', 'NONE');
#4858 = ORIENTED_EDGE ( 'NONE', *, *, #6327, .F. ) ;
#4859 = DIRECTION ( 'NONE',  ( 0.9486832980504137369, 0.3162277660171379234, 0.0000000000000000000 ) ) ;
#4860 = LINE ( 'NONE', #7815, #4620 ) ;
#4861 = ORIENTED_EDGE ( 'NONE', *, *, #5383, .F. ) ;
#4862 = DIRECTION ( 'NONE',  ( 0.7071247410499597041, 0.7070888208669596775, 0.0000000000000000000 ) ) ;
#4863 = CARTESIAN_POINT ( 'NONE',  ( -0.7899984200000000900, -0.7899984200000000900, 0.02000000000000000042 ) ) ;
#4864 = VECTOR ( 'NONE', #6697, 1000.000000000000000 ) ;
#4865 = CONTEXT_DEPENDENT_SHAPE_REPRESENTATION ( #41, #546 ) ;
#4866 = FACE_OUTER_BOUND ( 'NONE', #1439, .T. ) ;
#4867 = PRODUCT_DEFINITION_SHAPE ( 'NONE', 'NONE',  #2088 ) ;
#4868 = ORIENTED_EDGE ( 'NONE', *, *, #4526, .F. ) ;
#4869 = ORIENTED_EDGE ( 'NONE', *, *, #2217, .F. ) ;
#4870 = PRESENTATION_LAYER_ASSIGNMENT (  '', '', ( #1325 ) ) ;
#4871 = PRODUCT_RELATED_PRODUCT_CATEGORY ( 'part', '', ( #6426 ) ) ;
#4872 = DIRECTION ( 'NONE',  ( 0.0000000000000000000, 0.0000000000000000000, 1.000000000000000000 ) ) ;
#4873 = DIRECTION ( 'NONE',  ( -0.0000000000000000000, -0.0000000000000000000, -1.000000000000000000 ) ) ;
#4874 = AXIS2_PLACEMENT_3D ( 'NONE', #6731, #8901, #9030 ) ;
#4875 = VECTOR ( 'NONE', #8018, 1000.000000000000000 ) ;
#4876 = CARTESIAN_POINT ( 'NONE',  ( 0.03999992000000000131, -0.1599996800000000052, 0.01000000000000000021 ) ) ;
#4877 = COLOUR_RGB ( '',1.000000000000000000, 1.000000000000000000, 1.000000000000000000 ) ;
#4878 = ORIENTED_EDGE ( 'NONE', *, *, #4309, .F. ) ;
#4879 = DIRECTION ( 'NONE',  ( 0.8320502943379975980, 0.5547001962249983320, 0.0000000000000000000 ) ) ;
#4880 = VERTEX_POINT ( 'NONE', #565 ) ;
#4881 = EDGE_CURVE ( 'NONE', #9072, #1189, #3511, .T. ) ;
#4882 = PRODUCT_DEFINITION_CONTEXT ( 'detailed design', #3807, 'design' ) ;
#4883 = FACE_OUTER_BOUND ( 'NONE', #3324, .T. ) ;
#4884 = AXIS2_PLACEMENT_3D ( 'NONE', #6640, #3042, #8182 ) ;
#4885 = ORIENTED_EDGE ( 'NONE', *, *, #7499, .T. ) ;
#4886 = CARTESIAN_POINT ( 'NONE',  ( -0.08999982000000000815, -0.1799996399999999608, 0.01000000000000000021 ) ) ;
#4887 = VERTEX_POINT ( 'NONE', #8776 ) ;
#4888 = CARTESIAN_POINT ( 'NONE',  ( 0.07500111999999269086, -0.1599996799999779951, 0.0000000000000000000 ) ) ;
#4889 = EDGE_CURVE ( 'NONE', #6271, #2793, #4380, .T. ) ;
#4890 = EDGE_CURVE ( 'NONE', #3620, #5282, #4614, .T. ) ;
#4891 = CARTESIAN_POINT ( 'NONE',  ( -0.1149985000000000035, -0.2199995600000000107, 0.01000000000000000021 ) ) ;
#4892 = ORIENTED_EDGE ( 'NONE', *, *, #4067, .F. ) ;
#4893 = VECTOR ( 'NONE', #1505, 1000.000000000000000 ) ;
#4894 = ADVANCED_FACE ( 'NONE', ( #6759 ), #5936, .T. ) ;
#4895 = DIRECTION ( 'NONE',  ( 1.000000000000000000, 0.0000000000000000000, 0.0000000000000000000 ) ) ;
#4896 = CARTESIAN_POINT ( 'NONE',  ( -0.01999742000000003309, -0.1749983799999999812, 0.02000000000000000389 ) ) ;
#4897 = CARTESIAN_POINT ( 'NONE',  ( 0.03500120000000000314, -0.2199995600000000107, 0.0000000000000000000 ) ) ;
#4898 = ITEM_DEFINED_TRANSFORMATION ( 'NONE', 'NONE', #154,  #2951 ) ;
#4899 = DIRECTION ( 'NONE',  ( 0.1961161351379917261, -0.9805806756909586364, 0.0000000000000000000 ) ) ;
#4900 = LINE ( 'NONE', #440, #1919 ) ;
#4901 = FACE_OUTER_BOUND ( 'NONE', #7838, .T. ) ;
#4902 = AXIS2_PLACEMENT_3D ( 'NONE', #1183, #94, #8792 ) ;
#4903 = EDGE_CURVE ( 'NONE', #4280, #6387, #3841, .T. ) ;
#4904 = DIRECTION ( 'NONE',  ( -0.9615239476409362940, -0.2747211278969818316, 0.0000000000000000000 ) ) ;
#4905 = SHAPE_REPRESENTATION_RELATIONSHIP ( 'NONE' , 'NONE' ,  #2003, #6491 ) ;
#4906 = VERTEX_POINT ( 'NONE', #8206 ) ;
#4907 = EDGE_CURVE ( 'NONE', #9264, #2320, #8924, .T. ) ;
#4908 = CARTESIAN_POINT ( 'NONE',  ( -0.1499997000000000136, -0.1749983800000000089, 0.0000000000000000000 ) ) ;
#4909 = SURFACE_SIDE_STYLE ('',( #5781 ) ) ;
#4910 = ORIENTED_EDGE ( 'NONE', *, *, #2168, .T. ) ;
#4911 = LINE ( 'NONE', #7765, #535 ) ;
#4912 = CARTESIAN_POINT ( 'NONE',  ( -0.07999984000001293671, -0.1799996399999870544, 0.0000000000000000000 ) ) ;
#4913 = ORIENTED_EDGE ( 'NONE', *, *, #3870, .T. ) ;
#4914 = PLANE ( 'NONE',  #9163 ) ;
#4915 = DIRECTION ( 'NONE',  ( -0.5491751032048892700, 0.8357073088228313962, -0.0000000000000000000 ) ) ;
#4916 = ORIENTED_EDGE ( 'NONE', *, *, #8621, .F. ) ;
#4917 = EDGE_CURVE ( 'NONE', #323, #3513, #27, .T. ) ;
#4918 = CONTEXT_DEPENDENT_SHAPE_REPRESENTATION ( #7031, #8730 ) ;
#4919 = CARTESIAN_POINT ( 'NONE',  ( -0.1399971799999963906, -0.08499855999998483236, 0.0000000000000000000 ) ) ;
#4920 =( NAMED_UNIT ( * ) SI_UNIT ( $, .STERADIAN. ) SOLID_ANGLE_UNIT ( ) );
#4921 = ORIENTED_EDGE ( 'NONE', *, *, #2101, .T. ) ;
#4922 =( NAMED_UNIT ( * ) SI_UNIT ( $, .STERADIAN. ) SOLID_ANGLE_UNIT ( ) );
#4923 = VERTEX_POINT ( 'NONE', #8301 ) ;
#4924 = CARTESIAN_POINT ( 'NONE',  ( -0.08999981999998923898, 0.1450009799999892601, 0.0000000000000000000 ) ) ;
#4925 = CARTESIAN_POINT ( 'NONE',  ( 0.8300008799999930575, -0.7399985199999988827, 0.02000000000000000736 ) ) ;
#4926 = APPLICATION_CONTEXT ( 'automotive_design' ) ;
#4927 =( GEOMETRIC_REPRESENTATION_CONTEXT ( 3 ) GLOBAL_UNCERTAINTY_ASSIGNED_CONTEXT ( ( #3510 ) ) GLOBAL_UNIT_ASSIGNED_CONTEXT ( ( #8442, #9099, #6120 ) ) REPRESENTATION_CONTEXT ( 'NONE', 'WORKASPACE' ) );
#4928 = LINE ( 'NONE', #5077, #5468 ) ;
#4929 = ORIENTED_EDGE ( 'NONE', *, *, #5519, .F. ) ;
#4930 = CARTESIAN_POINT ( 'NONE',  ( 0.1599996800000000052, -0.2099995800000000190, 0.01000000000000000021 ) ) ;
#4931 =( NAMED_UNIT ( * ) SI_UNIT ( $, .STERADIAN. ) SOLID_ANGLE_UNIT ( ) );
#4932 = LINE ( 'NONE', #1155, #8147 ) ;
#4933 = SHAPE_DEFINITION_REPRESENTATION ( #3150, #2669 ) ;
#4934 = ORIENTED_EDGE ( 'NONE', *, *, #6083, .T. ) ;
#4935 = CARTESIAN_POINT ( 'NONE',  ( -0.2149983000000000033, 0.2149983000000000033, 0.0000000000000000000 ) ) ;
#4936 = ORIENTED_EDGE ( 'NONE', *, *, #7736, .F. ) ;
#4937 = VECTOR ( 'NONE', #7391, 1000.000000000000000 ) ;
#4938 = PRODUCT_DEFINITION ( 'UNKNOWN', '', #102, #6237 ) ;
#4939 = DIRECTION ( 'NONE',  ( 0.9805902541527279359, -0.1960682367460072628, 0.0000000000000000000 ) ) ;
#4940 = EDGE_LOOP ( 'NONE', ( #322, #300, #8368, #1915, #7404, #1862, #950, #4426, #9052, #5782 ) ) ;
#4941 = STYLED_ITEM ( 'NONE', ( #7922 ), #6951 ) ;
#4942 = PRESENTATION_STYLE_ASSIGNMENT (( #8525 ) ) ;
#4943 = DIRECTION ( 'NONE',  ( 1.000000000000000000, 0.0000000000000000000, 0.0000000000000000000 ) ) ;
#4944 = VECTOR ( 'NONE', #6160, 1000.000000000000000 ) ;
#4945 = PLANE ( 'NONE',  #3451 ) ;
#4946 = CARTESIAN_POINT ( 'NONE',  ( 0.1299997400000000025, 0.1800021800000000394, 0.0000000000000000000 ) ) ;
#4947 = CARTESIAN_POINT ( 'NONE',  ( -0.1349984600000000146, -0.1299972000000000072, 0.0000000000000000000 ) ) ;
#4948 = EDGE_CURVE ( 'NONE', #3421, #3398, #4471, .T. ) ;
#4949 = EDGE_CURVE ( 'NONE', #8632, #4074, #78, .T. ) ;
#4950 = CARTESIAN_POINT ( 'NONE',  ( 0.005001260000000000427, 0.2200021000000000060, 0.0000000000000000000 ) ) ;
#4951 = DIRECTION ( 'NONE',  ( 0.0000000000000000000, -0.0000000000000000000, -1.000000000000000000 ) ) ;
#4952 = PRODUCT_DEFINITION_SHAPE ( 'NONE', 'NONE',  #9506 ) ;
#4953 = EDGE_CURVE ( 'NONE', #4498, #5820, #2965, .T. ) ;
#4954 = VECTOR ( 'NONE', #670, 1000.000000000000000 ) ;
#4955 = CARTESIAN_POINT ( 'NONE',  ( 0.6800011799999999829, -0.8499983000000000954, 0.0000000000000000000 ) ) ;
#4956 = ORIENTED_EDGE ( 'NONE', *, *, #3461, .T. ) ;
#4957 = PRODUCT_DEFINITION_CONTEXT ( 'detailed design', #8081, 'design' ) ;
#4958 = LINE ( 'NONE', #8587, #4463 ) ;
#4959 =( LENGTH_UNIT ( ) NAMED_UNIT ( * ) SI_UNIT ( .MILLI., .METRE. ) );
#4960 = ORIENTED_EDGE ( 'NONE', *, *, #5321, .T. ) ;
#4961 = FACE_OUTER_BOUND ( 'NONE', #1265, .T. ) ;
#4962 = PRODUCT ( 'User Library-QFN-20_479709777', 'User Library-QFN-20_479709777', '', ( #2505 ) ) ;
#4963 = CARTESIAN_POINT ( 'NONE',  ( -0.09999980000001000568, -0.2199995600000000107, 0.0000000000000000000 ) ) ;
#4964 = EDGE_LOOP ( 'NONE', ( #4518, #8607, #1842, #2897 ) ) ;
#4965 = ADVANCED_FACE ( 'NONE', ( #1582 ), #5885, .T. ) ;
#4966 = CARTESIAN_POINT ( 'NONE',  ( 0.1199997600000020231, 0.04000245999999897661, 0.0000000000000000000 ) ) ;
#4967 = LINE ( 'NONE', #7150, #8754 ) ;
#4968 = ADVANCED_FACE ( 'NONE', ( #794 ), #126, .T. ) ;
#4969 = AXIS2_PLACEMENT_3D ( 'NONE', #1991, #4843, #8665 ) ;
#4970 = ITEM_DEFINED_TRANSFORMATION ( 'NONE', 'NONE', #8900,  #6814 ) ;
#4971 = EDGE_LOOP ( 'NONE', ( #7457, #7108, #2726, #8017 ) ) ;
#4972 = UNCERTAINTY_MEASURE_WITH_UNIT (LENGTH_MEASURE( 1.000000000000000082E-05 ), #1523, 'distance_accuracy_value', 'NONE');
#4973 = CARTESIAN_POINT ( 'NONE',  ( 0.07500112000000315471, -0.1399971800000094913, 0.0000000000000000000 ) ) ;
#4974 = DIRECTION ( 'NONE',  ( 0.0000000000000000000, 0.0000000000000000000, 1.000000000000000000 ) ) ;
#4975 = ORIENTED_EDGE ( 'NONE', *, *, #4833, .F. ) ;
#4976 = LINE ( 'NONE', #9307, #3290 ) ;
#4977 = VECTOR ( 'NONE', #4899, 1000.000000000000000 ) ;
#4978 = EDGE_CURVE ( 'NONE', #6884, #1606, #3747, .T. ) ;
#4979 = CARTESIAN_POINT ( 'NONE',  ( -1.499999539999999909, -1.499999539999999909, 0.0000000000000000000 ) ) ;
#4980 = CARTESIAN_POINT ( 'NONE',  ( 0.1150010399999922134, -0.01999742000000689218, 0.01000000000000000021 ) ) ;
#4981 = EDGE_LOOP ( 'NONE', ( #9480, #2913, #6 ) ) ;
#4982 = CARTESIAN_POINT ( 'NONE',  ( -0.09999980000001000568, 0.1800021800000000671, 0.01000000000000000021 ) ) ;
#4983 = DIRECTION ( 'NONE',  ( 0.0000000000000000000, 0.0000000000000000000, 1.000000000000000000 ) ) ;
#4984 = VERTEX_POINT ( 'NONE', #5988 ) ;
#4985 = FACE_OUTER_BOUND ( 'NONE', #7377, .T. ) ;
#4986 = CARTESIAN_POINT ( 'NONE',  ( 0.05000244000000000216, -0.009997440000006000207, 0.0000000000000000000 ) ) ;
#4987 = APPLICATION_PROTOCOL_DEFINITION ( 'draft international standard', 'automotive_design', 1998, #4608 ) ;
#4988 = APPLICATION_CONTEXT ( 'automotive_design' ) ;
#4989 = CARTESIAN_POINT ( 'NONE',  ( 0.6800011800000007600, -0.8499982999999966538, 0.0000000000000000000 ) ) ;
#4990 = ORIENTED_EDGE ( 'NONE', *, *, #5266, .T. ) ;
#4991 = DIRECTION ( 'NONE',  ( -0.9863927951833045826, -0.1644057590550507542, 0.0000000000000000000 ) ) ;
#4992 = ORIENTED_EDGE ( 'NONE', *, *, #1226, .F. ) ;
#4993 = AXIS2_PLACEMENT_3D ( 'NONE', #6990, #7847, #5480 ) ;
#4994 = LINE ( 'NONE', #8847, #4246 ) ;
#4995 = CARTESIAN_POINT ( 'NONE',  ( 0.5200015000000000054, -0.04500118000000000174, 0.01270000000000000122 ) ) ;
#4996 = FACE_OUTER_BOUND ( 'NONE', #6592, .T. ) ;
#4997 = PRODUCT_DEFINITION ( 'UNKNOWN', '', #8444, #7787 ) ;
#4998 = PLANE ( 'NONE',  #7594 ) ;
#4999 = CARTESIAN_POINT ( 'NONE',  ( 0.1550009599999999932, -0.01999742000001000081, 0.0000000000000000000 ) ) ;
#5000 = VECTOR ( 'NONE', #1073, 1000.000000000000000 ) ;
#5001 = AXIS2_PLACEMENT_3D ( 'NONE', #3368, #7700, #479 ) ;
#5002 = CARTESIAN_POINT ( 'NONE',  ( 0.06500113999999000691, 0.1600022200000000006, 0.01000000000000000021 ) ) ;
#5003 = ORIENTED_EDGE ( 'NONE', *, *, #2636, .F. ) ;
#5004 = CARTESIAN_POINT ( 'NONE',  ( 0.1750009200000000043, -0.1499997000000000136, 0.02000000000000000042 ) ) ;
#5005 = VECTOR ( 'NONE', #8883, 1000.000000000000000 ) ;
#5006 = DIRECTION ( 'NONE',  ( 1.000000000000000000, 0.0000000000000000000, 0.0000000000000000000 ) ) ;
#5007 = ORIENTED_EDGE ( 'NONE', *, *, #7916, .T. ) ;
#5008 = EDGE_CURVE ( 'NONE', #8063, #5447, #7481, .T. ) ;
#5009 = DIRECTION ( 'NONE',  ( -0.6401843996643814538, -0.7682212795974577846, 0.0000000000000000000 ) ) ;
#5010 = FACE_OUTER_BOUND ( 'NONE', #8764, .T. ) ;
#5011 = ORIENTED_EDGE ( 'NONE', *, *, #7237, .F. ) ;
#5012 = DIRECTION ( 'NONE',  ( -0.0000000000000000000, -0.0000000000000000000, -1.000000000000000000 ) ) ;
#5013 = LINE ( 'NONE', #4863, #3175 ) ;
#5014 = VECTOR ( 'NONE', #5644, 999.9999999999998863 ) ;
#5015 = DIRECTION ( 'NONE',  ( 0.5547001962252290364, 0.8320502943378437211, 0.0000000000000000000 ) ) ;
#5016 = VECTOR ( 'NONE', #5302, 1000.000000000000114 ) ;
#5017 = EDGE_CURVE ( 'NONE', #8747, #323, #3109, .T. ) ;
#5018 = EDGE_CURVE ( 'NONE', #3206, #1289, #1630, .T. ) ;
#5019 = DIRECTION ( 'NONE',  ( -0.7071011685377726064, -0.7071123937907726198, -0.0000000000000000000 ) ) ;
#5020 = EDGE_LOOP ( 'NONE', ( #2770, #4723 ) ) ;
#5021 = ORIENTED_EDGE ( 'NONE', *, *, #7228, .T. ) ;
#5022 = EDGE_CURVE ( 'NONE', #3965, #4880, #6806, .T. ) ;
#5023 = LINE ( 'NONE', #7876, #1463 ) ;
#5024 = VECTOR ( 'NONE', #6999, 1000.000000000000000 ) ;
#5025 = MECHANICAL_DESIGN_GEOMETRIC_PRESENTATION_REPRESENTATION (  '', ( #3153 ), #9331 ) ;
#5026 = APPLICATION_PROTOCOL_DEFINITION ( 'draft international standard', 'automotive_design', 1998, #834 ) ;
#5027 = EDGE_CURVE ( 'NONE', #1014, #5125, #4424, .T. ) ;
#5028 = DIRECTION ( 'NONE',  ( -0.7070843308577599018, 0.7071292308025697304, 0.0000000000000000000 ) ) ;
#5029 = VERTEX_POINT ( 'NONE', #3649 ) ;
#5030 = PLANE ( 'NONE',  #2733 ) ;
#5031 = DIRECTION ( 'NONE',  ( 1.000000000000000000, 0.0000000000000000000, 0.0000000000000000000 ) ) ;
#5032 = VERTEX_POINT ( 'NONE', #8823 ) ;
#5033 = VECTOR ( 'NONE', #816, 1000.000000000000114 ) ;
#5034 = LINE ( 'NONE', #7988, #4164 ) ;
#5035 = LINE ( 'NONE', #1263, #7233 ) ;
#5036 = DIRECTION ( 'NONE',  ( -0.0000000000000000000, 0.0000000000000000000, -1.000000000000000000 ) ) ;
#5037 = PRODUCT_DEFINITION_SHAPE ( 'NONE', 'NONE',  #9510 ) ;
#5038 = CARTESIAN_POINT ( 'NONE',  ( -0.1749983800000000367, -0.1499997000000000136, 0.02000000000000000042 ) ) ;
#5039 = VECTOR ( 'NONE', #2814, 1000.000000000000000 ) ;
#5040 = EDGE_LOOP ( 'NONE', ( #8693, #7062, #3122, #953 ) ) ;
#5041 = EDGE_CURVE ( 'NONE', #5767, #1426, #5162, .T. ) ;
#5042 = LINE ( 'NONE', #7996, #7017 ) ;
#5043 = PRODUCT_DEFINITION_SHAPE ( 'NONE', 'NONE',  #2621 ) ;
#5044 = EDGE_LOOP ( 'NONE', ( #5570, #2151, #2311, #761 ) ) ;
#5045 = AXIS2_PLACEMENT_3D ( 'NONE', #1323, #4262, #4064 ) ;
#5046 = DIRECTION ( 'NONE',  ( 0.8944271909999158554, 0.4472135954999579277, 0.0000000000000000000 ) ) ;
#5047 = VECTOR ( 'NONE', #8163, 1000.000000000000227 ) ;
#5048 = DIRECTION ( 'NONE',  ( 1.000000000000000000, 0.0000000000000000000, 0.0000000000000000000 ) ) ;
#5049 = CARTESIAN_POINT ( 'NONE',  ( 0.1150010399999999988, 0.2200021000000000337, 0.0000000000000000000 ) ) ;
#5050 = DIRECTION ( 'NONE',  ( 0.2747211278969818871, 0.9615239476409364050, 0.0000000000000000000 ) ) ;
#5051 = DIRECTION ( 'NONE',  ( 0.0000000000000000000, -1.000000000000000000, -0.0000000000000000000 ) ) ;
#5052 = PRODUCT_DEFINITION_FORMATION_WITH_SPECIFIED_SOURCE ( 'ANY', '', #8898, .NOT_KNOWN. ) ;
#5053 = VECTOR ( 'NONE', #4223, 1000.000000000000000 ) ;
#5054 =( NAMED_UNIT ( * ) SI_UNIT ( $, .STERADIAN. ) SOLID_ANGLE_UNIT ( ) );
#5055 = ORIENTED_EDGE ( 'NONE', *, *, #1355, .F. ) ;
#5056 = UNCERTAINTY_MEASURE_WITH_UNIT (LENGTH_MEASURE( 1.000000000000000082E-05 ), #1972, 'distance_accuracy_value', 'NONE');
#5057 = DIRECTION ( 'NONE',  ( -1.000000000000000000, 0.0000000000000000000, 0.0000000000000000000 ) ) ;
#5058 = VERTEX_POINT ( 'NONE', #8395 ) ;
#5059 = CARTESIAN_POINT ( 'NONE',  ( -0.09999980000001000568, -0.01999996000001000307, 0.0000000000000000000 ) ) ;
#5060 = LINE ( 'NONE', #6467, #345 ) ;
#5061 = VERTEX_POINT ( 'NONE', #9053 ) ;
#5062 = VECTOR ( 'NONE', #1015, 999.9999999999998863 ) ;
#5063 = LINE ( 'NONE', #5107, #828 ) ;
#5064 = LINE ( 'NONE', #4372, #1499 ) ;
#5065 = ITEM_DEFINED_TRANSFORMATION ( 'NONE', 'NONE', #7576,  #2951 ) ;
#5066 = DIRECTION ( 'NONE',  ( -0.2169304578189737986, 0.9761870601838822381, 0.0000000000000000000 ) ) ;
#5067 = PRODUCT_DEFINITION ( 'UNKNOWN', '', #5985, #8562 ) ;
#5068 = VERTEX_POINT ( 'NONE', #4812 ) ;
#5069 = UNCERTAINTY_MEASURE_WITH_UNIT (LENGTH_MEASURE( 1.000000000000000082E-05 ), #4493, 'distance_accuracy_value', 'NONE');
#5070 = ORIENTED_EDGE ( 'NONE', *, *, #5560, .F. ) ;
#5071 = LINE ( 'NONE', #2914, #524 ) ;
#5072 = DIRECTION ( 'NONE',  ( 0.0000000000000000000, -0.0000000000000000000, 1.000000000000000000 ) ) ;
#5073 = EDGE_CURVE ( 'NONE', #2342, #2855, #3889, .T. ) ;
#5074 = ADVANCED_FACE ( 'NONE', ( #1773 ), #314, .T. ) ;
#5075 = APPLICATION_PROTOCOL_DEFINITION ( 'draft international standard', 'automotive_design', 1998, #2753 ) ;
#5076 = EDGE_CURVE ( 'NONE', #6062, #7997, #5448, .T. ) ;
#5077 = CARTESIAN_POINT ( 'NONE',  ( 0.03999992000000000131, 0.2000021399999999949, 0.01000000000000000021 ) ) ;
#5078 = ORIENTED_EDGE ( 'NONE', *, *, #7265, .F. ) ;
#5079 = CARTESIAN_POINT ( 'NONE',  ( 0.09500107999998999575, -0.1199972200000000155, 0.01000000000000000021 ) ) ;
#5080 = ORIENTED_EDGE ( 'NONE', *, *, #8345, .T. ) ;
#5081 = DIRECTION ( 'NONE',  ( -0.8944271909999159664, 0.4472135954999579832, 0.0000000000000000000 ) ) ;
#5082 = DIRECTION ( 'NONE',  ( 1.000000000000000000, -0.0000000000000000000, 0.0000000000000000000 ) ) ;
#5083 = DIRECTION ( 'NONE',  ( -0.3714313362427807963, 0.9284604258970342583, 0.0000000000000000000 ) ) ;
#5084 = EDGE_CURVE ( 'NONE', #996, #5234, #8536, .T. ) ;
#5085 = PLANE ( 'NONE',  #2673 ) ;
#5086 = EDGE_LOOP ( 'NONE', ( #7050, #159, #8371, #7673 ) ) ;
#5087 = EDGE_CURVE ( 'NONE', #1379, #9306, #358, .T. ) ;
#5088 = DIRECTION ( 'NONE',  ( 1.000000000000000000, 0.0000000000000000000, -0.0000000000000000000 ) ) ;
#5089 = ORIENTED_EDGE ( 'NONE', *, *, #6153, .T. ) ;
#5090 = PLANE ( 'NONE',  #7049 ) ;
#5091 =( GEOMETRIC_REPRESENTATION_CONTEXT ( 3 ) GLOBAL_UNCERTAINTY_ASSIGNED_CONTEXT ( ( #9489 ) ) GLOBAL_UNIT_ASSIGNED_CONTEXT ( ( #6757, #7294, #3599 ) ) REPRESENTATION_CONTEXT ( 'NONE', 'WORKASPACE' ) );
#5092 = CARTESIAN_POINT ( 'NONE',  ( 1.270000000000000018, -1.270000000000000018, 0.03269996000000000014 ) ) ;
#5093 = ORIENTED_EDGE ( 'NONE', *, *, #4595, .T. ) ;
#5094 = DIRECTION ( 'NONE',  ( 0.4472590307609816129, 0.8944044719268500199, 0.0000000000000000000 ) ) ;
#5095 = EDGE_CURVE ( 'NONE', #5365, #5856, #6857, .T. ) ;
#5096 = CARTESIAN_POINT ( 'NONE',  ( 0.1150010399999999988, 0.2200021000000000060, 0.0000000000000000000 ) ) ;
#5097 = ORIENTED_EDGE ( 'NONE', *, *, #5379, .T. ) ;
#5098 = VECTOR ( 'NONE', #8699, 1000.000000000000000 ) ;
#5099 = VECTOR ( 'NONE', #3440, 1000.000000000000000 ) ;
#5100 = EDGE_LOOP ( 'NONE', ( #9058, #2338, #6343, #6419 ) ) ;
#5101 = CARTESIAN_POINT ( 'NONE',  ( -0.1299997400000000025, 0.1700021999999999922, 0.0000000000000000000 ) ) ;
#5102 = CARTESIAN_POINT ( 'NONE',  ( 0.0000000000000000000, 0.0000000000000000000, 0.0000000000000000000 ) ) ;
#5103 = ORIENTED_EDGE ( 'NONE', *, *, #8633, .T. ) ;
#5104 = DIRECTION ( 'NONE',  ( 0.0000000000000000000, -0.0000000000000000000, -1.000000000000000000 ) ) ;
#5105 = DIRECTION ( 'NONE',  ( 0.3162277660171379234, -0.9486832980504137369, 0.0000000000000000000 ) ) ;
#5106 = MECHANICAL_DESIGN_GEOMETRIC_PRESENTATION_REPRESENTATION (  '', ( #4630 ), #5877 ) ;
#5107 = CARTESIAN_POINT ( 'NONE',  ( 0.06500113999999000691, 0.1600022200000000006, 0.0000000000000000000 ) ) ;
#5108 = DIRECTION ( 'NONE',  ( -0.0000000000000000000, -0.0000000000000000000, -1.000000000000000000 ) ) ;
#5109 = AXIS2_PLACEMENT_3D ( 'NONE', #7933, #5130, #2928 ) ;
#5110 = FACE_OUTER_BOUND ( 'NONE', #8410, .T. ) ;
#5111 =( GEOMETRIC_REPRESENTATION_CONTEXT ( 3 ) GLOBAL_UNCERTAINTY_ASSIGNED_CONTEXT ( ( #2038 ) ) GLOBAL_UNIT_ASSIGNED_CONTEXT ( ( #1044, #1823, #3890 ) ) REPRESENTATION_CONTEXT ( 'NONE', 'WORKASPACE' ) );
#5112 = APPLICATION_CONTEXT ( 'automotive_design' ) ;
#5113 = SURFACE_STYLE_USAGE ( .BOTH. , #1486 ) ;
#5114 = ORIENTED_EDGE ( 'NONE', *, *, #465, .F. ) ;
#5115 = DIRECTION ( 'NONE',  ( -0.7071067811860475283, -0.7071067811870475062, 0.0000000000000000000 ) ) ;
#5116 =( NAMED_UNIT ( * ) PLANE_ANGLE_UNIT ( ) SI_UNIT ( $, .RADIAN. ) );
#5117 = ORIENTED_EDGE ( 'NONE', *, *, #3215, .T. ) ;
#5118 = DIRECTION ( 'NONE',  ( 0.0000000000000000000, -1.000000000000000000, 0.0000000000000000000 ) ) ;
#5119 = EDGE_LOOP ( 'NONE', ( #6415, #2017, #709, #5007 ) ) ;
#5120 = FACE_OUTER_BOUND ( 'NONE', #2416, .T. ) ;
#5121 = PRODUCT_DEFINITION ( 'UNKNOWN', '', #5521, #1111 ) ;
#5122 = PRODUCT_DEFINITION_SHAPE ( 'NONE', 'NONE',  #4633 ) ;
#5123 = APPLICATION_PROTOCOL_DEFINITION ( 'draft international standard', 'automotive_design', 1998, #2270 ) ;
#5124 = PLANE ( 'NONE',  #6702 ) ;
#5125 = VERTEX_POINT ( 'NONE', #1042 ) ;
#5126 = VECTOR ( 'NONE', #6405, 1000.000000000000000 ) ;
#5127 = DIRECTION ( 'NONE',  ( -0.5144957554275265688, 0.8574929257125440962, 0.0000000000000000000 ) ) ;
#5128 = EDGE_CURVE ( 'NONE', #5546, #2278, #2532, .T. ) ;
#5129 =( NAMED_UNIT ( * ) PLANE_ANGLE_UNIT ( ) SI_UNIT ( $, .RADIAN. ) );
#5130 = DIRECTION ( 'NONE',  ( 0.0000000000000000000, 0.0000000000000000000, 1.000000000000000000 ) ) ;
#5131 = CARTESIAN_POINT ( 'NONE',  ( 0.1699996599999999969, 0.08000237999999999794, 0.0000000000000000000 ) ) ;
#5132 = LINE ( 'NONE', #5812, #6022 ) ;
#5133 = EDGE_CURVE ( 'NONE', #7240, #4579, #9200, .T. ) ;
#5134 = LINE ( 'NONE', #6582, #6860 ) ;
#5135 = MECHANICAL_DESIGN_GEOMETRIC_PRESENTATION_REPRESENTATION (  '', ( #3885 ), #3996 ) ;
#5136 = ORIENTED_EDGE ( 'NONE', *, *, #2359, .T. ) ;
#5137 = CARTESIAN_POINT ( 'NONE',  ( 0.1750009200000000043, 0.1499997000000000136, 0.0000000000000000000 ) ) ;
#5138 = ORIENTED_EDGE ( 'NONE', *, *, #188, .T. ) ;
#5139 = CARTESIAN_POINT ( 'NONE',  ( 0.8000009399999999937, -0.7799984399999998486, 0.0000000000000000000 ) ) ;
#5140 = EDGE_CURVE ( 'NONE', #1219, #3902, #2479, .T. ) ;
#5141 = EDGE_LOOP ( 'NONE', ( #3655, #7633, #664, #1840 ) ) ;
#5142 = ADVANCED_FACE ( 'NONE', ( #9149 ), #1905, .T. ) ;
#5143 = DIRECTION ( 'NONE',  ( -1.000000000000000000, -0.0000000000000000000, -0.0000000000000000000 ) ) ;
#5144 = VECTOR ( 'NONE', #4324, 1000.000000000000000 ) ;
#5145 = FACE_OUTER_BOUND ( 'NONE', #5488, .T. ) ;
#5146 = VERTEX_POINT ( 'NONE', #5501 ) ;
#5147 = AXIS2_PLACEMENT_3D ( 'NONE', #4963, #9434, #5784 ) ;
#5148 = EDGE_CURVE ( 'NONE', #55, #4594, #6267, .T. ) ;
#5149 = ORIENTED_EDGE ( 'NONE', *, *, #5560, .T. ) ;
#5150 = PRODUCT_DEFINITION_CONTEXT ( 'detailed design', #2993, 'design' ) ;
#5151 = CARTESIAN_POINT ( 'NONE',  ( -0.09999980000001000568, -0.01999996000000999960, 0.01000000000000000021 ) ) ;
#5152 = SURFACE_SIDE_STYLE ('',( #4455 ) ) ;
#5153 = ORIENTED_EDGE ( 'NONE', *, *, #4179, .T. ) ;
#5154 = CARTESIAN_POINT ( 'NONE',  ( 0.1750009200000000043, 0.02000249999999999945, 0.0000000000000000000 ) ) ;
#5155 = VECTOR ( 'NONE', #5179, 1000.000000000000114 ) ;
#5156 = DIRECTION ( 'NONE',  ( 0.7071067811865475727, -0.7071067811865475727, 0.0000000000000000000 ) ) ;
#5157 = DIRECTION ( 'NONE',  ( 0.0000000000000000000, 0.0000000000000000000, -1.000000000000000000 ) ) ;
#5158 = VECTOR ( 'NONE', #2404, 1000.000000000000000 ) ;
#5159 = CARTESIAN_POINT ( 'NONE',  ( 0.0000000000000000000, 0.0000000000000000000, 0.0000000000000000000 ) ) ;
#5160 = VERTEX_POINT ( 'NONE', #7619 ) ;
#5161 = UNCERTAINTY_MEASURE_WITH_UNIT (LENGTH_MEASURE( 1.000000000000000082E-05 ), #3515, 'distance_accuracy_value', 'NONE');
#5162 = LINE ( 'NONE', #1489, #4937 ) ;
#5163 = VERTEX_POINT ( 'NONE', #1865 ) ;
#5164 = CARTESIAN_POINT ( 'NONE',  ( 0.1499997000000000136, 0.04500118000000000174, 0.0000000000000000000 ) ) ;
#5165 = EDGE_LOOP ( 'NONE', ( #9315, #2598, #6535, #2734 ) ) ;
#5166 = DIRECTION ( 'NONE',  ( 0.8944271909999158554, 0.4472135954999579277, 0.0000000000000000000 ) ) ;
#5167 = VECTOR ( 'NONE', #1685, 1000.000000000000000 ) ;
#5168 = SHAPE_DEFINITION_REPRESENTATION ( #9336, #3344 ) ;
#5169 = CARTESIAN_POINT ( 'NONE',  ( 0.8100009200000001242, 0.7700010000000000465, 0.0000000000000000000 ) ) ;
#5170 = VERTEX_POINT ( 'NONE', #1089 ) ;
#5171 = VECTOR ( 'NONE', #6021, 1000.000000000000000 ) ;
#5172 = DIRECTION ( 'NONE',  ( 1.000000000000000000, 0.0000000000000000000, 0.0000000000000000000 ) ) ;
#5173 = ORIENTED_EDGE ( 'NONE', *, *, #4131, .F. ) ;
#5174 = VECTOR ( 'NONE', #1253, 1000.000000000000000 ) ;
#5175 = CARTESIAN_POINT ( 'NONE',  ( 0.005001260000000000427, 0.2200021000000000060, 0.01000000000000000021 ) ) ;
#5176 =( NAMED_UNIT ( * ) PLANE_ANGLE_UNIT ( ) SI_UNIT ( $, .RADIAN. ) );
#5177 = LINE ( 'NONE', #9457, #2454 ) ;
#5178 = LINE ( 'NONE', #7500, #8425 ) ;
#5179 = DIRECTION ( 'NONE',  ( -0.6401843996644797086, -0.7682212795973759611, 0.0000000000000000000 ) ) ;
#5180 = ORIENTED_EDGE ( 'NONE', *, *, #8962, .T. ) ;
#5181 = AXIS2_PLACEMENT_3D ( 'NONE', #2614, #2519, #5489 ) ;
#5182 = DIRECTION ( 'NONE',  ( 0.0000000000000000000, 0.0000000000000000000, -1.000000000000000000 ) ) ;
#5183 = EDGE_CURVE ( 'NONE', #5864, #3083, #7577, .T. ) ;
#5184 = ORIENTED_EDGE ( 'NONE', *, *, #8156, .T. ) ;
#5185 = CARTESIAN_POINT ( 'NONE',  ( 0.009999980000002999664, 0.009999980000002999664, 0.0000000000000000000 ) ) ;
#5186 = DIRECTION ( 'NONE',  ( 0.0000000000000000000, 0.0000000000000000000, 1.000000000000000000 ) ) ;
#5187 = VERTEX_POINT ( 'NONE', #1821 ) ;
#5188 = COLOUR_RGB ( '',0.0000000000000000000, 0.5019607843137254832, 0.0000000000000000000 ) ;
#5189 = LINE ( 'NONE', #8139, #7149 ) ;
#5190 = CARTESIAN_POINT ( 'NONE',  ( -0.09999980000001000568, -0.1099972399999999961, 0.0000000000000000000 ) ) ;
#5191 = VECTOR ( 'NONE', #6499, 1000.000000000000000 ) ;
#5192 = EDGE_CURVE ( 'NONE', #4698, #1101, #5547, .T. ) ;
#5193 = EDGE_LOOP ( 'NONE', ( #7097, #3853, #8026, #9444 ) ) ;
#5194 = ADVANCED_FACE ( 'NONE', ( #1131 ), #7052, .T. ) ;
#5195 = EDGE_CURVE ( 'NONE', #6096, #7887, #2432, .T. ) ;
#5196 = VECTOR ( 'NONE', #6659, 1000.000000000000000 ) ;
#5197 = ORIENTED_EDGE ( 'NONE', *, *, #5084, .T. ) ;
#5198 = DIRECTION ( 'NONE',  ( 1.000000000000000000, 0.0000000000000000000, 0.0000000000000000000 ) ) ;
#5199 = ORIENTED_EDGE ( 'NONE', *, *, #2996, .T. ) ;
#5200 = LINE ( 'NONE', #3588, #7495 ) ;
#5201 = PRODUCT_DEFINITION_SHAPE ( 'NONE', 'NONE',  #792 ) ;
#5202 = PRODUCT_DEFINITION_FORMATION_WITH_SPECIFIED_SOURCE ( 'ANY', '', #7650, .NOT_KNOWN. ) ;
#5203 = CARTESIAN_POINT ( 'NONE',  ( -0.1399997199999999942, -0.2199995600000000107, 0.0000000000000000000 ) ) ;
#5204 = FACE_OUTER_BOUND ( 'NONE', #3248, .T. ) ;
#5205 = CARTESIAN_POINT ( 'NONE',  ( 0.1499997000000000136, -0.02499868000000013413, 0.0000000000000000000 ) ) ;
#5206 = AXIS2_PLACEMENT_3D ( 'NONE', #3106, #887, #7664 ) ;
#5207 = EDGE_CURVE ( 'NONE', #1415, #9227, #1728, .T. ) ;
#5208 = DIRECTION ( 'NONE',  ( -0.7070618812416071819, -0.7071516782806072099, 0.0000000000000000000 ) ) ;
#5209 = EDGE_CURVE ( 'NONE', #3965, #5187, #6909, .T. ) ;
#5210 = EDGE_CURVE ( 'NONE', #7482, #172, #2459, .T. ) ;
#5211 =( NAMED_UNIT ( * ) PLANE_ANGLE_UNIT ( ) SI_UNIT ( $, .RADIAN. ) );
#5212 = ORIENTED_EDGE ( 'NONE', *, *, #6507, .T. ) ;
#5213 = DIRECTION ( 'NONE',  ( 0.2169304578189737986, 0.9761870601838822381, 0.0000000000000000000 ) ) ;
#5214 = ADVANCED_BREP_SHAPE_REPRESENTATION ( '', ( #1454, #2951 ), #5111 ) ;
#5215 = VECTOR ( 'NONE', #3197, 1000.000000000000114 ) ;
#5216 = ORIENTED_EDGE ( 'NONE', *, *, #3763, .T. ) ;
#5217 = DIRECTION ( 'NONE',  ( -0.0000000000000000000, -0.0000000000000000000, -1.000000000000000000 ) ) ;
#5218 = EDGE_LOOP ( 'NONE', ( #2694, #4580, #8707, #3040 ) ) ;
#5219 = CARTESIAN_POINT ( 'NONE',  ( -0.1749983800000000089, 0.01999995999999000171, 0.02000000000000000736 ) ) ;
#5220 = VECTOR ( 'NONE', #8978, 1000.000000000000227 ) ;
#5221 = PRODUCT_CONTEXT ( 'NONE', #2626, 'mechanical' ) ;
#5222 = CARTESIAN_POINT ( 'NONE',  ( 0.1400022599999999895, 0.1800021800000000394, 0.0000000000000000000 ) ) ;
#5223 = ORIENTED_EDGE ( 'NONE', *, *, #5610, .T. ) ;
#5224 = CARTESIAN_POINT ( 'NONE',  ( 0.1099997800000000053, -0.1599996800000000052, 0.0000000000000000000 ) ) ;
#5225 = ORIENTED_EDGE ( 'NONE', *, *, #8728, .T. ) ;
#5226 = LINE ( 'NONE', #905, #5416 ) ;
#5227 = CARTESIAN_POINT ( 'NONE',  ( 0.005001260000000000427, 0.2200021000000000060, 0.0000000000000000000 ) ) ;
#5228 = LINE ( 'NONE', #2931, #4310 ) ;
#5229 = SURFACE_STYLE_FILL_AREA ( #808 ) ;
#5230 = DIRECTION ( 'NONE',  ( -0.0000000000000000000, -0.0000000000000000000, -1.000000000000000000 ) ) ;
#5231 = PLANE ( 'NONE',  #2959 ) ;
#5232 = ORIENTED_EDGE ( 'NONE', *, *, #1873, .T. ) ;
#5233 = CARTESIAN_POINT ( 'NONE',  ( 0.1299997400000000025, 0.07000240000000999829, 0.0000000000000000000 ) ) ;
#5234 = VERTEX_POINT ( 'NONE', #7861 ) ;
#5235 = LINE ( 'NONE', #5963, #6203 ) ;
#5236 = DIRECTION ( 'NONE',  ( 1.000000000000000000, 0.0000000000000000000, 0.0000000000000000000 ) ) ;
#5237 = PRODUCT_RELATED_PRODUCT_CATEGORY ( 'part', '', ( #7979 ) ) ;
#5238 = VERTEX_POINT ( 'NONE', #5004 ) ;
#5239 = DIRECTION ( 'NONE',  ( 0.0000000000000000000, -0.0000000000000000000, -1.000000000000000000 ) ) ;
#5240 = CARTESIAN_POINT ( 'NONE',  ( 0.005001260000000001295, 0.2200021000000000060, 0.01000000000000000021 ) ) ;
#5241 =( NAMED_UNIT ( * ) SI_UNIT ( $, .STERADIAN. ) SOLID_ANGLE_UNIT ( ) );
#5242 = ORIENTED_EDGE ( 'NONE', *, *, #8336, .F. ) ;
#5243 = PRODUCT_DEFINITION_CONTEXT ( 'detailed design', #6652, 'design' ) ;
#5244 = LINE ( 'NONE', #7425, #1548 ) ;
#5245 = ADVANCED_FACE ( 'NONE', ( #9386 ), #1230, .T. ) ;
#5246 = ORIENTED_EDGE ( 'NONE', *, *, #7456, .F. ) ;
#5247 = SURFACE_SIDE_STYLE ('',( #6795 ) ) ;
#5248 = LINE ( 'NONE', #3739, #21 ) ;
#5249 = FACE_OUTER_BOUND ( 'NONE', #3449, .T. ) ;
#5250 = EDGE_CURVE ( 'NONE', #4834, #5146, #9340, .T. ) ;
#5251 = VECTOR ( 'NONE', #5036, 1000.000000000000000 ) ;
#5252 = STYLED_ITEM ( 'NONE', ( #5735 ), #6491 ) ;
#5253 = CARTESIAN_POINT ( 'NONE',  ( 0.1499997000000000136, -0.1749983800000000089, 0.02000000000000000042 ) ) ;
#5254 = AXIS2_PLACEMENT_3D ( 'NONE', #5590, #4033, #4717 ) ;
#5255 = CONTEXT_DEPENDENT_SHAPE_REPRESENTATION ( #6655, #5276 ) ;
#5256 = PLANE ( 'NONE',  #8834 ) ;
#5257 = ORIENTED_EDGE ( 'NONE', *, *, #869, .T. ) ;
#5258 = CARTESIAN_POINT ( 'NONE',  ( 0.1499997000000000136, -0.02499867999999999882, 0.02000000000000000736 ) ) ;
#5259 = ADVANCED_FACE ( 'NONE', ( #3499 ), #7142, .T. ) ;
#5260 = SURFACE_SIDE_STYLE ('',( #3652 ) ) ;
#5261 = ORIENTED_EDGE ( 'NONE', *, *, #5983, .F. ) ;
#5262 = LINE ( 'NONE', #1491, #5943 ) ;
#5263 = ORIENTED_EDGE ( 'NONE', *, *, #6447, .F. ) ;
#5264 = VECTOR ( 'NONE', #1447, 1000.000000000000000 ) ;
#5265 = DIRECTION ( 'NONE',  ( 0.4961253673322089663, 0.8682508968549821349, 0.0000000000000000000 ) ) ;
#5266 = EDGE_CURVE ( 'NONE', #4195, #4181, #5832, .T. ) ;
#5267 = CARTESIAN_POINT ( 'NONE',  ( -0.1749983800000000089, 0.01999995999999000171, 0.0000000000000000000 ) ) ;
#5268 = VERTEX_POINT ( 'NONE', #446 ) ;
#5269 = LINE ( 'NONE', #8833, #2850 ) ;
#5270 = EDGE_CURVE ( 'NONE', #1387, #3194, #9293, .T. ) ;
#5271 = CARTESIAN_POINT ( 'NONE',  ( 0.0000000000000000000, 0.0000000000000000000, 0.0000000000000000000 ) ) ;
#5272 = VERTEX_POINT ( 'NONE', #1283 ) ;
#5273 = DIRECTION ( 'NONE',  ( 0.0000000000000000000, 0.0000000000000000000, 1.000000000000000000 ) ) ;
#5274 =( GEOMETRIC_REPRESENTATION_CONTEXT ( 3 ) GLOBAL_UNCERTAINTY_ASSIGNED_CONTEXT ( ( #1377 ) ) GLOBAL_UNIT_ASSIGNED_CONTEXT ( ( #8194, #5833, #5875 ) ) REPRESENTATION_CONTEXT ( 'NONE', 'WORKASPACE' ) );
#5275 = FACE_OUTER_BOUND ( 'NONE', #7229, .T. ) ;
#5276 = PRODUCT_DEFINITION_SHAPE ( 'NONE', 'NONE',  #9556 ) ;
#5277 = CARTESIAN_POINT ( 'NONE',  ( 0.009999980000002999664, 0.0000000000000000000, 0.09651999999999999469 ) ) ;
#5278 = VECTOR ( 'NONE', #832, 1000.000000000000000 ) ;
#5279 = ORIENTED_EDGE ( 'NONE', *, *, #4833, .T. ) ;
#5280 = CARTESIAN_POINT ( 'NONE',  ( -0.1699996599999889502, -0.03999737999996536009, 0.0000000000000000000 ) ) ;
#5281 = APPLICATION_PROTOCOL_DEFINITION ( 'draft international standard', 'automotive_design', 1998, #7639 ) ;
#5282 = VERTEX_POINT ( 'NONE', #3390 ) ;
#5283 = CARTESIAN_POINT ( 'NONE',  ( -0.08999981999999792648, 0.1300022799999986378, 0.01000000000000000021 ) ) ;
#5284 =( GEOMETRIC_REPRESENTATION_CONTEXT ( 3 ) GLOBAL_UNCERTAINTY_ASSIGNED_CONTEXT ( ( #6029 ) ) GLOBAL_UNIT_ASSIGNED_CONTEXT ( ( #430, #5618, #4774 ) ) REPRESENTATION_CONTEXT ( 'NONE', 'WORKASPACE' ) );
#5285 = CARTESIAN_POINT ( 'NONE',  ( 0.1150010399999999988, 0.2200021000000000060, 0.0000000000000000000 ) ) ;
#5286 = EDGE_LOOP ( 'NONE', ( #8426, #8586, #5870, #9339 ) ) ;
#5287 = LINE ( 'NONE', #201, #1602 ) ;
#5288 = DIRECTION ( 'NONE',  ( 1.000000000000000000, 0.0000000000000000000, 0.0000000000000000000 ) ) ;
#5289 = FACE_OUTER_BOUND ( 'NONE', #3912, .T. ) ;
#5290 = VECTOR ( 'NONE', #7250, 1000.000000000000000 ) ;
#5291 = DIRECTION ( 'NONE',  ( 1.000000000000000000, 0.0000000000000000000, 0.0000000000000000000 ) ) ;
#5292 = ORIENTED_EDGE ( 'NONE', *, *, #416, .F. ) ;
#5293 = CARTESIAN_POINT ( 'NONE',  ( -0.02999994000003926992, 0.2400020600000080107, 0.0000000000000000000 ) ) ;
#5294 = CARTESIAN_POINT ( 'NONE',  ( 0.1150010399999999988, 0.2200021000000000060, 0.01000000000000000021 ) ) ;
#5295 = APPLICATION_CONTEXT ( 'automotive_design' ) ;
#5296 = LINE ( 'NONE', #2475, #3816 ) ;
#5297 = FACE_OUTER_BOUND ( 'NONE', #1557, .T. ) ;
#5298 = EDGE_CURVE ( 'NONE', #4095, #6625, #9430, .T. ) ;
#5299 = ORIENTED_EDGE ( 'NONE', *, *, #4067, .T. ) ;
#5300 = CARTESIAN_POINT ( 'NONE',  ( 0.1400022599999999895, 0.09000236000000000347, 0.0000000000000000000 ) ) ;
#5301 = ORIENTED_EDGE ( 'NONE', *, *, #4429, .T. ) ;
#5302 = DIRECTION ( 'NONE',  ( -0.1961161351382971207, -0.9805806756908974631, 0.0000000000000000000 ) ) ;
#5303 = EDGE_LOOP ( 'NONE', ( #5759, #7790, #1709, #5769 ) ) ;
#5304 = CARTESIAN_POINT ( 'NONE',  ( 0.05000244000000000216, -0.1649984000000000173, 0.0000000000000000000 ) ) ;
#5305 = ADVANCED_FACE ( 'NONE', ( #5695 ), #2040, .T. ) ;
#5306 = EDGE_CURVE ( 'NONE', #3391, #5864, #6413, .T. ) ;
#5307 = AXIS2_PLACEMENT_3D ( 'NONE', #6986, #1266, #3272 ) ;
#5308 = PLANE ( 'NONE',  #6235 ) ;
#5309 = EDGE_CURVE ( 'NONE', #4055, #3737, #6362, .T. ) ;
#5310 = ORIENTED_EDGE ( 'NONE', *, *, #441, .F. ) ;
#5311 = LINE ( 'NONE', #5224, #1941 ) ;
#5312 =( NAMED_UNIT ( * ) PLANE_ANGLE_UNIT ( ) SI_UNIT ( $, .RADIAN. ) );
#5313 = ORIENTED_EDGE ( 'NONE', *, *, #8848, .T. ) ;
#5314 = DIRECTION ( 'NONE',  ( 1.000000000000000000, 0.0000000000000000000, -0.0000000000000000000 ) ) ;
#5315 = CARTESIAN_POINT ( 'NONE',  ( 0.1150010400000250621, -0.1299971999999834926, 0.01000000000000000021 ) ) ;
#5316 = FACE_OUTER_BOUND ( 'NONE', #7556, .T. ) ;
#5317 = EDGE_CURVE ( 'NONE', #1501, #8489, #6463, .T. ) ;
#5318 = AXIS2_PLACEMENT_3D ( 'NONE', #9155, #6037, #2346 ) ;
#5319 = CARTESIAN_POINT ( 'NONE',  ( 0.01500123999998999834, 0.1800021800000000394, 0.01000000000000000021 ) ) ;
#5320 = VECTOR ( 'NONE', #8000, 1000.000000000000000 ) ;
#5321 = EDGE_CURVE ( 'NONE', #6703, #6361, #4958, .T. ) ;
#5322 = ORIENTED_EDGE ( 'NONE', *, *, #3217, .F. ) ;
#5323 = LINE ( 'NONE', #1659, #3018 ) ;
#5324 = CARTESIAN_POINT ( 'NONE',  ( -0.01499870000001001825, -0.1799996400000000163, 0.0000000000000000000 ) ) ;
#5325 = APPLICATION_PROTOCOL_DEFINITION ( 'draft international standard', 'automotive_design', 1998, #6098 ) ;
#5326 = ORIENTED_EDGE ( 'NONE', *, *, #4063, .F. ) ;
#5327 = APPLICATION_PROTOCOL_DEFINITION ( 'draft international standard', 'automotive_design', 1998, #1838 ) ;
#5328 = FACE_OUTER_BOUND ( 'NONE', #7193, .T. ) ;
#5329 = VECTOR ( 'NONE', #694, 1000.000000000000114 ) ;
#5330 = VERTEX_POINT ( 'NONE', #551 ) ;
#5331 = PLANE ( 'NONE',  #4209 ) ;
#5332 = DIRECTION ( 'NONE',  ( -0.0000000000000000000, 1.000000000000000000, 0.0000000000000000000 ) ) ;
#5333 = PRODUCT_DEFINITION_CONTEXT ( 'detailed design', #34, 'design' ) ;
#5334 = FACE_OUTER_BOUND ( 'NONE', #6253, .T. ) ;
#5335 = DIRECTION ( 'NONE',  ( 1.000000000000000000, 0.0000000000000000000, 0.0000000000000000000 ) ) ;
#5336 = ORIENTED_EDGE ( 'NONE', *, *, #2580, .T. ) ;
#5337 = VECTOR ( 'NONE', #1167, 1000.000000000000114 ) ;
#5338 = CARTESIAN_POINT ( 'NONE',  ( -0.02999993999999999925, 0.1800021800000000394, 0.01000000000000000194 ) ) ;
#5339 = CARTESIAN_POINT ( 'NONE',  ( -0.08999981999999999427, 0.09000236000000000347, 0.01000000000000000021 ) ) ;
#5340 = LINE ( 'NONE', #4607, #995 ) ;
#5341 = DIRECTION ( 'NONE',  ( 1.000000000000000000, 0.0000000000000000000, -0.0000000000000000000 ) ) ;
#5342 = STYLED_ITEM ( 'NONE', ( #8409 ), #4683 ) ;
#5343 = CONTEXT_DEPENDENT_SHAPE_REPRESENTATION ( #5855, #5346 ) ;
#5344 = DIRECTION ( 'NONE',  ( 0.0000000000000000000, -0.0000000000000000000, -1.000000000000000000 ) ) ;
#5345 = PRESENTATION_LAYER_ASSIGNMENT (  '', '', ( #1331 ) ) ;
#5346 = PRODUCT_DEFINITION_SHAPE ( 'NONE', 'NONE',  #9554 ) ;
#5347 = FILL_AREA_STYLE ('',( #3247 ) ) ;
#5348 = VERTEX_POINT ( 'NONE', #5638 ) ;
#5349 = DIRECTION ( 'NONE',  ( -1.000000000000000000, -0.0000000000000000000, 0.0000000000000000000 ) ) ;
#5350 = VERTEX_POINT ( 'NONE', #2766 ) ;
#5351 = APPLICATION_CONTEXT ( 'automotive_design' ) ;
#5352 = CARTESIAN_POINT ( 'NONE',  ( -0.08499856000000899359, -0.1999996000000315022, 0.0000000000000000000 ) ) ;
#5353 = ORIENTED_EDGE ( 'NONE', *, *, #1054, .T. ) ;
#5354 = AXIS2_PLACEMENT_3D ( 'NONE', #3505, #9393, #1139 ) ;
#5355 = FACE_OUTER_BOUND ( 'NONE', #3355, .T. ) ;
#5356 =( REPRESENTATION_RELATIONSHIP ('NONE','NONE', #4166, #6840 ) REPRESENTATION_RELATIONSHIP_WITH_TRANSFORMATION ( #790 )SHAPE_REPRESENTATION_RELATIONSHIP( ) );
#5357 = PRODUCT_RELATED_PRODUCT_CATEGORY ( 'part', '', ( #6587 ) ) ;
#5358 = PRODUCT_DEFINITION_FORMATION_WITH_SPECIFIED_SOURCE ( 'ANY', '', #6426, .NOT_KNOWN. ) ;
#5359 = ITEM_DEFINED_TRANSFORMATION ( 'NONE', 'NONE', #3240,  #6788 ) ;
#5360 = VECTOR ( 'NONE', #263, 1000.000000000000000 ) ;
#5361 = PLANE ( 'NONE',  #822 ) ;
#5362 = CARTESIAN_POINT ( 'NONE',  ( 0.0000000000000000000, 0.0000000000000000000, 0.0000000000000000000 ) ) ;
#5363 = ORIENTED_EDGE ( 'NONE', *, *, #1479, .T. ) ;
#5364 = CYLINDRICAL_SURFACE ( 'NONE', #1642, 0.2000000000000000111 ) ;
#5365 = VERTEX_POINT ( 'NONE', #2091 ) ;
#5366 = CARTESIAN_POINT ( 'NONE',  ( 0.2149983000000000033, -0.2149983000000000033, 0.0000000000000000000 ) ) ;
#5367 = CARTESIAN_POINT ( 'NONE',  ( 0.7600010200000000271, -0.8199983599999999262, 0.0000000000000000000 ) ) ;
#5368 = CARTESIAN_POINT ( 'NONE',  ( 0.1350010000000000099, -0.09999725999998999859, 0.0000000000000000000 ) ) ;
#5369 = EDGE_CURVE ( 'NONE', #974, #8121, #7283, .T. ) ;
#5370 = ADVANCED_FACE ( 'NONE', ( #1184 ), #1334, .T. ) ;
#5371 = FACE_OUTER_BOUND ( 'NONE', #5286, .T. ) ;
#5372 = VECTOR ( 'NONE', #8027, 1000.000000000000114 ) ;
#5373 = CARTESIAN_POINT ( 'NONE',  ( -0.03999992000000000131, -0.1999995999999999996, 0.0000000000000000000 ) ) ;
#5374 = DIRECTION ( 'NONE',  ( 0.9284766908852591927, -0.3713906763541040545, 0.0000000000000000000 ) ) ;
#5375 = EDGE_LOOP ( 'NONE', ( #781, #5719, #7744, #2874 ) ) ;
#5376 = CARTESIAN_POINT ( 'NONE',  ( 0.07500112000000007384, 0.1400022600000002948, 0.02000000000000000389 ) ) ;
#5377 = FACE_OUTER_BOUND ( 'NONE', #2385, .T. ) ;
#5378 = APPLICATION_PROTOCOL_DEFINITION ( 'draft international standard', 'automotive_design', 1998, #4850 ) ;
#5379 = EDGE_CURVE ( 'NONE', #4266, #4280, #6509, .T. ) ;
#5380 = VERTEX_POINT ( 'NONE', #7908 ) ;
#5381 = DIRECTION ( 'NONE',  ( 0.0000000000000000000, -0.0000000000000000000, -1.000000000000000000 ) ) ;
#5382 = CARTESIAN_POINT ( 'NONE',  ( -0.1399997199999999942, -0.2199995600000000107, 0.0000000000000000000 ) ) ;
#5383 = EDGE_CURVE ( 'NONE', #512, #3387, #4123, .T. ) ;
#5384 = ORIENTED_EDGE ( 'NONE', *, *, #7403, .F. ) ;
#5385 = CARTESIAN_POINT ( 'NONE',  ( 0.07999984000000000262, -0.1899996200000000079, 0.01000000000000000021 ) ) ;
#5386 = DIRECTION ( 'NONE',  ( 0.4472135954999579277, 0.8944271909999158554, -0.0000000000000000000 ) ) ;
#5387 =( NAMED_UNIT ( * ) PLANE_ANGLE_UNIT ( ) SI_UNIT ( $, .RADIAN. ) );
#5388 = CARTESIAN_POINT ( 'NONE',  ( 0.1299997400000000025, 0.1800021800000000394, 0.01000000000000000021 ) ) ;
#5389 = ADVANCED_FACE ( 'NONE', ( #3736 ), #8952, .F. ) ;
#5390 = VERTEX_POINT ( 'NONE', #827 ) ;
#5391 = DIRECTION ( 'NONE',  ( 0.0000000000000000000, 0.0000000000000000000, 1.000000000000000000 ) ) ;
#5392 = DIRECTION ( 'NONE',  ( 0.0000000000000000000, 0.0000000000000000000, 1.000000000000000000 ) ) ;
#5393 = CARTESIAN_POINT ( 'NONE',  ( 0.1150010399999999988, -0.2199995600000000107, 0.0000000000000000000 ) ) ;
#5394 = CARTESIAN_POINT ( 'NONE',  ( 0.04999990000000203993, 0.01000251999999802327, 0.0000000000000000000 ) ) ;
#5395 =( GEOMETRIC_REPRESENTATION_CONTEXT ( 3 ) GLOBAL_UNCERTAINTY_ASSIGNED_CONTEXT ( ( #5935 ) ) GLOBAL_UNIT_ASSIGNED_CONTEXT ( ( #4612, #7573, #3199 ) ) REPRESENTATION_CONTEXT ( 'NONE', 'WORKASPACE' ) );
#5396 = LINE ( 'NONE', #6117, #8533 ) ;
#5397 = EDGE_LOOP ( 'NONE', ( #5223, #4360, #3626, #7345 ) ) ;
#5398 = CARTESIAN_POINT ( 'NONE',  ( 0.08999982000000000815, 0.2000021399999999949, 0.0000000000000000000 ) ) ;
#5399 = DIRECTION ( 'NONE',  ( 1.000000000000000000, 0.0000000000000000000, 0.0000000000000000000 ) ) ;
#5400 = ORIENTED_EDGE ( 'NONE', *, *, #8141, .T. ) ;
#5401 = DIRECTION ( 'NONE',  ( 0.8574737075768046335, -0.5145277842978827065, 0.0000000000000000000 ) ) ;
#5402 = DIRECTION ( 'NONE',  ( -0.9284766908852593037, 0.3713906763541037215, 0.0000000000000000000 ) ) ;
#5403 = ORIENTED_EDGE ( 'NONE', *, *, #6309, .F. ) ;
#5404 = PLANE ( 'NONE',  #5508 ) ;
#5405 = VECTOR ( 'NONE', #2483, 1000.000000000000000 ) ;
#5406 = DIRECTION ( 'NONE',  ( 0.8682431421242746694, 0.4961389383571568890, 0.0000000000000000000 ) ) ;
#5407 = PRODUCT_DEFINITION_SHAPE ( 'NONE', 'NONE',  #8022 ) ;
#5408 = CARTESIAN_POINT ( 'NONE',  ( 0.0000000000000000000, 0.0000000000000000000, 0.0000000000000000000 ) ) ;
#5409 = ORIENTED_EDGE ( 'NONE', *, *, #1998, .T. ) ;
#5410 = VECTOR ( 'NONE', #496, 1000.000000000000114 ) ;
#5411 = ORIENTED_EDGE ( 'NONE', *, *, #2642, .T. ) ;
#5412 = CARTESIAN_POINT ( 'NONE',  ( 0.03500120000000000314, -0.2199995600000000107, 0.0000000000000000000 ) ) ;
#5413 = FILL_AREA_STYLE_COLOUR ( '', #1635 ) ;
#5414 =( GEOMETRIC_REPRESENTATION_CONTEXT ( 3 ) GLOBAL_UNCERTAINTY_ASSIGNED_CONTEXT ( ( #4075 ) ) GLOBAL_UNIT_ASSIGNED_CONTEXT ( ( #8836, #4435, #1057 ) ) REPRESENTATION_CONTEXT ( 'NONE', 'WORKASPACE' ) );
#5415 = DIRECTION ( 'NONE',  ( -1.000000000000000000, 0.0000000000000000000, 0.0000000000000000000 ) ) ;
#5416 = VECTOR ( 'NONE', #5951, 1000.000000000000000 ) ;
#5417 = EDGE_CURVE ( 'NONE', #8043, #2248, #8151, .T. ) ;
#5418 = EDGE_LOOP ( 'NONE', ( #7891, #8479, #1441, #773 ) ) ;
#5419 = AXIS2_PLACEMENT_3D ( 'NONE', #2016, #4974, #127 ) ;
#5420 = CARTESIAN_POINT ( 'NONE',  ( -0.1699996599999999969, -0.03999738000000000598, 0.01000000000000000021 ) ) ;
#5421 = VERTEX_POINT ( 'NONE', #2330 ) ;
#5422 = APPLICATION_CONTEXT ( 'automotive_design' ) ;
#5423 = EDGE_CURVE ( 'NONE', #304, #4749, #8914, .T. ) ;
#5424 = DIRECTION ( 'NONE',  ( -0.0000000000000000000, 0.0000000000000000000, -1.000000000000000000 ) ) ;
#5425 = APPLICATION_PROTOCOL_DEFINITION ( 'draft international standard', 'automotive_design', 1998, #7824 ) ;
#5426 = ORIENTED_EDGE ( 'NONE', *, *, #4526, .T. ) ;
#5427 = DIRECTION ( 'NONE',  ( -1.000000000000000000, -0.0000000000000000000, -0.0000000000000000000 ) ) ;
#5428 = DIRECTION ( 'NONE',  ( -0.0000000000000000000, -0.0000000000000000000, -1.000000000000000000 ) ) ;
#5429 = AXIS2_PLACEMENT_3D ( 'NONE', #2796, #6454, #590 ) ;
#5430 = ORIENTED_EDGE ( 'NONE', *, *, #683, .F. ) ;
#5431 = EDGE_CURVE ( 'NONE', #9112, #9327, #5244, .T. ) ;
#5432 = EDGE_CURVE ( 'NONE', #1369, #6703, #1525, .T. ) ;
#5433 = CARTESIAN_POINT ( 'NONE',  ( 0.1750009200000000043, -0.1499997000000000136, 0.0000000000000000000 ) ) ;
#5434 = ORIENTED_EDGE ( 'NONE', *, *, #2867, .T. ) ;
#5435 = CARTESIAN_POINT ( 'NONE',  ( 0.08999981999999999427, 0.1450009800000000015, 0.0000000000000000000 ) ) ;
#5436 = DIRECTION ( 'NONE',  ( 1.000000000000000000, 0.0000000000000000000, 0.0000000000000000000 ) ) ;
#5437 = EDGE_CURVE ( 'NONE', #5282, #1606, #8193, .T. ) ;
#5438 = AXIS2_PLACEMENT_3D ( 'NONE', #5154, #8242, #6018 ) ;
#5439 = PLANE ( 'NONE',  #3710 ) ;
#5440 = ORIENTED_EDGE ( 'NONE', *, *, #3581, .F. ) ;
#5441 = CARTESIAN_POINT ( 'NONE',  ( 0.1150010399999999988, 0.1200022999999999923, 0.0000000000000000000 ) ) ;
#5442 = LINE ( 'NONE', #8385, #1567 ) ;
#5443 = CARTESIAN_POINT ( 'NONE',  ( -0.08999981999999999427, 0.1450009800000000015, 0.0000000000000000000 ) ) ;
#5444 = LINE ( 'NONE', #980, #1027 ) ;
#5445 = EDGE_CURVE ( 'NONE', #5899, #5856, #4507, .T. ) ;
#5446 = LINE ( 'NONE', #214, #8382 ) ;
#5447 = VERTEX_POINT ( 'NONE', #3010 ) ;
#5448 = LINE ( 'NONE', #3202, #2612 ) ;
#5449 = DIRECTION ( 'NONE',  ( 1.000000000000000000, 0.0000000000000000000, 0.0000000000000000000 ) ) ;
#5450 = EDGE_LOOP ( 'NONE', ( #4336, #5922, #1457, #6647 ) ) ;
#5451 = CARTESIAN_POINT ( 'NONE',  ( -0.1299997400000000025, 0.07000240000000999829, 0.0000000000000000000 ) ) ;
#5452 = AXIS2_PLACEMENT_3D ( 'NONE', #5836, #8721, #499 ) ;
#5453 = AXIS2_PLACEMENT_3D ( 'NONE', #3304, #3257, #1140 ) ;
#5454 = DIRECTION ( 'NONE',  ( -0.7071067811865474617, 0.7071067811865474617, 0.0000000000000000000 ) ) ;
#5455 = ORIENTED_EDGE ( 'NONE', *, *, #2750, .F. ) ;
#5456 = DIRECTION ( 'NONE',  ( -0.8320502943379975980, -0.5547001962249983320, 0.0000000000000000000 ) ) ;
#5457 = VECTOR ( 'NONE', #6026, 1000.000000000000114 ) ;
#5458 = DIRECTION ( 'NONE',  ( 1.000000000000000000, 0.0000000000000000000, 0.0000000000000000000 ) ) ;
#5459 = ORIENTED_EDGE ( 'NONE', *, *, #1783, .T. ) ;
#5460 =( LENGTH_UNIT ( ) NAMED_UNIT ( * ) SI_UNIT ( .MILLI., .METRE. ) );
#5461 = ORIENTED_EDGE ( 'NONE', *, *, #854, .T. ) ;
#5462 = DIRECTION ( 'NONE',  ( 0.1961161351381839613, -0.9805806756909202226, 0.0000000000000000000 ) ) ;
#5463 = DIRECTION ( 'NONE',  ( 0.2169304578189737986, 0.9761870601838822381, 0.0000000000000000000 ) ) ;
#5464 = VECTOR ( 'NONE', #824, 1000.000000000000000 ) ;
#5465 = VECTOR ( 'NONE', #918, 1000.000000000000114 ) ;
#5466 = ORIENTED_EDGE ( 'NONE', *, *, #2186, .F. ) ;
#5467 = DIRECTION ( 'NONE',  ( 0.0000000000000000000, 1.000000000000000000, -0.0000000000000000000 ) ) ;
#5468 = VECTOR ( 'NONE', #2783, 1000.000000000000114 ) ;
#5469 = EDGE_LOOP ( 'NONE', ( #3812, #1513, #4570, #3212, #312, #218, #7714, #3443, #5263, #8334 ) ) ;
#5470 = CLOSED_SHELL ( 'NONE', ( #4403, #8270, #3881, #9265, #7280, #8322, #1051, #8920, #9426, #741, #3479, #3350, #6783, #3593, #1933, #7907 ) ) ;
#5471 = CARTESIAN_POINT ( 'NONE',  ( 5.380353280959315754E-15, -0.1099972399999946254, 0.0000000000000000000 ) ) ;
#5472 = SHAPE_DEFINITION_REPRESENTATION ( #2707, #6840 ) ;
#5473 = ORIENTED_EDGE ( 'NONE', *, *, #3774, .T. ) ;
#5474 = LINE ( 'NONE', #6780, #1107 ) ;
#5475 = DIRECTION ( 'NONE',  ( 0.0000000000000000000, -0.0000000000000000000, -1.000000000000000000 ) ) ;
#5476 = ORIENTED_EDGE ( 'NONE', *, *, #1668, .T. ) ;
#5477 = VECTOR ( 'NONE', #1912, 1000.000000000000000 ) ;
#5478 = VECTOR ( 'NONE', #5217, 1000.000000000000000 ) ;
#5479 = EDGE_CURVE ( 'NONE', #2248, #7773, #7468, .T. ) ;
#5480 = DIRECTION ( 'NONE',  ( -0.6401843996643814538, -0.7682212795974577846, 0.0000000000000000000 ) ) ;
#5481 = APPLICATION_CONTEXT ( 'automotive_design' ) ;
#5482 = ORIENTED_EDGE ( 'NONE', *, *, #2920, .T. ) ;
#5483 = LINE ( 'NONE', #4153, #6728 ) ;
#5484 = CARTESIAN_POINT ( 'NONE',  ( -0.06999986000001000297, 0.1800021800000000394, 0.0000000000000000000 ) ) ;
#5485 = FILL_AREA_STYLE_COLOUR ( '', #8660 ) ;
#5486 = AXIS2_PLACEMENT_3D ( 'NONE', #2716, #1948, #3490 ) ;
#5487 =( REPRESENTATION_RELATIONSHIP ('NONE','NONE', #5544, #8559 ) REPRESENTATION_RELATIONSHIP_WITH_TRANSFORMATION ( #6373 )SHAPE_REPRESENTATION_RELATIONSHIP( ) );
#5488 = EDGE_LOOP ( 'NONE', ( #6185, #1689, #1587, #1524 ) ) ;
#5489 = DIRECTION ( 'NONE',  ( 0.0000000000000000000, 0.0000000000000000000, -1.000000000000000000 ) ) ;
#5490 = DIRECTION ( 'NONE',  ( -0.0000000000000000000, 1.000000000000000000, 0.0000000000000000000 ) ) ;
#5491 = EDGE_CURVE ( 'NONE', #2915, #6836, #6747, .T. ) ;
#5492 = ADVANCED_FACE ( 'NONE', ( #5289 ), #8238, .T. ) ;
#5493 = LINE ( 'NONE', #6900, #5800 ) ;
#5494 = LINE ( 'NONE', #8388, #4744 ) ;
#5495 = PRODUCT_DEFINITION_SHAPE ( 'NONE', 'NONE',  #432 ) ;
#5496 = ADVANCED_FACE ( 'NONE', ( #5923 ), #3831, .T. ) ;
#5497 = CARTESIAN_POINT ( 'NONE',  ( 0.2149983000000000033, 0.2149983000000000033, 0.02000000000000000042 ) ) ;
#5498 = AXIS2_PLACEMENT_3D ( 'NONE', #6207, #2571, #5538 ) ;
#5499 = AXIS2_PLACEMENT_3D ( 'NONE', #679, #8135, #2131 ) ;
#5500 = VERTEX_POINT ( 'NONE', #6648 ) ;
#5501 = CARTESIAN_POINT ( 'NONE',  ( 0.09500107999999576891, -0.1999996000000011098, 0.01000000000000000021 ) ) ;
#5502 = ORIENTED_EDGE ( 'NONE', *, *, #5550, .T. ) ;
#5503 = CARTESIAN_POINT ( 'NONE',  ( 0.1699996599999999969, -0.03999738000000000598, 0.0000000000000000000 ) ) ;
#5504 = CARTESIAN_POINT ( 'NONE',  ( -0.1299997400000402481, 0.1700021999999576650, 0.0000000000000000000 ) ) ;
#5505 = ORIENTED_EDGE ( 'NONE', *, *, #936, .T. ) ;
#5506 = EDGE_CURVE ( 'NONE', #8416, #8601, #3098, .T. ) ;
#5507 = LINE ( 'NONE', #4769, #7486 ) ;
#5508 = AXIS2_PLACEMENT_3D ( 'NONE', #1829, #3069, #4618 ) ;
#5509 = VECTOR ( 'NONE', #7518, 1000.000000000000000 ) ;
#5510 = ADVANCED_FACE ( 'NONE', ( #8050 ), #739, .T. ) ;
#5511 = ITEM_DEFINED_TRANSFORMATION ( 'NONE', 'NONE', #4413,  #6341 ) ;
#5512 = PRODUCT_DEFINITION_FORMATION_WITH_SPECIFIED_SOURCE ( 'ANY', '', #5893, .NOT_KNOWN. ) ;
#5513 = CARTESIAN_POINT ( 'NONE',  ( -0.1549984199999999979, 0.2200021000000000337, 0.0000000000000000000 ) ) ;
#5514 = ORIENTED_EDGE ( 'NONE', *, *, #6668, .F. ) ;
#5515 = AXIS2_PLACEMENT_3D ( 'NONE', #2109, #5115, #6566 ) ;
#5516 =( NAMED_UNIT ( * ) PLANE_ANGLE_UNIT ( ) SI_UNIT ( $, .RADIAN. ) );
#5517 = ORIENTED_EDGE ( 'NONE', *, *, #586, .F. ) ;
#5518 = DIRECTION ( 'NONE',  ( -0.7071067811865474617, -0.7071067811865474617, 0.0000000000000000000 ) ) ;
#5519 = EDGE_CURVE ( 'NONE', #6392, #6403, #691, .T. ) ;
#5520 = LINE ( 'NONE', #9118, #9483 ) ;
#5521 = PRODUCT_DEFINITION_FORMATION_WITH_SPECIFIED_SOURCE ( 'ANY', '', #7888, .NOT_KNOWN. ) ;
#5522 = VECTOR ( 'NONE', #6023, 1000.000000000000114 ) ;
#5523 = CARTESIAN_POINT ( 'NONE',  ( 0.1550009599999999932, 0.2200021000000000060, 0.01000000000000000021 ) ) ;
#5524 = VERTEX_POINT ( 'NONE', #6285 ) ;
#5525 = CARTESIAN_POINT ( 'NONE',  ( 0.1450009800000000015, 0.09000236000000000347, 0.0000000000000000000 ) ) ;
#5526 = ORIENTED_EDGE ( 'NONE', *, *, #404, .T. ) ;
#5527 = CARTESIAN_POINT ( 'NONE',  ( 0.03999992000000000131, 0.1800021800000000394, 0.01000000000000000021 ) ) ;
#5528 = AXIS2_PLACEMENT_3D ( 'NONE', #9172, #379, #4693 ) ;
#5529 = PRODUCT_CONTEXT ( 'NONE', #9157, 'mechanical' ) ;
#5530 = VERTEX_POINT ( 'NONE', #8100 ) ;
#5531 = FILL_AREA_STYLE_COLOUR ( '', #5907 ) ;
#5532 = CARTESIAN_POINT ( 'NONE',  ( -0.1299997400000000025, 0.07000240000000999829, 0.01000000000000000021 ) ) ;
#5533 = EDGE_LOOP ( 'NONE', ( #8787, #3675, #4803, #2130, #9472, #2832, #1528, #8352, #509, #1341, #5117, #3333, #3031, #9081, #2174, #8291, #412 ) ) ;
#5534 = FACE_OUTER_BOUND ( 'NONE', #1001, .T. ) ;
#5535 = VERTEX_POINT ( 'NONE', #5874 ) ;
#5536 = ORIENTED_EDGE ( 'NONE', *, *, #3275, .T. ) ;
#5537 = PRODUCT_DEFINITION ( 'UNKNOWN', '', #9198, #8237 ) ;
#5538 = DIRECTION ( 'NONE',  ( -0.5999999999999999778, -0.8000000000000000444, 0.0000000000000000000 ) ) ;
#5539 = CARTESIAN_POINT ( 'NONE',  ( 0.0000000000000000000, 0.2000021399999999949, 0.01000000000000000021 ) ) ;
#5540 = PLANE ( 'NONE',  #6252 ) ;
#5541 = CARTESIAN_POINT ( 'NONE',  ( 0.005001260000000000427, 0.1800021800000000394, 0.01000000000000000021 ) ) ;
#5542 = CONTEXT_DEPENDENT_SHAPE_REPRESENTATION ( #1403, #4494 ) ;
#5543 = LINE ( 'NONE', #4955, #4673 ) ;
#5544 = SHAPE_REPRESENTATION ( 'User Library-QFN-20_Free-Models1', ( #6187, #633, #8512, #3399, #4644, #3240, #5891, #5429, #470, #4333, #8360, #4969, #6664, #170, #3722, #7516, #3319, #2258, #4413, #7822, #5045, #7670, #1339, #862, #8900, #3640, #1798, #6277, #4884, #6907 ), #5968 ) ;
#5545 = ADVANCED_FACE ( 'NONE', ( #2184 ), #1471, .T. ) ;
#5546 = VERTEX_POINT ( 'NONE', #4702 ) ;
#5547 = LINE ( 'NONE', #7762, #456 ) ;
#5548 =( LENGTH_UNIT ( ) NAMED_UNIT ( * ) SI_UNIT ( .MILLI., .METRE. ) );
#5549 = ORIENTED_EDGE ( 'NONE', *, *, #3392, .T. ) ;
#5550 = EDGE_CURVE ( 'NONE', #2350, #3577, #1262, .T. ) ;
#5551 = LINE ( 'NONE', #5592, #3460 ) ;
#5552 = FACE_OUTER_BOUND ( 'NONE', #5165, .T. ) ;
#5553 = VERTEX_POINT ( 'NONE', #9139 ) ;
#5554 = LINE ( 'NONE', #8542, #7975 ) ;
#5555 = LINE ( 'NONE', #8500, #8739 ) ;
#5556 = VERTEX_POINT ( 'NONE', #204 ) ;
#5557 = DIRECTION ( 'NONE',  ( 0.0000000000000000000, 1.000000000000000000, -0.0000000000000000000 ) ) ;
#5558 = DIRECTION ( 'NONE',  ( 1.000000000000000000, 0.0000000000000000000, 0.0000000000000000000 ) ) ;
#5559 = ORIENTED_EDGE ( 'NONE', *, *, #919, .T. ) ;
#5560 = EDGE_CURVE ( 'NONE', #558, #1931, #7169, .T. ) ;
#5561 = CARTESIAN_POINT ( 'NONE',  ( 0.1499997000000000136, 0.1750009200000000043, 0.0000000000000000000 ) ) ;
#5562 = VECTOR ( 'NONE', #1554, 1000.000000000000000 ) ;
#5563 = VECTOR ( 'NONE', #3684, 1000.000000000000000 ) ;
#5564 = ADVANCED_FACE ( 'NONE', ( #5334 ), #926, .F. ) ;
#5565 = ORIENTED_EDGE ( 'NONE', *, *, #9374, .F. ) ;
#5566 = CARTESIAN_POINT ( 'NONE',  ( 0.8300008800000000520, -0.7399985200000001040, 0.02000000000000000042 ) ) ;
#5567 = EDGE_LOOP ( 'NONE', ( #4140, #385, #6475, #1539 ) ) ;
#5568 = PLANE ( 'NONE',  #3963 ) ;
#5569 = APPLICATION_PROTOCOL_DEFINITION ( 'draft international standard', 'automotive_design', 1998, #1532 ) ;
#5570 = ORIENTED_EDGE ( 'NONE', *, *, #7265, .T. ) ;
#5571 = PRODUCT_DEFINITION_SHAPE ( 'NONE', 'NONE',  #9516 ) ;
#5572 = DIRECTION ( 'NONE',  ( 1.000000000000000000, 0.0000000000000000000, 0.0000000000000000000 ) ) ;
#5573 = VECTOR ( 'NONE', #1077, 1000.000000000000114 ) ;
#5574 = FACE_OUTER_BOUND ( 'NONE', #3900, .T. ) ;
#5575 = ORIENTED_EDGE ( 'NONE', *, *, #2976, .F. ) ;
#5576 =( GEOMETRIC_REPRESENTATION_CONTEXT ( 3 ) GLOBAL_UNCERTAINTY_ASSIGNED_CONTEXT ( ( #2623 ) ) GLOBAL_UNIT_ASSIGNED_CONTEXT ( ( #4472, #5116, #795 ) ) REPRESENTATION_CONTEXT ( 'NONE', 'WORKASPACE' ) );
#5577 = ORIENTED_EDGE ( 'NONE', *, *, #2642, .F. ) ;
#5578 = CARTESIAN_POINT ( 'NONE',  ( 0.1050010599999999933, -0.1299972000000000072, 0.02000000000000000736 ) ) ;
#5579 = CARTESIAN_POINT ( 'NONE',  ( 2.019998499999999808, -2.495001359999999835, 0.01270000000000000122 ) ) ;
#5580 = ORIENTED_EDGE ( 'NONE', *, *, #6732, .T. ) ;
#5581 = CARTESIAN_POINT ( 'NONE',  ( 0.005001260000000000427, 0.1800021800000000394, 0.0000000000000000000 ) ) ;
#5582 = FACE_OUTER_BOUND ( 'NONE', #920, .T. ) ;
#5583 = FACE_OUTER_BOUND ( 'NONE', #4981, .T. ) ;
#5584 = CARTESIAN_POINT ( 'NONE',  ( 0.02000250000000314970, -0.1749983800000094736, 0.0000000000000000000 ) ) ;
#5585 = CARTESIAN_POINT ( 'NONE',  ( -0.08999981999999999427, 0.1450009800000000015, 0.02000000000000000736 ) ) ;
#5586 = PRODUCT_DEFINITION ( 'UNKNOWN', '', #5358, #9222 ) ;
#5587 = VECTOR ( 'NONE', #7333, 1000.000000000000000 ) ;
#5588 = DIRECTION ( 'NONE',  ( 1.000000000000000000, 0.0000000000000000000, 0.0000000000000000000 ) ) ;
#5589 = ORIENTED_EDGE ( 'NONE', *, *, #9491, .F. ) ;
#5590 = CARTESIAN_POINT ( 'NONE',  ( -0.2149983000000000033, 0.2149983000000000033, 0.0000000000000000000 ) ) ;
#5591 = ORIENTED_EDGE ( 'NONE', *, *, #2387, .T. ) ;
#5592 = CARTESIAN_POINT ( 'NONE',  ( 0.1400022599999999895, 0.2200021000000000060, 0.01000000000000000021 ) ) ;
#5593 = CARTESIAN_POINT ( 'NONE',  ( 0.08999981999999999427, 0.2200021000000000060, 0.0000000000000000000 ) ) ;
#5594 = ORIENTED_EDGE ( 'NONE', *, *, #3957, .T. ) ;
#5595 = DIRECTION ( 'NONE',  ( 0.0000000000000000000, -1.000000000000000000, -0.0000000000000000000 ) ) ;
#5596 = VECTOR ( 'NONE', #341, 1000.000000000000114 ) ;
#5597 = DIRECTION ( 'NONE',  ( -0.3714313362429816356, 0.9284604258969539892, 0.0000000000000000000 ) ) ;
#5598 = EDGE_CURVE ( 'NONE', #5696, #8250, #1029, .T. ) ;
#5599 = DIRECTION ( 'NONE',  ( 0.0000000000000000000, 0.0000000000000000000, 1.000000000000000000 ) ) ;
#5600 = ORIENTED_EDGE ( 'NONE', *, *, #8448, .F. ) ;
#5601 = SURFACE_STYLE_USAGE ( .BOTH. , #1056 ) ;
#5602 = ORIENTED_EDGE ( 'NONE', *, *, #2744, .T. ) ;
#5603 = DIRECTION ( 'NONE',  ( -0.9486832980504137369, -0.3162277660171379234, 0.0000000000000000000 ) ) ;
#5604 = VECTOR ( 'NONE', #7137, 1000.000000000000000 ) ;
#5605 =( NAMED_UNIT ( * ) SI_UNIT ( $, .STERADIAN. ) SOLID_ANGLE_UNIT ( ) );
#5606 = EDGE_CURVE ( 'NONE', #8401, #8489, #2516, .T. ) ;
#5607 = EDGE_CURVE ( 'NONE', #8326, #4887, #6895, .T. ) ;
#5608 = APPLICATION_CONTEXT ( 'automotive_design' ) ;
#5609 = VECTOR ( 'NONE', #8008, 1000.000000000000000 ) ;
#5610 = EDGE_CURVE ( 'NONE', #4195, #2591, #474, .T. ) ;
#5611 = ORIENTED_EDGE ( 'NONE', *, *, #1163, .F. ) ;
#5612 = FACE_OUTER_BOUND ( 'NONE', #740, .T. ) ;
#5613 = VERTEX_POINT ( 'NONE', #9086 ) ;
#5614 = DIRECTION ( 'NONE',  ( 0.0000000000000000000, -0.0000000000000000000, 1.000000000000000000 ) ) ;
#5615 = VECTOR ( 'NONE', #1455, 1000.000000000000000 ) ;
#5616 = APPLICATION_PROTOCOL_DEFINITION ( 'draft international standard', 'automotive_design', 1998, #5981 ) ;
#5617 = VERTEX_POINT ( 'NONE', #3469 ) ;
#5618 =( NAMED_UNIT ( * ) PLANE_ANGLE_UNIT ( ) SI_UNIT ( $, .RADIAN. ) );
#5619 = EDGE_CURVE ( 'NONE', #5887, #519, #8992, .T. ) ;
#5620 = CARTESIAN_POINT ( 'NONE',  ( 0.1350010000000000099, -0.09999725999999001247, 0.0000000000000000000 ) ) ;
#5621 = ORIENTED_EDGE ( 'NONE', *, *, #1538, .F. ) ;
#5622 = EDGE_CURVE ( 'NONE', #7323, #7595, #2370, .T. ) ;
#5623 = DIRECTION ( 'NONE',  ( 1.000000000000000000, 0.0000000000000000000, -0.0000000000000000000 ) ) ;
#5624 = VECTOR ( 'NONE', #2281, 1000.000000000000000 ) ;
#5625 = VERTEX_POINT ( 'NONE', #6944 ) ;
#5626 = DIRECTION ( 'NONE',  ( 1.000000000000000000, 0.0000000000000000000, 0.0000000000000000000 ) ) ;
#5627 = ORIENTED_EDGE ( 'NONE', *, *, #5250, .F. ) ;
#5628 = LINE ( 'NONE', #3717, #384 ) ;
#5629 = CARTESIAN_POINT ( 'NONE',  ( -0.1149985000000000035, 0.1300022800000000256, 0.0000000000000000000 ) ) ;
#5630 = EDGE_CURVE ( 'NONE', #7022, #4142, #1673, .T. ) ;
#5631 = LINE ( 'NONE', #9191, #8414 ) ;
#5632 = PLANE ( 'NONE',  #5837 ) ;
#5633 = CARTESIAN_POINT ( 'NONE',  ( -0.08999981999999999427, 0.2000021399999999949, 0.01000000000000000021 ) ) ;
#5634 = VECTOR ( 'NONE', #5774, 1000.000000000000114 ) ;
#5635 = VECTOR ( 'NONE', #7579, 1000.000000000000000 ) ;
#5636 = ORIENTED_EDGE ( 'NONE', *, *, #3452, .T. ) ;
#5637 = UNCERTAINTY_MEASURE_WITH_UNIT (LENGTH_MEASURE( 1.000000000000000082E-05 ), #7330, 'distance_accuracy_value', 'NONE');
#5638 = CARTESIAN_POINT ( 'NONE',  ( 0.009999980000002999664, 0.0000000000000000000, 0.0000000000000000000 ) ) ;
#5639 = CARTESIAN_POINT ( 'NONE',  ( 0.0000000000000000000, 0.0000000000000000000, 0.0000000000000000000 ) ) ;
#5640 = ORIENTED_EDGE ( 'NONE', *, *, #4285, .F. ) ;
#5641 = LINE ( 'NONE', #2006, #2839 ) ;
#5642 = PLANE ( 'NONE',  #5452 ) ;
#5643 = ORIENTED_EDGE ( 'NONE', *, *, #7201, .F. ) ;
#5644 = DIRECTION ( 'NONE',  ( 0.5547001962249983320, -0.8320502943379975980, -0.0000000000000000000 ) ) ;
#5645 = DIRECTION ( 'NONE',  ( 0.0000000000000000000, 0.0000000000000000000, -1.000000000000000000 ) ) ;
#5646 = ORIENTED_EDGE ( 'NONE', *, *, #7228, .F. ) ;
#5647 = VECTOR ( 'NONE', #4814, 1000.000000000000000 ) ;
#5648 = ITEM_DEFINED_TRANSFORMATION ( 'NONE', 'NONE', #5045,  #5723 ) ;
#5649 = FACE_OUTER_BOUND ( 'NONE', #8780, .T. ) ;
#5650 = PRODUCT_DEFINITION_SHAPE ( 'NONE', 'NONE',  #9501 ) ;
#5651 =( LENGTH_UNIT ( ) NAMED_UNIT ( * ) SI_UNIT ( .MILLI., .METRE. ) );
#5652 = ORIENTED_EDGE ( 'NONE', *, *, #286, .F. ) ;
#5653 = UNCERTAINTY_MEASURE_WITH_UNIT (LENGTH_MEASURE( 1.000000000000000082E-05 ), #1578, 'distance_accuracy_value', 'NONE');
#5654 = LINE ( 'NONE', #6377, #710 ) ;
#5655 = ORIENTED_EDGE ( 'NONE', *, *, #2813, .T. ) ;
#5656 =( GEOMETRIC_REPRESENTATION_CONTEXT ( 3 ) GLOBAL_UNCERTAINTY_ASSIGNED_CONTEXT ( ( #5069 ) ) GLOBAL_UNIT_ASSIGNED_CONTEXT ( ( #4493, #765, #2759 ) ) REPRESENTATION_CONTEXT ( 'NONE', 'WORKASPACE' ) );
#5657 = FACE_OUTER_BOUND ( 'NONE', #8313, .T. ) ;
#5658 = DIRECTION ( 'NONE',  ( -1.000000000000000000, 0.0000000000000000000, -0.0000000000000000000 ) ) ;
#5659 = PRODUCT_RELATED_PRODUCT_CATEGORY ( 'part', '', ( #999 ) ) ;
#5660 = VECTOR ( 'NONE', #6147, 1000.000000000000000 ) ;
#5661 = SHAPE_REPRESENTATION ( 'User Library-QFN-20_479712337', ( #8672, #328 ), #9428 ) ;
#5662 = VECTOR ( 'NONE', #1250, 1000.000000000000114 ) ;
#5663 = DIRECTION ( 'NONE',  ( 0.8320502943379975980, -0.5547001962249983320, 0.0000000000000000000 ) ) ;
#5664 = ORIENTED_EDGE ( 'NONE', *, *, #2466, .F. ) ;
#5665 = ADVANCED_FACE ( 'NONE', ( #2420 ), #5439, .T. ) ;
#5666 = CARTESIAN_POINT ( 'NONE',  ( -0.009999980000000383701, 0.1750009199999895959, 0.0000000000000000000 ) ) ;
#5667 = ADVANCED_FACE ( 'NONE', ( #1980 ), #3142, .T. ) ;
#5668 = VERTEX_POINT ( 'NONE', #6204 ) ;
#5669 = CARTESIAN_POINT ( 'NONE',  ( 0.1500022399999999811, 0.09000236000000000347, 0.0000000000000000000 ) ) ;
#5670 = AXIS2_PLACEMENT_3D ( 'NONE', #817, #8137, #4355 ) ;
#5671 = APPLICATION_PROTOCOL_DEFINITION ( 'draft international standard', 'automotive_design', 1998, #7154 ) ;
#5672 = EDGE_LOOP ( 'NONE', ( #7375, #3309, #5199, #1259 ) ) ;
#5673 = EDGE_CURVE ( 'NONE', #6124, #4530, #1809, .T. ) ;
#5674 = VECTOR ( 'NONE', #2678, 1000.000000000000114 ) ;
#5675 = CARTESIAN_POINT ( 'NONE',  ( 1.499999539999999909, 1.499999539999999909, 0.5799999999999999600 ) ) ;
#5676 = ORIENTED_EDGE ( 'NONE', *, *, #7437, .T. ) ;
#5677 =( REPRESENTATION_RELATIONSHIP ('NONE','NONE', #3811, #8508 ) REPRESENTATION_RELATIONSHIP_WITH_TRANSFORMATION ( #8870 )SHAPE_REPRESENTATION_RELATIONSHIP( ) );
#5678 = PLANE ( 'NONE',  #2987 ) ;
#5679 = LINE ( 'NONE', #4256, #7471 ) ;
#5680 = ORIENTED_EDGE ( 'NONE', *, *, #6184, .T. ) ;
#5681 = VECTOR ( 'NONE', #1997, 1000.000000000000000 ) ;
#5682 = ADVANCED_FACE ( 'NONE', ( #8431 ), #1756, .T. ) ;
#5683 = DIRECTION ( 'NONE',  ( 0.0000000000000000000, 0.0000000000000000000, 1.000000000000000000 ) ) ;
#5684 = DIRECTION ( 'NONE',  ( 0.7071067811870475062, -0.7071067811860475283, 0.0000000000000000000 ) ) ;
#5686 = EDGE_CURVE ( 'NONE', #5061, #8152, #8610, .T. ) ;
#5685 = DIRECTION ( 'NONE',  ( 1.000000000000000000, 0.0000000000000000000, 0.0000000000000000000 ) ) ;
#5687 = CARTESIAN_POINT ( 'NONE',  ( 0.07500112000000003221, -0.1399971799999999711, 0.0000000000000000000 ) ) ;
#5688 = LINE ( 'NONE', #398, #1624 ) ;
#5689 = DIRECTION ( 'NONE',  ( -0.0000000000000000000, -0.0000000000000000000, -1.000000000000000000 ) ) ;
#5690 = AXIS2_PLACEMENT_3D ( 'NONE', #5227, #7308, #2313 ) ;
#5691 = DIRECTION ( 'NONE',  ( 1.000000000000000000, 0.0000000000000000000, 0.0000000000000000000 ) ) ;
#5692 = EDGE_CURVE ( 'NONE', #8926, #2784, #4143, .T. ) ;
#5693 =( NAMED_UNIT ( * ) PLANE_ANGLE_UNIT ( ) SI_UNIT ( $, .RADIAN. ) );
#5694 = ORIENTED_EDGE ( 'NONE', *, *, #7612, .F. ) ;
#5695 = FACE_OUTER_BOUND ( 'NONE', #9415, .T. ) ;
#5696 = VERTEX_POINT ( 'NONE', #1194 ) ;
#5697 = LINE ( 'NONE', #1287, #8715 ) ;
#5698 = PLANE ( 'NONE',  #3741 ) ;
#5699 = ORIENTED_EDGE ( 'NONE', *, *, #8522, .T. ) ;
#5700 = CARTESIAN_POINT ( 'NONE',  ( 0.08999982000000000815, 0.2000021400000000227, 0.0000000000000000000 ) ) ;
#5701 = DIRECTION ( 'NONE',  ( 0.9486832980504137369, 0.3162277660171379234, 0.0000000000000000000 ) ) ;
#5702 = ITEM_DEFINED_TRANSFORMATION ( 'NONE', 'NONE', #3640,  #1864 ) ;
#5703 = FACE_OUTER_BOUND ( 'NONE', #2090, .T. ) ;
#5704 = EDGE_LOOP ( 'NONE', ( #8599, #7796, #882, #280 ) ) ;
#5705 = LINE ( 'NONE', #510, #3803 ) ;
#5706 =( NAMED_UNIT ( * ) PLANE_ANGLE_UNIT ( ) SI_UNIT ( $, .RADIAN. ) );
#5707 = ORIENTED_EDGE ( 'NONE', *, *, #1946, .F. ) ;
#5708 = DIRECTION ( 'NONE',  ( 0.0000000000000000000, 0.0000000000000000000, 1.000000000000000000 ) ) ;
#5709 = COLOUR_RGB ( '',0.7529411764705882248, 0.7529411764705882248, 0.7529411764705882248 ) ;
#5710 = DIRECTION ( 'NONE',  ( -0.7071067811860475283, 0.7071067811870475062, 0.0000000000000000000 ) ) ;
#5711 = PRODUCT_DEFINITION ( 'UNKNOWN', '', #1506, #2557 ) ;
#5712 = ORIENTED_EDGE ( 'NONE', *, *, #9138, .T. ) ;
#5713 = LINE ( 'NONE', #6626, #7385 ) ;
#5714 =( LENGTH_UNIT ( ) NAMED_UNIT ( * ) SI_UNIT ( .MILLI., .METRE. ) );
#5715 = PLANE ( 'NONE',  #6179 ) ;
#5716 = APPLICATION_PROTOCOL_DEFINITION ( 'draft international standard', 'automotive_design', 1998, #6652 ) ;
#5717 =( GEOMETRIC_REPRESENTATION_CONTEXT ( 3 ) GLOBAL_UNCERTAINTY_ASSIGNED_CONTEXT ( ( #1088 ) ) GLOBAL_UNIT_ASSIGNED_CONTEXT ( ( #2087, #6449, #6159 ) ) REPRESENTATION_CONTEXT ( 'NONE', 'WORKASPACE' ) );
#5718 = LINE ( 'NONE', #5860, #8244 ) ;
#5719 = ORIENTED_EDGE ( 'NONE', *, *, #7102, .T. ) ;
#5720 = EDGE_CURVE ( 'NONE', #904, #4508, #8749, .T. ) ;
#5721 = EDGE_CURVE ( 'NONE', #3231, #2506, #8654, .T. ) ;
#5722 = ORIENTED_EDGE ( 'NONE', *, *, #8609, .F. ) ;
#5723 = AXIS2_PLACEMENT_3D ( 'NONE', #3759, #2310, #5172 ) ;
#5724 = CARTESIAN_POINT ( 'NONE',  ( 0.02500121999999069949, -0.1499997000000047320, 0.0000000000000000000 ) ) ;
#5725 = DIRECTION ( 'NONE',  ( 0.0000000000000000000, 0.0000000000000000000, 1.000000000000000000 ) ) ;
#5726 = AXIS2_PLACEMENT_3D ( 'NONE', #6388, #7659, #9317 ) ;
#5727 = CARTESIAN_POINT ( 'NONE',  ( -0.1549984199999999979, -0.07999984000000000262, 0.0000000000000000000 ) ) ;
#5728 = PLANE ( 'NONE',  #6671 ) ;
#5729 = LINE ( 'NONE', #6308, #226 ) ;
#5730 = ADVANCED_FACE ( 'NONE', ( #9455 ), #5715, .T. ) ;
#5731 = COLOUR_RGB ( '',0.7529411764705882248, 0.7529411764705882248, 0.7529411764705882248 ) ;
#5732 = EDGE_CURVE ( 'NONE', #6511, #1952, #6630, .T. ) ;
#5733 = PRODUCT_DEFINITION_SHAPE ( 'NONE', 'NONE',  #9508 ) ;
#5734 = ADVANCED_FACE ( 'NONE', ( #8791 ), #579, .T. ) ;
#5735 = PRESENTATION_STYLE_ASSIGNMENT (( #8631 ) ) ;
#5736 = EDGE_LOOP ( 'NONE', ( #7101, #118, #3307, #523, #5403, #2909, #9114, #6240, #6028, #7105, #2604, #4768, #7906, #8689 ) ) ;
#5737 = UNCERTAINTY_MEASURE_WITH_UNIT (LENGTH_MEASURE( 1.000000000000000082E-05 ), #8876, 'distance_accuracy_value', 'NONE');
#5738 = PRESENTATION_LAYER_ASSIGNMENT (  '', '', ( #6046 ) ) ;
#5739 = DIRECTION ( 'NONE',  ( 0.0000000000000000000, 1.000000000000000000, 0.0000000000000000000 ) ) ;
#5740 = ORIENTED_EDGE ( 'NONE', *, *, #4601, .T. ) ;
#5741 = DIRECTION ( 'NONE',  ( -0.0000000000000000000, 1.000000000000000000, 0.0000000000000000000 ) ) ;
#5742 = PRODUCT ( 'User Library-QFN-20_Board1', 'User Library-QFN-20_Board1', '', ( #7648 ) ) ;
#5743 = DIRECTION ( 'NONE',  ( -0.3162277660171379789, 0.9486832980504138479, 0.0000000000000000000 ) ) ;
#5744 = ORIENTED_EDGE ( 'NONE', *, *, #3359, .T. ) ;
#5745 = DIRECTION ( 'NONE',  ( -0.0000000000000000000, 0.0000000000000000000, -1.000000000000000000 ) ) ;
#5746 = PLANE ( 'NONE',  #7992 ) ;
#5747 = ADVANCED_FACE ( 'NONE', ( #6441 ), #2024, .T. ) ;
#5748 = AXIS2_PLACEMENT_3D ( 'NONE', #9236, #9189, #8294 ) ;
#5749 = ITEM_DEFINED_TRANSFORMATION ( 'NONE', 'NONE', #3707,  #2951 ) ;
#5750 = LINE ( 'NONE', #2050, #3896 ) ;
#5751 = CARTESIAN_POINT ( 'NONE',  ( -0.02999994000001000166, 0.2000021399999999949, 0.0000000000000000000 ) ) ;
#5752 = VERTEX_POINT ( 'NONE', #7307 ) ;
#5753 = FACE_OUTER_BOUND ( 'NONE', #2952, .T. ) ;
#5754 = EDGE_LOOP ( 'NONE', ( #6779, #7356, #1885, #2054 ) ) ;
#5755 = DIRECTION ( 'NONE',  ( 0.1788854381999986365, 0.9838699100999045433, 0.0000000000000000000 ) ) ;
#5756 = AXIS2_PLACEMENT_3D ( 'NONE', #5362, #7728, #4729 ) ;
#5757 = DIRECTION ( 'NONE',  ( 0.0000000000000000000, -0.0000000000000000000, -1.000000000000000000 ) ) ;
#5758 = LINE ( 'NONE', #6437, #7322 ) ;
#5759 = ORIENTED_EDGE ( 'NONE', *, *, #3473, .T. ) ;
#5760 = SURFACE_STYLE_USAGE ( .BOTH. , #7930 ) ;
#5761 = DIRECTION ( 'NONE',  ( 1.000000000000000000, 0.0000000000000000000, 0.0000000000000000000 ) ) ;
#5762 = ORIENTED_EDGE ( 'NONE', *, *, #4229, .T. ) ;
#5763 = DIRECTION ( 'NONE',  ( -0.4472135954999579277, -0.8944271909999158554, 0.0000000000000000000 ) ) ;
#5764 = CARTESIAN_POINT ( 'NONE',  ( 0.1750009199999975895, 0.02000249999999923964, 0.0000000000000000000 ) ) ;
#5765 = CARTESIAN_POINT ( 'NONE',  ( -0.8499982999999999844, -0.6500012400000000357, 0.0000000000000000000 ) ) ;
#5766 = DIRECTION ( 'NONE',  ( 0.0000000000000000000, 0.0000000000000000000, 1.000000000000000000 ) ) ;
#5767 = VERTEX_POINT ( 'NONE', #6536 ) ;
#5768 = DIRECTION ( 'NONE',  ( 0.1788854381999832044, 0.9838699100999075409, 0.0000000000000000000 ) ) ;
#5769 = ORIENTED_EDGE ( 'NONE', *, *, #1818, .T. ) ;
#5770 = VECTOR ( 'NONE', #7465, 1000.000000000000000 ) ;
#5771 = LINE ( 'NONE', #5139, #7966 ) ;
#5772 = DIRECTION ( 'NONE',  ( 0.0000000000000000000, 0.0000000000000000000, 1.000000000000000000 ) ) ;
#5773 = ORIENTED_EDGE ( 'NONE', *, *, #6184, .F. ) ;
#5774 = DIRECTION ( 'NONE',  ( -0.9701425001453907182, 0.2425356250360976851, -0.0000000000000000000 ) ) ;
#5775 = EDGE_CURVE ( 'NONE', #6641, #2345, #3523, .T. ) ;
#5776 = VECTOR ( 'NONE', #3529, 1000.000000000000000 ) ;
#5777 = VECTOR ( 'NONE', #8424, 1000.000000000000000 ) ;
#5778 = ORIENTED_EDGE ( 'NONE', *, *, #3539, .T. ) ;
#5779 = CARTESIAN_POINT ( 'NONE',  ( -0.1399997199999999942, 0.2200021000000000060, 0.0000000000000000000 ) ) ;
#5780 = ADVANCED_FACE ( 'NONE', ( #4985 ), #2123, .T. ) ;
#5781 = SURFACE_STYLE_FILL_AREA ( #4173 ) ;
#5782 = ORIENTED_EDGE ( 'NONE', *, *, #347, .F. ) ;
#5783 = CARTESIAN_POINT ( 'NONE',  ( 0.07500112000000000445, 0.1400022599999999895, 0.02000000000000000736 ) ) ;
#5784 = DIRECTION ( 'NONE',  ( 0.0000000000000000000, -0.0000000000000000000, -1.000000000000000000 ) ) ;
#5785 = EDGE_LOOP ( 'NONE', ( #4830, #1985, #7946, #8722, #6167, #5426, #6000, #1803, #5461, #5184, #4788, #6300, #4330, #7427, #4196, #8494, #6871, #4681, #829, #662, #687, #1025 ) ) ;
#5786 = DIRECTION ( 'NONE',  ( 1.000000000000000000, 0.0000000000000000000, 0.0000000000000000000 ) ) ;
#5787 = EDGE_CURVE ( 'NONE', #3068, #7732, #5900, .T. ) ;
#5788 = DIRECTION ( 'NONE',  ( 0.9284604258969539892, 0.3714313362429816356, 0.0000000000000000000 ) ) ;
#5789 = VECTOR ( 'NONE', #225, 1000.000000000000000 ) ;
#5790 = CARTESIAN_POINT ( 'NONE',  ( -0.06499860000000999560, 0.1600022200000000006, 0.0000000000000000000 ) ) ;
#5791 = AXIS2_PLACEMENT_3D ( 'NONE', #5561, #5708, #7209 ) ;
#5792 = CARTESIAN_POINT ( 'NONE',  ( -0.1399997199999999942, 0.03000247999999000603, 0.0000000000000000000 ) ) ;
#5793 = APPLICATION_CONTEXT ( 'automotive_design' ) ;
#5794 = ORIENTED_EDGE ( 'NONE', *, *, #2525, .T. ) ;
#5795 =( NAMED_UNIT ( * ) PLANE_ANGLE_UNIT ( ) SI_UNIT ( $, .RADIAN. ) );
#5796 = EDGE_CURVE ( 'NONE', #3194, #1415, #3615, .T. ) ;
#5797 =( NAMED_UNIT ( * ) SI_UNIT ( $, .STERADIAN. ) SOLID_ANGLE_UNIT ( ) );
#5798 = VERTEX_POINT ( 'NONE', #8838 ) ;
#5799 = LINE ( 'NONE', #8165, #7032 ) ;
#5800 = VECTOR ( 'NONE', #9142, 1000.000000000000114 ) ;
#5801 = DIRECTION ( 'NONE',  ( -0.0000000000000000000, 1.000000000000000000, 0.0000000000000000000 ) ) ;
#5802 = VECTOR ( 'NONE', #4411, 1000.000000000000000 ) ;
#5803 = EDGE_CURVE ( 'NONE', #7417, #7029, #763, .T. ) ;
#5804 = CARTESIAN_POINT ( 'NONE',  ( 0.04999990000000806289, 0.01000251999999196215, 0.0000000000000000000 ) ) ;
#5805 = ORIENTED_EDGE ( 'NONE', *, *, #8144, .F. ) ;
#5806 = DIRECTION ( 'NONE',  ( -0.8137434461713612954, -0.5812242285152580124, 0.0000000000000000000 ) ) ;
#5807 = ADVANCED_FACE ( 'NONE', ( #2745 ), #4437, .T. ) ;
#5808 =( LENGTH_UNIT ( ) NAMED_UNIT ( * ) SI_UNIT ( .MILLI., .METRE. ) );
#5809 = ORIENTED_EDGE ( 'NONE', *, *, #6083, .F. ) ;
#5810 = VECTOR ( 'NONE', #538, 1000.000000000000000 ) ;
#5811 = DIRECTION ( 'NONE',  ( 0.0000000000000000000, 1.000000000000000000, -0.0000000000000000000 ) ) ;
#5812 = CARTESIAN_POINT ( 'NONE',  ( -0.1549984199999999979, 0.2200021000000000337, 0.0000000000000000000 ) ) ;
#5813 = PRODUCT ( 'User Library-QFN-20_479706833', 'User Library-QFN-20_479706833', '', ( #8882 ) ) ;
#5814 = DIRECTION ( 'NONE',  ( 0.0000000000000000000, 0.0000000000000000000, -1.000000000000000000 ) ) ;
#5815 =( GEOMETRIC_REPRESENTATION_CONTEXT ( 3 ) GLOBAL_UNCERTAINTY_ASSIGNED_CONTEXT ( ( #610 ) ) GLOBAL_UNIT_ASSIGNED_CONTEXT ( ( #4086, #9159, #1002 ) ) REPRESENTATION_CONTEXT ( 'NONE', 'WORKASPACE' ) );
#5816 = ORIENTED_EDGE ( 'NONE', *, *, #2217, .T. ) ;
#5817 = AXIS2_PLACEMENT_3D ( 'NONE', #8546, #7251, #606 ) ;
#5818 = CARTESIAN_POINT ( 'NONE',  ( -0.2149983000000000033, -0.2149983000000000033, 0.0000000000000000000 ) ) ;
#5819 = PRODUCT ( 'User Library-QFN-20_479711953', 'User Library-QFN-20_479711953', '', ( #247 ) ) ;
#5820 = VERTEX_POINT ( 'NONE', #6579 ) ;
#5821 = AXIS2_PLACEMENT_3D ( 'NONE', #6685, #7273, #639 ) ;
#5822 =( NAMED_UNIT ( * ) PLANE_ANGLE_UNIT ( ) SI_UNIT ( $, .RADIAN. ) );
#5823 = ORIENTED_EDGE ( 'NONE', *, *, #2060, .F. ) ;
#5824 = CARTESIAN_POINT ( 'NONE',  ( -0.01499870000000992978, -0.2199995600000000384, 0.01000000000000000021 ) ) ;
#5825 = DIRECTION ( 'NONE',  ( -0.6246950475541803716, -0.7808688094432254534, 0.0000000000000000000 ) ) ;
#5826 = DIRECTION ( 'NONE',  ( -0.0000000000000000000, -1.000000000000000000, -0.0000000000000000000 ) ) ;
#5827 = ORIENTED_EDGE ( 'NONE', *, *, #1591, .T. ) ;
#5828 = SURFACE_STYLE_USAGE ( .BOTH. , #2286 ) ;
#5829 = EDGE_LOOP ( 'NONE', ( #2686, #5845, #2229 ) ) ;
#5830 = LINE ( 'NONE', #2956, #6254 ) ;
#5831 = UNCERTAINTY_MEASURE_WITH_UNIT (LENGTH_MEASURE( 1.000000000000000082E-05 ), #2893, 'distance_accuracy_value', 'NONE');
#5832 = LINE ( 'NONE', #9475, #5410 ) ;
#5833 =( NAMED_UNIT ( * ) PLANE_ANGLE_UNIT ( ) SI_UNIT ( $, .RADIAN. ) );
#5834 = ORIENTED_EDGE ( 'NONE', *, *, #5692, .T. ) ;
#5835 = CARTESIAN_POINT ( 'NONE',  ( 0.8400008599999851944, -0.7099985799999976033, 0.0000000000000000000 ) ) ;
#5836 = CARTESIAN_POINT ( 'NONE',  ( 0.1299997400000000025, -0.2399995199999999940, 0.0000000000000000000 ) ) ;
#5837 = AXIS2_PLACEMENT_3D ( 'NONE', #7903, #2575, #2665 ) ;
#5838 = DIRECTION ( 'NONE',  ( 0.9284766908852593037, -0.3713906763541037215, 0.0000000000000000000 ) ) ;
#5839 = CARTESIAN_POINT ( 'NONE',  ( 0.1350010000000000099, -0.1299972000000000072, 0.0000000000000000000 ) ) ;
#5840 = ADVANCED_FACE ( 'NONE', ( #2070 ), #1314, .T. ) ;
#5841 = LINE ( 'NONE', #658, #2498 ) ;
#5842 = EDGE_CURVE ( 'NONE', #2160, #2880, #5034, .T. ) ;
#5843 = VERTEX_POINT ( 'NONE', #625 ) ;
#5844 = UNCERTAINTY_MEASURE_WITH_UNIT (LENGTH_MEASURE( 1.000000000000000082E-05 ), #2138, 'distance_accuracy_value', 'NONE');
#5845 = ORIENTED_EDGE ( 'NONE', *, *, #6371, .T. ) ;
#5846 = PLANE ( 'NONE',  #228 ) ;
#5847 = ORIENTED_EDGE ( 'NONE', *, *, #4309, .T. ) ;
#5848 = CARTESIAN_POINT ( 'NONE',  ( 0.1750009200000000043, 0.1499997000000000136, 0.0000000000000000000 ) ) ;
#5849 = ADVANCED_FACE ( 'NONE', ( #3567 ), #3077, .T. ) ;
#5850 = APPLICATION_PROTOCOL_DEFINITION ( 'draft international standard', 'automotive_design', 1998, #2136 ) ;
#5851 = FACE_OUTER_BOUND ( 'NONE', #1437, .T. ) ;
#5852 = EDGE_CURVE ( 'NONE', #2301, #2672, #1692, .T. ) ;
#5853 = EDGE_LOOP ( 'NONE', ( #5225, #7174, #5070, #4204 ) ) ;
#5854 =( LENGTH_UNIT ( ) NAMED_UNIT ( * ) SI_UNIT ( .MILLI., .METRE. ) );
#5855 =( REPRESENTATION_RELATIONSHIP ('NONE','NONE', #6962, #282 ) REPRESENTATION_RELATIONSHIP_WITH_TRANSFORMATION ( #1767 )SHAPE_REPRESENTATION_RELATIONSHIP( ) );
#5856 = VERTEX_POINT ( 'NONE', #7453 ) ;
#5857 = DIRECTION ( 'NONE',  ( -0.9864018224757633568, 0.1643515884209605926, 0.0000000000000000000 ) ) ;
#5858 =( NAMED_UNIT ( * ) SI_UNIT ( $, .STERADIAN. ) SOLID_ANGLE_UNIT ( ) );
#5859 = DIRECTION ( 'NONE',  ( 1.000000000000000000, 0.0000000000000000000, -0.0000000000000000000 ) ) ;
#5860 = CARTESIAN_POINT ( 'NONE',  ( -0.09999980000001000568, 0.01999995999999000171, 0.0000000000000000000 ) ) ;
#5861 = ORIENTED_EDGE ( 'NONE', *, *, #2230, .F. ) ;
#5862 = EDGE_CURVE ( 'NONE', #1969, #6716, #8265, .T. ) ;
#5863 = FACE_OUTER_BOUND ( 'NONE', #6696, .T. ) ;
#5864 = VERTEX_POINT ( 'NONE', #6721 ) ;
#5865 = CARTESIAN_POINT ( 'NONE',  ( 0.1750009200000000043, 0.1499997000000000136, 0.02000000000000000042 ) ) ;
#5866 = CARTESIAN_POINT ( 'NONE',  ( 0.2684221199999999863, -0.2696057600000000276, 0.6127000000000000224 ) ) ;
#5867 = VERTEX_POINT ( 'NONE', #3761 ) ;
#5868 = LINE ( 'NONE', #8762, #2946 ) ;
#5869 = CARTESIAN_POINT ( 'NONE',  ( -0.1499997000000000136, 0.02500121999999014785, 0.0000000000000000000 ) ) ;
#5870 = ORIENTED_EDGE ( 'NONE', *, *, #8897, .T. ) ;
#5871 = VECTOR ( 'NONE', #7693, 999.9999999999998863 ) ;
#5872 = VECTOR ( 'NONE', #9005, 1000.000000000000000 ) ;
#5873 = ORIENTED_EDGE ( 'NONE', *, *, #5619, .T. ) ;
#5874 = CARTESIAN_POINT ( 'NONE',  ( -0.1200023000000000201, 0.1150010399999999988, 0.0000000000000000000 ) ) ;
#5875 =( NAMED_UNIT ( * ) SI_UNIT ( $, .STERADIAN. ) SOLID_ANGLE_UNIT ( ) );
#5876 = ORIENTED_EDGE ( 'NONE', *, *, #6020, .F. ) ;
#5877 =( GEOMETRIC_REPRESENTATION_CONTEXT ( 3 ) GLOBAL_UNCERTAINTY_ASSIGNED_CONTEXT ( ( #9385 ) ) GLOBAL_UNIT_ASSIGNED_CONTEXT ( ( #5460, #1143, #1100 ) ) REPRESENTATION_CONTEXT ( 'NONE', 'WORKASPACE' ) );
#5878 = LINE ( 'NONE', #2189, #5039 ) ;
#5879 = DIRECTION ( 'NONE',  ( 1.000000000000000000, 0.0000000000000000000, 0.0000000000000000000 ) ) ;
#5880 = VECTOR ( 'NONE', #973, 1000.000000000000000 ) ;
#5881 = ITEM_DEFINED_TRANSFORMATION ( 'NONE', 'NONE', #2171,  #5419 ) ;
#5882 = DIRECTION ( 'NONE',  ( -0.0000000000000000000, -0.0000000000000000000, -1.000000000000000000 ) ) ;
#5883 = DIRECTION ( 'NONE',  ( 0.0000000000000000000, 0.0000000000000000000, 1.000000000000000000 ) ) ;
#5884 = ORIENTED_EDGE ( 'NONE', *, *, #162, .F. ) ;
#5885 = PLANE ( 'NONE',  #1242 ) ;
#5886 = PRESENTATION_STYLE_ASSIGNMENT (( #3805 ) ) ;
#5887 = VERTEX_POINT ( 'NONE', #2312 ) ;
#5888 = DIRECTION ( 'NONE',  ( 0.5491778866610768084, -0.8357054797011166380, -0.0000000000000000000 ) ) ;
#5889 = ORIENTED_EDGE ( 'NONE', *, *, #9301, .F. ) ;
#5890 = DIRECTION ( 'NONE',  ( -0.9284766908852593037, 0.3713906763541037215, 0.0000000000000000000 ) ) ;
#5891 = AXIS2_PLACEMENT_3D ( 'NONE', #1170, #4205, #5626 ) ;
#5892 = EDGE_CURVE ( 'NONE', #8152, #5617, #857, .T. ) ;
#5893 = PRODUCT ( 'User Library-QFN-20_479710545', 'User Library-QFN-20_479710545', '', ( #3086 ) ) ;
#5894 = LINE ( 'NONE', #8309, #7157 ) ;
#5895 = ORIENTED_EDGE ( 'NONE', *, *, #2403, .T. ) ;
#5896 = VECTOR ( 'NONE', #7947, 1000.000000000000000 ) ;
#5897 = FACE_OUTER_BOUND ( 'NONE', #595, .T. ) ;
#5898 = DIRECTION ( 'NONE',  ( 1.000000000000000000, 0.0000000000000000000, 0.0000000000000000000 ) ) ;
#5899 = VERTEX_POINT ( 'NONE', #6770 ) ;
#5900 = LINE ( 'NONE', #5175, #4954 ) ;
#5901 = LINE ( 'NONE', #807, #6453 ) ;
#5902 = EDGE_CURVE ( 'NONE', #7536, #7414, #8221, .T. ) ;
#5903 = CARTESIAN_POINT ( 'NONE',  ( -0.08999981999999731586, 0.1450009799999973370, 0.0000000000000000000 ) ) ;
#5904 = EDGE_CURVE ( 'NONE', #5032, #7271, #8977, .T. ) ;
#5905 = CARTESIAN_POINT ( 'NONE',  ( -0.08999981999999999427, 0.09000236000000000347, 0.0000000000000000000 ) ) ;
#5906 = EDGE_CURVE ( 'NONE', #7166, #8095, #8314, .T. ) ;
#5907 = COLOUR_RGB ( '',0.7529411764705882248, 0.7529411764705882248, 0.7529411764705882248 ) ;
#5908 = ORIENTED_EDGE ( 'NONE', *, *, #508, .T. ) ;
#5909 = FACE_OUTER_BOUND ( 'NONE', #2442, .T. ) ;
#5910 = ORIENTED_EDGE ( 'NONE', *, *, #7969, .T. ) ;
#5911 = CARTESIAN_POINT ( 'NONE',  ( 0.1500022400000000089, -0.2199995600000000107, 0.01000000000000000021 ) ) ;
#5912 = VECTOR ( 'NONE', #3711, 1000.000000000000000 ) ;
#5913 =( NAMED_UNIT ( * ) PLANE_ANGLE_UNIT ( ) SI_UNIT ( $, .RADIAN. ) );
#5914 = ORIENTED_EDGE ( 'NONE', *, *, #2756, .F. ) ;
#5915 = DIRECTION ( 'NONE',  ( 1.000000000000000000, 0.0000000000000000000, 0.0000000000000000000 ) ) ;
#5916 = DIRECTION ( 'NONE',  ( -0.0000000000000000000, -0.0000000000000000000, -1.000000000000000000 ) ) ;
#5917 = EDGE_CURVE ( 'NONE', #68, #5940, #3854, .T. ) ;
#5918 = VERTEX_POINT ( 'NONE', #4581 ) ;
#5919 =( REPRESENTATION_RELATIONSHIP ('NONE','NONE', #5544, #7940 ) REPRESENTATION_RELATIONSHIP_WITH_TRANSFORMATION ( #7538 )SHAPE_REPRESENTATION_RELATIONSHIP( ) );
#5920 = DIRECTION ( 'NONE',  ( 1.000000000000000000, 0.0000000000000000000, -0.0000000000000000000 ) ) ;
#5921 = CARTESIAN_POINT ( 'NONE',  ( 0.0000000000000000000, 0.0000000000000000000, 0.0000000000000000000 ) ) ;
#5922 = ORIENTED_EDGE ( 'NONE', *, *, #5606, .T. ) ;
#5923 = FACE_OUTER_BOUND ( 'NONE', #2493, .T. ) ;
#5924 = DIRECTION ( 'NONE',  ( 1.000000000000000000, 0.0000000000000000000, 0.0000000000000000000 ) ) ;
#5925 = ADVANCED_FACE ( 'NONE', ( #6821 ), #8890, .T. ) ;
#5926 = VERTEX_POINT ( 'NONE', #1646 ) ;
#5927 = LINE ( 'NONE', #8007, #8264 ) ;
#5928 = FACE_OUTER_BOUND ( 'NONE', #4271, .T. ) ;
#5929 = VECTOR ( 'NONE', #9131, 1000.000000000000000 ) ;
#5930 = DIRECTION ( 'NONE',  ( -0.8000000000000000444, 0.5999999999999999778, -0.0000000000000000000 ) ) ;
#5931 = CARTESIAN_POINT ( 'NONE',  ( 0.1150010399999844418, -0.01999741999992584243, 0.0000000000000000000 ) ) ;
#5932 = CLOSED_SHELL ( 'NONE', ( #6549, #4522, #334, #5747, #1484, #284, #7387, #5142, #8046, #7498, #8042, #9080, #7446, #1244, #8030, #1791, #48, #9268, #6505, #46, #7848, #3635, #6785, #5667, #3229 ) ) ;
#5933 = SHAPE_REPRESENTATION_RELATIONSHIP ( 'NONE' , 'NONE' ,  #282, #1641 ) ;
#5934 = EDGE_LOOP ( 'NONE', ( #2436, #3562, #5021, #4653 ) ) ;
#5935 = UNCERTAINTY_MEASURE_WITH_UNIT (LENGTH_MEASURE( 1.000000000000000082E-05 ), #4612, 'distance_accuracy_value', 'NONE');
#5936 = PLANE ( 'NONE',  #2710 ) ;
#5937 =( NAMED_UNIT ( * ) SI_UNIT ( $, .STERADIAN. ) SOLID_ANGLE_UNIT ( ) );
#5938 = ORIENTED_EDGE ( 'NONE', *, *, #115, .F. ) ;
#5939 = DIRECTION ( 'NONE',  ( -0.0000000000000000000, -0.0000000000000000000, -1.000000000000000000 ) ) ;
#5940 = VERTEX_POINT ( 'NONE', #2979 ) ;
#5941 = PLANE ( 'NONE',  #67 ) ;
#5942 = AXIS2_PLACEMENT_3D ( 'NONE', #9059, #2437, #7678 ) ;
#5943 = VECTOR ( 'NONE', #4284, 1000.000000000000000 ) ;
#5944 = PRODUCT_CONTEXT ( 'NONE', #8136, 'mechanical' ) ;
#5945 = CARTESIAN_POINT ( 'NONE',  ( 0.1350010000000000099, -0.09999725999998999859, 0.02000000000000000736 ) ) ;
#5946 = VERTEX_POINT ( 'NONE', #7542 ) ;
#5947 = VECTOR ( 'NONE', #5916, 1000.000000000000000 ) ;
#5948 = VERTEX_POINT ( 'NONE', #2396 ) ;
#5949 = VECTOR ( 'NONE', #4175, 1000.000000000000000 ) ;
#5950 = PRODUCT_RELATED_PRODUCT_CATEGORY ( 'part', '', ( #309 ) ) ;
#5951 = DIRECTION ( 'NONE',  ( -1.000000000000000000, -0.0000000000000000000, -0.0000000000000000000 ) ) ;
#5952 = FACE_OUTER_BOUND ( 'NONE', #3673, .T. ) ;
#5953 = DIRECTION ( 'NONE',  ( 0.0000000000000000000, -1.000000000000000000, -0.0000000000000000000 ) ) ;
#5954 = FACE_OUTER_BOUND ( 'NONE', #7297, .T. ) ;
#5955 = VECTOR ( 'NONE', #6433, 1000.000000000000000 ) ;
#5956 = EDGE_CURVE ( 'NONE', #5330, #707, #5226, .T. ) ;
#5957 = DIRECTION ( 'NONE',  ( -0.9999999964157635368, -8.466683559676997802E-05, 0.0000000000000000000 ) ) ;
#5958 = VERTEX_POINT ( 'NONE', #4489 ) ;
#5959 = PLANE ( 'NONE',  #4255 ) ;
#5960 = EDGE_CURVE ( 'NONE', #3797, #3999, #1599, .T. ) ;
#5961 = ORIENTED_EDGE ( 'NONE', *, *, #3830, .T. ) ;
#5962 = VECTOR ( 'NONE', #1240, 1000.000000000000114 ) ;
#5963 = CARTESIAN_POINT ( 'NONE',  ( 0.005001260000000000427, 0.1800021800000000394, 0.0000000000000000000 ) ) ;
#5964 = CARTESIAN_POINT ( 'NONE',  ( 0.1199997599999999831, 0.1700021999999999922, 0.0000000000000000000 ) ) ;
#5965 = VECTOR ( 'NONE', #2362, 1000.000000000000000 ) ;
#5966 = ORIENTED_EDGE ( 'NONE', *, *, #5209, .T. ) ;
#5967 = PRODUCT_DEFINITION_SHAPE ( 'NONE', 'NONE',  #9550 ) ;
#5968 =( GEOMETRIC_REPRESENTATION_CONTEXT ( 3 ) GLOBAL_UNCERTAINTY_ASSIGNED_CONTEXT ( ( #596 ) ) GLOBAL_UNIT_ASSIGNED_CONTEXT ( ( #8903, #3625, #1559 ) ) REPRESENTATION_CONTEXT ( 'NONE', 'WORKASPACE' ) );
#5969 = EDGE_CURVE ( 'NONE', #3590, #904, #6001, .T. ) ;
#5970 = CARTESIAN_POINT ( 'NONE',  ( 0.2149983000000000033, 0.2149983000000000033, 0.0000000000000000000 ) ) ;
#5971 = FACE_OUTER_BOUND ( 'NONE', #1068, .T. ) ;
#5972 = VECTOR ( 'NONE', #8261, 1000.000000000000227 ) ;
#5973 = DIRECTION ( 'NONE',  ( 0.0000000000000000000, 0.0000000000000000000, 1.000000000000000000 ) ) ;
#5974 = ORIENTED_EDGE ( 'NONE', *, *, #3826, .F. ) ;
#5975 = EDGE_CURVE ( 'NONE', #8676, #9264, #186, .T. ) ;
#5976 = CARTESIAN_POINT ( 'NONE',  ( -0.1149985000000000035, -0.2199995600000000107, 0.0000000000000000000 ) ) ;
#5977 = ORIENTED_EDGE ( 'NONE', *, *, #9476, .T. ) ;
#5978 = PRODUCT_DEFINITION_FORMATION_WITH_SPECIFIED_SOURCE ( 'ANY', '', #309, .NOT_KNOWN. ) ;
#5979 = DIRECTION ( 'NONE',  ( 0.0000000000000000000, 0.0000000000000000000, -1.000000000000000000 ) ) ;
#5980 = DIRECTION ( 'NONE',  ( 0.8000000000000000444, -0.5999999999999999778, 0.0000000000000000000 ) ) ;
#5981 = APPLICATION_CONTEXT ( 'automotive_design' ) ;
#5982 = LINE ( 'NONE', #7388, #7070 ) ;
#5983 = EDGE_CURVE ( 'NONE', #3572, #5390, #8686, .T. ) ;
#5984 = DIRECTION ( 'NONE',  ( 0.0000000000000000000, -0.0000000000000000000, -1.000000000000000000 ) ) ;
#5985 = PRODUCT_DEFINITION_FORMATION_WITH_SPECIFIED_SOURCE ( 'ANY', '', #6888, .NOT_KNOWN. ) ;
#5986 = DIRECTION ( 'NONE',  ( 1.000000000000000000, 0.0000000000000000000, 0.0000000000000000000 ) ) ;
#5987 = VERTEX_POINT ( 'NONE', #1345 ) ;
#5988 = CARTESIAN_POINT ( 'NONE',  ( -0.7599984799999999208, -0.8199983600000000372, 0.02000000000000000042 ) ) ;
#5989 = VECTOR ( 'NONE', #1066, 1000.000000000000000 ) ;
#5990 = SURFACE_SIDE_STYLE ('',( #6031 ) ) ;
#5991 = ORIENTED_EDGE ( 'NONE', *, *, #9363, .F. ) ;
#5992 = LINE ( 'NONE', #8927, #9316 ) ;
#5993 = ORIENTED_EDGE ( 'NONE', *, *, #7722, .F. ) ;
#5994 = CARTESIAN_POINT ( 'NONE',  ( -1.499999539999999909, 1.499999539999999909, 0.0000000000000000000 ) ) ;
#5995 = AXIS2_PLACEMENT_3D ( 'NONE', #3261, #906, #1837 ) ;
#5996 = SHAPE_DEFINITION_REPRESENTATION ( #4084, #6276 ) ;
#5997 = CARTESIAN_POINT ( 'NONE',  ( -0.08999981999999999427, 0.09000236000000000347, 0.0000000000000000000 ) ) ;
#5998 = ORIENTED_EDGE ( 'NONE', *, *, #6153, .F. ) ;
#5999 = LINE ( 'NONE', #4136, #2254 ) ;
#6000 = ORIENTED_EDGE ( 'NONE', *, *, #4785, .T. ) ;
#6001 = LINE ( 'NONE', #3123, #461 ) ;
#6002 = FACE_OUTER_BOUND ( 'NONE', #8616, .T. ) ;
#6003 = LINE ( 'NONE', #5277, #3808 ) ;
#6004 = LINE ( 'NONE', #2273, #209 ) ;
#6005 = ORIENTED_EDGE ( 'NONE', *, *, #2466, .T. ) ;
#6006 = DIRECTION ( 'NONE',  ( 5.080010175878347568E-05, 0.9999999987096747089, 0.0000000000000000000 ) ) ;
#6007 = ORIENTED_EDGE ( 'NONE', *, *, #445, .F. ) ;
#6008 = DIRECTION ( 'NONE',  ( 0.7071067811865475727, -0.7071067811865475727, 0.0000000000000000000 ) ) ;
#6009 = EDGE_CURVE ( 'NONE', #6387, #2182, #1482, .T. ) ;
#6010 = CARTESIAN_POINT ( 'NONE',  ( 0.1199997599999999970, 0.1700021999999999922, 0.0000000000000000000 ) ) ;
#6011 = EDGE_LOOP ( 'NONE', ( #537, #6135, #9297, #5961 ) ) ;
#6012 = ADVANCED_FACE ( 'NONE', ( #5110 ), #746, .T. ) ;
#6013 = FACE_OUTER_BOUND ( 'NONE', #7053, .T. ) ;
#6014 = CARTESIAN_POINT ( 'NONE',  ( 0.1350010000000012589, -0.09999725999999085901, 0.0000000000000000000 ) ) ;
#6015 = DIRECTION ( 'NONE',  ( 1.000000000000000000, 0.0000000000000000000, 0.0000000000000000000 ) ) ;
#6016 = CARTESIAN_POINT ( 'NONE',  ( 0.8300008800000000520, 0.7400010599999999883, 0.0000000000000000000 ) ) ;
#6017 = ORIENTED_EDGE ( 'NONE', *, *, #7392, .F. ) ;
#6018 = DIRECTION ( 'NONE',  ( 0.0000000000000000000, 0.0000000000000000000, -1.000000000000000000 ) ) ;
#6019 = ADVANCED_FACE ( 'NONE', ( #1535 ), #791, .F. ) ;
#6020 = EDGE_CURVE ( 'NONE', #4253, #4132, #3744, .T. ) ;
#6021 = DIRECTION ( 'NONE',  ( -0.0000000000000000000, -1.000000000000000000, 0.0000000000000000000 ) ) ;
#6022 = VECTOR ( 'NONE', #764, 1000.000000000000000 ) ;
#6023 = DIRECTION ( 'NONE',  ( 0.7071067811865474617, 0.7071067811865474617, 0.0000000000000000000 ) ) ;
#6024 = ADVANCED_FACE ( 'NONE', ( #4465 ), #1435, .T. ) ;
#6025 = VECTOR ( 'NONE', #648, 1000.000000000000000 ) ;
#6026 = DIRECTION ( 'NONE',  ( 0.9284766908852593037, -0.3713906763541036660, 0.0000000000000000000 ) ) ;
#6027 = DIRECTION ( 'NONE',  ( 0.0000000000000000000, 0.0000000000000000000, 1.000000000000000000 ) ) ;
#6028 = ORIENTED_EDGE ( 'NONE', *, *, #2041, .F. ) ;
#6029 = UNCERTAINTY_MEASURE_WITH_UNIT (LENGTH_MEASURE( 1.000000000000000082E-05 ), #430, 'distance_accuracy_value', 'NONE');
#6030 = CARTESIAN_POINT ( 'NONE',  ( 0.1200023000000000201, -0.1149985000000000313, 0.0000000000000000000 ) ) ;
#6031 = SURFACE_STYLE_FILL_AREA ( #6706 ) ;
#6032 = ORIENTED_EDGE ( 'NONE', *, *, #6337, .T. ) ;
#6033 = DIRECTION ( 'NONE',  ( -0.0000000000000000000, 0.0000000000000000000, -1.000000000000000000 ) ) ;
#6034 = ORIENTED_EDGE ( 'NONE', *, *, #632, .F. ) ;
#6035 = AXIS2_PLACEMENT_3D ( 'NONE', #6612, #8061, #3694 ) ;
#6036 = EDGE_CURVE ( 'NONE', #660, #8765, #2192, .T. ) ;
#6037 = DIRECTION ( 'NONE',  ( -0.0000000000000000000, 1.000000000000000000, 0.0000000000000000000 ) ) ;
#6038 = EDGE_CURVE ( 'NONE', #3513, #1098, #8015, .T. ) ;
#6039 = MECHANICAL_DESIGN_GEOMETRIC_PRESENTATION_REPRESENTATION (  '', ( #7584 ), #8199 ) ;
#6040 = ITEM_DEFINED_TRANSFORMATION ( 'NONE', 'NONE', #5429,  #3845 ) ;
#6041 = FACE_OUTER_BOUND ( 'NONE', #8418, .T. ) ;
#6042 = VERTEX_POINT ( 'NONE', #4278 ) ;
#6043 = DIRECTION ( 'NONE',  ( -0.1960682367459480047, -0.9805902541527398153, 0.0000000000000000000 ) ) ;
#6044 = VERTEX_POINT ( 'NONE', #5931 ) ;
#6045 = CARTESIAN_POINT ( 'NONE',  ( -0.1149985000000000035, 0.1300022800000000256, 0.01000000000000000021 ) ) ;
#6046 = STYLED_ITEM ( 'NONE', ( #6510 ), #1755 ) ;
#6047 = EDGE_CURVE ( 'NONE', #8038, #5546, #8726, .T. ) ;
#6048 = PRODUCT_DEFINITION_SHAPE ( 'NONE', 'NONE',  #9531 ) ;
#6049 = CARTESIAN_POINT ( 'NONE',  ( 0.005001260000000000427, 0.2200021000000000060, 0.01000000000000000021 ) ) ;
#6050 = VECTOR ( 'NONE', #2424, 1000.000000000000114 ) ;
#6051 = ORIENTED_EDGE ( 'NONE', *, *, #2935, .F. ) ;
#6052 = CARTESIAN_POINT ( 'NONE',  ( -0.1299997400000000025, 0.1300022800000000256, 0.0000000000000000000 ) ) ;
#6053 = APPLICATION_PROTOCOL_DEFINITION ( 'draft international standard', 'automotive_design', 1998, #9413 ) ;
#6054 = ORIENTED_EDGE ( 'NONE', *, *, #3992, .F. ) ;
#6055 = STYLED_ITEM ( 'NONE', ( #6103 ), #2552 ) ;
#6056 = CARTESIAN_POINT ( 'NONE',  ( 0.08999981999999999427, 0.1450009800000000015, 0.02000000000000000736 ) ) ;
#6057 = ORIENTED_EDGE ( 'NONE', *, *, #6142, .F. ) ;
#6058 = DIRECTION ( 'NONE',  ( -0.3713906763541037215, -0.9284766908852593037, 0.0000000000000000000 ) ) ;
#6059 = LINE ( 'NONE', #4701, #7365 ) ;
#6060 = DIRECTION ( 'NONE',  ( -0.6246950475541803716, -0.7808688094432254534, 0.0000000000000000000 ) ) ;
#6061 = VECTOR ( 'NONE', #8202, 1000.000000000000000 ) ;
#6062 = VERTEX_POINT ( 'NONE', #2103 ) ;
#6063 = PRODUCT_DEFINITION ( 'UNKNOWN', '', #6589, #5150 ) ;
#6064 = DIRECTION ( 'NONE',  ( 1.000000000000000000, 0.0000000000000000000, 0.0000000000000000000 ) ) ;
#6065 = LINE ( 'NONE', #3791, #8105 ) ;
#6066 = PLANE ( 'NONE',  #5206 ) ;
#6067 = ITEM_DEFINED_TRANSFORMATION ( 'NONE', 'NONE', #1069,  #2951 ) ;
#6068 = DIRECTION ( 'NONE',  ( -0.1961161351379917261, -0.9805806756909586364, 0.0000000000000000000 ) ) ;
#6069 = EDGE_CURVE ( 'NONE', #9407, #8205, #8773, .T. ) ;
#6070 = EDGE_CURVE ( 'NONE', #5058, #4508, #5841, .T. ) ;
#6071 =( NAMED_UNIT ( * ) PLANE_ANGLE_UNIT ( ) SI_UNIT ( $, .RADIAN. ) );
#6072 = ORIENTED_EDGE ( 'NONE', *, *, #1286, .F. ) ;
#6073 = VECTOR ( 'NONE', #7046, 1000.000000000000000 ) ;
#6074 = DIRECTION ( 'NONE',  ( 0.9701425001453907182, -0.2425356250360976851, 0.0000000000000000000 ) ) ;
#6075 = VERTEX_POINT ( 'NONE', #8871 ) ;
#6076 = EDGE_CURVE ( 'NONE', #8623, #8942, #7434, .T. ) ;
#6077 = CARTESIAN_POINT ( 'NONE',  ( -0.09999980000001000568, 0.1500022400000000089, 0.01000000000000000021 ) ) ;
#6078 = ORIENTED_EDGE ( 'NONE', *, *, #7791, .F. ) ;
#6079 = PLANE ( 'NONE',  #9466 ) ;
#6080 = VECTOR ( 'NONE', #1697, 1000.000000000000114 ) ;
#6081 = CONTEXT_DEPENDENT_SHAPE_REPRESENTATION ( #3117, #5650 ) ;
#6082 = VECTOR ( 'NONE', #6091, 1000.000000000000114 ) ;
#6083 = EDGE_CURVE ( 'NONE', #8574, #1426, #5750, .T. ) ;
#6084 = ORIENTED_EDGE ( 'NONE', *, *, #2118, .F. ) ;
#6085 =( LENGTH_UNIT ( ) NAMED_UNIT ( * ) SI_UNIT ( .MILLI., .METRE. ) );
#6086 = ORIENTED_EDGE ( 'NONE', *, *, #6995, .T. ) ;
#6087 = EDGE_CURVE ( 'NONE', #5867, #8758, #605, .T. ) ;
#6088 = CARTESIAN_POINT ( 'NONE',  ( -0.02999994000001000166, -0.1599996800000000052, 0.01000000000000000021 ) ) ;
#6089 = LINE ( 'NONE', #324, #6608 ) ;
#6090 = LINE ( 'NONE', #371, #7658 ) ;
#6091 = DIRECTION ( 'NONE',  ( 0.9701425001453318764, -0.2425356250363329691, 0.0000000000000000000 ) ) ;
#6092 = VECTOR ( 'NONE', #978, 1000.000000000000114 ) ;
#6093 = ADVANCED_FACE ( 'NONE', ( #3595 ), #6519, .T. ) ;
#6094 = DIRECTION ( 'NONE',  ( 0.4961253673320437096, 0.8682508968550765038, 0.0000000000000000000 ) ) ;
#6095 = AXIS2_PLACEMENT_3D ( 'NONE', #8648, #2595, #7161 ) ;
#6096 = VERTEX_POINT ( 'NONE', #6563 ) ;
#6097 = FACE_OUTER_BOUND ( 'NONE', #3022, .T. ) ;
#6098 = APPLICATION_CONTEXT ( 'automotive_design' ) ;
#6099 = CARTESIAN_POINT ( 'NONE',  ( -0.09999980000001000568, 0.03000247999998999909, 0.01000000000000000021 ) ) ;
#6100 = APPLICATION_PROTOCOL_DEFINITION ( 'draft international standard', 'automotive_design', 1998, #8802 ) ;
#6101 = ORIENTED_EDGE ( 'NONE', *, *, #6787, .F. ) ;
#6102 = PRODUCT ( 'User Library-QFN-20_479712209', 'User Library-QFN-20_479712209', '', ( #8564 ) ) ;
#6103 = PRESENTATION_STYLE_ASSIGNMENT (( #4641 ) ) ;
#6104 = FACE_OUTER_BOUND ( 'NONE', #738, .T. ) ;
#6105 = AXIS2_PLACEMENT_3D ( 'NONE', #9044, #5391, #1677 ) ;
#6106 = ORIENTED_EDGE ( 'NONE', *, *, #2011, .F. ) ;
#6107 = CARTESIAN_POINT ( 'NONE',  ( 0.02000249999999999945, -0.1749983800000000089, 0.02000000000000000042 ) ) ;
#6108 = LINE ( 'NONE', #1713, #8596 ) ;
#6109 =( GEOMETRIC_REPRESENTATION_CONTEXT ( 3 ) GLOBAL_UNCERTAINTY_ASSIGNED_CONTEXT ( ( #2055 ) ) GLOBAL_UNIT_ASSIGNED_CONTEXT ( ( #6723, #8840, #4533 ) ) REPRESENTATION_CONTEXT ( 'NONE', 'WORKASPACE' ) );
#6110 = DIRECTION ( 'NONE',  ( 0.0000000000000000000, 0.0000000000000000000, 1.000000000000000000 ) ) ;
#6111 = DIRECTION ( 'NONE',  ( 0.8575044558472937339, 0.5144765380481763906, 0.0000000000000000000 ) ) ;
#6112 = ORIENTED_EDGE ( 'NONE', *, *, #5183, .T. ) ;
#6113 = PLANE ( 'NONE',  #6105 ) ;
#6114 = CARTESIAN_POINT ( 'NONE',  ( -0.06499860000001818350, 0.1600022199999738826, 0.0000000000000000000 ) ) ;
#6115 = CARTESIAN_POINT ( 'NONE',  ( 0.1750009200000000043, -0.01999741999999999839, 0.0000000000000000000 ) ) ;
#6116 = CONTEXT_DEPENDENT_SHAPE_REPRESENTATION ( #2018, #7435 ) ;
#6117 = CARTESIAN_POINT ( 'NONE',  ( 0.09500107999998999575, -0.1199972200000000017, 0.0000000000000000000 ) ) ;
#6118 = VECTOR ( 'NONE', #8950, 999.9999999999998863 ) ;
#6119 = PRODUCT_DEFINITION_SHAPE ( 'NONE', 'NONE',  #9532 ) ;
#6120 =( NAMED_UNIT ( * ) SI_UNIT ( $, .STERADIAN. ) SOLID_ANGLE_UNIT ( ) );
#6121 = ORIENTED_EDGE ( 'NONE', *, *, #5209, .F. ) ;
#6122 = AXIS2_PLACEMENT_3D ( 'NONE', #2994, #4500, #1418 ) ;
#6123 = DIRECTION ( 'NONE',  ( -0.7808688094427376214, -0.6246950475547902171, 0.0000000000000000000 ) ) ;
#6124 = VERTEX_POINT ( 'NONE', #2147 ) ;
#6125 = LINE ( 'NONE', #990, #5016 ) ;
#6126 = CARTESIAN_POINT ( 'NONE',  ( 0.08999982000000000815, 0.1300022800000000256, 0.01000000000000000021 ) ) ;
#6127 = ORIENTED_EDGE ( 'NONE', *, *, #8835, .F. ) ;
#6128 = VECTOR ( 'NONE', #5645, 1000.000000000000000 ) ;
#6129 = DIRECTION ( 'NONE',  ( -0.4472135954999579277, -0.8944271909999158554, 0.0000000000000000000 ) ) ;
#6130 = EDGE_CURVE ( 'NONE', #6836, #172, #2865, .T. ) ;
#6131 = ORIENTED_EDGE ( 'NONE', *, *, #1839, .F. ) ;
#6132 = APPLICATION_PROTOCOL_DEFINITION ( 'draft international standard', 'automotive_design', 1998, #5422 ) ;
#6133 = ADVANCED_FACE ( 'NONE', ( #3646 ), #1681, .T. ) ;
#6134 = CARTESIAN_POINT ( 'NONE',  ( 0.8499982999999999844, 0.6400012600000000162, 0.0000000000000000000 ) ) ;
#6135 = ORIENTED_EDGE ( 'NONE', *, *, #7561, .T. ) ;
#6136 = CARTESIAN_POINT ( 'NONE',  ( -1.499999539999999909, -1.499999539999999909, 0.5799999999999999600 ) ) ;
#6137 =( LENGTH_UNIT ( ) NAMED_UNIT ( * ) SI_UNIT ( .MILLI., .METRE. ) );
#6138 = ORIENTED_EDGE ( 'NONE', *, *, #1526, .T. ) ;
#6139 = FACE_OUTER_BOUND ( 'NONE', #7243, .T. ) ;
#6140 = CARTESIAN_POINT ( 'NONE',  ( 0.005001260000000000427, 0.1800021800000000394, 0.01000000000000000021 ) ) ;
#6141 = AXIS2_PLACEMENT_3D ( 'NONE', #1059, #6228, #8315 ) ;
#6142 = EDGE_CURVE ( 'NONE', #1268, #558, #2337, .T. ) ;
#6143 = CARTESIAN_POINT ( 'NONE',  ( -0.09999980000001000568, -0.2199995600000000107, 0.0000000000000000000 ) ) ;
#6144 = EDGE_CURVE ( 'NONE', #6044, #2699, #5396, .T. ) ;
#6145 = ADVANCED_BREP_SHAPE_REPRESENTATION ( '', ( #1231, #2951 ), #4347 ) ;
#6146 = ORIENTED_EDGE ( 'NONE', *, *, #936, .F. ) ;
#6147 = DIRECTION ( 'NONE',  ( 1.000000000000000000, 0.0000000000000000000, -0.0000000000000000000 ) ) ;
#6148 = VERTEX_POINT ( 'NONE', #3061 ) ;
#6149 = CARTESIAN_POINT ( 'NONE',  ( 0.7200010999999999495, -0.8399983200000000760, 0.0000000000000000000 ) ) ;
#6150 = APPLICATION_PROTOCOL_DEFINITION ( 'draft international standard', 'automotive_design', 1998, #3618 ) ;
#6151 = EDGE_LOOP ( 'NONE', ( #8790, #7331, #6748, #260 ) ) ;
#6152 = CARTESIAN_POINT ( 'NONE',  ( -0.1099997800000002551, 0.1700021999999995759, 0.01000000000000000194 ) ) ;
#6153 = EDGE_CURVE ( 'NONE', #1017, #8416, #6166, .T. ) ;
#6154 = LINE ( 'NONE', #6056, #3277 ) ;
#6155 = ORIENTED_EDGE ( 'NONE', *, *, #3779, .F. ) ;
#6156 = CARTESIAN_POINT ( 'NONE',  ( -0.1299997400000000025, -0.1799996399999999608, 0.0000000000000000000 ) ) ;
#6157 = APPLICATION_CONTEXT ( 'automotive_design' ) ;
#6158 = CARTESIAN_POINT ( 'NONE',  ( 0.04999990000001738877, -0.1999996000000047458, 0.0000000000000000000 ) ) ;
#6159 =( NAMED_UNIT ( * ) SI_UNIT ( $, .STERADIAN. ) SOLID_ANGLE_UNIT ( ) );
#6160 = DIRECTION ( 'NONE',  ( -1.000000000000000000, -0.0000000000000000000, -0.0000000000000000000 ) ) ;
#6161 =( REPRESENTATION_RELATIONSHIP ('NONE','NONE', #5544, #6781 ) REPRESENTATION_RELATIONSHIP_WITH_TRANSFORMATION ( #8014 )SHAPE_REPRESENTATION_RELATIONSHIP( ) );
#6162 = ORIENTED_EDGE ( 'NONE', *, *, #1239, .F. ) ;
#6163 = CARTESIAN_POINT ( 'NONE',  ( 0.0000000000000000000, 0.0000000000000000000, 0.0000000000000000000 ) ) ;
#6164 = CARTESIAN_POINT ( 'NONE',  ( -0.1299997400000000025, 0.09000236000000000347, 0.0000000000000000000 ) ) ;
#6165 = DIRECTION ( 'NONE',  ( -1.000000000000000000, 0.0000000000000000000, 0.0000000000000000000 ) ) ;
#6166 = LINE ( 'NONE', #4564, #2799 ) ;
#6167 = ORIENTED_EDGE ( 'NONE', *, *, #7784, .T. ) ;
#6168 = DIRECTION ( 'NONE',  ( -0.0000000000000000000, 0.0000000000000000000, -1.000000000000000000 ) ) ;
#6169 = FILL_AREA_STYLE ('',( #270 ) ) ;
#6170 = ORIENTED_EDGE ( 'NONE', *, *, #4072, .T. ) ;
#6171 = CARTESIAN_POINT ( 'NONE',  ( -0.7099985800000000458, -0.8399983200000000760, 0.0000000000000000000 ) ) ;
#6172 = DIRECTION ( 'NONE',  ( 0.3713906763541037215, 0.9284766908852593037, 0.0000000000000000000 ) ) ;
#6173 = ORIENTED_EDGE ( 'NONE', *, *, #7927, .T. ) ;
#6174 = DIRECTION ( 'NONE',  ( 0.9486832980504137369, 0.3162277660171379234, 0.0000000000000000000 ) ) ;
#6175 = VECTOR ( 'NONE', #597, 1000.000000000000000 ) ;
#6176 = SHAPE_DEFINITION_REPRESENTATION ( #7203, #8308 ) ;
#6177 = DIRECTION ( 'NONE',  ( 0.0000000000000000000, -0.0000000000000000000, -1.000000000000000000 ) ) ;
#6178 = EDGE_LOOP ( 'NONE', ( #4135, #4695, #2536, #7006, #3497, #1110, #4406, #8366, #3321, #77, #5080, #2629, #1063, #676, #4484, #875, #2365, #7539, #5434, #7315, #1453 ) ) ;
#6179 = AXIS2_PLACEMENT_3D ( 'NONE', #8696, #1364, #720 ) ;
#6180 =( NAMED_UNIT ( * ) PLANE_ANGLE_UNIT ( ) SI_UNIT ( $, .RADIAN. ) );
#6181 = VERTEX_POINT ( 'NONE', #3886 ) ;
#6182 = DIRECTION ( 'NONE',  ( 0.0000000000000000000, -0.0000000000000000000, -1.000000000000000000 ) ) ;
#6183 = CARTESIAN_POINT ( 'NONE',  ( 0.6499987000000014836, 0.8499982999999998734, 0.02000000000000000042 ) ) ;
#6184 = EDGE_CURVE ( 'NONE', #652, #6283, #4610, .T. ) ;
#6185 = ORIENTED_EDGE ( 'NONE', *, *, #1346, .T. ) ;
#6186 = EDGE_CURVE ( 'NONE', #3750, #4615, #6803, .T. ) ;
#6187 = AXIS2_PLACEMENT_3D ( 'NONE', #3100, #2371, #5335 ) ;
#6188 = CARTESIAN_POINT ( 'NONE',  ( -0.8499982999999999844, -0.6500012400000000357, 0.02000000000000000042 ) ) ;
#6189 = ADVANCED_FACE ( 'NONE', ( #5297 ), #7571, .T. ) ;
#6190 = ORIENTED_EDGE ( 'NONE', *, *, #4056, .F. ) ;
#6191 = CARTESIAN_POINT ( 'NONE',  ( -1.499999539999999909, -1.499999539999999909, 0.5799999999999999600 ) ) ;
#6192 = SHAPE_DEFINITION_REPRESENTATION ( #17, #168 ) ;
#6193 = ORIENTED_EDGE ( 'NONE', *, *, #1946, .T. ) ;
#6194 = EDGE_CURVE ( 'NONE', #1610, #895, #5446, .T. ) ;
#6195 = DIRECTION ( 'NONE',  ( -0.0000000000000000000, 1.000000000000000000, 0.0000000000000000000 ) ) ;
#6196 = CARTESIAN_POINT ( 'NONE',  ( -0.01499870000000999917, -0.1799996399999999885, 0.0000000000000000000 ) ) ;
#6197 = ORIENTED_EDGE ( 'NONE', *, *, #3110, .T. ) ;
#6198 = PRODUCT_DEFINITION_SHAPE ( 'NONE', 'NONE',  #9549 ) ;
#6199 = ORIENTED_EDGE ( 'NONE', *, *, #2527, .F. ) ;
#6200 = FACE_OUTER_BOUND ( 'NONE', #5375, .T. ) ;
#6201 = ADVANCED_FACE ( 'NONE', ( #75 ), #5256, .T. ) ;
#6202 =( LENGTH_UNIT ( ) NAMED_UNIT ( * ) SI_UNIT ( .MILLI., .METRE. ) );
#6203 = VECTOR ( 'NONE', #5915, 1000.000000000000000 ) ;
#6204 = CARTESIAN_POINT ( 'NONE',  ( -0.05499861999999030443, 0.1499997000000008740, 0.02000000000000000042 ) ) ;
#6205 = CARTESIAN_POINT ( 'NONE',  ( 0.0000000000000000000, 0.0000000000000000000, 0.0000000000000000000 ) ) ;
#6206 = EDGE_LOOP ( 'NONE', ( #6694, #2955, #5889, #232, #3989, #3787, #7849, #60, #2868, #1045, #6162, #2205, #8421, #7531, #2461, #3119, #9493, #4035, #6296, #5861, #4348, #9123, #5809, #7020, #3317, #9204 ) ) ;
#6207 = CARTESIAN_POINT ( 'NONE',  ( -0.1649983999999999895, 0.05999987999998999955, 0.0000000000000000000 ) ) ;
#6208 = DIRECTION ( 'NONE',  ( -0.5144765380480262884, 0.8575044558473837730, 0.0000000000000000000 ) ) ;
#6209 = DIRECTION ( 'NONE',  ( -0.7071067811864298891, -0.7071067811866650343, 0.0000000000000000000 ) ) ;
#6210 = DIRECTION ( 'NONE',  ( 0.0000000000000000000, 0.0000000000000000000, 1.000000000000000000 ) ) ;
#6211 = LINE ( 'NONE', #2526, #6390 ) ;
#6212 = SHAPE_REPRESENTATION ( 'User Library-QFN-20_479710545', ( #6814, #9267 ), #1256 ) ;
#6213 = ADVANCED_FACE ( 'NONE', ( #1768 ), #7616, .T. ) ;
#6214 = SURFACE_SIDE_STYLE ('',( #7002 ) ) ;
#6215 = ORIENTED_EDGE ( 'NONE', *, *, #3288, .T. ) ;
#6216 = UNCERTAINTY_MEASURE_WITH_UNIT (LENGTH_MEASURE( 1.000000000000000082E-05 ), #6202, 'distance_accuracy_value', 'NONE');
#6217 = CARTESIAN_POINT ( 'NONE',  ( 0.8300008800000000520, 0.7400010599999999883, 0.0000000000000000000 ) ) ;
#6218 =( NAMED_UNIT ( * ) SI_UNIT ( $, .STERADIAN. ) SOLID_ANGLE_UNIT ( ) );
#6219 = ORIENTED_EDGE ( 'NONE', *, *, #5796, .T. ) ;
#6220 = CARTESIAN_POINT ( 'NONE',  ( 0.04999989999999974316, 0.1650009399999992910, 0.02000000000000000389 ) ) ;
#6221 = PLANE ( 'NONE',  #7878 ) ;
#6222 = ORIENTED_EDGE ( 'NONE', *, *, #5417, .T. ) ;
#6223 = CARTESIAN_POINT ( 'NONE',  ( 0.08999981999999999427, 0.1300022800000000256, 0.0000000000000000000 ) ) ;
#6224 = DIRECTION ( 'NONE',  ( 0.4472135954999579277, 0.8944271909999158554, -0.0000000000000000000 ) ) ;
#6225 = ORIENTED_EDGE ( 'NONE', *, *, #3267, .T. ) ;
#6226 = CARTESIAN_POINT ( 'NONE',  ( 0.0000000000000000000, 0.0000000000000000000, 0.0000000000000000000 ) ) ;
#6227 = ORIENTED_EDGE ( 'NONE', *, *, #8909, .F. ) ;
#6228 = DIRECTION ( 'NONE',  ( 0.8944044719268726684, -0.4472590307609363158, 0.0000000000000000000 ) ) ;
#6229 = SURFACE_STYLE_USAGE ( .BOTH. , #4736 ) ;
#6230 = AXIS2_PLACEMENT_3D ( 'NONE', #1320, #9461, #536 ) ;
#6231 = CARTESIAN_POINT ( 'NONE',  ( -0.04999989999999999990, 0.1650009400000000126, 0.0000000000000000000 ) ) ;
#6232 = PRODUCT_RELATED_PRODUCT_CATEGORY ( 'part', '', ( #1257 ) ) ;
#6233 = ORIENTED_EDGE ( 'NONE', *, *, #5306, .T. ) ;
#6234 = DIRECTION ( 'NONE',  ( 0.0000000000000000000, -1.000000000000000000, 0.0000000000000000000 ) ) ;
#6235 = AXIS2_PLACEMENT_3D ( 'NONE', #2204, #6816, #1546 ) ;
#6236 = VERTEX_POINT ( 'NONE', #1626 ) ;
#6237 = PRODUCT_DEFINITION_CONTEXT ( 'detailed design', #1024, 'design' ) ;
#6238 = DIRECTION ( 'NONE',  ( 0.0000000000000000000, -0.0000000000000000000, 1.000000000000000000 ) ) ;
#6239 = APPLICATION_PROTOCOL_DEFINITION ( 'draft international standard', 'automotive_design', 1998, #3050 ) ;
#6240 = ORIENTED_EDGE ( 'NONE', *, *, #3721, .F. ) ;
#6241 = CARTESIAN_POINT ( 'NONE',  ( -0.1499997000000000136, 0.1400022599999999895, 0.01000000000000000021 ) ) ;
#6242 = LINE ( 'NONE', #4057, #1451 ) ;
#6243 = VERTEX_POINT ( 'NONE', #3980 ) ;
#6244 = EDGE_CURVE ( 'NONE', #3999, #1074, #1724, .T. ) ;
#6245 = VECTOR ( 'NONE', #4222, 1000.000000000000000 ) ;
#6246 = VECTOR ( 'NONE', #3702, 1000.000000000000000 ) ;
#6247 = DIRECTION ( 'NONE',  ( 1.000000000000000000, 0.0000000000000000000, -0.0000000000000000000 ) ) ;
#6248 = EDGE_CURVE ( 'NONE', #6075, #1563, #4713, .T. ) ;
#6249 = ORIENTED_EDGE ( 'NONE', *, *, #9246, .F. ) ;
#6250 = SURFACE_STYLE_USAGE ( .BOTH. , #2709 ) ;
#6251 =( LENGTH_UNIT ( ) NAMED_UNIT ( * ) SI_UNIT ( .MILLI., .METRE. ) );
#6252 = AXIS2_PLACEMENT_3D ( 'NONE', #8482, #736, #8854 ) ;
#6253 = EDGE_LOOP ( 'NONE', ( #2941, #6925, #1870, #2683 ) ) ;
#6254 = VECTOR ( 'NONE', #6512, 1000.000000000000000 ) ;
#6255 = CARTESIAN_POINT ( 'NONE',  ( 0.09000235999999467440, -0.1449984399999947327, 0.02000000000000000389 ) ) ;
#6256 = DIRECTION ( 'NONE',  ( -1.000000000000000000, 0.0000000000000000000, 0.0000000000000000000 ) ) ;
#6257 = DIRECTION ( 'NONE',  ( 0.7999999999999282130, -0.6000000000000957900, 0.0000000000000000000 ) ) ;
#6258 = CARTESIAN_POINT ( 'NONE',  ( -0.05999734000000060685, -0.1649984000000024320, 0.0000000000000000000 ) ) ;
#6259 = ADVANCED_FACE ( 'NONE', ( #7667 ), #9001, .T. ) ;
#6260 = PRODUCT_DEFINITION_SHAPE ( 'NONE', 'NONE',  #9513 ) ;
#6261 = DIRECTION ( 'NONE',  ( -1.000000000000000000, -0.0000000000000000000, -0.0000000000000000000 ) ) ;
#6262 = VECTOR ( 'NONE', #3216, 1000.000000000000000 ) ;
#6263 = EDGE_CURVE ( 'NONE', #631, #6148, #3017, .T. ) ;
#6264 =( LENGTH_UNIT ( ) NAMED_UNIT ( * ) SI_UNIT ( .MILLI., .METRE. ) );
#6265 = AXIS2_PLACEMENT_3D ( 'NONE', #2942, #8705, #5046 ) ;
#6266 = ORIENTED_EDGE ( 'NONE', *, *, #4056, .T. ) ;
#6267 = LINE ( 'NONE', #220, #8185 ) ;
#6268 = ORIENTED_EDGE ( 'NONE', *, *, #1346, .F. ) ;
#6269 = LINE ( 'NONE', #9342, #9471 ) ;
#6270 = CARTESIAN_POINT ( 'NONE',  ( 0.04999989999999999990, -0.1999995999999999996, 0.0000000000000000000 ) ) ;
#6271 = VERTEX_POINT ( 'NONE', #2378 ) ;
#6272 = DIRECTION ( 'NONE',  ( -0.7070888208669596775, 0.7071247410499597041, 0.0000000000000000000 ) ) ;
#6273 = VECTOR ( 'NONE', #7247, 1000.000000000000000 ) ;
#6274 = EDGE_CURVE ( 'NONE', #8954, #2560, #982, .T. ) ;
#6275 = AXIS2_PLACEMENT_3D ( 'NONE', #8287, #9041, #113 ) ;
#6276 = SHAPE_REPRESENTATION ( 'User Library-QFN-20_479712337', ( #5756, #1738 ), #1575 ) ;
#6277 = AXIS2_PLACEMENT_3D ( 'NONE', #105, #6733, #8040 ) ;
#6278 = CARTESIAN_POINT ( 'NONE',  ( -0.09999980000001637559, -0.1099972400000002598, 0.009999999999999998473 ) ) ;
#6279 = EDGE_LOOP ( 'NONE', ( #3466, #6215, #2078, #6600 ) ) ;
#6280 = LINE ( 'NONE', #9113, #9035 ) ;
#6281 = VECTOR ( 'NONE', #3959, 1000.000000000000000 ) ;
#6282 = SHAPE_REPRESENTATION_RELATIONSHIP ( 'NONE' , 'NONE' ,  #1333, #2206 ) ;
#6283 = VERTEX_POINT ( 'NONE', #4514 ) ;
#6284 = CARTESIAN_POINT ( 'NONE',  ( 0.1099997800000000053, 0.1400022599999999895, 0.01000000000000000021 ) ) ;
#6285 = CARTESIAN_POINT ( 'NONE',  ( 0.04999990000000206075, 0.01000251999999805103, 0.01000000000000000194 ) ) ;
#6286 = APPLICATION_CONTEXT ( 'automotive_design' ) ;
#6287 = AXIS2_PLACEMENT_3D ( 'NONE', #5368, #5156, #6653 ) ;
#6288 = LINE ( 'NONE', #5523, #489 ) ;
#6289 = ORIENTED_EDGE ( 'NONE', *, *, #3539, .F. ) ;
#6290 = ORIENTED_EDGE ( 'NONE', *, *, #167, .T. ) ;
#6291 = CARTESIAN_POINT ( 'NONE',  ( 0.1400022599999999895, 0.2200021000000000060, 0.0000000000000000000 ) ) ;
#6292 = ORIENTED_EDGE ( 'NONE', *, *, #3838, .F. ) ;
#6293 = PLANE ( 'NONE',  #5528 ) ;
#6294 = AXIS2_PLACEMENT_3D ( 'NONE', #195, #7742, #3132 ) ;
#6295 = SHAPE_DEFINITION_REPRESENTATION ( #8342, #4344 ) ;
#6296 = ORIENTED_EDGE ( 'NONE', *, *, #4605, .F. ) ;
#6297 = CARTESIAN_POINT ( 'NONE',  ( 0.0000000000000000000, 0.0000000000000000000, 0.0000000000000000000 ) ) ;
#6298 = DIRECTION ( 'NONE',  ( -0.0000000000000000000, -0.0000000000000000000, -1.000000000000000000 ) ) ;
#6299 = PRODUCT_RELATED_PRODUCT_CATEGORY ( 'part', '', ( #6965 ) ) ;
#6300 = ORIENTED_EDGE ( 'NONE', *, *, #3657, .T. ) ;
#6301 = DIRECTION ( 'NONE',  ( 0.0000000000000000000, -0.0000000000000000000, -1.000000000000000000 ) ) ;
#6302 = VERTEX_POINT ( 'NONE', #7476 ) ;
#6303 = CARTESIAN_POINT ( 'NONE',  ( 0.05000244000000000216, -0.009997440000006000207, 0.0000000000000000000 ) ) ;
#6304 = DIRECTION ( 'NONE',  ( 0.0000000000000000000, 0.0000000000000000000, 1.000000000000000000 ) ) ;
#6305 = DIRECTION ( 'NONE',  ( -1.000000000000000000, -0.0000000000000000000, 0.0000000000000000000 ) ) ;
#6306 = CARTESIAN_POINT ( 'NONE',  ( 0.1400022599999999895, -0.07499858000000000913, 0.02000000000000000736 ) ) ;
#6307 = DIRECTION ( 'NONE',  ( 0.7071123937907726198, -0.7071011685377726064, 0.0000000000000000000 ) ) ;
#6308 = CARTESIAN_POINT ( 'NONE',  ( -0.09999725999999001247, -0.1349984600000000423, 0.0000000000000000000 ) ) ;
#6309 = EDGE_CURVE ( 'NONE', #7962, #4906, #837, .T. ) ;
#6310 = CARTESIAN_POINT ( 'NONE',  ( -0.1349984600000000423, 0.09999979999998999391, 0.02000000000000000042 ) ) ;
#6311 = FILL_AREA_STYLE ('',( #405 ) ) ;
#6312 = ORIENTED_EDGE ( 'NONE', *, *, #8841, .F. ) ;
#6314 = EDGE_CURVE ( 'NONE', #7707, #1474, #3341, .T. ) ;
#6313 = UNCERTAINTY_MEASURE_WITH_UNIT (LENGTH_MEASURE( 1.000000000000000082E-05 ), #2870, 'distance_accuracy_value', 'NONE');
#6315 = DIRECTION ( 'NONE',  ( -0.7071067811865483499, 0.7071067811865467956, 0.0000000000000000000 ) ) ;
#6316 = EDGE_CURVE ( 'NONE', #5926, #8588, #2577, .T. ) ;
#6317 = ORIENTED_EDGE ( 'NONE', *, *, #994, .T. ) ;
#6318 = CARTESIAN_POINT ( 'NONE',  ( 0.005001260000000001295, 0.2200021000000000060, 0.0000000000000000000 ) ) ;
#6319 = PLANE ( 'NONE',  #2609 ) ;
#6320 = EDGE_LOOP ( 'NONE', ( #6112, #9154, #5565, #6233 ) ) ;
#6321 = DIRECTION ( 'NONE',  ( -1.000000000000000000, 0.0000000000000000000, 0.0000000000000000000 ) ) ;
#6322 = EDGE_CURVE ( 'NONE', #2591, #4095, #7092, .T. ) ;
#6323 = DIRECTION ( 'NONE',  ( -0.9284766908852593037, 0.3713906763541037215, 0.0000000000000000000 ) ) ;
#6324 = FILL_AREA_STYLE ('',( #2635 ) ) ;
#6325 = ORIENTED_EDGE ( 'NONE', *, *, #4297, .T. ) ;
#6326 = CARTESIAN_POINT ( 'NONE',  ( -0.1549984199999999979, 0.03000247999998999909, 0.0000000000000000000 ) ) ;
#6327 = EDGE_CURVE ( 'NONE', #2068, #7685, #4851, .T. ) ;
#6328 = ORIENTED_EDGE ( 'NONE', *, *, #9145, .F. ) ;
#6329 = DIRECTION ( 'NONE',  ( 0.7071067811860475283, 0.7071067811870475062, 0.0000000000000000000 ) ) ;
#6330 = FACE_OUTER_BOUND ( 'NONE', #4292, .T. ) ;
#6331 = EDGE_CURVE ( 'NONE', #7123, #6044, #3384, .T. ) ;
#6332 = AXIS2_PLACEMENT_3D ( 'NONE', #4492, #1450, #2125 ) ;
#6333 =( GEOMETRIC_REPRESENTATION_CONTEXT ( 3 ) GLOBAL_UNCERTAINTY_ASSIGNED_CONTEXT ( ( #5844 ) ) GLOBAL_UNIT_ASSIGNED_CONTEXT ( ( #2138, #2851, #5241 ) ) REPRESENTATION_CONTEXT ( 'NONE', 'WORKASPACE' ) );
#6334 = CARTESIAN_POINT ( 'NONE',  ( 0.1400022600000107864, 0.1200023000000043222, 0.0000000000000000000 ) ) ;
#6335 = ORIENTED_EDGE ( 'NONE', *, *, #2509, .F. ) ;
#6336 = DIRECTION ( 'NONE',  ( -0.7071067811865476838, -0.7071067811865474617, 0.0000000000000000000 ) ) ;
#6337 = EDGE_CURVE ( 'NONE', #2625, #5553, #4030, .T. ) ;
#6338 = ORIENTED_EDGE ( 'NONE', *, *, #8258, .T. ) ;
#6339 = PRODUCT_DEFINITION_CONTEXT ( 'detailed design', #8573, 'design' ) ;
#6340 = CARTESIAN_POINT ( 'NONE',  ( 0.005001260000000000427, 0.2200021000000000060, 0.0000000000000000000 ) ) ;
#6341 = AXIS2_PLACEMENT_3D ( 'NONE', #2023, #4983, #7931 ) ;
#6342 = APPLICATION_PROTOCOL_DEFINITION ( 'draft international standard', 'automotive_design', 1998, #34 ) ;
#6343 = ORIENTED_EDGE ( 'NONE', *, *, #8085, .F. ) ;
#6344 = PRODUCT_DEFINITION_SHAPE ( 'NONE', 'NONE',  #9519 ) ;
#6345 = VECTOR ( 'NONE', #8077, 1000.000000000000114 ) ;
#6346 = CARTESIAN_POINT ( 'NONE',  ( 0.08999981999999995264, 0.1450009800000000293, 0.0000000000000000000 ) ) ;
#6347 = ORIENTED_EDGE ( 'NONE', *, *, #115, .T. ) ;
#6348 =( REPRESENTATION_RELATIONSHIP ('NONE','NONE', #5544, #2980 ) REPRESENTATION_RELATIONSHIP_WITH_TRANSFORMATION ( #8597 )SHAPE_REPRESENTATION_RELATIONSHIP( ) );
#6349 = DIRECTION ( 'NONE',  ( 0.0000000000000000000, 0.0000000000000000000, 1.000000000000000000 ) ) ;
#6350 = ORIENTED_EDGE ( 'NONE', *, *, #8084, .T. ) ;
#6351 = CARTESIAN_POINT ( 'NONE',  ( 0.1299997400000000025, 0.1800021800000000116, 0.0000000000000000000 ) ) ;
#6352 = CARTESIAN_POINT ( 'NONE',  ( 1.270000000000000018, -1.270000000000000018, 0.01270000000000000122 ) ) ;
#6353 = DIRECTION ( 'NONE',  ( 0.5999999999999999778, 0.8000000000000000444, 0.0000000000000000000 ) ) ;
#6354 = FACE_OUTER_BOUND ( 'NONE', #4077, .T. ) ;
#6355 = LINE ( 'NONE', #593, #2785 ) ;
#6356 = DIRECTION ( 'NONE',  ( -0.1644057590550507542, 0.9863927951833045826, -0.0000000000000000000 ) ) ;
#6357 = PLANE ( 'NONE',  #417 ) ;
#6358 = CARTESIAN_POINT ( 'NONE',  ( 0.04999989999999999990, 0.1650009400000000126, 0.0000000000000000000 ) ) ;
#6359 = VECTOR ( 'NONE', #18, 1000.000000000000000 ) ;
#6360 = PRODUCT_DEFINITION ( 'UNKNOWN', '', #1652, #5243 ) ;
#6361 = VERTEX_POINT ( 'NONE', #6409 ) ;
#6362 = LINE ( 'NONE', #7095, #3219 ) ;
#6363 = VERTEX_POINT ( 'NONE', #1817 ) ;
#6364 = DIRECTION ( 'NONE',  ( -0.0000000000000000000, -0.0000000000000000000, -1.000000000000000000 ) ) ;
#6365 = CARTESIAN_POINT ( 'NONE',  ( -0.1249984799999913632, -0.1099997799999856141, 0.0000000000000000000 ) ) ;
#6366 = ORIENTED_EDGE ( 'NONE', *, *, #4295, .F. ) ;
#6367 = DIRECTION ( 'NONE',  ( -0.0000000000000000000, 0.0000000000000000000, -1.000000000000000000 ) ) ;
#6368 = MECHANICAL_DESIGN_GEOMETRIC_PRESENTATION_REPRESENTATION (  '', ( #6055 ), #3412 ) ;
#6369 = PLANE ( 'NONE',  #413 ) ;
#6370 = EDGE_LOOP ( 'NONE', ( #719, #8524, #7494, #9213, #7349, #7834, #9169, #6891, #3166, #4319, #9029, #5430, #6762, #6831 ) ) ;
#6371 = EDGE_CURVE ( 'NONE', #5421, #7143, #9146, .T. ) ;
#6372 = EDGE_CURVE ( 'NONE', #8152, #1806, #403, .T. ) ;
#6373 = ITEM_DEFINED_TRANSFORMATION ( 'NONE', 'NONE', #7670,  #4318 ) ;
#6374 = DIRECTION ( 'NONE',  ( 1.000000000000000000, 0.0000000000000000000, 0.0000000000000000000 ) ) ;
#6375 = EDGE_CURVE ( 'NONE', #3909, #2307, #1950, .T. ) ;
#6376 = ORIENTED_EDGE ( 'NONE', *, *, #2744, .F. ) ;
#6377 = CARTESIAN_POINT ( 'NONE',  ( -0.09999980000001000568, 0.1500022400000000089, 0.0000000000000000000 ) ) ;
#6378 = FILL_AREA_STYLE ('',( #2492 ) ) ;
#6379 = EDGE_LOOP ( 'NONE', ( #6266, #3363, #1618, #8591 ) ) ;
#6380 = PLANE ( 'NONE',  #6095 ) ;
#6381 = VECTOR ( 'NONE', #2619, 1000.000000000000000 ) ;
#6382 = EDGE_CURVE ( 'NONE', #1465, #7479, #8532, .T. ) ;
#6383 = DIRECTION ( 'NONE',  ( -0.2425356250360976851, -0.9701425001453907182, 0.0000000000000000000 ) ) ;
#6384 = ADVANCED_FACE ( 'NONE', ( #1902 ), #9337, .T. ) ;
#6385 = ORIENTED_EDGE ( 'NONE', *, *, #7211, .T. ) ;
#6386 = LINE ( 'NONE', #7837, #450 ) ;
#6387 = VERTEX_POINT ( 'NONE', #4165 ) ;
#6388 = CARTESIAN_POINT ( 'NONE',  ( -0.09999980000001000568, 0.01999995999999000171, 0.0000000000000000000 ) ) ;
#6389 = CARTESIAN_POINT ( 'NONE',  ( 0.04999990000000000684, 0.2400020599999999893, 0.01000000000000000194 ) ) ;
#6390 = VECTOR ( 'NONE', #4759, 1000.000000000000000 ) ;
#6391 = PRODUCT_CONTEXT ( 'NONE', #659, 'mechanical' ) ;
#6392 = VERTEX_POINT ( 'NONE', #354 ) ;
#6393 = CIRCLE ( 'NONE', #2203, 0.2000000000000000111 ) ;
#6394 = CARTESIAN_POINT ( 'NONE',  ( 0.1400022600000029871, -0.07499858000000061975, 0.0000000000000000000 ) ) ;
#6395 = ORIENTED_EDGE ( 'NONE', *, *, #8565, .T. ) ;
#6396 = EDGE_CURVE ( 'NONE', #8195, #3522, #490, .T. ) ;
#6397 = VECTOR ( 'NONE', #3220, 1000.000000000000000 ) ;
#6398 = DIRECTION ( 'NONE',  ( 0.9486832980504138479, 0.3162277660171379789, 0.0000000000000000000 ) ) ;
#6399 = CLOSED_SHELL ( 'NONE', ( #8052, #8852, #5305, #8215, #7343, #2000, #4051, #924, #5259, #3767, #8727, #5734 ) ) ;
#6400 = ORIENTED_EDGE ( 'NONE', *, *, #8336, .T. ) ;
#6401 = CARTESIAN_POINT ( 'NONE',  ( 0.06500113999999000691, 0.1600022200000000006, 0.01000000000000000194 ) ) ;
#6402 = CARTESIAN_POINT ( 'NONE',  ( 0.04499863999999999947, -0.5200015000000000054, 0.01270000000000000122 ) ) ;
#6403 = VERTEX_POINT ( 'NONE', #7759 ) ;
#6404 = LINE ( 'NONE', #1811, #6423 ) ;
#6405 = DIRECTION ( 'NONE',  ( -0.0000000000000000000, -0.0000000000000000000, -1.000000000000000000 ) ) ;
#6406 = LINE ( 'NONE', #4807, #2538 ) ;
#6407 = VECTOR ( 'NONE', #8350, 1000.000000000000227 ) ;
#6408 = CARTESIAN_POINT ( 'NONE',  ( 0.009999980000002999664, 0.0000000000000000000, 0.09651999999999999469 ) ) ;
#6409 = CARTESIAN_POINT ( 'NONE',  ( 0.7600010200000000271, 0.8200009000000000325, 0.02000000000000000042 ) ) ;
#6410 = AXIS2_PLACEMENT_3D ( 'NONE', #9380, #7855, #8530 ) ;
#6411 = VECTOR ( 'NONE', #9188, 1000.000000000000000 ) ;
#6412 = EDGE_LOOP ( 'NONE', ( #2097, #7813, #3735, #9314 ) ) ;
#6413 = LINE ( 'NONE', #2725, #3375 ) ;
#6414 =( NAMED_UNIT ( * ) PLANE_ANGLE_UNIT ( ) SI_UNIT ( $, .RADIAN. ) );
#6415 = ORIENTED_EDGE ( 'NONE', *, *, #3779, .T. ) ;
#6416 =( REPRESENTATION_RELATIONSHIP ('NONE','NONE', #5544, #8308 ) REPRESENTATION_RELATIONSHIP_WITH_TRANSFORMATION ( #3070 )SHAPE_REPRESENTATION_RELATIONSHIP( ) );
#6417 = DIRECTION ( 'NONE',  ( -0.0000000000000000000, 1.000000000000000000, 0.0000000000000000000 ) ) ;
#6418 = CARTESIAN_POINT ( 'NONE',  ( -0.05499861999998999912, 0.1499997000000000136, 0.0000000000000000000 ) ) ;
#6419 = ORIENTED_EDGE ( 'NONE', *, *, #5969, .T. ) ;
#6420 = DIRECTION ( 'NONE',  ( -0.0000000000000000000, 1.000000000000000000, 0.0000000000000000000 ) ) ;
#6421 = DIRECTION ( 'NONE',  ( -0.0000000000000000000, -0.0000000000000000000, -1.000000000000000000 ) ) ;
#6422 = ORIENTED_EDGE ( 'NONE', *, *, #6507, .F. ) ;
#6423 = VECTOR ( 'NONE', #4846, 1000.000000000000000 ) ;
#6424 = PRODUCT_RELATED_PRODUCT_CATEGORY ( 'part', '', ( #7805 ) ) ;
#6425 = SURFACE_STYLE_USAGE ( .BOTH. , #7153 ) ;
#6426 = PRODUCT ( 'User Library-QFN-20_Extruded16', 'User Library-QFN-20_Extruded16', '', ( #6867 ) ) ;
#6427 = ORIENTED_EDGE ( 'NONE', *, *, #7984, .F. ) ;
#6428 = CARTESIAN_POINT ( 'NONE',  ( 0.08999982000000003590, 0.2200020999999999782, 0.0000000000000000000 ) ) ;
#6429 = ORIENTED_EDGE ( 'NONE', *, *, #2816, .T. ) ;
#6430 = VECTOR ( 'NONE', #1008, 1000.000000000000000 ) ;
#6431 = FACE_OUTER_BOUND ( 'NONE', #2299, .T. ) ;
#6432 = EDGE_CURVE ( 'NONE', #3083, #4752, #5543, .T. ) ;
#6433 = DIRECTION ( 'NONE',  ( 0.7071067811865479058, 0.7071067811865472397, 0.0000000000000000000 ) ) ;
#6434 = VECTOR ( 'NONE', #6789, 1000.000000000000000 ) ;
#6435 = EDGE_CURVE ( 'NONE', #707, #2625, #6952, .T. ) ;
#6436 = VECTOR ( 'NONE', #135, 1000.000000000000000 ) ;
#6437 = CARTESIAN_POINT ( 'NONE',  ( -0.8499982999999999844, 0.6500012400000000357, 0.0000000000000000000 ) ) ;
#6438 = ORIENTED_EDGE ( 'NONE', *, *, #5128, .T. ) ;
#6439 = CARTESIAN_POINT ( 'NONE',  ( 0.1599996800000000052, 0.1300022800000000256, 0.01000000000000000021 ) ) ;
#6440 = VERTEX_POINT ( 'NONE', #5497 ) ;
#6441 = FACE_OUTER_BOUND ( 'NONE', #5040, .T. ) ;
#6442 = DIRECTION ( 'NONE',  ( -0.0000000000000000000, 1.000000000000000000, 0.0000000000000000000 ) ) ;
#6443 = EDGE_CURVE ( 'NONE', #8326, #8003, #1279, .T. ) ;
#6444 = APPLICATION_PROTOCOL_DEFINITION ( 'draft international standard', 'automotive_design', 1998, #4800 ) ;
#6445 = EDGE_CURVE ( 'NONE', #7732, #8716, #6211, .T. ) ;
#6446 = DIRECTION ( 'NONE',  ( -0.7071067811870475062, 0.7071067811860475283, 0.0000000000000000000 ) ) ;
#6447 = EDGE_CURVE ( 'NONE', #1820, #4498, #7713, .T. ) ;
#6448 = ORIENTED_EDGE ( 'NONE', *, *, #2750, .T. ) ;
#6449 =( NAMED_UNIT ( * ) PLANE_ANGLE_UNIT ( ) SI_UNIT ( $, .RADIAN. ) );
#6450 = CARTESIAN_POINT ( 'NONE',  ( -0.1149985000000001145, -0.01999742000000903977, 0.01000000000000000021 ) ) ;
#6451 = ORIENTED_EDGE ( 'NONE', *, *, #5133, .T. ) ;
#6452 = FACE_OUTER_BOUND ( 'NONE', #5736, .T. ) ;
#6453 = VECTOR ( 'NONE', #5082, 1000.000000000000000 ) ;
#6454 = DIRECTION ( 'NONE',  ( 0.0000000000000000000, 0.0000000000000000000, 1.000000000000000000 ) ) ;
#6455 = EDGE_CURVE ( 'NONE', #8216, #5867, #1128, .T. ) ;
#6456 = CARTESIAN_POINT ( 'NONE',  ( -0.06999985999999999708, 0.1600022200000000006, 0.0000000000000000000 ) ) ;
#6457 = CARTESIAN_POINT ( 'NONE',  ( 0.8000009399999999937, -0.7799984399999999596, 0.0000000000000000000 ) ) ;
#6458 = LINE ( 'NONE', #4947, #4977 ) ;
#6459 = PLANE ( 'NONE',  #5486 ) ;
#6460 = DIRECTION ( 'NONE',  ( -0.3713906763541037215, 0.9284766908852593037, -0.0000000000000000000 ) ) ;
#6461 = AXIS2_PLACEMENT_3D ( 'NONE', #3610, #3564, #4387 ) ;
#6462 = ORIENTED_EDGE ( 'NONE', *, *, #8556, .T. ) ;
#6463 = LINE ( 'NONE', #8766, #150 ) ;
#6464 =( LENGTH_UNIT ( ) NAMED_UNIT ( * ) SI_UNIT ( .MILLI., .METRE. ) );
#6465 = EDGE_LOOP ( 'NONE', ( #7490, #6670, #6078, #1058 ) ) ;
#6466 = DIRECTION ( 'NONE',  ( 0.8000000000000000444, -0.5999999999999999778, 0.0000000000000000000 ) ) ;
#6467 = CARTESIAN_POINT ( 'NONE',  ( 0.09999979999999000779, -0.1099972399999999823, 0.01000000000000000021 ) ) ;
#6468 = ORIENTED_EDGE ( 'NONE', *, *, #5437, .T. ) ;
#6469 = DIRECTION ( 'NONE',  ( -0.9486832980504137369, 0.3162277660171379234, 0.0000000000000000000 ) ) ;
#6470 = CARTESIAN_POINT ( 'NONE',  ( -0.09999725999999094228, -0.1349984600000011803, 0.0000000000000000000 ) ) ;
#6471 = CONTEXT_DEPENDENT_SHAPE_REPRESENTATION ( #3177, #3093 ) ;
#6472 = CARTESIAN_POINT ( 'NONE',  ( -0.1349984599999987100, -0.1299971999999983696, 0.01000000000000000021 ) ) ;
#6473 = APPLICATION_CONTEXT ( 'automotive_design' ) ;
#6474 =( NAMED_UNIT ( * ) PLANE_ANGLE_UNIT ( ) SI_UNIT ( $, .RADIAN. ) );
#6475 = ORIENTED_EDGE ( 'NONE', *, *, #688, .F. ) ;
#6476 = CARTESIAN_POINT ( 'NONE',  ( 0.1499997000000000136, 0.04500118000000000867, 0.0000000000000000000 ) ) ;
#6477 = ORIENTED_EDGE ( 'NONE', *, *, #1409, .T. ) ;
#6478 = LINE ( 'NONE', #369, #2529 ) ;
#6479 = SHAPE_REPRESENTATION ( 'User Library-QFN-20_Extruded24', ( #2951 ), #5274 ) ;
#6480 = PLANE ( 'NONE',  #7502 ) ;
#6481 =( GEOMETRIC_REPRESENTATION_CONTEXT ( 3 ) GLOBAL_UNCERTAINTY_ASSIGNED_CONTEXT ( ( #6704 ) ) GLOBAL_UNIT_ASSIGNED_CONTEXT ( ( #6264, #6071, #2721 ) ) REPRESENTATION_CONTEXT ( 'NONE', 'WORKASPACE' ) );
#6482 = CARTESIAN_POINT ( 'NONE',  ( -0.05999988000001000438, -0.1499997000000000136, 0.01000000000000000021 ) ) ;
#6483 = ORIENTED_EDGE ( 'NONE', *, *, #6447, .T. ) ;
#6484 = LINE ( 'NONE', #6532, #7690 ) ;
#6485 = CARTESIAN_POINT ( 'NONE',  ( 0.0000000000000000000, 0.0000000000000000000, 0.0000000000000000000 ) ) ;
#6486 = EDGE_CURVE ( 'NONE', #2248, #7364, #6645, .T. ) ;
#6487 = DIRECTION ( 'NONE',  ( 0.1643515884209605926, 0.9864018224757633568, 0.0000000000000000000 ) ) ;
#6488 = CARTESIAN_POINT ( 'NONE',  ( -0.02499868000000027290, -0.1499996999999999858, 0.02000000000000000389 ) ) ;
#6489 = LINE ( 'NONE', #9411, #5251 ) ;
#6490 = DIRECTION ( 'NONE',  ( 1.000000000000000000, 0.0000000000000000000, 0.0000000000000000000 ) ) ;
#6491 = ADVANCED_BREP_SHAPE_REPRESENTATION ( '', ( #1335, #2951 ), #2305 ) ;
#6492 = ORIENTED_EDGE ( 'NONE', *, *, #1104, .F. ) ;
#6493 = AXIS2_PLACEMENT_3D ( 'NONE', #5779, #7958, #8717 ) ;
#6494 = EDGE_CURVE ( 'NONE', #7826, #6243, #8858, .T. ) ;
#6495 = ADVANCED_FACE ( 'NONE', ( #4504 ), #112, .T. ) ;
#6496 = FACE_OUTER_BOUND ( 'NONE', #8477, .T. ) ;
#6497 = ORIENTED_EDGE ( 'NONE', *, *, #2632, .T. ) ;
#6498 =( GEOMETRIC_REPRESENTATION_CONTEXT ( 3 ) GLOBAL_UNCERTAINTY_ASSIGNED_CONTEXT ( ( #7190 ) ) GLOBAL_UNIT_ASSIGNED_CONTEXT ( ( #5714, #3280, #9185 ) ) REPRESENTATION_CONTEXT ( 'NONE', 'WORKASPACE' ) );
#6499 = DIRECTION ( 'NONE',  ( -0.0000000000000000000, 0.0000000000000000000, -1.000000000000000000 ) ) ;
#6500 = EDGE_CURVE ( 'NONE', #8489, #8775, #3871, .T. ) ;
#6501 = DIRECTION ( 'NONE',  ( 0.0000000000000000000, 0.0000000000000000000, 1.000000000000000000 ) ) ;
#6502 = CARTESIAN_POINT ( 'NONE',  ( 0.1550009599999999932, -0.2199995600000000107, 0.0000000000000000000 ) ) ;
#6503 = CARTESIAN_POINT ( 'NONE',  ( 0.1350010000000000099, 0.1300022800000000256, 0.0000000000000000000 ) ) ;
#6504 = PRODUCT_DEFINITION_SHAPE ( 'NONE', 'NONE',  #5121 ) ;
#6505 = ADVANCED_FACE ( 'NONE', ( #3827 ), #1671, .T. ) ;
#6506 = VERTEX_POINT ( 'NONE', #3094 ) ;
#6507 = EDGE_CURVE ( 'NONE', #2350, #3231, #8990, .T. ) ;
#6508 = UNCERTAINTY_MEASURE_WITH_UNIT (LENGTH_MEASURE( 1.000000000000000082E-05 ), #3700, 'distance_accuracy_value', 'NONE');
#6509 = LINE ( 'NONE', #2004, #6025 ) ;
#6510 = PRESENTATION_STYLE_ASSIGNMENT (( #8537 ) ) ;
#6511 = VERTEX_POINT ( 'NONE', #3781 ) ;
#6512 = DIRECTION ( 'NONE',  ( 0.0000000000000000000, 0.0000000000000000000, -1.000000000000000000 ) ) ;
#6513 = CARTESIAN_POINT ( 'NONE',  ( -0.08999981999999166760, 0.1300022799999944467, 0.0000000000000000000 ) ) ;
#6514 = ORIENTED_EDGE ( 'NONE', *, *, #2348, .F. ) ;
#6515 = CARTESIAN_POINT ( 'NONE',  ( -0.8399983200000000760, -0.7099985799999999347, 0.0000000000000000000 ) ) ;
#6516 = FACE_OUTER_BOUND ( 'NONE', #1186, .T. ) ;
#6517 = AXIS2_PLACEMENT_3D ( 'NONE', #7756, #5490, #3285 ) ;
#6518 = CONTEXT_DEPENDENT_SHAPE_REPRESENTATION ( #8142, #252 ) ;
#6519 = PLANE ( 'NONE',  #7305 ) ;
#6520 = PLANE ( 'NONE',  #9498 ) ;
#6521 =( NAMED_UNIT ( * ) SI_UNIT ( $, .STERADIAN. ) SOLID_ANGLE_UNIT ( ) );
#6522 = ORIENTED_EDGE ( 'NONE', *, *, #979, .F. ) ;
#6523 = UNCERTAINTY_MEASURE_WITH_UNIT (LENGTH_MEASURE( 1.000000000000000082E-05 ), #2507, 'distance_accuracy_value', 'NONE');
#6524 = CARTESIAN_POINT ( 'NONE',  ( 1.499999539999999909, 1.499999539999999909, 0.0000000000000000000 ) ) ;
#6525 =( NAMED_UNIT ( * ) PLANE_ANGLE_UNIT ( ) SI_UNIT ( $, .RADIAN. ) );
#6526 = VERTEX_POINT ( 'NONE', #3049 ) ;
#6527 = CARTESIAN_POINT ( 'NONE',  ( 0.1150010400000000266, 0.1200023000000000201, 0.0000000000000000000 ) ) ;
#6528 =( NAMED_UNIT ( * ) PLANE_ANGLE_UNIT ( ) SI_UNIT ( $, .RADIAN. ) );
#6529 = SHAPE_DEFINITION_REPRESENTATION ( #4867, #2256 ) ;
#6530 = DIRECTION ( 'NONE',  ( 0.0000000000000000000, 0.0000000000000000000, -1.000000000000000000 ) ) ;
#6531 = ORIENTED_EDGE ( 'NONE', *, *, #347, .T. ) ;
#6532 = CARTESIAN_POINT ( 'NONE',  ( -0.009999980000003006603, 0.1750009200000000043, 0.0000000000000000000 ) ) ;
#6533 = VECTOR ( 'NONE', #9288, 1000.000000000000000 ) ;
#6534 = CARTESIAN_POINT ( 'NONE',  ( 0.0000000000000000000, 0.0000000000000000000, 0.0000000000000000000 ) ) ;
#6535 = ORIENTED_EDGE ( 'NONE', *, *, #1891, .F. ) ;
#6536 = CARTESIAN_POINT ( 'NONE',  ( -0.06999985999999998321, 0.1600022200000000283, 0.01000000000000000194 ) ) ;
#6537 = FACE_OUTER_BOUND ( 'NONE', #8006, .T. ) ;
#6538 = DIRECTION ( 'NONE',  ( 0.3714313362429816356, -0.9284604258969539892, -0.0000000000000000000 ) ) ;
#6539 = DIRECTION ( 'NONE',  ( 0.0000000000000000000, -1.000000000000000000, 0.0000000000000000000 ) ) ;
#6540 = ORIENTED_EDGE ( 'NONE', *, *, #2985, .F. ) ;
#6541 = PRODUCT_RELATED_PRODUCT_CATEGORY ( 'part', '', ( #1706 ) ) ;
#6542 = LINE ( 'NONE', #1413, #8698 ) ;
#6543 = ORIENTED_EDGE ( 'NONE', *, *, #1889, .T. ) ;
#6544 = VERTEX_POINT ( 'NONE', #6892 ) ;
#6545 = CARTESIAN_POINT ( 'NONE',  ( 0.0000000000000000000, 0.2000021399999999949, 0.0000000000000000000 ) ) ;
#6546 = EDGE_CURVE ( 'NONE', #652, #5696, #8235, .T. ) ;
#6547 = CARTESIAN_POINT ( 'NONE',  ( 0.09000236000000000347, -0.1449984400000000062, 0.0000000000000000000 ) ) ;
#6548 = COLOUR_RGB ( '',1.000000000000000000, 1.000000000000000000, 0.4000000000000000222 ) ;
#6549 = ADVANCED_FACE ( 'NONE', ( #6013 ), #5331, .F. ) ;
#6550 =( LENGTH_UNIT ( ) NAMED_UNIT ( * ) SI_UNIT ( .MILLI., .METRE. ) );
#6551 = ORIENTED_EDGE ( 'NONE', *, *, #9418, .F. ) ;
#6552 = CARTESIAN_POINT ( 'NONE',  ( -0.1499997000000000136, -0.1899996200000000079, 0.0000000000000000000 ) ) ;
#6553 =( NAMED_UNIT ( * ) PLANE_ANGLE_UNIT ( ) SI_UNIT ( $, .RADIAN. ) );
#6554 = VERTEX_POINT ( 'NONE', #8911 ) ;
#6555 = LINE ( 'NONE', #3738, #4396 ) ;
#6556 = FACE_OUTER_BOUND ( 'NONE', #2894, .T. ) ;
#6557 = EDGE_LOOP ( 'NONE', ( #7252, #1698, #9278, #1249 ) ) ;
#6558 = EDGE_CURVE ( 'NONE', #134, #271, #1712, .T. ) ;
#6559 = CARTESIAN_POINT ( 'NONE',  ( 0.8300008799999967213, -0.7399985199999988827, 0.0000000000000000000 ) ) ;
#6560 = CARTESIAN_POINT ( 'NONE',  ( -0.04999989999999999990, 0.1650009400000000126, 0.0000000000000000000 ) ) ;
#6561 = EDGE_CURVE ( 'NONE', #2345, #330, #5287, .T. ) ;
#6562 = VECTOR ( 'NONE', #5595, 1000.000000000000000 ) ;
#6563 = CARTESIAN_POINT ( 'NONE',  ( 0.08999981999999998039, 0.2000021400000000227, 0.0000000000000000000 ) ) ;
#6564 = AXIS2_PLACEMENT_3D ( 'NONE', #1877, #8690, #5603 ) ;
#6565 = EDGE_LOOP ( 'NONE', ( #5966, #7514, #1787, #7959 ) ) ;
#6566 = DIRECTION ( 'NONE',  ( 0.7071067811870475062, -0.7071067811860475283, 0.0000000000000000000 ) ) ;
#6567 = LINE ( 'NONE', #7441, #3770 ) ;
#6568 = ORIENTED_EDGE ( 'NONE', *, *, #7164, .T. ) ;
#6569 = EDGE_CURVE ( 'NONE', #961, #134, #4551, .T. ) ;
#6570 = DIRECTION ( 'NONE',  ( 0.3713906763541037215, 0.9284766908852593037, 0.0000000000000000000 ) ) ;
#6571 = VECTOR ( 'NONE', #1429, 1000.000000000000000 ) ;
#6572 = PRODUCT_CONTEXT ( 'NONE', #3493, 'mechanical' ) ;
#6573 = PLANE ( 'NONE',  #3597 ) ;
#6574 = VECTOR ( 'NONE', #283, 1000.000000000000000 ) ;
#6575 = VERTEX_POINT ( 'NONE', #9040 ) ;
#6576 = FILL_AREA_STYLE ('',( #3519 ) ) ;
#6577 = ORIENTED_EDGE ( 'NONE', *, *, #638, .T. ) ;
#6578 = AXIS2_PLACEMENT_3D ( 'NONE', #6291, #4141, #7740 ) ;
#6579 = CARTESIAN_POINT ( 'NONE',  ( -0.09999980000001000568, 0.03000247999999000603, 0.01000000000000000021 ) ) ;
#6580 = CARTESIAN_POINT ( 'NONE',  ( 0.005001260000000000427, 0.2200021000000000060, 0.0000000000000000000 ) ) ;
#6581 = DIRECTION ( 'NONE',  ( -0.0000000000000000000, 1.000000000000000000, 0.0000000000000000000 ) ) ;
#6582 = CARTESIAN_POINT ( 'NONE',  ( -0.1349984600000000146, 0.09999979999999000779, 0.0000000000000000000 ) ) ;
#6583 = VECTOR ( 'NONE', #3406, 1000.000000000000000 ) ;
#6584 = EDGE_LOOP ( 'NONE', ( #5559, #578, #3283, #8049 ) ) ;
#6585 = VECTOR ( 'NONE', #3552, 1000.000000000000000 ) ;
#6586 = SHAPE_REPRESENTATION ( 'User Library-QFN-20_Extruded20', ( #2951 ), #8484 ) ;
#6587 = PRODUCT ( 'User Library-QFN-20_479480465', 'User Library-QFN-20_479480465', '', ( #3822 ) ) ;
#6588 = EDGE_LOOP ( 'NONE', ( #5740, #3033, #7003, #4921 ) ) ;
#6589 = PRODUCT_DEFINITION_FORMATION_WITH_SPECIFIED_SOURCE ( 'ANY', '', #4257, .NOT_KNOWN. ) ;
#6590 = DIRECTION ( 'NONE',  ( -1.000000000000000000, 0.0000000000000000000, 0.0000000000000000000 ) ) ;
#6591 = VECTOR ( 'NONE', #6323, 1000.000000000000114 ) ;
#6592 = EDGE_LOOP ( 'NONE', ( #4110, #4603, #2788, #1093 ) ) ;
#6593 = PRODUCT_RELATED_PRODUCT_CATEGORY ( 'part', '', ( #9175 ) ) ;
#6594 = DIRECTION ( 'NONE',  ( -0.0000000000000000000, -0.0000000000000000000, -1.000000000000000000 ) ) ;
#6595 = LINE ( 'NONE', #3680, #5634 ) ;
#6596 = ORIENTED_EDGE ( 'NONE', *, *, #1163, .T. ) ;
#6597 = ORIENTED_EDGE ( 'NONE', *, *, #1986, .F. ) ;
#6598 = APPLICATION_CONTEXT ( 'automotive_design' ) ;
#6599 = COLOUR_RGB ( '',1.000000000000000000, 1.000000000000000000, 1.000000000000000000 ) ;
#6600 = ORIENTED_EDGE ( 'NONE', *, *, #5842, .F. ) ;
#6601 = DIRECTION ( 'NONE',  ( -0.1961161351381834339, 0.9805806756909202226, 0.0000000000000000000 ) ) ;
#6602 = PRODUCT_DEFINITION_CONTEXT ( 'detailed design', #8873, 'design' ) ;
#6603 = CARTESIAN_POINT ( 'NONE',  ( 0.1299997400000000025, -0.2399995200000000217, 0.0000000000000000000 ) ) ;
#6604 = VERTEX_POINT ( 'NONE', #2284 ) ;
#6605 = EDGE_CURVE ( 'NONE', #2679, #6392, #2418, .T. ) ;
#6606 = CARTESIAN_POINT ( 'NONE',  ( 0.005001260000000000427, 0.1800021800000000394, 0.01000000000000000021 ) ) ;
#6607 = CARTESIAN_POINT ( 'NONE',  ( -0.1400022599999999895, 0.07500112000000003221, 0.0000000000000000000 ) ) ;
#6608 = VECTOR ( 'NONE', #2443, 1000.000000000000000 ) ;
#6609 = FACE_OUTER_BOUND ( 'NONE', #2037, .T. ) ;
#6610 = LINE ( 'NONE', #8104, #2719 ) ;
#6611 = ITEM_DEFINED_TRANSFORMATION ( 'NONE', 'NONE', #4161,  #2951 ) ;
#6612 = CARTESIAN_POINT ( 'NONE',  ( -0.009999980000002999664, 0.1750009200000000043, 0.0000000000000000000 ) ) ;
#6613 = EDGE_CURVE ( 'NONE', #3407, #1718, #4648, .T. ) ;
#6614 = ADVANCED_FACE ( 'NONE', ( #2463 ), #7422, .T. ) ;
#6615 = CARTESIAN_POINT ( 'NONE',  ( 0.0000000000000000000, 0.0000000000000000000, 0.0000000000000000000 ) ) ;
#6616 = ORIENTED_EDGE ( 'NONE', *, *, #6486, .T. ) ;
#6617 = CARTESIAN_POINT ( 'NONE',  ( 0.1400022599999999895, -0.07499857999999999525, 0.0000000000000000000 ) ) ;
#6618 = VERTEX_POINT ( 'NONE', #6691 ) ;
#6619 = EDGE_CURVE ( 'NONE', #3185, #5238, #3191, .T. ) ;
#6620 = CARTESIAN_POINT ( 'NONE',  ( 0.0000000000000000000, 0.2400020599999999615, 0.005000000000000000104 ) ) ;
#6621 = ORIENTED_EDGE ( 'NONE', *, *, #2920, .F. ) ;
#6622 = CARTESIAN_POINT ( 'NONE',  ( -0.6500012399999997026, -0.8499983000000000954, 0.0000000000000000000 ) ) ;
#6623 = APPLICATION_PROTOCOL_DEFINITION ( 'draft international standard', 'automotive_design', 1998, #3493 ) ;
#6624 = EDGE_CURVE ( 'NONE', #7687, #3427, #4451, .T. ) ;
#6625 = VERTEX_POINT ( 'NONE', #62 ) ;
#6626 = CARTESIAN_POINT ( 'NONE',  ( 0.0000000000000000000, 0.2400020599999999893, 0.01000000000000000021 ) ) ;
#6627 = DIRECTION ( 'NONE',  ( 1.000000000000000000, 0.0000000000000000000, 0.0000000000000000000 ) ) ;
#6628 = ORIENTED_EDGE ( 'NONE', *, *, #2292, .F. ) ;
#6629 = ADVANCED_FACE ( 'NONE', ( #3003, #8188 ), #1564, .F. ) ;
#6630 = LINE ( 'NONE', #1405, #9107 ) ;
#6631 = CARTESIAN_POINT ( 'NONE',  ( 0.0000000000000000000, 0.2000021399999999949, 0.01000000000000000021 ) ) ;
#6632 = PLANE ( 'NONE',  #6332 ) ;
#6633 = CARTESIAN_POINT ( 'NONE',  ( -0.01499870000000999744, -0.2199995600000000107, 0.0000000000000000000 ) ) ;
#6634 = PLANE ( 'NONE',  #4211 ) ;
#6635 = PRESENTATION_LAYER_ASSIGNMENT (  '', '', ( #1696 ) ) ;
#6636 = ORIENTED_EDGE ( 'NONE', *, *, #7324, .T. ) ;
#6637 = LINE ( 'NONE', #4351, #2051 ) ;
#6638 = EDGE_LOOP ( 'NONE', ( #7677, #6170, #3530, #9150 ) ) ;
#6639 = CARTESIAN_POINT ( 'NONE',  ( -0.07499858000000012015, -0.1400022600000007389, 0.0000000000000000000 ) ) ;
#6640 = CARTESIAN_POINT ( 'NONE',  ( 1.739996520000000046, -1.289999960000000057, 0.6126987999999999879 ) ) ;
#6641 = VERTEX_POINT ( 'NONE', #388 ) ;
#6642 = CARTESIAN_POINT ( 'NONE',  ( 0.1599996800000000052, -0.2099995800000000190, 0.0000000000000000000 ) ) ;
#6643 = FACE_OUTER_BOUND ( 'NONE', #928, .T. ) ;
#6644 = ORIENTED_EDGE ( 'NONE', *, *, #6746, .T. ) ;
#6645 = LINE ( 'NONE', #2950, #3905 ) ;
#6646 = VECTOR ( 'NONE', #893, 1000.000000000000114 ) ;
#6647 = ORIENTED_EDGE ( 'NONE', *, *, #2527, .T. ) ;
#6648 = CARTESIAN_POINT ( 'NONE',  ( -0.1349984599999988488, -0.1299971999999896821, 0.0000000000000000000 ) ) ;
#6649 = VERTEX_POINT ( 'NONE', #3370 ) ;
#6650 = CARTESIAN_POINT ( 'NONE',  ( 0.1150010399999999988, 0.03000247999998999909, 0.0000000000000000000 ) ) ;
#6651 = LINE ( 'NONE', #2958, #684 ) ;
#6652 = APPLICATION_CONTEXT ( 'automotive_design' ) ;
#6653 = DIRECTION ( 'NONE',  ( 0.7071067811865474617, 0.7071067811865474617, 0.0000000000000000000 ) ) ;
#6654 = VECTOR ( 'NONE', #5157, 1000.000000000000000 ) ;
#6655 =( REPRESENTATION_RELATIONSHIP ('NONE','NONE', #4287, #282 ) REPRESENTATION_RELATIONSHIP_WITH_TRANSFORMATION ( #1723 )SHAPE_REPRESENTATION_RELATIONSHIP( ) );
#6656 = DIRECTION ( 'NONE',  ( 1.000000000000000000, 0.0000000000000000000, -0.0000000000000000000 ) ) ;
#6657 = PRODUCT_DEFINITION ( 'UNKNOWN', '', #5978, #4882 ) ;
#6658 = EDGE_LOOP ( 'NONE', ( #5536, #3455, #6859, #2501 ) ) ;
#6659 = DIRECTION ( 'NONE',  ( -0.0000000000000000000, 0.0000000000000000000, -1.000000000000000000 ) ) ;
#6660 = ORIENTED_EDGE ( 'NONE', *, *, #6624, .F. ) ;
#6661 = CARTESIAN_POINT ( 'NONE',  ( 0.09500107999998345931, 0.2000021400000330518, 0.0000000000000000000 ) ) ;
#6662 = ORIENTED_EDGE ( 'NONE', *, *, #389, .F. ) ;
#6663 = DIRECTION ( 'NONE',  ( 0.2425356250360976851, 0.9701425001453907182, -0.0000000000000000000 ) ) ;
#6664 = AXIS2_PLACEMENT_3D ( 'NONE', #4113, #5772, #4943 ) ;
#6665 = ADVANCED_FACE ( 'NONE', ( #1023 ), #299, .T. ) ;
#6666 = PRODUCT_DEFINITION_SHAPE ( 'NONE', 'NONE',  #8076 ) ;
#6667 = PRODUCT_CONTEXT ( 'NONE', #7764, 'mechanical' ) ;
#6668 = EDGE_CURVE ( 'NONE', #271, #1904, #2706, .T. ) ;
#6669 = DIRECTION ( 'NONE',  ( -0.2425356250360976851, -0.9701425001453907182, 0.0000000000000000000 ) ) ;
#6670 = ORIENTED_EDGE ( 'NONE', *, *, #1182, .T. ) ;
#6671 = AXIS2_PLACEMENT_3D ( 'NONE', #7134, #8529, #1947 ) ;
#6672 = DIRECTION ( 'NONE',  ( -0.0000000000000000000, -0.0000000000000000000, -1.000000000000000000 ) ) ;
#6673 = ORIENTED_EDGE ( 'NONE', *, *, #7088, .T. ) ;
#6674 = DIRECTION ( 'NONE',  ( -0.0000000000000000000, -0.0000000000000000000, -1.000000000000000000 ) ) ;
#6675 = CARTESIAN_POINT ( 'NONE',  ( -0.1499996999999999858, 0.02500121999999029704, 0.02000000000000000389 ) ) ;
#6676 = DIRECTION ( 'NONE',  ( 0.7071022910637914105, 0.7071112712807915424, -0.0000000000000000000 ) ) ;
#6677 = LINE ( 'NONE', #7361, #6894 ) ;
#6678 = EDGE_CURVE ( 'NONE', #8601, #5029, #7702, .T. ) ;
#6679 = CARTESIAN_POINT ( 'NONE',  ( 0.1750009200000000043, 0.1499997000000000136, 0.0000000000000000000 ) ) ;
#6680 = EDGE_CURVE ( 'NONE', #2058, #3159, #9135, .T. ) ;
#6681 = LINE ( 'NONE', #1793, #8404 ) ;
#6682 = EDGE_LOOP ( 'NONE', ( #8009, #2579, #6915, #7036 ) ) ;
#6683 = LINE ( 'NONE', #7505, #8272 ) ;
#6684 = VECTOR ( 'NONE', #8120, 1000.000000000000000 ) ;
#6685 = CARTESIAN_POINT ( 'NONE',  ( 0.0000000000000000000, 0.0000000000000000000, -0.08382000000000000561 ) ) ;
#6686 = ORIENTED_EDGE ( 'NONE', *, *, #6724, .F. ) ;
#6687 = LINE ( 'NONE', #3776, #8968 ) ;
#6688 = AXIS2_PLACEMENT_3D ( 'NONE', #8390, #3198, #3934 ) ;
#6689 = ADVANCED_FACE ( 'NONE', ( #3327 ), #1805, .T. ) ;
#6690 = ORIENTED_EDGE ( 'NONE', *, *, #2996, .F. ) ;
#6691 = CARTESIAN_POINT ( 'NONE',  ( -0.1749983800000000089, 0.1499997000000000136, 0.0000000000000000000 ) ) ;
#6692 = DIRECTION ( 'NONE',  ( -0.0000000000000000000, -0.0000000000000000000, -1.000000000000000000 ) ) ;
#6693 = DIRECTION ( 'NONE',  ( 1.000000000000000000, 0.0000000000000000000, 0.0000000000000000000 ) ) ;
#6694 = ORIENTED_EDGE ( 'NONE', *, *, #1675, .F. ) ;
#6695 = DIRECTION ( 'NONE',  ( -0.1788854381999832044, -0.9838699100999075409, 0.0000000000000000000 ) ) ;
#6696 = EDGE_LOOP ( 'NONE', ( #845, #7799, #4588, #2722 ) ) ;
#6697 = DIRECTION ( 'NONE',  ( -1.000000000000000000, -0.0000000000000000000, -0.0000000000000000000 ) ) ;
#6698 = CARTESIAN_POINT ( 'NONE',  ( -0.1749983800000000367, -0.1499997000000000136, 0.0000000000000000000 ) ) ;
#6699 = DIRECTION ( 'NONE',  ( -0.0000000000000000000, -0.0000000000000000000, -1.000000000000000000 ) ) ;
#6700 = PLANE ( 'NONE',  #7528 ) ;
#6701 = CARTESIAN_POINT ( 'NONE',  ( 0.1499997000000000136, -0.1749983800000000089, 0.0000000000000000000 ) ) ;
#6702 = AXIS2_PLACEMENT_3D ( 'NONE', #3561, #4240, #1258 ) ;
#6703 = VERTEX_POINT ( 'NONE', #2511 ) ;
#6704 = UNCERTAINTY_MEASURE_WITH_UNIT (LENGTH_MEASURE( 1.000000000000000082E-05 ), #6264, 'distance_accuracy_value', 'NONE');
#6705 = DIRECTION ( 'NONE',  ( 0.2425356250360976851, 0.9701425001453907182, 0.0000000000000000000 ) ) ;
#6706 = FILL_AREA_STYLE ('',( #6761 ) ) ;
#6707 = ORIENTED_EDGE ( 'NONE', *, *, #3115, .F. ) ;
#6708 = CARTESIAN_POINT ( 'NONE',  ( 0.2149983000000000033, 0.2149983000000000033, 0.0000000000000000000 ) ) ;
#6709 = VERTEX_POINT ( 'NONE', #8572 ) ;
#6710 = CARTESIAN_POINT ( 'NONE',  ( 0.0000000000000000000, 0.2400020599999999893, 0.0000000000000000000 ) ) ;
#6711 = PRODUCT_RELATED_PRODUCT_CATEGORY ( 'part', '', ( #4016 ) ) ;
#6712 = AXIS2_PLACEMENT_3D ( 'NONE', #2240, #72, #2098 ) ;
#6713 = VECTOR ( 'NONE', #942, 1000.000000000000000 ) ;
#6714 = APPLICATION_PROTOCOL_DEFINITION ( 'draft international standard', 'automotive_design', 1998, #3807 ) ;
#6715 = LINE ( 'NONE', #2723, #8830 ) ;
#6716 = VERTEX_POINT ( 'NONE', #4891 ) ;
#6717 = CARTESIAN_POINT ( 'NONE',  ( 0.07999984000000000262, -0.1899996200000000079, 0.0000000000000000000 ) ) ;
#6718 = ADVANCED_FACE ( 'NONE', ( #7655 ), #2565, .T. ) ;
#6719 = VECTOR ( 'NONE', #1899, 1000.000000000000000 ) ;
#6720 = ORIENTED_EDGE ( 'NONE', *, *, #5862, .T. ) ;
#6721 = CARTESIAN_POINT ( 'NONE',  ( 0.6800011799999976514, -0.8499982999999935451, 0.02000000000000000736 ) ) ;
#6722 = LINE ( 'NONE', #3668, #4431 ) ;
#6723 =( LENGTH_UNIT ( ) NAMED_UNIT ( * ) SI_UNIT ( .MILLI., .METRE. ) );
#6724 = EDGE_CURVE ( 'NONE', #1644, #2570, #8427, .T. ) ;
#6725 = CARTESIAN_POINT ( 'NONE',  ( 0.01999995999998993926, 0.1750009200000000320, 0.02000000000000000389 ) ) ;
#6726 = STYLED_ITEM ( 'NONE', ( #7977 ), #1454 ) ;
#6727 = PLANE ( 'NONE',  #6866 ) ;
#6728 = VECTOR ( 'NONE', #9281, 1000.000000000000000 ) ;
#6729 = ORIENTED_EDGE ( 'NONE', *, *, #355, .T. ) ;
#6730 = ADVANCED_FACE ( 'NONE', ( #5534 ), #8476, .T. ) ;
#6731 = CARTESIAN_POINT ( 'NONE',  ( 0.1150010399999999988, 0.03000247999998999909, 0.0000000000000000000 ) ) ;
#6732 = EDGE_CURVE ( 'NONE', #6716, #512, #4059, .T. ) ;
#6733 = DIRECTION ( 'NONE',  ( 0.0000000000000000000, 0.0000000000000000000, 1.000000000000000000 ) ) ;
#6734 = EDGE_LOOP ( 'NONE', ( #1490, #1705, #989, #8357 ) ) ;
#6735 = VECTOR ( 'NONE', #3026, 1000.000000000000000 ) ;
#6736 = ADVANCED_FACE ( 'NONE', ( #2607 ), #1892, .F. ) ;
#6737 = DIRECTION ( 'NONE',  ( -0.0000000000000000000, 0.0000000000000000000, -1.000000000000000000 ) ) ;
#6738 = LINE ( 'NONE', #5964, #4377 ) ;
#6739 = VECTOR ( 'NONE', #5019, 1000.000000000000114 ) ;
#6740 = ORIENTED_EDGE ( 'NONE', *, *, #6546, .T. ) ;
#6741 = PRODUCT_DEFINITION_SHAPE ( 'NONE', 'NONE',  #9537 ) ;
#6742 = PRODUCT_DEFINITION_FORMATION_WITH_SPECIFIED_SOURCE ( 'ANY', '', #7894, .NOT_KNOWN. ) ;
#6743 = DIRECTION ( 'NONE',  ( 0.5999999999999999778, -0.7999999999999999334, 0.0000000000000000000 ) ) ;
#6744 = PLANE ( 'NONE',  #6275 ) ;
#6745 = VECTOR ( 'NONE', #5213, 1000.000000000000114 ) ;
#6746 = EDGE_CURVE ( 'NONE', #9102, #5348, #482, .T. ) ;
#6747 = LINE ( 'NONE', #5151, #615 ) ;
#6748 = ORIENTED_EDGE ( 'NONE', *, *, #3752, .F. ) ;
#6749 = FACE_OUTER_BOUND ( 'NONE', #4786, .T. ) ;
#6750 = DIRECTION ( 'NONE',  ( -0.8944271909999158554, -0.4472135954999579277, -0.0000000000000000000 ) ) ;
#6751 = LINE ( 'NONE', #4370, #5278 ) ;
#6752 = LINE ( 'NONE', #2474, #8570 ) ;
#6753 = DIRECTION ( 'NONE',  ( -0.9701425001453907182, -0.2425356250360976851, 0.0000000000000000000 ) ) ;
#6754 = CONTEXT_DEPENDENT_SHAPE_REPRESENTATION ( #4486, #7515 ) ;
#6755 = DIRECTION ( 'NONE',  ( -0.9805710950765932354, -0.1961640321269186582, -0.0000000000000000000 ) ) ;
#6756 = EDGE_CURVE ( 'NONE', #259, #5798, #7770, .T. ) ;
#6757 =( LENGTH_UNIT ( ) NAMED_UNIT ( * ) SI_UNIT ( .MILLI., .METRE. ) );
#6758 = ORIENTED_EDGE ( 'NONE', *, *, #6375, .F. ) ;
#6759 = FACE_OUTER_BOUND ( 'NONE', #7328, .T. ) ;
#6760 = VECTOR ( 'NONE', #8245, 1000.000000000000000 ) ;
#6761 = FILL_AREA_STYLE_COLOUR ( '', #9410 ) ;
#6762 = ORIENTED_EDGE ( 'NONE', *, *, #3664, .F. ) ;
#6763 = LINE ( 'NONE', #129, #7342 ) ;
#6764 = ORIENTED_EDGE ( 'NONE', *, *, #7237, .T. ) ;
#6765 = CARTESIAN_POINT ( 'NONE',  ( -0.02999993999999999925, 0.1800021800000000394, 0.0000000000000000000 ) ) ;
#6766 = ORIENTED_EDGE ( 'NONE', *, *, #3060, .F. ) ;
#6767 = DIRECTION ( 'NONE',  ( -0.5547001962249983320, 0.8320502943379975980, -0.0000000000000000000 ) ) ;
#6768 = DIRECTION ( 'NONE',  ( 0.0000000000000000000, 0.0000000000000000000, 1.000000000000000000 ) ) ;
#6769 = EDGE_LOOP ( 'NONE', ( #469, #6941, #7318, #2411 ) ) ;
#6770 = CARTESIAN_POINT ( 'NONE',  ( 0.8500008399999999797, 0.6900011600000001133, 0.0000000000000000000 ) ) ;
#6771 = LINE ( 'NONE', #6926, #5220 ) ;
#6772 = PLANE ( 'NONE',  #2844 ) ;
#6773 = LINE ( 'NONE', #6049, #7622 ) ;
#6774 = PRODUCT_DEFINITION ( 'UNKNOWN', '', #2400, #7467 ) ;
#6775 = EDGE_LOOP ( 'NONE', ( #4104, #843, #1541, #8303 ) ) ;
#6776 = PLANE ( 'NONE',  #4874 ) ;
#6777 = APPLICATION_CONTEXT ( 'automotive_design' ) ;
#6778 = APPLICATION_PROTOCOL_DEFINITION ( 'draft international standard', 'automotive_design', 1998, #3859 ) ;
#6779 = ORIENTED_EDGE ( 'NONE', *, *, #762, .T. ) ;
#6780 = CARTESIAN_POINT ( 'NONE',  ( 1.499999539999999909, 1.499999539999999909, 0.5799999999999999600 ) ) ;
#6781 = SHAPE_REPRESENTATION ( 'User Library-QFN-20_479710801', ( #3091, #2171 ), #4806 ) ;
#6782 = LINE ( 'NONE', #151, #1134 ) ;
#6783 = ADVANCED_FACE ( 'NONE', ( #4302 ), #4203, .T. ) ;
#6784 = ORIENTED_EDGE ( 'NONE', *, *, #3897, .T. ) ;
#6785 = ADVANCED_FACE ( 'NONE', ( #6496 ), #2890, .T. ) ;
#6786 = DIRECTION ( 'NONE',  ( -1.000000000000000000, -0.0000000000000000000, 0.0000000000000000000 ) ) ;
#6787 = EDGE_CURVE ( 'NONE', #895, #6044, #6542, .T. ) ;
#6788 = AXIS2_PLACEMENT_3D ( 'NONE', #8161, #6027, #839 ) ;
#6789 = DIRECTION ( 'NONE',  ( -1.000000000000000000, -0.0000000000000000000, -0.0000000000000000000 ) ) ;
#6790 = CARTESIAN_POINT ( 'NONE',  ( 0.0000000000000000000, 0.0000000000000000000, 0.0000000000000000000 ) ) ;
#6791 = PRODUCT_DEFINITION_CONTEXT ( 'detailed design', #4800, 'design' ) ;
#6792 = DIRECTION ( 'NONE',  ( -0.2747211278969818871, -0.9615239476409364050, 0.0000000000000000000 ) ) ;
#6793 = SURFACE_STYLE_FILL_AREA ( #927 ) ;
#6794 = ORIENTED_EDGE ( 'NONE', *, *, #6382, .F. ) ;
#6795 = SURFACE_STYLE_FILL_AREA ( #4654 ) ;
#6796 = LINE ( 'NONE', #3057, #325 ) ;
#6797 = LINE ( 'NONE', #121, #2226 ) ;
#6798 = AXIS2_PLACEMENT_3D ( 'NONE', #9124, #3960, #1926 ) ;
#6799 = DIRECTION ( 'NONE',  ( -0.8944271909999159664, -0.4472135954999579832, 0.0000000000000000000 ) ) ;
#6800 = EDGE_CURVE ( 'NONE', #3179, #7816, #635, .T. ) ;
#6801 = VECTOR ( 'NONE', #2340, 1000.000000000000114 ) ;
#6802 = ITEM_DEFINED_TRANSFORMATION ( 'NONE', 'NONE', #3367,  #2951 ) ;
#6803 = LINE ( 'NONE', #2428, #491 ) ;
#6804 = ORIENTED_EDGE ( 'NONE', *, *, #7019, .T. ) ;
#6805 =( GEOMETRIC_REPRESENTATION_CONTEXT ( 3 ) GLOBAL_UNCERTAINTY_ASSIGNED_CONTEXT ( ( #8347 ) ) GLOBAL_UNIT_ASSIGNED_CONTEXT ( ( #2977, #2394, #9018 ) ) REPRESENTATION_CONTEXT ( 'NONE', 'WORKASPACE' ) );
#6806 = LINE ( 'NONE', #173, #4007 ) ;
#6807 = DIRECTION ( 'NONE',  ( 1.000000000000000000, 0.0000000000000000000, 0.0000000000000000000 ) ) ;
#6808 = ORIENTED_EDGE ( 'NONE', *, *, #9013, .T. ) ;
#6809 = FACE_OUTER_BOUND ( 'NONE', #2804, .T. ) ;
#6810 = VERTEX_POINT ( 'NONE', #4397 ) ;
#6811 = VECTOR ( 'NONE', #8289, 1000.000000000000000 ) ;
#6812 = PLANE ( 'NONE',  #2831 ) ;
#6813 = EDGE_CURVE ( 'NONE', #4739, #2560, #9417, .T. ) ;
#6814 = AXIS2_PLACEMENT_3D ( 'NONE', #3065, #8925, #6807 ) ;
#6815 = ITEM_DEFINED_TRANSFORMATION ( 'NONE', 'NONE', #8512,  #5756 ) ;
#6816 = DIRECTION ( 'NONE',  ( 0.0000000000000000000, 0.0000000000000000000, 1.000000000000000000 ) ) ;
#6817 = ORIENTED_EDGE ( 'NONE', *, *, #103, .F. ) ;
#6818 = CARTESIAN_POINT ( 'NONE',  ( 0.09500107999996812436, 0.1200022999999951628, 0.0000000000000000000 ) ) ;
#6819 = CARTESIAN_POINT ( 'NONE',  ( 0.0000000000000000000, 0.0000000000000000000, 0.0000000000000000000 ) ) ;
#6820 = ORIENTED_EDGE ( 'NONE', *, *, #6865, .T. ) ;
#6821 = FACE_OUTER_BOUND ( 'NONE', #1983, .T. ) ;
#6822 = FILL_AREA_STYLE ('',( #5413 ) ) ;
#6823 = PRODUCT_DEFINITION_SHAPE ( 'NONE', 'NONE',  #9546 ) ;
#6824 = DIRECTION ( 'NONE',  ( 0.9615239476408128372, -0.2747211278974142634, 0.0000000000000000000 ) ) ;
#6825 = VECTOR ( 'NONE', #3432, 1000.000000000000000 ) ;
#6826 = CARTESIAN_POINT ( 'NONE',  ( -0.1749983799999999812, -0.02999994000000001312, 0.02000000000000000042 ) ) ;
#6827 = ORIENTED_EDGE ( 'NONE', *, *, #2101, .F. ) ;
#6828 = CARTESIAN_POINT ( 'NONE',  ( 0.02500121999998999867, 0.1499997000000000136, 0.02000000000000000736 ) ) ;
#6829 = LINE ( 'NONE', #7647, #5062 ) ;
#6830 = APPLICATION_PROTOCOL_DEFINITION ( 'draft international standard', 'automotive_design', 1998, #8682 ) ;
#6831 = ORIENTED_EDGE ( 'NONE', *, *, #6322, .F. ) ;
#6832 = PLANE ( 'NONE',  #951 ) ;
#6833 =( GEOMETRIC_REPRESENTATION_CONTEXT ( 3 ) GLOBAL_UNCERTAINTY_ASSIGNED_CONTEXT ( ( #6523 ) ) GLOBAL_UNIT_ASSIGNED_CONTEXT ( ( #2507, #8423, #4747 ) ) REPRESENTATION_CONTEXT ( 'NONE', 'WORKASPACE' ) );
#6834 = CARTESIAN_POINT ( 'NONE',  ( -0.1649984000000000173, 0.05999987999999001342, 0.0000000000000000000 ) ) ;
#6835 = PRODUCT_RELATED_PRODUCT_CATEGORY ( 'part', '', ( #1932 ) ) ;
#6836 = VERTEX_POINT ( 'NONE', #7892 ) ;
#6837 = CARTESIAN_POINT ( 'NONE',  ( 0.05000244000000000216, 0.03000247999998999909, 0.01000000000000000021 ) ) ;
#6838 = APPLICATION_CONTEXT ( 'automotive_design' ) ;
#6839 = PLANE ( 'NONE',  #3795 ) ;
#6840 = SHAPE_REPRESENTATION ( 'User Library-QFN-20_Extruded18', ( #2951 ), #8809 ) ;
#6841 = DIRECTION ( 'NONE',  ( -0.8574737075768046335, 0.5145277842978827065, -0.0000000000000000000 ) ) ;
#6842 = VECTOR ( 'NONE', #6755, 1000.000000000000000 ) ;
#6843 = ADVANCED_FACE ( 'NONE', ( #8757 ), #3622, .T. ) ;
#6844 = SURFACE_STYLE_USAGE ( .BOTH. , #6945 ) ;
#6845 =( REPRESENTATION_RELATIONSHIP ('NONE','NONE', #332, #2003 ) REPRESENTATION_RELATIONSHIP_WITH_TRANSFORMATION ( #3549 )SHAPE_REPRESENTATION_RELATIONSHIP( ) );
#6846 = VERTEX_POINT ( 'NONE', #6450 ) ;
#6847 = CARTESIAN_POINT ( 'NONE',  ( -0.1549984199999999979, -0.02999740000000000045, 0.0000000000000000000 ) ) ;
#6848 = CARTESIAN_POINT ( 'NONE',  ( 0.08999981999999999427, 0.2200021000000000060, 0.0000000000000000000 ) ) ;
#6849 = FACE_OUTER_BOUND ( 'NONE', #1989, .T. ) ;
#6850 = EDGE_CURVE ( 'NONE', #9429, #8063, #3674, .T. ) ;
#6851 = VECTOR ( 'NONE', #4176, 1000.000000000000000 ) ;
#6852 = LINE ( 'NONE', #4609, #566 ) ;
#6853 = CONTEXT_DEPENDENT_SHAPE_REPRESENTATION ( #3679, #6198 ) ;
#6854 = DIRECTION ( 'NONE',  ( -0.2169304578189737986, 0.9761870601838822381, 0.0000000000000000000 ) ) ;
#6855 = CARTESIAN_POINT ( 'NONE',  ( 0.0000000000000000000, 0.0000000000000000000, 0.0000000000000000000 ) ) ;
#6856 = ORIENTED_EDGE ( 'NONE', *, *, #6917, .T. ) ;
#6857 = LINE ( 'NONE', #7005, #7723 ) ;
#6858 = EDGE_CURVE ( 'NONE', #5752, #304, #6637, .T. ) ;
#6859 = ORIENTED_EDGE ( 'NONE', *, *, #4907, .F. ) ;
#6860 = VECTOR ( 'NONE', #2169, 1000.000000000000000 ) ;
#6861 = FACE_OUTER_BOUND ( 'NONE', #4964, .T. ) ;
#6862 = FACE_OUTER_BOUND ( 'NONE', #5829, .T. ) ;
#6863 = ORIENTED_EDGE ( 'NONE', *, *, #810, .F. ) ;
#6864 = LINE ( 'NONE', #4039, #2528 ) ;
#6865 = EDGE_CURVE ( 'NONE', #8003, #3737, #5679, .T. ) ;
#6866 = AXIS2_PLACEMENT_3D ( 'NONE', #100, #5182, #8131 ) ;
#6867 = PRODUCT_CONTEXT ( 'NONE', #3986, 'mechanical' ) ;
#6868 = VECTOR ( 'NONE', #2508, 1000.000000000000114 ) ;
#6869 = SURFACE_STYLE_USAGE ( .BOTH. , #3993 ) ;
#6870 = FILL_AREA_STYLE ('',( #6922 ) ) ;
#6871 = ORIENTED_EDGE ( 'NONE', *, *, #4546, .T. ) ;
#6872 = CARTESIAN_POINT ( 'NONE',  ( 0.1199997600000000109, 0.1150010399999999988, 0.0000000000000000000 ) ) ;
#6873 = EDGE_CURVE ( 'NONE', #8121, #3398, #7313, .T. ) ;
#6874 = ORIENTED_EDGE ( 'NONE', *, *, #9015, .F. ) ;
#6875 = DIRECTION ( 'NONE',  ( 1.000000000000000000, 0.0000000000000000000, -0.0000000000000000000 ) ) ;
#6876 = DIRECTION ( 'NONE',  ( 0.0000000000000000000, -0.0000000000000000000, -1.000000000000000000 ) ) ;
#6877 = DIRECTION ( 'NONE',  ( 0.9761870601838822381, -0.2169304578189737986, 0.0000000000000000000 ) ) ;
#6878 = CARTESIAN_POINT ( 'NONE',  ( 0.8499982999999999844, -0.6499987000000000403, 0.02000000000000000042 ) ) ;
#6879 = VECTOR ( 'NONE', #6601, 1000.000000000000227 ) ;
#6880 = DIRECTION ( 'NONE',  ( -0.0000000000000000000, 0.0000000000000000000, -1.000000000000000000 ) ) ;
#6881 = AXIS2_PLACEMENT_3D ( 'NONE', #7007, #2727, #1187 ) ;
#6882 = EDGE_LOOP ( 'NONE', ( #6005, #4550, #2808, #6338 ) ) ;
#6883 = DIRECTION ( 'NONE',  ( -0.0000000000000000000, 1.000000000000000000, 0.0000000000000000000 ) ) ;
#6884 = VERTEX_POINT ( 'NONE', #2077 ) ;
#6885 = CARTESIAN_POINT ( 'NONE',  ( -0.2149983000000000033, -0.2149983000000000033, 0.02000000000000000042 ) ) ;
#6886 = SHAPE_DEFINITION_REPRESENTATION ( #5407, #2137 ) ;
#6887 = ORIENTED_EDGE ( 'NONE', *, *, #4710, .F. ) ;
#6888 = PRODUCT ( 'User Library-QFN-20_479706577', 'User Library-QFN-20_479706577', '', ( #380 ) ) ;
#6889 =( NAMED_UNIT ( * ) PLANE_ANGLE_UNIT ( ) SI_UNIT ( $, .RADIAN. ) );
#6890 = CARTESIAN_POINT ( 'NONE',  ( 1.499999539999999909, -1.499999539999999909, 0.0000000000000000000 ) ) ;
#6891 = ORIENTED_EDGE ( 'NONE', *, *, #7808, .F. ) ;
#6892 = CARTESIAN_POINT ( 'NONE',  ( 0.07999984000001662821, -0.1299997399999833492, 0.01000000000000000194 ) ) ;
#6893 = FILL_AREA_STYLE ('',( #156 ) ) ;
#6894 = VECTOR ( 'NONE', #3671, 1000.000000000000000 ) ;
#6895 = LINE ( 'NONE', #7121, #3860 ) ;
#6896 =( NAMED_UNIT ( * ) SI_UNIT ( $, .STERADIAN. ) SOLID_ANGLE_UNIT ( ) );
#6897 = ORIENTED_EDGE ( 'NONE', *, *, #7570, .T. ) ;
#6898 = FACE_BOUND ( 'NONE', #6178, .T. ) ;
#6899 = DIRECTION ( 'NONE',  ( -1.000000000000000000, -0.0000000000000000000, -0.0000000000000000000 ) ) ;
#6900 = CARTESIAN_POINT ( 'NONE',  ( 0.7600010200000000271, -0.8199983600000000372, 0.0000000000000000000 ) ) ;
#6901 = CARTESIAN_POINT ( 'NONE',  ( 0.02500121999998999867, 0.2200021000000000060, 0.0000000000000000000 ) ) ;
#6902 = CONTEXT_DEPENDENT_SHAPE_REPRESENTATION ( #8013, #3019 ) ;
#6903 = DIRECTION ( 'NONE',  ( -0.5547001962249983320, -0.8320502943379975980, -0.0000000000000000000 ) ) ;
#6904 = DIRECTION ( 'NONE',  ( 0.0000000000000000000, 0.0000000000000000000, 1.000000000000000000 ) ) ;
#6905 = EDGE_CURVE ( 'NONE', #4634, #3865, #5042, .T. ) ;
#6906 = ORIENTED_EDGE ( 'NONE', *, *, #4006, .T. ) ;
#6907 = AXIS2_PLACEMENT_3D ( 'NONE', #2943, #4, #53 ) ;
#6908 = PRODUCT_DEFINITION_CONTEXT ( 'detailed design', #8753, 'design' ) ;
#6909 = LINE ( 'NONE', #4269, #6175 ) ;
#6910 = ORIENTED_EDGE ( 'NONE', *, *, #3596, .F. ) ;
#6911 = CARTESIAN_POINT ( 'NONE',  ( 0.07999984000000312512, -0.01999742000001186043, 0.01000000000000000194 ) ) ;
#6912 = DIRECTION ( 'NONE',  ( 0.8944271909999159664, 0.4472135954999579832, 0.0000000000000000000 ) ) ;
#6913 = ORIENTED_EDGE ( 'NONE', *, *, #1195, .F. ) ;
#6914 = AXIS2_PLACEMENT_3D ( 'NONE', #5839, #8771, #3149 ) ;
#6915 = ORIENTED_EDGE ( 'NONE', *, *, #6977, .F. ) ;
#6916 = ORIENTED_EDGE ( 'NONE', *, *, #111, .T. ) ;
#6917 = EDGE_CURVE ( 'NONE', #2307, #3427, #677, .T. ) ;
#6918 = ADVANCED_FACE ( 'NONE', ( #5863 ), #2172, .T. ) ;
#6919 = APPLICATION_CONTEXT ( 'automotive_design' ) ;
#6920 = VECTOR ( 'NONE', #6238, 1000.000000000000000 ) ;
#6921 =( NAMED_UNIT ( * ) SI_UNIT ( $, .STERADIAN. ) SOLID_ANGLE_UNIT ( ) );
#6922 = FILL_AREA_STYLE_COLOUR ( '', #8066 ) ;
#6923 = ORIENTED_EDGE ( 'NONE', *, *, #8799, .T. ) ;
#6924 = PRESENTATION_STYLE_ASSIGNMENT (( #7827 ) ) ;
#6925 = ORIENTED_EDGE ( 'NONE', *, *, #8498, .F. ) ;
#6926 = CARTESIAN_POINT ( 'NONE',  ( 0.8300008800000000520, -0.7399985200000001040, 0.0000000000000000000 ) ) ;
#6927 = CARTESIAN_POINT ( 'NONE',  ( -0.01499870000001005815, -0.1799996400000000163, 0.0000000000000000000 ) ) ;
#6928 = AXIS2_PLACEMENT_3D ( 'NONE', #139, #237, #1741 ) ;
#6929 = ADVANCED_FACE ( 'NONE', ( #864 ), #5231, .F. ) ;
#6930 = ADVANCED_FACE ( 'NONE', ( #8844 ), #4538, .T. ) ;
#6931 = VERTEX_POINT ( 'NONE', #8179 ) ;
#6932 = PLANE ( 'NONE',  #549 ) ;
#6933 = ORIENTED_EDGE ( 'NONE', *, *, #7964, .F. ) ;
#6934 = PLANE ( 'NONE',  #2114 ) ;
#6935 = APPLICATION_PROTOCOL_DEFINITION ( 'draft international standard', 'automotive_design', 1998, #8753 ) ;
#6936 = EDGE_LOOP ( 'NONE', ( #5257, #5594, #3604, #2888 ) ) ;
#6937 = CARTESIAN_POINT ( 'NONE',  ( 0.1550009600000072929, 0.04000246000000325791, 0.01000000000000000021 ) ) ;
#6938 = DIRECTION ( 'NONE',  ( 0.0000000000000000000, -0.0000000000000000000, 1.000000000000000000 ) ) ;
#6939 = EDGE_LOOP ( 'NONE', ( #1794, #4934, #8845, #1391 ) ) ;
#6940 = DIRECTION ( 'NONE',  ( 0.0000000000000000000, -1.000000000000000000, 0.0000000000000000000 ) ) ;
#6941 = ORIENTED_EDGE ( 'NONE', *, *, #8909, .T. ) ;
#6942 = LINE ( 'NONE', #202, #1944 ) ;
#6943 = CARTESIAN_POINT ( 'NONE',  ( 0.0000000000000000000, 0.0000000000000000000, 0.0000000000000000000 ) ) ;
#6944 = CARTESIAN_POINT ( 'NONE',  ( -0.01499870000000999744, -0.2199995600000000107, 0.0000000000000000000 ) ) ;
#6945 = SURFACE_SIDE_STYLE ('',( #6793 ) ) ;
#6946 = ORIENTED_EDGE ( 'NONE', *, *, #581, .F. ) ;
#6947 = DIRECTION ( 'NONE',  ( -0.2425356250363329691, 0.9701425001453318764, 0.0000000000000000000 ) ) ;
#6948 = DIRECTION ( 'NONE',  ( 0.7071067811865475727, 0.7071067811865475727, 0.0000000000000000000 ) ) ;
#6949 = LINE ( 'NONE', #307, #9324 ) ;
#6950 = LINE ( 'NONE', #6115, #3029 ) ;
#6951 = ADVANCED_BREP_SHAPE_REPRESENTATION ( '', ( #4549, #2951 ), #9095 ) ;
#6952 = LINE ( 'NONE', #1999, #4369 ) ;
#6953 = ORIENTED_EDGE ( 'NONE', *, *, #2387, .F. ) ;
#6954 = CARTESIAN_POINT ( 'NONE',  ( 0.1650009400000000126, 0.06000242000000000075, 0.0000000000000000000 ) ) ;
#6955 = ORIENTED_EDGE ( 'NONE', *, *, #7722, .T. ) ;
#6956 = CARTESIAN_POINT ( 'NONE',  ( -0.1149985000000000035, -0.2199995600000000107, 0.0000000000000000000 ) ) ;
#6957 = LINE ( 'NONE', #362, #5405 ) ;
#6958 = VERTEX_POINT ( 'NONE', #9026 ) ;
#6959 = DIRECTION ( 'NONE',  ( 0.3162277660171379789, -0.9486832980504138479, 0.0000000000000000000 ) ) ;
#6960 = MANIFOLD_SURFACE_SHAPE_REPRESENTATION ( '', ( #1129, #5419 ), #2633 ) ;
#6961 = PRODUCT_RELATED_PRODUCT_CATEGORY ( 'part', '', ( #1408 ) ) ;
#6962 = SHAPE_REPRESENTATION ( 'User Library-QFN-20_479711441', ( #3845, #4777 ), #5395 ) ;
#6963 = ITEM_DEFINED_TRANSFORMATION ( 'NONE', 'NONE', #8360,  #4782 ) ;
#6964 = PRESENTATION_LAYER_ASSIGNMENT (  '', '', ( #4941 ) ) ;
#6965 = PRODUCT ( 'User Library-QFN-20_Extruded21', 'User Library-QFN-20_Extruded21', '', ( #5221 ) ) ;
#6966 =( LENGTH_UNIT ( ) NAMED_UNIT ( * ) SI_UNIT ( .MILLI., .METRE. ) );
#6967 = EDGE_LOOP ( 'NONE', ( #7654, #2900, #646, #2153 ) ) ;
#6968 = PLANE ( 'NONE',  #4261 ) ;
#6969 = VECTOR ( 'NONE', #5811, 1000.000000000000000 ) ;
#6970 = PRESENTATION_STYLE_ASSIGNMENT (( #234 ) ) ;
#6971 = ORIENTED_EDGE ( 'NONE', *, *, #3712, .T. ) ;
#6972 = CARTESIAN_POINT ( 'NONE',  ( -0.1549984199999999979, -0.02999739999999997964, 0.01000000000000000021 ) ) ;
#6973 = EDGE_CURVE ( 'NONE', #4811, #4739, #8226, .T. ) ;
#6974 = DIRECTION ( 'NONE',  ( 0.1788854381999832044, 0.9838699100999075409, 0.0000000000000000000 ) ) ;
#6975 =( GEOMETRIC_REPRESENTATION_CONTEXT ( 3 ) GLOBAL_UNCERTAINTY_ASSIGNED_CONTEXT ( ( #2805 ) ) GLOBAL_UNIT_ASSIGNED_CONTEXT ( ( #5548, #1132, #2382 ) ) REPRESENTATION_CONTEXT ( 'NONE', 'WORKASPACE' ) );
#6976 = APPLICATION_CONTEXT ( 'automotive_design' ) ;
#6977 = EDGE_CURVE ( 'NONE', #1936, #9072, #7547, .T. ) ;
#6978 = ORIENTED_EDGE ( 'NONE', *, *, #5610, .F. ) ;
#6979 = CARTESIAN_POINT ( 'NONE',  ( -0.09999980000001000568, -0.009997440000006000207, 0.01000000000000000021 ) ) ;
#6980 = ORIENTED_EDGE ( 'NONE', *, *, #3392, .F. ) ;
#6981 = CARTESIAN_POINT ( 'NONE',  ( -0.7599984799999999208, -0.8199983600000000372, 0.0000000000000000000 ) ) ;
#6982 = PRODUCT_CONTEXT ( 'NONE', #6838, 'mechanical' ) ;
#6983 = EDGE_CURVE ( 'NONE', #9227, #1387, #8983, .T. ) ;
#6984 = ORIENTED_EDGE ( 'NONE', *, *, #1464, .F. ) ;
#6985 = DIRECTION ( 'NONE',  ( 1.000000000000000000, 0.0000000000000000000, 0.0000000000000000000 ) ) ;
#6986 = CARTESIAN_POINT ( 'NONE',  ( 0.1099997800000000053, 0.1400022599999999895, 0.0000000000000000000 ) ) ;
#6987 = EDGE_CURVE ( 'NONE', #152, #9429, #3082, .T. ) ;
#6988 = VECTOR ( 'NONE', #1374, 1000.000000000000000 ) ;
#6989 = VERTEX_POINT ( 'NONE', #6826 ) ;
#6990 = CARTESIAN_POINT ( 'NONE',  ( -0.1349984600000000146, 0.1400022599999999895, 0.0000000000000000000 ) ) ;
#6991 = EDGE_LOOP ( 'NONE', ( #8558, #243, #1979, #6543 ) ) ;
#6992 =( LENGTH_UNIT ( ) NAMED_UNIT ( * ) SI_UNIT ( .MILLI., .METRE. ) );
#6993 = VECTOR ( 'NONE', #6594, 1000.000000000000000 ) ;
#6994 =( LENGTH_UNIT ( ) NAMED_UNIT ( * ) SI_UNIT ( .MILLI., .METRE. ) );
#6995 = EDGE_CURVE ( 'NONE', #3136, #7826, #2360, .T. ) ;
#6996 = ORIENTED_EDGE ( 'NONE', *, *, #1927, .T. ) ;
#6997 = LINE ( 'NONE', #6306, #1006 ) ;
#6998 = DIRECTION ( 'NONE',  ( 1.000000000000000000, 0.0000000000000000000, -0.0000000000000000000 ) ) ;
#6999 = DIRECTION ( 'NONE',  ( -0.0000000000000000000, -0.0000000000000000000, -1.000000000000000000 ) ) ;
#7000 = DIRECTION ( 'NONE',  ( 0.0000000000000000000, -1.000000000000000000, -0.0000000000000000000 ) ) ;
#7001 = DIRECTION ( 'NONE',  ( 0.9284766908852593037, 0.3713906763541037215, -0.0000000000000000000 ) ) ;
#7002 = SURFACE_STYLE_FILL_AREA ( #5347 ) ;
#7003 = ORIENTED_EDGE ( 'NONE', *, *, #3236, .F. ) ;
#7004 = UNCERTAINTY_MEASURE_WITH_UNIT (LENGTH_MEASURE( 1.000000000000000082E-05 ), #3282, 'distance_accuracy_value', 'NONE');
#7005 = CARTESIAN_POINT ( 'NONE',  ( 0.8300008799999918363, 0.7400010599999944372, 0.0000000000000000000 ) ) ;
#7006 = ORIENTED_EDGE ( 'NONE', *, *, #7144, .T. ) ;
#7007 = CARTESIAN_POINT ( 'NONE',  ( -0.1299997400000000025, 0.09000236000000000347, 0.0000000000000000000 ) ) ;
#7008 = CARTESIAN_POINT ( 'NONE',  ( 0.1400022599999999895, 0.08000237999999999794, 0.0000000000000000000 ) ) ;
#7009 = ORIENTED_EDGE ( 'NONE', *, *, #5192, .F. ) ;
#7010 = DIRECTION ( 'NONE',  ( -0.0000000000000000000, -0.0000000000000000000, -1.000000000000000000 ) ) ;
#7011 = CARTESIAN_POINT ( 'NONE',  ( 0.08999981999999999427, 0.2000021399999999949, 0.0000000000000000000 ) ) ;
#7012 = ORIENTED_EDGE ( 'NONE', *, *, #1062, .T. ) ;
#7013 = ORIENTED_EDGE ( 'NONE', *, *, #8609, .T. ) ;
#7014 = PRODUCT_DEFINITION ( 'UNKNOWN', '', #4106, #6602 ) ;
#7015 = DIRECTION ( 'NONE',  ( 0.0000000000000000000, 0.0000000000000000000, 1.000000000000000000 ) ) ;
#7016 = DIRECTION ( 'NONE',  ( -0.4472135954999579277, 0.8944271909999158554, 0.0000000000000000000 ) ) ;
#7017 = VECTOR ( 'NONE', #1370, 1000.000000000000000 ) ;
#7018 = VECTOR ( 'NONE', #2748, 1000.000000000000227 ) ;
#7019 = EDGE_CURVE ( 'NONE', #4776, #6363, #813, .T. ) ;
#7020 = ORIENTED_EDGE ( 'NONE', *, *, #4072, .F. ) ;
#7021 = CARTESIAN_POINT ( 'NONE',  ( -0.1749983800000000089, -0.1499997000000000136, 0.0000000000000000000 ) ) ;
#7022 = VERTEX_POINT ( 'NONE', #3908 ) ;
#7023 = EDGE_CURVE ( 'NONE', #3609, #996, #6004, .T. ) ;
#7024 = PRODUCT_DEFINITION_CONTEXT ( 'detailed design', #8451, 'design' ) ;
#7025 = CARTESIAN_POINT ( 'NONE',  ( 0.1400022599999999895, 0.08000237999999999794, 0.0000000000000000000 ) ) ;
#7026 = APPLICATION_PROTOCOL_DEFINITION ( 'draft international standard', 'automotive_design', 1998, #6473 ) ;
#7027 = ORIENTED_EDGE ( 'NONE', *, *, #6263, .F. ) ;
#7028 = DIRECTION ( 'NONE',  ( 0.2425356250363899235, 0.9701425001453177765, 0.0000000000000000000 ) ) ;
#7029 = VERTEX_POINT ( 'NONE', #3769 ) ;
#7030 = VECTOR ( 'NONE', #8253, 1000.000000000000114 ) ;
#7031 =( REPRESENTATION_RELATIONSHIP ('NONE','NONE', #5544, #4656 ) REPRESENTATION_RELATIONSHIP_WITH_TRANSFORMATION ( #3400 )SHAPE_REPRESENTATION_RELATIONSHIP( ) );
#7032 = VECTOR ( 'NONE', #1540, 1000.000000000000114 ) ;
#7033 = ADVANCED_FACE ( 'NONE', ( #5909 ), #6727, .F. ) ;
#7034 = EDGE_CURVE ( 'NONE', #4181, #6931, #1512, .T. ) ;
#7035 = CARTESIAN_POINT ( 'NONE',  ( -0.1149985000000000035, -0.2199995600000000107, 0.0000000000000000000 ) ) ;
#7036 = ORIENTED_EDGE ( 'NONE', *, *, #1286, .T. ) ;
#7037 = CARTESIAN_POINT ( 'NONE',  ( 0.05000244000000002992, -0.1649983999999999895, 0.0000000000000000000 ) ) ;
#7038 = EDGE_CURVE ( 'NONE', #2601, #5160, #6681, .T. ) ;
#7039 = CARTESIAN_POINT ( 'NONE',  ( 1.519999499999999948, -0.04500118000000000174, 0.01270000000000000122 ) ) ;
#7040 = ORIENTED_EDGE ( 'NONE', *, *, #3990, .T. ) ;
#7041 = LINE ( 'NONE', #7800, #997 ) ;
#7042 = PLANE ( 'NONE',  #1422 ) ;
#7043 = CARTESIAN_POINT ( 'NONE',  ( -0.05999988000002075272, -0.1499997000000000136, 0.0000000000000000000 ) ) ;
#7044 = LINE ( 'NONE', #488, #876 ) ;
#7045 = EDGE_CURVE ( 'NONE', #8954, #9477, #6288, .T. ) ;
#7046 = DIRECTION ( 'NONE',  ( -0.0000000000000000000, 0.0000000000000000000, -1.000000000000000000 ) ) ;
#7047 =( GEOMETRIC_REPRESENTATION_CONTEXT ( 3 ) GLOBAL_UNCERTAINTY_ASSIGNED_CONTEXT ( ( #3601 ) ) GLOBAL_UNIT_ASSIGNED_CONTEXT ( ( #4781, #7734, #7592 ) ) REPRESENTATION_CONTEXT ( 'NONE', 'WORKASPACE' ) );
#7048 =( NAMED_UNIT ( * ) PLANE_ANGLE_UNIT ( ) SI_UNIT ( $, .RADIAN. ) );
#7049 = AXIS2_PLACEMENT_3D ( 'NONE', #8801, #8664, #3 ) ;
#7050 = ORIENTED_EDGE ( 'NONE', *, *, #4364, .T. ) ;
#7051 = EDGE_CURVE ( 'NONE', #6361, #5234, #9217, .T. ) ;
#7052 = PLANE ( 'NONE',  #3692 ) ;
#7053 = EDGE_LOOP ( 'NONE', ( #7440, #6514, #5466, #9062, #9132, #8888, #6946, #4100, #7618, #6366, #1686, #2843, #1208, #855, #426, #4148, #2606, #4476, #7394, #9435, #8183, #7974, #8913 ) ) ;
#7054 = CARTESIAN_POINT ( 'NONE',  ( 0.1499997000000000136, -0.1749983800000000089, 0.0000000000000000000 ) ) ;
#7055 = DIRECTION ( 'NONE',  ( 0.0000000000000000000, -1.000000000000000000, 0.0000000000000000000 ) ) ;
#7056 = ORIENTED_EDGE ( 'NONE', *, *, #9025, .T. ) ;
#7057 = CARTESIAN_POINT ( 'NONE',  ( -0.1399997199999999942, 0.2200021000000000337, 0.0000000000000000000 ) ) ;
#7058 = CARTESIAN_POINT ( 'NONE',  ( -0.02999994000001315886, -0.1599996800000094976, 0.0000000000000000000 ) ) ;
#7059 = VECTOR ( 'NONE', #7260, 1000.000000000000000 ) ;
#7060 = AXIS2_PLACEMENT_3D ( 'NONE', #7107, #506, #1914 ) ;
#7061 = PRODUCT_DEFINITION_FORMATION_WITH_SPECIFIED_SOURCE ( 'ANY', '', #5819, .NOT_KNOWN. ) ;
#7062 = ORIENTED_EDGE ( 'NONE', *, *, #2348, .T. ) ;
#7063 = CARTESIAN_POINT ( 'NONE',  ( 0.1350010000000022026, -0.1299971999999978700, 0.0000000000000000000 ) ) ;
#7064 = VECTOR ( 'NONE', #5341, 1000.000000000000000 ) ;
#7065 = FILL_AREA_STYLE_COLOUR ( '', #9256 ) ;
#7066 = ORIENTED_EDGE ( 'NONE', *, *, #748, .F. ) ;
#7067 = PLANE ( 'NONE',  #7638 ) ;
#7068 = SURFACE_SIDE_STYLE ('',( #514 ) ) ;
#7069 = VECTOR ( 'NONE', #3214, 1000.000000000000000 ) ;
#7070 = VECTOR ( 'NONE', #2241, 1000.000000000000000 ) ;
#7071 = DIRECTION ( 'NONE',  ( -0.0000000000000000000, 0.0000000000000000000, -1.000000000000000000 ) ) ;
#7072 = ORIENTED_EDGE ( 'NONE', *, *, #748, .T. ) ;
#7073 = DIRECTION ( 'NONE',  ( -0.1788854381999674670, -0.9838699100999104274, 0.0000000000000000000 ) ) ;
#7074 = ORIENTED_EDGE ( 'NONE', *, *, #8565, .F. ) ;
#7075 = CARTESIAN_POINT ( 'NONE',  ( -0.1499997000000000136, -0.1749983800000000089, 0.0000000000000000000 ) ) ;
#7076 = AXIS2_PLACEMENT_3D ( 'NONE', #3470, #2071, #8515 ) ;
#7077 = EDGE_LOOP ( 'NONE', ( #1684, #5778, #1740, #2274 ) ) ;
#7078 = PLANE ( 'NONE',  #2052 ) ;
#7079 = VERTEX_POINT ( 'NONE', #4876 ) ;
#7080 = PRODUCT_DEFINITION ( 'UNKNOWN', '', #3955, #7761 ) ;
#7081 = CARTESIAN_POINT ( 'NONE',  ( -0.009999980000002999664, 0.1750009200000000043, 0.02000000000000000042 ) ) ;
#7082 = ORIENTED_EDGE ( 'NONE', *, *, #2343, .F. ) ;
#7083 = LINE ( 'NONE', #5865, #3946 ) ;
#7084 = CARTESIAN_POINT ( 'NONE',  ( 2.494998820000000173, -2.019998499999999808, 0.01270000000000000122 ) ) ;
#7085 = DIRECTION ( 'NONE',  ( -0.9363291775688390439, 0.3511234415889396554, 0.0000000000000000000 ) ) ;
#7086 = CARTESIAN_POINT ( 'NONE',  ( -0.1200023000000000201, 0.1150010400000000266, 0.0000000000000000000 ) ) ;
#7087 = PLANE ( 'NONE',  #8819 ) ;
#7088 = EDGE_CURVE ( 'NONE', #4624, #2855, #9122, .T. ) ;
#7089 = EDGE_CURVE ( 'NONE', #2554, #4074, #423, .T. ) ;
#7090 = DIRECTION ( 'NONE',  ( 0.0000000000000000000, -0.0000000000000000000, -1.000000000000000000 ) ) ;
#7091 = EDGE_CURVE ( 'NONE', #4856, #785, #8466, .T. ) ;
#7092 = LINE ( 'NONE', #9240, #1280 ) ;
#7093 = ORIENTED_EDGE ( 'NONE', *, *, #2889, .F. ) ;
#7094 = UNCERTAINTY_MEASURE_WITH_UNIT (LENGTH_MEASURE( 1.000000000000000082E-05 ), #8312, 'distance_accuracy_value', 'NONE');
#7095 = CARTESIAN_POINT ( 'NONE',  ( -0.02499867999999999882, -0.1499997000000000136, 0.0000000000000000000 ) ) ;
#7096 = DIRECTION ( 'NONE',  ( 1.000000000000000000, 0.0000000000000000000, 0.0000000000000000000 ) ) ;
#7097 = ORIENTED_EDGE ( 'NONE', *, *, #1538, .T. ) ;
#7098 = APPLICATION_CONTEXT ( 'automotive_design' ) ;
#7099 = LINE ( 'NONE', #7054, #2690 ) ;
#7100 = LINE ( 'NONE', #7288, #6851 ) ;
#7101 = ORIENTED_EDGE ( 'NONE', *, *, #8096, .F. ) ;
#7102 = EDGE_CURVE ( 'NONE', #4667, #8463, #1205, .T. ) ;
#7103 = LINE ( 'NONE', #2771, #5962 ) ;
#7104 = FACE_OUTER_BOUND ( 'NONE', #8994, .T. ) ;
#7105 = ORIENTED_EDGE ( 'NONE', *, *, #1998, .F. ) ;
#7106 = EDGE_CURVE ( 'NONE', #2320, #5272, #241, .T. ) ;
#7107 = CARTESIAN_POINT ( 'NONE',  ( -1.499999539999999909, 1.499999539999999909, 0.5799999999999999600 ) ) ;
#7108 = ORIENTED_EDGE ( 'NONE', *, *, #8848, .F. ) ;
#7109 = DIRECTION ( 'NONE',  ( -1.000000000000000000, -0.0000000000000000000, -0.0000000000000000000 ) ) ;
#7110 = ORIENTED_EDGE ( 'NONE', *, *, #1889, .F. ) ;
#7111 = CARTESIAN_POINT ( 'NONE',  ( 0.09999979999999000779, -0.01999996000001000307, 0.0000000000000000000 ) ) ;
#7112 = ADVANCED_FACE ( 'NONE', ( #9167 ), #7116, .T. ) ;
#7113 = VECTOR ( 'NONE', #7264, 1000.000000000000000 ) ;
#7114 = PRESENTATION_LAYER_ASSIGNMENT (  '', '', ( #5252 ) ) ;
#7115 = VECTOR ( 'NONE', #5349, 1000.000000000000000 ) ;
#7116 = PLANE ( 'NONE',  #7631 ) ;
#7117 = ORIENTED_EDGE ( 'NONE', *, *, #236, .F. ) ;
#7118 = LINE ( 'NONE', #3316, #848 ) ;
#7119 = ORIENTED_EDGE ( 'NONE', *, *, #4049, .T. ) ;
#7120 = PRODUCT_DEFINITION_CONTEXT ( 'detailed design', #2136, 'design' ) ;
#7121 = CARTESIAN_POINT ( 'NONE',  ( -0.07499858000000000913, -0.1400022599999999895, 0.02000000000000000042 ) ) ;
#7122 = SHAPE_DEFINITION_REPRESENTATION ( #555, #2980 ) ;
#7123 = VERTEX_POINT ( 'NONE', #4980 ) ;
#7124 = PRODUCT ( 'User Library-QFN-20_479712337', 'User Library-QFN-20_479712337', '', ( #8741 ) ) ;
#7125 = AXIS2_PLACEMENT_3D ( 'NONE', #4247, #7358, #7221 ) ;
#7126 = DIRECTION ( 'NONE',  ( 0.0000000000000000000, -1.000000000000000000, 0.0000000000000000000 ) ) ;
#7127 = EDGE_LOOP ( 'NONE', ( #5680, #6897, #5011, #6906 ) ) ;
#7128 = COLOUR_RGB ( '',0.7529411764705882248, 0.7529411764705882248, 0.7529411764705882248 ) ;
#7129 = DIRECTION ( 'NONE',  ( 1.000000000000000000, 0.0000000000000000000, -0.0000000000000000000 ) ) ;
#7130 = ORIENTED_EDGE ( 'NONE', *, *, #3786, .F. ) ;
#7131 = DIRECTION ( 'NONE',  ( 0.0000000000000000000, 0.0000000000000000000, 1.000000000000000000 ) ) ;
#7132 = LINE ( 'NONE', #1896, #5320 ) ;
#7133 = DIRECTION ( 'NONE',  ( -0.0000000000000000000, 0.0000000000000000000, -1.000000000000000000 ) ) ;
#7134 = CARTESIAN_POINT ( 'NONE',  ( 0.05999987999998999955, 0.1800021800000000394, 0.0000000000000000000 ) ) ;
#7135 = DIRECTION ( 'NONE',  ( 1.000000000000000000, 0.0000000000000000000, 0.0000000000000000000 ) ) ;
#7136 = CARTESIAN_POINT ( 'NONE',  ( -0.1499997000000000136, -0.2199995600000000107, 0.0000000000000000000 ) ) ;
#7137 = DIRECTION ( 'NONE',  ( -0.0000000000000000000, -0.0000000000000000000, -1.000000000000000000 ) ) ;
#7138 = VECTOR ( 'NONE', #5143, 1000.000000000000000 ) ;
#7139 = EDGE_CURVE ( 'NONE', #1904, #7793, #1359, .T. ) ;
#7140 = PRESENTATION_STYLE_ASSIGNMENT (( #311 ) ) ;
#7141 = ORIENTED_EDGE ( 'NONE', *, *, #4827, .F. ) ;
#7142 = PLANE ( 'NONE',  #4155 ) ;
#7143 = VERTEX_POINT ( 'NONE', #9404 ) ;
#7144 = EDGE_CURVE ( 'NONE', #7259, #3251, #4928, .T. ) ;
#7145 = DIRECTION ( 'NONE',  ( 0.0000000000000000000, -1.000000000000000000, -0.0000000000000000000 ) ) ;
#7146 = DIRECTION ( 'NONE',  ( 1.000000000000000000, 0.0000000000000000000, -0.0000000000000000000 ) ) ;
#7147 = ORIENTED_EDGE ( 'NONE', *, *, #9180, .T. ) ;
#7148 = LINE ( 'NONE', #8495, #6245 ) ;
#7149 = VECTOR ( 'NONE', #7554, 1000.000000000000000 ) ;
#7150 = CARTESIAN_POINT ( 'NONE',  ( -0.08999981999999999427, -0.1799996399999999885, 0.0000000000000000000 ) ) ;
#7151 = ORIENTED_EDGE ( 'NONE', *, *, #7916, .F. ) ;
#7152 = EDGE_CURVE ( 'NONE', #1952, #7289, #5758, .T. ) ;
#7153 = SURFACE_SIDE_STYLE ('',( #4133 ) ) ;
#7154 = APPLICATION_CONTEXT ( 'automotive_design' ) ;
#7155 = CARTESIAN_POINT ( 'NONE',  ( 0.0000000000000000000, 0.0000000000000000000, 0.0000000000000000000 ) ) ;
#7156 = ORIENTED_EDGE ( 'NONE', *, *, #987, .F. ) ;
#7157 = VECTOR ( 'NONE', #7354, 1000.000000000000000 ) ;
#7158 = DIRECTION ( 'NONE',  ( 1.000000000000000000, 0.0000000000000000000, 0.0000000000000000000 ) ) ;
#7159 = ORIENTED_EDGE ( 'NONE', *, *, #331, .F. ) ;
#7160 = EDGE_CURVE ( 'NONE', #1931, #8047, #468, .T. ) ;
#7161 = DIRECTION ( 'NONE',  ( 0.3162197340080041830, 0.9486859753490124447, 0.0000000000000000000 ) ) ;
#7162 = AXIS2_PLACEMENT_3D ( 'NONE', #22, #7965, #5208 ) ;
#7163 =( REPRESENTATION_RELATIONSHIP ('NONE','NONE', #7630, #282 ) REPRESENTATION_RELATIONSHIP_WITH_TRANSFORMATION ( #9097 )SHAPE_REPRESENTATION_RELATIONSHIP( ) );
#7164 = EDGE_CURVE ( 'NONE', #1101, #4038, #3517, .T. ) ;
#7165 = DIRECTION ( 'NONE',  ( 0.5547001962251650875, 0.8320502943378863536, 0.0000000000000000000 ) ) ;
#7166 = VERTEX_POINT ( 'NONE', #7302 ) ;
#7167 = DIRECTION ( 'NONE',  ( 0.9284766908852593037, -0.3713906763541037215, 0.0000000000000000000 ) ) ;
#7168 = ORIENTED_EDGE ( 'NONE', *, *, #3463, .F. ) ;
#7169 = LINE ( 'NONE', #257, #3081 ) ;
#7170 = DIRECTION ( 'NONE',  ( -0.0000000000000000000, -0.0000000000000000000, -1.000000000000000000 ) ) ;
#7171 = PRODUCT_CONTEXT ( 'NONE', #7154, 'mechanical' ) ;
#7172 = ORIENTED_EDGE ( 'NONE', *, *, #5445, .T. ) ;
#7173 = LINE ( 'NONE', #6394, #360 ) ;
#7174 = ORIENTED_EDGE ( 'NONE', *, *, #1239, .T. ) ;
#7175 = VECTOR ( 'NONE', #4687, 1000.000000000000000 ) ;
#7176 = CARTESIAN_POINT ( 'NONE',  ( 0.1750009200000000043, 0.1499997000000000136, 0.0000000000000000000 ) ) ;
#7177 = EDGE_LOOP ( 'NONE', ( #7625, #2470, #8639, #6197 ) ) ;
#7178 =( NAMED_UNIT ( * ) SI_UNIT ( $, .STERADIAN. ) SOLID_ANGLE_UNIT ( ) );
#7179 = DIRECTION ( 'NONE',  ( 1.000000000000000000, 0.0000000000000000000, 0.0000000000000000000 ) ) ;
#7180 = ORIENTED_EDGE ( 'NONE', *, *, #802, .T. ) ;
#7181 = LINE ( 'NONE', #6633, #847 ) ;
#7182 = DIRECTION ( 'NONE',  ( -1.000000000000000000, 0.0000000000000000000, 0.0000000000000000000 ) ) ;
#7183 = FACE_OUTER_BOUND ( 'NONE', #7177, .T. ) ;
#7184 = VECTOR ( 'NONE', #6305, 1000.000000000000000 ) ;
#7185 = LINE ( 'NONE', #3492, #3037 ) ;
#7186 = VECTOR ( 'NONE', #7663, 1000.000000000000000 ) ;
#7187 = AXIS2_PLACEMENT_3D ( 'NONE', #119, #160, #8995 ) ;
#7188 = DIRECTION ( 'NONE',  ( 0.0000000000000000000, 0.0000000000000000000, 1.000000000000000000 ) ) ;
#7189 = ORIENTED_EDGE ( 'NONE', *, *, #6375, .T. ) ;
#7190 = UNCERTAINTY_MEASURE_WITH_UNIT (LENGTH_MEASURE( 1.000000000000000082E-05 ), #5714, 'distance_accuracy_value', 'NONE');
#7191 = DIRECTION ( 'NONE',  ( -0.7071112712807915424, 0.7071022910637914105, 0.0000000000000000000 ) ) ;
#7192 = FILL_AREA_STYLE_COLOUR ( '', #7430 ) ;
#7193 = EDGE_LOOP ( 'NONE', ( #1852, #4048, #4823, #5136 ) ) ;
#7194 = DIRECTION ( 'NONE',  ( -0.9615239476408127262, -0.2747211278974146520, 0.0000000000000000000 ) ) ;
#7195 = CARTESIAN_POINT ( 'NONE',  ( 0.005001260000000000427, 0.2200021000000000060, 0.0000000000000000000 ) ) ;
#7196 = ORIENTED_EDGE ( 'NONE', *, *, #5431, .T. ) ;
#7197 = CARTESIAN_POINT ( 'NONE',  ( -0.1399971800000014421, -0.08499855999995369060, 0.02000000000000000389 ) ) ;
#7198 = CARTESIAN_POINT ( 'NONE',  ( -0.2000000000000000111, 0.0000000000000000000, 0.0000000000000000000 ) ) ;
#7199 = VECTOR ( 'NONE', #1993, 1000.000000000000114 ) ;
#7200 = ITEM_DEFINED_TRANSFORMATION ( 'NONE', 'NONE', #6277,  #320 ) ;
#7201 = EDGE_CURVE ( 'NONE', #9264, #7534, #8651, .T. ) ;
#7202 = CARTESIAN_POINT ( 'NONE',  ( -0.1099997800000000053, 0.1700021999999999922, 0.01000000000000000021 ) ) ;
#7203 = PRODUCT_DEFINITION_SHAPE ( 'NONE', 'NONE',  #3682 ) ;
#7204 = ORIENTED_EDGE ( 'NONE', *, *, #3215, .F. ) ;
#7205 = UNCERTAINTY_MEASURE_WITH_UNIT (LENGTH_MEASURE( 1.000000000000000082E-05 ), #8955, 'distance_accuracy_value', 'NONE');
#7206 = CARTESIAN_POINT ( 'NONE',  ( 0.09500108000000759279, -0.1999996000000001661, 0.0000000000000000000 ) ) ;
#7207 = SURFACE_STYLE_FILL_AREA ( #6378 ) ;
#7208 = VERTEX_POINT ( 'NONE', #2159 ) ;
#7209 = DIRECTION ( 'NONE',  ( 1.000000000000000000, 0.0000000000000000000, -0.0000000000000000000 ) ) ;
#7210 = COLOUR_RGB ( '',1.000000000000000000, 1.000000000000000000, 0.4000000000000000222 ) ;
#7211 = EDGE_CURVE ( 'NONE', #2672, #433, #2020, .T. ) ;
#7212 = EDGE_CURVE ( 'NONE', #2068, #2679, #7928, .T. ) ;
#7213 = APPLICATION_CONTEXT ( 'automotive_design' ) ;
#7214 = ADVANCED_FACE ( 'NONE', ( #5851 ), #5124, .T. ) ;
#7215 = COLOUR_RGB ( '',1.000000000000000000, 1.000000000000000000, 0.4000000000000000222 ) ;
#7216 = CARTESIAN_POINT ( 'NONE',  ( 0.1650009399999979309, 0.06000241999999859216, 0.0000000000000000000 ) ) ;
#7217 = ORIENTED_EDGE ( 'NONE', *, *, #2218, .T. ) ;
#7218 = CARTESIAN_POINT ( 'NONE',  ( -0.08499856000000000078, -0.1999995999999999996, 0.0000000000000000000 ) ) ;
#7219 = CARTESIAN_POINT ( 'NONE',  ( 0.0000000000000000000, 0.0000000000000000000, 0.0000000000000000000 ) ) ;
#7220 = ORIENTED_EDGE ( 'NONE', *, *, #7688, .F. ) ;
#7221 = DIRECTION ( 'NONE',  ( 0.1961161351379917261, -0.9805806756909586364, 0.0000000000000000000 ) ) ;
#7222 = CARTESIAN_POINT ( 'NONE',  ( 0.8000009399999999937, -0.7799984399999999596, 0.02000000000000000736 ) ) ;
#7223 = DIRECTION ( 'NONE',  ( 0.0000000000000000000, 0.0000000000000000000, 1.000000000000000000 ) ) ;
#7224 = APPLICATION_PROTOCOL_DEFINITION ( 'draft international standard', 'automotive_design', 1998, #7951 ) ;
#7225 = EDGE_CURVE ( 'NONE', #185, #5625, #1307, .T. ) ;
#7226 = PLANE ( 'NONE',  #7937 ) ;
#7227 = ORIENTED_EDGE ( 'NONE', *, *, #1182, .F. ) ;
#7228 = EDGE_CURVE ( 'NONE', #6618, #7590, #4335, .T. ) ;
#7229 = EDGE_LOOP ( 'NONE', ( #9090, #3556, #5173, #4146 ) ) ;
#7230 = CARTESIAN_POINT ( 'NONE',  ( 0.07500112000000000445, -0.1399971799999999988, 0.0000000000000000000 ) ) ;
#7231 = VERTEX_POINT ( 'NONE', #8606 ) ;
#7232 = CARTESIAN_POINT ( 'NONE',  ( 0.04999989999999999990, 0.2200021000000000337, 0.0000000000000000000 ) ) ;
#7233 = VECTOR ( 'NONE', #1981, 1000.000000000000000 ) ;
#7234 = CARTESIAN_POINT ( 'NONE',  ( 2.494998820000000173, -0.5200015000000000054, 0.01270000000000000122 ) ) ;
#7235 = LINE ( 'NONE', #4206, #4539 ) ;
#7236 = LINE ( 'NONE', #3536, #2486 ) ;
#7237 = EDGE_CURVE ( 'NONE', #5820, #6526, #9450, .T. ) ;
#7238 = DIRECTION ( 'NONE',  ( 0.7071292308026647655, 0.7070843308576648667, 0.0000000000000000000 ) ) ;
#7239 = VECTOR ( 'NONE', #9452, 1000.000000000000114 ) ;
#7240 = VERTEX_POINT ( 'NONE', #7216 ) ;
#7241 = CARTESIAN_POINT ( 'NONE',  ( 0.0000000000000000000, 0.2000021399999999949, 0.0000000000000000000 ) ) ;
#7242 = DIRECTION ( 'NONE',  ( 0.0000000000000000000, 0.0000000000000000000, 1.000000000000000000 ) ) ;
#7243 = EDGE_LOOP ( 'NONE', ( #8375, #6007, #298, #7442, #4992, #8976, #481, #4540, #9221, #3203, #7484, #5242, #3937, #3925 ) ) ;
#7244 = LINE ( 'NONE', #600, #6571 ) ;
#7245 = LINE ( 'NONE', #6513, #2657 ) ;
#7246 = ORIENTED_EDGE ( 'NONE', *, *, #2302, .F. ) ;
#7247 = DIRECTION ( 'NONE',  ( -0.0000000000000000000, -0.0000000000000000000, -1.000000000000000000 ) ) ;
#7248 = CARTESIAN_POINT ( 'NONE',  ( -1.499999539999999909, -1.499999539999999909, 0.0000000000000000000 ) ) ;
#7249 = CONTEXT_DEPENDENT_SHAPE_REPRESENTATION ( #1031, #6741 ) ;
#7250 = DIRECTION ( 'NONE',  ( -0.0000000000000000000, 0.0000000000000000000, 1.000000000000000000 ) ) ;
#7251 = DIRECTION ( 'NONE',  ( -1.000000000000000000, 0.0000000000000000000, 0.0000000000000000000 ) ) ;
#7252 = ORIENTED_EDGE ( 'NONE', *, *, #7791, .T. ) ;
#7253 = ORIENTED_EDGE ( 'NONE', *, *, #4300, .T. ) ;
#7254 = DIRECTION ( 'NONE',  ( -0.0000000000000000000, -0.0000000000000000000, -1.000000000000000000 ) ) ;
#7255 = PRESENTATION_STYLE_ASSIGNMENT (( #2781 ) ) ;
#7256 = PRODUCT_RELATED_PRODUCT_CATEGORY ( 'part', '', ( #4257 ) ) ;
#7257 = SHAPE_DEFINITION_REPRESENTATION ( #5495, #9219 ) ;
#7258 = CARTESIAN_POINT ( 'NONE',  ( 0.02000250000000000986, -0.1749983800000000089, 0.0000000000000000000 ) ) ;
#7259 = VERTEX_POINT ( 'NONE', #517 ) ;
#7260 = DIRECTION ( 'NONE',  ( -0.7071067811865477948, 0.7071067811865473507, 0.0000000000000000000 ) ) ;
#7261 = ORIENTED_EDGE ( 'NONE', *, *, #7089, .F. ) ;
#7262 = DIRECTION ( 'NONE',  ( 0.6246950475544243986, -0.7808688094430302762, 0.0000000000000000000 ) ) ;
#7263 = LINE ( 'NONE', #526, #110 ) ;
#7264 = DIRECTION ( 'NONE',  ( 0.0000000000000000000, 0.0000000000000000000, -1.000000000000000000 ) ) ;
#7265 = EDGE_CURVE ( 'NONE', #5524, #3662, #8786, .T. ) ;
#7266 = VECTOR ( 'NONE', #6581, 1000.000000000000000 ) ;
#7267 = PLANE ( 'NONE',  #3131 ) ;
#7268 = EDGE_LOOP ( 'NONE', ( #5580, #3961, #7285, #6720 ) ) ;
#7269 = VECTOR ( 'NONE', #6060, 1000.000000000000000 ) ;
#7270 = DIRECTION ( 'NONE',  ( -1.000000000000000000, 0.0000000000000000000, 0.0000000000000000000 ) ) ;
#7271 = VERTEX_POINT ( 'NONE', #8744 ) ;
#7272 = FACE_OUTER_BOUND ( 'NONE', #6412, .T. ) ;
#7273 = DIRECTION ( 'NONE',  ( 0.0000000000000000000, 0.0000000000000000000, 1.000000000000000000 ) ) ;
#7274 = LINE ( 'NONE', #2797, #372 ) ;
#7275 = ADVANCED_FACE ( 'NONE', ( #574 ), #9313, .T. ) ;
#7276 = LINE ( 'NONE', #2760, #6988 ) ;
#7277 = DIRECTION ( 'NONE',  ( -0.7808688094432254534, 0.6246950475541803716, 0.0000000000000000000 ) ) ;
#7278 = PRODUCT_DEFINITION_SHAPE ( 'NONE', 'NONE',  #2845 ) ;
#7279 = APPLICATION_CONTEXT ( 'automotive_design' ) ;
#7280 = ADVANCED_FACE ( 'NONE', ( #667 ), #6573, .T. ) ;
#7281 = EDGE_LOOP ( 'NONE', ( #1629, #6577, #9372, #7621 ) ) ;
#7282 = AXIS2_PLACEMENT_3D ( 'NONE', #5102, #2954, #5924 ) ;
#7283 = LINE ( 'NONE', #1378, #2154 ) ;
#7284 =( NAMED_UNIT ( * ) SI_UNIT ( $, .STERADIAN. ) SOLID_ANGLE_UNIT ( ) );
#7285 = ORIENTED_EDGE ( 'NONE', *, *, #1649, .F. ) ;
#7286 = CARTESIAN_POINT ( 'NONE',  ( -0.1349984600000000146, 0.1400022599999999895, 0.0000000000000000000 ) ) ;
#7287 = PRODUCT ( 'User Library-QFN-20_479706833', 'User Library-QFN-20_479706833', '', ( #6391 ) ) ;
#7288 = CARTESIAN_POINT ( 'NONE',  ( -0.07999984000005169738, -0.1799996399999483632, 0.0000000000000000000 ) ) ;
#7289 = VERTEX_POINT ( 'NONE', #8751 ) ;
#7290 = LINE ( 'NONE', #7431, #6273 ) ;
#7291 = PLANE ( 'NONE',  #4738 ) ;
#7292 = AXIS2_PLACEMENT_3D ( 'NONE', #3688, #6064, #4510 ) ;
#7293 = DIRECTION ( 'NONE',  ( -0.5547001962249983320, -0.8320502943379975980, 0.0000000000000000000 ) ) ;
#7294 =( NAMED_UNIT ( * ) PLANE_ANGLE_UNIT ( ) SI_UNIT ( $, .RADIAN. ) );
#7295 = ORIENTED_EDGE ( 'NONE', *, *, #3281, .F. ) ;
#7296 = DIRECTION ( 'NONE',  ( -0.3162277660168377191, 0.9486832980505138790, 0.0000000000000000000 ) ) ;
#7297 = EDGE_LOOP ( 'NONE', ( #9495, #4516, #4327, #3346 ) ) ;
#7298 = DIRECTION ( 'NONE',  ( 0.0000000000000000000, -0.0000000000000000000, 1.000000000000000000 ) ) ;
#7299 = MANIFOLD_SURFACE_SHAPE_REPRESENTATION ( '', ( #1715, #5419 ), #9 ) ;
#7300 = CARTESIAN_POINT ( 'NONE',  ( 0.1400022599999999895, 0.2200021000000000337, 0.01000000000000000021 ) ) ;
#7301 = APPLICATION_PROTOCOL_DEFINITION ( 'draft international standard', 'automotive_design', 1998, #7279 ) ;
#7302 = CARTESIAN_POINT ( 'NONE',  ( -0.09999980000001000568, 0.1800021800000000671, 0.0000000000000000000 ) ) ;
#7303 = ORIENTED_EDGE ( 'NONE', *, *, #7051, .T. ) ;
#7304 = FACE_OUTER_BOUND ( 'NONE', #1824, .T. ) ;
#7305 = AXIS2_PLACEMENT_3D ( 'NONE', #9440, #1385, #7293 ) ;
#7306 = ORIENTED_EDGE ( 'NONE', *, *, #3940, .T. ) ;
#7307 = CARTESIAN_POINT ( 'NONE',  ( -0.1349984599999994317, 0.1400022600000000728, 0.009999999999999998473 ) ) ;
#7308 = DIRECTION ( 'NONE',  ( -0.0000000000000000000, 1.000000000000000000, 0.0000000000000000000 ) ) ;
#7309 = CARTESIAN_POINT ( 'NONE',  ( -0.1149985000000000035, 0.2200021000000000337, 0.01000000000000000021 ) ) ;
#7310 = VECTOR ( 'NONE', #1047, 1000.000000000000000 ) ;
#7311 = CARTESIAN_POINT ( 'NONE',  ( 1.499999539999999909, 1.499999539999999909, 0.0000000000000000000 ) ) ;
#7312 = ORIENTED_EDGE ( 'NONE', *, *, #416, .T. ) ;
#7313 = LINE ( 'NONE', #2129, #1607 ) ;
#7314 = EDGE_CURVE ( 'NONE', #7773, #2795, #3849, .T. ) ;
#7315 = ORIENTED_EDGE ( 'NONE', *, *, #4285, .T. ) ;
#7316 = PLANE ( 'NONE',  #4092 ) ;
#7317 = DIRECTION ( 'NONE',  ( 0.0000000000000000000, 0.0000000000000000000, 1.000000000000000000 ) ) ;
#7318 = ORIENTED_EDGE ( 'NONE', *, *, #8806, .F. ) ;
#7319 = LINE ( 'NONE', #3627, #6993 ) ;
#7320 = PLANE ( 'NONE',  #3301 ) ;
#7321 = EDGE_CURVE ( 'NONE', #3159, #7029, #8831, .T. ) ;
#7322 = VECTOR ( 'NONE', #1398, 1000.000000000000000 ) ;
#7323 = VERTEX_POINT ( 'NONE', #3756 ) ;
#7324 = EDGE_CURVE ( 'NONE', #483, #6575, #6715, .T. ) ;
#7325 = AXIS2_PLACEMENT_3D ( 'NONE', #5373, #1653, #1695 ) ;
#7326 = ADVANCED_FACE ( 'NONE', ( #4527 ), #9014, .T. ) ;
#7327 = DIRECTION ( 'NONE',  ( 0.0000000000000000000, 0.0000000000000000000, 1.000000000000000000 ) ) ;
#7328 = EDGE_LOOP ( 'NONE', ( #130, #1796, #7246, #343 ) ) ;
#7329 = DIRECTION ( 'NONE',  ( 0.0000000000000000000, -1.000000000000000000, 0.0000000000000000000 ) ) ;
#7330 =( LENGTH_UNIT ( ) NAMED_UNIT ( * ) SI_UNIT ( .MILLI., .METRE. ) );
#7331 = ORIENTED_EDGE ( 'NONE', *, *, #5960, .T. ) ;
#7332 = LINE ( 'NONE', #4272, #4864 ) ;
#7333 = DIRECTION ( 'NONE',  ( -1.000000000000000000, 0.0000000000000000000, -0.0000000000000000000 ) ) ;
#7334 = PLANE ( 'NONE',  #851 ) ;
#7335 = APPLICATION_CONTEXT ( 'automotive_design' ) ;
#7336 = DIRECTION ( 'NONE',  ( -0.0000000000000000000, 1.000000000000000000, 0.0000000000000000000 ) ) ;
#7337 = ADVANCED_FACE ( 'NONE', ( #2923 ), #3030, .T. ) ;
#7338 = VECTOR ( 'NONE', #8808, 1000.000000000000000 ) ;
#7339 =( REPRESENTATION_RELATIONSHIP ('NONE','NONE', #2980, #3918 ) REPRESENTATION_RELATIONSHIP_WITH_TRANSFORMATION ( #4374 )SHAPE_REPRESENTATION_RELATIONSHIP( ) );
#7340 = CONTEXT_DEPENDENT_SHAPE_REPRESENTATION ( #227, #8960 ) ;
#7341 = CARTESIAN_POINT ( 'NONE',  ( 0.09999979999999000779, -0.01999996000000999960, 0.0000000000000000000 ) ) ;
#7342 = VECTOR ( 'NONE', #6033, 1000.000000000000000 ) ;
#7343 = ADVANCED_FACE ( 'NONE', ( #133 ), #5361, .T. ) ;
#7344 = CARTESIAN_POINT ( 'NONE',  ( 0.0000000000000000000, 0.0000000000000000000, 0.0000000000000000000 ) ) ;
#7345 = ORIENTED_EDGE ( 'NONE', *, *, #4646, .T. ) ;
#7346 = DIRECTION ( 'NONE',  ( 0.0000000000000000000, 0.0000000000000000000, 1.000000000000000000 ) ) ;
#7347 = ORIENTED_EDGE ( 'NONE', *, *, #6435, .T. ) ;
#7348 = CARTESIAN_POINT ( 'NONE',  ( -0.1349984599999979884, 0.1400022600000012107, 0.0000000000000000000 ) ) ;
#7349 = ORIENTED_EDGE ( 'NONE', *, *, #4429, .F. ) ;
#7350 = DIRECTION ( 'NONE',  ( 1.000000000000000000, 0.0000000000000000000, -0.0000000000000000000 ) ) ;
#7351 = VECTOR ( 'NONE', #1091, 1000.000000000000000 ) ;
#7352 = EDGE_CURVE ( 'NONE', #9488, #409, #5894, .T. ) ;
#7353 = APPLICATION_PROTOCOL_DEFINITION ( 'draft international standard', 'automotive_design', 1998, #2496 ) ;
#7354 = DIRECTION ( 'NONE',  ( -0.0000000000000000000, -0.0000000000000000000, -1.000000000000000000 ) ) ;
#7355 = AXIS2_PLACEMENT_3D ( 'NONE', #9068, #2444, #4139 ) ;
#7356 = ORIENTED_EDGE ( 'NONE', *, *, #8146, .T. ) ;
#7357 = DIRECTION ( 'NONE',  ( 0.5812242285152580124, -0.8137434461713612954, 0.0000000000000000000 ) ) ;
#7358 = DIRECTION ( 'NONE',  ( -0.9805806756909586364, -0.1961161351379917261, 0.0000000000000000000 ) ) ;
#7359 = LINE ( 'NONE', #6580, #4893 ) ;
#7360 = DIRECTION ( 'NONE',  ( 0.0000000000000000000, 0.0000000000000000000, 1.000000000000000000 ) ) ;
#7361 = CARTESIAN_POINT ( 'NONE',  ( 0.1499997000000000136, 0.04500118000000000174, 0.02000000000000000042 ) ) ;
#7362 = CARTESIAN_POINT ( 'NONE',  ( 0.0000000000000000000, 0.0000000000000000000, 0.0000000000000000000 ) ) ;
#7363 = VECTOR ( 'NONE', #7296, 1000.000000000000114 ) ;
#7364 = VERTEX_POINT ( 'NONE', #5997 ) ;
#7365 = VECTOR ( 'NONE', #825, 1000.000000000000000 ) ;
#7366 = DIRECTION ( 'NONE',  ( 0.0000000000000000000, 0.0000000000000000000, -1.000000000000000000 ) ) ;
#7367 = PRODUCT ( 'User Library-QFN-20_Extruded13', 'User Library-QFN-20_Extruded13', '', ( #2410 ) ) ;
#7368 = ORIENTED_EDGE ( 'NONE', *, *, #6917, .F. ) ;
#7369 = PRODUCT_DEFINITION_FORMATION_WITH_SPECIFIED_SOURCE ( 'ANY', '', #2019, .NOT_KNOWN. ) ;
#7370 = CARTESIAN_POINT ( 'NONE',  ( 0.1599996799999945374, 0.1300022799999313861, 0.0000000000000000000 ) ) ;
#7371 = VECTOR ( 'NONE', #4915, 999.9999999999998863 ) ;
#7372 = ORIENTED_EDGE ( 'NONE', *, *, #8713, .F. ) ;
#7373 = PLANE ( 'NONE',  #4031 ) ;
#7374 = PRODUCT_RELATED_PRODUCT_CATEGORY ( 'part', '', ( #8055 ) ) ;
#7375 = ORIENTED_EDGE ( 'NONE', *, *, #9012, .T. ) ;
#7376 = ORIENTED_EDGE ( 'NONE', *, *, #9194, .F. ) ;
#7377 = EDGE_LOOP ( 'NONE', ( #1520, #3958, #5292, #1229 ) ) ;
#7378 = ADVANCED_FACE ( 'NONE', ( #6041 ), #5308, .T. ) ;
#7379 = DIRECTION ( 'NONE',  ( -0.0000000000000000000, 1.000000000000000000, 0.0000000000000000000 ) ) ;
#7380 = EDGE_CURVE ( 'NONE', #8205, #9407, #3118, .T. ) ;
#7381 =( LENGTH_UNIT ( ) NAMED_UNIT ( * ) SI_UNIT ( .MILLI., .METRE. ) );
#7382 = EDGE_LOOP ( 'NONE', ( #1682, #4501, #5773, #6740 ) ) ;
#7383 = CARTESIAN_POINT ( 'NONE',  ( 0.05000244000000000216, 0.03000247999998999909, 0.0000000000000000000 ) ) ;
#7384 = FACE_OUTER_BOUND ( 'NONE', #8541, .T. ) ;
#7385 = VECTOR ( 'NONE', #2267, 1000.000000000000000 ) ;
#7386 = LINE ( 'NONE', #3591, #4225 ) ;
#7387 = ADVANCED_FACE ( 'NONE', ( #8259 ), #1639, .T. ) ;
#7388 = CARTESIAN_POINT ( 'NONE',  ( 0.02500121999999375261, -0.1499997000000188041, 0.0000000000000000000 ) ) ;
#7389 = DIRECTION ( 'NONE',  ( -0.0000000000000000000, 1.000000000000000000, 0.0000000000000000000 ) ) ;
#7390 = EDGE_LOOP ( 'NONE', ( #4637, #7306, #1137, #1964 ) ) ;
#7391 = DIRECTION ( 'NONE',  ( 0.0000000000000000000, -0.0000000000000000000, -1.000000000000000000 ) ) ;
#7392 = EDGE_CURVE ( 'NONE', #9008, #1501, #1593, .T. ) ;
#7393 =( NAMED_UNIT ( * ) SI_UNIT ( $, .STERADIAN. ) SOLID_ANGLE_UNIT ( ) );
#7394 = ORIENTED_EDGE ( 'NONE', *, *, #3452, .F. ) ;
#7395 = LINE ( 'NONE', #797, #983 ) ;
#7396 = ORIENTED_EDGE ( 'NONE', *, *, #9215, .T. ) ;
#7397 = CARTESIAN_POINT ( 'NONE',  ( 0.1750009200000000043, 0.1499997000000000136, 0.0000000000000000000 ) ) ;
#7398 = EDGE_CURVE ( 'NONE', #985, #631, #2260, .T. ) ;
#7399 = PRODUCT_CONTEXT ( 'NONE', #5112, 'mechanical' ) ;
#7400 = DIRECTION ( 'NONE',  ( 0.9486832980504137369, 0.3162277660171379234, 0.0000000000000000000 ) ) ;
#7401 = ORIENTED_EDGE ( 'NONE', *, *, #9447, .T. ) ;
#7402 = FACE_OUTER_BOUND ( 'NONE', #1444, .T. ) ;
#7403 = EDGE_CURVE ( 'NONE', #1424, #1977, #715, .T. ) ;
#7404 = ORIENTED_EDGE ( 'NONE', *, *, #3359, .F. ) ;
#7405 = DIRECTION ( 'NONE',  ( 0.0000000000000000000, 0.0000000000000000000, 1.000000000000000000 ) ) ;
#7406 = CARTESIAN_POINT ( 'NONE',  ( -0.02999994000001266273, 0.2400020600000039861, 0.009999999999999998473 ) ) ;
#7407 = LINE ( 'NONE', #2982, #9248 ) ;
#7408 = DIRECTION ( 'NONE',  ( 0.7071067811865475727, -0.7071067811865475727, 0.0000000000000000000 ) ) ;
#7409 =( REPRESENTATION_RELATIONSHIP ('NONE','NONE', #5544, #6276 ) REPRESENTATION_RELATIONSHIP_WITH_TRANSFORMATION ( #6815 )SHAPE_REPRESENTATION_RELATIONSHIP( ) );
#7410 = ADVANCED_BREP_SHAPE_REPRESENTATION ( '', ( #4683, #2951 ), #8484 ) ;
#7411 = LINE ( 'NONE', #2402, #8455 ) ;
#7412 =( GEOMETRIC_REPRESENTATION_CONTEXT ( 3 ) GLOBAL_UNCERTAINTY_ASSIGNED_CONTEXT ( ( #4185 ) ) GLOBAL_UNIT_ASSIGNED_CONTEXT ( ( #7809, #7048, #1180 ) ) REPRESENTATION_CONTEXT ( 'NONE', 'WORKASPACE' ) );
#7413 = ORIENTED_EDGE ( 'NONE', *, *, #3489, .F. ) ;
#7414 = VERTEX_POINT ( 'NONE', #1500 ) ;
#7415 = DIRECTION ( 'NONE',  ( -0.0000000000000000000, 0.0000000000000000000, 1.000000000000000000 ) ) ;
#7416 = AXIS2_PLACEMENT_3D ( 'NONE', #2121, #3612, #2067 ) ;
#7417 = VERTEX_POINT ( 'NONE', #4433 ) ;
#7418 = CARTESIAN_POINT ( 'NONE',  ( -0.1549984199999999979, -0.2199995600000000107, 0.0000000000000000000 ) ) ;
#7419 = VECTOR ( 'NONE', #2806, 1000.000000000000114 ) ;
#7420 = FACE_OUTER_BOUND ( 'NONE', #2380, .T. ) ;
#7421 = ORIENTED_EDGE ( 'NONE', *, *, #3830, .F. ) ;
#7422 = PLANE ( 'NONE',  #2510 ) ;
#7423 = CARTESIAN_POINT ( 'NONE',  ( 0.07999984000000000262, -0.01999742000001000081, 0.01000000000000000368 ) ) ;
#7424 = ORIENTED_EDGE ( 'NONE', *, *, #3267, .F. ) ;
#7425 = CARTESIAN_POINT ( 'NONE',  ( -0.1549984199999999979, -0.2199995600000000107, 0.0000000000000000000 ) ) ;
#7426 = SHAPE_REPRESENTATION_RELATIONSHIP ( 'NONE' , 'NONE' ,  #6479, #7752 ) ;
#7427 = ORIENTED_EDGE ( 'NONE', *, *, #7212, .T. ) ;
#7428 = DIRECTION ( 'NONE',  ( -0.0000000000000000000, 1.000000000000000000, 0.0000000000000000000 ) ) ;
#7429 = CARTESIAN_POINT ( 'NONE',  ( 0.7100011199999985978, 0.8400008599999906345, 0.0000000000000000000 ) ) ;
#7430 = COLOUR_RGB ( '',0.7529411764705882248, 0.7529411764705882248, 0.7529411764705882248 ) ;
#7431 = CARTESIAN_POINT ( 'NONE',  ( -0.1200022999999999923, 0.1150010399999999988, 0.0000000000000000000 ) ) ;
#7432 = CARTESIAN_POINT ( 'NONE',  ( -0.8199983600000000372, -0.7499984999999999014, 0.0000000000000000000 ) ) ;
#7433 = EDGE_CURVE ( 'NONE', #7816, #2253, #3809, .T. ) ;
#7434 = LINE ( 'NONE', #2244, #4046 ) ;
#7435 = PRODUCT_DEFINITION_SHAPE ( 'NONE', 'NONE',  #9548 ) ;
#7436 = DIRECTION ( 'NONE',  ( 0.0000000000000000000, 0.0000000000000000000, 1.000000000000000000 ) ) ;
#7437 = EDGE_CURVE ( 'NONE', #6440, #7687, #4083, .T. ) ;
#7438 = ORIENTED_EDGE ( 'NONE', *, *, #586, .T. ) ;
#7439 = CARTESIAN_POINT ( 'NONE',  ( -0.06999985999999999708, 0.1600022200000000006, 0.0000000000000000000 ) ) ;
#7440 = ORIENTED_EDGE ( 'NONE', *, *, #4297, .F. ) ;
#7441 = CARTESIAN_POINT ( 'NONE',  ( -0.1149985000000000035, 0.2200021000000000060, 0.01000000000000000021 ) ) ;
#7442 = ORIENTED_EDGE ( 'NONE', *, *, #5133, .F. ) ;
#7443 = FACE_OUTER_BOUND ( 'NONE', #1536, .T. ) ;
#7444 = AXIS2_PLACEMENT_3D ( 'NONE', #6642, #6008, #8943 ) ;
#7445 = PRODUCT_DEFINITION_SHAPE ( 'NONE', 'NONE',  #375 ) ;
#7446 = ADVANCED_FACE ( 'NONE', ( #8356 ), #3899, .T. ) ;
#7447 = APPLICATION_PROTOCOL_DEFINITION ( 'draft international standard', 'automotive_design', 1998, #4926 ) ;
#7448 = ADVANCED_FACE ( 'NONE', ( #1735 ), #2440, .T. ) ;
#7449 = ORIENTED_EDGE ( 'NONE', *, *, #9416, .F. ) ;
#7450 = VECTOR ( 'NONE', #774, 1000.000000000000114 ) ;
#7451 = DIRECTION ( 'NONE',  ( -0.9805902541527398153, 0.1960682367459480047, 0.0000000000000000000 ) ) ;
#7452 = ORIENTED_EDGE ( 'NONE', *, *, #441, .T. ) ;
#7453 = CARTESIAN_POINT ( 'NONE',  ( 0.8300008799999982756, 0.7400010599999981009, 0.0000000000000000000 ) ) ;
#7454 = CARTESIAN_POINT ( 'NONE',  ( 0.03500120000002925752, -0.2199995600000080043, 0.0000000000000000000 ) ) ;
#7455 = PLANE ( 'NONE',  #507 ) ;
#7456 = EDGE_CURVE ( 'NONE', #5524, #8071, #4677, .T. ) ;
#7457 = ORIENTED_EDGE ( 'NONE', *, *, #4978, .F. ) ;
#7458 = MANIFOLD_SOLID_BREP ( 'Imported1', #2523 ) ;
#7459 = DIRECTION ( 'NONE',  ( 0.9999999987096748200, -5.080010175878348246E-05, 0.0000000000000000000 ) ) ;
#7460 = APPLICATION_CONTEXT ( 'automotive_design' ) ;
#7461 = ORIENTED_EDGE ( 'NONE', *, *, #7051, .F. ) ;
#7462 = FACE_OUTER_BOUND ( 'NONE', #7077, .T. ) ;
#7463 = CARTESIAN_POINT ( 'NONE',  ( 0.1550009599999999932, 0.2200021000000000337, 0.01000000000000000021 ) ) ;
#7464 = EDGE_LOOP ( 'NONE', ( #2108, #2199, #5652, #5676 ) ) ;
#7465 = DIRECTION ( 'NONE',  ( 0.0000000000000000000, -1.000000000000000000, -0.0000000000000000000 ) ) ;
#7466 = DIRECTION ( 'NONE',  ( -0.7071067811865474617, 0.7071067811865474617, 0.0000000000000000000 ) ) ;
#7467 = PRODUCT_DEFINITION_CONTEXT ( 'detailed design', #6976, 'design' ) ;
#7468 = LINE ( 'NONE', #4366, #8944 ) ;
#7469 = DIRECTION ( 'NONE',  ( 0.0000000000000000000, 0.0000000000000000000, 1.000000000000000000 ) ) ;
#7470 = ORIENTED_EDGE ( 'NONE', *, *, #9025, .F. ) ;
#7471 = VECTOR ( 'NONE', #4939, 1000.000000000000227 ) ;
#7472 = CARTESIAN_POINT ( 'NONE',  ( -0.07999984000001292284, -0.1799996399999870544, 0.01000000000000000194 ) ) ;
#7473 = LINE ( 'NONE', #3836, #1318 ) ;
#7474 = DIRECTION ( 'NONE',  ( 0.8320502943379975980, -0.5547001962249983320, 0.0000000000000000000 ) ) ;
#7475 = CONTEXT_DEPENDENT_SHAPE_REPRESENTATION ( #7641, #3246 ) ;
#7476 = CARTESIAN_POINT ( 'NONE',  ( -0.1499997000000092007, 0.1400022600000002670, 0.01000000000000000194 ) ) ;
#7477 = AXIS2_PLACEMENT_3D ( 'NONE', #2117, #6383, #1976 ) ;
#7478 =( NAMED_UNIT ( * ) SI_UNIT ( $, .STERADIAN. ) SOLID_ANGLE_UNIT ( ) );
#7479 = VERTEX_POINT ( 'NONE', #4773 ) ;
#7480 = UNCERTAINTY_MEASURE_WITH_UNIT (LENGTH_MEASURE( 1.000000000000000082E-05 ), #3403, 'distance_accuracy_value', 'NONE');
#7481 = LINE ( 'NONE', #841, #7880 ) ;
#7482 = VERTEX_POINT ( 'NONE', #278 ) ;
#7483 = PLANE ( 'NONE',  #9469 ) ;
#7484 = ORIENTED_EDGE ( 'NONE', *, *, #1760, .F. ) ;
#7485 = CARTESIAN_POINT ( 'NONE',  ( -0.03999992000000000131, 0.2200021000000000060, 0.0000000000000000000 ) ) ;
#7486 = VECTOR ( 'NONE', #7721, 999.9999999999998863 ) ;
#7487 = VECTOR ( 'NONE', #4045, 1000.000000000000000 ) ;
#7488 = EDGE_CURVE ( 'NONE', #1098, #4450, #1097, .T. ) ;
#7489 = DIRECTION ( 'NONE',  ( 0.0000000000000000000, -1.000000000000000000, 0.0000000000000000000 ) ) ;
#7490 = ORIENTED_EDGE ( 'NONE', *, *, #1825, .T. ) ;
#7491 = DIRECTION ( 'NONE',  ( -0.0000000000000000000, -0.0000000000000000000, -1.000000000000000000 ) ) ;
#7492 = AXIS2_PLACEMENT_3D ( 'NONE', #3740, #3013, #5980 ) ;
#7493 = CARTESIAN_POINT ( 'NONE',  ( 0.0000000000000000000, 0.0000000000000000000, 0.0000000000000000000 ) ) ;
#7494 = ORIENTED_EDGE ( 'NONE', *, *, #2115, .F. ) ;
#7495 = VECTOR ( 'NONE', #2094, 1000.000000000000000 ) ;
#7496 = DIRECTION ( 'NONE',  ( 0.0000000000000000000, -1.000000000000000000, -0.0000000000000000000 ) ) ;
#7497 = CARTESIAN_POINT ( 'NONE',  ( -0.1199997599999999970, 0.1100023200000000145, 0.01000000000000000021 ) ) ;
#7498 = ADVANCED_FACE ( 'NONE', ( #2542 ), #3354, .T. ) ;
#7499 = EDGE_CURVE ( 'NONE', #4498, #7166, #9061, .T. ) ;
#7500 = CARTESIAN_POINT ( 'NONE',  ( -0.04999989999999999990, 0.1650009400000000126, 0.02000000000000000736 ) ) ;
#7501 = LINE ( 'NONE', #3174, #1752 ) ;
#7502 = AXIS2_PLACEMENT_3D ( 'NONE', #3360, #9446, #9403 ) ;
#7503 = CARTESIAN_POINT ( 'NONE',  ( 0.1499997000000094782, 0.04500118000000315199, 0.0000000000000000000 ) ) ;
#7504 = ORIENTED_EDGE ( 'NONE', *, *, #3461, .F. ) ;
#7505 = CARTESIAN_POINT ( 'NONE',  ( -0.1549984199999999979, -0.2199995600000000107, 0.0000000000000000000 ) ) ;
#7506 = APPLICATION_PROTOCOL_DEFINITION ( 'draft international standard', 'automotive_design', 1998, #5351 ) ;
#7507 = EDGE_CURVE ( 'NONE', #433, #68, #4040, .T. ) ;
#7508 = ORIENTED_EDGE ( 'NONE', *, *, #8438, .T. ) ;
#7509 = VECTOR ( 'NONE', #6663, 1000.000000000000114 ) ;
#7510 = LINE ( 'NONE', #9465, #7138 ) ;
#7511 = DIRECTION ( 'NONE',  ( 0.0000000000000000000, -0.0000000000000000000, -1.000000000000000000 ) ) ;
#7512 = VECTOR ( 'NONE', #5386, 1000.000000000000114 ) ;
#7513 = EDGE_CURVE ( 'NONE', #7271, #1936, #8460, .T. ) ;
#7514 = ORIENTED_EDGE ( 'NONE', *, *, #162, .T. ) ;
#7515 = PRODUCT_DEFINITION_SHAPE ( 'NONE', 'NONE',  #9551 ) ;
#7516 = AXIS2_PLACEMENT_3D ( 'NONE', #8575, #2080, #3485 ) ;
#7517 = DIRECTION ( 'NONE',  ( 0.7071067811865474617, -0.7071067811865474617, 0.0000000000000000000 ) ) ;
#7518 = DIRECTION ( 'NONE',  ( 0.0000000000000000000, -0.0000000000000000000, -1.000000000000000000 ) ) ;
#7519 = AXIS2_PLACEMENT_3D ( 'NONE', #3074, #7451, #6043 ) ;
#7520 = DIRECTION ( 'NONE',  ( 1.000000000000000000, 0.0000000000000000000, 0.0000000000000000000 ) ) ;
#7521 = ADVANCED_FACE ( 'NONE', ( #1688 ), #4622, .T. ) ;
#7522 = ORIENTED_EDGE ( 'NONE', *, *, #2597, .F. ) ;
#7523 = CARTESIAN_POINT ( 'NONE',  ( -0.1649984000000097317, 0.05999987999999243510, 0.0000000000000000000 ) ) ;
#7524 = DIRECTION ( 'NONE',  ( -0.0000000000000000000, -1.000000000000000000, 0.0000000000000000000 ) ) ;
#7525 = DIRECTION ( 'NONE',  ( 0.0000000000000000000, 0.0000000000000000000, -1.000000000000000000 ) ) ;
#7526 = LINE ( 'NONE', #833, #2688 ) ;
#7527 = FACE_OUTER_BOUND ( 'NONE', #8695, .T. ) ;
#7528 = AXIS2_PLACEMENT_3D ( 'NONE', #3059, #73, #654 ) ;
#7529 = CARTESIAN_POINT ( 'NONE',  ( 0.05000244000000000216, 0.03000247999998999909, 0.0000000000000000000 ) ) ;
#7530 = VECTOR ( 'NONE', #2124, 1000.000000000000000 ) ;
#7531 = ORIENTED_EDGE ( 'NONE', *, *, #644, .F. ) ;
#7532 = DIRECTION ( 'NONE',  ( 0.5547001962249983320, 0.8320502943379975980, 0.0000000000000000000 ) ) ;
#7533 = VECTOR ( 'NONE', #4638, 1000.000000000000000 ) ;
#7534 = VERTEX_POINT ( 'NONE', #6278 ) ;
#7535 = DIRECTION ( 'NONE',  ( -0.5145277842978827065, -0.8574737075768046335, 0.0000000000000000000 ) ) ;
#7536 = VERTEX_POINT ( 'NONE', #9211 ) ;
#7537 = CARTESIAN_POINT ( 'NONE',  ( -0.1399997199999999942, -0.2199995600000000107, 0.0000000000000000000 ) ) ;
#7538 = ITEM_DEFINED_TRANSFORMATION ( 'NONE', 'NONE', #4969,  #301 ) ;
#7539 = ORIENTED_EDGE ( 'NONE', *, *, #6724, .T. ) ;
#7540 = ORIENTED_EDGE ( 'NONE', *, *, #3121, .T. ) ;
#7541 = PRODUCT_DEFINITION ( 'UNKNOWN', '', #8134, #9100 ) ;
#7542 = CARTESIAN_POINT ( 'NONE',  ( -0.2149983000000000033, -0.2149983000000000033, 0.02000000000000000042 ) ) ;
#7543 = PLANE ( 'NONE',  #4750 ) ;
#7544 = CARTESIAN_POINT ( 'NONE',  ( 0.04999989999999999990, 0.2200021000000000060, 0.0000000000000000000 ) ) ;
#7545 = PLANE ( 'NONE',  #7325 ) ;
#7546 = EDGE_CURVE ( 'NONE', #9477, #3965, #5555, .T. ) ;
#7547 = LINE ( 'NONE', #7503, #5158 ) ;
#7548 = ORIENTED_EDGE ( 'NONE', *, *, #6678, .F. ) ;
#7549 = LINE ( 'NONE', #194, #5965 ) ;
#7550 = EDGE_CURVE ( 'NONE', #9488, #1465, #4228, .T. ) ;
#7551 = DIRECTION ( 'NONE',  ( -0.7071067811865473507, 0.7071067811865477948, 0.0000000000000000000 ) ) ;
#7552 = SHAPE_DEFINITION_REPRESENTATION ( #8740, #8969 ) ;
#7553 = ORIENTED_EDGE ( 'NONE', *, *, #6756, .T. ) ;
#7554 = DIRECTION ( 'NONE',  ( 0.0000000000000000000, -0.0000000000000000000, -1.000000000000000000 ) ) ;
#7555 = CARTESIAN_POINT ( 'NONE',  ( -0.1499997000000000136, 0.1750009200000000043, 0.0000000000000000000 ) ) ;
#7556 = EDGE_LOOP ( 'NONE', ( #1631, #1332, #1746, #1665 ) ) ;
#7557 = ADVANCED_FACE ( 'NONE', ( #5703 ), #2682, .F. ) ;
#7558 = DIRECTION ( 'NONE',  ( 0.0000000000000000000, 0.0000000000000000000, 1.000000000000000000 ) ) ;
#7559 = AXIS2_PLACEMENT_3D ( 'NONE', #4468, #7436, #8204 ) ;
#7560 = DIRECTION ( 'NONE',  ( 0.0000000000000000000, 0.0000000000000000000, 1.000000000000000000 ) ) ;
#7561 = EDGE_CURVE ( 'NONE', #8942, #737, #1967, .T. ) ;
#7562 = PRODUCT_DEFINITION_CONTEXT ( 'detailed design', #4583, 'design' ) ;
#7563 = CARTESIAN_POINT ( 'NONE',  ( -0.8499982999999999844, -0.6500012400000000357, 0.0000000000000000000 ) ) ;
#7564 = DIRECTION ( 'NONE',  ( 1.000000000000000000, 0.0000000000000000000, 0.0000000000000000000 ) ) ;
#7565 = ORIENTED_EDGE ( 'NONE', *, *, #8713, .T. ) ;
#7566 = CARTESIAN_POINT ( 'NONE',  ( 0.03999992000000000131, -0.1599996800000000052, 0.0000000000000000000 ) ) ;
#7567 = DIRECTION ( 'NONE',  ( 0.8320502943378433880, -0.5547001962252295915, 0.0000000000000000000 ) ) ;
#7568 = VECTOR ( 'NONE', #673, 1000.000000000000114 ) ;
#7569 = PLANE ( 'NONE',  #3645 ) ;
#7570 = EDGE_CURVE ( 'NONE', #6283, #6526, #3402, .T. ) ;
#7571 = PLANE ( 'NONE',  #2961 ) ;
#7572 = SHAPE_REPRESENTATION ( 'User Library-QFN-20_479706833', ( #4782, #4621 ), #611 ) ;
#7573 =( NAMED_UNIT ( * ) PLANE_ANGLE_UNIT ( ) SI_UNIT ( $, .RADIAN. ) );
#7574 = VERTEX_POINT ( 'NONE', #4919 ) ;
#7575 = UNCERTAINTY_MEASURE_WITH_UNIT (LENGTH_MEASURE( 1.000000000000000082E-05 ), #5808, 'distance_accuracy_value', 'NONE');
#7576 = AXIS2_PLACEMENT_3D ( 'NONE', #1953, #1550, #8887 ) ;
#7577 = LINE ( 'NONE', #8447, #9254 ) ;
#7578 = VERTEX_POINT ( 'NONE', #9441 ) ;
#7579 = DIRECTION ( 'NONE',  ( -0.3511234415880629123, 0.9363291775691677810, 0.0000000000000000000 ) ) ;
#7580 = LINE ( 'NONE', #943, #7113 ) ;
#7581 = EDGE_LOOP ( 'NONE', ( #8300, #1321, #1516, #4274 ) ) ;
#7582 = VECTOR ( 'NONE', #3715, 1000.000000000000000 ) ;
#7583 = LINE ( 'NONE', #8306, #4252 ) ;
#7584 = STYLED_ITEM ( 'NONE', ( #3842 ), #7299 ) ;
#7585 = APPLICATION_CONTEXT ( 'automotive_design' ) ;
#7586 = DIRECTION ( 'NONE',  ( -0.0000000000000000000, -0.0000000000000000000, 1.000000000000000000 ) ) ;
#7587 = DIRECTION ( 'NONE',  ( 1.000000000000000000, 0.0000000000000000000, 0.0000000000000000000 ) ) ;
#7588 = ORIENTED_EDGE ( 'NONE', *, *, #2634, .T. ) ;
#7589 = CARTESIAN_POINT ( 'NONE',  ( -0.05999734000000059297, -0.1649984000000024598, 0.02000000000000000389 ) ) ;
#7590 = VERTEX_POINT ( 'NONE', #7967 ) ;
#7591 = CARTESIAN_POINT ( 'NONE',  ( -0.7899984200000000900, -0.7899984199999999790, 0.0000000000000000000 ) ) ;
#7592 =( NAMED_UNIT ( * ) SI_UNIT ( $, .STERADIAN. ) SOLID_ANGLE_UNIT ( ) );
#7593 = CARTESIAN_POINT ( 'NONE',  ( -0.05999733999999999623, -0.1649984000000000173, 0.0000000000000000000 ) ) ;
#7594 = AXIS2_PLACEMENT_3D ( 'NONE', #2798, #5050, #1223 ) ;
#7595 = VERTEX_POINT ( 'NONE', #3507 ) ;
#7596 = DIRECTION ( 'NONE',  ( -0.0000000000000000000, -0.0000000000000000000, -1.000000000000000000 ) ) ;
#7597 = VERTEX_POINT ( 'NONE', #6472 ) ;
#7598 = CARTESIAN_POINT ( 'NONE',  ( 0.005001260000000000427, 0.2200021000000000060, 0.0000000000000000000 ) ) ;
#7599 = ORIENTED_EDGE ( 'NONE', *, *, #8457, .F. ) ;
#7600 = AXIS2_PLACEMENT_3D ( 'NONE', #3227, #6195, #3088 ) ;
#7601 = LINE ( 'NONE', #7555, #532 ) ;
#7602 = ORIENTED_EDGE ( 'NONE', *, *, #9301, .T. ) ;
#7603 = ADVANCED_FACE ( 'NONE', ( #8016 ), #1348, .T. ) ;
#7604 = DIRECTION ( 'NONE',  ( -0.5999999999999999778, -0.7999999999999999334, 0.0000000000000000000 ) ) ;
#7605 =( LENGTH_UNIT ( ) NAMED_UNIT ( * ) SI_UNIT ( .MILLI., .METRE. ) );
#7606 = DIRECTION ( 'NONE',  ( 0.9486832980504137369, 0.3162277660171379234, 0.0000000000000000000 ) ) ;
#7607 = VECTOR ( 'NONE', #6903, 999.9999999999998863 ) ;
#7608 = ORIENTED_EDGE ( 'NONE', *, *, #4903, .F. ) ;
#7609 = LINE ( 'NONE', #5441, #3621 ) ;
#7610 = LINE ( 'NONE', #7566, #8520 ) ;
#7611 = ADVANCED_FACE ( 'NONE', ( #1296 ), #6520, .T. ) ;
#7612 = EDGE_CURVE ( 'NONE', #558, #9008, #8644, .T. ) ;
#7613 = LINE ( 'NONE', #262, #6092 ) ;
#7614 = LINE ( 'NONE', #8296, #7828 ) ;
#7615 = EDGE_CURVE ( 'NONE', #2481, #895, #1246, .T. ) ;
#7616 = PLANE ( 'NONE',  #8981 ) ;
#7617 = DIRECTION ( 'NONE',  ( 1.000000000000000000, 0.0000000000000000000, 0.0000000000000000000 ) ) ;
#7618 = ORIENTED_EDGE ( 'NONE', *, *, #3957, .F. ) ;
#7619 = CARTESIAN_POINT ( 'NONE',  ( 0.1699996600000000802, -0.03999737999999955496, 0.01000000000000000021 ) ) ;
#7620 =( LENGTH_UNIT ( ) NAMED_UNIT ( * ) SI_UNIT ( .MILLI., .METRE. ) );
#7621 = ORIENTED_EDGE ( 'NONE', *, *, #4643, .T. ) ;
#7622 = VECTOR ( 'NONE', #8894, 1000.000000000000000 ) ;
#7623 = CARTESIAN_POINT ( 'NONE',  ( -0.1299997400000000025, -0.02999740000000000045, 0.0000000000000000000 ) ) ;
#7624 = DIRECTION ( 'NONE',  ( -0.4472135954999579277, 0.8944271909999158554, 0.0000000000000000000 ) ) ;
#7625 = ORIENTED_EDGE ( 'NONE', *, *, #3695, .T. ) ;
#7626 = ADVANCED_FACE ( 'NONE', ( #4866 ), #458, .T. ) ;
#7627 = DIRECTION ( 'NONE',  ( -0.0000000000000000000, 0.0000000000000000000, -1.000000000000000000 ) ) ;
#7628 = ORIENTED_EDGE ( 'NONE', *, *, #3048, .F. ) ;
#7629 = ADVANCED_FACE ( 'NONE', ( #5649 ), #3453, .T. ) ;
#7630 = SHAPE_REPRESENTATION ( 'User Library-QFN-20_479711441', ( #9392, #9239 ), #5091 ) ;
#7631 = AXIS2_PLACEMENT_3D ( 'NONE', #2062, #2828, #5663 ) ;
#7632 = CLOSED_SHELL ( 'NONE', ( #215, #1072, #7737, #4761, #8576, #2458, #5730, #6730, #7275, #2107, #2451, #8785, #6930, #1003, #4003, #7378 ) ) ;
#7633 = ORIENTED_EDGE ( 'NONE', *, *, #6500, .T. ) ;
#7634 = PLANE ( 'NONE',  #1169 ) ;
#7635 = ORIENTED_EDGE ( 'NONE', *, *, #3531, .F. ) ;
#7636 = DIRECTION ( 'NONE',  ( -0.3162277660171379234, -0.9486832980504137369, -0.0000000000000000000 ) ) ;
#7637 = EDGE_CURVE ( 'NONE', #7029, #2841, #63, .T. ) ;
#7638 = AXIS2_PLACEMENT_3D ( 'NONE', #422, #6329, #8552 ) ;
#7639 = APPLICATION_CONTEXT ( 'automotive_design' ) ;
#7640 = VECTOR ( 'NONE', #487, 1000.000000000000000 ) ;
#7641 =( REPRESENTATION_RELATIONSHIP ('NONE','NONE', #6276, #3669 ) REPRESENTATION_RELATIONSHIP_WITH_TRANSFORMATION ( #4563 )SHAPE_REPRESENTATION_RELATIONSHIP( ) );
#7642 = VECTOR ( 'NONE', #305, 1000.000000000000114 ) ;
#7643 = ORIENTED_EDGE ( 'NONE', *, *, #9368, .T. ) ;
#7644 = MANIFOLD_SOLID_BREP ( 'Imported1', #3137 ) ;
#7645 = LINE ( 'NONE', #5566, #2084 ) ;
#7646 = ORIENTED_EDGE ( 'NONE', *, *, #1154, .T. ) ;
#7647 = CARTESIAN_POINT ( 'NONE',  ( 0.8400008599999999603, -0.7099985799999999347, 0.0000000000000000000 ) ) ;
#7648 = PRODUCT_CONTEXT ( 'NONE', #8319, 'mechanical' ) ;
#7649 = ORIENTED_EDGE ( 'NONE', *, *, #4105, .F. ) ;
#7650 = PRODUCT ( 'User Library-QFN-20_479710033', 'User Library-QFN-20_479710033', '', ( #1067 ) ) ;
#7651 = DIRECTION ( 'NONE',  ( 1.000000000000000000, 0.0000000000000000000, -0.0000000000000000000 ) ) ;
#7652 = CARTESIAN_POINT ( 'NONE',  ( 0.05999987999998999955, 0.1800021800000000394, 0.01000000000000000021 ) ) ;
#7653 = VECTOR ( 'NONE', #7016, 1000.000000000000114 ) ;
#7654 = ORIENTED_EDGE ( 'NONE', *, *, #1951, .T. ) ;
#7655 = FACE_OUTER_BOUND ( 'NONE', #1584, .T. ) ;
#7656 = ORIENTED_EDGE ( 'NONE', *, *, #4826, .T. ) ;
#7657 = DIRECTION ( 'NONE',  ( -0.7071067811870475062, 0.7071067811860475283, -0.0000000000000000000 ) ) ;
#7658 = VECTOR ( 'NONE', #9164, 1000.000000000000000 ) ;
#7659 = DIRECTION ( 'NONE',  ( 1.000000000000000000, 0.0000000000000000000, 0.0000000000000000000 ) ) ;
#7660 = EDGE_LOOP ( 'NONE', ( #4801, #4367, #6729, #6690 ) ) ;
#7661 = STYLED_ITEM ( 'NONE', ( #4942 ), #7836 ) ;
#7662 = LINE ( 'NONE', #306, #7748 ) ;
#7663 = DIRECTION ( 'NONE',  ( -0.9284766908852597478, 0.3713906763541027223, 0.0000000000000000000 ) ) ;
#7664 = DIRECTION ( 'NONE',  ( 0.0000000000000000000, -0.0000000000000000000, -1.000000000000000000 ) ) ;
#7665 = COLOUR_RGB ( '',0.1960784313725490169, 0.2078431372549019440, 0.2627450980392156965 ) ;
#7666 = CONTEXT_DEPENDENT_SHAPE_REPRESENTATION ( #2863, #1485 ) ;
#7667 = FACE_OUTER_BOUND ( 'NONE', #6734, .T. ) ;
#7668 = ADVANCED_FACE ( 'NONE', ( #7872 ), #6839, .T. ) ;
#7669 = ORIENTED_EDGE ( 'NONE', *, *, #3826, .T. ) ;
#7670 = AXIS2_PLACEMENT_3D ( 'NONE', #7039, #6304, #1895 ) ;
#7671 = PRODUCT_DEFINITION_CONTEXT ( 'detailed design', #4108, 'design' ) ;
#7672 = DIRECTION ( 'NONE',  ( -0.0000000000000000000, -0.0000000000000000000, -1.000000000000000000 ) ) ;
#7673 = ORIENTED_EDGE ( 'NONE', *, *, #4172, .T. ) ;
#7674 = ADVANCED_FACE ( 'NONE', ( #255 ), #1565, .T. ) ;
#7675 = CARTESIAN_POINT ( 'NONE',  ( 0.8499982999999999844, -0.6499987000000000403, 0.02000000000000000736 ) ) ;
#7676 = CARTESIAN_POINT ( 'NONE',  ( -0.03999992000000000131, 0.2200020999999999782, 0.0000000000000000000 ) ) ;
#7677 = ORIENTED_EDGE ( 'NONE', *, *, #2985, .T. ) ;
#7678 = DIRECTION ( 'NONE',  ( -0.1961161351379917261, 0.9805806756909586364, 0.0000000000000000000 ) ) ;
#7679 = FACE_OUTER_BOUND ( 'NONE', #2197, .T. ) ;
#7680 = APPLICATION_PROTOCOL_DEFINITION ( 'draft international standard', 'automotive_design', 1998, #3986 ) ;
#7681 = VECTOR ( 'NONE', #4743, 1000.000000000000000 ) ;
#7682 = ADVANCED_FACE ( 'NONE', ( #5971 ), #4505, .T. ) ;
#7683 = DIRECTION ( 'NONE',  ( -0.9284766908852849499, -0.3713906763540396616, 0.0000000000000000000 ) ) ;
#7684 =( NAMED_UNIT ( * ) PLANE_ANGLE_UNIT ( ) SI_UNIT ( $, .RADIAN. ) );
#7685 = VERTEX_POINT ( 'NONE', #6158 ) ;
#7686 = CARTESIAN_POINT ( 'NONE',  ( 0.7200011000000000605, -0.8399983199999999650, 0.0000000000000000000 ) ) ;
#7687 = VERTEX_POINT ( 'NONE', #1754 ) ;
#7688 = EDGE_CURVE ( 'NONE', #1404, #9197, #2285, .T. ) ;
#7689 = PLANE ( 'NONE',  #6141 ) ;
#7690 = VECTOR ( 'NONE', #8746, 1000.000000000000114 ) ;
#7691 = EDGE_CURVE ( 'NONE', #5282, #8731, #6942, .T. ) ;
#7692 = ORIENTED_EDGE ( 'NONE', *, *, #812, .F. ) ;
#7693 = DIRECTION ( 'NONE',  ( 0.5547001962249983320, -0.8320502943379975980, -0.0000000000000000000 ) ) ;
#7694 = ORIENTED_EDGE ( 'NONE', *, *, #6396, .F. ) ;
#7695 = CARTESIAN_POINT ( 'NONE',  ( 0.1399997199999999942, 0.07500112000000000445, 0.0000000000000000000 ) ) ;
#7696 = APPLICATION_PROTOCOL_DEFINITION ( 'draft international standard', 'automotive_design', 1998, #8931 ) ;
#7697 = ORIENTED_EDGE ( 'NONE', *, *, #2816, .F. ) ;
#7698 = APPLICATION_CONTEXT ( 'automotive_design' ) ;
#7699 = SURFACE_STYLE_FILL_AREA ( #9130 ) ;
#7700 = DIRECTION ( 'NONE',  ( -0.9138158024648953548, -0.4061288947679534966, 0.0000000000000000000 ) ) ;
#7701 = ORIENTED_EDGE ( 'NONE', *, *, #3531, .T. ) ;
#7702 = LINE ( 'NONE', #2656, #2810 ) ;
#7703 = ORIENTED_EDGE ( 'NONE', *, *, #8146, .F. ) ;
#7704 = FILL_AREA_STYLE_COLOUR ( '', #7210 ) ;
#7705 = CARTESIAN_POINT ( 'NONE',  ( 0.0000000000000000000, 0.0000000000000000000, 0.0000000000000000000 ) ) ;
#7706 = CARTESIAN_POINT ( 'NONE',  ( -0.1499971600000000183, -0.05499861999998999912, 0.02000000000000001429 ) ) ;
#7707 = VERTEX_POINT ( 'NONE', #8991 ) ;
#7708 = LINE ( 'NONE', #1080, #7642 ) ;
#7709 = CARTESIAN_POINT ( 'NONE',  ( 0.1299997400000000025, -0.2399995199999999940, 0.0000000000000000000 ) ) ;
#7710 = LINE ( 'NONE', #4028, #7952 ) ;
#7711 = LINE ( 'NONE', #4562, #8459 ) ;
#7712 = AXIS2_PLACEMENT_3D ( 'NONE', #984, #6904, #2578 ) ;
#7713 = LINE ( 'NONE', #1086, #3434 ) ;
#7714 = ORIENTED_EDGE ( 'NONE', *, *, #4006, .F. ) ;
#7715 = CARTESIAN_POINT ( 'NONE',  ( 0.8100009200000001242, 0.7700010000000000465, 0.0000000000000000000 ) ) ;
#7716 = ORIENTED_EDGE ( 'NONE', *, *, #8035, .T. ) ;
#7717 = CARTESIAN_POINT ( 'NONE',  ( -0.004998720000003000104, 0.1800021800000000394, 0.0000000000000000000 ) ) ;
#7718 = DIRECTION ( 'NONE',  ( 0.7071067811860475283, -0.7071067811870475062, 0.0000000000000000000 ) ) ;
#7719 = MECHANICAL_DESIGN_GEOMETRIC_PRESENTATION_REPRESENTATION (  '', ( #5252 ), #9083 ) ;
#7720 = ORIENTED_EDGE ( 'NONE', *, *, #4662, .T. ) ;
#7721 = DIRECTION ( 'NONE',  ( 0.7071067811865477948, 0.7071067811865473507, 0.0000000000000000000 ) ) ;
#7722 = EDGE_CURVE ( 'NONE', #8800, #3909, #6059, .T. ) ;
#7723 = VECTOR ( 'NONE', #6168, 1000.000000000000000 ) ;
#7724 = EDGE_CURVE ( 'NONE', #4984, #2233, #1615, .T. ) ;
#7725 = AXIS2_PLACEMENT_3D ( 'NONE', #1446, #3565, #4245 ) ;
#7726 = CARTESIAN_POINT ( 'NONE',  ( -0.05499861999998999218, 0.1499997000000000136, 0.0000000000000000000 ) ) ;
#7727 = PRODUCT_DEFINITION_SHAPE ( 'NONE', 'NONE',  #9511 ) ;
#7728 = DIRECTION ( 'NONE',  ( 0.0000000000000000000, 0.0000000000000000000, 1.000000000000000000 ) ) ;
#7729 = ORIENTED_EDGE ( 'NONE', *, *, #4536, .F. ) ;
#7730 = FILL_AREA_STYLE ('',( #7774 ) ) ;
#7731 = VECTOR ( 'NONE', #5314, 1000.000000000000000 ) ;
#7732 = VERTEX_POINT ( 'NONE', #5240 ) ;
#7733 = PLANE ( 'NONE',  #1822 ) ;
#7734 =( NAMED_UNIT ( * ) PLANE_ANGLE_UNIT ( ) SI_UNIT ( $, .RADIAN. ) );
#7735 = EDGE_CURVE ( 'NONE', #985, #7741, #6108, .T. ) ;
#7736 = EDGE_CURVE ( 'NONE', #2570, #3206, #2368, .T. ) ;
#7737 = ADVANCED_FACE ( 'NONE', ( #2327 ), #6744, .T. ) ;
#7738 = ORIENTED_EDGE ( 'NONE', *, *, #6905, .T. ) ;
#7739 = MECHANICAL_DESIGN_GEOMETRIC_PRESENTATION_REPRESENTATION (  '', ( #2323 ), #3558 ) ;
#7740 = DIRECTION ( 'NONE',  ( 0.0000000000000000000, 0.0000000000000000000, -1.000000000000000000 ) ) ;
#7741 = VERTEX_POINT ( 'NONE', #6014 ) ;
#7742 = DIRECTION ( 'NONE',  ( -0.0000000000000000000, 1.000000000000000000, 0.0000000000000000000 ) ) ;
#7743 = APPLICATION_PROTOCOL_DEFINITION ( 'draft international standard', 'automotive_design', 1998, #1213 ) ;
#7744 = ORIENTED_EDGE ( 'NONE', *, *, #240, .F. ) ;
#7745 = CARTESIAN_POINT ( 'NONE',  ( -0.1399971799999999988, -0.08499855999998999490, 0.02000000000000001429 ) ) ;
#7746 = EDGE_CURVE ( 'NONE', #4181, #8393, #8236, .T. ) ;
#7747 = LINE ( 'NONE', #8567, #970 ) ;
#7748 = VECTOR ( 'NONE', #6208, 1000.000000000000000 ) ;
#7749 = EDGE_LOOP ( 'NONE', ( #7588, #4243, #2647, #8989 ) ) ;
#7750 = CARTESIAN_POINT ( 'NONE',  ( 0.1499997000000000136, -0.1749983800000000089, 0.0000000000000000000 ) ) ;
#7751 = ORIENTED_EDGE ( 'NONE', *, *, #2691, .F. ) ;
#7752 = ADVANCED_BREP_SHAPE_REPRESENTATION ( '', ( #7644, #2951 ), #5274 ) ;
#7753 = CARTESIAN_POINT ( 'NONE',  ( 2.494998820000000173, -1.020000500000000088, 0.01270000000000000122 ) ) ;
#7754 = ORIENTED_EDGE ( 'NONE', *, *, #240, .T. ) ;
#7755 = LINE ( 'NONE', #486, #7199 ) ;
#7756 = CARTESIAN_POINT ( 'NONE',  ( -0.01499870000000999917, 0.2200021000000000060, 0.0000000000000000000 ) ) ;
#7757 = DIRECTION ( 'NONE',  ( 0.0000000000000000000, -1.000000000000000000, -0.0000000000000000000 ) ) ;
#7758 = CARTESIAN_POINT ( 'NONE',  ( 0.02500121999998999867, 0.2200021000000000060, 0.0000000000000000000 ) ) ;
#7759 = CARTESIAN_POINT ( 'NONE',  ( 0.1299997400000000303, -0.2399995199999999940, 0.0000000000000000000 ) ) ;
#7760 = VERTEX_POINT ( 'NONE', #4650 ) ;
#7761 = PRODUCT_DEFINITION_CONTEXT ( 'detailed design', #7639, 'design' ) ;
#7762 = CARTESIAN_POINT ( 'NONE',  ( 0.1200023000000000201, -0.1149985000000000035, 0.02000000000000000042 ) ) ;
#7763 = ORIENTED_EDGE ( 'NONE', *, *, #2574, .F. ) ;
#7764 = APPLICATION_CONTEXT ( 'automotive_design' ) ;
#7765 = CARTESIAN_POINT ( 'NONE',  ( -0.01499870000001000091, 0.2200021000000000060, 0.01000000000000000021 ) ) ;
#7766 = LINE ( 'NONE', #991, #8339 ) ;
#7767 = ORIENTED_EDGE ( 'NONE', *, *, #5479, .T. ) ;
#7768 = LINE ( 'NONE', #7915, #5014 ) ;
#7769 = CARTESIAN_POINT ( 'NONE',  ( -0.1349984600000000146, 0.09999979999999000779, 0.0000000000000000000 ) ) ;
#7770 = CIRCLE ( 'NONE', #9448, 0.2000000000000000111 ) ;
#7771 = CARTESIAN_POINT ( 'NONE',  ( 0.1499997000000000136, 0.1750009200000000043, 0.0000000000000000000 ) ) ;
#7772 = CARTESIAN_POINT ( 'NONE',  ( 0.0000000000000000000, 0.0000000000000000000, 0.0000000000000000000 ) ) ;
#7773 = VERTEX_POINT ( 'NONE', #971 ) ;
#7774 = FILL_AREA_STYLE_COLOUR ( '', #4093 ) ;
#7775 = EDGE_LOOP ( 'NONE', ( #457, #7172, #182, #6429 ) ) ;
#7776 = PLANE ( 'NONE',  #5791 ) ;
#7777 = SURFACE_STYLE_FILL_AREA ( #616 ) ;
#7778 = PRODUCT_DEFINITION ( 'UNKNOWN', '', #1812, #3873 ) ;
#7779 = VECTOR ( 'NONE', #7524, 1000.000000000000000 ) ;
#7780 = ORIENTED_EDGE ( 'NONE', *, *, #4119, .F. ) ;
#7781 = EDGE_CURVE ( 'NONE', #4906, #3020, #4552, .T. ) ;
#7782 = MANIFOLD_SOLID_BREP ( 'Imported1', #5932 ) ;
#7783 = CARTESIAN_POINT ( 'NONE',  ( 0.1150010399999999988, -0.1299972000000000072, 0.01000000000000000021 ) ) ;
#7784 = EDGE_CURVE ( 'NONE', #4199, #3182, #4802, .T. ) ;
#7785 = ORIENTED_EDGE ( 'NONE', *, *, #752, .T. ) ;
#7786 = CLOSED_SHELL ( 'NONE', ( #1061, #4414, #2472, #3176, #3039, #7557 ) ) ;
#7787 = PRODUCT_DEFINITION_CONTEXT ( 'detailed design', #7893, 'design' ) ;
#7788 = DIRECTION ( 'NONE',  ( 0.7070843308576648667, -0.7071292308026647655, 0.0000000000000000000 ) ) ;
#7789 = SHAPE_DEFINITION_REPRESENTATION ( #2617, #8922 ) ;
#7790 = ORIENTED_EDGE ( 'NONE', *, *, #6038, .T. ) ;
#7791 = EDGE_CURVE ( 'NONE', #6124, #3780, #3921, .T. ) ;
#7792 = CARTESIAN_POINT ( 'NONE',  ( -0.1549984199999999979, 0.2200021000000000337, 0.0000000000000000000 ) ) ;
#7793 = VERTEX_POINT ( 'NONE', #7037 ) ;
#7794 = AXIS2_PLACEMENT_3D ( 'NONE', #3207, #6959, #6174 ) ;
#7795 = AXIS2_PLACEMENT_3D ( 'NONE', #8065, #2113, #1440 ) ;
#7796 = ORIENTED_EDGE ( 'NONE', *, *, #6009, .T. ) ;
#7797 = EDGE_CURVE ( 'NONE', #9442, #2637, #5483, .T. ) ;
#7798 = DIRECTION ( 'NONE',  ( 1.000000000000000000, 0.0000000000000000000, 0.0000000000000000000 ) ) ;
#7799 = ORIENTED_EDGE ( 'NONE', *, *, #9126, .T. ) ;
#7801 = EDGE_CURVE ( 'NONE', #631, #7962, #3428, .T. ) ;
#7800 = CARTESIAN_POINT ( 'NONE',  ( -0.04999989999999999990, 0.1650009400000000126, 0.0000000000000000000 ) ) ;
#7802 = FACE_OUTER_BOUND ( 'NONE', #3361, .T. ) ;
#7803 = DIRECTION ( 'NONE',  ( -0.0000000000000000000, 0.0000000000000000000, -1.000000000000000000 ) ) ;
#7804 = DIRECTION ( 'NONE',  ( 0.0000000000000000000, 1.000000000000000000, -0.0000000000000000000 ) ) ;
#7805 = PRODUCT ( 'User Library-QFN-20_Extruded23', 'User Library-QFN-20_Extruded23', '', ( #2921 ) ) ;
#7806 = CARTESIAN_POINT ( 'NONE',  ( 0.03999992000000000131, 0.2000021399999999949, 0.0000000000000000000 ) ) ;
#7807 = VECTOR ( 'NONE', #189, 1000.000000000000000 ) ;
#7808 = EDGE_CURVE ( 'NONE', #2855, #7417, #4062, .T. ) ;
#7809 =( LENGTH_UNIT ( ) NAMED_UNIT ( * ) SI_UNIT ( .MILLI., .METRE. ) );
#7810 = VECTOR ( 'NONE', #8759, 1000.000000000000000 ) ;
#7811 = ORIENTED_EDGE ( 'NONE', *, *, #1925, .T. ) ;
#7812 = DIRECTION ( 'NONE',  ( 0.0000000000000000000, -0.0000000000000000000, -1.000000000000000000 ) ) ;
#7813 = ORIENTED_EDGE ( 'NONE', *, *, #2181, .T. ) ;
#7814 = LINE ( 'NONE', #7912, #2076 ) ;
#7815 = CARTESIAN_POINT ( 'NONE',  ( 0.1299997400000000025, 0.07000240000000999829, 0.0000000000000000000 ) ) ;
#7816 = VERTEX_POINT ( 'NONE', #7850 ) ;
#7817 = CARTESIAN_POINT ( 'NONE',  ( 0.07999984000000306961, -0.01999742000001192982, 0.0000000000000000000 ) ) ;
#7818 = CARTESIAN_POINT ( 'NONE',  ( 0.7200010999999998385, -0.8399983199999999650, 0.02000000000000001082 ) ) ;
#7819 = VECTOR ( 'NONE', #2546, 1000.000000000000000 ) ;
#7820 = EDGE_LOOP ( 'NONE', ( #318, #1800, #7608, #6146, #8503, #8019, #2891, #6621, #5707, #5611, #2749, #6101, #705, #5310, #5823, #4916, #15 ) ) ;
#7821 = CONTEXT_DEPENDENT_SHAPE_REPRESENTATION ( #5487, #3796 ) ;
#7822 = AXIS2_PLACEMENT_3D ( 'NONE', #4995, #1122, #7945 ) ;
#7823 = FILL_AREA_STYLE_COLOUR ( '', #4877 ) ;
#7824 = APPLICATION_CONTEXT ( 'automotive_design' ) ;
#7825 =( NAMED_UNIT ( * ) PLANE_ANGLE_UNIT ( ) SI_UNIT ( $, .RADIAN. ) );
#7826 = VERTEX_POINT ( 'NONE', #6401 ) ;
#7827 = SURFACE_STYLE_USAGE ( .BOTH. , #1916 ) ;
#7828 = VECTOR ( 'NONE', #3243, 1000.000000000000114 ) ;
#7829 = ORIENTED_EDGE ( 'NONE', *, *, #8617, .F. ) ;
#7830 = FACE_OUTER_BOUND ( 'NONE', #9245, .T. ) ;
#7831 = PRODUCT_DEFINITION_FORMATION_WITH_SPECIFIED_SOURCE ( 'ANY', '', #1786, .NOT_KNOWN. ) ;
#7832 = STYLED_ITEM ( 'NONE', ( #8750 ), #4227 ) ;
#7833 = DIRECTION ( 'NONE',  ( -0.9284766908852596368, 0.3713906763541028333, 0.0000000000000000000 ) ) ;
#7834 = ORIENTED_EDGE ( 'NONE', *, *, #7637, .F. ) ;
#7835 = CARTESIAN_POINT ( 'NONE',  ( 0.8499982999999999844, -0.6499987000000000403, 0.0000000000000000000 ) ) ;
#7836 = MANIFOLD_SOLID_BREP ( 'Imported1', #5470 ) ;
#7837 = CARTESIAN_POINT ( 'NONE',  ( -0.09999980000001000568, -0.1099972399999999823, 0.01000000000000000021 ) ) ;
#7838 = EDGE_LOOP ( 'NONE', ( #3574, #2047, #7873, #1888 ) ) ;
#7839 = DIRECTION ( 'NONE',  ( -0.0000000000000000000, -0.0000000000000000000, -1.000000000000000000 ) ) ;
#7840 = VECTOR ( 'NONE', #2161, 1000.000000000000000 ) ;
#7841 = PRODUCT_CONTEXT ( 'NONE', #6598, 'mechanical' ) ;
#7842 = ORIENTED_EDGE ( 'NONE', *, *, #4354, .F. ) ;
#7843 =( NAMED_UNIT ( * ) SI_UNIT ( $, .STERADIAN. ) SOLID_ANGLE_UNIT ( ) );
#7844 = PLANE ( 'NONE',  #9458 ) ;
#7845 = VERTEX_POINT ( 'NONE', #6303 ) ;
#7846 = ADVANCED_FACE ( 'NONE', ( #6200 ), #4023, .T. ) ;
#7847 = DIRECTION ( 'NONE',  ( -0.7682212795974578956, 0.6401843996643815649, 0.0000000000000000000 ) ) ;
#7848 = ADVANCED_FACE ( 'NONE', ( #9183 ), #2515, .T. ) ;
#7849 = ORIENTED_EDGE ( 'NONE', *, *, #8556, .F. ) ;
#7850 = CARTESIAN_POINT ( 'NONE',  ( -0.05499861999999031831, 0.1499997000000008740, 0.0000000000000000000 ) ) ;
#7851 = DIRECTION ( 'NONE',  ( 0.0000000000000000000, 0.0000000000000000000, 1.000000000000000000 ) ) ;
#7852 = LINE ( 'NONE', #8577, #4699 ) ;
#7853 = PLANE ( 'NONE',  #5498 ) ;
#7854 = CARTESIAN_POINT ( 'NONE',  ( 0.03999992000000000131, -0.1599996800000000052, 0.0000000000000000000 ) ) ;
#7855 = DIRECTION ( 'NONE',  ( -0.0000000000000000000, 1.000000000000000000, 0.0000000000000000000 ) ) ;
#7856 = LINE ( 'NONE', #7136, #4586 ) ;
#7857 = EDGE_CURVE ( 'NONE', #2594, #5238, #7083, .T. ) ;
#7858 = CARTESIAN_POINT ( 'NONE',  ( 0.04999990000000315710, -0.1999996000000094920, 0.0000000000000000000 ) ) ;
#7859 =( NAMED_UNIT ( * ) SI_UNIT ( $, .STERADIAN. ) SOLID_ANGLE_UNIT ( ) );
#7860 = ORIENTED_EDGE ( 'NONE', *, *, #7550, .T. ) ;
#7861 = CARTESIAN_POINT ( 'NONE',  ( 0.7600010200000001381, 0.8200009000000000325, 0.0000000000000000000 ) ) ;
#7862 = DIRECTION ( 'NONE',  ( 0.0000000000000000000, 0.0000000000000000000, 1.000000000000000000 ) ) ;
#7863 = ORIENTED_EDGE ( 'NONE', *, *, #3895, .F. ) ;
#7864 = CARTESIAN_POINT ( 'NONE',  ( 0.1650009400000000126, -0.05999734000000000317, 0.0000000000000000000 ) ) ;
#7865 = PLANE ( 'NONE',  #2740 ) ;
#7866 = ORIENTED_EDGE ( 'NONE', *, *, #947, .T. ) ;
#7867 = LINE ( 'NONE', #1291, #3768 ) ;
#7868 = DIRECTION ( 'NONE',  ( 0.3162277660171379789, -0.9486832980504138479, 0.0000000000000000000 ) ) ;
#7869 = EDGE_CURVE ( 'NONE', #5798, #259, #4558, .T. ) ;
#7870 = VERTEX_POINT ( 'NONE', #7370 ) ;
#7871 = CONTEXT_DEPENDENT_SHAPE_REPRESENTATION ( #3547, #6344 ) ;
#7872 = FACE_OUTER_BOUND ( 'NONE', #8171, .T. ) ;
#7873 = ORIENTED_EDGE ( 'NONE', *, *, #7981, .F. ) ;
#7874 = UNCERTAINTY_MEASURE_WITH_UNIT (LENGTH_MEASURE( 1.000000000000000082E-05 ), #1026, 'distance_accuracy_value', 'NONE');
#7875 = DIRECTION ( 'NONE',  ( 0.3162277660171379789, 0.9486832980504138479, 0.0000000000000000000 ) ) ;
#7876 = CARTESIAN_POINT ( 'NONE',  ( -0.1549984199999999979, 0.2200021000000000060, 0.01000000000000000021 ) ) ;
#7877 = SURFACE_STYLE_USAGE ( .BOTH. , #7068 ) ;
#7878 = AXIS2_PLACEMENT_3D ( 'NONE', #223, #7055, #3348 ) ;
#7879 =( GEOMETRIC_REPRESENTATION_CONTEXT ( 3 ) GLOBAL_UNCERTAINTY_ASSIGNED_CONTEXT ( ( #3888 ) ) GLOBAL_UNIT_ASSIGNED_CONTEXT ( ( #4778, #5516, #9160 ) ) REPRESENTATION_CONTEXT ( 'NONE', 'WORKASPACE' ) );
#7880 = VECTOR ( 'NONE', #3799, 1000.000000000000114 ) ;
#7881 = DIRECTION ( 'NONE',  ( 0.9486832980505138790, 0.3162277660168378857, 0.0000000000000000000 ) ) ;
#7882 = ORIENTED_EDGE ( 'NONE', *, *, #504, .F. ) ;
#7883 = SURFACE_STYLE_FILL_AREA ( #6576 ) ;
#7884 = CARTESIAN_POINT ( 'NONE',  ( 0.03999992000000000131, -0.1499997000000000136, 0.0000000000000000000 ) ) ;
#7885 = AXIS2_PLACEMENT_3D ( 'NONE', #6534, #8789, #2787 ) ;
#7886 = SHAPE_DEFINITION_REPRESENTATION ( #1338, #2919 ) ;
#7887 = VERTEX_POINT ( 'NONE', #7232 ) ;
#7888 = PRODUCT ( 'User Library-QFN-20_479712337', 'User Library-QFN-20_479712337', '', ( #1498 ) ) ;
#7889 = AXIS2_PLACEMENT_3D ( 'NONE', #5366, #43, #138 ) ;
#7890 = LINE ( 'NONE', #1847, #6868 ) ;
#7891 = ORIENTED_EDGE ( 'NONE', *, *, #7984, .T. ) ;
#7892 = CARTESIAN_POINT ( 'NONE',  ( 0.09999979999999000779, -0.01999996000001000307, 0.01000000000000000021 ) ) ;
#7893 = APPLICATION_CONTEXT ( 'automotive_design' ) ;
#7894 = PRODUCT ( 'User Library-QFN-20_Extruded25', 'User Library-QFN-20_Extruded25', '', ( #4832 ) ) ;
#7895 = VERTEX_POINT ( 'NONE', #4445 ) ;
#7896 =( NAMED_UNIT ( * ) PLANE_ANGLE_UNIT ( ) SI_UNIT ( $, .RADIAN. ) );
#7897 = DIRECTION ( 'NONE',  ( 1.000000000000000000, 0.0000000000000000000, 0.0000000000000000000 ) ) ;
#7898 = CARTESIAN_POINT ( 'NONE',  ( -0.1149985000000000035, 0.2200021000000000337, 0.0000000000000000000 ) ) ;
#7899 = LINE ( 'NONE', #3377, #541 ) ;
#7900 = CARTESIAN_POINT ( 'NONE',  ( -0.03999992000000000131, 0.2200021000000000060, 0.01000000000000000021 ) ) ;
#7901 = CARTESIAN_POINT ( 'NONE',  ( 0.07999984000000000262, -0.1899996200000000079, 0.0000000000000000000 ) ) ;
#7902 = ADVANCED_FACE ( 'NONE', ( #9421 ), #5090, .T. ) ;
#7903 = CARTESIAN_POINT ( 'NONE',  ( -0.1149985000000000035, 0.2200021000000000060, 0.0000000000000000000 ) ) ;
#7904 = CARTESIAN_POINT ( 'NONE',  ( 0.1550009599999999932, -0.2199995600000000107, 0.01000000000000000021 ) ) ;
#7905 = VECTOR ( 'NONE', #6750, 1000.000000000000114 ) ;
#7906 = ORIENTED_EDGE ( 'NONE', *, *, #7019, .F. ) ;
#7907 = ADVANCED_FACE ( 'NONE', ( #6452 ), #1372, .T. ) ;
#7908 = CARTESIAN_POINT ( 'NONE',  ( 0.8500008399999999797, 0.6900011600000001133, 0.02000000000000000042 ) ) ;
#7909 = EDGE_CURVE ( 'NONE', #2560, #678, #2079, .T. ) ;
#7910 =( NAMED_UNIT ( * ) SI_UNIT ( $, .STERADIAN. ) SOLID_ANGLE_UNIT ( ) );
#7911 = ORIENTED_EDGE ( 'NONE', *, *, #2761, .T. ) ;
#7912 = CARTESIAN_POINT ( 'NONE',  ( 0.09500107999998999575, 0.2000021399999999949, 0.01000000000000000021 ) ) ;
#7913 = LINE ( 'NONE', #1288, #3729 ) ;
#7914 = ORIENTED_EDGE ( 'NONE', *, *, #7225, .T. ) ;
#7915 = CARTESIAN_POINT ( 'NONE',  ( 0.8100009200000001242, 0.7700010000000000465, 0.02000000000000000042 ) ) ;
#7916 = EDGE_CURVE ( 'NONE', #5350, #6075, #1458, .T. ) ;
#7917 = FACE_OUTER_BOUND ( 'NONE', #4058, .T. ) ;
#7918 = CARTESIAN_POINT ( 'NONE',  ( 0.08999982000000000815, 0.09000236000000000347, 0.0000000000000000000 ) ) ;
#7919 = ORIENTED_EDGE ( 'NONE', *, *, #4881, .T. ) ;
#7920 = DIRECTION ( 'NONE',  ( 0.4472135954999579277, 0.8944271909999158554, 0.0000000000000000000 ) ) ;
#7921 = EDGE_CURVE ( 'NONE', #5856, #996, #4353, .T. ) ;
#7922 = PRESENTATION_STYLE_ASSIGNMENT (( #9492 ) ) ;
#7923 = ORIENTED_EDGE ( 'NONE', *, *, #2878, .F. ) ;
#7924 = DIRECTION ( 'NONE',  ( 0.7071067811860475283, -0.7071067811870475062, 0.0000000000000000000 ) ) ;
#7925 = VECTOR ( 'NONE', #701, 1000.000000000000000 ) ;
#7926 = CARTESIAN_POINT ( 'NONE',  ( -0.06999985999999998321, 0.1600022200000000006, 0.0000000000000000000 ) ) ;
#7927 = EDGE_CURVE ( 'NONE', #2764, #1977, #5771, .T. ) ;
#7928 = LINE ( 'NONE', #8025, #1304 ) ;
#7929 = ORIENTED_EDGE ( 'NONE', *, *, #8084, .F. ) ;
#7930 = SURFACE_SIDE_STYLE ('',( #7883 ) ) ;
#7931 = DIRECTION ( 'NONE',  ( 1.000000000000000000, 0.0000000000000000000, 0.0000000000000000000 ) ) ;
#7932 = ORIENTED_EDGE ( 'NONE', *, *, #6244, .T. ) ;
#7933 = CARTESIAN_POINT ( 'NONE',  ( -0.1399997199999999942, -0.2199995600000000107, 0.01000000000000000021 ) ) ;
#7934 = DIRECTION ( 'NONE',  ( -0.8944271909999159664, 0.4472135954999579832, 0.0000000000000000000 ) ) ;
#7935 = VECTOR ( 'NONE', #1521, 1000.000000000000000 ) ;
#7936 = PRODUCT_CONTEXT ( 'NONE', #4608, 'mechanical' ) ;
#7937 = AXIS2_PLACEMENT_3D ( 'NONE', #3527, #6490, #8268 ) ;
#7938 = LINE ( 'NONE', #8701, #4840 ) ;
#7939 = ORIENTED_EDGE ( 'NONE', *, *, #3821, .F. ) ;
#7940 = SHAPE_REPRESENTATION ( 'User Library-QFN-20_479706577', ( #301, #8493 ), #5717 ) ;
#7941 = VECTOR ( 'NONE', #7071, 1000.000000000000000 ) ;
#7942 = CARTESIAN_POINT ( 'NONE',  ( 0.1550009599999999932, -0.01999742000001000081, 0.0000000000000000000 ) ) ;
#7943 = EDGE_LOOP ( 'NONE', ( #8614, #897, #9019, #8091 ) ) ;
#7944 = DIRECTION ( 'NONE',  ( -0.0000000000000000000, 1.000000000000000000, 0.0000000000000000000 ) ) ;
#7945 = DIRECTION ( 'NONE',  ( 1.000000000000000000, 0.0000000000000000000, 0.0000000000000000000 ) ) ;
#7946 = ORIENTED_EDGE ( 'NONE', *, *, #4536, .T. ) ;
#7947 = DIRECTION ( 'NONE',  ( 0.8574737075769529593, -0.5145277842976354599, 0.0000000000000000000 ) ) ;
#7948 = VECTOR ( 'NONE', #1634, 1000.000000000000114 ) ;
#7949 = FACE_OUTER_BOUND ( 'NONE', #5020, .T. ) ;
#7950 = VECTOR ( 'NONE', #9266, 1000.000000000000114 ) ;
#7951 = APPLICATION_CONTEXT ( 'automotive_design' ) ;
#7952 = VECTOR ( 'NONE', #6356, 1000.000000000000000 ) ;
#7953 =( REPRESENTATION_RELATIONSHIP ('NONE','NONE', #5661, #3669 ) REPRESENTATION_RELATIONSHIP_WITH_TRANSFORMATION ( #265 )SHAPE_REPRESENTATION_RELATIONSHIP( ) );
#7954 = VECTOR ( 'NONE', #2471, 1000.000000000000114 ) ;
#7955 = PRODUCT_DEFINITION ( 'UNKNOWN', '', #7980, #336 ) ;
#7956 = ORIENTED_EDGE ( 'NONE', *, *, #3880, .F. ) ;
#7957 = UNCERTAINTY_MEASURE_WITH_UNIT (LENGTH_MEASURE( 1.000000000000000082E-05 ), #6464, 'distance_accuracy_value', 'NONE');
#7958 = DIRECTION ( 'NONE',  ( -0.0000000000000000000, 1.000000000000000000, 0.0000000000000000000 ) ) ;
#7959 = ORIENTED_EDGE ( 'NONE', *, *, #5022, .F. ) ;
#7960 = LINE ( 'NONE', #8814, #5329 ) ;
#7961 = DIRECTION ( 'NONE',  ( -0.0000000000000000000, 1.000000000000000000, 0.0000000000000000000 ) ) ;
#7962 = VERTEX_POINT ( 'NONE', #8039 ) ;
#7963 = DIRECTION ( 'NONE',  ( 0.2425356250360976851, -0.9701425001453907182, 0.0000000000000000000 ) ) ;
#7964 = EDGE_CURVE ( 'NONE', #7597, #5500, #9373, .T. ) ;
#7965 = DIRECTION ( 'NONE',  ( -0.7071516782806072099, 0.7070618812416071819, 0.0000000000000000000 ) ) ;
#7966 = VECTOR ( 'NONE', #3483, 1000.000000000000227 ) ;
#7967 = CARTESIAN_POINT ( 'NONE',  ( -0.1749983800000000089, 0.1499997000000000136, 0.02000000000000000042 ) ) ;
#7968 = PRODUCT_DEFINITION_SHAPE ( 'NONE', 'NONE',  #9505 ) ;
#7969 = EDGE_CURVE ( 'NONE', #8731, #6884, #731, .T. ) ;
#7970 = ORIENTED_EDGE ( 'NONE', *, *, #1762, .T. ) ;
#7971 = UNCERTAINTY_MEASURE_WITH_UNIT (LENGTH_MEASURE( 1.000000000000000082E-05 ), #9355, 'distance_accuracy_value', 'NONE');
#7972 = DIRECTION ( 'NONE',  ( 0.8944271909999159664, -0.4472135954999579832, 0.0000000000000000000 ) ) ;
#7973 = DIRECTION ( 'NONE',  ( 0.0000000000000000000, 0.0000000000000000000, 1.000000000000000000 ) ) ;
#7974 = ORIENTED_EDGE ( 'NONE', *, *, #7152, .F. ) ;
#7975 = VECTOR ( 'NONE', #4817, 1000.000000000000000 ) ;
#7976 = CARTESIAN_POINT ( 'NONE',  ( -0.1499997000000000136, -0.1749983800000000089, 0.02000000000000000042 ) ) ;
#7977 = PRESENTATION_STYLE_ASSIGNMENT (( #7877 ) ) ;
#7978 = AXIS2_PLACEMENT_3D ( 'NONE', #780, #4279, #3733 ) ;
#7979 = PRODUCT ( 'User Library-QFN-20_479712209', 'User Library-QFN-20_479712209', '', ( #9367 ) ) ;
#7980 = PRODUCT_DEFINITION_FORMATION_WITH_SPECIFIED_SOURCE ( 'ANY', '', #8132, .NOT_KNOWN. ) ;
#7981 = EDGE_CURVE ( 'NONE', #8250, #1351, #3676, .T. ) ;
#7982 = APPLICATION_PROTOCOL_DEFINITION ( 'draft international standard', 'automotive_design', 1998, #4583 ) ;
#7983 = CARTESIAN_POINT ( 'NONE',  ( 0.07999984000000000262, -0.01999742000000999734, 0.0000000000000000000 ) ) ;
#7984 = EDGE_CURVE ( 'NONE', #8588, #3482, #4994, .T. ) ;
#7985 = EDGE_LOOP ( 'NONE', ( #2093, #7919, #7956, #9243 ) ) ;
#7986 = LINE ( 'NONE', #4930, #7059 ) ;
#7987 = VERTEX_POINT ( 'NONE', #5724 ) ;
#7988 = CARTESIAN_POINT ( 'NONE',  ( -0.1299997400000000025, -0.1299997399999999748, 0.01000000000000000021 ) ) ;
#7989 = CARTESIAN_POINT ( 'NONE',  ( -0.01499870000000099249, 0.2200020999999685312, 0.0000000000000000000 ) ) ;
#7990 = ORIENTED_EDGE ( 'NONE', *, *, #6331, .T. ) ;
#7991 = PLANE ( 'NONE',  #722 ) ;
#7992 = AXIS2_PLACEMENT_3D ( 'NONE', #1913, #1192, #9437 ) ;
#7993 = FACE_OUTER_BOUND ( 'NONE', #5418, .T. ) ;
#7994 = ORIENTED_EDGE ( 'NONE', *, *, #6337, .F. ) ;
#7995 = ADVANCED_FACE ( 'NONE', ( #7272 ), #7316, .T. ) ;
#7996 = CARTESIAN_POINT ( 'NONE',  ( -0.05999734000000245260, -0.1649984000000097317, 0.0000000000000000000 ) ) ;
#7997 = VERTEX_POINT ( 'NONE', #2892 ) ;
#7998 = LINE ( 'NONE', #4304, #85 ) ;
#7999 = VECTOR ( 'NONE', #5424, 1000.000000000000000 ) ;
#8000 = DIRECTION ( 'NONE',  ( 0.0000000000000000000, -1.000000000000000000, -0.0000000000000000000 ) ) ;
#8001 = CARTESIAN_POINT ( 'NONE',  ( 0.07500112000000000445, 0.1400022599999999895, 0.0000000000000000000 ) ) ;
#8002 = LINE ( 'NONE', #6503, #3143 ) ;
#8003 = VERTEX_POINT ( 'NONE', #6639 ) ;
#8004 = DIRECTION ( 'NONE',  ( -0.0000000000000000000, 0.0000000000000000000, -1.000000000000000000 ) ) ;
#8005 = CARTESIAN_POINT ( 'NONE',  ( 0.0000000000000000000, 0.0000000000000000000, 0.0000000000000000000 ) ) ;
#8006 = EDGE_LOOP ( 'NONE', ( #9171, #8934, #279, #1252 ) ) ;
#8007 = CARTESIAN_POINT ( 'NONE',  ( -0.1699996599999999969, 0.2400020599999999893, 0.01000000000000000021 ) ) ;
#8008 = DIRECTION ( 'NONE',  ( -1.000000000000000000, -0.0000000000000000000, -0.0000000000000000000 ) ) ;
#8009 = ORIENTED_EDGE ( 'NONE', *, *, #5983, .T. ) ;
#8010 = CARTESIAN_POINT ( 'NONE',  ( -0.09999980000001000568, 0.1800021800000000394, 0.0000000000000000000 ) ) ;
#8011 = CARTESIAN_POINT ( 'NONE',  ( 0.09999979999999000779, 0.01999995999999000171, 0.01000000000000000021 ) ) ;
#8012 = PRODUCT_RELATED_PRODUCT_CATEGORY ( 'part', '', ( #3382 ) ) ;
#8013 =( REPRESENTATION_RELATIONSHIP ('NONE','NONE', #9219, #3669 ) REPRESENTATION_RELATIONSHIP_WITH_TRANSFORMATION ( #213 )SHAPE_REPRESENTATION_RELATIONSHIP( ) );
#8014 = ITEM_DEFINED_TRANSFORMATION ( 'NONE', 'NONE', #6907,  #3091 ) ;
#8015 = LINE ( 'NONE', #2962, #3578 ) ;
#8016 = FACE_OUTER_BOUND ( 'NONE', #3528, .T. ) ;
#8017 = ORIENTED_EDGE ( 'NONE', *, *, #2938, .F. ) ;
#8018 = DIRECTION ( 'NONE',  ( 0.0000000000000000000, -0.0000000000000000000, -1.000000000000000000 ) ) ;
#8019 = ORIENTED_EDGE ( 'NONE', *, *, #2525, .F. ) ;
#8020 = CARTESIAN_POINT ( 'NONE',  ( 0.07999984000000000262, -0.1299997399999999748, 0.01000000000000000021 ) ) ;
#8021 = LINE ( 'NONE', #2200, #8710 ) ;
#8022 = PRODUCT_DEFINITION ( 'UNKNOWN', '', #5052, #1863 ) ;
#8023 = APPLICATION_PROTOCOL_DEFINITION ( 'draft international standard', 'automotive_design', 1998, #6286 ) ;
#8024 = AXIS2_PLACEMENT_3D ( 'NONE', #4212, #7188, #3438 ) ;
#8025 = CARTESIAN_POINT ( 'NONE',  ( 0.04999989999999999990, -0.1999995999999999996, 0.01000000000000000021 ) ) ;
#8026 = ORIENTED_EDGE ( 'NONE', *, *, #8502, .F. ) ;
#8027 = DIRECTION ( 'NONE',  ( -0.4471908780134927763, -0.8944385493825282030, 0.0000000000000000000 ) ) ;
#8028 = DIRECTION ( 'NONE',  ( 0.0000000000000000000, 0.0000000000000000000, -1.000000000000000000 ) ) ;
#8029 = SURFACE_STYLE_FILL_AREA ( #8126 ) ;
#8030 = ADVANCED_FACE ( 'NONE', ( #4260 ), #2175, .T. ) ;
#8031 = LINE ( 'NONE', #8752, #2910 ) ;
#8032 = EDGE_CURVE ( 'NONE', #4214, #4734, #7998, .T. ) ;
#8033 = AXIS2_PLACEMENT_3D ( 'NONE', #4079, #6912, #7624 ) ;
#8034 = DIRECTION ( 'NONE',  ( -0.7071067811860475283, -0.7071067811870475062, 0.0000000000000000000 ) ) ;
#8035 = EDGE_CURVE ( 'NONE', #4742, #3861, #7549, .T. ) ;
#8036 = ORIENTED_EDGE ( 'NONE', *, *, #7869, .F. ) ;
#8037 = AXIS2_PLACEMENT_3D ( 'NONE', #4556, #7520, #880 ) ;
#8038 = VERTEX_POINT ( 'NONE', #5376 ) ;
#8039 = CARTESIAN_POINT ( 'NONE',  ( 0.07500112000000071222, -0.1399971800000023858, 0.02000000000000000389 ) ) ;
#8040 = DIRECTION ( 'NONE',  ( 1.000000000000000000, 0.0000000000000000000, 0.0000000000000000000 ) ) ;
#8041 = VECTOR ( 'NONE', #3667, 1000.000000000000000 ) ;
#8042 = ADVANCED_FACE ( 'NONE', ( #4636 ), #8985, .T. ) ;
#8043 = VERTEX_POINT ( 'NONE', #6052 ) ;
#8044 = CARTESIAN_POINT ( 'NONE',  ( 0.09000236000000000347, -0.1449984400000000062, 0.02000000000000000736 ) ) ;
#8045 = CARTESIAN_POINT ( 'NONE',  ( 0.1699996599999999969, 0.08000237999999999794, 0.01000000000000000021 ) ) ;
#8046 = ADVANCED_FACE ( 'NONE', ( #8274 ), #8940, .T. ) ;
#8047 = VERTEX_POINT ( 'NONE', #3820 ) ;
#8048 = PRODUCT_DEFINITION_SHAPE ( 'NONE', 'NONE',  #3141 ) ;
#8049 = ORIENTED_EDGE ( 'NONE', *, *, #3163, .T. ) ;
#8050 = FACE_OUTER_BOUND ( 'NONE', #2391, .T. ) ;
#8051 =( NAMED_UNIT ( * ) SI_UNIT ( $, .STERADIAN. ) SOLID_ANGLE_UNIT ( ) );
#8052 = ADVANCED_FACE ( 'NONE', ( #3085 ), #5959, .F. ) ;
#8053 = EDGE_LOOP ( 'NONE', ( #4892, #6856, #6660, #8305 ) ) ;
#8054 = LINE ( 'NONE', #1380, #1150 ) ;
#8055 = PRODUCT ( 'User Library-QFN-20_479707217', 'User Library-QFN-20_479707217', '', ( #1113 ) ) ;
#8056 = DIRECTION ( 'NONE',  ( -0.7071022910637630998, -0.7071112712808198530, 0.0000000000000000000 ) ) ;
#8057 = LINE ( 'NONE', #6515, #1781 ) ;
#8058 = PLANE ( 'NONE',  #2110 ) ;
#8059 = VECTOR ( 'NONE', #3334, 1000.000000000000114 ) ;
#8060 = CONTEXT_DEPENDENT_SHAPE_REPRESENTATION ( #8320, #6119 ) ;
#8061 = DIRECTION ( 'NONE',  ( -0.0000000000000000000, 1.000000000000000000, 0.0000000000000000000 ) ) ;
#8062 = SURFACE_STYLE_FILL_AREA ( #2053 ) ;
#8063 = VERTEX_POINT ( 'NONE', #5280 ) ;
#8064 = ORIENTED_EDGE ( 'NONE', *, *, #4917, .T. ) ;
#8065 = CARTESIAN_POINT ( 'NONE',  ( 0.1550009599999999932, 0.2200021000000000060, 0.0000000000000000000 ) ) ;
#8066 = COLOUR_RGB ( '',0.7529411764705882248, 0.7529411764705882248, 0.7529411764705882248 ) ;
#8067 = EDGE_LOOP ( 'NONE', ( #6551, #716, #727, #2193, #2927, #4691, #1181, #3850, #1347, #7421, #5246, #7599, #2406, #7151, #6199, #6017, #5694, #6057, #6913, #7082, #5600, #4765, #4869, #6249, #6794, #8702 ) ) ;
#8068 = CARTESIAN_POINT ( 'NONE',  ( -0.09999980000001000568, -0.2199995600000000107, 0.0000000000000000000 ) ) ;
#8069 = APPLICATION_PROTOCOL_DEFINITION ( 'draft international standard', 'automotive_design', 1998, #1149 ) ;
#8070 = CARTESIAN_POINT ( 'NONE',  ( -0.1749983800000000089, 0.1499997000000000136, 0.0000000000000000000 ) ) ;
#8071 = VERTEX_POINT ( 'NONE', #1558 ) ;
#8072 = CARTESIAN_POINT ( 'NONE',  ( 0.08999982000000006366, 0.2200020999999999782, 0.009999999999999998473 ) ) ;
#8073 = AXIS2_PLACEMENT_3D ( 'NONE', #6358, #2667, #8583 ) ;
#8074 = DIRECTION ( 'NONE',  ( 0.0000000000000000000, 0.0000000000000000000, 1.000000000000000000 ) ) ;
#8075 = ORIENTED_EDGE ( 'NONE', *, *, #6613, .F. ) ;
#8076 = PRODUCT_DEFINITION ( 'UNKNOWN', '', #399, #6339 ) ;
#8077 = DIRECTION ( 'NONE',  ( -0.9486832980505452984, 0.3162277660167430726, 0.0000000000000000000 ) ) ;
#8078 = DIRECTION ( 'NONE',  ( 0.0000000000000000000, 0.0000000000000000000, -1.000000000000000000 ) ) ;
#8079 = LINE ( 'NONE', #723, #5098 ) ;
#8080 = PLANE ( 'NONE',  #699 ) ;
#8081 = APPLICATION_CONTEXT ( 'automotive_design' ) ;
#8082 = LINE ( 'NONE', #5905, #2820 ) ;
#8083 = ORIENTED_EDGE ( 'NONE', *, *, #5956, .F. ) ;
#8084 = EDGE_CURVE ( 'NONE', #5348, #3823, #5323, .T. ) ;
#8085 = EDGE_CURVE ( 'NONE', #3590, #2456, #3862, .T. ) ;
#8086 = DIRECTION ( 'NONE',  ( 1.000000000000000000, 0.0000000000000000000, 0.0000000000000000000 ) ) ;
#8087 = ORIENTED_EDGE ( 'NONE', *, *, #7144, .F. ) ;
#8088 = CARTESIAN_POINT ( 'NONE',  ( 0.1550009599999999932, 0.04000245999999999663, 0.0000000000000000000 ) ) ;
#8089 = VECTOR ( 'NONE', #2414, 1000.000000000000000 ) ;
#8090 = CARTESIAN_POINT ( 'NONE',  ( 0.4399991200000000213, -1.309999920000000095, 0.6126987999999999879 ) ) ;
#8091 = ORIENTED_EDGE ( 'NONE', *, *, #1114, .T. ) ;
#8092 = LINE ( 'NONE', #2321, #8364 ) ;
#8093 = PLANE ( 'NONE',  #3458 ) ;
#8094 = PRESENTATION_LAYER_ASSIGNMENT (  '', '', ( #515 ) ) ;
#8095 = VERTEX_POINT ( 'NONE', #144 ) ;
#8096 = EDGE_CURVE ( 'NONE', #3939, #8038, #4590, .T. ) ;
#8097 =( LENGTH_UNIT ( ) NAMED_UNIT ( * ) SI_UNIT ( .MILLI., .METRE. ) );
#8098 = EDGE_LOOP ( 'NONE', ( #125, #6173, #5384, #4340 ) ) ;
#8099 = ADVANCED_FACE ( 'NONE', ( #6097 ), #6776, .T. ) ;
#8100 = CARTESIAN_POINT ( 'NONE',  ( -0.1549984199999901724, -0.02999739999994711914, 0.0000000000000000000 ) ) ;
#8101 = VERTEX_POINT ( 'NONE', #51 ) ;
#8102 = DIRECTION ( 'NONE',  ( -0.0000000000000000000, 1.000000000000000000, 0.0000000000000000000 ) ) ;
#8103 = CYLINDRICAL_SURFACE ( 'NONE', #8412, 0.2000000000000000111 ) ;
#8104 = CARTESIAN_POINT ( 'NONE',  ( -0.05999734000000000317, -0.1649983999999999895, 0.02000000000000000042 ) ) ;
#8105 = VECTOR ( 'NONE', #4561, 1000.000000000000114 ) ;
#8106 = EDGE_CURVE ( 'NONE', #4742, #3750, #868, .T. ) ;
#8107 = CONTEXT_DEPENDENT_SHAPE_REPRESENTATION ( #6845, #8362 ) ;
#8108 = CARTESIAN_POINT ( 'NONE',  ( -0.1749983800000000089, -0.1499997000000000136, 0.0000000000000000000 ) ) ;
#8109 = AXIS2_PLACEMENT_3D ( 'NONE', #5727, #8527, #1221 ) ;
#8110 = DIRECTION ( 'NONE',  ( 0.0000000000000000000, 0.0000000000000000000, 1.000000000000000000 ) ) ;
#8111 = EDGE_LOOP ( 'NONE', ( #5353, #6448, #28, #5827 ) ) ;
#8112 = CARTESIAN_POINT ( 'NONE',  ( 0.09999979999999000779, 0.01999995999999000171, 0.01000000000000000021 ) ) ;
#8113 =( NAMED_UNIT ( * ) PLANE_ANGLE_UNIT ( ) SI_UNIT ( $, .RADIAN. ) );
#8114 = ORIENTED_EDGE ( 'NONE', *, *, #3288, .F. ) ;
#8115 = CARTESIAN_POINT ( 'NONE',  ( 0.1550009599999999932, 0.2200021000000000337, 0.0000000000000000000 ) ) ;
#8116 = ORIENTED_EDGE ( 'NONE', *, *, #3763, .F. ) ;
#8117 = CARTESIAN_POINT ( 'NONE',  ( 0.08999981999999999427, 0.09000236000000000347, 0.0000000000000000000 ) ) ;
#8118 = VECTOR ( 'NONE', #7133, 1000.000000000000000 ) ;
#8119 = APPLICATION_PROTOCOL_DEFINITION ( 'draft international standard', 'automotive_design', 1998, #8628 ) ;
#8120 = DIRECTION ( 'NONE',  ( 0.0000000000000000000, -0.0000000000000000000, -1.000000000000000000 ) ) ;
#8121 = VERTEX_POINT ( 'NONE', #1699 ) ;
#8122 = LINE ( 'NONE', #8886, #1493 ) ;
#8123 = ORIENTED_EDGE ( 'NONE', *, *, #7546, .F. ) ;
#8124 =( GEOMETRIC_REPRESENTATION_CONTEXT ( 3 ) GLOBAL_UNCERTAINTY_ASSIGNED_CONTEXT ( ( #4379 ) ) GLOBAL_UNIT_ASSIGNED_CONTEXT ( ( #2567, #7896, #4753 ) ) REPRESENTATION_CONTEXT ( 'NONE', 'WORKASPACE' ) );
#8125 = DIRECTION ( 'NONE',  ( 0.0000000000000000000, 0.0000000000000000000, 1.000000000000000000 ) ) ;
#8126 = FILL_AREA_STYLE ('',( #671 ) ) ;
#8127 = CARTESIAN_POINT ( 'NONE',  ( 0.1500022400000000089, -0.1799996399999999608, 0.0000000000000000000 ) ) ;
#8128 = DIRECTION ( 'NONE',  ( -0.3511234415880629123, 0.9363291775691677810, 0.0000000000000000000 ) ) ;
#8129 = VECTOR ( 'NONE', #7491, 1000.000000000000000 ) ;
#8130 = ORIENTED_EDGE ( 'NONE', *, *, #1836, .T. ) ;
#8131 = DIRECTION ( 'NONE',  ( -1.000000000000000000, 0.0000000000000000000, -0.0000000000000000000 ) ) ;
#8132 = PRODUCT ( 'User Library-QFN-20_479706449', 'User Library-QFN-20_479706449', '', ( #5529 ) ) ;
#8133 = ORIENTED_EDGE ( 'NONE', *, *, #9474, .T. ) ;
#8134 = PRODUCT_DEFINITION_FORMATION_WITH_SPECIFIED_SOURCE ( 'ANY', '', #2858, .NOT_KNOWN. ) ;
#8135 = DIRECTION ( 'NONE',  ( 0.0000000000000000000, 0.0000000000000000000, -1.000000000000000000 ) ) ;
#8136 = APPLICATION_CONTEXT ( 'automotive_design' ) ;
#8137 = DIRECTION ( 'NONE',  ( 0.0000000000000000000, 0.0000000000000000000, 1.000000000000000000 ) ) ;
#8138 = ORIENTED_EDGE ( 'NONE', *, *, #1367, .T. ) ;
#8139 = CARTESIAN_POINT ( 'NONE',  ( 0.1399997200000182018, -0.1299997400000061087, 0.0000000000000000000 ) ) ;
#8140 = SHAPE_REPRESENTATION ( 'User Library-QFN-20_479480465', ( #1864, #4325 ), #4479 ) ;
#8141 = EDGE_CURVE ( 'NONE', #1806, #7231, #2275, .T. ) ;
#8142 =( REPRESENTATION_RELATIONSHIP ('NONE','NONE', #8140, #4852 ) REPRESENTATION_RELATIONSHIP_WITH_TRANSFORMATION ( #1434 )SHAPE_REPRESENTATION_RELATIONSHIP( ) );
#8143 = LINE ( 'NONE', #3000, #373 ) ;
#8144 = EDGE_CURVE ( 'NONE', #6302, #152, #9078, .T. ) ;
#8145 = ORIENTED_EDGE ( 'NONE', *, *, #6186, .T. ) ;
#8146 = EDGE_CURVE ( 'NONE', #5948, #1012, #9073, .T. ) ;
#8147 = VECTOR ( 'NONE', #7839, 1000.000000000000000 ) ;
#8148 = SURFACE_STYLE_FILL_AREA ( #3784 ) ;
#8149 = ORIENTED_EDGE ( 'NONE', *, *, #3706, .F. ) ;
#8150 = PRODUCT_DEFINITION_CONTEXT ( 'detailed design', #1285, 'design' ) ;
#8151 = LINE ( 'NONE', #2140, #5563 ) ;
#8152 = VERTEX_POINT ( 'NONE', #244 ) ;
#8153 = CARTESIAN_POINT ( 'NONE',  ( 0.02000250000000096048, -0.1749983800000023682, 0.02000000000000000389 ) ) ;
#8154 = DIRECTION ( 'NONE',  ( 0.0000000000000000000, 0.0000000000000000000, 1.000000000000000000 ) ) ;
#8155 = EDGE_CURVE ( 'NONE', #9330, #4834, #1608, .T. ) ;
#8156 = EDGE_CURVE ( 'NONE', #3155, #2160, #2450, .T. ) ;
#8157 = DIRECTION ( 'NONE',  ( -0.9838699100999075409, 0.1788854381999832044, 0.0000000000000000000 ) ) ;
#8158 = CARTESIAN_POINT ( 'NONE',  ( -0.7099985799999997127, -0.8399983199999953021, 0.02000000000000000042 ) ) ;
#8159 = ITEM_DEFINED_TRANSFORMATION ( 'NONE', 'NONE', #9267,  #5419 ) ;
#8160 = CARTESIAN_POINT ( 'NONE',  ( 0.07500112000000024037, 0.1400022600000010720, 0.0000000000000000000 ) ) ;
#8161 = CARTESIAN_POINT ( 'NONE',  ( 0.0000000000000000000, 0.0000000000000000000, 0.0000000000000000000 ) ) ;
#8162 = EDGE_LOOP ( 'NONE', ( #8450, #6497, #1845, #7860 ) ) ;
#8163 = DIRECTION ( 'NONE',  ( 0.1960682367460072628, 0.9805902541527279359, 0.0000000000000000000 ) ) ;
#8164 = ORIENTED_EDGE ( 'NONE', *, *, #8498, .T. ) ;
#8165 = CARTESIAN_POINT ( 'NONE',  ( 0.1650009400000000126, 0.06000242000000000075, 0.02000000000000000736 ) ) ;
#8166 = ORIENTED_EDGE ( 'NONE', *, *, #7513, .F. ) ;
#8167 = EDGE_CURVE ( 'NONE', #3482, #37, #6683, .T. ) ;
#8168 = FACE_OUTER_BOUND ( 'NONE', #6011, .T. ) ;
#8169 = SHAPE_DEFINITION_REPRESENTATION ( #4712, #4598 ) ;
#8170 = DIRECTION ( 'NONE',  ( 0.3162277660171379789, -0.9486832980504138479, 0.0000000000000000000 ) ) ;
#8171 = EDGE_LOOP ( 'NONE', ( #1144, #5482, #6054, #5938 ) ) ;
#8172 = CARTESIAN_POINT ( 'NONE',  ( -0.04999990000000008317, 0.1650009399999999848, 0.0000000000000000000 ) ) ;
#8173 = EDGE_LOOP ( 'NONE', ( #205, #4543, #1771, #3456 ) ) ;
#8174 = CARTESIAN_POINT ( 'NONE',  ( 0.09999979999998810654, -0.1099972399999980949, 0.0000000000000000000 ) ) ;
#8175 = CARTESIAN_POINT ( 'NONE',  ( 0.07500112000000000445, -0.1599996799999908736, 0.009999999999999998473 ) ) ;
#8176 = LINE ( 'NONE', #5765, #7568 ) ;
#8177 = PRESENTATION_STYLE_ASSIGNMENT (( #9377 ) ) ;
#8178 = CARTESIAN_POINT ( 'NONE',  ( 0.6499987000000008175, 0.8499982999999998734, 0.0000000000000000000 ) ) ;
#8179 = CARTESIAN_POINT ( 'NONE',  ( -0.1400022600000002670, 0.07500112000000007384, 0.0000000000000000000 ) ) ;
#8180 = VERTEX_POINT ( 'NONE', #5233 ) ;
#8181 = CARTESIAN_POINT ( 'NONE',  ( -0.6500012399999999246, -0.8499982999999999844, 0.02000000000000000042 ) ) ;
#8182 = DIRECTION ( 'NONE',  ( 1.000000000000000000, 0.0000000000000000000, 0.0000000000000000000 ) ) ;
#8183 = ORIENTED_EDGE ( 'NONE', *, *, #8438, .F. ) ;
#8184 = DIRECTION ( 'NONE',  ( 0.0000000000000000000, -0.0000000000000000000, 1.000000000000000000 ) ) ;
#8185 = VECTOR ( 'NONE', #2581, 1000.000000000000114 ) ;
#8186 = DIRECTION ( 'NONE',  ( 0.7071067811865474617, -0.7071067811865474617, -0.0000000000000000000 ) ) ;
#8187 = ORIENTED_EDGE ( 'NONE', *, *, #7784, .F. ) ;
#8188 = FACE_BOUND ( 'NONE', #7820, .T. ) ;
#8189 =( NAMED_UNIT ( * ) PLANE_ANGLE_UNIT ( ) SI_UNIT ( $, .RADIAN. ) );
#8190 = VECTOR ( 'NONE', #2265, 1000.000000000000000 ) ;
#8191 = DIRECTION ( 'NONE',  ( 1.000000000000000000, 0.0000000000000000000, 0.0000000000000000000 ) ) ;
#8192 = ORIENTED_EDGE ( 'NONE', *, *, #9378, .F. ) ;
#8193 = LINE ( 'NONE', #2953, #8798 ) ;
#8194 =( LENGTH_UNIT ( ) NAMED_UNIT ( * ) SI_UNIT ( .MILLI., .METRE. ) );
#8195 = VERTEX_POINT ( 'NONE', #8181 ) ;
#8196 = EDGE_CURVE ( 'NONE', #2058, #2841, #4499, .T. ) ;
#8197 = FACE_OUTER_BOUND ( 'NONE', #8469, .T. ) ;
#8198 = LINE ( 'NONE', #6607, #4651 ) ;
#8199 =( GEOMETRIC_REPRESENTATION_CONTEXT ( 3 ) GLOBAL_UNCERTAINTY_ASSIGNED_CONTEXT ( ( #6508 ) ) GLOBAL_UNIT_ASSIGNED_CONTEXT ( ( #3700, #894, #7393 ) ) REPRESENTATION_CONTEXT ( 'NONE', 'WORKASPACE' ) );
#8200 = FACE_OUTER_BOUND ( 'NONE', #7268, .T. ) ;
#8201 = CARTESIAN_POINT ( 'NONE',  ( -0.08499856000000767520, 0.2000021400000064065, 0.0000000000000000000 ) ) ;
#8202 = DIRECTION ( 'NONE',  ( 0.0000000000000000000, 0.0000000000000000000, -1.000000000000000000 ) ) ;
#8203 = EDGE_CURVE ( 'NONE', #5752, #959, #9271, .T. ) ;
#8204 = DIRECTION ( 'NONE',  ( 1.000000000000000000, 0.0000000000000000000, 0.0000000000000000000 ) ) ;
#8205 = VERTEX_POINT ( 'NONE', #2555 ) ;
#8206 = CARTESIAN_POINT ( 'NONE',  ( 0.02500121999999045316, -0.1499997000000047598, 0.02000000000000000042 ) ) ;
#8207 = DIRECTION ( 'NONE',  ( 1.000000000000000000, 0.0000000000000000000, 0.0000000000000000000 ) ) ;
#8208 = EDGE_LOOP ( 'NONE', ( #7929, #5313, #1848, #5322 ) ) ;
#8209 = ADVANCED_FACE ( 'NONE', ( #4787 ), #6932, .T. ) ;
#8210 = DIRECTION ( 'NONE',  ( 0.0000000000000000000, -1.000000000000000000, 0.0000000000000000000 ) ) ;
#8211 = ORIENTED_EDGE ( 'NONE', *, *, #5437, .F. ) ;
#8212 = CARTESIAN_POINT ( 'NONE',  ( 0.009999980000002999664, 0.009999980000002999664, 0.0000000000000000000 ) ) ;
#8213 = VECTOR ( 'NONE', #5094, 1000.000000000000000 ) ;
#8214 = ITEM_DEFINED_TRANSFORMATION ( 'NONE', 'NONE', #6664,  #146 ) ;
#8215 = ADVANCED_FACE ( 'NONE', ( #5612 ), #1207, .T. ) ;
#8216 = VERTEX_POINT ( 'NONE', #8560 ) ;
#8217 = PRESENTATION_LAYER_ASSIGNMENT (  '', '', ( #6055 ) ) ;
#8218 = LINE ( 'NONE', #952, #5972 ) ;
#8219 = ORIENTED_EDGE ( 'NONE', *, *, #1766, .F. ) ;
#8220 = EDGE_CURVE ( 'NONE', #4221, #4811, #4829, .T. ) ;
#8221 = LINE ( 'NONE', #8174, #4018 ) ;
#8222 = CARTESIAN_POINT ( 'NONE',  ( -0.1199997599999990117, 0.1100023200000219831, 0.0000000000000000000 ) ) ;
#8223 = FACE_OUTER_BOUND ( 'NONE', #1324, .T. ) ;
#8224 = VECTOR ( 'NONE', #4419, 1000.000000000000000 ) ;
#8225 = EDGE_CURVE ( 'NONE', #5987, #5530, #7118, .T. ) ;
#8226 = LINE ( 'NONE', #1605, #8855 ) ;
#8227 = EDGE_LOOP ( 'NONE', ( #814, #9006, #1691, #6072, #8166, #8687, #5577, #6084, #7074, #2503, #2968, #2661, #4746, #8551 ) ) ;
#8228 = CARTESIAN_POINT ( 'NONE',  ( -0.8199983600000000372, -0.7499985000000000124, 0.02000000000000000736 ) ) ;
#8229 = SHAPE_DEFINITION_REPRESENTATION ( #2782, #5544 ) ;
#8230 = ORIENTED_EDGE ( 'NONE', *, *, #7691, .F. ) ;
#8231 = LINE ( 'NONE', #682, #8213 ) ;
#8232 = CARTESIAN_POINT ( 'NONE',  ( -0.1499997000000000136, -0.1899996200000000079, 0.0000000000000000000 ) ) ;
#8233 = EDGE_LOOP ( 'NONE', ( #3714, #7438, #7424, #4263 ) ) ;
#8234 = AXIS2_PLACEMENT_3D ( 'NONE', #4107, #4149, #7129 ) ;
#8235 = LINE ( 'NONE', #6837, #4684 ) ;
#8236 = LINE ( 'NONE', #2419, #7512 ) ;
#8237 = PRODUCT_DEFINITION_CONTEXT ( 'detailed design', #1838, 'design' ) ;
#8238 = PLANE ( 'NONE',  #8037 ) ;
#8239 =( NAMED_UNIT ( * ) SI_UNIT ( $, .STERADIAN. ) SOLID_ANGLE_UNIT ( ) );
#8240 = EDGE_LOOP ( 'NONE', ( #6971, #3366, #5621, #5627 ) ) ;
#8241 =( NAMED_UNIT ( * ) SI_UNIT ( $, .STERADIAN. ) SOLID_ANGLE_UNIT ( ) );
#8242 = DIRECTION ( 'NONE',  ( 1.000000000000000000, 0.0000000000000000000, 0.0000000000000000000 ) ) ;
#8243 = FACE_BOUND ( 'NONE', #8514, .T. ) ;
#8244 = VECTOR ( 'NONE', #2073, 1000.000000000000000 ) ;
#8245 = DIRECTION ( 'NONE',  ( 0.0000000000000000000, -0.0000000000000000000, -1.000000000000000000 ) ) ;
#8246 = CARTESIAN_POINT ( 'NONE',  ( 0.1350010000000000099, 0.1300022800000000256, 0.0000000000000000000 ) ) ;
#8247 = PRODUCT_RELATED_PRODUCT_CATEGORY ( 'part', '', ( #7287 ) ) ;
#8248 = ORIENTED_EDGE ( 'NONE', *, *, #1226, .T. ) ;
#8249 = CARTESIAN_POINT ( 'NONE',  ( 0.0000000000000000000, 0.0000000000000000000, 0.09651999999999999469 ) ) ;
#8250 = VERTEX_POINT ( 'NONE', #6979 ) ;
#8251 = DIRECTION ( 'NONE',  ( 0.9863927951833226793, -0.1644057590549417858, 0.0000000000000000000 ) ) ;
#8252 = ORIENTED_EDGE ( 'NONE', *, *, #9425, .F. ) ;
#8253 = DIRECTION ( 'NONE',  ( 0.8944271909999158554, 0.4472135954999577612, 0.0000000000000000000 ) ) ;
#8254 = EDGE_CURVE ( 'NONE', #1424, #1212, #7645, .T. ) ;
#8255 = VECTOR ( 'NONE', #5012, 1000.000000000000000 ) ;
#8256 = VECTOR ( 'NONE', #3409, 1000.000000000000114 ) ;
#8257 = APPLICATION_CONTEXT ( 'automotive_design' ) ;
#8258 = EDGE_CURVE ( 'NONE', #4303, #2301, #2695, .T. ) ;
#8259 = FACE_OUTER_BOUND ( 'NONE', #6991, .T. ) ;
#8260 = ORIENTED_EDGE ( 'NONE', *, *, #711, .T. ) ;
#8261 = DIRECTION ( 'NONE',  ( 0.5547001962252290364, -0.8320502943378437211, 0.0000000000000000000 ) ) ;
#8262 = DIRECTION ( 'NONE',  ( 1.000000000000000000, 0.0000000000000000000, 0.0000000000000000000 ) ) ;
#8263 = ORIENTED_EDGE ( 'NONE', *, *, #7735, .T. ) ;
#8264 = VECTOR ( 'NONE', #650, 1000.000000000000000 ) ;
#8265 = LINE ( 'NONE', #6045, #7582 ) ;
#8266 = DIRECTION ( 'NONE',  ( -0.3713906763541037215, 0.9284766908852593037, 0.0000000000000000000 ) ) ;
#8267 = PRESENTATION_STYLE_ASSIGNMENT (( #542 ) ) ;
#8268 = DIRECTION ( 'NONE',  ( 0.0000000000000000000, 0.0000000000000000000, -1.000000000000000000 ) ) ;
#8269 = AXIS2_PLACEMENT_3D ( 'NONE', #9235, #438, #2714 ) ;
#8270 = ADVANCED_FACE ( 'NONE', ( #8608 ), #1013, .T. ) ;
#8271 = CARTESIAN_POINT ( 'NONE',  ( 0.0000000000000000000, 0.2000021399999999949, 0.0000000000000000000 ) ) ;
#8272 = VECTOR ( 'NONE', #2991, 1000.000000000000000 ) ;
#8273 = ORIENTED_EDGE ( 'NONE', *, *, #2403, .F. ) ;
#8274 = FACE_OUTER_BOUND ( 'NONE', #376, .T. ) ;
#8275 = LINE ( 'NONE', #337, #6920 ) ;
#8276 = APPLICATION_PROTOCOL_DEFINITION ( 'draft international standard', 'automotive_design', 1998, #4108 ) ;
#8277 = ORIENTED_EDGE ( 'NONE', *, *, #4305, .T. ) ;
#8278 = DIRECTION ( 'NONE',  ( 0.0000000000000000000, 0.0000000000000000000, 1.000000000000000000 ) ) ;
#8279 = MECHANICAL_DESIGN_GEOMETRIC_PRESENTATION_REPRESENTATION (  '', ( #2561 ), #3322 ) ;
#8280 = EDGE_CURVE ( 'NONE', #7534, #1644, #6386, .T. ) ;
#8281 = CARTESIAN_POINT ( 'NONE',  ( 0.8000009400000001047, -0.7799984399999998486, 0.0000000000000000000 ) ) ;
#8282 = AXIS2_PLACEMENT_3D ( 'NONE', #4452, #2776, #1522 ) ;
#8283 = VERTEX_POINT ( 'NONE', #1795 ) ;
#8284 = PRODUCT_DEFINITION_SHAPE ( 'NONE', 'NONE',  #9543 ) ;
#8285 = PRODUCT_DEFINITION_FORMATION_WITH_SPECIFIED_SOURCE ( 'ANY', '', #6102, .NOT_KNOWN. ) ;
#8286 = DIRECTION ( 'NONE',  ( 1.000000000000000000, 0.0000000000000000000, 0.0000000000000000000 ) ) ;
#8287 = CARTESIAN_POINT ( 'NONE',  ( 0.1499997000000000136, -0.02499867999999999882, 0.0000000000000000000 ) ) ;
#8288 = CARTESIAN_POINT ( 'NONE',  ( 0.0000000000000000000, 0.0000000000000000000, 0.0000000000000000000 ) ) ;
#8289 = DIRECTION ( 'NONE',  ( -0.0000000000000000000, 1.000000000000000000, 0.0000000000000000000 ) ) ;
#8290 = CARTESIAN_POINT ( 'NONE',  ( 0.04499863999999999947, -2.019998499999999808, 0.01270000000000000122 ) ) ;
#8291 = ORIENTED_EDGE ( 'NONE', *, *, #7045, .T. ) ;
#8292 = DIRECTION ( 'NONE',  ( -0.0000000000000000000, 0.0000000000000000000, -1.000000000000000000 ) ) ;
#8293 = DIRECTION ( 'NONE',  ( -0.3713906763541037215, 0.9284766908852593037, 0.0000000000000000000 ) ) ;
#8294 = DIRECTION ( 'NONE',  ( 1.000000000000000000, 0.0000000000000000000, -0.0000000000000000000 ) ) ;
#8295 = LINE ( 'NONE', #5294, #74 ) ;
#8296 = CARTESIAN_POINT ( 'NONE',  ( -0.1349984600000000146, -0.1299972000000000072, 0.01000000000000000021 ) ) ;
#8297 = VECTOR ( 'NONE', #7090, 1000.000000000000000 ) ;
#8298 = CARTESIAN_POINT ( 'NONE',  ( 0.1550009599999999932, -0.01999742000001000081, 0.0000000000000000000 ) ) ;
#8299 = PRESENTATION_STYLE_ASSIGNMENT (( #3291 ) ) ;
#8300 = ORIENTED_EDGE ( 'NONE', *, *, #4591, .T. ) ;
#8301 = CARTESIAN_POINT ( 'NONE',  ( 0.08999981999999998039, 0.2000021400000000227, 0.01000000000000000194 ) ) ;
#8302 = VECTOR ( 'NONE', #2929, 1000.000000000000000 ) ;
#8303 = ORIENTED_EDGE ( 'NONE', *, *, #5598, .T. ) ;
#8304 = LINE ( 'NONE', #9056, #3614 ) ;
#8305 = ORIENTED_EDGE ( 'NONE', *, *, #8719, .T. ) ;
#8306 = CARTESIAN_POINT ( 'NONE',  ( 0.005001260000000001295, 0.2200021000000000060, 0.0000000000000000000 ) ) ;
#8307 = PRODUCT_DEFINITION ( 'UNKNOWN', '', #1658, #4097 ) ;
#8308 = SHAPE_REPRESENTATION ( 'User Library-QFN-20_479712337', ( #8973, #2643 ), #5284 ) ;
#8309 = CARTESIAN_POINT ( 'NONE',  ( -0.1099997800000000053, 0.1700021999999999922, 0.0000000000000000000 ) ) ;
#8310 = ORIENTED_EDGE ( 'NONE', *, *, #591, .F. ) ;
#8311 = DIRECTION ( 'NONE',  ( 0.0000000000000000000, 0.0000000000000000000, -1.000000000000000000 ) ) ;
#8312 =( LENGTH_UNIT ( ) NAMED_UNIT ( * ) SI_UNIT ( .MILLI., .METRE. ) );
#8313 = EDGE_LOOP ( 'NONE', ( #5977, #4428, #434, #1243 ) ) ;
#8314 = LINE ( 'NONE', #2355, #7731 ) ;
#8315 = DIRECTION ( 'NONE',  ( 0.4472590307609362603, 0.8944044719268725574, 0.0000000000000000000 ) ) ;
#8316 = PLANE ( 'NONE',  #7355 ) ;
#8317 = ADVANCED_FACE ( 'NONE', ( #2502 ), #2646, .T. ) ;
#8318 = DIRECTION ( 'NONE',  ( 0.0000000000000000000, 0.0000000000000000000, -1.000000000000000000 ) ) ;
#8319 = APPLICATION_CONTEXT ( 'automotive_design' ) ;
#8320 =( REPRESENTATION_RELATIONSHIP ('NONE','NONE', #6781, #9109 ) REPRESENTATION_RELATIONSHIP_WITH_TRANSFORMATION ( #5881 )SHAPE_REPRESENTATION_RELATIONSHIP( ) );
#8321 = ORIENTED_EDGE ( 'NONE', *, *, #3401, .F. ) ;
#8322 = ADVANCED_FACE ( 'NONE', ( #288 ), #333, .T. ) ;
#8323 = DIRECTION ( 'NONE',  ( 0.1643583580400614641, 0.9864006945163688034, 0.0000000000000000000 ) ) ;
#8324 = EDGE_CURVE ( 'NONE', #473, #3887, #3265, .T. ) ;
#8325 = DIRECTION ( 'NONE',  ( -0.4472135954999577612, -0.8944271909999158554, 0.0000000000000000000 ) ) ;
#8326 = VERTEX_POINT ( 'NONE', #4050 ) ;
#8327 = EDGE_CURVE ( 'NONE', #6363, #567, #1841, .T. ) ;
#8328 = LINE ( 'NONE', #1019, #3598 ) ;
#8329 = DIRECTION ( 'NONE',  ( 0.0000000000000000000, 0.0000000000000000000, -1.000000000000000000 ) ) ;
#8330 = DIRECTION ( 'NONE',  ( -0.8944385493822197830, 0.4471908780141098938, 0.0000000000000000000 ) ) ;
#8331 = CARTESIAN_POINT ( 'NONE',  ( 0.0000000000000000000, 0.0000000000000000000, 0.0000000000000000000 ) ) ;
#8332 = DIRECTION ( 'NONE',  ( 0.0000000000000000000, 0.0000000000000000000, 1.000000000000000000 ) ) ;
#8333 = PRESENTATION_STYLE_ASSIGNMENT (( #6844 ) ) ;
#8334 = ORIENTED_EDGE ( 'NONE', *, *, #802, .F. ) ;
#8336 = EDGE_CURVE ( 'NONE', #8928, #7987, #3362, .T. ) ;
#8335 = SURFACE_STYLE_USAGE ( .BOTH. , #5247 ) ;
#8337 = DIRECTION ( 'NONE',  ( 0.9486832980504138479, -0.3162277660171379789, 0.0000000000000000000 ) ) ;
#8338 = CARTESIAN_POINT ( 'NONE',  ( -0.05499861999998999912, 0.1499997000000000136, 0.02000000000000000042 ) ) ;
#8339 = VECTOR ( 'NONE', #1136, 1000.000000000000000 ) ;
#8340 = AXIS2_PLACEMENT_3D ( 'NONE', #6943, #3972, #3234 ) ;
#8341 = CARTESIAN_POINT ( 'NONE',  ( -0.1499997000000000136, -0.1749983800000000089, 0.0000000000000000000 ) ) ;
#8342 = PRODUCT_DEFINITION_SHAPE ( 'NONE', 'NONE',  #4938 ) ;
#8343 = AXIS2_PLACEMENT_3D ( 'NONE', #6552, #7191, #8635 ) ;
#8344 = DIRECTION ( 'NONE',  ( 0.0000000000000000000, 0.0000000000000000000, -1.000000000000000000 ) ) ;
#8345 = EDGE_CURVE ( 'NONE', #5843, #992, #1064, .T. ) ;
#8346 = ORIENTED_EDGE ( 'NONE', *, *, #4890, .F. ) ;
#8347 = UNCERTAINTY_MEASURE_WITH_UNIT (LENGTH_MEASURE( 1.000000000000000082E-05 ), #2977, 'distance_accuracy_value', 'NONE');
#8348 = CARTESIAN_POINT ( 'NONE',  ( -0.08999981999999999427, -0.1799996399999999885, 0.0000000000000000000 ) ) ;
#8349 = ORIENTED_EDGE ( 'NONE', *, *, #6194, .T. ) ;
#8350 = DIRECTION ( 'NONE',  ( -0.1643583580400614641, -0.9864006945163688034, -0.0000000000000000000 ) ) ;
#8351 = CARTESIAN_POINT ( 'NONE',  ( 0.0000000000000000000, 0.009999980000002999664, 0.0000000000000000000 ) ) ;
#8352 = ORIENTED_EDGE ( 'NONE', *, *, #3353, .T. ) ;
#8353 = VECTOR ( 'NONE', #8125, 1000.000000000000000 ) ;
#8354 = PLANE ( 'NONE',  #5318 ) ;
#8355 = CONTEXT_DEPENDENT_SHAPE_REPRESENTATION ( #2934, #382 ) ;
#8356 = FACE_OUTER_BOUND ( 'NONE', #8098, .T. ) ;
#8357 = ORIENTED_EDGE ( 'NONE', *, *, #3952, .T. ) ;
#8358 = EDGE_LOOP ( 'NONE', ( #5884, #7763, #8619, #429, #2373, #4828, #2829, #4730, #7141, #3868, #4233, #1729, #7692, #7994, #9074, #8083, #8149 ) ) ;
#8359 = PLANE ( 'NONE',  #5995 ) ;
#8360 = AXIS2_PLACEMENT_3D ( 'NONE', #7084, #3429, #9232 ) ;
#8361 = CARTESIAN_POINT ( 'NONE',  ( -0.09999980000001000568, -0.009997440000006000207, 0.0000000000000000000 ) ) ;
#8362 = PRODUCT_DEFINITION_SHAPE ( 'NONE', 'NONE',  #9545 ) ;
#8363 = DIRECTION ( 'NONE',  ( -0.0000000000000000000, 1.000000000000000000, 0.0000000000000000000 ) ) ;
#8364 = VECTOR ( 'NONE', #6737, 1000.000000000000000 ) ;
#8365 = PRODUCT_RELATED_PRODUCT_CATEGORY ( 'part', '', ( #7650 ) ) ;
#8366 = ORIENTED_EDGE ( 'NONE', *, *, #3708, .T. ) ;
#8367 = DIRECTION ( 'NONE',  ( 0.0000000000000000000, 0.0000000000000000000, 1.000000000000000000 ) ) ;
#8368 = ORIENTED_EDGE ( 'NONE', *, *, #1114, .F. ) ;
#8369 = LINE ( 'NONE', #6191, #1357 ) ;
#8370 = APPLICATION_PROTOCOL_DEFINITION ( 'draft international standard', 'automotive_design', 1998, #6838 ) ;
#8371 = ORIENTED_EDGE ( 'NONE', *, *, #2280, .F. ) ;
#8372 = CARTESIAN_POINT ( 'NONE',  ( 0.0000000000000000000, 0.0000000000000000000, 0.09651999999999999469 ) ) ;
#8373 = CARTESIAN_POINT ( 'NONE',  ( -0.09999980000001000568, -0.2199995600000000107, 0.01000000000000000021 ) ) ;
#8374 = EDGE_CURVE ( 'NONE', #3522, #1074, #8079, .T. ) ;
#8375 = ORIENTED_EDGE ( 'NONE', *, *, #5128, .F. ) ;
#8376 = EDGE_CURVE ( 'NONE', #3902, #9112, #5132, .T. ) ;
#8377 = DIRECTION ( 'NONE',  ( -0.5547001962249983320, -0.8320502943379975980, 0.0000000000000000000 ) ) ;
#8378 = ORIENTED_EDGE ( 'NONE', *, *, #8106, .T. ) ;
#8379 = VECTOR ( 'NONE', #2973, 1000.000000000000000 ) ;
#8380 = CARTESIAN_POINT ( 'NONE',  ( 0.07500112000000000445, -0.1599996800000000052, 0.0000000000000000000 ) ) ;
#8381 = CARTESIAN_POINT ( 'NONE',  ( -0.09499854000000999832, -0.1099972399999999961, 0.0000000000000000000 ) ) ;
#8382 = VECTOR ( 'NONE', #889, 1000.000000000000114 ) ;
#8383 = VERTEX_POINT ( 'NONE', #7309 ) ;
#8384 = FACE_OUTER_BOUND ( 'NONE', #5785, .T. ) ;
#8385 = CARTESIAN_POINT ( 'NONE',  ( -0.7099985800000000458, -0.8399983200000000760, 0.02000000000000000042 ) ) ;
#8386 = CARTESIAN_POINT ( 'NONE',  ( 0.02500121999999014785, 0.1499997000000000136, 0.0000000000000000000 ) ) ;
#8387 =( REPRESENTATION_RELATIONSHIP ('NONE','NONE', #5544, #7630 ) REPRESENTATION_RELATIONSHIP_WITH_TRANSFORMATION ( #8405 )SHAPE_REPRESENTATION_RELATIONSHIP( ) );
#8388 = CARTESIAN_POINT ( 'NONE',  ( 0.1299997400000000025, -0.02999740000000000392, 0.01000000000000000021 ) ) ;
#8389 = ITEM_DEFINED_TRANSFORMATION ( 'NONE', 'NONE', #914,  #2951 ) ;
#8390 = CARTESIAN_POINT ( 'NONE',  ( 0.01999995999999000171, 0.1750009200000000043, 0.0000000000000000000 ) ) ;
#8391 = ADVANCED_FACE ( 'NONE', ( #7679 ), #6632, .T. ) ;
#8392 =( LENGTH_UNIT ( ) NAMED_UNIT ( * ) SI_UNIT ( .MILLI., .METRE. ) );
#8393 = VERTEX_POINT ( 'NONE', #2886 ) ;
#8394 = VECTOR ( 'NONE', #6786, 1000.000000000000000 ) ;
#8395 = CARTESIAN_POINT ( 'NONE',  ( -0.02999993999999999925, 0.1800021800000000394, 0.0000000000000000000 ) ) ;
#8396 = SHAPE_REPRESENTATION_RELATIONSHIP ( 'NONE' , 'NONE' ,  #4852, #8777 ) ;
#8397 = ORIENTED_EDGE ( 'NONE', *, *, #4187, .F. ) ;
#8398 = VECTOR ( 'NONE', #2460, 1000.000000000000000 ) ;
#8399 = CARTESIAN_POINT ( 'NONE',  ( 0.8500008399999999797, 0.6900011600000000023, 0.0000000000000000000 ) ) ;
#8400 = LINE ( 'NONE', #7676, #7310 ) ;
#8401 = VERTEX_POINT ( 'NONE', #3716 ) ;
#8402 = FACE_OUTER_BOUND ( 'NONE', #8173, .T. ) ;
#8403 = ADVANCED_FACE ( 'NONE', ( #2167 ), #8839, .F. ) ;
#8404 = VECTOR ( 'NONE', #1922, 1000.000000000000227 ) ;
#8405 = ITEM_DEFINED_TRANSFORMATION ( 'NONE', 'NONE', #5891,  #9392 ) ;
#8406 = CLOSED_SHELL ( 'NONE', ( #1040, #3165, #9121, #4732, #1711, #4288, #216, #3643, #3046, #9438, #8736, #7326, #8209, #3154, #5194, #2856, #2332, #3336, #6093, #2582, #276, #2354, #8553, #3335, #7611, #1281, #3520, #4894, #5492, #2947, #2513, #4783, #9500, #9190, #4047, #3818, #1831, #6024, #123, #5807, #7626, #2918, #9208, #8680, #1549 ) ) ;
#8407 = DIRECTION ( 'NONE',  ( -0.7071067811865474617, 0.7071067811865474617, 0.0000000000000000000 ) ) ;
#8408 = VERTEX_POINT ( 'NONE', #3670 ) ;
#8409 = PRESENTATION_STYLE_ASSIGNMENT (( #5601 ) ) ;
#8410 = EDGE_LOOP ( 'NONE', ( #1828, #2838, #4381, #4720 ) ) ;
#8411 = DIRECTION ( 'NONE',  ( 0.0000000000000000000, 0.0000000000000000000, 1.000000000000000000 ) ) ;
#8412 = AXIS2_PLACEMENT_3D ( 'NONE', #3546, #653, #19 ) ;
#8413 = VECTOR ( 'NONE', #2738, 1000.000000000000000 ) ;
#8414 = VECTOR ( 'NONE', #8580, 1000.000000000000000 ) ;
#8415 = VECTOR ( 'NONE', #5685, 1000.000000000000000 ) ;
#8416 = VERTEX_POINT ( 'NONE', #3617 ) ;
#8417 = CARTESIAN_POINT ( 'NONE',  ( 0.1450009800000000015, 0.09000236000000000347, 0.02000000000000000042 ) ) ;
#8418 = EDGE_LOOP ( 'NONE', ( #4528, #3357, #4599, #2547, #8595, #1893, #2141, #7413, #4442, #1911, #6131, #2645, #7009, #8822 ) ) ;
#8419 = CARTESIAN_POINT ( 'NONE',  ( -0.1549984199999999979, 0.2200021000000000337, 0.01000000000000000021 ) ) ;
#8420 = SHAPE_DEFINITION_REPRESENTATION ( #2095, #8140 ) ;
#8421 = ORIENTED_EDGE ( 'NONE', *, *, #5606, .F. ) ;
#8422 = PRODUCT_DEFINITION_SHAPE ( 'NONE', 'NONE',  #5067 ) ;
#8423 =( NAMED_UNIT ( * ) PLANE_ANGLE_UNIT ( ) SI_UNIT ( $, .RADIAN. ) );
#8424 = DIRECTION ( 'NONE',  ( -1.000000000000000000, -0.0000000000000000000, -0.0000000000000000000 ) ) ;
#8425 = VECTOR ( 'NONE', #1508, 1000.000000000000114 ) ;
#8426 = ORIENTED_EDGE ( 'NONE', *, *, #6130, .F. ) ;
#8427 = LINE ( 'NONE', #1218, #1126 ) ;
#8428 = ORIENTED_EDGE ( 'NONE', *, *, #6850, .F. ) ;
#8429 = DIRECTION ( 'NONE',  ( -0.8000000000000000444, -0.5999999999999999778, 0.0000000000000000000 ) ) ;
#8430 = VECTOR ( 'NONE', #4478, 1000.000000000000000 ) ;
#8431 = FACE_OUTER_BOUND ( 'NONE', #8240, .T. ) ;
#8432 = EDGE_CURVE ( 'NONE', #5268, #2699, #5177, .T. ) ;
#8433 = DIRECTION ( 'NONE',  ( 0.0000000000000000000, 0.0000000000000000000, 1.000000000000000000 ) ) ;
#8434 = ORIENTED_EDGE ( 'NONE', *, *, #2655, .T. ) ;
#8435 = VECTOR ( 'NONE', #2659, 1000.000000000000114 ) ;
#8436 = CARTESIAN_POINT ( 'NONE',  ( 0.1499997000000000136, 0.1750009199999999765, 0.0000000000000000000 ) ) ;
#8437 = CARTESIAN_POINT ( 'NONE',  ( 0.7600010200000000271, 0.8200009000000000325, 0.0000000000000000000 ) ) ;
#8438 = EDGE_CURVE ( 'NONE', #7289, #4615, #8176, .T. ) ;
#8439 = CARTESIAN_POINT ( 'NONE',  ( 0.03500120000000532527, -0.2199995600000159979, 0.0000000000000000000 ) ) ;
#8440 =( GEOMETRIC_REPRESENTATION_CONTEXT ( 3 ) GLOBAL_UNCERTAINTY_ASSIGNED_CONTEXT ( ( #1581 ) ) GLOBAL_UNIT_ASSIGNED_CONTEXT ( ( #2491, #5795, #4922 ) ) REPRESENTATION_CONTEXT ( 'NONE', 'WORKASPACE' ) );
#8441 = DIRECTION ( 'NONE',  ( 0.8944271909999158554, 0.4472135954999579277, -0.0000000000000000000 ) ) ;
#8442 =( LENGTH_UNIT ( ) NAMED_UNIT ( * ) SI_UNIT ( .MILLI., .METRE. ) );
#8443 = ORIENTED_EDGE ( 'NONE', *, *, #7909, .T. ) ;
#8444 = PRODUCT_DEFINITION_FORMATION_WITH_SPECIFIED_SOURCE ( 'ANY', '', #7805, .NOT_KNOWN. ) ;
#8446 = EDGE_CURVE ( 'NONE', #8250, #2658, #8031, .T. ) ;
#8445 = UNCERTAINTY_MEASURE_WITH_UNIT (LENGTH_MEASURE( 1.000000000000000082E-05 ), #2807, 'distance_accuracy_value', 'NONE');
#8447 = CARTESIAN_POINT ( 'NONE',  ( 0.6800011799999976514, -0.8499982999999902145, 0.0000000000000000000 ) ) ;
#8448 = EDGE_CURVE ( 'NONE', #805, #2554, #1407, .T. ) ;
#8449 =( NAMED_UNIT ( * ) SI_UNIT ( $, .STERADIAN. ) SOLID_ANGLE_UNIT ( ) );
#8450 = ORIENTED_EDGE ( 'NONE', *, *, #1940, .T. ) ;
#8451 = APPLICATION_CONTEXT ( 'automotive_design' ) ;
#8452 = DIRECTION ( 'NONE',  ( 0.0000000000000000000, 0.0000000000000000000, -1.000000000000000000 ) ) ;
#8453 = FACE_OUTER_BOUND ( 'NONE', #6584, .T. ) ;
#8454 = ORIENTED_EDGE ( 'NONE', *, *, #2060, .T. ) ;
#8455 = VECTOR ( 'NONE', #5230, 1000.000000000000000 ) ;
#8456 = DIRECTION ( 'NONE',  ( 0.5547001962249983320, -0.8320502943379975980, 0.0000000000000000000 ) ) ;
#8457 = EDGE_CURVE ( 'NONE', #1563, #5524, #5228, .T. ) ;
#8458 = CONTEXT_DEPENDENT_SHAPE_REPRESENTATION ( #9467, #4647 ) ;
#8459 = VECTOR ( 'NONE', #1623, 1000.000000000000000 ) ;
#8460 = LINE ( 'NONE', #9110, #3314 ) ;
#8461 = EDGE_LOOP ( 'NONE', ( #6923, #8248, #2119, #4755 ) ) ;
#8462 = EDGE_CURVE ( 'NONE', #3157, #1351, #2213, .T. ) ;
#8463 = VERTEX_POINT ( 'NONE', #5903 ) ;
#8464 = FACE_OUTER_BOUND ( 'NONE', #9269, .T. ) ;
#8465 = LINE ( 'NONE', #2596, #6430 ) ;
#8466 = LINE ( 'NONE', #4008, #1906 ) ;
#8467 = ORIENTED_EDGE ( 'NONE', *, *, #9246, .T. ) ;
#8468 = DIRECTION ( 'NONE',  ( -0.5547001962249983320, 0.8320502943379975980, 0.0000000000000000000 ) ) ;
#8469 = EDGE_LOOP ( 'NONE', ( #2021, #394, #3446, #3500 ) ) ;
#8470 = PRODUCT_DEFINITION_CONTEXT ( 'detailed design', #4926, 'design' ) ;
#8471 = FACE_OUTER_BOUND ( 'NONE', #7281, .T. ) ;
#8472 = PRODUCT_CONTEXT ( 'NONE', #528, 'mechanical' ) ;
#8473 = ORIENTED_EDGE ( 'NONE', *, *, #3897, .F. ) ;
#8474 = CARTESIAN_POINT ( 'NONE',  ( 0.1299997400000095227, -0.02999740000000713364, 0.009999999999999998473 ) ) ;
#8475 = ORIENTED_EDGE ( 'NONE', *, *, #5309, .F. ) ;
#8476 = PLANE ( 'NONE',  #809 ) ;
#8477 = EDGE_LOOP ( 'NONE', ( #2316, #7508, #2002, #5895 ) ) ;
#8478 = DIRECTION ( 'NONE',  ( 1.000000000000000000, 0.0000000000000000000, 0.0000000000000000000 ) ) ;
#8479 = ORIENTED_EDGE ( 'NONE', *, *, #8167, .T. ) ;
#8480 = DIRECTION ( 'NONE',  ( -0.5144957554269381506, 0.8574929257128971472, 0.0000000000000000000 ) ) ;
#8481 = CARTESIAN_POINT ( 'NONE',  ( 0.8400008599999999603, -0.7099985800000000458, 0.0000000000000000000 ) ) ;
#8482 = CARTESIAN_POINT ( 'NONE',  ( -0.09999725999998999859, -0.1349984600000000146, 0.0000000000000000000 ) ) ;
#8483 = LINE ( 'NONE', #5584, #573 ) ;
#8484 =( GEOMETRIC_REPRESENTATION_CONTEXT ( 3 ) GLOBAL_UNCERTAINTY_ASSIGNED_CONTEXT ( ( #1970 ) ) GLOBAL_UNIT_ASSIGNED_CONTEXT ( ( #8392, #1819, #2429 ) ) REPRESENTATION_CONTEXT ( 'NONE', 'WORKASPACE' ) );
#8485 = CARTESIAN_POINT ( 'NONE',  ( -0.6500012400000000357, -0.8499982999999999844, 0.02000000000000000042 ) ) ;
#8486 = PRODUCT_RELATED_PRODUCT_CATEGORY ( 'part', '', ( #4412 ) ) ;
#8487 = EDGE_LOOP ( 'NONE', ( #4663, #8877, #2966, #7780 ) ) ;
#8488 = DIRECTION ( 'NONE',  ( -0.0000000000000000000, 0.0000000000000000000, -1.000000000000000000 ) ) ;
#8489 = VERTEX_POINT ( 'NONE', #8127 ) ;
#8490 = CARTESIAN_POINT ( 'NONE',  ( 0.1199997599999999692, 0.1700022000000000200, 0.01000000000000000194 ) ) ;
#8491 = VECTOR ( 'NONE', #6538, 1000.000000000000000 ) ;
#8492 = LINE ( 'NONE', #5593, #9094 ) ;
#8493 = AXIS2_PLACEMENT_3D ( 'NONE', #114, #7327, #6693 ) ;
#8494 = ORIENTED_EDGE ( 'NONE', *, *, #1468, .T. ) ;
#8495 = CARTESIAN_POINT ( 'NONE',  ( 0.1499997000000000136, 0.1750009200000000043, 0.02000000000000000042 ) ) ;
#8496 = VECTOR ( 'NONE', #986, 1000.000000000000227 ) ;
#8497 = EDGE_CURVE ( 'NONE', #6836, #3421, #1507, .T. ) ;
#8498 = EDGE_CURVE ( 'NONE', #3398, #2915, #7407, .T. ) ;
#8499 = ITEM_DEFINED_TRANSFORMATION ( 'NONE', 'NONE', #1798,  #3551 ) ;
#8500 = CARTESIAN_POINT ( 'NONE',  ( 0.1550009599999999932, 0.04000246000000000357, 0.01000000000000000021 ) ) ;
#8501 = PRODUCT ( 'User Library-QFN-20_479711441', 'User Library-QFN-20_479711441', '', ( #7841 ) ) ;
#8502 = EDGE_CURVE ( 'NONE', #2514, #4739, #8892, .T. ) ;
#8503 = ORIENTED_EDGE ( 'NONE', *, *, #6087, .F. ) ;
#8504 = VECTOR ( 'NONE', #3973, 1000.000000000000000 ) ;
#8505 = CARTESIAN_POINT ( 'NONE',  ( 0.0000000000000000000, 0.0000000000000000000, 0.0000000000000000000 ) ) ;
#8506 = ORIENTED_EDGE ( 'NONE', *, *, #634, .T. ) ;
#8507 = DIRECTION ( 'NONE',  ( 0.2747211278974143189, -0.9615239476408128372, 0.0000000000000000000 ) ) ;
#8508 = SHAPE_REPRESENTATION ( 'User Library-QFN-20_Extruded13', ( #2951 ), #5111 ) ;
#8509 =( GEOMETRIC_REPRESENTATION_CONTEXT ( 3 ) GLOBAL_UNCERTAINTY_ASSIGNED_CONTEXT ( ( #3201 ) ) GLOBAL_UNIT_ASSIGNED_CONTEXT ( ( #842, #4666, #2480 ) ) REPRESENTATION_CONTEXT ( 'NONE', 'WORKASPACE' ) );
#8510 = EDGE_CURVE ( 'NONE', #259, #5958, #7580, .T. ) ;
#8511 = ORIENTED_EDGE ( 'NONE', *, *, #9138, .F. ) ;
#8512 = AXIS2_PLACEMENT_3D ( 'NONE', #3876, #258, #7179 ) ;
#8513 = DIRECTION ( 'NONE',  ( 0.9486832980504137369, 0.3162277660171379234, 0.0000000000000000000 ) ) ;
#8514 = EDGE_LOOP ( 'NONE', ( #7785, #4217, #681, #6086, #1087, #2676, #7217, #267, #8521, #4125, #6347, #82, #5712, #3587, #5232, #8904, #366 ) ) ;
#8515 = DIRECTION ( 'NONE',  ( -0.7071367135329916787, -0.7070768475729916069, 0.0000000000000000000 ) ) ;
#8516 = PRODUCT_CONTEXT ( 'NONE', #2013, 'mechanical' ) ;
#8517 = ORIENTED_EDGE ( 'NONE', *, *, #747, .F. ) ;
#8518 = CARTESIAN_POINT ( 'NONE',  ( 0.0000000000000000000, 0.0000000000000000000, 0.0000000000000000000 ) ) ;
#8519 = CARTESIAN_POINT ( 'NONE',  ( 0.1750009200000000043, -0.1499997000000000136, 0.0000000000000000000 ) ) ;
#8520 = VECTOR ( 'NONE', #208, 1000.000000000000000 ) ;
#8521 = ORIENTED_EDGE ( 'NONE', *, *, #4488, .T. ) ;
#8522 = EDGE_CURVE ( 'NONE', #1640, #3683, #6489, .T. ) ;
#8523 = CARTESIAN_POINT ( 'NONE',  ( 0.02000249999999999945, -0.1749983800000000089, 0.0000000000000000000 ) ) ;
#8524 = ORIENTED_EDGE ( 'NONE', *, *, #1164, .F. ) ;
#8525 = SURFACE_STYLE_USAGE ( .BOTH. , #435 ) ;
#8526 = DIRECTION ( 'NONE',  ( 0.0000000000000000000, 0.0000000000000000000, 1.000000000000000000 ) ) ;
#8527 = DIRECTION ( 'NONE',  ( -0.9284766908852593037, -0.3713906763541037215, 0.0000000000000000000 ) ) ;
#8528 = PLANE ( 'NONE',  #5181 ) ;
#8529 = DIRECTION ( 'NONE',  ( -0.7071067811870475062, -0.7071067811860475283, 0.0000000000000000000 ) ) ;
#8530 = DIRECTION ( 'NONE',  ( 0.0000000000000000000, -0.0000000000000000000, 1.000000000000000000 ) ) ;
#8531 = CARTESIAN_POINT ( 'NONE',  ( -0.06499860000000297344, 0.1600022199999789341, 0.0000000000000000000 ) ) ;
#8532 = LINE ( 'NONE', #5633, #2654 ) ;
#8533 = VECTOR ( 'NONE', #6068, 1000.000000000000000 ) ;
#8534 = EDGE_LOOP ( 'NONE', ( #8566, #2353, #8133, #8397 ) ) ;
#8535 = UNCERTAINTY_MEASURE_WITH_UNIT (LENGTH_MEASURE( 1.000000000000000082E-05 ), #5854, 'distance_accuracy_value', 'NONE');
#8536 = LINE ( 'NONE', #7715, #2001 ) ;
#8537 = SURFACE_STYLE_USAGE ( .BOTH. , #4909 ) ;
#8538 = ORIENTED_EDGE ( 'NONE', *, *, #504, .T. ) ;
#8539 = CARTESIAN_POINT ( 'NONE',  ( 0.03999992000000000131, -0.1499997000000000136, 0.0000000000000000000 ) ) ;
#8540 = DIRECTION ( 'NONE',  ( -0.0000000000000000000, 1.000000000000000000, 0.0000000000000000000 ) ) ;
#8541 = EDGE_LOOP ( 'NONE', ( #4383, #4447, #9451, #5409 ) ) ;
#8542 = CARTESIAN_POINT ( 'NONE',  ( -0.08999982000000833482, 0.2000021400000055460, 0.0000000000000000000 ) ) ;
#8543 = CARTESIAN_POINT ( 'NONE',  ( -0.09499854000000999832, 0.1200023000000000201, 0.01000000000000000021 ) ) ;
#8544 = PRODUCT_DEFINITION ( 'UNKNOWN', '', #8907, #8470 ) ;
#8545 = VECTOR ( 'NONE', #3732, 1000.000000000000000 ) ;
#8546 = CARTESIAN_POINT ( 'NONE',  ( -0.1499997000000000136, -0.2199995600000000107, 0.0000000000000000000 ) ) ;
#8547 = CARTESIAN_POINT ( 'NONE',  ( 0.0000000000000000000, 0.0000000000000000000, 0.0000000000000000000 ) ) ;
#8548 = ORIENTED_EDGE ( 'NONE', *, *, #1104, .T. ) ;
#8549 = FILL_AREA_STYLE_COLOUR ( '', #7215 ) ;
#8550 =( NAMED_UNIT ( * ) SI_UNIT ( $, .STERADIAN. ) SOLID_ANGLE_UNIT ( ) );
#8551 = ORIENTED_EDGE ( 'NONE', *, *, #7746, .F. ) ;
#8552 = DIRECTION ( 'NONE',  ( -0.7071067811870475062, 0.7071067811860475283, 0.0000000000000000000 ) ) ;
#8553 = ADVANCED_FACE ( 'NONE', ( #4345 ), #7991, .T. ) ;
#8554 = AXIS2_PLACEMENT_3D ( 'NONE', #5267, #2349, #6669 ) ;
#8555 = AXIS2_PLACEMENT_3D ( 'NONE', #3619, #3474, #9369 ) ;
#8556 = EDGE_CURVE ( 'NONE', #4074, #7578, #628, .T. ) ;
#8557 = DIRECTION ( 'NONE',  ( -0.0000000000000000000, 1.000000000000000000, 0.0000000000000000000 ) ) ;
#8558 = ORIENTED_EDGE ( 'NONE', *, *, #5095, .T. ) ;
#8559 = SHAPE_REPRESENTATION ( 'User Library-QFN-20_479712209', ( #4318, #7576 ), #5414 ) ;
#8560 = CARTESIAN_POINT ( 'NONE',  ( -0.09499853999999931242, -0.1099972400000005235, 0.01000000000000000021 ) ) ;
#8561 = ORIENTED_EDGE ( 'NONE', *, *, #2539, .F. ) ;
#8562 = PRODUCT_DEFINITION_CONTEXT ( 'detailed design', #1532, 'design' ) ;
#8563 = LINE ( 'NONE', #475, #8760 ) ;
#8564 = PRODUCT_CONTEXT ( 'NONE', #5481, 'mechanical' ) ;
#8565 = EDGE_CURVE ( 'NONE', #3159, #500, #411, .T. ) ;
#8566 = ORIENTED_EDGE ( 'NONE', *, *, #9416, .T. ) ;
#8567 = CARTESIAN_POINT ( 'NONE',  ( 0.8300008800000000520, 0.7400010599999999883, 0.02000000000000000042 ) ) ;
#8568 = ADVANCED_FACE ( 'NONE', ( #1731 ), #1869, .T. ) ;
#8569 = ORIENTED_EDGE ( 'NONE', *, *, #2761, .F. ) ;
#8570 = VECTOR ( 'NONE', #3241, 1000.000000000000114 ) ;
#8571 = VECTOR ( 'NONE', #3444, 1000.000000000000000 ) ;
#8572 = CARTESIAN_POINT ( 'NONE',  ( 0.07500112000000075385, -0.1399971800000023581, 0.0000000000000000000 ) ) ;
#8573 = APPLICATION_CONTEXT ( 'automotive_design' ) ;
#8574 = VERTEX_POINT ( 'NONE', #2535 ) ;
#8575 = CARTESIAN_POINT ( 'NONE',  ( 1.020000500000000088, -2.495001359999999835, 0.01270000000000000122 ) ) ;
#8576 = ADVANCED_FACE ( 'NONE', ( #4670 ), #2628, .T. ) ;
#8577 = CARTESIAN_POINT ( 'NONE',  ( 0.0000000000000000000, 0.2400020599999999893, 0.01000000000000000021 ) ) ;
#8578 = FILL_AREA_STYLE ('',( #9285 ) ) ;
#8579 = DIRECTION ( 'NONE',  ( 0.9486832980505138790, 0.3162277660168379967, 0.0000000000000000000 ) ) ;
#8580 = DIRECTION ( 'NONE',  ( 0.0000000000000000000, -0.0000000000000000000, -1.000000000000000000 ) ) ;
#8581 = DIRECTION ( 'NONE',  ( 1.000000000000000000, 0.0000000000000000000, 0.0000000000000000000 ) ) ;
#8582 = PRODUCT_DEFINITION_SHAPE ( 'NONE', 'NONE',  #5537 ) ;
#8583 = DIRECTION ( 'NONE',  ( -0.8944271909999158554, 0.4472135954999579277, 0.0000000000000000000 ) ) ;
#8584 = MECHANICAL_DESIGN_GEOMETRIC_PRESENTATION_REPRESENTATION (  '', ( #1325 ), #5656 ) ;
#8585 = AXIS2_PLACEMENT_3D ( 'NONE', #2317, #3041, #8323 ) ;
#8586 = ORIENTED_EDGE ( 'NONE', *, *, #5491, .F. ) ;
#8587 = CARTESIAN_POINT ( 'NONE',  ( 0.7100011200000001521, 0.8400008599999999603, 0.02000000000000000042 ) ) ;
#8588 = VERTEX_POINT ( 'NONE', #9105 ) ;
#8589 = LINE ( 'NONE', #1958, #7351 ) ;
#8590 = CARTESIAN_POINT ( 'NONE',  ( 0.009999980000002999664, 0.009999980000002999664, 0.09651999999999999469 ) ) ;
#8591 = ORIENTED_EDGE ( 'NONE', *, *, #389, .T. ) ;
#8592 = CARTESIAN_POINT ( 'NONE',  ( -0.1499997000000000136, -0.1899996200000000079, 0.0000000000000000000 ) ) ;
#8593 = PLANE ( 'NONE',  #5354 ) ;
#8594 = MECHANICAL_DESIGN_GEOMETRIC_PRESENTATION_REPRESENTATION (  '', ( #4573 ), #8440 ) ;
#8595 = ORIENTED_EDGE ( 'NONE', *, *, #5686, .F. ) ;
#8596 = VECTOR ( 'NONE', #3052, 1000.000000000000000 ) ;
#8597 = ITEM_DEFINED_TRANSFORMATION ( 'NONE', 'NONE', #862,  #8650 ) ;
#8598 = DIRECTION ( 'NONE',  ( -0.2169304578186558308, 0.9761870601839528483, 0.0000000000000000000 ) ) ;
#8599 = ORIENTED_EDGE ( 'NONE', *, *, #1425, .T. ) ;
#8600 = PLANE ( 'NONE',  #392 ) ;
#8601 = VERTEX_POINT ( 'NONE', #5504 ) ;
#8602 = CARTESIAN_POINT ( 'NONE',  ( -0.02999994000000999125, 0.2000021399999999949, 0.01000000000000000021 ) ) ;
#8603 = CARTESIAN_POINT ( 'NONE',  ( -0.04999990000000016643, 0.1650009399999999571, 0.02000000000000000389 ) ) ;
#8604 = EDGE_LOOP ( 'NONE', ( #4061, #6820, #8475, #531 ) ) ;
#8605 = VECTOR ( 'NONE', #7551, 999.9999999999998863 ) ;
#8606 = CARTESIAN_POINT ( 'NONE',  ( -0.1499971600000047367, -0.05499862000000742962, 0.0000000000000000000 ) ) ;
#8607 = ORIENTED_EDGE ( 'NONE', *, *, #9309, .T. ) ;
#8608 = FACE_OUTER_BOUND ( 'NONE', #5934, .T. ) ;
#8609 = EDGE_CURVE ( 'NONE', #3404, #8180, #4860, .T. ) ;
#8610 = LINE ( 'NONE', #7706, #5573 ) ;
#8611 = FACE_OUTER_BOUND ( 'NONE', #4688, .T. ) ;
#8612 = VECTOR ( 'NONE', #4582, 1000.000000000000000 ) ;
#8613 = SHAPE_DEFINITION_REPRESENTATION ( #8422, #3977 ) ;
#8614 = ORIENTED_EDGE ( 'NONE', *, *, #2176, .F. ) ;
#8615 = DIRECTION ( 'NONE',  ( 0.0000000000000000000, 0.0000000000000000000, 1.000000000000000000 ) ) ;
#8616 = EDGE_LOOP ( 'NONE', ( #8116, #1215, #5153, #4557 ) ) ;
#8617 = EDGE_CURVE ( 'NONE', #4594, #7685, #3942, .T. ) ;
#8618 = ADVANCED_FACE ( 'NONE', ( #8453 ), #6319, .T. ) ;
#8619 = ORIENTED_EDGE ( 'NONE', *, *, #7909, .F. ) ;
#8620 = CARTESIAN_POINT ( 'NONE',  ( 0.08999981999999998039, 0.1450009800000000015, 0.0000000000000000000 ) ) ;
#8621 = EDGE_CURVE ( 'NONE', #9407, #2452, #7766, .T. ) ;
#8622 = CARTESIAN_POINT ( 'NONE',  ( 2.019998499999999808, -0.04500118000000000174, 0.01270000000000000122 ) ) ;
#8623 = VERTEX_POINT ( 'NONE', #6126 ) ;
#8624 = DIRECTION ( 'NONE',  ( -0.4472135954999574281, -0.8944271909999160775, 0.0000000000000000000 ) ) ;
#8625 = LINE ( 'NONE', #641, #2179 ) ;
#8626 = FACE_OUTER_BOUND ( 'NONE', #2220, .T. ) ;
#8627 = CARTESIAN_POINT ( 'NONE',  ( 0.1299997400000000303, 0.1800021799999999839, 0.0000000000000000000 ) ) ;
#8628 = APPLICATION_CONTEXT ( 'automotive_design' ) ;
#8629 = ADVANCED_FACE ( 'NONE', ( #5552 ), #9249, .T. ) ;
#8630 = DIRECTION ( 'NONE',  ( 0.9701425001453313213, 0.2425356250363354671, 0.0000000000000000000 ) ) ;
#8631 = SURFACE_STYLE_USAGE ( .BOTH. , #2763 ) ;
#8632 = VERTEX_POINT ( 'NONE', #7008 ) ;
#8633 = EDGE_CURVE ( 'NONE', #7826, #8797, #6957, .T. ) ;
#8634 = UNCERTAINTY_MEASURE_WITH_UNIT (LENGTH_MEASURE( 1.000000000000000082E-05 ), #6137, 'distance_accuracy_value', 'NONE');
#8635 = DIRECTION ( 'NONE',  ( -0.7071022910637914105, -0.7071112712807915424, 0.0000000000000000000 ) ) ;
#8636 = ORIENTED_EDGE ( 'NONE', *, *, #5192, .T. ) ;
#8637 = DIRECTION ( 'NONE',  ( 0.5999999999999999778, 0.8000000000000000444, 0.0000000000000000000 ) ) ;
#8638 = CARTESIAN_POINT ( 'NONE',  ( 0.0000000000000000000, -0.1999995999999999996, 0.01000000000000000021 ) ) ;
#8639 = ORIENTED_EDGE ( 'NONE', *, *, #2655, .F. ) ;
#8640 = DIRECTION ( 'NONE',  ( -0.0000000000000000000, -0.0000000000000000000, -1.000000000000000000 ) ) ;
#8641 = AXIS2_PLACEMENT_3D ( 'NONE', #7155, #5599, #1350 ) ;
#8642 = LINE ( 'NONE', #2631, #9205 ) ;
#8643 = CONTEXT_DEPENDENT_SHAPE_REPRESENTATION ( #718, #2325 ) ;
#8644 = LINE ( 'NONE', #7423, #6739 ) ;
#8645 = FILL_AREA_STYLE_COLOUR ( '', #1175 ) ;
#8646 = ORIENTED_EDGE ( 'NONE', *, *, #4827, .T. ) ;
#8647 = CARTESIAN_POINT ( 'NONE',  ( -0.1099997800000000053, 0.1700021999999999922, 0.0000000000000000000 ) ) ;
#8648 = CARTESIAN_POINT ( 'NONE',  ( 0.1699996599999999969, -0.03999738000000000598, 0.0000000000000000000 ) ) ;
#8649 = VECTOR ( 'NONE', #706, 1000.000000000000000 ) ;
#8650 = AXIS2_PLACEMENT_3D ( 'NONE', #2685, #4188, #7158 ) ;
#8651 = LINE ( 'NONE', #6482, #3441 ) ;
#8652 = ORIENTED_EDGE ( 'NONE', *, *, #1716, .F. ) ;
#8653 = FACE_OUTER_BOUND ( 'NONE', #8832, .T. ) ;
#8654 = LINE ( 'NONE', #7835, #9262 ) ;
#8655 = CARTESIAN_POINT ( 'NONE',  ( -0.06999986000000998909, 0.1800021800000000116, 0.0000000000000000000 ) ) ;
#8656 = SHAPE_DEFINITION_REPRESENTATION ( #3724, #703 ) ;
#8657 = DIRECTION ( 'NONE',  ( -1.000000000000000000, -0.0000000000000000000, 0.0000000000000000000 ) ) ;
#8658 = ORIENTED_EDGE ( 'NONE', *, *, #1648, .F. ) ;
#8659 = PRODUCT_DEFINITION ( 'UNKNOWN', '', #3173, #7024 ) ;
#8660 = COLOUR_RGB ( '',0.7529411764705882248, 0.7529411764705882248, 0.7529411764705882248 ) ;
#8661 = DIRECTION ( 'NONE',  ( 0.9805710950765932354, 0.1961640321269186582, 0.0000000000000000000 ) ) ;
#8662 = PRODUCT_DEFINITION_SHAPE ( 'NONE', 'NONE',  #4213 ) ;
#8663 = ORIENTED_EDGE ( 'NONE', *, *, #3582, .T. ) ;
#8664 = DIRECTION ( 'NONE',  ( -1.000000000000000000, 0.0000000000000000000, 0.0000000000000000000 ) ) ;
#8665 = DIRECTION ( 'NONE',  ( 1.000000000000000000, 0.0000000000000000000, 0.0000000000000000000 ) ) ;
#8666 = CARTESIAN_POINT ( 'NONE',  ( 0.005001260000000000427, -0.1799996399999999885, 0.01000000000000000021 ) ) ;
#8667 = CARTESIAN_POINT ( 'NONE',  ( 0.04999989999999997214, 0.2400020599999999893, 0.0000000000000000000 ) ) ;
#8668 = AXIS2_PLACEMENT_3D ( 'NONE', #3012, #5979, #1621 ) ;
#8669 = ADVANCED_FACE ( 'NONE', ( #3299 ), #9203, .T. ) ;
#8670 = LINE ( 'NONE', #2180, #8714 ) ;
#8671 = EDGE_CURVE ( 'NONE', #6575, #5948, #3893, .T. ) ;
#8672 = AXIS2_PLACEMENT_3D ( 'NONE', #7772, #3306, #1736 ) ;
#8673 = ORIENTED_EDGE ( 'NONE', *, *, #5902, .T. ) ;
#8674 = DIRECTION ( 'NONE',  ( 0.0000000000000000000, -0.0000000000000000000, -1.000000000000000000 ) ) ;
#8675 = SHAPE_REPRESENTATION_RELATIONSHIP ( 'NONE' , 'NONE' ,  #6840, #1755 ) ;
#8676 = VERTEX_POINT ( 'NONE', #273 ) ;
#8677 = CARTESIAN_POINT ( 'NONE',  ( 0.1350010000000013144, -0.09999725999999080350, 0.02000000000000000389 ) ) ;
#8678 = DIRECTION ( 'NONE',  ( 0.0000000000000000000, -0.0000000000000000000, -1.000000000000000000 ) ) ;
#8679 = ORIENTED_EDGE ( 'NONE', *, *, #5732, .T. ) ;
#8680 = ADVANCED_FACE ( 'NONE', ( #6862 ), #6221, .T. ) ;
#8681 = CARTESIAN_POINT ( 'NONE',  ( -0.1749983800000000089, 0.1499997000000000136, 0.0000000000000000000 ) ) ;
#8682 = APPLICATION_CONTEXT ( 'automotive_design' ) ;
#8683 = PLANE ( 'NONE',  #4577 ) ;
#8684 = EDGE_CURVE ( 'NONE', #3780, #4813, #8492, .T. ) ;
#8685 = CONTEXT_DEPENDENT_SHAPE_REPRESENTATION ( #6161, #6048 ) ;
#8686 = LINE ( 'NONE', #6701, #6654 ) ;
#8687 = ORIENTED_EDGE ( 'NONE', *, *, #5904, .F. ) ;
#8688 = CARTESIAN_POINT ( 'NONE',  ( 0.8500008399999999797, 0.6900011600000000023, 0.02000000000000000042 ) ) ;
#8689 = ORIENTED_EDGE ( 'NONE', *, *, #934, .F. ) ;
#8690 = DIRECTION ( 'NONE',  ( -0.3162277660171379789, 0.9486832980504138479, 0.0000000000000000000 ) ) ;
#8691 = EDGE_CURVE ( 'NONE', #7479, #7760, #8400, .T. ) ;
#8692 = DIRECTION ( 'NONE',  ( 0.9486832980505138790, 0.3162277660168379967, 0.0000000000000000000 ) ) ;
#8693 = ORIENTED_EDGE ( 'NONE', *, *, #8953, .T. ) ;
#8694 = DIRECTION ( 'NONE',  ( -0.3713906763541037215, -0.9284766908852593037, 0.0000000000000000000 ) ) ;
#8695 = EDGE_LOOP ( 'NONE', ( #7072, #6400, #7168, #3047 ) ) ;
#8696 = CARTESIAN_POINT ( 'NONE',  ( 0.05000244000000000216, -0.1649983999999999895, 0.0000000000000000000 ) ) ;
#8697 = CARTESIAN_POINT ( 'NONE',  ( 0.05000244000000007155, -0.1649983999999999895, 0.02000000000000000389 ) ) ;
#8698 = VECTOR ( 'NONE', #2752, 1000.000000000000000 ) ;
#8699 = DIRECTION ( 'NONE',  ( -0.0000000000000000000, -0.0000000000000000000, -1.000000000000000000 ) ) ;
#8700 = AXIS2_PLACEMENT_3D ( 'NONE', #5285, #3135, #6938 ) ;
#8701 = CARTESIAN_POINT ( 'NONE',  ( -0.02999994000001000166, -0.1599996800000000052, 0.0000000000000000000 ) ) ;
#8702 = ORIENTED_EDGE ( 'NONE', *, *, #7550, .F. ) ;
#8703 = CARTESIAN_POINT ( 'NONE',  ( -0.1699996599999999969, -0.03999738000000000598, 0.0000000000000000000 ) ) ;
#8704 = ORIENTED_EDGE ( 'NONE', *, *, #7615, .T. ) ;
#8705 = DIRECTION ( 'NONE',  ( 0.4472135954999579832, -0.8944271909999159664, 0.0000000000000000000 ) ) ;
#8706 = CARTESIAN_POINT ( 'NONE',  ( 1.519999499999999948, -2.495001359999999835, 0.01270000000000000122 ) ) ;
#8707 = ORIENTED_EDGE ( 'NONE', *, *, #6274, .F. ) ;
#8708 = PRODUCT_DEFINITION ( 'UNKNOWN', '', #2866, #4789 ) ;
#8709 = CARTESIAN_POINT ( 'NONE',  ( 0.1599996800000000052, -0.2099995800000000190, 0.0000000000000000000 ) ) ;
#8710 = VECTOR ( 'NONE', #3326, 1000.000000000000000 ) ;
#8711 = CARTESIAN_POINT ( 'NONE',  ( 0.8499982999999998734, -0.6499987000000014836, 0.0000000000000000000 ) ) ;
#8712 = VECTOR ( 'NONE', #1353, 1000.000000000000000 ) ;
#8713 = EDGE_CURVE ( 'NONE', #8383, #42, #3988, .T. ) ;
#8714 = VECTOR ( 'NONE', #594, 999.9999999999998863 ) ;
#8715 = VECTOR ( 'NONE', #6364, 1000.000000000000000 ) ;
#8716 = VERTEX_POINT ( 'NONE', #9153 ) ;
#8717 = DIRECTION ( 'NONE',  ( 0.0000000000000000000, -0.0000000000000000000, 1.000000000000000000 ) ) ;
#8718 = VERTEX_POINT ( 'NONE', #7195 ) ;
#8719 = EDGE_CURVE ( 'NONE', #7687, #5946, #3445, .T. ) ;
#8720 = DIRECTION ( 'NONE',  ( 0.8944271909999158554, -0.4472135954999579277, -0.0000000000000000000 ) ) ;
#8721 = DIRECTION ( 'NONE',  ( -0.7071067811865475727, -0.7071067811865475727, 0.0000000000000000000 ) ) ;
#8722 = ORIENTED_EDGE ( 'NONE', *, *, #44, .T. ) ;
#8723 = LINE ( 'NONE', #1477, #8862 ) ;
#8724 = LINE ( 'NONE', #8543, #5674 ) ;
#8725 = VECTOR ( 'NONE', #4025, 1000.000000000000000 ) ;
#8726 = LINE ( 'NONE', #8160, #5144 ) ;
#8727 = ADVANCED_FACE ( 'NONE', ( #5010 ), #2096, .T. ) ;
#8728 = EDGE_CURVE ( 'NONE', #9008, #8775, #7100, .T. ) ;
#8729 = DIRECTION ( 'NONE',  ( -1.000000000000000000, -0.0000000000000000000, 0.0000000000000000000 ) ) ;
#8730 = PRODUCT_DEFINITION_SHAPE ( 'NONE', 'NONE',  #9521 ) ;
#8731 = VERTEX_POINT ( 'NONE', #8590 ) ;
#8732 = UNCERTAINTY_MEASURE_WITH_UNIT (LENGTH_MEASURE( 1.000000000000000082E-05 ), #3496, 'distance_accuracy_value', 'NONE');
#8733 = DIRECTION ( 'NONE',  ( -0.5491778866608372223, 0.8357054797012741787, 0.0000000000000000000 ) ) ;
#8734 =( NAMED_UNIT ( * ) PLANE_ANGLE_UNIT ( ) SI_UNIT ( $, .RADIAN. ) );
#8735 = EDGE_LOOP ( 'NONE', ( #4793, #5400, #2074, #2622 ) ) ;
#8736 = ADVANCED_FACE ( 'NONE', ( #6556 ), #5642, .T. ) ;
#8737 = DIRECTION ( 'NONE',  ( 1.000000000000000000, 0.0000000000000000000, 0.0000000000000000000 ) ) ;
#8738 = CARTESIAN_POINT ( 'NONE',  ( -0.1499997000000000136, -0.1899996200000000079, 0.01000000000000000021 ) ) ;
#8739 = VECTOR ( 'NONE', #8598, 1000.000000000000000 ) ;
#8740 = PRODUCT_DEFINITION_SHAPE ( 'NONE', 'NONE',  #7080 ) ;
#8741 = PRODUCT_CONTEXT ( 'NONE', #1349, 'mechanical' ) ;
#8742 = MECHANICAL_DESIGN_GEOMETRIC_PRESENTATION_REPRESENTATION (  '', ( #5342 ), #5815 ) ;
#8743 = EDGE_CURVE ( 'NONE', #9442, #8574, #7245, .T. ) ;
#8744 = CARTESIAN_POINT ( 'NONE',  ( 0.1399997199999999109, 0.07500112000000029588, 0.02000000000000000389 ) ) ;
#8745 = ORIENTED_EDGE ( 'NONE', *, *, #9077, .F. ) ;
#8746 = DIRECTION ( 'NONE',  ( -0.9701425001453276575, -0.2425356250363500665, 0.0000000000000000000 ) ) ;
#8747 = VERTEX_POINT ( 'NONE', #2007 ) ;
#8748 = ADVANCED_FACE ( 'NONE', ( #1340 ), #5698, .T. ) ;
#8749 = LINE ( 'NONE', #2834, #8041 ) ;
#8750 = PRESENTATION_STYLE_ASSIGNMENT (( #1448 ) ) ;
#8751 = CARTESIAN_POINT ( 'NONE',  ( -0.8499983000000020938, -0.6500012400000015900, 0.0000000000000000000 ) ) ;
#8752 = CARTESIAN_POINT ( 'NONE',  ( -0.09999980000001000568, -0.009997440000006000207, 0.01000000000000000021 ) ) ;
#8753 = APPLICATION_CONTEXT ( 'automotive_design' ) ;
#8754 = VECTOR ( 'NONE', #9299, 1000.000000000000114 ) ;
#8755 = DIRECTION ( 'NONE',  ( 0.0000000000000000000, 0.0000000000000000000, -1.000000000000000000 ) ) ;
#8756 = ORIENTED_EDGE ( 'NONE', *, *, #5076, .F. ) ;
#8757 = FACE_OUTER_BOUND ( 'NONE', #5119, .T. ) ;
#8758 = VERTEX_POINT ( 'NONE', #1381 ) ;
#8759 = DIRECTION ( 'NONE',  ( -1.000000000000000000, -0.0000000000000000000, -0.0000000000000000000 ) ) ;
#8760 = VECTOR ( 'NONE', #626, 1000.000000000000000 ) ;
#8761 = ORIENTED_EDGE ( 'NONE', *, *, #3121, .F. ) ;
#8762 = CARTESIAN_POINT ( 'NONE',  ( 0.7200010999999999495, -0.8399983200000000760, 0.0000000000000000000 ) ) ;
#8763 = LINE ( 'NONE', #8045, #6879 ) ;
#8764 = EDGE_LOOP ( 'NONE', ( #2264, #5459, #9212, #5526 ) ) ;
#8765 = VERTEX_POINT ( 'NONE', #4317 ) ;
#8766 = CARTESIAN_POINT ( 'NONE',  ( 0.1500022400000000089, -0.1799996399999999885, 0.0000000000000000000 ) ) ;
#8767 = ORIENTED_EDGE ( 'NONE', *, *, #1417, .T. ) ;
#8768 = CARTESIAN_POINT ( 'NONE',  ( -0.1749983800000000089, 0.1499997000000000136, 0.0000000000000000000 ) ) ;
#8769 = CARTESIAN_POINT ( 'NONE',  ( -0.1399971799999999988, -0.08499855999998999490, 0.0000000000000000000 ) ) ;
#8770 = CARTESIAN_POINT ( 'NONE',  ( 0.03999992000000000825, -0.1599996800000000052, 0.0000000000000000000 ) ) ;
#8771 = DIRECTION ( 'NONE',  ( 0.8682508968550765038, -0.4961253673320437096, 0.0000000000000000000 ) ) ;
#8772 = CONTEXT_DEPENDENT_SHAPE_REPRESENTATION ( #1534, #4737 ) ;
#8773 = LINE ( 'NONE', #4375, #5290 ) ;
#8774 = PRODUCT_DEFINITION ( 'UNKNOWN', '', #3027, #7120 ) ;
#8775 = VERTEX_POINT ( 'NONE', #4912 ) ;
#8776 = CARTESIAN_POINT ( 'NONE',  ( -0.1249984799999978302, -0.1099997799999964249, 0.02000000000000000042 ) ) ;
#8777 = ADVANCED_BREP_SHAPE_REPRESENTATION ( '', ( #1472, #2951 ), #5576 ) ;
#8778 = ORIENTED_EDGE ( 'NONE', *, *, #1106, .T. ) ;
#8779 = CARTESIAN_POINT ( 'NONE',  ( 0.09999979999999000779, 0.01999995999999000171, 0.0000000000000000000 ) ) ;
#8780 = EDGE_LOOP ( 'NONE', ( #3092, #6916, #6155, #4821 ) ) ;
#8781 = PLANE ( 'NONE',  #521 ) ;
#8782 = EDGE_CURVE ( 'NONE', #7536, #6544, #5060, .T. ) ;
#8783 = EDGE_CURVE ( 'NONE', #1487, #3083, #651, .T. ) ;
#8784 = APPLICATION_PROTOCOL_DEFINITION ( 'draft international standard', 'automotive_design', 1998, #7098 ) ;
#8785 = ADVANCED_FACE ( 'NONE', ( #9479 ), #7865, .T. ) ;
#8786 = LINE ( 'NONE', #5804, #3764 ) ;
#8787 = ORIENTED_EDGE ( 'NONE', *, *, #5022, .T. ) ;
#8788 = CARTESIAN_POINT ( 'NONE',  ( -0.08999982000000207594, 0.2000021400000013827, 0.0000000000000000000 ) ) ;
#8789 = DIRECTION ( 'NONE',  ( 0.0000000000000000000, 0.0000000000000000000, 1.000000000000000000 ) ) ;
#8790 = ORIENTED_EDGE ( 'NONE', *, *, #9145, .T. ) ;
#8791 = FACE_OUTER_BOUND ( 'NONE', #5469, .T. ) ;
#8792 = DIRECTION ( 'NONE',  ( 0.0000000000000000000, 0.0000000000000000000, 1.000000000000000000 ) ) ;
#8793 = DIRECTION ( 'NONE',  ( 0.0000000000000000000, -1.000000000000000000, -0.0000000000000000000 ) ) ;
#8794 = AXIS2_PLACEMENT_3D ( 'NONE', #1910, #7718, #1777 ) ;
#8795 = ADVANCED_FACE ( 'NONE', ( #2769 ), #557, .T. ) ;
#8796 = FACE_OUTER_BOUND ( 'NONE', #8233, .T. ) ;
#8797 = VERTEX_POINT ( 'NONE', #451 ) ;
#8798 = VECTOR ( 'NONE', #4454, 1000.000000000000000 ) ;
#8799 = EDGE_CURVE ( 'NONE', #8101, #4174, #9343, .T. ) ;
#8800 = VERTEX_POINT ( 'NONE', #3394 ) ;
#8801 = CARTESIAN_POINT ( 'NONE',  ( -0.1499997000000000136, -0.1749983800000000089, 0.0000000000000000000 ) ) ;
#8802 = APPLICATION_CONTEXT ( 'automotive_design' ) ;
#8803 = AXIS2_PLACEMENT_3D ( 'NONE', #2884, #6487, #5857 ) ;
#8804 = ORIENTED_EDGE ( 'NONE', *, *, #3062, .T. ) ;
#8805 = DIRECTION ( 'NONE',  ( -0.0000000000000000000, 1.000000000000000000, 0.0000000000000000000 ) ) ;
#8806 = EDGE_CURVE ( 'NONE', #4887, #4258, #3501, .T. ) ;
#8807 =( REPRESENTATION_RELATIONSHIP ('NONE','NONE', #2919, #1333 ) REPRESENTATION_RELATIONSHIP_WITH_TRANSFORMATION ( #2102 )SHAPE_REPRESENTATION_RELATIONSHIP( ) );
#8808 = DIRECTION ( 'NONE',  ( 0.7070843308577599018, -0.7071292308025697304, 0.0000000000000000000 ) ) ;
#8809 =( GEOMETRIC_REPRESENTATION_CONTEXT ( 3 ) GLOBAL_UNCERTAINTY_ASSIGNED_CONTEXT ( ( #7957 ) ) GLOBAL_UNIT_ASSIGNED_CONTEXT ( ( #6464, #6414, #7910 ) ) REPRESENTATION_CONTEXT ( 'NONE', 'WORKASPACE' ) );
#8810 = VERTEX_POINT ( 'NONE', #9296 ) ;
#8811 = ORIENTED_EDGE ( 'NONE', *, *, #3721, .T. ) ;
#8812 =( GEOMETRIC_REPRESENTATION_CONTEXT ( 3 ) GLOBAL_UNCERTAINTY_ASSIGNED_CONTEXT ( ( #5637 ) ) GLOBAL_UNIT_ASSIGNED_CONTEXT ( ( #7330, #2236, #8239 ) ) REPRESENTATION_CONTEXT ( 'NONE', 'WORKASPACE' ) );
#8813 = DIRECTION ( 'NONE',  ( 0.0000000000000000000, -0.0000000000000000000, -1.000000000000000000 ) ) ;
#8814 = CARTESIAN_POINT ( 'NONE',  ( -0.1200023000000000201, 0.1150010399999999988, 0.02000000000000000042 ) ) ;
#8815 = PRODUCT_DEFINITION_SHAPE ( 'NONE', 'NONE',  #9356 ) ;
#8816 = DIRECTION ( 'NONE',  ( -1.000000000000000000, 0.0000000000000000000, 0.0000000000000000000 ) ) ;
#8817 = CARTESIAN_POINT ( 'NONE',  ( -0.1149985000000025015, 0.1300022799999983880, 0.01000000000000000021 ) ) ;
#8818 = DIRECTION ( 'NONE',  ( 0.4472135954999579277, 0.8944271909999158554, 0.0000000000000000000 ) ) ;
#8819 = AXIS2_PLACEMENT_3D ( 'NONE', #2715, #1275, #3378 ) ;
#8820 = CARTESIAN_POINT ( 'NONE',  ( -0.1499997000000000136, -0.1749983800000000089, 0.0000000000000000000 ) ) ;
#8821 = DIRECTION ( 'NONE',  ( 1.000000000000000000, 0.0000000000000000000, 0.0000000000000000000 ) ) ;
#8822 = ORIENTED_EDGE ( 'NONE', *, *, #1106, .F. ) ;
#8823 = CARTESIAN_POINT ( 'NONE',  ( 0.1199997600000000247, 0.1150010399999999849, 0.02000000000000000389 ) ) ;
#8824 = VERTEX_POINT ( 'NONE', #2675 ) ;
#8825 = FACE_OUTER_BOUND ( 'NONE', #6682, .T. ) ;
#8826 = VECTOR ( 'NONE', #3866, 1000.000000000000000 ) ;
#8827 = EDGE_LOOP ( 'NONE', ( #623, #5847, #8473, #2149 ) ) ;
#8828 = FACE_OUTER_BOUND ( 'NONE', #1676, .T. ) ;
#8829 = PRODUCT_CONTEXT ( 'NONE', #834, 'mechanical' ) ;
#8830 = VECTOR ( 'NONE', #8971, 1000.000000000000114 ) ;
#8831 = LINE ( 'NONE', #3072, #5912 ) ;
#8832 = EDGE_LOOP ( 'NONE', ( #3128, #2556, #4184, #1282 ) ) ;
#8833 = CARTESIAN_POINT ( 'NONE',  ( -0.08999982000001559290, 0.2200021000000125238, 0.0000000000000000000 ) ) ;
#8834 = AXIS2_PLACEMENT_3D ( 'NONE', #3152, #124, #9051 ) ;
#8835 = EDGE_CURVE ( 'NONE', #9129, #2068, #2811, .T. ) ;
#8836 =( LENGTH_UNIT ( ) NAMED_UNIT ( * ) SI_UNIT ( .MILLI., .METRE. ) );
#8837 = ORIENTED_EDGE ( 'NONE', *, *, #2872, .T. ) ;
#8838 = CARTESIAN_POINT ( 'NONE',  ( -0.2000000000000000111, 0.0000000000000000000, 0.01000000000000000021 ) ) ;
#8839 = PLANE ( 'NONE',  #9396 ) ;
#8840 =( NAMED_UNIT ( * ) PLANE_ANGLE_UNIT ( ) SI_UNIT ( $, .RADIAN. ) );
#8841 = EDGE_CURVE ( 'NONE', #7895, #483, #7913, .T. ) ;
#8842 = CARTESIAN_POINT ( 'NONE',  ( -0.08499856000000000078, 0.2000021399999999949, 0.01000000000000000021 ) ) ;
#8843 = ORIENTED_EDGE ( 'NONE', *, *, #1195, .T. ) ;
#8844 = FACE_OUTER_BOUND ( 'NONE', #8735, .T. ) ;
#8845 = ORIENTED_EDGE ( 'NONE', *, *, #5041, .F. ) ;
#8846 = VECTOR ( 'NONE', #7604, 1000.000000000000227 ) ;
#8847 = CARTESIAN_POINT ( 'NONE',  ( 0.1150010399999999988, -0.2199995600000000107, 0.0000000000000000000 ) ) ;
#8848 = EDGE_CURVE ( 'NONE', #5348, #6884, #4220, .T. ) ;
#8849 = VECTOR ( 'NONE', #8937, 1000.000000000000000 ) ;
#8850 =( NAMED_UNIT ( * ) SI_UNIT ( $, .STERADIAN. ) SOLID_ANGLE_UNIT ( ) );
#8851 = ORIENTED_EDGE ( 'NONE', *, *, #2294, .T. ) ;
#8852 = ADVANCED_FACE ( 'NONE', ( #2375 ), #161, .T. ) ;
#8853 = CARTESIAN_POINT ( 'NONE',  ( -0.6500012400000000357, 0.8499982999999999844, 0.02000000000000000042 ) ) ;
#8854 = DIRECTION ( 'NONE',  ( 0.6246950475541803716, -0.7808688094432254534, 0.0000000000000000000 ) ) ;
#8855 = VECTOR ( 'NONE', #6094, 1000.000000000000000 ) ;
#8856 = ORIENTED_EDGE ( 'NONE', *, *, #8975, .F. ) ;
#8857 = OPEN_SHELL ( 'NONE', ( #7995 ) ) ;
#8858 = LINE ( 'NONE', #5002, #1900 ) ;
#8859 = EDGE_CURVE ( 'NONE', #3662, #2639, #8866, .T. ) ;
#8860 = ORIENTED_EDGE ( 'NONE', *, *, #1927, .F. ) ;
#8861 = DIRECTION ( 'NONE',  ( 0.9615239476409362940, -0.2747211278969818316, 0.0000000000000000000 ) ) ;
#8862 = VECTOR ( 'NONE', #697, 999.9999999999998863 ) ;
#8863 = ORIENTED_EDGE ( 'NONE', *, *, #7106, .T. ) ;
#8864 = AXIS2_PLACEMENT_3D ( 'NONE', #2198, #8878, #7298 ) ;
#8865 = DIRECTION ( 'NONE',  ( 0.0000000000000000000, 0.0000000000000000000, -1.000000000000000000 ) ) ;
#8866 = LINE ( 'NONE', #3835, #179 ) ;
#8867 = PLANE ( 'NONE',  #6712 ) ;
#8868 = FACE_OUTER_BOUND ( 'NONE', #1363, .T. ) ;
#8869 = VECTOR ( 'NONE', #2035, 1000.000000000000000 ) ;
#8870 = ITEM_DEFINED_TRANSFORMATION ( 'NONE', 'NONE', #2775,  #2951 ) ;
#8871 = CARTESIAN_POINT ( 'NONE',  ( -0.1499997000000000136, -0.2199995600000000107, 0.01000000000000000021 ) ) ;
#8872 = AXIS2_PLACEMENT_3D ( 'NONE', #6847, #9091, #1620 ) ;
#8873 = APPLICATION_CONTEXT ( 'automotive_design' ) ;
#8874 = ORIENTED_EDGE ( 'NONE', *, *, #2703, .F. ) ;
#8875 = CARTESIAN_POINT ( 'NONE',  ( -0.09499854000000999832, 0.1200023000000000201, 0.0000000000000000000 ) ) ;
#8876 =( LENGTH_UNIT ( ) NAMED_UNIT ( * ) SI_UNIT ( .MILLI., .METRE. ) );
#8877 = ORIENTED_EDGE ( 'NONE', *, *, #4467, .T. ) ;
#8878 = DIRECTION ( 'NONE',  ( -0.0000000000000000000, 1.000000000000000000, 0.0000000000000000000 ) ) ;
#8879 = ORIENTED_EDGE ( 'NONE', *, *, #2168, .F. ) ;
#8880 = CARTESIAN_POINT ( 'NONE',  ( 0.09500107999998999575, -0.1999996000000000274, 0.01000000000000000021 ) ) ;
#8881 = COLOUR_RGB ( '',1.000000000000000000, 1.000000000000000000, 1.000000000000000000 ) ;
#8882 = PRODUCT_CONTEXT ( 'NONE', #7279, 'mechanical' ) ;
#8883 = DIRECTION ( 'NONE',  ( 0.0000000000000000000, 1.000000000000000000, -0.0000000000000000000 ) ) ;
#8884 = VECTOR ( 'NONE', #453, 1000.000000000000114 ) ;
#8885 = ORIENTED_EDGE ( 'NONE', *, *, #5721, .T. ) ;
#8886 = CARTESIAN_POINT ( 'NONE',  ( -0.02999993999999999925, 0.1800021800000000394, 0.01000000000000000368 ) ) ;
#8887 = DIRECTION ( 'NONE',  ( 1.000000000000000000, 0.0000000000000000000, 0.0000000000000000000 ) ) ;
#8888 = ORIENTED_EDGE ( 'NONE', *, *, #5445, .F. ) ;
#8889 = VECTOR ( 'NONE', #1745, 1000.000000000000227 ) ;
#8890 = PLANE ( 'NONE',  #4632 ) ;
#8891 = CARTESIAN_POINT ( 'NONE',  ( -0.02999994000002736971, -0.1599996800000047514, 0.0000000000000000000 ) ) ;
#8892 = LINE ( 'NONE', #2268, #5562 ) ;
#8893 = PRODUCT_DEFINITION_SHAPE ( 'NONE', 'NONE',  #9538 ) ;
#8894 = DIRECTION ( 'NONE',  ( 0.0000000000000000000, -1.000000000000000000, -0.0000000000000000000 ) ) ;
#8895 = VECTOR ( 'NONE', #6672, 1000.000000000000000 ) ;
#8896 = CARTESIAN_POINT ( 'NONE',  ( -0.1699996599999999969, 0.07000240000000999829, 0.0000000000000000000 ) ) ;
#8897 = EDGE_CURVE ( 'NONE', #2915, #974, #5248, .T. ) ;
#8898 = PRODUCT ( 'User Library-QFN-20', 'User Library-QFN-20', '', ( #3225 ) ) ;
#8899 = ORIENTED_EDGE ( 'NONE', *, *, #2935, .T. ) ;
#8900 = AXIS2_PLACEMENT_3D ( 'NONE', #8090, #1459, #680 ) ;
#8901 = DIRECTION ( 'NONE',  ( -0.9761870601838822381, -0.2169304578189737986, 0.0000000000000000000 ) ) ;
#8902 = AXIS2_PLACEMENT_3D ( 'NONE', #6560, #698, #6753 ) ;
#8903 =( LENGTH_UNIT ( ) NAMED_UNIT ( * ) SI_UNIT ( .MILLI., .METRE. ) );
#8904 = ORIENTED_EDGE ( 'NONE', *, *, #2889, .T. ) ;
#8905 = DIRECTION ( 'NONE',  ( 0.2425356250360976851, 0.9701425001453907182, 0.0000000000000000000 ) ) ;
#8906 = LINE ( 'NONE', #6834, #5624 ) ;
#8907 = PRODUCT_DEFINITION_FORMATION_WITH_SPECIFIED_SOURCE ( 'ANY', '', #9487, .NOT_KNOWN. ) ;
#8908 = ORIENTED_EDGE ( 'NONE', *, *, #5491, .T. ) ;
#8909 = EDGE_CURVE ( 'NONE', #7595, #4258, #4459, .T. ) ;
#8910 = VECTOR ( 'NONE', #7804, 1000.000000000000000 ) ;
#8911 = CARTESIAN_POINT ( 'NONE',  ( 0.04999989999999999296, 0.2200021000000000337, 0.01000000000000000194 ) ) ;
#8912 = CARTESIAN_POINT ( 'NONE',  ( -0.7599984800000000318, -0.8199983600000000372, 0.02000000000000000042 ) ) ;
#8913 = ORIENTED_EDGE ( 'NONE', *, *, #5732, .F. ) ;
#8914 = LINE ( 'NONE', #2288, #2309 ) ;
#8915 = VERTEX_POINT ( 'NONE', #1476 ) ;
#8916 = PLANE ( 'NONE',  #2693 ) ;
#8917 = PLANE ( 'NONE',  #8668 ) ;
#8918 = LINE ( 'NONE', #5443, #3777 ) ;
#8919 = FACE_OUTER_BOUND ( 'NONE', #4762, .T. ) ;
#8920 = ADVANCED_FACE ( 'NONE', ( #7384 ), #1530, .T. ) ;
#8921 = DIRECTION ( 'NONE',  ( 1.000000000000000000, 0.0000000000000000000, 0.0000000000000000000 ) ) ;
#8922 = SHAPE_REPRESENTATION ( 'User Library-QFN-20_479706577', ( #8340, #3690 ), #2610 ) ;
#8923 = ORIENTED_EDGE ( 'NONE', *, *, #2343, .T. ) ;
#8924 = LINE ( 'NONE', #8961, #5196 ) ;
#8925 = DIRECTION ( 'NONE',  ( 0.0000000000000000000, 0.0000000000000000000, 1.000000000000000000 ) ) ;
#8926 = VERTEX_POINT ( 'NONE', #2188 ) ;
#8927 = CARTESIAN_POINT ( 'NONE',  ( -0.09999980000001000568, -0.2199995600000000107, 0.01000000000000000021 ) ) ;
#8928 = VERTEX_POINT ( 'NONE', #6698 ) ;
#8929 = LINE ( 'NONE', #8880, #1617 ) ;
#8930 = APPLICATION_PROTOCOL_DEFINITION ( 'draft international standard', 'automotive_design', 1998, #5608 ) ;
#8931 = APPLICATION_CONTEXT ( 'automotive_design' ) ;
#8932 = DIRECTION ( 'NONE',  ( 0.0000000000000000000, -0.0000000000000000000, -1.000000000000000000 ) ) ;
#8933 = EDGE_LOOP ( 'NONE', ( #3974, #5301, #4408, #4423 ) ) ;
#8934 = ORIENTED_EDGE ( 'NONE', *, *, #1164, .T. ) ;
#8935 = CARTESIAN_POINT ( 'NONE',  ( 0.1150010399999999988, 0.2200021000000000060, 0.01000000000000000021 ) ) ;
#8936 = CARTESIAN_POINT ( 'NONE',  ( -0.1249984799999978302, -0.1099997799999964110, 0.0000000000000000000 ) ) ;
#8937 = DIRECTION ( 'NONE',  ( 1.000000000000000000, 0.0000000000000000000, 0.0000000000000000000 ) ) ;
#8938 = DIRECTION ( 'NONE',  ( 8.466683559676996447E-05, -0.9999999964157634258, 0.0000000000000000000 ) ) ;
#8939 = ORIENTED_EDGE ( 'NONE', *, *, #688, .T. ) ;
#8940 = PLANE ( 'NONE',  #1328 ) ;
#8941 = COLOUR_RGB ( '',0.7529411764705882248, 0.7529411764705882248, 0.7529411764705882248 ) ;
#8942 = VERTEX_POINT ( 'NONE', #2239 ) ;
#8943 = DIRECTION ( 'NONE',  ( 0.7071067811865474617, 0.7071067811865474617, 0.0000000000000000000 ) ) ;
#8944 = VECTOR ( 'NONE', #3785, 1000.000000000000000 ) ;
#8945 = DIRECTION ( 'NONE',  ( -0.0000000000000000000, 0.0000000000000000000, -1.000000000000000000 ) ) ;
#8946 = PRODUCT_RELATED_PRODUCT_CATEGORY ( 'part', '', ( #7367 ) ) ;
#8947 = EDGE_LOOP ( 'NONE', ( #80, #2767, #3775, #4456 ) ) ;
#8948 =( GEOMETRIC_REPRESENTATION_CONTEXT ( 3 ) GLOBAL_UNCERTAINTY_ASSIGNED_CONTEXT ( ( #4664 ) ) GLOBAL_UNIT_ASSIGNED_CONTEXT ( ( #9399, #8734, #3512 ) ) REPRESENTATION_CONTEXT ( 'NONE', 'WORKASPACE' ) );
#8949 = CARTESIAN_POINT ( 'NONE',  ( -0.8499982999999999844, 0.6500012400000000357, 0.0000000000000000000 ) ) ;
#8950 = DIRECTION ( 'NONE',  ( -0.7070888208669596775, 0.7071247410499597041, 0.0000000000000000000 ) ) ;
#8951 = VECTOR ( 'NONE', #7496, 1000.000000000000000 ) ;
#8952 = PLANE ( 'NONE',  #303 ) ;
#8953 = EDGE_CURVE ( 'NONE', #6703, #8810, #120, .T. ) ;
#8954 = VERTEX_POINT ( 'NONE', #71 ) ;
#8955 =( LENGTH_UNIT ( ) NAMED_UNIT ( * ) SI_UNIT ( .MILLI., .METRE. ) );
#8956 = DIRECTION ( 'NONE',  ( 0.0000000000000000000, 0.0000000000000000000, 1.000000000000000000 ) ) ;
#8957 = ADVANCED_FACE ( 'NONE', ( #743 ), #8917, .T. ) ;
#8958 = DIRECTION ( 'NONE',  ( -0.0000000000000000000, -0.0000000000000000000, -1.000000000000000000 ) ) ;
#8959 = CARTESIAN_POINT ( 'NONE',  ( 0.1050010599999949973, -0.1299971999999950112, 0.0000000000000000000 ) ) ;
#8960 = PRODUCT_DEFINITION_SHAPE ( 'NONE', 'NONE',  #9540 ) ;
#8961 = CARTESIAN_POINT ( 'NONE',  ( -0.05999988000001538202, -0.1499997000000054259, 0.0000000000000000000 ) ) ;
#8962 = EDGE_CURVE ( 'NONE', #6931, #2591, #8198, .T. ) ;
#8963 = ORIENTED_EDGE ( 'NONE', *, *, #8225, .T. ) ;
#8964 = LINE ( 'NONE', #2344, #3145 ) ;
#8965 = EDGE_LOOP ( 'NONE', ( #8939, #3087, #89, #6395 ) ) ;
#8966 = LINE ( 'NONE', #5304, #7030 ) ;
#8967 = EDGE_CURVE ( 'NONE', #5380, #5899, #6751, .T. ) ;
#8968 = VECTOR ( 'NONE', #1611, 1000.000000000000000 ) ;
#8969 = SHAPE_REPRESENTATION ( 'User Library-QFN-20_Board1', ( #2951 ), #4728 ) ;
#8970 = ITEM_DEFINED_TRANSFORMATION ( 'NONE', 'NONE', #6122,  #6187 ) ;
#8971 = DIRECTION ( 'NONE',  ( 0.7071067811865474617, 0.7071067811865474617, 0.0000000000000000000 ) ) ;
#8972 = ORIENTED_EDGE ( 'NONE', *, *, #810, .T. ) ;
#8973 = AXIS2_PLACEMENT_3D ( 'NONE', #6297, #9225, #5572 ) ;
#8974 = LINE ( 'NONE', #902, #2100 ) ;
#8975 = EDGE_CURVE ( 'NONE', #9327, #512, #6796, .T. ) ;
#8976 = ORIENTED_EDGE ( 'NONE', *, *, #1495, .F. ) ;
#8977 = LINE ( 'NONE', #954, #3383 ) ;
#8978 = DIRECTION ( 'NONE',  ( 0.3162277660168337778, 0.9486832980505151003, 0.0000000000000000000 ) ) ;
#8979 = CARTESIAN_POINT ( 'NONE',  ( 0.1199997600000000525, 0.04000245999999895580, 0.01000000000000000194 ) ) ;
#8980 = PLANE ( 'NONE',  #2666 ) ;
#8981 = AXIS2_PLACEMENT_3D ( 'NONE', #266, #8921, #8344 ) ;
#8982 =( REPRESENTATION_RELATIONSHIP ('NONE','NONE', #168, #6479 ) REPRESENTATION_RELATIONSHIP_WITH_TRANSFORMATION ( #4323 )SHAPE_REPRESENTATION_RELATIONSHIP( ) );
#8983 = LINE ( 'NONE', #8271, #9156 ) ;
#8984 = EDGE_LOOP ( 'NONE', ( #2208, #9140, #7729 ) ) ;
#8985 = PLANE ( 'NONE',  #8585 ) ;
#8986 = PRODUCT_CONTEXT ( 'NONE', #8802, 'mechanical' ) ;
#8987 = EDGE_LOOP ( 'NONE', ( #8145, #4150, #3833, #8378 ) ) ;
#8988 = DIRECTION ( 'NONE',  ( -1.000000000000000000, -0.0000000000000000000, 0.0000000000000000000 ) ) ;
#8989 = ORIENTED_EDGE ( 'NONE', *, *, #4785, .F. ) ;
#8990 = LINE ( 'NONE', #2367, #5770 ) ;
#8991 = CARTESIAN_POINT ( 'NONE',  ( -0.08999981999999731586, 0.1450009799999973370, 0.02000000000000000389 ) ) ;
#8992 = LINE ( 'NONE', #302, #157 ) ;
#8993 = CARTESIAN_POINT ( 'NONE',  ( 0.0000000000000000000, 0.0000000000000000000, 0.0000000000000000000 ) ) ;
#8994 = EDGE_LOOP ( 'NONE', ( #2779, #7147, #7027, #4315 ) ) ;
#8995 = DIRECTION ( 'NONE',  ( -1.000000000000000000, 0.0000000000000000000, -0.0000000000000000000 ) ) ;
#8996 = CARTESIAN_POINT ( 'NONE',  ( -0.09999980000001000568, -0.01999996000001000307, 0.0000000000000000000 ) ) ;
#8997 = AXIS2_PLACEMENT_3D ( 'NONE', #87, #8170, #7400 ) ;
#8998 = DIRECTION ( 'NONE',  ( 1.000000000000000000, 0.0000000000000000000, -0.0000000000000000000 ) ) ;
#8999 = VECTOR ( 'NONE', #8657, 1000.000000000000000 ) ;
#9000 = FACE_OUTER_BOUND ( 'NONE', #8987, .T. ) ;
#9001 = PLANE ( 'NONE',  #655 ) ;
#9002 = ADVANCED_FACE ( 'NONE', ( #2291 ), #1572, .T. ) ;
#9003 = ORIENTED_EDGE ( 'NONE', *, *, #4349, .T. ) ;
#9004 = UNCERTAINTY_MEASURE_WITH_UNIT (LENGTH_MEASURE( 1.000000000000000082E-05 ), #2963, 'distance_accuracy_value', 'NONE');
#9005 = DIRECTION ( 'NONE',  ( 0.0000000000000000000, -1.000000000000000000, -0.0000000000000000000 ) ) ;
#9006 = ORIENTED_EDGE ( 'NONE', *, *, #4646, .F. ) ;
#9007 = CARTESIAN_POINT ( 'NONE',  ( -0.09999980000002933744, -0.1099972400000072403, 0.0000000000000000000 ) ) ;
#9008 = VERTEX_POINT ( 'NONE', #7472 ) ;
#9009 = PLANE ( 'NONE',  #5942 ) ;
#9010 = VECTOR ( 'NONE', #945, 1000.000000000000000 ) ;
#9011 = AXIS2_PLACEMENT_3D ( 'NONE', #9104, #4519, #896 ) ;
#9012 = EDGE_CURVE ( 'NONE', #172, #974, #3790, .T. ) ;
#9013 = EDGE_CURVE ( 'NONE', #4798, #3919, #695, .T. ) ;
#9014 = PLANE ( 'NONE',  #8997 ) ;
#9015 = EDGE_CURVE ( 'NONE', #6236, #193, #2902, .T. ) ;
#9016 = ORIENTED_EDGE ( 'NONE', *, *, #5148, .F. ) ;
#9017 = DIRECTION ( 'NONE',  ( -0.7071067811865474617, 0.7071067811865474617, 0.0000000000000000000 ) ) ;
#9018 =( NAMED_UNIT ( * ) SI_UNIT ( $, .STERADIAN. ) SOLID_ANGLE_UNIT ( ) );
#9019 = ORIENTED_EDGE ( 'NONE', *, *, #6732, .F. ) ;
#9020 = AXIS2_PLACEMENT_3D ( 'NONE', #1758, #3056, #207 ) ;
#9021 = DIRECTION ( 'NONE',  ( -0.9486832980505138790, 0.3162277660168378857, 0.0000000000000000000 ) ) ;
#9022 = DIRECTION ( 'NONE',  ( 1.000000000000000000, 0.0000000000000000000, -0.0000000000000000000 ) ) ;
#9023 = CARTESIAN_POINT ( 'NONE',  ( 0.1399997200000000219, 0.07500112000000003221, 0.0000000000000000000 ) ) ;
#9024 = DIRECTION ( 'NONE',  ( 0.0000000000000000000, 0.0000000000000000000, 1.000000000000000000 ) ) ;
#9025 = EDGE_CURVE ( 'NONE', #5918, #6403, #3239, .T. ) ;
#9026 = CARTESIAN_POINT ( 'NONE',  ( 0.8400008599999948533, -0.7099985799999994907, 0.0000000000000000000 ) ) ;
#9027 = VECTOR ( 'NONE', #1416, 1000.000000000000000 ) ;
#9028 = EDGE_CURVE ( 'NONE', #2637, #7773, #1759, .T. ) ;
#9029 = ORIENTED_EDGE ( 'NONE', *, *, #4881, .F. ) ;
#9030 = DIRECTION ( 'NONE',  ( 0.2169304578189737986, -0.9761870601838822381, 0.0000000000000000000 ) ) ;
#9031 = DIRECTION ( 'NONE',  ( 1.000000000000000000, 0.0000000000000000000, 0.0000000000000000000 ) ) ;
#9032 = APPLICATION_PROTOCOL_DEFINITION ( 'draft international standard', 'automotive_design', 1998, #8319 ) ;
#9033 = ORIENTED_EDGE ( 'NONE', *, *, #3340, .T. ) ;
#9034 = CARTESIAN_POINT ( 'NONE',  ( -0.02999994000000000618, 0.1800021800000000394, 0.0000000000000000000 ) ) ;
#9035 = VECTOR ( 'NONE', #7109, 1000.000000000000000 ) ;
#9036 = LINE ( 'NONE', #3917, #8089 ) ;
#9037 = VECTOR ( 'NONE', #563, 1000.000000000000000 ) ;
#9038 = ORIENTED_EDGE ( 'NONE', *, *, #4019, .T. ) ;
#9039 = ADVANCED_FACE ( 'NONE', ( #4026 ), #397, .T. ) ;
#9040 = CARTESIAN_POINT ( 'NONE',  ( 0.1399997200000242803, -0.1299997399999878733, 0.0000000000000000000 ) ) ;
#9041 = DIRECTION ( 'NONE',  ( 0.9805902541527398153, -0.1960682367459480047, 0.0000000000000000000 ) ) ;
#9042 = DIRECTION ( 'NONE',  ( 0.2425356250363329691, 0.9701425001453318764, 0.0000000000000000000 ) ) ;
#9043 = ORIENTED_EDGE ( 'NONE', *, *, #8167, .F. ) ;
#9044 = CARTESIAN_POINT ( 'NONE',  ( 0.0000000000000000000, 0.2400020599999999893, 0.01000000000000000021 ) ) ;
#9045 = VECTOR ( 'NONE', #6421, 1000.000000000000000 ) ;
#9046 = DIRECTION ( 'NONE',  ( -0.7071067811865474617, 0.7071067811865474617, 0.0000000000000000000 ) ) ;
#9047 = LINE ( 'NONE', #8437, #7186 ) ;
#9048 =( REPRESENTATION_RELATIONSHIP ('NONE','NONE', #5544, #6962 ) REPRESENTATION_RELATIONSHIP_WITH_TRANSFORMATION ( #6040 )SHAPE_REPRESENTATION_RELATIONSHIP( ) );
#9049 = CARTESIAN_POINT ( 'NONE',  ( 0.1399997199999999942, -0.1299997400000000025, 0.0000000000000000000 ) ) ;
#9050 = MECHANICAL_DESIGN_GEOMETRIC_PRESENTATION_REPRESENTATION (  '', ( #7832 ), #264 ) ;
#9051 = DIRECTION ( 'NONE',  ( 0.0000000000000000000, -0.0000000000000000000, -1.000000000000000000 ) ) ;
#9052 = ORIENTED_EDGE ( 'NONE', *, *, #8258, .F. ) ;
#9053 = CARTESIAN_POINT ( 'NONE',  ( -0.1499971600000047367, -0.05499862000000743656, 0.02000000000000001776 ) ) ;
#9054 = VECTOR ( 'NONE', #3035, 1000.000000000000000 ) ;
#9055 = EDGE_LOOP ( 'NONE', ( #3237, #5873, #3076, #3144 ) ) ;
#9056 = CARTESIAN_POINT ( 'NONE',  ( 0.08999981999999999427, 0.2000021399999999949, 0.01000000000000000368 ) ) ;
#9057 = DIRECTION ( 'NONE',  ( 0.2747211278969818316, -0.9615239476409362940, 0.0000000000000000000 ) ) ;
#9058 = ORIENTED_EDGE ( 'NONE', *, *, #5720, .T. ) ;
#9059 = CARTESIAN_POINT ( 'NONE',  ( 0.1599996800000000052, 0.1300022800000000256, 0.0000000000000000000 ) ) ;
#9060 = PRODUCT_RELATED_PRODUCT_CATEGORY ( 'part', '', ( #636 ) ) ;
#9061 = LINE ( 'NONE', #3210, #1645 ) ;
#9062 = ORIENTED_EDGE ( 'NONE', *, *, #5084, .F. ) ;
#9063 = SURFACE_STYLE_FILL_AREA ( #3950 ) ;
#9064 = ORIENTED_EDGE ( 'NONE', *, *, #6800, .T. ) ;
#9065 = CARTESIAN_POINT ( 'NONE',  ( -0.6500012400000000357, 0.8499982999999999844, 0.0000000000000000000 ) ) ;
#9066 = EDGE_CURVE ( 'NONE', #7997, #1849, #7610, .T. ) ;
#9067 = ADVANCED_FACE ( 'NONE', ( #3976 ), #976, .T. ) ;
#9068 = CARTESIAN_POINT ( 'NONE',  ( -0.09999980000001000568, -0.01999996000000999960, 0.0000000000000000000 ) ) ;
#9069 = DIRECTION ( 'NONE',  ( 0.4472135954999579832, 0.8944271909999159664, 0.0000000000000000000 ) ) ;
#9070 = ADVANCED_FACE ( 'NONE', ( #4606 ), #2520, .T. ) ;
#9071 = DIRECTION ( 'NONE',  ( -0.8944271909999158554, -0.4472135954999579277, 0.0000000000000000000 ) ) ;
#9072 = VERTEX_POINT ( 'NONE', #930 ) ;
#9073 = LINE ( 'NONE', #3726, #1011 ) ;
#9074 = ORIENTED_EDGE ( 'NONE', *, *, #6435, .F. ) ;
#9075 = DIRECTION ( 'NONE',  ( 0.0000000000000000000, 1.000000000000000000, -0.0000000000000000000 ) ) ;
#9076 = APPLICATION_PROTOCOL_DEFINITION ( 'draft international standard', 'automotive_design', 1998, #7698 ) ;
#9077 = EDGE_CURVE ( 'NONE', #193, #5421, #3879, .T. ) ;
#9078 = LINE ( 'NONE', #6241, #645 ) ;
#9079 = DIRECTION ( 'NONE',  ( -0.7071067811865474617, 0.7071067811865474617, 0.0000000000000000000 ) ) ;
#9080 = ADVANCED_FACE ( 'NONE', ( #261 ), #3195, .T. ) ;
#9081 = ORIENTED_EDGE ( 'NONE', *, *, #1579, .T. ) ;
#9082 = CARTESIAN_POINT ( 'NONE',  ( -0.1349984600000000423, 0.09999979999999000779, 0.0000000000000000000 ) ) ;
#9083 =( GEOMETRIC_REPRESENTATION_CONTEXT ( 3 ) GLOBAL_UNCERTAINTY_ASSIGNED_CONTEXT ( ( #2735 ) ) GLOBAL_UNIT_ASSIGNED_CONTEXT ( ( #3386, #492, #7859 ) ) REPRESENTATION_CONTEXT ( 'NONE', 'WORKASPACE' ) );
#9084 = SURFACE_STYLE_FILL_AREA ( #6893 ) ;
#9085 = DIRECTION ( 'NONE',  ( 0.0000000000000000000, 0.0000000000000000000, 1.000000000000000000 ) ) ;
#9086 = CARTESIAN_POINT ( 'NONE',  ( 0.1400022599999999895, 0.08000238000000001182, 0.01000000000000000194 ) ) ;
#9087 =( NAMED_UNIT ( * ) SI_UNIT ( $, .STERADIAN. ) SOLID_ANGLE_UNIT ( ) );
#9088 = VECTOR ( 'NONE', #4171, 1000.000000000000000 ) ;
#9089 = ADVANCED_FACE ( 'NONE', ( #1854 ), #3147, .T. ) ;
#9090 = ORIENTED_EDGE ( 'NONE', *, *, #4354, .T. ) ;
#9091 = DIRECTION ( 'NONE',  ( -1.000000000000000000, 0.0000000000000000000, 0.0000000000000000000 ) ) ;
#9092 = CARTESIAN_POINT ( 'NONE',  ( -0.1649984000000024320, 0.05999987999999062405, 0.02000000000000000389 ) ) ;
#9093 = DIRECTION ( 'NONE',  ( 0.0000000000000000000, -1.000000000000000000, -0.0000000000000000000 ) ) ;
#9094 = VECTOR ( 'NONE', #5454, 1000.000000000000114 ) ;
#9095 =( GEOMETRIC_REPRESENTATION_CONTEXT ( 3 ) GLOBAL_UNCERTAINTY_ASSIGNED_CONTEXT ( ( #8634 ) ) GLOBAL_UNIT_ASSIGNED_CONTEXT ( ( #6137, #4680, #5797 ) ) REPRESENTATION_CONTEXT ( 'NONE', 'WORKASPACE' ) );
#9096 = DIRECTION ( 'NONE',  ( 0.7071067811865475727, -0.7071067811865475727, 0.0000000000000000000 ) ) ;
#9097 = ITEM_DEFINED_TRANSFORMATION ( 'NONE', 'NONE', #9239,  #2951 ) ;
#9098 = DIRECTION ( 'NONE',  ( -0.9486832980504137369, -0.3162277660171379234, 0.0000000000000000000 ) ) ;
#9099 =( NAMED_UNIT ( * ) PLANE_ANGLE_UNIT ( ) SI_UNIT ( $, .RADIAN. ) );
#9100 = PRODUCT_DEFINITION_CONTEXT ( 'detailed design', #2802, 'design' ) ;
#9101 = DIRECTION ( 'NONE',  ( -0.3713906763541037215, 0.9284766908852593037, 0.0000000000000000000 ) ) ;
#9102 = VERTEX_POINT ( 'NONE', #6163 ) ;
#9103 = APPLICATION_CONTEXT ( 'automotive_design' ) ;
#9104 = CARTESIAN_POINT ( 'NONE',  ( -0.1149985000000000035, -0.2199995600000000107, 0.0000000000000000000 ) ) ;
#9105 = CARTESIAN_POINT ( 'NONE',  ( 0.1150010399999999988, -0.2199995600000000107, 0.01000000000000000021 ) ) ;
#9106 = VERTEX_POINT ( 'NONE', #9092 ) ;
#9107 = VECTOR ( 'NONE', #4342, 1000.000000000000114 ) ;
#9108 = LINE ( 'NONE', #2485, #3313 ) ;
#9109 = SHAPE_REPRESENTATION ( 'User Library-QFN-20_Extruded17', ( #5419 ), #2633 ) ;
#9110 = CARTESIAN_POINT ( 'NONE',  ( 0.1399997199999999942, 0.07500112000000000445, 0.02000000000000000736 ) ) ;
#9111 =( NAMED_UNIT ( * ) SI_UNIT ( $, .STERADIAN. ) SOLID_ANGLE_UNIT ( ) );
#9112 = VERTEX_POINT ( 'NONE', #4805 ) ;
#9113 = CARTESIAN_POINT ( 'NONE',  ( -0.02999994000001000166, 0.2400020599999999893, 0.0000000000000000000 ) ) ;
#9114 = ORIENTED_EDGE ( 'NONE', *, *, #7398, .F. ) ;
#9115 = PRODUCT_RELATED_PRODUCT_CATEGORY ( 'part', '', ( #4326 ) ) ;
#9116 = DIRECTION ( 'NONE',  ( -1.000000000000000000, -0.0000000000000000000, 0.0000000000000000000 ) ) ;
#9117 = MECHANICAL_DESIGN_GEOMETRIC_PRESENTATION_REPRESENTATION (  '', ( #4491 ), #1412 ) ;
#9118 = CARTESIAN_POINT ( 'NONE',  ( -0.1499997000000000136, 0.1750009200000000043, 0.0000000000000000000 ) ) ;
#9119 = PRODUCT_DEFINITION_SHAPE ( 'NONE', 'NONE',  #9535 ) ;
#9120 = VECTOR ( 'NONE', #8579, 1000.000000000000000 ) ;
#9121 = ADVANCED_FACE ( 'NONE', ( #350 ), #7042, .T. ) ;
#9122 = LINE ( 'NONE', #329, #6397 ) ;
#9123 = ORIENTED_EDGE ( 'NONE', *, *, #58, .F. ) ;
#9124 = CARTESIAN_POINT ( 'NONE',  ( -0.08499856000000000078, 0.2000021399999999949, 0.0000000000000000000 ) ) ;
#9125 = ORIENTED_EDGE ( 'NONE', *, *, #2165, .T. ) ;
#9126 = EDGE_CURVE ( 'NONE', #3185, #3179, #1035, .T. ) ;
#9127 = CARTESIAN_POINT ( 'NONE',  ( -0.8499982999999998734, 0.6500012400000000357, 0.02000000000000000389 ) ) ;
#9128 = APPLICATION_PROTOCOL_DEFINITION ( 'draft international standard', 'automotive_design', 1998, #2802 ) ;
#9129 = VERTEX_POINT ( 'NONE', #2473 ) ;
#9130 = FILL_AREA_STYLE ('',( #5531 ) ) ;
#9131 = DIRECTION ( 'NONE',  ( -1.000000000000000000, -0.0000000000000000000, 0.0000000000000000000 ) ) ;
#9132 = ORIENTED_EDGE ( 'NONE', *, *, #7921, .F. ) ;
#9133 = EDGE_CURVE ( 'NONE', #3522, #4984, #5442, .T. ) ;
#9134 = EDGE_CURVE ( 'NONE', #4142, #5068, #1813, .T. ) ;
#9135 = LINE ( 'NONE', #7081, #5000 ) ;
#9136 = ORIENTED_EDGE ( 'NONE', *, *, #3463, .T. ) ;
#9137 = PRESENTATION_STYLE_ASSIGNMENT (( #6250 ) ) ;
#9138 = EDGE_CURVE ( 'NONE', #785, #8216, #7662, .T. ) ;
#9139 = CARTESIAN_POINT ( 'NONE',  ( -0.08499856000001236589, 0.2000021400000007443, 0.0000000000000000000 ) ) ;
#9140 = ORIENTED_EDGE ( 'NONE', *, *, #1594, .T. ) ;
#9141 = DIRECTION ( 'NONE',  ( 0.7071011685377726064, 0.7071123937907726198, 0.0000000000000000000 ) ) ;
#9142 = DIRECTION ( 'NONE',  ( 0.7071067811865455743, 0.7071067811865493491, 0.0000000000000000000 ) ) ;
#9143 = AXIS2_PLACEMENT_3D ( 'NONE', #4751, #1938, #1165 ) ;
#9144 = LINE ( 'NONE', #4658, #1655 ) ;
#9145 = EDGE_CURVE ( 'NONE', #2233, #3797, #4307, .T. ) ;
#9146 = LINE ( 'NONE', #7806, #1589 ) ;
#9147 = ORIENTED_EDGE ( 'NONE', *, *, #4611, .T. ) ;
#9148 = AXIS2_PLACEMENT_3D ( 'NONE', #1120, #6398, #4839 ) ;
#9149 = FACE_OUTER_BOUND ( 'NONE', #7775, .T. ) ;
#9150 = ORIENTED_EDGE ( 'NONE', *, *, #7797, .T. ) ;
#9151 = VECTOR ( 'NONE', #1510, 1000.000000000000000 ) ;
#9152 = CARTESIAN_POINT ( 'NONE',  ( 0.1650009399999979587, 0.06000241999999857134, 0.02000000000000000389 ) ) ;
#9153 = CARTESIAN_POINT ( 'NONE',  ( -0.01499870000000549583, 0.2200020999999921234, 0.01000000000000000021 ) ) ;
#9154 = ORIENTED_EDGE ( 'NONE', *, *, #6432, .T. ) ;
#9155 = CARTESIAN_POINT ( 'NONE',  ( -0.1549984199999999979, 0.2200021000000000060, 0.0000000000000000000 ) ) ;
#9156 = VECTOR ( 'NONE', #3723, 1000.000000000000000 ) ;
#9157 = APPLICATION_CONTEXT ( 'automotive_design' ) ;
#9158 = EDGE_LOOP ( 'NONE', ( #419, #5762, #6910, #1775 ) ) ;
#9159 =( NAMED_UNIT ( * ) PLANE_ANGLE_UNIT ( ) SI_UNIT ( $, .RADIAN. ) );
#9160 =( NAMED_UNIT ( * ) SI_UNIT ( $, .STERADIAN. ) SOLID_ANGLE_UNIT ( ) );
#9161 = EDGE_LOOP ( 'NONE', ( #8851, #6451, #2708, #3677 ) ) ;
#9162 = CARTESIAN_POINT ( 'NONE',  ( -0.8499982999999999844, 0.8499982999999999844, 0.0000000000000000000 ) ) ;
#9163 = AXIS2_PLACEMENT_3D ( 'NONE', #501, #4862, #6272 ) ;
#9164 = DIRECTION ( 'NONE',  ( 0.0000000000000000000, -0.0000000000000000000, -1.000000000000000000 ) ) ;
#9165 = VECTOR ( 'NONE', #9445, 1000.000000000000227 ) ;
#9166 = VECTOR ( 'NONE', #7135, 1000.000000000000000 ) ;
#9167 = FACE_OUTER_BOUND ( 'NONE', #5100, .T. ) ;
#9168 = PRESENTATION_LAYER_ASSIGNMENT (  '', '', ( #3153 ) ) ;
#9169 = ORIENTED_EDGE ( 'NONE', *, *, #5803, .F. ) ;
#9170 = CARTESIAN_POINT ( 'NONE',  ( 0.09500107999998999575, -0.1999995999999999996, 0.0000000000000000000 ) ) ;
#9171 = ORIENTED_EDGE ( 'NONE', *, *, #2011, .T. ) ;
#9172 = CARTESIAN_POINT ( 'NONE',  ( 0.009999980000002999664, 0.0000000000000000000, 0.0000000000000000000 ) ) ;
#9173 = PRODUCT_CONTEXT ( 'NONE', #3297, 'mechanical' ) ;
#9174 = ORIENTED_EDGE ( 'NONE', *, *, #4718, .F. ) ;
#9175 = PRODUCT ( 'User Library-QFN-20_479712209', 'User Library-QFN-20_479712209', '', ( #7399 ) ) ;
#9176 = SHAPE_DEFINITION_REPRESENTATION ( #8582, #3230 ) ;
#9177 = CARTESIAN_POINT ( 'NONE',  ( 0.1400022600000007111, -0.07499858000000014790, 0.02000000000000000389 ) ) ;
#9178 = MECHANICAL_DESIGN_GEOMETRIC_PRESENTATION_REPRESENTATION (  '', ( #4241 ), #2086 ) ;
#9179 = ORIENTED_EDGE ( 'NONE', *, *, #6309, .T. ) ;
#9180 = EDGE_CURVE ( 'NONE', #6709, #6148, #3488, .T. ) ;
#9181 = VECTOR ( 'NONE', #8513, 1000.000000000000114 ) ;
#9182 = ORIENTED_EDGE ( 'NONE', *, *, #6605, .F. ) ;
#9183 = FACE_OUTER_BOUND ( 'NONE', #3566, .T. ) ;
#9184 = VECTOR ( 'NONE', #6699, 1000.000000000000000 ) ;
#9185 =( NAMED_UNIT ( * ) SI_UNIT ( $, .STERADIAN. ) SOLID_ANGLE_UNIT ( ) );
#9186 =( NAMED_UNIT ( * ) PLANE_ANGLE_UNIT ( ) SI_UNIT ( $, .RADIAN. ) );
#9187 = ORIENTED_EDGE ( 'NONE', *, *, #3990, .F. ) ;
#9188 = DIRECTION ( 'NONE',  ( 1.000000000000000000, 0.0000000000000000000, 0.0000000000000000000 ) ) ;
#9189 = DIRECTION ( 'NONE',  ( 0.0000000000000000000, 0.0000000000000000000, 1.000000000000000000 ) ) ;
#9190 = ADVANCED_FACE ( 'NONE', ( #5582 ), #9423, .T. ) ;
#9191 = CARTESIAN_POINT ( 'NONE',  ( 0.1200022999999999923, -0.1149984999999999896, 0.0000000000000000000 ) ) ;
#9192 = PRODUCT_DEFINITION_FORMATION_WITH_SPECIFIED_SOURCE ( 'ANY', '', #636, .NOT_KNOWN. ) ;
#9193 = LINE ( 'NONE', #246, #8605 ) ;
#9194 = EDGE_CURVE ( 'NONE', #7895, #2601, #7276, .T. ) ;
#9195 = AXIS2_PLACEMENT_3D ( 'NONE', #8647, #4328, #9352 ) ;
#9196 = DIRECTION ( 'NONE',  ( -1.000000000000000000, -0.0000000000000000000, -0.0000000000000000000 ) ) ;
#9197 = VERTEX_POINT ( 'NONE', #1326 ) ;
#9198 = PRODUCT_DEFINITION_FORMATION_WITH_SPECIFIED_SOURCE ( 'ANY', '', #8501, .NOT_KNOWN. ) ;
#9199 = UNCERTAINTY_MEASURE_WITH_UNIT (LENGTH_MEASURE( 1.000000000000000082E-05 ), #2638, 'distance_accuracy_value', 'NONE');
#9200 = LINE ( 'NONE', #6954, #4784 ) ;
#9201 = ORIENTED_EDGE ( 'NONE', *, *, #8691, .F. ) ;
#9202 = FACE_OUTER_BOUND ( 'NONE', #1778, .T. ) ;
#9203 = PLANE ( 'NONE',  #8033 ) ;
#9204 = ORIENTED_EDGE ( 'NONE', *, *, #5417, .F. ) ;
#9205 = VECTOR ( 'NONE', #2772, 1000.000000000000114 ) ;
#9206 = EDGE_CURVE ( 'NONE', #7231, #7574, #8625, .T. ) ;
#9207 = LINE ( 'NONE', #3447, #8255 ) ;
#9208 = ADVANCED_FACE ( 'NONE', ( #1994 ), #5728, .T. ) ;
#9209 = SHAPE_DEFINITION_REPRESENTATION ( #1247, #7940 ) ;
#9210 = VECTOR ( 'NONE', #9075, 1000.000000000000000 ) ;
#9211 = CARTESIAN_POINT ( 'NONE',  ( 0.09999979999998966085, -0.1099972399999991773, 0.01000000000000000194 ) ) ;
#9212 = ORIENTED_EDGE ( 'NONE', *, *, #1168, .F. ) ;
#9213 = ORIENTED_EDGE ( 'NONE', *, *, #7102, .F. ) ;
#9214 = CARTESIAN_POINT ( 'NONE',  ( 0.09500107999998999575, 0.2000021399999999949, 0.0000000000000000000 ) ) ;
#9215 = EDGE_CURVE ( 'NONE', #3387, #3482, #439, .T. ) ;
#9216 = CARTESIAN_POINT ( 'NONE',  ( -0.06499859999999781091, -0.1599996800000005048, 0.0000000000000000000 ) ) ;
#9217 = LINE ( 'NONE', #2448, #7941 ) ;
#9218 = EDGE_LOOP ( 'NONE', ( #3169, #7347, #7649, #4301 ) ) ;
#9219 = SHAPE_REPRESENTATION ( 'User Library-QFN-20_479712337', ( #443, #7712 ), #4927 ) ;
#9220 = CARTESIAN_POINT ( 'NONE',  ( -0.1749983800000000089, 0.1499997000000000136, 0.0000000000000000000 ) ) ;
#9221 = ORIENTED_EDGE ( 'NONE', *, *, #180, .F. ) ;
#9222 = PRODUCT_DEFINITION_CONTEXT ( 'detailed design', #5422, 'design' ) ;
#9223 = LINE ( 'NONE', #5527, #3503 ) ;
#9224 = APPLICATION_PROTOCOL_DEFINITION ( 'draft international standard', 'automotive_design', 1998, #2318 ) ;
#9225 = DIRECTION ( 'NONE',  ( 0.0000000000000000000, 0.0000000000000000000, 1.000000000000000000 ) ) ;
#9226 = PLANE ( 'NONE',  #5307 ) ;
#9227 = VERTEX_POINT ( 'NONE', #6545 ) ;
#9228 = DIRECTION ( 'NONE',  ( 0.0000000000000000000, 0.0000000000000000000, -1.000000000000000000 ) ) ;
#9229 = APPLICATION_CONTEXT ( 'automotive_design' ) ;
#9230 = ORIENTED_EDGE ( 'NONE', *, *, #1591, .F. ) ;
#9231 = CARTESIAN_POINT ( 'NONE',  ( -0.02999994000001000166, 0.2400020599999999893, 0.01000000000000000021 ) ) ;
#9232 = DIRECTION ( 'NONE',  ( 1.000000000000000000, 0.0000000000000000000, 0.0000000000000000000 ) ) ;
#9233 = FACE_OUTER_BOUND ( 'NONE', #6151, .T. ) ;
#9234 = PRODUCT_RELATED_PRODUCT_CATEGORY ( 'part', '', ( #5893 ) ) ;
#9235 = CARTESIAN_POINT ( 'NONE',  ( -0.1749983800000000089, -0.02999993999999999925, 0.0000000000000000000 ) ) ;
#9236 = CARTESIAN_POINT ( 'NONE',  ( -0.1299997400000000025, 0.09000236000000000347, 0.01000000000000000021 ) ) ;
#9237 = LINE ( 'NONE', #3337, #6719 ) ;
#9238 = FACE_OUTER_BOUND ( 'NONE', #1308, .T. ) ;
#9239 = AXIS2_PLACEMENT_3D ( 'NONE', #1628, #4576, #5986 ) ;
#9240 = CARTESIAN_POINT ( 'NONE',  ( -0.1499997000000000136, -0.1749983800000000089, 0.0000000000000000000 ) ) ;
#9241 = EDGE_CURVE ( 'NONE', #5530, #5500, #6458, .T. ) ;
#9242 = CARTESIAN_POINT ( 'NONE',  ( 0.0000000000000000000, 0.0000000000000000000, 0.0000000000000000000 ) ) ;
#9243 = ORIENTED_EDGE ( 'NONE', *, *, #7513, .T. ) ;
#9244 = DIRECTION ( 'NONE',  ( 0.9284766908852593037, 0.3713906763541037215, 0.0000000000000000000 ) ) ;
#9245 = EDGE_LOOP ( 'NONE', ( #751, #8804, #798, #2530 ) ) ;
#9246 = EDGE_CURVE ( 'NONE', #7479, #6554, #2615, .T. ) ;
#9247 = LINE ( 'NONE', #5503, #4548 ) ;
#9248 = VECTOR ( 'NONE', #5953, 1000.000000000000000 ) ;
#9249 = PLANE ( 'NONE',  #4151 ) ;
#9250 =( GEOMETRIC_REPRESENTATION_CONTEXT ( 3 ) GLOBAL_UNCERTAINTY_ASSIGNED_CONTEXT ( ( #1389 ) ) GLOBAL_UNIT_ASSIGNED_CONTEXT ( ( #8097, #1469, #64 ) ) REPRESENTATION_CONTEXT ( 'NONE', 'WORKASPACE' ) );
#9251 = VERTEX_POINT ( 'NONE', #8667 ) ;
#9252 = CARTESIAN_POINT ( 'NONE',  ( -0.06499860000000126647, -0.1599996799999947594, 0.0000000000000000000 ) ) ;
#9253 = CARTESIAN_POINT ( 'NONE',  ( 0.1599996800000000052, 0.1300022800000000256, 0.0000000000000000000 ) ) ;
#9254 = VECTOR ( 'NONE', #4076, 1000.000000000000000 ) ;
#9255 = CONTEXT_DEPENDENT_SHAPE_REPRESENTATION ( #9290, #1021 ) ;
#9256 = COLOUR_RGB ( '',0.7529411764705882248, 0.7529411764705882248, 0.7529411764705882248 ) ;
#9257 = ADVANCED_FACE ( 'NONE', ( #4847 ), #4998, .T. ) ;
#9258 = DIRECTION ( 'NONE',  ( 0.0000000000000000000, 0.0000000000000000000, -1.000000000000000000 ) ) ;
#9259 = PRODUCT_DEFINITION_SHAPE ( 'NONE', 'NONE',  #9518 ) ;
#9260 = ORIENTED_EDGE ( 'NONE', *, *, #581, .T. ) ;
#9261 = DIRECTION ( 'NONE',  ( -0.3511234415889396554, -0.9363291775688390439, 0.0000000000000000000 ) ) ;
#9262 = VECTOR ( 'NONE', #8028, 1000.000000000000000 ) ;
#9263 = DIRECTION ( 'NONE',  ( 0.0000000000000000000, 0.0000000000000000000, 1.000000000000000000 ) ) ;
#9264 = VERTEX_POINT ( 'NONE', #4264 ) ;
#9265 = ADVANCED_FACE ( 'NONE', ( #7802 ), #1173, .T. ) ;
#9266 = DIRECTION ( 'NONE',  ( -0.4961389383571568334, 0.8682431421242745584, 0.0000000000000000000 ) ) ;
#9267 = AXIS2_PLACEMENT_3D ( 'NONE', #1583, #7346, #8207 ) ;
#9268 = ADVANCED_FACE ( 'NONE', ( #4158 ), #7087, .T. ) ;
#9269 = EDGE_LOOP ( 'NONE', ( #3720, #9280, #944, #6817 ) ) ;
#9270 = AXIS2_PLACEMENT_3D ( 'NONE', #14, #7469, #5291 ) ;
#9271 = LINE ( 'NONE', #1884, #3788 ) ;
#9272 = ORIENTED_EDGE ( 'NONE', *, *, #7106, .F. ) ;
#9273 = CARTESIAN_POINT ( 'NONE',  ( -0.08999981999999999427, 0.09000236000000000347, 0.0000000000000000000 ) ) ;
#9274 = APPLICATION_PROTOCOL_DEFINITION ( 'draft international standard', 'automotive_design', 1998, #1660 ) ;
#9275 = ORIENTED_EDGE ( 'NONE', *, *, #6263, .T. ) ;
#9276 = CARTESIAN_POINT ( 'NONE',  ( -0.1699996599999999969, 0.07000240000000999829, 0.0000000000000000000 ) ) ;
#9277 = VECTOR ( 'NONE', #6899, 1000.000000000000000 ) ;
#9278 = ORIENTED_EDGE ( 'NONE', *, *, #890, .F. ) ;
#9279 = CARTESIAN_POINT ( 'NONE',  ( 0.005001260000000000427, 0.2200021000000000060, 0.0000000000000000000 ) ) ;
#9280 = ORIENTED_EDGE ( 'NONE', *, *, #6087, .T. ) ;
#9281 = DIRECTION ( 'NONE',  ( 0.0000000000000000000, -1.000000000000000000, -0.0000000000000000000 ) ) ;
#9282 = PRESENTATION_LAYER_ASSIGNMENT (  '', '', ( #3885 ) ) ;
#9283 = DIRECTION ( 'NONE',  ( 0.0000000000000000000, 0.0000000000000000000, 1.000000000000000000 ) ) ;
#9284 = DIRECTION ( 'NONE',  ( -0.7071067811860475283, -0.7071067811870475062, 0.0000000000000000000 ) ) ;
#9285 = FILL_AREA_STYLE_COLOUR ( '', #3006 ) ;
#9286 = DIRECTION ( 'NONE',  ( -0.9284766908852589706, -0.3713906763541045541, 0.0000000000000000000 ) ) ;
#9287 = CARTESIAN_POINT ( 'NONE',  ( -0.6500012400000000357, 0.8499982999999999844, 0.02000000000000000042 ) ) ;
#9288 = DIRECTION ( 'NONE',  ( 0.0000000000000000000, -1.000000000000000000, -0.0000000000000000000 ) ) ;
#9289 = VECTOR ( 'NONE', #3437, 1000.000000000000000 ) ;
#9290 =( REPRESENTATION_RELATIONSHIP ('NONE','NONE', #5544, #168 ) REPRESENTATION_RELATIONSHIP_WITH_TRANSFORMATION ( #1830 )SHAPE_REPRESENTATION_RELATIONSHIP( ) );
#9291 = ORIENTED_EDGE ( 'NONE', *, *, #7314, .T. ) ;
#9292 = UNCERTAINTY_MEASURE_WITH_UNIT (LENGTH_MEASURE( 1.000000000000000082E-05 ), #7620, 'distance_accuracy_value', 'NONE');
#9293 = LINE ( 'NONE', #3541, #9088 ) ;
#9294 = ORIENTED_EDGE ( 'NONE', *, *, #6569, .T. ) ;
#9295 = LINE ( 'NONE', #7717, #4237 ) ;
#9296 = CARTESIAN_POINT ( 'NONE',  ( 0.7100011199999998190, 0.8400008599999976289, 0.0000000000000000000 ) ) ;
#9297 = ORIENTED_EDGE ( 'NONE', *, *, #2712, .F. ) ;
#9298 = FACE_OUTER_BOUND ( 'NONE', #823, .T. ) ;
#9299 = DIRECTION ( 'NONE',  ( 0.6246950475547901060, -0.7808688094427375104, 0.0000000000000000000 ) ) ;
#9300 = VERTEX_POINT ( 'NONE', #4207 ) ;
#9301 = EDGE_CURVE ( 'NONE', #7760, #4436, #6355, .T. ) ;
#9302 = VECTOR ( 'NONE', #4797, 1000.000000000000000 ) ;
#9303 = ORIENTED_EDGE ( 'NONE', *, *, #1762, .F. ) ;
#9304 = UNCERTAINTY_MEASURE_WITH_UNIT (LENGTH_MEASURE( 1.000000000000000082E-05 ), #607, 'distance_accuracy_value', 'NONE');
#9305 = PLANE ( 'NONE',  #5515 ) ;
#9306 = VERTEX_POINT ( 'NONE', #8709 ) ;
#9307 = CARTESIAN_POINT ( 'NONE',  ( 0.1350010000000000099, -0.1299972000000000072, 0.01000000000000000021 ) ) ;
#9308 = CARTESIAN_POINT ( 'NONE',  ( -0.08999982000000207594, 0.2000021400000013827, 0.01000000000000000021 ) ) ;
#9309 = EDGE_CURVE ( 'NONE', #4258, #8003, #543, .T. ) ;
#9310 = VECTOR ( 'NONE', #7683, 1000.000000000000000 ) ;
#9311 = EDGE_CURVE ( 'NONE', #6243, #2481, #7236, .T. ) ;
#9312 = ADVANCED_FACE ( 'NONE', ( #4544 ), #4357, .T. ) ;
#9313 = PLANE ( 'NONE',  #7477 ) ;
#9314 = ORIENTED_EDGE ( 'NONE', *, *, #696, .T. ) ;
#9315 = ORIENTED_EDGE ( 'NONE', *, *, #3992, .T. ) ;
#9316 = VECTOR ( 'NONE', #4382, 1000.000000000000000 ) ;
#9317 = DIRECTION ( 'NONE',  ( 0.0000000000000000000, 0.0000000000000000000, -1.000000000000000000 ) ) ;
#9318 = CARTESIAN_POINT ( 'NONE',  ( 0.07500112000000368206, -0.1599996799999743591, 0.0000000000000000000 ) ) ;
#9319 = APPLICATION_PROTOCOL_DEFINITION ( 'draft international standard', 'automotive_design', 1998, #2993 ) ;
#9320 = EDGE_LOOP ( 'NONE', ( #1657, #1788, #5993, #8548 ) ) ;
#9321 = EDGE_CURVE ( 'NONE', #1101, #4177, #1517, .T. ) ;
#9322 = CARTESIAN_POINT ( 'NONE',  ( -0.1549984199999999979, -0.2199995600000000107, 0.0000000000000000000 ) ) ;
#9323 = ORIENTED_EDGE ( 'NONE', *, *, #5906, .F. ) ;
#9324 = VECTOR ( 'NONE', #6209, 1000.000000000000114 ) ;
#9325 = VECTOR ( 'NONE', #2758, 1000.000000000000227 ) ;
#9326 = EDGE_CURVE ( 'NONE', #3737, #3185, #4402, .T. ) ;
#9327 = VERTEX_POINT ( 'NONE', #7418 ) ;
#9328 = SURFACE_STYLE_FILL_AREA ( #1076 ) ;
#9329 = CARTESIAN_POINT ( 'NONE',  ( 0.04499863999999999947, -1.020000500000000088, 0.01270000000000000122 ) ) ;
#9330 = VERTEX_POINT ( 'NONE', #5824 ) ;
#9331 =( GEOMETRIC_REPRESENTATION_CONTEXT ( 3 ) GLOBAL_UNCERTAINTY_ASSIGNED_CONTEXT ( ( #7205 ) ) GLOBAL_UNIT_ASSIGNED_CONTEXT ( ( #8955, #3878, #8241 ) ) REPRESENTATION_CONTEXT ( 'NONE', 'WORKASPACE' ) );
#9332 = PLANE ( 'NONE',  #8269 ) ;
#9333 = DIRECTION ( 'NONE',  ( 0.4472135954999579832, 0.8944271909999159664, 0.0000000000000000000 ) ) ;
#9334 = CARTESIAN_POINT ( 'NONE',  ( 0.1650009399999916859, 0.06000241999999445658, 0.0000000000000000000 ) ) ;
#9335 = CARTESIAN_POINT ( 'NONE',  ( -0.8399983199999999650, -0.7099985799999999347, 0.02000000000000000736 ) ) ;
#9336 = PRODUCT_DEFINITION_SHAPE ( 'NONE', 'NONE',  #4997 ) ;
#9337 = PLANE ( 'NONE',  #8073 ) ;
#9338 = DIRECTION ( 'NONE',  ( 0.0000000000000000000, 0.0000000000000000000, 1.000000000000000000 ) ) ;
#9339 = ORIENTED_EDGE ( 'NONE', *, *, #9012, .F. ) ;
#9340 = LINE ( 'NONE', #4313, #7419 ) ;
#9341 = ORIENTED_EDGE ( 'NONE', *, *, #994, .F. ) ;
#9342 = CARTESIAN_POINT ( 'NONE',  ( 0.005001260000000000427, 0.1800021800000000394, 0.01000000000000000021 ) ) ;
#9343 = LINE ( 'NONE', #1188, #1878 ) ;
#9344 = EDGE_LOOP ( 'NONE', ( #293, #4363, #803, #4065 ) ) ;
#9345 = CARTESIAN_POINT ( 'NONE',  ( -0.05999988000001000438, -0.1499997000000000136, 0.0000000000000000000 ) ) ;
#9346 = DIRECTION ( 'NONE',  ( -0.1961161351379917261, 0.9805806756909586364, 0.0000000000000000000 ) ) ;
#9347 = EDGE_LOOP ( 'NONE', ( #1547, #5908, #1750, #4352 ) ) ;
#9348 = CONTEXT_DEPENDENT_SHAPE_REPRESENTATION ( #3495, #777 ) ;
#9349 = PRODUCT_DEFINITION_FORMATION_WITH_SPECIFIED_SOURCE ( 'ANY', '', #999, .NOT_KNOWN. ) ;
#9350 = PRESENTATION_STYLE_ASSIGNMENT (( #6425 ) ) ;
#9351 = EDGE_LOOP ( 'NONE', ( #8767, #5505, #796, #3509 ) ) ;
#9352 = DIRECTION ( 'NONE',  ( -0.5547001962249983320, -0.8320502943379975980, 0.0000000000000000000 ) ) ;
#9353 = VERTEX_POINT ( 'NONE', #3728 ) ;
#9354 = CARTESIAN_POINT ( 'NONE',  ( 0.1199997600000000109, 0.1150010399999999988, 0.0000000000000000000 ) ) ;
#9355 =( LENGTH_UNIT ( ) NAMED_UNIT ( * ) SI_UNIT ( .MILLI., .METRE. ) );
#9356 = PRODUCT_DEFINITION ( 'UNKNOWN', '', #7061, #2431 ) ;
#9357 = PRODUCT ( 'User Library-QFN-20_Free-Models1', 'User Library-QFN-20_Free-Models1', '', ( #3864 ) ) ;
#9358 =( REPRESENTATION_RELATIONSHIP ('NONE','NONE', #5544, #647 ) REPRESENTATION_RELATIONSHIP_WITH_TRANSFORMATION ( #3256 )SHAPE_REPRESENTATION_RELATIONSHIP( ) );
#9359 = VECTOR ( 'NONE', #2025, 1000.000000000000000 ) ;
#9360 = DIRECTION ( 'NONE',  ( -0.0000000000000000000, 0.0000000000000000000, -1.000000000000000000 ) ) ;
#9361 = VERTEX_POINT ( 'NONE', #2133 ) ;
#9362 = DIRECTION ( 'NONE',  ( -0.7071067811865475727, 0.7071067811865475727, 0.0000000000000000000 ) ) ;
#9363 = EDGE_CURVE ( 'NONE', #5864, #8195, #7510, .T. ) ;
#9364 = CARTESIAN_POINT ( 'NONE',  ( 0.0000000000000000000, 0.0000000000000000000, 0.0000000000000000000 ) ) ;
#9365 = CARTESIAN_POINT ( 'NONE',  ( -0.1400022599999999895, 0.07500112000000000445, 0.0000000000000000000 ) ) ;
#9366 = VECTOR ( 'NONE', #6876, 1000.000000000000000 ) ;
#9367 = PRODUCT_CONTEXT ( 'NONE', #165, 'mechanical' ) ;
#9368 = EDGE_CURVE ( 'NONE', #8047, #8632, #8231, .T. ) ;
#9369 = DIRECTION ( 'NONE',  ( -0.7071067811865474617, 0.7071067811865474617, 0.0000000000000000000 ) ) ;
#9370 = ORIENTED_EDGE ( 'NONE', *, *, #2128, .T. ) ;
#9371 = DIRECTION ( 'NONE',  ( -0.0000000000000000000, -0.0000000000000000000, 1.000000000000000000 ) ) ;
#9372 = ORIENTED_EDGE ( 'NONE', *, *, #2593, .F. ) ;
#9373 = LINE ( 'NONE', #3624, #1483 ) ;
#9374 = EDGE_CURVE ( 'NONE', #3391, #4752, #5868, .T. ) ;
#9375 = CARTESIAN_POINT ( 'NONE',  ( 2.494998820000000173, -1.519999499999999948, 0.01270000000000000122 ) ) ;
#9376 = FACE_OUTER_BOUND ( 'NONE', #30, .T. ) ;
#9378 = EDGE_CURVE ( 'NONE', #3939, #2278, #8092, .T. ) ;
#9377 = SURFACE_STYLE_USAGE ( .BOTH. , #2357 ) ;
#9379 = DIRECTION ( 'NONE',  ( 0.5491751032048654002, -0.8357073088228471613, 0.0000000000000000000 ) ) ;
#9380 = CARTESIAN_POINT ( 'NONE',  ( -0.02999994000001000166, 0.2400020599999999893, 0.0000000000000000000 ) ) ;
#9381 = CARTESIAN_POINT ( 'NONE',  ( -0.7899984200000071954, -0.7899984200000068624, 0.0000000000000000000 ) ) ;
#9382 = EDGE_CURVE ( 'NONE', #5125, #9407, #5235, .T. ) ;
#9383 = SURFACE_STYLE_FILL_AREA ( #6311 ) ;
#9384 = ORIENTED_EDGE ( 'NONE', *, *, #4488, .F. ) ;
#9385 = UNCERTAINTY_MEASURE_WITH_UNIT (LENGTH_MEASURE( 1.000000000000000082E-05 ), #5460, 'distance_accuracy_value', 'NONE');
#9386 = FACE_OUTER_BOUND ( 'NONE', #5044, .T. ) ;
#9387 = ORIENTED_EDGE ( 'NONE', *, *, #5087, .T. ) ;
#9388 = PLANE ( 'NONE',  #76 ) ;
#9389 = DIRECTION ( 'NONE',  ( 1.000000000000000000, 0.0000000000000000000, -0.0000000000000000000 ) ) ;
#9390 = ORIENTED_EDGE ( 'NONE', *, *, #4949, .T. ) ;
#9391 = CARTESIAN_POINT ( 'NONE',  ( -0.1499996999999637093, -0.02499868080417790364, 0.0000000000000000000 ) ) ;
#9392 = AXIS2_PLACEMENT_3D ( 'NONE', #7344, #1436, #2148 ) ;
#9393 = DIRECTION ( 'NONE',  ( 0.0000000000000000000, -1.000000000000000000, 0.0000000000000000000 ) ) ;
#9394 = DIRECTION ( 'NONE',  ( 0.4472135954999579832, -0.8944271909999159664, 0.0000000000000000000 ) ) ;
#9395 = ORIENTED_EDGE ( 'NONE', *, *, #7212, .F. ) ;
#9396 = AXIS2_PLACEMENT_3D ( 'NONE', #4392, #7360, #5859 ) ;
#9397 = AXIS2_PLACEMENT_3D ( 'NONE', #9364, #8074, #5761 ) ;
#9398 = FACE_OUTER_BOUND ( 'NONE', #8162, .T. ) ;
#9399 =( LENGTH_UNIT ( ) NAMED_UNIT ( * ) SI_UNIT ( .MILLI., .METRE. ) );
#9400 = ORIENTED_EDGE ( 'NONE', *, *, #8376, .F. ) ;
#9401 = LINE ( 'NONE', #2687, #8256 ) ;
#9402 = VECTOR ( 'NONE', #3636, 999.9999999999998863 ) ;
#9403 = DIRECTION ( 'NONE',  ( 0.5999999999999999778, -0.8000000000000000444, 0.0000000000000000000 ) ) ;
#9404 = CARTESIAN_POINT ( 'NONE',  ( 0.03999992000001373338, 0.2000021400000045746, 0.0000000000000000000 ) ) ;
#9405 = ORIENTED_EDGE ( 'NONE', *, *, #7499, .F. ) ;
#9406 = PLANE ( 'NONE',  #1966 ) ;
#9407 = VERTEX_POINT ( 'NONE', #2279 ) ;
#9408 = CARTESIAN_POINT ( 'NONE',  ( 0.1299997400000000025, -0.02999740000000000045, 0.0000000000000000000 ) ) ;
#9409 = LINE ( 'NONE', #9273, #1670 ) ;
#9410 = COLOUR_RGB ( '',0.7529411764705882248, 0.7529411764705882248, 0.7529411764705882248 ) ;
#9411 = CARTESIAN_POINT ( 'NONE',  ( 0.1400022599999999895, 0.2200021000000000060, 0.0000000000000000000 ) ) ;
#9412 = PRODUCT_DEFINITION_SHAPE ( 'NONE', 'NONE',  #5586 ) ;
#9413 = APPLICATION_CONTEXT ( 'automotive_design' ) ;
#9414 = CARTESIAN_POINT ( 'NONE',  ( 0.0000000000000000000, -0.1599996800000000052, 0.01000000000000000021 ) ) ;
#9415 = EDGE_LOOP ( 'NONE', ( #5699, #7911, #8561, #2742 ) ) ;
#9416 = EDGE_CURVE ( 'NONE', #1566, #4214, #735, .T. ) ;
#9417 = LINE ( 'NONE', #7942, #4523 ) ;
#9418 = EDGE_CURVE ( 'NONE', #2795, #9488, #1421, .T. ) ;
#9419 = PRODUCT ( 'User Library-QFN-20_479706833', 'User Library-QFN-20_479706833', '', ( #4249 ) ) ;
#9420 = ORIENTED_EDGE ( 'NONE', *, *, #4300, .F. ) ;
#9421 = FACE_OUTER_BOUND ( 'NONE', #5397, .T. ) ;
#9422 = FACE_OUTER_BOUND ( 'NONE', #8947, .T. ) ;
#9423 = PLANE ( 'NONE',  #946 ) ;
#9424 = VECTOR ( 'NONE', #2225, 1000.000000000000114 ) ;
#9425 = EDGE_CURVE ( 'NONE', #1351, #7845, #6687, .T. ) ;
#9426 = ADVANCED_FACE ( 'NONE', ( #3678 ), #7373, .T. ) ;
#9427 = EDGE_CURVE ( 'NONE', #2672, #5926, #107, .T. ) ;
#9428 =( GEOMETRIC_REPRESENTATION_CONTEXT ( 3 ) GLOBAL_UNCERTAINTY_ASSIGNED_CONTEXT ( ( #2339 ) ) GLOBAL_UNIT_ASSIGNED_CONTEXT ( ( #1141, #3994, #1833 ) ) REPRESENTATION_CONTEXT ( 'NONE', 'WORKASPACE' ) );
#9429 = VERTEX_POINT ( 'NONE', #4502 ) ;
#9430 = LINE ( 'NONE', #4908, #5099 ) ;
#9431 = CARTESIAN_POINT ( 'NONE',  ( 0.0000000000000000000, 0.0000000000000000000, 0.0000000000000000000 ) ) ;
#9432 = ORIENTED_EDGE ( 'NONE', *, *, #4595, .F. ) ;
#9433 = FACE_OUTER_BOUND ( 'NONE', #7382, .T. ) ;
#9434 = DIRECTION ( 'NONE',  ( 0.0000000000000000000, -1.000000000000000000, 0.0000000000000000000 ) ) ;
#9435 = ORIENTED_EDGE ( 'NONE', *, *, #2066, .F. ) ;
#9436 = CARTESIAN_POINT ( 'NONE',  ( -0.1549984199999999979, 0.03000247999998999909, 0.0000000000000000000 ) ) ;
#9437 = DIRECTION ( 'NONE',  ( -0.2747211278969818316, -0.9615239476409362940, 0.0000000000000000000 ) ) ;
#9438 = ADVANCED_FACE ( 'NONE', ( #7462 ), #819, .T. ) ;
#9439 = VECTOR ( 'NONE', #1179, 1000.000000000000000 ) ;
#9440 = CARTESIAN_POINT ( 'NONE',  ( -0.1499997000000000136, 0.1400022599999999895, 0.0000000000000000000 ) ) ;
#9441 = CARTESIAN_POINT ( 'NONE',  ( 0.1199997599999999831, 0.1700021999999999922, 0.0000000000000000000 ) ) ;
#9442 = VERTEX_POINT ( 'NONE', #5283 ) ;
#9443 = LINE ( 'NONE', #4186, #98 ) ;
#9444 = ORIENTED_EDGE ( 'NONE', *, *, #1579, .F. ) ;
#9445 = DIRECTION ( 'NONE',  ( -0.8944271909999160775, 0.4472135954999574281, 0.0000000000000000000 ) ) ;
#9446 = DIRECTION ( 'NONE',  ( -0.8000000000000000444, -0.5999999999999999778, 0.0000000000000000000 ) ) ;
#9447 = EDGE_CURVE ( 'NONE', #8824, #3887, #2945, .T. ) ;
#9448 = AXIS2_PLACEMENT_3D ( 'NONE', #729, #3480, #7270 ) ;
#9449 = APPLICATION_PROTOCOL_DEFINITION ( 'draft international standard', 'automotive_design', 1998, #4298 ) ;
#9450 = LINE ( 'NONE', #1443, #3422 ) ;
#9451 = ORIENTED_EDGE ( 'NONE', *, *, #8799, .F. ) ;
#9452 = DIRECTION ( 'NONE',  ( -0.8944271909999158554, 0.4472135954999579277, 0.0000000000000000000 ) ) ;
#9453 =( NAMED_UNIT ( * ) SI_UNIT ( $, .STERADIAN. ) SOLID_ANGLE_UNIT ( ) );
#9454 = EDGE_LOOP ( 'NONE', ( #5646, #7811, #7066, #2433 ) ) ;
#9455 = FACE_OUTER_BOUND ( 'NONE', #9464, .T. ) ;
#9456 = DIRECTION ( 'NONE',  ( 0.4472135954997790708, 0.8944271910000053394, 0.0000000000000000000 ) ) ;
#9457 = CARTESIAN_POINT ( 'NONE',  ( 0.09500108000001758479, -0.1199972200000137823, 0.0000000000000000000 ) ) ;
#9458 = AXIS2_PLACEMENT_3D ( 'NONE', #9322, #8615, #1984 ) ;
#9459 = DIRECTION ( 'NONE',  ( 0.0000000000000000000, -0.0000000000000000000, -1.000000000000000000 ) ) ;
#9460 = ORIENTED_EDGE ( 'NONE', *, *, #5183, .F. ) ;
#9461 = DIRECTION ( 'NONE',  ( 0.0000000000000000000, -1.000000000000000000, 0.0000000000000000000 ) ) ;
#9462 = ORIENTED_EDGE ( 'NONE', *, *, #7964, .T. ) ;
#9463 = CARTESIAN_POINT ( 'NONE',  ( 0.8300008800000000520, 0.7400010599999999883, 0.0000000000000000000 ) ) ;
#9464 = EDGE_LOOP ( 'NONE', ( #7669, #1115, #6268, #1492 ) ) ;
#9465 = CARTESIAN_POINT ( 'NONE',  ( 0.6800011799999999829, -0.8499982999999999844, 0.02000000000000000042 ) ) ;
#9466 = AXIS2_PLACEMENT_3D ( 'NONE', #6223, #5456, #8456 ) ;
#9467 =( REPRESENTATION_RELATIONSHIP ('NONE','NONE', #5544, #2919 ) REPRESENTATION_RELATIONSHIP_WITH_TRANSFORMATION ( #505 )SHAPE_REPRESENTATION_RELATIONSHIP( ) );
#9468 = DIRECTION ( 'NONE',  ( -1.000000000000000000, 0.0000000000000000000, -0.0000000000000000000 ) ) ;
#9469 = AXIS2_PLACEMENT_3D ( 'NONE', #1632, #7535, #5401 ) ;
#9470 = PRODUCT_DEFINITION ( 'UNKNOWN', '', #562, #4957 ) ;
#9471 = VECTOR ( 'NONE', #3393, 1000.000000000000000 ) ;
#9472 = ORIENTED_EDGE ( 'NONE', *, *, #758, .T. ) ;
#9474 = EDGE_CURVE ( 'NONE', #2784, #4798, #7319, .T. ) ;
#9473 = UNCERTAINTY_MEASURE_WITH_UNIT (LENGTH_MEASURE( 1.000000000000000082E-05 ), #6550, 'distance_accuracy_value', 'NONE');
#9475 = CARTESIAN_POINT ( 'NONE',  ( -0.1499997000000000136, 0.02500121999998999867, 0.02000000000000000736 ) ) ;
#9476 = EDGE_CURVE ( 'NONE', #2601, #6575, #5189, .T. ) ;
#9477 = VERTEX_POINT ( 'NONE', #6937 ) ;
#9478 = LINE ( 'NONE', #8768, #374 ) ;
#9479 = FACE_OUTER_BOUND ( 'NONE', #7581, .T. ) ;
#9480 = ORIENTED_EDGE ( 'NONE', *, *, #44, .F. ) ;
#9481 = DIRECTION ( 'NONE',  ( -0.0000000000000000000, 0.0000000000000000000, -1.000000000000000000 ) ) ;
#9482 = FACE_OUTER_BOUND ( 'NONE', #5193, .T. ) ;
#9483 = VECTOR ( 'NONE', #956, 1000.000000000000000 ) ;
#9484 = CONTEXT_DEPENDENT_SHAPE_REPRESENTATION ( #8807, #171 ) ;
#9485 = DIRECTION ( 'NONE',  ( 0.0000000000000000000, 0.0000000000000000000, 1.000000000000000000 ) ) ;
#9486 = AXIS2_PLACEMENT_3D ( 'NONE', #391, #8429, #1807 ) ;
#9487 = PRODUCT ( 'User Library-QFN-20_479711441', 'User Library-QFN-20_479711441', '', ( #3754 ) ) ;
#9488 = VERTEX_POINT ( 'NONE', #6152 ) ;
#9489 = UNCERTAINTY_MEASURE_WITH_UNIT (LENGTH_MEASURE( 1.000000000000000082E-05 ), #6757, 'distance_accuracy_value', 'NONE');
#9490 = LINE ( 'NONE', #4231, #2393 ) ;
#9491 = EDGE_CURVE ( 'NONE', #5958, #3315, #183, .T. ) ;
#9492 = SURFACE_STYLE_USAGE ( .BOTH. , #4232 ) ;
#9493 = ORIENTED_EDGE ( 'NONE', *, *, #4019, .F. ) ;
#9494 = PLANE ( 'NONE',  #4073 ) ;
#9495 = ORIENTED_EDGE ( 'NONE', *, *, #9474, .F. ) ;
#9496 = VECTOR ( 'NONE', #90, 1000.000000000000114 ) ;
#9497 = LINE ( 'NONE', #7397, #8430 ) ;
#9498 = AXIS2_PLACEMENT_3D ( 'NONE', #5751, #9394, #2819 ) ;
#9499 = EDGE_CURVE ( 'NONE', #2784, #4214, #5474, .T. ) ;
#9500 = ADVANCED_FACE ( 'NONE', ( #4017 ), #294, .T. ) ;
#9501 = NEXT_ASSEMBLY_USAGE_OCCURRENCE ( 'NAUO1', ' ', ' ', #8022, #493, $ ) ;
#9502 = NEXT_ASSEMBLY_USAGE_OCCURRENCE ( 'NAUO2', ' ', ' ', #8022, #7080, $ ) ;
#9503 = NEXT_ASSEMBLY_USAGE_OCCURRENCE ( 'NAUO3', ' ', ' ', #493, #3682, $ ) ;
#9504 = NEXT_ASSEMBLY_USAGE_OCCURRENCE ( 'NAUO4', ' ', ' ', #493, #8307, $ ) ;
#9505 = NEXT_ASSEMBLY_USAGE_OCCURRENCE ( 'NAUO5', ' ', ' ', #493, #5121, $ ) ;
#9506 = NEXT_ASSEMBLY_USAGE_OCCURRENCE ( 'NAUO6', ' ', ' ', #493, #8708, $ ) ;
#9507 = NEXT_ASSEMBLY_USAGE_OCCURRENCE ( 'NAUO7', ' ', ' ', #493, #3141, $ ) ;
#9508 = NEXT_ASSEMBLY_USAGE_OCCURRENCE ( 'NAUO8', ' ', ' ', #493, #8544, $ ) ;
#9509 = NEXT_ASSEMBLY_USAGE_OCCURRENCE ( 'NAUO9', ' ', ' ', #493, #7014, $ ) ;
#9510 = NEXT_ASSEMBLY_USAGE_OCCURRENCE ( 'NAUO10', ' ', ' ', #493, #432, $ ) ;
#9511 = NEXT_ASSEMBLY_USAGE_OCCURRENCE ( 'NAUO11', ' ', ' ', #493, #2680, $ ) ;
#9512 = NEXT_ASSEMBLY_USAGE_OCCURRENCE ( 'NAUO12', ' ', ' ', #493, #8774, $ ) ;
#9513 = NEXT_ASSEMBLY_USAGE_OCCURRENCE ( 'NAUO13', ' ', ' ', #493, #6657, $ ) ;
#9514 = NEXT_ASSEMBLY_USAGE_OCCURRENCE ( 'NAUO14', ' ', ' ', #493, #5537, $ ) ;
#9515 = NEXT_ASSEMBLY_USAGE_OCCURRENCE ( 'NAUO15', ' ', ' ', #493, #7778, $ ) ;
#9516 = NEXT_ASSEMBLY_USAGE_OCCURRENCE ( 'NAUO16', ' ', ' ', #493, #5067, $ ) ;
#9517 = NEXT_ASSEMBLY_USAGE_OCCURRENCE ( 'NAUO17', ' ', ' ', #493, #4938, $ ) ;
#9518 = NEXT_ASSEMBLY_USAGE_OCCURRENCE ( 'NAUO18', ' ', ' ', #493, #6774, $ ) ;
#9519 = NEXT_ASSEMBLY_USAGE_OCCURRENCE ( 'NAUO19', ' ', ' ', #493, #6063, $ ) ;
#9520 = NEXT_ASSEMBLY_USAGE_OCCURRENCE ( 'NAUO20', ' ', ' ', #493, #6360, $ ) ;
#9521 = NEXT_ASSEMBLY_USAGE_OCCURRENCE ( 'NAUO21', ' ', ' ', #493, #792, $ ) ;
#9522 = NEXT_ASSEMBLY_USAGE_OCCURRENCE ( 'NAUO22', ' ', ' ', #493, #206, $ ) ;
#9523 = NEXT_ASSEMBLY_USAGE_OCCURRENCE ( 'NAUO23', ' ', ' ', #493, #4633, $ ) ;
#9524 = NEXT_ASSEMBLY_USAGE_OCCURRENCE ( 'NAUO24', ' ', ' ', #493, #8659, $ ) ;
#9525 = NEXT_ASSEMBLY_USAGE_OCCURRENCE ( 'NAUO25', ' ', ' ', #493, #7955, $ ) ;
#9526 = NEXT_ASSEMBLY_USAGE_OCCURRENCE ( 'NAUO26', ' ', ' ', #493, #375, $ ) ;
#9527 = NEXT_ASSEMBLY_USAGE_OCCURRENCE ( 'NAUO27', ' ', ' ', #493, #3090, $ ) ;
#9528 = NEXT_ASSEMBLY_USAGE_OCCURRENCE ( 'NAUO28', ' ', ' ', #493, #9356, $ ) ;
#9529 = NEXT_ASSEMBLY_USAGE_OCCURRENCE ( 'NAUO29', ' ', ' ', #493, #4515, $ ) ;
#9530 = NEXT_ASSEMBLY_USAGE_OCCURRENCE ( 'NAUO30', ' ', ' ', #493, #3325, $ ) ;
#9531 = NEXT_ASSEMBLY_USAGE_OCCURRENCE ( 'NAUO31', ' ', ' ', #493, #4818, $ ) ;
#9532 = NEXT_ASSEMBLY_USAGE_OCCURRENCE ( 'NAUO32', ' ', ' ', #4818, #92, $ ) ;
#9533 = NEXT_ASSEMBLY_USAGE_OCCURRENCE ( 'NAUO33', ' ', ' ', #3325, #7541, $ ) ;
#9534 = NEXT_ASSEMBLY_USAGE_OCCURRENCE ( 'NAUO34', ' ', ' ', #4515, #3516, $ ) ;
#9535 = NEXT_ASSEMBLY_USAGE_OCCURRENCE ( 'NAUO35', ' ', ' ', #9356, #9470, $ ) ;
#9536 = NEXT_ASSEMBLY_USAGE_OCCURRENCE ( 'NAUO36', ' ', ' ', #3090, #8076, $ ) ;
#9537 = NEXT_ASSEMBLY_USAGE_OCCURRENCE ( 'NAUO37', ' ', ' ', #375, #3629, $ ) ;
#9538 = NEXT_ASSEMBLY_USAGE_OCCURRENCE ( 'NAUO38', ' ', ' ', #7955, #4213, $ ) ;
#9539 = NEXT_ASSEMBLY_USAGE_OCCURRENCE ( 'NAUO39', ' ', ' ', #8659, #2621, $ ) ;
#9540 = NEXT_ASSEMBLY_USAGE_OCCURRENCE ( 'NAUO40', ' ', ' ', #4633, #5711, $ ) ;
#9541 = NEXT_ASSEMBLY_USAGE_OCCURRENCE ( 'NAUO41', ' ', ' ', #206, #5711, $ ) ;
#9542 = NEXT_ASSEMBLY_USAGE_OCCURRENCE ( 'NAUO42', ' ', ' ', #792, #5711, $ ) ;
#9543 = NEXT_ASSEMBLY_USAGE_OCCURRENCE ( 'NAUO43', ' ', ' ', #6360, #2845, $ ) ;
#9544 = NEXT_ASSEMBLY_USAGE_OCCURRENCE ( 'NAUO44', ' ', ' ', #6063, #2845, $ ) ;
#9545 = NEXT_ASSEMBLY_USAGE_OCCURRENCE ( 'NAUO45', ' ', ' ', #6774, #2845, $ ) ;
#9546 = NEXT_ASSEMBLY_USAGE_OCCURRENCE ( 'NAUO46', ' ', ' ', #4938, #2088, $ ) ;
#9547 = NEXT_ASSEMBLY_USAGE_OCCURRENCE ( 'NAUO47', ' ', ' ', #5067, #2088, $ ) ;
#9548 = NEXT_ASSEMBLY_USAGE_OCCURRENCE ( 'NAUO48', ' ', ' ', #7778, #2088, $ ) ;
#9549 = NEXT_ASSEMBLY_USAGE_OCCURRENCE ( 'NAUO49', ' ', ' ', #5537, #141, $ ) ;
#9550 = NEXT_ASSEMBLY_USAGE_OCCURRENCE ( 'NAUO50', ' ', ' ', #6657, #2088, $ ) ;
#9551 = NEXT_ASSEMBLY_USAGE_OCCURRENCE ( 'NAUO51', ' ', ' ', #8774, #2845, $ ) ;
#9552 = NEXT_ASSEMBLY_USAGE_OCCURRENCE ( 'NAUO52', ' ', ' ', #2680, #5711, $ ) ;
#9553 = NEXT_ASSEMBLY_USAGE_OCCURRENCE ( 'NAUO53', ' ', ' ', #432, #5586, $ ) ;
#9554 = NEXT_ASSEMBLY_USAGE_OCCURRENCE ( 'NAUO54', ' ', ' ', #7014, #141, $ ) ;
#9555 = NEXT_ASSEMBLY_USAGE_OCCURRENCE ( 'NAUO55', ' ', ' ', #8544, #141, $ ) ;
#9556 = NEXT_ASSEMBLY_USAGE_OCCURRENCE ( 'NAUO56', ' ', ' ', #3141, #141, $ ) ;
#9557 = NEXT_ASSEMBLY_USAGE_OCCURRENCE ( 'NAUO57', ' ', ' ', #8708, #4997, $ ) ;
#9558 = NEXT_ASSEMBLY_USAGE_OCCURRENCE ( 'NAUO58', ' ', ' ', #5121, #5586, $ ) ;
#9559 = NEXT_ASSEMBLY_USAGE_OCCURRENCE ( 'NAUO59', ' ', ' ', #8307, #5586, $ ) ;
#9560 = NEXT_ASSEMBLY_USAGE_OCCURRENCE ( 'NAUO60', ' ', ' ', #3682, #5586, $ ) ;
ENDSEC;
END-ISO-10303-21;
