ISO-10303-21;
HEADER;
FILE_DESCRIPTION (( 'STEP AP214' ),
    '1' );
FILE_NAME ('User Library-SOIC8_(ATTINY12).STEP',
    '2020-11-05T17:08:44',
    ( '' ),
    ( '' ),
    'SwSTEP 2.0',
    'SolidWorks 2020',
    '' );
FILE_SCHEMA (( 'AUTOMOTIVE_DESIGN' ));
ENDSEC;

DATA;
#1 =( NAMED_UNIT ( * ) PLANE_ANGLE_UNIT ( ) SI_UNIT ( $, .RADIAN. ) );
#2 = EDGE_LOOP ( 'NONE', ( #1029, #967, #2497, #3727 ) ) ;
#3 = DIRECTION ( 'NONE',  ( 0.06975647374412627388, 0.9975640502598241977, -0.0000000000000000000 ) ) ;
#4 = EDGE_CURVE ( 'NONE', #3159, #1145, #5194, .T. ) ;
#5 = CARTESIAN_POINT ( 'NONE',  ( -1.955000000000000959, -0.05000000000000000278, -1.939999999999999725 ) ) ;
#6 =( LENGTH_UNIT ( ) NAMED_UNIT ( * ) SI_UNIT ( .MILLI., .METRE. ) );
#7 = PLANE ( 'NONE',  #5255 ) ;
#8 = DIRECTION ( 'NONE',  ( -0.0000000000000000000, -0.0000000000000000000, -1.000000000000000000 ) ) ;
#9 = VERTEX_POINT ( 'NONE', #4749 ) ;
#10 =( LENGTH_UNIT ( ) NAMED_UNIT ( * ) SI_UNIT ( .MILLI., .METRE. ) );
#11 = DIRECTION ( 'NONE',  ( -0.0000000000000000000, -0.0000000000000000000, -1.000000000000000000 ) ) ;
#12 = ORIENTED_EDGE ( 'NONE', *, *, #3465, .T. ) ;
#13 = EDGE_CURVE ( 'NONE', #4617, #4630, #477, .T. ) ;
#14 = CARTESIAN_POINT ( 'NONE',  ( 2.705000000000000959, -0.9249999999999998224, 1.651000000000000023 ) ) ;
#15 = FILL_AREA_STYLE_COLOUR ( '', #5118 ) ;
#16 = MECHANICAL_DESIGN_GEOMETRIC_PRESENTATION_REPRESENTATION (  '', ( #3796 ), #4888 ) ;
#17 = CARTESIAN_POINT ( 'NONE',  ( -2.705000000000000959, -0.9249999999999998224, -0.3809999999999997278 ) ) ;
#18 = ORIENTED_EDGE ( 'NONE', *, *, #5358, .T. ) ;
#19 = ORIENTED_EDGE ( 'NONE', *, *, #3394, .F. ) ;
#20 = CARTESIAN_POINT ( 'NONE',  ( -2.705000000000000959, -2.029999999999999805, -2.689999999999999503 ) ) ;
#21 = MECHANICAL_DESIGN_GEOMETRIC_PRESENTATION_REPRESENTATION (  '', ( #2012 ), #377 ) ;
#22 =( NAMED_UNIT ( * ) SI_UNIT ( $, .STERADIAN. ) SOLID_ANGLE_UNIT ( ) );
#23 = CIRCLE ( 'NONE', #290, 0.2100000000000005473 ) ;
#24 = UNCERTAINTY_MEASURE_WITH_UNIT (LENGTH_MEASURE( 1.000000000000000082E-05 ), #517, 'distance_accuracy_value', 'NONE');
#25 = CARTESIAN_POINT ( 'NONE',  ( -3.112956294435731408, -1.285773648798387292, -2.158999999999999808 ) ) ;
#26 = PRESENTATION_STYLE_ASSIGNMENT (( #4313 ) ) ;
#27 = ADVANCED_FACE ( 'NONE', ( #3091 ), #2114, .T. ) ;
#28 = COLOUR_RGB ( '',0.9058823529411764719, 0.9019607843137255054, 0.8862745098039215286 ) ;
#29 =( NAMED_UNIT ( * ) PLANE_ANGLE_UNIT ( ) SI_UNIT ( $, .RADIAN. ) );
#30 = ORIENTED_EDGE ( 'NONE', *, *, #3621, .T. ) ;
#31 = FILL_AREA_STYLE ('',( #3889 ) ) ;
#32 = FILL_AREA_STYLE_COLOUR ( '', #3913 ) ;
#33 = DIRECTION ( 'NONE',  ( -0.0000000000000000000, -0.0000000000000000000, -1.000000000000000000 ) ) ;
#34 = UNCERTAINTY_MEASURE_WITH_UNIT (LENGTH_MEASURE( 1.000000000000000082E-05 ), #1199, 'distance_accuracy_value', 'NONE');
#35 =( NAMED_UNIT ( * ) SI_UNIT ( $, .STERADIAN. ) SOLID_ANGLE_UNIT ( ) );
#36 = ORIENTED_EDGE ( 'NONE', *, *, #5553, .T. ) ;
#37 =( GEOMETRIC_REPRESENTATION_CONTEXT ( 3 ) GLOBAL_UNCERTAINTY_ASSIGNED_CONTEXT ( ( #2298 ) ) GLOBAL_UNIT_ASSIGNED_CONTEXT ( ( #4357, #3037, #866 ) ) REPRESENTATION_CONTEXT ( 'NONE', 'WORKASPACE' ) );
#38 = FILL_AREA_STYLE ('',( #66 ) ) ;
#39 = DIRECTION ( 'NONE',  ( 0.0000000000000000000, -0.0000000000000000000, 1.000000000000000000 ) ) ;
#40 = CARTESIAN_POINT ( 'NONE',  ( 3.564137829662604062, -2.276455224539564171, -0.3809999999999997278 ) ) ;
#41 = ORIENTED_EDGE ( 'NONE', *, *, #5489, .T. ) ;
#42 = VECTOR ( 'NONE', #4344, 1000.000000000000000 ) ;
#43 = DIRECTION ( 'NONE',  ( -0.0000000000000000000, -0.0000000000000000000, -1.000000000000000000 ) ) ;
#44 =( NAMED_UNIT ( * ) SI_UNIT ( $, .STERADIAN. ) SOLID_ANGLE_UNIT ( ) );
#45 = CARTESIAN_POINT ( 'NONE',  ( 3.576693994936546606, -2.096893695492795917, 0.8890000000000003455 ) ) ;
#46 = AXIS2_PLACEMENT_3D ( 'NONE', #3262, #645, #4435 ) ;
#47 = ORIENTED_EDGE ( 'NONE', *, *, #768, .F. ) ;
#48 =( GEOMETRIC_REPRESENTATION_CONTEXT ( 3 ) GLOBAL_UNCERTAINTY_ASSIGNED_CONTEXT ( ( #647 ) ) GLOBAL_UNIT_ASSIGNED_CONTEXT ( ( #4424, #4394, #2267 ) ) REPRESENTATION_CONTEXT ( 'NONE', 'WORKASPACE' ) );
#49 = ORIENTED_EDGE ( 'NONE', *, *, #2652, .T. ) ;
#50 = ADVANCED_FACE ( 'NONE', ( #5253 ), #553, .T. ) ;
#51 = CARTESIAN_POINT ( 'NONE',  ( 3.291204546809214371, -1.260722490625576953, 0.8890000000000003455 ) ) ;
#52 = COLOUR_RGB ( '',0.9058823529411764719, 0.9019607843137255054, 0.8862745098039215286 ) ;
#53 = VERTEX_POINT ( 'NONE', #609 ) ;
#54 = DIRECTION ( 'NONE',  ( 0.9902680687415713612, 0.1391731009600577773, -0.0000000000000000000 ) ) ;
#55 = DIRECTION ( 'NONE',  ( 0.0000000000000000000, 0.0000000000000000000, 1.000000000000000000 ) ) ;
#56 = VECTOR ( 'NONE', #4761, 1000.000000000000000 ) ;
#57 = ORIENTED_EDGE ( 'NONE', *, *, #3807, .F. ) ;
#58 = CARTESIAN_POINT ( 'NONE',  ( -3.112956294435731408, -1.285773648798387292, 2.159000000000000252 ) ) ;
#59 =( LENGTH_UNIT ( ) NAMED_UNIT ( * ) SI_UNIT ( .MILLI., .METRE. ) );
#60 = FILL_AREA_STYLE_COLOUR ( '', #1467 ) ;
#61 = EDGE_CURVE ( 'NONE', #5429, #1388, #3645, .T. ) ;
#62 = AXIS2_PLACEMENT_3D ( 'NONE', #2674, #4376, #513 ) ;
#63 = SURFACE_SIDE_STYLE ('',( #1215 ) ) ;
#64 =( NAMED_UNIT ( * ) SI_UNIT ( $, .STERADIAN. ) SOLID_ANGLE_UNIT ( ) );
#65 = ORIENTED_EDGE ( 'NONE', *, *, #719, .T. ) ;
#66 = FILL_AREA_STYLE_COLOUR ( '', #1554 ) ;
#67 = DIRECTION ( 'NONE',  ( -0.0000000000000000000, -0.0000000000000000000, -1.000000000000000000 ) ) ;
#68 =( NAMED_UNIT ( * ) PLANE_ANGLE_UNIT ( ) SI_UNIT ( $, .RADIAN. ) );
#69 = ORIENTED_EDGE ( 'NONE', *, *, #5562, .T. ) ;
#70 = COLOUR_RGB ( '',0.9058823529411764719, 0.9019607843137255054, 0.8862745098039215286 ) ;
#71 = STYLED_ITEM ( 'NONE', ( #3077 ), #2136 ) ;
#72 = DIRECTION ( 'NONE',  ( 0.1391731009600577773, -0.9902680687415713612, 0.0000000000000000000 ) ) ;
#73 = SURFACE_STYLE_FILL_AREA ( #2479 ) ;
#74 =( NAMED_UNIT ( * ) SI_UNIT ( $, .STERADIAN. ) SOLID_ANGLE_UNIT ( ) );
#75 = CARTESIAN_POINT ( 'NONE',  ( -2.705000000000000959, -1.179999999999988392, -2.689999999999999503 ) ) ;
#76 = EDGE_CURVE ( 'NONE', #3159, #1482, #3142, .T. ) ;
#77 = AXIS2_PLACEMENT_3D ( 'NONE', #2811, #2781, #3178 ) ;
#78 = CARTESIAN_POINT ( 'NONE',  ( -1.955000000000000959, -0.05000000000000000278, -1.939999999999999725 ) ) ;
#79 = PRESENTATION_STYLE_ASSIGNMENT (( #3850 ) ) ;
#80 = EDGE_CURVE ( 'NONE', #3500, #3320, #577, .T. ) ;
#81 =( GEOMETRIC_REPRESENTATION_CONTEXT ( 3 ) GLOBAL_UNCERTAINTY_ASSIGNED_CONTEXT ( ( #1711 ) ) GLOBAL_UNIT_ASSIGNED_CONTEXT ( ( #4863, #4005, #968 ) ) REPRESENTATION_CONTEXT ( 'NONE', 'WORKASPACE' ) );
#82 = AXIS2_PLACEMENT_3D ( 'NONE', #5402, #2866, #701 ) ;
#83 = ORIENTED_EDGE ( 'NONE', *, *, #4478, .F. ) ;
#84 = SURFACE_STYLE_FILL_AREA ( #1856 ) ;
#85 = CARTESIAN_POINT ( 'NONE',  ( 2.905000000000000693, -1.314999999999999725, 0.3810000000000003939 ) ) ;
#86 = UNCERTAINTY_MEASURE_WITH_UNIT (LENGTH_MEASURE( 1.000000000000000082E-05 ), #769, 'distance_accuracy_value', 'NONE');
#87 = ORIENTED_EDGE ( 'NONE', *, *, #2189, .F. ) ;
#88 = SURFACE_SIDE_STYLE ('',( #4828 ) ) ;
#89 = CIRCLE ( 'NONE', #1338, 0.3899999999999992917 ) ;
#90 = SURFACE_SIDE_STYLE ('',( #5451 ) ) ;
#91 = DIRECTION ( 'NONE',  ( 0.06975647374412627388, -0.9975640502598241977, 0.0000000000000000000 ) ) ;
#92 = ORIENTED_EDGE ( 'NONE', *, *, #76, .T. ) ;
#93 = FILL_AREA_STYLE ('',( #1918 ) ) ;
#94 = DIRECTION ( 'NONE',  ( 0.0000000000000000000, 0.0000000000000000000, 1.000000000000000000 ) ) ;
#95 = CARTESIAN_POINT ( 'NONE',  ( 3.564137829662604062, -2.276455224539564171, 0.8890000000000003455 ) ) ;
#96 = SURFACE_SIDE_STYLE ('',( #1897 ) ) ;
#97 = SURFACE_STYLE_USAGE ( .BOTH. , #4009 ) ;
#98 = ORIENTED_EDGE ( 'NONE', *, *, #2671, .F. ) ;
#99 = SURFACE_SIDE_STYLE ('',( #543 ) ) ;
#100 = CARTESIAN_POINT ( 'NONE',  ( -3.291204546809214371, -1.260722490625576953, 0.8890000000000003455 ) ) ;
#101 = EDGE_LOOP ( 'NONE', ( #4510, #1947, #1241, #4397, #4840, #3061, #857, #2213, #5382, #653, #3793, #2566 ) ) ;
#102 = FILL_AREA_STYLE_COLOUR ( '', #4140 ) ;
#103 = CARTESIAN_POINT ( 'NONE',  ( -3.564137829662604062, -2.276455224539564171, 0.8890000000000003455 ) ) ;
#104 = EDGE_CURVE ( 'NONE', #3514, #788, #635, .T. ) ;
#105 = DIRECTION ( 'NONE',  ( 1.000000000000000000, 0.0000000000000000000, 0.0000000000000000000 ) ) ;
#106 = CARTESIAN_POINT ( 'NONE',  ( 3.205138307613600634, -1.941682754312656023, 0.8890000000000003455 ) ) ;
#107 = SURFACE_STYLE_USAGE ( .BOTH. , #5280 ) ;
#108 = SURFACE_STYLE_USAGE ( .BOTH. , #551 ) ;
#109 = EDGE_LOOP ( 'NONE', ( #1093, #594, #2572, #2217 ) ) ;
#110 = STYLED_ITEM ( 'NONE', ( #2180 ), #4447 ) ;
#111 = FILL_AREA_STYLE_COLOUR ( '', #1973 ) ;
#112 = FILL_AREA_STYLE ('',( #3121 ) ) ;
#113 = ORIENTED_EDGE ( 'NONE', *, *, #4269, .T. ) ;
#114 = DIRECTION ( 'NONE',  ( 0.0000000000000000000, 0.0000000000000000000, 1.000000000000000000 ) ) ;
#115 = AXIS2_PLACEMENT_3D ( 'NONE', #3444, #3806, #365 ) ;
#116 = EDGE_LOOP ( 'NONE', ( #5427, #3481 ) ) ;
#117 = COLOUR_RGB ( '',0.7529411764705882248, 0.7529411764705882248, 0.7529411764705882248 ) ;
#118 = CARTESIAN_POINT ( 'NONE',  ( 4.183721917363029341, -2.319780764523383887, 0.8890000000000003455 ) ) ;
#119 = COLOUR_RGB ( '',0.5019607843137254832, 0.5019607843137254832, 0.5019607843137254832 ) ;
#120 = FILL_AREA_STYLE_COLOUR ( '', #3653 ) ;
#121 = CARTESIAN_POINT ( 'NONE',  ( -3.591342854422812980, -1.887405244938233251, -1.650999999999999801 ) ) ;
#122 = DIRECTION ( 'NONE',  ( -1.000000000000000000, 0.0000000000000000000, 0.0000000000000000000 ) ) ;
#123 = VECTOR ( 'NONE', #2637, 1000.000000000000000 ) ;
#124 = LINE ( 'NONE', #5331, #4777 ) ;
#125 = FACE_OUTER_BOUND ( 'NONE', #4260, .T. ) ;
#126 = ORIENTED_EDGE ( 'NONE', *, *, #1961, .F. ) ;
#127 = CARTESIAN_POINT ( 'NONE',  ( 3.591342854422812980, -1.887405244938233251, -0.3809999999999997278 ) ) ;
#128 = STYLED_ITEM ( 'NONE', ( #276 ), #5572 ) ;
#129 = DIRECTION ( 'NONE',  ( -1.000000000000000000, 0.0000000000000000000, -0.0000000000000000000 ) ) ;
#130 = PRESENTATION_STYLE_ASSIGNMENT (( #486 ) ) ;
#131 = ORIENTED_EDGE ( 'NONE', *, *, #1961, .T. ) ;
#132 = CARTESIAN_POINT ( 'NONE',  ( 4.183721917363029341, -2.319780764523383887, -0.3809999999999997278 ) ) ;
#133 = DIRECTION ( 'NONE',  ( -1.000000000000000000, 0.0000000000000000000, 0.0000000000000000000 ) ) ;
#134 = MECHANICAL_DESIGN_GEOMETRIC_PRESENTATION_REPRESENTATION (  '', ( #5546 ), #938 ) ;
#135 = LINE ( 'NONE', #519, #5308 ) ;
#136 = DIRECTION ( 'NONE',  ( 1.000000000000000000, 0.0000000000000000000, -0.0000000000000000000 ) ) ;
#137 = CARTESIAN_POINT ( 'NONE',  ( 4.183721917363029341, -2.319780764523383887, -1.650999999999999801 ) ) ;
#138 = AXIS2_PLACEMENT_3D ( 'NONE', #821, #3400, #311 ) ;
#139 = EDGE_CURVE ( 'NONE', #3888, #2353, #2202, .T. ) ;
#140 = EDGE_CURVE ( 'NONE', #1355, #1222, #5318, .T. ) ;
#141 = CARTESIAN_POINT ( 'NONE',  ( 2.705000000000000959, -2.029999999999999805, -2.689999999999999503 ) ) ;
#142 = COLOUR_RGB ( '',0.9058823529411764719, 0.9019607843137255054, 0.8862745098039215286 ) ;
#143 = UNCERTAINTY_MEASURE_WITH_UNIT (LENGTH_MEASURE( 1.000000000000000082E-05 ), #3213, 'distance_accuracy_value', 'NONE');
#144 = CIRCLE ( 'NONE', #4368, 0.2100000000000005473 ) ;
#145 = FACE_OUTER_BOUND ( 'NONE', #4956, .T. ) ;
#146 = ORIENTED_EDGE ( 'NONE', *, *, #902, .F. ) ;
#147 =( NAMED_UNIT ( * ) PLANE_ANGLE_UNIT ( ) SI_UNIT ( $, .RADIAN. ) );
#148 = VERTEX_POINT ( 'NONE', #1476 ) ;
#149 = DIRECTION ( 'NONE',  ( -0.0000000000000000000, -0.0000000000000000000, -1.000000000000000000 ) ) ;
#150 = FILL_AREA_STYLE ('',( #60 ) ) ;
#151 = SURFACE_STYLE_USAGE ( .BOTH. , #96 ) ;
#152 = VECTOR ( 'NONE', #1757, 1000.000000000000000 ) ;
#153 = DIRECTION ( 'NONE',  ( -0.0000000000000000000, -0.0000000000000000000, -1.000000000000000000 ) ) ;
#154 = ORIENTED_EDGE ( 'NONE', *, *, #2035, .F. ) ;
#155 = DIRECTION ( 'NONE',  ( 1.000000000000000000, 0.0000000000000000000, 0.0000000000000000000 ) ) ;
#156 = CARTESIAN_POINT ( 'NONE',  ( -4.183721917363029341, -2.319780764523383887, 2.159000000000000252 ) ) ;
#157 = CARTESIAN_POINT ( 'NONE',  ( 4.183721917363029341, -2.319780764523383887, -2.158999999999999808 ) ) ;
#158 = PRESENTATION_LAYER_ASSIGNMENT (  '', '', ( #4114 ) ) ;
#159 = ORIENTED_EDGE ( 'NONE', *, *, #1588, .F. ) ;
#160 = CARTESIAN_POINT ( 'NONE',  ( 3.291204546809214371, -1.260722490625576953, 0.3810000000000003939 ) ) ;
#161 =( LENGTH_UNIT ( ) NAMED_UNIT ( * ) SI_UNIT ( .MILLI., .METRE. ) );
#162 =( GEOMETRIC_REPRESENTATION_CONTEXT ( 3 ) GLOBAL_UNCERTAINTY_ASSIGNED_CONTEXT ( ( #4256 ) ) GLOBAL_UNIT_ASSIGNED_CONTEXT ( ( #1196, #2472, #3774 ) ) REPRESENTATION_CONTEXT ( 'NONE', 'WORKASPACE' ) );
#163 = ORIENTED_EDGE ( 'NONE', *, *, #4479, .T. ) ;
#164 = CARTESIAN_POINT ( 'NONE',  ( 3.205138307613600634, -1.941682754312656023, -0.8889999999999996794 ) ) ;
#165 = CARTESIAN_POINT ( 'NONE',  ( -2.705000000000000959, -0.9249999999999993783, 1.650999999999999801 ) ) ;
#166 = AXIS2_PLACEMENT_3D ( 'NONE', #5593, #3775, #3358 ) ;
#167 = VECTOR ( 'NONE', #4555, 1000.000000000000000 ) ;
#168 = VECTOR ( 'NONE', #4669, 1000.000000000000227 ) ;
#169 = CARTESIAN_POINT ( 'NONE',  ( -4.183721917363029341, -2.319780764523383887, -0.8889999999999996794 ) ) ;
#170 = VECTOR ( 'NONE', #3529, 1000.000000000000000 ) ;
#171 = FILL_AREA_STYLE_COLOUR ( '', #2938 ) ;
#172 = LINE ( 'NONE', #3175, #1132 ) ;
#173 = COLOUR_RGB ( '',0.2392156862745097867, 0.2588235294117646745, 0.2156862745098039325 ) ;
#174 = STYLED_ITEM ( 'NONE', ( #552 ), #2668 ) ;
#175 = ORIENTED_EDGE ( 'NONE', *, *, #1858, .T. ) ;
#176 = SURFACE_STYLE_FILL_AREA ( #3148 ) ;
#177 = CARTESIAN_POINT ( 'NONE',  ( 2.705000000000000959, -0.9249999999999998224, -2.158999999999999808 ) ) ;
#178 = ADVANCED_FACE ( 'NONE', ( #4392 ), #2802, .F. ) ;
#179 = ORIENTED_EDGE ( 'NONE', *, *, #2788, .F. ) ;
#180 = SURFACE_SIDE_STYLE ('',( #4433 ) ) ;
#181 =( GEOMETRIC_REPRESENTATION_CONTEXT ( 3 ) GLOBAL_UNCERTAINTY_ASSIGNED_CONTEXT ( ( #1831 ) ) GLOBAL_UNIT_ASSIGNED_CONTEXT ( ( #1301, #892, #4324 ) ) REPRESENTATION_CONTEXT ( 'NONE', 'WORKASPACE' ) );
#182 = DIRECTION ( 'NONE',  ( 0.0000000000000000000, 1.000000000000000000, 0.0000000000000000000 ) ) ;
#183 = FILL_AREA_STYLE_COLOUR ( '', #4544 ) ;
#184 = COLOUR_RGB ( '',0.9058823529411764719, 0.9019607843137255054, 0.8862745098039215286 ) ;
#185 = ORIENTED_EDGE ( 'NONE', *, *, #4895, .T. ) ;
#186 = CARTESIAN_POINT ( 'NONE',  ( -3.205138307613600634, -1.941682754312656023, -0.8889999999999996794 ) ) ;
#187 = FILL_AREA_STYLE_COLOUR ( '', #1195 ) ;
#188 = ORIENTED_EDGE ( 'NONE', *, *, #1700, .F. ) ;
#189 =( NAMED_UNIT ( * ) SI_UNIT ( $, .STERADIAN. ) SOLID_ANGLE_UNIT ( ) );
#190 = EDGE_LOOP ( 'NONE', ( #1062, #4065, #2070, #2730 ) ) ;
#191 = FACE_OUTER_BOUND ( 'NONE', #2977, .T. ) ;
#192 = ADVANCED_FACE ( 'NONE', ( #4078 ), #4571, .T. ) ;
#193 = CARTESIAN_POINT ( 'NONE',  ( -2.905000000000000693, -1.104999999999999538, 2.159000000000000252 ) ) ;
#194 = UNCERTAINTY_MEASURE_WITH_UNIT (LENGTH_MEASURE( 1.000000000000000082E-05 ), #1509, 'distance_accuracy_value', 'NONE');
#195 = FACE_OUTER_BOUND ( 'NONE', #925, .T. ) ;
#196 = ORIENTED_EDGE ( 'NONE', *, *, #3491, .T. ) ;
#197 = CARTESIAN_POINT ( 'NONE',  ( -3.576693994936546606, -2.096893695492795917, -2.158999999999999808 ) ) ;
#198 = VERTEX_POINT ( 'NONE', #5398 ) ;
#199 = CYLINDRICAL_SURFACE ( 'NONE', #1247, 0.3900000000000001799 ) ;
#200 = FILL_AREA_STYLE ('',( #4866 ) ) ;
#201 = CARTESIAN_POINT ( 'NONE',  ( -2.705000000000000959, -1.104999999999999760, -1.650999999999999801 ) ) ;
#202 = DIRECTION ( 'NONE',  ( 0.9659258262890690894, -0.2588190451025179084, -0.0000000000000000000 ) ) ;
#203 = EDGE_CURVE ( 'NONE', #2967, #1605, #1648, .T. ) ;
#204 = STYLED_ITEM ( 'NONE', ( #2356 ), #4545 ) ;
#205 = VECTOR ( 'NONE', #4240, 1000.000000000000000 ) ;
#206 = EDGE_LOOP ( 'NONE', ( #3901, #5155, #1628, #3909 ) ) ;
#207 = FILL_AREA_STYLE ('',( #1547 ) ) ;
#208 = VERTEX_POINT ( 'NONE', #4624 ) ;
#209 = DIRECTION ( 'NONE',  ( 0.2505628070857289225, -0.9351131265310307361, 0.2505628070857289225 ) ) ;
#210 = SURFACE_STYLE_FILL_AREA ( #982 ) ;
#211 = ORIENTED_EDGE ( 'NONE', *, *, #3880, .F. ) ;
#212 = LINE ( 'NONE', #2050, #1224 ) ;
#213 = EDGE_CURVE ( 'NONE', #2302, #800, #693, .T. ) ;
#214 = DIRECTION ( 'NONE',  ( -0.0000000000000000000, -0.0000000000000000000, -1.000000000000000000 ) ) ;
#215 = PLANE ( 'NONE',  #1502 ) ;
#216 = FILL_AREA_STYLE ('',( #268 ) ) ;
#217 = PRESENTATION_STYLE_ASSIGNMENT (( #2369 ) ) ;
#218 = ORIENTED_EDGE ( 'NONE', *, *, #4068, .T. ) ;
#219 = CIRCLE ( 'NONE', #3388, 0.3899999999999992917 ) ;
#220 = FILL_AREA_STYLE ('',( #4519 ) ) ;
#221 = EDGE_CURVE ( 'NONE', #923, #4939, #2860, .T. ) ;
#222 = FACE_OUTER_BOUND ( 'NONE', #1917, .T. ) ;
#223 = ORIENTED_EDGE ( 'NONE', *, *, #4795, .T. ) ;
#224 = DIRECTION ( 'NONE',  ( 0.0000000000000000000, 0.0000000000000000000, 1.000000000000000000 ) ) ;
#225 =( GEOMETRIC_REPRESENTATION_CONTEXT ( 3 ) GLOBAL_UNCERTAINTY_ASSIGNED_CONTEXT ( ( #538 ) ) GLOBAL_UNIT_ASSIGNED_CONTEXT ( ( #536, #4317, #475 ) ) REPRESENTATION_CONTEXT ( 'NONE', 'WORKASPACE' ) );
#226 = LINE ( 'NONE', #5379, #1455 ) ;
#227 = PLANE ( 'NONE',  #5590 ) ;
#228 = VECTOR ( 'NONE', #2346, 1000.000000000000000 ) ;
#229 = ORIENTED_EDGE ( 'NONE', *, *, #2745, .T. ) ;
#230 =( NAMED_UNIT ( * ) PLANE_ANGLE_UNIT ( ) SI_UNIT ( $, .RADIAN. ) );
#231 = EDGE_CURVE ( 'NONE', #53, #3950, #1528, .T. ) ;
#232 = DIRECTION ( 'NONE',  ( -0.0000000000000000000, -0.0000000000000000000, -1.000000000000000000 ) ) ;
#233 = ORIENTED_EDGE ( 'NONE', *, *, #4469, .T. ) ;
#234 = VECTOR ( 'NONE', #409, 1000.000000000000000 ) ;
#235 = DIRECTION ( 'NONE',  ( 0.2505628070857289225, 0.9351131265310307361, -0.2505628070857289225 ) ) ;
#236 = ORIENTED_EDGE ( 'NONE', *, *, #4479, .F. ) ;
#237 = STYLED_ITEM ( 'NONE', ( #4241 ), #1432 ) ;
#238 = EDGE_CURVE ( 'NONE', #2691, #4977, #2422, .T. ) ;
#239 = FILL_AREA_STYLE_COLOUR ( '', #5393 ) ;
#240 = DIRECTION ( 'NONE',  ( 0.0000000000000000000, 0.0000000000000000000, 1.000000000000000000 ) ) ;
#241 = EDGE_CURVE ( 'NONE', #1962, #4533, #1384, .T. ) ;
#242 = DIRECTION ( 'NONE',  ( -1.000000000000000000, 0.0000000000000000000, 0.0000000000000000000 ) ) ;
#243 = VECTOR ( 'NONE', #3090, 1000.000000000000000 ) ;
#244 = CIRCLE ( 'NONE', #5483, 0.3900000000000001799 ) ;
#245 = PRESENTATION_LAYER_ASSIGNMENT (  '', '', ( #2506 ) ) ;
#246 = VECTOR ( 'NONE', #336, 1000.000000000000000 ) ;
#247 = VERTEX_POINT ( 'NONE', #2941 ) ;
#248 = FILL_AREA_STYLE ('',( #4195 ) ) ;
#249 = FILL_AREA_STYLE_COLOUR ( '', #142 ) ;
#250 = UNCERTAINTY_MEASURE_WITH_UNIT (LENGTH_MEASURE( 1.000000000000000082E-05 ), #4853, 'distance_accuracy_value', 'NONE');
#251 = COLOUR_RGB ( '',0.9058823529411764719, 0.9019607843137255054, 0.8862745098039215286 ) ;
#252 =( NAMED_UNIT ( * ) PLANE_ANGLE_UNIT ( ) SI_UNIT ( $, .RADIAN. ) );
#253 = PRESENTATION_LAYER_ASSIGNMENT (  '', '', ( #3333 ) ) ;
#254 = CARTESIAN_POINT ( 'NONE',  ( -3.291204546809214371, -1.260722490625576953, -2.158999999999999808 ) ) ;
#255 = AXIS2_PLACEMENT_3D ( 'NONE', #141, #1886, #494 ) ;
#256 = ORIENTED_EDGE ( 'NONE', *, *, #3196, .F. ) ;
#257 = CARTESIAN_POINT ( 'NONE',  ( -3.112956294435731408, -1.285773648798387292, -0.8889999999999996794 ) ) ;
#258 = PRODUCT_DEFINITION_CONTEXT ( 'detailed design', #4872, 'design' ) ;
#259 = MECHANICAL_DESIGN_GEOMETRIC_PRESENTATION_REPRESENTATION (  '', ( #798 ), #4042 ) ;
#260 = ORIENTED_EDGE ( 'NONE', *, *, #5177, .T. ) ;
#261 = SURFACE_SIDE_STYLE ('',( #285 ) ) ;
#262 =( LENGTH_UNIT ( ) NAMED_UNIT ( * ) SI_UNIT ( .MILLI., .METRE. ) );
#263 = ORIENTED_EDGE ( 'NONE', *, *, #3823, .F. ) ;
#264 = DIRECTION ( 'NONE',  ( -0.0000000000000000000, -0.0000000000000000000, -1.000000000000000000 ) ) ;
#265 = EDGE_CURVE ( 'NONE', #5557, #941, #300, .T. ) ;
#266 = DIRECTION ( 'NONE',  ( -0.0000000000000000000, -0.0000000000000000000, -1.000000000000000000 ) ) ;
#267 = DIRECTION ( 'NONE',  ( 0.0000000000000000000, -1.000000000000000000, 0.0000000000000000000 ) ) ;
#268 = FILL_AREA_STYLE_COLOUR ( '', #4268 ) ;
#269 =( NAMED_UNIT ( * ) SI_UNIT ( $, .STERADIAN. ) SOLID_ANGLE_UNIT ( ) );
#270 = DIRECTION ( 'NONE',  ( -0.9975640502598243087, -0.06975647374412492774, 0.0000000000000000000 ) ) ;
#271 = ORIENTED_EDGE ( 'NONE', *, *, #3851, .T. ) ;
#272 =( LENGTH_UNIT ( ) NAMED_UNIT ( * ) SI_UNIT ( .MILLI., .METRE. ) );
#273 = ORIENTED_EDGE ( 'NONE', *, *, #4553, .F. ) ;
#274 = FACE_OUTER_BOUND ( 'NONE', #3339, .T. ) ;
#275 = SURFACE_STYLE_USAGE ( .BOTH. , #2455 ) ;
#276 = PRESENTATION_STYLE_ASSIGNMENT (( #4497 ) ) ;
#277 = SURFACE_SIDE_STYLE ('',( #4635 ) ) ;
#278 = CARTESIAN_POINT ( 'NONE',  ( -3.576693994936546606, -2.096893695492795917, 2.159000000000000252 ) ) ;
#279 = STYLED_ITEM ( 'NONE', ( #5076 ), #4312 ) ;
#280 = ORIENTED_EDGE ( 'NONE', *, *, #815, .F. ) ;
#281 = SURFACE_STYLE_USAGE ( .BOTH. , #3374 ) ;
#282 = FACE_OUTER_BOUND ( 'NONE', #3082, .T. ) ;
#283 = EDGE_LOOP ( 'NONE', ( #2294, #4810, #5242, #5567 ) ) ;
#284 = PRESENTATION_LAYER_ASSIGNMENT (  '', '', ( #1185 ) ) ;
#285 = SURFACE_STYLE_FILL_AREA ( #1168 ) ;
#286 = SURFACE_STYLE_FILL_AREA ( #1144 ) ;
#287 = ORIENTED_EDGE ( 'NONE', *, *, #1243, .T. ) ;
#288 = EDGE_CURVE ( 'NONE', #5537, #403, #5277, .T. ) ;
#289 = VECTOR ( 'NONE', #612, 1000.000000000000000 ) ;
#290 = AXIS2_PLACEMENT_3D ( 'NONE', #3991, #2225, #2288 ) ;
#291 = AXIS2_PLACEMENT_3D ( 'NONE', #1847, #2762, #2306 ) ;
#292 = DIRECTION ( 'NONE',  ( -0.0000000000000000000, -0.0000000000000000000, -1.000000000000000000 ) ) ;
#293 = LINE ( 'NONE', #692, #2974 ) ;
#294 = DIRECTION ( 'NONE',  ( -0.0000000000000000000, -0.0000000000000000000, -1.000000000000000000 ) ) ;
#295 = EDGE_CURVE ( 'NONE', #4533, #1962, #1287, .T. ) ;
#296 = EDGE_CURVE ( 'NONE', #3865, #3070, #2848, .T. ) ;
#297 = VECTOR ( 'NONE', #3813, 1000.000000000000114 ) ;
#298 = VERTEX_POINT ( 'NONE', #4108 ) ;
#299 = FILL_AREA_STYLE_COLOUR ( '', #4403 ) ;
#300 = CIRCLE ( 'NONE', #3737, 0.2100000000000005473 ) ;
#301 = ORIENTED_EDGE ( 'NONE', *, *, #3723, .T. ) ;
#302 =( NAMED_UNIT ( * ) PLANE_ANGLE_UNIT ( ) SI_UNIT ( $, .RADIAN. ) );
#303 =( GEOMETRIC_REPRESENTATION_CONTEXT ( 3 ) GLOBAL_UNCERTAINTY_ASSIGNED_CONTEXT ( ( #879 ) ) GLOBAL_UNIT_ASSIGNED_CONTEXT ( ( #2304, #230, #1004 ) ) REPRESENTATION_CONTEXT ( 'NONE', 'WORKASPACE' ) );
#304 =( NAMED_UNIT ( * ) PLANE_ANGLE_UNIT ( ) SI_UNIT ( $, .RADIAN. ) );
#305 = DIRECTION ( 'NONE',  ( 0.0000000000000000000, -0.0000000000000000000, -1.000000000000000000 ) ) ;
#306 = CARTESIAN_POINT ( 'NONE',  ( 3.591342854422812980, -1.887405244938233251, -2.158999999999999808 ) ) ;
#307 = VERTEX_POINT ( 'NONE', #3279 ) ;
#308 =( NAMED_UNIT ( * ) SI_UNIT ( $, .STERADIAN. ) SOLID_ANGLE_UNIT ( ) );
#309 = ADVANCED_FACE ( 'NONE', ( #4989 ), #1124, .T. ) ;
#310 = CIRCLE ( 'NONE', #3827, 0.2099999999999992428 ) ;
#311 = DIRECTION ( 'NONE',  ( -1.000000000000000000, 0.0000000000000000000, 0.0000000000000000000 ) ) ;
#312 = EDGE_CURVE ( 'NONE', #3527, #3362, #3106, .T. ) ;
#313 = CARTESIAN_POINT ( 'NONE',  ( -3.591342854422812980, -1.887405244938233251, 0.8890000000000003455 ) ) ;
#314 = COLOUR_RGB ( '',0.5019607843137254832, 0.5019607843137254832, 0.5019607843137254832 ) ;
#315 = DIRECTION ( 'NONE',  ( -0.1391731009600577773, -0.9902680687415713612, 0.0000000000000000000 ) ) ;
#316 = ORIENTED_EDGE ( 'NONE', *, *, #238, .T. ) ;
#317 = MECHANICAL_DESIGN_GEOMETRIC_PRESENTATION_REPRESENTATION (  '', ( #5196 ), #1048 ) ;
#318 = CARTESIAN_POINT ( 'NONE',  ( -4.196278082636971440, -2.140219235476615633, 0.8890000000000003455 ) ) ;
#319 = PRESENTATION_STYLE_ASSIGNMENT (( #1096 ) ) ;
#320 = VECTOR ( 'NONE', #3878, 1000.000000000000000 ) ;
#321 = MECHANICAL_DESIGN_GEOMETRIC_PRESENTATION_REPRESENTATION (  '', ( #2775 ), #3052 ) ;
#322 = DIRECTION ( 'NONE',  ( 0.0000000000000000000, -0.9659258262890690894, -0.2588190451025179084 ) ) ;
#323 = DIRECTION ( 'NONE',  ( -1.000000000000000000, 0.0000000000000000000, 0.0000000000000000000 ) ) ;
#324 = DIRECTION ( 'NONE',  ( -0.0000000000000000000, -0.0000000000000000000, -1.000000000000000000 ) ) ;
#325 = AXIS2_PLACEMENT_3D ( 'NONE', #2279, #2216, #1423 ) ;
#326 = ORIENTED_EDGE ( 'NONE', *, *, #4111, .F. ) ;
#327 = LINE ( 'NONE', #4629, #739 ) ;
#328 = DIRECTION ( 'NONE',  ( 0.0000000000000000000, -0.0000000000000000000, 1.000000000000000000 ) ) ;
#329 = VECTOR ( 'NONE', #489, 1000.000000000000000 ) ;
#330 = ORIENTED_EDGE ( 'NONE', *, *, #4012, .F. ) ;
#331 =( NAMED_UNIT ( * ) PLANE_ANGLE_UNIT ( ) SI_UNIT ( $, .RADIAN. ) );
#332 = MECHANICAL_DESIGN_GEOMETRIC_PRESENTATION_REPRESENTATION (  '', ( #3324 ), #3766 ) ;
#333 = DIRECTION ( 'NONE',  ( -0.0000000000000000000, -0.0000000000000000000, -1.000000000000000000 ) ) ;
#334 = LINE ( 'NONE', #5547, #3698 ) ;
#335 = EDGE_CURVE ( 'NONE', #4681, #4630, #1390, .T. ) ;
#336 = DIRECTION ( 'NONE',  ( 0.9975640502598241977, -0.06975647374412627388, 0.0000000000000000000 ) ) ;
#337 = VERTEX_POINT ( 'NONE', #2705 ) ;
#338 = CARTESIAN_POINT ( 'NONE',  ( 4.183721917363029341, -2.319780764523383887, 1.651000000000000023 ) ) ;
#339 = STYLED_ITEM ( 'NONE', ( #2175 ), #3134 ) ;
#340 = MECHANICAL_DESIGN_GEOMETRIC_PRESENTATION_REPRESENTATION (  '', ( #2249 ), #1686 ) ;
#341 = CARTESIAN_POINT ( 'NONE',  ( -3.591342854422812980, -1.887405244938233251, 1.651000000000000023 ) ) ;
#342 = FILL_AREA_STYLE_COLOUR ( '', #2648 ) ;
#343 =( GEOMETRIC_REPRESENTATION_CONTEXT ( 3 ) GLOBAL_UNCERTAINTY_ASSIGNED_CONTEXT ( ( #1160 ) ) GLOBAL_UNIT_ASSIGNED_CONTEXT ( ( #1596, #302, #3752 ) ) REPRESENTATION_CONTEXT ( 'NONE', 'WORKASPACE' ) );
#344 = VECTOR ( 'NONE', #5193, 1000.000000000000000 ) ;
#345 =( LENGTH_UNIT ( ) NAMED_UNIT ( * ) SI_UNIT ( .MILLI., .METRE. ) );
#346 = VERTEX_POINT ( 'NONE', #2504 ) ;
#347 = MECHANICAL_DESIGN_GEOMETRIC_PRESENTATION_REPRESENTATION (  '', ( #1690 ), #4507 ) ;
#348 =( LENGTH_UNIT ( ) NAMED_UNIT ( * ) SI_UNIT ( .MILLI., .METRE. ) );
#349 = PRODUCT_DEFINITION_SHAPE ( 'NONE', 'NONE',  #3962 ) ;
#350 = ORIENTED_EDGE ( 'NONE', *, *, #1133, .T. ) ;
#351 = SURFACE_SIDE_STYLE ('',( #774 ) ) ;
#352 =( GEOMETRIC_REPRESENTATION_CONTEXT ( 3 ) GLOBAL_UNCERTAINTY_ASSIGNED_CONTEXT ( ( #706 ) ) GLOBAL_UNIT_ASSIGNED_CONTEXT ( ( #2554, #3929, #452 ) ) REPRESENTATION_CONTEXT ( 'NONE', 'WORKASPACE' ) );
#353 = PLANE ( 'NONE',  #1960 ) ;
#354 = CARTESIAN_POINT ( 'NONE',  ( -2.491542150998082850, -0.05336446225047890290, 2.476542150998081837 ) ) ;
#355 = EDGE_CURVE ( 'NONE', #5275, #3211, #1292, .T. ) ;
#356 = SURFACE_STYLE_USAGE ( .BOTH. , #3777 ) ;
#357 = VECTOR ( 'NONE', #845, 1000.000000000000000 ) ;
#358 = ORIENTED_EDGE ( 'NONE', *, *, #368, .F. ) ;
#359 = SURFACE_STYLE_USAGE ( .BOTH. , #2508 ) ;
#360 = SURFACE_SIDE_STYLE ('',( #1309 ) ) ;
#361 = ORIENTED_EDGE ( 'NONE', *, *, #2080, .T. ) ;
#362 = SURFACE_SIDE_STYLE ('',( #1131 ) ) ;
#363 = SHAPE_DEFINITION_REPRESENTATION ( #349, #1706 ) ;
#364 = UNCERTAINTY_MEASURE_WITH_UNIT (LENGTH_MEASURE( 1.000000000000000082E-05 ), #2906, 'distance_accuracy_value', 'NONE');
#365 = DIRECTION ( 'NONE',  ( -1.000000000000000000, 1.032573497605245971E-15, 0.0000000000000000000 ) ) ;
#366 = ORIENTED_EDGE ( 'NONE', *, *, #335, .T. ) ;
#367 = SURFACE_SIDE_STYLE ('',( #1629 ) ) ;
#368 = EDGE_CURVE ( 'NONE', #3320, #4467, #3463, .T. ) ;
#369 = CIRCLE ( 'NONE', #3531, 0.3900000000000001799 ) ;
#370 = DIRECTION ( 'NONE',  ( 0.1391731009600577773, -0.9902680687415713612, 0.0000000000000000000 ) ) ;
#371 = SURFACE_STYLE_USAGE ( .BOTH. , #743 ) ;
#372 = EDGE_LOOP ( 'NONE', ( #4280, #5516, #5403, #4323 ) ) ;
#373 = CARTESIAN_POINT ( 'NONE',  ( -2.905000000000000693, -0.9249999999999993783, -0.3809999999999997278 ) ) ;
#374 = VECTOR ( 'NONE', #451, 1000.000000000000000 ) ;
#375 = ORIENTED_EDGE ( 'NONE', *, *, #4242, .F. ) ;
#376 = CARTESIAN_POINT ( 'NONE',  ( 2.705000000000000959, -1.179999999999988392, -2.689999999999999503 ) ) ;
#377 =( GEOMETRIC_REPRESENTATION_CONTEXT ( 3 ) GLOBAL_UNCERTAINTY_ASSIGNED_CONTEXT ( ( #4080 ) ) GLOBAL_UNIT_ASSIGNED_CONTEXT ( ( #2952, #390, #2120 ) ) REPRESENTATION_CONTEXT ( 'NONE', 'WORKASPACE' ) );
#378 = CARTESIAN_POINT ( 'NONE',  ( 2.705000000000000959, -1.104999999999999760, 2.159000000000000252 ) ) ;
#379 = VECTOR ( 'NONE', #827, 1000.000000000000114 ) ;
#380 = CARTESIAN_POINT ( 'NONE',  ( 2.367234344814621139, -2.440558586203630309, 2.352234344814620570 ) ) ;
#381 = EDGE_CURVE ( 'NONE', #2611, #1520, #3797, .T. ) ;
#382 = DIRECTION ( 'NONE',  ( -0.0000000000000000000, -0.0000000000000000000, -1.000000000000000000 ) ) ;
#383 = EDGE_CURVE ( 'NONE', #5231, #5151, #3160, .T. ) ;
#384 = AXIS2_PLACEMENT_3D ( 'NONE', #3569, #1354, #3131 ) ;
#385 = ORIENTED_EDGE ( 'NONE', *, *, #5420, .F. ) ;
#386 = SURFACE_STYLE_FILL_AREA ( #1358 ) ;
#387 = CARTESIAN_POINT ( 'NONE',  ( -3.291204546809214371, -1.260722490625576953, -1.650999999999999801 ) ) ;
#388 = ORIENTED_EDGE ( 'NONE', *, *, #5003, .T. ) ;
#389 = CARTESIAN_POINT ( 'NONE',  ( -2.905000000000000693, -1.104999999999999538, 0.8890000000000003455 ) ) ;
#390 =( NAMED_UNIT ( * ) PLANE_ANGLE_UNIT ( ) SI_UNIT ( $, .RADIAN. ) );
#391 = ORIENTED_EDGE ( 'NONE', *, *, #1350, .F. ) ;
#392 = AXIS2_PLACEMENT_3D ( 'NONE', #2345, #3580, #3635 ) ;
#393 = CARTESIAN_POINT ( 'NONE',  ( -2.705000000000000959, -2.029999999999999805, -2.689999999999999503 ) ) ;
#394 = ORIENTED_EDGE ( 'NONE', *, *, #5527, .F. ) ;
#395 =( LENGTH_UNIT ( ) NAMED_UNIT ( * ) SI_UNIT ( .MILLI., .METRE. ) );
#396 = DIRECTION ( 'NONE',  ( -0.0000000000000000000, 1.000000000000000000, 0.0000000000000000000 ) ) ;
#397 = SURFACE_STYLE_USAGE ( .BOTH. , #851 ) ;
#398 = LINE ( 'NONE', #1323, #5046 ) ;
#399 = PLANE ( 'NONE',  #3235 ) ;
#400 = EDGE_CURVE ( 'NONE', #1142, #2691, #2636, .T. ) ;
#401 = ORIENTED_EDGE ( 'NONE', *, *, #1720, .T. ) ;
#402 = FACE_OUTER_BOUND ( 'NONE', #116, .T. ) ;
#403 = VERTEX_POINT ( 'NONE', #943 ) ;
#404 = PRESENTATION_LAYER_ASSIGNMENT (  '', '', ( #2951 ) ) ;
#405 = FILL_AREA_STYLE ('',( #3029 ) ) ;
#406 = EDGE_CURVE ( 'NONE', #4432, #514, #2672, .T. ) ;
#407 =( LENGTH_UNIT ( ) NAMED_UNIT ( * ) SI_UNIT ( .MILLI., .METRE. ) );
#408 = STYLED_ITEM ( 'NONE', ( #3336 ), #1083 ) ;
#409 = DIRECTION ( 'NONE',  ( -0.0000000000000000000, -0.0000000000000000000, -1.000000000000000000 ) ) ;
#410 =( GEOMETRIC_REPRESENTATION_CONTEXT ( 3 ) GLOBAL_UNCERTAINTY_ASSIGNED_CONTEXT ( ( #3203 ) ) GLOBAL_UNIT_ASSIGNED_CONTEXT ( ( #348, #4270, #2104 ) ) REPRESENTATION_CONTEXT ( 'NONE', 'WORKASPACE' ) );
#411 = EDGE_CURVE ( 'NONE', #1049, #2528, #4217, .T. ) ;
#412 = ORIENTED_EDGE ( 'NONE', *, *, #2900, .F. ) ;
#413 = FILL_AREA_STYLE_COLOUR ( '', #4037 ) ;
#414 = ORIENTED_EDGE ( 'NONE', *, *, #1194, .F. ) ;
#415 = DIRECTION ( 'NONE',  ( 0.0000000000000000000, 0.0000000000000000000, -1.000000000000000000 ) ) ;
#416 = UNCERTAINTY_MEASURE_WITH_UNIT (LENGTH_MEASURE( 1.000000000000000082E-05 ), #1317, 'distance_accuracy_value', 'NONE');
#417 =( NAMED_UNIT ( * ) PLANE_ANGLE_UNIT ( ) SI_UNIT ( $, .RADIAN. ) );
#418 = STYLED_ITEM ( 'NONE', ( #437 ), #1974 ) ;
#419 = FILL_AREA_STYLE ('',( #2596 ) ) ;
#420 = CARTESIAN_POINT ( 'NONE',  ( -3.576693994936546606, -2.096893695492795917, 0.8890000000000003455 ) ) ;
#421 = ORIENTED_EDGE ( 'NONE', *, *, #2245, .T. ) ;
#422 = SURFACE_SIDE_STYLE ('',( #2546 ) ) ;
#423 = FACE_OUTER_BOUND ( 'NONE', #3967, .T. ) ;
#424 = EDGE_CURVE ( 'NONE', #5540, #3500, #1787, .T. ) ;
#425 = PRESENTATION_LAYER_ASSIGNMENT (  '', '', ( #2241 ) ) ;
#426 = SURFACE_SIDE_STYLE ('',( #2178 ) ) ;
#427 = CIRCLE ( 'NONE', #431, 0.3900000000000001799 ) ;
#428 = DIRECTION ( 'NONE',  ( 0.0000000000000000000, 0.0000000000000000000, -1.000000000000000000 ) ) ;
#429 = CARTESIAN_POINT ( 'NONE',  ( 4.183721917363029341, -2.319780764523383887, 1.651000000000000023 ) ) ;
#430 =( GEOMETRIC_REPRESENTATION_CONTEXT ( 3 ) GLOBAL_UNCERTAINTY_ASSIGNED_CONTEXT ( ( #416 ) ) GLOBAL_UNIT_ASSIGNED_CONTEXT ( ( #1317, #2627, #4367 ) ) REPRESENTATION_CONTEXT ( 'NONE', 'WORKASPACE' ) );
#431 = AXIS2_PLACEMENT_3D ( 'NONE', #3981, #2248, #1002 ) ;
#432 = ORIENTED_EDGE ( 'NONE', *, *, #5553, .F. ) ;
#433 = CARTESIAN_POINT ( 'NONE',  ( -3.591342854422812980, -1.887405244938233251, 0.3810000000000003939 ) ) ;
#434 = ORIENTED_EDGE ( 'NONE', *, *, #3021, .T. ) ;
#435 = AXIS2_PLACEMENT_3D ( 'NONE', #1020, #4861, #2778 ) ;
#436 = CARTESIAN_POINT ( 'NONE',  ( 3.576693994936546606, -2.096893695492795917, -0.8889999999999996794 ) ) ;
#437 = PRESENTATION_STYLE_ASSIGNMENT (( #3543 ) ) ;
#438 = LINE ( 'NONE', #861, #4678 ) ;
#439 = LINE ( 'NONE', #17, #3138 ) ;
#440 = EDGE_CURVE ( 'NONE', #3200, #3058, #2109, .T. ) ;
#441 = PRESENTATION_LAYER_ASSIGNMENT (  '', '', ( #5330 ) ) ;
#442 = EDGE_LOOP ( 'NONE', ( #4589, #2736, #5522, #5261 ) ) ;
#443 = VERTEX_POINT ( 'NONE', #484 ) ;
#444 = SURFACE_STYLE_USAGE ( .BOTH. , #3466 ) ;
#445 = DIRECTION ( 'NONE',  ( 0.9902680687415713612, -0.1391731009600577773, 0.0000000000000000000 ) ) ;
#446 = FILL_AREA_STYLE_COLOUR ( '', #4480 ) ;
#447 = CARTESIAN_POINT ( 'NONE',  ( 2.705000000000000959, -0.9249999999999998224, -1.650999999999999801 ) ) ;
#448 = VERTEX_POINT ( 'NONE', #2214 ) ;
#449 = PLANE ( 'NONE',  #77 ) ;
#450 =( LENGTH_UNIT ( ) NAMED_UNIT ( * ) SI_UNIT ( .MILLI., .METRE. ) );
#451 = DIRECTION ( 'NONE',  ( -0.0000000000000000000, -0.0000000000000000000, -1.000000000000000000 ) ) ;
#452 =( NAMED_UNIT ( * ) SI_UNIT ( $, .STERADIAN. ) SOLID_ANGLE_UNIT ( ) );
#453 = CARTESIAN_POINT ( 'NONE',  ( -3.564137829662604062, -2.276455224539564171, 2.159000000000000252 ) ) ;
#454 = ORIENTED_EDGE ( 'NONE', *, *, #5504, .F. ) ;
#455 = CARTESIAN_POINT ( 'NONE',  ( -3.291204546809214371, -1.260722490625576953, 2.159000000000000252 ) ) ;
#456 = ORIENTED_EDGE ( 'NONE', *, *, #5489, .F. ) ;
#457 = FILL_AREA_STYLE ('',( #4740 ) ) ;
#458 = EDGE_CURVE ( 'NONE', #3362, #5305, #3387, .T. ) ;
#459 = DIRECTION ( 'NONE',  ( -1.000000000000000000, 0.0000000000000000000, -0.0000000000000000000 ) ) ;
#460 = SURFACE_STYLE_FILL_AREA ( #3111 ) ;
#461 = PRESENTATION_LAYER_ASSIGNMENT (  '', '', ( #2632 ) ) ;
#462 = CARTESIAN_POINT ( 'NONE',  ( -4.183721917363029341, -2.319780764523383887, 1.651000000000000023 ) ) ;
#463 = VECTOR ( 'NONE', #3861, 1000.000000000000000 ) ;
#464 = ORIENTED_EDGE ( 'NONE', *, *, #5063, .T. ) ;
#465 = DIRECTION ( 'NONE',  ( -0.0000000000000000000, -0.0000000000000000000, -1.000000000000000000 ) ) ;
#466 = EDGE_CURVE ( 'NONE', #1142, #734, #1327, .T. ) ;
#467 = ORIENTED_EDGE ( 'NONE', *, *, #981, .F. ) ;
#468 =( GEOMETRIC_REPRESENTATION_CONTEXT ( 3 ) GLOBAL_UNCERTAINTY_ASSIGNED_CONTEXT ( ( #1941 ) ) GLOBAL_UNIT_ASSIGNED_CONTEXT ( ( #5257, #5230, #1343 ) ) REPRESENTATION_CONTEXT ( 'NONE', 'WORKASPACE' ) );
#469 = PRESENTATION_LAYER_ASSIGNMENT (  '', '', ( #922 ) ) ;
#470 = LINE ( 'NONE', #4910, #4538 ) ;
#471 = ORIENTED_EDGE ( 'NONE', *, *, #3621, .F. ) ;
#472 = DIRECTION ( 'NONE',  ( 0.0000000000000000000, 0.9659258262890690894, -0.2588190451025179084 ) ) ;
#473 = MECHANICAL_DESIGN_GEOMETRIC_PRESENTATION_REPRESENTATION (  '', ( #4632 ), #5450 ) ;
#474 = ORIENTED_EDGE ( 'NONE', *, *, #3807, .T. ) ;
#475 =( NAMED_UNIT ( * ) SI_UNIT ( $, .STERADIAN. ) SOLID_ANGLE_UNIT ( ) );
#476 = PRESENTATION_LAYER_ASSIGNMENT (  '', '', ( #2753 ) ) ;
#477 = CIRCLE ( 'NONE', #1201, 0.2100000000000005473 ) ;
#478 = LINE ( 'NONE', #3814, #1100 ) ;
#479 = PRESENTATION_STYLE_ASSIGNMENT (( #2996 ) ) ;
#480 = EDGE_CURVE ( 'NONE', #5091, #247, #2303, .T. ) ;
#481 = ORIENTED_EDGE ( 'NONE', *, *, #2176, .F. ) ;
#482 = EDGE_CURVE ( 'NONE', #1444, #298, #1113, .T. ) ;
#483 = PRESENTATION_LAYER_ASSIGNMENT (  '', '', ( #2299 ) ) ;
#484 = CARTESIAN_POINT ( 'NONE',  ( -3.291204546809214371, -1.260722490625576953, 0.8890000000000003455 ) ) ;
#485 = LINE ( 'NONE', #3965, #1548 ) ;
#486 = SURFACE_STYLE_USAGE ( .BOTH. , #546 ) ;
#487 = ORIENTED_EDGE ( 'NONE', *, *, #4951, .T. ) ;
#488 = LINE ( 'NONE', #3517, #3716 ) ;
#489 = DIRECTION ( 'NONE',  ( -0.0000000000000000000, -0.0000000000000000000, -1.000000000000000000 ) ) ;
#490 = PRESENTATION_STYLE_ASSIGNMENT (( #2260 ) ) ;
#491 = SURFACE_STYLE_FILL_AREA ( #5595 ) ;
#492 = VERTEX_POINT ( 'NONE', #4094 ) ;
#493 =( GEOMETRIC_REPRESENTATION_CONTEXT ( 3 ) GLOBAL_UNCERTAINTY_ASSIGNED_CONTEXT ( ( #4437 ) ) GLOBAL_UNIT_ASSIGNED_CONTEXT ( ( #2232, #2169, #22 ) ) REPRESENTATION_CONTEXT ( 'NONE', 'WORKASPACE' ) );
#494 = DIRECTION ( 'NONE',  ( 0.0000000000000000000, 0.0000000000000000000, -1.000000000000000000 ) ) ;
#495 = FILL_AREA_STYLE ('',( #5518 ) ) ;
#496 = VECTOR ( 'NONE', #695, 1000.000000000000000 ) ;
#497 = DIRECTION ( 'NONE',  ( 0.0000000000000000000, 0.0000000000000000000, 1.000000000000000000 ) ) ;
#498 = EDGE_LOOP ( 'NONE', ( #5588, #1549, #2453, #3399 ) ) ;
#499 = PLANE ( 'NONE',  #1136 ) ;
#500 = PLANE ( 'NONE',  #5219 ) ;
#501 = COLOUR_RGB ( '',0.9058823529411764719, 0.9019607843137255054, 0.8862745098039215286 ) ;
#502 = ORIENTED_EDGE ( 'NONE', *, *, #5339, .F. ) ;
#503 = SURFACE_STYLE_FILL_AREA ( #3890 ) ;
#504 = COLOUR_RGB ( '',0.9058823529411764719, 0.9019607843137255054, 0.8862745098039215286 ) ;
#505 = SURFACE_STYLE_FILL_AREA ( #4060 ) ;
#506 = ADVANCED_FACE ( 'NONE', ( #4040 ), #1030, .F. ) ;
#507 = SURFACE_SIDE_STYLE ('',( #3647 ) ) ;
#508 = ORIENTED_EDGE ( 'NONE', *, *, #1017, .F. ) ;
#509 = CIRCLE ( 'NONE', #2799, 0.3900000000000001799 ) ;
#510 = COLOUR_RGB ( '',0.9058823529411764719, 0.9019607843137255054, 0.8862745098039215286 ) ;
#511 = CARTESIAN_POINT ( 'NONE',  ( -4.183721917363029341, -2.319780764523383887, -0.3809999999999997278 ) ) ;
#512 = LINE ( 'NONE', #5273, #2374 ) ;
#513 = DIRECTION ( 'NONE',  ( 1.000000000000000000, 1.032573497605245971E-15, 0.0000000000000000000 ) ) ;
#514 = VERTEX_POINT ( 'NONE', #186 ) ;
#515 = MECHANICAL_DESIGN_GEOMETRIC_PRESENTATION_REPRESENTATION (  '', ( #2241 ), #5122 ) ;
#516 = COLOUR_RGB ( '',0.2392156862745097867, 0.2588235294117646745, 0.2156862745098039325 ) ;
#517 =( LENGTH_UNIT ( ) NAMED_UNIT ( * ) SI_UNIT ( .MILLI., .METRE. ) );
#518 = DIRECTION ( 'NONE',  ( -0.0000000000000000000, -0.0000000000000000000, -1.000000000000000000 ) ) ;
#519 = CARTESIAN_POINT ( 'NONE',  ( -3.291204546809214371, -1.260722490625576953, -1.650999999999999801 ) ) ;
#520 = FACE_OUTER_BOUND ( 'NONE', #1715, .T. ) ;
#521 = MECHANICAL_DESIGN_GEOMETRIC_PRESENTATION_REPRESENTATION (  '', ( #2506 ), #5586 ) ;
#522 = LINE ( 'NONE', #1362, #3634 ) ;
#523 =( GEOMETRIC_REPRESENTATION_CONTEXT ( 3 ) GLOBAL_UNCERTAINTY_ASSIGNED_CONTEXT ( ( #2985 ) ) GLOBAL_UNIT_ASSIGNED_CONTEXT ( ( #3446, #5203, #2990 ) ) REPRESENTATION_CONTEXT ( 'NONE', 'WORKASPACE' ) );
#524 = AXIS2_PLACEMENT_3D ( 'NONE', #2947, #4660, #780 ) ;
#525 = ORIENTED_EDGE ( 'NONE', *, *, #4634, .T. ) ;
#526 = PRESENTATION_STYLE_ASSIGNMENT (( #958 ) ) ;
#527 = STYLED_ITEM ( 'NONE', ( #2445 ), #3437 ) ;
#528 = UNCERTAINTY_MEASURE_WITH_UNIT (LENGTH_MEASURE( 1.000000000000000082E-05 ), #2537, 'distance_accuracy_value', 'NONE');
#529 = PLANE ( 'NONE',  #1189 ) ;
#530 = EDGE_LOOP ( 'NONE', ( #3197, #2623, #3404, #628 ) ) ;
#531 = FACE_OUTER_BOUND ( 'NONE', #2060, .T. ) ;
#532 = PRESENTATION_LAYER_ASSIGNMENT (  '', '', ( #5508 ) ) ;
#533 = CARTESIAN_POINT ( 'NONE',  ( -4.183721917363029341, -2.319780764523383887, 0.8890000000000003455 ) ) ;
#534 = EDGE_CURVE ( 'NONE', #1520, #4702, #1926, .T. ) ;
#535 = ORIENTED_EDGE ( 'NONE', *, *, #3828, .F. ) ;
#536 =( LENGTH_UNIT ( ) NAMED_UNIT ( * ) SI_UNIT ( .MILLI., .METRE. ) );
#537 = DIRECTION ( 'NONE',  ( -0.9975640502598243087, -0.06975647374412492774, 0.0000000000000000000 ) ) ;
#538 = UNCERTAINTY_MEASURE_WITH_UNIT (LENGTH_MEASURE( 1.000000000000000082E-05 ), #536, 'distance_accuracy_value', 'NONE');
#539 = STYLED_ITEM ( 'NONE', ( #5113 ), #4066 ) ;
#540 = FILL_AREA_STYLE_COLOUR ( '', #3253 ) ;
#541 = LINE ( 'NONE', #1056, #1321 ) ;
#542 = ORIENTED_EDGE ( 'NONE', *, *, #1264, .F. ) ;
#543 = SURFACE_STYLE_FILL_AREA ( #38 ) ;
#544 = EDGE_CURVE ( 'NONE', #5290, #3440, #1545, .T. ) ;
#545 = PRESENTATION_STYLE_ASSIGNMENT (( #3602 ) ) ;
#546 = SURFACE_SIDE_STYLE ('',( #2307 ) ) ;
#547 = VERTEX_POINT ( 'NONE', #1494 ) ;
#548 = DIRECTION ( 'NONE',  ( -1.000000000000000000, 0.0000000000000000000, 0.0000000000000000000 ) ) ;
#549 = DIRECTION ( 'NONE',  ( -0.0000000000000000000, -0.0000000000000000000, -1.000000000000000000 ) ) ;
#550 = PLANE ( 'NONE',  #5448 ) ;
#551 = SURFACE_SIDE_STYLE ('',( #1884 ) ) ;
#552 = PRESENTATION_STYLE_ASSIGNMENT (( #1802 ) ) ;
#553 = PLANE ( 'NONE',  #3907 ) ;
#554 = ADVANCED_FACE ( 'NONE', ( #2846 ), #2384, .F. ) ;
#555 =( NAMED_UNIT ( * ) PLANE_ANGLE_UNIT ( ) SI_UNIT ( $, .RADIAN. ) );
#556 = PRESENTATION_STYLE_ASSIGNMENT (( #1407 ) ) ;
#557 = ORIENTED_EDGE ( 'NONE', *, *, #61, .F. ) ;
#558 = SURFACE_STYLE_USAGE ( .BOTH. , #4859 ) ;
#559 = DIRECTION ( 'NONE',  ( -0.0000000000000000000, -0.0000000000000000000, -1.000000000000000000 ) ) ;
#560 = SURFACE_STYLE_USAGE ( .BOTH. , #3098 ) ;
#561 = ORIENTED_EDGE ( 'NONE', *, *, #4908, .F. ) ;
#562 = DIRECTION ( 'NONE',  ( -1.000000000000000000, 0.0000000000000000000, 0.0000000000000000000 ) ) ;
#563 = CIRCLE ( 'NONE', #4721, 0.2100000000000005473 ) ;
#564 = SURFACE_SIDE_STYLE ('',( #4372 ) ) ;
#565 =( LENGTH_UNIT ( ) NAMED_UNIT ( * ) SI_UNIT ( .MILLI., .METRE. ) );
#566 = ORIENTED_EDGE ( 'NONE', *, *, #1474, .T. ) ;
#567 = DIRECTION ( 'NONE',  ( 0.0000000000000000000, 0.0000000000000000000, 1.000000000000000000 ) ) ;
#568 = FILL_AREA_STYLE_COLOUR ( '', #5020 ) ;
#569 = ORIENTED_EDGE ( 'NONE', *, *, #221, .T. ) ;
#570 =( NAMED_UNIT ( * ) PLANE_ANGLE_UNIT ( ) SI_UNIT ( $, .RADIAN. ) );
#571 = VECTOR ( 'NONE', #2029, 1000.000000000000114 ) ;
#572 = ORIENTED_EDGE ( 'NONE', *, *, #411, .T. ) ;
#573 = PRESENTATION_STYLE_ASSIGNMENT (( #4450 ) ) ;
#574 = VECTOR ( 'NONE', #5301, 1000.000000000000000 ) ;
#575 = EDGE_CURVE ( 'NONE', #1049, #5300, #3708, .T. ) ;
#576 = FILL_AREA_STYLE ('',( #111 ) ) ;
#577 = LINE ( 'NONE', #4482, #3033 ) ;
#578 = DIRECTION ( 'NONE',  ( 0.0000000000000000000, -0.0000000000000000000, -1.000000000000000000 ) ) ;
#579 = UNCERTAINTY_MEASURE_WITH_UNIT (LENGTH_MEASURE( 1.000000000000000082E-05 ), #3756, 'distance_accuracy_value', 'NONE');
#580 = EDGE_CURVE ( 'NONE', #2271, #3696, #1208, .T. ) ;
#581 = MECHANICAL_DESIGN_GEOMETRIC_PRESENTATION_REPRESENTATION (  '', ( #4010 ), #48 ) ;
#582 = LINE ( 'NONE', #2321, #4626 ) ;
#583 = ORIENTED_EDGE ( 'NONE', *, *, #4039, .F. ) ;
#584 = STYLED_ITEM ( 'NONE', ( #641 ), #4193 ) ;
#585 =( NAMED_UNIT ( * ) PLANE_ANGLE_UNIT ( ) SI_UNIT ( $, .RADIAN. ) );
#586 = EDGE_LOOP ( 'NONE', ( #4171, #2359, #1456, #2132 ) ) ;
#587 = SURFACE_STYLE_FILL_AREA ( #200 ) ;
#588 = CARTESIAN_POINT ( 'NONE',  ( 3.564137829662604062, -2.276455224539564171, 2.159000000000000252 ) ) ;
#589 = UNCERTAINTY_MEASURE_WITH_UNIT (LENGTH_MEASURE( 1.000000000000000082E-05 ), #1574, 'distance_accuracy_value', 'NONE');
#590 = ADVANCED_FACE ( 'NONE', ( #3839 ), #2072, .T. ) ;
#591 = FACE_OUTER_BOUND ( 'NONE', #4422, .T. ) ;
#592 = DIRECTION ( 'NONE',  ( 1.000000000000000000, -0.0000000000000000000, -0.0000000000000000000 ) ) ;
#593 = DIRECTION ( 'NONE',  ( 0.0000000000000000000, -0.0000000000000000000, 1.000000000000000000 ) ) ;
#594 = ORIENTED_EDGE ( 'NONE', *, *, #2962, .F. ) ;
#595 = EDGE_CURVE ( 'NONE', #2308, #4903, #3318, .T. ) ;
#596 = CARTESIAN_POINT ( 'NONE',  ( -4.183721917363029341, -2.319780764523383887, -2.158999999999999808 ) ) ;
#597 =( NAMED_UNIT ( * ) SI_UNIT ( $, .STERADIAN. ) SOLID_ANGLE_UNIT ( ) );
#598 = VERTEX_POINT ( 'NONE', #1245 ) ;
#599 = VECTOR ( 'NONE', #1668, 1000.000000000000000 ) ;
#600 = ORIENTED_EDGE ( 'NONE', *, *, #3561, .T. ) ;
#601 = CARTESIAN_POINT ( 'NONE',  ( -3.591342854422812980, -1.887405244938233251, -1.650999999999999801 ) ) ;
#602 = CARTESIAN_POINT ( 'NONE',  ( -3.383386559987083597, -1.916631596139845684, 2.159000000000000252 ) ) ;
#603 = DIRECTION ( 'NONE',  ( -0.0000000000000000000, -0.0000000000000000000, -1.000000000000000000 ) ) ;
#604 = COLOUR_RGB ( '',0.9058823529411764719, 0.9019607843137255054, 0.8862745098039215286 ) ;
#605 = VECTOR ( 'NONE', #4645, 1000.000000000000000 ) ;
#606 = AXIS2_PLACEMENT_3D ( 'NONE', #4880, #3545, #3609 ) ;
#607 = FACE_OUTER_BOUND ( 'NONE', #283, .T. ) ;
#608 = VECTOR ( 'NONE', #4584, 1000.000000000000000 ) ;
#609 = CARTESIAN_POINT ( 'NONE',  ( -3.564137829662604062, -2.276455224539564171, 2.159000000000000252 ) ) ;
#610 = CARTESIAN_POINT ( 'NONE',  ( -3.291204546809214371, -1.260722490625576953, -0.8889999999999996794 ) ) ;
#611 = EDGE_CURVE ( 'NONE', #2998, #1299, #3295, .T. ) ;
#612 = DIRECTION ( 'NONE',  ( -0.0000000000000000000, -0.0000000000000000000, -1.000000000000000000 ) ) ;
#613 = VERTEX_POINT ( 'NONE', #2547 ) ;
#614 =( NAMED_UNIT ( * ) SI_UNIT ( $, .STERADIAN. ) SOLID_ANGLE_UNIT ( ) );
#615 = DIRECTION ( 'NONE',  ( -0.0000000000000000000, -0.0000000000000000000, -1.000000000000000000 ) ) ;
#616 = ORIENTED_EDGE ( 'NONE', *, *, #2979, .T. ) ;
#617 =( NAMED_UNIT ( * ) PLANE_ANGLE_UNIT ( ) SI_UNIT ( $, .RADIAN. ) );
#618 = PRESENTATION_LAYER_ASSIGNMENT (  '', '', ( #798 ) ) ;
#619 = FACE_OUTER_BOUND ( 'NONE', #2877, .T. ) ;
#620 = SURFACE_STYLE_USAGE ( .BOTH. , #4500 ) ;
#621 = MECHANICAL_DESIGN_GEOMETRIC_PRESENTATION_REPRESENTATION (  '', ( #2897 ), #3693 ) ;
#622 = CARTESIAN_POINT ( 'NONE',  ( -4.183721917363029341, -2.319780764523383887, 1.651000000000000023 ) ) ;
#623 = SURFACE_STYLE_USAGE ( .BOTH. , #507 ) ;
#624 = ORIENTED_EDGE ( 'NONE', *, *, #1811, .T. ) ;
#625 = FILL_AREA_STYLE ('',( #1058 ) ) ;
#626 = PRESENTATION_LAYER_ASSIGNMENT (  '', '', ( #4049 ) ) ;
#627 = CARTESIAN_POINT ( 'NONE',  ( 3.591342854422812980, -1.887405244938233251, 2.159000000000000252 ) ) ;
#628 = ORIENTED_EDGE ( 'NONE', *, *, #2788, .T. ) ;
#629 = FILL_AREA_STYLE_COLOUR ( '', #5228 ) ;
#630 = ORIENTED_EDGE ( 'NONE', *, *, #5250, .F. ) ;
#631 = SURFACE_STYLE_FILL_AREA ( #2520 ) ;
#632 = LINE ( 'NONE', #2133, #2639 ) ;
#633 = DIRECTION ( 'NONE',  ( 0.1391731009600577773, -0.9902680687415713612, 0.0000000000000000000 ) ) ;
#634 = PRESENTATION_STYLE_ASSIGNMENT (( #3745 ) ) ;
#635 = LINE ( 'NONE', #3996, #4643 ) ;
#636 = CARTESIAN_POINT ( 'NONE',  ( 2.705000000000000959, -1.104999999999999760, 1.651000000000000023 ) ) ;
#637 = UNCERTAINTY_MEASURE_WITH_UNIT (LENGTH_MEASURE( 1.000000000000000082E-05 ), #5428, 'distance_accuracy_value', 'NONE');
#638 = CARTESIAN_POINT ( 'NONE',  ( 3.205138307613600634, -1.941682754312656023, -0.3809999999999997278 ) ) ;
#639 = ORIENTED_EDGE ( 'NONE', *, *, #335, .F. ) ;
#640 = EDGE_CURVE ( 'NONE', #3812, #3842, #219, .T. ) ;
#641 = PRESENTATION_STYLE_ASSIGNMENT (( #2777 ) ) ;
#642 = ADVANCED_FACE ( 'NONE', ( #2492 ), #2903, .T. ) ;
#643 = EDGE_LOOP ( 'NONE', ( #3434, #2716, #1665, #5417, #3829, #4607, #2174, #1534, #1958, #2407, #41, #5043 ) ) ;
#644 = CARTESIAN_POINT ( 'NONE',  ( -2.705000000000000959, -0.8500000000000113021, -2.689999999999999503 ) ) ;
#645 = DIRECTION ( 'NONE',  ( 0.9902680687415713612, -0.1391731009600577773, 0.0000000000000000000 ) ) ;
#646 = CARTESIAN_POINT ( 'NONE',  ( 3.576693994936546606, -2.096893695492795917, 0.8890000000000003455 ) ) ;
#647 = UNCERTAINTY_MEASURE_WITH_UNIT (LENGTH_MEASURE( 1.000000000000000082E-05 ), #4424, 'distance_accuracy_value', 'NONE');
#648 =( GEOMETRIC_REPRESENTATION_CONTEXT ( 3 ) GLOBAL_UNCERTAINTY_ASSIGNED_CONTEXT ( ( #3583 ) ) GLOBAL_UNIT_ASSIGNED_CONTEXT ( ( #2784, #4808, #4890 ) ) REPRESENTATION_CONTEXT ( 'NONE', 'WORKASPACE' ) );
#649 = DIRECTION ( 'NONE',  ( -0.0000000000000000000, -0.0000000000000000000, -1.000000000000000000 ) ) ;
#650 = EDGE_CURVE ( 'NONE', #1576, #2945, #4178, .T. ) ;
#651 =( GEOMETRIC_REPRESENTATION_CONTEXT ( 3 ) GLOBAL_UNCERTAINTY_ASSIGNED_CONTEXT ( ( #4953 ) ) GLOBAL_UNIT_ASSIGNED_CONTEXT ( ( #4228, #3940, #1624 ) ) REPRESENTATION_CONTEXT ( 'NONE', 'WORKASPACE' ) );
#652 = CARTESIAN_POINT ( 'NONE',  ( 3.291204546809214371, -1.260722490625576953, 0.3810000000000003939 ) ) ;
#653 = ORIENTED_EDGE ( 'NONE', *, *, #5323, .T. ) ;
#654 = DIRECTION ( 'NONE',  ( 0.06975647374412627388, -0.9975640502598241977, 0.0000000000000000000 ) ) ;
#655 = FILL_AREA_STYLE_COLOUR ( '', #28 ) ;
#656 = COLOUR_RGB ( '',0.5019607843137254832, 0.5019607843137254832, 0.5019607843137254832 ) ;
#657 = AXIS2_PLACEMENT_3D ( 'NONE', #627, #4095, #4979 ) ;
#658 = ORIENTED_EDGE ( 'NONE', *, *, #4427, .F. ) ;
#659 = EDGE_CURVE ( 'NONE', #443, #492, #4781, .T. ) ;
#660 = LINE ( 'NONE', #5010, #2430 ) ;
#661 = LINE ( 'NONE', #3187, #1269 ) ;
#662 = EDGE_LOOP ( 'NONE', ( #2588, #686, #675, #875 ) ) ;
#663 = VECTOR ( 'NONE', #1810, 1000.000000000000000 ) ;
#664 =( NAMED_UNIT ( * ) PLANE_ANGLE_UNIT ( ) SI_UNIT ( $, .RADIAN. ) );
#665 = DIRECTION ( 'NONE',  ( 0.9975640502598241977, -0.06975647374412627388, 0.0000000000000000000 ) ) ;
#666 = CARTESIAN_POINT ( 'NONE',  ( 3.564137829662604062, -2.276455224539564171, -1.650999999999999801 ) ) ;
#667 = FILL_AREA_STYLE ('',( #1527 ) ) ;
#668 = CARTESIAN_POINT ( 'NONE',  ( -1.955000000000000959, -0.05000000000000000278, -1.939999999999999725 ) ) ;
#669 =( NAMED_UNIT ( * ) PLANE_ANGLE_UNIT ( ) SI_UNIT ( $, .RADIAN. ) );
#670 = FILL_AREA_STYLE ('',( #1533 ) ) ;
#671 = VERTEX_POINT ( 'NONE', #1349 ) ;
#672 = COLOUR_RGB ( '',0.9058823529411764719, 0.9019607843137255054, 0.8862745098039215286 ) ;
#673 = CARTESIAN_POINT ( 'NONE',  ( 3.564137829662604062, -2.276455224539564171, 0.8890000000000003455 ) ) ;
#674 = CARTESIAN_POINT ( 'NONE',  ( -2.705000000000000959, -1.104999999999999760, -0.3809999999999997278 ) ) ;
#675 = ORIENTED_EDGE ( 'NONE', *, *, #1804, .F. ) ;
#676 = VECTOR ( 'NONE', #5140, 1000.000000000000000 ) ;
#677 = DIRECTION ( 'NONE',  ( 0.9975640502598241977, -0.06975647374412627388, 0.0000000000000000000 ) ) ;
#678 = VECTOR ( 'NONE', #382, 1000.000000000000000 ) ;
#679 = ORIENTED_EDGE ( 'NONE', *, *, #3445, .F. ) ;
#680 = PRESENTATION_STYLE_ASSIGNMENT (( #4156 ) ) ;
#681 = EDGE_CURVE ( 'NONE', #4209, #5371, #5378, .T. ) ;
#682 = ORIENTED_EDGE ( 'NONE', *, *, #5152, .F. ) ;
#683 = MECHANICAL_DESIGN_GEOMETRIC_PRESENTATION_REPRESENTATION (  '', ( #237 ), #410 ) ;
#684 = CARTESIAN_POINT ( 'NONE',  ( -3.591342854422812980, -1.887405244938233251, -0.3809999999999997278 ) ) ;
#685 = CYLINDRICAL_SURFACE ( 'NONE', #2699, 0.2099999999999992428 ) ;
#686 = ORIENTED_EDGE ( 'NONE', *, *, #4393, .F. ) ;
#687 = PRESENTATION_LAYER_ASSIGNMENT (  '', '', ( #1307 ) ) ;
#688 =( LENGTH_UNIT ( ) NAMED_UNIT ( * ) SI_UNIT ( .MILLI., .METRE. ) );
#689 = VECTOR ( 'NONE', #3250, 1000.000000000000000 ) ;
#690 = DIRECTION ( 'NONE',  ( -0.9975640502598241977, -0.06975647374412627388, 0.0000000000000000000 ) ) ;
#691 = CARTESIAN_POINT ( 'NONE',  ( -3.564137829662604062, -2.276455224539564171, -0.3809999999999997278 ) ) ;
#692 = CARTESIAN_POINT ( 'NONE',  ( 3.576693994936546606, -2.096893695492795917, 2.159000000000000252 ) ) ;
#693 = LINE ( 'NONE', #5072, #2111 ) ;
#694 =( GEOMETRIC_REPRESENTATION_CONTEXT ( 3 ) GLOBAL_UNCERTAINTY_ASSIGNED_CONTEXT ( ( #2233 ) ) GLOBAL_UNIT_ASSIGNED_CONTEXT ( ( #3334, #2912, #1910 ) ) REPRESENTATION_CONTEXT ( 'NONE', 'WORKASPACE' ) );
#695 = DIRECTION ( 'NONE',  ( 1.000000000000000000, 0.0000000000000000000, 0.0000000000000000000 ) ) ;
#696 = EDGE_CURVE ( 'NONE', #3791, #4271, #3212, .T. ) ;
#697 = VECTOR ( 'NONE', #3838, 1000.000000000000114 ) ;
#698 = VECTOR ( 'NONE', #3206, 1000.000000000000000 ) ;
#699 = ORIENTED_EDGE ( 'NONE', *, *, #2825, .F. ) ;
#700 = FACE_OUTER_BOUND ( 'NONE', #830, .T. ) ;
#701 = DIRECTION ( 'NONE',  ( 0.0000000000000000000, 0.0000000000000000000, 1.000000000000000000 ) ) ;
#702 = ORIENTED_EDGE ( 'NONE', *, *, #1236, .T. ) ;
#703 = DIRECTION ( 'NONE',  ( -0.1391731009600577773, -0.9902680687415713612, 0.0000000000000000000 ) ) ;
#704 = AXIS2_PLACEMENT_3D ( 'NONE', #3591, #149, #562 ) ;
#705 = LINE ( 'NONE', #4972, #1836 ) ;
#706 = UNCERTAINTY_MEASURE_WITH_UNIT (LENGTH_MEASURE( 1.000000000000000082E-05 ), #2554, 'distance_accuracy_value', 'NONE');
#707 = FACE_OUTER_BOUND ( 'NONE', #586, .T. ) ;
#708 = EDGE_CURVE ( 'NONE', #3788, #3486, #310, .T. ) ;
#709 = CARTESIAN_POINT ( 'NONE',  ( -3.112956294435731408, -1.285773648798387292, -0.3809999999999997278 ) ) ;
#710 = CIRCLE ( 'NONE', #4692, 0.3900000000000001799 ) ;
#711 = LINE ( 'NONE', #738, #608 ) ;
#712 = PRESENTATION_LAYER_ASSIGNMENT (  '', '', ( #3165 ) ) ;
#713 = ORIENTED_EDGE ( 'NONE', *, *, #80, .F. ) ;
#714 =( NAMED_UNIT ( * ) SI_UNIT ( $, .STERADIAN. ) SOLID_ANGLE_UNIT ( ) );
#715 = PRESENTATION_LAYER_ASSIGNMENT (  '', '', ( #2897 ) ) ;
#716 = VERTEX_POINT ( 'NONE', #1381 ) ;
#717 = DIRECTION ( 'NONE',  ( -0.0000000000000000000, -0.0000000000000000000, -1.000000000000000000 ) ) ;
#718 = ADVANCED_FACE ( 'NONE', ( #423 ), #909, .F. ) ;
#719 = EDGE_CURVE ( 'NONE', #716, #3486, #1267, .T. ) ;
#720 = ORIENTED_EDGE ( 'NONE', *, *, #2261, .T. ) ;
#721 = COLOUR_RGB ( '',0.9058823529411764719, 0.9019607843137255054, 0.8862745098039215286 ) ;
#722 = PRESENTATION_STYLE_ASSIGNMENT (( #3245 ) ) ;
#723 = PRESENTATION_LAYER_ASSIGNMENT (  '', '', ( #2527 ) ) ;
#724 = DIRECTION ( 'NONE',  ( -0.0000000000000000000, -0.0000000000000000000, -1.000000000000000000 ) ) ;
#725 = LINE ( 'NONE', #1701, #2783 ) ;
#726 = PLANE ( 'NONE',  #5486 ) ;
#727 =( LENGTH_UNIT ( ) NAMED_UNIT ( * ) SI_UNIT ( .MILLI., .METRE. ) );
#728 = CARTESIAN_POINT ( 'NONE',  ( -2.705000000000000959, -1.179999999999988392, 2.689999999999999503 ) ) ;
#729 = ADVANCED_FACE ( 'NONE', ( #3957 ), #5264, .F. ) ;
#730 = ORIENTED_EDGE ( 'NONE', *, *, #2363, .F. ) ;
#731 = SURFACE_STYLE_FILL_AREA ( #3224 ) ;
#732 = ADVANCED_FACE ( 'NONE', ( #2757 ), #5376, .F. ) ;
#733 =( NAMED_UNIT ( * ) PLANE_ANGLE_UNIT ( ) SI_UNIT ( $, .RADIAN. ) );
#734 = VERTEX_POINT ( 'NONE', #1950 ) ;
#735 = LINE ( 'NONE', #4551, #2419 ) ;
#736 = CARTESIAN_POINT ( 'NONE',  ( -3.564137829662604062, -2.276455224539564171, -0.3809999999999997278 ) ) ;
#737 = LINE ( 'NONE', #4152, #1892 ) ;
#738 = CARTESIAN_POINT ( 'NONE',  ( -2.705000000000000959, -0.9249999999999998224, -1.650999999999999801 ) ) ;
#739 = VECTOR ( 'NONE', #3363, 1000.000000000000000 ) ;
#740 = VERTEX_POINT ( 'NONE', #3560 ) ;
#741 =( NAMED_UNIT ( * ) PLANE_ANGLE_UNIT ( ) SI_UNIT ( $, .RADIAN. ) );
#742 = VECTOR ( 'NONE', #428, 1000.000000000000000 ) ;
#743 = SURFACE_SIDE_STYLE ('',( #2047 ) ) ;
#744 = ORIENTED_EDGE ( 'NONE', *, *, #5055, .F. ) ;
#745 = AXIS2_PLACEMENT_3D ( 'NONE', #5473, #5013, #1963 ) ;
#746 = CARTESIAN_POINT ( 'NONE',  ( 2.905000000000000693, -1.314999999999999725, 2.159000000000000252 ) ) ;
#747 = FACE_OUTER_BOUND ( 'NONE', #372, .T. ) ;
#748 = STYLED_ITEM ( 'NONE', ( #2879 ), #5314 ) ;
#749 = FILL_AREA_STYLE ('',( #15 ) ) ;
#750 =( NAMED_UNIT ( * ) PLANE_ANGLE_UNIT ( ) SI_UNIT ( $, .RADIAN. ) );
#751 =( GEOMETRIC_REPRESENTATION_CONTEXT ( 3 ) GLOBAL_UNCERTAINTY_ASSIGNED_CONTEXT ( ( #2521 ) ) GLOBAL_UNIT_ASSIGNED_CONTEXT ( ( #450, #5175, #5119 ) ) REPRESENTATION_CONTEXT ( 'NONE', 'WORKASPACE' ) );
#752 = EDGE_CURVE ( 'NONE', #5300, #1915, #1865, .T. ) ;
#753 = ORIENTED_EDGE ( 'NONE', *, *, #1531, .F. ) ;
#754 =( NAMED_UNIT ( * ) SI_UNIT ( $, .STERADIAN. ) SOLID_ANGLE_UNIT ( ) );
#755 = DIRECTION ( 'NONE',  ( -1.000000000000000000, 0.0000000000000000000, 0.0000000000000000000 ) ) ;
#756 = COLOUR_RGB ( '',0.9058823529411764719, 0.9019607843137255054, 0.8862745098039215286 ) ;
#757 = VERTEX_POINT ( 'NONE', #1051 ) ;
#758 = LINE ( 'NONE', #2431, #1849 ) ;
#759 = UNCERTAINTY_MEASURE_WITH_UNIT (LENGTH_MEASURE( 1.000000000000000082E-05 ), #1835, 'distance_accuracy_value', 'NONE');
#760 = VECTOR ( 'NONE', #5213, 1000.000000000000000 ) ;
#761 = LINE ( 'NONE', #2487, #167 ) ;
#762 = VERTEX_POINT ( 'NONE', #1460 ) ;
#763 = AXIS2_PLACEMENT_3D ( 'NONE', #5, #3449, #224 ) ;
#764 = DIRECTION ( 'NONE',  ( 1.000000000000000000, 1.032573497605245971E-15, 0.0000000000000000000 ) ) ;
#765 = CARTESIAN_POINT ( 'NONE',  ( -2.153776495812703473, 1.207194123953162945, -2.138776495812702905 ) ) ;
#766 = VECTOR ( 'NONE', #4254, 1000.000000000000000 ) ;
#767 = SURFACE_STYLE_USAGE ( .BOTH. , #261 ) ;
#768 = EDGE_CURVE ( 'NONE', #2528, #3058, #1025, .T. ) ;
#769 =( LENGTH_UNIT ( ) NAMED_UNIT ( * ) SI_UNIT ( .MILLI., .METRE. ) );
#770 = ORIENTED_EDGE ( 'NONE', *, *, #2732, .T. ) ;
#771 = SURFACE_STYLE_FILL_AREA ( #3354 ) ;
#772 = PRESENTATION_LAYER_ASSIGNMENT (  '', '', ( #1221 ) ) ;
#773 = ORIENTED_EDGE ( 'NONE', *, *, #3491, .F. ) ;
#774 = SURFACE_STYLE_FILL_AREA ( #1525 ) ;
#775 = PLANE ( 'NONE',  #3581 ) ;
#776 = DIRECTION ( 'NONE',  ( -1.000000000000000000, 0.0000000000000000000, 0.0000000000000000000 ) ) ;
#777 = AXIS2_PLACEMENT_3D ( 'NONE', #4812, #2735, #3162 ) ;
#778 = VERTEX_POINT ( 'NONE', #4494 ) ;
#779 = DIRECTION ( 'NONE',  ( -0.0000000000000000000, -0.0000000000000000000, -1.000000000000000000 ) ) ;
#780 = DIRECTION ( 'NONE',  ( -1.000000000000000000, 0.0000000000000000000, 0.0000000000000000000 ) ) ;
#781 = EDGE_CURVE ( 'NONE', #2540, #3548, #1753, .T. ) ;
#782 = ADVANCED_FACE ( 'NONE', ( #2355 ), #4523, .T. ) ;
#783 = EDGE_LOOP ( 'NONE', ( #421, #3260, #1436, #566 ) ) ;
#784 = FILL_AREA_STYLE ('',( #2950 ) ) ;
#785 = VECTOR ( 'NONE', #717, 1000.000000000000000 ) ;
#786 = FILL_AREA_STYLE_COLOUR ( '', #2187 ) ;
#787 = FACE_OUTER_BOUND ( 'NONE', #993, .T. ) ;
#788 = VERTEX_POINT ( 'NONE', #1109 ) ;
#789 = CARTESIAN_POINT ( 'NONE',  ( 3.576693994936546606, -2.096893695492795917, -2.158999999999999808 ) ) ;
#790 = CARTESIAN_POINT ( 'NONE',  ( 3.591342854422812980, -1.887405244938233251, 1.651000000000000023 ) ) ;
#791 = FACE_OUTER_BOUND ( 'NONE', #4146, .T. ) ;
#792 = AXIS2_PLACEMENT_3D ( 'NONE', #4184, #801, #4651 ) ;
#793 = MECHANICAL_DESIGN_GEOMETRIC_PRESENTATION_REPRESENTATION (  '', ( #174 ), #890 ) ;
#794 = EDGE_CURVE ( 'NONE', #5160, #3066, #2839, .T. ) ;
#795 = DIRECTION ( 'NONE',  ( 0.0000000000000000000, -0.0000000000000000000, -1.000000000000000000 ) ) ;
#796 = ORIENTED_EDGE ( 'NONE', *, *, #3431, .T. ) ;
#797 = EDGE_CURVE ( 'NONE', #2720, #4467, #758, .T. ) ;
#798 = STYLED_ITEM ( 'NONE', ( #4791 ), #3532 ) ;
#799 = PRESENTATION_STYLE_ASSIGNMENT (( #2966 ) ) ;
#800 = VERTEX_POINT ( 'NONE', #4227 ) ;
#801 = DIRECTION ( 'NONE',  ( 0.0000000000000000000, 0.0000000000000000000, 1.000000000000000000 ) ) ;
#802 = STYLED_ITEM ( 'NONE', ( #4892 ), #3881 ) ;
#803 = CARTESIAN_POINT ( 'NONE',  ( 3.576693994936546606, -2.096893695492795917, 2.159000000000000252 ) ) ;
#804 = DIRECTION ( 'NONE',  ( -0.0000000000000000000, -0.0000000000000000000, -1.000000000000000000 ) ) ;
#805 = LINE ( 'NONE', #1278, #1139 ) ;
#806 = AXIS2_PLACEMENT_3D ( 'NONE', #2091, #4776, #2987 ) ;
#807 = ADVANCED_FACE ( 'NONE', ( #4998 ), #1980, .F. ) ;
#808 = ORIENTED_EDGE ( 'NONE', *, *, #1825, .T. ) ;
#809 =( LENGTH_UNIT ( ) NAMED_UNIT ( * ) SI_UNIT ( .MILLI., .METRE. ) );
#810 = CARTESIAN_POINT ( 'NONE',  ( -4.196278082636971440, -2.140219235476615633, -1.650999999999999801 ) ) ;
#811 = DIRECTION ( 'NONE',  ( -0.0000000000000000000, -0.0000000000000000000, -1.000000000000000000 ) ) ;
#812 = CARTESIAN_POINT ( 'NONE',  ( -2.905000000000000693, -1.104999999999999538, -0.3809999999999997278 ) ) ;
#813 =( NAMED_UNIT ( * ) PLANE_ANGLE_UNIT ( ) SI_UNIT ( $, .RADIAN. ) );
#814 = UNCERTAINTY_MEASURE_WITH_UNIT (LENGTH_MEASURE( 1.000000000000000082E-05 ), #407, 'distance_accuracy_value', 'NONE');
#815 = EDGE_CURVE ( 'NONE', #4911, #2818, #2037, .T. ) ;
#816 =( NAMED_UNIT ( * ) SI_UNIT ( $, .STERADIAN. ) SOLID_ANGLE_UNIT ( ) );
#817 = SURFACE_STYLE_USAGE ( .BOTH. , #2173 ) ;
#818 =( NAMED_UNIT ( * ) PLANE_ANGLE_UNIT ( ) SI_UNIT ( $, .RADIAN. ) );
#819 = ORIENTED_EDGE ( 'NONE', *, *, #139, .T. ) ;
#820 =( NAMED_UNIT ( * ) SI_UNIT ( $, .STERADIAN. ) SOLID_ANGLE_UNIT ( ) );
#821 = CARTESIAN_POINT ( 'NONE',  ( 3.591342854422812980, -1.887405244938233251, 2.159000000000000252 ) ) ;
#822 = SURFACE_STYLE_FILL_AREA ( #5581 ) ;
#823 = EDGE_CURVE ( 'NONE', #307, #2763, #4196, .T. ) ;
#824 = MECHANICAL_DESIGN_GEOMETRIC_PRESENTATION_REPRESENTATION (  '', ( #2632 ), #1909 ) ;
#825 = FACE_OUTER_BOUND ( 'NONE', #2335, .T. ) ;
#826 = ORIENTED_EDGE ( 'NONE', *, *, #1943, .F. ) ;
#827 = DIRECTION ( 'NONE',  ( 0.06975647374412494162, 0.9975640502598243087, 0.0000000000000000000 ) ) ;
#828 = COLOUR_RGB ( '',0.9058823529411764719, 0.9019607843137255054, 0.8862745098039215286 ) ;
#829 = ADVANCED_FACE ( 'NONE', ( #4117 ), #3286, .F. ) ;
#830 = EDGE_LOOP ( 'NONE', ( #4181, #658, #456, #1420 ) ) ;
#831 =( GEOMETRIC_REPRESENTATION_CONTEXT ( 3 ) GLOBAL_UNCERTAINTY_ASSIGNED_CONTEXT ( ( #4485 ) ) GLOBAL_UNIT_ASSIGNED_CONTEXT ( ( #960, #2234, #1805 ) ) REPRESENTATION_CONTEXT ( 'NONE', 'WORKASPACE' ) );
#832 = LINE ( 'NONE', #5591, #2140 ) ;
#833 = COLOUR_RGB ( '',0.9058823529411764719, 0.9019607843137255054, 0.8862745098039215286 ) ;
#834 = DIRECTION ( 'NONE',  ( 0.0000000000000000000, 0.0000000000000000000, 1.000000000000000000 ) ) ;
#835 = DIRECTION ( 'NONE',  ( 0.0000000000000000000, 1.000000000000000000, 0.0000000000000000000 ) ) ;
#836 = COLOUR_RGB ( '',0.9058823529411764719, 0.9019607843137255054, 0.8862745098039215286 ) ;
#837 = ORIENTED_EDGE ( 'NONE', *, *, #213, .F. ) ;
#838 = EDGE_CURVE ( 'NONE', #247, #1672, #1597, .T. ) ;
#839 = DIRECTION ( 'NONE',  ( -0.0000000000000000000, -0.0000000000000000000, -1.000000000000000000 ) ) ;
#840 = ORIENTED_EDGE ( 'NONE', *, *, #1644, .T. ) ;
#841 = SURFACE_STYLE_FILL_AREA ( #3857 ) ;
#842 = SURFACE_STYLE_FILL_AREA ( #495 ) ;
#843 = CARTESIAN_POINT ( 'NONE',  ( 2.905000000000000693, -1.314999999999999725, -0.8889999999999996794 ) ) ;
#844 = MECHANICAL_DESIGN_GEOMETRIC_PRESENTATION_REPRESENTATION (  '', ( #2753 ), #2552 ) ;
#845 = DIRECTION ( 'NONE',  ( 0.0000000000000000000, -1.000000000000000000, 0.0000000000000000000 ) ) ;
#846 = SURFACE_STYLE_USAGE ( .BOTH. , #3041 ) ;
#847 = ORIENTED_EDGE ( 'NONE', *, *, #962, .T. ) ;
#848 = DIRECTION ( 'NONE',  ( 0.9975640502598241977, -0.06975647374412627388, 0.0000000000000000000 ) ) ;
#849 = FACE_OUTER_BOUND ( 'NONE', #3239, .T. ) ;
#850 = VECTOR ( 'NONE', #2973, 1000.000000000000000 ) ;
#851 = SURFACE_SIDE_STYLE ('',( #1295 ) ) ;
#852 = DIRECTION ( 'NONE',  ( 0.0000000000000000000, -1.000000000000000000, 0.0000000000000000000 ) ) ;
#853 = CARTESIAN_POINT ( 'NONE',  ( 3.383386559987083597, -1.916631596139845684, -0.3809999999999997278 ) ) ;
#854 = PRESENTATION_LAYER_ASSIGNMENT (  '', '', ( #3298 ) ) ;
#855 = VERTEX_POINT ( 'NONE', #2922 ) ;
#856 = ADVANCED_FACE ( 'NONE', ( #2061 ), #3785, .T. ) ;
#857 = ORIENTED_EDGE ( 'NONE', *, *, #1804, .T. ) ;
#858 = VECTOR ( 'NONE', #1857, 1000.000000000000000 ) ;
#859 = COLOUR_RGB ( '',0.9058823529411764719, 0.9019607843137255054, 0.8862745098039215286 ) ;
#860 = CARTESIAN_POINT ( 'NONE',  ( -2.905000000000000693, -0.9249999999999993783, -0.3809999999999997278 ) ) ;
#861 = CARTESIAN_POINT ( 'NONE',  ( -2.905000000000000693, -0.9249999999999993783, 0.8890000000000003455 ) ) ;
#862 = CARTESIAN_POINT ( 'NONE',  ( 3.291204546809214371, -1.260722490625576953, -2.158999999999999808 ) ) ;
#863 = AXIS2_PLACEMENT_3D ( 'NONE', #1011, #2743, #4906 ) ;
#864 = ORIENTED_EDGE ( 'NONE', *, *, #3589, .F. ) ;
#865 =( NAMED_UNIT ( * ) SI_UNIT ( $, .STERADIAN. ) SOLID_ANGLE_UNIT ( ) );
#866 =( NAMED_UNIT ( * ) SI_UNIT ( $, .STERADIAN. ) SOLID_ANGLE_UNIT ( ) );
#867 = CIRCLE ( 'NONE', #4843, 0.2100000000000005473 ) ;
#868 = DIRECTION ( 'NONE',  ( -1.000000000000000000, 0.0000000000000000000, 0.0000000000000000000 ) ) ;
#869 = UNCERTAINTY_MEASURE_WITH_UNIT (LENGTH_MEASURE( 1.000000000000000082E-05 ), #395, 'distance_accuracy_value', 'NONE');
#870 = PRESENTATION_STYLE_ASSIGNMENT (( #3013 ) ) ;
#871 =( GEOMETRIC_REPRESENTATION_CONTEXT ( 3 ) GLOBAL_UNCERTAINTY_ASSIGNED_CONTEXT ( ( #3912 ) ) GLOBAL_UNIT_ASSIGNED_CONTEXT ( ( #2027, #1173, #4623 ) ) REPRESENTATION_CONTEXT ( 'NONE', 'WORKASPACE' ) );
#872 = FACE_OUTER_BOUND ( 'NONE', #498, .T. ) ;
#873 = CARTESIAN_POINT ( 'NONE',  ( 2.905000000000000693, -1.104999999999999538, 0.3810000000000003939 ) ) ;
#874 = FILL_AREA_STYLE_COLOUR ( '', #251 ) ;
#875 = ORIENTED_EDGE ( 'NONE', *, *, #2717, .T. ) ;
#876 = CARTESIAN_POINT ( 'NONE',  ( 2.705000000000000959, -0.9249999999999998224, -1.650999999999999801 ) ) ;
#877 = STYLED_ITEM ( 'NONE', ( #490 ), #2970 ) ;
#878 = SURFACE_SIDE_STYLE ('',( #822 ) ) ;
#879 = UNCERTAINTY_MEASURE_WITH_UNIT (LENGTH_MEASURE( 1.000000000000000082E-05 ), #2304, 'distance_accuracy_value', 'NONE');
#880 = COLOUR_RGB ( '',0.9058823529411764719, 0.9019607843137255054, 0.8862745098039215286 ) ;
#881 = ADVANCED_FACE ( 'NONE', ( #2620 ), #4358, .F. ) ;
#882 = FACE_OUTER_BOUND ( 'NONE', #5200, .T. ) ;
#883 = CARTESIAN_POINT ( 'NONE',  ( -2.705000000000000959, -0.9249999999999998224, -0.3809999999999997278 ) ) ;
#884 = MECHANICAL_DESIGN_GEOMETRIC_PRESENTATION_REPRESENTATION (  '', ( #1425 ), #4211 ) ;
#885 = LINE ( 'NONE', #853, #1873 ) ;
#886 = AXIS2_PLACEMENT_3D ( 'NONE', #1156, #4192, #755 ) ;
#887 = ORIENTED_EDGE ( 'NONE', *, *, #2548, .F. ) ;
#888 = CARTESIAN_POINT ( 'NONE',  ( 3.112956294435731408, -1.285773648798387292, 2.159000000000000252 ) ) ;
#889 =( GEOMETRIC_REPRESENTATION_CONTEXT ( 3 ) GLOBAL_UNCERTAINTY_ASSIGNED_CONTEXT ( ( #528 ) ) GLOBAL_UNIT_ASSIGNED_CONTEXT ( ( #2537, #1282, #4307 ) ) REPRESENTATION_CONTEXT ( 'NONE', 'WORKASPACE' ) );
#890 =( GEOMETRIC_REPRESENTATION_CONTEXT ( 3 ) GLOBAL_UNCERTAINTY_ASSIGNED_CONTEXT ( ( #3525 ) ) GLOBAL_UNIT_ASSIGNED_CONTEXT ( ( #1013, #2317, #4391 ) ) REPRESENTATION_CONTEXT ( 'NONE', 'WORKASPACE' ) );
#891 = EDGE_CURVE ( 'NONE', #1615, #1684, #144, .T. ) ;
#892 =( NAMED_UNIT ( * ) PLANE_ANGLE_UNIT ( ) SI_UNIT ( $, .RADIAN. ) );
#893 = EDGE_CURVE ( 'NONE', #2437, #4977, #4825, .T. ) ;
#894 = STYLED_ITEM ( 'NONE', ( #4273 ), #3477 ) ;
#895 = LINE ( 'NONE', #45, #4565 ) ;
#896 = VECTOR ( 'NONE', #8, 1000.000000000000000 ) ;
#897 = ORIENTED_EDGE ( 'NONE', *, *, #265, .F. ) ;
#898 =( NAMED_UNIT ( * ) SI_UNIT ( $, .STERADIAN. ) SOLID_ANGLE_UNIT ( ) );
#899 =( LENGTH_UNIT ( ) NAMED_UNIT ( * ) SI_UNIT ( .MILLI., .METRE. ) );
#900 = PRESENTATION_LAYER_ASSIGNMENT (  '', '', ( #539 ) ) ;
#901 =( NAMED_UNIT ( * ) PLANE_ANGLE_UNIT ( ) SI_UNIT ( $, .RADIAN. ) );
#902 = EDGE_CURVE ( 'NONE', #2881, #923, #1372, .T. ) ;
#903 = DIRECTION ( 'NONE',  ( 0.1391731009600577773, 0.9902680687415713612, 0.0000000000000000000 ) ) ;
#904 = ORIENTED_EDGE ( 'NONE', *, *, #5063, .F. ) ;
#905 = PLANE ( 'NONE',  #3919 ) ;
#906 = DIRECTION ( 'NONE',  ( 0.0000000000000000000, -1.000000000000000000, 0.0000000000000000000 ) ) ;
#907 = VERTEX_POINT ( 'NONE', #4719 ) ;
#908 = CARTESIAN_POINT ( 'NONE',  ( 4.196278082636971440, -2.140219235476615633, -0.3809999999999997278 ) ) ;
#909 = CYLINDRICAL_SURFACE ( 'NONE', #4650, 0.2100000000000005473 ) ;
#910 = CARTESIAN_POINT ( 'NONE',  ( -3.291204546809214371, -1.260722490625576953, -0.8889999999999996794 ) ) ;
#911 = PLANE ( 'NONE',  #2824 ) ;
#912 = CARTESIAN_POINT ( 'NONE',  ( 2.905000000000000693, -0.9249999999999993783, 1.651000000000000023 ) ) ;
#913 = FILL_AREA_STYLE_COLOUR ( '', #1782 ) ;
#914 = ORIENTED_EDGE ( 'NONE', *, *, #482, .T. ) ;
#915 = CARTESIAN_POINT ( 'NONE',  ( 3.564137829662604062, -2.276455224539564171, -2.158999999999999808 ) ) ;
#916 = CARTESIAN_POINT ( 'NONE',  ( -3.383386559987083597, -1.916631596139845684, -0.8889999999999996794 ) ) ;
#917 = ORIENTED_EDGE ( 'NONE', *, *, #1952, .F. ) ;
#918 = LINE ( 'NONE', #860, #2330 ) ;
#919 = LINE ( 'NONE', #3171, #3322 ) ;
#920 = DIRECTION ( 'NONE',  ( -0.0000000000000000000, -0.0000000000000000000, -1.000000000000000000 ) ) ;
#921 = VECTOR ( 'NONE', #2960, 1000.000000000000114 ) ;
#922 = STYLED_ITEM ( 'NONE', ( #722 ), #4967 ) ;
#923 = VERTEX_POINT ( 'NONE', #389 ) ;
#924 = FACE_BOUND ( 'NONE', #4573, .T. ) ;
#925 = EDGE_LOOP ( 'NONE', ( #4693, #2776, #3627, #4604 ) ) ;
#926 = PRESENTATION_STYLE_ASSIGNMENT (( #444 ) ) ;
#927 = EDGE_CURVE ( 'NONE', #1863, #1754, #2568, .T. ) ;
#928 = UNCERTAINTY_MEASURE_WITH_UNIT (LENGTH_MEASURE( 1.000000000000000082E-05 ), #5233, 'distance_accuracy_value', 'NONE');
#929 = ORIENTED_EDGE ( 'NONE', *, *, #1082, .F. ) ;
#930 = DIRECTION ( 'NONE',  ( 0.0000000000000000000, 0.0000000000000000000, 1.000000000000000000 ) ) ;
#931 = STYLED_ITEM ( 'NONE', ( #3432 ), #5425 ) ;
#932 = SURFACE_STYLE_FILL_AREA ( #4700 ) ;
#933 = LINE ( 'NONE', #2323, #3599 ) ;
#934 = ORIENTED_EDGE ( 'NONE', *, *, #5055, .T. ) ;
#935 = DIRECTION ( 'NONE',  ( -0.0000000000000000000, -0.0000000000000000000, -1.000000000000000000 ) ) ;
#936 = FILL_AREA_STYLE_COLOUR ( '', #2033 ) ;
#937 = UNCERTAINTY_MEASURE_WITH_UNIT (LENGTH_MEASURE( 1.000000000000000082E-05 ), #3972, 'distance_accuracy_value', 'NONE');
#938 =( GEOMETRIC_REPRESENTATION_CONTEXT ( 3 ) GLOBAL_UNCERTAINTY_ASSIGNED_CONTEXT ( ( #4946 ) ) GLOBAL_UNIT_ASSIGNED_CONTEXT ( ( #727, #750, #2366 ) ) REPRESENTATION_CONTEXT ( 'NONE', 'WORKASPACE' ) );
#939 = FILL_AREA_STYLE_COLOUR ( '', #1632 ) ;
#940 = SURFACE_STYLE_FILL_AREA ( #1812 ) ;
#941 = VERTEX_POINT ( 'NONE', #5164 ) ;
#942 = VECTOR ( 'NONE', #4247, 1000.000000000000227 ) ;
#943 = CARTESIAN_POINT ( 'NONE',  ( 3.112956294435731408, -1.285773648798387292, -0.3809999999999997278 ) ) ;
#944 = CARTESIAN_POINT ( 'NONE',  ( 2.705000000000000959, -1.104999999999999538, 0.3810000000000002829 ) ) ;
#945 = DIRECTION ( 'NONE',  ( -1.000000000000000000, 0.0000000000000000000, 0.0000000000000000000 ) ) ;
#946 = VERTEX_POINT ( 'NONE', #1285 ) ;
#947 = EDGE_CURVE ( 'NONE', #5526, #1444, #4282, .T. ) ;
#948 = COLOUR_RGB ( '',0.9058823529411764719, 0.9019607843137255054, 0.8862745098039215286 ) ;
#949 = DIRECTION ( 'NONE',  ( -0.1391731009600577773, -0.9902680687415713612, 0.0000000000000000000 ) ) ;
#950 = PLANE ( 'NONE',  #3883 ) ;
#951 = DIRECTION ( 'NONE',  ( -1.000000000000000000, 0.0000000000000000000, 0.0000000000000000000 ) ) ;
#952 = CARTESIAN_POINT ( 'NONE',  ( -3.383386559987083597, -1.916631596139845684, 1.651000000000000023 ) ) ;
#953 =( NAMED_UNIT ( * ) PLANE_ANGLE_UNIT ( ) SI_UNIT ( $, .RADIAN. ) );
#954 = EDGE_CURVE ( 'NONE', #9, #5557, #4308, .T. ) ;
#955 = ORIENTED_EDGE ( 'NONE', *, *, #2533, .T. ) ;
#956 = AXIS2_PLACEMENT_3D ( 'NONE', #4578, #5431, #3310 ) ;
#957 = CARTESIAN_POINT ( 'NONE',  ( 2.705000000000000959, -0.9249999999999998224, -0.3809999999999997278 ) ) ;
#958 = SURFACE_STYLE_USAGE ( .BOTH. , #3117 ) ;
#959 = MECHANICAL_DESIGN_GEOMETRIC_PRESENTATION_REPRESENTATION (  '', ( #5296 ), #5015 ) ;
#960 =( LENGTH_UNIT ( ) NAMED_UNIT ( * ) SI_UNIT ( .MILLI., .METRE. ) );
#961 = EDGE_LOOP ( 'NONE', ( #3408, #639, #3673, #977 ) ) ;
#962 = EDGE_CURVE ( 'NONE', #5151, #1615, #4025, .T. ) ;
#963 = FACE_BOUND ( 'NONE', #1007, .T. ) ;
#964 = EDGE_CURVE ( 'NONE', #1925, #5231, #991, .T. ) ;
#965 = DIRECTION ( 'NONE',  ( 1.000000000000000000, 0.0000000000000000000, 0.0000000000000000000 ) ) ;
#966 = PRESENTATION_LAYER_ASSIGNMENT (  '', '', ( #2775 ) ) ;
#967 = ORIENTED_EDGE ( 'NONE', *, *, #1523, .F. ) ;
#968 =( NAMED_UNIT ( * ) SI_UNIT ( $, .STERADIAN. ) SOLID_ANGLE_UNIT ( ) );
#969 = CARTESIAN_POINT ( 'NONE',  ( 2.905000000000000693, -0.9249999999999993783, -0.3809999999999997278 ) ) ;
#970 = VECTOR ( 'NONE', #4898, 1000.000000000000000 ) ;
#971 = DIRECTION ( 'NONE',  ( 0.2588190451025179084, 0.9659258262890690894, 0.0000000000000000000 ) ) ;
#972 =( NAMED_UNIT ( * ) SI_UNIT ( $, .STERADIAN. ) SOLID_ANGLE_UNIT ( ) );
#973 = ORIENTED_EDGE ( 'NONE', *, *, #368, .T. ) ;
#974 = VECTOR ( 'NONE', #4077, 1000.000000000000000 ) ;
#975 = PRESENTATION_LAYER_ASSIGNMENT (  '', '', ( #4205 ) ) ;
#976 = CARTESIAN_POINT ( 'NONE',  ( -3.112956294435731408, -1.285773648798387292, -1.650999999999999801 ) ) ;
#977 = ORIENTED_EDGE ( 'NONE', *, *, #2021, .T. ) ;
#978 = EDGE_CURVE ( 'NONE', #1672, #3464, #4747, .T. ) ;
#979 =( GEOMETRIC_REPRESENTATION_CONTEXT ( 3 ) GLOBAL_UNCERTAINTY_ASSIGNED_CONTEXT ( ( #1312 ) ) GLOBAL_UNIT_ASSIGNED_CONTEXT ( ( #1037, #5493, #4071 ) ) REPRESENTATION_CONTEXT ( 'NONE', 'WORKASPACE' ) );
#980 = FILL_AREA_STYLE ('',( #629 ) ) ;
#981 = EDGE_CURVE ( 'NONE', #2338, #1299, #172, .T. ) ;
#982 = FILL_AREA_STYLE ('',( #5340 ) ) ;
#983 = SURFACE_STYLE_FILL_AREA ( #3968 ) ;
#984 =( NAMED_UNIT ( * ) SI_UNIT ( $, .STERADIAN. ) SOLID_ANGLE_UNIT ( ) );
#985 =( GEOMETRIC_REPRESENTATION_CONTEXT ( 3 ) GLOBAL_UNCERTAINTY_ASSIGNED_CONTEXT ( ( #5166 ) ) GLOBAL_UNIT_ASSIGNED_CONTEXT ( ( #5404, #1158, #2949 ) ) REPRESENTATION_CONTEXT ( 'NONE', 'WORKASPACE' ) );
#986 =( NAMED_UNIT ( * ) SI_UNIT ( $, .STERADIAN. ) SOLID_ANGLE_UNIT ( ) );
#987 = MECHANICAL_DESIGN_GEOMETRIC_PRESENTATION_REPRESENTATION (  '', ( #4499 ), #4302 ) ;
#988 = PRESENTATION_LAYER_ASSIGNMENT (  '', '', ( #4855 ) ) ;
#989 = EDGE_LOOP ( 'NONE', ( #5363, #87, #5258, #5341 ) ) ;
#990 = DIRECTION ( 'NONE',  ( -0.0000000000000000000, -0.0000000000000000000, -1.000000000000000000 ) ) ;
#991 = LINE ( 'NONE', #5285, #228 ) ;
#992 = UNCERTAINTY_MEASURE_WITH_UNIT (LENGTH_MEASURE( 1.000000000000000082E-05 ), #3312, 'distance_accuracy_value', 'NONE');
#993 = EDGE_LOOP ( 'NONE', ( #2796, #1368, #1933, #826, #3502, #5550, #5356, #973, #4190, #2709, #1510, #1693 ) ) ;
#994 = FILL_AREA_STYLE_COLOUR ( '', #1483 ) ;
#995 = LINE ( 'NONE', #4491, #1161 ) ;
#996 = ORIENTED_EDGE ( 'NONE', *, *, #4097, .T. ) ;
#997 = CYLINDRICAL_SURFACE ( 'NONE', #704, 0.2100000000000005473 ) ;
#998 = DIRECTION ( 'NONE',  ( -0.0000000000000000000, -0.0000000000000000000, -1.000000000000000000 ) ) ;
#999 = UNCERTAINTY_MEASURE_WITH_UNIT (LENGTH_MEASURE( 1.000000000000000082E-05 ), #1623, 'distance_accuracy_value', 'NONE');
#1000 = MECHANICAL_DESIGN_GEOMETRIC_PRESENTATION_REPRESENTATION (  '', ( #4049 ), #3435 ) ;
#1001 = CARTESIAN_POINT ( 'NONE',  ( 3.383386559987083597, -1.916631596139845684, 0.8890000000000003455 ) ) ;
#1002 = DIRECTION ( 'NONE',  ( -1.000000000000000000, 0.0000000000000000000, 0.0000000000000000000 ) ) ;
#1003 = VERTEX_POINT ( 'NONE', #4454 ) ;
#1004 =( NAMED_UNIT ( * ) SI_UNIT ( $, .STERADIAN. ) SOLID_ANGLE_UNIT ( ) );
#1005 = FACE_OUTER_BOUND ( 'NONE', #3164, .T. ) ;
#1006 = ADVANCED_FACE ( 'NONE', ( #1405 ), #1940, .F. ) ;
#1007 = EDGE_LOOP ( 'NONE', ( #2991, #5137 ) ) ;
#1008 = VERTEX_POINT ( 'NONE', #4052 ) ;
#1009 = EDGE_CURVE ( 'NONE', #2582, #5446, #1399, .T. ) ;
#1010 = FILL_AREA_STYLE ('',( #3576 ) ) ;
#1011 = CARTESIAN_POINT ( 'NONE',  ( 2.705000000000000959, -0.9249999999999998224, -0.3809999999999997278 ) ) ;
#1012 = AXIS2_PLACEMENT_3D ( 'NONE', #4222, #779, #1673 ) ;
#1013 =( LENGTH_UNIT ( ) NAMED_UNIT ( * ) SI_UNIT ( .MILLI., .METRE. ) );
#1014 = DIRECTION ( 'NONE',  ( 0.06975647374412492774, -0.9975640502598243087, 0.0000000000000000000 ) ) ;
#1015 = AXIS2_PLACEMENT_3D ( 'NONE', #1783, #3020, #4341 ) ;
#1016 = FILL_AREA_STYLE_COLOUR ( '', #3985 ) ;
#1017 = EDGE_CURVE ( 'NONE', #5458, #5211, #3666, .T. ) ;
#1018 = VERTEX_POINT ( 'NONE', #193 ) ;
#1019 = FILL_AREA_STYLE ('',( #994 ) ) ;
#1020 = CARTESIAN_POINT ( 'NONE',  ( 4.183721917363029341, -2.319780764523383887, 0.8890000000000003455 ) ) ;
#1021 = CIRCLE ( 'NONE', #3891, 0.2100000000000005473 ) ;
#1022 = ORIENTED_EDGE ( 'NONE', *, *, #4610, .T. ) ;
#1023 = DIRECTION ( 'NONE',  ( -0.9975640502598241977, -0.06975647374412627388, 0.0000000000000000000 ) ) ;
#1024 = VECTOR ( 'NONE', #665, 1000.000000000000000 ) ;
#1025 = LINE ( 'NONE', #4059, #4823 ) ;
#1026 =( NAMED_UNIT ( * ) SI_UNIT ( $, .STERADIAN. ) SOLID_ANGLE_UNIT ( ) );
#1027 = VECTOR ( 'NONE', #4346, 1000.000000000000000 ) ;
#1028 = LINE ( 'NONE', #2728, #2522 ) ;
#1029 = ORIENTED_EDGE ( 'NONE', *, *, #1789, .T. ) ;
#1030 = PLANE ( 'NONE',  #1473 ) ;
#1031 = CIRCLE ( 'NONE', #5080, 0.3900000000000001799 ) ;
#1032 = PLANE ( 'NONE',  #325 ) ;
#1033 = ORIENTED_EDGE ( 'NONE', *, *, #4300, .T. ) ;
#1034 = VECTOR ( 'NONE', #3971, 1000.000000000000000 ) ;
#1035 = ADVANCED_FACE ( 'NONE', ( #1073 ), #3550, .T. ) ;
#1036 = VERTEX_POINT ( 'NONE', #1558 ) ;
#1037 =( LENGTH_UNIT ( ) NAMED_UNIT ( * ) SI_UNIT ( .MILLI., .METRE. ) );
#1038 =( LENGTH_UNIT ( ) NAMED_UNIT ( * ) SI_UNIT ( .MILLI., .METRE. ) );
#1039 =( GEOMETRIC_REPRESENTATION_CONTEXT ( 3 ) GLOBAL_UNCERTAINTY_ASSIGNED_CONTEXT ( ( #4318 ) ) GLOBAL_UNIT_ASSIGNED_CONTEXT ( ( #1141, #5060, #2096 ) ) REPRESENTATION_CONTEXT ( 'NONE', 'WORKASPACE' ) );
#1040 = AXIS2_PLACEMENT_3D ( 'NONE', #2177, #3072, #4369 ) ;
#1041 = CARTESIAN_POINT ( 'NONE',  ( 3.591342854422812980, -1.887405244938233251, -1.650999999999999801 ) ) ;
#1042 = DIRECTION ( 'NONE',  ( -1.000000000000000000, 0.0000000000000000000, 0.0000000000000000000 ) ) ;
#1043 = UNCERTAINTY_MEASURE_WITH_UNIT (LENGTH_MEASURE( 1.000000000000000082E-05 ), #2678, 'distance_accuracy_value', 'NONE');
#1044 = FACE_BOUND ( 'NONE', #4754, .T. ) ;
#1045 = ADVANCED_FACE ( 'NONE', ( #3748 ), #4218, .T. ) ;
#1046 = ORIENTED_EDGE ( 'NONE', *, *, #1825, .F. ) ;
#1047 = PLANE ( 'NONE',  #3044 ) ;
#1048 =( GEOMETRIC_REPRESENTATION_CONTEXT ( 3 ) GLOBAL_UNCERTAINTY_ASSIGNED_CONTEXT ( ( #1480 ) ) GLOBAL_UNIT_ASSIGNED_CONTEXT ( ( #272, #2426, #614 ) ) REPRESENTATION_CONTEXT ( 'NONE', 'WORKASPACE' ) );
#1049 = VERTEX_POINT ( 'NONE', #4166 ) ;
#1050 = CARTESIAN_POINT ( 'NONE',  ( 3.564137829662604062, -2.276455224539564171, -1.650999999999999801 ) ) ;
#1051 = CARTESIAN_POINT ( 'NONE',  ( 3.576693994936546606, -2.096893695492795917, 2.159000000000000252 ) ) ;
#1052 =( NAMED_UNIT ( * ) PLANE_ANGLE_UNIT ( ) SI_UNIT ( $, .RADIAN. ) );
#1053 = UNCERTAINTY_MEASURE_WITH_UNIT (LENGTH_MEASURE( 1.000000000000000082E-05 ), #5202, 'distance_accuracy_value', 'NONE');
#1054 = DIRECTION ( 'NONE',  ( 0.1391731009600577773, -0.9902680687415713612, 0.0000000000000000000 ) ) ;
#1055 = VECTOR ( 'NONE', #3992, 1000.000000000000000 ) ;
#1056 = CARTESIAN_POINT ( 'NONE',  ( 2.705000000000000959, -0.9249999999999998224, -0.3809999999999997278 ) ) ;
#1057 = ORIENTED_EDGE ( 'NONE', *, *, #2517, .T. ) ;
#1058 = FILL_AREA_STYLE_COLOUR ( '', #2852 ) ;
#1059 = EDGE_CURVE ( 'NONE', #1915, #5184, #1174, .T. ) ;
#1060 = DIRECTION ( 'NONE',  ( -0.0000000000000000000, -0.0000000000000000000, -1.000000000000000000 ) ) ;
#1061 =( GEOMETRIC_REPRESENTATION_CONTEXT ( 3 ) GLOBAL_UNCERTAINTY_ASSIGNED_CONTEXT ( ( #1053 ) ) GLOBAL_UNIT_ASSIGNED_CONTEXT ( ( #5202, #1683, #4286 ) ) REPRESENTATION_CONTEXT ( 'NONE', 'WORKASPACE' ) );
#1062 = ORIENTED_EDGE ( 'NONE', *, *, #3790, .T. ) ;
#1063 = DIRECTION ( 'NONE',  ( 1.000000000000000000, 0.0000000000000000000, 0.0000000000000000000 ) ) ;
#1064 = VECTOR ( 'NONE', #3439, 1000.000000000000000 ) ;
#1065 = ORIENTED_EDGE ( 'NONE', *, *, #659, .T. ) ;
#1066 = DIRECTION ( 'NONE',  ( 0.9975640502598241977, 0.06975647374412627388, 0.0000000000000000000 ) ) ;
#1067 = SURFACE_STYLE_FILL_AREA ( #1010 ) ;
#1068 = PRESENTATION_STYLE_ASSIGNMENT (( #3577 ) ) ;
#1069 = EDGE_CURVE ( 'NONE', #5290, #5104, #2030, .T. ) ;
#1070 = SURFACE_STYLE_FILL_AREA ( #667 ) ;
#1071 = STYLED_ITEM ( 'NONE', ( #4335 ), #2446 ) ;
#1072 = DIRECTION ( 'NONE',  ( -1.000000000000000000, 0.0000000000000000000, -0.0000000000000000000 ) ) ;
#1073 = FACE_OUTER_BOUND ( 'NONE', #1310, .T. ) ;
#1074 = PRESENTATION_LAYER_ASSIGNMENT (  '', '', ( #4304 ) ) ;
#1075 =( GEOMETRIC_REPRESENTATION_CONTEXT ( 3 ) GLOBAL_UNCERTAINTY_ASSIGNED_CONTEXT ( ( #4359 ) ) GLOBAL_UNIT_ASSIGNED_CONTEXT ( ( #4251, #2536, #865 ) ) REPRESENTATION_CONTEXT ( 'NONE', 'WORKASPACE' ) );
#1076 = FILL_AREA_STYLE ('',( #4936 ) ) ;
#1077 = ORIENTED_EDGE ( 'NONE', *, *, #2642, .T. ) ;
#1078 = DIRECTION ( 'NONE',  ( 0.0000000000000000000, 1.000000000000000000, 0.0000000000000000000 ) ) ;
#1079 =( NAMED_UNIT ( * ) PLANE_ANGLE_UNIT ( ) SI_UNIT ( $, .RADIAN. ) );
#1080 = ORIENTED_EDGE ( 'NONE', *, *, #611, .T. ) ;
#1081 =( NAMED_UNIT ( * ) SI_UNIT ( $, .STERADIAN. ) SOLID_ANGLE_UNIT ( ) );
#1082 = EDGE_CURVE ( 'NONE', #3184, #2657, #5454, .T. ) ;
#1083 = ADVANCED_FACE ( 'NONE', ( #2892 ), #1529, .F. ) ;
#1084 = VECTOR ( 'NONE', #4677, 1000.000000000000114 ) ;
#1085 = LINE ( 'NONE', #2817, #246 ) ;
#1086 = ORIENTED_EDGE ( 'NONE', *, *, #2717, .F. ) ;
#1087 = DIRECTION ( 'NONE',  ( -0.0000000000000000000, 1.000000000000000000, 0.0000000000000000000 ) ) ;
#1088 = MECHANICAL_DESIGN_GEOMETRIC_PRESENTATION_REPRESENTATION (  '', ( #802 ), #4878 ) ;
#1089 = CARTESIAN_POINT ( 'NONE',  ( 2.705000000000000959, -1.179999999999988392, 2.689999999999999503 ) ) ;
#1090 = ORIENTED_EDGE ( 'NONE', *, *, #978, .T. ) ;
#1091 = DIRECTION ( 'NONE',  ( 0.0000000000000000000, 0.0000000000000000000, 1.000000000000000000 ) ) ;
#1092 = DIRECTION ( 'NONE',  ( -0.0000000000000000000, -0.0000000000000000000, -1.000000000000000000 ) ) ;
#1093 = ORIENTED_EDGE ( 'NONE', *, *, #5390, .T. ) ;
#1094 = CARTESIAN_POINT ( 'NONE',  ( -3.576693994936546606, -2.096893695492795917, 2.159000000000000252 ) ) ;
#1095 = LINE ( 'NONE', #4563, #1024 ) ;
#1096 = SURFACE_STYLE_USAGE ( .BOTH. , #5395 ) ;
#1097 = LINE ( 'NONE', #4829, #3226 ) ;
#1098 = SURFACE_STYLE_FILL_AREA ( #216 ) ;
#1099 =( NAMED_UNIT ( * ) PLANE_ANGLE_UNIT ( ) SI_UNIT ( $, .RADIAN. ) );
#1100 = VECTOR ( 'NONE', #2995, 1000.000000000000000 ) ;
#1101 =( NAMED_UNIT ( * ) PLANE_ANGLE_UNIT ( ) SI_UNIT ( $, .RADIAN. ) );
#1102 = ORIENTED_EDGE ( 'NONE', *, *, #2900, .T. ) ;
#1103 = DIRECTION ( 'NONE',  ( 0.0000000000000000000, -0.0000000000000000000, 1.000000000000000000 ) ) ;
#1104 =( LENGTH_UNIT ( ) NAMED_UNIT ( * ) SI_UNIT ( .MILLI., .METRE. ) );
#1105 = EDGE_CURVE ( 'NONE', #4212, #4920, #1971, .T. ) ;
#1106 = ORIENTED_EDGE ( 'NONE', *, *, #797, .F. ) ;
#1107 = DIRECTION ( 'NONE',  ( 0.06975647374412627388, 0.9975640502598241977, -0.0000000000000000000 ) ) ;
#1108 = AXIS2_PLACEMENT_3D ( 'NONE', #736, #5408, #5434 ) ;
#1109 = CARTESIAN_POINT ( 'NONE',  ( -2.705000000000000959, -1.179999999999988392, -2.689999999999999503 ) ) ;
#1110 = FILL_AREA_STYLE_COLOUR ( '', #4452 ) ;
#1111 = LINE ( 'NONE', #3372, #2421 ) ;
#1112 = ORIENTED_EDGE ( 'NONE', *, *, #5018, .F. ) ;
#1113 = LINE ( 'NONE', #596, #5372 ) ;
#1114 = DIRECTION ( 'NONE',  ( 0.0000000000000000000, 0.0000000000000000000, 1.000000000000000000 ) ) ;
#1115 =( GEOMETRIC_REPRESENTATION_CONTEXT ( 3 ) GLOBAL_UNCERTAINTY_ASSIGNED_CONTEXT ( ( #5582 ) ) GLOBAL_UNIT_ASSIGNED_CONTEXT ( ( #4615, #2465, #714 ) ) REPRESENTATION_CONTEXT ( 'NONE', 'WORKASPACE' ) );
#1116 = ORIENTED_EDGE ( 'NONE', *, *, #3166, .F. ) ;
#1117 =( NAMED_UNIT ( * ) SI_UNIT ( $, .STERADIAN. ) SOLID_ANGLE_UNIT ( ) );
#1118 = ORIENTED_EDGE ( 'NONE', *, *, #1952, .T. ) ;
#1119 = VECTOR ( 'NONE', #4033, 1000.000000000000000 ) ;
#1120 = MECHANICAL_DESIGN_GEOMETRIC_PRESENTATION_REPRESENTATION (  '', ( #3551 ), #2655 ) ;
#1121 = CARTESIAN_POINT ( 'NONE',  ( -3.576693994936546606, -2.096893695492795917, 2.159000000000000252 ) ) ;
#1122 = DIRECTION ( 'NONE',  ( 0.0000000000000000000, -0.2588190451025179084, 0.9659258262890690894 ) ) ;
#1123 = PRESENTATION_STYLE_ASSIGNMENT (( #3278 ) ) ;
#1124 = CYLINDRICAL_SURFACE ( 'NONE', #3910, 0.3899999999999992917 ) ;
#1125 = PRESENTATION_LAYER_ASSIGNMENT (  '', '', ( #2943 ) ) ;
#1126 = EDGE_CURVE ( 'NONE', #1705, #2545, #1227, .T. ) ;
#1127 = DIRECTION ( 'NONE',  ( -0.9659258262890690894, -0.2588190451025179084, 0.0000000000000000000 ) ) ;
#1128 = ORIENTED_EDGE ( 'NONE', *, *, #1518, .T. ) ;
#1129 = PRESENTATION_STYLE_ASSIGNMENT (( #4143 ) ) ;
#1130 = ORIENTED_EDGE ( 'NONE', *, *, #1126, .F. ) ;
#1131 = SURFACE_STYLE_FILL_AREA ( #4633 ) ;
#1132 = VECTOR ( 'NONE', #1507, 1000.000000000000000 ) ;
#1133 = EDGE_CURVE ( 'NONE', #1813, #1202, #805, .T. ) ;
#1134 = SURFACE_SIDE_STYLE ('',( #3730 ) ) ;
#1135 = EDGE_CURVE ( 'NONE', #2141, #2414, #3057, .T. ) ;
#1136 = AXIS2_PLACEMENT_3D ( 'NONE', #4030, #1860, #2269 ) ;
#1137 = SURFACE_SIDE_STYLE ('',( #1924 ) ) ;
#1138 = PRESENTATION_STYLE_ASSIGNMENT (( #4153 ) ) ;
#1139 = VECTOR ( 'NONE', #1255, 1000.000000000000000 ) ;
#1140 = ORIENTED_EDGE ( 'NONE', *, *, #383, .F. ) ;
#1141 =( LENGTH_UNIT ( ) NAMED_UNIT ( * ) SI_UNIT ( .MILLI., .METRE. ) );
#1142 = VERTEX_POINT ( 'NONE', #3087 ) ;
#1143 = MECHANICAL_DESIGN_GEOMETRIC_PRESENTATION_REPRESENTATION (  '', ( #2869 ), #3934 ) ;
#1144 = FILL_AREA_STYLE ('',( #5471 ) ) ;
#1145 = VERTEX_POINT ( 'NONE', #2563 ) ;
#1146 = STYLED_ITEM ( 'NONE', ( #130 ), #1503 ) ;
#1147 = FILL_AREA_STYLE ('',( #3714 ) ) ;
#1148 =( NAMED_UNIT ( * ) SI_UNIT ( $, .STERADIAN. ) SOLID_ANGLE_UNIT ( ) );
#1149 = EDGE_CURVE ( 'NONE', #4057, #4702, #5220, .T. ) ;
#1150 = VECTOR ( 'NONE', #2645, 1000.000000000000000 ) ;
#1151 = LINE ( 'NONE', #2858, #5304 ) ;
#1152 = DIRECTION ( 'NONE',  ( 0.0000000000000000000, -0.2588190451025179084, 0.9659258262890690894 ) ) ;
#1153 = VECTOR ( 'NONE', #3490, 1000.000000000000000 ) ;
#1154 = VECTOR ( 'NONE', #1861, 1000.000000000000000 ) ;
#1155 = ORIENTED_EDGE ( 'NONE', *, *, #4299, .T. ) ;
#1156 = CARTESIAN_POINT ( 'NONE',  ( 2.905000000000000693, -1.314999999999999725, -0.3809999999999997278 ) ) ;
#1157 = ORIENTED_EDGE ( 'NONE', *, *, #2548, .T. ) ;
#1158 =( NAMED_UNIT ( * ) PLANE_ANGLE_UNIT ( ) SI_UNIT ( $, .RADIAN. ) );
#1159 = STYLED_ITEM ( 'NONE', ( #3442 ), #3328 ) ;
#1160 = UNCERTAINTY_MEASURE_WITH_UNIT (LENGTH_MEASURE( 1.000000000000000082E-05 ), #1596, 'distance_accuracy_value', 'NONE');
#1161 = VECTOR ( 'NONE', #615, 1000.000000000000000 ) ;
#1162 = FILL_AREA_STYLE ('',( #4151 ) ) ;
#1163 = COLOUR_RGB ( '',0.9058823529411764719, 0.9019607843137255054, 0.8862745098039215286 ) ;
#1164 = DIRECTION ( 'NONE',  ( 0.0000000000000000000, 0.0000000000000000000, 1.000000000000000000 ) ) ;
#1165 = EDGE_LOOP ( 'NONE', ( #3169, #2105, #3642, #1155 ) ) ;
#1166 =( GEOMETRIC_REPRESENTATION_CONTEXT ( 3 ) GLOBAL_UNCERTAINTY_ASSIGNED_CONTEXT ( ( #5287 ) ) GLOBAL_UNIT_ASSIGNED_CONTEXT ( ( #4644, #1579, #4158 ) ) REPRESENTATION_CONTEXT ( 'NONE', 'WORKASPACE' ) );
#1167 = ORIENTED_EDGE ( 'NONE', *, *, #4229, .T. ) ;
#1168 = FILL_AREA_STYLE ('',( #4129 ) ) ;
#1169 = EDGE_LOOP ( 'NONE', ( #3132, #19, #4639, #1890 ) ) ;
#1170 = EDGE_CURVE ( 'NONE', #5337, #3527, #2110, .T. ) ;
#1171 = DIRECTION ( 'NONE',  ( -0.0000000000000000000, -0.0000000000000000000, -1.000000000000000000 ) ) ;
#1172 = DIRECTION ( 'NONE',  ( 0.06975647374412627388, 0.9975640502598241977, -0.0000000000000000000 ) ) ;
#1173 =( NAMED_UNIT ( * ) PLANE_ANGLE_UNIT ( ) SI_UNIT ( $, .RADIAN. ) );
#1174 = LINE ( 'NONE', #2450, #496 ) ;
#1175 = ORIENTED_EDGE ( 'NONE', *, *, #1635, .F. ) ;
#1176 = ORIENTED_EDGE ( 'NONE', *, *, #3166, .T. ) ;
#1177 = DIRECTION ( 'NONE',  ( -0.9975640502598241977, 0.06975647374412627388, 0.0000000000000000000 ) ) ;
#1178 = SURFACE_STYLE_FILL_AREA ( #784 ) ;
#1179 = EDGE_CURVE ( 'NONE', #2145, #1252, #3939, .T. ) ;
#1180 = LINE ( 'NONE', #4974, #2613 ) ;
#1181 = CARTESIAN_POINT ( 'NONE',  ( 2.705000000000000959, -1.104999999999999760, 0.8890000000000003455 ) ) ;
#1182 = VECTOR ( 'NONE', #3136, 1000.000000000000000 ) ;
#1183 = ORIENTED_EDGE ( 'NONE', *, *, #838, .T. ) ;
#1184 = PRESENTATION_STYLE_ASSIGNMENT (( #4233 ) ) ;
#1185 = STYLED_ITEM ( 'NONE', ( #3204 ), #4521 ) ;
#1186 = PRESENTATION_LAYER_ASSIGNMENT (  '', '', ( #2553 ) ) ;
#1187 = DIRECTION ( 'NONE',  ( -1.000000000000000000, 0.0000000000000000000, 0.0000000000000000000 ) ) ;
#1188 = EDGE_LOOP ( 'NONE', ( #1257, #3147, #5079, #2085 ) ) ;
#1189 = AXIS2_PLACEMENT_3D ( 'NONE', #4426, #2656, #497 ) ;
#1190 =( LENGTH_UNIT ( ) NAMED_UNIT ( * ) SI_UNIT ( .MILLI., .METRE. ) );
#1191 = FILL_AREA_STYLE ('',( #239 ) ) ;
#1192 = ORIENTED_EDGE ( 'NONE', *, *, #1133, .F. ) ;
#1193 = CARTESIAN_POINT ( 'NONE',  ( -2.705000000000000959, 0.0000000000000000000, -2.462243186433545006 ) ) ;
#1194 = EDGE_CURVE ( 'NONE', #3837, #5123, #4327, .T. ) ;
#1195 = COLOUR_RGB ( '',0.9058823529411764719, 0.9019607843137255054, 0.8862745098039215286 ) ;
#1196 =( LENGTH_UNIT ( ) NAMED_UNIT ( * ) SI_UNIT ( .MILLI., .METRE. ) );
#1197 =( NAMED_UNIT ( * ) PLANE_ANGLE_UNIT ( ) SI_UNIT ( $, .RADIAN. ) );
#1198 = CARTESIAN_POINT ( 'NONE',  ( -4.183721917363029341, -2.319780764523383887, -0.8889999999999996794 ) ) ;
#1199 =( LENGTH_UNIT ( ) NAMED_UNIT ( * ) SI_UNIT ( .MILLI., .METRE. ) );
#1200 = AXIS2_PLACEMENT_3D ( 'NONE', #5207, #1319, #3073 ) ;
#1201 = AXIS2_PLACEMENT_3D ( 'NONE', #5226, #3441, #3882 ) ;
#1202 = VERTEX_POINT ( 'NONE', #4794 ) ;
#1203 = DIRECTION ( 'NONE',  ( 0.06975647374412494162, 0.9975640502598243087, 0.0000000000000000000 ) ) ;
#1204 = LINE ( 'NONE', #1621, #3685 ) ;
#1205 = MECHANICAL_DESIGN_GEOMETRIC_PRESENTATION_REPRESENTATION (  '', ( #2299 ), #3119 ) ;
#1206 = EDGE_LOOP ( 'NONE', ( #2425, #2383, #2919, #2808 ) ) ;
#1207 = CARTESIAN_POINT ( 'NONE',  ( -2.705000000000000959, -1.104999999999999760, 2.159000000000000252 ) ) ;
#1208 = CIRCLE ( 'NONE', #5185, 0.2099999999999992428 ) ;
#1209 = LINE ( 'NONE', #2041, #3772 ) ;
#1210 = ORIENTED_EDGE ( 'NONE', *, *, #4, .F. ) ;
#1211 = STYLED_ITEM ( 'NONE', ( #3592 ), #732 ) ;
#1212 = DIRECTION ( 'NONE',  ( 1.000000000000000000, 0.0000000000000000000, 0.0000000000000000000 ) ) ;
#1213 = UNCERTAINTY_MEASURE_WITH_UNIT (LENGTH_MEASURE( 1.000000000000000082E-05 ), #1414, 'distance_accuracy_value', 'NONE');
#1214 = CARTESIAN_POINT ( 'NONE',  ( 3.112956294435731408, -1.285773648798387292, -0.8889999999999996794 ) ) ;
#1215 = SURFACE_STYLE_FILL_AREA ( #5209 ) ;
#1216 = CARTESIAN_POINT ( 'NONE',  ( -2.705000000000000959, -0.9249999999999998224, 2.159000000000000252 ) ) ;
#1217 = EDGE_LOOP ( 'NONE', ( #3779, #126, #542, #2833 ) ) ;
#1218 = MECHANICAL_DESIGN_GEOMETRIC_PRESENTATION_REPRESENTATION (  '', ( #4014 ), #3304 ) ;
#1219 = ADVANCED_FACE ( 'NONE', ( #2194 ), #1337, .F. ) ;
#1220 = DIRECTION ( 'NONE',  ( 0.0000000000000000000, 0.0000000000000000000, 1.000000000000000000 ) ) ;
#1221 = STYLED_ITEM ( 'NONE', ( #79 ), #1219 ) ;
#1222 = VERTEX_POINT ( 'NONE', #2166 ) ;
#1223 = CARTESIAN_POINT ( 'NONE',  ( 2.905000000000000693, -1.314999999999999725, 0.8890000000000003455 ) ) ;
#1224 = VECTOR ( 'NONE', #4960, 1000.000000000000000 ) ;
#1225 = FILL_AREA_STYLE ('',( #3412 ) ) ;
#1226 =( NAMED_UNIT ( * ) SI_UNIT ( $, .STERADIAN. ) SOLID_ANGLE_UNIT ( ) );
#1227 = LINE ( 'NONE', #4248, #2863 ) ;
#1228 = EDGE_CURVE ( 'NONE', #2662, #2401, #4303, .T. ) ;
#1229 = STYLED_ITEM ( 'NONE', ( #2597 ), #1609 ) ;
#1230 = EDGE_LOOP ( 'NONE', ( #471, #2019, #2884, #808 ) ) ;
#1231 = LINE ( 'NONE', #4351, #2181 ) ;
#1232 = AXIS2_PLACEMENT_3D ( 'NONE', #2932, #3351, #1580 ) ;
#1233 = FILL_AREA_STYLE_COLOUR ( '', #1928 ) ;
#1234 = CARTESIAN_POINT ( 'NONE',  ( 2.705000000000000959, -1.104999999999999538, -0.8889999999999995683 ) ) ;
#1235 = CARTESIAN_POINT ( 'NONE',  ( -2.905000000000000693, -1.314999999999999725, -1.650999999999999801 ) ) ;
#1236 = EDGE_CURVE ( 'NONE', #2353, #2657, #895, .T. ) ;
#1237 = PRESENTATION_LAYER_ASSIGNMENT (  '', '', ( #2333 ) ) ;
#1238 = PRESENTATION_STYLE_ASSIGNMENT (( #5545 ) ) ;
#1239 =( LENGTH_UNIT ( ) NAMED_UNIT ( * ) SI_UNIT ( .MILLI., .METRE. ) );
#1240 = CARTESIAN_POINT ( 'NONE',  ( -3.564137829662604062, -2.276455224539564171, -0.8889999999999996794 ) ) ;
#1241 = ORIENTED_EDGE ( 'NONE', *, *, #4951, .F. ) ;
#1242 = CARTESIAN_POINT ( 'NONE',  ( 3.291204546809214371, -1.260722490625576953, -0.8889999999999996794 ) ) ;
#1243 = EDGE_CURVE ( 'NONE', #448, #2297, #2139, .T. ) ;
#1244 = PRESENTATION_LAYER_ASSIGNMENT (  '', '', ( #4499 ) ) ;
#1245 = CARTESIAN_POINT ( 'NONE',  ( 3.205138307613600634, -1.941682754312656023, 1.651000000000000023 ) ) ;
#1246 = CARTESIAN_POINT ( 'NONE',  ( -3.291204546809214371, -1.260722490625576953, -1.650999999999999801 ) ) ;
#1247 = AXIS2_PLACEMENT_3D ( 'NONE', #4662, #1948, #3701 ) ;
#1248 =( GEOMETRIC_REPRESENTATION_CONTEXT ( 3 ) GLOBAL_UNCERTAINTY_ASSIGNED_CONTEXT ( ( #3424 ) ) GLOBAL_UNIT_ASSIGNED_CONTEXT ( ( #4941, #1079, #2372 ) ) REPRESENTATION_CONTEXT ( 'NONE', 'WORKASPACE' ) );
#1249 = CARTESIAN_POINT ( 'NONE',  ( 2.905000000000000693, -0.9249999999999993783, 0.8890000000000003455 ) ) ;
#1250 =( NAMED_UNIT ( * ) PLANE_ANGLE_UNIT ( ) SI_UNIT ( $, .RADIAN. ) );
#1251 = ORIENTED_EDGE ( 'NONE', *, *, #4330, .F. ) ;
#1252 = VERTEX_POINT ( 'NONE', #862 ) ;
#1253 = VECTOR ( 'NONE', #315, 1000.000000000000114 ) ;
#1254 = PRESENTATION_STYLE_ASSIGNMENT (( #5071 ) ) ;
#1255 = DIRECTION ( 'NONE',  ( -0.0000000000000000000, -0.0000000000000000000, -1.000000000000000000 ) ) ;
#1256 = COLOUR_RGB ( '',0.9058823529411764719, 0.9019607843137255054, 0.8862745098039215286 ) ;
#1257 = ORIENTED_EDGE ( 'NONE', *, *, #815, .T. ) ;
#1258 = DIRECTION ( 'NONE',  ( 0.0000000000000000000, -1.000000000000000000, 0.0000000000000000000 ) ) ;
#1259 = DIRECTION ( 'NONE',  ( -1.000000000000000000, 0.0000000000000000000, 0.0000000000000000000 ) ) ;
#1260 = ORIENTED_EDGE ( 'NONE', *, *, #2184, .T. ) ;
#1261 = UNCERTAINTY_MEASURE_WITH_UNIT (LENGTH_MEASURE( 1.000000000000000082E-05 ), #4793, 'distance_accuracy_value', 'NONE');
#1262 = CARTESIAN_POINT ( 'NONE',  ( 4.196278082636971440, -2.140219235476615633, -2.158999999999999808 ) ) ;
#1263 = FILL_AREA_STYLE_COLOUR ( '', #2266 ) ;
#1264 = EDGE_CURVE ( 'NONE', #3472, #5091, #439, .T. ) ;
#1265 = LINE ( 'NONE', #420, #2964 ) ;
#1266 = ORIENTED_EDGE ( 'NONE', *, *, #2352, .T. ) ;
#1267 = LINE ( 'NONE', #5174, #5094 ) ;
#1268 = FILL_AREA_STYLE_COLOUR ( '', #2024 ) ;
#1269 = VECTOR ( 'NONE', #2822, 1000.000000000000000 ) ;
#1270 = CARTESIAN_POINT ( 'NONE',  ( 3.564137829662604062, -2.276455224539564171, 0.3810000000000003939 ) ) ;
#1271 =( LENGTH_UNIT ( ) NAMED_UNIT ( * ) SI_UNIT ( .MILLI., .METRE. ) );
#1272 = EDGE_LOOP ( 'NONE', ( #1458, #1308, #260, #2902 ) ) ;
#1273 = CARTESIAN_POINT ( 'NONE',  ( -1.955000000000000959, -0.05000000000000000278, -1.939999999999999725 ) ) ;
#1274 =( GEOMETRIC_REPRESENTATION_CONTEXT ( 3 ) GLOBAL_UNCERTAINTY_ASSIGNED_CONTEXT ( ( #3637 ) ) GLOBAL_UNIT_ASSIGNED_CONTEXT ( ( #4174, #417, #1313 ) ) REPRESENTATION_CONTEXT ( 'NONE', 'WORKASPACE' ) );
#1275 = ORIENTED_EDGE ( 'NONE', *, *, #5370, .F. ) ;
#1276 = CARTESIAN_POINT ( 'NONE',  ( -2.705000000000000959, -1.104999999999999760, 1.651000000000000023 ) ) ;
#1277 = STYLED_ITEM ( 'NONE', ( #2557 ), #5074 ) ;
#1278 = CARTESIAN_POINT ( 'NONE',  ( -2.705000000000000959, -1.104999999999999760, -0.3809999999999997278 ) ) ;
#1279 = COLOUR_RGB ( '',0.9058823529411764719, 0.9019607843137255054, 0.8862745098039215286 ) ;
#1280 = ORIENTED_EDGE ( 'NONE', *, *, #5183, .T. ) ;
#1281 = SURFACE_STYLE_FILL_AREA ( #5598 ) ;
#1282 =( NAMED_UNIT ( * ) PLANE_ANGLE_UNIT ( ) SI_UNIT ( $, .RADIAN. ) );
#1283 = AXIS2_PLACEMENT_3D ( 'NONE', #4945, #5460, #1567 ) ;
#1284 = ADVANCED_FACE ( 'NONE', ( #3460 ), #5188, .F. ) ;
#1285 = CARTESIAN_POINT ( 'NONE',  ( -2.905000000000000693, -0.9249999999999993783, 2.159000000000000252 ) ) ;
#1286 = LINE ( 'NONE', #3426, #463 ) ;
#1287 = CIRCLE ( 'NONE', #1742, 0.2500000000000000000 ) ;
#1288 = SURFACE_STYLE_FILL_AREA ( #2624 ) ;
#1289 = CARTESIAN_POINT ( 'NONE',  ( -3.591342854422812980, -1.887405244938233251, 1.651000000000000023 ) ) ;
#1290 = ORIENTED_EDGE ( 'NONE', *, *, #3707, .T. ) ;
#1291 = CARTESIAN_POINT ( 'NONE',  ( -2.705000000000000959, -1.104999999999999760, -0.8889999999999996794 ) ) ;
#1292 = CIRCLE ( 'NONE', #4088, 0.2100000000000005473 ) ;
#1293 = EDGE_CURVE ( 'NONE', #5446, #5429, #2342, .T. ) ;
#1294 = EDGE_CURVE ( 'NONE', #3177, #3788, #2362, .T. ) ;
#1295 = SURFACE_STYLE_FILL_AREA ( #5584 ) ;
#1296 = LINE ( 'NONE', #883, #4957 ) ;
#1297 = ORIENTED_EDGE ( 'NONE', *, *, #3589, .T. ) ;
#1298 = CARTESIAN_POINT ( 'NONE',  ( -3.383386559987083597, -1.916631596139845684, -1.650999999999999801 ) ) ;
#1299 = VERTEX_POINT ( 'NONE', #3631 ) ;
#1300 = VECTOR ( 'NONE', #3220, 1000.000000000000114 ) ;
#1301 =( LENGTH_UNIT ( ) NAMED_UNIT ( * ) SI_UNIT ( .MILLI., .METRE. ) );
#1302 = MECHANICAL_DESIGN_GEOMETRIC_PRESENTATION_REPRESENTATION (  '', ( #584 ), #2039 ) ;
#1303 = LINE ( 'NONE', #4325, #5120 ) ;
#1304 = VECTOR ( 'NONE', #3826, 1000.000000000000114 ) ;
#1305 = EDGE_CURVE ( 'NONE', #4115, #1355, #2313, .T. ) ;
#1306 = CARTESIAN_POINT ( 'NONE',  ( -2.705000000000000959, -2.029999999999999805, 2.689999999999999503 ) ) ;
#1307 = STYLED_ITEM ( 'NONE', ( #4819 ), #1364 ) ;
#1308 = ORIENTED_EDGE ( 'NONE', *, *, #1333, .T. ) ;
#1309 = SURFACE_STYLE_FILL_AREA ( #5539 ) ;
#1310 = EDGE_LOOP ( 'NONE', ( #2477, #4659, #572, #3760 ) ) ;
#1311 = DIRECTION ( 'NONE',  ( -0.0000000000000000000, -0.0000000000000000000, -1.000000000000000000 ) ) ;
#1312 = UNCERTAINTY_MEASURE_WITH_UNIT (LENGTH_MEASURE( 1.000000000000000082E-05 ), #1037, 'distance_accuracy_value', 'NONE');
#1313 =( NAMED_UNIT ( * ) SI_UNIT ( $, .STERADIAN. ) SOLID_ANGLE_UNIT ( ) );
#1314 = ORIENTED_EDGE ( 'NONE', *, *, #544, .T. ) ;
#1315 = DIRECTION ( 'NONE',  ( -0.0000000000000000000, -0.0000000000000000000, -1.000000000000000000 ) ) ;
#1316 = ORIENTED_EDGE ( 'NONE', *, *, #1009, .T. ) ;
#1317 =( LENGTH_UNIT ( ) NAMED_UNIT ( * ) SI_UNIT ( .MILLI., .METRE. ) );
#1318 = COLOUR_RGB ( '',0.9058823529411764719, 0.9019607843137255054, 0.8862745098039215286 ) ;
#1319 = DIRECTION ( 'NONE',  ( 0.0000000000000000000, 0.0000000000000000000, 1.000000000000000000 ) ) ;
#1320 = UNCERTAINTY_MEASURE_WITH_UNIT (LENGTH_MEASURE( 1.000000000000000082E-05 ), #3001, 'distance_accuracy_value', 'NONE');
#1321 = VECTOR ( 'NONE', #1899, 1000.000000000000000 ) ;
#1322 =( LENGTH_UNIT ( ) NAMED_UNIT ( * ) SI_UNIT ( .MILLI., .METRE. ) );
#1323 = CARTESIAN_POINT ( 'NONE',  ( -2.705000000000000959, -0.9249999999999998224, -2.158999999999999808 ) ) ;
#1324 = VECTOR ( 'NONE', #5310, 1000.000000000000227 ) ;
#1325 = VECTOR ( 'NONE', #5491, 1000.000000000000000 ) ;
#1326 = ORIENTED_EDGE ( 'NONE', *, *, #2587, .F. ) ;
#1327 = LINE ( 'NONE', #511, #1559 ) ;
#1328 = FILL_AREA_STYLE_COLOUR ( '', #4663 ) ;
#1329 = PRESENTATION_LAYER_ASSIGNMENT (  '', '', ( #2254 ) ) ;
#1330 = ORIENTED_EDGE ( 'NONE', *, *, #2944, .F. ) ;
#1331 = STYLED_ITEM ( 'NONE', ( #5373 ), #2564 ) ;
#1332 = SURFACE_STYLE_USAGE ( .BOTH. , #3438 ) ;
#1333 = EDGE_CURVE ( 'NONE', #1962, #5371, #4075, .T. ) ;
#1334 = CARTESIAN_POINT ( 'NONE',  ( 2.705000000000000959, -0.9249999999999998224, 0.8890000000000003455 ) ) ;
#1335 = AXIS2_PLACEMENT_3D ( 'NONE', #132, #3135, #4877 ) ;
#1336 =( NAMED_UNIT ( * ) PLANE_ANGLE_UNIT ( ) SI_UNIT ( $, .RADIAN. ) );
#1337 = PLANE ( 'NONE',  #5103 ) ;
#1338 = AXIS2_PLACEMENT_3D ( 'NONE', #4008, #3622, #1898 ) ;
#1339 = ORIENTED_EDGE ( 'NONE', *, *, #752, .F. ) ;
#1340 = CARTESIAN_POINT ( 'NONE',  ( 2.705000000000000959, -1.104999999999999760, 2.159000000000000252 ) ) ;
#1341 = VERTEX_POINT ( 'NONE', #5249 ) ;
#1342 = CIRCLE ( 'NONE', #3344, 0.3900000000000001799 ) ;
#1343 =( NAMED_UNIT ( * ) SI_UNIT ( $, .STERADIAN. ) SOLID_ANGLE_UNIT ( ) );
#1344 = ORIENTED_EDGE ( 'NONE', *, *, #3828, .T. ) ;
#1345 = CARTESIAN_POINT ( 'NONE',  ( -2.705000000000000959, 0.0000000000000000000, 2.462243186433545006 ) ) ;
#1346 = DIRECTION ( 'NONE',  ( -0.1391731009600577773, 0.9902680687415713612, 0.0000000000000000000 ) ) ;
#1347 = VERTEX_POINT ( 'NONE', #137 ) ;
#1348 = SURFACE_STYLE_FILL_AREA ( #31 ) ;
#1349 = CARTESIAN_POINT ( 'NONE',  ( -2.705000000000000959, -0.9249999999999993783, -2.158999999999999808 ) ) ;
#1350 = EDGE_CURVE ( 'NONE', #2545, #298, #2263, .T. ) ;
#1351 = LINE ( 'NONE', #95, #663 ) ;
#1352 = DIRECTION ( 'NONE',  ( -1.000000000000000000, 0.0000000000000000000, 0.0000000000000000000 ) ) ;
#1353 = EDGE_LOOP ( 'NONE', ( #4996, #4942, #1877, #3284 ) ) ;
#1354 = DIRECTION ( 'NONE',  ( -0.0000000000000000000, -0.0000000000000000000, -1.000000000000000000 ) ) ;
#1355 = VERTEX_POINT ( 'NONE', #165 ) ;
#1356 = PRESENTATION_LAYER_ASSIGNMENT (  '', '', ( #279 ) ) ;
#1357 = LINE ( 'NONE', #3902, #3506 ) ;
#1358 = FILL_AREA_STYLE ('',( #2058 ) ) ;
#1359 =( LENGTH_UNIT ( ) NAMED_UNIT ( * ) SI_UNIT ( .MILLI., .METRE. ) );
#1360 = LINE ( 'NONE', #4326, #4390 ) ;
#1361 = PRESENTATION_LAYER_ASSIGNMENT (  '', '', ( #3103 ) ) ;
#1362 = CARTESIAN_POINT ( 'NONE',  ( 2.477243186433546018, 0.0000000000000000000, 2.689999999999999503 ) ) ;
#1363 = CARTESIAN_POINT ( 'NONE',  ( -3.576693994936546606, -2.096893695492795917, -2.158999999999999808 ) ) ;
#1364 = ADVANCED_FACE ( 'NONE', ( #1472 ), #2714, .T. ) ;
#1365 = EDGE_CURVE ( 'NONE', #1341, #5270, #212, .T. ) ;
#1366 = AXIS2_PLACEMENT_3D ( 'NONE', #5031, #2873, #2485 ) ;
#1367 = VECTOR ( 'NONE', #4020, 1000.000000000000114 ) ;
#1368 = ORIENTED_EDGE ( 'NONE', *, *, #611, .F. ) ;
#1369 = DIRECTION ( 'NONE',  ( 0.0000000000000000000, 0.0000000000000000000, 1.000000000000000000 ) ) ;
#1370 = FILL_AREA_STYLE_COLOUR ( '', #756 ) ;
#1371 = CIRCLE ( 'NONE', #115, 0.2099999999999992428 ) ;
#1372 = LINE ( 'NONE', #3858, #766 ) ;
#1373 =( GEOMETRIC_REPRESENTATION_CONTEXT ( 3 ) GLOBAL_UNCERTAINTY_ASSIGNED_CONTEXT ( ( #3145 ) ) GLOBAL_UNIT_ASSIGNED_CONTEXT ( ( #3379, #2498, #2580 ) ) REPRESENTATION_CONTEXT ( 'NONE', 'WORKASPACE' ) );
#1374 = PLANE ( 'NONE',  #3724 ) ;
#1375 = ORIENTED_EDGE ( 'NONE', *, *, #140, .T. ) ;
#1376 = VECTOR ( 'NONE', #4999, 1000.000000000000000 ) ;
#1377 = LINE ( 'NONE', #2418, #2686 ) ;
#1378 = CARTESIAN_POINT ( 'NONE',  ( 2.705000000000000959, -0.9249999999999998224, 1.651000000000000023 ) ) ;
#1379 = ORIENTED_EDGE ( 'NONE', *, *, #3095, .F. ) ;
#1380 =( NAMED_UNIT ( * ) PLANE_ANGLE_UNIT ( ) SI_UNIT ( $, .RADIAN. ) );
#1381 = CARTESIAN_POINT ( 'NONE',  ( 3.576693994936546606, -2.096893695492795917, -0.3809999999999997278 ) ) ;
#1382 = EDGE_CURVE ( 'NONE', #1605, #4968, #3660, .T. ) ;
#1383 = ADVANCED_FACE ( 'NONE', ( #5014 ), #4536, .T. ) ;
#1384 = CIRCLE ( 'NONE', #1841, 0.2500000000000000000 ) ;
#1385 = CARTESIAN_POINT ( 'NONE',  ( 2.905000000000000693, -1.314999999999999725, -1.650999999999999801 ) ) ;
#1386 = CARTESIAN_POINT ( 'NONE',  ( -3.591342854422812980, -1.887405244938233251, -2.158999999999999808 ) ) ;
#1387 =( NAMED_UNIT ( * ) PLANE_ANGLE_UNIT ( ) SI_UNIT ( $, .RADIAN. ) );
#1388 = VERTEX_POINT ( 'NONE', #666 ) ;
#1389 = MECHANICAL_DESIGN_GEOMETRIC_PRESENTATION_REPRESENTATION (  '', ( #4820 ), #303 ) ;
#1390 = LINE ( 'NONE', #976, #850 ) ;
#1391 = CARTESIAN_POINT ( 'NONE',  ( -1.955000000000000959, 0.0000000000000000000, -1.939999999999999725 ) ) ;
#1392 = VERTEX_POINT ( 'NONE', #3769 ) ;
#1393 = STYLED_ITEM ( 'NONE', ( #4086 ), #782 ) ;
#1394 = CARTESIAN_POINT ( 'NONE',  ( -3.291204546809214371, -1.260722490625576953, -1.650999999999999801 ) ) ;
#1395 = CYLINDRICAL_SURFACE ( 'NONE', #3978, 0.2099999999999992428 ) ;
#1396 = CARTESIAN_POINT ( 'NONE',  ( -4.196278082636971440, -2.140219235476615633, 2.159000000000000252 ) ) ;
#1397 =( NAMED_UNIT ( * ) PLANE_ANGLE_UNIT ( ) SI_UNIT ( $, .RADIAN. ) );
#1398 = FILL_AREA_STYLE_COLOUR ( '', #3485 ) ;
#1399 = CIRCLE ( 'NONE', #1568, 0.2100000000000005473 ) ;
#1400 = PRESENTATION_LAYER_ASSIGNMENT (  '', '', ( #5101 ) ) ;
#1401 = ORIENTED_EDGE ( 'NONE', *, *, #383, .T. ) ;
#1402 = PRESENTATION_LAYER_ASSIGNMENT (  '', '', ( #5565 ) ) ;
#1403 = ADVANCED_FACE ( 'NONE', ( #3715 ), #1584, .T. ) ;
#1404 = DIRECTION ( 'NONE',  ( -1.000000000000000000, 0.0000000000000000000, 0.0000000000000000000 ) ) ;
#1405 = FACE_OUTER_BOUND ( 'NONE', #4177, .T. ) ;
#1406 =( GEOMETRIC_REPRESENTATION_CONTEXT ( 3 ) GLOBAL_UNCERTAINTY_ASSIGNED_CONTEXT ( ( #4498 ) ) GLOBAL_UNIT_ASSIGNED_CONTEXT ( ( #1964, #4161, #2855 ) ) REPRESENTATION_CONTEXT ( 'NONE', 'WORKASPACE' ) );
#1407 = SURFACE_STYLE_USAGE ( .BOTH. , #5289 ) ;
#1408 = ORIENTED_EDGE ( 'NONE', *, *, #1649, .F. ) ;
#1409 = SURFACE_STYLE_USAGE ( .BOTH. , #90 ) ;
#1410 = VECTOR ( 'NONE', #1816, 1000.000000000000114 ) ;
#1411 = EDGE_CURVE ( 'NONE', #3974, #5282, #1552, .T. ) ;
#1412 = EDGE_LOOP ( 'NONE', ( #1493, #4224, #557, #4297 ) ) ;
#1413 = FILL_AREA_STYLE ('',( #120 ) ) ;
#1414 =( LENGTH_UNIT ( ) NAMED_UNIT ( * ) SI_UNIT ( .MILLI., .METRE. ) );
#1415 = COLOUR_RGB ( '',0.5019607843137254832, 0.5019607843137254832, 0.5019607843137254832 ) ;
#1416 = CARTESIAN_POINT ( 'NONE',  ( -2.477243186433546018, 0.0000000000000000000, 2.689999999999999503 ) ) ;
#1417 = DIRECTION ( 'NONE',  ( 0.2505628070857289225, -0.9351131265310307361, -0.2505628070857289225 ) ) ;
#1418 = ADVANCED_FACE ( 'NONE', ( #747 ), #2444, .F. ) ;
#1419 = DIRECTION ( 'NONE',  ( 0.1391731009600577773, 0.9902680687415713612, 0.0000000000000000000 ) ) ;
#1420 = ORIENTED_EDGE ( 'NONE', *, *, #1382, .T. ) ;
#1421 = COLOUR_RGB ( '',0.9058823529411764719, 0.9019607843137255054, 0.8862745098039215286 ) ;
#1422 = AXIS2_PLACEMENT_3D ( 'NONE', #1729, #5218, #951 ) ;
#1423 = DIRECTION ( 'NONE',  ( 0.9975640502598241977, 0.06975647374412627388, 0.0000000000000000000 ) ) ;
#1424 = ORIENTED_EDGE ( 'NONE', *, *, #650, .F. ) ;
#1425 = STYLED_ITEM ( 'NONE', ( #3100 ), #3183 ) ;
#1426 = DIRECTION ( 'NONE',  ( 0.1391731009600577773, -0.9902680687415713612, 0.0000000000000000000 ) ) ;
#1427 = EDGE_LOOP ( 'NONE', ( #2048, #4293, #720, #2399 ) ) ;
#1428 = DIRECTION ( 'NONE',  ( -0.0000000000000000000, -0.0000000000000000000, -1.000000000000000000 ) ) ;
#1429 = VECTOR ( 'NONE', #4493, 1000.000000000000000 ) ;
#1430 =( NAMED_UNIT ( * ) PLANE_ANGLE_UNIT ( ) SI_UNIT ( $, .RADIAN. ) );
#1431 = COLOUR_RGB ( '',0.9058823529411764719, 0.9019607843137255054, 0.8862745098039215286 ) ;
#1432 = ADVANCED_FACE ( 'NONE', ( #3081 ), #5154, .F. ) ;
#1433 = VECTOR ( 'NONE', #2480, 1000.000000000000000 ) ;
#1434 = FILL_AREA_STYLE ('',( #171 ) ) ;
#1435 = UNCERTAINTY_MEASURE_WITH_UNIT (LENGTH_MEASURE( 1.000000000000000082E-05 ), #1942, 'distance_accuracy_value', 'NONE');
#1436 = ORIENTED_EDGE ( 'NONE', *, *, #4634, .F. ) ;
#1437 = PRESENTATION_LAYER_ASSIGNMENT (  '', '', ( #4961 ) ) ;
#1438 = ORIENTED_EDGE ( 'NONE', *, *, #4672, .F. ) ;
#1439 =( NAMED_UNIT ( * ) PLANE_ANGLE_UNIT ( ) SI_UNIT ( $, .RADIAN. ) );
#1440 = UNCERTAINTY_MEASURE_WITH_UNIT (LENGTH_MEASURE( 1.000000000000000082E-05 ), #3743, 'distance_accuracy_value', 'NONE');
#1441 = EDGE_CURVE ( 'NONE', #2414, #5050, #4568, .T. ) ;
#1442 = CYLINDRICAL_SURFACE ( 'NONE', #3085, 0.3899999999999992917 ) ;
#1443 = PRESENTATION_STYLE_ASSIGNMENT (( #623 ) ) ;
#1444 = VERTEX_POINT ( 'NONE', #5182 ) ;
#1445 = PRESENTATION_STYLE_ASSIGNMENT (( #5334 ) ) ;
#1446 = LINE ( 'NONE', #3182, #1027 ) ;
#1447 = CARTESIAN_POINT ( 'NONE',  ( -3.576693994936546606, -2.096893695492795917, -0.3809999999999997278 ) ) ;
#1448 = ORIENTED_EDGE ( 'NONE', *, *, #3369, .F. ) ;
#1449 = LINE ( 'NONE', #2677, #5502 ) ;
#1450 = VERTEX_POINT ( 'NONE', #1298 ) ;
#1451 = FILL_AREA_STYLE_COLOUR ( '', #1784 ) ;
#1452 = DIRECTION ( 'NONE',  ( -1.000000000000000000, 1.032573497605245971E-15, 0.0000000000000000000 ) ) ;
#1453 = SURFACE_SIDE_STYLE ('',( #3172 ) ) ;
#1454 = PRESENTATION_STYLE_ASSIGNMENT (( #2687 ) ) ;
#1455 = VECTOR ( 'NONE', #4973, 1000.000000000000000 ) ;
#1456 = ORIENTED_EDGE ( 'NONE', *, *, #2549, .T. ) ;
#1457 = FILL_AREA_STYLE ('',( #5347 ) ) ;
#1458 = ORIENTED_EDGE ( 'NONE', *, *, #241, .F. ) ;
#1459 = FACE_OUTER_BOUND ( 'NONE', #3710, .T. ) ;
#1460 = CARTESIAN_POINT ( 'NONE',  ( 3.205138307613600634, -1.941682754312656023, -0.3809999999999997278 ) ) ;
#1461 =( LENGTH_UNIT ( ) NAMED_UNIT ( * ) SI_UNIT ( .MILLI., .METRE. ) );
#1462 = FILL_AREA_STYLE_COLOUR ( '', #721 ) ;
#1463 = CARTESIAN_POINT ( 'NONE',  ( -4.183721917363029341, -2.319780764523383887, 0.3810000000000003939 ) ) ;
#1464 = ORIENTED_EDGE ( 'NONE', *, *, #3537, .T. ) ;
#1465 = CARTESIAN_POINT ( 'NONE',  ( 2.705000000000000959, -0.9249999999999998224, 2.159000000000000252 ) ) ;
#1466 = EDGE_CURVE ( 'NONE', #2353, #4142, #5125, .T. ) ;
#1467 = COLOUR_RGB ( '',0.9058823529411764719, 0.9019607843137255054, 0.8862745098039215286 ) ;
#1468 = FACE_OUTER_BOUND ( 'NONE', #4746, .T. ) ;
#1469 = ORIENTED_EDGE ( 'NONE', *, *, #2135, .T. ) ;
#1470 = DIRECTION ( 'NONE',  ( -0.0000000000000000000, -0.0000000000000000000, -1.000000000000000000 ) ) ;
#1471 = ORIENTED_EDGE ( 'NONE', *, *, #3416, .T. ) ;
#1472 = FACE_OUTER_BOUND ( 'NONE', #4315, .T. ) ;
#1473 = AXIS2_PLACEMENT_3D ( 'NONE', #5412, #654, #4441 ) ;
#1474 = EDGE_CURVE ( 'NONE', #3270, #2818, #4789, .T. ) ;
#1475 = MECHANICAL_DESIGN_GEOMETRIC_PRESENTATION_REPRESENTATION (  '', ( #5006 ), #5467 ) ;
#1476 = CARTESIAN_POINT ( 'NONE',  ( 2.705000000000000959, -0.9249999999999998224, -0.8889999999999996794 ) ) ;
#1477 = ADVANCED_FACE ( 'NONE', ( #5559 ), #3484, .F. ) ;
#1478 = SURFACE_STYLE_FILL_AREA ( #4909 ) ;
#1479 = CIRCLE ( 'NONE', #4652, 0.2100000000000005473 ) ;
#1480 = UNCERTAINTY_MEASURE_WITH_UNIT (LENGTH_MEASURE( 1.000000000000000082E-05 ), #272, 'distance_accuracy_value', 'NONE');
#1481 =( NAMED_UNIT ( * ) PLANE_ANGLE_UNIT ( ) SI_UNIT ( $, .RADIAN. ) );
#1482 = VERTEX_POINT ( 'NONE', #5336 ) ;
#1483 = COLOUR_RGB ( '',0.9058823529411764719, 0.9019607843137255054, 0.8862745098039215286 ) ;
#1484 = DIRECTION ( 'NONE',  ( 0.0000000000000000000, 0.0000000000000000000, 1.000000000000000000 ) ) ;
#1485 = ORIENTED_EDGE ( 'NONE', *, *, #823, .T. ) ;
#1486 = SURFACE_STYLE_USAGE ( .BOTH. , #5375 ) ;
#1487 = DIRECTION ( 'NONE',  ( 0.9902680687415713612, 0.1391731009600577773, -0.0000000000000000000 ) ) ;
#1488 = UNCERTAINTY_MEASURE_WITH_UNIT (LENGTH_MEASURE( 1.000000000000000082E-05 ), #2773, 'distance_accuracy_value', 'NONE');
#1489 = LINE ( 'NONE', #4198, #1538 ) ;
#1490 =( GEOMETRIC_REPRESENTATION_CONTEXT ( 3 ) GLOBAL_UNCERTAINTY_ASSIGNED_CONTEXT ( ( #3593 ) ) GLOBAL_UNIT_ASSIGNED_CONTEXT ( ( #3112, #4386, #5343 ) ) REPRESENTATION_CONTEXT ( 'NONE', 'WORKASPACE' ) );
#1491 = SURFACE_STYLE_USAGE ( .BOTH. , #3232 ) ;
#1492 = LINE ( 'NONE', #4409, #5030 ) ;
#1493 = ORIENTED_EDGE ( 'NONE', *, *, #2363, .T. ) ;
#1494 = CARTESIAN_POINT ( 'NONE',  ( -4.196278082636971440, -2.140219235476615633, 0.8890000000000003455 ) ) ;
#1495 = FILL_AREA_STYLE ('',( #655 ) ) ;
#1496 =( GEOMETRIC_REPRESENTATION_CONTEXT ( 3 ) GLOBAL_UNCERTAINTY_ASSIGNED_CONTEXT ( ( #4783 ) ) GLOBAL_UNIT_ASSIGNED_CONTEXT ( ( #2252, #68, #1790 ) ) REPRESENTATION_CONTEXT ( 'NONE', 'WORKASPACE' ) );
#1497 = ORIENTED_EDGE ( 'NONE', *, *, #1179, .T. ) ;
#1498 = PRESENTATION_LAYER_ASSIGNMENT (  '', '', ( #3941 ) ) ;
#1499 = ORIENTED_EDGE ( 'NONE', *, *, #4670, .F. ) ;
#1500 = FILL_AREA_STYLE ('',( #2071 ) ) ;
#1501 =( NAMED_UNIT ( * ) PLANE_ANGLE_UNIT ( ) SI_UNIT ( $, .RADIAN. ) );
#1502 = AXIS2_PLACEMENT_3D ( 'NONE', #2890, #2801, #2365 ) ;
#1503 = ADVANCED_FACE ( 'NONE', ( #3107 ), #1032, .T. ) ;
#1504 =( NAMED_UNIT ( * ) SI_UNIT ( $, .STERADIAN. ) SOLID_ANGLE_UNIT ( ) );
#1505 = PRESENTATION_LAYER_ASSIGNMENT (  '', '', ( #3594 ) ) ;
#1506 = DIRECTION ( 'NONE',  ( -0.9975640502598241977, -0.06975647374412627388, 0.0000000000000000000 ) ) ;
#1507 = DIRECTION ( 'NONE',  ( -0.0000000000000000000, -0.0000000000000000000, -1.000000000000000000 ) ) ;
#1508 = VECTOR ( 'NONE', #1023, 1000.000000000000000 ) ;
#1509 =( LENGTH_UNIT ( ) NAMED_UNIT ( * ) SI_UNIT ( .MILLI., .METRE. ) );
#1510 = ORIENTED_EDGE ( 'NONE', *, *, #3456, .T. ) ;
#1511 = SURFACE_STYLE_USAGE ( .BOTH. , #1977 ) ;
#1512 = ORIENTED_EDGE ( 'NONE', *, *, #5214, .T. ) ;
#1513 =( LENGTH_UNIT ( ) NAMED_UNIT ( * ) SI_UNIT ( .MILLI., .METRE. ) );
#1514 = AXIS2_PLACEMENT_3D ( 'NONE', #2905, #1091, #1187 ) ;
#1515 = CARTESIAN_POINT ( 'NONE',  ( 2.905000000000000693, -0.9249999999999993783, -2.158999999999999808 ) ) ;
#1516 = CARTESIAN_POINT ( 'NONE',  ( -3.564137829662604062, -2.276455224539564171, -1.650999999999999801 ) ) ;
#1517 = EDGE_LOOP ( 'NONE', ( #163, #4762, #4739, #1022 ) ) ;
#1518 = EDGE_CURVE ( 'NONE', #762, #3270, #4572, .T. ) ;
#1519 = SURFACE_STYLE_USAGE ( .BOTH. , #5440 ) ;
#1520 = VERTEX_POINT ( 'NONE', #157 ) ;
#1521 = CARTESIAN_POINT ( 'NONE',  ( -3.291204546809214371, -1.260722490625576953, 1.651000000000000023 ) ) ;
#1522 = EDGE_LOOP ( 'NONE', ( #2268, #1210, #92, #1266 ) ) ;
#1523 = EDGE_CURVE ( 'NONE', #3464, #2437, #1876, .T. ) ;
#1524 = DIRECTION ( 'NONE',  ( -0.0000000000000000000, -0.0000000000000000000, -1.000000000000000000 ) ) ;
#1525 = FILL_AREA_STYLE ('',( #4163 ) ) ;
#1526 = DIRECTION ( 'NONE',  ( -0.0000000000000000000, -0.0000000000000000000, -1.000000000000000000 ) ) ;
#1527 = FILL_AREA_STYLE_COLOUR ( '', #604 ) ;
#1528 = LINE ( 'NONE', #1617, #2565 ) ;
#1529 = CYLINDRICAL_SURFACE ( 'NONE', #3219, 0.2099999999999992428 ) ;
#1530 = EDGE_CURVE ( 'NONE', #4533, #4209, #4413, .T. ) ;
#1531 = EDGE_CURVE ( 'NONE', #4920, #3140, #3937, .T. ) ;
#1532 = UNCERTAINTY_MEASURE_WITH_UNIT (LENGTH_MEASURE( 1.000000000000000082E-05 ), #4182, 'distance_accuracy_value', 'NONE');
#1533 = FILL_AREA_STYLE_COLOUR ( '', #656 ) ;
#1534 = ORIENTED_EDGE ( 'NONE', *, *, #1531, .T. ) ;
#1535 = SURFACE_SIDE_STYLE ('',( #3097 ) ) ;
#1536 = FILL_AREA_STYLE_COLOUR ( '', #4689 ) ;
#1537 = ORIENTED_EDGE ( 'NONE', *, *, #2745, .F. ) ;
#1538 = VECTOR ( 'NONE', #3343, 1000.000000000000000 ) ;
#1539 = FILL_AREA_STYLE ('',( #183 ) ) ;
#1540 = MECHANICAL_DESIGN_GEOMETRIC_PRESENTATION_REPRESENTATION (  '', ( #5447 ), #4443 ) ;
#1541 = DIRECTION ( 'NONE',  ( 1.000000000000000000, 0.0000000000000000000, 0.0000000000000000000 ) ) ;
#1542 = VECTOR ( 'NONE', #1171, 1000.000000000000000 ) ;
#1543 = SURFACE_STYLE_FILL_AREA ( #1985 ) ;
#1544 = EDGE_LOOP ( 'NONE', ( #600, #3089, #1978, #131 ) ) ;
#1545 = LINE ( 'NONE', #1465, #3649 ) ;
#1546 = EDGE_CURVE ( 'NONE', #1450, #1705, #3488, .T. ) ;
#1547 = FILL_AREA_STYLE_COLOUR ( '', #1279 ) ;
#1548 = VECTOR ( 'NONE', #129, 1000.000000000000000 ) ;
#1549 = ORIENTED_EDGE ( 'NONE', *, *, #2517, .F. ) ;
#1550 = ORIENTED_EDGE ( 'NONE', *, *, #1766, .T. ) ;
#1551 = VECTOR ( 'NONE', #33, 1000.000000000000000 ) ;
#1552 = LINE ( 'NONE', #4648, #2320 ) ;
#1553 = AXIS2_PLACEMENT_3D ( 'NONE', #1599, #2062, #3342 ) ;
#1554 = COLOUR_RGB ( '',0.9058823529411764719, 0.9019607843137255054, 0.8862745098039215286 ) ;
#1555 = FILL_AREA_STYLE ('',( #1642 ) ) ;
#1556 = CARTESIAN_POINT ( 'NONE',  ( -3.383386559987083597, -1.916631596139845684, -0.3809999999999997278 ) ) ;
#1557 = DIRECTION ( 'NONE',  ( 0.0000000000000000000, 0.0000000000000000000, 1.000000000000000000 ) ) ;
#1558 = CARTESIAN_POINT ( 'NONE',  ( -3.112956294435731408, -1.285773648798387292, 0.8890000000000003455 ) ) ;
#1559 = VECTOR ( 'NONE', #2731, 1000.000000000000114 ) ;
#1560 = ORIENTED_EDGE ( 'NONE', *, *, #3894, .T. ) ;
#1561 = AXIS2_PLACEMENT_3D ( 'NONE', #4614, #2043, #2464 ) ;
#1562 = SURFACE_SIDE_STYLE ('',( #731 ) ) ;
#1563 = DIRECTION ( 'NONE',  ( 0.0000000000000000000, -1.000000000000000000, 0.0000000000000000000 ) ) ;
#1564 = ORIENTED_EDGE ( 'NONE', *, *, #1170, .F. ) ;
#1565 = LINE ( 'NONE', #4085, #3852 ) ;
#1566 = DIRECTION ( 'NONE',  ( -0.0000000000000000000, -0.0000000000000000000, -1.000000000000000000 ) ) ;
#1567 = DIRECTION ( 'NONE',  ( -0.1391731009600577773, 0.9902680687415713612, 0.0000000000000000000 ) ) ;
#1568 = AXIS2_PLACEMENT_3D ( 'NONE', #1830, #3144, #1042 ) ;
#1569 = PRESENTATION_STYLE_ASSIGNMENT (( #1491 ) ) ;
#1570 = EDGE_CURVE ( 'NONE', #443, #2141, #3966, .T. ) ;
#1571 = CARTESIAN_POINT ( 'NONE',  ( -2.477243186433546018, 0.0000000000000000000, 2.689999999999999503 ) ) ;
#1572 = VECTOR ( 'NONE', #835, 1000.000000000000000 ) ;
#1573 = VERTEX_POINT ( 'NONE', #5274 ) ;
#1574 =( LENGTH_UNIT ( ) NAMED_UNIT ( * ) SI_UNIT ( .MILLI., .METRE. ) );
#1575 = CARTESIAN_POINT ( 'NONE',  ( 2.477243186433546018, 0.0000000000000000000, 2.462243186433545006 ) ) ;
#1576 = VERTEX_POINT ( 'NONE', #2121 ) ;
#1577 = STYLED_ITEM ( 'NONE', ( #319 ), #1383 ) ;
#1578 = EDGE_CURVE ( 'NONE', #3696, #2332, #2659, .T. ) ;
#1579 =( NAMED_UNIT ( * ) PLANE_ANGLE_UNIT ( ) SI_UNIT ( $, .RADIAN. ) );
#1580 = DIRECTION ( 'NONE',  ( -1.000000000000000000, 0.0000000000000000000, 0.0000000000000000000 ) ) ;
#1581 = ORIENTED_EDGE ( 'NONE', *, *, #1105, .F. ) ;
#1582 = MECHANICAL_DESIGN_GEOMETRIC_PRESENTATION_REPRESENTATION (  '', ( #4114 ), #4756 ) ;
#1583 = CARTESIAN_POINT ( 'NONE',  ( -4.196278082636971440, -2.140219235476615633, -0.8889999999999996794 ) ) ;
#1584 = PLANE ( 'NONE',  #1764 ) ;
#1585 = CIRCLE ( 'NONE', #4581, 0.3900000000000001799 ) ;
#1586 = FACE_OUTER_BOUND ( 'NONE', #989, .T. ) ;
#1587 = LINE ( 'NONE', #4932, #974 ) ;
#1588 = EDGE_CURVE ( 'NONE', #3307, #5050, #1265, .T. ) ;
#1589 = PRESENTATION_LAYER_ASSIGNMENT (  '', '', ( #877 ) ) ;
#1590 = PRESENTATION_LAYER_ASSIGNMENT (  '', '', ( #4488 ) ) ;
#1591 = CARTESIAN_POINT ( 'NONE',  ( 2.705000000000000959, -0.9249999999999998224, 2.159000000000000252 ) ) ;
#1592 = AXIS2_PLACEMENT_3D ( 'NONE', #1289, #55, #2598 ) ;
#1593 = EDGE_LOOP ( 'NONE', ( #4790, #3268, #3042, #3002 ) ) ;
#1594 = CYLINDRICAL_SURFACE ( 'NONE', #1761, 0.2099999999999992428 ) ;
#1595 = VERTEX_POINT ( 'NONE', #3470 ) ;
#1596 =( LENGTH_UNIT ( ) NAMED_UNIT ( * ) SI_UNIT ( .MILLI., .METRE. ) );
#1597 = LINE ( 'NONE', #4696, #2314 ) ;
#1598 = MECHANICAL_DESIGN_GEOMETRIC_PRESENTATION_REPRESENTATION (  '', ( #3955 ), #81 ) ;
#1599 = CARTESIAN_POINT ( 'NONE',  ( 0.0000000000000000000, 0.0000000000000000000, 0.0000000000000000000 ) ) ;
#1600 = UNCERTAINTY_MEASURE_WITH_UNIT (LENGTH_MEASURE( 1.000000000000000082E-05 ), #4947, 'distance_accuracy_value', 'NONE');
#1601 = CIRCLE ( 'NONE', #4503, 0.2099999999999992428 ) ;
#1602 = PRESENTATION_STYLE_ASSIGNMENT (( #2841 ) ) ;
#1603 = FACE_OUTER_BOUND ( 'NONE', #4362, .T. ) ;
#1604 = CARTESIAN_POINT ( 'NONE',  ( -2.905000000000000693, -0.9249999999999993783, 0.8890000000000003455 ) ) ;
#1605 = VERTEX_POINT ( 'NONE', #2542 ) ;
#1606 = SURFACE_SIDE_STYLE ('',( #1934 ) ) ;
#1607 = SURFACE_SIDE_STYLE ('',( #5007 ) ) ;
#1608 = LINE ( 'NONE', #765, #3114 ) ;
#1609 = ADVANCED_FACE ( 'NONE', ( #3015 ), #2092, .F. ) ;
#1610 = VECTOR ( 'NONE', #3980, 1000.000000000000000 ) ;
#1611 = SURFACE_STYLE_FILL_AREA ( #5062 ) ;
#1612 = VERTEX_POINT ( 'NONE', #3811 ) ;
#1613 = AXIS2_PLACEMENT_3D ( 'NONE', #3345, #1984, #4611 ) ;
#1614 = FILL_AREA_STYLE_COLOUR ( '', #5204 ) ;
#1615 = VERTEX_POINT ( 'NONE', #873 ) ;
#1616 = DIRECTION ( 'NONE',  ( -1.000000000000000000, 0.0000000000000000000, 0.0000000000000000000 ) ) ;
#1617 = CARTESIAN_POINT ( 'NONE',  ( -3.564137829662604062, -2.276455224539564171, 2.159000000000000252 ) ) ;
#1618 = EDGE_CURVE ( 'NONE', #3124, #1202, #4725, .T. ) ;
#1619 = EDGE_LOOP ( 'NONE', ( #2810, #2556, #4628, #1065 ) ) ;
#1620 = SURFACE_STYLE_USAGE ( .BOTH. , #5246 ) ;
#1621 = CARTESIAN_POINT ( 'NONE',  ( 3.112956294435731408, -1.285773648798387292, -1.650999999999999801 ) ) ;
#1622 = ORIENTED_EDGE ( 'NONE', *, *, #5562, .F. ) ;
#1623 =( LENGTH_UNIT ( ) NAMED_UNIT ( * ) SI_UNIT ( .MILLI., .METRE. ) );
#1624 =( NAMED_UNIT ( * ) SI_UNIT ( $, .STERADIAN. ) SOLID_ANGLE_UNIT ( ) );
#1625 = SURFACE_STYLE_FILL_AREA ( #4723 ) ;
#1626 =( NAMED_UNIT ( * ) PLANE_ANGLE_UNIT ( ) SI_UNIT ( $, .RADIAN. ) );
#1627 = CARTESIAN_POINT ( 'NONE',  ( -4.183721917363029341, -2.319780764523383887, 0.8890000000000003455 ) ) ;
#1628 = ORIENTED_EDGE ( 'NONE', *, *, #2850, .F. ) ;
#1629 = SURFACE_STYLE_FILL_AREA ( #1500 ) ;
#1630 = FILL_AREA_STYLE_COLOUR ( '', #4356 ) ;
#1631 =( NAMED_UNIT ( * ) SI_UNIT ( $, .STERADIAN. ) SOLID_ANGLE_UNIT ( ) );
#1632 = COLOUR_RGB ( '',0.9058823529411764719, 0.9019607843137255054, 0.8862745098039215286 ) ;
#1633 =( NAMED_UNIT ( * ) PLANE_ANGLE_UNIT ( ) SI_UNIT ( $, .RADIAN. ) );
#1634 = ADVANCED_FACE ( 'NONE', ( #5170 ), #2205, .T. ) ;
#1635 = EDGE_CURVE ( 'NONE', #3159, #778, #4801, .T. ) ;
#1636 = ORIENTED_EDGE ( 'NONE', *, *, #288, .T. ) ;
#1637 = PRESENTATION_LAYER_ASSIGNMENT (  '', '', ( #4982 ) ) ;
#1638 = AXIS2_PLACEMENT_3D ( 'NONE', #313, #1060, #4506 ) ;
#1639 = FILL_AREA_STYLE_COLOUR ( '', #836 ) ;
#1640 = SURFACE_STYLE_FILL_AREA ( #5529 ) ;
#1641 = VERTEX_POINT ( 'NONE', #1240 ) ;
#1642 = FILL_AREA_STYLE_COLOUR ( '', #1163 ) ;
#1643 = STYLED_ITEM ( 'NONE', ( #1840 ), #5506 ) ;
#1644 = EDGE_CURVE ( 'NONE', #1008, #1641, #3975, .T. ) ;
#1645 = CARTESIAN_POINT ( 'NONE',  ( -3.576693994936546606, -2.096893695492795917, 1.651000000000000023 ) ) ;
#1646 = LINE ( 'NONE', #3005, #5029 ) ;
#1647 = CARTESIAN_POINT ( 'NONE',  ( 2.705000000000000959, -0.8500000000000113021, -2.689999999999999503 ) ) ;
#1648 = CIRCLE ( 'NONE', #4816, 0.3899999999999992917 ) ;
#1649 = EDGE_CURVE ( 'NONE', #907, #2332, #1377, .T. ) ;
#1650 = VERTEX_POINT ( 'NONE', #2722 ) ;
#1651 = CARTESIAN_POINT ( 'NONE',  ( -3.591342854422812980, -1.887405244938233251, -0.3809999999999997278 ) ) ;
#1652 = AXIS2_PLACEMENT_3D ( 'NONE', #3601, #4978, #155 ) ;
#1653 = ORIENTED_EDGE ( 'NONE', *, *, #466, .F. ) ;
#1654 = LINE ( 'NONE', #1121, #2513 ) ;
#1655 = UNCERTAINTY_MEASURE_WITH_UNIT (LENGTH_MEASURE( 1.000000000000000082E-05 ), #1685, 'distance_accuracy_value', 'NONE');
#1656 =( GEOMETRIC_REPRESENTATION_CONTEXT ( 3 ) GLOBAL_UNCERTAINTY_ASSIGNED_CONTEXT ( ( #3102 ) ) GLOBAL_UNIT_ASSIGNED_CONTEXT ( ( #59, #3125, #4729 ) ) REPRESENTATION_CONTEXT ( 'NONE', 'WORKASPACE' ) );
#1657 = DIRECTION ( 'NONE',  ( -0.0000000000000000000, -0.0000000000000000000, -1.000000000000000000 ) ) ;
#1658 =( NAMED_UNIT ( * ) SI_UNIT ( $, .STERADIAN. ) SOLID_ANGLE_UNIT ( ) );
#1659 = SURFACE_STYLE_USAGE ( .BOTH. , #1714 ) ;
#1660 = ORIENTED_EDGE ( 'NONE', *, *, #2064, .T. ) ;
#1661 = CARTESIAN_POINT ( 'NONE',  ( -2.705000000000000959, -2.029999999999999805, 2.689999999999999503 ) ) ;
#1662 = LINE ( 'NONE', #1246, #2653 ) ;
#1663 = UNCERTAINTY_MEASURE_WITH_UNIT (LENGTH_MEASURE( 1.000000000000000082E-05 ), #6, 'distance_accuracy_value', 'NONE');
#1664 = CARTESIAN_POINT ( 'NONE',  ( -3.112956294435731408, -1.285773648798387292, 1.651000000000000023 ) ) ;
#1665 = ORIENTED_EDGE ( 'NONE', *, *, #3650, .F. ) ;
#1666 = ORIENTED_EDGE ( 'NONE', *, *, #288, .F. ) ;
#1667 = MECHANICAL_DESIGN_GEOMETRIC_PRESENTATION_REPRESENTATION (  '', ( #1307 ), #1490 ) ;
#1668 = DIRECTION ( 'NONE',  ( 0.9975640502598241977, -0.06975647374412627388, 0.0000000000000000000 ) ) ;
#1669 = CARTESIAN_POINT ( 'NONE',  ( -2.705000000000000959, -1.179999999999988392, -2.689999999999999503 ) ) ;
#1670 = CIRCLE ( 'NONE', #5574, 0.2099999999999992428 ) ;
#1671 = EDGE_CURVE ( 'NONE', #2675, #2271, #1151, .T. ) ;
#1672 = VERTEX_POINT ( 'NONE', #1556 ) ;
#1673 = DIRECTION ( 'NONE',  ( -1.000000000000000000, 0.0000000000000000000, 0.0000000000000000000 ) ) ;
#1674 = STYLED_ITEM ( 'NONE', ( #1123 ), #2771 ) ;
#1675 = FACE_BOUND ( 'NONE', #4445, .T. ) ;
#1676 = SURFACE_STYLE_USAGE ( .BOTH. , #5570 ) ;
#1677 = PLANE ( 'NONE',  #1791 ) ;
#1678 = DIRECTION ( 'NONE',  ( -0.1391731009600577773, 0.9902680687415713612, 0.0000000000000000000 ) ) ;
#1679 = STYLED_ITEM ( 'NONE', ( #3189 ), #3084 ) ;
#1680 =( GEOMETRIC_REPRESENTATION_CONTEXT ( 3 ) GLOBAL_UNCERTAINTY_ASSIGNED_CONTEXT ( ( #4773 ) ) GLOBAL_UNIT_ASSIGNED_CONTEXT ( ( #262, #3740, #1117 ) ) REPRESENTATION_CONTEXT ( 'NONE', 'WORKASPACE' ) );
#1681 = PLANE ( 'NONE',  #4253 ) ;
#1682 = SURFACE_STYLE_USAGE ( .BOTH. , #2150 ) ;
#1683 =( NAMED_UNIT ( * ) PLANE_ANGLE_UNIT ( ) SI_UNIT ( $, .RADIAN. ) );
#1684 = VERTEX_POINT ( 'NONE', #2827 ) ;
#1685 =( LENGTH_UNIT ( ) NAMED_UNIT ( * ) SI_UNIT ( .MILLI., .METRE. ) );
#1686 =( GEOMETRIC_REPRESENTATION_CONTEXT ( 3 ) GLOBAL_UNCERTAINTY_ASSIGNED_CONTEXT ( ( #3805 ) ) GLOBAL_UNIT_ASSIGNED_CONTEXT ( ( #3557, #585, #3151 ) ) REPRESENTATION_CONTEXT ( 'NONE', 'WORKASPACE' ) );
#1687 = PRESENTATION_STYLE_ASSIGNMENT (( #2602 ) ) ;
#1688 = DIRECTION ( 'NONE',  ( 0.0000000000000000000, 0.0000000000000000000, 1.000000000000000000 ) ) ;
#1689 =( NAMED_UNIT ( * ) PLANE_ANGLE_UNIT ( ) SI_UNIT ( $, .RADIAN. ) );
#1690 = STYLED_ITEM ( 'NONE', ( #2502 ), #3423 ) ;
#1691 = CARTESIAN_POINT ( 'NONE',  ( 3.576693994936546606, -2.096893695492795917, 1.651000000000000023 ) ) ;
#1692 = EDGE_CURVE ( 'NONE', #740, #716, #1670, .T. ) ;
#1693 = ORIENTED_EDGE ( 'NONE', *, *, #1194, .T. ) ;
#1694 = CIRCLE ( 'NONE', #4869, 0.3900000000000001799 ) ;
#1695 = FILL_AREA_STYLE ('',( #2185 ) ) ;
#1696 =( NAMED_UNIT ( * ) SI_UNIT ( $, .STERADIAN. ) SOLID_ANGLE_UNIT ( ) );
#1697 = ORIENTED_EDGE ( 'NONE', *, *, #1126, .T. ) ;
#1698 = DIRECTION ( 'NONE',  ( -0.1391731009600577773, 0.9902680687415713612, 0.0000000000000000000 ) ) ;
#1699 = AXIS2_PLACEMENT_3D ( 'NONE', #1386, #153, #1842 ) ;
#1700 = EDGE_CURVE ( 'NONE', #923, #1036, #867, .T. ) ;
#1701 = CARTESIAN_POINT ( 'NONE',  ( -3.576693994936546606, -2.096893695492795917, 0.8890000000000003455 ) ) ;
#1702 = CARTESIAN_POINT ( 'NONE',  ( 3.112956294435731408, -1.285773648798387292, 0.8890000000000003455 ) ) ;
#1703 = CARTESIAN_POINT ( 'NONE',  ( 2.705000000000000959, -1.104999999999999760, 0.8890000000000003455 ) ) ;
#1704 = AXIS2_PLACEMENT_3D ( 'NONE', #2541, #3809, #2570 ) ;
#1705 = VERTEX_POINT ( 'NONE', #2888 ) ;
#1706 = ADVANCED_BREP_SHAPE_REPRESENTATION ( 'User Library-SOIC8_(ATTINY12)', ( #5036, #1553 ), #5262 ) ;
#1707 = SURFACE_STYLE_USAGE ( .BOTH. , #2509 ) ;
#1708 = EDGE_CURVE ( 'NONE', #4727, #671, #3123, .T. ) ;
#1709 = CARTESIAN_POINT ( 'NONE',  ( 2.705000000000000959, -0.9249999999999998224, -1.650999999999999801 ) ) ;
#1710 = DIRECTION ( 'NONE',  ( 0.9975640502598241977, 0.06975647374412627388, 0.0000000000000000000 ) ) ;
#1711 = UNCERTAINTY_MEASURE_WITH_UNIT (LENGTH_MEASURE( 1.000000000000000082E-05 ), #4863, 'distance_accuracy_value', 'NONE');
#1712 = DIRECTION ( 'NONE',  ( -0.0000000000000000000, -0.0000000000000000000, -1.000000000000000000 ) ) ;
#1713 = FACE_OUTER_BOUND ( 'NONE', #3879, .T. ) ;
#1714 = SURFACE_SIDE_STYLE ('',( #2625 ) ) ;
#1715 = EDGE_LOOP ( 'NONE', ( #175, #2122, #4804, #5180, #2196, #188, #146, #4337, #2101, #1118, #4157, #3105 ) ) ;
#1716 = CARTESIAN_POINT ( 'NONE',  ( -2.705000000000000959, -0.9249999999999998224, 2.159000000000000252 ) ) ;
#1717 = FILL_AREA_STYLE ('',( #2523 ) ) ;
#1718 = VECTOR ( 'NONE', #1092, 1000.000000000000000 ) ;
#1719 = CARTESIAN_POINT ( 'NONE',  ( -3.205138307613600634, -1.941682754312656023, 1.651000000000000023 ) ) ;
#1720 = EDGE_CURVE ( 'NONE', #2302, #5526, #1097, .T. ) ;
#1721 = ORIENTED_EDGE ( 'NONE', *, *, #964, .T. ) ;
#1722 = EDGE_CURVE ( 'NONE', #3009, #3812, #4962, .T. ) ;
#1723 =( NAMED_UNIT ( * ) PLANE_ANGLE_UNIT ( ) SI_UNIT ( $, .RADIAN. ) );
#1724 = DIRECTION ( 'NONE',  ( 1.000000000000000000, 1.032573497605245971E-15, 0.0000000000000000000 ) ) ;
#1725 = PRESENTATION_LAYER_ASSIGNMENT (  '', '', ( #4072 ) ) ;
#1726 = ORIENTED_EDGE ( 'NONE', *, *, #3665, .T. ) ;
#1727 = LINE ( 'NONE', #4763, #2988 ) ;
#1728 = MECHANICAL_DESIGN_GEOMETRIC_PRESENTATION_REPRESENTATION (  '', ( #4982 ), #468 ) ;
#1729 = CARTESIAN_POINT ( 'NONE',  ( 2.905000000000000693, -1.314999999999999725, 0.8890000000000003455 ) ) ;
#1730 =( GEOMETRIC_REPRESENTATION_CONTEXT ( 3 ) GLOBAL_UNCERTAINTY_ASSIGNED_CONTEXT ( ( #4991 ) ) GLOBAL_UNIT_ASSIGNED_CONTEXT ( ( #688, #3000, #5124 ) ) REPRESENTATION_CONTEXT ( 'NONE', 'WORKASPACE' ) );
#1731 = CARTESIAN_POINT ( 'NONE',  ( 2.705000000000000959, -1.104999999999999760, -0.3809999999999997278 ) ) ;
#1732 = DIRECTION ( 'NONE',  ( -1.000000000000000000, 0.0000000000000000000, -0.0000000000000000000 ) ) ;
#1733 = VECTOR ( 'NONE', #67, 1000.000000000000000 ) ;
#1734 = EDGE_LOOP ( 'NONE', ( #3570, #1955, #4775, #2865 ) ) ;
#1735 = PLANE ( 'NONE',  #2256 ) ;
#1736 = CARTESIAN_POINT ( 'NONE',  ( 3.591342854422812980, -1.887405244938233251, 0.8890000000000003455 ) ) ;
#1737 =( NAMED_UNIT ( * ) PLANE_ANGLE_UNIT ( ) SI_UNIT ( $, .RADIAN. ) );
#1738 =( GEOMETRIC_REPRESENTATION_CONTEXT ( 3 ) GLOBAL_UNCERTAINTY_ASSIGNED_CONTEXT ( ( #1213 ) ) GLOBAL_UNIT_ASSIGNED_CONTEXT ( ( #1414, #3562, #1747 ) ) REPRESENTATION_CONTEXT ( 'NONE', 'WORKASPACE' ) );
#1739 = FILL_AREA_STYLE ('',( #1770 ) ) ;
#1740 = SURFACE_SIDE_STYLE ('',( #5111 ) ) ;
#1741 = ORIENTED_EDGE ( 'NONE', *, *, #5245, .T. ) ;
#1742 = AXIS2_PLACEMENT_3D ( 'NONE', #668, #5478, #3747 ) ;
#1743 = DIRECTION ( 'NONE',  ( 0.1391731009600577773, 0.9902680687415713612, 0.0000000000000000000 ) ) ;
#1744 = FACE_OUTER_BOUND ( 'NONE', #4839, .T. ) ;
#1745 = EDGE_LOOP ( 'NONE', ( #154, #535, #36, #3700 ) ) ;
#1746 = SURFACE_STYLE_USAGE ( .BOTH. , #1779 ) ;
#1747 =( NAMED_UNIT ( * ) SI_UNIT ( $, .STERADIAN. ) SOLID_ANGLE_UNIT ( ) );
#1748 = VECTOR ( 'NONE', #4234, 1000.000000000000000 ) ;
#1749 = DIRECTION ( 'NONE',  ( 0.9975640502598241977, 0.06975647374412627388, 0.0000000000000000000 ) ) ;
#1750 = EDGE_CURVE ( 'NONE', #1641, #2691, #4398, .T. ) ;
#1751 = LINE ( 'NONE', #4501, #1610 ) ;
#1752 = DIRECTION ( 'NONE',  ( -0.0000000000000000000, -0.0000000000000000000, -1.000000000000000000 ) ) ;
#1753 = CIRCLE ( 'NONE', #2394, 0.3900000000000001799 ) ;
#1754 = VERTEX_POINT ( 'NONE', #533 ) ;
#1755 = CARTESIAN_POINT ( 'NONE',  ( -2.905000000000000693, -1.314999999999999725, 1.651000000000000023 ) ) ;
#1756 = LINE ( 'NONE', #3872, #2646 ) ;
#1757 = DIRECTION ( 'NONE',  ( -0.0000000000000000000, -0.0000000000000000000, -1.000000000000000000 ) ) ;
#1758 = ORIENTED_EDGE ( 'NONE', *, *, #5243, .F. ) ;
#1759 =( GEOMETRIC_REPRESENTATION_CONTEXT ( 3 ) GLOBAL_UNCERTAINTY_ASSIGNED_CONTEXT ( ( #999 ) ) GLOBAL_UNIT_ASSIGNED_CONTEXT ( ( #1623, #813, #5109 ) ) REPRESENTATION_CONTEXT ( 'NONE', 'WORKASPACE' ) );
#1760 = CARTESIAN_POINT ( 'NONE',  ( -2.705000000000000959, -0.9249999999999998224, -0.3809999999999997278 ) ) ;
#1761 = AXIS2_PLACEMENT_3D ( 'NONE', #4940, #5023, #3697 ) ;
#1762 = LINE ( 'NONE', #4353, #1153 ) ;
#1763 = MECHANICAL_DESIGN_GEOMETRIC_PRESENTATION_REPRESENTATION (  '', ( #1221 ), #4189 ) ;
#1764 = AXIS2_PLACEMENT_3D ( 'NONE', #5449, #1172, #4564 ) ;
#1765 = EDGE_LOOP ( 'NONE', ( #2463, #1260, #1297, #330 ) ) ;
#1766 = EDGE_CURVE ( 'NONE', #1341, #1863, #3143, .T. ) ;
#1767 = CARTESIAN_POINT ( 'NONE',  ( 3.383386559987083597, -1.916631596139845684, 2.159000000000000252 ) ) ;
#1768 = ORIENTED_EDGE ( 'NONE', *, *, #2315, .F. ) ;
#1769 = VECTOR ( 'NONE', #4470, 1000.000000000000000 ) ;
#1770 = FILL_AREA_STYLE_COLOUR ( '', #4186 ) ;
#1771 = UNCERTAINTY_MEASURE_WITH_UNIT (LENGTH_MEASURE( 1.000000000000000082E-05 ), #565, 'distance_accuracy_value', 'NONE');
#1772 = FACE_BOUND ( 'NONE', #3078, .T. ) ;
#1773 = MECHANICAL_DESIGN_GEOMETRIC_PRESENTATION_REPRESENTATION (  '', ( #2501 ), #871 ) ;
#1774 = ORIENTED_EDGE ( 'NONE', *, *, #595, .T. ) ;
#1775 = DIRECTION ( 'NONE',  ( 0.0000000000000000000, -1.000000000000000000, 0.0000000000000000000 ) ) ;
#1776 = CARTESIAN_POINT ( 'NONE',  ( -2.705000000000000959, -0.9249999999999998224, -0.8889999999999996794 ) ) ;
#1777 = PLANE ( 'NONE',  #3680 ) ;
#1778 = ORIENTED_EDGE ( 'NONE', *, *, #1411, .F. ) ;
#1779 = SURFACE_SIDE_STYLE ('',( #1348 ) ) ;
#1780 = VECTOR ( 'NONE', #5283, 1000.000000000000114 ) ;
#1781 = CARTESIAN_POINT ( 'NONE',  ( -4.183721917363029341, -2.319780764523383887, 2.159000000000000252 ) ) ;
#1782 = COLOUR_RGB ( '',0.9058823529411764719, 0.9019607843137255054, 0.8862745098039215286 ) ;
#1783 = CARTESIAN_POINT ( 'NONE',  ( -2.905000000000000693, -1.314999999999999725, 2.159000000000000252 ) ) ;
#1784 = COLOUR_RGB ( '',0.9058823529411764719, 0.9019607843137255054, 0.8862745098039215286 ) ;
#1785 = CARTESIAN_POINT ( 'NONE',  ( 3.291204546809214371, -1.260722490625576953, -1.650999999999999801 ) ) ;
#1786 = ORIENTED_EDGE ( 'NONE', *, *, #13, .F. ) ;
#1787 = LINE ( 'NONE', #3482, #42 ) ;
#1788 = EDGE_CURVE ( 'NONE', #337, #2183, #2270, .T. ) ;
#1789 = EDGE_CURVE ( 'NONE', #5211, #2437, #2324, .T. ) ;
#1790 =( NAMED_UNIT ( * ) SI_UNIT ( $, .STERADIAN. ) SOLID_ANGLE_UNIT ( ) );
#1791 = AXIS2_PLACEMENT_3D ( 'NONE', #20, #415, #2087 ) ;
#1792 = VERTEX_POINT ( 'NONE', #3952 ) ;
#1793 = CARTESIAN_POINT ( 'NONE',  ( -2.705000000000000959, -0.8500000000000113021, 2.689999999999999503 ) ) ;
#1794 = CARTESIAN_POINT ( 'NONE',  ( -3.291204546809214371, -1.260722490625576953, -0.3809999999999997278 ) ) ;
#1795 = DIRECTION ( 'NONE',  ( 0.0000000000000000000, 0.0000000000000000000, 1.000000000000000000 ) ) ;
#1796 = FILL_AREA_STYLE ('',( #2713 ) ) ;
#1797 = DIRECTION ( 'NONE',  ( -0.0000000000000000000, 1.000000000000000000, -0.0000000000000000000 ) ) ;
#1798 = SURFACE_STYLE_USAGE ( .BOTH. , #4173 ) ;
#1799 = COLOUR_RGB ( '',0.9058823529411764719, 0.9019607843137255054, 0.8862745098039215286 ) ;
#1800 = ORIENTED_EDGE ( 'NONE', *, *, #5324, .F. ) ;
#1801 = ADVANCED_FACE ( 'NONE', ( #5396 ), #5422, .F. ) ;
#1802 = SURFACE_STYLE_USAGE ( .BOTH. , #2650 ) ;
#1803 = VECTOR ( 'NONE', #2842, 1000.000000000000000 ) ;
#1804 = EDGE_CURVE ( 'NONE', #4415, #613, #3411, .T. ) ;
#1805 =( NAMED_UNIT ( * ) SI_UNIT ( $, .STERADIAN. ) SOLID_ANGLE_UNIT ( ) );
#1806 = ORIENTED_EDGE ( 'NONE', *, *, #2538, .F. ) ;
#1807 = ORIENTED_EDGE ( 'NONE', *, *, #2352, .F. ) ;
#1808 =( LENGTH_UNIT ( ) NAMED_UNIT ( * ) SI_UNIT ( .MILLI., .METRE. ) );
#1809 = CARTESIAN_POINT ( 'NONE',  ( 3.591342854422812980, -1.887405244938233251, -0.8889999999999996794 ) ) ;
#1810 = DIRECTION ( 'NONE',  ( 0.9975640502598241977, -0.06975647374412627388, 0.0000000000000000000 ) ) ;
#1811 = EDGE_CURVE ( 'NONE', #757, #907, #5069, .T. ) ;
#1812 = FILL_AREA_STYLE ('',( #540 ) ) ;
#1813 = VERTEX_POINT ( 'NONE', #5477 ) ;
#1814 = DIRECTION ( 'NONE',  ( -1.000000000000000000, 0.0000000000000000000, 0.0000000000000000000 ) ) ;
#1815 = CARTESIAN_POINT ( 'NONE',  ( -4.196278082636971440, -2.140219235476615633, 1.651000000000000023 ) ) ;
#1816 = DIRECTION ( 'NONE',  ( -0.1391731009600577773, -0.9902680687415713612, 0.0000000000000000000 ) ) ;
#1817 = EDGE_LOOP ( 'NONE', ( #4894, #3452, #4288, #1469 ) ) ;
#1818 = VECTOR ( 'NONE', #1851, 1000.000000000000000 ) ;
#1819 = ADVANCED_FACE ( 'NONE', ( #1586 ), #775, .T. ) ;
#1820 =( NAMED_UNIT ( * ) PLANE_ANGLE_UNIT ( ) SI_UNIT ( $, .RADIAN. ) );
#1821 = DIRECTION ( 'NONE',  ( 1.000000000000000000, 0.0000000000000000000, 0.0000000000000000000 ) ) ;
#1822 = CARTESIAN_POINT ( 'NONE',  ( 2.905000000000000693, -0.9249999999999993783, -0.8889999999999996794 ) ) ;
#1823 =( GEOMETRIC_REPRESENTATION_CONTEXT ( 3 ) GLOBAL_UNCERTAINTY_ASSIGNED_CONTEXT ( ( #5399 ) ) GLOBAL_UNIT_ASSIGNED_CONTEXT ( ( #1322, #4291, #3926 ) ) REPRESENTATION_CONTEXT ( 'NONE', 'WORKASPACE' ) );
#1824 = MECHANICAL_DESIGN_GEOMETRIC_PRESENTATION_REPRESENTATION (  '', ( #4340 ), #2830 ) ;
#1825 = EDGE_CURVE ( 'NONE', #3888, #1792, #832, .T. ) ;
#1826 =( GEOMETRIC_REPRESENTATION_CONTEXT ( 3 ) GLOBAL_UNCERTAINTY_ASSIGNED_CONTEXT ( ( #3694 ) ) GLOBAL_UNIT_ASSIGNED_CONTEXT ( ( #4420, #1430, #4385 ) ) REPRESENTATION_CONTEXT ( 'NONE', 'WORKASPACE' ) );
#1827 = ORIENTED_EDGE ( 'NONE', *, *, #1692, .F. ) ;
#1828 = PRESENTATION_STYLE_ASSIGNMENT (( #2291 ) ) ;
#1829 = SURFACE_STYLE_USAGE ( .BOTH. , #2685 ) ;
#1830 = CARTESIAN_POINT ( 'NONE',  ( 2.905000000000000693, -1.314999999999999725, -1.650999999999999801 ) ) ;
#1831 = UNCERTAINTY_MEASURE_WITH_UNIT (LENGTH_MEASURE( 1.000000000000000082E-05 ), #1301, 'distance_accuracy_value', 'NONE');
#1832 = EDGE_CURVE ( 'NONE', #1299, #5123, #5563, .T. ) ;
#1833 = SURFACE_STYLE_FILL_AREA ( #112 ) ;
#1834 = ORIENTED_EDGE ( 'NONE', *, *, #1722, .T. ) ;
#1835 =( LENGTH_UNIT ( ) NAMED_UNIT ( * ) SI_UNIT ( .MILLI., .METRE. ) );
#1836 = VECTOR ( 'NONE', #5406, 1000.000000000000000 ) ;
#1837 = CARTESIAN_POINT ( 'NONE',  ( -2.705000000000000959, -0.9249999999999998224, -1.650999999999999801 ) ) ;
#1838 = PRESENTATION_STYLE_ASSIGNMENT (( #3616 ) ) ;
#1839 = ORIENTED_EDGE ( 'NONE', *, *, #947, .T. ) ;
#1840 = PRESENTATION_STYLE_ASSIGNMENT (( #4834 ) ) ;
#1841 = AXIS2_PLACEMENT_3D ( 'NONE', #4964, #2891, #4602 ) ;
#1842 = DIRECTION ( 'NONE',  ( 1.000000000000000000, 1.032573497605245971E-15, 0.0000000000000000000 ) ) ;
#1843 = FILL_AREA_STYLE_COLOUR ( '', #2243 ) ;
#1844 = ORIENTED_EDGE ( 'NONE', *, *, #794, .T. ) ;
#1845 = PRESENTATION_LAYER_ASSIGNMENT (  '', '', ( #4820 ) ) ;
#1846 = DIRECTION ( 'NONE',  ( 1.000000000000000000, 0.0000000000000000000, 0.0000000000000000000 ) ) ;
#1847 = CARTESIAN_POINT ( 'NONE',  ( -2.905000000000000693, -1.314999999999999725, 2.159000000000000252 ) ) ;
#1848 = ORIENTED_EDGE ( 'NONE', *, *, #406, .T. ) ;
#1849 = VECTOR ( 'NONE', #3341, 1000.000000000000000 ) ;
#1850 = PRESENTATION_STYLE_ASSIGNMENT (( #3241 ) ) ;
#1851 = DIRECTION ( 'NONE',  ( -0.0000000000000000000, -0.0000000000000000000, -1.000000000000000000 ) ) ;
#1852 = LINE ( 'NONE', #1794, #329 ) ;
#1853 = CARTESIAN_POINT ( 'NONE',  ( 4.183721917363029341, -2.319780764523383887, 2.159000000000000252 ) ) ;
#1854 = STYLED_ITEM ( 'NONE', ( #3118 ), #856 ) ;
#1855 =( LENGTH_UNIT ( ) NAMED_UNIT ( * ) SI_UNIT ( .MILLI., .METRE. ) );
#1856 = FILL_AREA_STYLE ('',( #1370 ) ) ;
#1857 = DIRECTION ( 'NONE',  ( 1.000000000000000000, -0.0000000000000000000, -0.0000000000000000000 ) ) ;
#1858 = EDGE_CURVE ( 'NONE', #3307, #547, #725, .T. ) ;
#1859 = ORIENTED_EDGE ( 'NONE', *, *, #2009, .F. ) ;
#1860 = DIRECTION ( 'NONE',  ( 0.9902680687415713612, -0.1391731009600577773, 0.0000000000000000000 ) ) ;
#1861 = DIRECTION ( 'NONE',  ( 1.000000000000000000, -0.0000000000000000000, -0.0000000000000000000 ) ) ;
#1862 = MECHANICAL_DESIGN_GEOMETRIC_PRESENTATION_REPRESENTATION (  '', ( #1229 ), #1061 ) ;
#1863 = VERTEX_POINT ( 'NONE', #4274 ) ;
#1864 = CARTESIAN_POINT ( 'NONE',  ( -3.576693994936546606, -2.096893695492795917, -0.3809999999999997278 ) ) ;
#1865 = LINE ( 'NONE', #3229, #4093 ) ;
#1866 = SURFACE_STYLE_FILL_AREA ( #2630 ) ;
#1867 = COLOUR_RGB ( '',0.9058823529411764719, 0.9019607843137255054, 0.8862745098039215286 ) ;
#1868 =( LENGTH_UNIT ( ) NAMED_UNIT ( * ) SI_UNIT ( .MILLI., .METRE. ) );
#1869 =( NAMED_UNIT ( * ) PLANE_ANGLE_UNIT ( ) SI_UNIT ( $, .RADIAN. ) );
#1870 = CARTESIAN_POINT ( 'NONE',  ( -2.905000000000000693, -1.104999999999999538, -0.8889999999999996794 ) ) ;
#1871 = ORIENTED_EDGE ( 'NONE', *, *, #5527, .T. ) ;
#1872 = CIRCLE ( 'NONE', #166, 0.2100000000000005473 ) ;
#1873 = VECTOR ( 'NONE', #2158, 1000.000000000000000 ) ;
#1874 = DIRECTION ( 'NONE',  ( -0.0000000000000000000, -0.0000000000000000000, -1.000000000000000000 ) ) ;
#1875 = SURFACE_STYLE_FILL_AREA ( #4412 ) ;
#1876 = LINE ( 'NONE', #1447, #1769 ) ;
#1877 = ORIENTED_EDGE ( 'NONE', *, *, #1929, .T. ) ;
#1878 = PRESENTATION_LAYER_ASSIGNMENT (  '', '', ( #3063 ) ) ;
#1879 = DIRECTION ( 'NONE',  ( 0.0000000000000000000, -1.000000000000000000, 0.0000000000000000000 ) ) ;
#1880 = DIRECTION ( 'NONE',  ( 0.0000000000000000000, -0.0000000000000000000, -1.000000000000000000 ) ) ;
#1881 = VERTEX_POINT ( 'NONE', #5047 ) ;
#1882 = PLANE ( 'NONE',  #4586 ) ;
#1883 = PRESENTATION_LAYER_ASSIGNMENT (  '', '', ( #1159 ) ) ;
#1884 = SURFACE_STYLE_FILL_AREA ( #4421 ) ;
#1885 = PRESENTATION_LAYER_ASSIGNMENT (  '', '', ( #894 ) ) ;
#1886 = DIRECTION ( 'NONE',  ( 1.000000000000000000, 0.0000000000000000000, 0.0000000000000000000 ) ) ;
#1887 = SURFACE_SIDE_STYLE ('',( #1478 ) ) ;
#1888 = UNCERTAINTY_MEASURE_WITH_UNIT (LENGTH_MEASURE( 1.000000000000000082E-05 ), #2003, 'distance_accuracy_value', 'NONE');
#1889 = SURFACE_STYLE_FILL_AREA ( #2719 ) ;
#1890 = ORIENTED_EDGE ( 'NONE', *, *, #4012, .T. ) ;
#1891 = ADVANCED_FACE ( 'NONE', ( #3385 ), #353, .F. ) ;
#1892 = VECTOR ( 'NONE', #5490, 1000.000000000000114 ) ;
#1893 = DIRECTION ( 'NONE',  ( 0.9975640502598241977, 0.06975647374412627388, 0.0000000000000000000 ) ) ;
#1894 = EDGE_LOOP ( 'NONE', ( #1902, #1314, #4827, #1086 ) ) ;
#1895 = LINE ( 'NONE', #2725, #2983 ) ;
#1896 = CARTESIAN_POINT ( 'NONE',  ( 3.291204546809214371, -1.260722490625576953, -0.3809999999999997278 ) ) ;
#1897 = SURFACE_STYLE_FILL_AREA ( #2300 ) ;
#1898 = DIRECTION ( 'NONE',  ( 1.000000000000000000, 0.0000000000000000000, 0.0000000000000000000 ) ) ;
#1899 = DIRECTION ( 'NONE',  ( -0.0000000000000000000, -0.0000000000000000000, -1.000000000000000000 ) ) ;
#1900 = ORIENTED_EDGE ( 'NONE', *, *, #1179, .F. ) ;
#1901 =( NAMED_UNIT ( * ) PLANE_ANGLE_UNIT ( ) SI_UNIT ( $, .RADIAN. ) );
#1902 = ORIENTED_EDGE ( 'NONE', *, *, #2804, .F. ) ;
#1903 = EDGE_CURVE ( 'NONE', #1018, #2720, #2235, .T. ) ;
#1904 = CARTESIAN_POINT ( 'NONE',  ( 3.205138307613600634, -1.941682754312656023, -1.650999999999999801 ) ) ;
#1905 = FACE_OUTER_BOUND ( 'NONE', #2188, .T. ) ;
#1906 = VERTEX_POINT ( 'NONE', #3877 ) ;
#1907 = FACE_OUTER_BOUND ( 'NONE', #4522, .T. ) ;
#1908 = CARTESIAN_POINT ( 'NONE',  ( -2.905000000000000693, -1.314999999999999725, 0.8890000000000003455 ) ) ;
#1909 =( GEOMETRIC_REPRESENTATION_CONTEXT ( 3 ) GLOBAL_UNCERTAINTY_ASSIGNED_CONTEXT ( ( #4935 ) ) GLOBAL_UNIT_ASSIGNED_CONTEXT ( ( #809, #5568, #754 ) ) REPRESENTATION_CONTEXT ( 'NONE', 'WORKASPACE' ) );
#1910 =( NAMED_UNIT ( * ) SI_UNIT ( $, .STERADIAN. ) SOLID_ANGLE_UNIT ( ) );
#1911 = DIRECTION ( 'NONE',  ( -1.000000000000000000, 0.0000000000000000000, 0.0000000000000000000 ) ) ;
#1912 = SURFACE_SIDE_STYLE ('',( #4484 ) ) ;
#1913 = VECTOR ( 'NONE', #2935, 1000.000000000000000 ) ;
#1914 = PRESENTATION_STYLE_ASSIGNMENT (( #2864 ) ) ;
#1915 = VERTEX_POINT ( 'NONE', #3904 ) ;
#1916 =( NAMED_UNIT ( * ) SI_UNIT ( $, .STERADIAN. ) SOLID_ANGLE_UNIT ( ) );
#1917 = EDGE_LOOP ( 'NONE', ( #3751, #1192, #5251, #3874 ) ) ;
#1918 = FILL_AREA_STYLE_COLOUR ( '', #4687 ) ;
#1919 = AXIS2_PLACEMENT_3D ( 'NONE', #1273, #3899, #39 ) ;
#1920 = SURFACE_SIDE_STYLE ('',( #587 ) ) ;
#1921 =( NAMED_UNIT ( * ) SI_UNIT ( $, .STERADIAN. ) SOLID_ANGLE_UNIT ( ) );
#1922 = FACE_OUTER_BOUND ( 'NONE', #4518, .T. ) ;
#1923 = CIRCLE ( 'NONE', #657, 0.3899999999999992917 ) ;
#1924 = SURFACE_STYLE_FILL_AREA ( #5032 ) ;
#1925 = VERTEX_POINT ( 'NONE', #1334 ) ;
#1926 = LINE ( 'NONE', #3676, #2031 ) ;
#1927 = PRESENTATION_LAYER_ASSIGNMENT (  '', '', ( #3993 ) ) ;
#1928 = COLOUR_RGB ( '',0.9058823529411764719, 0.9019607843137255054, 0.8862745098039215286 ) ;
#1929 = EDGE_CURVE ( 'NONE', #3028, #2662, #4760, .T. ) ;
#1930 = EDGE_LOOP ( 'NONE', ( #2468, #2649, #904, #3670 ) ) ;
#1931 = SURFACE_SIDE_STYLE ('',( #5338 ) ) ;
#1932 = PRESENTATION_STYLE_ASSIGNMENT (( #3655 ) ) ;
#1933 = ORIENTED_EDGE ( 'NONE', *, *, #3658, .F. ) ;
#1934 = SURFACE_STYLE_FILL_AREA ( #5364 ) ;
#1935 =( NAMED_UNIT ( * ) SI_UNIT ( $, .STERADIAN. ) SOLID_ANGLE_UNIT ( ) );
#1936 =( GEOMETRIC_REPRESENTATION_CONTEXT ( 3 ) GLOBAL_UNCERTAINTY_ASSIGNED_CONTEXT ( ( #2814 ) ) GLOBAL_UNIT_ASSIGNED_CONTEXT ( ( #4468, #1987, #4952 ) ) REPRESENTATION_CONTEXT ( 'NONE', 'WORKASPACE' ) );
#1937 = CARTESIAN_POINT ( 'NONE',  ( 3.591342854422812980, -1.887405244938233251, -0.3809999999999997278 ) ) ;
#1938 = LINE ( 'NONE', #1702, #3494 ) ;
#1939 = PRESENTATION_LAYER_ASSIGNMENT (  '', '', ( #1211 ) ) ;
#1940 = PLANE ( 'NONE',  #3746 ) ;
#1941 = UNCERTAINTY_MEASURE_WITH_UNIT (LENGTH_MEASURE( 1.000000000000000082E-05 ), #5257, 'distance_accuracy_value', 'NONE');
#1942 =( LENGTH_UNIT ( ) NAMED_UNIT ( * ) SI_UNIT ( .MILLI., .METRE. ) );
#1943 = EDGE_CURVE ( 'NONE', #1222, #4613, #244, .T. ) ;
#1944 = ORIENTED_EDGE ( 'NONE', *, *, #4665, .T. ) ;
#1945 = SURFACE_SIDE_STYLE ('',( #5481 ) ) ;
#1946 = CARTESIAN_POINT ( 'NONE',  ( 2.905000000000000693, -1.104999999999999538, -1.650999999999999801 ) ) ;
#1947 = ORIENTED_EDGE ( 'NONE', *, *, #2562, .F. ) ;
#1948 = DIRECTION ( 'NONE',  ( -0.0000000000000000000, -0.0000000000000000000, -1.000000000000000000 ) ) ;
#1949 = COLOUR_RGB ( '',0.9058823529411764719, 0.9019607843137255054, 0.8862745098039215286 ) ;
#1950 = CARTESIAN_POINT ( 'NONE',  ( -4.196278082636971440, -2.140219235476615633, -0.3809999999999997278 ) ) ;
#1951 = SURFACE_SIDE_STYLE ('',( #2840 ) ) ;
#1952 = EDGE_CURVE ( 'NONE', #2373, #443, #1585, .T. ) ;
#1953 = PRESENTATION_LAYER_ASSIGNMENT (  '', '', ( #2581 ) ) ;
#1954 = DIRECTION ( 'NONE',  ( -0.0000000000000000000, -0.0000000000000000000, -1.000000000000000000 ) ) ;
#1955 = ORIENTED_EDGE ( 'NONE', *, *, #5544, .F. ) ;
#1956 = CARTESIAN_POINT ( 'NONE',  ( -2.705000000000000959, -2.029999999999999805, 2.462243186433545006 ) ) ;
#1957 = CARTESIAN_POINT ( 'NONE',  ( -2.705000000000000959, -1.179999999999988392, 2.689999999999999503 ) ) ;
#1958 = ORIENTED_EDGE ( 'NONE', *, *, #3735, .T. ) ;
#1959 = CARTESIAN_POINT ( 'NONE',  ( 3.291204546809214371, -1.260722490625576953, -0.3809999999999997278 ) ) ;
#1960 = AXIS2_PLACEMENT_3D ( 'NONE', #2081, #2971, #2285 ) ;
#1961 = EDGE_CURVE ( 'NONE', #5091, #4585, #918, .T. ) ;
#1962 = VERTEX_POINT ( 'NONE', #2585 ) ;
#1963 = DIRECTION ( 'NONE',  ( 0.2588190451025179084, 0.9659258262890690894, 0.0000000000000000000 ) ) ;
#1964 =( LENGTH_UNIT ( ) NAMED_UNIT ( * ) SI_UNIT ( .MILLI., .METRE. ) );
#1965 = MECHANICAL_DESIGN_GEOMETRIC_PRESENTATION_REPRESENTATION (  '', ( #1674 ), #5580 ) ;
#1966 = FILL_AREA_STYLE_COLOUR ( '', #1415 ) ;
#1967 =( GEOMETRIC_REPRESENTATION_CONTEXT ( 3 ) GLOBAL_UNCERTAINTY_ASSIGNED_CONTEXT ( ( #2569 ) ) GLOBAL_UNIT_ASSIGNED_CONTEXT ( ( #2095, #664, #308 ) ) REPRESENTATION_CONTEXT ( 'NONE', 'WORKASPACE' ) );
#1968 = LINE ( 'NONE', #3301, #2505 ) ;
#1969 = STYLED_ITEM ( 'NONE', ( #1138 ), #2415 ) ;
#1970 = SURFACE_SIDE_STYLE ('',( #1098 ) ) ;
#1971 = LINE ( 'NONE', #3280, #3133 ) ;
#1972 = MECHANICAL_DESIGN_GEOMETRIC_PRESENTATION_REPRESENTATION (  '', ( #4855 ), #4036 ) ;
#1973 = COLOUR_RGB ( '',0.2392156862745097867, 0.2588235294117646745, 0.2156862745098039325 ) ;
#1974 = ADVANCED_FACE ( 'NONE', ( #3086 ), #2614, .F. ) ;
#1975 = ORIENTED_EDGE ( 'NONE', *, *, #1943, .T. ) ;
#1976 = EDGE_CURVE ( 'NONE', #3548, #1450, #135, .T. ) ;
#1977 = SURFACE_SIDE_STYLE ('',( #4574 ) ) ;
#1978 = ORIENTED_EDGE ( 'NONE', *, *, #480, .F. ) ;
#1979 = VECTOR ( 'NONE', #1616, 1000.000000000000000 ) ;
#1980 = CYLINDRICAL_SURFACE ( 'NONE', #3302, 0.2099999999999992428 ) ;
#1981 = FILL_AREA_STYLE ('',( #1110 ) ) ;
#1982 =( NAMED_UNIT ( * ) SI_UNIT ( $, .STERADIAN. ) SOLID_ANGLE_UNIT ( ) );
#1983 = VECTOR ( 'NONE', #2020, 1000.000000000000114 ) ;
#1984 = DIRECTION ( 'NONE',  ( -0.0000000000000000000, -0.0000000000000000000, -1.000000000000000000 ) ) ;
#1985 = FILL_AREA_STYLE ('',( #2844 ) ) ;
#1986 = ORIENTED_EDGE ( 'NONE', *, *, #4379, .F. ) ;
#1987 =( NAMED_UNIT ( * ) PLANE_ANGLE_UNIT ( ) SI_UNIT ( $, .RADIAN. ) );
#1988 = CIRCLE ( 'NONE', #5421, 0.3899999999999992917 ) ;
#1989 = SURFACE_STYLE_FILL_AREA ( #207 ) ;
#1990 = ORIENTED_EDGE ( 'NONE', *, *, #794, .F. ) ;
#1991 = PLANE ( 'NONE',  #1232 ) ;
#1992 = VERTEX_POINT ( 'NONE', #1396 ) ;
#1993 = PLANE ( 'NONE',  #745 ) ;
#1994 = FILL_AREA_STYLE ('',( #5474 ) ) ;
#1995 = SURFACE_STYLE_FILL_AREA ( #1555 ) ;
#1996 = DIRECTION ( 'NONE',  ( 1.000000000000000000, 0.0000000000000000000, 0.0000000000000000000 ) ) ;
#1997 = CARTESIAN_POINT ( 'NONE',  ( 3.564137829662604062, -2.276455224539564171, -0.8889999999999996794 ) ) ;
#1998 = CARTESIAN_POINT ( 'NONE',  ( 2.905000000000000693, -1.314999999999999725, -0.3809999999999997278 ) ) ;
#1999 = EDGE_CURVE ( 'NONE', #247, #5458, #1852, .T. ) ;
#2000 = VECTOR ( 'NONE', #235, 1000.000000000000227 ) ;
#2001 = SURFACE_SIDE_STYLE ('',( #4546 ) ) ;
#2002 = ORIENTED_EDGE ( 'NONE', *, *, #2834, .T. ) ;
#2003 =( LENGTH_UNIT ( ) NAMED_UNIT ( * ) SI_UNIT ( .MILLI., .METRE. ) );
#2004 = DIRECTION ( 'NONE',  ( -1.000000000000000000, 1.032573497605245971E-15, 0.0000000000000000000 ) ) ;
#2005 = ORIENTED_EDGE ( 'NONE', *, *, #213, .T. ) ;
#2006 = PLANE ( 'NONE',  #5221 ) ;
#2007 = PRESENTATION_LAYER_ASSIGNMENT (  '', '', ( #2368 ) ) ;
#2008 = DIRECTION ( 'NONE',  ( -0.0000000000000000000, -0.0000000000000000000, -1.000000000000000000 ) ) ;
#2009 = EDGE_CURVE ( 'NONE', #3317, #5484, #5186, .T. ) ;
#2010 = LINE ( 'NONE', #4609, #1376 ) ;
#2011 = UNCERTAINTY_MEASURE_WITH_UNIT (LENGTH_MEASURE( 1.000000000000000082E-05 ), #3205, 'distance_accuracy_value', 'NONE');
#2012 = STYLED_ITEM ( 'NONE', ( #870 ), #4658 ) ;
#2013 = PRESENTATION_LAYER_ASSIGNMENT (  '', '', ( #3997 ) ) ;
#2014 = AXIS2_PLACEMENT_3D ( 'NONE', #2262, #2340, #1452 ) ;
#2015 = CARTESIAN_POINT ( 'NONE',  ( 3.576693994936546606, -2.096893695492795917, 0.8890000000000003455 ) ) ;
#2016 = VERTEX_POINT ( 'NONE', #3574 ) ;
#2017 = DIRECTION ( 'NONE',  ( 0.0000000000000000000, 0.0000000000000000000, 1.000000000000000000 ) ) ;
#2018 = PLANE ( 'NONE',  #4904 ) ;
#2019 = ORIENTED_EDGE ( 'NONE', *, *, #1228, .F. ) ;
#2020 = DIRECTION ( 'NONE',  ( -0.06975647374412494162, 0.9975640502598243087, 0.0000000000000000000 ) ) ;
#2021 = EDGE_CURVE ( 'NONE', #1003, #3234, #1303, .T. ) ;
#2022 = PRESENTATION_STYLE_ASSIGNMENT (( #4130 ) ) ;
#2023 = EDGE_LOOP ( 'NONE', ( #3530, #1768, #256, #2567 ) ) ;
#2024 = COLOUR_RGB ( '',0.9058823529411764719, 0.9019607843137255054, 0.8862745098039215286 ) ;
#2025 = SURFACE_SIDE_STYLE ('',( #771 ) ) ;
#2026 = AXIS2_PLACEMENT_3D ( 'NONE', #3335, #1557, #2828 ) ;
#2027 =( LENGTH_UNIT ( ) NAMED_UNIT ( * ) SI_UNIT ( .MILLI., .METRE. ) );
#2028 = SURFACE_STYLE_FILL_AREA ( #4164 ) ;
#2029 = DIRECTION ( 'NONE',  ( -0.06975647374412494162, 0.9975640502598243087, 0.0000000000000000000 ) ) ;
#2030 = LINE ( 'NONE', #1591, #3749 ) ;
#2031 = VECTOR ( 'NONE', #4013, 1000.000000000000114 ) ;
#2032 = ORIENTED_EDGE ( 'NONE', *, *, #1017, .T. ) ;
#2033 = COLOUR_RGB ( '',0.9058823529411764719, 0.9019607843137255054, 0.8862745098039215286 ) ;
#2034 = FILL_AREA_STYLE ('',( #299 ) ) ;
#2035 = EDGE_CURVE ( 'NONE', #2264, #4617, #3055, .T. ) ;
#2036 = EDGE_LOOP ( 'NONE', ( #3522, #5322, #412, #1697 ) ) ;
#2037 = CIRCLE ( 'NONE', #956, 0.3899999999999992917 ) ;
#2038 = CARTESIAN_POINT ( 'NONE',  ( 2.705000000000000959, -0.9249999999999998224, 0.8890000000000003455 ) ) ;
#2039 =( GEOMETRIC_REPRESENTATION_CONTEXT ( 3 ) GLOBAL_UNCERTAINTY_ASSIGNED_CONTEXT ( ( #1888 ) ) GLOBAL_UNIT_ASSIGNED_CONTEXT ( ( #2003, #4490, #4169 ) ) REPRESENTATION_CONTEXT ( 'NONE', 'WORKASPACE' ) );
#2040 =( NAMED_UNIT ( * ) SI_UNIT ( $, .STERADIAN. ) SOLID_ANGLE_UNIT ( ) );
#2041 = CARTESIAN_POINT ( 'NONE',  ( 2.905000000000000693, -1.104999999999999538, -1.650999999999999801 ) ) ;
#2042 = ORIENTED_EDGE ( 'NONE', *, *, #2732, .F. ) ;
#2043 = DIRECTION ( 'NONE',  ( 0.0000000000000000000, 0.0000000000000000000, 1.000000000000000000 ) ) ;
#2044 = CARTESIAN_POINT ( 'NONE',  ( 2.705000000000000959, -0.9249999999999998224, 2.159000000000000252 ) ) ;
#2045 =( GEOMETRIC_REPRESENTATION_CONTEXT ( 3 ) GLOBAL_UNCERTAINTY_ASSIGNED_CONTEXT ( ( #1440 ) ) GLOBAL_UNIT_ASSIGNED_CONTEXT ( ( #3743, #3686, #1148 ) ) REPRESENTATION_CONTEXT ( 'NONE', 'WORKASPACE' ) );
#2046 = PRESENTATION_STYLE_ASSIGNMENT (( #767 ) ) ;
#2047 = SURFACE_STYLE_FILL_AREA ( #3323 ) ;
#2048 = ORIENTED_EDGE ( 'NONE', *, *, #3665, .F. ) ;
#2049 = SURFACE_SIDE_STYLE ('',( #2470 ) ) ;
#2050 = CARTESIAN_POINT ( 'NONE',  ( -3.205138307613600634, -1.941682754312656023, 0.8890000000000003455 ) ) ;
#2051 = ORIENTED_EDGE ( 'NONE', *, *, #381, .F. ) ;
#2052 = CARTESIAN_POINT ( 'NONE',  ( -3.591342854422812980, -1.887405244938233251, 0.8890000000000003455 ) ) ;
#2053 = SURFACE_SIDE_STYLE ('',( #2940 ) ) ;
#2054 = DIRECTION ( 'NONE',  ( -0.0000000000000000000, -0.0000000000000000000, -1.000000000000000000 ) ) ;
#2055 = VECTOR ( 'NONE', #5004, 1000.000000000000114 ) ;
#2056 = CARTESIAN_POINT ( 'NONE',  ( 2.905000000000000693, -1.314999999999999725, -1.650999999999999801 ) ) ;
#2057 = PRESENTATION_LAYER_ASSIGNMENT (  '', '', ( #1679 ) ) ;
#2058 = FILL_AREA_STYLE_COLOUR ( '', #4162 ) ;
#2059 = LINE ( 'NONE', #3225, #1433 ) ;
#2060 = EDGE_LOOP ( 'NONE', ( #4306, #796, #3920, #2250 ) ) ;
#2061 = FACE_OUTER_BOUND ( 'NONE', #1230, .T. ) ;
#2062 = DIRECTION ( 'NONE',  ( 0.0000000000000000000, 0.0000000000000000000, 1.000000000000000000 ) ) ;
#2063 = STYLED_ITEM ( 'NONE', ( #5078 ), #2629 ) ;
#2064 = EDGE_CURVE ( 'NONE', #3950, #3837, #4352, .T. ) ;
#2065 = DIRECTION ( 'NONE',  ( 0.9902680687415713612, 0.1391731009600577773, -0.0000000000000000000 ) ) ;
#2066 = ADVANCED_FACE ( 'NONE', ( #2679 ), #1991, .T. ) ;
#2067 = CARTESIAN_POINT ( 'NONE',  ( 3.291204546809214371, -1.260722490625576953, -0.3809999999999997278 ) ) ;
#2068 = VECTOR ( 'NONE', #1879, 1000.000000000000000 ) ;
#2069 = CARTESIAN_POINT ( 'NONE',  ( 2.705000000000000959, -0.9249999999999998224, 1.651000000000000023 ) ) ;
#2070 = ORIENTED_EDGE ( 'NONE', *, *, #3735, .F. ) ;
#2071 = FILL_AREA_STYLE_COLOUR ( '', #4496 ) ;
#2072 = PLANE ( 'NONE',  #138 ) ;
#2073 =( NAMED_UNIT ( * ) PLANE_ANGLE_UNIT ( ) SI_UNIT ( $, .RADIAN. ) );
#2074 = ORIENTED_EDGE ( 'NONE', *, *, #4311, .F. ) ;
#2075 = COLOUR_RGB ( '',0.9058823529411764719, 0.9019607843137255054, 0.8862745098039215286 ) ;
#2076 = FACE_OUTER_BOUND ( 'NONE', #4862, .T. ) ;
#2077 = FILL_AREA_STYLE_COLOUR ( '', #3221 ) ;
#2078 = ADVANCED_FACE ( 'NONE', ( #3272 ), #4593, .F. ) ;
#2079 = ORIENTED_EDGE ( 'NONE', *, *, #544, .F. ) ;
#2080 = EDGE_CURVE ( 'NONE', #448, #3970, #4238, .T. ) ;
#2081 = CARTESIAN_POINT ( 'NONE',  ( 3.112956294435731408, -1.285773648798387292, 0.8890000000000003455 ) ) ;
#2082 = DIRECTION ( 'NONE',  ( -0.9975640502598241977, -0.06975647374412627388, 0.0000000000000000000 ) ) ;
#2083 = CARTESIAN_POINT ( 'NONE',  ( -3.205138307613600634, -1.941682754312656023, -0.3809999999999997278 ) ) ;
#2084 = CARTESIAN_POINT ( 'NONE',  ( 4.183721917363029341, -2.319780764523383887, 0.8890000000000003455 ) ) ;
#2085 = ORIENTED_EDGE ( 'NONE', *, *, #4837, .T. ) ;
#2086 = ORIENTED_EDGE ( 'NONE', *, *, #3255, .T. ) ;
#2087 = DIRECTION ( 'NONE',  ( -1.000000000000000000, 0.0000000000000000000, -0.0000000000000000000 ) ) ;
#2088 = PRESENTATION_LAYER_ASSIGNMENT (  '', '', ( #3796 ) ) ;
#2089 = FILL_AREA_STYLE_COLOUR ( '', #5266 ) ;
#2090 = ORIENTED_EDGE ( 'NONE', *, *, #5224, .T. ) ;
#2091 = CARTESIAN_POINT ( 'NONE',  ( 2.905000000000000693, -1.314999999999999725, 2.159000000000000252 ) ) ;
#2092 = PLANE ( 'NONE',  #4021 ) ;
#2093 = MECHANICAL_DESIGN_GEOMETRIC_PRESENTATION_REPRESENTATION (  '', ( #4072 ), #4336 ) ;
#2094 = ORIENTED_EDGE ( 'NONE', *, *, #575, .T. ) ;
#2095 =( LENGTH_UNIT ( ) NAMED_UNIT ( * ) SI_UNIT ( .MILLI., .METRE. ) );
#2096 =( NAMED_UNIT ( * ) SI_UNIT ( $, .STERADIAN. ) SOLID_ANGLE_UNIT ( ) );
#2097 = LINE ( 'NONE', #1291, #4990 ) ;
#2098 = PRESENTATION_LAYER_ASSIGNMENT (  '', '', ( #4534 ) ) ;
#2099 = MECHANICAL_DESIGN_GEOMETRIC_PRESENTATION_REPRESENTATION (  '', ( #2553 ), #1826 ) ;
#2100 = LINE ( 'NONE', #1249, #896 ) ;
#2101 = ORIENTED_EDGE ( 'NONE', *, *, #5077, .T. ) ;
#2102 = EDGE_CURVE ( 'NONE', #3124, #4585, #3711, .T. ) ;
#2103 = SURFACE_STYLE_FILL_AREA ( #3026 ) ;
#2104 =( NAMED_UNIT ( * ) SI_UNIT ( $, .STERADIAN. ) SOLID_ANGLE_UNIT ( ) );
#2105 = ORIENTED_EDGE ( 'NONE', *, *, #1382, .F. ) ;
#2106 = FACE_OUTER_BOUND ( 'NONE', #4032, .T. ) ;
#2107 = PRESENTATION_LAYER_ASSIGNMENT (  '', '', ( #931 ) ) ;
#2108 = SURFACE_STYLE_FILL_AREA ( #4653 ) ;
#2109 = LINE ( 'NONE', #1647, #3208 ) ;
#2110 = LINE ( 'NONE', #1306, #1572 ) ;
#2111 = VECTOR ( 'NONE', #2054, 1000.000000000000000 ) ;
#2112 = ORIENTED_EDGE ( 'NONE', *, *, #4896, .F. ) ;
#2113 = DIRECTION ( 'NONE',  ( 1.000000000000000000, -0.0000000000000000000, -0.0000000000000000000 ) ) ;
#2114 = CYLINDRICAL_SURFACE ( 'NONE', #5181, 0.3899999999999992917 ) ;
#2115 = SURFACE_STYLE_FILL_AREA ( #2146 ) ;
#2116 = DIRECTION ( 'NONE',  ( 0.0000000000000000000, 0.0000000000000000000, 1.000000000000000000 ) ) ;
#2117 = FILL_AREA_STYLE_COLOUR ( '', #117 ) ;
#2118 = UNCERTAINTY_MEASURE_WITH_UNIT (LENGTH_MEASURE( 1.000000000000000082E-05 ), #3918, 'distance_accuracy_value', 'NONE');
#2119 = ADVANCED_FACE ( 'NONE', ( #5445 ), #685, .F. ) ;
#2120 =( NAMED_UNIT ( * ) SI_UNIT ( $, .STERADIAN. ) SOLID_ANGLE_UNIT ( ) );
#2121 = CARTESIAN_POINT ( 'NONE',  ( 2.905000000000000693, -0.9249999999999993783, -0.3809999999999997278 ) ) ;
#2122 = ORIENTED_EDGE ( 'NONE', *, *, #2261, .F. ) ;
#2123 = SURFACE_STYLE_USAGE ( .BOTH. , #422 ) ;
#2124 = DIRECTION ( 'NONE',  ( 0.2505628070857289225, 0.9351131265310307361, 0.2505628070857289225 ) ) ;
#2125 = UNCERTAINTY_MEASURE_WITH_UNIT (LENGTH_MEASURE( 1.000000000000000082E-05 ), #3088, 'distance_accuracy_value', 'NONE');
#2126 = STYLED_ITEM ( 'NONE', ( #2400 ), #4219 ) ;
#2127 = EDGE_CURVE ( 'NONE', #53, #3842, #4736, .T. ) ;
#2128 = DIRECTION ( 'NONE',  ( 0.06975647374412627388, -0.9975640502598241977, 0.0000000000000000000 ) ) ;
#2129 = COLOUR_RGB ( '',0.9058823529411764719, 0.9019607843137255054, 0.8862745098039215286 ) ;
#2130 = LINE ( 'NONE', #4320, #3784 ) ;
#2131 =( LENGTH_UNIT ( ) NAMED_UNIT ( * ) SI_UNIT ( .MILLI., .METRE. ) );
#2132 = ORIENTED_EDGE ( 'NONE', *, *, #1365, .T. ) ;
#2133 = CARTESIAN_POINT ( 'NONE',  ( -2.905000000000000693, -1.104999999999999538, 2.159000000000000252 ) ) ;
#2134 = EDGE_LOOP ( 'NONE', ( #414, #5349, #3638, #223 ) ) ;
#2135 = EDGE_CURVE ( 'NONE', #740, #3788, #885, .T. ) ;
#2136 = ADVANCED_FACE ( 'NONE', ( #825 ), #3047, .F. ) ;
#2137 = VECTOR ( 'NONE', #2989, 1000.000000000000000 ) ;
#2138 = SURFACE_STYLE_USAGE ( .BOTH. , #5096 ) ;
#2139 = LINE ( 'NONE', #4744, #3928 ) ;
#2140 = VECTOR ( 'NONE', #292, 1000.000000000000000 ) ;
#2141 = VERTEX_POINT ( 'NONE', #3870 ) ;
#2142 = MECHANICAL_DESIGN_GEOMETRIC_PRESENTATION_REPRESENTATION (  '', ( #2333 ), #2882 ) ;
#2143 = CYLINDRICAL_SURFACE ( 'NONE', #524, 0.3899999999999992917 ) ;
#2144 = COLOUR_RGB ( '',0.9058823529411764719, 0.9019607843137255054, 0.8862745098039215286 ) ;
#2145 = VERTEX_POINT ( 'NONE', #1785 ) ;
#2146 = FILL_AREA_STYLE ('',( #2511 ) ) ;
#2147 = CARTESIAN_POINT ( 'NONE',  ( -3.576693994936546606, -2.096893695492795917, -0.8889999999999996794 ) ) ;
#2148 = STYLED_ITEM ( 'NONE', ( #1184 ), #3035 ) ;
#2149 =( GEOMETRIC_REPRESENTATION_CONTEXT ( 3 ) GLOBAL_UNCERTAINTY_ASSIGNED_CONTEXT ( ( #5520 ) ) GLOBAL_UNIT_ASSIGNED_CONTEXT ( ( #4439, #1387, #5355 ) ) REPRESENTATION_CONTEXT ( 'NONE', 'WORKASPACE' ) );
#2150 = SURFACE_SIDE_STYLE ('',( #4257 ) ) ;
#2151 = EDGE_LOOP ( 'NONE', ( #4779, #4504, #4455, #840 ) ) ;
#2152 = VECTOR ( 'NONE', #2402, 1000.000000000000000 ) ;
#2153 = FILL_AREA_STYLE ('',( #32 ) ) ;
#2154 = DIRECTION ( 'NONE',  ( -0.0000000000000000000, -0.0000000000000000000, -1.000000000000000000 ) ) ;
#2155 = LINE ( 'NONE', #1214, #921 ) ;
#2156 = AXIS2_PLACEMENT_3D ( 'NONE', #2220, #43, #2163 ) ;
#2157 = DIRECTION ( 'NONE',  ( 0.06975647374412494162, 0.9975640502598243087, 0.0000000000000000000 ) ) ;
#2158 = DIRECTION ( 'NONE',  ( -0.0000000000000000000, -0.0000000000000000000, -1.000000000000000000 ) ) ;
#2159 = ORIENTED_EDGE ( 'NONE', *, *, #4419, .F. ) ;
#2160 = AXIS2_PLACEMENT_3D ( 'NONE', #684, #5443, #4616 ) ;
#2161 = PRESENTATION_STYLE_ASSIGNMENT (( #2499 ) ) ;
#2162 = ORIENTED_EDGE ( 'NONE', *, *, #3021, .F. ) ;
#2163 = DIRECTION ( 'NONE',  ( 1.000000000000000000, 1.032573497605245971E-15, 0.0000000000000000000 ) ) ;
#2164 = MECHANICAL_DESIGN_GEOMETRIC_PRESENTATION_REPRESENTATION (  '', ( #2527 ), #2999 ) ;
#2165 =( LENGTH_UNIT ( ) NAMED_UNIT ( * ) SI_UNIT ( .MILLI., .METRE. ) );
#2166 = CARTESIAN_POINT ( 'NONE',  ( -2.905000000000000693, -0.9249999999999993783, 1.651000000000000023 ) ) ;
#2167 = ORIENTED_EDGE ( 'NONE', *, *, #1059, .T. ) ;
#2168 = ORIENTED_EDGE ( 'NONE', *, *, #927, .T. ) ;
#2169 =( NAMED_UNIT ( * ) PLANE_ANGLE_UNIT ( ) SI_UNIT ( $, .RADIAN. ) );
#2170 = ADVANCED_FACE ( 'NONE', ( #4266 ), #399, .T. ) ;
#2171 = UNCERTAINTY_MEASURE_WITH_UNIT (LENGTH_MEASURE( 1.000000000000000082E-05 ), #3410, 'distance_accuracy_value', 'NONE');
#2172 = LINE ( 'NONE', #5201, #357 ) ;
#2173 = SURFACE_SIDE_STYLE ('',( #932 ) ) ;
#2174 = ORIENTED_EDGE ( 'NONE', *, *, #1105, .T. ) ;
#2175 = PRESENTATION_STYLE_ASSIGNMENT (( #2123 ) ) ;
#2176 = EDGE_CURVE ( 'NONE', #1482, #2145, #427, .T. ) ;
#2177 = CARTESIAN_POINT ( 'NONE',  ( -1.955000000000000959, 0.0000000000000000000, -1.939999999999999725 ) ) ;
#2178 = SURFACE_STYLE_FILL_AREA ( #3019 ) ;
#2179 = UNCERTAINTY_MEASURE_WITH_UNIT (LENGTH_MEASURE( 1.000000000000000082E-05 ), #5351, 'distance_accuracy_value', 'NONE');
#2180 = PRESENTATION_STYLE_ASSIGNMENT (( #397 ) ) ;
#2181 = VECTOR ( 'NONE', #2113, 1000.000000000000000 ) ;
#2182 = DIRECTION ( 'NONE',  ( 0.1391731009600577773, 0.9902680687415713612, 0.0000000000000000000 ) ) ;
#2183 = VERTEX_POINT ( 'NONE', #1463 ) ;
#2184 = EDGE_CURVE ( 'NONE', #1881, #148, #541, .T. ) ;
#2185 = FILL_AREA_STYLE_COLOUR ( '', #3022 ) ;
#2186 = CARTESIAN_POINT ( 'NONE',  ( -3.591342854422812980, -1.887405244938233251, -2.158999999999999808 ) ) ;
#2187 = COLOUR_RGB ( '',0.9058823529411764719, 0.9019607843137255054, 0.8862745098039215286 ) ;
#2188 = EDGE_LOOP ( 'NONE', ( #1471, #5115, #2955, #3614 ) ) ;
#2189 = EDGE_CURVE ( 'NONE', #1906, #3070, #2729, .T. ) ;
#2190 = DIRECTION ( 'NONE',  ( 1.000000000000000000, -0.0000000000000000000, -0.0000000000000000000 ) ) ;
#2191 = AXIS2_PLACEMENT_3D ( 'NONE', #3468, #2065, #4666 ) ;
#2192 = CARTESIAN_POINT ( 'NONE',  ( -2.905000000000000693, -1.314999999999999725, 2.159000000000000252 ) ) ;
#2193 = LINE ( 'NONE', #75, #1324 ) ;
#2194 = FACE_OUTER_BOUND ( 'NONE', #5008, .T. ) ;
#2195 = AXIS2_PLACEMENT_3D ( 'NONE', #1391, #2673, #3161 ) ;
#2196 = ORIENTED_EDGE ( 'NONE', *, *, #2549, .F. ) ;
#2197 = PLANE ( 'NONE',  #255 ) ;
#2198 = ORIENTED_EDGE ( 'NONE', *, *, #4931, .T. ) ;
#2199 = MECHANICAL_DESIGN_GEOMETRIC_PRESENTATION_REPRESENTATION (  '', ( #931 ), #751 ) ;
#2200 = DIRECTION ( 'NONE',  ( -0.0000000000000000000, -0.0000000000000000000, -1.000000000000000000 ) ) ;
#2201 = ORIENTED_EDGE ( 'NONE', *, *, #1365, .F. ) ;
#2202 = CIRCLE ( 'NONE', #392, 0.2099999999999992428 ) ;
#2203 =( NAMED_UNIT ( * ) SI_UNIT ( $, .STERADIAN. ) SOLID_ANGLE_UNIT ( ) );
#2204 = ADVANCED_FACE ( 'NONE', ( #125 ), #5299, .T. ) ;
#2205 = PLANE ( 'NONE',  #3314 ) ;
#2206 = VERTEX_POINT ( 'NONE', #1870 ) ;
#2207 = CARTESIAN_POINT ( 'NONE',  ( 3.112956294435731408, -1.285773648798387292, 0.8890000000000003455 ) ) ;
#2208 = DIRECTION ( 'NONE',  ( -0.0000000000000000000, -0.0000000000000000000, -1.000000000000000000 ) ) ;
#2209 = CARTESIAN_POINT ( 'NONE',  ( 3.112956294435731408, -1.285773648798387292, -1.650999999999999801 ) ) ;
#2210 = VECTOR ( 'NONE', #5534, 1000.000000000000227 ) ;
#2211 = CARTESIAN_POINT ( 'NONE',  ( -3.205138307613600634, -1.941682754312656023, -0.3809999999999997278 ) ) ;
#2212 = FILL_AREA_STYLE_COLOUR ( '', #880 ) ;
#2213 = ORIENTED_EDGE ( 'NONE', *, *, #5018, .T. ) ;
#2214 = CARTESIAN_POINT ( 'NONE',  ( 4.183721917363029341, -2.319780764523383887, -0.3809999999999997278 ) ) ;
#2215 = DIRECTION ( 'NONE',  ( 1.000000000000000000, 0.0000000000000000000, 0.0000000000000000000 ) ) ;
#2216 = DIRECTION ( 'NONE',  ( 0.06975647374412627388, -0.9975640502598241977, 0.0000000000000000000 ) ) ;
#2217 = ORIENTED_EDGE ( 'NONE', *, *, #2253, .T. ) ;
#2218 = COLOUR_RGB ( '',0.9058823529411764719, 0.9019607843137255054, 0.8862745098039215286 ) ;
#2219 = ADVANCED_FACE ( 'NONE', ( #3157 ), #2331, .F. ) ;
#2220 = CARTESIAN_POINT ( 'NONE',  ( -3.591342854422812980, -1.887405244938233251, 2.159000000000000252 ) ) ;
#2221 = COLOUR_RGB ( '',0.2392156862745097867, 0.2588235294117646745, 0.2156862745098039325 ) ;
#2222 = DIRECTION ( 'NONE',  ( -0.0000000000000000000, -0.0000000000000000000, -1.000000000000000000 ) ) ;
#2223 = SURFACE_STYLE_FILL_AREA ( #4766 ) ;
#2224 = VECTOR ( 'NONE', #633, 1000.000000000000114 ) ;
#2225 = DIRECTION ( 'NONE',  ( 0.0000000000000000000, 0.0000000000000000000, 1.000000000000000000 ) ) ;
#2226 = DIRECTION ( 'NONE',  ( -0.0000000000000000000, -0.0000000000000000000, -1.000000000000000000 ) ) ;
#2227 = ORIENTED_EDGE ( 'NONE', *, *, #2284, .F. ) ;
#2228 = FILL_AREA_STYLE_COLOUR ( '', #5594 ) ;
#2229 = VERTEX_POINT ( 'NONE', #5381 ) ;
#2230 = EDGE_CURVE ( 'NONE', #5540, #1018, #1492, .T. ) ;
#2231 = VECTOR ( 'NONE', #3150, 1000.000000000000000 ) ;
#2232 =( LENGTH_UNIT ( ) NAMED_UNIT ( * ) SI_UNIT ( .MILLI., .METRE. ) );
#2233 = UNCERTAINTY_MEASURE_WITH_UNIT (LENGTH_MEASURE( 1.000000000000000082E-05 ), #3334, 'distance_accuracy_value', 'NONE');
#2234 =( NAMED_UNIT ( * ) PLANE_ANGLE_UNIT ( ) SI_UNIT ( $, .RADIAN. ) );
#2235 = CIRCLE ( 'NONE', #3230, 0.2100000000000005473 ) ;
#2236 = VERTEX_POINT ( 'NONE', #4948 ) ;
#2237 = CARTESIAN_POINT ( 'NONE',  ( 3.576693994936546606, -2.096893695492795917, 0.3810000000000003939 ) ) ;
#2238 = DIRECTION ( 'NONE',  ( -0.0000000000000000000, -0.0000000000000000000, -1.000000000000000000 ) ) ;
#2239 = EDGE_LOOP ( 'NONE', ( #388, #3656, #2386, #280, #236, #1499, #1859, #864, #4900, #3122, #2608, #4556 ) ) ;
#2240 = DIRECTION ( 'NONE',  ( -0.0000000000000000000, -0.0000000000000000000, -1.000000000000000000 ) ) ;
#2241 = STYLED_ITEM ( 'NONE', ( #5187 ), #2907 ) ;
#2242 = UNCERTAINTY_MEASURE_WITH_UNIT (LENGTH_MEASURE( 1.000000000000000082E-05 ), #1038, 'distance_accuracy_value', 'NONE');
#2243 = COLOUR_RGB ( '',0.9058823529411764719, 0.9019607843137255054, 0.8862745098039215286 ) ;
#2244 = EDGE_CURVE ( 'NONE', #1906, #4057, #1085, .T. ) ;
#2245 = EDGE_CURVE ( 'NONE', #2818, #3970, #2928, .T. ) ;
#2246 = PLANE ( 'NONE',  #4603 ) ;
#2247 = COLOUR_RGB ( '',0.9058823529411764719, 0.9019607843137255054, 0.8862745098039215286 ) ;
#2248 = DIRECTION ( 'NONE',  ( -0.0000000000000000000, -0.0000000000000000000, -1.000000000000000000 ) ) ;
#2249 = STYLED_ITEM ( 'NONE', ( #4912 ), #2493 ) ;
#2250 = ORIENTED_EDGE ( 'NONE', *, *, #458, .T. ) ;
#2251 = CARTESIAN_POINT ( 'NONE',  ( 2.705000000000000959, -0.9249999999999998224, 0.3810000000000003939 ) ) ;
#2252 =( LENGTH_UNIT ( ) NAMED_UNIT ( * ) SI_UNIT ( .MILLI., .METRE. ) );
#2253 = EDGE_CURVE ( 'NONE', #2526, #598, #761, .T. ) ;
#2254 = STYLED_ITEM ( 'NONE', ( #2454 ), #3313 ) ;
#2255 = ORIENTED_EDGE ( 'NONE', *, *, #3723, .F. ) ;
#2256 = AXIS2_PLACEMENT_3D ( 'NONE', #387, #3831, #5569 ) ;
#2257 = LINE ( 'NONE', #1904, #2715 ) ;
#2258 = FACE_OUTER_BOUND ( 'NONE', #4548, .T. ) ;
#2259 = DIRECTION ( 'NONE',  ( 0.0000000000000000000, 0.0000000000000000000, 1.000000000000000000 ) ) ;
#2260 = SURFACE_STYLE_USAGE ( .BOTH. , #3905 ) ;
#2261 = EDGE_CURVE ( 'NONE', #1754, #547, #2406, .T. ) ;
#2262 = CARTESIAN_POINT ( 'NONE',  ( 3.591342854422812980, -1.887405244938233251, 0.3810000000000003939 ) ) ;
#2263 = LINE ( 'NONE', #1363, #5108 ) ;
#2264 = VERTEX_POINT ( 'NONE', #2462 ) ;
#2265 = DIRECTION ( 'NONE',  ( 0.0000000000000000000, -1.000000000000000000, 0.0000000000000000000 ) ) ;
#2266 = COLOUR_RGB ( '',0.5019607843137254832, 0.5019607843137254832, 0.5019607843137254832 ) ;
#2267 =( NAMED_UNIT ( * ) SI_UNIT ( $, .STERADIAN. ) SOLID_ANGLE_UNIT ( ) );
#2268 = ORIENTED_EDGE ( 'NONE', *, *, #2476, .F. ) ;
#2269 = DIRECTION ( 'NONE',  ( 0.1391731009600577773, 0.9902680687415713612, 0.0000000000000000000 ) ) ;
#2270 = LINE ( 'NONE', #5260, #689 ) ;
#2271 = VERTEX_POINT ( 'NONE', #4176 ) ;
#2272 = SURFACE_SIDE_STYLE ('',( #3867 ) ) ;
#2273 = PRESENTATION_STYLE_ASSIGNMENT (( #5297 ) ) ;
#2274 = FILL_AREA_STYLE ('',( #1462 ) ) ;
#2275 = FILL_AREA_STYLE_COLOUR ( '', #516 ) ;
#2276 = ORIENTED_EDGE ( 'NONE', *, *, #2616, .F. ) ;
#2277 = DIRECTION ( 'NONE',  ( -1.000000000000000000, 0.0000000000000000000, 0.0000000000000000000 ) ) ;
#2278 = DIRECTION ( 'NONE',  ( -1.000000000000000000, 0.0000000000000000000, 0.0000000000000000000 ) ) ;
#2279 = CARTESIAN_POINT ( 'NONE',  ( -3.564137829662604062, -2.276455224539564171, -1.650999999999999801 ) ) ;
#2280 = ORIENTED_EDGE ( 'NONE', *, *, #2651, .F. ) ;
#2281 = AXIS2_PLACEMENT_3D ( 'NONE', #673, #3830, #4250 ) ;
#2282 = CARTESIAN_POINT ( 'NONE',  ( -2.905000000000000693, -1.314999999999999725, -0.8889999999999996794 ) ) ;
#2283 = SURFACE_SIDE_STYLE ('',( #5362 ) ) ;
#2284 = EDGE_CURVE ( 'NONE', #3440, #9, #4201, .T. ) ;
#2285 = DIRECTION ( 'NONE',  ( -0.1391731009600577773, 0.9902680687415713612, 0.0000000000000000000 ) ) ;
#2286 = SURFACE_SIDE_STYLE ('',( #460 ) ) ;
#2287 = VECTOR ( 'NONE', #4120, 1000.000000000000000 ) ;
#2288 = DIRECTION ( 'NONE',  ( 1.000000000000000000, 0.0000000000000000000, 0.0000000000000000000 ) ) ;
#2289 =( NAMED_UNIT ( * ) SI_UNIT ( $, .STERADIAN. ) SOLID_ANGLE_UNIT ( ) );
#2290 = STYLED_ITEM ( 'NONE', ( #217 ), #4885 ) ;
#2291 = SURFACE_STYLE_USAGE ( .BOTH. , #3579 ) ;
#2292 = CARTESIAN_POINT ( 'NONE',  ( 2.705000000000000959, -0.9249999999999998224, -1.650999999999999801 ) ) ;
#2293 = UNCERTAINTY_MEASURE_WITH_UNIT (LENGTH_MEASURE( 1.000000000000000082E-05 ), #5335, 'distance_accuracy_value', 'NONE');
#2294 = ORIENTED_EDGE ( 'NONE', *, *, #238, .F. ) ;
#2295 = FACE_OUTER_BOUND ( 'NONE', #1217, .T. ) ;
#2296 = AXIS2_PLACEMENT_3D ( 'NONE', #4262, #396, #1688 ) ;
#2297 = VERTEX_POINT ( 'NONE', #3672 ) ;
#2298 = UNCERTAINTY_MEASURE_WITH_UNIT (LENGTH_MEASURE( 1.000000000000000082E-05 ), #4357, 'distance_accuracy_value', 'NONE');
#2299 = STYLED_ITEM ( 'NONE', ( #526 ), #178 ) ;
#2300 = FILL_AREA_STYLE ('',( #5353 ) ) ;
#2301 = PRESENTATION_STYLE_ASSIGNMENT (( #2357 ) ) ;
#2302 = VERTEX_POINT ( 'NONE', #1516 ) ;
#2303 = CIRCLE ( 'NONE', #1652, 0.3900000000000001799 ) ;
#2304 =( LENGTH_UNIT ( ) NAMED_UNIT ( * ) SI_UNIT ( .MILLI., .METRE. ) );
#2305 = EDGE_CURVE ( 'NONE', #2141, #3307, #3949, .T. ) ;
#2306 = DIRECTION ( 'NONE',  ( -1.000000000000000000, 0.0000000000000000000, 0.0000000000000000000 ) ) ;
#2307 = SURFACE_STYLE_FILL_AREA ( #5303 ) ;
#2308 = VERTEX_POINT ( 'NONE', #5409 ) ;
#2309 = PRESENTATION_LAYER_ASSIGNMENT (  '', '', ( #2856 ) ) ;
#2310 = LINE ( 'NONE', #160, #2435 ) ;
#2311 = LINE ( 'NONE', #3573, #2000 ) ;
#2312 = EDGE_LOOP ( 'NONE', ( #2849, #4123, #3586, #69 ) ) ;
#2313 = LINE ( 'NONE', #5365, #1055 ) ;
#2314 = VECTOR ( 'NONE', #703, 1000.000000000000114 ) ;
#2315 = EDGE_CURVE ( 'NONE', #734, #4977, #3346, .T. ) ;
#2316 =( GEOMETRIC_REPRESENTATION_CONTEXT ( 3 ) GLOBAL_UNCERTAINTY_ASSIGNED_CONTEXT ( ( #2872 ) ) GLOBAL_UNIT_ASSIGNED_CONTEXT ( ( #4625, #669, #2942 ) ) REPRESENTATION_CONTEXT ( 'NONE', 'WORKASPACE' ) );
#2317 =( NAMED_UNIT ( * ) PLANE_ANGLE_UNIT ( ) SI_UNIT ( $, .RADIAN. ) );
#2318 = CARTESIAN_POINT ( 'NONE',  ( -2.705000000000000959, -0.9249999999999998224, 1.651000000000000023 ) ) ;
#2319 = CARTESIAN_POINT ( 'NONE',  ( -3.591342854422812980, -1.887405244938233251, -0.3809999999999997278 ) ) ;
#2320 = VECTOR ( 'NONE', #264, 1000.000000000000000 ) ;
#2321 = CARTESIAN_POINT ( 'NONE',  ( -4.183721917363029341, -2.319780764523383887, -1.650999999999999801 ) ) ;
#2322 = ORIENTED_EDGE ( 'NONE', *, *, #4699, .F. ) ;
#2323 = CARTESIAN_POINT ( 'NONE',  ( -2.705000000000000959, -0.8500000000000113021, 2.689999999999999503 ) ) ;
#2324 = CIRCLE ( 'NONE', #3843, 0.2099999999999992428 ) ;
#2325 = ORIENTED_EDGE ( 'NONE', *, *, #2652, .F. ) ;
#2326 = FILL_AREA_STYLE ('',( #2354 ) ) ;
#2327 = SURFACE_STYLE_USAGE ( .BOTH. , #1920 ) ;
#2328 = EDGE_CURVE ( 'NONE', #1881, #1576, #1111, .T. ) ;
#2329 = LINE ( 'NONE', #201, #2469 ) ;
#2330 = VECTOR ( 'NONE', #3137, 1000.000000000000000 ) ;
#2331 = PLANE ( 'NONE',  #3675 ) ;
#2332 = VERTEX_POINT ( 'NONE', #3316 ) ;
#2333 = STYLED_ITEM ( 'NONE', ( #1254 ), #2843 ) ;
#2334 = CARTESIAN_POINT ( 'NONE',  ( 3.564137829662604062, -2.276455224539564171, 1.651000000000000023 ) ) ;
#2335 = EDGE_LOOP ( 'NONE', ( #2032, #4769, #2535, #5391 ) ) ;
#2336 = VECTOR ( 'NONE', #1954, 1000.000000000000000 ) ;
#2337 = FILL_AREA_STYLE ('',( #4418 ) ) ;
#2338 = VERTEX_POINT ( 'NONE', #278 ) ;
#2339 = DIRECTION ( 'NONE',  ( 0.0000000000000000000, 0.0000000000000000000, 1.000000000000000000 ) ) ;
#2340 = DIRECTION ( 'NONE',  ( 0.0000000000000000000, 0.0000000000000000000, 1.000000000000000000 ) ) ;
#2341 = VECTOR ( 'NONE', #4520, 1000.000000000000114 ) ;
#2342 = LINE ( 'NONE', #3192, #2224 ) ;
#2343 = MECHANICAL_DESIGN_GEOMETRIC_PRESENTATION_REPRESENTATION (  '', ( #527 ), #5132 ) ;
#2344 = CARTESIAN_POINT ( 'NONE',  ( 3.112956294435731408, -1.285773648798387292, 2.159000000000000252 ) ) ;
#2345 = CARTESIAN_POINT ( 'NONE',  ( 3.591342854422812980, -1.887405244938233251, 0.8890000000000003455 ) ) ;
#2346 = DIRECTION ( 'NONE',  ( -0.0000000000000000000, -0.0000000000000000000, -1.000000000000000000 ) ) ;
#2347 = VECTOR ( 'NONE', #209, 1000.000000000000227 ) ;
#2348 = LINE ( 'NONE', #4053, #3908 ) ;
#2349 = EDGE_LOOP ( 'NONE', ( #4128, #1106, #1176, #1834 ) ) ;
#2350 = CARTESIAN_POINT ( 'NONE',  ( 2.705000000000000959, -1.104999999999999760, 0.8890000000000003455 ) ) ;
#2351 = LINE ( 'NONE', #1378, #170 ) ;
#2352 = EDGE_CURVE ( 'NONE', #1482, #3911, #5437, .T. ) ;
#2353 = VERTEX_POINT ( 'NONE', #2015 ) ;
#2354 = FILL_AREA_STYLE_COLOUR ( '', #3240 ) ;
#2355 = FACE_OUTER_BOUND ( 'NONE', #961, .T. ) ;
#2356 = PRESENTATION_STYLE_ASSIGNMENT (( #620 ) ) ;
#2357 = SURFACE_STYLE_USAGE ( .BOTH. , #564 ) ;
#2358 = ORIENTED_EDGE ( 'NONE', *, *, #2733, .T. ) ;
#2359 = ORIENTED_EDGE ( 'NONE', *, *, #3547, .F. ) ;
#2360 = FACE_OUTER_BOUND ( 'NONE', #206, .T. ) ;
#2361 = ORIENTED_EDGE ( 'NONE', *, *, #5183, .F. ) ;
#2362 = LINE ( 'NONE', #3521, #2403 ) ;
#2363 = EDGE_CURVE ( 'NONE', #208, #2611, #3853, .T. ) ;
#2364 = FILL_AREA_STYLE ('',( #1966 ) ) ;
#2365 = DIRECTION ( 'NONE',  ( 0.06975647374412492774, -0.9975640502598243087, 0.0000000000000000000 ) ) ;
#2366 =( NAMED_UNIT ( * ) SI_UNIT ( $, .STERADIAN. ) SOLID_ANGLE_UNIT ( ) );
#2367 = DIRECTION ( 'NONE',  ( 1.000000000000000000, -0.0000000000000000000, -0.0000000000000000000 ) ) ;
#2368 = STYLED_ITEM ( 'NONE', ( #1602 ), #4566 ) ;
#2369 = SURFACE_STYLE_USAGE ( .BOTH. , #4517 ) ;
#2370 = EDGE_LOOP ( 'NONE', ( #1512, #3496, #2051, #730, #326, #4448, #4561, #583, #4879, #1464, #196, #3207 ) ) ;
#2371 = FACE_OUTER_BOUND ( 'NONE', #442, .T. ) ;
#2372 =( NAMED_UNIT ( * ) SI_UNIT ( $, .STERADIAN. ) SOLID_ANGLE_UNIT ( ) );
#2373 = VERTEX_POINT ( 'NONE', #1604 ) ;
#2374 = VECTOR ( 'NONE', #3538, 1000.000000000000000 ) ;
#2375 =( LENGTH_UNIT ( ) NAMED_UNIT ( * ) SI_UNIT ( .MILLI., .METRE. ) );
#2376 = DIRECTION ( 'NONE',  ( 0.06975647374412627388, 0.9975640502598241977, -0.0000000000000000000 ) ) ;
#2377 = EDGE_CURVE ( 'NONE', #3712, #3362, #5084, .T. ) ;
#2378 = EDGE_CURVE ( 'NONE', #2582, #5275, #1209, .T. ) ;
#2379 = MECHANICAL_DESIGN_GEOMETRIC_PRESENTATION_REPRESENTATION (  '', ( #1643 ), #5366 ) ;
#2380 = CLOSED_SHELL ( 'NONE', ( #729, #4814, #3353, #2668, #3093, #2219, #4193, #506, #4824, #1503, #5457, #782, #829, #4312, #1418, #4289, #2661, #4381, #3084, #1432, #1819, #4206, #4658, #1045, #2415, #2603, #4521, #5572, #3881, #3632, #4966, #192, #2701, #2491, #2820, #4545, #3688, #2204, #718, #2564, #4180, #3248, #2136, #1083, #642, #3713, #4414, #50, #3183, #5314, #4621, #1284, #3897, #1006, #4958, #1609, #3437, #2970, #2771, #3035, #5432, #3328, #5190, #4172, #5102, #3313, #2078, #4447, #1477, #3943, #3027, #2446, #1403, #2119, #1634, #1383, #1364, #2907, #3190, #3477, #309, #3134, #3563, #5506, #178, #5600, #3532, #856, #3423, #5256, #1219, #1974, #1891, #27, #4219, #2493, #2066, #3663, #3263, #807, #2170, #4026, #5425, #554, #4066, #732, #2629, #4566, #2458, #590, #881, #4131, #4831, #4495, #1801, #4712, #2843, #4967, #1035, #4885, #5074 ) ) ;
#2381 = FACE_OUTER_BOUND ( 'NONE', #3960, .T. ) ;
#2382 = CARTESIAN_POINT ( 'NONE',  ( 3.564137829662604062, -2.276455224539564171, 2.159000000000000252 ) ) ;
#2383 = ORIENTED_EDGE ( 'NONE', *, *, #2584, .T. ) ;
#2384 = PLANE ( 'NONE',  #4272 ) ;
#2385 = PRESENTATION_LAYER_ASSIGNMENT (  '', '', ( #3551 ) ) ;
#2386 = ORIENTED_EDGE ( 'NONE', *, *, #2245, .F. ) ;
#2387 = FACE_OUTER_BOUND ( 'NONE', #4980, .T. ) ;
#2388 = CARTESIAN_POINT ( 'NONE',  ( -3.591342854422812980, -1.887405244938233251, -1.650999999999999801 ) ) ;
#2389 = MECHANICAL_DESIGN_GEOMETRIC_PRESENTATION_REPRESENTATION (  '', ( #2943 ), #1936 ) ;
#2390 = ORIENTED_EDGE ( 'NONE', *, *, #2395, .F. ) ;
#2391 = DIRECTION ( 'NONE',  ( -1.000000000000000000, 0.0000000000000000000, 0.0000000000000000000 ) ) ;
#2392 = DIRECTION ( 'NONE',  ( -0.0000000000000000000, -0.0000000000000000000, -1.000000000000000000 ) ) ;
#2393 = EDGE_CURVE ( 'NONE', #4727, #2540, #711, .T. ) ;
#2394 = AXIS2_PLACEMENT_3D ( 'NONE', #2812, #4943, #4971 ) ;
#2395 = EDGE_CURVE ( 'NONE', #4212, #5151, #3759, .T. ) ;
#2396 = SURFACE_SIDE_STYLE ('',( #1070 ) ) ;
#2397 = VECTOR ( 'NONE', #2008, 1000.000000000000000 ) ;
#2398 = CARTESIAN_POINT ( 'NONE',  ( 3.591342854422812980, -1.887405244938233251, -2.158999999999999808 ) ) ;
#2399 = ORIENTED_EDGE ( 'NONE', *, *, #4994, .T. ) ;
#2400 = PRESENTATION_STYLE_ASSIGNMENT (( #3639 ) ) ;
#2401 = VERTEX_POINT ( 'NONE', #652 ) ;
#2402 = DIRECTION ( 'NONE',  ( 0.0000000000000000000, -1.000000000000000000, 0.0000000000000000000 ) ) ;
#2403 = VECTOR ( 'NONE', #4513, 1000.000000000000114 ) ;
#2404 =( NAMED_UNIT ( * ) SI_UNIT ( $, .STERADIAN. ) SOLID_ANGLE_UNIT ( ) );
#2405 = FILL_AREA_STYLE_COLOUR ( '', #3718 ) ;
#2406 = LINE ( 'NONE', #1627, #2055 ) ;
#2407 = ORIENTED_EDGE ( 'NONE', *, *, #203, .T. ) ;
#2408 = EDGE_CURVE ( 'NONE', #5480, #2963, #2436, .T. ) ;
#2409 = AXIS2_PLACEMENT_3D ( 'NONE', #3277, #1526, #1996 ) ;
#2410 = VERTEX_POINT ( 'NONE', #254 ) ;
#2411 =( NAMED_UNIT ( * ) SI_UNIT ( $, .STERADIAN. ) SOLID_ANGLE_UNIT ( ) );
#2412 = AXIS2_PLACEMENT_3D ( 'NONE', #2772, #1369, #4481 ) ;
#2413 = PRESENTATION_LAYER_ASSIGNMENT (  '', '', ( #5583 ) ) ;
#2414 = VERTEX_POINT ( 'NONE', #5057 ) ;
#2415 = ADVANCED_FACE ( 'NONE', ( #4091 ), #227, .T. ) ;
#2416 =( GEOMETRIC_REPRESENTATION_CONTEXT ( 3 ) GLOBAL_UNCERTAINTY_ASSIGNED_CONTEXT ( ( #3039 ) ) GLOBAL_UNIT_ASSIGNED_CONTEXT ( ( #2131, #3930, #64 ) ) REPRESENTATION_CONTEXT ( 'NONE', 'WORKASPACE' ) );
#2417 = DIRECTION ( 'NONE',  ( -0.0000000000000000000, -0.0000000000000000000, -1.000000000000000000 ) ) ;
#2418 = CARTESIAN_POINT ( 'NONE',  ( 4.196278082636971440, -2.140219235476615633, 2.159000000000000252 ) ) ;
#2419 = VECTOR ( 'NONE', #4577, 1000.000000000000000 ) ;
#2420 = DIRECTION ( 'NONE',  ( -0.0000000000000000000, -0.0000000000000000000, -1.000000000000000000 ) ) ;
#2421 = VECTOR ( 'NONE', #4122, 1000.000000000000000 ) ;
#2422 = LINE ( 'NONE', #1198, #571 ) ;
#2423 = PRESENTATION_LAYER_ASSIGNMENT (  '', '', ( #4864 ) ) ;
#2424 = VECTOR ( 'NONE', #990, 1000.000000000000000 ) ;
#2425 = ORIENTED_EDGE ( 'NONE', *, *, #2433, .F. ) ;
#2426 =( NAMED_UNIT ( * ) PLANE_ANGLE_UNIT ( ) SI_UNIT ( $, .RADIAN. ) );
#2427 = CARTESIAN_POINT ( 'NONE',  ( 3.564137829662604062, -2.276455224539564171, -2.158999999999999808 ) ) ;
#2428 = EDGE_LOOP ( 'NONE', ( #4717, #454, #487, #3535 ) ) ;
#2429 = CARTESIAN_POINT ( 'NONE',  ( -2.705000000000000959, -0.9249999999999998224, 0.3810000000000003939 ) ) ;
#2430 = VECTOR ( 'NONE', #3294, 1000.000000000000114 ) ;
#2431 = CARTESIAN_POINT ( 'NONE',  ( -3.112956294435731408, -1.285773648798387292, 2.159000000000000252 ) ) ;
#2432 = CARTESIAN_POINT ( 'NONE',  ( -2.705000000000000959, -1.104999999999999760, 2.159000000000000252 ) ) ;
#2433 = EDGE_CURVE ( 'NONE', #788, #3215, #4726, .T. ) ;
#2434 = PLANE ( 'NONE',  #4622 ) ;
#2435 = VECTOR ( 'NONE', #4509, 1000.000000000000114 ) ;
#2436 = LINE ( 'NONE', #2382, #5495 ) ;
#2437 = VERTEX_POINT ( 'NONE', #4287 ) ;
#2438 = DIRECTION ( 'NONE',  ( -1.000000000000000000, 1.032573497605245971E-15, 0.0000000000000000000 ) ) ;
#2439 = COLOUR_RGB ( '',0.9058823529411764719, 0.9019607843137255054, 0.8862745098039215286 ) ;
#2440 = SURFACE_SIDE_STYLE ('',( #1989 ) ) ;
#2441 = EDGE_LOOP ( 'NONE', ( #3462, #3338, #5441, #3954 ) ) ;
#2442 = FILL_AREA_STYLE_COLOUR ( '', #3414 ) ;
#2443 = ORIENTED_EDGE ( 'NONE', *, *, #5286, .T. ) ;
#2444 = PLANE ( 'NONE',  #4928 ) ;
#2445 = PRESENTATION_STYLE_ASSIGNMENT (( #4985 ) ) ;
#2446 = ADVANCED_FACE ( 'NONE', ( #787 ), #3428, .F. ) ;
#2447 = FILL_AREA_STYLE_COLOUR ( '', #1867 ) ;
#2448 = CARTESIAN_POINT ( 'NONE',  ( -3.591342854422812980, -1.887405244938233251, 0.3810000000000003939 ) ) ;
#2449 = DIRECTION ( 'NONE',  ( 0.0000000000000000000, 0.0000000000000000000, 1.000000000000000000 ) ) ;
#2450 = CARTESIAN_POINT ( 'NONE',  ( 2.705000000000000959, -2.029999999999999805, -2.462243186433545006 ) ) ;
#2451 = ORIENTED_EDGE ( 'NONE', *, *, #4055, .T. ) ;
#2452 = CARTESIAN_POINT ( 'NONE',  ( -2.705000000000000959, -1.179999999999988392, 2.689999999999999503 ) ) ;
#2453 = ORIENTED_EDGE ( 'NONE', *, *, #3596, .F. ) ;
#2454 = PRESENTATION_STYLE_ASSIGNMENT (( #2920 ) ) ;
#2455 = SURFACE_SIDE_STYLE ('',( #1178 ) ) ;
#2456 = SURFACE_STYLE_FILL_AREA ( #4255 ) ;
#2457 = UNCERTAINTY_MEASURE_WITH_UNIT (LENGTH_MEASURE( 1.000000000000000082E-05 ), #345, 'distance_accuracy_value', 'NONE');
#2458 = ADVANCED_FACE ( 'NONE', ( #1744 ), #1777, .F. ) ;
#2459 = CARTESIAN_POINT ( 'NONE',  ( 3.112956294435731408, -1.285773648798387292, -0.3809999999999997278 ) ) ;
#2460 = PRESENTATION_LAYER_ASSIGNMENT (  '', '', ( #2012 ) ) ;
#2461 = CARTESIAN_POINT ( 'NONE',  ( 4.183721917363029341, -2.319780764523383887, 2.159000000000000252 ) ) ;
#2462 = CARTESIAN_POINT ( 'NONE',  ( -2.705000000000000959, -1.104999999999999760, -2.158999999999999808 ) ) ;
#2463 = ORIENTED_EDGE ( 'NONE', *, *, #2723, .F. ) ;
#2464 = DIRECTION ( 'NONE',  ( 1.000000000000000000, 0.0000000000000000000, -0.0000000000000000000 ) ) ;
#2465 =( NAMED_UNIT ( * ) PLANE_ANGLE_UNIT ( ) SI_UNIT ( $, .RADIAN. ) );
#2466 = LINE ( 'NONE', #4100, #1983 ) ;
#2467 = DIRECTION ( 'NONE',  ( 0.0000000000000000000, -1.000000000000000000, 0.0000000000000000000 ) ) ;
#2468 = ORIENTED_EDGE ( 'NONE', *, *, #534, .T. ) ;
#2469 = VECTOR ( 'NONE', #2871, 1000.000000000000000 ) ;
#2470 = SURFACE_STYLE_FILL_AREA ( #2885 ) ;
#2471 = PRESENTATION_LAYER_ASSIGNMENT (  '', '', ( #4995 ) ) ;
#2472 =( NAMED_UNIT ( * ) PLANE_ANGLE_UNIT ( ) SI_UNIT ( $, .RADIAN. ) );
#2473 = SURFACE_STYLE_USAGE ( .BOTH. , #1970 ) ;
#2474 = DIRECTION ( 'NONE',  ( 1.000000000000000000, -0.0000000000000000000, -0.0000000000000000000 ) ) ;
#2475 = VECTOR ( 'NONE', #2532, 1000.000000000000000 ) ;
#2476 = EDGE_CURVE ( 'NONE', #1145, #3911, #5325, .T. ) ;
#2477 = ORIENTED_EDGE ( 'NONE', *, *, #3868, .T. ) ;
#2478 =( GEOMETRIC_REPRESENTATION_CONTEXT ( 3 ) GLOBAL_UNCERTAINTY_ASSIGNED_CONTEXT ( ( #2179 ) ) GLOBAL_UNIT_ASSIGNED_CONTEXT ( ( #5351, #3619, #1081 ) ) REPRESENTATION_CONTEXT ( 'NONE', 'WORKASPACE' ) );
#2479 = FILL_AREA_STYLE ('',( #3391 ) ) ;
#2480 = DIRECTION ( 'NONE',  ( -0.9975640502598241977, -0.06975647374412627388, 0.0000000000000000000 ) ) ;
#2481 = ORIENTED_EDGE ( 'NONE', *, *, #891, .F. ) ;
#2482 = DIRECTION ( 'NONE',  ( 0.1391731009600577773, -0.9902680687415713612, 0.0000000000000000000 ) ) ;
#2483 = PRODUCT_CONTEXT ( 'NONE', #5269, 'mechanical' ) ;
#2484 = AXIS2_PLACEMENT_3D ( 'NONE', #2319, #3636, #3582 ) ;
#2485 = DIRECTION ( 'NONE',  ( -0.9975640502598241977, 0.06975647374412627388, 0.0000000000000000000 ) ) ;
#2486 = CARTESIAN_POINT ( 'NONE',  ( -3.591342854422812980, -1.887405244938233251, -0.8889999999999996794 ) ) ;
#2487 = CARTESIAN_POINT ( 'NONE',  ( 3.205138307613600634, -1.941682754312656023, 2.159000000000000252 ) ) ;
#2488 = VECTOR ( 'NONE', #5511, 1000.000000000000114 ) ;
#2489 = ORIENTED_EDGE ( 'NONE', *, *, #4348, .F. ) ;
#2490 = CARTESIAN_POINT ( 'NONE',  ( 2.705000000000000959, -0.8500000000000113021, 2.689999999999999503 ) ) ;
#2491 = ADVANCED_FACE ( 'NONE', ( #2660 ), #500, .F. ) ;
#2492 = FACE_OUTER_BOUND ( 'NONE', #3617, .T. ) ;
#2493 = ADVANCED_FACE ( 'NONE', ( #4431 ), #4802, .F. ) ;
#2494 =( NAMED_UNIT ( * ) PLANE_ANGLE_UNIT ( ) SI_UNIT ( $, .RADIAN. ) );
#2495 = AXIS2_PLACEMENT_3D ( 'NONE', #2186, #1220, #4296 ) ;
#2496 = SURFACE_STYLE_FILL_AREA ( #3763 ) ;
#2497 = ORIENTED_EDGE ( 'NONE', *, *, #978, .F. ) ;
#2498 =( NAMED_UNIT ( * ) PLANE_ANGLE_UNIT ( ) SI_UNIT ( $, .RADIAN. ) );
#2499 = SURFACE_STYLE_USAGE ( .BOTH. , #2025 ) ;
#2500 = ORIENTED_EDGE ( 'NONE', *, *, #4931, .F. ) ;
#2501 = STYLED_ITEM ( 'NONE', ( #3848 ), #1891 ) ;
#2502 = PRESENTATION_STYLE_ASSIGNMENT (( #4214 ) ) ;
#2503 = DIRECTION ( 'NONE',  ( -0.0000000000000000000, -0.0000000000000000000, -1.000000000000000000 ) ) ;
#2504 = CARTESIAN_POINT ( 'NONE',  ( -2.905000000000000693, -0.9249999999999993783, 0.3810000000000003939 ) ) ;
#2505 = VECTOR ( 'NONE', #3690, 1000.000000000000000 ) ;
#2506 = STYLED_ITEM ( 'NONE', ( #573 ), #3027 ) ;
#2507 = EDGE_LOOP ( 'NONE', ( #2276, #1424, #1157, #996 ) ) ;
#2508 = SURFACE_SIDE_STYLE ('',( #73 ) ) ;
#2509 = SURFACE_SIDE_STYLE ('',( #4770 ) ) ;
#2510 = ORIENTED_EDGE ( 'NONE', *, *, #3518, .T. ) ;
#2511 = FILL_AREA_STYLE_COLOUR ( '', #173 ) ;
#2512 = PRESENTATION_STYLE_ASSIGNMENT (( #5052 ) ) ;
#2513 = VECTOR ( 'NONE', #690, 1000.000000000000000 ) ;
#2514 = UNCERTAINTY_MEASURE_WITH_UNIT (LENGTH_MEASURE( 1.000000000000000082E-05 ), #4365, 'distance_accuracy_value', 'NONE');
#2515 = PRESENTATION_LAYER_ASSIGNMENT (  '', '', ( #1331 ) ) ;
#2516 = FACE_OUTER_BOUND ( 'NONE', #5505, .T. ) ;
#2517 = EDGE_CURVE ( 'NONE', #3058, #3527, #933, .T. ) ;
#2518 = AXIS2_PLACEMENT_3D ( 'NONE', #2052, #3773, #3356 ) ;
#2519 = ORIENTED_EDGE ( 'NONE', *, *, #3537, .F. ) ;
#2520 = FILL_AREA_STYLE ('',( #1451 ) ) ;
#2521 = UNCERTAINTY_MEASURE_WITH_UNIT (LENGTH_MEASURE( 1.000000000000000082E-05 ), #450, 'distance_accuracy_value', 'NONE');
#2522 = VECTOR ( 'NONE', #1417, 1000.000000000000227 ) ;
#2523 = FILL_AREA_STYLE_COLOUR ( '', #2921 ) ;
#2524 = DIRECTION ( 'NONE',  ( 0.1391731009600577773, -0.9902680687415713612, 0.0000000000000000000 ) ) ;
#2525 = SURFACE_SIDE_STYLE ('',( #1611 ) ) ;
#2526 = VERTEX_POINT ( 'NONE', #3198 ) ;
#2527 = STYLED_ITEM ( 'NONE', ( #1569 ), #4026 ) ;
#2528 = VERTEX_POINT ( 'NONE', #4031 ) ;
#2529 = CYLINDRICAL_SURFACE ( 'NONE', #4309, 0.3900000000000001799 ) ;
#2530 = SURFACE_STYLE_USAGE ( .BOTH. , #3794 ) ;
#2531 = FACE_OUTER_BOUND ( 'NONE', #1169, .T. ) ;
#2532 = DIRECTION ( 'NONE',  ( 0.9975640502598241977, -0.06975647374412627388, 0.0000000000000000000 ) ) ;
#2533 = EDGE_CURVE ( 'NONE', #5104, #3791, #995, .T. ) ;
#2534 = DIRECTION ( 'NONE',  ( 0.06975647374412494162, 0.9975640502598243087, 0.0000000000000000000 ) ) ;
#2535 = ORIENTED_EDGE ( 'NONE', *, *, #838, .F. ) ;
#2536 =( NAMED_UNIT ( * ) PLANE_ANGLE_UNIT ( ) SI_UNIT ( $, .RADIAN. ) );
#2537 =( LENGTH_UNIT ( ) NAMED_UNIT ( * ) SI_UNIT ( .MILLI., .METRE. ) );
#2538 = EDGE_CURVE ( 'NONE', #3440, #3791, #2351, .T. ) ;
#2539 = SURFACE_STYLE_USAGE ( .BOTH. , #2654 ) ;
#2540 = VERTEX_POINT ( 'NONE', #4056 ) ;
#2541 = CARTESIAN_POINT ( 'NONE',  ( 2.905000000000000693, -1.314999999999999725, 2.159000000000000252 ) ) ;
#2542 = CARTESIAN_POINT ( 'NONE',  ( 3.564137829662604062, -2.276455224539564171, 0.8890000000000003455 ) ) ;
#2543 = DIRECTION ( 'NONE',  ( -0.0000000000000000000, 1.000000000000000000, 0.0000000000000000000 ) ) ;
#2544 = VECTOR ( 'NONE', #1054, 1000.000000000000114 ) ;
#2545 = VERTEX_POINT ( 'NONE', #197 ) ;
#2546 = SURFACE_STYLE_FILL_AREA ( #5116 ) ;
#2547 = CARTESIAN_POINT ( 'NONE',  ( 2.905000000000000693, -1.104999999999999538, 2.159000000000000252 ) ) ;
#2548 = EDGE_CURVE ( 'NONE', #1576, #5596, #3330, .T. ) ;
#2549 = EDGE_CURVE ( 'NONE', #1036, #1341, #2895, .T. ) ;
#2550 = PRESENTATION_LAYER_ASSIGNMENT (  '', '', ( #5447 ) ) ;
#2551 = CARTESIAN_POINT ( 'NONE',  ( -2.905000000000000693, -0.9249999999999993783, -2.158999999999999808 ) ) ;
#2552 =( GEOMETRIC_REPRESENTATION_CONTEXT ( 3 ) GLOBAL_UNCERTAINTY_ASSIGNED_CONTEXT ( ( #4263 ) ) GLOBAL_UNIT_ASSIGNED_CONTEXT ( ( #1461, #4916, #1921 ) ) REPRESENTATION_CONTEXT ( 'NONE', 'WORKASPACE' ) );
#2553 = STYLED_ITEM ( 'NONE', ( #2682 ), #4958 ) ;
#2554 =( LENGTH_UNIT ( ) NAMED_UNIT ( * ) SI_UNIT ( .MILLI., .METRE. ) );
#2555 = CARTESIAN_POINT ( 'NONE',  ( -3.291204546809214371, -1.260722490625576953, -0.3809999999999997278 ) ) ;
#2556 = ORIENTED_EDGE ( 'NONE', *, *, #1135, .F. ) ;
#2557 = PRESENTATION_STYLE_ASSIGNMENT (( #3844 ) ) ;
#2558 = SURFACE_STYLE_FILL_AREA ( #3407 ) ;
#2559 =( NAMED_UNIT ( * ) SI_UNIT ( $, .STERADIAN. ) SOLID_ANGLE_UNIT ( ) );
#2560 = PRESENTATION_LAYER_ASSIGNMENT (  '', '', ( #3375 ) ) ;
#2561 = DIRECTION ( 'NONE',  ( -0.9975640502598241977, -0.06975647374412627388, 0.0000000000000000000 ) ) ;
#2562 = EDGE_CURVE ( 'NONE', #2675, #757, #1601, .T. ) ;
#2563 = CARTESIAN_POINT ( 'NONE',  ( 2.705000000000000959, -0.9249999999999998224, -2.158999999999999808 ) ) ;
#2564 = ADVANCED_FACE ( 'NONE', ( #222 ), #4550, .T. ) ;
#2565 = VECTOR ( 'NONE', #1506, 1000.000000000000000 ) ;
#2566 = ORIENTED_EDGE ( 'NONE', *, *, #4000, .T. ) ;
#2567 = ORIENTED_EDGE ( 'NONE', *, *, #1523, .T. ) ;
#2568 = LINE ( 'NONE', #4772, #5098 ) ;
#2569 = UNCERTAINTY_MEASURE_WITH_UNIT (LENGTH_MEASURE( 1.000000000000000082E-05 ), #2095, 'distance_accuracy_value', 'NONE');
#2570 = DIRECTION ( 'NONE',  ( -1.000000000000000000, 0.0000000000000000000, 0.0000000000000000000 ) ) ;
#2571 = PRESENTATION_STYLE_ASSIGNMENT (( #846 ) ) ;
#2572 = ORIENTED_EDGE ( 'NONE', *, *, #5323, .F. ) ;
#2573 = CARTESIAN_POINT ( 'NONE',  ( -2.705000000000000959, -0.9249999999999993783, -0.8889999999999995683 ) ) ;
#2574 = UNCERTAINTY_MEASURE_WITH_UNIT (LENGTH_MEASURE( 1.000000000000000082E-05 ), #2697, 'distance_accuracy_value', 'NONE');
#2575 = DIRECTION ( 'NONE',  ( 0.0000000000000000000, 0.0000000000000000000, 1.000000000000000000 ) ) ;
#2576 = MECHANICAL_DESIGN_GEOMETRIC_PRESENTATION_REPRESENTATION (  '', ( #5565 ), #3306 ) ;
#2577 = CARTESIAN_POINT ( 'NONE',  ( 3.112956294435731408, -1.285773648798387292, 0.3810000000000003939 ) ) ;
#2578 = DIRECTION ( 'NONE',  ( -0.1391731009600577773, 0.9902680687415713612, 0.0000000000000000000 ) ) ;
#2579 = ORIENTED_EDGE ( 'NONE', *, *, #5400, .T. ) ;
#2580 =( NAMED_UNIT ( * ) SI_UNIT ( $, .STERADIAN. ) SOLID_ANGLE_UNIT ( ) );
#2581 = STYLED_ITEM ( 'NONE', ( #3327 ), #1403 ) ;
#2582 = VERTEX_POINT ( 'NONE', #1946 ) ;
#2583 = VECTOR ( 'NONE', #214, 1000.000000000000000 ) ;
#2584 = EDGE_CURVE ( 'NONE', #788, #5337, #4170, .T. ) ;
#2585 = CARTESIAN_POINT ( 'NONE',  ( -1.955000000000000959, -0.05000000000000000278, -2.189999999999999503 ) ) ;
#2586 = DIRECTION ( 'NONE',  ( 1.000000000000000000, -0.0000000000000000000, -0.0000000000000000000 ) ) ;
#2587 = EDGE_CURVE ( 'NONE', #1008, #1142, #2059, .T. ) ;
#2588 = ORIENTED_EDGE ( 'NONE', *, *, #954, .T. ) ;
#2589 =( LENGTH_UNIT ( ) NAMED_UNIT ( * ) SI_UNIT ( .MILLI., .METRE. ) );
#2590 = STYLED_ITEM ( 'NONE', ( #2607 ), #2170 ) ;
#2591 = FACE_OUTER_BOUND ( 'NONE', #2312, .T. ) ;
#2592 = DIRECTION ( 'NONE',  ( -0.0000000000000000000, -0.0000000000000000000, -1.000000000000000000 ) ) ;
#2593 = PRESENTATION_LAYER_ASSIGNMENT (  '', '', ( #1425 ) ) ;
#2594 =( GEOMETRIC_REPRESENTATION_CONTEXT ( 3 ) GLOBAL_UNCERTAINTY_ASSIGNED_CONTEXT ( ( #2118 ) ) GLOBAL_UNIT_ASSIGNED_CONTEXT ( ( #3918, #1, #5171 ) ) REPRESENTATION_CONTEXT ( 'NONE', 'WORKASPACE' ) );
#2595 = PLANE ( 'NONE',  #2191 ) ;
#2596 = FILL_AREA_STYLE_COLOUR ( '', #2439 ) ;
#2597 = PRESENTATION_STYLE_ASSIGNMENT (( #817 ) ) ;
#2598 = DIRECTION ( 'NONE',  ( 1.000000000000000000, 0.0000000000000000000, -0.0000000000000000000 ) ) ;
#2599 = ORIENTED_EDGE ( 'NONE', *, *, #4610, .F. ) ;
#2600 = CARTESIAN_POINT ( 'NONE',  ( 3.564137829662604062, -2.276455224539564171, -0.3809999999999997278 ) ) ;
#2601 = PRESENTATION_LAYER_ASSIGNMENT (  '', '', ( #174 ) ) ;
#2602 = SURFACE_STYLE_USAGE ( .BOTH. , #4404 ) ;
#2603 = ADVANCED_FACE ( 'NONE', ( #3699 ), #5024, .F. ) ;
#2604 = SURFACE_STYLE_FILL_AREA ( #1717 ) ;
#2605 = MECHANICAL_DESIGN_GEOMETRIC_PRESENTATION_REPRESENTATION (  '', ( #894 ), #181 ) ;
#2606 = PLANE ( 'NONE',  #2609 ) ;
#2607 = PRESENTATION_STYLE_ASSIGNMENT (( #3403 ) ) ;
#2608 = ORIENTED_EDGE ( 'NONE', *, *, #1294, .T. ) ;
#2609 = AXIS2_PLACEMENT_3D ( 'NONE', #3815, #4237, #3479 ) ;
#2610 = DIRECTION ( 'NONE',  ( -0.0000000000000000000, -0.0000000000000000000, -1.000000000000000000 ) ) ;
#2611 = VERTEX_POINT ( 'NONE', #2427 ) ;
#2612 = LINE ( 'NONE', #3515, #4596 ) ;
#2613 = VECTOR ( 'NONE', #649, 1000.000000000000000 ) ;
#2614 = CYLINDRICAL_SURFACE ( 'NONE', #1422, 0.2100000000000005473 ) ;
#2615 = FACE_OUTER_BOUND ( 'NONE', #4154, .T. ) ;
#2616 = EDGE_CURVE ( 'NONE', #2945, #3177, #509, .T. ) ;
#2617 = VERTEX_POINT ( 'NONE', #810 ) ;
#2618 = ORIENTED_EDGE ( 'NONE', *, *, #4168, .F. ) ;
#2619 = SURFACE_SIDE_STYLE ('',( #2115 ) ) ;
#2620 = FACE_OUTER_BOUND ( 'NONE', #4343, .T. ) ;
#2621 = UNCERTAINTY_MEASURE_WITH_UNIT (LENGTH_MEASURE( 1.000000000000000082E-05 ), #1271, 'distance_accuracy_value', 'NONE');
#2622 = LINE ( 'NONE', #5521, #5535 ) ;
#2623 = ORIENTED_EDGE ( 'NONE', *, *, #1671, .F. ) ;
#2624 = FILL_AREA_STYLE ('',( #1263 ) ) ;
#2625 = SURFACE_STYLE_FILL_AREA ( #5144 ) ;
#2626 = VERTEX_POINT ( 'NONE', #5515 ) ;
#2627 =( NAMED_UNIT ( * ) PLANE_ANGLE_UNIT ( ) SI_UNIT ( $, .RADIAN. ) );
#2628 = DIRECTION ( 'NONE',  ( -0.0000000000000000000, -0.0000000000000000000, -1.000000000000000000 ) ) ;
#2629 = ADVANCED_FACE ( 'NONE', ( #4716 ), #2143, .T. ) ;
#2630 = FILL_AREA_STYLE ('',( #3924 ) ) ;
#2631 = UNCERTAINTY_MEASURE_WITH_UNIT (LENGTH_MEASURE( 1.000000000000000082E-05 ), #3886, 'distance_accuracy_value', 'NONE');
#2632 = STYLED_ITEM ( 'NONE', ( #2978 ), #4289 ) ;
#2633 = CARTESIAN_POINT ( 'NONE',  ( -3.591342854422812980, -1.887405244938233251, 2.159000000000000252 ) ) ;
#2634 = SURFACE_SIDE_STYLE ('',( #3451 ) ) ;
#2635 = ORIENTED_EDGE ( 'NONE', *, *, #5544, .T. ) ;
#2636 = LINE ( 'NONE', #3961, #3821 ) ;
#2637 = DIRECTION ( 'NONE',  ( 0.9975640502598241977, -0.06975647374412627388, 0.0000000000000000000 ) ) ;
#2638 =( NAMED_UNIT ( * ) PLANE_ANGLE_UNIT ( ) SI_UNIT ( $, .RADIAN. ) );
#2639 = VECTOR ( 'NONE', #2610, 1000.000000000000000 ) ;
#2640 = ORIENTED_EDGE ( 'NONE', *, *, #231, .T. ) ;
#2641 = LINE ( 'NONE', #3487, #3163 ) ;
#2642 = EDGE_CURVE ( 'NONE', #5446, #3211, #1204, .T. ) ;
#2643 = LINE ( 'NONE', #2918, #3361 ) ;
#2644 = PRESENTATION_LAYER_ASSIGNMENT (  '', '', ( #4340 ) ) ;
#2645 = DIRECTION ( 'NONE',  ( 1.000000000000000000, -0.0000000000000000000, -0.0000000000000000000 ) ) ;
#2646 = VECTOR ( 'NONE', #4295, 1000.000000000000000 ) ;
#2647 = CARTESIAN_POINT ( 'NONE',  ( 4.196278082636971440, -2.140219235476615633, -1.650999999999999801 ) ) ;
#2648 = COLOUR_RGB ( '',0.9058823529411764719, 0.9019607843137255054, 0.8862745098039215286 ) ;
#2649 = ORIENTED_EDGE ( 'NONE', *, *, #1149, .F. ) ;
#2650 = SURFACE_SIDE_STYLE ('',( #5316 ) ) ;
#2651 = EDGE_CURVE ( 'NONE', #4432, #1008, #2986, .T. ) ;
#2652 = EDGE_CURVE ( 'NONE', #2528, #3514, #5106, .T. ) ;
#2653 = VECTOR ( 'NONE', #2154, 1000.000000000000000 ) ;
#2654 = SURFACE_SIDE_STYLE ('',( #842 ) ) ;
#2655 =( GEOMETRIC_REPRESENTATION_CONTEXT ( 3 ) GLOBAL_UNCERTAINTY_ASSIGNED_CONTEXT ( ( #1488 ) ) GLOBAL_UNIT_ASSIGNED_CONTEXT ( ( #2773, #3174, #2747 ) ) REPRESENTATION_CONTEXT ( 'NONE', 'WORKASPACE' ) );
#2656 = DIRECTION ( 'NONE',  ( -1.000000000000000000, 0.0000000000000000000, 0.0000000000000000000 ) ) ;
#2657 = VERTEX_POINT ( 'NONE', #3420 ) ;
#2658 = MECHANICAL_DESIGN_GEOMETRIC_PRESENTATION_REPRESENTATION (  '', ( #5083 ), #37 ) ;
#2659 = LINE ( 'NONE', #5576, #2137 ) ;
#2660 = FACE_OUTER_BOUND ( 'NONE', #2023, .T. ) ;
#2661 = ADVANCED_FACE ( 'NONE', ( #4695 ), #1735, .F. ) ;
#2662 = VERTEX_POINT ( 'NONE', #4223 ) ;
#2663 = FILL_AREA_STYLE_COLOUR ( '', #4850 ) ;
#2664 = DIRECTION ( 'NONE',  ( -1.000000000000000000, 0.0000000000000000000, 0.0000000000000000000 ) ) ;
#2665 =( NAMED_UNIT ( * ) PLANE_ANGLE_UNIT ( ) SI_UNIT ( $, .RADIAN. ) );
#2666 = AXIS2_PLACEMENT_3D ( 'NONE', #2992, #4671, #764 ) ;
#2667 =( NAMED_UNIT ( * ) SI_UNIT ( $, .STERADIAN. ) SOLID_ANGLE_UNIT ( ) );
#2668 = ADVANCED_FACE ( 'NONE', ( #3059, #1675, #4797, #924, #4881 ), #2197, .T. ) ;
#2669 = DIRECTION ( 'NONE',  ( 0.9902680687415713612, -0.1391731009600577773, 0.0000000000000000000 ) ) ;
#2670 = ORIENTED_EDGE ( 'NONE', *, *, #2377, .F. ) ;
#2671 = EDGE_CURVE ( 'NONE', #2963, #3066, #3523, .T. ) ;
#2672 = LINE ( 'NONE', #2083, #4003 ) ;
#2673 = DIRECTION ( 'NONE',  ( 0.0000000000000000000, 1.000000000000000000, 0.0000000000000000000 ) ) ;
#2674 = CARTESIAN_POINT ( 'NONE',  ( -3.591342854422812980, -1.887405244938233251, -1.650999999999999801 ) ) ;
#2675 = VERTEX_POINT ( 'NONE', #1767 ) ;
#2676 = VECTOR ( 'NONE', #2592, 1000.000000000000000 ) ;
#2677 = CARTESIAN_POINT ( 'NONE',  ( -3.112956294435731408, -1.285773648798387292, 0.8890000000000003455 ) ) ;
#2678 =( LENGTH_UNIT ( ) NAMED_UNIT ( * ) SI_UNIT ( .MILLI., .METRE. ) );
#2679 = FACE_OUTER_BOUND ( 'NONE', #643, .T. ) ;
#2680 = DIRECTION ( 'NONE',  ( -0.1391731009600577773, -0.9902680687415713612, 0.0000000000000000000 ) ) ;
#2681 = VECTOR ( 'NONE', #920, 1000.000000000000000 ) ;
#2682 = PRESENTATION_STYLE_ASSIGNMENT (( #107 ) ) ;
#2683 = MECHANICAL_DESIGN_GEOMETRIC_PRESENTATION_REPRESENTATION (  '', ( #2581 ), #1406 ) ;
#2684 = ORIENTED_EDGE ( 'NONE', *, *, #2328, .F. ) ;
#2685 = SURFACE_SIDE_STYLE ('',( #84 ) ) ;
#2686 = VECTOR ( 'NONE', #4569, 1000.000000000000000 ) ;
#2687 = SURFACE_STYLE_USAGE ( .BOTH. , #1887 ) ;
#2688 = UNCERTAINTY_MEASURE_WITH_UNIT (LENGTH_MEASURE( 1.000000000000000082E-05 ), #899, 'distance_accuracy_value', 'NONE');
#2689 = CARTESIAN_POINT ( 'NONE',  ( -4.196278082636971440, -2.140219235476615633, 2.159000000000000252 ) ) ;
#2690 =( GEOMETRIC_REPRESENTATION_CONTEXT ( 3 ) GLOBAL_UNCERTAINTY_ASSIGNED_CONTEXT ( ( #364 ) ) GLOBAL_UNIT_ASSIGNED_CONTEXT ( ( #2906, #1633, #5042 ) ) REPRESENTATION_CONTEXT ( 'NONE', 'WORKASPACE' ) );
#2691 = VERTEX_POINT ( 'NONE', #169 ) ;
#2692 =( NAMED_UNIT ( * ) SI_UNIT ( $, .STERADIAN. ) SOLID_ANGLE_UNIT ( ) );
#2693 = CARTESIAN_POINT ( 'NONE',  ( -3.205138307613600634, -1.941682754312656023, 2.159000000000000252 ) ) ;
#2694 = FILL_AREA_STYLE_COLOUR ( '', #2793 ) ;
#2695 = ORIENTED_EDGE ( 'NONE', *, *, #2805, .T. ) ;
#2696 = CARTESIAN_POINT ( 'NONE',  ( -3.291204546809214371, -1.260722490625576953, 0.8890000000000003455 ) ) ;
#2697 =( LENGTH_UNIT ( ) NAMED_UNIT ( * ) SI_UNIT ( .MILLI., .METRE. ) );
#2698 = UNCERTAINTY_MEASURE_WITH_UNIT (LENGTH_MEASURE( 1.000000000000000082E-05 ), #5485, 'distance_accuracy_value', 'NONE');
#2699 = AXIS2_PLACEMENT_3D ( 'NONE', #4787, #1752, #1352 ) ;
#2700 = LINE ( 'NONE', #4463, #2544 ) ;
#2701 = ADVANCED_FACE ( 'NONE', ( #3193 ), #3995, .F. ) ;
#2702 = DIRECTION ( 'NONE',  ( -0.0000000000000000000, -0.0000000000000000000, -1.000000000000000000 ) ) ;
#2703 = MECHANICAL_DESIGN_GEOMETRIC_PRESENTATION_REPRESENTATION (  '', ( #1969 ), #523 ) ;
#2704 = ORIENTED_EDGE ( 'NONE', *, *, #4419, .T. ) ;
#2705 = CARTESIAN_POINT ( 'NONE',  ( -3.564137829662604062, -2.276455224539564171, 0.3810000000000003939 ) ) ;
#2706 = DIRECTION ( 'NONE',  ( -0.0000000000000000000, -0.0000000000000000000, -1.000000000000000000 ) ) ;
#2707 = CARTESIAN_POINT ( 'NONE',  ( 3.591342854422812980, -1.887405244938233251, -0.3809999999999997278 ) ) ;
#2708 =( GEOMETRIC_REPRESENTATION_CONTEXT ( 3 ) GLOBAL_UNCERTAINTY_ASSIGNED_CONTEXT ( ( #2688 ) ) GLOBAL_UNIT_ASSIGNED_CONTEXT ( ( #899, #1737, #3422 ) ) REPRESENTATION_CONTEXT ( 'NONE', 'WORKASPACE' ) );
#2709 = ORIENTED_EDGE ( 'NONE', *, *, #640, .T. ) ;
#2710 = MECHANICAL_DESIGN_GEOMETRIC_PRESENTATION_REPRESENTATION (  '', ( #1331 ), #5410 ) ;
#2711 =( NAMED_UNIT ( * ) SI_UNIT ( $, .STERADIAN. ) SOLID_ANGLE_UNIT ( ) );
#2712 = SURFACE_SIDE_STYLE ('',( #983 ) ) ;
#2713 = FILL_AREA_STYLE_COLOUR ( '', #4535 ) ;
#2714 = PLANE ( 'NONE',  #863 ) ;
#2715 = VECTOR ( 'NONE', #4472, 1000.000000000000000 ) ;
#2716 = ORIENTED_EDGE ( 'NONE', *, *, #139, .F. ) ;
#2717 = EDGE_CURVE ( 'NONE', #4415, #9, #5225, .T. ) ;
#2718 =( NAMED_UNIT ( * ) SI_UNIT ( $, .STERADIAN. ) SOLID_ANGLE_UNIT ( ) );
#2719 = FILL_AREA_STYLE ('',( #1016 ) ) ;
#2720 = VERTEX_POINT ( 'NONE', #3116 ) ;
#2721 = DIRECTION ( 'NONE',  ( 0.0000000000000000000, -0.2588190451025179084, -0.9659258262890690894 ) ) ;
#2722 = CARTESIAN_POINT ( 'NONE',  ( 3.383386559987083597, -1.916631596139845684, -1.650999999999999801 ) ) ;
#2723 = EDGE_CURVE ( 'NONE', #1881, #5374, #4822, .T. ) ;
#2724 = EDGE_LOOP ( 'NONE', ( #3558, #1130, #3389, #2635 ) ) ;
#2725 = CARTESIAN_POINT ( 'NONE',  ( 2.705000000000000959, -2.029999999999999805, -2.689999999999999503 ) ) ;
#2726 = SURFACE_SIDE_STYLE ('',( #1866 ) ) ;
#2727 = PRESENTATION_STYLE_ASSIGNMENT (( #3505 ) ) ;
#2728 = CARTESIAN_POINT ( 'NONE',  ( -2.367234344814621139, -2.440558586203630309, 2.352234344814620570 ) ) ;
#2729 = LINE ( 'NONE', #3598, #698 ) ;
#2730 = ORIENTED_EDGE ( 'NONE', *, *, #2825, .T. ) ;
#2731 = DIRECTION ( 'NONE',  ( -0.06975647374412494162, 0.9975640502598243087, 0.0000000000000000000 ) ) ;
#2732 = EDGE_CURVE ( 'NONE', #5282, #514, #4851, .T. ) ;
#2733 = EDGE_CURVE ( 'NONE', #2540, #4440, #4423, .T. ) ;
#2734 = SURFACE_SIDE_STYLE ('',( #1875 ) ) ;
#2735 = DIRECTION ( 'NONE',  ( 0.9902680687415713612, -0.1391731009600577773, 0.0000000000000000000 ) ) ;
#2736 = ORIENTED_EDGE ( 'NONE', *, *, #4469, .F. ) ;
#2737 = PLANE ( 'NONE',  #1335 ) ;
#2738 = PRESENTATION_STYLE_ASSIGNMENT (( #4044 ) ) ;
#2739 = ORIENTED_EDGE ( 'NONE', *, *, #947, .F. ) ;
#2740 = FILL_AREA_STYLE_COLOUR ( '', #2247 ) ;
#2741 = MECHANICAL_DESIGN_GEOMETRIC_PRESENTATION_REPRESENTATION (  '', ( #1185 ), #648 ) ;
#2742 = CARTESIAN_POINT ( 'NONE',  ( 3.291204546809214371, -1.260722490625576953, 2.159000000000000252 ) ) ;
#2743 = DIRECTION ( 'NONE',  ( -0.0000000000000000000, 1.000000000000000000, 0.0000000000000000000 ) ) ;
#2744 = AXIS2_PLACEMENT_3D ( 'NONE', #4486, #1127, #2893 ) ;
#2745 = EDGE_CURVE ( 'NONE', #2763, #346, #1968, .T. ) ;
#2746 = SURFACE_STYLE_FILL_AREA ( #3612 ) ;
#2747 =( NAMED_UNIT ( * ) SI_UNIT ( $, .STERADIAN. ) SOLID_ANGLE_UNIT ( ) );
#2748 =( GEOMETRIC_REPRESENTATION_CONTEXT ( 3 ) GLOBAL_UNCERTAINTY_ASSIGNED_CONTEXT ( ( #4425 ) ) GLOBAL_UNIT_ASSIGNED_CONTEXT ( ( #10, #1723, #5302 ) ) REPRESENTATION_CONTEXT ( 'NONE', 'WORKASPACE' ) );
#2749 = UNCERTAINTY_MEASURE_WITH_UNIT (LENGTH_MEASURE( 1.000000000000000082E-05 ), #161, 'distance_accuracy_value', 'NONE');
#2750 = DIRECTION ( 'NONE',  ( 0.0000000000000000000, -0.2588190451025179084, -0.9659258262890690894 ) ) ;
#2751 = VERTEX_POINT ( 'NONE', #2344 ) ;
#2752 = DIRECTION ( 'NONE',  ( 1.000000000000000000, 0.0000000000000000000, 0.0000000000000000000 ) ) ;
#2753 = STYLED_ITEM ( 'NONE', ( #3620 ), #5600 ) ;
#2754 = FILL_AREA_STYLE ('',( #2694 ) ) ;
#2755 = ORIENTED_EDGE ( 'NONE', *, *, #781, .T. ) ;
#2756 = CARTESIAN_POINT ( 'NONE',  ( 3.112956294435731408, -1.285773648798387292, -2.158999999999999808 ) ) ;
#2757 = FACE_OUTER_BOUND ( 'NONE', #3982, .T. ) ;
#2758 = LINE ( 'NONE', #4464, #3516 ) ;
#2759 = DIRECTION ( 'NONE',  ( 0.0000000000000000000, 1.000000000000000000, 0.0000000000000000000 ) ) ;
#2760 = ORIENTED_EDGE ( 'NONE', *, *, #893, .F. ) ;
#2761 = STYLED_ITEM ( 'NONE', ( #5579 ), #590 ) ;
#2762 = DIRECTION ( 'NONE',  ( -0.0000000000000000000, -0.0000000000000000000, -1.000000000000000000 ) ) ;
#2763 = VERTEX_POINT ( 'NONE', #5423 ) ;
#2764 = MECHANICAL_DESIGN_GEOMETRIC_PRESENTATION_REPRESENTATION (  '', ( #2856 ), #1656 ) ;
#2765 = CARTESIAN_POINT ( 'NONE',  ( 3.591342854422812980, -1.887405244938233251, 0.8890000000000003455 ) ) ;
#2766 = LINE ( 'NONE', #4101, #1182 ) ;
#2767 = ORIENTED_EDGE ( 'NONE', *, *, #2880, .F. ) ;
#2768 = CARTESIAN_POINT ( 'NONE',  ( 2.905000000000000693, -1.104999999999999538, 0.8890000000000003455 ) ) ;
#2769 = FILL_AREA_STYLE_COLOUR ( '', #2129 ) ;
#2770 =( GEOMETRIC_REPRESENTATION_CONTEXT ( 3 ) GLOBAL_UNCERTAINTY_ASSIGNED_CONTEXT ( ( #5000 ) ) GLOBAL_UNIT_ASSIGNED_CONTEXT ( ( #3833, #901, #5227 ) ) REPRESENTATION_CONTEXT ( 'NONE', 'WORKASPACE' ) );
#2771 = ADVANCED_FACE ( 'NONE', ( #4963 ), #726, .F. ) ;
#2772 = CARTESIAN_POINT ( 'NONE',  ( 3.591342854422812980, -1.887405244938233251, -2.158999999999999808 ) ) ;
#2773 =( LENGTH_UNIT ( ) NAMED_UNIT ( * ) SI_UNIT ( .MILLI., .METRE. ) );
#2774 = FILL_AREA_STYLE_COLOUR ( '', #314 ) ;
#2775 = STYLED_ITEM ( 'NONE', ( #2161 ), #1418 ) ;
#2776 = ORIENTED_EDGE ( 'NONE', *, *, #295, .F. ) ;
#2777 = SURFACE_STYLE_USAGE ( .BOTH. , #1535 ) ;
#2778 = DIRECTION ( 'NONE',  ( -0.06975647374412492774, -0.9975640502598243087, 0.0000000000000000000 ) ) ;
#2779 = MECHANICAL_DESIGN_GEOMETRIC_PRESENTATION_REPRESENTATION (  '', ( #1146 ), #1496 ) ;
#2780 = ORIENTED_EDGE ( 'NONE', *, *, #3816, .T. ) ;
#2781 = DIRECTION ( 'NONE',  ( 0.06975647374412627388, -0.9975640502598241977, 0.0000000000000000000 ) ) ;
#2782 = SURFACE_STYLE_FILL_AREA ( #1413 ) ;
#2783 = VECTOR ( 'NONE', #5156, 1000.000000000000000 ) ;
#2784 =( LENGTH_UNIT ( ) NAMED_UNIT ( * ) SI_UNIT ( .MILLI., .METRE. ) );
#2785 =( NAMED_UNIT ( * ) PLANE_ANGLE_UNIT ( ) SI_UNIT ( $, .RADIAN. ) );
#2786 = DIRECTION ( 'NONE',  ( 0.9902680687415713612, -0.1391731009600577773, 0.0000000000000000000 ) ) ;
#2787 = ORIENTED_EDGE ( 'NONE', *, *, #5009, .F. ) ;
#2788 = EDGE_CURVE ( 'NONE', #757, #3696, #293, .T. ) ;
#2789 = VECTOR ( 'NONE', #5150, 1000.000000000000000 ) ;
#2790 = SURFACE_STYLE_FILL_AREA ( #4528 ) ;
#2791 = ORIENTED_EDGE ( 'NONE', *, *, #4406, .T. ) ;
#2792 =( GEOMETRIC_REPRESENTATION_CONTEXT ( 3 ) GLOBAL_UNCERTAINTY_ASSIGNED_CONTEXT ( ( #869 ) ) GLOBAL_UNIT_ASSIGNED_CONTEXT ( ( #395, #3866, #820 ) ) REPRESENTATION_CONTEXT ( 'NONE', 'WORKASPACE' ) );
#2793 = COLOUR_RGB ( '',0.9058823529411764719, 0.9019607843137255054, 0.8862745098039215286 ) ;
#2794 = SURFACE_STYLE_FILL_AREA ( #980 ) ;
#2795 = CARTESIAN_POINT ( 'NONE',  ( -4.196278082636971440, -2.140219235476615633, -1.650999999999999801 ) ) ;
#2796 = ORIENTED_EDGE ( 'NONE', *, *, #1832, .F. ) ;
#2797 = MECHANICAL_DESIGN_GEOMETRIC_PRESENTATION_REPRESENTATION (  '', ( #3333 ), #889 ) ;
#2798 = SURFACE_SIDE_STYLE ('',( #1067 ) ) ;
#2799 = AXIS2_PLACEMENT_3D ( 'NONE', #3781, #839, #1259 ) ;
#2800 = PRESENTATION_LAYER_ASSIGNMENT (  '', '', ( #527 ) ) ;
#2801 = DIRECTION ( 'NONE',  ( -0.9975640502598243087, -0.06975647374412492774, 0.0000000000000000000 ) ) ;
#2802 = PLANE ( 'NONE',  #2026 ) ;
#2803 = SURFACE_STYLE_USAGE ( .BOTH. , #1912 ) ;
#2804 = EDGE_CURVE ( 'NONE', #5290, #4415, #4138, .T. ) ;
#2805 = EDGE_CURVE ( 'NONE', #2229, #5275, #1587, .T. ) ;
#2806 = MECHANICAL_DESIGN_GEOMETRIC_PRESENTATION_REPRESENTATION (  '', ( #5330 ), #352 ) ;
#2807 = SURFACE_STYLE_FILL_AREA ( #1076 ) ;
#2808 = ORIENTED_EDGE ( 'NONE', *, *, #4478, .T. ) ;
#2809 = FILL_AREA_STYLE_COLOUR ( '', #2861 ) ;
#2810 = ORIENTED_EDGE ( 'NONE', *, *, #2944, .T. ) ;
#2811 = CARTESIAN_POINT ( 'NONE',  ( -3.564137829662604062, -2.276455224539564171, 0.8890000000000003455 ) ) ;
#2812 = CARTESIAN_POINT ( 'NONE',  ( -2.905000000000000693, -1.314999999999999725, -1.650999999999999801 ) ) ;
#2813 = PLANE ( 'NONE',  #4720 ) ;
#2814 = UNCERTAINTY_MEASURE_WITH_UNIT (LENGTH_MEASURE( 1.000000000000000082E-05 ), #4468, 'distance_accuracy_value', 'NONE');
#2815 = LINE ( 'NONE', #2038, #4803 ) ;
#2816 = DIRECTION ( 'NONE',  ( 1.000000000000000000, 0.0000000000000000000, 0.0000000000000000000 ) ) ;
#2817 = CARTESIAN_POINT ( 'NONE',  ( 3.576693994936546606, -2.096893695492795917, -1.650999999999999801 ) ) ;
#2818 = VERTEX_POINT ( 'NONE', #1997 ) ;
#2819 = DIRECTION ( 'NONE',  ( 0.0000000000000000000, 0.0000000000000000000, 1.000000000000000000 ) ) ;
#2820 = ADVANCED_FACE ( 'NONE', ( #607 ), #215, .T. ) ;
#2821 = ORIENTED_EDGE ( 'NONE', *, *, #1644, .F. ) ;
#2822 = DIRECTION ( 'NONE',  ( -0.0000000000000000000, -0.0000000000000000000, -1.000000000000000000 ) ) ;
#2823 = ORIENTED_EDGE ( 'NONE', *, *, #1750, .F. ) ;
#2824 = AXIS2_PLACEMENT_3D ( 'NONE', #5208, #2128, #1749 ) ;
#2825 = EDGE_CURVE ( 'NONE', #3140, #1684, #1938, .T. ) ;
#2826 = COLOUR_RGB ( '',0.9058823529411764719, 0.9019607843137255054, 0.8862745098039215286 ) ;
#2827 = CARTESIAN_POINT ( 'NONE',  ( 3.112956294435731408, -1.285773648798387292, 0.3810000000000003939 ) ) ;
#2828 = DIRECTION ( 'NONE',  ( -1.000000000000000000, 0.0000000000000000000, 0.0000000000000000000 ) ) ;
#2829 = DIRECTION ( 'NONE',  ( 0.0000000000000000000, -0.9659258262890690894, -0.2588190451025179084 ) ) ;
#2830 =( GEOMETRIC_REPRESENTATION_CONTEXT ( 3 ) GLOBAL_UNCERTAINTY_ASSIGNED_CONTEXT ( ( #3195 ) ) GLOBAL_UNIT_ASSIGNED_CONTEXT ( ( #5321, #1101, #5426 ) ) REPRESENTATION_CONTEXT ( 'NONE', 'WORKASPACE' ) );
#2831 = PRODUCT_DEFINITION_FORMATION_WITH_SPECIFIED_SOURCE ( 'ANY', '', #4547, .NOT_KNOWN. ) ;
#2832 = DIRECTION ( 'NONE',  ( 0.06975647374412492774, -0.9975640502598243087, 0.0000000000000000000 ) ) ;
#2833 = ORIENTED_EDGE ( 'NONE', *, *, #4379, .T. ) ;
#2834 = EDGE_CURVE ( 'NONE', #1612, #2401, #3846, .T. ) ;
#2835 = VECTOR ( 'NONE', #4001, 1000.000000000000114 ) ;
#2836 = ORIENTED_EDGE ( 'NONE', *, *, #3963, .T. ) ;
#2837 = CARTESIAN_POINT ( 'NONE',  ( 3.564137829662604062, -2.276455224539564171, -0.3809999999999997278 ) ) ;
#2838 = AXIS2_PLACEMENT_3D ( 'NONE', #3677, #1114, #5524 ) ;
#2839 = LINE ( 'NONE', #4460, #4277 ) ;
#2840 = SURFACE_STYLE_FILL_AREA ( #1981 ) ;
#2841 = SURFACE_STYLE_USAGE ( .BOTH. , #1134 ) ;
#2842 = DIRECTION ( 'NONE',  ( -0.0000000000000000000, -0.0000000000000000000, -1.000000000000000000 ) ) ;
#2843 = ADVANCED_FACE ( 'NONE', ( #4654 ), #3795, .T. ) ;
#2844 = FILL_AREA_STYLE_COLOUR ( '', #1431 ) ;
#2845 = ORIENTED_EDGE ( 'NONE', *, *, #5048, .T. ) ;
#2846 = FACE_OUTER_BOUND ( 'NONE', #662, .T. ) ;
#2847 = CARTESIAN_POINT ( 'NONE',  ( 2.705000000000000959, -0.9249999999999998224, 0.8890000000000003455 ) ) ;
#2848 = CIRCLE ( 'NONE', #3999, 0.2099999999999992428 ) ;
#2849 = ORIENTED_EDGE ( 'NONE', *, *, #3214, .F. ) ;
#2850 = EDGE_CURVE ( 'NONE', #1388, #1347, #3825, .T. ) ;
#2851 = CYLINDRICAL_SURFACE ( 'NONE', #2160, 0.3899999999999997358 ) ;
#2852 = COLOUR_RGB ( '',0.9058823529411764719, 0.9019607843137255054, 0.8862745098039215286 ) ;
#2853 = EDGE_LOOP ( 'NONE', ( #2704, #3808, #917, #5067 ) ) ;
#2854 = PRESENTATION_STYLE_ASSIGNMENT (( #5503 ) ) ;
#2855 =( NAMED_UNIT ( * ) SI_UNIT ( $, .STERADIAN. ) SOLID_ANGLE_UNIT ( ) );
#2856 = STYLED_ITEM ( 'NONE', ( #3923 ), #729 ) ;
#2857 = LINE ( 'NONE', #5476, #3075 ) ;
#2858 = CARTESIAN_POINT ( 'NONE',  ( 3.383386559987083597, -1.916631596139845684, 2.159000000000000252 ) ) ;
#2859 = MECHANICAL_DESIGN_GEOMETRIC_PRESENTATION_REPRESENTATION (  '', ( #1854 ), #2770 ) ;
#2860 = LINE ( 'NONE', #5453, #3818 ) ;
#2861 = COLOUR_RGB ( '',0.9058823529411764719, 0.9019607843137255054, 0.8862745098039215286 ) ;
#2862 = UNCERTAINTY_MEASURE_WITH_UNIT (LENGTH_MEASURE( 1.000000000000000082E-05 ), #1190, 'distance_accuracy_value', 'NONE');
#2863 = VECTOR ( 'NONE', #2226, 1000.000000000000000 ) ;
#2864 = SURFACE_STYLE_USAGE ( .BOTH. , #2001 ) ;
#2865 = ORIENTED_EDGE ( 'NONE', *, *, #5420, .T. ) ;
#2866 = DIRECTION ( 'NONE',  ( -0.0000000000000000000, 1.000000000000000000, 0.0000000000000000000 ) ) ;
#2867 = ORIENTED_EDGE ( 'NONE', *, *, #4764, .T. ) ;
#2868 = PRESENTATION_STYLE_ASSIGNMENT (( #4631 ) ) ;
#2869 = STYLED_ITEM ( 'NONE', ( #799 ), #1477 ) ;
#2870 = CARTESIAN_POINT ( 'NONE',  ( 3.591342854422812980, -1.887405244938233251, 2.159000000000000252 ) ) ;
#2871 = DIRECTION ( 'NONE',  ( -1.000000000000000000, 0.0000000000000000000, -0.0000000000000000000 ) ) ;
#2872 = UNCERTAINTY_MEASURE_WITH_UNIT (LENGTH_MEASURE( 1.000000000000000082E-05 ), #4625, 'distance_accuracy_value', 'NONE');
#2873 = DIRECTION ( 'NONE',  ( 0.06975647374412627388, 0.9975640502598241977, -0.0000000000000000000 ) ) ;
#2874 = AXIS2_PLACEMENT_3D ( 'NONE', #5241, #3513, #945 ) ;
#2875 = PRESENTATION_STYLE_ASSIGNMENT (( #3757 ) ) ;
#2876 = CARTESIAN_POINT ( 'NONE',  ( 3.564137829662604062, -2.276455224539564171, -0.8889999999999996794 ) ) ;
#2877 = EDGE_LOOP ( 'NONE', ( #394, #2948, #702, #1944 ) ) ;
#2878 = FILL_AREA_STYLE ('',( #4155 ) ) ;
#2879 = PRESENTATION_STYLE_ASSIGNMENT (( #3736 ) ) ;
#2880 = EDGE_CURVE ( 'NONE', #2373, #346, #438, .T. ) ;
#2881 = VERTEX_POINT ( 'NONE', #4688 ) ;
#2882 =( GEOMETRIC_REPRESENTATION_CONTEXT ( 3 ) GLOBAL_UNCERTAINTY_ASSIGNED_CONTEXT ( ( #814 ) ) GLOBAL_UNIT_ASSIGNED_CONTEXT ( ( #407, #5157, #3459 ) ) REPRESENTATION_CONTEXT ( 'NONE', 'WORKASPACE' ) );
#2883 = MECHANICAL_DESIGN_GEOMETRIC_PRESENTATION_REPRESENTATION (  '', ( #71 ), #2416 ) ;
#2884 = ORIENTED_EDGE ( 'NONE', *, *, #3650, .T. ) ;
#2885 = FILL_AREA_STYLE ('',( #3684 ) ) ;
#2886 = MECHANICAL_DESIGN_GEOMETRIC_PRESENTATION_REPRESENTATION (  '', ( #339 ), #430 ) ;
#2887 =( LENGTH_UNIT ( ) NAMED_UNIT ( * ) SI_UNIT ( .MILLI., .METRE. ) );
#2888 = CARTESIAN_POINT ( 'NONE',  ( -3.576693994936546606, -2.096893695492795917, -1.650999999999999801 ) ) ;
#2889 = PRESENTATION_LAYER_ASSIGNMENT (  '', '', ( #3955 ) ) ;
#2890 = CARTESIAN_POINT ( 'NONE',  ( -4.183721917363029341, -2.319780764523383887, -0.3809999999999997278 ) ) ;
#2891 = DIRECTION ( 'NONE',  ( 0.0000000000000000000, 1.000000000000000000, 0.0000000000000000000 ) ) ;
#2892 = FACE_OUTER_BOUND ( 'NONE', #2, .T. ) ;
#2893 = DIRECTION ( 'NONE',  ( 0.2588190451025179084, -0.9659258262890690894, 0.0000000000000000000 ) ) ;
#2894 = EDGE_LOOP ( 'NONE', ( #4832, #3623, #1448, #4322 ) ) ;
#2895 = LINE ( 'NONE', #4969, #2341 ) ;
#2896 = ORIENTED_EDGE ( 'NONE', *, *, #3894, .F. ) ;
#2897 = STYLED_ITEM ( 'NONE', ( #3271 ), #3688 ) ;
#2898 =( NAMED_UNIT ( * ) SI_UNIT ( $, .STERADIAN. ) SOLID_ANGLE_UNIT ( ) );
#2899 = PRESENTATION_STYLE_ASSIGNMENT (( #5463 ) ) ;
#2900 = EDGE_CURVE ( 'NONE', #1705, #2617, #1646, .T. ) ;
#2901 = DIRECTION ( 'NONE',  ( 0.0000000000000000000, -1.000000000000000000, 0.0000000000000000000 ) ) ;
#2902 = ORIENTED_EDGE ( 'NONE', *, *, #1530, .F. ) ;
#2903 = PLANE ( 'NONE',  #1561 ) ;
#2904 = CARTESIAN_POINT ( 'NONE',  ( -3.205138307613600634, -1.941682754312656023, 0.3810000000000003939 ) ) ;
#2905 = CARTESIAN_POINT ( 'NONE',  ( 3.591342854422812980, -1.887405244938233251, 0.3810000000000003939 ) ) ;
#2906 =( LENGTH_UNIT ( ) NAMED_UNIT ( * ) SI_UNIT ( .MILLI., .METRE. ) );
#2907 = ADVANCED_FACE ( 'NONE', ( #2531 ), #5533, .F. ) ;
#2908 = ORIENTED_EDGE ( 'NONE', *, *, #768, .T. ) ;
#2909 = DIRECTION ( 'NONE',  ( -0.06975647374412492774, -0.9975640502598243087, 0.0000000000000000000 ) ) ;
#2910 = CARTESIAN_POINT ( 'NONE',  ( 3.564137829662604062, -2.276455224539564171, 0.8890000000000003455 ) ) ;
#2911 = FILL_AREA_STYLE_COLOUR ( '', #2144 ) ;
#2912 =( NAMED_UNIT ( * ) PLANE_ANGLE_UNIT ( ) SI_UNIT ( $, .RADIAN. ) );
#2913 = CARTESIAN_POINT ( 'NONE',  ( 3.591342854422812980, -1.887405244938233251, 0.8890000000000003455 ) ) ;
#2914 = SURFACE_STYLE_FILL_AREA ( #4543 ) ;
#2915 = VECTOR ( 'NONE', #3606, 1000.000000000000000 ) ;
#2916 = EDGE_CURVE ( 'NONE', #2016, #4681, #1872, .T. ) ;
#2917 = ORIENTED_EDGE ( 'NONE', *, *, #1441, .F. ) ;
#2918 = CARTESIAN_POINT ( 'NONE',  ( -2.705000000000000959, -0.9249999999999998224, 0.8890000000000003455 ) ) ;
#2919 = ORIENTED_EDGE ( 'NONE', *, *, #1170, .T. ) ;
#2920 = SURFACE_STYLE_USAGE ( .BOTH. , #5517 ) ;
#2921 = COLOUR_RGB ( '',0.5019607843137254832, 0.5019607843137254832, 0.5019607843137254832 ) ;
#2922 = CARTESIAN_POINT ( 'NONE',  ( -2.705000000000000959, -1.104999999999999760, 0.3810000000000003939 ) ) ;
#2923 = UNCERTAINTY_MEASURE_WITH_UNIT (LENGTH_MEASURE( 1.000000000000000082E-05 ), #4724, 'distance_accuracy_value', 'NONE');
#2924 = CARTESIAN_POINT ( 'NONE',  ( -2.905000000000000693, -1.104999999999999538, -2.158999999999999808 ) ) ;
#2925 = VECTOR ( 'NONE', #3499, 1000.000000000000000 ) ;
#2926 = DIRECTION ( 'NONE',  ( -0.0000000000000000000, -0.0000000000000000000, -1.000000000000000000 ) ) ;
#2927 = CIRCLE ( 'NONE', #2014, 0.2099999999999992428 ) ;
#2928 = LINE ( 'NONE', #2876, #4125 ) ;
#2929 = ORIENTED_EDGE ( 'NONE', *, *, #5444, .T. ) ;
#2930 = PLANE ( 'NONE',  #3903 ) ;
#2931 = MECHANICAL_DESIGN_GEOMETRIC_PRESENTATION_REPRESENTATION (  '', ( #748 ), #1115 ) ;
#2932 = CARTESIAN_POINT ( 'NONE',  ( 3.591342854422812980, -1.887405244938233251, 0.8890000000000003455 ) ) ;
#2933 = ORIENTED_EDGE ( 'NONE', *, *, #823, .F. ) ;
#2934 = PRESENTATION_LAYER_ASSIGNMENT (  '', '', ( #128 ) ) ;
#2935 = DIRECTION ( 'NONE',  ( 0.0000000000000000000, -1.000000000000000000, 0.0000000000000000000 ) ) ;
#2936 = SURFACE_STYLE_USAGE ( .BOTH. , #4134 ) ;
#2937 = ORIENTED_EDGE ( 'NONE', *, *, #4732, .T. ) ;
#2938 = COLOUR_RGB ( '',0.9058823529411764719, 0.9019607843137255054, 0.8862745098039215286 ) ;
#2939 = LINE ( 'NONE', #5045, #5327 ) ;
#2940 = SURFACE_STYLE_FILL_AREA ( #1225 ) ;
#2941 = CARTESIAN_POINT ( 'NONE',  ( -3.291204546809214371, -1.260722490625576953, -0.3809999999999997278 ) ) ;
#2942 =( NAMED_UNIT ( * ) SI_UNIT ( $, .STERADIAN. ) SOLID_ANGLE_UNIT ( ) );
#2943 = STYLED_ITEM ( 'NONE', ( #1445 ), #554 ) ;
#2944 = EDGE_CURVE ( 'NONE', #492, #2414, #919, .T. ) ;
#2945 = VERTEX_POINT ( 'NONE', #1822 ) ;
#2946 = MECHANICAL_DESIGN_GEOMETRIC_PRESENTATION_REPRESENTATION (  '', ( #5556 ), #225 ) ;
#2947 = CARTESIAN_POINT ( 'NONE',  ( 3.591342854422812980, -1.887405244938233251, 2.159000000000000252 ) ) ;
#2948 = ORIENTED_EDGE ( 'NONE', *, *, #1466, .F. ) ;
#2949 =( NAMED_UNIT ( * ) SI_UNIT ( $, .STERADIAN. ) SOLID_ANGLE_UNIT ( ) );
#2950 = FILL_AREA_STYLE_COLOUR ( '', #4919 ) ;
#2951 = STYLED_ITEM ( 'NONE', ( #926 ), #881 ) ;
#2952 =( LENGTH_UNIT ( ) NAMED_UNIT ( * ) SI_UNIT ( .MILLI., .METRE. ) );
#2953 =( NAMED_UNIT ( * ) SI_UNIT ( $, .STERADIAN. ) SOLID_ANGLE_UNIT ( ) );
#2954 = AXIS2_PLACEMENT_3D ( 'NONE', #728, #1152, #2829 ) ;
#2955 = ORIENTED_EDGE ( 'NONE', *, *, #1858, .F. ) ;
#2956 = CARTESIAN_POINT ( 'NONE',  ( 2.153776495812703473, 1.207194123953162945, -2.138776495812702905 ) ) ;
#2957 =( NAMED_UNIT ( * ) SI_UNIT ( $, .STERADIAN. ) SOLID_ANGLE_UNIT ( ) );
#2958 = SURFACE_STYLE_USAGE ( .BOTH. , #426 ) ;
#2959 = PRESENTATION_LAYER_ASSIGNMENT (  '', '', ( #1577 ) ) ;
#2960 = DIRECTION ( 'NONE',  ( 0.1391731009600577773, -0.9902680687415713612, 0.0000000000000000000 ) ) ;
#2961 = DIRECTION ( 'NONE',  ( 0.9975640502598241977, -0.06975647374412627388, 0.0000000000000000000 ) ) ;
#2962 = EDGE_CURVE ( 'NONE', #5480, #5160, #1360, .T. ) ;
#2963 = VERTEX_POINT ( 'NONE', #1853 ) ;
#2964 = VECTOR ( 'NONE', #3836, 1000.000000000000000 ) ;
#2965 = LINE ( 'NONE', #455, #205 ) ;
#2966 = SURFACE_STYLE_USAGE ( .BOTH. , #3380 ) ;
#2967 = VERTEX_POINT ( 'NONE', #106 ) ;
#2968 = PRESENTATION_LAYER_ASSIGNMENT (  '', '', ( #418 ) ) ;
#2969 =( NAMED_UNIT ( * ) PLANE_ANGLE_UNIT ( ) SI_UNIT ( $, .RADIAN. ) );
#2970 = ADVANCED_FACE ( 'NONE', ( #520 ), #3056, .T. ) ;
#2971 = DIRECTION ( 'NONE',  ( 0.9902680687415713612, 0.1391731009600577773, -0.0000000000000000000 ) ) ;
#2972 = DIRECTION ( 'NONE',  ( 0.2588190451025179084, -0.9659258262890690894, 0.0000000000000000000 ) ) ;
#2973 = DIRECTION ( 'NONE',  ( -0.0000000000000000000, -0.0000000000000000000, -1.000000000000000000 ) ) ;
#2974 = VECTOR ( 'NONE', #2420, 1000.000000000000000 ) ;
#2975 =( GEOMETRIC_REPRESENTATION_CONTEXT ( 3 ) GLOBAL_UNCERTAINTY_ASSIGNED_CONTEXT ( ( #2621 ) ) GLOBAL_UNIT_ASSIGNED_CONTEXT ( ( #1271, #1250, #2997 ) ) REPRESENTATION_CONTEXT ( 'NONE', 'WORKASPACE' ) );
#2976 = PRESENTATION_LAYER_ASSIGNMENT (  '', '', ( #2249 ) ) ;
#2977 = EDGE_LOOP ( 'NONE', ( #1102, #5064, #5294, #3273, #2112, #4970, #432, #2787, #3590, #2755, #4788, #3652 ) ) ;
#2978 = PRESENTATION_STYLE_ASSIGNMENT (( #1620 ) ) ;
#2979 = EDGE_CURVE ( 'NONE', #788, #1915, #2193, .T. ) ;
#2980 = ORIENTED_EDGE ( 'NONE', *, *, #5413, .F. ) ;
#2981 = CARTESIAN_POINT ( 'NONE',  ( -2.905000000000000693, -1.104999999999999538, 1.651000000000000023 ) ) ;
#2982 = DIRECTION ( 'NONE',  ( -0.0000000000000000000, -0.0000000000000000000, -1.000000000000000000 ) ) ;
#2983 = VECTOR ( 'NONE', #3618, 1000.000000000000000 ) ;
#2984 = APPLICATION_PROTOCOL_DEFINITION ( 'draft international standard', 'automotive_design', 1998, #5269 ) ;
#2985 = UNCERTAINTY_MEASURE_WITH_UNIT (LENGTH_MEASURE( 1.000000000000000082E-05 ), #3446, 'distance_accuracy_value', 'NONE');
#2986 = CIRCLE ( 'NONE', #4305, 0.3899999999999992917 ) ;
#2987 = DIRECTION ( 'NONE',  ( -1.000000000000000000, 0.0000000000000000000, 0.0000000000000000000 ) ) ;
#2988 = VECTOR ( 'NONE', #3875, 1000.000000000000000 ) ;
#2989 = DIRECTION ( 'NONE',  ( 0.9975640502598241977, -0.06975647374412627388, 0.0000000000000000000 ) ) ;
#2990 =( NAMED_UNIT ( * ) SI_UNIT ( $, .STERADIAN. ) SOLID_ANGLE_UNIT ( ) );
#2991 = ORIENTED_EDGE ( 'NONE', *, *, #681, .F. ) ;
#2992 = CARTESIAN_POINT ( 'NONE',  ( -3.591342854422812980, -1.887405244938233251, 1.651000000000000023 ) ) ;
#2993 = CARTESIAN_POINT ( 'NONE',  ( 2.705000000000000959, -1.104999999999999760, -0.3809999999999997278 ) ) ;
#2994 = STYLED_ITEM ( 'NONE', ( #5388 ), #3632 ) ;
#2995 = DIRECTION ( 'NONE',  ( -0.0000000000000000000, -0.0000000000000000000, -1.000000000000000000 ) ) ;
#2996 = SURFACE_STYLE_USAGE ( .BOTH. , #63 ) ;
#2997 =( NAMED_UNIT ( * ) SI_UNIT ( $, .STERADIAN. ) SOLID_ANGLE_UNIT ( ) );
#2998 = VERTEX_POINT ( 'NONE', #952 ) ;
#2999 =( GEOMETRIC_REPRESENTATION_CONTEXT ( 3 ) GLOBAL_UNCERTAINTY_ASSIGNED_CONTEXT ( ( #1600 ) ) GLOBAL_UNIT_ASSIGNED_CONTEXT ( ( #4947, #4200, #816 ) ) REPRESENTATION_CONTEXT ( 'NONE', 'WORKASPACE' ) );
#3000 =( NAMED_UNIT ( * ) PLANE_ANGLE_UNIT ( ) SI_UNIT ( $, .RADIAN. ) );
#3001 =( LENGTH_UNIT ( ) NAMED_UNIT ( * ) SI_UNIT ( .MILLI., .METRE. ) );
#3002 = ORIENTED_EDGE ( 'NONE', *, *, #1305, .F. ) ;
#3003 = SURFACE_STYLE_FILL_AREA ( #405 ) ;
#3004 = DIRECTION ( 'NONE',  ( 0.06975647374412627388, 0.9975640502598241977, -0.0000000000000000000 ) ) ;
#3005 = CARTESIAN_POINT ( 'NONE',  ( -3.576693994936546606, -2.096893695492795917, -1.650999999999999801 ) ) ;
#3006 = ORIENTED_EDGE ( 'NONE', *, *, #3927, .T. ) ;
#3007 = DIRECTION ( 'NONE',  ( -0.1391731009600577773, -0.9902680687415713612, 0.0000000000000000000 ) ) ;
#3008 = FILL_AREA_STYLE ('',( #413 ) ) ;
#3009 = VERTEX_POINT ( 'NONE', #5279 ) ;
#3010 = DIRECTION ( 'NONE',  ( 0.06975647374412627388, -0.9975640502598241977, 0.0000000000000000000 ) ) ;
#3011 = DIRECTION ( 'NONE',  ( 0.9902680687415713612, 0.1391731009600577773, -0.0000000000000000000 ) ) ;
#3012 = COLOUR_RGB ( '',0.9058823529411764719, 0.9019607843137255054, 0.8862745098039215286 ) ;
#3013 = SURFACE_STYLE_USAGE ( .BOTH. , #1740 ) ;
#3014 = SURFACE_SIDE_STYLE ('',( #1288 ) ) ;
#3015 = FACE_OUTER_BOUND ( 'NONE', #1619, .T. ) ;
#3016 = ORIENTED_EDGE ( 'NONE', *, *, #797, .T. ) ;
#3017 = DIRECTION ( 'NONE',  ( 1.000000000000000000, 0.0000000000000000000, -0.0000000000000000000 ) ) ;
#3018 = DIRECTION ( 'NONE',  ( -0.0000000000000000000, -0.0000000000000000000, -1.000000000000000000 ) ) ;
#3019 = FILL_AREA_STYLE ('',( #1268 ) ) ;
#3020 = DIRECTION ( 'NONE',  ( -0.0000000000000000000, -0.0000000000000000000, -1.000000000000000000 ) ) ;
#3021 = EDGE_CURVE ( 'NONE', #4920, #1615, #1762, .T. ) ;
#3022 = COLOUR_RGB ( '',0.5019607843137254832, 0.5019607843137254832, 0.5019607843137254832 ) ;
#3023 = DIRECTION ( 'NONE',  ( 0.9902680687415713612, 0.1391731009600577773, -0.0000000000000000000 ) ) ;
#3024 = VERTEX_POINT ( 'NONE', #4817 ) ;
#3025 = STYLED_ITEM ( 'NONE', ( #5558 ), #5102 ) ;
#3026 = FILL_AREA_STYLE ('',( #1639 ) ) ;
#3027 = ADVANCED_FACE ( 'NONE', ( #2615 ), #1882, .T. ) ;
#3028 = VERTEX_POINT ( 'NONE', #5086 ) ;
#3029 = FILL_AREA_STYLE_COLOUR ( '', #3249 ) ;
#3030 = DIRECTION ( 'NONE',  ( 0.0000000000000000000, 0.0000000000000000000, 1.000000000000000000 ) ) ;
#3031 = DIRECTION ( 'NONE',  ( -1.000000000000000000, 0.0000000000000000000, 0.0000000000000000000 ) ) ;
#3032 =( LENGTH_UNIT ( ) NAMED_UNIT ( * ) SI_UNIT ( .MILLI., .METRE. ) );
#3033 = VECTOR ( 'NONE', #3524, 1000.000000000000000 ) ;
#3034 = ORIENTED_EDGE ( 'NONE', *, *, #5370, .T. ) ;
#3035 = ADVANCED_FACE ( 'NONE', ( #4959 ), #5059, .F. ) ;
#3036 = SURFACE_STYLE_USAGE ( .BOTH. , #360 ) ;
#3037 =( NAMED_UNIT ( * ) PLANE_ANGLE_UNIT ( ) SI_UNIT ( $, .RADIAN. ) );
#3038 = CARTESIAN_POINT ( 'NONE',  ( -4.183721917363029341, -2.319780764523383887, -1.650999999999999801 ) ) ;
#3039 = UNCERTAINTY_MEASURE_WITH_UNIT (LENGTH_MEASURE( 1.000000000000000082E-05 ), #2131, 'distance_accuracy_value', 'NONE');
#3040 = DIRECTION ( 'NONE',  ( 0.1391731009600577773, -0.9902680687415713612, 0.0000000000000000000 ) ) ;
#3041 = SURFACE_SIDE_STYLE ('',( #3068 ) ) ;
#3042 = ORIENTED_EDGE ( 'NONE', *, *, #3722, .F. ) ;
#3043 = DIRECTION ( 'NONE',  ( -1.000000000000000000, 0.0000000000000000000, -0.0000000000000000000 ) ) ;
#3044 = AXIS2_PLACEMENT_3D ( 'NONE', #5259, #1775, #3501 ) ;
#3045 = STYLED_ITEM ( 'NONE', ( #4516 ), #1035 ) ;
#3046 = DIRECTION ( 'NONE',  ( 1.000000000000000000, 0.0000000000000000000, 0.0000000000000000000 ) ) ;
#3047 = PLANE ( 'NONE',  #3495 ) ;
#3048 = ORIENTED_EDGE ( 'NONE', *, *, #1305, .T. ) ;
#3049 = EDGE_CURVE ( 'NONE', #1595, #3200, #3657, .T. ) ;
#3050 = DIRECTION ( 'NONE',  ( 0.1391731009600577773, -0.9902680687415713612, 0.0000000000000000000 ) ) ;
#3051 =( NAMED_UNIT ( * ) PLANE_ANGLE_UNIT ( ) SI_UNIT ( $, .RADIAN. ) );
#3052 =( GEOMETRIC_REPRESENTATION_CONTEXT ( 3 ) GLOBAL_UNCERTAINTY_ASSIGNED_CONTEXT ( ( #5352 ) ) GLOBAL_UNIT_ASSIGNED_CONTEXT ( ( #4708, #3051, #1696 ) ) REPRESENTATION_CONTEXT ( 'NONE', 'WORKASPACE' ) );
#3053 = ORIENTED_EDGE ( 'NONE', *, *, #2230, .T. ) ;
#3054 = MECHANICAL_DESIGN_GEOMETRIC_PRESENTATION_REPRESENTATION (  '', ( #5479 ), #3492 ) ;
#3055 = LINE ( 'NONE', #4765, #4294 ) ;
#3056 = PLANE ( 'NONE',  #606 ) ;
#3057 = LINE ( 'NONE', #5159, #678 ) ;
#3058 = VERTEX_POINT ( 'NONE', #2490 ) ;
#3059 = FACE_BOUND ( 'NONE', #1894, .T. ) ;
#3060 =( GEOMETRIC_REPRESENTATION_CONTEXT ( 3 ) GLOBAL_UNCERTAINTY_ASSIGNED_CONTEXT ( ( #1771 ) ) GLOBAL_UNIT_ASSIGNED_CONTEXT ( ( #565, #5332, #4465 ) ) REPRESENTATION_CONTEXT ( 'NONE', 'WORKASPACE' ) );
#3061 = ORIENTED_EDGE ( 'NONE', *, *, #2804, .T. ) ;
#3062 = SURFACE_SIDE_STYLE ('',( #841 ) ) ;
#3063 = STYLED_ITEM ( 'NONE', ( #3348 ), #3093 ) ;
#3064 = PRESENTATION_LAYER_ASSIGNMENT (  '', '', ( #1969 ) ) ;
#3065 = DIRECTION ( 'NONE',  ( -0.0000000000000000000, -0.0000000000000000000, -1.000000000000000000 ) ) ;
#3066 = VERTEX_POINT ( 'NONE', #338 ) ;
#3067 = CARTESIAN_POINT ( 'NONE',  ( 4.196278082636971440, -2.140219235476615633, -1.650999999999999801 ) ) ;
#3068 = SURFACE_STYLE_FILL_AREA ( #5548 ) ;
#3069 = SURFACE_STYLE_FILL_AREA ( #3471 ) ;
#3070 = VERTEX_POINT ( 'NONE', #789 ) ;
#3071 = PRESENTATION_LAYER_ASSIGNMENT (  '', '', ( #3503 ) ) ;
#3072 = DIRECTION ( 'NONE',  ( 0.0000000000000000000, 1.000000000000000000, 0.0000000000000000000 ) ) ;
#3073 = DIRECTION ( 'NONE',  ( -1.000000000000000000, 0.0000000000000000000, 0.0000000000000000000 ) ) ;
#3074 = CARTESIAN_POINT ( 'NONE',  ( 3.383386559987083597, -1.916631596139845684, -1.650999999999999801 ) ) ;
#3075 = VECTOR ( 'NONE', #3299, 1000.000000000000000 ) ;
#3076 = LINE ( 'NONE', #2577, #3340 ) ;
#3077 = PRESENTATION_STYLE_ASSIGNMENT (( #3480 ) ) ;
#3078 = EDGE_LOOP ( 'NONE', ( #4232, #1344, #2255, #3447 ) ) ;
#3079 = SURFACE_STYLE_USAGE ( .BOTH. , #99 ) ;
#3080 = LINE ( 'NONE', #3984, #123 ) ;
#3081 = FACE_OUTER_BOUND ( 'NONE', #4029, .T. ) ;
#3082 = EDGE_LOOP ( 'NONE', ( #679, #5234, #113, #3977 ) ) ;
#3083 = SURFACE_STYLE_USAGE ( .BOTH. , #3822 ) ;
#3084 = ADVANCED_FACE ( 'NONE', ( #191 ), #4475, .T. ) ;
#3085 = AXIS2_PLACEMENT_3D ( 'NONE', #3180, #2702, #4408 ) ;
#3086 = FACE_OUTER_BOUND ( 'NONE', #3181, .T. ) ;
#3087 = CARTESIAN_POINT ( 'NONE',  ( -4.183721917363029341, -2.319780764523383887, -0.3809999999999997278 ) ) ;
#3088 =( LENGTH_UNIT ( ) NAMED_UNIT ( * ) SI_UNIT ( .MILLI., .METRE. ) );
#3089 = ORIENTED_EDGE ( 'NONE', *, *, #1999, .F. ) ;
#3090 = DIRECTION ( 'NONE',  ( -0.0000000000000000000, -0.0000000000000000000, -1.000000000000000000 ) ) ;
#3091 = FACE_OUTER_BOUND ( 'NONE', #1165, .T. ) ;
#3092 = UNCERTAINTY_MEASURE_WITH_UNIT (LENGTH_MEASURE( 1.000000000000000082E-05 ), #1359, 'distance_accuracy_value', 'NONE');
#3093 = ADVANCED_FACE ( 'NONE', ( #1907 ), #4927, .T. ) ;
#3094 = FACE_OUTER_BOUND ( 'NONE', #1206, .T. ) ;
#3095 = EDGE_CURVE ( 'NONE', #4115, #946, #4780, .T. ) ;
#3096 = ORIENTED_EDGE ( 'NONE', *, *, #1788, .T. ) ;
#3097 = SURFACE_STYLE_FILL_AREA ( #1457 ) ;
#3098 = SURFACE_SIDE_STYLE ('',( #4458 ) ) ;
#3099 = ORIENTED_EDGE ( 'NONE', *, *, #3149, .T. ) ;
#3100 = PRESENTATION_STYLE_ASSIGNMENT (( #1746 ) ) ;
#3101 = CARTESIAN_POINT ( 'NONE',  ( -2.905000000000000693, -1.314999999999999725, -0.3809999999999997278 ) ) ;
#3102 = UNCERTAINTY_MEASURE_WITH_UNIT (LENGTH_MEASURE( 1.000000000000000082E-05 ), #59, 'distance_accuracy_value', 'NONE');
#3103 = STYLED_ITEM ( 'NONE', ( #2738 ), #4414 ) ;
#3104 = FILL_AREA_STYLE ('',( #913 ) ) ;
#3105 = ORIENTED_EDGE ( 'NONE', *, *, #2305, .T. ) ;
#3106 = LINE ( 'NONE', #354, #942 ) ;
#3107 = FACE_OUTER_BOUND ( 'NONE', #5085, .T. ) ;
#3108 = STYLED_ITEM ( 'NONE', ( #2854 ), #5036 ) ;
#3109 = ORIENTED_EDGE ( 'NONE', *, *, #2244, .F. ) ;
#3110 = CARTESIAN_POINT ( 'NONE',  ( -2.905000000000000693, -1.314999999999999725, 0.8890000000000003455 ) ) ;
#3111 = FILL_AREA_STYLE ('',( #2740 ) ) ;
#3112 =( LENGTH_UNIT ( ) NAMED_UNIT ( * ) SI_UNIT ( .MILLI., .METRE. ) );
#3113 =( NAMED_UNIT ( * ) SI_UNIT ( $, .STERADIAN. ) SOLID_ANGLE_UNIT ( ) );
#3114 = VECTOR ( 'NONE', #2124, 1000.000000000000227 ) ;
#3115 = EDGE_LOOP ( 'NONE', ( #4018, #1622, #18, #4926 ) ) ;
#3116 = CARTESIAN_POINT ( 'NONE',  ( -3.112956294435731408, -1.285773648798387292, 2.159000000000000252 ) ) ;
#3117 = SURFACE_SIDE_STYLE ('',( #4515 ) ) ;
#3118 = PRESENTATION_STYLE_ASSIGNMENT (( #2539 ) ) ;
#3119 =( GEOMETRIC_REPRESENTATION_CONTEXT ( 3 ) GLOBAL_UNCERTAINTY_ASSIGNED_CONTEXT ( ( #250 ) ) GLOBAL_UNIT_ASSIGNED_CONTEXT ( ( #4853, #5344, #2718 ) ) REPRESENTATION_CONTEXT ( 'NONE', 'WORKASPACE' ) );
#3120 = EDGE_CURVE ( 'NONE', #2297, #4410, #5235, .T. ) ;
#3121 = FILL_AREA_STYLE_COLOUR ( '', #4807 ) ;
#3122 = ORIENTED_EDGE ( 'NONE', *, *, #2616, .T. ) ;
#3123 = LINE ( 'NONE', #1837, #3578 ) ;
#3124 = VERTEX_POINT ( 'NONE', #2573 ) ;
#3125 =( NAMED_UNIT ( * ) PLANE_ANGLE_UNIT ( ) SI_UNIT ( $, .RADIAN. ) );
#3126 = SURFACE_SIDE_STYLE ('',( #3179 ) ) ;
#3127 = CARTESIAN_POINT ( 'NONE',  ( -1.955000000000000959, -0.05000000000000000278, -1.689999999999999725 ) ) ;
#3128 = MECHANICAL_DESIGN_GEOMETRIC_PRESENTATION_REPRESENTATION (  '', ( #2951 ), #493 ) ;
#3129 = ORIENTED_EDGE ( 'NONE', *, *, #3816, .F. ) ;
#3130 =( NAMED_UNIT ( * ) PLANE_ANGLE_UNIT ( ) SI_UNIT ( $, .RADIAN. ) );
#3131 = DIRECTION ( 'NONE',  ( 1.000000000000000000, 0.0000000000000000000, 0.0000000000000000000 ) ) ;
#3132 = ORIENTED_EDGE ( 'NONE', *, *, #2009, .T. ) ;
#3133 = VECTOR ( 'NONE', #2586, 1000.000000000000000 ) ;
#3134 = ADVANCED_FACE ( 'NONE', ( #5578 ), #4728, .F. ) ;
#3135 = DIRECTION ( 'NONE',  ( -0.9975640502598243087, 0.06975647374412492774, 0.0000000000000000000 ) ) ;
#3136 = DIRECTION ( 'NONE',  ( -0.0000000000000000000, -0.0000000000000000000, -1.000000000000000000 ) ) ;
#3137 = DIRECTION ( 'NONE',  ( -0.0000000000000000000, -0.0000000000000000000, -1.000000000000000000 ) ) ;
#3138 = VECTOR ( 'NONE', #1732, 1000.000000000000000 ) ;
#3139 = CYLINDRICAL_SURFACE ( 'NONE', #3892, 0.3900000000000001799 ) ;
#3140 = VERTEX_POINT ( 'NONE', #2207 ) ;
#3141 =( NAMED_UNIT ( * ) SI_UNIT ( $, .STERADIAN. ) SOLID_ANGLE_UNIT ( ) );
#3142 = LINE ( 'NONE', #2292, #1034 ) ;
#3143 = CIRCLE ( 'NONE', #2409, 0.3899999999999992917 ) ;
#3144 = DIRECTION ( 'NONE',  ( -0.0000000000000000000, -0.0000000000000000000, -1.000000000000000000 ) ) ;
#3145 = UNCERTAINTY_MEASURE_WITH_UNIT (LENGTH_MEASURE( 1.000000000000000082E-05 ), #3379, 'distance_accuracy_value', 'NONE');
#3146 = MECHANICAL_DESIGN_GEOMETRIC_PRESENTATION_REPRESENTATION (  '', ( #5583 ), #1680 ) ;
#3147 = ORIENTED_EDGE ( 'NONE', *, *, #1474, .F. ) ;
#3148 = FILL_AREA_STYLE ('',( #4334 ) ) ;
#3149 = EDGE_CURVE ( 'NONE', #716, #2297, #5173, .T. ) ;
#3150 = DIRECTION ( 'NONE',  ( -0.9975640502598241977, -0.06975647374412627388, 0.0000000000000000000 ) ) ;
#3151 =( NAMED_UNIT ( * ) SI_UNIT ( $, .STERADIAN. ) SOLID_ANGLE_UNIT ( ) );
#3152 = ORIENTED_EDGE ( 'NONE', *, *, #891, .T. ) ;
#3153 = PRESENTATION_STYLE_ASSIGNMENT (( #4887 ) ) ;
#3154 = VECTOR ( 'NONE', #848, 1000.000000000000000 ) ;
#3155 = PRESENTATION_LAYER_ASSIGNMENT (  '', '', ( #71 ) ) ;
#3156 = DIRECTION ( 'NONE',  ( -1.000000000000000000, 0.0000000000000000000, -0.0000000000000000000 ) ) ;
#3157 = FACE_OUTER_BOUND ( 'NONE', #4278, .T. ) ;
#3158 = PRESENTATION_LAYER_ASSIGNMENT (  '', '', ( #1071 ) ) ;
#3159 = VERTEX_POINT ( 'NONE', #876 ) ;
#3160 = LINE ( 'NONE', #3568, #574 ) ;
#3161 = DIRECTION ( 'NONE',  ( 0.0000000000000000000, 0.0000000000000000000, 1.000000000000000000 ) ) ;
#3162 = DIRECTION ( 'NONE',  ( 0.1391731009600577773, 0.9902680687415713612, 0.0000000000000000000 ) ) ;
#3163 = VECTOR ( 'NONE', #2190, 1000.000000000000000 ) ;
#3164 = EDGE_LOOP ( 'NONE', ( #3436, #5039, #2780, #5411 ) ) ;
#3165 = STYLED_ITEM ( 'NONE', ( #1828 ), #2701 ) ;
#3166 = EDGE_CURVE ( 'NONE', #2720, #3009, #4261, .T. ) ;
#3167 = CARTESIAN_POINT ( 'NONE',  ( 2.905000000000000693, -1.314999999999999725, -2.158999999999999808 ) ) ;
#3168 = FACE_OUTER_BOUND ( 'NONE', #2724, .T. ) ;
#3169 = ORIENTED_EDGE ( 'NONE', *, *, #5339, .T. ) ;
#3170 = COLOUR_RGB ( '',0.9058823529411764719, 0.9019607843137255054, 0.8862745098039215286 ) ;
#3171 = CARTESIAN_POINT ( 'NONE',  ( -3.291204546809214371, -1.260722490625576953, 0.3810000000000003939 ) ) ;
#3172 = SURFACE_STYLE_FILL_AREA ( #4477 ) ;
#3173 = AXIS2_PLACEMENT_3D ( 'NONE', #2486, #2926, #2816 ) ;
#3174 =( NAMED_UNIT ( * ) PLANE_ANGLE_UNIT ( ) SI_UNIT ( $, .RADIAN. ) );
#3175 = CARTESIAN_POINT ( 'NONE',  ( -3.576693994936546606, -2.096893695492795917, 2.159000000000000252 ) ) ;
#3176 = ORIENTED_EDGE ( 'NONE', *, *, #4330, .T. ) ;
#3177 = VERTEX_POINT ( 'NONE', #1242 ) ;
#3178 = DIRECTION ( 'NONE',  ( 0.9975640502598241977, 0.06975647374412627388, 0.0000000000000000000 ) ) ;
#3179 = SURFACE_STYLE_FILL_AREA ( #150 ) ;
#3180 = CARTESIAN_POINT ( 'NONE',  ( 3.591342854422812980, -1.887405244938233251, -1.650999999999999801 ) ) ;
#3181 = EDGE_LOOP ( 'NONE', ( #3152, #699, #753, #434 ) ) ;
#3182 = CARTESIAN_POINT ( 'NONE',  ( 2.705000000000000959, -1.104999999999999760, -0.3809999999999997278 ) ) ;
#3183 = ADVANCED_FACE ( 'NONE', ( #4316 ), #449, .T. ) ;
#3184 = VERTEX_POINT ( 'NONE', #118 ) ;
#3185 = VECTOR ( 'NONE', #1426, 1000.000000000000114 ) ;
#3186 = DIRECTION ( 'NONE',  ( -0.0000000000000000000, -0.0000000000000000000, -1.000000000000000000 ) ) ;
#3187 = CARTESIAN_POINT ( 'NONE',  ( -2.705000000000000959, -0.9249999999999998224, -0.3809999999999997278 ) ) ;
#3188 = ORIENTED_EDGE ( 'NONE', *, *, #1466, .T. ) ;
#3189 = PRESENTATION_STYLE_ASSIGNMENT (( #3243 ) ) ;
#3190 = ADVANCED_FACE ( 'NONE', ( #1459 ), #997, .F. ) ;
#3191 = CARTESIAN_POINT ( 'NONE',  ( -2.905000000000000693, -1.104999999999999538, 0.3810000000000003939 ) ) ;
#3192 = CARTESIAN_POINT ( 'NONE',  ( 3.112956294435731408, -1.285773648798387292, -1.650999999999999801 ) ) ;
#3193 = FACE_OUTER_BOUND ( 'NONE', #2370, .T. ) ;
#3194 = VECTOR ( 'NONE', #5414, 1000.000000000000000 ) ;
#3195 = UNCERTAINTY_MEASURE_WITH_UNIT (LENGTH_MEASURE( 1.000000000000000082E-05 ), #5321, 'distance_accuracy_value', 'NONE');
#3196 = EDGE_CURVE ( 'NONE', #3464, #734, #3559, .T. ) ;
#3197 = ORIENTED_EDGE ( 'NONE', *, *, #580, .F. ) ;
#3198 = CARTESIAN_POINT ( 'NONE',  ( 3.205138307613600634, -1.941682754312656023, 2.159000000000000252 ) ) ;
#3199 = VECTOR ( 'NONE', #811, 1000.000000000000000 ) ;
#3200 = VERTEX_POINT ( 'NONE', #5295 ) ;
#3201 = CARTESIAN_POINT ( 'NONE',  ( -3.205138307613600634, -1.941682754312656023, -2.158999999999999808 ) ) ;
#3202 = SURFACE_STYLE_USAGE ( .BOTH. , #5328 ) ;
#3203 = UNCERTAINTY_MEASURE_WITH_UNIT (LENGTH_MEASURE( 1.000000000000000082E-05 ), #348, 'distance_accuracy_value', 'NONE');
#3204 = PRESENTATION_STYLE_ASSIGNMENT (( #151 ) ) ;
#3205 =( LENGTH_UNIT ( ) NAMED_UNIT ( * ) SI_UNIT ( .MILLI., .METRE. ) );
#3206 = DIRECTION ( 'NONE',  ( -0.0000000000000000000, -0.0000000000000000000, -1.000000000000000000 ) ) ;
#3207 = ORIENTED_EDGE ( 'NONE', *, *, #296, .T. ) ;
#3208 = VECTOR ( 'NONE', #3510, 1000.000000000000000 ) ;
#3209 = DIRECTION ( 'NONE',  ( -0.06975647374412494162, 0.9975640502598243087, 0.0000000000000000000 ) ) ;
#3210 =( NAMED_UNIT ( * ) PLANE_ANGLE_UNIT ( ) SI_UNIT ( $, .RADIAN. ) );
#3211 = VERTEX_POINT ( 'NONE', #2756 ) ;
#3212 = CIRCLE ( 'NONE', #4462, 0.3900000000000001799 ) ;
#3213 =( LENGTH_UNIT ( ) NAMED_UNIT ( * ) SI_UNIT ( .MILLI., .METRE. ) );
#3214 = EDGE_CURVE ( 'NONE', #3514, #3200, #1895, .T. ) ;
#3215 = VERTEX_POINT ( 'NONE', #644 ) ;
#3216 = DIRECTION ( 'NONE',  ( -0.0000000000000000000, -0.0000000000000000000, -1.000000000000000000 ) ) ;
#3217 =( NAMED_UNIT ( * ) PLANE_ANGLE_UNIT ( ) SI_UNIT ( $, .RADIAN. ) );
#3218 = MECHANICAL_DESIGN_GEOMETRIC_PRESENTATION_REPRESENTATION (  '', ( #5101 ), #4281 ) ;
#3219 = AXIS2_PLACEMENT_3D ( 'NONE', #3360, #3692, #4109 ) ;
#3220 = DIRECTION ( 'NONE',  ( -0.1391731009600577773, -0.9902680687415713612, 0.0000000000000000000 ) ) ;
#3221 = COLOUR_RGB ( '',0.9058823529411764719, 0.9019607843137255054, 0.8862745098039215286 ) ;
#3222 = CYLINDRICAL_SURFACE ( 'NONE', #3541, 0.2500000000000000000 ) ;
#3223 = ORIENTED_EDGE ( 'NONE', *, *, #5136, .F. ) ;
#3224 = FILL_AREA_STYLE ('',( #2809 ) ) ;
#3225 = CARTESIAN_POINT ( 'NONE',  ( -3.564137829662604062, -2.276455224539564171, -0.3809999999999997278 ) ) ;
#3226 = VECTOR ( 'NONE', #4137, 1000.000000000000000 ) ;
#3227 = ORIENTED_EDGE ( 'NONE', *, *, #708, .F. ) ;
#3228 = PRESENTATION_STYLE_ASSIGNMENT (( #1486 ) ) ;
#3229 = CARTESIAN_POINT ( 'NONE',  ( -2.477243186433546018, -2.029999999999999805, -2.689999999999999503 ) ) ;
#3230 = AXIS2_PLACEMENT_3D ( 'NONE', #2192, #2259, #1821 ) ;
#3231 = LINE ( 'NONE', #2459, #2287 ) ;
#3232 = SURFACE_SIDE_STYLE ('',( #5464 ) ) ;
#3233 = DIRECTION ( 'NONE',  ( -1.000000000000000000, 0.0000000000000000000, -0.0000000000000000000 ) ) ;
#3234 = VERTEX_POINT ( 'NONE', #3201 ) ;
#3235 = AXIS2_PLACEMENT_3D ( 'NONE', #5179, #3023, #2578 ) ;
#3236 = CARTESIAN_POINT ( 'NONE',  ( 2.705000000000000959, -1.104999999999999760, 2.159000000000000252 ) ) ;
#3237 = EDGE_CURVE ( 'NONE', #1388, #2611, #4914, .T. ) ;
#3238 = CARTESIAN_POINT ( 'NONE',  ( -2.705000000000000959, -1.104999999999999760, 0.8890000000000003455 ) ) ;
#3239 = EDGE_LOOP ( 'NONE', ( #1806, #2079, #3377, #955 ) ) ;
#3240 = COLOUR_RGB ( '',0.9058823529411764719, 0.9019607843137255054, 0.8862745098039215286 ) ;
#3241 = SURFACE_STYLE_USAGE ( .BOTH. , #4380 ) ;
#3242 = EDGE_LOOP ( 'NONE', ( #5560, #179, #624, #3293 ) ) ;
#3243 = SURFACE_STYLE_USAGE ( .BOTH. , #367 ) ;
#3244 = MECHANICAL_DESIGN_GEOMETRIC_PRESENTATION_REPRESENTATION (  '', ( #4304 ), #985 ) ;
#3245 = SURFACE_STYLE_USAGE ( .BOTH. , #4074 ) ;
#3246 = VECTOR ( 'NONE', #328, 1000.000000000000000 ) ;
#3247 = DIRECTION ( 'NONE',  ( -0.0000000000000000000, -0.0000000000000000000, -1.000000000000000000 ) ) ;
#3248 = ADVANCED_FACE ( 'NONE', ( #4058 ), #199, .T. ) ;
#3249 = COLOUR_RGB ( '',0.9058823529411764719, 0.9019607843137255054, 0.8862745098039215286 ) ;
#3250 = DIRECTION ( 'NONE',  ( -0.9975640502598241977, -0.06975647374412627388, 0.0000000000000000000 ) ) ;
#3251 = CARTESIAN_POINT ( 'NONE',  ( -2.905000000000000693, -0.9249999999999993783, -1.650999999999999801 ) ) ;
#3252 = DIRECTION ( 'NONE',  ( 0.0000000000000000000, -1.000000000000000000, 0.0000000000000000000 ) ) ;
#3253 = COLOUR_RGB ( '',0.9058823529411764719, 0.9019607843137255054, 0.8862745098039215286 ) ;
#3254 = UNCERTAINTY_MEASURE_WITH_UNIT (LENGTH_MEASURE( 1.000000000000000082E-05 ), #1868, 'distance_accuracy_value', 'NONE');
#3255 = EDGE_CURVE ( 'NONE', #403, #762, #1565, .T. ) ;
#3256 =( NAMED_UNIT ( * ) SI_UNIT ( $, .STERADIAN. ) SOLID_ANGLE_UNIT ( ) );
#3257 = ORIENTED_EDGE ( 'NONE', *, *, #4168, .T. ) ;
#3258 = PLANE ( 'NONE',  #2281 ) ;
#3259 = PRESENTATION_STYLE_ASSIGNMENT (( #1511 ) ) ;
#3260 = ORIENTED_EDGE ( 'NONE', *, *, #2080, .F. ) ;
#3261 = PLANE ( 'NONE',  #3597 ) ;
#3262 = CARTESIAN_POINT ( 'NONE',  ( -3.112956294435731408, -1.285773648798387292, -1.650999999999999801 ) ) ;
#3263 = ADVANCED_FACE ( 'NONE', ( #3671 ), #3261, .T. ) ;
#3264 = SURFACE_STYLE_FILL_AREA ( #1539 ) ;
#3265 = FILL_AREA_STYLE ('',( #2405 ) ) ;
#3266 = CARTESIAN_POINT ( 'NONE',  ( 2.705000000000000959, -1.104999999999999760, -1.650999999999999801 ) ) ;
#3267 = DIRECTION ( 'NONE',  ( 1.000000000000000000, 1.032573497605245971E-15, 0.0000000000000000000 ) ) ;
#3268 = ORIENTED_EDGE ( 'NONE', *, *, #424, .T. ) ;
#3269 = DIRECTION ( 'NONE',  ( -0.0000000000000000000, 1.000000000000000000, 0.0000000000000000000 ) ) ;
#3270 = VERTEX_POINT ( 'NONE', #2837 ) ;
#3271 = PRESENTATION_STYLE_ASSIGNMENT (( #4592 ) ) ;
#3272 = FACE_OUTER_BOUND ( 'NONE', #5051, .T. ) ;
#3273 = ORIENTED_EDGE ( 'NONE', *, *, #3876, .F. ) ;
#3274 = PRESENTATION_LAYER_ASSIGNMENT (  '', '', ( #110 ) ) ;
#3275 =( NAMED_UNIT ( * ) SI_UNIT ( $, .STERADIAN. ) SOLID_ANGLE_UNIT ( ) );
#3276 =( GEOMETRIC_REPRESENTATION_CONTEXT ( 3 ) GLOBAL_UNCERTAINTY_ASSIGNED_CONTEXT ( ( #992 ) ) GLOBAL_UNIT_ASSIGNED_CONTEXT ( ( #3312, #304, #1982 ) ) REPRESENTATION_CONTEXT ( 'NONE', 'WORKASPACE' ) );
#3277 = CARTESIAN_POINT ( 'NONE',  ( -3.591342854422812980, -1.887405244938233251, 0.8890000000000003455 ) ) ;
#3278 = SURFACE_STYLE_USAGE ( .BOTH. , #2396 ) ;
#3279 = CARTESIAN_POINT ( 'NONE',  ( -2.705000000000000959, -0.9249999999999998224, 0.8890000000000003455 ) ) ;
#3280 = CARTESIAN_POINT ( 'NONE',  ( 2.705000000000000959, -1.104999999999999760, 0.8890000000000003455 ) ) ;
#3281 = EDGE_LOOP ( 'NONE', ( #2896, #1800, #3782, #569 ) ) ;
#3282 = SURFACE_SIDE_STYLE ('',( #4606 ) ) ;
#3283 = EDGE_CURVE ( 'NONE', #1813, #3352, #735, .T. ) ;
#3284 = ORIENTED_EDGE ( 'NONE', *, *, #1228, .T. ) ;
#3285 = STYLED_ITEM ( 'NONE', ( #680 ), #5256 ) ;
#3286 = CYLINDRICAL_SURFACE ( 'NONE', #5288, 0.2100000000000005473 ) ;
#3287 =( NAMED_UNIT ( * ) PLANE_ANGLE_UNIT ( ) SI_UNIT ( $, .RADIAN. ) );
#3288 = LINE ( 'NONE', #3266, #1803 ) ;
#3289 = SURFACE_SIDE_STYLE ('',( #1543 ) ) ;
#3290 = ORIENTED_EDGE ( 'NONE', *, *, #5390, .F. ) ;
#3291 = DIRECTION ( 'NONE',  ( 1.000000000000000000, 0.0000000000000000000, 0.0000000000000000000 ) ) ;
#3292 = CARTESIAN_POINT ( 'NONE',  ( -2.477243186433546018, -2.029999999999999805, 2.462243186433545006 ) ) ;
#3293 = ORIENTED_EDGE ( 'NONE', *, *, #1649, .T. ) ;
#3294 = DIRECTION ( 'NONE',  ( 0.1391731009600577773, -0.9902680687415713612, 0.0000000000000000000 ) ) ;
#3295 = CIRCLE ( 'NONE', #2666, 0.2099999999999992428 ) ;
#3296 = ORIENTED_EDGE ( 'NONE', *, *, #3868, .F. ) ;
#3297 =( NAMED_UNIT ( * ) PLANE_ANGLE_UNIT ( ) SI_UNIT ( $, .RADIAN. ) );
#3298 = STYLED_ITEM ( 'NONE', ( #2512 ), #807 ) ;
#3299 = DIRECTION ( 'NONE',  ( -0.9975640502598241977, -0.06975647374412627388, 0.0000000000000000000 ) ) ;
#3300 = PRESENTATION_STYLE_ASSIGNMENT (( #1409 ) ) ;
#3301 = CARTESIAN_POINT ( 'NONE',  ( -2.705000000000000959, -0.9249999999999998224, 0.3810000000000003939 ) ) ;
#3302 = AXIS2_PLACEMENT_3D ( 'NONE', #2870, #1566, #3728 ) ;
#3303 = SURFACE_STYLE_FILL_AREA ( #4187 ) ;
#3304 =( GEOMETRIC_REPRESENTATION_CONTEXT ( 3 ) GLOBAL_UNCERTAINTY_ASSIGNED_CONTEXT ( ( #759 ) ) GLOBAL_UNIT_ASSIGNED_CONTEXT ( ( #1835, #3615, #2203 ) ) REPRESENTATION_CONTEXT ( 'NONE', 'WORKASPACE' ) );
#3305 = EDGE_CURVE ( 'NONE', #2763, #855, #3309, .T. ) ;
#3306 =( GEOMETRIC_REPRESENTATION_CONTEXT ( 3 ) GLOBAL_UNCERTAINTY_ASSIGNED_CONTEXT ( ( #34 ) ) GLOBAL_UNIT_ASSIGNED_CONTEXT ( ( #1199, #1099, #269 ) ) REPRESENTATION_CONTEXT ( 'NONE', 'WORKASPACE' ) );
#3307 = VERTEX_POINT ( 'NONE', #4147 ) ;
#3308 = ORIENTED_EDGE ( 'NONE', *, *, #5358, .F. ) ;
#3309 = LINE ( 'NONE', #2429, #2152 ) ;
#3310 = DIRECTION ( 'NONE',  ( -1.000000000000000000, 0.0000000000000000000, 0.0000000000000000000 ) ) ;
#3311 = UNCERTAINTY_MEASURE_WITH_UNIT (LENGTH_MEASURE( 1.000000000000000082E-05 ), #4988, 'distance_accuracy_value', 'NONE');
#3312 =( LENGTH_UNIT ( ) NAMED_UNIT ( * ) SI_UNIT ( .MILLI., .METRE. ) );
#3313 = ADVANCED_FACE ( 'NONE', ( #274 ), #2006, .T. ) ;
#3314 = AXIS2_PLACEMENT_3D ( 'NONE', #3917, #54, #1346 ) ;
#3315 = FILL_AREA_STYLE_COLOUR ( '', #1256 ) ;
#3316 = CARTESIAN_POINT ( 'NONE',  ( 4.196278082636971440, -2.140219235476615633, 1.651000000000000023 ) ) ;
#3317 = VERTEX_POINT ( 'NONE', #1234 ) ;
#3318 = LINE ( 'NONE', #5117, #5090 ) ;
#3319 = VECTOR ( 'NONE', #2561, 1000.000000000000000 ) ;
#3320 = VERTEX_POINT ( 'NONE', #2981 ) ;
#3321 = FILL_AREA_STYLE_COLOUR ( '', #3170 ) ;
#3322 = VECTOR ( 'NONE', #2680, 1000.000000000000114 ) ;
#3323 = FILL_AREA_STYLE ('',( #2442 ) ) ;
#3324 = STYLED_ITEM ( 'NONE', ( #3765 ), #2119 ) ;
#3325 = ORIENTED_EDGE ( 'NONE', *, *, #580, .T. ) ;
#3326 = LINE ( 'NONE', #4618, #1913 ) ;
#3327 = PRESENTATION_STYLE_ASSIGNMENT (( #2936 ) ) ;
#3328 = ADVANCED_FACE ( 'NONE', ( #4750 ), #5571, .T. ) ;
#3329 = COLOUR_RGB ( '',0.9058823529411764719, 0.9019607843137255054, 0.8862745098039215286 ) ;
#3330 = CIRCLE ( 'NONE', #886, 0.3900000000000001799 ) ;
#3331 =( NAMED_UNIT ( * ) SI_UNIT ( $, .STERADIAN. ) SOLID_ANGLE_UNIT ( ) );
#3332 = SURFACE_STYLE_FILL_AREA ( #4686 ) ;
#3333 = STYLED_ITEM ( 'NONE', ( #5163 ), #3353 ) ;
#3334 =( LENGTH_UNIT ( ) NAMED_UNIT ( * ) SI_UNIT ( .MILLI., .METRE. ) );
#3335 = CARTESIAN_POINT ( 'NONE',  ( 3.591342854422812980, -1.887405244938233251, -0.8889999999999996794 ) ) ;
#3336 = PRESENTATION_STYLE_ASSIGNMENT (( #3799 ) ) ;
#3337 = AXIS2_PLACEMENT_3D ( 'NONE', #5129, #5244, #1698 ) ;
#3338 = ORIENTED_EDGE ( 'NONE', *, *, #221, .F. ) ;
#3339 = EDGE_LOOP ( 'NONE', ( #713, #4428, #3053, #2845 ) ) ;
#3340 = VECTOR ( 'NONE', #370, 1000.000000000000114 ) ;
#3341 = DIRECTION ( 'NONE',  ( -0.0000000000000000000, -0.0000000000000000000, -1.000000000000000000 ) ) ;
#3342 = DIRECTION ( 'NONE',  ( 1.000000000000000000, 0.0000000000000000000, 0.0000000000000000000 ) ) ;
#3343 = DIRECTION ( 'NONE',  ( -0.0000000000000000000, -0.0000000000000000000, -1.000000000000000000 ) ) ;
#3344 = AXIS2_PLACEMENT_3D ( 'NONE', #4285, #1315, #3862 ) ;
#3345 = CARTESIAN_POINT ( 'NONE',  ( -3.591342854422812980, -1.887405244938233251, 2.159000000000000252 ) ) ;
#3346 = LINE ( 'NONE', #3733, #5407 ) ;
#3347 = ORIENTED_EDGE ( 'NONE', *, *, #1789, .F. ) ;
#3348 = PRESENTATION_STYLE_ASSIGNMENT (( #4103 ) ) ;
#3349 = SURFACE_STYLE_FILL_AREA ( #2878 ) ;
#3350 = CARTESIAN_POINT ( 'NONE',  ( -2.905000000000000693, -1.314999999999999725, 2.159000000000000252 ) ) ;
#3351 = DIRECTION ( 'NONE',  ( 0.0000000000000000000, 0.0000000000000000000, 1.000000000000000000 ) ) ;
#3352 = VERTEX_POINT ( 'NONE', #812 ) ;
#3353 = ADVANCED_FACE ( 'NONE', ( #2591 ), #1677, .T. ) ;
#3354 = FILL_AREA_STYLE ('',( #1614 ) ) ;
#3355 = ORIENTED_EDGE ( 'NONE', *, *, #1059, .F. ) ;
#3356 = DIRECTION ( 'NONE',  ( -1.000000000000000000, 0.0000000000000000000, 0.0000000000000000000 ) ) ;
#3357 = PRESENTATION_LAYER_ASSIGNMENT (  '', '', ( #4417 ) ) ;
#3358 = DIRECTION ( 'NONE',  ( 1.000000000000000000, 0.0000000000000000000, 0.0000000000000000000 ) ) ;
#3359 = CARTESIAN_POINT ( 'NONE',  ( 3.591342854422812980, -1.887405244938233251, -1.650999999999999801 ) ) ;
#3360 = CARTESIAN_POINT ( 'NONE',  ( -3.591342854422812980, -1.887405244938233251, -0.3809999999999997278 ) ) ;
#3361 = VECTOR ( 'NONE', #1258, 1000.000000000000000 ) ;
#3362 = VERTEX_POINT ( 'NONE', #5541 ) ;
#3363 = DIRECTION ( 'NONE',  ( 0.0000000000000000000, 0.0000000000000000000, 1.000000000000000000 ) ) ;
#3364 = EDGE_LOOP ( 'NONE', ( #2695, #5472, #4011, #2836 ) ) ;
#3365 = PRESENTATION_LAYER_ASSIGNMENT (  '', '', ( #204 ) ) ;
#3366 =( NAMED_UNIT ( * ) PLANE_ANGLE_UNIT ( ) SI_UNIT ( $, .RADIAN. ) );
#3367 =( GEOMETRIC_REPRESENTATION_CONTEXT ( 3 ) GLOBAL_UNCERTAINTY_ASSIGNED_CONTEXT ( ( #2862 ) ) GLOBAL_UNIT_ASSIGNED_CONTEXT ( ( #1190, #3297, #1935 ) ) REPRESENTATION_CONTEXT ( 'NONE', 'WORKASPACE' ) );
#3368 = UNCERTAINTY_MEASURE_WITH_UNIT (LENGTH_MEASURE( 1.000000000000000082E-05 ), #1104, 'distance_accuracy_value', 'NONE');
#3369 = EDGE_CURVE ( 'NONE', #2338, #1992, #1654, .T. ) ;
#3370 = SURFACE_SIDE_STYLE ('',( #1625 ) ) ;
#3371 = AXIS2_PLACEMENT_3D ( 'NONE', #4375, #567, #2215 ) ;
#3372 = CARTESIAN_POINT ( 'NONE',  ( 2.705000000000000959, -0.9249999999999998224, -0.3809999999999997278 ) ) ;
#3373 = ORIENTED_EDGE ( 'NONE', *, *, #265, .T. ) ;
#3374 = SURFACE_SIDE_STYLE ('',( #3349 ) ) ;
#3375 = STYLED_ITEM ( 'NONE', ( #4642 ), #5432 ) ;
#3376 = FILL_AREA_STYLE_COLOUR ( '', #510 ) ;
#3377 = ORIENTED_EDGE ( 'NONE', *, *, #1069, .T. ) ;
#3378 = AXIS2_PLACEMENT_3D ( 'NONE', #1041, #5284, #1911 ) ;
#3379 =( LENGTH_UNIT ( ) NAMED_UNIT ( * ) SI_UNIT ( .MILLI., .METRE. ) );
#3380 = SURFACE_SIDE_STYLE ('',( #1640 ) ) ;
#3381 = ORIENTED_EDGE ( 'NONE', *, *, #2671, .T. ) ;
#3382 =( GEOMETRIC_REPRESENTATION_CONTEXT ( 3 ) GLOBAL_UNCERTAINTY_ASSIGNED_CONTEXT ( ( #4835 ) ) GLOBAL_UNIT_ASSIGNED_CONTEXT ( ( #5239, #3130, #1226 ) ) REPRESENTATION_CONTEXT ( 'NONE', 'WORKASPACE' ) );
#3383 = LINE ( 'NONE', #5068, #4220 ) ;
#3384 = EDGE_CURVE ( 'NONE', #2206, #5282, #4133, .T. ) ;
#3385 = FACE_OUTER_BOUND ( 'NONE', #190, .T. ) ;
#3386 = DIRECTION ( 'NONE',  ( -0.9659258262890690894, -0.2588190451025179084, 0.0000000000000000000 ) ) ;
#3387 = LINE ( 'NONE', #5099, #760 ) ;
#3388 = AXIS2_PLACEMENT_3D ( 'NONE', #341, #5496, #3291 ) ;
#3389 = ORIENTED_EDGE ( 'NONE', *, *, #1546, .F. ) ;
#3390 = MECHANICAL_DESIGN_GEOMETRIC_PRESENTATION_REPRESENTATION (  '', ( #1211 ), #4183 ) ;
#3391 = FILL_AREA_STYLE_COLOUR ( '', #4711 ) ;
#3392 = FILL_AREA_STYLE_COLOUR ( '', #5320 ) ;
#3393 = PRESENTATION_LAYER_ASSIGNMENT (  '', '', ( #4010 ) ) ;
#3394 = EDGE_CURVE ( 'NONE', #5537, #5484, #3383, .T. ) ;
#3395 = EDGE_CURVE ( 'NONE', #4630, #3234, #2939, .T. ) ;
#3396 = DIRECTION ( 'NONE',  ( 0.0000000000000000000, -1.000000000000000000, 0.0000000000000000000 ) ) ;
#3397 = DIRECTION ( 'NONE',  ( 0.0000000000000000000, 1.000000000000000000, 0.0000000000000000000 ) ) ;
#3398 = PRESENTATION_LAYER_ASSIGNMENT (  '', '', ( #408 ) ) ;
#3399 = ORIENTED_EDGE ( 'NONE', *, *, #458, .F. ) ;
#3400 = DIRECTION ( 'NONE',  ( 0.0000000000000000000, 0.0000000000000000000, 1.000000000000000000 ) ) ;
#3401 = PRESENTATION_LAYER_ASSIGNMENT (  '', '', ( #237 ) ) ;
#3402 = FACE_OUTER_BOUND ( 'NONE', #4576, .T. ) ;
#3403 = SURFACE_STYLE_USAGE ( .BOTH. , #4758 ) ;
#3404 = ORIENTED_EDGE ( 'NONE', *, *, #2562, .T. ) ;
#3405 = PRESENTATION_LAYER_ASSIGNMENT (  '', '', ( #1146 ) ) ;
#3406 = SURFACE_SIDE_STYLE ('',( #3454 ) ) ;
#3407 = FILL_AREA_STYLE ('',( #1328 ) ) ;
#3408 = ORIENTED_EDGE ( 'NONE', *, *, #3395, .F. ) ;
#3409 = PRESENTATION_LAYER_ASSIGNMENT (  '', '', ( #1674 ) ) ;
#3410 =( LENGTH_UNIT ( ) NAMED_UNIT ( * ) SI_UNIT ( .MILLI., .METRE. ) );
#3411 = LINE ( 'NONE', #378, #1064 ) ;
#3412 = FILL_AREA_STYLE_COLOUR ( '', #1421 ) ;
#3413 = COLOUR_RGB ( '',0.2392156862745097867, 0.2588235294117646745, 0.2156862745098039325 ) ;
#3414 = COLOUR_RGB ( '',0.9058823529411764719, 0.9019607843137255054, 0.8862745098039215286 ) ;
#3415 =( NAMED_UNIT ( * ) SI_UNIT ( $, .STERADIAN. ) SOLID_ANGLE_UNIT ( ) );
#3416 = EDGE_CURVE ( 'NONE', #5050, #2626, #2857, .T. ) ;
#3417 = AXIS2_PLACEMENT_3D ( 'NONE', #2600, #3, #3448 ) ;
#3418 = EDGE_LOOP ( 'NONE', ( #5386, #3734, #4043, #1077 ) ) ;
#3419 = LINE ( 'NONE', #5134, #4246 ) ;
#3420 = CARTESIAN_POINT ( 'NONE',  ( 4.196278082636971440, -2.140219235476615633, 0.8890000000000003455 ) ) ;
#3421 = ORIENTED_EDGE ( 'NONE', *, *, #3790, .F. ) ;
#3422 =( NAMED_UNIT ( * ) SI_UNIT ( $, .STERADIAN. ) SOLID_ANGLE_UNIT ( ) );
#3423 = ADVANCED_FACE ( 'NONE', ( #3717 ), #2529, .T. ) ;
#3424 = UNCERTAINTY_MEASURE_WITH_UNIT (LENGTH_MEASURE( 1.000000000000000082E-05 ), #4941, 'distance_accuracy_value', 'NONE');
#3425 = MECHANICAL_DESIGN_GEOMETRIC_PRESENTATION_REPRESENTATION (  '', ( #4387 ), #1248 ) ;
#3426 = CARTESIAN_POINT ( 'NONE',  ( 3.564137829662604062, -2.276455224539564171, -0.3809999999999997278 ) ) ;
#3427 = CARTESIAN_POINT ( 'NONE',  ( 3.112956294435731408, -1.285773648798387292, -2.158999999999999808 ) ) ;
#3428 = PLANE ( 'NONE',  #1592 ) ;
#3429 = EDGE_LOOP ( 'NONE', ( #4459, #159, #3750, #4474 ) ) ;
#3430 = DIRECTION ( 'NONE',  ( 0.0000000000000000000, 0.0000000000000000000, 1.000000000000000000 ) ) ;
#3431 = EDGE_CURVE ( 'NONE', #1595, #3712, #5507, .T. ) ;
#3432 = PRESENTATION_STYLE_ASSIGNMENT (( #4204 ) ) ;
#3433 = AXIS2_PLACEMENT_3D ( 'NONE', #2633, #5178, #3046 ) ;
#3434 = ORIENTED_EDGE ( 'NONE', *, *, #1236, .F. ) ;
#3435 =( GEOMETRIC_REPRESENTATION_CONTEXT ( 3 ) GLOBAL_UNCERTAINTY_ASSIGNED_CONTEXT ( ( #2011 ) ) GLOBAL_UNIT_ASSIGNED_CONTEXT ( ( #3205, #2785, #2667 ) ) REPRESENTATION_CONTEXT ( 'NONE', 'WORKASPACE' ) );
#3436 = ORIENTED_EDGE ( 'NONE', *, *, #640, .F. ) ;
#3437 = ADVANCED_FACE ( 'NONE', ( #5095 ), #4620, .F. ) ;
#3438 = SURFACE_SIDE_STYLE ('',( #3457 ) ) ;
#3439 = DIRECTION ( 'NONE',  ( 1.000000000000000000, -0.0000000000000000000, -0.0000000000000000000 ) ) ;
#3440 = VERTEX_POINT ( 'NONE', #14 ) ;
#3441 = DIRECTION ( 'NONE',  ( 0.0000000000000000000, 0.0000000000000000000, 1.000000000000000000 ) ) ;
#3442 = PRESENTATION_STYLE_ASSIGNMENT (( #5107 ) ) ;
#3443 = MECHANICAL_DESIGN_GEOMETRIC_PRESENTATION_REPRESENTATION (  '', ( #3103 ), #5252 ) ;
#3444 = CARTESIAN_POINT ( 'NONE',  ( 3.591342854422812980, -1.887405244938233251, -1.650999999999999801 ) ) ;
#3445 = EDGE_CURVE ( 'NONE', #5231, #1612, #2641, .T. ) ;
#3446 =( LENGTH_UNIT ( ) NAMED_UNIT ( * ) SI_UNIT ( .MILLI., .METRE. ) );
#3447 = ORIENTED_EDGE ( 'NONE', *, *, #1708, .F. ) ;
#3448 = DIRECTION ( 'NONE',  ( -0.9975640502598241977, 0.06975647374412627388, 0.0000000000000000000 ) ) ;
#3449 = DIRECTION ( 'NONE',  ( -0.0000000000000000000, 1.000000000000000000, -0.0000000000000000000 ) ) ;
#3450 = MECHANICAL_DESIGN_GEOMETRIC_PRESENTATION_REPRESENTATION (  '', ( #922 ), #3367 ) ;
#3451 = SURFACE_STYLE_FILL_AREA ( #3104 ) ;
#3452 = ORIENTED_EDGE ( 'NONE', *, *, #4097, .F. ) ;
#3453 = PRESENTATION_LAYER_ASSIGNMENT (  '', '', ( #4632 ) ) ;
#3454 = SURFACE_STYLE_FILL_AREA ( #1695 ) ;
#3455 = ORIENTED_EDGE ( 'NONE', *, *, #4311, .T. ) ;
#3456 = EDGE_CURVE ( 'NONE', #3842, #3837, #1727, .T. ) ;
#3457 = SURFACE_STYLE_FILL_AREA ( #457 ) ;
#3458 = DIRECTION ( 'NONE',  ( -0.1391731009600577773, -0.9902680687415713612, 0.0000000000000000000 ) ) ;
#3459 =( NAMED_UNIT ( * ) SI_UNIT ( $, .STERADIAN. ) SOLID_ANGLE_UNIT ( ) );
#3460 = FACE_OUTER_BOUND ( 'NONE', #2441, .T. ) ;
#3461 = AXIS2_PLACEMENT_3D ( 'NONE', #1998, #3721, #4542 ) ;
#3462 = ORIENTED_EDGE ( 'NONE', *, *, #4895, .F. ) ;
#3463 = CIRCLE ( 'NONE', #4456, 0.2100000000000005473 ) ;
#3464 = VERTEX_POINT ( 'NONE', #4349 ) ;
#3465 = EDGE_CURVE ( 'NONE', #4903, #2338, #3603, .T. ) ;
#3466 = SURFACE_SIDE_STYLE ('',( #3497 ) ) ;
#3467 = UNCERTAINTY_MEASURE_WITH_UNIT (LENGTH_MEASURE( 1.000000000000000082E-05 ), #3572, 'distance_accuracy_value', 'NONE');
#3468 = CARTESIAN_POINT ( 'NONE',  ( 3.291204546809214371, -1.260722490625576953, -1.650999999999999801 ) ) ;
#3469 = EDGE_LOOP ( 'NONE', ( #3109, #1438, #5034, #481, #5589, #3567, #271, #1316, #4373, #3604, #4954, #464 ) ) ;
#3470 = CARTESIAN_POINT ( 'NONE',  ( 2.477243186433546018, 0.0000000000000000000, -2.462243186433545006 ) ) ;
#3471 = FILL_AREA_STYLE ('',( #4701 ) ) ;
#3472 = VERTEX_POINT ( 'NONE', #1760 ) ;
#3473 = MECHANICAL_DESIGN_GEOMETRIC_PRESENTATION_REPRESENTATION (  '', ( #3298 ), #4655 ) ;
#3474 = DIRECTION ( 'NONE',  ( -1.000000000000000000, 1.032573497605245971E-15, 0.0000000000000000000 ) ) ;
#3475 = DIRECTION ( 'NONE',  ( -0.0000000000000000000, -0.0000000000000000000, -1.000000000000000000 ) ) ;
#3476 = UNCERTAINTY_MEASURE_WITH_UNIT (LENGTH_MEASURE( 1.000000000000000082E-05 ), #3032, 'distance_accuracy_value', 'NONE');
#3477 = ADVANCED_FACE ( 'NONE', ( #4244 ), #3936, .F. ) ;
#3478 = COLOUR_RGB ( '',0.9058823529411764719, 0.9019607843137255054, 0.8862745098039215286 ) ;
#3479 = DIRECTION ( 'NONE',  ( 1.000000000000000000, 0.0000000000000000000, -0.0000000000000000000 ) ) ;
#3480 = SURFACE_STYLE_USAGE ( .BOTH. , #2634 ) ;
#3481 = ORIENTED_EDGE ( 'NONE', *, *, #241, .T. ) ;
#3482 = CARTESIAN_POINT ( 'NONE',  ( -2.705000000000000959, -1.104999999999999760, 2.159000000000000252 ) ) ;
#3483 = LINE ( 'NONE', #4647, #379 ) ;
#3484 = PLANE ( 'NONE',  #777 ) ;
#3485 = COLOUR_RGB ( '',0.9058823529411764719, 0.9019607843137255054, 0.8862745098039215286 ) ;
#3486 = VERTEX_POINT ( 'NONE', #436 ) ;
#3487 = CARTESIAN_POINT ( 'NONE',  ( 2.705000000000000959, -0.9249999999999998224, 0.3810000000000003939 ) ) ;
#3488 = CIRCLE ( 'NONE', #62, 0.2099999999999992428 ) ;
#3489 = DIRECTION ( 'NONE',  ( -0.0000000000000000000, -0.0000000000000000000, -1.000000000000000000 ) ) ;
#3490 = DIRECTION ( 'NONE',  ( -0.0000000000000000000, -0.0000000000000000000, -1.000000000000000000 ) ) ;
#3491 = EDGE_CURVE ( 'NONE', #1252, #3865, #2612, .T. ) ;
#3492 =( GEOMETRIC_REPRESENTATION_CONTEXT ( 3 ) GLOBAL_UNCERTAINTY_ASSIGNED_CONTEXT ( ( #5110 ) ) GLOBAL_UNIT_ASSIGNED_CONTEXT ( ( #4106, #4860, #1504 ) ) REPRESENTATION_CONTEXT ( 'NONE', 'WORKASPACE' ) );
#3493 = ORIENTED_EDGE ( 'NONE', *, *, #650, .T. ) ;
#3494 = VECTOR ( 'NONE', #804, 1000.000000000000000 ) ;
#3495 = AXIS2_PLACEMENT_3D ( 'NONE', #2555, #2669, #2182 ) ;
#3496 = ORIENTED_EDGE ( 'NONE', *, *, #534, .F. ) ;
#3497 = SURFACE_STYLE_FILL_AREA ( #1739 ) ;
#3498 = VECTOR ( 'NONE', #1164, 1000.000000000000000 ) ;
#3499 = DIRECTION ( 'NONE',  ( -0.0000000000000000000, -0.0000000000000000000, -1.000000000000000000 ) ) ;
#3500 = VERTEX_POINT ( 'NONE', #1276 ) ;
#3501 = DIRECTION ( 'NONE',  ( 0.0000000000000000000, -0.0000000000000000000, -1.000000000000000000 ) ) ;
#3502 = ORIENTED_EDGE ( 'NONE', *, *, #140, .F. ) ;
#3503 = STYLED_ITEM ( 'NONE', ( #5597 ), #2661 ) ;
#3504 = FACE_OUTER_BOUND ( 'NONE', #4098, .T. ) ;
#3505 = SURFACE_STYLE_USAGE ( .BOTH. , #4757 ) ;
#3506 = VECTOR ( 'NONE', #949, 1000.000000000000114 ) ;
#3507 =( LENGTH_UNIT ( ) NAMED_UNIT ( * ) SI_UNIT ( .MILLI., .METRE. ) );
#3508 = SURFACE_STYLE_FILL_AREA ( #3895 ) ;
#3509 = EDGE_LOOP ( 'NONE', ( #5468, #4084, #4016, #5456 ) ) ;
#3510 = DIRECTION ( 'NONE',  ( 0.0000000000000000000, 0.0000000000000000000, 1.000000000000000000 ) ) ;
#3511 = VECTOR ( 'NONE', #4705, 1000.000000000000000 ) ;
#3512 = CARTESIAN_POINT ( 'NONE',  ( 2.905000000000000693, -0.9249999999999993783, 2.159000000000000252 ) ) ;
#3513 = DIRECTION ( 'NONE',  ( -0.0000000000000000000, -0.0000000000000000000, -1.000000000000000000 ) ) ;
#3514 = VERTEX_POINT ( 'NONE', #376 ) ;
#3515 = CARTESIAN_POINT ( 'NONE',  ( 3.291204546809214371, -1.260722490625576953, -2.158999999999999808 ) ) ;
#3516 = VECTOR ( 'NONE', #3156, 1000.000000000000000 ) ;
#3517 = CARTESIAN_POINT ( 'NONE',  ( -3.291204546809214371, -1.260722490625576953, -2.158999999999999808 ) ) ;
#3518 = EDGE_CURVE ( 'NONE', #3974, #4432, #1357, .T. ) ;
#3519 = DIRECTION ( 'NONE',  ( 0.0000000000000000000, 0.0000000000000000000, 1.000000000000000000 ) ) ;
#3520 =( LENGTH_UNIT ( ) NAMED_UNIT ( * ) SI_UNIT ( .MILLI., .METRE. ) );
#3521 = CARTESIAN_POINT ( 'NONE',  ( 3.291204546809214371, -1.260722490625576953, -0.8889999999999996794 ) ) ;
#3522 = ORIENTED_EDGE ( 'NONE', *, *, #1350, .T. ) ;
#3523 = LINE ( 'NONE', #4022, #2424 ) ;
#3524 = DIRECTION ( 'NONE',  ( -1.000000000000000000, 0.0000000000000000000, -0.0000000000000000000 ) ) ;
#3525 = UNCERTAINTY_MEASURE_WITH_UNIT (LENGTH_MEASURE( 1.000000000000000082E-05 ), #1013, 'distance_accuracy_value', 'NONE');
#3526 = CARTESIAN_POINT ( 'NONE',  ( -3.112956294435731408, -1.285773648798387292, 0.3810000000000003939 ) ) ;
#3527 = VERTEX_POINT ( 'NONE', #1793 ) ;
#3528 =( LENGTH_UNIT ( ) NAMED_UNIT ( * ) SI_UNIT ( .MILLI., .METRE. ) );
#3529 = DIRECTION ( 'NONE',  ( 1.000000000000000000, -0.0000000000000000000, -0.0000000000000000000 ) ) ;
#3530 = ORIENTED_EDGE ( 'NONE', *, *, #893, .T. ) ;
#3531 = AXIS2_PLACEMENT_3D ( 'NONE', #4264, #2575, #5554 ) ;
#3532 = ADVANCED_FACE ( 'NONE', ( #2106 ), #5561, .F. ) ;
#3533 = FACE_OUTER_BOUND ( 'NONE', #3771, .T. ) ;
#3534 = SURFACE_STYLE_FILL_AREA ( #3565 ) ;
#3535 = ORIENTED_EDGE ( 'NONE', *, *, #1671, .T. ) ;
#3536 = DIRECTION ( 'NONE',  ( -0.0000000000000000000, -0.0000000000000000000, -1.000000000000000000 ) ) ;
#3537 = EDGE_CURVE ( 'NONE', #3911, #1252, #1694, .T. ) ;
#3538 = DIRECTION ( 'NONE',  ( -0.0000000000000000000, -0.0000000000000000000, -1.000000000000000000 ) ) ;
#3539 =( NAMED_UNIT ( * ) SI_UNIT ( $, .STERADIAN. ) SOLID_ANGLE_UNIT ( ) );
#3540 = VECTOR ( 'NONE', #1712, 1000.000000000000000 ) ;
#3541 = AXIS2_PLACEMENT_3D ( 'NONE', #78, #3546, #5248 ) ;
#3542 = ORIENTED_EDGE ( 'NONE', *, *, #2127, .F. ) ;
#3543 = SURFACE_STYLE_USAGE ( .BOTH. , #2712 ) ;
#3544 = PRESENTATION_LAYER_ASSIGNMENT (  '', '', ( #3025 ) ) ;
#3545 = DIRECTION ( 'NONE',  ( 0.0000000000000000000, 0.0000000000000000000, 1.000000000000000000 ) ) ;
#3546 = DIRECTION ( 'NONE',  ( -0.0000000000000000000, 1.000000000000000000, -0.0000000000000000000 ) ) ;
#3547 = EDGE_CURVE ( 'NONE', #1036, #2236, #1449, .T. ) ;
#3548 = VERTEX_POINT ( 'NONE', #1394 ) ;
#3549 = CARTESIAN_POINT ( 'NONE',  ( -3.112956294435731408, -1.285773648798387292, -0.8889999999999996794 ) ) ;
#3550 = PLANE ( 'NONE',  #2954 ) ;
#3551 = STYLED_ITEM ( 'NONE', ( #4051 ), #50 ) ;
#3552 = SURFACE_SIDE_STYLE ('',( #1889 ) ) ;
#3553 = ORIENTED_EDGE ( 'NONE', *, *, #2102, .F. ) ;
#3554 = MECHANICAL_DESIGN_GEOMETRIC_PRESENTATION_REPRESENTATION (  '', ( #4995 ), #3382 ) ;
#3555 = CARTESIAN_POINT ( 'NONE',  ( -2.905000000000000693, -1.314999999999999725, -0.3809999999999997278 ) ) ;
#3556 = CARTESIAN_POINT ( 'NONE',  ( -3.564137829662604062, -2.276455224539564171, -0.8889999999999996794 ) ) ;
#3557 =( LENGTH_UNIT ( ) NAMED_UNIT ( * ) SI_UNIT ( .MILLI., .METRE. ) );
#3558 = ORIENTED_EDGE ( 'NONE', *, *, #3880, .T. ) ;
#3559 = LINE ( 'NONE', #1864, #1508 ) ;
#3560 = CARTESIAN_POINT ( 'NONE',  ( 3.383386559987083597, -1.916631596139845684, -0.3809999999999997278 ) ) ;
#3561 = EDGE_CURVE ( 'NONE', #4585, #5458, #710, .T. ) ;
#3562 =( NAMED_UNIT ( * ) PLANE_ANGLE_UNIT ( ) SI_UNIT ( $, .RADIAN. ) );
#3563 = ADVANCED_FACE ( 'NONE', ( #5306 ), #2737, .F. ) ;
#3564 = SURFACE_SIDE_STYLE ('',( #940 ) ) ;
#3565 = FILL_AREA_STYLE ('',( #1843 ) ) ;
#3566 = VECTOR ( 'NONE', #2367, 1000.000000000000000 ) ;
#3567 = ORIENTED_EDGE ( 'NONE', *, *, #1635, .T. ) ;
#3568 = CARTESIAN_POINT ( 'NONE',  ( 2.705000000000000959, -0.9249999999999998224, 0.3810000000000003939 ) ) ;
#3569 = CARTESIAN_POINT ( 'NONE',  ( -3.591342854422812980, -1.887405244938233251, -2.158999999999999808 ) ) ;
#3570 = ORIENTED_EDGE ( 'NONE', *, *, #4242, .T. ) ;
#3571 = PRESENTATION_LAYER_ASSIGNMENT (  '', '', ( #3045 ) ) ;
#3572 =( LENGTH_UNIT ( ) NAMED_UNIT ( * ) SI_UNIT ( .MILLI., .METRE. ) );
#3573 = CARTESIAN_POINT ( 'NONE',  ( 2.365350893205780736, -2.447587723301420493, -2.350350893205779279 ) ) ;
#3574 = CARTESIAN_POINT ( 'NONE',  ( -2.905000000000000693, -1.104999999999999538, -1.650999999999999801 ) ) ;
#3575 = PRESENTATION_LAYER_ASSIGNMENT (  '', '', ( #2869 ) ) ;
#3576 = FILL_AREA_STYLE_COLOUR ( '', #833 ) ;
#3577 = SURFACE_STYLE_USAGE ( .BOTH. , #1453 ) ;
#3578 = VECTOR ( 'NONE', #2238, 1000.000000000000000 ) ;
#3579 = SURFACE_SIDE_STYLE ('',( #2746 ) ) ;
#3580 = DIRECTION ( 'NONE',  ( 0.0000000000000000000, 0.0000000000000000000, 1.000000000000000000 ) ) ;
#3581 = AXIS2_PLACEMENT_3D ( 'NONE', #3824, #3004, #4600 ) ;
#3582 = DIRECTION ( 'NONE',  ( 1.000000000000000000, 1.032573497605245971E-15, 0.0000000000000000000 ) ) ;
#3583 = UNCERTAINTY_MEASURE_WITH_UNIT (LENGTH_MEASURE( 1.000000000000000082E-05 ), #2784, 'distance_accuracy_value', 'NONE');
#3584 = CARTESIAN_POINT ( 'NONE',  ( -2.705000000000000959, -1.179999999999988392, -2.689999999999999503 ) ) ;
#3585 = MECHANICAL_DESIGN_GEOMETRIC_PRESENTATION_REPRESENTATION (  '', ( #4488 ), #3060 ) ;
#3586 = ORIENTED_EDGE ( 'NONE', *, *, #2433, .T. ) ;
#3587 = PLANE ( 'NONE',  #4751 ) ;
#3588 = SURFACE_SIDE_STYLE ('',( #3976 ) ) ;
#3589 = EDGE_CURVE ( 'NONE', #148, #3317, #4901, .T. ) ;
#3590 = ORIENTED_EDGE ( 'NONE', *, *, #2393, .T. ) ;
#3591 = CARTESIAN_POINT ( 'NONE',  ( 2.905000000000000693, -1.314999999999999725, -0.3809999999999997278 ) ) ;
#3592 = PRESENTATION_STYLE_ASSIGNMENT (( #3202 ) ) ;
#3593 = UNCERTAINTY_MEASURE_WITH_UNIT (LENGTH_MEASURE( 1.000000000000000082E-05 ), #3112, 'distance_accuracy_value', 'NONE');
#3594 = STYLED_ITEM ( 'NONE', ( #3887 ), #2458 ) ;
#3595 = CARTESIAN_POINT ( 'NONE',  ( 3.383386559987083597, -1.916631596139845684, -2.158999999999999808 ) ) ;
#3596 = EDGE_CURVE ( 'NONE', #5305, #3058, #4446, .T. ) ;
#3597 = AXIS2_PLACEMENT_3D ( 'NONE', #5430, #1107, #1177 ) ;
#3598 = CARTESIAN_POINT ( 'NONE',  ( 3.576693994936546606, -2.096893695492795917, -1.650999999999999801 ) ) ;
#3599 = VECTOR ( 'NONE', #4004, 1000.000000000000000 ) ;
#3600 = EDGE_LOOP ( 'NONE', ( #4706, #5238, #929, #4876 ) ) ;
#3601 = CARTESIAN_POINT ( 'NONE',  ( -2.905000000000000693, -1.314999999999999725, -0.3809999999999997278 ) ) ;
#3602 = SURFACE_STYLE_USAGE ( .BOTH. , #2734 ) ;
#3603 = CIRCLE ( 'NONE', #2156, 0.2099999999999992428 ) ;
#3604 = ORIENTED_EDGE ( 'NONE', *, *, #61, .T. ) ;
#3605 = FILL_AREA_STYLE ('',( #102 ) ) ;
#3606 = DIRECTION ( 'NONE',  ( 1.000000000000000000, -0.0000000000000000000, -0.0000000000000000000 ) ) ;
#3607 = ORIENTED_EDGE ( 'NONE', *, *, #4236, .F. ) ;
#3608 = VECTOR ( 'NONE', #852, 1000.000000000000000 ) ;
#3609 = DIRECTION ( 'NONE',  ( 1.000000000000000000, 0.0000000000000000000, -0.0000000000000000000 ) ) ;
#3610 = DIRECTION ( 'NONE',  ( 0.0000000000000000000, 0.0000000000000000000, -1.000000000000000000 ) ) ;
#3611 = EDGE_CURVE ( 'NONE', #5429, #208, #2257, .T. ) ;
#3612 = FILL_AREA_STYLE ('',( #2228 ) ) ;
#3613 = CARTESIAN_POINT ( 'NONE',  ( -2.705000000000000959, -0.9249999999999998224, 0.8890000000000003455 ) ) ;
#3614 = ORIENTED_EDGE ( 'NONE', *, *, #1588, .T. ) ;
#3615 =( NAMED_UNIT ( * ) PLANE_ANGLE_UNIT ( ) SI_UNIT ( $, .RADIAN. ) );
#3616 = SURFACE_STYLE_USAGE ( .BOTH. , #3588 ) ;
#3617 = EDGE_LOOP ( 'NONE', ( #4873, #1653, #1326, #2280, #5025, #2618, #4400, #263, #5172, #4328, #1183, #1090 ) ) ;
#3618 = DIRECTION ( 'NONE',  ( 0.0000000000000000000, 1.000000000000000000, 0.0000000000000000000 ) ) ;
#3619 =( NAMED_UNIT ( * ) PLANE_ANGLE_UNIT ( ) SI_UNIT ( $, .RADIAN. ) );
#3620 = PRESENTATION_STYLE_ASSIGNMENT (( #5028 ) ) ;
#3621 = EDGE_CURVE ( 'NONE', #2401, #1792, #2310, .T. ) ;
#3622 = DIRECTION ( 'NONE',  ( -0.0000000000000000000, -0.0000000000000000000, -1.000000000000000000 ) ) ;
#3623 = ORIENTED_EDGE ( 'NONE', *, *, #4795, .F. ) ;
#3624 = CYLINDRICAL_SURFACE ( 'NONE', #3990, 0.3899999999999997358 ) ;
#3625 = ORIENTED_EDGE ( 'NONE', *, *, #2408, .F. ) ;
#3626 = DIRECTION ( 'NONE',  ( -0.0000000000000000000, -0.0000000000000000000, -1.000000000000000000 ) ) ;
#3627 = ORIENTED_EDGE ( 'NONE', *, *, #1530, .T. ) ;
#3628 = FILL_AREA_STYLE_COLOUR ( '', #3413 ) ;
#3629 = MECHANICAL_DESIGN_GEOMETRIC_PRESENTATION_REPRESENTATION (  '', ( #110 ), #1823 ) ;
#3630 = PRESENTATION_LAYER_ASSIGNMENT (  '', '', ( #4983 ) ) ;
#3631 = CARTESIAN_POINT ( 'NONE',  ( -3.576693994936546606, -2.096893695492795917, 1.651000000000000023 ) ) ;
#3632 = ADVANCED_FACE ( 'NONE', ( #2360 ), #4841, .F. ) ;
#3633 = COLOUR_RGB ( '',0.5019607843137254832, 0.5019607843137254832, 0.5019607843137254832 ) ;
#3634 = VECTOR ( 'NONE', #3610, 1000.000000000000000 ) ;
#3635 = DIRECTION ( 'NONE',  ( -1.000000000000000000, 1.032573497605245971E-15, 0.0000000000000000000 ) ) ;
#3636 = DIRECTION ( 'NONE',  ( -0.0000000000000000000, -0.0000000000000000000, -1.000000000000000000 ) ) ;
#3637 = UNCERTAINTY_MEASURE_WITH_UNIT (LENGTH_MEASURE( 1.000000000000000082E-05 ), #4174, 'distance_accuracy_value', 'NONE');
#3638 = ORIENTED_EDGE ( 'NONE', *, *, #5136, .T. ) ;
#3639 = SURFACE_STYLE_USAGE ( .BOTH. , #1945 ) ;
#3640 =( GEOMETRIC_REPRESENTATION_CONTEXT ( 3 ) GLOBAL_UNCERTAINTY_ASSIGNED_CONTEXT ( ( #1663 ) ) GLOBAL_UNIT_ASSIGNED_CONTEXT ( ( #6, #2494, #1631 ) ) REPRESENTATION_CONTEXT ( 'NONE', 'WORKASPACE' ) );
#3641 = DIRECTION ( 'NONE',  ( -0.06975647374412492774, -0.9975640502598243087, 0.0000000000000000000 ) ) ;
#3642 = ORIENTED_EDGE ( 'NONE', *, *, #203, .F. ) ;
#3643 = SURFACE_STYLE_FILL_AREA ( #93 ) ;
#3644 = SURFACE_SIDE_STYLE ('',( #3264 ) ) ;
#3645 = CIRCLE ( 'NONE', #3378, 0.3899999999999992917 ) ;
#3646 = DIRECTION ( 'NONE',  ( -0.0000000000000000000, -0.0000000000000000000, -1.000000000000000000 ) ) ;
#3647 = SURFACE_STYLE_FILL_AREA ( #4871 ) ;
#3648 = EDGE_LOOP ( 'NONE', ( #616, #1339, #3296, #5145 ) ) ;
#3649 = VECTOR ( 'NONE', #1874, 1000.000000000000000 ) ;
#3650 = EDGE_CURVE ( 'NONE', #2662, #3888, #660, .T. ) ;
#3651 = SURFACE_STYLE_FILL_AREA ( #1495 ) ;
#3652 = ORIENTED_EDGE ( 'NONE', *, *, #1546, .T. ) ;
#3653 = COLOUR_RGB ( '',0.9058823529411764719, 0.9019607843137255054, 0.8862745098039215286 ) ;
#3654 = SURFACE_STYLE_USAGE ( .BOTH. , #1931 ) ;
#3655 = SURFACE_STYLE_USAGE ( .BOTH. , #5389 ) ;
#3656 = ORIENTED_EDGE ( 'NONE', *, *, #4229, .F. ) ;
#3657 = LINE ( 'NONE', #2956, #168 ) ;
#3658 = EDGE_CURVE ( 'NONE', #4613, #2998, #5061, .T. ) ;
#3659 = CARTESIAN_POINT ( 'NONE',  ( 3.564137829662604062, -2.276455224539564171, 0.3810000000000003939 ) ) ;
#3660 = LINE ( 'NONE', #2910, #4019 ) ;
#3661 = AXIS2_PLACEMENT_3D ( 'NONE', #3947, #2116, #868 ) ;
#3662 = DIRECTION ( 'NONE',  ( -1.000000000000000000, 1.032573497605245971E-15, 0.0000000000000000000 ) ) ;
#3663 = ADVANCED_FACE ( 'NONE', ( #2387 ), #5500, .F. ) ;
#3664 = DIRECTION ( 'NONE',  ( 0.0000000000000000000, 0.0000000000000000000, 1.000000000000000000 ) ) ;
#3665 = EDGE_CURVE ( 'NONE', #2183, #2626, #2466, .T. ) ;
#3666 = LINE ( 'NONE', #610, #1300 ) ;
#3667 = MECHANICAL_DESIGN_GEOMETRIC_PRESENTATION_REPRESENTATION (  '', ( #1577 ), #2045 ) ;
#3668 = ORIENTED_EDGE ( 'NONE', *, *, #3823, .T. ) ;
#3669 = DIRECTION ( 'NONE',  ( 0.0000000000000000000, -0.0000000000000000000, -1.000000000000000000 ) ) ;
#3670 = ORIENTED_EDGE ( 'NONE', *, *, #4595, .T. ) ;
#3671 = FACE_OUTER_BOUND ( 'NONE', #3242, .T. ) ;
#3672 = CARTESIAN_POINT ( 'NONE',  ( 4.196278082636971440, -2.140219235476615633, -0.3809999999999997278 ) ) ;
#3673 = ORIENTED_EDGE ( 'NONE', *, *, #4896, .T. ) ;
#3674 = AXIS2_PLACEMENT_3D ( 'NONE', #1731, #4185, #834 ) ;
#3675 = AXIS2_PLACEMENT_3D ( 'NONE', #4893, #2759, #593 ) ;
#3676 = CARTESIAN_POINT ( 'NONE',  ( 4.183721917363029341, -2.319780764523383887, -2.158999999999999808 ) ) ;
#3677 = CARTESIAN_POINT ( 'NONE',  ( 3.591342854422812980, -1.887405244938233251, 0.3810000000000003939 ) ) ;
#3678 = ORIENTED_EDGE ( 'NONE', *, *, #1788, .F. ) ;
#3679 = VECTOR ( 'NONE', #935, 1000.000000000000000 ) ;
#3680 = AXIS2_PLACEMENT_3D ( 'NONE', #5549, #5293, #3641 ) ;
#3681 = SURFACE_STYLE_USAGE ( .BOTH. , #2525 ) ;
#3682 = ORIENTED_EDGE ( 'NONE', *, *, #3456, .F. ) ;
#3683 = MECHANICAL_DESIGN_GEOMETRIC_PRESENTATION_REPRESENTATION (  '', ( #2254 ), #343 ) ;
#3684 = FILL_AREA_STYLE_COLOUR ( '', #4805 ) ;
#3685 = VECTOR ( 'NONE', #465, 1000.000000000000000 ) ;
#3686 =( NAMED_UNIT ( * ) PLANE_ANGLE_UNIT ( ) SI_UNIT ( $, .RADIAN. ) );
#3687 =( LENGTH_UNIT ( ) NAMED_UNIT ( * ) SI_UNIT ( .MILLI., .METRE. ) );
#3688 = ADVANCED_FACE ( 'NONE', ( #3739 ), #2851, .T. ) ;
#3689 = MECHANICAL_DESIGN_GEOMETRIC_PRESENTATION_REPRESENTATION (  '', ( #4864 ), #3778 ) ;
#3690 = DIRECTION ( 'NONE',  ( -1.000000000000000000, 0.0000000000000000000, -0.0000000000000000000 ) ) ;
#3691 = DIRECTION ( 'NONE',  ( 0.0000000000000000000, 0.0000000000000000000, 1.000000000000000000 ) ) ;
#3692 = DIRECTION ( 'NONE',  ( -0.0000000000000000000, -0.0000000000000000000, -1.000000000000000000 ) ) ;
#3693 =( GEOMETRIC_REPRESENTATION_CONTEXT ( 3 ) GLOBAL_UNCERTAINTY_ASSIGNED_CONTEXT ( ( #2457 ) ) GLOBAL_UNIT_ASSIGNED_CONTEXT ( ( #345, #2073, #5416 ) ) REPRESENTATION_CONTEXT ( 'NONE', 'WORKASPACE' ) );
#3694 = UNCERTAINTY_MEASURE_WITH_UNIT (LENGTH_MEASURE( 1.000000000000000082E-05 ), #4420, 'distance_accuracy_value', 'NONE');
#3695 = LINE ( 'NONE', #638, #289 ) ;
#3696 = VERTEX_POINT ( 'NONE', #1691 ) ;
#3697 = DIRECTION ( 'NONE',  ( -1.000000000000000000, 0.0000000000000000000, 0.0000000000000000000 ) ) ;
#3698 = VECTOR ( 'NONE', #3040, 1000.000000000000114 ) ;
#3699 = FACE_OUTER_BOUND ( 'NONE', #3364, .T. ) ;
#3700 = ORIENTED_EDGE ( 'NONE', *, *, #5250, .T. ) ;
#3701 = DIRECTION ( 'NONE',  ( -1.000000000000000000, 0.0000000000000000000, 0.0000000000000000000 ) ) ;
#3702 = CARTESIAN_POINT ( 'NONE',  ( -2.705000000000000959, -0.9249999999999998224, 0.8890000000000003455 ) ) ;
#3703 = UNCERTAINTY_MEASURE_WITH_UNIT (LENGTH_MEASURE( 1.000000000000000082E-05 ), #2375, 'distance_accuracy_value', 'NONE');
#3704 = CARTESIAN_POINT ( 'NONE',  ( -4.183721917363029341, -2.319780764523383887, 2.159000000000000252 ) ) ;
#3705 = DIRECTION ( 'NONE',  ( -1.000000000000000000, 0.0000000000000000000, 0.0000000000000000000 ) ) ;
#3706 = ORIENTED_EDGE ( 'NONE', *, *, #4363, .F. ) ;
#3707 = EDGE_CURVE ( 'NONE', #800, #1444, #4265, .T. ) ;
#3708 = LINE ( 'NONE', #1956, #1748 ) ;
#3709 = CARTESIAN_POINT ( 'NONE',  ( 2.905000000000000693, -1.104999999999999538, -2.158999999999999808 ) ) ;
#3710 = EDGE_LOOP ( 'NONE', ( #4527, #2599, #1666, #4981 ) ) ;
#3711 = LINE ( 'NONE', #4208, #605 ) ;
#3712 = VERTEX_POINT ( 'NONE', #3869 ) ;
#3713 = ADVANCED_FACE ( 'NONE', ( #3402 ), #2606, .F. ) ;
#3714 = FILL_AREA_STYLE_COLOUR ( '', #119 ) ;
#3715 = FACE_OUTER_BOUND ( 'NONE', #4267, .T. ) ;
#3716 = VECTOR ( 'NONE', #3007, 1000.000000000000114 ) ;
#3717 = FACE_OUTER_BOUND ( 'NONE', #1353, .T. ) ;
#3718 = COLOUR_RGB ( '',0.9058823529411764719, 0.9019607843137255054, 0.8862745098039215286 ) ;
#3719 = DIRECTION ( 'NONE',  ( 1.000000000000000000, 1.032573497605245971E-15, 0.0000000000000000000 ) ) ;
#3720 =( NAMED_UNIT ( * ) SI_UNIT ( $, .STERADIAN. ) SOLID_ANGLE_UNIT ( ) );
#3721 = DIRECTION ( 'NONE',  ( -0.0000000000000000000, -0.0000000000000000000, -1.000000000000000000 ) ) ;
#3722 = EDGE_CURVE ( 'NONE', #1355, #3500, #5149, .T. ) ;
#3723 = EDGE_CURVE ( 'NONE', #671, #2264, #398, .T. ) ;
#3724 = AXIS2_PLACEMENT_3D ( 'NONE', #4141, #270, #2832 ) ;
#3725 = ORIENTED_EDGE ( 'NONE', *, *, #4868, .F. ) ;
#3726 = CARTESIAN_POINT ( 'NONE',  ( 3.591342854422812980, -1.887405244938233251, 2.159000000000000252 ) ) ;
#3727 = ORIENTED_EDGE ( 'NONE', *, *, #4601, .T. ) ;
#3728 = DIRECTION ( 'NONE',  ( -1.000000000000000000, 0.0000000000000000000, 0.0000000000000000000 ) ) ;
#3729 = CARTESIAN_POINT ( 'NONE',  ( 2.905000000000000693, -1.104999999999999538, 1.651000000000000023 ) ) ;
#3730 = SURFACE_STYLE_FILL_AREA ( #3265 ) ;
#3731 =( GEOMETRIC_REPRESENTATION_CONTEXT ( 3 ) GLOBAL_UNCERTAINTY_ASSIGNED_CONTEXT ( ( #4674 ) ) GLOBAL_UNIT_ASSIGNED_CONTEXT ( ( #1513, #1052, #2898 ) ) REPRESENTATION_CONTEXT ( 'NONE', 'WORKASPACE' ) );
#3732 =( LENGTH_UNIT ( ) NAMED_UNIT ( * ) SI_UNIT ( .MILLI., .METRE. ) );
#3733 = CARTESIAN_POINT ( 'NONE',  ( -4.196278082636971440, -2.140219235476615633, -0.3809999999999997278 ) ) ;
#3734 = ORIENTED_EDGE ( 'NONE', *, *, #3611, .F. ) ;
#3735 = EDGE_CURVE ( 'NONE', #3140, #2967, #2130, .T. ) ;
#3736 = SURFACE_STYLE_USAGE ( .BOTH. , #5037 ) ;
#3737 = AXIS2_PLACEMENT_3D ( 'NONE', #4656, #294, #242 ) ;
#3738 = VERTEX_POINT ( 'NONE', #4786 ) ;
#3739 = FACE_OUTER_BOUND ( 'NONE', #2151, .T. ) ;
#3740 =( NAMED_UNIT ( * ) PLANE_ANGLE_UNIT ( ) SI_UNIT ( $, .RADIAN. ) );
#3741 = ORIENTED_EDGE ( 'NONE', *, *, #595, .F. ) ;
#3742 = FACE_OUTER_BOUND ( 'NONE', #4492, .T. ) ;
#3743 =( LENGTH_UNIT ( ) NAMED_UNIT ( * ) SI_UNIT ( .MILLI., .METRE. ) );
#3744 = VECTOR ( 'NONE', #2208, 1000.000000000000000 ) ;
#3745 = SURFACE_STYLE_USAGE ( .BOTH. , #5397 ) ;
#3746 = AXIS2_PLACEMENT_3D ( 'NONE', #3613, #3252, #578 ) ;
#3747 = DIRECTION ( 'NONE',  ( 0.0000000000000000000, 0.0000000000000000000, 1.000000000000000000 ) ) ;
#3748 = FACE_OUTER_BOUND ( 'NONE', #4092, .T. ) ;
#3749 = VECTOR ( 'NONE', #2474, 1000.000000000000000 ) ;
#3750 = ORIENTED_EDGE ( 'NONE', *, *, #2305, .F. ) ;
#3751 = ORIENTED_EDGE ( 'NONE', *, *, #5400, .F. ) ;
#3752 =( NAMED_UNIT ( * ) SI_UNIT ( $, .STERADIAN. ) SOLID_ANGLE_UNIT ( ) );
#3753 = VECTOR ( 'NONE', #1797, 1000.000000000000000 ) ;
#3754 = DIRECTION ( 'NONE',  ( -1.000000000000000000, 0.0000000000000000000, 0.0000000000000000000 ) ) ;
#3755 = UNCERTAINTY_MEASURE_WITH_UNIT (LENGTH_MEASURE( 1.000000000000000082E-05 ), #3732, 'distance_accuracy_value', 'NONE');
#3756 =( LENGTH_UNIT ( ) NAMED_UNIT ( * ) SI_UNIT ( .MILLI., .METRE. ) );
#3757 = SURFACE_STYLE_USAGE ( .BOTH. , #1137 ) ;
#3758 = EDGE_CURVE ( 'NONE', #4968, #3738, #4342, .T. ) ;
#3759 = LINE ( 'NONE', #1181, #1325 ) ;
#3760 = ORIENTED_EDGE ( 'NONE', *, *, #5286, .F. ) ;
#3761 =( NAMED_UNIT ( * ) SI_UNIT ( $, .STERADIAN. ) SOLID_ANGLE_UNIT ( ) );
#3762 = MECHANICAL_DESIGN_GEOMETRIC_PRESENTATION_REPRESENTATION (  '', ( #418 ), #4483 ) ;
#3763 = FILL_AREA_STYLE ('',( #3321 ) ) ;
#3764 = AXIS2_PLACEMENT_3D ( 'NONE', #4215, #2503, #3031 ) ;
#3765 = PRESENTATION_STYLE_ASSIGNMENT (( #371 ) ) ;
#3766 =( GEOMETRIC_REPRESENTATION_CONTEXT ( 3 ) GLOBAL_UNCERTAINTY_ASSIGNED_CONTEXT ( ( #86 ) ) GLOBAL_UNIT_ASSIGNED_CONTEXT ( ( #769, #5210, #4321 ) ) REPRESENTATION_CONTEXT ( 'NONE', 'WORKASPACE' ) );
#3767 = ORIENTED_EDGE ( 'NONE', *, *, #719, .F. ) ;
#3768 = DIRECTION ( 'NONE',  ( -0.9975640502598243087, 0.06975647374412492774, 0.0000000000000000000 ) ) ;
#3769 = CARTESIAN_POINT ( 'NONE',  ( 3.205138307613600634, -1.941682754312656023, 0.3810000000000003939 ) ) ;
#3770 = AXIS2_PLACEMENT_3D ( 'NONE', #1094, #4640, #1066 ) ;
#3771 = EDGE_LOOP ( 'NONE', ( #3935, #1827, #4329, #887, #2684, #5501, #2090, #1636, #2086, #1128, #525, #287 ) ) ;
#3772 = VECTOR ( 'NONE', #4612, 1000.000000000000000 ) ;
#3773 = DIRECTION ( 'NONE',  ( -0.0000000000000000000, -0.0000000000000000000, -1.000000000000000000 ) ) ;
#3774 =( NAMED_UNIT ( * ) SI_UNIT ( $, .STERADIAN. ) SOLID_ANGLE_UNIT ( ) );
#3775 = DIRECTION ( 'NONE',  ( 0.0000000000000000000, 0.0000000000000000000, 1.000000000000000000 ) ) ;
#3776 = EDGE_CURVE ( 'NONE', #4467, #3812, #5585, .T. ) ;
#3777 = SURFACE_SIDE_STYLE ('',( #3303 ) ) ;
#3778 =( GEOMETRIC_REPRESENTATION_CONTEXT ( 3 ) GLOBAL_UNCERTAINTY_ASSIGNED_CONTEXT ( ( #3467 ) ) GLOBAL_UNIT_ASSIGNED_CONTEXT ( ( #3572, #570, #189 ) ) REPRESENTATION_CONTEXT ( 'NONE', 'WORKASPACE' ) );
#3779 = ORIENTED_EDGE ( 'NONE', *, *, #2102, .T. ) ;
#3780 = CYLINDRICAL_SURFACE ( 'NONE', #1012, 0.3900000000000001799 ) ;
#3781 = CARTESIAN_POINT ( 'NONE',  ( 2.905000000000000693, -1.314999999999999725, -0.8889999999999996794 ) ) ;
#3782 = ORIENTED_EDGE ( 'NONE', *, *, #902, .T. ) ;
#3783 = FILL_AREA_STYLE_COLOUR ( '', #5498 ) ;
#3784 = VECTOR ( 'NONE', #2524, 1000.000000000000114 ) ;
#3785 = PLANE ( 'NONE',  #5469 ) ;
#3786 = DIRECTION ( 'NONE',  ( -1.000000000000000000, 0.0000000000000000000, 0.0000000000000000000 ) ) ;
#3787 = DIRECTION ( 'NONE',  ( -0.0000000000000000000, -0.0000000000000000000, -1.000000000000000000 ) ) ;
#3788 = VERTEX_POINT ( 'NONE', #3841 ) ;
#3789 = FACE_OUTER_BOUND ( 'NONE', #2134, .T. ) ;
#3790 = EDGE_CURVE ( 'NONE', #1684, #1392, #3076, .T. ) ;
#3791 = VERTEX_POINT ( 'NONE', #912 ) ;
#3792 = CYLINDRICAL_SURFACE ( 'NONE', #291, 0.2100000000000005473 ) ;
#3793 = ORIENTED_EDGE ( 'NONE', *, *, #2408, .T. ) ;
#3794 = SURFACE_SIDE_STYLE ('',( #2108 ) ) ;
#3795 = PLANE ( 'NONE',  #3944 ) ;
#3796 = STYLED_ITEM ( 'NONE', ( #1932 ), #4381 ) ;
#3797 = LINE ( 'NONE', #915, #2475 ) ;
#3798 = EDGE_CURVE ( 'NONE', #3028, #1612, #2100, .T. ) ;
#3799 = SURFACE_STYLE_USAGE ( .BOTH. , #5019 ) ;
#3800 = ORIENTED_EDGE ( 'NONE', *, *, #2395, .T. ) ;
#3801 = FILL_AREA_STYLE_COLOUR ( '', #4949 ) ;
#3802 = ORIENTED_EDGE ( 'NONE', *, *, #5152, .T. ) ;
#3803 =( GEOMETRIC_REPRESENTATION_CONTEXT ( 3 ) GLOBAL_UNCERTAINTY_ASSIGNED_CONTEXT ( ( #579 ) ) GLOBAL_UNIT_ASSIGNED_CONTEXT ( ( #3756, #3287, #4525 ) ) REPRESENTATION_CONTEXT ( 'NONE', 'WORKASPACE' ) );
#3804 = PRESENTATION_LAYER_ASSIGNMENT (  '', '', ( #3108 ) ) ;
#3805 = UNCERTAINTY_MEASURE_WITH_UNIT (LENGTH_MEASURE( 1.000000000000000082E-05 ), #3557, 'distance_accuracy_value', 'NONE');
#3806 = DIRECTION ( 'NONE',  ( 0.0000000000000000000, 0.0000000000000000000, 1.000000000000000000 ) ) ;
#3807 = EDGE_CURVE ( 'NONE', #3066, #2332, #4292, .T. ) ;
#3808 = ORIENTED_EDGE ( 'NONE', *, *, #659, .F. ) ;
#3809 = DIRECTION ( 'NONE',  ( -0.0000000000000000000, -0.0000000000000000000, -1.000000000000000000 ) ) ;
#3810 = VECTOR ( 'NONE', #232, 1000.000000000000000 ) ;
#3811 = CARTESIAN_POINT ( 'NONE',  ( 2.905000000000000693, -0.9249999999999993783, 0.3810000000000003939 ) ) ;
#3812 = VERTEX_POINT ( 'NONE', #1719 ) ;
#3813 = DIRECTION ( 'NONE',  ( 0.1391731009600577773, -0.9902680687415713612, 0.0000000000000000000 ) ) ;
#3814 = CARTESIAN_POINT ( 'NONE',  ( 4.183721917363029341, -2.319780764523383887, 0.8890000000000003455 ) ) ;
#3815 = CARTESIAN_POINT ( 'NONE',  ( -3.591342854422812980, -1.887405244938233251, -0.8889999999999996794 ) ) ;
#3816 = EDGE_CURVE ( 'NONE', #3009, #53, #5139, .T. ) ;
#3817 = ORIENTED_EDGE ( 'NONE', *, *, #3384, .F. ) ;
#3818 = VECTOR ( 'NONE', #5510, 1000.000000000000000 ) ;
#3819 = SURFACE_STYLE_USAGE ( .BOTH. , #4682 ) ;
#3820 = ORIENTED_EDGE ( 'NONE', *, *, #5048, .F. ) ;
#3821 = VECTOR ( 'NONE', #4690, 1000.000000000000000 ) ;
#3822 = SURFACE_SIDE_STYLE ('',( #3003 ) ) ;
#3823 = EDGE_CURVE ( 'NONE', #3472, #1813, #1296, .T. ) ;
#3824 = CARTESIAN_POINT ( 'NONE',  ( 3.576693994936546606, -2.096893695492795917, -1.650999999999999801 ) ) ;
#3825 = LINE ( 'NONE', #4275, #4028 ) ;
#3826 = DIRECTION ( 'NONE',  ( -0.06975647374412494162, 0.9975640502598243087, 0.0000000000000000000 ) ) ;
#3827 = AXIS2_PLACEMENT_3D ( 'NONE', #1809, #94, #3474 ) ;
#3828 = EDGE_CURVE ( 'NONE', #1573, #2264, #1751, .T. ) ;
#3829 = ORIENTED_EDGE ( 'NONE', *, *, #4269, .F. ) ;
#3830 = DIRECTION ( 'NONE',  ( 0.06975647374412627388, 0.9975640502598241977, -0.0000000000000000000 ) ) ;
#3831 = DIRECTION ( 'NONE',  ( 0.9902680687415713612, -0.1391731009600577773, 0.0000000000000000000 ) ) ;
#3832 = ORIENTED_EDGE ( 'NONE', *, *, #3707, .F. ) ;
#3833 =( LENGTH_UNIT ( ) NAMED_UNIT ( * ) SI_UNIT ( .MILLI., .METRE. ) );
#3834 = ORIENTED_EDGE ( 'NONE', *, *, #3596, .T. ) ;
#3835 =( NAMED_UNIT ( * ) PLANE_ANGLE_UNIT ( ) SI_UNIT ( $, .RADIAN. ) );
#3836 = DIRECTION ( 'NONE',  ( -0.0000000000000000000, -0.0000000000000000000, -1.000000000000000000 ) ) ;
#3837 = VERTEX_POINT ( 'NONE', #622 ) ;
#3838 = DIRECTION ( 'NONE',  ( -0.1391731009600577773, -0.9902680687415713612, 0.0000000000000000000 ) ) ;
#3839 = FACE_OUTER_BOUND ( 'NONE', #101, .T. ) ;
#3840 = CARTESIAN_POINT ( 'NONE',  ( 3.591342854422812980, -1.887405244938233251, 1.651000000000000023 ) ) ;
#3841 = CARTESIAN_POINT ( 'NONE',  ( 3.383386559987083597, -1.916631596139845684, -0.8889999999999996794 ) ) ;
#3842 = VERTEX_POINT ( 'NONE', #4836 ) ;
#3843 = AXIS2_PLACEMENT_3D ( 'NONE', #4540, #559, #3719 ) ;
#3844 = SURFACE_STYLE_USAGE ( .BOTH. , #3406 ) ;
#3845 = ORIENTED_EDGE ( 'NONE', *, *, #400, .T. ) ;
#3846 = CIRCLE ( 'NONE', #3764, 0.3900000000000001799 ) ;
#3847 = AXIS2_PLACEMENT_3D ( 'NONE', #4741, #3489, #5247 ) ;
#3848 = PRESENTATION_STYLE_ASSIGNMENT (( #2138 ) ) ;
#3849 = PRESENTATION_LAYER_ASSIGNMENT (  '', '', ( #5487 ) ) ;
#3850 = SURFACE_STYLE_USAGE ( .BOTH. , #5566 ) ;
#3851 = EDGE_CURVE ( 'NONE', #778, #2582, #124, .T. ) ;
#3852 = VECTOR ( 'NONE', #2482, 1000.000000000000114 ) ;
#3853 = CIRCLE ( 'NONE', #5128, 0.3899999999999992917 ) ;
#3854 = ORIENTED_EDGE ( 'NONE', *, *, #5413, .T. ) ;
#3855 = CARTESIAN_POINT ( 'NONE',  ( 2.705000000000000959, -1.179999999999988392, -2.689999999999999503 ) ) ;
#3856 = ORIENTED_EDGE ( 'NONE', *, *, #2979, .F. ) ;
#3857 = FILL_AREA_STYLE ('',( #3392 ) ) ;
#3858 = CARTESIAN_POINT ( 'NONE',  ( -2.705000000000000959, -1.104999999999999760, 0.8890000000000003455 ) ) ;
#3859 = UNCERTAINTY_MEASURE_WITH_UNIT (LENGTH_MEASURE( 1.000000000000000082E-05 ), #1808, 'distance_accuracy_value', 'NONE');
#3860 = MECHANICAL_DESIGN_GEOMETRIC_PRESENTATION_REPRESENTATION (  '', ( #3165 ), #4207 ) ;
#3861 = DIRECTION ( 'NONE',  ( 0.9975640502598241977, -0.06975647374412627388, 0.0000000000000000000 ) ) ;
#3862 = DIRECTION ( 'NONE',  ( -1.000000000000000000, 0.0000000000000000000, 0.0000000000000000000 ) ) ;
#3863 = MECHANICAL_DESIGN_GEOMETRIC_PRESENTATION_REPRESENTATION (  '', ( #5508 ), #1166 ) ;
#3864 = CARTESIAN_POINT ( 'NONE',  ( -3.291204546809214371, -1.260722490625576953, 0.8890000000000003455 ) ) ;
#3865 = VERTEX_POINT ( 'NONE', #3595 ) ;
#3866 =( NAMED_UNIT ( * ) PLANE_ANGLE_UNIT ( ) SI_UNIT ( $, .RADIAN. ) );
#3867 = SURFACE_STYLE_FILL_AREA ( #2153 ) ;
#3868 = EDGE_CURVE ( 'NONE', #5337, #5300, #1028, .T. ) ;
#3869 = CARTESIAN_POINT ( 'NONE',  ( -2.477243186433546018, 0.0000000000000000000, -2.462243186433545006 ) ) ;
#3870 = CARTESIAN_POINT ( 'NONE',  ( -3.383386559987083597, -1.916631596139845684, 0.8890000000000003455 ) ) ;
#3871 = ORIENTED_EDGE ( 'NONE', *, *, #3758, .F. ) ;
#3872 = CARTESIAN_POINT ( 'NONE',  ( -2.705000000000000959, -0.9249999999999998224, 0.8890000000000003455 ) ) ;
#3873 = SURFACE_STYLE_USAGE ( .BOTH. , #4210 ) ;
#3874 = ORIENTED_EDGE ( 'NONE', *, *, #4743, .T. ) ;
#3875 = DIRECTION ( 'NONE',  ( -0.9975640502598241977, -0.06975647374412627388, 0.0000000000000000000 ) ) ;
#3876 = EDGE_CURVE ( 'NONE', #1003, #2302, #89, .T. ) ;
#3877 = CARTESIAN_POINT ( 'NONE',  ( 3.576693994936546606, -2.096893695492795917, -1.650999999999999801 ) ) ;
#3878 = DIRECTION ( 'NONE',  ( -0.0000000000000000000, -0.0000000000000000000, -1.000000000000000000 ) ) ;
#3879 = EDGE_LOOP ( 'NONE', ( #3373, #2322, #1112, #5075 ) ) ;
#3880 = EDGE_CURVE ( 'NONE', #4489, #2545, #4511, .T. ) ;
#3881 = ADVANCED_FACE ( 'NONE', ( #4870 ), #1442, .T. ) ;
#3882 = DIRECTION ( 'NONE',  ( 1.000000000000000000, 0.0000000000000000000, 0.0000000000000000000 ) ) ;
#3883 = AXIS2_PLACEMENT_3D ( 'NONE', #4473, #4955, #1880 ) ;
#3884 = CARTESIAN_POINT ( 'NONE',  ( -3.112956294435731408, -1.285773648798387292, 0.8890000000000003455 ) ) ;
#3885 = CYLINDRICAL_SURFACE ( 'NONE', #806, 0.2100000000000005473 ) ;
#3886 =( LENGTH_UNIT ( ) NAMED_UNIT ( * ) SI_UNIT ( .MILLI., .METRE. ) );
#3887 = PRESENTATION_STYLE_ASSIGNMENT (( #4314 ) ) ;
#3888 = VERTEX_POINT ( 'NONE', #1001 ) ;
#3889 = FILL_AREA_STYLE_COLOUR ( '', #3329 ) ;
#3890 = FILL_AREA_STYLE ('',( #936 ) ) ;
#3891 = AXIS2_PLACEMENT_3D ( 'NONE', #843, #3065, #3786 ) ;
#3892 = AXIS2_PLACEMENT_3D ( 'NONE', #1908, #3216, #4845 ) ;
#3893 = DIRECTION ( 'NONE',  ( 0.0000000000000000000, -1.000000000000000000, 0.0000000000000000000 ) ) ;
#3894 = EDGE_CURVE ( 'NONE', #855, #4939, #2758, .T. ) ;
#3895 = FILL_AREA_STYLE ('',( #2212 ) ) ;
#3896 = ORIENTED_EDGE ( 'NONE', *, *, #3049, .F. ) ;
#3897 = ADVANCED_FACE ( 'NONE', ( #4438 ), #2246, .T. ) ;
#3898 = PRESENTATION_LAYER_ASSIGNMENT (  '', '', ( #748 ) ) ;
#3899 = DIRECTION ( 'NONE',  ( 0.0000000000000000000, 1.000000000000000000, 0.0000000000000000000 ) ) ;
#3900 = CARTESIAN_POINT ( 'NONE',  ( 3.576693994936546606, -2.096893695492795917, 0.8890000000000003455 ) ) ;
#3901 = ORIENTED_EDGE ( 'NONE', *, *, #381, .T. ) ;
#3902 = CARTESIAN_POINT ( 'NONE',  ( -3.112956294435731408, -1.285773648798387292, -0.3809999999999997278 ) ) ;
#3903 = AXIS2_PLACEMENT_3D ( 'NONE', #1781, #537, #4370 ) ;
#3904 = CARTESIAN_POINT ( 'NONE',  ( -2.477243186433546018, -2.029999999999999805, -2.462243186433545006 ) ) ;
#3905 = SURFACE_SIDE_STYLE ('',( #2223 ) ) ;
#3906 =( NAMED_UNIT ( * ) PLANE_ANGLE_UNIT ( ) SI_UNIT ( $, .RADIAN. ) );
#3907 = AXIS2_PLACEMENT_3D ( 'NONE', #4933, #3946, #1014 ) ;
#3908 = VECTOR ( 'NONE', #5369, 1000.000000000000000 ) ;
#3909 = ORIENTED_EDGE ( 'NONE', *, *, #3237, .T. ) ;
#3910 = AXIS2_PLACEMENT_3D ( 'NONE', #127, #3536, #1814 ) ;
#3911 = VERTEX_POINT ( 'NONE', #1515 ) ;
#3912 = UNCERTAINTY_MEASURE_WITH_UNIT (LENGTH_MEASURE( 1.000000000000000082E-05 ), #2027, 'distance_accuracy_value', 'NONE');
#3913 = COLOUR_RGB ( '',0.5019607843137254832, 0.5019607843137254832, 0.5019607843137254832 ) ;
#3914 = SURFACE_STYLE_USAGE ( .BOTH. , #3552 ) ;
#3915 = EDGE_LOOP ( 'NONE', ( #4132, #682, #3741, #934 ) ) ;
#3916 = PRESENTATION_STYLE_ASSIGNMENT (( #558 ) ) ;
#3917 = CARTESIAN_POINT ( 'NONE',  ( 3.291204546809214371, -1.260722490625576953, -0.3809999999999997278 ) ) ;
#3918 =( LENGTH_UNIT ( ) NAMED_UNIT ( * ) SI_UNIT ( .MILLI., .METRE. ) );
#3919 = AXIS2_PLACEMENT_3D ( 'NONE', #1345, #2721, #472 ) ;
#3920 = ORIENTED_EDGE ( 'NONE', *, *, #2377, .T. ) ;
#3921 = CARTESIAN_POINT ( 'NONE',  ( 3.576693994936546606, -2.096893695492795917, -0.3809999999999997278 ) ) ;
#3922 = MECHANICAL_DESIGN_GEOMETRIC_PRESENTATION_REPRESENTATION (  '', ( #4833 ), #1759 ) ;
#3923 = PRESENTATION_STYLE_ASSIGNMENT (( #4339 ) ) ;
#3924 = FILL_AREA_STYLE_COLOUR ( '', #4079 ) ;
#3925 = PRESENTATION_LAYER_ASSIGNMENT (  '', '', ( #584 ) ) ;
#3926 =( NAMED_UNIT ( * ) SI_UNIT ( $, .STERADIAN. ) SOLID_ANGLE_UNIT ( ) );
#3927 = EDGE_CURVE ( 'NONE', #514, #1641, #5141, .T. ) ;
#3928 = VECTOR ( 'NONE', #2534, 1000.000000000000114 ) ;
#3929 =( NAMED_UNIT ( * ) PLANE_ANGLE_UNIT ( ) SI_UNIT ( $, .RADIAN. ) );
#3930 =( NAMED_UNIT ( * ) PLANE_ANGLE_UNIT ( ) SI_UNIT ( $, .RADIAN. ) );
#3931 = ORIENTED_EDGE ( 'NONE', *, *, #3876, .T. ) ;
#3932 = LINE ( 'NONE', #4897, #1733 ) ;
#3933 = DIRECTION ( 'NONE',  ( -1.000000000000000000, 0.0000000000000000000, 0.0000000000000000000 ) ) ;
#3934 =( GEOMETRIC_REPRESENTATION_CONTEXT ( 3 ) GLOBAL_UNCERTAINTY_ASSIGNED_CONTEXT ( ( #1320 ) ) GLOBAL_UNIT_ASSIGNED_CONTEXT ( ( #3001, #2638, #3539 ) ) REPRESENTATION_CONTEXT ( 'NONE', 'WORKASPACE' ) );
#3935 = ORIENTED_EDGE ( 'NONE', *, *, #3149, .F. ) ;
#3936 = PLANE ( 'NONE',  #3337 ) ;
#3937 = CIRCLE ( 'NONE', #2874, 0.2100000000000005473 ) ;
#3938 = CARTESIAN_POINT ( 'NONE',  ( -4.183721917363029341, -2.319780764523383887, 2.159000000000000252 ) ) ;
#3939 = LINE ( 'NONE', #5100, #2681 ) ;
#3940 =( NAMED_UNIT ( * ) PLANE_ANGLE_UNIT ( ) SI_UNIT ( $, .RADIAN. ) );
#3941 = STYLED_ITEM ( 'NONE', ( #4679 ), #2066 ) ;
#3942 = ORIENTED_EDGE ( 'NONE', *, *, #4, .T. ) ;
#3943 = ADVANCED_FACE ( 'NONE', ( #1603 ), #4121, .F. ) ;
#3944 = AXIS2_PLACEMENT_3D ( 'NONE', #1669, #3386, #2972 ) ;
#3945 =( NAMED_UNIT ( * ) PLANE_ANGLE_UNIT ( ) SI_UNIT ( $, .RADIAN. ) );
#3946 = DIRECTION ( 'NONE',  ( -0.9975640502598243087, -0.06975647374412492774, 0.0000000000000000000 ) ) ;
#3947 = CARTESIAN_POINT ( 'NONE',  ( 3.591342854422812980, -1.887405244938233251, 1.651000000000000023 ) ) ;
#3948 = PRESENTATION_LAYER_ASSIGNMENT (  '', '', ( #2148 ) ) ;
#3949 = CIRCLE ( 'NONE', #4395, 0.2099999999999992428 ) ;
#3950 = VERTEX_POINT ( 'NONE', #3704 ) ;
#3951 =( NAMED_UNIT ( * ) PLANE_ANGLE_UNIT ( ) SI_UNIT ( $, .RADIAN. ) );
#3952 = CARTESIAN_POINT ( 'NONE',  ( 3.383386559987083597, -1.916631596139845684, 0.3810000000000003939 ) ) ;
#3953 = EDGE_CURVE ( 'NONE', #5270, #337, #1988, .T. ) ;
#3954 = ORIENTED_EDGE ( 'NONE', *, *, #3547, .T. ) ;
#3955 = STYLED_ITEM ( 'NONE', ( #3153 ), #3190 ) ;
#3956 = PRESENTATION_LAYER_ASSIGNMENT (  '', '', ( #4387 ) ) ;
#3957 = FACE_OUTER_BOUND ( 'NONE', #1272, .T. ) ;
#3958 = DIRECTION ( 'NONE',  ( -1.000000000000000000, 0.0000000000000000000, 0.0000000000000000000 ) ) ;
#3959 = COLOUR_RGB ( '',0.9058823529411764719, 0.9019607843137255054, 0.8862745098039215286 ) ;
#3960 = EDGE_LOOP ( 'NONE', ( #5439, #4508, #2451, #5466 ) ) ;
#3961 = CARTESIAN_POINT ( 'NONE',  ( -4.183721917363029341, -2.319780764523383887, -0.3809999999999997278 ) ) ;
#3962 = PRODUCT_DEFINITION ( 'UNKNOWN', '', #2831, #258 ) ;
#3963 = EDGE_CURVE ( 'NONE', #778, #2229, #3288, .T. ) ;
#3964 = PRESENTATION_LAYER_ASSIGNMENT (  '', '', ( #2994 ) ) ;
#3965 = CARTESIAN_POINT ( 'NONE',  ( -2.705000000000000959, -0.9249999999999998224, -2.158999999999999808 ) ) ;
#3966 = LINE ( 'NONE', #100, #1410 ) ;
#3967 = EDGE_LOOP ( 'NONE', ( #3817, #4243, #3257, #4737 ) ) ;
#3968 = FILL_AREA_STYLE ('',( #4301 ) ) ;
#3969 = SURFACE_STYLE_USAGE ( .BOTH. , #2798 ) ;
#3970 = VERTEX_POINT ( 'NONE', #4175 ) ;
#3971 = DIRECTION ( 'NONE',  ( 1.000000000000000000, -0.0000000000000000000, -0.0000000000000000000 ) ) ;
#3972 =( LENGTH_UNIT ( ) NAMED_UNIT ( * ) SI_UNIT ( .MILLI., .METRE. ) );
#3973 = UNCERTAINTY_MEASURE_WITH_UNIT (LENGTH_MEASURE( 1.000000000000000082E-05 ), #3687, 'distance_accuracy_value', 'NONE');
#3974 = VERTEX_POINT ( 'NONE', #709 ) ;
#3975 = LINE ( 'NONE', #691, #2583 ) ;
#3976 = SURFACE_STYLE_FILL_AREA ( #4830 ) ;
#3977 = ORIENTED_EDGE ( 'NONE', *, *, #3798, .T. ) ;
#3978 = AXIS2_PLACEMENT_3D ( 'NONE', #2388, #549, #133 ) ;
#3979 = CYLINDRICAL_SURFACE ( 'NONE', #5542, 0.3899999999999997358 ) ;
#3980 = DIRECTION ( 'NONE',  ( -0.0000000000000000000, -0.0000000000000000000, -1.000000000000000000 ) ) ;
#3981 = CARTESIAN_POINT ( 'NONE',  ( 2.905000000000000693, -1.314999999999999725, -1.650999999999999801 ) ) ;
#3982 = EDGE_LOOP ( 'NONE', ( #3854, #5401, #5216, #4389 ) ) ;
#3983 = DIRECTION ( 'NONE',  ( 0.0000000000000000000, 0.0000000000000000000, 1.000000000000000000 ) ) ;
#3984 = CARTESIAN_POINT ( 'NONE',  ( 3.576693994936546606, -2.096893695492795917, -2.158999999999999808 ) ) ;
#3985 = COLOUR_RGB ( '',0.2392156862745097867, 0.2588235294117646745, 0.2156862745098039325 ) ;
#3986 = MECHANICAL_DESIGN_GEOMETRIC_PRESENTATION_REPRESENTATION (  '', ( #3997 ), #651 ) ;
#3987 = ORIENTED_EDGE ( 'NONE', *, *, #440, .T. ) ;
#3988 = DIRECTION ( 'NONE',  ( 0.0000000000000000000, 0.0000000000000000000, 1.000000000000000000 ) ) ;
#3989 = LINE ( 'NONE', #1959, #3185 ) ;
#3990 = AXIS2_PLACEMENT_3D ( 'NONE', #4874, #2706, #2278 ) ;
#3991 = CARTESIAN_POINT ( 'NONE',  ( -2.905000000000000693, -1.314999999999999725, 0.3810000000000003939 ) ) ;
#3992 = DIRECTION ( 'NONE',  ( -0.0000000000000000000, -0.0000000000000000000, -1.000000000000000000 ) ) ;
#3993 = STYLED_ITEM ( 'NONE', ( #2273 ), #5457 ) ;
#3994 = EDGE_CURVE ( 'NONE', #3738, #3024, #737, .T. ) ;
#3995 = PLANE ( 'NONE',  #2412 ) ;
#3996 = CARTESIAN_POINT ( 'NONE',  ( -2.705000000000000959, -1.179999999999988392, -2.689999999999999503 ) ) ;
#3997 = STYLED_ITEM ( 'NONE', ( #5519 ), #1706 ) ;
#3998 = CARTESIAN_POINT ( 'NONE',  ( 2.705000000000000959, -1.104999999999999760, 0.3810000000000003939 ) ) ;
#3999 = AXIS2_PLACEMENT_3D ( 'NONE', #2398, #2449, #4165 ) ;
#4000 = EDGE_CURVE ( 'NONE', #2963, #907, #5056, .T. ) ;
#4001 = DIRECTION ( 'NONE',  ( -0.1391731009600577773, -0.9902680687415713612, 0.0000000000000000000 ) ) ;
#4002 = ORIENTED_EDGE ( 'NONE', *, *, #2328, .T. ) ;
#4003 = VECTOR ( 'NONE', #4374, 1000.000000000000000 ) ;
#4004 = DIRECTION ( 'NONE',  ( -1.000000000000000000, 0.0000000000000000000, 0.0000000000000000000 ) ) ;
#4005 =( NAMED_UNIT ( * ) PLANE_ANGLE_UNIT ( ) SI_UNIT ( $, .RADIAN. ) );
#4006 = CARTESIAN_POINT ( 'NONE',  ( 3.291204546809214371, -1.260722490625576953, 2.159000000000000252 ) ) ;
#4007 = CYLINDRICAL_SURFACE ( 'NONE', #5442, 0.2100000000000005473 ) ;
#4008 = CARTESIAN_POINT ( 'NONE',  ( -3.591342854422812980, -1.887405244938233251, -1.650999999999999801 ) ) ;
#4009 = SURFACE_SIDE_STYLE ('',( #3534 ) ) ;
#4010 = STYLED_ITEM ( 'NONE', ( #1454 ), #1006 ) ;
#4011 = ORIENTED_EDGE ( 'NONE', *, *, #3851, .F. ) ;
#4012 = EDGE_CURVE ( 'NONE', #5374, #3317, #1180, .T. ) ;
#4013 = DIRECTION ( 'NONE',  ( 0.06975647374412494162, 0.9975640502598243087, 0.0000000000000000000 ) ) ;
#4014 = STYLED_ITEM ( 'NONE', ( #5291 ), #4172 ) ;
#4015 = LINE ( 'NONE', #156, #4986 ) ;
#4016 = ORIENTED_EDGE ( 'NONE', *, *, #1009, .F. ) ;
#4017 = CARTESIAN_POINT ( 'NONE',  ( 2.705000000000000959, -0.9249999999999998224, -0.8889999999999996794 ) ) ;
#4018 = ORIENTED_EDGE ( 'NONE', *, *, #3049, .T. ) ;
#4019 = VECTOR ( 'NONE', #3247, 1000.000000000000000 ) ;
#4020 = DIRECTION ( 'NONE',  ( -0.1391731009600577773, -0.9902680687415713612, 0.0000000000000000000 ) ) ;
#4021 = AXIS2_PLACEMENT_3D ( 'NONE', #3864, #4778, #1743 ) ;
#4022 = CARTESIAN_POINT ( 'NONE',  ( 4.183721917363029341, -2.319780764523383887, 2.159000000000000252 ) ) ;
#4023 = DIRECTION ( 'NONE',  ( -0.0000000000000000000, -0.0000000000000000000, -1.000000000000000000 ) ) ;
#4024 = AXIS2_PLACEMENT_3D ( 'NONE', #4987, #1122, #322 ) ;
#4025 = LINE ( 'NONE', #3998, #858 ) ;
#4026 = ADVANCED_FACE ( 'NONE', ( #2381 ), #4637, .T. ) ;
#4027 = CARTESIAN_POINT ( 'NONE',  ( -2.705000000000000959, -0.9249999999999998224, -1.650999999999999801 ) ) ;
#4028 = VECTOR ( 'NONE', #4742, 1000.000000000000000 ) ;
#4029 = EDGE_LOOP ( 'NONE', ( #391, #211, #375, #4992, #1758, #301, #5513, #4923, #5011, #1280, #1290, #914 ) ) ;
#4030 = CARTESIAN_POINT ( 'NONE',  ( -3.112956294435731408, -1.285773648798387292, 2.159000000000000252 ) ) ;
#4031 = CARTESIAN_POINT ( 'NONE',  ( 2.705000000000000959, -1.179999999999988392, 2.689999999999999503 ) ) ;
#4032 = EDGE_LOOP ( 'NONE', ( #2500, #1046, #819, #3188 ) ) ;
#4033 = DIRECTION ( 'NONE',  ( 1.000000000000000000, 0.0000000000000000000, 0.0000000000000000000 ) ) ;
#4034 =( GEOMETRIC_REPRESENTATION_CONTEXT ( 3 ) GLOBAL_UNCERTAINTY_ASSIGNED_CONTEXT ( ( #928 ) ) GLOBAL_UNIT_ASSIGNED_CONTEXT ( ( #5233, #818, #5114 ) ) REPRESENTATION_CONTEXT ( 'NONE', 'WORKASPACE' ) );
#4035 = PLANE ( 'NONE',  #1108 ) ;
#4036 =( GEOMETRIC_REPRESENTATION_CONTEXT ( 3 ) GLOBAL_UNCERTAINTY_ASSIGNED_CONTEXT ( ( #3859 ) ) GLOBAL_UNIT_ASSIGNED_CONTEXT ( ( #1808, #1380, #5026 ) ) REPRESENTATION_CONTEXT ( 'NONE', 'WORKASPACE' ) );
#4037 = COLOUR_RGB ( '',0.9058823529411764719, 0.9019607843137255054, 0.8862745098039215286 ) ;
#4038 = ORIENTED_EDGE ( 'NONE', *, *, #696, .T. ) ;
#4039 = EDGE_CURVE ( 'NONE', #1145, #2229, #2172, .T. ) ;
#4040 = FACE_OUTER_BOUND ( 'NONE', #2036, .T. ) ;
#4041 = CARTESIAN_POINT ( 'NONE',  ( 2.477243186433546018, -2.029999999999999805, -2.462243186433545006 ) ) ;
#4042 =( GEOMETRIC_REPRESENTATION_CONTEXT ( 3 ) GLOBAL_UNCERTAINTY_ASSIGNED_CONTEXT ( ( #2171 ) ) GLOBAL_UNIT_ASSIGNED_CONTEXT ( ( #3410, #4710, #2559 ) ) REPRESENTATION_CONTEXT ( 'NONE', 'WORKASPACE' ) );
#4043 = ORIENTED_EDGE ( 'NONE', *, *, #1293, .F. ) ;
#4044 = SURFACE_STYLE_USAGE ( .BOTH. , #2283 ) ;
#4045 = EDGE_LOOP ( 'NONE', ( #3682, #3542, #2640, #1660 ) ) ;
#4046 = VECTOR ( 'NONE', #2157, 1000.000000000000114 ) ;
#4047 = DIRECTION ( 'NONE',  ( 1.000000000000000000, 0.0000000000000000000, -0.0000000000000000000 ) ) ;
#4048 = FACE_OUTER_BOUND ( 'NONE', #2853, .T. ) ;
#4049 = STYLED_ITEM ( 'NONE', ( #2301 ), #3897 ) ;
#4050 = CARTESIAN_POINT ( 'NONE',  ( 2.705000000000000959, -0.9249999999999998224, 2.159000000000000252 ) ) ;
#4051 = PRESENTATION_STYLE_ASSIGNMENT (( #1829 ) ) ;
#4052 = CARTESIAN_POINT ( 'NONE',  ( -3.564137829662604062, -2.276455224539564171, -0.3809999999999997278 ) ) ;
#4053 = CARTESIAN_POINT ( 'NONE',  ( -2.705000000000000959, -0.9249999999999998224, 2.159000000000000252 ) ) ;
#4054 = EDGE_LOOP ( 'NONE', ( #3834, #4249, #3896, #561 ) ) ;
#4055 = EDGE_CURVE ( 'NONE', #5104, #198, #1342, .T. ) ;
#4056 = CARTESIAN_POINT ( 'NONE',  ( -2.905000000000000693, -0.9249999999999993783, -1.650999999999999801 ) ) ;
#4057 = VERTEX_POINT ( 'NONE', #3067 ) ;
#4058 = FACE_OUTER_BOUND ( 'NONE', #1544, .T. ) ;
#4059 = CARTESIAN_POINT ( 'NONE',  ( 2.705000000000000959, -2.029999999999999805, 2.689999999999999503 ) ) ;
#4060 = FILL_AREA_STYLE ('',( #939 ) ) ;
#4061 = SURFACE_STYLE_USAGE ( .BOTH. , #3564 ) ;
#4062 = ORIENTED_EDGE ( 'NONE', *, *, #752, .T. ) ;
#4063 = FILL_AREA_STYLE_COLOUR ( '', #5462 ) ;
#4064 = CYLINDRICAL_SURFACE ( 'NONE', #1638, 0.3899999999999997358 ) ;
#4065 = ORIENTED_EDGE ( 'NONE', *, *, #4299, .F. ) ;
#4066 = ADVANCED_FACE ( 'NONE', ( #1713 ), #3885, .F. ) ;
#4067 = CARTESIAN_POINT ( 'NONE',  ( 2.151893044203863958, 1.214223261050953351, 2.136893044203862058 ) ) ;
#4068 = EDGE_CURVE ( 'NONE', #2145, #1650, #334, .T. ) ;
#4069 = LINE ( 'NONE', #4925, #1718 ) ;
#4070 = ORIENTED_EDGE ( 'NONE', *, *, #2916, .T. ) ;
#4071 =( NAMED_UNIT ( * ) SI_UNIT ( $, .STERADIAN. ) SOLID_ANGLE_UNIT ( ) );
#4072 = STYLED_ITEM ( 'NONE', ( #2727 ), #4495 ) ;
#4073 =( GEOMETRIC_REPRESENTATION_CONTEXT ( 3 ) GLOBAL_UNCERTAINTY_ASSIGNED_CONTEXT ( ( #194 ) ) GLOBAL_UNIT_ASSIGNED_CONTEXT ( ( #1509, #953, #986 ) ) REPRESENTATION_CONTEXT ( 'NONE', 'WORKASPACE' ) );
#4074 = SURFACE_SIDE_STYLE ('',( #5394 ) ) ;
#4075 = LINE ( 'NONE', #5312, #3753 ) ;
#4076 = PRESENTATION_LAYER_ASSIGNMENT (  '', '', ( #4167 ) ) ;
#4077 = DIRECTION ( 'NONE',  ( 1.000000000000000000, -0.0000000000000000000, -0.0000000000000000000 ) ) ;
#4078 = FACE_OUTER_BOUND ( 'NONE', #3469, .T. ) ;
#4079 = COLOUR_RGB ( '',0.9058823529411764719, 0.9019607843137255054, 0.8862745098039215286 ) ;
#4080 = UNCERTAINTY_MEASURE_WITH_UNIT (LENGTH_MEASURE( 1.000000000000000082E-05 ), #2952, 'distance_accuracy_value', 'NONE');
#4081 = ORIENTED_EDGE ( 'NONE', *, *, #3953, .T. ) ;
#4082 =( NAMED_UNIT ( * ) SI_UNIT ( $, .STERADIAN. ) SOLID_ANGLE_UNIT ( ) );
#4083 = AXIS2_PLACEMENT_3D ( 'NONE', #3359, #3664, #5017 ) ;
#4084 = ORIENTED_EDGE ( 'NONE', *, *, #2642, .F. ) ;
#4085 = CARTESIAN_POINT ( 'NONE',  ( 3.112956294435731408, -1.285773648798387292, -0.3809999999999997278 ) ) ;
#4086 = PRESENTATION_STYLE_ASSIGNMENT (( #2327 ) ) ;
#4087 = DIRECTION ( 'NONE',  ( -0.9975640502598241977, 0.06975647374412627388, 0.0000000000000000000 ) ) ;
#4088 = AXIS2_PLACEMENT_3D ( 'NONE', #4811, #4411, #2277 ) ;
#4089 = DIRECTION ( 'NONE',  ( 0.0000000000000000000, -1.000000000000000000, 0.0000000000000000000 ) ) ;
#4090 = FILL_AREA_STYLE_COLOUR ( '', #2075 ) ;
#4091 = FACE_OUTER_BOUND ( 'NONE', #1522, .T. ) ;
#4092 = EDGE_LOOP ( 'NONE', ( #2519, #1807, #4646, #1497 ) ) ;
#4093 = VECTOR ( 'NONE', #4889, 1000.000000000000000 ) ;
#4094 = CARTESIAN_POINT ( 'NONE',  ( -3.291204546809214371, -1.260722490625576953, 0.3810000000000003939 ) ) ;
#4095 = DIRECTION ( 'NONE',  ( 0.0000000000000000000, 0.0000000000000000000, 1.000000000000000000 ) ) ;
#4096 = UNCERTAINTY_MEASURE_WITH_UNIT (LENGTH_MEASURE( 1.000000000000000082E-05 ), #4127, 'distance_accuracy_value', 'NONE');
#4097 = EDGE_CURVE ( 'NONE', #5596, #3177, #4698, .T. ) ;
#4098 = EDGE_LOOP ( 'NONE', ( #2361, #4239, #3931, #2005 ) ) ;
#4099 = AXIS2_PLACEMENT_3D ( 'NONE', #4915, #1487, #4552 ) ;
#4100 = CARTESIAN_POINT ( 'NONE',  ( -4.183721917363029341, -2.319780764523383887, 0.3810000000000003939 ) ) ;
#4101 = CARTESIAN_POINT ( 'NONE',  ( 2.905000000000000693, -1.104999999999999538, 2.159000000000000252 ) ) ;
#4102 = EDGE_LOOP ( 'NONE', ( #773, #1900, #218, #233 ) ) ;
#4103 = SURFACE_STYLE_USAGE ( .BOTH. , #1606 ) ;
#4104 = DIRECTION ( 'NONE',  ( -1.000000000000000000, 0.0000000000000000000, 0.0000000000000000000 ) ) ;
#4105 = PRESENTATION_LAYER_ASSIGNMENT (  '', '', ( #1854 ) ) ;
#4106 =( LENGTH_UNIT ( ) NAMED_UNIT ( * ) SI_UNIT ( .MILLI., .METRE. ) );
#4107 =( NAMED_UNIT ( * ) PLANE_ANGLE_UNIT ( ) SI_UNIT ( $, .RADIAN. ) );
#4108 = CARTESIAN_POINT ( 'NONE',  ( -4.196278082636971440, -2.140219235476615633, -2.158999999999999808 ) ) ;
#4109 = DIRECTION ( 'NONE',  ( -1.000000000000000000, 0.0000000000000000000, 0.0000000000000000000 ) ) ;
#4110 = FACE_OUTER_BOUND ( 'NONE', #4054, .T. ) ;
#4111 = EDGE_CURVE ( 'NONE', #3211, #208, #5575, .T. ) ;
#4112 = ORIENTED_EDGE ( 'NONE', *, *, #482, .F. ) ;
#4113 =( NAMED_UNIT ( * ) SI_UNIT ( $, .STERADIAN. ) SOLID_ANGLE_UNIT ( ) );
#4114 = STYLED_ITEM ( 'NONE', ( #2571 ), #1634 ) ;
#4115 = VERTEX_POINT ( 'NONE', #4753 ) ;
#4116 = FILL_AREA_STYLE ('',( #3783 ) ) ;
#4117 = FACE_OUTER_BOUND ( 'NONE', #4759, .T. ) ;
#4118 = VECTOR ( 'NONE', #4541, 1000.000000000000000 ) ;
#4119 = MECHANICAL_DESIGN_GEOMETRIC_PRESENTATION_REPRESENTATION (  '', ( #3941 ), #2690 ) ;
#4120 = DIRECTION ( 'NONE',  ( -0.0000000000000000000, -0.0000000000000000000, -1.000000000000000000 ) ) ;
#4121 = CYLINDRICAL_SURFACE ( 'NONE', #1613, 0.2099999999999992428 ) ;
#4122 = DIRECTION ( 'NONE',  ( 1.000000000000000000, -0.0000000000000000000, -0.0000000000000000000 ) ) ;
#4123 = ORIENTED_EDGE ( 'NONE', *, *, #104, .T. ) ;
#4124 = VECTOR ( 'NONE', #5146, 1000.000000000000000 ) ;
#4125 = VECTOR ( 'NONE', #4638, 1000.000000000000000 ) ;
#4126 = SURFACE_SIDE_STYLE ('',( #2790 ) ) ;
#4127 =( LENGTH_UNIT ( ) NAMED_UNIT ( * ) SI_UNIT ( .MILLI., .METRE. ) );
#4128 = ORIENTED_EDGE ( 'NONE', *, *, #3776, .F. ) ;
#4129 = FILL_AREA_STYLE_COLOUR ( '', #1799 ) ;
#4130 = SURFACE_STYLE_USAGE ( .BOTH. , #5089 ) ;
#4131 = ADVANCED_FACE ( 'NONE', ( #872 ), #905, .F. ) ;
#4132 = ORIENTED_EDGE ( 'NONE', *, *, #3658, .T. ) ;
#4133 = CIRCLE ( 'NONE', #792, 0.2100000000000005473 ) ;
#4134 = SURFACE_SIDE_STYLE ('',( #4984 ) ) ;
#4135 = DIRECTION ( 'NONE',  ( -1.000000000000000000, 0.0000000000000000000, 0.0000000000000000000 ) ) ;
#4136 = AXIS2_PLACEMENT_3D ( 'NONE', #2765, #3186, #5361 ) ;
#4137 = DIRECTION ( 'NONE',  ( -0.9975640502598241977, -0.06975647374412627388, 0.0000000000000000000 ) ) ;
#4138 = LINE ( 'NONE', #4050, #4847 ) ;
#4139 = PRESENTATION_STYLE_ASSIGNMENT (( #356 ) ) ;
#4140 = COLOUR_RGB ( '',0.9058823529411764719, 0.9019607843137255054, 0.8862745098039215286 ) ;
#4141 = CARTESIAN_POINT ( 'NONE',  ( -4.183721917363029341, -2.319780764523383887, -1.650999999999999801 ) ) ;
#4142 = VERTEX_POINT ( 'NONE', #2237 ) ;
#4143 = SURFACE_STYLE_USAGE ( .BOTH. , #1562 ) ;
#4144 = MECHANICAL_DESIGN_GEOMETRIC_PRESENTATION_REPRESENTATION (  '', ( #4961 ), #4230 ) ;
#4145 = SURFACE_STYLE_USAGE ( .BOTH. , #3282 ) ;
#4146 = EDGE_LOOP ( 'NONE', ( #4529, #2670, #3308, #83 ) ) ;
#4147 = CARTESIAN_POINT ( 'NONE',  ( -3.576693994936546606, -2.096893695492795917, 0.8890000000000003455 ) ) ;
#4148 = DIRECTION ( 'NONE',  ( 0.9975640502598241977, -0.06975647374412627388, 0.0000000000000000000 ) ) ;
#4149 = PLANE ( 'NONE',  #1283 ) ;
#4150 = UNCERTAINTY_MEASURE_WITH_UNIT (LENGTH_MEASURE( 1.000000000000000082E-05 ), #3507, 'distance_accuracy_value', 'NONE');
#4151 = FILL_AREA_STYLE_COLOUR ( '', #828 ) ;
#4152 = CARTESIAN_POINT ( 'NONE',  ( 4.183721917363029341, -2.319780764523383887, 0.3810000000000003939 ) ) ;
#4153 = SURFACE_STYLE_USAGE ( .BOTH. , #3289 ) ;
#4154 = EDGE_LOOP ( 'NONE', ( #4221, #3223, #5205, #3129, #1116, #5492, #5192, #3725, #4883, #3034, #1774, #12 ) ) ;
#4155 = FILL_AREA_STYLE_COLOUR ( '', #948 ) ;
#4156 = SURFACE_STYLE_USAGE ( .BOTH. , #2440 ) ;
#4157 = ORIENTED_EDGE ( 'NONE', *, *, #1570, .T. ) ;
#4158 =( NAMED_UNIT ( * ) SI_UNIT ( $, .STERADIAN. ) SOLID_ANGLE_UNIT ( ) );
#4159 = ORIENTED_EDGE ( 'NONE', *, *, #2184, .F. ) ;
#4160 =( NAMED_UNIT ( * ) SI_UNIT ( $, .STERADIAN. ) SOLID_ANGLE_UNIT ( ) );
#4161 =( NAMED_UNIT ( * ) PLANE_ANGLE_UNIT ( ) SI_UNIT ( $, .RADIAN. ) );
#4162 = COLOUR_RGB ( '',0.9058823529411764719, 0.9019607843137255054, 0.8862745098039215286 ) ;
#4163 = FILL_AREA_STYLE_COLOUR ( '', #5044 ) ;
#4164 = FILL_AREA_STYLE ('',( #5016 ) ) ;
#4165 = DIRECTION ( 'NONE',  ( -1.000000000000000000, 1.032573497605245971E-15, 0.0000000000000000000 ) ) ;
#4166 = CARTESIAN_POINT ( 'NONE',  ( 2.477243186433546018, -2.029999999999999805, 2.462243186433545006 ) ) ;
#4167 = STYLED_ITEM ( 'NONE', ( #1238 ), #4712 ) ;
#4168 = EDGE_CURVE ( 'NONE', #3352, #3974, #1479, .T. ) ;
#4169 =( NAMED_UNIT ( * ) SI_UNIT ( $, .STERADIAN. ) SOLID_ANGLE_UNIT ( ) );
#4170 = LINE ( 'NONE', #2452, #3246 ) ;
#4171 = ORIENTED_EDGE ( 'NONE', *, *, #4764, .F. ) ;
#4172 = ADVANCED_FACE ( 'NONE', ( #4457 ), #499, .T. ) ;
#4173 = SURFACE_SIDE_STYLE ('',( #2456 ) ) ;
#4174 =( LENGTH_UNIT ( ) NAMED_UNIT ( * ) SI_UNIT ( .MILLI., .METRE. ) );
#4175 = CARTESIAN_POINT ( 'NONE',  ( 4.183721917363029341, -2.319780764523383887, -0.8889999999999996794 ) ) ;
#4176 = CARTESIAN_POINT ( 'NONE',  ( 3.383386559987083597, -1.916631596139845684, 1.651000000000000023 ) ) ;
#4177 = EDGE_LOOP ( 'NONE', ( #229, #2767, #4849, #1485 ) ) ;
#4178 = LINE ( 'NONE', #969, #3744 ) ;
#4179 = PRESENTATION_LAYER_ASSIGNMENT (  '', '', ( #5083 ) ) ;
#4180 = ADVANCED_FACE ( 'NONE', ( #2295 ), #1047, .F. ) ;
#4181 = ORIENTED_EDGE ( 'NONE', *, *, #3758, .T. ) ;
#4182 =( LENGTH_UNIT ( ) NAMED_UNIT ( * ) SI_UNIT ( .MILLI., .METRE. ) );
#4183 =( GEOMETRIC_REPRESENTATION_CONTEXT ( 3 ) GLOBAL_UNCERTAINTY_ASSIGNED_CONTEXT ( ( #3703 ) ) GLOBAL_UNIT_ASSIGNED_CONTEXT ( ( #2375, #1439, #2404 ) ) REPRESENTATION_CONTEXT ( 'NONE', 'WORKASPACE' ) );
#4184 = CARTESIAN_POINT ( 'NONE',  ( -2.905000000000000693, -1.314999999999999725, -0.8889999999999996794 ) ) ;
#4185 = DIRECTION ( 'NONE',  ( -0.0000000000000000000, 1.000000000000000000, 0.0000000000000000000 ) ) ;
#4186 = COLOUR_RGB ( '',0.9058823529411764719, 0.9019607843137255054, 0.8862745098039215286 ) ;
#4187 = FILL_AREA_STYLE ('',( #4657 ) ) ;
#4188 = MECHANICAL_DESIGN_GEOMETRIC_PRESENTATION_REPRESENTATION (  '', ( #2126 ), #4619 ) ;
#4189 =( GEOMETRIC_REPRESENTATION_CONTEXT ( 3 ) GLOBAL_UNCERTAINTY_ASSIGNED_CONTEXT ( ( #3476 ) ) GLOBAL_UNIT_ASSIGNED_CONTEXT ( ( #3032, #3906, #3415 ) ) REPRESENTATION_CONTEXT ( 'NONE', 'WORKASPACE' ) );
#4190 = ORIENTED_EDGE ( 'NONE', *, *, #3776, .T. ) ;
#4191 = LINE ( 'NONE', #5105, #5350 ) ;
#4192 = DIRECTION ( 'NONE',  ( -0.0000000000000000000, -0.0000000000000000000, -1.000000000000000000 ) ) ;
#4193 = ADVANCED_FACE ( 'NONE', ( #963, #531 ), #3587, .T. ) ;
#4194 = ORIENTED_EDGE ( 'NONE', *, *, #104, .F. ) ;
#4195 = FILL_AREA_STYLE_COLOUR ( '', #4590 ) ;
#4196 = LINE ( 'NONE', #3702, #2397 ) ;
#4197 = UNCERTAINTY_MEASURE_WITH_UNIT (LENGTH_MEASURE( 1.000000000000000082E-05 ), #3528, 'distance_accuracy_value', 'NONE');
#4198 = CARTESIAN_POINT ( 'NONE',  ( 4.183721917363029341, -2.319780764523383887, -1.650999999999999801 ) ) ;
#4199 = VECTOR ( 'NONE', #906, 1000.000000000000000 ) ;
#4200 =( NAMED_UNIT ( * ) PLANE_ANGLE_UNIT ( ) SI_UNIT ( $, .RADIAN. ) );
#4201 = LINE ( 'NONE', #2069, #5217 ) ;
#4202 = ORIENTED_EDGE ( 'NONE', *, *, #2135, .F. ) ;
#4203 = PRESENTATION_STYLE_ASSIGNMENT (( #281 ) ) ;
#4204 = SURFACE_STYLE_USAGE ( .BOTH. , #878 ) ;
#4205 = STYLED_ITEM ( 'NONE', ( #5532 ), #1819 ) ;
#4206 = ADVANCED_FACE ( 'NONE', ( #2371 ), #1594, .F. ) ;
#4207 =( GEOMETRIC_REPRESENTATION_CONTEXT ( 3 ) GLOBAL_UNCERTAINTY_ASSIGNED_CONTEXT ( ( #5461 ) ) GLOBAL_UNIT_ASSIGNED_CONTEXT ( ( #1855, #3945, #3141 ) ) REPRESENTATION_CONTEXT ( 'NONE', 'WORKASPACE' ) );
#4208 = CARTESIAN_POINT ( 'NONE',  ( -2.705000000000000959, -0.9249999999999998224, -0.8889999999999996794 ) ) ;
#4209 = VERTEX_POINT ( 'NONE', #4605 ) ;
#4210 = SURFACE_SIDE_STYLE ('',( #2558 ) ) ;
#4211 =( GEOMETRIC_REPRESENTATION_CONTEXT ( 3 ) GLOBAL_UNCERTAINTY_ASSIGNED_CONTEXT ( ( #1655 ) ) GLOBAL_UNIT_ASSIGNED_CONTEXT ( ( #1685, #617, #4401 ) ) REPRESENTATION_CONTEXT ( 'NONE', 'WORKASPACE' ) );
#4212 = VERTEX_POINT ( 'NONE', #2350 ) ;
#4213 = COLOUR_RGB ( '',0.9058823529411764719, 0.9019607843137255054, 0.8862745098039215286 ) ;
#4214 = SURFACE_STYLE_USAGE ( .BOTH. , #351 ) ;
#4215 = CARTESIAN_POINT ( 'NONE',  ( 2.905000000000000693, -1.314999999999999725, 0.3810000000000003939 ) ) ;
#4216 =( GEOMETRIC_REPRESENTATION_CONTEXT ( 3 ) GLOBAL_UNCERTAINTY_ASSIGNED_CONTEXT ( ( #5229 ) ) GLOBAL_UNIT_ASSIGNED_CONTEXT ( ( #2589, #5161, #898 ) ) REPRESENTATION_CONTEXT ( 'NONE', 'WORKASPACE' ) );
#4217 = LINE ( 'NONE', #380, #2210 ) ;
#4218 = CYLINDRICAL_SURFACE ( 'NONE', #5198, 0.3900000000000001799 ) ;
#4219 = ADVANCED_FACE ( 'NONE', ( #700 ), #3258, .F. ) ;
#4220 = VECTOR ( 'NONE', #724, 1000.000000000000000 ) ;
#4221 = ORIENTED_EDGE ( 'NONE', *, *, #3369, .T. ) ;
#4222 = CARTESIAN_POINT ( 'NONE',  ( -2.905000000000000693, -1.314999999999999725, -1.650999999999999801 ) ) ;
#4223 = CARTESIAN_POINT ( 'NONE',  ( 3.291204546809214371, -1.260722490625576953, 0.8890000000000003455 ) ) ;
#4224 = ORIENTED_EDGE ( 'NONE', *, *, #3237, .F. ) ;
#4225 = SURFACE_STYLE_USAGE ( .BOTH. , #2619 ) ;
#4226 = VECTOR ( 'NONE', #2961, 1000.000000000000000 ) ;
#4227 = CARTESIAN_POINT ( 'NONE',  ( -3.564137829662604062, -2.276455224539564171, -2.158999999999999808 ) ) ;
#4228 =( LENGTH_UNIT ( ) NAMED_UNIT ( * ) SI_UNIT ( .MILLI., .METRE. ) );
#4229 = EDGE_CURVE ( 'NONE', #3970, #4410, #4191, .T. ) ;
#4230 =( GEOMETRIC_REPRESENTATION_CONTEXT ( 3 ) GLOBAL_UNCERTAINTY_ASSIGNED_CONTEXT ( ( #3755 ) ) GLOBAL_UNIT_ASSIGNED_CONTEXT ( ( #3732, #252, #2040 ) ) REPRESENTATION_CONTEXT ( 'NONE', 'WORKASPACE' ) );
#4231 = DIRECTION ( 'NONE',  ( 0.0000000000000000000, 0.0000000000000000000, 1.000000000000000000 ) ) ;
#4232 = ORIENTED_EDGE ( 'NONE', *, *, #5009, .T. ) ;
#4233 = SURFACE_STYLE_USAGE ( .BOTH. , #5392 ) ;
#4234 = DIRECTION ( 'NONE',  ( -1.000000000000000000, 0.0000000000000000000, 0.0000000000000000000 ) ) ;
#4235 = PLANE ( 'NONE',  #2296 ) ;
#4236 = EDGE_CURVE ( 'NONE', #1863, #337, #4694, .T. ) ;
#4237 = DIRECTION ( 'NONE',  ( 0.0000000000000000000, 0.0000000000000000000, 1.000000000000000000 ) ) ;
#4238 = LINE ( 'NONE', #4560, #785 ) ;
#4239 = ORIENTED_EDGE ( 'NONE', *, *, #2021, .F. ) ;
#4240 = DIRECTION ( 'NONE',  ( -0.0000000000000000000, -0.0000000000000000000, -1.000000000000000000 ) ) ;
#4241 = PRESENTATION_STYLE_ASSIGNMENT (( #3873 ) ) ;
#4242 = EDGE_CURVE ( 'NONE', #2410, #4489, #488, .T. ) ;
#4243 = ORIENTED_EDGE ( 'NONE', *, *, #4743, .F. ) ;
#4244 = FACE_OUTER_BOUND ( 'NONE', #1517, .T. ) ;
#4245 = SURFACE_STYLE_USAGE ( .BOTH. , #2053 ) ;
#4246 = VECTOR ( 'NONE', #4715, 1000.000000000000000 ) ;
#4247 = DIRECTION ( 'NONE',  ( 0.2505628070857289225, 0.9351131265310307361, -0.2505628070857289225 ) ) ;
#4248 = CARTESIAN_POINT ( 'NONE',  ( -3.576693994936546606, -2.096893695492795917, -1.650999999999999801 ) ) ;
#4249 = ORIENTED_EDGE ( 'NONE', *, *, #440, .F. ) ;
#4250 = DIRECTION ( 'NONE',  ( -0.9975640502598241977, 0.06975647374412627388, 0.0000000000000000000 ) ) ;
#4251 =( LENGTH_UNIT ( ) NAMED_UNIT ( * ) SI_UNIT ( .MILLI., .METRE. ) );
#4252 = ORIENTED_EDGE ( 'NONE', *, *, #3994, .F. ) ;
#4253 = AXIS2_PLACEMENT_3D ( 'NONE', #3584, #2750, #4332 ) ;
#4254 = DIRECTION ( 'NONE',  ( -1.000000000000000000, 0.0000000000000000000, -0.0000000000000000000 ) ) ;
#4255 = FILL_AREA_STYLE ('',( #2117 ) ) ;
#4256 = UNCERTAINTY_MEASURE_WITH_UNIT (LENGTH_MEASURE( 1.000000000000000082E-05 ), #1196, 'distance_accuracy_value', 'NONE');
#4257 = SURFACE_STYLE_FILL_AREA ( #419 ) ;
#4258 =( GEOMETRIC_REPRESENTATION_CONTEXT ( 3 ) GLOBAL_UNCERTAINTY_ASSIGNED_CONTEXT ( ( #4096 ) ) GLOBAL_UNIT_ASSIGNED_CONTEXT ( ( #4127, #3210, #3761 ) ) REPRESENTATION_CONTEXT ( 'NONE', 'WORKASPACE' ) );
#4259 = SURFACE_SIDE_STYLE ('',( #3069 ) ) ;
#4260 = EDGE_LOOP ( 'NONE', ( #2042, #1778, #2510, #1848 ) ) ;
#4261 = LINE ( 'NONE', #58, #697 ) ;
#4262 = CARTESIAN_POINT ( 'NONE',  ( 2.705000000000000959, -0.9249999999999998224, 2.159000000000000252 ) ) ;
#4263 = UNCERTAINTY_MEASURE_WITH_UNIT (LENGTH_MEASURE( 1.000000000000000082E-05 ), #1461, 'distance_accuracy_value', 'NONE');
#4264 = CARTESIAN_POINT ( 'NONE',  ( -2.905000000000000693, -1.314999999999999725, 0.3810000000000003939 ) ) ;
#4265 = LINE ( 'NONE', #5088, #3511 ) ;
#4266 = FACE_OUTER_BOUND ( 'NONE', #2428, .T. ) ;
#4267 = EDGE_LOOP ( 'NONE', ( #4796, #3767, #3099, #4471 ) ) ;
#4268 = COLOUR_RGB ( '',0.9058823529411764719, 0.9019607843137255054, 0.8862745098039215286 ) ;
#4269 = EDGE_CURVE ( 'NONE', #1925, #3028, #1231, .T. ) ;
#4270 =( NAMED_UNIT ( * ) PLANE_ANGLE_UNIT ( ) SI_UNIT ( $, .RADIAN. ) );
#4271 = VERTEX_POINT ( 'NONE', #5514 ) ;
#4272 = AXIS2_PLACEMENT_3D ( 'NONE', #3236, #1087, #2819 ) ;
#4273 = PRESENTATION_STYLE_ASSIGNMENT (( #1332 ) ) ;
#4274 = CARTESIAN_POINT ( 'NONE',  ( -3.564137829662604062, -2.276455224539564171, 0.8890000000000003455 ) ) ;
#4275 = CARTESIAN_POINT ( 'NONE',  ( 3.564137829662604062, -2.276455224539564171, -1.650999999999999801 ) ) ;
#4276 = FILL_AREA_STYLE_COLOUR ( '', #3478 ) ;
#4277 = VECTOR ( 'NONE', #4148, 1000.000000000000000 ) ;
#4278 = EDGE_LOOP ( 'NONE', ( #3455, #2094, #4062, #2167 ) ) ;
#4279 = COLOUR_RGB ( '',0.9058823529411764719, 0.9019607843137255054, 0.8862745098039215286 ) ;
#4280 = ORIENTED_EDGE ( 'NONE', *, *, #5243, .T. ) ;
#4281 =( GEOMETRIC_REPRESENTATION_CONTEXT ( 3 ) GLOBAL_UNCERTAINTY_ASSIGNED_CONTEXT ( ( #4197 ) ) GLOBAL_UNIT_ASSIGNED_CONTEXT ( ( #3528, #3951, #4884 ) ) REPRESENTATION_CONTEXT ( 'NONE', 'WORKASPACE' ) );
#4282 = LINE ( 'NONE', #3038, #2676 ) ;
#4283 = PRESENTATION_LAYER_ASSIGNMENT (  '', '', ( #5296 ) ) ;
#4284 = FACE_OUTER_BOUND ( 'NONE', #4102, .T. ) ;
#4285 = CARTESIAN_POINT ( 'NONE',  ( 2.905000000000000693, -1.314999999999999725, 2.159000000000000252 ) ) ;
#4286 =( NAMED_UNIT ( * ) SI_UNIT ( $, .STERADIAN. ) SOLID_ANGLE_UNIT ( ) );
#4287 = CARTESIAN_POINT ( 'NONE',  ( -3.576693994936546606, -2.096893695492795917, -0.8889999999999996794 ) ) ;
#4288 = ORIENTED_EDGE ( 'NONE', *, *, #4364, .T. ) ;
#4289 = ADVANCED_FACE ( 'NONE', ( #2258 ), #3780, .T. ) ;
#4290 = AXIS2_PLACEMENT_3D ( 'NONE', #2707, #4875, #3933 ) ;
#4291 =( NAMED_UNIT ( * ) PLANE_ANGLE_UNIT ( ) SI_UNIT ( $, .RADIAN. ) );
#4292 = LINE ( 'NONE', #429, #4046 ) ;
#4293 = ORIENTED_EDGE ( 'NONE', *, *, #5444, .F. ) ;
#4294 = VECTOR ( 'NONE', #459, 1000.000000000000000 ) ;
#4295 = DIRECTION ( 'NONE',  ( -1.000000000000000000, 0.0000000000000000000, -0.0000000000000000000 ) ) ;
#4296 = DIRECTION ( 'NONE',  ( 1.000000000000000000, 0.0000000000000000000, -0.0000000000000000000 ) ) ;
#4297 = ORIENTED_EDGE ( 'NONE', *, *, #3611, .T. ) ;
#4298 = STYLED_ITEM ( 'NONE', ( #634 ), #2820 ) ;
#4299 = EDGE_CURVE ( 'NONE', #2967, #1392, #3419, .T. ) ;
#4300 = EDGE_CURVE ( 'NONE', #307, #2881, #2643, .T. ) ;
#4301 = FILL_AREA_STYLE_COLOUR ( '', #4388 ) ;
#4302 =( GEOMETRIC_REPRESENTATION_CONTEXT ( 3 ) GLOBAL_UNCERTAINTY_ASSIGNED_CONTEXT ( ( #2514 ) ) GLOBAL_UNIT_ASSIGNED_CONTEXT ( ( #4365, #147, #1916 ) ) REPRESENTATION_CONTEXT ( 'NONE', 'WORKASPACE' ) );
#4303 = LINE ( 'NONE', #4713, #234 ) ;
#4304 = STYLED_ITEM ( 'NONE', ( #2868 ), #3263 ) ;
#4305 = AXIS2_PLACEMENT_3D ( 'NONE', #1651, #4748, #5135 ) ;
#4306 = ORIENTED_EDGE ( 'NONE', *, *, #4908, .T. ) ;
#4307 =( NAMED_UNIT ( * ) SI_UNIT ( $, .STERADIAN. ) SOLID_ANGLE_UNIT ( ) );
#4308 = LINE ( 'NONE', #636, #3566 ) ;
#4309 = AXIS2_PLACEMENT_3D ( 'NONE', #1223, #2417, #4135 ) ;
#4310 = UNCERTAINTY_MEASURE_WITH_UNIT (LENGTH_MEASURE( 1.000000000000000082E-05 ), #2887, 'distance_accuracy_value', 'NONE');
#4311 = EDGE_CURVE ( 'NONE', #5184, #1049, #327, .T. ) ;
#4312 = ADVANCED_FACE ( 'NONE', ( #4815 ), #950, .T. ) ;
#4313 = SURFACE_STYLE_USAGE ( .BOTH. , #3014 ) ;
#4314 = SURFACE_STYLE_USAGE ( .BOTH. , #4259 ) ;
#4315 = EDGE_LOOP ( 'NONE', ( #3706, #4159, #4002, #3493 ) ) ;
#4316 = FACE_OUTER_BOUND ( 'NONE', #4378, .T. ) ;
#4317 =( NAMED_UNIT ( * ) PLANE_ANGLE_UNIT ( ) SI_UNIT ( $, .RADIAN. ) );
#4318 = UNCERTAINTY_MEASURE_WITH_UNIT (LENGTH_MEASURE( 1.000000000000000082E-05 ), #1141, 'distance_accuracy_value', 'NONE');
#4319 = LINE ( 'NONE', #3074, #374 ) ;
#4320 = CARTESIAN_POINT ( 'NONE',  ( 3.112956294435731408, -1.285773648798387292, 0.8890000000000003455 ) ) ;
#4321 =( NAMED_UNIT ( * ) SI_UNIT ( $, .STERADIAN. ) SOLID_ANGLE_UNIT ( ) );
#4322 = ORIENTED_EDGE ( 'NONE', *, *, #981, .T. ) ;
#4323 = ORIENTED_EDGE ( 'NONE', *, *, #1708, .T. ) ;
#4324 =( NAMED_UNIT ( * ) SI_UNIT ( $, .STERADIAN. ) SOLID_ANGLE_UNIT ( ) );
#4325 = CARTESIAN_POINT ( 'NONE',  ( -3.205138307613600634, -1.941682754312656023, -1.650999999999999801 ) ) ;
#4326 = CARTESIAN_POINT ( 'NONE',  ( 3.564137829662604062, -2.276455224539564171, 2.159000000000000252 ) ) ;
#4327 = LINE ( 'NONE', #462, #1304 ) ;
#4328 = ORIENTED_EDGE ( 'NONE', *, *, #480, .T. ) ;
#4329 = ORIENTED_EDGE ( 'NONE', *, *, #4364, .F. ) ;
#4330 = EDGE_CURVE ( 'NONE', #5184, #3514, #2311, .T. ) ;
#4331 = VECTOR ( 'NONE', #518, 1000.000000000000000 ) ;
#4332 = DIRECTION ( 'NONE',  ( 0.0000000000000000000, 0.9659258262890690894, -0.2588190451025179084 ) ) ;
#4333 = ORIENTED_EDGE ( 'NONE', *, *, #3963, .F. ) ;
#4334 = FILL_AREA_STYLE_COLOUR ( '', #859 ) ;
#4335 = PRESENTATION_STYLE_ASSIGNMENT (( #1659 ) ) ;
#4336 =( GEOMETRIC_REPRESENTATION_CONTEXT ( 3 ) GLOBAL_UNCERTAINTY_ASSIGNED_CONTEXT ( ( #3254 ) ) GLOBAL_UNIT_ASSIGNED_CONTEXT ( ( #1868, #5267, #4371 ) ) REPRESENTATION_CONTEXT ( 'NONE', 'WORKASPACE' ) );
#4337 = ORIENTED_EDGE ( 'NONE', *, *, #4300, .F. ) ;
#4338 = VECTOR ( 'NONE', #4818, 1000.000000000000114 ) ;
#4339 = SURFACE_STYLE_USAGE ( .BOTH. , #2272 ) ;
#4340 = STYLED_ITEM ( 'NONE', ( #556 ), #4824 ) ;
#4341 = DIRECTION ( 'NONE',  ( -1.000000000000000000, 0.0000000000000000000, 0.0000000000000000000 ) ) ;
#4342 = LINE ( 'NONE', #1270, #4226 ) ;
#4343 = EDGE_LOOP ( 'NONE', ( #5142, #57, #1990, #3290, #2980, #897, #5162, #2227, #5577, #4038, #4649, #3325 ) ) ;
#4344 = DIRECTION ( 'NONE',  ( -0.0000000000000000000, -0.0000000000000000000, -1.000000000000000000 ) ) ;
#4345 = MECHANICAL_DESIGN_GEOMETRIC_PRESENTATION_REPRESENTATION (  '', ( #3025 ), #2748 ) ;
#4346 = DIRECTION ( 'NONE',  ( 1.000000000000000000, -0.0000000000000000000, -0.0000000000000000000 ) ) ;
#4347 = ORIENTED_EDGE ( 'NONE', *, *, #1903, .T. ) ;
#4348 = EDGE_CURVE ( 'NONE', #946, #1222, #4069, .T. ) ;
#4349 = CARTESIAN_POINT ( 'NONE',  ( -3.576693994936546606, -2.096893695492795917, -0.3809999999999997278 ) ) ;
#4350 = MECHANICAL_DESIGN_GEOMETRIC_PRESENTATION_REPRESENTATION (  '', ( #128 ), #3731 ) ;
#4351 = CARTESIAN_POINT ( 'NONE',  ( 2.705000000000000959, -0.9249999999999998224, 0.8890000000000003455 ) ) ;
#4352 = LINE ( 'NONE', #3938, #4934 ) ;
#4353 = CARTESIAN_POINT ( 'NONE',  ( 2.905000000000000693, -1.104999999999999538, 0.8890000000000003455 ) ) ;
#4354 = DIRECTION ( 'NONE',  ( 0.0000000000000000000, 0.0000000000000000000, 1.000000000000000000 ) ) ;
#4355 = ORIENTED_EDGE ( 'NONE', *, *, #1750, .T. ) ;
#4356 = COLOUR_RGB ( '',0.9058823529411764719, 0.9019607843137255054, 0.8862745098039215286 ) ;
#4357 =( LENGTH_UNIT ( ) NAMED_UNIT ( * ) SI_UNIT ( .MILLI., .METRE. ) );
#4358 = PLANE ( 'NONE',  #3661 ) ;
#4359 = UNCERTAINTY_MEASURE_WITH_UNIT (LENGTH_MEASURE( 1.000000000000000082E-05 ), #4251, 'distance_accuracy_value', 'NONE');
#4360 = PRESENTATION_LAYER_ASSIGNMENT (  '', '', ( #5006 ) ) ;
#4361 = DIRECTION ( 'NONE',  ( -0.06975647374412494162, 0.9975640502598243087, 0.0000000000000000000 ) ) ;
#4362 = EDGE_LOOP ( 'NONE', ( #1080, #467, #5333, #3802 ) ) ;
#4363 = EDGE_CURVE ( 'NONE', #148, #2945, #5307, .T. ) ;
#4364 = EDGE_CURVE ( 'NONE', #5596, #740, #3989, .T. ) ;
#4365 =( LENGTH_UNIT ( ) NAMED_UNIT ( * ) SI_UNIT ( .MILLI., .METRE. ) );
#4366 = ORIENTED_EDGE ( 'NONE', *, *, #3305, .T. ) ;
#4367 =( NAMED_UNIT ( * ) SI_UNIT ( $, .STERADIAN. ) SOLID_ANGLE_UNIT ( ) );
#4368 = AXIS2_PLACEMENT_3D ( 'NONE', #85, #1311, #5254 ) ;
#4369 = DIRECTION ( 'NONE',  ( 0.0000000000000000000, 0.0000000000000000000, 1.000000000000000000 ) ) ;
#4370 = DIRECTION ( 'NONE',  ( 0.06975647374412492774, -0.9975640502598243087, 0.0000000000000000000 ) ) ;
#4371 =( NAMED_UNIT ( * ) SI_UNIT ( $, .STERADIAN. ) SOLID_ANGLE_UNIT ( ) );
#4372 = SURFACE_STYLE_FILL_AREA ( #2274 ) ;
#4373 = ORIENTED_EDGE ( 'NONE', *, *, #1293, .T. ) ;
#4374 = DIRECTION ( 'NONE',  ( -0.0000000000000000000, -0.0000000000000000000, -1.000000000000000000 ) ) ;
#4375 = CARTESIAN_POINT ( 'NONE',  ( -2.905000000000000693, -1.314999999999999725, -2.158999999999999808 ) ) ;
#4376 = DIRECTION ( 'NONE',  ( -0.0000000000000000000, -0.0000000000000000000, -1.000000000000000000 ) ) ;
#4377 = AXIS2_PLACEMENT_3D ( 'NONE', #4597, #2392, #4104 ) ;
#4378 = EDGE_LOOP ( 'NONE', ( #3678, #3607, #2168, #2929 ) ) ;
#4379 = EDGE_CURVE ( 'NONE', #3472, #3124, #661, .T. ) ;
#4380 = SURFACE_SIDE_STYLE ('',( #2794 ) ) ;
#4381 = ADVANCED_FACE ( 'NONE', ( #3168 ), #1395, .F. ) ;
#4382 = PRESENTATION_LAYER_ASSIGNMENT (  '', '', ( #1229 ) ) ;
#4383 = CARTESIAN_POINT ( 'NONE',  ( -2.905000000000000693, -1.314999999999999725, 1.651000000000000023 ) ) ;
#4384 = FILL_AREA_STYLE_COLOUR ( '', #1318 ) ;
#4385 =( NAMED_UNIT ( * ) SI_UNIT ( $, .STERADIAN. ) SOLID_ANGLE_UNIT ( ) );
#4386 =( NAMED_UNIT ( * ) PLANE_ANGLE_UNIT ( ) SI_UNIT ( $, .RADIAN. ) );
#4387 = STYLED_ITEM ( 'NONE', ( #3259 ), #2603 ) ;
#4388 = COLOUR_RGB ( '',0.9058823529411764719, 0.9019607843137255054, 0.8862745098039215286 ) ;
#4389 = ORIENTED_EDGE ( 'NONE', *, *, #4699, .T. ) ;
#4390 = VECTOR ( 'NONE', #1428, 1000.000000000000000 ) ;
#4391 =( NAMED_UNIT ( * ) SI_UNIT ( $, .STERADIAN. ) SOLID_ANGLE_UNIT ( ) );
#4392 = FACE_OUTER_BOUND ( 'NONE', #2239, .T. ) ;
#4393 = EDGE_CURVE ( 'NONE', #613, #5557, #2766, .T. ) ;
#4394 =( NAMED_UNIT ( * ) PLANE_ANGLE_UNIT ( ) SI_UNIT ( $, .RADIAN. ) );
#4395 = AXIS2_PLACEMENT_3D ( 'NONE', #5465, #3787, #3267 ) ;
#4396 = FACE_BOUND ( 'NONE', #1593, .T. ) ;
#4397 = ORIENTED_EDGE ( 'NONE', *, *, #4055, .F. ) ;
#4398 = LINE ( 'NONE', #3556, #2231 ) ;
#4399 = CARTESIAN_POINT ( 'NONE',  ( -3.576693994936546606, -2.096893695492795917, -0.3809999999999997278 ) ) ;
#4400 = ORIENTED_EDGE ( 'NONE', *, *, #3283, .F. ) ;
#4401 =( NAMED_UNIT ( * ) SI_UNIT ( $, .STERADIAN. ) SOLID_ANGLE_UNIT ( ) );
#4402 = MECHANICAL_DESIGN_GEOMETRIC_PRESENTATION_REPRESENTATION (  '', ( #1159 ), #2708 ) ;
#4403 = COLOUR_RGB ( '',0.9058823529411764719, 0.9019607843137255054, 0.8862745098039215286 ) ;
#4404 = SURFACE_SIDE_STYLE ('',( #503 ) ) ;
#4405 = LINE ( 'NONE', #4461, #1551 ) ;
#4406 = EDGE_CURVE ( 'NONE', #2617, #298, #4902, .T. ) ;
#4407 = DIRECTION ( 'NONE',  ( -0.0000000000000000000, -0.0000000000000000000, -1.000000000000000000 ) ) ;
#4408 = DIRECTION ( 'NONE',  ( -1.000000000000000000, 0.0000000000000000000, 0.0000000000000000000 ) ) ;
#4409 = CARTESIAN_POINT ( 'NONE',  ( -2.705000000000000959, -1.104999999999999760, 2.159000000000000252 ) ) ;
#4410 = VERTEX_POINT ( 'NONE', #4842 ) ;
#4411 = DIRECTION ( 'NONE',  ( -0.0000000000000000000, -0.0000000000000000000, -1.000000000000000000 ) ) ;
#4412 = FILL_AREA_STYLE ('',( #187 ) ) ;
#4413 = LINE ( 'NONE', #4442, #970 ) ;
#4414 = ADVANCED_FACE ( 'NONE', ( #1905 ), #911, .F. ) ;
#4415 = VERTEX_POINT ( 'NONE', #4704 ) ;
#4416 = CARTESIAN_POINT ( 'NONE',  ( 2.705000000000000959, -0.9249999999999998224, -0.8889999999999996794 ) ) ;
#4417 = STYLED_ITEM ( 'NONE', ( #26 ), #4131 ) ;
#4418 = FILL_AREA_STYLE_COLOUR ( '', #5158 ) ;
#4419 = EDGE_CURVE ( 'NONE', #346, #492, #369, .T. ) ;
#4420 =( LENGTH_UNIT ( ) NAMED_UNIT ( * ) SI_UNIT ( .MILLI., .METRE. ) );
#4421 = FILL_AREA_STYLE ('',( #1398 ) ) ;
#4422 = EDGE_LOOP ( 'NONE', ( #2823, #2821, #4858, #3845 ) ) ;
#4423 = LINE ( 'NONE', #3251, #4118 ) ;
#4424 =( LENGTH_UNIT ( ) NAMED_UNIT ( * ) SI_UNIT ( .MILLI., .METRE. ) );
#4425 = UNCERTAINTY_MEASURE_WITH_UNIT (LENGTH_MEASURE( 1.000000000000000082E-05 ), #10, 'distance_accuracy_value', 'NONE');
#4426 = CARTESIAN_POINT ( 'NONE',  ( -2.705000000000000959, -2.029999999999999805, -2.689999999999999503 ) ) ;
#4427 = EDGE_CURVE ( 'NONE', #3184, #3738, #478, .T. ) ;
#4428 = ORIENTED_EDGE ( 'NONE', *, *, #424, .F. ) ;
#4429 = SURFACE_STYLE_USAGE ( .BOTH. , #88 ) ;
#4430 = CARTESIAN_POINT ( 'NONE',  ( -2.905000000000000693, -1.314999999999999725, 0.8890000000000003455 ) ) ;
#4431 = FACE_OUTER_BOUND ( 'NONE', #3600, .T. ) ;
#4432 = VERTEX_POINT ( 'NONE', #2211 ) ;
#4433 = SURFACE_STYLE_FILL_AREA ( #2326 ) ;
#4434 =( GEOMETRIC_REPRESENTATION_CONTEXT ( 3 ) GLOBAL_UNCERTAINTY_ASSIGNED_CONTEXT ( ( #1043 ) ) GLOBAL_UNIT_ASSIGNED_CONTEXT ( ( #2678, #1820, #5538 ) ) REPRESENTATION_CONTEXT ( 'NONE', 'WORKASPACE' ) );
#4435 = DIRECTION ( 'NONE',  ( 0.1391731009600577773, 0.9902680687415713612, 0.0000000000000000000 ) ) ;
#4436 = LINE ( 'NONE', #4006, #4907 ) ;
#4437 = UNCERTAINTY_MEASURE_WITH_UNIT (LENGTH_MEASURE( 1.000000000000000082E-05 ), #2232, 'distance_accuracy_value', 'NONE');
#4438 = FACE_OUTER_BOUND ( 'NONE', #3281, .T. ) ;
#4439 =( LENGTH_UNIT ( ) NAMED_UNIT ( * ) SI_UNIT ( .MILLI., .METRE. ) );
#4440 = VERTEX_POINT ( 'NONE', #2551 ) ;
#4441 = DIRECTION ( 'NONE',  ( 0.9975640502598241977, 0.06975647374412627388, 0.0000000000000000000 ) ) ;
#4442 = CARTESIAN_POINT ( 'NONE',  ( -1.955000000000000959, -0.05000000000000000278, -1.689999999999999725 ) ) ;
#4443 =( GEOMETRIC_REPRESENTATION_CONTEXT ( 3 ) GLOBAL_UNCERTAINTY_ASSIGNED_CONTEXT ( ( #1435 ) ) GLOBAL_UNIT_ASSIGNED_CONTEXT ( ( #1942, #1481, #3256 ) ) REPRESENTATION_CONTEXT ( 'NONE', 'WORKASPACE' ) );
#4444 = PRESENTATION_LAYER_ASSIGNMENT (  '', '', ( #1277 ) ) ;
#4445 = EDGE_LOOP ( 'NONE', ( #273, #1721, #1401, #2390 ) ) ;
#4446 = LINE ( 'NONE', #4067, #2347 ) ;
#4447 = ADVANCED_FACE ( 'NONE', ( #882 ), #5148, .T. ) ;
#4448 = ORIENTED_EDGE ( 'NONE', *, *, #355, .F. ) ;
#4449 = MECHANICAL_DESIGN_GEOMETRIC_PRESENTATION_REPRESENTATION (  '', ( #3285 ), #4258 ) ;
#4450 = SURFACE_STYLE_USAGE ( .BOTH. , #2286 ) ;
#4451 = LINE ( 'NONE', #4476, #1367 ) ;
#4452 = COLOUR_RGB ( '',0.9058823529411764719, 0.9019607843137255054, 0.8862745098039215286 ) ;
#4453 = DIRECTION ( 'NONE',  ( -1.000000000000000000, 0.0000000000000000000, 0.0000000000000000000 ) ) ;
#4454 = CARTESIAN_POINT ( 'NONE',  ( -3.205138307613600634, -1.941682754312656023, -1.650999999999999801 ) ) ;
#4455 = ORIENTED_EDGE ( 'NONE', *, *, #2651, .T. ) ;
#4456 = AXIS2_PLACEMENT_3D ( 'NONE', #1755, #3983, #1846 ) ;
#4457 = FACE_OUTER_BOUND ( 'NONE', #2349, .T. ) ;
#4458 = SURFACE_STYLE_FILL_AREA ( #2754 ) ;
#4459 = ORIENTED_EDGE ( 'NONE', *, *, #1441, .T. ) ;
#4460 = CARTESIAN_POINT ( 'NONE',  ( 3.564137829662604062, -2.276455224539564171, 1.651000000000000023 ) ) ;
#4461 = CARTESIAN_POINT ( 'NONE',  ( -4.183721917363029341, -2.319780764523383887, 0.8890000000000003455 ) ) ;
#4462 = AXIS2_PLACEMENT_3D ( 'NONE', #5236, #5206, #4806 ) ;
#4463 = CARTESIAN_POINT ( 'NONE',  ( 3.291204546809214371, -1.260722490625576953, 1.651000000000000023 ) ) ;
#4464 = CARTESIAN_POINT ( 'NONE',  ( -2.705000000000000959, -1.104999999999999760, 0.3810000000000003939 ) ) ;
#4465 =( NAMED_UNIT ( * ) SI_UNIT ( $, .STERADIAN. ) SOLID_ANGLE_UNIT ( ) );
#4466 = PRESENTATION_LAYER_ASSIGNMENT (  '', '', ( #4833 ) ) ;
#4467 = VERTEX_POINT ( 'NONE', #4734 ) ;
#4468 =( LENGTH_UNIT ( ) NAMED_UNIT ( * ) SI_UNIT ( .MILLI., .METRE. ) );
#4469 = EDGE_CURVE ( 'NONE', #1650, #3865, #4319, .T. ) ;
#4470 = DIRECTION ( 'NONE',  ( -0.0000000000000000000, -0.0000000000000000000, -1.000000000000000000 ) ) ;
#4471 = ORIENTED_EDGE ( 'NONE', *, *, #3120, .T. ) ;
#4472 = DIRECTION ( 'NONE',  ( -0.0000000000000000000, -0.0000000000000000000, -1.000000000000000000 ) ) ;
#4473 = CARTESIAN_POINT ( 'NONE',  ( -2.705000000000000959, -1.104999999999999760, -1.650999999999999801 ) ) ;
#4474 = ORIENTED_EDGE ( 'NONE', *, *, #1135, .T. ) ;
#4475 = PLANE ( 'NONE',  #5405 ) ;
#4476 = CARTESIAN_POINT ( 'NONE',  ( -3.112956294435731408, -1.285773648798387292, -1.650999999999999801 ) ) ;
#4477 = FILL_AREA_STYLE ('',( #2769 ) ) ;
#4478 = EDGE_CURVE ( 'NONE', #3527, #3215, #4785, .T. ) ;
#4479 = EDGE_CURVE ( 'NONE', #4661, #4911, #2155, .T. ) ;
#4480 = COLOUR_RGB ( '',0.9058823529411764719, 0.9019607843137255054, 0.8862745098039215286 ) ;
#4481 = DIRECTION ( 'NONE',  ( -1.000000000000000000, 0.0000000000000000000, 0.0000000000000000000 ) ) ;
#4482 = CARTESIAN_POINT ( 'NONE',  ( -2.705000000000000959, -1.104999999999999760, 1.651000000000000023 ) ) ;
#4483 =( GEOMETRIC_REPRESENTATION_CONTEXT ( 3 ) GLOBAL_UNCERTAINTY_ASSIGNED_CONTEXT ( ( #3092 ) ) GLOBAL_UNIT_ASSIGNED_CONTEXT ( ( #1359, #5278, #74 ) ) REPRESENTATION_CONTEXT ( 'NONE', 'WORKASPACE' ) );
#4484 = SURFACE_STYLE_FILL_AREA ( #4854 ) ;
#4485 = UNCERTAINTY_MEASURE_WITH_UNIT (LENGTH_MEASURE( 1.000000000000000082E-05 ), #960, 'distance_accuracy_value', 'NONE');
#4486 = CARTESIAN_POINT ( 'NONE',  ( 2.477243186433546018, 0.0000000000000000000, 2.689999999999999503 ) ) ;
#4487 = MECHANICAL_DESIGN_GEOMETRIC_PRESENTATION_REPRESENTATION (  '', ( #877 ), #5494 ) ;
#4488 = STYLED_ITEM ( 'NONE', ( #1443 ), #2219 ) ;
#4489 = VERTEX_POINT ( 'NONE', #4676 ) ;
#4490 =( NAMED_UNIT ( * ) PLANE_ANGLE_UNIT ( ) SI_UNIT ( $, .RADIAN. ) );
#4491 = CARTESIAN_POINT ( 'NONE',  ( 2.905000000000000693, -0.9249999999999993783, 2.159000000000000252 ) ) ;
#4492 = EDGE_LOOP ( 'NONE', ( #3176, #2325, #4709, #2074 ) ) ;
#4493 = DIRECTION ( 'NONE',  ( -0.0000000000000000000, -0.0000000000000000000, -1.000000000000000000 ) ) ;
#4494 = CARTESIAN_POINT ( 'NONE',  ( 2.705000000000000959, -1.104999999999999760, -1.650999999999999801 ) ) ;
#4495 = ADVANCED_FACE ( 'NONE', ( #791 ), #7, .F. ) ;
#4496 = COLOUR_RGB ( '',0.9058823529411764719, 0.9019607843137255054, 0.8862745098039215286 ) ;
#4497 = SURFACE_STYLE_USAGE ( .BOTH. , #3644 ) ;
#4498 = UNCERTAINTY_MEASURE_WITH_UNIT (LENGTH_MEASURE( 1.000000000000000082E-05 ), #1964, 'distance_accuracy_value', 'NONE');
#4499 = STYLED_ITEM ( 'NONE', ( #1838 ), #2491 ) ;
#4500 = SURFACE_SIDE_STYLE ('',( #505 ) ) ;
#4501 = CARTESIAN_POINT ( 'NONE',  ( -2.705000000000000959, -1.104999999999999760, -1.650999999999999801 ) ) ;
#4502 = AXIS2_PLACEMENT_3D ( 'NONE', #5138, #3010, #1710 ) ;
#4503 = AXIS2_PLACEMENT_3D ( 'NONE', #3726, #1484, #2004 ) ;
#4504 = ORIENTED_EDGE ( 'NONE', *, *, #406, .F. ) ;
#4505 = PRESENTATION_STYLE_ASSIGNMENT (( #1519 ) ) ;
#4506 = DIRECTION ( 'NONE',  ( -1.000000000000000000, 0.0000000000000000000, 0.0000000000000000000 ) ) ;
#4507 =( GEOMETRIC_REPRESENTATION_CONTEXT ( 3 ) GLOBAL_UNCERTAINTY_ASSIGNED_CONTEXT ( ( #4310 ) ) GLOBAL_UNIT_ASSIGNED_CONTEXT ( ( #2887, #5531, #3275 ) ) REPRESENTATION_CONTEXT ( 'NONE', 'WORKASPACE' ) );
#4508 = ORIENTED_EDGE ( 'NONE', *, *, #2533, .F. ) ;
#4509 = DIRECTION ( 'NONE',  ( 0.1391731009600577773, -0.9902680687415713612, 0.0000000000000000000 ) ) ;
#4510 = ORIENTED_EDGE ( 'NONE', *, *, #1811, .F. ) ;
#4511 = CIRCLE ( 'NONE', #1699, 0.2099999999999992428 ) ;
#4512 = PRESENTATION_STYLE_ASSIGNMENT (( #3969 ) ) ;
#4513 = DIRECTION ( 'NONE',  ( 0.1391731009600577773, -0.9902680687415713612, 0.0000000000000000000 ) ) ;
#4514 = MECHANICAL_DESIGN_GEOMETRIC_PRESENTATION_REPRESENTATION (  '', ( #539 ), #4784 ) ;
#4515 = SURFACE_STYLE_FILL_AREA ( #1434 ) ;
#4516 = PRESENTATION_STYLE_ASSIGNMENT (( #2803 ) ) ;
#4517 = SURFACE_SIDE_STYLE ('',( #2807 ) ) ;
#4518 = EDGE_LOOP ( 'NONE', ( #1844, #98, #3625, #4821 ) ) ;
#4519 = FILL_AREA_STYLE_COLOUR ( '', #5012 ) ;
#4520 = DIRECTION ( 'NONE',  ( -0.1391731009600577773, -0.9902680687415713612, 0.0000000000000000000 ) ) ;
#4521 = ADVANCED_FACE ( 'NONE', ( #4867 ), #4007, .F. ) ;
#4522 = EDGE_LOOP ( 'NONE', ( #1564, #2443, #2908, #1057 ) ) ;
#4523 = PLANE ( 'NONE',  #46 ) ;
#4524 = LINE ( 'NONE', #4579, #1119 ) ;
#4525 =( NAMED_UNIT ( * ) SI_UNIT ( $, .STERADIAN. ) SOLID_ANGLE_UNIT ( ) );
#4526 = DIRECTION ( 'NONE',  ( 0.0000000000000000000, 0.0000000000000000000, 1.000000000000000000 ) ) ;
#4527 = ORIENTED_EDGE ( 'NONE', *, *, #4670, .T. ) ;
#4528 = FILL_AREA_STYLE ('',( #4063 ) ) ;
#4529 = ORIENTED_EDGE ( 'NONE', *, *, #312, .T. ) ;
#4530 = MECHANICAL_DESIGN_GEOMETRIC_PRESENTATION_REPRESENTATION (  '', ( #2368 ), #3803 ) ;
#4531 = CARTESIAN_POINT ( 'NONE',  ( 3.564137829662604062, -2.276455224539564171, -1.650999999999999801 ) ) ;
#4532 =( NAMED_UNIT ( * ) PLANE_ANGLE_UNIT ( ) SI_UNIT ( $, .RADIAN. ) );
#4533 = VERTEX_POINT ( 'NONE', #3127 ) ;
#4534 = STYLED_ITEM ( 'NONE', ( #2899 ), #4621 ) ;
#4535 = COLOUR_RGB ( '',0.9058823529411764719, 0.9019607843137255054, 0.8862745098039215286 ) ;
#4536 = CYLINDRICAL_SURFACE ( 'NONE', #4377, 0.3900000000000001799 ) ;
#4537 = EDGE_CURVE ( 'NONE', #4271, #2271, #2700, .T. ) ;
#4538 = VECTOR ( 'NONE', #2200, 1000.000000000000000 ) ;
#4539 = CIRCLE ( 'NONE', #384, 0.3899999999999992917 ) ;
#4540 = CARTESIAN_POINT ( 'NONE',  ( -3.591342854422812980, -1.887405244938233251, -0.8889999999999996794 ) ) ;
#4541 = DIRECTION ( 'NONE',  ( -0.0000000000000000000, -0.0000000000000000000, -1.000000000000000000 ) ) ;
#4542 = DIRECTION ( 'NONE',  ( -1.000000000000000000, 0.0000000000000000000, 0.0000000000000000000 ) ) ;
#4543 = FILL_AREA_STYLE ('',( #4965 ) ) ;
#4544 = COLOUR_RGB ( '',0.9058823529411764719, 0.9019607843137255054, 0.8862745098039215286 ) ;
#4545 = ADVANCED_FACE ( 'NONE', ( #591 ), #4035, .T. ) ;
#4546 = SURFACE_STYLE_FILL_AREA ( #670 ) ;
#4547 = PRODUCT ( 'User Library-SOIC8_(ATTINY12)', 'User Library-SOIC8_(ATTINY12)', '', ( #2483 ) ) ;
#4548 = EDGE_LOOP ( 'NONE', ( #1741, #385, #5133, #2358 ) ) ;
#4549 =( NAMED_UNIT ( * ) PLANE_ANGLE_UNIT ( ) SI_UNIT ( $, .RADIAN. ) );
#4550 = PLANE ( 'NONE',  #5499 ) ;
#4551 = CARTESIAN_POINT ( 'NONE',  ( -2.705000000000000959, -1.104999999999999760, -0.3809999999999997278 ) ) ;
#4552 = DIRECTION ( 'NONE',  ( -0.1391731009600577773, 0.9902680687415713612, 0.0000000000000000000 ) ) ;
#4553 = EDGE_CURVE ( 'NONE', #1925, #4212, #2815, .T. ) ;
#4554 = FILL_AREA_STYLE ('',( #4090 ) ) ;
#4555 = DIRECTION ( 'NONE',  ( -0.0000000000000000000, -0.0000000000000000000, -1.000000000000000000 ) ) ;
#4556 = ORIENTED_EDGE ( 'NONE', *, *, #708, .T. ) ;
#4557 = MECHANICAL_DESIGN_GEOMETRIC_PRESENTATION_REPRESENTATION (  '', ( #1393 ), #2478 ) ;
#4558 = LINE ( 'NONE', #1089, #3194 ) ;
#4559 = ORIENTED_EDGE ( 'NONE', *, *, #3214, .T. ) ;
#4560 = CARTESIAN_POINT ( 'NONE',  ( 4.183721917363029341, -2.319780764523383887, -0.3809999999999997278 ) ) ;
#4561 = ORIENTED_EDGE ( 'NONE', *, *, #2805, .F. ) ;
#4562 = PRESENTATION_LAYER_ASSIGNMENT (  '', '', ( #5196 ) ) ;
#4563 = CARTESIAN_POINT ( 'NONE',  ( 3.576693994936546606, -2.096893695492795917, -0.8889999999999996794 ) ) ;
#4564 = DIRECTION ( 'NONE',  ( -0.9975640502598241977, 0.06975647374412627388, 0.0000000000000000000 ) ) ;
#4565 = VECTOR ( 'NONE', #4691, 1000.000000000000000 ) ;
#4566 = ADVANCED_FACE ( 'NONE', ( #1922 ), #5488, .F. ) ;
#4567 = DIRECTION ( 'NONE',  ( -0.1391731009600577773, -0.9902680687415713612, 0.0000000000000000000 ) ) ;
#4568 = CIRCLE ( 'NONE', #5298, 0.2099999999999992428 ) ;
#4569 = DIRECTION ( 'NONE',  ( -0.0000000000000000000, -0.0000000000000000000, -1.000000000000000000 ) ) ;
#4570 = DIRECTION ( 'NONE',  ( 0.0000000000000000000, 0.0000000000000000000, 1.000000000000000000 ) ) ;
#4571 = PLANE ( 'NONE',  #4083 ) ;
#4572 = CIRCLE ( 'NONE', #4290, 0.3899999999999992917 ) ;
#4573 = EDGE_LOOP ( 'NONE', ( #1175, #3942, #4668, #4333 ) ) ;
#4574 = SURFACE_STYLE_FILL_AREA ( #2034 ) ;
#4575 = PRESENTATION_LAYER_ASSIGNMENT (  '', '', ( #5479 ) ) ;
#4576 = EDGE_LOOP ( 'NONE', ( #2760, #3347, #508, #5127, #3553, #5329, #2579, #4771, #770, #3006, #4355, #316 ) ) ;
#4577 = DIRECTION ( 'NONE',  ( -1.000000000000000000, 0.0000000000000000000, -0.0000000000000000000 ) ) ;
#4578 = CARTESIAN_POINT ( 'NONE',  ( 3.591342854422812980, -1.887405244938233251, -0.8889999999999996794 ) ) ;
#4579 = CARTESIAN_POINT ( 'NONE',  ( -2.705000000000000959, -0.8500000000000113021, -2.689999999999999503 ) ) ;
#4580 = PRESENTATION_LAYER_ASSIGNMENT (  '', '', ( #4298 ) ) ;
#4581 = AXIS2_PLACEMENT_3D ( 'NONE', #3110, #3519, #105 ) ;
#4582 = CARTESIAN_POINT ( 'NONE',  ( -2.905000000000000693, -0.9249999999999993783, -0.8889999999999996794 ) ) ;
#4583 = CARTESIAN_POINT ( 'NONE',  ( -2.705000000000000959, -1.104999999999999760, 0.8890000000000003455 ) ) ;
#4584 = DIRECTION ( 'NONE',  ( -1.000000000000000000, 0.0000000000000000000, -0.0000000000000000000 ) ) ;
#4585 = VERTEX_POINT ( 'NONE', #4582 ) ;
#4586 = AXIS2_PLACEMENT_3D ( 'NONE', #5342, #1795, #136 ) ;
#4587 = MECHANICAL_DESIGN_GEOMETRIC_PRESENTATION_REPRESENTATION (  '', ( #5487 ), #2149 ) ;
#4588 = FILL_AREA_STYLE ('',( #1630 ) ) ;
#4589 = ORIENTED_EDGE ( 'NONE', *, *, #296, .F. ) ;
#4590 = COLOUR_RGB ( '',0.9058823529411764719, 0.9019607843137255054, 0.8862745098039215286 ) ;
#4591 = VECTOR ( 'NONE', #3397, 1000.000000000000000 ) ;
#4592 = SURFACE_STYLE_USAGE ( .BOTH. , #5470 ) ;
#4593 = PLANE ( 'NONE',  #4852 ) ;
#4594 = EDGE_LOOP ( 'NONE', ( #3227, #4202, #5093, #65 ) ) ;
#4595 = EDGE_CURVE ( 'NONE', #1347, #1520, #1489, .T. ) ;
#4596 = VECTOR ( 'NONE', #72, 1000.000000000000114 ) ;
#4597 = CARTESIAN_POINT ( 'NONE',  ( 2.905000000000000693, -1.314999999999999725, -0.3809999999999997278 ) ) ;
#4598 = SURFACE_SIDE_STYLE ('',( #1995 ) ) ;
#4599 = AXIS2_PLACEMENT_3D ( 'NONE', #4531, #5041, #5525 ) ;
#4600 = DIRECTION ( 'NONE',  ( -0.9975640502598241977, 0.06975647374412627388, 0.0000000000000000000 ) ) ;
#4601 = EDGE_CURVE ( 'NONE', #1672, #5211, #226, .T. ) ;
#4602 = DIRECTION ( 'NONE',  ( 0.0000000000000000000, 0.0000000000000000000, 1.000000000000000000 ) ) ;
#4603 = AXIS2_PLACEMENT_3D ( 'NONE', #4583, #5002, #305 ) ;
#4604 = ORIENTED_EDGE ( 'NONE', *, *, #681, .T. ) ;
#4605 = CARTESIAN_POINT ( 'NONE',  ( -1.955000000000000959, 0.0000000000000000000, -1.689999999999999725 ) ) ;
#4606 = SURFACE_STYLE_FILL_AREA ( #5482 ) ;
#4607 = ORIENTED_EDGE ( 'NONE', *, *, #4553, .T. ) ;
#4608 = SURFACE_SIDE_STYLE ('',( #4997 ) ) ;
#4609 = CARTESIAN_POINT ( 'NONE',  ( -3.383386559987083597, -1.916631596139845684, -1.650999999999999801 ) ) ;
#4610 = EDGE_CURVE ( 'NONE', #403, #4661, #3231, .T. ) ;
#4611 = DIRECTION ( 'NONE',  ( -1.000000000000000000, 0.0000000000000000000, 0.0000000000000000000 ) ) ;
#4612 = DIRECTION ( 'NONE',  ( -0.0000000000000000000, -0.0000000000000000000, -1.000000000000000000 ) ) ;
#4613 = VERTEX_POINT ( 'NONE', #5054 ) ;
#4614 = CARTESIAN_POINT ( 'NONE',  ( -3.591342854422812980, -1.887405244938233251, -0.3809999999999997278 ) ) ;
#4615 =( LENGTH_UNIT ( ) NAMED_UNIT ( * ) SI_UNIT ( .MILLI., .METRE. ) );
#4616 = DIRECTION ( 'NONE',  ( -1.000000000000000000, 0.0000000000000000000, 0.0000000000000000000 ) ) ;
#4617 = VERTEX_POINT ( 'NONE', #2924 ) ;
#4618 = CARTESIAN_POINT ( 'NONE',  ( -2.705000000000000959, -0.9249999999999998224, -1.650999999999999801 ) ) ;
#4619 =( GEOMETRIC_REPRESENTATION_CONTEXT ( 3 ) GLOBAL_UNCERTAINTY_ASSIGNED_CONTEXT ( ( #637 ) ) GLOBAL_UNIT_ASSIGNED_CONTEXT ( ( #5428, #4549, #4113 ) ) REPRESENTATION_CONTEXT ( 'NONE', 'WORKASPACE' ) );
#4620 = CYLINDRICAL_SURFACE ( 'NONE', #2518, 0.2099999999999992428 ) ;
#4621 = ADVANCED_FACE ( 'NONE', ( #707 ), #2434, .T. ) ;
#4622 = AXIS2_PLACEMENT_3D ( 'NONE', #3884, #445, #903 ) ;
#4623 =( NAMED_UNIT ( * ) SI_UNIT ( $, .STERADIAN. ) SOLID_ANGLE_UNIT ( ) );
#4624 = CARTESIAN_POINT ( 'NONE',  ( 3.205138307613600634, -1.941682754312656023, -2.158999999999999808 ) ) ;
#4625 =( LENGTH_UNIT ( ) NAMED_UNIT ( * ) SI_UNIT ( .MILLI., .METRE. ) );
#4626 = VECTOR ( 'NONE', #4361, 1000.000000000000114 ) ;
#4627 = MECHANICAL_DESIGN_GEOMETRIC_PRESENTATION_REPRESENTATION (  '', ( #4983 ), #5165 ) ;
#4628 = ORIENTED_EDGE ( 'NONE', *, *, #1570, .F. ) ;
#4629 = CARTESIAN_POINT ( 'NONE',  ( 2.477243186433546018, -2.029999999999999805, 2.689999999999999503 ) ) ;
#4630 = VERTEX_POINT ( 'NONE', #25 ) ;
#4631 = SURFACE_STYLE_USAGE ( .BOTH. , #4608 ) ;
#4632 = STYLED_ITEM ( 'NONE', ( #545 ), #5190 ) ;
#4633 = FILL_AREA_STYLE ('',( #249 ) ) ;
#4634 = EDGE_CURVE ( 'NONE', #3270, #448, #1286, .T. ) ;
#4635 = SURFACE_STYLE_FILL_AREA ( #1162 ) ;
#4636 = PRESENTATION_LAYER_ASSIGNMENT (  '', '', ( #1643 ) ) ;
#4637 = CYLINDRICAL_SURFACE ( 'NONE', #1704, 0.3900000000000001799 ) ;
#4638 = DIRECTION ( 'NONE',  ( 0.9975640502598241977, -0.06975647374412627388, 0.0000000000000000000 ) ) ;
#4639 = ORIENTED_EDGE ( 'NONE', *, *, #5224, .F. ) ;
#4640 = DIRECTION ( 'NONE',  ( 0.06975647374412627388, -0.9975640502598241977, 0.0000000000000000000 ) ) ;
#4641 = DIRECTION ( 'NONE',  ( -0.1391731009600577773, -0.9902680687415713612, 0.0000000000000000000 ) ) ;
#4642 = PRESENTATION_STYLE_ASSIGNMENT (( #2958 ) ) ;
#4643 = VECTOR ( 'NONE', #1404, 1000.000000000000000 ) ;
#4644 =( LENGTH_UNIT ( ) NAMED_UNIT ( * ) SI_UNIT ( .MILLI., .METRE. ) );
#4645 = DIRECTION ( 'NONE',  ( -1.000000000000000000, 0.0000000000000000000, -0.0000000000000000000 ) ) ;
#4646 = ORIENTED_EDGE ( 'NONE', *, *, #2176, .T. ) ;
#4647 = CARTESIAN_POINT ( 'NONE',  ( 4.183721917363029341, -2.319780764523383887, -1.650999999999999801 ) ) ;
#4648 = CARTESIAN_POINT ( 'NONE',  ( -3.112956294435731408, -1.285773648798387292, -0.3809999999999997278 ) ) ;
#4649 = ORIENTED_EDGE ( 'NONE', *, *, #4537, .T. ) ;
#4650 = AXIS2_PLACEMENT_3D ( 'NONE', #3101, #2628, #2664 ) ;
#4651 = DIRECTION ( 'NONE',  ( 1.000000000000000000, 0.0000000000000000000, 0.0000000000000000000 ) ) ;
#4652 = AXIS2_PLACEMENT_3D ( 'NONE', #3555, #930, #2752 ) ;
#4653 = FILL_AREA_STYLE ('',( #2911 ) ) ;
#4654 = FACE_OUTER_BOUND ( 'NONE', #3648, .T. ) ;
#4655 =( GEOMETRIC_REPRESENTATION_CONTEXT ( 3 ) GLOBAL_UNCERTAINTY_ASSIGNED_CONTEXT ( ( #2698 ) ) GLOBAL_UNIT_ASSIGNED_CONTEXT ( ( #5485, #3366, #4664 ) ) REPRESENTATION_CONTEXT ( 'NONE', 'WORKASPACE' ) );
#4656 = CARTESIAN_POINT ( 'NONE',  ( 2.905000000000000693, -1.314999999999999725, 1.651000000000000023 ) ) ;
#4657 = FILL_AREA_STYLE_COLOUR ( '', #52 ) ;
#4658 = ADVANCED_FACE ( 'NONE', ( #4284 ), #2595, .T. ) ;
#4659 = ORIENTED_EDGE ( 'NONE', *, *, #575, .F. ) ;
#4660 = DIRECTION ( 'NONE',  ( -0.0000000000000000000, -0.0000000000000000000, -1.000000000000000000 ) ) ;
#4661 = VERTEX_POINT ( 'NONE', #5573 ) ;
#4662 = CARTESIAN_POINT ( 'NONE',  ( -2.905000000000000693, -1.314999999999999725, -0.3809999999999997278 ) ) ;
#4663 = COLOUR_RGB ( '',0.9058823529411764719, 0.9019607843137255054, 0.8862745098039215286 ) ;
#4664 =( NAMED_UNIT ( * ) SI_UNIT ( $, .STERADIAN. ) SOLID_ANGLE_UNIT ( ) );
#4665 = EDGE_CURVE ( 'NONE', #2657, #3024, #5199, .T. ) ;
#4666 = DIRECTION ( 'NONE',  ( -0.1391731009600577773, 0.9902680687415713612, 0.0000000000000000000 ) ) ;
#4667 = VECTOR ( 'NONE', #266, 1000.000000000000000 ) ;
#4668 = ORIENTED_EDGE ( 'NONE', *, *, #4039, .T. ) ;
#4669 = DIRECTION ( 'NONE',  ( 0.2505628070857289225, -0.9351131265310307361, -0.2505628070857289225 ) ) ;
#4670 = EDGE_CURVE ( 'NONE', #5484, #4661, #1021, .T. ) ;
#4671 = DIRECTION ( 'NONE',  ( -0.0000000000000000000, -0.0000000000000000000, -1.000000000000000000 ) ) ;
#4672 = EDGE_CURVE ( 'NONE', #1650, #1906, #1371, .T. ) ;
#4673 = CARTESIAN_POINT ( 'NONE',  ( -1.955000000000000959, 0.0000000000000000000, -2.189999999999999503 ) ) ;
#4674 = UNCERTAINTY_MEASURE_WITH_UNIT (LENGTH_MEASURE( 1.000000000000000082E-05 ), #1513, 'distance_accuracy_value', 'NONE');
#4675 = MECHANICAL_DESIGN_GEOMETRIC_PRESENTATION_REPRESENTATION (  '', ( #4205 ), #162 ) ;
#4676 = CARTESIAN_POINT ( 'NONE',  ( -3.383386559987083597, -1.916631596139845684, -2.158999999999999808 ) ) ;
#4677 = DIRECTION ( 'NONE',  ( -0.1391731009600577773, -0.9902680687415713612, 0.0000000000000000000 ) ) ;
#4678 = VECTOR ( 'NONE', #5564, 1000.000000000000000 ) ;
#4679 = PRESENTATION_STYLE_ASSIGNMENT (( #3681 ) ) ;
#4680 = PRESENTATION_LAYER_ASSIGNMENT (  '', '', ( #3324 ) ) ;
#4681 = VERTEX_POINT ( 'NONE', #4774 ) ;
#4682 = SURFACE_SIDE_STYLE ('',( #2103 ) ) ;
#4683 = DIRECTION ( 'NONE',  ( 0.0000000000000000000, -0.0000000000000000000, -1.000000000000000000 ) ) ;
#4684 = MECHANICAL_DESIGN_GEOMETRIC_PRESENTATION_REPRESENTATION (  '', ( #1679 ), #1967 ) ;
#4685 = EDGE_LOOP ( 'NONE', ( #47, #49, #4559, #3987 ) ) ;
#4686 = FILL_AREA_STYLE ('',( #2447 ) ) ;
#4687 = COLOUR_RGB ( '',0.9058823529411764719, 0.9019607843137255054, 0.8862745098039215286 ) ;
#4688 = CARTESIAN_POINT ( 'NONE',  ( -2.705000000000000959, -1.104999999999999760, 0.8890000000000003455 ) ) ;
#4689 = COLOUR_RGB ( '',0.9058823529411764719, 0.9019607843137255054, 0.8862745098039215286 ) ;
#4690 = DIRECTION ( 'NONE',  ( -0.0000000000000000000, -0.0000000000000000000, -1.000000000000000000 ) ) ;
#4691 = DIRECTION ( 'NONE',  ( 0.9975640502598241977, -0.06975647374412627388, 0.0000000000000000000 ) ) ;
#4692 = AXIS2_PLACEMENT_3D ( 'NONE', #2282, #3988, #1063 ) ;
#4693 = ORIENTED_EDGE ( 'NONE', *, *, #1333, .F. ) ;
#4694 = LINE ( 'NONE', #103, #4331 ) ;
#4695 = FACE_OUTER_BOUND ( 'NONE', #1734, .T. ) ;
#4696 = CARTESIAN_POINT ( 'NONE',  ( -3.291204546809214371, -1.260722490625576953, -0.3809999999999997278 ) ) ;
#4697 = VECTOR ( 'NONE', #1657, 1000.000000000000000 ) ;
#4698 = LINE ( 'NONE', #2067, #4697 ) ;
#4699 = EDGE_CURVE ( 'NONE', #2751, #941, #2622, .T. ) ;
#4700 = FILL_AREA_STYLE ('',( #446 ) ) ;
#4701 = FILL_AREA_STYLE_COLOUR ( '', #4213 ) ;
#4702 = VERTEX_POINT ( 'NONE', #1262 ) ;
#4703 = DIRECTION ( 'NONE',  ( -1.000000000000000000, 0.0000000000000000000, 0.0000000000000000000 ) ) ;
#4704 = CARTESIAN_POINT ( 'NONE',  ( 2.705000000000000959, -1.104999999999999760, 2.159000000000000252 ) ) ;
#4705 = DIRECTION ( 'NONE',  ( -0.9975640502598241977, -0.06975647374412627388, 0.0000000000000000000 ) ) ;
#4706 = ORIENTED_EDGE ( 'NONE', *, *, #3994, .T. ) ;
#4707 = CARTESIAN_POINT ( 'NONE',  ( -3.576693994936546606, -2.096893695492795917, 0.3810000000000003939 ) ) ;
#4708 =( LENGTH_UNIT ( ) NAMED_UNIT ( * ) SI_UNIT ( .MILLI., .METRE. ) );
#4709 = ORIENTED_EDGE ( 'NONE', *, *, #411, .F. ) ;
#4710 =( NAMED_UNIT ( * ) PLANE_ANGLE_UNIT ( ) SI_UNIT ( $, .RADIAN. ) );
#4711 = COLOUR_RGB ( '',0.9058823529411764719, 0.9019607843137255054, 0.8862745098039215286 ) ;
#4712 = ADVANCED_FACE ( 'NONE', ( #2516 ), #1681, .T. ) ;
#4713 = CARTESIAN_POINT ( 'NONE',  ( 3.291204546809214371, -1.260722490625576953, 0.8890000000000003455 ) ) ;
#4714 = ORIENTED_EDGE ( 'NONE', *, *, #3953, .F. ) ;
#4715 = DIRECTION ( 'NONE',  ( -0.0000000000000000000, -0.0000000000000000000, -1.000000000000000000 ) ) ;
#4716 = FACE_OUTER_BOUND ( 'NONE', #109, .T. ) ;
#4717 = ORIENTED_EDGE ( 'NONE', *, *, #4537, .F. ) ;
#4718 = DIRECTION ( 'NONE',  ( 0.0000000000000000000, -0.0000000000000000000, -1.000000000000000000 ) ) ;
#4719 = CARTESIAN_POINT ( 'NONE',  ( 4.196278082636971440, -2.140219235476615633, 2.159000000000000252 ) ) ;
#4720 = AXIS2_PLACEMENT_3D ( 'NONE', #646, #2376, #4087 ) ;
#4721 = AXIS2_PLACEMENT_3D ( 'NONE', #746, #1524, #2391 ) ;
#4722 = UNCERTAINTY_MEASURE_WITH_UNIT (LENGTH_MEASURE( 1.000000000000000082E-05 ), #3520, 'distance_accuracy_value', 'NONE');
#4723 = FILL_AREA_STYLE ('',( #2089 ) ) ;
#4724 =( LENGTH_UNIT ( ) NAMED_UNIT ( * ) SI_UNIT ( .MILLI., .METRE. ) );
#4725 = LINE ( 'NONE', #1776, #4199 ) ;
#4726 = LINE ( 'NONE', #393, #4591 ) ;
#4727 = VERTEX_POINT ( 'NONE', #4027 ) ;
#4728 = PLANE ( 'NONE',  #3417 ) ;
#4729 =( NAMED_UNIT ( * ) SI_UNIT ( $, .STERADIAN. ) SOLID_ANGLE_UNIT ( ) );
#4730 = LINE ( 'NONE', #5497, #297 ) ;
#4731 = PRODUCT_RELATED_PRODUCT_CATEGORY ( 'part', '', ( #4547 ) ) ;
#4732 = EDGE_CURVE ( 'NONE', #5526, #2617, #582, .T. ) ;
#4733 = AXIS2_PLACEMENT_3D ( 'NONE', #3840, #5551, #4703 ) ;
#4734 = CARTESIAN_POINT ( 'NONE',  ( -3.112956294435731408, -1.285773648798387292, 1.651000000000000023 ) ) ;
#4735 = DIRECTION ( 'NONE',  ( 0.0000000000000000000, -1.000000000000000000, 0.0000000000000000000 ) ) ;
#4736 = LINE ( 'NONE', #453, #2789 ) ;
#4737 = ORIENTED_EDGE ( 'NONE', *, *, #1411, .T. ) ;
#4738 = PRESENTATION_LAYER_ASSIGNMENT (  '', '', ( #5546 ) ) ;
#4739 = ORIENTED_EDGE ( 'NONE', *, *, #3255, .F. ) ;
#4740 = FILL_AREA_STYLE_COLOUR ( '', #3959 ) ;
#4741 = CARTESIAN_POINT ( 'NONE',  ( 2.905000000000000693, -1.314999999999999725, 0.8890000000000003455 ) ) ;
#4742 = DIRECTION ( 'NONE',  ( 0.9975640502598241977, -0.06975647374412627388, 0.0000000000000000000 ) ) ;
#4743 = EDGE_CURVE ( 'NONE', #3352, #2206, #470, .T. ) ;
#4744 = CARTESIAN_POINT ( 'NONE',  ( 4.183721917363029341, -2.319780764523383887, -0.3809999999999997278 ) ) ;
#4745 = PRESENTATION_LAYER_ASSIGNMENT (  '', '', ( #1393 ) ) ;
#4746 = EDGE_LOOP ( 'NONE', ( #4714, #2201, #1550, #5058 ) ) ;
#4747 = CIRCLE ( 'NONE', #2484, 0.2099999999999992428 ) ;
#4748 = DIRECTION ( 'NONE',  ( -0.0000000000000000000, -0.0000000000000000000, -1.000000000000000000 ) ) ;
#4749 = CARTESIAN_POINT ( 'NONE',  ( 2.705000000000000959, -1.104999999999999538, 1.650999999999999801 ) ) ;
#4750 = FACE_OUTER_BOUND ( 'NONE', #4045, .T. ) ;
#4751 = AXIS2_PLACEMENT_3D ( 'NONE', #4993, #1078, #1103 ) ;
#4752 = MECHANICAL_DESIGN_GEOMETRIC_PRESENTATION_REPRESENTATION (  '', ( #408 ), #2316 ) ;
#4753 = CARTESIAN_POINT ( 'NONE',  ( -2.705000000000000959, -0.9249999999999998224, 2.159000000000000252 ) ) ;
#4754 = EDGE_LOOP ( 'NONE', ( #1033, #5415, #5223, #2933 ) ) ;
#4755 = DIRECTION ( 'NONE',  ( 0.0000000000000000000, 0.0000000000000000000, 1.000000000000000000 ) ) ;
#4756 =( GEOMETRIC_REPRESENTATION_CONTEXT ( 3 ) GLOBAL_UNCERTAINTY_ASSIGNED_CONTEXT ( ( #2631 ) ) GLOBAL_UNIT_ASSIGNED_CONTEXT ( ( #3886, #29, #1658 ) ) REPRESENTATION_CONTEXT ( 'NONE', 'WORKASPACE' ) );
#4757 = SURFACE_SIDE_STYLE ('',( #2604 ) ) ;
#4758 = SURFACE_SIDE_STYLE ('',( #3508 ) ) ;
#4759 = EDGE_LOOP ( 'NONE', ( #1786, #630, #4070, #366 ) ) ;
#4760 = CIRCLE ( 'NONE', #3847, 0.3900000000000001799 ) ;
#4761 = DIRECTION ( 'NONE',  ( -0.0000000000000000000, -0.0000000000000000000, -1.000000000000000000 ) ) ;
#4762 = ORIENTED_EDGE ( 'NONE', *, *, #4837, .F. ) ;
#4763 = CARTESIAN_POINT ( 'NONE',  ( -3.564137829662604062, -2.276455224539564171, 1.651000000000000023 ) ) ;
#4764 = EDGE_CURVE ( 'NONE', #2236, #5270, #5345, .T. ) ;
#4765 = CARTESIAN_POINT ( 'NONE',  ( -2.705000000000000959, -1.104999999999999760, -2.158999999999999808 ) ) ;
#4766 = FILL_AREA_STYLE ('',( #4384 ) ) ;
#4767 = AXIS2_PLACEMENT_3D ( 'NONE', #1661, #3430, #3017 ) ;
#4768 = COLOUR_RGB ( '',0.9058823529411764719, 0.9019607843137255054, 0.8862745098039215286 ) ;
#4769 = ORIENTED_EDGE ( 'NONE', *, *, #4601, .F. ) ;
#4770 = SURFACE_STYLE_FILL_AREA ( #3008 ) ;
#4771 = ORIENTED_EDGE ( 'NONE', *, *, #3384, .T. ) ;
#4772 = CARTESIAN_POINT ( 'NONE',  ( -3.564137829662604062, -2.276455224539564171, 0.8890000000000003455 ) ) ;
#4773 = UNCERTAINTY_MEASURE_WITH_UNIT (LENGTH_MEASURE( 1.000000000000000082E-05 ), #262, 'distance_accuracy_value', 'NONE');
#4774 = CARTESIAN_POINT ( 'NONE',  ( -3.112956294435731408, -1.285773648798387292, -1.650999999999999801 ) ) ;
#4775 = ORIENTED_EDGE ( 'NONE', *, *, #1976, .F. ) ;
#4776 = DIRECTION ( 'NONE',  ( -0.0000000000000000000, -0.0000000000000000000, -1.000000000000000000 ) ) ;
#4777 = VECTOR ( 'NONE', #592, 1000.000000000000000 ) ;
#4778 = DIRECTION ( 'NONE',  ( 0.9902680687415713612, -0.1391731009600577773, 0.0000000000000000000 ) ) ;
#4779 = ORIENTED_EDGE ( 'NONE', *, *, #3927, .F. ) ;
#4780 = LINE ( 'NONE', #1716, #4124 ) ;
#4781 = LINE ( 'NONE', #2696, #4917 ) ;
#4782 = CARTESIAN_POINT ( 'NONE',  ( -4.183721917363029341, -2.319780764523383887, -1.650999999999999801 ) ) ;
#4783 = UNCERTAINTY_MEASURE_WITH_UNIT (LENGTH_MEASURE( 1.000000000000000082E-05 ), #2252, 'distance_accuracy_value', 'NONE');
#4784 =( GEOMETRIC_REPRESENTATION_CONTEXT ( 3 ) GLOBAL_UNCERTAINTY_ASSIGNED_CONTEXT ( ( #5053 ) ) GLOBAL_UNIT_ASSIGNED_CONTEXT ( ( #1239, #3835, #2953 ) ) REPRESENTATION_CONTEXT ( 'NONE', 'WORKASPACE' ) );
#4785 = LINE ( 'NONE', #5087, #742 ) ;
#4786 = CARTESIAN_POINT ( 'NONE',  ( 4.183721917363029341, -2.319780764523383887, 0.3810000000000003939 ) ) ;
#4787 = CARTESIAN_POINT ( 'NONE',  ( 3.591342854422812980, -1.887405244938233251, -0.3809999999999997278 ) ) ;
#4788 = ORIENTED_EDGE ( 'NONE', *, *, #1976, .T. ) ;
#4789 = LINE ( 'NONE', #40, #152 ) ;
#4790 = ORIENTED_EDGE ( 'NONE', *, *, #4868, .T. ) ;
#4791 = PRESENTATION_STYLE_ASSIGNMENT (( #3083 ) ) ;
#4792 = CARTESIAN_POINT ( 'NONE',  ( 2.705000000000000959, -1.104999999999999760, -0.8889999999999996794 ) ) ;
#4793 =( LENGTH_UNIT ( ) NAMED_UNIT ( * ) SI_UNIT ( .MILLI., .METRE. ) );
#4794 = CARTESIAN_POINT ( 'NONE',  ( -2.705000000000000959, -1.104999999999999760, -0.8889999999999996794 ) ) ;
#4795 = EDGE_CURVE ( 'NONE', #1992, #5123, #4799, .T. ) ;
#4796 = ORIENTED_EDGE ( 'NONE', *, *, #5003, .F. ) ;
#4797 = FACE_BOUND ( 'NONE', #1765, .T. ) ;
#4798 = PRESENTATION_STYLE_ASSIGNMENT (( #1676 ) ) ;
#4799 = LINE ( 'NONE', #2689, #2925 ) ;
#4800 = ORIENTED_EDGE ( 'NONE', *, *, #1243, .F. ) ;
#4801 = LINE ( 'NONE', #5143, #5112 ) ;
#4802 = PLANE ( 'NONE',  #435 ) ;
#4803 = VECTOR ( 'NONE', #4089, 1000.000000000000000 ) ;
#4804 = ORIENTED_EDGE ( 'NONE', *, *, #927, .F. ) ;
#4805 = COLOUR_RGB ( '',0.7529411764705882248, 0.7529411764705882248, 0.7529411764705882248 ) ;
#4806 = DIRECTION ( 'NONE',  ( -1.000000000000000000, 0.0000000000000000000, 0.0000000000000000000 ) ) ;
#4807 = COLOUR_RGB ( '',0.9058823529411764719, 0.9019607843137255054, 0.8862745098039215286 ) ;
#4808 =( NAMED_UNIT ( * ) PLANE_ANGLE_UNIT ( ) SI_UNIT ( $, .RADIAN. ) );
#4809 = CIRCLE ( 'NONE', #2195, 0.2500000000000000000 ) ;
#4810 = ORIENTED_EDGE ( 'NONE', *, *, #400, .F. ) ;
#4811 = CARTESIAN_POINT ( 'NONE',  ( 2.905000000000000693, -1.314999999999999725, -2.158999999999999808 ) ) ;
#4812 = CARTESIAN_POINT ( 'NONE',  ( -3.291204546809214371, -1.260722490625576953, 2.159000000000000252 ) ) ;
#4813 = ORIENTED_EDGE ( 'NONE', *, *, #4000, .F. ) ;
#4814 = ADVANCED_FACE ( 'NONE', ( #4396, #1044, #4882, #1772, #3094 ), #529, .T. ) ;
#4815 = FACE_OUTER_BOUND ( 'NONE', #1745, .T. ) ;
#4816 = AXIS2_PLACEMENT_3D ( 'NONE', #2913, #3691, #323 ) ;
#4817 = CARTESIAN_POINT ( 'NONE',  ( 4.196278082636971440, -2.140219235476615633, 0.3810000000000003939 ) ) ;
#4818 = DIRECTION ( 'NONE',  ( 0.1391731009600577773, -0.9902680687415713612, 0.0000000000000000000 ) ) ;
#4819 = PRESENTATION_STYLE_ASSIGNMENT (( #108 ) ) ;
#4820 = STYLED_ITEM ( 'NONE', ( #4505 ), #506 ) ;
#4821 = ORIENTED_EDGE ( 'NONE', *, *, #2962, .T. ) ;
#4822 = LINE ( 'NONE', #957, #4937 ) ;
#4823 = VECTOR ( 'NONE', #182, 1000.000000000000000 ) ;
#4824 = ADVANCED_FACE ( 'NONE', ( #145 ), #1374, .T. ) ;
#4825 = LINE ( 'NONE', #2147, #676 ) ;
#4826 = UNCERTAINTY_MEASURE_WITH_UNIT (LENGTH_MEASURE( 1.000000000000000082E-05 ), #2165, 'distance_accuracy_value', 'NONE');
#4827 = ORIENTED_EDGE ( 'NONE', *, *, #2284, .T. ) ;
#4828 = SURFACE_STYLE_FILL_AREA ( #1019 ) ;
#4829 = CARTESIAN_POINT ( 'NONE',  ( -3.564137829662604062, -2.276455224539564171, -1.650999999999999801 ) ) ;
#4830 = FILL_AREA_STYLE ('',( #5348 ) ) ;
#4831 = ADVANCED_FACE ( 'NONE', ( #4110 ), #5021, .F. ) ;
#4832 = ORIENTED_EDGE ( 'NONE', *, *, #1832, .T. ) ;
#4833 = STYLED_ITEM ( 'NONE', ( #5027 ), #829 ) ;
#4834 = SURFACE_STYLE_USAGE ( .BOTH. , #3126 ) ;
#4835 = UNCERTAINTY_MEASURE_WITH_UNIT (LENGTH_MEASURE( 1.000000000000000082E-05 ), #5239, 'distance_accuracy_value', 'NONE');
#4836 = CARTESIAN_POINT ( 'NONE',  ( -3.564137829662604062, -2.276455224539564171, 1.651000000000000023 ) ) ;
#4837 = EDGE_CURVE ( 'NONE', #762, #4911, #3695, .T. ) ;
#4838 = PRESENTATION_STYLE_ASSIGNMENT (( #97 ) ) ;
#4839 = EDGE_LOOP ( 'NONE', ( #474, #1408, #4813, #3381 ) ) ;
#4840 = ORIENTED_EDGE ( 'NONE', *, *, #1069, .F. ) ;
#4841 = PLANE ( 'NONE',  #4599 ) ;
#4842 = CARTESIAN_POINT ( 'NONE',  ( 4.196278082636971440, -2.140219235476615633, -0.8889999999999996794 ) ) ;
#4843 = AXIS2_PLACEMENT_3D ( 'NONE', #4430, #114, #965 ) ;
#4844 = DIRECTION ( 'NONE',  ( 1.000000000000000000, 0.0000000000000000000, 0.0000000000000000000 ) ) ;
#4845 = DIRECTION ( 'NONE',  ( -1.000000000000000000, 0.0000000000000000000, 0.0000000000000000000 ) ) ;
#4846 = DIRECTION ( 'NONE',  ( -1.000000000000000000, 0.0000000000000000000, 0.0000000000000000000 ) ) ;
#4847 = VECTOR ( 'NONE', #267, 1000.000000000000000 ) ;
#4848 = COLOUR_RGB ( '',0.9058823529411764719, 0.9019607843137255054, 0.8862745098039215286 ) ;
#4849 = ORIENTED_EDGE ( 'NONE', *, *, #5077, .F. ) ;
#4850 = COLOUR_RGB ( '',0.9058823529411764719, 0.9019607843137255054, 0.8862745098039215286 ) ;
#4851 = LINE ( 'NONE', #3549, #1780 ) ;
#4852 = AXIS2_PLACEMENT_3D ( 'NONE', #1216, #2467, #795 ) ;
#4853 =( LENGTH_UNIT ( ) NAMED_UNIT ( * ) SI_UNIT ( .MILLI., .METRE. ) );
#4854 = FILL_AREA_STYLE ('',( #2774 ) ) ;
#4855 = STYLED_ITEM ( 'NONE', ( #3228 ), #3248 ) ;
#4856 = MECHANICAL_DESIGN_GEOMETRIC_PRESENTATION_REPRESENTATION (  '', ( #1071 ), #2594 ) ;
#4857 = PRESENTATION_STYLE_ASSIGNMENT (( #3914 ) ) ;
#4858 = ORIENTED_EDGE ( 'NONE', *, *, #2587, .T. ) ;
#4859 = SURFACE_SIDE_STYLE ('',( #176 ) ) ;
#4860 =( NAMED_UNIT ( * ) PLANE_ANGLE_UNIT ( ) SI_UNIT ( $, .RADIAN. ) );
#4861 = DIRECTION ( 'NONE',  ( -0.9975640502598243087, 0.06975647374412492774, 0.0000000000000000000 ) ) ;
#4862 = EDGE_LOOP ( 'NONE', ( #358, #3820, #4347, #3016 ) ) ;
#4863 =( LENGTH_UNIT ( ) NAMED_UNIT ( * ) SI_UNIT ( .MILLI., .METRE. ) );
#4864 = STYLED_ITEM ( 'NONE', ( #1850 ), #3563 ) ;
#4865 = MECHANICAL_DESIGN_GEOMETRIC_PRESENTATION_REPRESENTATION (  '', ( #2063 ), #4216 ) ;
#4866 = FILL_AREA_STYLE_COLOUR ( '', #672 ) ;
#4867 = FACE_OUTER_BOUND ( 'NONE', #3509, .T. ) ;
#4868 = EDGE_CURVE ( 'NONE', #4115, #5540, #2348, .T. ) ;
#4869 = AXIS2_PLACEMENT_3D ( 'NONE', #3167, #1470, #548 ) ;
#4870 = FACE_OUTER_BOUND ( 'NONE', #1412, .T. ) ;
#4871 = FILL_AREA_STYLE ('',( #2275 ) ) ;
#4872 = APPLICATION_CONTEXT ( 'automotive_design' ) ;
#4873 = ORIENTED_EDGE ( 'NONE', *, *, #3196, .T. ) ;
#4874 = CARTESIAN_POINT ( 'NONE',  ( -3.591342854422812980, -1.887405244938233251, 2.159000000000000252 ) ) ;
#4875 = DIRECTION ( 'NONE',  ( 0.0000000000000000000, 0.0000000000000000000, 1.000000000000000000 ) ) ;
#4876 = ORIENTED_EDGE ( 'NONE', *, *, #4427, .T. ) ;
#4877 = DIRECTION ( 'NONE',  ( -0.06975647374412492774, -0.9975640502598243087, 0.0000000000000000000 ) ) ;
#4878 =( GEOMETRIC_REPRESENTATION_CONTEXT ( 3 ) GLOBAL_UNCERTAINTY_ASSIGNED_CONTEXT ( ( #4150 ) ) GLOBAL_UNIT_ASSIGNED_CONTEXT ( ( #3507, #1869, #972 ) ) REPRESENTATION_CONTEXT ( 'NONE', 'WORKASPACE' ) );
#4879 = ORIENTED_EDGE ( 'NONE', *, *, #2476, .T. ) ;
#4880 = CARTESIAN_POINT ( 'NONE',  ( -3.591342854422812980, -1.887405244938233251, 0.8890000000000003455 ) ) ;
#4881 = FACE_OUTER_BOUND ( 'NONE', #4685, .T. ) ;
#4882 = FACE_BOUND ( 'NONE', #5005, .T. ) ;
#4883 = ORIENTED_EDGE ( 'NONE', *, *, #3095, .T. ) ;
#4884 =( NAMED_UNIT ( * ) SI_UNIT ( $, .STERADIAN. ) SOLID_ANGLE_UNIT ( ) );
#4885 = ADVANCED_FACE ( 'NONE', ( #195 ), #3222, .F. ) ;
#4886 = ORIENTED_EDGE ( 'NONE', *, *, #3416, .F. ) ;
#4887 = SURFACE_STYLE_USAGE ( .BOTH. , #180 ) ;
#4888 =( GEOMETRIC_REPRESENTATION_CONTEXT ( 3 ) GLOBAL_UNCERTAINTY_ASSIGNED_CONTEXT ( ( #2749 ) ) GLOBAL_UNIT_ASSIGNED_CONTEXT ( ( #161, #4532, #2711 ) ) REPRESENTATION_CONTEXT ( 'NONE', 'WORKASPACE' ) );
#4889 = DIRECTION ( 'NONE',  ( 0.0000000000000000000, 0.0000000000000000000, -1.000000000000000000 ) ) ;
#4890 =( NAMED_UNIT ( * ) SI_UNIT ( $, .STERADIAN. ) SOLID_ANGLE_UNIT ( ) );
#4891 = MECHANICAL_DESIGN_GEOMETRIC_PRESENTATION_REPRESENTATION (  '', ( #204 ), #3276 ) ;
#4892 = PRESENTATION_STYLE_ASSIGNMENT (( #4061 ) ) ;
#4893 = CARTESIAN_POINT ( 'NONE',  ( -2.705000000000000959, -2.029999999999999805, 2.689999999999999503 ) ) ;
#4894 = ORIENTED_EDGE ( 'NONE', *, *, #1294, .F. ) ;
#4895 = EDGE_CURVE ( 'NONE', #4939, #2236, #23, .T. ) ;
#4896 = EDGE_CURVE ( 'NONE', #4681, #1003, #4451, .T. ) ;
#4897 = CARTESIAN_POINT ( 'NONE',  ( -2.905000000000000693, -1.104999999999999538, -1.650999999999999801 ) ) ;
#4898 = DIRECTION ( 'NONE',  ( -0.0000000000000000000, 1.000000000000000000, -0.0000000000000000000 ) ) ;
#4899 = MECHANICAL_DESIGN_GEOMETRIC_PRESENTATION_REPRESENTATION (  '', ( #2290 ), #4073 ) ;
#4900 = ORIENTED_EDGE ( 'NONE', *, *, #4363, .T. ) ;
#4901 = LINE ( 'NONE', #4416, #2068 ) ;
#4902 = LINE ( 'NONE', #2795, #1818 ) ;
#4903 = VERTEX_POINT ( 'NONE', #602 ) ;
#4904 = AXIS2_PLACEMENT_3D ( 'NONE', #2847, #3269, #4922 ) ;
#4905 = SURFACE_STYLE_FILL_AREA ( #1796 ) ;
#4906 = DIRECTION ( 'NONE',  ( 0.0000000000000000000, 0.0000000000000000000, 1.000000000000000000 ) ) ;
#4907 = VECTOR ( 'NONE', #3475, 1000.000000000000000 ) ;
#4908 = EDGE_CURVE ( 'NONE', #5305, #1595, #522, .T. ) ;
#4909 = FILL_AREA_STYLE ('',( #5367 ) ) ;
#4910 = CARTESIAN_POINT ( 'NONE',  ( -2.905000000000000693, -1.104999999999999538, -0.3809999999999997278 ) ) ;
#4911 = VERTEX_POINT ( 'NONE', #164 ) ;
#4912 = PRESENTATION_STYLE_ASSIGNMENT (( #560 ) ) ;
#4913 = ORIENTED_EDGE ( 'NONE', *, *, #3445, .T. ) ;
#4914 = LINE ( 'NONE', #1050, #1429 ) ;
#4915 = CARTESIAN_POINT ( 'NONE',  ( 3.112956294435731408, -1.285773648798387292, 2.159000000000000252 ) ) ;
#4916 =( NAMED_UNIT ( * ) PLANE_ANGLE_UNIT ( ) SI_UNIT ( $, .RADIAN. ) );
#4917 = VECTOR ( 'NONE', #3018, 1000.000000000000000 ) ;
#4918 = CARTESIAN_POINT ( 'NONE',  ( -3.112956294435731408, -1.285773648798387292, -0.3809999999999997278 ) ) ;
#4919 = COLOUR_RGB ( '',0.9058823529411764719, 0.9019607843137255054, 0.8862745098039215286 ) ;
#4920 = VERTEX_POINT ( 'NONE', #2768 ) ;
#4921 = PRESENTATION_LAYER_ASSIGNMENT (  '', '', ( #2126 ) ) ;
#4922 = DIRECTION ( 'NONE',  ( 0.0000000000000000000, 0.0000000000000000000, 1.000000000000000000 ) ) ;
#4923 = ORIENTED_EDGE ( 'NONE', *, *, #13, .T. ) ;
#4924 = MECHANICAL_DESIGN_GEOMETRIC_PRESENTATION_REPRESENTATION (  '', ( #3045 ), #5475 ) ;
#4925 = CARTESIAN_POINT ( 'NONE',  ( -2.905000000000000693, -0.9249999999999993783, 2.159000000000000252 ) ) ;
#4926 = ORIENTED_EDGE ( 'NONE', *, *, #3431, .F. ) ;
#4927 = PLANE ( 'NONE',  #4767 ) ;
#4928 = AXIS2_PLACEMENT_3D ( 'NONE', #5215, #5092, #4683 ) ;
#4929 = FACE_OUTER_BOUND ( 'NONE', #1930, .T. ) ;
#4930 = CARTESIAN_POINT ( 'NONE',  ( -2.905000000000000693, -1.314999999999999725, 0.8890000000000003455 ) ) ;
#4931 = EDGE_CURVE ( 'NONE', #1792, #4142, #2927, .T. ) ;
#4932 = CARTESIAN_POINT ( 'NONE',  ( 2.705000000000000959, -1.104999999999999760, -2.158999999999999808 ) ) ;
#4933 = CARTESIAN_POINT ( 'NONE',  ( -4.183721917363029341, -2.319780764523383887, 0.8890000000000003455 ) ) ;
#4934 = VECTOR ( 'NONE', #2222, 1000.000000000000000 ) ;
#4935 = UNCERTAINTY_MEASURE_WITH_UNIT (LENGTH_MEASURE( 1.000000000000000082E-05 ), #809, 'distance_accuracy_value', 'NONE');
#4936 = FILL_AREA_STYLE_COLOUR ( '', #3633 ) ;
#4937 = VECTOR ( 'NONE', #2265, 1000.000000000000000 ) ;
#4938 = MECHANICAL_DESIGN_GEOMETRIC_PRESENTATION_REPRESENTATION (  '', ( #2590 ), #2975 ) ;
#4939 = VERTEX_POINT ( 'NONE', #3191 ) ;
#4940 = CARTESIAN_POINT ( 'NONE',  ( 3.591342854422812980, -1.887405244938233251, -1.650999999999999801 ) ) ;
#4941 =( LENGTH_UNIT ( ) NAMED_UNIT ( * ) SI_UNIT ( .MILLI., .METRE. ) );
#4942 = ORIENTED_EDGE ( 'NONE', *, *, #3798, .F. ) ;
#4943 = DIRECTION ( 'NONE',  ( 0.0000000000000000000, 0.0000000000000000000, 1.000000000000000000 ) ) ;
#4944 = MECHANICAL_DESIGN_GEOMETRIC_PRESENTATION_REPRESENTATION (  '', ( #2148 ), #979 ) ;
#4945 = CARTESIAN_POINT ( 'NONE',  ( 3.112956294435731408, -1.285773648798387292, -1.650999999999999801 ) ) ;
#4946 = UNCERTAINTY_MEASURE_WITH_UNIT (LENGTH_MEASURE( 1.000000000000000082E-05 ), #727, 'distance_accuracy_value', 'NONE');
#4947 =( LENGTH_UNIT ( ) NAMED_UNIT ( * ) SI_UNIT ( .MILLI., .METRE. ) );
#4948 = CARTESIAN_POINT ( 'NONE',  ( -3.112956294435731408, -1.285773648798387292, 0.3810000000000003939 ) ) ;
#4949 = COLOUR_RGB ( '',0.9058823529411764719, 0.9019607843137255054, 0.8862745098039215286 ) ;
#4950 = ORIENTED_EDGE ( 'NONE', *, *, #3120, .F. ) ;
#4951 = EDGE_CURVE ( 'NONE', #198, #2675, #5311, .T. ) ;
#4952 =( NAMED_UNIT ( * ) SI_UNIT ( $, .STERADIAN. ) SOLID_ANGLE_UNIT ( ) );
#4953 = UNCERTAINTY_MEASURE_WITH_UNIT (LENGTH_MEASURE( 1.000000000000000082E-05 ), #4228, 'distance_accuracy_value', 'NONE');
#4954 = ORIENTED_EDGE ( 'NONE', *, *, #2850, .T. ) ;
#4955 = DIRECTION ( 'NONE',  ( 0.0000000000000000000, -1.000000000000000000, 0.0000000000000000000 ) ) ;
#4956 = EDGE_LOOP ( 'NONE', ( #4112, #2739, #2937, #2791 ) ) ;
#4957 = VECTOR ( 'NONE', #3893, 1000.000000000000000 ) ;
#4958 = ADVANCED_FACE ( 'NONE', ( #4048 ), #3139, .T. ) ;
#4959 = FACE_OUTER_BOUND ( 'NONE', #2894, .T. ) ;
#4960 = DIRECTION ( 'NONE',  ( -0.0000000000000000000, -0.0000000000000000000, -1.000000000000000000 ) ) ;
#4961 = STYLED_ITEM ( 'NONE', ( #2875 ), #3943 ) ;
#4962 = LINE ( 'NONE', #2693, #4667 ) ;
#4963 = FACE_OUTER_BOUND ( 'NONE', #5022, .T. ) ;
#4964 = CARTESIAN_POINT ( 'NONE',  ( -1.955000000000000959, -0.05000000000000000278, -1.939999999999999725 ) ) ;
#4965 = FILL_AREA_STYLE_COLOUR ( '', #1949 ) ;
#4966 = ADVANCED_FACE ( 'NONE', ( #4929 ), #550, .F. ) ;
#4967 = ADVANCED_FACE ( 'NONE', ( #3742 ), #1993, .T. ) ;
#4968 = VERTEX_POINT ( 'NONE', #3659 ) ;
#4969 = CARTESIAN_POINT ( 'NONE',  ( -3.112956294435731408, -1.285773648798387292, 0.8890000000000003455 ) ) ;
#4970 = ORIENTED_EDGE ( 'NONE', *, *, #2916, .F. ) ;
#4971 = DIRECTION ( 'NONE',  ( 1.000000000000000000, 0.0000000000000000000, 0.0000000000000000000 ) ) ;
#4972 = CARTESIAN_POINT ( 'NONE',  ( 3.576693994936546606, -2.096893695492795917, 0.3810000000000003939 ) ) ;
#4973 = DIRECTION ( 'NONE',  ( -0.0000000000000000000, -0.0000000000000000000, -1.000000000000000000 ) ) ;
#4974 = CARTESIAN_POINT ( 'NONE',  ( 2.705000000000000959, -1.104999999999999760, -0.3809999999999997278 ) ) ;
#4975 = DIRECTION ( 'NONE',  ( -0.0000000000000000000, -0.0000000000000000000, -1.000000000000000000 ) ) ;
#4976 = COLOUR_RGB ( '',0.9058823529411764719, 0.9019607843137255054, 0.8862745098039215286 ) ;
#4977 = VERTEX_POINT ( 'NONE', #1583 ) ;
#4978 = DIRECTION ( 'NONE',  ( 0.0000000000000000000, 0.0000000000000000000, 1.000000000000000000 ) ) ;
#4979 = DIRECTION ( 'NONE',  ( -1.000000000000000000, 0.0000000000000000000, 0.0000000000000000000 ) ) ;
#4980 = EDGE_LOOP ( 'NONE', ( #1871, #4252, #3871, #502, #3421, #2481, #5530, #1140, #4913, #2002, #30, #2198 ) ) ;
#4981 = ORIENTED_EDGE ( 'NONE', *, *, #3394, .T. ) ;
#4982 = STYLED_ITEM ( 'NONE', ( #4857 ), #4814 ) ;
#4983 = STYLED_ITEM ( 'NONE', ( #4512 ), #4966 ) ;
#4984 = SURFACE_STYLE_FILL_AREA ( #1191 ) ;
#4985 = SURFACE_STYLE_USAGE ( .BOTH. , #4598 ) ;
#4986 = VECTOR ( 'NONE', #5240, 1000.000000000000114 ) ;
#4987 = CARTESIAN_POINT ( 'NONE',  ( -2.705000000000000959, 0.0000000000000000000, -2.462243186433545006 ) ) ;
#4988 =( LENGTH_UNIT ( ) NAMED_UNIT ( * ) SI_UNIT ( .MILLI., .METRE. ) );
#4989 = FACE_OUTER_BOUND ( 'NONE', #1188, .T. ) ;
#4990 = VECTOR ( 'NONE', #3043, 1000.000000000000000 ) ;
#4991 = UNCERTAINTY_MEASURE_WITH_UNIT (LENGTH_MEASURE( 1.000000000000000082E-05 ), #688, 'distance_accuracy_value', 'NONE');
#4992 = ORIENTED_EDGE ( 'NONE', *, *, #5245, .F. ) ;
#4993 = CARTESIAN_POINT ( 'NONE',  ( -2.705000000000000959, 0.0000000000000000000, 2.689999999999999503 ) ) ;
#4994 = EDGE_CURVE ( 'NONE', #547, #2626, #5419, .T. ) ;
#4995 = STYLED_ITEM ( 'NONE', ( #5271 ), #309 ) ;
#4996 = ORIENTED_EDGE ( 'NONE', *, *, #2834, .F. ) ;
#4997 = SURFACE_STYLE_FILL_AREA ( #248 ) ;
#4998 = FACE_OUTER_BOUND ( 'NONE', #530, .T. ) ;
#4999 = DIRECTION ( 'NONE',  ( -0.0000000000000000000, -0.0000000000000000000, -1.000000000000000000 ) ) ;
#5000 = UNCERTAINTY_MEASURE_WITH_UNIT (LENGTH_MEASURE( 1.000000000000000082E-05 ), #3833, 'distance_accuracy_value', 'NONE');
#5001 = PRESENTATION_LAYER_ASSIGNMENT (  '', '', ( #2761 ) ) ;
#5002 = DIRECTION ( 'NONE',  ( 0.0000000000000000000, -1.000000000000000000, 0.0000000000000000000 ) ) ;
#5003 = EDGE_CURVE ( 'NONE', #3486, #4410, #1095, .T. ) ;
#5004 = DIRECTION ( 'NONE',  ( -0.06975647374412494162, 0.9975640502598243087, 0.0000000000000000000 ) ) ;
#5005 = EDGE_LOOP ( 'NONE', ( #3668, #350, #5360, #1986 ) ) ;
#5006 = STYLED_ITEM ( 'NONE', ( #4203 ), #642 ) ;
#5007 = SURFACE_STYLE_FILL_AREA ( #4588 ) ;
#5008 = EDGE_LOOP ( 'NONE', ( #847, #2162, #1581, #3800 ) ) ;
#5009 = EDGE_CURVE ( 'NONE', #4727, #1573, #3326, .T. ) ;
#5010 = CARTESIAN_POINT ( 'NONE',  ( 3.291204546809214371, -1.260722490625576953, 0.8890000000000003455 ) ) ;
#5011 = ORIENTED_EDGE ( 'NONE', *, *, #3395, .T. ) ;
#5012 = COLOUR_RGB ( '',0.9058823529411764719, 0.9019607843137255054, 0.8862745098039215286 ) ;
#5013 = DIRECTION ( 'NONE',  ( 0.9659258262890690894, -0.2588190451025179084, 0.0000000000000000000 ) ) ;
#5014 = FACE_OUTER_BOUND ( 'NONE', #2507, .T. ) ;
#5015 =( GEOMETRIC_REPRESENTATION_CONTEXT ( 3 ) GLOBAL_UNCERTAINTY_ASSIGNED_CONTEXT ( ( #2242 ) ) GLOBAL_UNIT_ASSIGNED_CONTEXT ( ( #1038, #3217, #2289 ) ) REPRESENTATION_CONTEXT ( 'NONE', 'WORKASPACE' ) );
#5016 = FILL_AREA_STYLE_COLOUR ( '', #70 ) ;
#5017 = DIRECTION ( 'NONE',  ( -1.000000000000000000, 0.0000000000000000000, 0.0000000000000000000 ) ) ;
#5018 = EDGE_CURVE ( 'NONE', #613, #2751, #563, .T. ) ;
#5019 = SURFACE_SIDE_STYLE ('',( #2914 ) ) ;
#5020 = COLOUR_RGB ( '',0.9058823529411764719, 0.9019607843137255054, 0.8862745098039215286 ) ;
#5021 = PLANE ( 'NONE',  #2744 ) ;
#5022 = EDGE_LOOP ( 'NONE', ( #4886, #2917, #1330, #2159, #1537, #4366, #1560, #185, #2867, #4081, #3096, #1726 ) ) ;
#5023 = DIRECTION ( 'NONE',  ( -0.0000000000000000000, -0.0000000000000000000, -1.000000000000000000 ) ) ;
#5024 = PLANE ( 'NONE',  #82 ) ;
#5025 = ORIENTED_EDGE ( 'NONE', *, *, #3518, .F. ) ;
#5026 =( NAMED_UNIT ( * ) SI_UNIT ( $, .STERADIAN. ) SOLID_ANGLE_UNIT ( ) );
#5027 = PRESENTATION_STYLE_ASSIGNMENT (( #275 ) ) ;
#5028 = SURFACE_STYLE_USAGE ( .BOTH. , #1951 ) ;
#5029 = VECTOR ( 'NONE', #2082, 1000.000000000000000 ) ;
#5030 = VECTOR ( 'NONE', #3233, 1000.000000000000000 ) ;
#5031 = CARTESIAN_POINT ( 'NONE',  ( 3.564137829662604062, -2.276455224539564171, 2.159000000000000252 ) ) ;
#5032 = FILL_AREA_STYLE ('',( #3315 ) ) ;
#5033 = CARTESIAN_POINT ( 'NONE',  ( 2.905000000000000693, -0.9249999999999993783, -1.650999999999999801 ) ) ;
#5034 = ORIENTED_EDGE ( 'NONE', *, *, #4068, .F. ) ;
#5035 = MECHANICAL_DESIGN_GEOMETRIC_PRESENTATION_REPRESENTATION (  '', ( #3594 ), #4034 ) ;
#5036 = MANIFOLD_SOLID_BREP ( 'PIN1 HOL', #2380 ) ;
#5037 = SURFACE_SIDE_STYLE ('',( #3651 ) ) ;
#5038 = EDGE_CURVE ( 'NONE', #2751, #2526, #5528, .T. ) ;
#5039 = ORIENTED_EDGE ( 'NONE', *, *, #1722, .F. ) ;
#5040 = MECHANICAL_DESIGN_GEOMETRIC_PRESENTATION_REPRESENTATION (  '', ( #3503 ), #1075 ) ;
#5041 = DIRECTION ( 'NONE',  ( 0.06975647374412627388, 0.9975640502598241977, -0.0000000000000000000 ) ) ;
#5042 =( NAMED_UNIT ( * ) SI_UNIT ( $, .STERADIAN. ) SOLID_ANGLE_UNIT ( ) );
#5043 = ORIENTED_EDGE ( 'NONE', *, *, #1082, .T. ) ;
#5044 = COLOUR_RGB ( '',0.9058823529411764719, 0.9019607843137255054, 0.8862745098039215286 ) ;
#5045 = CARTESIAN_POINT ( 'NONE',  ( -3.112956294435731408, -1.285773648798387292, -2.158999999999999808 ) ) ;
#5046 = VECTOR ( 'NONE', #4735, 1000.000000000000000 ) ;
#5047 = CARTESIAN_POINT ( 'NONE',  ( 2.705000000000000959, -0.9249999999999998224, -0.3809999999999997278 ) ) ;
#5048 = EDGE_CURVE ( 'NONE', #1018, #3320, #632, .T. ) ;
#5049 = PRESENTATION_LAYER_ASSIGNMENT (  '', '', ( #802 ) ) ;
#5050 = VERTEX_POINT ( 'NONE', #4707 ) ;
#5051 = EDGE_LOOP ( 'NONE', ( #1375, #2489, #1379, #3048 ) ) ;
#5052 = SURFACE_STYLE_USAGE ( .BOTH. , #362 ) ;
#5053 = UNCERTAINTY_MEASURE_WITH_UNIT (LENGTH_MEASURE( 1.000000000000000082E-05 ), #1239, 'distance_accuracy_value', 'NONE');
#5054 = CARTESIAN_POINT ( 'NONE',  ( -3.291204546809214371, -1.260722490625576953, 1.651000000000000023 ) ) ;
#5055 = EDGE_CURVE ( 'NONE', #2308, #4613, #2965, .T. ) ;
#5056 = LINE ( 'NONE', #2461, #5601 ) ;
#5057 = CARTESIAN_POINT ( 'NONE',  ( -3.383386559987083597, -1.916631596139845684, 0.3810000000000003939 ) ) ;
#5058 = ORIENTED_EDGE ( 'NONE', *, *, #4236, .T. ) ;
#5059 = PLANE ( 'NONE',  #3770 ) ;
#5060 =( NAMED_UNIT ( * ) PLANE_ANGLE_UNIT ( ) SI_UNIT ( $, .RADIAN. ) );
#5061 = LINE ( 'NONE', #1521, #1253 ) ;
#5062 = FILL_AREA_STYLE ('',( #3376 ) ) ;
#5063 = EDGE_CURVE ( 'NONE', #1347, #4057, #3483, .T. ) ;
#5064 = ORIENTED_EDGE ( 'NONE', *, *, #4732, .F. ) ;
#5065 = CARTESIAN_POINT ( 'NONE',  ( 4.183721917363029341, -2.319780764523383887, -1.650999999999999801 ) ) ;
#5066 = SURFACE_STYLE_FILL_AREA ( #1994 ) ;
#5067 = ORIENTED_EDGE ( 'NONE', *, *, #2880, .T. ) ;
#5068 = CARTESIAN_POINT ( 'NONE',  ( 2.905000000000000693, -1.104999999999999538, -0.3809999999999997278 ) ) ;
#5069 = LINE ( 'NONE', #803, #599 ) ;
#5070 = VECTOR ( 'NONE', #3050, 1000.000000000000114 ) ;
#5071 = SURFACE_STYLE_USAGE ( .BOTH. , #5097 ) ;
#5072 = CARTESIAN_POINT ( 'NONE',  ( -3.564137829662604062, -2.276455224539564171, -1.650999999999999801 ) ) ;
#5073 = MECHANICAL_DESIGN_GEOMETRIC_PRESENTATION_REPRESENTATION (  '', ( #1277 ), #1373 ) ;
#5074 = ADVANCED_FACE ( 'NONE', ( #402 ), #5153, .T. ) ;
#5075 = ORIENTED_EDGE ( 'NONE', *, *, #4393, .T. ) ;
#5076 = PRESENTATION_STYLE_ASSIGNMENT (( #359 ) ) ;
#5077 = EDGE_CURVE ( 'NONE', #307, #2373, #1756, .T. ) ;
#5078 = PRESENTATION_STYLE_ASSIGNMENT (( #1707 ) ) ;
#5079 = ORIENTED_EDGE ( 'NONE', *, *, #1518, .F. ) ;
#5080 = AXIS2_PLACEMENT_3D ( 'NONE', #3350, #4755, #1212 ) ;
#5081 = FILL_AREA_STYLE ('',( #786 ) ) ;
#5082 = CIRCLE ( 'NONE', #4733, 0.3899999999999992917 ) ;
#5083 = STYLED_ITEM ( 'NONE', ( #4798 ), #27 ) ;
#5084 = LINE ( 'NONE', #1571, #3498 ) ;
#5085 = EDGE_LOOP ( 'NONE', ( #3832, #837, #401, #1839 ) ) ;
#5086 = CARTESIAN_POINT ( 'NONE',  ( 2.905000000000000693, -0.9249999999999993783, 0.8890000000000003455 ) ) ;
#5087 = CARTESIAN_POINT ( 'NONE',  ( -2.705000000000000959, -0.8500000000000113021, -2.689999999999999503 ) ) ;
#5088 = CARTESIAN_POINT ( 'NONE',  ( -3.564137829662604062, -2.276455224539564171, -2.158999999999999808 ) ) ;
#5089 = SURFACE_SIDE_STYLE ('',( #286 ) ) ;
#5090 = VECTOR ( 'NONE', #4641, 1000.000000000000114 ) ;
#5091 = VERTEX_POINT ( 'NONE', #373 ) ;
#5092 = DIRECTION ( 'NONE',  ( 0.0000000000000000000, -1.000000000000000000, 0.0000000000000000000 ) ) ;
#5093 = ORIENTED_EDGE ( 'NONE', *, *, #1692, .T. ) ;
#5094 = VECTOR ( 'NONE', #2240, 1000.000000000000000 ) ;
#5095 = FACE_OUTER_BOUND ( 'NONE', #3429, .T. ) ;
#5096 = SURFACE_SIDE_STYLE ('',( #3332 ) ) ;
#5097 = SURFACE_SIDE_STYLE ('',( #5509 ) ) ;
#5098 = VECTOR ( 'NONE', #5197, 1000.000000000000000 ) ;
#5099 = CARTESIAN_POINT ( 'NONE',  ( -2.705000000000000959, 0.0000000000000000000, 2.462243186433545006 ) ) ;
#5100 = CARTESIAN_POINT ( 'NONE',  ( 3.291204546809214371, -1.260722490625576953, -1.650999999999999801 ) ) ;
#5101 = STYLED_ITEM ( 'NONE', ( #3916 ), #4180 ) ;
#5102 = ADVANCED_FACE ( 'NONE', ( #2076 ), #3792, .F. ) ;
#5103 = AXIS2_PLACEMENT_3D ( 'NONE', #1703, #5131, #4354 ) ;
#5104 = VERTEX_POINT ( 'NONE', #3512 ) ;
#5105 = CARTESIAN_POINT ( 'NONE',  ( 4.183721917363029341, -2.319780764523383887, -0.8889999999999996794 ) ) ;
#5106 = LINE ( 'NONE', #3855, #344 ) ;
#5107 = SURFACE_STYLE_USAGE ( .BOTH. , #3062 ) ;
#5108 = VECTOR ( 'NONE', #5281, 1000.000000000000000 ) ;
#5109 =( NAMED_UNIT ( * ) SI_UNIT ( $, .STERADIAN. ) SOLID_ANGLE_UNIT ( ) );
#5110 = UNCERTAINTY_MEASURE_WITH_UNIT (LENGTH_MEASURE( 1.000000000000000082E-05 ), #4106, 'distance_accuracy_value', 'NONE');
#5111 = SURFACE_STYLE_FILL_AREA ( #5081 ) ;
#5112 = VECTOR ( 'NONE', #3396, 1000.000000000000000 ) ;
#5113 = PRESENTATION_STYLE_ASSIGNMENT (( #1682 ) ) ;
#5114 =( NAMED_UNIT ( * ) SI_UNIT ( $, .STERADIAN. ) SOLID_ANGLE_UNIT ( ) );
#5115 = ORIENTED_EDGE ( 'NONE', *, *, #4994, .F. ) ;
#5116 = FILL_AREA_STYLE ('',( #2663 ) ) ;
#5117 = CARTESIAN_POINT ( 'NONE',  ( -3.291204546809214371, -1.260722490625576953, 2.159000000000000252 ) ) ;
#5118 = COLOUR_RGB ( '',0.5019607843137254832, 0.5019607843137254832, 0.5019607843137254832 ) ;
#5119 =( NAMED_UNIT ( * ) SI_UNIT ( $, .STERADIAN. ) SOLID_ANGLE_UNIT ( ) );
#5120 = VECTOR ( 'NONE', #5309, 1000.000000000000000 ) ;
#5121 = FILL_AREA_STYLE_COLOUR ( '', #184 ) ;
#5122 =( GEOMETRIC_REPRESENTATION_CONTEXT ( 3 ) GLOBAL_UNCERTAINTY_ASSIGNED_CONTEXT ( ( #4826 ) ) GLOBAL_UNIT_ASSIGNED_CONTEXT ( ( #2165, #1197, #5130 ) ) REPRESENTATION_CONTEXT ( 'NONE', 'WORKASPACE' ) );
#5123 = VERTEX_POINT ( 'NONE', #1815 ) ;
#5124 =( NAMED_UNIT ( * ) SI_UNIT ( $, .STERADIAN. ) SOLID_ANGLE_UNIT ( ) );
#5125 = LINE ( 'NONE', #3900, #56 ) ;
#5126 = PRESENTATION_LAYER_ASSIGNMENT (  '', '', ( #339 ) ) ;
#5127 = ORIENTED_EDGE ( 'NONE', *, *, #3561, .F. ) ;
#5128 = AXIS2_PLACEMENT_3D ( 'NONE', #306, #4526, #3705 ) ;
#5129 = CARTESIAN_POINT ( 'NONE',  ( 3.112956294435731408, -1.285773648798387292, -0.3809999999999997278 ) ) ;
#5130 =( NAMED_UNIT ( * ) SI_UNIT ( $, .STERADIAN. ) SOLID_ANGLE_UNIT ( ) );
#5131 = DIRECTION ( 'NONE',  ( -0.0000000000000000000, 1.000000000000000000, 0.0000000000000000000 ) ) ;
#5132 =( GEOMETRIC_REPRESENTATION_CONTEXT ( 3 ) GLOBAL_UNCERTAINTY_ASSIGNED_CONTEXT ( ( #3973 ) ) GLOBAL_UNIT_ASSIGNED_CONTEXT ( ( #3687, #2969, #3331 ) ) REPRESENTATION_CONTEXT ( 'NONE', 'WORKASPACE' ) );
#5133 = ORIENTED_EDGE ( 'NONE', *, *, #781, .F. ) ;
#5134 = CARTESIAN_POINT ( 'NONE',  ( 3.205138307613600634, -1.941682754312656023, 0.8890000000000003455 ) ) ;
#5135 = DIRECTION ( 'NONE',  ( 1.000000000000000000, 0.0000000000000000000, 0.0000000000000000000 ) ) ;
#5136 = EDGE_CURVE ( 'NONE', #3950, #1992, #4015, .T. ) ;
#5137 = ORIENTED_EDGE ( 'NONE', *, *, #5177, .F. ) ;
#5138 = CARTESIAN_POINT ( 'NONE',  ( -3.564137829662604062, -2.276455224539564171, 2.159000000000000252 ) ) ;
#5139 = CIRCLE ( 'NONE', #3433, 0.3899999999999992917 ) ;
#5140 = DIRECTION ( 'NONE',  ( -0.9975640502598241977, -0.06975647374412627388, 0.0000000000000000000 ) ) ;
#5141 = CIRCLE ( 'NONE', #3173, 0.3899999999999992917 ) ;
#5142 = ORIENTED_EDGE ( 'NONE', *, *, #1578, .T. ) ;
#5143 = CARTESIAN_POINT ( 'NONE',  ( 2.705000000000000959, -0.9249999999999998224, -1.650999999999999801 ) ) ;
#5144 = FILL_AREA_STYLE ('',( #874 ) ) ;
#5145 = ORIENTED_EDGE ( 'NONE', *, *, #2584, .F. ) ;
#5146 = DIRECTION ( 'NONE',  ( -1.000000000000000000, 0.0000000000000000000, -0.0000000000000000000 ) ) ;
#5147 = CARTESIAN_POINT ( 'NONE',  ( 3.205138307613600634, -1.941682754312656023, -1.650999999999999801 ) ) ;
#5148 = CYLINDRICAL_SURFACE ( 'NONE', #1015, 0.3900000000000001799 ) ;
#5149 = LINE ( 'NONE', #5555, #3608 ) ;
#5150 = DIRECTION ( 'NONE',  ( -0.0000000000000000000, -0.0000000000000000000, -1.000000000000000000 ) ) ;
#5151 = VERTEX_POINT ( 'NONE', #944 ) ;
#5152 = EDGE_CURVE ( 'NONE', #4903, #2998, #512, .T. ) ;
#5153 = PLANE ( 'NONE',  #1919 ) ;
#5154 = PLANE ( 'NONE',  #2495 ) ;
#5155 = ORIENTED_EDGE ( 'NONE', *, *, #4595, .F. ) ;
#5156 = DIRECTION ( 'NONE',  ( -0.9975640502598241977, -0.06975647374412627388, 0.0000000000000000000 ) ) ;
#5157 =( NAMED_UNIT ( * ) PLANE_ANGLE_UNIT ( ) SI_UNIT ( $, .RADIAN. ) );
#5158 = COLOUR_RGB ( '',0.9058823529411764719, 0.9019607843137255054, 0.8862745098039215286 ) ;
#5159 = CARTESIAN_POINT ( 'NONE',  ( -3.383386559987083597, -1.916631596139845684, 0.8890000000000003455 ) ) ;
#5160 = VERTEX_POINT ( 'NONE', #2334 ) ;
#5161 =( NAMED_UNIT ( * ) PLANE_ANGLE_UNIT ( ) SI_UNIT ( $, .RADIAN. ) );
#5162 = ORIENTED_EDGE ( 'NONE', *, *, #954, .F. ) ;
#5163 = PRESENTATION_STYLE_ASSIGNMENT (( #4225 ) ) ;
#5164 = CARTESIAN_POINT ( 'NONE',  ( 3.112956294435731408, -1.285773648798387292, 1.651000000000000023 ) ) ;
#5165 =( GEOMETRIC_REPRESENTATION_CONTEXT ( 3 ) GLOBAL_UNCERTAINTY_ASSIGNED_CONTEXT ( ( #1532 ) ) GLOBAL_UNIT_ASSIGNED_CONTEXT ( ( #4182, #1501, #4160 ) ) REPRESENTATION_CONTEXT ( 'NONE', 'WORKASPACE' ) );
#5166 = UNCERTAINTY_MEASURE_WITH_UNIT (LENGTH_MEASURE( 1.000000000000000082E-05 ), #5404, 'distance_accuracy_value', 'NONE');
#5167 = CARTESIAN_POINT ( 'NONE',  ( 4.196278082636971440, -2.140219235476615633, 0.8890000000000003455 ) ) ;
#5168 = DIRECTION ( 'NONE',  ( 0.1391731009600577773, -0.9902680687415713612, 0.0000000000000000000 ) ) ;
#5169 = CIRCLE ( 'NONE', #3371, 0.3900000000000001799 ) ;
#5170 = FACE_OUTER_BOUND ( 'NONE', #1817, .T. ) ;
#5171 =( NAMED_UNIT ( * ) SI_UNIT ( $, .STERADIAN. ) SOLID_ANGLE_UNIT ( ) );
#5172 = ORIENTED_EDGE ( 'NONE', *, *, #1264, .T. ) ;
#5173 = LINE ( 'NONE', #3921, #3154 ) ;
#5174 = CARTESIAN_POINT ( 'NONE',  ( 3.576693994936546606, -2.096893695492795917, -0.3809999999999997278 ) ) ;
#5175 =( NAMED_UNIT ( * ) PLANE_ANGLE_UNIT ( ) SI_UNIT ( $, .RADIAN. ) );
#5176 = FILL_AREA_STYLE_COLOUR ( '', #4976 ) ;
#5177 = EDGE_CURVE ( 'NONE', #5371, #4209, #4809, .T. ) ;
#5178 = DIRECTION ( 'NONE',  ( -0.0000000000000000000, -0.0000000000000000000, -1.000000000000000000 ) ) ;
#5179 = CARTESIAN_POINT ( 'NONE',  ( 3.291204546809214371, -1.260722490625576953, 2.159000000000000252 ) ) ;
#5180 = ORIENTED_EDGE ( 'NONE', *, *, #1766, .F. ) ;
#5181 = AXIS2_PLACEMENT_3D ( 'NONE', #1736, #4023, #4453 ) ;
#5182 = CARTESIAN_POINT ( 'NONE',  ( -4.183721917363029341, -2.319780764523383887, -2.158999999999999808 ) ) ;
#5183 = EDGE_CURVE ( 'NONE', #3234, #800, #4539, .T. ) ;
#5184 = VERTEX_POINT ( 'NONE', #4041 ) ;
#5185 = AXIS2_PLACEMENT_3D ( 'NONE', #790, #2017, #2438 ) ;
#5186 = LINE ( 'NONE', #4792, #1150 ) ;
#5187 = PRESENTATION_STYLE_ASSIGNMENT (( #4245 ) ) ;
#5188 = CYLINDRICAL_SURFACE ( 'NONE', #5387, 0.2100000000000005473 ) ;
#5189 = PRESENTATION_LAYER_ASSIGNMENT (  '', '', ( #5556 ) ) ;
#5190 = ADVANCED_FACE ( 'NONE', ( #1005 ), #3624, .T. ) ;
#5191 =( GEOMETRIC_REPRESENTATION_CONTEXT ( 3 ) GLOBAL_UNCERTAINTY_ASSIGNED_CONTEXT ( ( #2923 ) ) GLOBAL_UNIT_ASSIGNED_CONTEXT ( ( #4724, #1626, #2692 ) ) REPRESENTATION_CONTEXT ( 'NONE', 'WORKASPACE' ) );
#5192 = ORIENTED_EDGE ( 'NONE', *, *, #2230, .F. ) ;
#5193 = DIRECTION ( 'NONE',  ( 0.0000000000000000000, 0.0000000000000000000, -1.000000000000000000 ) ) ;
#5194 = LINE ( 'NONE', #1709, #3199 ) ;
#5195 = DIRECTION ( 'NONE',  ( 0.0000000000000000000, -1.000000000000000000, 0.0000000000000000000 ) ) ;
#5196 = STYLED_ITEM ( 'NONE', ( #1129 ), #4206 ) ;
#5197 = DIRECTION ( 'NONE',  ( -0.9975640502598241977, -0.06975647374412627388, 0.0000000000000000000 ) ) ;
#5198 = AXIS2_PLACEMENT_3D ( 'NONE', #2056, #324, #776 ) ;
#5199 = LINE ( 'NONE', #5167, #3540 ) ;
#5200 = EDGE_LOOP ( 'NONE', ( #1975, #744, #1275, #5326 ) ) ;
#5201 = CARTESIAN_POINT ( 'NONE',  ( 2.705000000000000959, -0.9249999999999998224, -2.158999999999999808 ) ) ;
#5202 =( LENGTH_UNIT ( ) NAMED_UNIT ( * ) SI_UNIT ( .MILLI., .METRE. ) );
#5203 =( NAMED_UNIT ( * ) PLANE_ANGLE_UNIT ( ) SI_UNIT ( $, .RADIAN. ) );
#5204 = COLOUR_RGB ( '',0.9058823529411764719, 0.9019607843137255054, 0.8862745098039215286 ) ;
#5205 = ORIENTED_EDGE ( 'NONE', *, *, #231, .F. ) ;
#5206 = DIRECTION ( 'NONE',  ( -0.0000000000000000000, -0.0000000000000000000, -1.000000000000000000 ) ) ;
#5207 = CARTESIAN_POINT ( 'NONE',  ( 3.591342854422812980, -1.887405244938233251, -0.3809999999999997278 ) ) ;
#5208 = CARTESIAN_POINT ( 'NONE',  ( -3.576693994936546606, -2.096893695492795917, 0.8890000000000003455 ) ) ;
#5209 = FILL_AREA_STYLE ('',( #5121 ) ) ;
#5210 =( NAMED_UNIT ( * ) PLANE_ANGLE_UNIT ( ) SI_UNIT ( $, .RADIAN. ) );
#5211 = VERTEX_POINT ( 'NONE', #916 ) ;
#5212 = PRESENTATION_LAYER_ASSIGNMENT (  '', '', ( #2501 ) ) ;
#5213 = DIRECTION ( 'NONE',  ( 1.000000000000000000, 0.0000000000000000000, 0.0000000000000000000 ) ) ;
#5214 = EDGE_CURVE ( 'NONE', #3070, #4702, #3080, .T. ) ;
#5215 = CARTESIAN_POINT ( 'NONE',  ( -2.705000000000000959, -0.9249999999999998224, -1.650999999999999801 ) ) ;
#5216 = ORIENTED_EDGE ( 'NONE', *, *, #5038, .F. ) ;
#5217 = VECTOR ( 'NONE', #2901, 1000.000000000000000 ) ;
#5218 = DIRECTION ( 'NONE',  ( -0.0000000000000000000, -0.0000000000000000000, -1.000000000000000000 ) ) ;
#5219 = AXIS2_PLACEMENT_3D ( 'NONE', #4399, #91, #1893 ) ;
#5220 = LINE ( 'NONE', #2647, #320 ) ;
#5221 = AXIS2_PLACEMENT_3D ( 'NONE', #1207, #5195, #4718 ) ;
#5222 = PRESENTATION_LAYER_ASSIGNMENT (  '', '', ( #2063 ) ) ;
#5223 = ORIENTED_EDGE ( 'NONE', *, *, #3305, .F. ) ;
#5224 = EDGE_CURVE ( 'NONE', #5374, #5537, #1446, .T. ) ;
#5225 = LINE ( 'NONE', #1340, #243 ) ;
#5226 = CARTESIAN_POINT ( 'NONE',  ( -2.905000000000000693, -1.314999999999999725, -2.158999999999999808 ) ) ;
#5227 =( NAMED_UNIT ( * ) SI_UNIT ( $, .STERADIAN. ) SOLID_ANGLE_UNIT ( ) );
#5228 = COLOUR_RGB ( '',0.9058823529411764719, 0.9019607843137255054, 0.8862745098039215286 ) ;
#5229 = UNCERTAINTY_MEASURE_WITH_UNIT (LENGTH_MEASURE( 1.000000000000000082E-05 ), #2589, 'distance_accuracy_value', 'NONE');
#5230 =( NAMED_UNIT ( * ) PLANE_ANGLE_UNIT ( ) SI_UNIT ( $, .RADIAN. ) );
#5231 = VERTEX_POINT ( 'NONE', #2251 ) ;
#5232 = FILL_AREA_STYLE_COLOUR ( '', #504 ) ;
#5233 =( LENGTH_UNIT ( ) NAMED_UNIT ( * ) SI_UNIT ( .MILLI., .METRE. ) );
#5234 = ORIENTED_EDGE ( 'NONE', *, *, #964, .F. ) ;
#5235 = LINE ( 'NONE', #908, #3679 ) ;
#5236 = CARTESIAN_POINT ( 'NONE',  ( 2.905000000000000693, -1.314999999999999725, 1.651000000000000023 ) ) ;
#5237 = CARTESIAN_POINT ( 'NONE',  ( 2.905000000000000693, -1.104999999999999538, -0.8889999999999996794 ) ) ;
#5238 = ORIENTED_EDGE ( 'NONE', *, *, #4665, .F. ) ;
#5239 =( LENGTH_UNIT ( ) NAMED_UNIT ( * ) SI_UNIT ( .MILLI., .METRE. ) );
#5240 = DIRECTION ( 'NONE',  ( -0.06975647374412494162, 0.9975640502598243087, 0.0000000000000000000 ) ) ;
#5241 = CARTESIAN_POINT ( 'NONE',  ( 2.905000000000000693, -1.314999999999999725, 0.8890000000000003455 ) ) ;
#5242 = ORIENTED_EDGE ( 'NONE', *, *, #466, .T. ) ;
#5243 = EDGE_CURVE ( 'NONE', #671, #4440, #485, .T. ) ;
#5244 = DIRECTION ( 'NONE',  ( 0.9902680687415713612, 0.1391731009600577773, -0.0000000000000000000 ) ) ;
#5245 = EDGE_CURVE ( 'NONE', #4440, #2410, #5169, .T. ) ;
#5246 = SURFACE_SIDE_STYLE ('',( #386 ) ) ;
#5247 = DIRECTION ( 'NONE',  ( -1.000000000000000000, 0.0000000000000000000, 0.0000000000000000000 ) ) ;
#5248 = DIRECTION ( 'NONE',  ( 0.0000000000000000000, 0.0000000000000000000, 1.000000000000000000 ) ) ;
#5249 = CARTESIAN_POINT ( 'NONE',  ( -3.205138307613600634, -1.941682754312656023, 0.8890000000000003455 ) ) ;
#5250 = EDGE_CURVE ( 'NONE', #2016, #4617, #3932, .T. ) ;
#5251 = ORIENTED_EDGE ( 'NONE', *, *, #3283, .T. ) ;
#5252 =( GEOMETRIC_REPRESENTATION_CONTEXT ( 3 ) GLOBAL_UNCERTAINTY_ASSIGNED_CONTEXT ( ( #143 ) ) GLOBAL_UNIT_ASSIGNED_CONTEXT ( ( #3213, #1689, #35 ) ) REPRESENTATION_CONTEXT ( 'NONE', 'WORKASPACE' ) );
#5253 = FACE_OUTER_BOUND ( 'NONE', #1427, .T. ) ;
#5254 = DIRECTION ( 'NONE',  ( -1.000000000000000000, 0.0000000000000000000, 0.0000000000000000000 ) ) ;
#5255 = AXIS2_PLACEMENT_3D ( 'NONE', #1416, #202, #971 ) ;
#5256 = ADVANCED_FACE ( 'NONE', ( #282 ), #2018, .T. ) ;
#5257 =( LENGTH_UNIT ( ) NAMED_UNIT ( * ) SI_UNIT ( .MILLI., .METRE. ) );
#5258 = ORIENTED_EDGE ( 'NONE', *, *, #2244, .T. ) ;
#5259 = CARTESIAN_POINT ( 'NONE',  ( -2.705000000000000959, -0.9249999999999998224, -0.3809999999999997278 ) ) ;
#5260 = CARTESIAN_POINT ( 'NONE',  ( -3.564137829662604062, -2.276455224539564171, 0.3810000000000003939 ) ) ;
#5261 = ORIENTED_EDGE ( 'NONE', *, *, #2189, .T. ) ;
#5262 =( GEOMETRIC_REPRESENTATION_CONTEXT ( 3 ) GLOBAL_UNCERTAINTY_ASSIGNED_CONTEXT ( ( #2125 ) ) GLOBAL_UNIT_ASSIGNED_CONTEXT ( ( #3088, #331, #3113 ) ) REPRESENTATION_CONTEXT ( 'NONE', 'WORKASPACE' ) );
#5263 = MECHANICAL_DESIGN_GEOMETRIC_PRESENTATION_REPRESENTATION (  '', ( #3108 ), #1730 ) ;
#5264 = CYLINDRICAL_SURFACE ( 'NONE', #763, 0.2500000000000000000 ) ;
#5265 = PLANE ( 'NONE',  #1200 ) ;
#5266 = COLOUR_RGB ( '',0.5019607843137254832, 0.5019607843137254832, 0.5019607843137254832 ) ;
#5267 =( NAMED_UNIT ( * ) PLANE_ANGLE_UNIT ( ) SI_UNIT ( $, .RADIAN. ) );
#5268 = CIRCLE ( 'NONE', #2838, 0.3899999999999992917 ) ;
#5269 = APPLICATION_CONTEXT ( 'automotive_design' ) ;
#5270 = VERTEX_POINT ( 'NONE', #2904 ) ;
#5271 = PRESENTATION_STYLE_ASSIGNMENT (( #3079 ) ) ;
#5272 = MECHANICAL_DESIGN_GEOMETRIC_PRESENTATION_REPRESENTATION (  '', ( #3375 ), #3640 ) ;
#5273 = CARTESIAN_POINT ( 'NONE',  ( -3.383386559987083597, -1.916631596139845684, 2.159000000000000252 ) ) ;
#5274 = CARTESIAN_POINT ( 'NONE',  ( -2.705000000000000959, -1.104999999999999760, -1.650999999999999801 ) ) ;
#5275 = VERTEX_POINT ( 'NONE', #3709 ) ;
#5276 =( NAMED_UNIT ( * ) PLANE_ANGLE_UNIT ( ) SI_UNIT ( $, .RADIAN. ) );
#5277 = CIRCLE ( 'NONE', #3461, 0.2100000000000005473 ) ;
#5278 =( NAMED_UNIT ( * ) PLANE_ANGLE_UNIT ( ) SI_UNIT ( $, .RADIAN. ) );
#5279 = CARTESIAN_POINT ( 'NONE',  ( -3.205138307613600634, -1.941682754312656023, 2.159000000000000252 ) ) ;
#5280 = SURFACE_SIDE_STYLE ('',( #4905 ) ) ;
#5281 = DIRECTION ( 'NONE',  ( -0.9975640502598241977, -0.06975647374412627388, 0.0000000000000000000 ) ) ;
#5282 = VERTEX_POINT ( 'NONE', #257 ) ;
#5283 = DIRECTION ( 'NONE',  ( -0.1391731009600577773, -0.9902680687415713612, 0.0000000000000000000 ) ) ;
#5284 = DIRECTION ( 'NONE',  ( 0.0000000000000000000, 0.0000000000000000000, 1.000000000000000000 ) ) ;
#5285 = CARTESIAN_POINT ( 'NONE',  ( 2.705000000000000959, -0.9249999999999998224, 0.8890000000000003455 ) ) ;
#5286 = EDGE_CURVE ( 'NONE', #5337, #2528, #4558, .T. ) ;
#5287 = UNCERTAINTY_MEASURE_WITH_UNIT (LENGTH_MEASURE( 1.000000000000000082E-05 ), #4644, 'distance_accuracy_value', 'NONE');
#5288 = AXIS2_PLACEMENT_3D ( 'NONE', #1235, #2982, #3754 ) ;
#5289 = SURFACE_SIDE_STYLE ('',( #1833 ) ) ;
#5290 = VERTEX_POINT ( 'NONE', #2044 ) ;
#5291 = PRESENTATION_STYLE_ASSIGNMENT (( #4429 ) ) ;
#5292 = DIRECTION ( 'NONE',  ( -0.0000000000000000000, -0.0000000000000000000, -1.000000000000000000 ) ) ;
#5293 = DIRECTION ( 'NONE',  ( -0.9975640502598243087, 0.06975647374412492774, 0.0000000000000000000 ) ) ;
#5294 = ORIENTED_EDGE ( 'NONE', *, *, #1720, .F. ) ;
#5295 = CARTESIAN_POINT ( 'NONE',  ( 2.705000000000000959, -0.8500000000000113021, -2.689999999999999503 ) ) ;
#5296 = STYLED_ITEM ( 'NONE', ( #1068 ), #1284 ) ;
#5297 = SURFACE_STYLE_USAGE ( .BOTH. , #2726 ) ;
#5298 = AXIS2_PLACEMENT_3D ( 'NONE', #433, #11, #1724 ) ;
#5299 = PLANE ( 'NONE',  #5317 ) ;
#5300 = VERTEX_POINT ( 'NONE', #3292 ) ;
#5301 = DIRECTION ( 'NONE',  ( 0.0000000000000000000, -1.000000000000000000, 0.0000000000000000000 ) ) ;
#5302 =( NAMED_UNIT ( * ) SI_UNIT ( $, .STERADIAN. ) SOLID_ANGLE_UNIT ( ) );
#5303 = FILL_AREA_STYLE ('',( #568 ) ) ;
#5304 = VECTOR ( 'NONE', #5292, 1000.000000000000000 ) ;
#5305 = VERTEX_POINT ( 'NONE', #1575 ) ;
#5306 = FACE_OUTER_BOUND ( 'NONE', #5346, .T. ) ;
#5307 = LINE ( 'NONE', #4017, #2915 ) ;
#5308 = VECTOR ( 'NONE', #3458, 1000.000000000000114 ) ;
#5309 = DIRECTION ( 'NONE',  ( -0.0000000000000000000, -0.0000000000000000000, -1.000000000000000000 ) ) ;
#5310 = DIRECTION ( 'NONE',  ( 0.2505628070857289225, -0.9351131265310307361, 0.2505628070857289225 ) ) ;
#5311 = LINE ( 'NONE', #2742, #4338 ) ;
#5312 = CARTESIAN_POINT ( 'NONE',  ( -1.955000000000000959, -0.05000000000000000278, -2.189999999999999503 ) ) ;
#5313 = MECHANICAL_DESIGN_GEOMETRIC_PRESENTATION_REPRESENTATION (  '', ( #4298 ), #694 ) ;
#5314 = ADVANCED_FACE ( 'NONE', ( #1468 ), #4064, .T. ) ;
#5315 = MECHANICAL_DESIGN_GEOMETRIC_PRESENTATION_REPRESENTATION (  '', ( #3063 ), #2792 ) ;
#5316 = SURFACE_STYLE_FILL_AREA ( #576 ) ;
#5317 = AXIS2_PLACEMENT_3D ( 'NONE', #4918, #2786, #1419 ) ;
#5318 = LINE ( 'NONE', #2318, #5368 ) ;
#5319 =( NAMED_UNIT ( * ) SI_UNIT ( $, .STERADIAN. ) SOLID_ANGLE_UNIT ( ) );
#5320 = COLOUR_RGB ( '',0.9058823529411764719, 0.9019607843137255054, 0.8862745098039215286 ) ;
#5321 =( LENGTH_UNIT ( ) NAMED_UNIT ( * ) SI_UNIT ( .MILLI., .METRE. ) );
#5322 = ORIENTED_EDGE ( 'NONE', *, *, #4406, .F. ) ;
#5323 = EDGE_CURVE ( 'NONE', #2526, #5480, #1923, .T. ) ;
#5324 = EDGE_CURVE ( 'NONE', #2881, #855, #5385, .T. ) ;
#5325 = LINE ( 'NONE', #177, #1154 ) ;
#5326 = ORIENTED_EDGE ( 'NONE', *, *, #4348, .T. ) ;
#5327 = VECTOR ( 'NONE', #4567, 1000.000000000000114 ) ;
#5328 = SURFACE_SIDE_STYLE ('',( #2782 ) ) ;
#5329 = ORIENTED_EDGE ( 'NONE', *, *, #1618, .T. ) ;
#5330 = STYLED_ITEM ( 'NONE', ( #479 ), #3713 ) ;
#5331 = CARTESIAN_POINT ( 'NONE',  ( 2.705000000000000959, -1.104999999999999760, -1.650999999999999801 ) ) ;
#5332 =( NAMED_UNIT ( * ) PLANE_ANGLE_UNIT ( ) SI_UNIT ( $, .RADIAN. ) );
#5333 = ORIENTED_EDGE ( 'NONE', *, *, #3465, .F. ) ;
#5334 = SURFACE_STYLE_USAGE ( .BOTH. , #4126 ) ;
#5335 =( LENGTH_UNIT ( ) NAMED_UNIT ( * ) SI_UNIT ( .MILLI., .METRE. ) );
#5336 = CARTESIAN_POINT ( 'NONE',  ( 2.905000000000000693, -0.9249999999999993783, -1.650999999999999801 ) ) ;
#5337 = VERTEX_POINT ( 'NONE', #1957 ) ;
#5338 = SURFACE_STYLE_FILL_AREA ( #3605 ) ;
#5339 = EDGE_CURVE ( 'NONE', #1392, #4968, #5268, .T. ) ;
#5340 = FILL_AREA_STYLE_COLOUR ( '', #3012 ) ;
#5341 = ORIENTED_EDGE ( 'NONE', *, *, #1149, .T. ) ;
#5342 = CARTESIAN_POINT ( 'NONE',  ( -3.591342854422812980, -1.887405244938233251, 2.159000000000000252 ) ) ;
#5343 =( NAMED_UNIT ( * ) SI_UNIT ( $, .STERADIAN. ) SOLID_ANGLE_UNIT ( ) );
#5344 =( NAMED_UNIT ( * ) PLANE_ANGLE_UNIT ( ) SI_UNIT ( $, .RADIAN. ) );
#5345 = LINE ( 'NONE', #3526, #2835 ) ;
#5346 = EDGE_LOOP ( 'NONE', ( #1167, #4950, #4800, #361 ) ) ;
#5347 = FILL_AREA_STYLE_COLOUR ( '', #2221 ) ;
#5348 = FILL_AREA_STYLE_COLOUR ( '', #4768 ) ;
#5349 = ORIENTED_EDGE ( 'NONE', *, *, #2064, .F. ) ;
#5350 = VECTOR ( 'NONE', #1203, 1000.000000000000114 ) ;
#5351 =( LENGTH_UNIT ( ) NAMED_UNIT ( * ) SI_UNIT ( .MILLI., .METRE. ) );
#5352 = UNCERTAINTY_MEASURE_WITH_UNIT (LENGTH_MEASURE( 1.000000000000000082E-05 ), #4708, 'distance_accuracy_value', 'NONE');
#5353 = FILL_AREA_STYLE_COLOUR ( '', #2826 ) ;
#5354 = MECHANICAL_DESIGN_GEOMETRIC_PRESENTATION_REPRESENTATION (  '', ( #4534 ), #1274 ) ;
#5355 =( NAMED_UNIT ( * ) SI_UNIT ( $, .STERADIAN. ) SOLID_ANGLE_UNIT ( ) );
#5356 = ORIENTED_EDGE ( 'NONE', *, *, #80, .T. ) ;
#5357 = MECHANICAL_DESIGN_GEOMETRIC_PRESENTATION_REPRESENTATION (  '', ( #4167 ), #831 ) ;
#5358 = EDGE_CURVE ( 'NONE', #3215, #3712, #1608, .T. ) ;
#5359 = PRESENTATION_LAYER_ASSIGNMENT (  '', '', ( #2290 ) ) ;
#5360 = ORIENTED_EDGE ( 'NONE', *, *, #1618, .F. ) ;
#5361 = DIRECTION ( 'NONE',  ( -1.000000000000000000, 0.0000000000000000000, 0.0000000000000000000 ) ) ;
#5362 = SURFACE_STYLE_FILL_AREA ( #2337 ) ;
#5363 = ORIENTED_EDGE ( 'NONE', *, *, #5214, .F. ) ;
#5364 = FILL_AREA_STYLE ('',( #3628 ) ) ;
#5365 = CARTESIAN_POINT ( 'NONE',  ( -2.705000000000000959, -0.9249999999999998224, 2.159000000000000252 ) ) ;
#5366 =( GEOMETRIC_REPRESENTATION_CONTEXT ( 3 ) GLOBAL_UNCERTAINTY_ASSIGNED_CONTEXT ( ( #2574 ) ) GLOBAL_UNIT_ASSIGNED_CONTEXT ( ( #2697, #2665, #1026 ) ) REPRESENTATION_CONTEXT ( 'NONE', 'WORKASPACE' ) );
#5367 = FILL_AREA_STYLE_COLOUR ( '', #4279 ) ;
#5368 = VECTOR ( 'NONE', #1072, 1000.000000000000000 ) ;
#5369 = DIRECTION ( 'NONE',  ( 0.0000000000000000000, -1.000000000000000000, 0.0000000000000000000 ) ) ;
#5370 = EDGE_CURVE ( 'NONE', #946, #2308, #1031, .T. ) ;
#5371 = VERTEX_POINT ( 'NONE', #4673 ) ;
#5372 = VECTOR ( 'NONE', #3209, 1000.000000000000114 ) ;
#5373 = PRESENTATION_STYLE_ASSIGNMENT (( #4145 ) ) ;
#5374 = VERTEX_POINT ( 'NONE', #2993 ) ;
#5375 = SURFACE_SIDE_STYLE ('',( #3643 ) ) ;
#5376 = PLANE ( 'NONE',  #4099 ) ;
#5377 = FACE_OUTER_BOUND ( 'NONE', #3418, .T. ) ;
#5378 = CIRCLE ( 'NONE', #1040, 0.2500000000000000000 ) ;
#5379 = CARTESIAN_POINT ( 'NONE',  ( -3.383386559987083597, -1.916631596139845684, -0.3809999999999997278 ) ) ;
#5380 = DIRECTION ( 'NONE',  ( 0.06975647374412494162, 0.9975640502598243087, 0.0000000000000000000 ) ) ;
#5381 = CARTESIAN_POINT ( 'NONE',  ( 2.705000000000000959, -1.104999999999999538, -2.158999999999999808 ) ) ;
#5382 = ORIENTED_EDGE ( 'NONE', *, *, #5038, .T. ) ;
#5383 = SURFACE_STYLE_FILL_AREA ( #625 ) ;
#5384 = PRESENTATION_LAYER_ASSIGNMENT (  '', '', ( #4014 ) ) ;
#5385 = LINE ( 'NONE', #3238, #3810 ) ;
#5386 = ORIENTED_EDGE ( 'NONE', *, *, #4111, .T. ) ;
#5387 = AXIS2_PLACEMENT_3D ( 'NONE', #4930, #603, #4846 ) ;
#5388 = PRESENTATION_STYLE_ASSIGNMENT (( #3654 ) ) ;
#5389 = SURFACE_SIDE_STYLE ('',( #210 ) ) ;
#5390 = EDGE_CURVE ( 'NONE', #598, #5160, #5082, .T. ) ;
#5391 = ORIENTED_EDGE ( 'NONE', *, *, #1999, .T. ) ;
#5392 = SURFACE_SIDE_STYLE ('',( #631 ) ) ;
#5393 = COLOUR_RGB ( '',0.9058823529411764719, 0.9019607843137255054, 0.8862745098039215286 ) ;
#5394 = SURFACE_STYLE_FILL_AREA ( #1147 ) ;
#5395 = SURFACE_SIDE_STYLE ('',( #5066 ) ) ;
#5396 = FACE_OUTER_BOUND ( 'NONE', #3115, .T. ) ;
#5397 = SURFACE_SIDE_STYLE ('',( #2028 ) ) ;
#5398 = CARTESIAN_POINT ( 'NONE',  ( 3.291204546809214371, -1.260722490625576953, 2.159000000000000252 ) ) ;
#5399 = UNCERTAINTY_MEASURE_WITH_UNIT (LENGTH_MEASURE( 1.000000000000000082E-05 ), #1322, 'distance_accuracy_value', 'NONE');
#5400 = EDGE_CURVE ( 'NONE', #1202, #2206, #2097, .T. ) ;
#5401 = ORIENTED_EDGE ( 'NONE', *, *, #2253, .F. ) ;
#5402 = CARTESIAN_POINT ( 'NONE',  ( 2.705000000000000959, -1.104999999999999760, -1.650999999999999801 ) ) ;
#5403 = ORIENTED_EDGE ( 'NONE', *, *, #2393, .F. ) ;
#5404 =( LENGTH_UNIT ( ) NAMED_UNIT ( * ) SI_UNIT ( .MILLI., .METRE. ) );
#5405 = AXIS2_PLACEMENT_3D ( 'NONE', #601, #2339, #4047 ) ;
#5406 = DIRECTION ( 'NONE',  ( 0.9975640502598241977, -0.06975647374412627388, 0.0000000000000000000 ) ) ;
#5407 = VECTOR ( 'NONE', #4975, 1000.000000000000000 ) ;
#5408 = DIRECTION ( 'NONE',  ( 0.06975647374412627388, -0.9975640502598241977, 0.0000000000000000000 ) ) ;
#5409 = CARTESIAN_POINT ( 'NONE',  ( -3.291204546809214371, -1.260722490625576953, 2.159000000000000252 ) ) ;
#5410 =( GEOMETRIC_REPRESENTATION_CONTEXT ( 3 ) GLOBAL_UNCERTAINTY_ASSIGNED_CONTEXT ( ( #3368 ) ) GLOBAL_UNIT_ASSIGNED_CONTEXT ( ( #1104, #733, #4082 ) ) REPRESENTATION_CONTEXT ( 'NONE', 'WORKASPACE' ) );
#5411 = ORIENTED_EDGE ( 'NONE', *, *, #2127, .T. ) ;
#5412 = CARTESIAN_POINT ( 'NONE',  ( -3.576693994936546606, -2.096893695492795917, -1.650999999999999801 ) ) ;
#5413 = EDGE_CURVE ( 'NONE', #941, #598, #4730, .T. ) ;
#5414 = DIRECTION ( 'NONE',  ( 1.000000000000000000, 0.0000000000000000000, 0.0000000000000000000 ) ) ;
#5415 = ORIENTED_EDGE ( 'NONE', *, *, #5324, .T. ) ;
#5416 =( NAMED_UNIT ( * ) SI_UNIT ( $, .STERADIAN. ) SOLID_ANGLE_UNIT ( ) );
#5417 = ORIENTED_EDGE ( 'NONE', *, *, #1929, .F. ) ;
#5418 =( GEOMETRIC_REPRESENTATION_CONTEXT ( 3 ) GLOBAL_UNCERTAINTY_ASSIGNED_CONTEXT ( ( #24 ) ) GLOBAL_UNIT_ASSIGNED_CONTEXT ( ( #517, #5276, #2411 ) ) REPRESENTATION_CONTEXT ( 'NONE', 'WORKASPACE' ) );
#5419 = LINE ( 'NONE', #318, #1542 ) ;
#5420 = EDGE_CURVE ( 'NONE', #3548, #2410, #1662, .T. ) ;
#5421 = AXIS2_PLACEMENT_3D ( 'NONE', #5435, #3646, #1541 ) ;
#5422 = PLANE ( 'NONE',  #4024 ) ;
#5423 = CARTESIAN_POINT ( 'NONE',  ( -2.705000000000000959, -0.9249999999999993783, 0.3810000000000002829 ) ) ;
#5424 = PRESENTATION_STYLE_ASSIGNMENT (( #2473 ) ) ;
#5425 = ADVANCED_FACE ( 'NONE', ( #849 ), #4235, .T. ) ;
#5426 =( NAMED_UNIT ( * ) SI_UNIT ( $, .STERADIAN. ) SOLID_ANGLE_UNIT ( ) );
#5427 = ORIENTED_EDGE ( 'NONE', *, *, #295, .T. ) ;
#5428 =( LENGTH_UNIT ( ) NAMED_UNIT ( * ) SI_UNIT ( .MILLI., .METRE. ) );
#5429 = VERTEX_POINT ( 'NONE', #5147 ) ;
#5430 = CARTESIAN_POINT ( 'NONE',  ( 3.576693994936546606, -2.096893695492795917, 2.159000000000000252 ) ) ;
#5431 = DIRECTION ( 'NONE',  ( 0.0000000000000000000, 0.0000000000000000000, 1.000000000000000000 ) ) ;
#5432 = ADVANCED_FACE ( 'NONE', ( #3789 ), #2930, .T. ) ;
#5433 = CARTESIAN_POINT ( 'NONE',  ( 2.905000000000000693, -1.104999999999999538, -0.3809999999999997278 ) ) ;
#5434 = DIRECTION ( 'NONE',  ( 0.9975640502598241977, 0.06975647374412627388, 0.0000000000000000000 ) ) ;
#5435 = CARTESIAN_POINT ( 'NONE',  ( -3.591342854422812980, -1.887405244938233251, 0.3810000000000003939 ) ) ;
#5436 = MECHANICAL_DESIGN_GEOMETRIC_PRESENTATION_REPRESENTATION (  '', ( #4417 ), #5191 ) ;
#5437 = LINE ( 'NONE', #5033, #2336 ) ;
#5438 = MECHANICAL_DESIGN_GEOMETRIC_PRESENTATION_REPRESENTATION (  '', ( #279 ), #4434 ) ;
#5439 = ORIENTED_EDGE ( 'NONE', *, *, #696, .F. ) ;
#5440 = SURFACE_SIDE_STYLE ('',( #5383 ) ) ;
#5441 = ORIENTED_EDGE ( 'NONE', *, *, #1700, .T. ) ;
#5442 = AXIS2_PLACEMENT_3D ( 'NONE', #1385, #4407, #122 ) ;
#5443 = DIRECTION ( 'NONE',  ( -0.0000000000000000000, -0.0000000000000000000, -1.000000000000000000 ) ) ;
#5444 = EDGE_CURVE ( 'NONE', #1754, #2183, #4405, .T. ) ;
#5445 = FACE_OUTER_BOUND ( 'NONE', #4594, .T. ) ;
#5446 = VERTEX_POINT ( 'NONE', #2209 ) ;
#5447 = STYLED_ITEM ( 'NONE', ( #1914 ), #4831 ) ;
#5448 = AXIS2_PLACEMENT_3D ( 'NONE', #5065, #3768, #2909 ) ;
#5449 = CARTESIAN_POINT ( 'NONE',  ( 3.576693994936546606, -2.096893695492795917, -0.3809999999999997278 ) ) ;
#5450 =( GEOMETRIC_REPRESENTATION_CONTEXT ( 3 ) GLOBAL_UNCERTAINTY_ASSIGNED_CONTEXT ( ( #2293 ) ) GLOBAL_UNIT_ASSIGNED_CONTEXT ( ( #5335, #1901, #597 ) ) REPRESENTATION_CONTEXT ( 'NONE', 'WORKASPACE' ) );
#5451 = SURFACE_STYLE_FILL_AREA ( #2364 ) ;
#5452 = DIRECTION ( 'NONE',  ( 1.000000000000000000, 0.0000000000000000000, -0.0000000000000000000 ) ) ;
#5453 = CARTESIAN_POINT ( 'NONE',  ( -2.905000000000000693, -1.104999999999999538, 0.8890000000000003455 ) ) ;
#5454 = LINE ( 'NONE', #2084, #2488 ) ;
#5455 = MECHANICAL_DESIGN_GEOMETRIC_PRESENTATION_REPRESENTATION (  '', ( #3993 ), #1738 ) ;
#5456 = ORIENTED_EDGE ( 'NONE', *, *, #2378, .T. ) ;
#5457 = ADVANCED_FACE ( 'NONE', ( #3504 ), #3979, .T. ) ;
#5458 = VERTEX_POINT ( 'NONE', #910 ) ;
#5459 = SURFACE_STYLE_FILL_AREA ( #4116 ) ;
#5460 = DIRECTION ( 'NONE',  ( 0.9902680687415713612, 0.1391731009600577773, -0.0000000000000000000 ) ) ;
#5461 = UNCERTAINTY_MEASURE_WITH_UNIT (LENGTH_MEASURE( 1.000000000000000082E-05 ), #1855, 'distance_accuracy_value', 'NONE');
#5462 = COLOUR_RGB ( '',0.9058823529411764719, 0.9019607843137255054, 0.8862745098039215286 ) ;
#5463 = SURFACE_STYLE_USAGE ( .BOTH. , #277 ) ;
#5464 = SURFACE_STYLE_FILL_AREA ( #4554 ) ;
#5465 = CARTESIAN_POINT ( 'NONE',  ( -3.591342854422812980, -1.887405244938233251, 0.8890000000000003455 ) ) ;
#5466 = ORIENTED_EDGE ( 'NONE', *, *, #5504, .T. ) ;
#5467 =( GEOMETRIC_REPRESENTATION_CONTEXT ( 3 ) GLOBAL_UNCERTAINTY_ASSIGNED_CONTEXT ( ( #589 ) ) GLOBAL_UNIT_ASSIGNED_CONTEXT ( ( #1574, #741, #2957 ) ) REPRESENTATION_CONTEXT ( 'NONE', 'WORKASPACE' ) );
#5468 = ORIENTED_EDGE ( 'NONE', *, *, #355, .T. ) ;
#5469 = AXIS2_PLACEMENT_3D ( 'NONE', #51, #3011, #1678 ) ;
#5470 = SURFACE_SIDE_STYLE ('',( #2496 ) ) ;
#5471 = FILL_AREA_STYLE_COLOUR ( '', #4848 ) ;
#5472 = ORIENTED_EDGE ( 'NONE', *, *, #2378, .F. ) ;
#5473 = CARTESIAN_POINT ( 'NONE',  ( 2.705000000000000959, -1.179999999999988392, -2.689999999999999503 ) ) ;
#5474 = FILL_AREA_STYLE_COLOUR ( '', #501 ) ;
#5475 =( GEOMETRIC_REPRESENTATION_CONTEXT ( 3 ) GLOBAL_UNCERTAINTY_ASSIGNED_CONTEXT ( ( #937 ) ) GLOBAL_UNIT_ASSIGNED_CONTEXT ( ( #3972, #555, #5319 ) ) REPRESENTATION_CONTEXT ( 'NONE', 'WORKASPACE' ) );
#5476 = CARTESIAN_POINT ( 'NONE',  ( -3.576693994936546606, -2.096893695492795917, 0.3810000000000003939 ) ) ;
#5477 = CARTESIAN_POINT ( 'NONE',  ( -2.705000000000000959, -1.104999999999999760, -0.3809999999999997278 ) ) ;
#5478 = DIRECTION ( 'NONE',  ( 0.0000000000000000000, 1.000000000000000000, 0.0000000000000000000 ) ) ;
#5479 = STYLED_ITEM ( 'NONE', ( #3300 ), #1801 ) ;
#5480 = VERTEX_POINT ( 'NONE', #588 ) ;
#5481 = SURFACE_STYLE_FILL_AREA ( #220 ) ;
#5482 = FILL_AREA_STYLE ('',( #1536 ) ) ;
#5483 = AXIS2_PLACEMENT_3D ( 'NONE', #4383, #3030, #4844 ) ;
#5484 = VERTEX_POINT ( 'NONE', #5237 ) ;
#5485 =( LENGTH_UNIT ( ) NAMED_UNIT ( * ) SI_UNIT ( .MILLI., .METRE. ) );
#5486 = AXIS2_PLACEMENT_3D ( 'NONE', #2448, #4570, #5452 ) ;
#5487 = STYLED_ITEM ( 'NONE', ( #4838 ), #2204 ) ;
#5488 = PLANE ( 'NONE',  #1366 ) ;
#5489 = EDGE_CURVE ( 'NONE', #1605, #3184, #1351, .T. ) ;
#5490 = DIRECTION ( 'NONE',  ( 0.06975647374412494162, 0.9975640502598243087, 0.0000000000000000000 ) ) ;
#5491 = DIRECTION ( 'NONE',  ( -0.0000000000000000000, -0.0000000000000000000, -1.000000000000000000 ) ) ;
#5492 = ORIENTED_EDGE ( 'NONE', *, *, #1903, .F. ) ;
#5493 =( NAMED_UNIT ( * ) PLANE_ANGLE_UNIT ( ) SI_UNIT ( $, .RADIAN. ) );
#5494 =( GEOMETRIC_REPRESENTATION_CONTEXT ( 3 ) GLOBAL_UNCERTAINTY_ASSIGNED_CONTEXT ( ( #1261 ) ) GLOBAL_UNIT_ASSIGNED_CONTEXT ( ( #4793, #1336, #44 ) ) REPRESENTATION_CONTEXT ( 'NONE', 'WORKASPACE' ) );
#5495 = VECTOR ( 'NONE', #677, 1000.000000000000000 ) ;
#5496 = DIRECTION ( 'NONE',  ( -0.0000000000000000000, -0.0000000000000000000, -1.000000000000000000 ) ) ;
#5497 = CARTESIAN_POINT ( 'NONE',  ( 3.112956294435731408, -1.285773648798387292, 1.651000000000000023 ) ) ;
#5498 = COLOUR_RGB ( '',0.9058823529411764719, 0.9019607843137255054, 0.8862745098039215286 ) ;
#5499 = AXIS2_PLACEMENT_3D ( 'NONE', #674, #1563, #3669 ) ;
#5500 = PLANE ( 'NONE',  #1514 ) ;
#5501 = ORIENTED_EDGE ( 'NONE', *, *, #2723, .T. ) ;
#5502 = VECTOR ( 'NONE', #3626, 1000.000000000000000 ) ;
#5503 = SURFACE_STYLE_USAGE ( .BOTH. , #2049 ) ;
#5504 = EDGE_CURVE ( 'NONE', #198, #4271, #4436, .T. ) ;
#5505 = EDGE_LOOP ( 'NONE', ( #1251, #3355, #3856, #4194 ) ) ;
#5506 = ADVANCED_FACE ( 'NONE', ( #3533 ), #5265, .T. ) ;
#5507 = LINE ( 'NONE', #1193, #1979 ) ;
#5508 = STYLED_ITEM ( 'NONE', ( #2046 ), #3663 ) ;
#5509 = SURFACE_STYLE_FILL_AREA ( #749 ) ;
#5510 = DIRECTION ( 'NONE',  ( -0.0000000000000000000, -0.0000000000000000000, -1.000000000000000000 ) ) ;
#5511 = DIRECTION ( 'NONE',  ( 0.06975647374412494162, 0.9975640502598243087, 0.0000000000000000000 ) ) ;
#5512 = VECTOR ( 'NONE', #5168, 1000.000000000000114 ) ;
#5513 = ORIENTED_EDGE ( 'NONE', *, *, #2035, .T. ) ;
#5514 = CARTESIAN_POINT ( 'NONE',  ( 3.291204546809214371, -1.260722490625576953, 1.651000000000000023 ) ) ;
#5515 = CARTESIAN_POINT ( 'NONE',  ( -4.196278082636971440, -2.140219235476615633, 0.3810000000000003939 ) ) ;
#5516 = ORIENTED_EDGE ( 'NONE', *, *, #2733, .F. ) ;
#5517 = SURFACE_SIDE_STYLE ('',( #5459 ) ) ;
#5518 = FILL_AREA_STYLE_COLOUR ( '', #2218 ) ;
#5519 = PRESENTATION_STYLE_ASSIGNMENT (( #1798 ) ) ;
#5520 = UNCERTAINTY_MEASURE_WITH_UNIT (LENGTH_MEASURE( 1.000000000000000082E-05 ), #4439, 'distance_accuracy_value', 'NONE');
#5521 = CARTESIAN_POINT ( 'NONE',  ( 3.112956294435731408, -1.285773648798387292, 2.159000000000000252 ) ) ;
#5522 = ORIENTED_EDGE ( 'NONE', *, *, #4672, .T. ) ;
#5523 = SURFACE_STYLE_USAGE ( .BOTH. , #1607 ) ;
#5524 = DIRECTION ( 'NONE',  ( -1.000000000000000000, 0.0000000000000000000, 0.0000000000000000000 ) ) ;
#5525 = DIRECTION ( 'NONE',  ( -0.9975640502598241977, 0.06975647374412627388, 0.0000000000000000000 ) ) ;
#5526 = VERTEX_POINT ( 'NONE', #4782 ) ;
#5527 = EDGE_CURVE ( 'NONE', #4142, #3024, #705, .T. ) ;
#5528 = LINE ( 'NONE', #888, #5070 ) ;
#5529 = FILL_AREA_STYLE ('',( #2077 ) ) ;
#5530 = ORIENTED_EDGE ( 'NONE', *, *, #962, .F. ) ;
#5531 =( NAMED_UNIT ( * ) PLANE_ANGLE_UNIT ( ) SI_UNIT ( $, .RADIAN. ) );
#5532 = PRESENTATION_STYLE_ASSIGNMENT (( #2530 ) ) ;
#5533 = PLANE ( 'NONE',  #3674 ) ;
#5534 = DIRECTION ( 'NONE',  ( 0.2505628070857289225, 0.9351131265310307361, 0.2505628070857289225 ) ) ;
#5535 = VECTOR ( 'NONE', #333, 1000.000000000000000 ) ;
#5536 = PRESENTATION_LAYER_ASSIGNMENT (  '', '', ( #3285 ) ) ;
#5537 = VERTEX_POINT ( 'NONE', #5433 ) ;
#5538 =( NAMED_UNIT ( * ) SI_UNIT ( $, .STERADIAN. ) SOLID_ANGLE_UNIT ( ) );
#5539 = FILL_AREA_STYLE ('',( #3801 ) ) ;
#5540 = VERTEX_POINT ( 'NONE', #2432 ) ;
#5541 = CARTESIAN_POINT ( 'NONE',  ( -2.477243186433546018, 0.0000000000000000000, 2.462243186433545006 ) ) ;
#5542 = AXIS2_PLACEMENT_3D ( 'NONE', #121, #998, #3958 ) ;
#5543 = APPLICATION_PROTOCOL_DEFINITION ( 'draft international standard', 'automotive_design', 1998, #4872 ) ;
#5544 = EDGE_CURVE ( 'NONE', #1450, #4489, #2010, .T. ) ;
#5545 = SURFACE_STYLE_USAGE ( .BOTH. , #3370 ) ;
#5546 = STYLED_ITEM ( 'NONE', ( #5424 ), #192 ) ;
#5547 = CARTESIAN_POINT ( 'NONE',  ( 3.291204546809214371, -1.260722490625576953, -1.650999999999999801 ) ) ;
#5548 = FILL_AREA_STYLE ('',( #5232 ) ) ;
#5549 = CARTESIAN_POINT ( 'NONE',  ( 4.183721917363029341, -2.319780764523383887, 2.159000000000000252 ) ) ;
#5550 = ORIENTED_EDGE ( 'NONE', *, *, #3722, .T. ) ;
#5551 = DIRECTION ( 'NONE',  ( 0.0000000000000000000, 0.0000000000000000000, 1.000000000000000000 ) ) ;
#5552 = MECHANICAL_DESIGN_GEOMETRIC_PRESENTATION_REPRESENTATION (  '', ( #2761 ), #1039 ) ;
#5553 = EDGE_CURVE ( 'NONE', #1573, #2016, #2329, .T. ) ;
#5554 = DIRECTION ( 'NONE',  ( 1.000000000000000000, 0.0000000000000000000, 0.0000000000000000000 ) ) ;
#5555 = CARTESIAN_POINT ( 'NONE',  ( -2.705000000000000959, -0.9249999999999998224, 1.651000000000000023 ) ) ;
#5556 = STYLED_ITEM ( 'NONE', ( #1687 ), #718 ) ;
#5557 = VERTEX_POINT ( 'NONE', #3729 ) ;
#5558 = PRESENTATION_STYLE_ASSIGNMENT (( #3819 ) ) ;
#5559 = FACE_OUTER_BOUND ( 'NONE', #3915, .T. ) ;
#5560 = ORIENTED_EDGE ( 'NONE', *, *, #1578, .F. ) ;
#5561 = CYLINDRICAL_SURFACE ( 'NONE', #4136, 0.2099999999999992428 ) ;
#5562 = EDGE_CURVE ( 'NONE', #3215, #3200, #4524, .T. ) ;
#5563 = LINE ( 'NONE', #1645, #3319 ) ;
#5564 = DIRECTION ( 'NONE',  ( -0.0000000000000000000, -0.0000000000000000000, -1.000000000000000000 ) ) ;
#5565 = STYLED_ITEM ( 'NONE', ( #4139 ), #1045 ) ;
#5566 = SURFACE_SIDE_STYLE ('',( #491 ) ) ;
#5567 = ORIENTED_EDGE ( 'NONE', *, *, #2315, .T. ) ;
#5568 =( NAMED_UNIT ( * ) PLANE_ANGLE_UNIT ( ) SI_UNIT ( $, .RADIAN. ) );
#5569 = DIRECTION ( 'NONE',  ( 0.1391731009600577773, 0.9902680687415713612, 0.0000000000000000000 ) ) ;
#5570 = SURFACE_SIDE_STYLE ('',( #1281 ) ) ;
#5571 = PLANE ( 'NONE',  #4502 ) ;
#5572 = ADVANCED_FACE ( 'NONE', ( #5377 ), #4149, .F. ) ;
#5573 = CARTESIAN_POINT ( 'NONE',  ( 3.112956294435731408, -1.285773648798387292, -0.8889999999999996794 ) ) ;
#5574 = AXIS2_PLACEMENT_3D ( 'NONE', #1937, #240, #3662 ) ;
#5575 = LINE ( 'NONE', #3427, #5512 ) ;
#5576 = CARTESIAN_POINT ( 'NONE',  ( 3.576693994936546606, -2.096893695492795917, 1.651000000000000023 ) ) ;
#5577 = ORIENTED_EDGE ( 'NONE', *, *, #2538, .T. ) ;
#5578 = FACE_OUTER_BOUND ( 'NONE', #783, .T. ) ;
#5579 = PRESENTATION_STYLE_ASSIGNMENT (( #5523 ) ) ;
#5580 =( GEOMETRIC_REPRESENTATION_CONTEXT ( 3 ) GLOBAL_UNCERTAINTY_ASSIGNED_CONTEXT ( ( #3311 ) ) GLOBAL_UNIT_ASSIGNED_CONTEXT ( ( #4988, #4107, #3720 ) ) REPRESENTATION_CONTEXT ( 'NONE', 'WORKASPACE' ) );
#5581 = FILL_AREA_STYLE ('',( #342 ) ) ;
#5582 = UNCERTAINTY_MEASURE_WITH_UNIT (LENGTH_MEASURE( 1.000000000000000082E-05 ), #4615, 'distance_accuracy_value', 'NONE');
#5583 = STYLED_ITEM ( 'NONE', ( #2022 ), #2078 ) ;
#5584 = FILL_AREA_STYLE ('',( #5176 ) ) ;
#5585 = LINE ( 'NONE', #1664, #1084 ) ;
#5586 =( GEOMETRIC_REPRESENTATION_CONTEXT ( 3 ) GLOBAL_UNCERTAINTY_ASSIGNED_CONTEXT ( ( #4722 ) ) GLOBAL_UNIT_ASSIGNED_CONTEXT ( ( #3520, #1397, #984 ) ) REPRESENTATION_CONTEXT ( 'NONE', 'WORKASPACE' ) );
#5587 = PRESENTATION_LAYER_ASSIGNMENT (  '', '', ( #2590 ) ) ;
#5588 = ORIENTED_EDGE ( 'NONE', *, *, #312, .F. ) ;
#5589 = ORIENTED_EDGE ( 'NONE', *, *, #76, .F. ) ;
#5590 = AXIS2_PLACEMENT_3D ( 'NONE', #447, #2543, #4231 ) ;
#5591 = CARTESIAN_POINT ( 'NONE',  ( 3.383386559987083597, -1.916631596139845684, 0.8890000000000003455 ) ) ;
#5592 = PRESENTATION_LAYER_ASSIGNMENT (  '', '', ( #1690 ) ) ;
#5593 = CARTESIAN_POINT ( 'NONE',  ( -2.905000000000000693, -1.314999999999999725, -1.650999999999999801 ) ) ;
#5594 = COLOUR_RGB ( '',0.9058823529411764719, 0.9019607843137255054, 0.8862745098039215286 ) ;
#5595 = FILL_AREA_STYLE ('',( #4276 ) ) ;
#5596 = VERTEX_POINT ( 'NONE', #1896 ) ;
#5597 = PRESENTATION_STYLE_ASSIGNMENT (( #3036 ) ) ;
#5598 = FILL_AREA_STYLE ('',( #1233 ) ) ;
#5599 = MECHANICAL_DESIGN_GEOMETRIC_PRESENTATION_REPRESENTATION (  '', ( #2994 ), #5418 ) ;
#5600 = ADVANCED_FACE ( 'NONE', ( #619 ), #2813, .T. ) ;
#5601 = VECTOR ( 'NONE', #5380, 1000.000000000000114 ) ;
ENDSEC;
END-ISO-10303-21;
