ISO-10303-21;
HEADER;
FILE_DESCRIPTION (( 'STEP AP214' ),
    '1' );
FILE_NAME ('User Library-TSOP2-54.STEP',
    '2020-11-05T04:31:51',
    ( '' ),
    ( '' ),
    'SwSTEP 2.0',
    'SolidWorks 2020',
    '' );
FILE_SCHEMA (( 'AUTOMOTIVE_DESIGN' ));
ENDSEC;

DATA;
#1 = AXIS2_PLACEMENT_3D ( 'NONE', #498, #2843, #2266 ) ;
#2 = PRODUCT_DEFINITION_FORMATION_WITH_SPECIFIED_SOURCE ( 'ANY', '', #6002, .NOT_KNOWN. ) ;
#3 = CARTESIAN_POINT ( 'NONE',  ( 9.536879580000000800, -0.3050006599999999790, -0.4872999999999999554 ) ) ;
#4 = ORIENTED_EDGE ( 'NONE', *, *, #719, .T. ) ;
#5 = PRODUCT_DEFINITION ( 'UNKNOWN', '', #4020, #5692 ) ;
#6 = PRODUCT_DEFINITION ( 'UNKNOWN', '', #5411, #7150 ) ;
#7 = APPLICATION_CONTEXT ( 'automotive_design' ) ;
#8 = DIRECTION ( 'NONE',  ( 0.0000000000000000000, 0.0000000000000000000, 1.000000000000000000 ) ) ;
#9 = CARTESIAN_POINT ( 'NONE',  ( -0.3650005400000020384, -0.2449982400000000338, -0.2872993999999992609 ) ) ;
#10 = PRODUCT_DEFINITION_FORMATION_WITH_SPECIFIED_SOURCE ( 'ANY', '', #5484, .NOT_KNOWN. ) ;
#11 = ITEM_DEFINED_TRANSFORMATION ( 'NONE', 'NONE', #730,  #5281 ) ;
#12 = DIRECTION ( 'NONE',  ( 1.000000000000000000, 0.0000000000000000000, 0.0000000000000000000 ) ) ;
#13 = PRODUCT_DEFINITION_CONTEXT ( 'detailed design', #5129, 'design' ) ;
#14 = AXIS2_PLACEMENT_3D ( 'NONE', #5603, #4332, #5519 ) ;
#15 = FACE_OUTER_BOUND ( 'NONE', #2810, .T. ) ;
#16 = CARTESIAN_POINT ( 'NONE',  ( 0.0000000000000000000, 0.0000000000000000000, 0.0000000000000000000 ) ) ;
#17 = PRODUCT ( 'Free-Models5', 'Free-Models5', '', ( #2636 ) ) ;
#18 = PRESENTATION_STYLE_ASSIGNMENT (( #5391 ) ) ;
#19 = PRODUCT_CONTEXT ( 'NONE', #683, 'mechanical' ) ;
#20 = EDGE_CURVE ( 'NONE', #3184, #3024, #6545, .T. ) ;
#21 = PRODUCT_DEFINITION_SHAPE ( 'NONE', 'NONE',  #7706 ) ;
#22 = ORIENTED_EDGE ( 'NONE', *, *, #6610, .T. ) ;
#23 = DIRECTION ( 'NONE',  ( 1.000000000000000000, 0.0000000000000000000, 0.0000000000000000000 ) ) ;
#24 = AXIS2_PLACEMENT_3D ( 'NONE', #6328, #1400, #4396 ) ;
#25 = ITEM_DEFINED_TRANSFORMATION ( 'NONE', 'NONE', #3527,  #1948 ) ;
#26 = APPLICATION_PROTOCOL_DEFINITION ( 'draft international standard', 'automotive_design', 1998, #5929 ) ;
#27 = ORIENTED_EDGE ( 'NONE', *, *, #3275, .F. ) ;
#28 = DIRECTION ( 'NONE',  ( 1.000000000000000000, 0.0000000000000000000, 0.0000000000000000000 ) ) ;
#29 = APPLICATION_CONTEXT ( 'automotive_design' ) ;
#30 = DIRECTION ( 'NONE',  ( 1.000000000000000000, 0.0000000000000000000, 0.0000000000000000000 ) ) ;
#31 = AXIS2_PLACEMENT_3D ( 'NONE', #1056, #4617, #7017 ) ;
#32 = PRODUCT_DEFINITION_SHAPE ( 'NONE', 'NONE',  #7485 ) ;
#33 = SHAPE_DEFINITION_REPRESENTATION ( #3841, #3418 ) ;
#34 = DIRECTION ( 'NONE',  ( 0.0000000000000000000, 0.0000000000000000000, 1.000000000000000000 ) ) ;
#35 = MECHANICAL_DESIGN_GEOMETRIC_PRESENTATION_REPRESENTATION (  '', ( #4938 ), #5435 ) ;
#36 = CONTEXT_DEPENDENT_SHAPE_REPRESENTATION ( #6120, #5344 ) ;
#37 = DIRECTION ( 'NONE',  ( 1.000000000000000000, 0.0000000000000000000, 0.0000000000000000000 ) ) ;
#38 = FACE_OUTER_BOUND ( 'NONE', #6055, .T. ) ;
#39 =( LENGTH_UNIT ( ) NAMED_UNIT ( * ) SI_UNIT ( .MILLI., .METRE. ) );
#40 = LINE ( 'NONE', #6379, #1265 ) ;
#41 = VECTOR ( 'NONE', #5606, 1000.000000000000000 ) ;
#42 = ORIENTED_EDGE ( 'NONE', *, *, #7182, .T. ) ;
#43 = PRODUCT_DEFINITION_SHAPE ( 'NONE', 'NONE',  #7678 ) ;
#44 = PRODUCT_CONTEXT ( 'NONE', #3653, 'mechanical' ) ;
#45 = UNCERTAINTY_MEASURE_WITH_UNIT (LENGTH_MEASURE( 1.000000000000000082E-05 ), #6605, 'distance_accuracy_value', 'NONE');
#46 = DIRECTION ( 'NONE',  ( 1.000000000000000000, 0.0000000000000000000, 0.0000000000000000000 ) ) ;
#47 =( LENGTH_UNIT ( ) NAMED_UNIT ( * ) SI_UNIT ( .MILLI., .METRE. ) );
#48 = STYLED_ITEM ( 'NONE', ( #6591 ), #4048 ) ;
#49 = ITEM_DEFINED_TRANSFORMATION ( 'NONE', 'NONE', #3250,  #6649 ) ;
#50 = PRODUCT_DEFINITION_SHAPE ( 'NONE', 'NONE',  #7575 ) ;
#51 = APPLICATION_CONTEXT ( 'automotive_design' ) ;
#52 = CARTESIAN_POINT ( 'NONE',  ( 18.07509973999999886, 9.485000080000000722, -0.4872999999999999554 ) ) ;
#53 =( REPRESENTATION_RELATIONSHIP ('NONE','NONE', #7095, #5226 ) REPRESENTATION_RELATIONSHIP_WITH_TRANSFORMATION ( #6108 )SHAPE_REPRESENTATION_RELATIONSHIP( ) );
#54 = UNCERTAINTY_MEASURE_WITH_UNIT (LENGTH_MEASURE( 1.000000000000000082E-05 ), #2210, 'distance_accuracy_value', 'NONE');
#55 = PRODUCT_DEFINITION_SHAPE ( 'NONE', 'NONE',  #5302 ) ;
#56 =( NAMED_UNIT ( * ) PLANE_ANGLE_UNIT ( ) SI_UNIT ( $, .RADIAN. ) );
#57 = VECTOR ( 'NONE', #7023, 1000.000000000000000 ) ;
#58 =( LENGTH_UNIT ( ) NAMED_UNIT ( * ) SI_UNIT ( .MILLI., .METRE. ) );
#59 = PRODUCT_RELATED_PRODUCT_CATEGORY ( 'part', '', ( #2664 ) ) ;
#60 = DIRECTION ( 'NONE',  ( 0.0000000000000000000, 0.0000000000000000000, 1.000000000000000000 ) ) ;
#61 = PRODUCT_DEFINITION ( 'UNKNOWN', '', #1904, #2691 ) ;
#62 =( GEOMETRIC_REPRESENTATION_CONTEXT ( 3 ) GLOBAL_UNCERTAINTY_ASSIGNED_CONTEXT ( ( #2206 ) ) GLOBAL_UNIT_ASSIGNED_CONTEXT ( ( #4781, #1870, #3013 ) ) REPRESENTATION_CONTEXT ( 'NONE', 'WORKASPACE' ) );
#63 = DIRECTION ( 'NONE',  ( 1.000000000000000000, 0.0000000000000000000, 0.0000000000000000000 ) ) ;
#64 = FACE_OUTER_BOUND ( 'NONE', #6955, .T. ) ;
#65 = PRODUCT_CONTEXT ( 'NONE', #1285, 'mechanical' ) ;
#66 = DIRECTION ( 'NONE',  ( 1.000000000000000000, 0.0000000000000000000, -0.0000000000000000000 ) ) ;
#67 = DIRECTION ( 'NONE',  ( 1.000000000000000000, 0.0000000000000000000, 0.0000000000000000000 ) ) ;
#68 = CONTEXT_DEPENDENT_SHAPE_REPRESENTATION ( #3622, #32 ) ;
#69 = VECTOR ( 'NONE', #7238, 1000.000000000000114 ) ;
#70 = DIRECTION ( 'NONE',  ( 0.0000000000000000000, 0.0000000000000000000, 1.000000000000000000 ) ) ;
#71 = ITEM_DEFINED_TRANSFORMATION ( 'NONE', 'NONE', #4916,  #1758 ) ;
#72 = PRODUCT_DEFINITION ( 'UNKNOWN', '', #4267, #1789 ) ;
#73 = UNCERTAINTY_MEASURE_WITH_UNIT (LENGTH_MEASURE( 1.000000000000000082E-05 ), #2841, 'distance_accuracy_value', 'NONE');
#74 = AXIS2_PLACEMENT_3D ( 'NONE', #4926, #132, #2088 ) ;
#75 = PRODUCT_DEFINITION_SHAPE ( 'NONE', 'NONE',  #7449 ) ;
#76 = PRODUCT_DEFINITION_SHAPE ( 'NONE', 'NONE',  #7697 ) ;
#77 = DIRECTION ( 'NONE',  ( 1.000000000000000000, 0.0000000000000000000, 0.0000000000000000000 ) ) ;
#78 = PRODUCT_CONTEXT ( 'NONE', #1537, 'mechanical' ) ;
#79 = APPLICATION_CONTEXT ( 'automotive_design' ) ;
#80 = CARTESIAN_POINT ( 'NONE',  ( 0.0000000000000000000, 0.0000000000000000000, 0.0000000000000000000 ) ) ;
#81 = UNCERTAINTY_MEASURE_WITH_UNIT (LENGTH_MEASURE( 1.000000000000000082E-05 ), #4482, 'distance_accuracy_value', 'NONE');
#82 = PRODUCT_DEFINITION_CONTEXT ( 'detailed design', #1510, 'design' ) ;
#83 = CARTESIAN_POINT ( 'NONE',  ( -11.10999810000000032, 5.080000000000000071, 0.0000000000000000000 ) ) ;
#84 = FACE_OUTER_BOUND ( 'NONE', #3940, .T. ) ;
#85 = CONTEXT_DEPENDENT_SHAPE_REPRESENTATION ( #1459, #5695 ) ;
#86 = ORIENTED_EDGE ( 'NONE', *, *, #4143, .F. ) ;
#87 = SHAPE_REPRESENTATION ( '352644049', ( #4285, #3405 ), #5679 ) ;
#88 = APPLICATION_PROTOCOL_DEFINITION ( 'draft international standard', 'automotive_design', 1998, #7466 ) ;
#89 =( LENGTH_UNIT ( ) NAMED_UNIT ( * ) SI_UNIT ( .MILLI., .METRE. ) );
#90 = DIRECTION ( 'NONE',  ( 1.000000000000000000, 0.0000000000000000000, 0.0000000000000000000 ) ) ;
#91 = PRODUCT ( '352644049', '352644049', '', ( #6278 ) ) ;
#92 =( REPRESENTATION_RELATIONSHIP ('NONE','NONE', #2592, #6270 ) REPRESENTATION_RELATIONSHIP_WITH_TRANSFORMATION ( #782 )SHAPE_REPRESENTATION_RELATIONSHIP( ) );
#93 = PRESENTATION_LAYER_ASSIGNMENT (  '', '', ( #700 ) ) ;
#94 = CARTESIAN_POINT ( 'NONE',  ( 11.67429974000000215, 9.485000080000000722, -0.4872999999999999554 ) ) ;
#95 = VERTEX_POINT ( 'NONE', #4103 ) ;
#96 =( NAMED_UNIT ( * ) SI_UNIT ( $, .STERADIAN. ) SOLID_ANGLE_UNIT ( ) );
#97 = CONTEXT_DEPENDENT_SHAPE_REPRESENTATION ( #3844, #7453 ) ;
#98 = APPLICATION_CONTEXT ( 'automotive_design' ) ;
#99 = CONTEXT_DEPENDENT_SHAPE_REPRESENTATION ( #2208, #7036 ) ;
#100 =( REPRESENTATION_RELATIONSHIP ('NONE','NONE', #3554, #3218 ) REPRESENTATION_RELATIONSHIP_WITH_TRANSFORMATION ( #570 )SHAPE_REPRESENTATION_RELATIONSHIP( ) );
#101 = LINE ( 'NONE', #6707, #2697 ) ;
#102 = APPLICATION_PROTOCOL_DEFINITION ( 'draft international standard', 'automotive_design', 1998, #631 ) ;
#103 = CARTESIAN_POINT ( 'NONE',  ( 0.0000000000000000000, 0.001000760000000000278, 0.0000000000000000000 ) ) ;
#104 = CARTESIAN_POINT ( 'NONE',  ( 0.0000000000000000000, 5.421010862427522170E-17, 0.0000000000000000000 ) ) ;
#105 = PRODUCT_DEFINITION ( 'UNKNOWN', '', #1495, #1721 ) ;
#106 = ITEM_DEFINED_TRANSFORMATION ( 'NONE', 'NONE', #6690,  #5331 ) ;
#107 = PRODUCT_RELATED_PRODUCT_CATEGORY ( 'part', '', ( #7035 ) ) ;
#108 = CARTESIAN_POINT ( 'NONE',  ( 0.0000000000000000000, 0.0000000000000000000, 0.0000000000000000000 ) ) ;
#109 = SHAPE_REPRESENTATION ( '352644049', ( #3939, #555 ), #2587 ) ;
#110 = ITEM_DEFINED_TRANSFORMATION ( 'NONE', 'NONE', #2911,  #1948 ) ;
#111 = APPLICATION_CONTEXT ( 'automotive_design' ) ;
#112 =( NAMED_UNIT ( * ) SI_UNIT ( $, .STERADIAN. ) SOLID_ANGLE_UNIT ( ) );
#113 = PRODUCT_DEFINITION ( 'UNKNOWN', '', #2542, #4176 ) ;
#114 = APPLICATION_PROTOCOL_DEFINITION ( 'draft international standard', 'automotive_design', 1998, #4840 ) ;
#115 = PRODUCT_RELATED_PRODUCT_CATEGORY ( 'part', '', ( #2179 ) ) ;
#116 = PRODUCT_DEFINITION_SHAPE ( 'NONE', 'NONE',  #7624 ) ;
#117 = CARTESIAN_POINT ( 'NONE',  ( 0.0000000000000000000, 0.0000000000000000000, -0.4038600000000006629 ) ) ;
#118 = CARTESIAN_POINT ( 'NONE',  ( -0.2031238000000000765, 0.3150006400000001094, 0.0000000000000000000 ) ) ;
#119 = APPLICATION_CONTEXT ( 'automotive_design' ) ;
#120 = VERTEX_POINT ( 'NONE', #6629 ) ;
#121 = APPLICATION_PROTOCOL_DEFINITION ( 'draft international standard', 'automotive_design', 1998, #5621 ) ;
#122 = EDGE_CURVE ( 'NONE', #1521, #3105, #4941, .T. ) ;
#123 = AXIS2_PLACEMENT_3D ( 'NONE', #3988, #542, #1005 ) ;
#124 =( NAMED_UNIT ( * ) PLANE_ANGLE_UNIT ( ) SI_UNIT ( $, .RADIAN. ) );
#125 = CARTESIAN_POINT ( 'NONE',  ( 0.0000000000000000000, 0.0000000000000000000, 0.0000000000000000000 ) ) ;
#126 = CONTEXT_DEPENDENT_SHAPE_REPRESENTATION ( #6429, #5150 ) ;
#127 =( GEOMETRIC_REPRESENTATION_CONTEXT ( 3 ) GLOBAL_UNCERTAINTY_ASSIGNED_CONTEXT ( ( #5089 ) ) GLOBAL_UNIT_ASSIGNED_CONTEXT ( ( #1279, #4743, #6560 ) ) REPRESENTATION_CONTEXT ( 'NONE', 'WORKASPACE' ) );
#128 = SHAPE_REPRESENTATION ( 'PINTSOP2-55', ( #6801, #3271, #3519 ), #7410 ) ;
#129 = AXIS2_PLACEMENT_3D ( 'NONE', #3175, #2836, #1551 ) ;
#130 = DIRECTION ( 'NONE',  ( 1.000000000000000000, -1.110223024625000001E-16, 1.110223024625000001E-16 ) ) ;
#131 = APPLICATION_PROTOCOL_DEFINITION ( 'draft international standard', 'automotive_design', 1998, #6980 ) ;
#132 = DIRECTION ( 'NONE',  ( 0.0000000000000000000, 0.0000000000000000000, 1.000000000000000000 ) ) ;
#133 =( REPRESENTATION_RELATIONSHIP ('NONE','NONE', #6600, #3837 ) REPRESENTATION_RELATIONSHIP_WITH_TRANSFORMATION ( #5530 )SHAPE_REPRESENTATION_RELATIONSHIP( ) );
#134 = AXIS2_PLACEMENT_3D ( 'NONE', #4871, #1889, #1287 ) ;
#135 = PRODUCT ( 'PINTSOP2-55', 'PINTSOP2-55', '', ( #3424 ) ) ;
#136 = DIRECTION ( 'NONE',  ( 0.0000000000000000000, 0.0000000000000000000, 1.000000000000000000 ) ) ;
#137 = CONTEXT_DEPENDENT_SHAPE_REPRESENTATION ( #5965, #5468 ) ;
#138 = DIRECTION ( 'NONE',  ( -0.0000000000000000000, 0.0000000000000000000, -1.000000000000000000 ) ) ;
#139 = AXIS2_PLACEMENT_3D ( 'NONE', #5073, #6273, #5619 ) ;
#140 = AXIS2_PLACEMENT_3D ( 'NONE', #3949, #3484, #3985 ) ;
#141 = APPLICATION_PROTOCOL_DEFINITION ( 'draft international standard', 'automotive_design', 1998, #5335 ) ;
#142 = DIRECTION ( 'NONE',  ( -1.000000000000000000, 0.0000000000000000000, 0.0000000000000000000 ) ) ;
#143 = CARTESIAN_POINT ( 'NONE',  ( 0.0000000000000000000, 0.0000000000000000000, 0.0000000000000000000 ) ) ;
#144 = DIRECTION ( 'NONE',  ( 0.09334180544851636285, 0.9956341232378544959, 0.0000000000000000000 ) ) ;
#145 = DIRECTION ( 'NONE',  ( 0.0000000000000000000, 0.0000000000000000000, 1.000000000000000000 ) ) ;
#146 = PRODUCT_DEFINITION_FORMATION_WITH_SPECIFIED_SOURCE ( 'ANY', '', #6559, .NOT_KNOWN. ) ;
#147 = APPLICATION_CONTEXT ( 'automotive_design' ) ;
#148 =( REPRESENTATION_RELATIONSHIP ('NONE','NONE', #4268, #6270 ) REPRESENTATION_RELATIONSHIP_WITH_TRANSFORMATION ( #2357 )SHAPE_REPRESENTATION_RELATIONSHIP( ) );
#149 = PRODUCT ( 'Free-Models5', 'Free-Models5', '', ( #1966 ) ) ;
#150 = ITEM_DEFINED_TRANSFORMATION ( 'NONE', 'NONE', #3102,  #1455 ) ;
#151 = PRODUCT_DEFINITION_FORMATION_WITH_SPECIFIED_SOURCE ( 'ANY', '', #6844, .NOT_KNOWN. ) ;
#152 =( LENGTH_UNIT ( ) NAMED_UNIT ( * ) SI_UNIT ( .MILLI., .METRE. ) );
#153 = DIRECTION ( 'NONE',  ( 1.000000000000000000, 0.0000000000000000000, 0.0000000000000000000 ) ) ;
#154 = PRODUCT_CONTEXT ( 'NONE', #1143, 'mechanical' ) ;
#155 = SHAPE_REPRESENTATION ( '352644049', ( #2434, #6839 ), #2702 ) ;
#156 = UNCERTAINTY_MEASURE_WITH_UNIT (LENGTH_MEASURE( 1.000000000000000082E-05 ), #1352, 'distance_accuracy_value', 'NONE');
#157 = PRODUCT_DEFINITION_FORMATION_WITH_SPECIFIED_SOURCE ( 'ANY', '', #4683, .NOT_KNOWN. ) ;
#158 = APPLICATION_CONTEXT ( 'automotive_design' ) ;
#159 = PRODUCT_RELATED_PRODUCT_CATEGORY ( 'part', '', ( #2095 ) ) ;
#160 = PRODUCT_RELATED_PRODUCT_CATEGORY ( 'part', '', ( #4551 ) ) ;
#161 = FACE_OUTER_BOUND ( 'NONE', #523, .T. ) ;
#162 = CARTESIAN_POINT ( 'NONE',  ( 0.0000000000000000000, 0.0000000000000000000, 0.0000000000000000000 ) ) ;
#163 = SURFACE_SIDE_STYLE ('',( #693 ) ) ;
#164 = CARTESIAN_POINT ( 'NONE',  ( 0.0000000000000000000, 0.0000000000000000000, 0.0000000000000000000 ) ) ;
#165 = APPLICATION_PROTOCOL_DEFINITION ( 'draft international standard', 'automotive_design', 1998, #2213 ) ;
#166 = APPLICATION_PROTOCOL_DEFINITION ( 'draft international standard', 'automotive_design', 1998, #1267 ) ;
#167 =( NAMED_UNIT ( * ) SI_UNIT ( $, .STERADIAN. ) SOLID_ANGLE_UNIT ( ) );
#168 = UNCERTAINTY_MEASURE_WITH_UNIT (LENGTH_MEASURE( 1.000000000000000082E-05 ), #6348, 'distance_accuracy_value', 'NONE');
#169 =( NAMED_UNIT ( * ) SI_UNIT ( $, .STERADIAN. ) SOLID_ANGLE_UNIT ( ) );
#170 = PRODUCT_DEFINITION_CONTEXT ( 'detailed design', #2626, 'design' ) ;
#171 = CARTESIAN_POINT ( 'NONE',  ( 0.0000000000000000000, 0.0000000000000000000, 0.0000000000000000000 ) ) ;
#172 = APPLICATION_CONTEXT ( 'automotive_design' ) ;
#173 = EDGE_CURVE ( 'NONE', #3638, #3178, #2894, .T. ) ;
#174 = AXIS2_PLACEMENT_3D ( 'NONE', #1645, #4039, #5820 ) ;
#175 = PRODUCT_DEFINITION_CONTEXT ( 'detailed design', #4729, 'design' ) ;
#176 =( NAMED_UNIT ( * ) SI_UNIT ( $, .STERADIAN. ) SOLID_ANGLE_UNIT ( ) );
#177 = AXIS2_PLACEMENT_3D ( 'NONE', #6663, #1266, #6080 ) ;
#178 = DIRECTION ( 'NONE',  ( 1.000000000000000000, 0.0000000000000000000, 0.0000000000000000000 ) ) ;
#179 =( NAMED_UNIT ( * ) SI_UNIT ( $, .STERADIAN. ) SOLID_ANGLE_UNIT ( ) );
#180 = SHAPE_REPRESENTATION ( '352644049', ( #4894, #6519 ), #358 ) ;
#181 = CONTEXT_DEPENDENT_SHAPE_REPRESENTATION ( #3292, #3244 ) ;
#182 = DIRECTION ( 'NONE',  ( 1.000000000000000000, 0.0000000000000000000, 0.0000000000000000000 ) ) ;
#183 = DIRECTION ( 'NONE',  ( 1.000000000000000000, 0.0000000000000000000, 0.0000000000000000000 ) ) ;
#184 = FACE_OUTER_BOUND ( 'NONE', #609, .T. ) ;
#185 = COLOUR_RGB ( '',0.7529411764705882248, 0.7529411764705882248, 0.7529411764705882248 ) ;
#186 = DIRECTION ( 'NONE',  ( 0.0000000000000000000, 0.0000000000000000000, 1.000000000000000000 ) ) ;
#187 = AXIS2_PLACEMENT_3D ( 'NONE', #4118, #2433, #1641 ) ;
#188 = APPLICATION_PROTOCOL_DEFINITION ( 'draft international standard', 'automotive_design', 1998, #4982 ) ;
#189 = CARTESIAN_POINT ( 'NONE',  ( 0.0000000000000000000, 0.0000000000000000000, 0.4165599999999999858 ) ) ;
#190 = CARTESIAN_POINT ( 'NONE',  ( -1.084202172485504434E-16, 1.084202172485504434E-16, -0.4038600000000000523 ) ) ;
#191 = APPLICATION_CONTEXT ( 'automotive_design' ) ;
#192 = ITEM_DEFINED_TRANSFORMATION ( 'NONE', 'NONE', #7428,  #4630 ) ;
#193 =( GEOMETRIC_REPRESENTATION_CONTEXT ( 3 ) GLOBAL_UNCERTAINTY_ASSIGNED_CONTEXT ( ( #703 ) ) GLOBAL_UNIT_ASSIGNED_CONTEXT ( ( #6864, #7317, #5000 ) ) REPRESENTATION_CONTEXT ( 'NONE', 'WORKASPACE' ) );
#194 = VECTOR ( 'NONE', #3346, 1000.000000000000114 ) ;
#195 =( NAMED_UNIT ( * ) SI_UNIT ( $, .STERADIAN. ) SOLID_ANGLE_UNIT ( ) );
#196 = VECTOR ( 'NONE', #4208, 1000.000000000000000 ) ;
#197 = PRODUCT_CONTEXT ( 'NONE', #1381, 'mechanical' ) ;
#198 =( REPRESENTATION_RELATIONSHIP ('NONE','NONE', #4989, #2592 ) REPRESENTATION_RELATIONSHIP_WITH_TRANSFORMATION ( #629 )SHAPE_REPRESENTATION_RELATIONSHIP( ) );
#199 =( LENGTH_UNIT ( ) NAMED_UNIT ( * ) SI_UNIT ( .MILLI., .METRE. ) );
#200 = AXIS2_PLACEMENT_3D ( 'NONE', #3971, #5845, #6387 ) ;
#201 = AXIS2_PLACEMENT_3D ( 'NONE', #2752, #3847, #840 ) ;
#202 = CARTESIAN_POINT ( 'NONE',  ( -0.3650005400000003175, -0.2449982400000000893, -0.2872993999999996495 ) ) ;
#203 = DIRECTION ( 'NONE',  ( -0.0000000000000000000, 1.000000000000000000, 0.0000000000000000000 ) ) ;
#204 = CARTESIAN_POINT ( 'NONE',  ( 0.0000000000000000000, 0.1499997000000000136, 0.4165599999999999858 ) ) ;
#205 = CONTEXT_DEPENDENT_SHAPE_REPRESENTATION ( #515, #829 ) ;
#206 = ORIENTED_EDGE ( 'NONE', *, *, #2994, .F. ) ;
#207 = APPLICATION_PROTOCOL_DEFINITION ( 'draft international standard', 'automotive_design', 1998, #6932 ) ;
#208 = PRODUCT_DEFINITION_SHAPE ( 'NONE', 'NONE',  #7743 ) ;
#209 = PRODUCT_DEFINITION ( 'UNKNOWN', '', #2909, #4101 ) ;
#210 = APPLICATION_CONTEXT ( 'automotive_design' ) ;
#211 =( REPRESENTATION_RELATIONSHIP ('NONE','NONE', #5819, #4719 ) REPRESENTATION_RELATIONSHIP_WITH_TRANSFORMATION ( #2458 )SHAPE_REPRESENTATION_RELATIONSHIP( ) );
#212 = DIRECTION ( 'NONE',  ( 0.0000000000000000000, 0.0000000000000000000, 1.000000000000000000 ) ) ;
#213 = ITEM_DEFINED_TRANSFORMATION ( 'NONE', 'NONE', #600,  #1227 ) ;
#214 =( NAMED_UNIT ( * ) PLANE_ANGLE_UNIT ( ) SI_UNIT ( $, .RADIAN. ) );
#215 = ORIENTED_EDGE ( 'NONE', *, *, #5362, .F. ) ;
#216 = SHAPE_DEFINITION_REPRESENTATION ( #6101, #6700 ) ;
#217 = UNCERTAINTY_MEASURE_WITH_UNIT (LENGTH_MEASURE( 1.000000000000000082E-05 ), #6410, 'distance_accuracy_value', 'NONE');
#218 = PRODUCT_RELATED_PRODUCT_CATEGORY ( 'part', '', ( #6559 ) ) ;
#219 = DIRECTION ( 'NONE',  ( 0.0000000000000000000, 0.0000000000000000000, 1.000000000000000000 ) ) ;
#220 = APPLICATION_CONTEXT ( 'automotive_design' ) ;
#221 = CONTEXT_DEPENDENT_SHAPE_REPRESENTATION ( #3243, #3744 ) ;
#222 = DIRECTION ( 'NONE',  ( 0.0000000000000000000, 0.0000000000000000000, 1.000000000000000000 ) ) ;
#223 = LINE ( 'NONE', #4453, #7094 ) ;
#224 = AXIS2_PLACEMENT_3D ( 'NONE', #1555, #4791, #956 ) ;
#225 =( LENGTH_UNIT ( ) NAMED_UNIT ( * ) SI_UNIT ( .MILLI., .METRE. ) );
#226 = APPLICATION_PROTOCOL_DEFINITION ( 'draft international standard', 'automotive_design', 1998, #172 ) ;
#227 = CARTESIAN_POINT ( 'NONE',  ( 0.0000000000000000000, 0.0000000000000000000, 0.4165599999999999858 ) ) ;
#228 =( NAMED_UNIT ( * ) SI_UNIT ( $, .STERADIAN. ) SOLID_ANGLE_UNIT ( ) );
#229 = SHAPE_REPRESENTATION ( '352644049', ( #6649, #4139 ), #7387 ) ;
#230 = SURFACE_SIDE_STYLE ('',( #749 ) ) ;
#231 = AXIS2_PLACEMENT_3D ( 'NONE', #6557, #6160, #759 ) ;
#232 =( LENGTH_UNIT ( ) NAMED_UNIT ( * ) SI_UNIT ( .MILLI., .METRE. ) );
#233 = PRODUCT_DEFINITION_SHAPE ( 'NONE', 'NONE',  #7522 ) ;
#234 = CARTESIAN_POINT ( 'NONE',  ( 0.0000000000000000000, 0.0000000000000000000, 0.0000000000000000000 ) ) ;
#235 = APPLICATION_PROTOCOL_DEFINITION ( 'draft international standard', 'automotive_design', 1998, #158 ) ;
#236 = PRODUCT_DEFINITION_SHAPE ( 'NONE', 'NONE',  #5351 ) ;
#237 = CARTESIAN_POINT ( 'NONE',  ( -0.3650005399999999844, -0.2449982400000000338, -0.2872993999999996495 ) ) ;
#238 = DIRECTION ( 'NONE',  ( 0.0000000000000000000, 0.0000000000000000000, 1.000000000000000000 ) ) ;
#239 = SHAPE_DEFINITION_REPRESENTATION ( #3413, #4927 ) ;
#240 =( NAMED_UNIT ( * ) PLANE_ANGLE_UNIT ( ) SI_UNIT ( $, .RADIAN. ) );
#241 = ITEM_DEFINED_TRANSFORMATION ( 'NONE', 'NONE', #2632,  #1948 ) ;
#242 = DIRECTION ( 'NONE',  ( 1.000000000000000000, -1.110223024625000001E-16, 1.110223024625000001E-16 ) ) ;
#243 = ORIENTED_EDGE ( 'NONE', *, *, #5205, .F. ) ;
#244 = APPLICATION_PROTOCOL_DEFINITION ( 'draft international standard', 'automotive_design', 1998, #5767 ) ;
#245 = APPLICATION_CONTEXT ( 'automotive_design' ) ;
#246 = PRODUCT_DEFINITION_SHAPE ( 'NONE', 'NONE',  #3504 ) ;
#247 = PRODUCT_DEFINITION_CONTEXT ( 'detailed design', #4477, 'design' ) ;
#248 = CARTESIAN_POINT ( 'NONE',  ( 0.0000000000000000000, 0.0000000000000000000, 0.0000000000000000000 ) ) ;
#249 = DIRECTION ( 'NONE',  ( 1.000000000000000000, 0.0000000000000000000, 0.0000000000000000000 ) ) ;
#250 = DIRECTION ( 'NONE',  ( 1.000000000000000000, 0.0000000000000000000, 0.0000000000000000000 ) ) ;
#251 =( GEOMETRIC_REPRESENTATION_CONTEXT ( 3 ) GLOBAL_UNCERTAINTY_ASSIGNED_CONTEXT ( ( #963 ) ) GLOBAL_UNIT_ASSIGNED_CONTEXT ( ( #7056, #6917, #5109 ) ) REPRESENTATION_CONTEXT ( 'NONE', 'WORKASPACE' ) );
#252 = PRODUCT_DEFINITION ( 'UNKNOWN', '', #5305, #5454 ) ;
#253 = DIRECTION ( 'NONE',  ( 1.000000000000000000, 0.0000000000000000000, 0.0000000000000000000 ) ) ;
#254 = PRODUCT_DEFINITION ( 'UNKNOWN', '', #992, #2273 ) ;
#255 = APPLICATION_PROTOCOL_DEFINITION ( 'draft international standard', 'automotive_design', 1998, #1179 ) ;
#256 = CARTESIAN_POINT ( 'NONE',  ( 0.0000000000000000000, 0.0000000000000000000, 0.0000000000000000000 ) ) ;
#257 = ITEM_DEFINED_TRANSFORMATION ( 'NONE', 'NONE', #1427,  #1948 ) ;
#258 = DIRECTION ( 'NONE',  ( 1.000000000000000000, 0.0000000000000000000, 0.0000000000000000000 ) ) ;
#259 = EDGE_CURVE ( 'NONE', #1119, #1780, #4815, .T. ) ;
#260 = PRODUCT_DEFINITION_FORMATION_WITH_SPECIFIED_SOURCE ( 'ANY', '', #388, .NOT_KNOWN. ) ;
#261 = SHAPE_REPRESENTATION ( 'Free-Models5', ( #4124, #5256 ), #7019 ) ;
#262 = SHAPE_DEFINITION_REPRESENTATION ( #528, #5778 ) ;
#263 =( GEOMETRIC_REPRESENTATION_CONTEXT ( 3 ) GLOBAL_UNCERTAINTY_ASSIGNED_CONTEXT ( ( #6677 ) ) GLOBAL_UNIT_ASSIGNED_CONTEXT ( ( #1031, #5133, #2113 ) ) REPRESENTATION_CONTEXT ( 'NONE', 'WORKASPACE' ) );
#264 = APPLICATION_CONTEXT ( 'automotive_design' ) ;
#265 = AXIS2_PLACEMENT_3D ( 'NONE', #993, #1595, #1032 ) ;
#266 =( NAMED_UNIT ( * ) PLANE_ANGLE_UNIT ( ) SI_UNIT ( $, .RADIAN. ) );
#267 = PRODUCT_DEFINITION_FORMATION_WITH_SPECIFIED_SOURCE ( 'ANY', '', #4598, .NOT_KNOWN. ) ;
#268 = LINE ( 'NONE', #7062, #6578 ) ;
#269 = DIRECTION ( 'NONE',  ( 0.0000000000000000000, 0.0000000000000000000, 1.000000000000000000 ) ) ;
#270 = PRODUCT_DEFINITION_SHAPE ( 'NONE', 'NONE',  #7117 ) ;
#271 = CONTEXT_DEPENDENT_SHAPE_REPRESENTATION ( #4392, #3662 ) ;
#272 = APPLICATION_PROTOCOL_DEFINITION ( 'draft international standard', 'automotive_design', 1998, #6315 ) ;
#273 = DIRECTION ( 'NONE',  ( 0.0000000000000000000, 0.0000000000000000000, 1.000000000000000000 ) ) ;
#274 = SHAPE_DEFINITION_REPRESENTATION ( #1513, #3218 ) ;
#275 = PRODUCT_DEFINITION_FORMATION_WITH_SPECIFIED_SOURCE ( 'ANY', '', #7301, .NOT_KNOWN. ) ;
#276 = DIRECTION ( 'NONE',  ( 1.000000000000000000, 0.0000000000000000000, 0.0000000000000000000 ) ) ;
#277 = DIRECTION ( 'NONE',  ( 0.0000000000000000000, 0.0000000000000000000, 1.000000000000000000 ) ) ;
#278 = DIRECTION ( 'NONE',  ( 1.000000000000000000, 0.0000000000000000000, 0.0000000000000000000 ) ) ;
#279 = PRODUCT ( '352644049', '352644049', '', ( #5227 ) ) ;
#280 = ITEM_DEFINED_TRANSFORMATION ( 'NONE', 'NONE', #7027,  #1948 ) ;
#281 = SHAPE_DEFINITION_REPRESENTATION ( #5545, #6076 ) ;
#282 =( REPRESENTATION_RELATIONSHIP ('NONE','NONE', #7288, #5226 ) REPRESENTATION_RELATIONSHIP_WITH_TRANSFORMATION ( #6286 )SHAPE_REPRESENTATION_RELATIONSHIP( ) );
#283 =( REPRESENTATION_RELATIONSHIP ('NONE','NONE', #4383, #6270 ) REPRESENTATION_RELATIONSHIP_WITH_TRANSFORMATION ( #1489 )SHAPE_REPRESENTATION_RELATIONSHIP( ) );
#284 = CARTESIAN_POINT ( 'NONE',  ( 16.73777958000000154, -0.3050006599999999790, -0.4872999999999999554 ) ) ;
#285 = VERTEX_POINT ( 'NONE', #7218 ) ;
#286 = UNCERTAINTY_MEASURE_WITH_UNIT (LENGTH_MEASURE( 1.000000000000000082E-05 ), #199, 'distance_accuracy_value', 'NONE');
#287 = CARTESIAN_POINT ( 'NONE',  ( -5.421010862427522170E-17, 5.421010862427522170E-17, 0.0000000000000000000 ) ) ;
#288 = AXIS2_PLACEMENT_3D ( 'NONE', #3299, #810, #6857 ) ;
#289 = DIRECTION ( 'NONE',  ( -1.000000000000000000, 0.0000000000000000000, 0.0000000000000000000 ) ) ;
#290 = APPLICATION_CONTEXT ( 'automotive_design' ) ;
#291 = APPLICATION_PROTOCOL_DEFINITION ( 'draft international standard', 'automotive_design', 1998, #4875 ) ;
#292 = LINE ( 'NONE', #6905, #5579 ) ;
#293 = MECHANICAL_DESIGN_GEOMETRIC_PRESENTATION_REPRESENTATION (  '', ( #5071 ), #2943 ) ;
#294 = PRODUCT_DEFINITION ( 'UNKNOWN', '', #5036, #82 ) ;
#295 = PRODUCT_RELATED_PRODUCT_CATEGORY ( 'part', '', ( #6844 ) ) ;
#296 = ITEM_DEFINED_TRANSFORMATION ( 'NONE', 'NONE', #2733,  #224 ) ;
#297 = VECTOR ( 'NONE', #1834, 1000.000000000000000 ) ;
#298 = APPLICATION_CONTEXT ( 'automotive_design' ) ;
#299 =( NAMED_UNIT ( * ) PLANE_ANGLE_UNIT ( ) SI_UNIT ( $, .RADIAN. ) );
#300 =( REPRESENTATION_RELATIONSHIP ('NONE','NONE', #4972, #880 ) REPRESENTATION_RELATIONSHIP_WITH_TRANSFORMATION ( #3229 )SHAPE_REPRESENTATION_RELATIONSHIP( ) );
#301 = APPLICATION_PROTOCOL_DEFINITION ( 'draft international standard', 'automotive_design', 1998, #29 ) ;
#302 = DIRECTION ( 'NONE',  ( 1.000000000000000000, 0.0000000000000000000, 0.0000000000000000000 ) ) ;
#303 =( GEOMETRIC_REPRESENTATION_CONTEXT ( 3 ) GLOBAL_UNCERTAINTY_ASSIGNED_CONTEXT ( ( #7316 ) ) GLOBAL_UNIT_ASSIGNED_CONTEXT ( ( #2015, #2693, #6105 ) ) REPRESENTATION_CONTEXT ( 'NONE', 'WORKASPACE' ) );
#304 = VECTOR ( 'NONE', #7214, 1000.000000000000000 ) ;
#305 = EDGE_CURVE ( 'NONE', #886, #1119, #3440, .T. ) ;
#306 = CARTESIAN_POINT ( 'NONE',  ( 0.0000000000000000000, 0.0000000000000000000, 0.0000000000000000000 ) ) ;
#307 = SURFACE_SIDE_STYLE ('',( #5702 ) ) ;
#308 = PRODUCT_CONTEXT ( 'NONE', #2152, 'mechanical' ) ;
#309 = APPLICATION_PROTOCOL_DEFINITION ( 'draft international standard', 'automotive_design', 1998, #6515 ) ;
#310 = APPLICATION_CONTEXT ( 'automotive_design' ) ;
#311 = DIRECTION ( 'NONE',  ( 0.0000000000000000000, 0.0000000000000000000, 1.000000000000000000 ) ) ;
#312 =( NAMED_UNIT ( * ) PLANE_ANGLE_UNIT ( ) SI_UNIT ( $, .RADIAN. ) );
#313 = SURFACE_SIDE_STYLE ('',( #6967 ) ) ;
#314 = AXIS2_PLACEMENT_3D ( 'NONE', #5298, #1782, #23 ) ;
#315 = COLOUR_RGB ( '',0.7529411764705882248, 0.7529411764705882248, 0.7529411764705882248 ) ;
#316 = CARTESIAN_POINT ( 'NONE',  ( 0.0000000000000000000, 0.0000000000000000000, 0.0000000000000000000 ) ) ;
#317 = AXIS2_PLACEMENT_3D ( 'NONE', #104, #823, #5524 ) ;
#318 =( NAMED_UNIT ( * ) PLANE_ANGLE_UNIT ( ) SI_UNIT ( $, .RADIAN. ) );
#319 = EDGE_LOOP ( 'NONE', ( #3459, #1543, #4639, #544 ) ) ;
#320 = PRODUCT_DEFINITION_SHAPE ( 'NONE', 'NONE',  #7638 ) ;
#321 = PRODUCT_DEFINITION_CONTEXT ( 'detailed design', #3120, 'design' ) ;
#322 = DIRECTION ( 'NONE',  ( 1.000000000000000000, 0.0000000000000000000, 0.0000000000000000000 ) ) ;
#323 = PRODUCT ( 'PINTSOP2-55', 'PINTSOP2-55', '', ( #4666 ) ) ;
#324 = APPLICATION_CONTEXT ( 'automotive_design' ) ;
#325 = CARTESIAN_POINT ( 'NONE',  ( 0.0000000000000000000, 0.0000000000000000000, 0.0000000000000000000 ) ) ;
#326 = APPLICATION_PROTOCOL_DEFINITION ( 'draft international standard', 'automotive_design', 1998, #2585 ) ;
#327 = SURFACE_SIDE_STYLE ('',( #975 ) ) ;
#328 =( NAMED_UNIT ( * ) PLANE_ANGLE_UNIT ( ) SI_UNIT ( $, .RADIAN. ) );
#329 = PRODUCT_DEFINITION_SHAPE ( 'NONE', 'NONE',  #7505 ) ;
#330 = PRODUCT_RELATED_PRODUCT_CATEGORY ( 'part', '', ( #3849 ) ) ;
#331 = VERTEX_POINT ( 'NONE', #4735 ) ;
#332 = APPLICATION_PROTOCOL_DEFINITION ( 'draft international standard', 'automotive_design', 1998, #3235 ) ;
#333 = PRODUCT_DEFINITION_SHAPE ( 'NONE', 'NONE',  #2565 ) ;
#334 = DIRECTION ( 'NONE',  ( -0.0000000000000000000, 0.0000000000000000000, 1.000000000000000000 ) ) ;
#335 = APPLICATION_CONTEXT ( 'automotive_design' ) ;
#336 = PRODUCT_DEFINITION ( 'UNKNOWN', '', #4667, #5611 ) ;
#337 = PRODUCT_DEFINITION ( 'UNKNOWN', '', #2381, #4087 ) ;
#338 = APPLICATION_PROTOCOL_DEFINITION ( 'draft international standard', 'automotive_design', 1998, #2447 ) ;
#339 = SHAPE_DEFINITION_REPRESENTATION ( #4480, #7170 ) ;
#340 = CARTESIAN_POINT ( 'NONE',  ( 0.0000000000000000000, 0.0000000000000000000, 0.0000000000000000000 ) ) ;
#341 = PRODUCT_DEFINITION_SHAPE ( 'NONE', 'NONE',  #7542 ) ;
#342 = CONTEXT_DEPENDENT_SHAPE_REPRESENTATION ( #5471, #1788 ) ;
#343 = PRODUCT ( 'PINTSOP2-55', 'PINTSOP2-55', '', ( #5547 ) ) ;
#344 = APPLICATION_CONTEXT ( 'automotive_design' ) ;
#345 = EDGE_CURVE ( 'NONE', #4041, #5385, #2251, .T. ) ;
#346 = VERTEX_POINT ( 'NONE', #4662 ) ;
#347 = UNCERTAINTY_MEASURE_WITH_UNIT (LENGTH_MEASURE( 1.000000000000000082E-05 ), #2978, 'distance_accuracy_value', 'NONE');
#348 =( LENGTH_UNIT ( ) NAMED_UNIT ( * ) SI_UNIT ( .MILLI., .METRE. ) );
#349 = AXIS2_PLACEMENT_3D ( 'NONE', #1268, #1955, #3314 ) ;
#350 = CARTESIAN_POINT ( 'NONE',  ( -11.10999810000000032, -5.080000000000000071, 0.0000000000000000000 ) ) ;
#351 = APPLICATION_PROTOCOL_DEFINITION ( 'draft international standard', 'automotive_design', 1998, #5793 ) ;
#352 = PRODUCT_DEFINITION_SHAPE ( 'NONE', 'NONE',  #7617 ) ;
#353 = DIRECTION ( 'NONE',  ( -1.000000000000000000, -0.0000000000000000000, -0.0000000000000000000 ) ) ;
#354 =( NAMED_UNIT ( * ) SI_UNIT ( $, .STERADIAN. ) SOLID_ANGLE_UNIT ( ) );
#355 = DIRECTION ( 'NONE',  ( 0.0000000000000000000, 0.0000000000000000000, 1.000000000000000000 ) ) ;
#356 = FILL_AREA_STYLE_COLOUR ( '', #4314 ) ;
#357 = DIRECTION ( 'NONE',  ( 1.000000000000000000, 0.0000000000000000000, 0.0000000000000000000 ) ) ;
#358 =( GEOMETRIC_REPRESENTATION_CONTEXT ( 3 ) GLOBAL_UNCERTAINTY_ASSIGNED_CONTEXT ( ( #6650 ) ) GLOBAL_UNIT_ASSIGNED_CONTEXT ( ( #1481, #5719, #6300 ) ) REPRESENTATION_CONTEXT ( 'NONE', 'WORKASPACE' ) );
#359 = SHAPE_REPRESENTATION ( 'Free-Models5', ( #2262, #763 ), #3903 ) ;
#360 = ORIENTED_EDGE ( 'NONE', *, *, #1059, .T. ) ;
#361 = DIRECTION ( 'NONE',  ( 1.000000000000000000, 0.0000000000000000000, 0.0000000000000000000 ) ) ;
#362 = SHAPE_DEFINITION_REPRESENTATION ( #6427, #5521 ) ;
#363 = AXIS2_PLACEMENT_3D ( 'NONE', #2953, #5926, #1039 ) ;
#364 =( REPRESENTATION_RELATIONSHIP ('NONE','NONE', #4137, #6347 ) REPRESENTATION_RELATIONSHIP_WITH_TRANSFORMATION ( #4302 )SHAPE_REPRESENTATION_RELATIONSHIP( ) );
#365 =( GEOMETRIC_REPRESENTATION_CONTEXT ( 3 ) GLOBAL_UNCERTAINTY_ASSIGNED_CONTEXT ( ( #217 ) ) GLOBAL_UNIT_ASSIGNED_CONTEXT ( ( #6410, #4529, #6647 ) ) REPRESENTATION_CONTEXT ( 'NONE', 'WORKASPACE' ) );
#366 = DIRECTION ( 'NONE',  ( 1.000000000000000000, 0.0000000000000000000, 0.0000000000000000000 ) ) ;
#367 = UNCERTAINTY_MEASURE_WITH_UNIT (LENGTH_MEASURE( 1.000000000000000082E-05 ), #6154, 'distance_accuracy_value', 'NONE');
#368 = DIRECTION ( 'NONE',  ( 0.0000000000000000000, 0.0000000000000000000, 1.000000000000000000 ) ) ;
#369 = FACE_OUTER_BOUND ( 'NONE', #923, .T. ) ;
#370 = PRODUCT_DEFINITION_FORMATION_WITH_SPECIFIED_SOURCE ( 'ANY', '', #3900, .NOT_KNOWN. ) ;
#371 =( LENGTH_UNIT ( ) NAMED_UNIT ( * ) SI_UNIT ( .MILLI., .METRE. ) );
#372 =( GEOMETRIC_REPRESENTATION_CONTEXT ( 3 ) GLOBAL_UNCERTAINTY_ASSIGNED_CONTEXT ( ( #453 ) ) GLOBAL_UNIT_ASSIGNED_CONTEXT ( ( #827, #4461, #3798 ) ) REPRESENTATION_CONTEXT ( 'NONE', 'WORKASPACE' ) );
#373 = AXIS2_PLACEMENT_3D ( 'NONE', #2995, #4754, #7474 ) ;
#374 = APPLICATION_PROTOCOL_DEFINITION ( 'draft international standard', 'automotive_design', 1998, #6480 ) ;
#375 = PRODUCT_DEFINITION_SHAPE ( 'NONE', 'NONE',  #1936 ) ;
#376 = CARTESIAN_POINT ( 'NONE',  ( -1.084202172485504434E-16, 1.084202172485504434E-16, -0.4038599999999989421 ) ) ;
#377 =( GEOMETRIC_REPRESENTATION_CONTEXT ( 3 ) GLOBAL_UNCERTAINTY_ASSIGNED_CONTEXT ( ( #578 ) ) GLOBAL_UNIT_ASSIGNED_CONTEXT ( ( #6704, #1410, #176 ) ) REPRESENTATION_CONTEXT ( 'NONE', 'WORKASPACE' ) );
#378 =( NAMED_UNIT ( * ) PLANE_ANGLE_UNIT ( ) SI_UNIT ( $, .RADIAN. ) );
#379 = PRODUCT_DEFINITION_FORMATION_WITH_SPECIFIED_SOURCE ( 'ANY', '', #1262, .NOT_KNOWN. ) ;
#380 = PRODUCT_RELATED_PRODUCT_CATEGORY ( 'part', '', ( #6024 ) ) ;
#381 =( NAMED_UNIT ( * ) PLANE_ANGLE_UNIT ( ) SI_UNIT ( $, .RADIAN. ) );
#382 = APPLICATION_CONTEXT ( 'automotive_design' ) ;
#383 = PRODUCT_DEFINITION_CONTEXT ( 'detailed design', #1619, 'design' ) ;
#384 = DIRECTION ( 'NONE',  ( 0.0000000000000000000, 0.0000000000000000000, 1.000000000000000000 ) ) ;
#385 =( REPRESENTATION_RELATIONSHIP ('NONE','NONE', #3218, #6270 ) REPRESENTATION_RELATIONSHIP_WITH_TRANSFORMATION ( #5573 )SHAPE_REPRESENTATION_RELATIONSHIP( ) );
#386 = CARTESIAN_POINT ( 'NONE',  ( 0.0000000000000000000, 0.0000000000000000000, 0.0000000000000000000 ) ) ;
#387 = PRODUCT_DEFINITION_CONTEXT ( 'detailed design', #4996, 'design' ) ;
#388 = PRODUCT ( 'Free-Models5', 'Free-Models5', '', ( #4935 ) ) ;
#389 = ORIENTED_EDGE ( 'NONE', *, *, #6548, .T. ) ;
#390 = APPLICATION_PROTOCOL_DEFINITION ( 'draft international standard', 'automotive_design', 1998, #3055 ) ;
#391 = PRODUCT_DEFINITION_SHAPE ( 'NONE', 'NONE',  #7490 ) ;
#392 = PRODUCT_DEFINITION_CONTEXT ( 'detailed design', #2925, 'design' ) ;
#393 = SHAPE_REPRESENTATION ( 'PINTSOP2-55', ( #3571, #1185, #1427 ), #6599 ) ;
#394 = ITEM_DEFINED_TRANSFORMATION ( 'NONE', 'NONE', #1520,  #3308 ) ;
#395 = EDGE_CURVE ( 'NONE', #4877, #285, #562, .T. ) ;
#396 = DIRECTION ( 'NONE',  ( 1.000000000000000000, 0.0000000000000000000, 0.0000000000000000000 ) ) ;
#397 = CONTEXT_DEPENDENT_SHAPE_REPRESENTATION ( #5119, #2188 ) ;
#398 = DIRECTION ( 'NONE',  ( 1.000000000000000000, 0.0000000000000000000, 0.0000000000000000000 ) ) ;
#399 = PRODUCT_DEFINITION_CONTEXT ( 'detailed design', #6035, 'design' ) ;
#400 = AXIS2_PLACEMENT_3D ( 'NONE', #6626, #6029, #4845 ) ;
#401 = DIRECTION ( 'NONE',  ( 0.0000000000000000000, 0.0000000000000000000, -1.000000000000000000 ) ) ;
#402 = DIRECTION ( 'NONE',  ( 1.110223024625000001E-16, 1.000000000000000000, 0.0000000000000000000 ) ) ;
#403 = PRODUCT ( 'Free-Models5', 'Free-Models5', '', ( #7110 ) ) ;
#404 = DIRECTION ( 'NONE',  ( 0.0000000000000000000, 0.0000000000000000000, 1.000000000000000000 ) ) ;
#405 = AXIS2_PLACEMENT_3D ( 'NONE', #3881, #3256, #6291 ) ;
#406 = PRODUCT_DEFINITION_SHAPE ( 'NONE', 'NONE',  #7649 ) ;
#407 = DIRECTION ( 'NONE',  ( 1.000000000000000000, 0.0000000000000000000, 0.0000000000000000000 ) ) ;
#408 = DIRECTION ( 'NONE',  ( 1.000000000000000000, 0.0000000000000000000, 0.0000000000000000000 ) ) ;
#409 = APPLICATION_CONTEXT ( 'automotive_design' ) ;
#410 = ORIENTED_EDGE ( 'NONE', *, *, #3858, .T. ) ;
#411 = PRODUCT_CONTEXT ( 'NONE', #6133, 'mechanical' ) ;
#412 = PRODUCT ( 'PINTSOP2-55', 'PINTSOP2-55', '', ( #5485 ) ) ;
#413 = CLOSED_SHELL ( 'NONE', ( #4385, #3332, #6648, #3324, #7039, #6993, #625, #4922, #2955, #1786 ) ) ;
#414 = SHAPE_REPRESENTATION ( '352644049', ( #1382, #6184 ), #3162 ) ;
#415 = CARTESIAN_POINT ( 'NONE',  ( 0.0000000000000000000, 0.1499997000000000136, 0.0000000000000000000 ) ) ;
#416 = PRODUCT_CONTEXT ( 'NONE', #7020, 'mechanical' ) ;
#417 = AXIS2_PLACEMENT_3D ( 'NONE', #5499, #3631, #6048 ) ;
#418 = SHAPE_DEFINITION_REPRESENTATION ( #6238, #4415 ) ;
#419 = APPLICATION_CONTEXT ( 'automotive_design' ) ;
#420 =( NAMED_UNIT ( * ) SI_UNIT ( $, .STERADIAN. ) SOLID_ANGLE_UNIT ( ) );
#421 = AXIS2_PLACEMENT_3D ( 'NONE', #6975, #4611, #2881 ) ;
#422 = VECTOR ( 'NONE', #817, 1000.000000000000000 ) ;
#423 = ITEM_DEFINED_TRANSFORMATION ( 'NONE', 'NONE', #5005,  #6511 ) ;
#424 = DIRECTION ( 'NONE',  ( 0.0000000000000000000, 0.0000000000000000000, 1.000000000000000000 ) ) ;
#425 = ORIENTED_EDGE ( 'NONE', *, *, #546, .F. ) ;
#426 = SHAPE_DEFINITION_REPRESENTATION ( #4160, #3918 ) ;
#427 = PRODUCT_RELATED_PRODUCT_CATEGORY ( 'part', '', ( #2650 ) ) ;
#428 = AXIS2_PLACEMENT_3D ( 'NONE', #5175, #5765, #4503 ) ;
#429 = UNCERTAINTY_MEASURE_WITH_UNIT (LENGTH_MEASURE( 1.000000000000000082E-05 ), #1152, 'distance_accuracy_value', 'NONE');
#430 = PRODUCT ( '352644049', '352644049', '', ( #7055 ) ) ;
#431 = ADVANCED_BREP_SHAPE_REPRESENTATION ( '', ( #4011, #1948 ), #776 ) ;
#432 = PRODUCT_DEFINITION_SHAPE ( 'NONE', 'NONE',  #7730 ) ;
#433 = CONTEXT_DEPENDENT_SHAPE_REPRESENTATION ( #5107, #4493 ) ;
#434 =( REPRESENTATION_RELATIONSHIP ('NONE','NONE', #1499, #1764 ) REPRESENTATION_RELATIONSHIP_WITH_TRANSFORMATION ( #4481 )SHAPE_REPRESENTATION_RELATIONSHIP( ) );
#435 =( LENGTH_UNIT ( ) NAMED_UNIT ( * ) SI_UNIT ( .MILLI., .METRE. ) );
#436 =( GEOMETRIC_REPRESENTATION_CONTEXT ( 3 ) GLOBAL_UNCERTAINTY_ASSIGNED_CONTEXT ( ( #7140 ) ) GLOBAL_UNIT_ASSIGNED_CONTEXT ( ( #4699, #56, #2718 ) ) REPRESENTATION_CONTEXT ( 'NONE', 'WORKASPACE' ) );
#437 = CONTEXT_DEPENDENT_SHAPE_REPRESENTATION ( #6935, #1311 ) ;
#438 = FACE_OUTER_BOUND ( 'NONE', #5855, .T. ) ;
#439 = CARTESIAN_POINT ( 'NONE',  ( 3.673299740000000035, 9.485000080000000722, -0.4872999999999999554 ) ) ;
#440 = PRODUCT_CONTEXT ( 'NONE', #245, 'mechanical' ) ;
#441 = PRODUCT_DEFINITION ( 'UNKNOWN', '', #6404, #1720 ) ;
#442 = DIRECTION ( 'NONE',  ( 0.0000000000000000000, 0.0000000000000000000, 1.000000000000000000 ) ) ;
#443 = PRODUCT_DEFINITION_SHAPE ( 'NONE', 'NONE',  #7643 ) ;
#444 = APPLICATION_CONTEXT ( 'automotive_design' ) ;
#445 =( REPRESENTATION_RELATIONSHIP ('NONE','NONE', #5819, #5226 ) REPRESENTATION_RELATIONSHIP_WITH_TRANSFORMATION ( #6825 )SHAPE_REPRESENTATION_RELATIONSHIP( ) );
#446 = PRODUCT_DEFINITION_CONTEXT ( 'detailed design', #6910, 'design' ) ;
#447 = DIRECTION ( 'NONE',  ( 0.0000000000000000000, -0.0000000000000000000, 1.000000000000000000 ) ) ;
#448 = EDGE_CURVE ( 'NONE', #5931, #95, #1064, .T. ) ;
#449 = CARTESIAN_POINT ( 'NONE',  ( 0.6200012999999999774, -0.3150006399999999984, 0.0000000000000000000 ) ) ;
#450 =( LENGTH_UNIT ( ) NAMED_UNIT ( * ) SI_UNIT ( .MILLI., .METRE. ) );
#451 =( NAMED_UNIT ( * ) SI_UNIT ( $, .STERADIAN. ) SOLID_ANGLE_UNIT ( ) );
#452 = AXIS2_PLACEMENT_3D ( 'NONE', #3523, #4272, #4168 ) ;
#453 = UNCERTAINTY_MEASURE_WITH_UNIT (LENGTH_MEASURE( 1.000000000000000082E-05 ), #827, 'distance_accuracy_value', 'NONE');
#454 = PRODUCT ( '352638289', '352638289', '', ( #1028 ) ) ;
#455 = APPLICATION_PROTOCOL_DEFINITION ( 'draft international standard', 'automotive_design', 1998, #1785 ) ;
#456 = APPLICATION_PROTOCOL_DEFINITION ( 'draft international standard', 'automotive_design', 1998, #5272 ) ;
#457 = SHAPE_REPRESENTATION ( 'Free-Models5', ( #6042, #2648 ), #3141 ) ;
#458 =( GEOMETRIC_REPRESENTATION_CONTEXT ( 3 ) GLOBAL_UNCERTAINTY_ASSIGNED_CONTEXT ( ( #2546 ) ) GLOBAL_UNIT_ASSIGNED_CONTEXT ( ( #6357, #4711, #2742 ) ) REPRESENTATION_CONTEXT ( 'NONE', 'WORKASPACE' ) );
#459 = PRODUCT ( 'PINTSOP2-55', 'PINTSOP2-55', '', ( #2198 ) ) ;
#460 = CONTEXT_DEPENDENT_SHAPE_REPRESENTATION ( #3455, #4869 ) ;
#461 = CARTESIAN_POINT ( 'NONE',  ( 0.0000000000000000000, 0.0000000000000000000, 0.0000000000000000000 ) ) ;
#462 = DIRECTION ( 'NONE',  ( -0.0000000000000000000, 1.000000000000000000, 0.0000000000000000000 ) ) ;
#463 = DIRECTION ( 'NONE',  ( 1.000000000000000000, 0.0000000000000000000, 0.0000000000000000000 ) ) ;
#464 = DIRECTION ( 'NONE',  ( 0.0000000000000000000, 0.0000000000000000000, 1.000000000000000000 ) ) ;
#465 = ORIENTED_EDGE ( 'NONE', *, *, #3809, .T. ) ;
#466 = APPLICATION_CONTEXT ( 'automotive_design' ) ;
#467 = PRODUCT_CONTEXT ( 'NONE', #3055, 'mechanical' ) ;
#468 = ITEM_DEFINED_TRANSFORMATION ( 'NONE', 'NONE', #5572,  #1492 ) ;
#469 = PRODUCT_DEFINITION_SHAPE ( 'NONE', 'NONE',  #7580 ) ;
#470 = DIRECTION ( 'NONE',  ( 1.000000000000000000, -1.110223024625000001E-16, 1.110223024625000001E-16 ) ) ;
#471 = SHAPE_DEFINITION_REPRESENTATION ( #489, #7442 ) ;
#472 = PRODUCT_DEFINITION_SHAPE ( 'NONE', 'NONE',  #3225 ) ;
#473 =( LENGTH_UNIT ( ) NAMED_UNIT ( * ) SI_UNIT ( .MILLI., .METRE. ) );
#474 = DIRECTION ( 'NONE',  ( 1.000000000000000000, 0.0000000000000000000, 0.0000000000000000000 ) ) ;
#475 = PRODUCT_RELATED_PRODUCT_CATEGORY ( 'part', '', ( #5610 ) ) ;
#476 = CONTEXT_DEPENDENT_SHAPE_REPRESENTATION ( #6661, #5325 ) ;
#477 = AXIS2_PLACEMENT_3D ( 'NONE', #3039, #1851, #4096 ) ;
#478 = PRODUCT_DEFINITION ( 'UNKNOWN', '', #1129, #7467 ) ;
#479 =( NAMED_UNIT ( * ) SI_UNIT ( $, .STERADIAN. ) SOLID_ANGLE_UNIT ( ) );
#480 = LINE ( 'NONE', #2291, #2562 ) ;
#481 = CARTESIAN_POINT ( 'NONE',  ( 0.0000000000000000000, 0.0000000000000000000, 0.0000000000000000000 ) ) ;
#482 = CONTEXT_DEPENDENT_SHAPE_REPRESENTATION ( #5399, #2337 ) ;
#483 = APPLICATION_CONTEXT ( 'automotive_design' ) ;
#484 =( REPRESENTATION_RELATIONSHIP ('NONE','NONE', #6627, #4415 ) REPRESENTATION_RELATIONSHIP_WITH_TRANSFORMATION ( #4502 )SHAPE_REPRESENTATION_RELATIONSHIP( ) );
#485 = PRODUCT_DEFINITION_SHAPE ( 'NONE', 'NONE',  #7626 ) ;
#486 = EDGE_CURVE ( 'NONE', #3524, #7465, #502, .T. ) ;
#487 = PRODUCT_DEFINITION_CONTEXT ( 'detailed design', #2937, 'design' ) ;
#488 = DIRECTION ( 'NONE',  ( 0.0000000000000000000, 0.0000000000000000000, 1.000000000000000000 ) ) ;
#489 = PRODUCT_DEFINITION_SHAPE ( 'NONE', 'NONE',  #2032 ) ;
#490 = PRODUCT_DEFINITION_SHAPE ( 'NONE', 'NONE',  #7683 ) ;
#491 = APPLICATION_PROTOCOL_DEFINITION ( 'draft international standard', 'automotive_design', 1998, #852 ) ;
#492 = DIRECTION ( 'NONE',  ( 1.000000000000000000, 0.0000000000000000000, 0.0000000000000000000 ) ) ;
#493 =( GEOMETRIC_REPRESENTATION_CONTEXT ( 3 ) GLOBAL_UNCERTAINTY_ASSIGNED_CONTEXT ( ( #54 ) ) GLOBAL_UNIT_ASSIGNED_CONTEXT ( ( #2210, #6413, #1724 ) ) REPRESENTATION_CONTEXT ( 'NONE', 'WORKASPACE' ) );
#494 = AXIS2_PLACEMENT_3D ( 'NONE', #1378, #3531, #6525 ) ;
#495 = APPLICATION_CONTEXT ( 'automotive_design' ) ;
#496 = CARTESIAN_POINT ( 'NONE',  ( 11.06999818000000069, 5.040000080000000438, -0.9873005400000000042 ) ) ;
#497 = ITEM_DEFINED_TRANSFORMATION ( 'NONE', 'NONE', #5762,  #1948 ) ;
#498 = CARTESIAN_POINT ( 'NONE',  ( 0.0000000000000000000, 0.0000000000000000000, 0.0000000000000000000 ) ) ;
#499 = PLANE ( 'NONE',  #4818 ) ;
#500 =( NAMED_UNIT ( * ) SI_UNIT ( $, .STERADIAN. ) SOLID_ANGLE_UNIT ( ) );
#501 = ORIENTED_EDGE ( 'NONE', *, *, #910, .F. ) ;
#502 = LINE ( 'NONE', #5873, #4306 ) ;
#503 = PRODUCT_CONTEXT ( 'NONE', #1588, 'mechanical' ) ;
#504 = PRODUCT_DEFINITION_FORMATION_WITH_SPECIFIED_SOURCE ( 'ANY', '', #7190, .NOT_KNOWN. ) ;
#505 = CONTEXT_DEPENDENT_SHAPE_REPRESENTATION ( #3187, #233 ) ;
#506 = SHAPE_REPRESENTATION ( 'Free-Models5', ( #5141, #3250 ), #1741 ) ;
#507 = AXIS2_PLACEMENT_3D ( 'NONE', #6787, #3239, #4979 ) ;
#508 = APPLICATION_CONTEXT ( 'automotive_design' ) ;
#509 = DIRECTION ( 'NONE',  ( 1.000000000000000000, 0.0000000000000000000, 0.0000000000000000000 ) ) ;
#510 = PRODUCT ( 'PINTSOP2-55', 'PINTSOP2-55', '', ( #5080 ) ) ;
#511 = CONTEXT_DEPENDENT_SHAPE_REPRESENTATION ( #2540, #6078 ) ;
#512 = PRODUCT_DEFINITION_SHAPE ( 'NONE', 'NONE',  #7554 ) ;
#513 = PRODUCT_DEFINITION_FORMATION_WITH_SPECIFIED_SOURCE ( 'ANY', '', #6295, .NOT_KNOWN. ) ;
#514 = CARTESIAN_POINT ( 'NONE',  ( 1.272999740000000157, 9.485000080000000722, -0.4872999999999999554 ) ) ;
#515 =( REPRESENTATION_RELATIONSHIP ('NONE','NONE', #4090, #6270 ) REPRESENTATION_RELATIONSHIP_WITH_TRANSFORMATION ( #1462 )SHAPE_REPRESENTATION_RELATIONSHIP( ) );
#516 = PRODUCT_DEFINITION_FORMATION_WITH_SPECIFIED_SOURCE ( 'ANY', '', #149, .NOT_KNOWN. ) ;
#517 = DIRECTION ( 'NONE',  ( 0.0000000000000000000, 0.0000000000000000000, 1.000000000000000000 ) ) ;
#518 = PRODUCT_DEFINITION_SHAPE ( 'NONE', 'NONE',  #1826 ) ;
#519 = LINE ( 'NONE', #2368, #2187 ) ;
#520 = CARTESIAN_POINT ( 'NONE',  ( 0.0000000000000000000, 0.1510004600000000030, 0.0000000000000000000 ) ) ;
#521 = EDGE_CURVE ( 'NONE', #7145, #331, #5278, .T. ) ;
#522 =( REPRESENTATION_RELATIONSHIP ('NONE','NONE', #4137, #7288 ) REPRESENTATION_RELATIONSHIP_WITH_TRANSFORMATION ( #824 )SHAPE_REPRESENTATION_RELATIONSHIP( ) );
#523 = EDGE_LOOP ( 'NONE', ( #7009, #3812, #1896, #4286 ) ) ;
#524 = PRODUCT ( 'User Library-TSOP2-54', 'User Library-TSOP2-54', '', ( #608 ) ) ;
#525 = PRODUCT_RELATED_PRODUCT_CATEGORY ( 'part', '', ( #4543 ) ) ;
#526 = PRODUCT_RELATED_PRODUCT_CATEGORY ( 'part', '', ( #6041 ) ) ;
#527 =( NAMED_UNIT ( * ) PLANE_ANGLE_UNIT ( ) SI_UNIT ( $, .RADIAN. ) );
#528 = PRODUCT_DEFINITION_SHAPE ( 'NONE', 'NONE',  #5487 ) ;
#529 = AXIS2_PLACEMENT_3D ( 'NONE', #3609, #3033, #5437 ) ;
#530 = UNCERTAINTY_MEASURE_WITH_UNIT (LENGTH_MEASURE( 1.000000000000000082E-05 ), #7354, 'distance_accuracy_value', 'NONE');
#531 =( NAMED_UNIT ( * ) SI_UNIT ( $, .STERADIAN. ) SOLID_ANGLE_UNIT ( ) );
#532 = SURFACE_STYLE_USAGE ( .BOTH. , #5917 ) ;
#533 = CARTESIAN_POINT ( 'NONE',  ( 0.0000000000000000000, 0.0000000000000000000, 0.0000000000000000000 ) ) ;
#534 =( REPRESENTATION_RELATIONSHIP ('NONE','NONE', #506, #229 ) REPRESENTATION_RELATIONSHIP_WITH_TRANSFORMATION ( #49 )SHAPE_REPRESENTATION_RELATIONSHIP( ) );
#535 = SHAPE_DEFINITION_REPRESENTATION ( #5669, #2011 ) ;
#536 = PRODUCT_DEFINITION ( 'UNKNOWN', '', #3264, #5953 ) ;
#537 = UNCERTAINTY_MEASURE_WITH_UNIT (LENGTH_MEASURE( 1.000000000000000082E-05 ), #473, 'distance_accuracy_value', 'NONE');
#538 = PRODUCT_DEFINITION_SHAPE ( 'NONE', 'NONE',  #7578 ) ;
#539 = DIRECTION ( 'NONE',  ( 1.000000000000000000, 0.0000000000000000000, 0.0000000000000000000 ) ) ;
#540 = FACE_OUTER_BOUND ( 'NONE', #6607, .T. ) ;
#541 = PRODUCT ( '352644049', '352644049', '', ( #4373 ) ) ;
#542 = DIRECTION ( 'NONE',  ( 0.0000000000000000000, 0.0000000000000000000, 1.000000000000000000 ) ) ;
#543 = VECTOR ( 'NONE', #7233, 1000.000000000000000 ) ;
#544 = ORIENTED_EDGE ( 'NONE', *, *, #6548, .F. ) ;
#545 = SHAPE_DEFINITION_REPRESENTATION ( #3263, #5345 ) ;
#546 = EDGE_CURVE ( 'NONE', #5251, #769, #480, .T. ) ;
#547 = CARTESIAN_POINT ( 'NONE',  ( 0.001000760000000000278, 0.001000760000000000278, 0.0000000000000000000 ) ) ;
#548 = PRESENTATION_LAYER_ASSIGNMENT (  '', '', ( #1034 ) ) ;
#549 =( GEOMETRIC_REPRESENTATION_CONTEXT ( 3 ) GLOBAL_UNCERTAINTY_ASSIGNED_CONTEXT ( ( #848 ) ) GLOBAL_UNIT_ASSIGNED_CONTEXT ( ( #2237, #889, #3304 ) ) REPRESENTATION_CONTEXT ( 'NONE', 'WORKASPACE' ) );
#550 = CARTESIAN_POINT ( 'NONE',  ( -0.3272002599999999650, 9.485000080000000722, -0.4872999999999999554 ) ) ;
#551 = VECTOR ( 'NONE', #2655, 1000.000000000000114 ) ;
#552 = APPLICATION_CONTEXT ( 'automotive_design' ) ;
#553 = PRODUCT_DEFINITION_CONTEXT ( 'detailed design', #2585, 'design' ) ;
#554 = PRODUCT_DEFINITION_CONTEXT ( 'detailed design', #3678, 'design' ) ;
#555 = AXIS2_PLACEMENT_3D ( 'NONE', #2552, #3124, #4944 ) ;
#556 = PRODUCT ( 'Free-Models5', 'Free-Models5', '', ( #6491 ) ) ;
#557 = AXIS2_PLACEMENT_3D ( 'NONE', #858, #3748, #6907 ) ;
#558 = PRODUCT_DEFINITION_SHAPE ( 'NONE', 'NONE',  #7698 ) ;
#559 = CONTEXT_DEPENDENT_SHAPE_REPRESENTATION ( #6255, #1860 ) ;
#560 = PRODUCT_DEFINITION_CONTEXT ( 'detailed design', #1711, 'design' ) ;
#561 = CONTEXT_DEPENDENT_SHAPE_REPRESENTATION ( #2618, #4767 ) ;
#562 = LINE ( 'NONE', #4061, #6959 ) ;
#563 = APPLICATION_CONTEXT ( 'automotive_design' ) ;
#564 = PRODUCT_RELATED_PRODUCT_CATEGORY ( 'part', '', ( #4280 ) ) ;
#565 = CARTESIAN_POINT ( 'NONE',  ( 0.001000760000000000278, 0.001000760000000000278, 0.0000000000000000000 ) ) ;
#566 = DIRECTION ( 'NONE',  ( 1.000000000000000000, 0.0000000000000000000, 0.0000000000000000000 ) ) ;
#567 = SHAPE_DEFINITION_REPRESENTATION ( #4108, #3600 ) ;
#568 = DIRECTION ( 'NONE',  ( 1.000000000000000000, 0.0000000000000000000, 0.0000000000000000000 ) ) ;
#569 = PRODUCT_DEFINITION_SHAPE ( 'NONE', 'NONE',  #3801 ) ;
#570 = ITEM_DEFINED_TRANSFORMATION ( 'NONE', 'NONE', #5637,  #6638 ) ;
#571 = PRODUCT_RELATED_PRODUCT_CATEGORY ( 'part', '', ( #5240 ) ) ;
#572 = PRODUCT_DEFINITION ( 'UNKNOWN', '', #6283, #1567 ) ;
#573 = DIRECTION ( 'NONE',  ( 0.0000000000000000000, 1.000000000000000000, 0.0000000000000000000 ) ) ;
#574 = CARTESIAN_POINT ( 'NONE',  ( 0.0000000000000000000, 1.084202172485504434E-16, -0.4038599999999998302 ) ) ;
#575 = DIRECTION ( 'NONE',  ( 0.0000000000000000000, -0.0000000000000000000, -1.000000000000000000 ) ) ;
#576 = VERTEX_POINT ( 'NONE', #1953 ) ;
#577 = APPLICATION_PROTOCOL_DEFINITION ( 'draft international standard', 'automotive_design', 1998, #7080 ) ;
#578 = UNCERTAINTY_MEASURE_WITH_UNIT (LENGTH_MEASURE( 1.000000000000000082E-05 ), #6704, 'distance_accuracy_value', 'NONE');
#579 = PRODUCT_DEFINITION_SHAPE ( 'NONE', 'NONE',  #7492 ) ;
#580 = AXIS2_PLACEMENT_3D ( 'NONE', #5348, #5963, #568 ) ;
#581 =( NAMED_UNIT ( * ) SI_UNIT ( $, .STERADIAN. ) SOLID_ANGLE_UNIT ( ) );
#582 = ADVANCED_FACE ( 'NONE', ( #3089 ), #6779, .T. ) ;
#583 = APPLICATION_CONTEXT ( 'automotive_design' ) ;
#584 = CARTESIAN_POINT ( 'NONE',  ( 11.13707957999999998, -0.3050006599999999790, -0.4872999999999999554 ) ) ;
#585 = PRODUCT ( 'PINTSOP2-55', 'PINTSOP2-55', '', ( #2979 ) ) ;
#586 =( REPRESENTATION_RELATIONSHIP ('NONE','NONE', #7095, #2011 ) REPRESENTATION_RELATIONSHIP_WITH_TRANSFORMATION ( #4370 )SHAPE_REPRESENTATION_RELATIONSHIP( ) );
#587 = DIRECTION ( 'NONE',  ( 0.0000000000000000000, 0.0000000000000000000, 1.000000000000000000 ) ) ;
#588 =( NAMED_UNIT ( * ) PLANE_ANGLE_UNIT ( ) SI_UNIT ( $, .RADIAN. ) );
#589 = CARTESIAN_POINT ( 'NONE',  ( 0.0000000000000000000, 0.0000000000000000000, 0.0000000000000000000 ) ) ;
#590 = DIRECTION ( 'NONE',  ( 1.000000000000000000, 0.0000000000000000000, 0.0000000000000000000 ) ) ;
#591 = DIRECTION ( 'NONE',  ( 0.0000000000000000000, 0.0000000000000000000, 1.000000000000000000 ) ) ;
#592 = SHAPE_DEFINITION_REPRESENTATION ( #6123, #903 ) ;
#593 = PRODUCT_DEFINITION_SHAPE ( 'NONE', 'NONE',  #7555 ) ;
#594 = APPLICATION_CONTEXT ( 'automotive_design' ) ;
#595 = ORIENTED_EDGE ( 'NONE', *, *, #5312, .T. ) ;
#596 = DIRECTION ( 'NONE',  ( 1.000000000000000000, 0.0000000000000000000, 0.0000000000000000000 ) ) ;
#597 =( GEOMETRIC_REPRESENTATION_CONTEXT ( 3 ) GLOBAL_UNCERTAINTY_ASSIGNED_CONTEXT ( ( #5467 ) ) GLOBAL_UNIT_ASSIGNED_CONTEXT ( ( #6532, #3856, #3824 ) ) REPRESENTATION_CONTEXT ( 'NONE', 'WORKASPACE' ) );
#598 = PRODUCT ( 'Free-Models5', 'Free-Models5', '', ( #1367 ) ) ;
#599 = ITEM_DEFINED_TRANSFORMATION ( 'NONE', 'NONE', #5803,  #4542 ) ;
#600 = AXIS2_PLACEMENT_3D ( 'NONE', #2232, #2201, #5928 ) ;
#601 = PRODUCT_CONTEXT ( 'NONE', #6772, 'mechanical' ) ;
#602 = CONTEXT_DEPENDENT_SHAPE_REPRESENTATION ( #6169, #1993 ) ;
#603 = DIRECTION ( 'NONE',  ( 1.000000000000000000, 0.0000000000000000000, 0.0000000000000000000 ) ) ;
#604 = PRODUCT_DEFINITION_SHAPE ( 'NONE', 'NONE',  #7634 ) ;
#605 = CARTESIAN_POINT ( 'NONE',  ( 0.0000000000000000000, 0.0000000000000000000, 0.4165599999999999858 ) ) ;
#606 =( NAMED_UNIT ( * ) PLANE_ANGLE_UNIT ( ) SI_UNIT ( $, .RADIAN. ) );
#607 = CARTESIAN_POINT ( 'NONE',  ( -11.10999810000000032, -5.080000000000000071, 1.199999999999999956 ) ) ;
#608 = PRODUCT_CONTEXT ( 'NONE', #3864, 'mechanical' ) ;
#609 = EDGE_LOOP ( 'NONE', ( #27, #2310, #22, #5731 ) ) ;
#610 = SHAPE_REPRESENTATION ( 'Free-Models5', ( #2646, #4264 ), #6786 ) ;
#611 = PRODUCT_CONTEXT ( 'NONE', #298, 'mechanical' ) ;
#612 = PRODUCT_DEFINITION_SHAPE ( 'NONE', 'NONE',  #7720 ) ;
#613 =( NAMED_UNIT ( * ) PLANE_ANGLE_UNIT ( ) SI_UNIT ( $, .RADIAN. ) );
#614 = PRODUCT_RELATED_PRODUCT_CATEGORY ( 'part', '', ( #7301 ) ) ;
#615 = DIRECTION ( 'NONE',  ( 1.000000000000000000, 0.0000000000000000000, 0.0000000000000000000 ) ) ;
#616 =( LENGTH_UNIT ( ) NAMED_UNIT ( * ) SI_UNIT ( .MILLI., .METRE. ) );
#617 = PRODUCT_DEFINITION_CONTEXT ( 'detailed design', #5085, 'design' ) ;
#618 =( NAMED_UNIT ( * ) PLANE_ANGLE_UNIT ( ) SI_UNIT ( $, .RADIAN. ) );
#619 =( REPRESENTATION_RELATIONSHIP ('NONE','NONE', #6505, #5226 ) REPRESENTATION_RELATIONSHIP_WITH_TRANSFORMATION ( #3164 )SHAPE_REPRESENTATION_RELATIONSHIP( ) );
#620 = AXIS2_PLACEMENT_3D ( 'NONE', #5432, #4242, #2483 ) ;
#621 = PRODUCT_DEFINITION_FORMATION_WITH_SPECIFIED_SOURCE ( 'ANY', '', #1657, .NOT_KNOWN. ) ;
#622 = CARTESIAN_POINT ( 'NONE',  ( 14.07459974000000003, 9.485000080000000722, -0.4872999999999999554 ) ) ;
#623 = ORIENTED_EDGE ( 'NONE', *, *, #5783, .F. ) ;
#624 =( GEOMETRIC_REPRESENTATION_CONTEXT ( 3 ) GLOBAL_UNCERTAINTY_ASSIGNED_CONTEXT ( ( #4217 ) ) GLOBAL_UNIT_ASSIGNED_CONTEXT ( ( #1446, #3923, #6258 ) ) REPRESENTATION_CONTEXT ( 'NONE', 'WORKASPACE' ) );
#625 = ADVANCED_FACE ( 'NONE', ( #7279 ), #5012, .F. ) ;
#626 = PRODUCT_DEFINITION_SHAPE ( 'NONE', 'NONE',  #3883 ) ;
#627 =( NAMED_UNIT ( * ) SI_UNIT ( $, .STERADIAN. ) SOLID_ANGLE_UNIT ( ) );
#628 = PRODUCT_DEFINITION_FORMATION_WITH_SPECIFIED_SOURCE ( 'ANY', '', #1653, .NOT_KNOWN. ) ;
#629 = ITEM_DEFINED_TRANSFORMATION ( 'NONE', 'NONE', #4517,  #1479 ) ;
#630 = DIRECTION ( 'NONE',  ( 1.000000000000000000, 0.0000000000000000000, 0.0000000000000000000 ) ) ;
#631 = APPLICATION_CONTEXT ( 'automotive_design' ) ;
#632 = PRODUCT_DEFINITION_CONTEXT ( 'detailed design', #7106, 'design' ) ;
#633 = CARTESIAN_POINT ( 'NONE',  ( 0.0000000000000000000, 0.0000000000000000000, 0.0000000000000000000 ) ) ;
#634 =( REPRESENTATION_RELATIONSHIP ('NONE','NONE', #261, #2975 ) REPRESENTATION_RELATIONSHIP_WITH_TRANSFORMATION ( #4205 )SHAPE_REPRESENTATION_RELATIONSHIP( ) );
#635 = LINE ( 'NONE', #3045, #4707 ) ;
#636 = DIRECTION ( 'NONE',  ( 1.000000000000000000, -1.110223024625000001E-16, 1.110223024625000001E-16 ) ) ;
#637 = SHAPE_DEFINITION_REPRESENTATION ( #2819, #1944 ) ;
#638 = PRODUCT_DEFINITION_FORMATION_WITH_SPECIFIED_SOURCE ( 'ANY', '', #5316, .NOT_KNOWN. ) ;
#639 = CARTESIAN_POINT ( 'NONE',  ( 0.6200012999999999774, 0.3149987350000000297, 0.0000000000000000000 ) ) ;
#640 =( NAMED_UNIT ( * ) SI_UNIT ( $, .STERADIAN. ) SOLID_ANGLE_UNIT ( ) );
#641 =( LENGTH_UNIT ( ) NAMED_UNIT ( * ) SI_UNIT ( .MILLI., .METRE. ) );
#642 = SHAPE_REPRESENTATION ( 'PINTSOP2-55', ( #2202, #922, #6472 ), #1824 ) ;
#643 = CONTEXT_DEPENDENT_SHAPE_REPRESENTATION ( #7421, #4464 ) ;
#644 = PRODUCT_DEFINITION ( 'UNKNOWN', '', #862, #7012 ) ;
#645 = DIRECTION ( 'NONE',  ( 0.0000000000000000000, 0.0000000000000000000, 1.000000000000000000 ) ) ;
#646 = DIRECTION ( 'NONE',  ( 1.000000000000000000, 0.0000000000000000000, 0.0000000000000000000 ) ) ;
#647 = AXIS2_PLACEMENT_3D ( 'NONE', #4578, #4051, #4698 ) ;
#648 = PRODUCT_DEFINITION_SHAPE ( 'NONE', 'NONE',  #7518 ) ;
#649 = DIRECTION ( 'NONE',  ( 1.000000000000000000, 0.0000000000000000000, 0.0000000000000000000 ) ) ;
#650 = PRODUCT_CONTEXT ( 'NONE', #2067, 'mechanical' ) ;
#651 = DIRECTION ( 'NONE',  ( 1.000000000000000000, 0.0000000000000000000, 0.0000000000000000000 ) ) ;
#652 = PRODUCT_DEFINITION_SHAPE ( 'NONE', 'NONE',  #4724 ) ;
#653 =( LENGTH_UNIT ( ) NAMED_UNIT ( * ) SI_UNIT ( .MILLI., .METRE. ) );
#654 = CARTESIAN_POINT ( 'NONE',  ( -0.5000000000000000000, 0.0000000000000000000, 0.07000000000000000666 ) ) ;
#655 = LINE ( 'NONE', #1197, #3558 ) ;
#656 = APPLICATION_CONTEXT ( 'automotive_design' ) ;
#657 = ITEM_DEFINED_TRANSFORMATION ( 'NONE', 'NONE', #7433,  #7298 ) ;
#658 = COLOUR_RGB ( '',0.0000000000000000000, 0.5019607843137254832, 0.0000000000000000000 ) ;
#659 = ORIENTED_EDGE ( 'NONE', *, *, #3001, .T. ) ;
#660 = PRODUCT_CONTEXT ( 'NONE', #98, 'mechanical' ) ;
#661 =( NAMED_UNIT ( * ) PLANE_ANGLE_UNIT ( ) SI_UNIT ( $, .RADIAN. ) );
#662 = FILL_AREA_STYLE_COLOUR ( '', #1957 ) ;
#663 = AXIS2_PLACEMENT_3D ( 'NONE', #4432, #2793, #3980 ) ;
#664 = SHAPE_REPRESENTATION ( 'PINTSOP2-55', ( #5425, #5308, #6680 ), #1649 ) ;
#665 = PRODUCT_DEFINITION ( 'UNKNOWN', '', #1249, #6937 ) ;
#666 = PRODUCT_DEFINITION ( 'UNKNOWN', '', #7051, #3783 ) ;
#667 = DIRECTION ( 'NONE',  ( -2.220446049250000002E-16, -1.000000000000000000, 0.0000000000000000000 ) ) ;
#668 =( GEOMETRIC_REPRESENTATION_CONTEXT ( 3 ) GLOBAL_UNCERTAINTY_ASSIGNED_CONTEXT ( ( #168 ) ) GLOBAL_UNIT_ASSIGNED_CONTEXT ( ( #6348, #7058, #2247 ) ) REPRESENTATION_CONTEXT ( 'NONE', 'WORKASPACE' ) );
#669 = PRODUCT_DEFINITION_SHAPE ( 'NONE', 'NONE',  #4036 ) ;
#670 =( LENGTH_UNIT ( ) NAMED_UNIT ( * ) SI_UNIT ( .MILLI., .METRE. ) );
#671 = VECTOR ( 'NONE', #1702, 1000.000000000000000 ) ;
#672 =( REPRESENTATION_RELATIONSHIP ('NONE','NONE', #4137, #3720 ) REPRESENTATION_RELATIONSHIP_WITH_TRANSFORMATION ( #4607 )SHAPE_REPRESENTATION_RELATIONSHIP( ) );
#673 = ITEM_DEFINED_TRANSFORMATION ( 'NONE', 'NONE', #5894,  #1948 ) ;
#674 = VECTOR ( 'NONE', #3808, 1000.000000000000000 ) ;
#675 = CARTESIAN_POINT ( 'NONE',  ( 0.0000000000000000000, 0.001000760000000000278, 0.0000000000000000000 ) ) ;
#676 = PRODUCT_RELATED_PRODUCT_CATEGORY ( 'part', '', ( #6577 ) ) ;
#677 = APPLICATION_PROTOCOL_DEFINITION ( 'draft international standard', 'automotive_design', 1998, #6635 ) ;
#678 = DIRECTION ( 'NONE',  ( -0.09950371902099887367, -0.9950371902099890420, 0.0000000000000000000 ) ) ;
#679 =( NAMED_UNIT ( * ) PLANE_ANGLE_UNIT ( ) SI_UNIT ( $, .RADIAN. ) );
#680 = AXIS2_PLACEMENT_3D ( 'NONE', #1862, #6546, #596 ) ;
#681 = DIRECTION ( 'NONE',  ( 0.0000000000000000000, 0.0000000000000000000, 1.000000000000000000 ) ) ;
#682 = PRODUCT_DEFINITION_SHAPE ( 'NONE', 'NONE',  #7629 ) ;
#683 = APPLICATION_CONTEXT ( 'automotive_design' ) ;
#684 = DIRECTION ( 'NONE',  ( 1.000000000000000000, 0.0000000000000000000, 0.0000000000000000000 ) ) ;
#685 = PRODUCT ( '352644049', '352644049', '', ( #5122 ) ) ;
#686 = PRODUCT_CONTEXT ( 'NONE', #2762, 'mechanical' ) ;
#687 = SHAPE_REPRESENTATION ( 'PINTSOP2-55', ( #231, #2864, #4616 ), #1322 ) ;
#688 = DIRECTION ( 'NONE',  ( 1.000000000000000000, 0.0000000000000000000, 0.0000000000000000000 ) ) ;
#689 = APPLICATION_CONTEXT ( 'automotive_design' ) ;
#690 =( REPRESENTATION_RELATIONSHIP ('NONE','NONE', #880, #2062 ) REPRESENTATION_RELATIONSHIP_WITH_TRANSFORMATION ( #6228 )SHAPE_REPRESENTATION_RELATIONSHIP( ) );
#691 = FACE_OUTER_BOUND ( 'NONE', #5948, .T. ) ;
#692 = DIRECTION ( 'NONE',  ( 0.0000000000000000000, 0.0000000000000000000, 1.000000000000000000 ) ) ;
#693 = SURFACE_STYLE_FILL_AREA ( #5544 ) ;
#694 = DIRECTION ( 'NONE',  ( 1.000000000000000000, 0.0000000000000000000, 0.0000000000000000000 ) ) ;
#695 = ORIENTED_EDGE ( 'NONE', *, *, #2994, .T. ) ;
#696 = SHAPE_DEFINITION_REPRESENTATION ( #5554, #6957 ) ;
#697 = PRODUCT_DEFINITION_SHAPE ( 'NONE', 'NONE',  #6349 ) ;
#698 = DIRECTION ( 'NONE',  ( 0.0000000000000000000, 0.0000000000000000000, 1.000000000000000000 ) ) ;
#699 = APPLICATION_CONTEXT ( 'automotive_design' ) ;
#700 = STYLED_ITEM ( 'NONE', ( #2438 ), #5507 ) ;
#701 = CARTESIAN_POINT ( 'NONE',  ( 5.536379580000000189, -0.3050006599999999790, -0.4872999999999999554 ) ) ;
#702 = EDGE_LOOP ( 'NONE', ( #2060, #2845, #5231, #4246 ) ) ;
#703 = UNCERTAINTY_MEASURE_WITH_UNIT (LENGTH_MEASURE( 1.000000000000000082E-05 ), #6864, 'distance_accuracy_value', 'NONE');
#704 = DIRECTION ( 'NONE',  ( 0.0000000000000000000, 0.0000000000000000000, 1.000000000000000000 ) ) ;
#705 = PRODUCT_DEFINITION_CONTEXT ( 'detailed design', #4442, 'design' ) ;
#706 = SHAPE_REPRESENTATION ( 'Free-Models5', ( #6914, #134 ), #3389 ) ;
#707 = CONTEXT_DEPENDENT_SHAPE_REPRESENTATION ( #7161, #5936 ) ;
#708 = PRODUCT_DEFINITION_CONTEXT ( 'detailed design', #5746, 'design' ) ;
#709 = PLANE ( 'NONE',  #794 ) ;
#710 = SHAPE_DEFINITION_REPRESENTATION ( #6380, #5497 ) ;
#711 = DIRECTION ( 'NONE',  ( 0.0000000000000000000, 0.0000000000000000000, 1.000000000000000000 ) ) ;
#712 = APPLICATION_CONTEXT ( 'automotive_design' ) ;
#713 = PRODUCT_DEFINITION ( 'UNKNOWN', '', #5915, #446 ) ;
#714 = PRODUCT_DEFINITION ( 'UNKNOWN', '', #868, #1023 ) ;
#715 = APPLICATION_PROTOCOL_DEFINITION ( 'draft international standard', 'automotive_design', 1998, #1143 ) ;
#716 =( NAMED_UNIT ( * ) PLANE_ANGLE_UNIT ( ) SI_UNIT ( $, .RADIAN. ) );
#717 =( REPRESENTATION_RELATIONSHIP ('NONE','NONE', #6866, #6813 ) REPRESENTATION_RELATIONSHIP_WITH_TRANSFORMATION ( #4460 )SHAPE_REPRESENTATION_RELATIONSHIP( ) );
#718 = PRODUCT_DEFINITION_SHAPE ( 'NONE', 'NONE',  #7611 ) ;
#719 = EDGE_CURVE ( 'NONE', #3105, #1521, #2424, .T. ) ;
#720 = DIRECTION ( 'NONE',  ( 1.000000000000000000, 0.0000000000000000000, 0.0000000000000000000 ) ) ;
#721 = AXIS2_PLACEMENT_3D ( 'NONE', #5242, #4498, #3281 ) ;
#722 = LINE ( 'NONE', #7370, #4700 ) ;
#723 = APPLICATION_PROTOCOL_DEFINITION ( 'draft international standard', 'automotive_design', 1998, #147 ) ;
#724 = ORIENTED_EDGE ( 'NONE', *, *, #7398, .F. ) ;
#725 = PRODUCT_CONTEXT ( 'NONE', #689, 'mechanical' ) ;
#726 = DIRECTION ( 'NONE',  ( 0.0000000000000000000, 0.0000000000000000000, 1.000000000000000000 ) ) ;
#727 = APPLICATION_CONTEXT ( 'automotive_design' ) ;
#728 = CONTEXT_DEPENDENT_SHAPE_REPRESENTATION ( #2663, #4042 ) ;
#729 =( NAMED_UNIT ( * ) SI_UNIT ( $, .STERADIAN. ) SOLID_ANGLE_UNIT ( ) );
#730 = AXIS2_PLACEMENT_3D ( 'NONE', #4873, #1847, #3690 ) ;
#731 = CARTESIAN_POINT ( 'NONE',  ( 13.27449973999999955, 9.485000080000000722, -0.4872999999999999554 ) ) ;
#732 = UNCERTAINTY_MEASURE_WITH_UNIT (LENGTH_MEASURE( 1.000000000000000082E-05 ), #5443, 'distance_accuracy_value', 'NONE');
#733 = CARTESIAN_POINT ( 'NONE',  ( -0.3650005400000003175, -0.2449982400000000893, -0.2872993999999996495 ) ) ;
#734 = APPLICATION_CONTEXT ( 'automotive_design' ) ;
#735 =( NAMED_UNIT ( * ) PLANE_ANGLE_UNIT ( ) SI_UNIT ( $, .RADIAN. ) );
#736 = PRODUCT_DEFINITION_SHAPE ( 'NONE', 'NONE',  #7742 ) ;
#737 = CARTESIAN_POINT ( 'NONE',  ( -5.421010862427522170E-17, 5.421010862427522170E-17, 0.0000000000000000000 ) ) ;
#738 = PRODUCT_DEFINITION_FORMATION_WITH_SPECIFIED_SOURCE ( 'ANY', '', #2418, .NOT_KNOWN. ) ;
#739 = ITEM_DEFINED_TRANSFORMATION ( 'NONE', 'NONE', #2579,  #912 ) ;
#740 = LINE ( 'NONE', #3579, #304 ) ;
#741 = AXIS2_PLACEMENT_3D ( 'NONE', #951, #488, #2028 ) ;
#742 = APPLICATION_PROTOCOL_DEFINITION ( 'draft international standard', 'automotive_design', 1998, #4930 ) ;
#743 = LINE ( 'NONE', #189, #5441 ) ;
#744 = SURFACE_STYLE_FILL_AREA ( #7151 ) ;
#745 = CONTEXT_DEPENDENT_SHAPE_REPRESENTATION ( #1318, #3296 ) ;
#746 =( NAMED_UNIT ( * ) PLANE_ANGLE_UNIT ( ) SI_UNIT ( $, .RADIAN. ) );
#747 = PRODUCT_DEFINITION_FORMATION_WITH_SPECIFIED_SOURCE ( 'ANY', '', #2406, .NOT_KNOWN. ) ;
#748 = SHAPE_REPRESENTATION ( 'PINTSOP2-55', ( #1611, #6008, #2632 ), #4884 ) ;
#749 = SURFACE_STYLE_FILL_AREA ( #1372 ) ;
#750 = AXIS2_PLACEMENT_3D ( 'NONE', #6961, #1272, #684 ) ;
#751 = PRODUCT_DEFINITION_SHAPE ( 'NONE', 'NONE',  #5861 ) ;
#752 = CONTEXT_DEPENDENT_SHAPE_REPRESENTATION ( #4564, #7103 ) ;
#753 =( NAMED_UNIT ( * ) SI_UNIT ( $, .STERADIAN. ) SOLID_ANGLE_UNIT ( ) );
#754 = SHAPE_REPRESENTATION ( 'PINTSOP2-55', ( #1350, #3754, #1869 ), #2367 ) ;
#755 = PRODUCT_DEFINITION_FORMATION_WITH_SPECIFIED_SOURCE ( 'ANY', '', #3280, .NOT_KNOWN. ) ;
#756 = PRODUCT_RELATED_PRODUCT_CATEGORY ( 'part', '', ( #4968 ) ) ;
#757 = DIRECTION ( 'NONE',  ( 1.000000000000000000, 0.0000000000000000000, 0.0000000000000000000 ) ) ;
#758 = APPLICATION_PROTOCOL_DEFINITION ( 'draft international standard', 'automotive_design', 1998, #1854 ) ;
#759 = DIRECTION ( 'NONE',  ( 1.000000000000000000, 0.0000000000000000000, 0.0000000000000000000 ) ) ;
#760 = PRODUCT_DEFINITION_SHAPE ( 'NONE', 'NONE',  #7297 ) ;
#761 = UNCERTAINTY_MEASURE_WITH_UNIT (LENGTH_MEASURE( 1.000000000000000082E-05 ), #3007, 'distance_accuracy_value', 'NONE');
#762 = PRODUCT_CONTEXT ( 'NONE', #870, 'mechanical' ) ;
#763 = AXIS2_PLACEMENT_3D ( 'NONE', #2392, #4836, #3765 ) ;
#764 = UNCERTAINTY_MEASURE_WITH_UNIT (LENGTH_MEASURE( 1.000000000000000082E-05 ), #3664, 'distance_accuracy_value', 'NONE');
#765 = LINE ( 'NONE', #4313, #297 ) ;
#766 = CARTESIAN_POINT ( 'NONE',  ( -0.6199987599999999821, -0.3150006399999999984, 0.0000000000000000000 ) ) ;
#767 = PRODUCT_RELATED_PRODUCT_CATEGORY ( 'part', '', ( #2220 ) ) ;
#768 = PRODUCT_CONTEXT ( 'NONE', #3101, 'mechanical' ) ;
#769 = VERTEX_POINT ( 'NONE', #2496 ) ;
#770 =( REPRESENTATION_RELATIONSHIP ('NONE','NONE', #4137, #2488 ) REPRESENTATION_RELATIONSHIP_WITH_TRANSFORMATION ( #3562 )SHAPE_REPRESENTATION_RELATIONSHIP( ) );
#771 = SHAPE_DEFINITION_REPRESENTATION ( #4726, #6645 ) ;
#772 =( GEOMETRIC_REPRESENTATION_CONTEXT ( 3 ) GLOBAL_UNCERTAINTY_ASSIGNED_CONTEXT ( ( #5491 ) ) GLOBAL_UNIT_ASSIGNED_CONTEXT ( ( #225, #2734, #3861 ) ) REPRESENTATION_CONTEXT ( 'NONE', 'WORKASPACE' ) );
#773 =( NAMED_UNIT ( * ) PLANE_ANGLE_UNIT ( ) SI_UNIT ( $, .RADIAN. ) );
#774 = DIRECTION ( 'NONE',  ( 0.0000000000000000000, 0.0000000000000000000, 1.000000000000000000 ) ) ;
#775 = CARTESIAN_POINT ( 'NONE',  ( 0.0000000000000000000, 0.0000000000000000000, 0.0000000000000000000 ) ) ;
#776 =( GEOMETRIC_REPRESENTATION_CONTEXT ( 3 ) GLOBAL_UNCERTAINTY_ASSIGNED_CONTEXT ( ( #6669 ) ) GLOBAL_UNIT_ASSIGNED_CONTEXT ( ( #5560, #2572, #4402 ) ) REPRESENTATION_CONTEXT ( 'NONE', 'WORKASPACE' ) );
#777 = EDGE_CURVE ( 'NONE', #6355, #1715, #4936, .T. ) ;
#778 = CARTESIAN_POINT ( 'NONE',  ( 15.93767957999999929, -0.3050006599999999790, -0.4872999999999999554 ) ) ;
#779 = ORIENTED_EDGE ( 'NONE', *, *, #5700, .F. ) ;
#780 = APPLICATION_CONTEXT ( 'automotive_design' ) ;
#781 =( REPRESENTATION_RELATIONSHIP ('NONE','NONE', #7170, #1439 ) REPRESENTATION_RELATIONSHIP_WITH_TRANSFORMATION ( #3319 )SHAPE_REPRESENTATION_RELATIONSHIP( ) );
#782 = ITEM_DEFINED_TRANSFORMATION ( 'NONE', 'NONE', #5887,  #1948 ) ;
#783 = DIRECTION ( 'NONE',  ( 1.000000000000000000, 0.0000000000000000000, 0.0000000000000000000 ) ) ;
#784 = ITEM_DEFINED_TRANSFORMATION ( 'NONE', 'NONE', #5591,  #1948 ) ;
#785 = CARTESIAN_POINT ( 'NONE',  ( 0.6200012999999999774, 0.3149981000000000031, 0.0000000000000000000 ) ) ;
#786 =( GEOMETRIC_REPRESENTATION_CONTEXT ( 3 ) GLOBAL_UNCERTAINTY_ASSIGNED_CONTEXT ( ( #5979 ) ) GLOBAL_UNIT_ASSIGNED_CONTEXT ( ( #3354, #5287, #4274 ) ) REPRESENTATION_CONTEXT ( 'NONE', 'WORKASPACE' ) );
#787 = AXIS2_PLACEMENT_3D ( 'NONE', #2307, #4164, #6563 ) ;
#788 = APPLICATION_PROTOCOL_DEFINITION ( 'draft international standard', 'automotive_design', 1998, #1092 ) ;
#789 = CARTESIAN_POINT ( 'NONE',  ( 0.0000000000000000000, 0.1510004600000000030, 0.0000000000000000000 ) ) ;
#790 = DIRECTION ( 'NONE',  ( 0.0000000000000000000, 0.0000000000000000000, 1.000000000000000000 ) ) ;
#791 = ITEM_DEFINED_TRANSFORMATION ( 'NONE', 'NONE', #2047,  #2859 ) ;
#792 = DIRECTION ( 'NONE',  ( 0.0000000000000000000, 0.0000000000000000000, 1.000000000000000000 ) ) ;
#793 = AXIS2_PLACEMENT_3D ( 'NONE', #3513, #2375, #649 ) ;
#794 = AXIS2_PLACEMENT_3D ( 'NONE', #1950, #4187, #4333 ) ;
#795 = CONTEXT_DEPENDENT_SHAPE_REPRESENTATION ( #7312, #4188 ) ;
#796 = PRODUCT_DEFINITION_CONTEXT ( 'detailed design', #119, 'design' ) ;
#797 = CONTEXT_DEPENDENT_SHAPE_REPRESENTATION ( #5866, #4538 ) ;
#798 = DIRECTION ( 'NONE',  ( 0.0000000000000000000, 0.0000000000000000000, 1.000000000000000000 ) ) ;
#799 = DIRECTION ( 'NONE',  ( 0.0000000000000000000, 0.0000000000000000000, 1.000000000000000000 ) ) ;
#800 = PRODUCT_CONTEXT ( 'NONE', #5918, 'mechanical' ) ;
#801 =( GEOMETRIC_REPRESENTATION_CONTEXT ( 3 ) GLOBAL_UNCERTAINTY_ASSIGNED_CONTEXT ( ( #3857 ) ) GLOBAL_UNIT_ASSIGNED_CONTEXT ( ( #5709, #378, #2121 ) ) REPRESENTATION_CONTEXT ( 'NONE', 'WORKASPACE' ) );
#802 =( NAMED_UNIT ( * ) PLANE_ANGLE_UNIT ( ) SI_UNIT ( $, .RADIAN. ) );
#803 = DIRECTION ( 'NONE',  ( -0.0000000000000000000, 0.0000000000000000000, -1.000000000000000000 ) ) ;
#804 =( NAMED_UNIT ( * ) SI_UNIT ( $, .STERADIAN. ) SOLID_ANGLE_UNIT ( ) );
#805 = ORIENTED_EDGE ( 'NONE', *, *, #6312, .T. ) ;
#806 = APPLICATION_PROTOCOL_DEFINITION ( 'draft international standard', 'automotive_design', 1998, #3251 ) ;
#807 = PRODUCT_DEFINITION_SHAPE ( 'NONE', 'NONE',  #666 ) ;
#808 = PRODUCT_DEFINITION ( 'UNKNOWN', '', #2916, #487 ) ;
#809 = APPLICATION_CONTEXT ( 'automotive_design' ) ;
#810 = DIRECTION ( 'NONE',  ( -1.000000000000000000, 2.220446049250000002E-16, 1.110223024625000001E-16 ) ) ;
#811 = VERTEX_POINT ( 'NONE', #7326 ) ;
#812 = UNCERTAINTY_MEASURE_WITH_UNIT (LENGTH_MEASURE( 1.000000000000000082E-05 ), #3078, 'distance_accuracy_value', 'NONE');
#813 = PRODUCT ( '352644049', '352644049', '', ( #2340 ) ) ;
#814 = CARTESIAN_POINT ( 'NONE',  ( 0.0000000000000000000, 0.0000000000000000000, -0.4038599999999998302 ) ) ;
#815 = EDGE_CURVE ( 'NONE', #3524, #3638, #6148, .T. ) ;
#816 = ITEM_DEFINED_TRANSFORMATION ( 'NONE', 'NONE', #2825,  #1948 ) ;
#817 = DIRECTION ( 'NONE',  ( -1.000000000000000000, -0.0000000000000000000, 0.0000000000000000000 ) ) ;
#818 = APPLICATION_CONTEXT ( 'automotive_design' ) ;
#819 = AXIS2_PLACEMENT_3D ( 'NONE', #5228, #2798, #4679 ) ;
#820 =( REPRESENTATION_RELATIONSHIP ('NONE','NONE', #1764, #6270 ) REPRESENTATION_RELATIONSHIP_WITH_TRANSFORMATION ( #6809 )SHAPE_REPRESENTATION_RELATIONSHIP( ) );
#821 = APPLICATION_PROTOCOL_DEFINITION ( 'draft international standard', 'automotive_design', 1998, #5367 ) ;
#822 = CARTESIAN_POINT ( 'NONE',  ( 11.11000064000000087, -5.080000000000000071, 0.0000000000000000000 ) ) ;
#823 = DIRECTION ( 'NONE',  ( 0.0000000000000000000, 0.0000000000000000000, 1.000000000000000000 ) ) ;
#824 = ITEM_DEFINED_TRANSFORMATION ( 'NONE', 'NONE', #6698,  #3497 ) ;
#825 = CONTEXT_DEPENDENT_SHAPE_REPRESENTATION ( #2749, #2428 ) ;
#826 = CONTEXT_DEPENDENT_SHAPE_REPRESENTATION ( #6420, #3081 ) ;
#827 =( LENGTH_UNIT ( ) NAMED_UNIT ( * ) SI_UNIT ( .MILLI., .METRE. ) );
#828 = CARTESIAN_POINT ( 'NONE',  ( 0.0000000000000000000, 0.0000000000000000000, 0.0000000000000000000 ) ) ;
#829 = PRODUCT_DEFINITION_SHAPE ( 'NONE', 'NONE',  #7539 ) ;
#830 = APPLICATION_CONTEXT ( 'automotive_design' ) ;
#831 =( REPRESENTATION_RELATIONSHIP ('NONE','NONE', #1701, #5778 ) REPRESENTATION_RELATIONSHIP_WITH_TRANSFORMATION ( #3306 )SHAPE_REPRESENTATION_RELATIONSHIP( ) );
#832 = SHAPE_DEFINITION_REPRESENTATION ( #5111, #5819 ) ;
#833 = DIRECTION ( 'NONE',  ( 0.0000000000000000000, 0.0000000000000000000, 1.000000000000000000 ) ) ;
#834 = UNCERTAINTY_MEASURE_WITH_UNIT (LENGTH_MEASURE( 1.000000000000000082E-05 ), #4716, 'distance_accuracy_value', 'NONE');
#835 = CARTESIAN_POINT ( 'NONE',  ( 0.0000000000000000000, 0.0000000000000000000, 0.0000000000000000000 ) ) ;
#836 = DIRECTION ( 'NONE',  ( 0.0000000000000000000, -0.0000000000000000000, -1.000000000000000000 ) ) ;
#837 = PRODUCT_CONTEXT ( 'NONE', #3889, 'mechanical' ) ;
#838 = APPLICATION_PROTOCOL_DEFINITION ( 'draft international standard', 'automotive_design', 1998, #2617 ) ;
#839 = UNCERTAINTY_MEASURE_WITH_UNIT (LENGTH_MEASURE( 1.000000000000000082E-05 ), #6231, 'distance_accuracy_value', 'NONE');
#840 = DIRECTION ( 'NONE',  ( 1.000000000000000000, 0.0000000000000000000, 0.0000000000000000000 ) ) ;
#841 = AXIS2_PLACEMENT_3D ( 'NONE', #6308, #442, #4618 ) ;
#842 = CONTEXT_DEPENDENT_SHAPE_REPRESENTATION ( #4610, #7010 ) ;
#843 = CARTESIAN_POINT ( 'NONE',  ( 0.0000000000000000000, 0.0000000000000000000, 0.0000000000000000000 ) ) ;
#844 = DIRECTION ( 'NONE',  ( -2.220446049250000002E-16, -1.000000000000000000, 0.0000000000000000000 ) ) ;
#845 = ORIENTED_EDGE ( 'NONE', *, *, #4773, .F. ) ;
#846 = PRODUCT_RELATED_PRODUCT_CATEGORY ( 'part', '', ( #6738 ) ) ;
#847 = PRODUCT ( 'Free-Models5', 'Free-Models5', '', ( #6944 ) ) ;
#848 = UNCERTAINTY_MEASURE_WITH_UNIT (LENGTH_MEASURE( 1.000000000000000082E-05 ), #2237, 'distance_accuracy_value', 'NONE');
#849 = PRODUCT_DEFINITION_CONTEXT ( 'detailed design', #172, 'design' ) ;
#850 = DIRECTION ( 'NONE',  ( 1.000000000000000000, 0.0000000000000000000, 0.0000000000000000000 ) ) ;
#851 = DIRECTION ( 'NONE',  ( 0.0000000000000000000, 0.0000000000000000000, 1.000000000000000000 ) ) ;
#852 = APPLICATION_CONTEXT ( 'automotive_design' ) ;
#853 = CONTEXT_DEPENDENT_SHAPE_REPRESENTATION ( #979, #7401 ) ;
#854 = CARTESIAN_POINT ( 'NONE',  ( 0.0000000000000000000, 0.0000000000000000000, -0.4038599999999989421 ) ) ;
#855 = PRODUCT_CONTEXT ( 'NONE', #4155, 'mechanical' ) ;
#856 = PRODUCT_RELATED_PRODUCT_CATEGORY ( 'part', '', ( #5372 ) ) ;
#857 = AXIS2_PLACEMENT_3D ( 'NONE', #6225, #6868, #3534 ) ;
#858 = CARTESIAN_POINT ( 'NONE',  ( 0.0000000000000000000, 0.0000000000000000000, 0.0000000000000000000 ) ) ;
#859 = ITEM_DEFINED_TRANSFORMATION ( 'NONE', 'NONE', #2033,  #5412 ) ;
#860 = PRODUCT_DEFINITION_SHAPE ( 'NONE', 'NONE',  #5999 ) ;
#861 = ORIENTED_EDGE ( 'NONE', *, *, #4773, .T. ) ;
#862 = PRODUCT_DEFINITION_FORMATION_WITH_SPECIFIED_SOURCE ( 'ANY', '', #5988, .NOT_KNOWN. ) ;
#863 = APPLICATION_PROTOCOL_DEFINITION ( 'draft international standard', 'automotive_design', 1998, #4600 ) ;
#864 = CARTESIAN_POINT ( 'NONE',  ( 0.0000000000000000000, 0.0000000000000000000, 0.0000000000000000000 ) ) ;
#865 = AXIS2_PLACEMENT_3D ( 'NONE', #6670, #5064, #7363 ) ;
#866 =( LENGTH_UNIT ( ) NAMED_UNIT ( * ) SI_UNIT ( .MILLI., .METRE. ) );
#867 =( LENGTH_UNIT ( ) NAMED_UNIT ( * ) SI_UNIT ( .MILLI., .METRE. ) );
#868 = PRODUCT_DEFINITION_FORMATION_WITH_SPECIFIED_SOURCE ( 'ANY', '', #5273, .NOT_KNOWN. ) ;
#869 = CARTESIAN_POINT ( 'NONE',  ( -11.10999810000000032, -5.080000000000000071, 0.0000000000000000000 ) ) ;
#870 = APPLICATION_CONTEXT ( 'automotive_design' ) ;
#871 =( REPRESENTATION_RELATIONSHIP ('NONE','NONE', #1740, #2615 ) REPRESENTATION_RELATIONSHIP_WITH_TRANSFORMATION ( #6875 )SHAPE_REPRESENTATION_RELATIONSHIP( ) );
#872 = PRODUCT ( '352644049', '352644049', '', ( #197 ) ) ;
#873 = CONTEXT_DEPENDENT_SHAPE_REPRESENTATION ( #3977, #4858 ) ;
#874 = APPLICATION_PROTOCOL_DEFINITION ( 'draft international standard', 'automotive_design', 1998, #734 ) ;
#875 = FACE_OUTER_BOUND ( 'NONE', #1162, .T. ) ;
#876 = APPLICATION_PROTOCOL_DEFINITION ( 'draft international standard', 'automotive_design', 1998, #7339 ) ;
#877 = PRODUCT_DEFINITION_FORMATION_WITH_SPECIFIED_SOURCE ( 'ANY', '', #3962, .NOT_KNOWN. ) ;
#878 =( NAMED_UNIT ( * ) PLANE_ANGLE_UNIT ( ) SI_UNIT ( $, .RADIAN. ) );
#879 = PRODUCT ( 'PINTSOP2-55', 'PINTSOP2-55', '', ( #2872 ) ) ;
#880 = SHAPE_REPRESENTATION ( 'Free-Models5', ( #3075, #7463 ), #4705 ) ;
#881 = CONTEXT_DEPENDENT_SHAPE_REPRESENTATION ( #820, #5689 ) ;
#882 = PRODUCT_DEFINITION ( 'UNKNOWN', '', #4914, #2934 ) ;
#883 = DIRECTION ( 'NONE',  ( 0.0000000000000000000, 0.0000000000000000000, 1.000000000000000000 ) ) ;
#884 =( REPRESENTATION_RELATIONSHIP ('NONE','NONE', #5199, #5477 ) REPRESENTATION_RELATIONSHIP_WITH_TRANSFORMATION ( #2789 )SHAPE_REPRESENTATION_RELATIONSHIP( ) );
#885 = CARTESIAN_POINT ( 'NONE',  ( 15.13757958000000059, -0.3050006599999999790, -0.4872999999999999554 ) ) ;
#886 = VERTEX_POINT ( 'NONE', #639 ) ;
#887 = UNCERTAINTY_MEASURE_WITH_UNIT (LENGTH_MEASURE( 1.000000000000000082E-05 ), #4034, 'distance_accuracy_value', 'NONE');
#888 = ADVANCED_BREP_SHAPE_REPRESENTATION ( '', ( #4116, #1948 ), #5578 ) ;
#889 =( NAMED_UNIT ( * ) PLANE_ANGLE_UNIT ( ) SI_UNIT ( $, .RADIAN. ) );
#890 = AXIS2_PLACEMENT_3D ( 'NONE', #4216, #1895, #1940 ) ;
#891 = CONTEXT_DEPENDENT_SHAPE_REPRESENTATION ( #2333, #2073 ) ;
#892 = PRODUCT_DEFINITION ( 'UNKNOWN', '', #4013, #6622 ) ;
#893 = CONTEXT_DEPENDENT_SHAPE_REPRESENTATION ( #5276, #208 ) ;
#894 = PRODUCT_CONTEXT ( 'NONE', #5326, 'mechanical' ) ;
#895 = APPLICATION_CONTEXT ( 'automotive_design' ) ;
#896 = PRODUCT_DEFINITION_SHAPE ( 'NONE', 'NONE',  #2216 ) ;
#897 = CARTESIAN_POINT ( 'NONE',  ( 0.0000000000000000000, 0.0000000000000000000, 0.0000000000000000000 ) ) ;
#898 = AXIS2_PLACEMENT_3D ( 'NONE', #822, #1451, #1577 ) ;
#899 = PRODUCT_RELATED_PRODUCT_CATEGORY ( 'part', '', ( #7007 ) ) ;
#900 = ITEM_DEFINED_TRANSFORMATION ( 'NONE', 'NONE', #4908,  #1948 ) ;
#901 = PRODUCT_RELATED_PRODUCT_CATEGORY ( 'part', '', ( #3233 ) ) ;
#902 = STYLED_ITEM ( 'NONE', ( #7181 ), #4011 ) ;
#903 = SHAPE_REPRESENTATION ( 'Free-Models5', ( #4782, #5803 ), #2265 ) ;
#904 = DIRECTION ( 'NONE',  ( 0.0000000000000000000, 0.0000000000000000000, 1.000000000000000000 ) ) ;
#905 = APPLICATION_PROTOCOL_DEFINITION ( 'draft international standard', 'automotive_design', 1998, #1102 ) ;
#906 = AXIS2_PLACEMENT_3D ( 'NONE', #733, #7469, #7384 ) ;
#907 = UNCERTAINTY_MEASURE_WITH_UNIT (LENGTH_MEASURE( 1.000000000000000082E-05 ), #3142, 'distance_accuracy_value', 'NONE');
#908 = AXIS2_PLACEMENT_3D ( 'NONE', #2732, #289, #6869 ) ;
#909 =( REPRESENTATION_RELATIONSHIP ('NONE','NONE', #4137, #754 ) REPRESENTATION_RELATIONSHIP_WITH_TRANSFORMATION ( #1370 )SHAPE_REPRESENTATION_RELATIONSHIP( ) );
#910 = EDGE_CURVE ( 'NONE', #3821, #3223, #3916, .T. ) ;
#911 = CARTESIAN_POINT ( 'NONE',  ( 0.0000000000000000000, 0.0000000000000000000, 0.0000000000000000000 ) ) ;
#912 = AXIS2_PLACEMENT_3D ( 'NONE', #2965, #1846, #1124 ) ;
#913 = DIRECTION ( 'NONE',  ( 0.0000000000000000000, 0.0000000000000000000, 1.000000000000000000 ) ) ;
#914 = AXIS2_PLACEMENT_3D ( 'NONE', #4615, #2851, #4649 ) ;
#915 = APPLICATION_PROTOCOL_DEFINITION ( 'draft international standard', 'automotive_design', 1998, #2925 ) ;
#916 = PRODUCT_CONTEXT ( 'NONE', #4358, 'mechanical' ) ;
#917 = DIRECTION ( 'NONE',  ( 0.0000000000000000000, 0.0000000000000000000, 1.000000000000000000 ) ) ;
#918 = APPLICATION_CONTEXT ( 'automotive_design' ) ;
#919 = PRODUCT_DEFINITION_CONTEXT ( 'detailed design', #3077, 'design' ) ;
#920 =( REPRESENTATION_RELATIONSHIP ('NONE','NONE', #229, #6270 ) REPRESENTATION_RELATIONSHIP_WITH_TRANSFORMATION ( #4281 )SHAPE_REPRESENTATION_RELATIONSHIP( ) );
#921 =( NAMED_UNIT ( * ) SI_UNIT ( $, .STERADIAN. ) SOLID_ANGLE_UNIT ( ) );
#922 = AXIS2_PLACEMENT_3D ( 'NONE', #6149, #6421, #4582 ) ;
#923 = EDGE_LOOP ( 'NONE', ( #243, #5844, #1027, #4987, #5804, #7382, #6642, #6005 ) ) ;
#924 = PRODUCT_DEFINITION_CONTEXT ( 'detailed design', #1812, 'design' ) ;
#925 = DIRECTION ( 'NONE',  ( 0.0000000000000000000, 0.0000000000000000000, 1.000000000000000000 ) ) ;
#926 = SHAPE_REPRESENTATION ( 'Free-Models5', ( #680, #314 ), #3079 ) ;
#927 = DIRECTION ( 'NONE',  ( 0.0000000000000000000, 0.0000000000000000000, 1.000000000000000000 ) ) ;
#928 = DIRECTION ( 'NONE',  ( 0.0000000000000000000, 0.0000000000000000000, 1.000000000000000000 ) ) ;
#929 = PRODUCT ( 'Free-Models5', 'Free-Models5', '', ( #7262 ) ) ;
#930 = PRODUCT_DEFINITION_CONTEXT ( 'detailed design', #2090, 'design' ) ;
#931 = ITEM_DEFINED_TRANSFORMATION ( 'NONE', 'NONE', #2948,  #1948 ) ;
#932 = LINE ( 'NONE', #2694, #2949 ) ;
#933 = DIRECTION ( 'NONE',  ( 0.0000000000000000000, 0.0000000000000000000, 1.000000000000000000 ) ) ;
#934 = SHAPE_DEFINITION_REPRESENTATION ( #6507, #2846 ) ;
#935 = SURFACE_STYLE_USAGE ( .BOTH. , #327 ) ;
#936 = UNCERTAINTY_MEASURE_WITH_UNIT (LENGTH_MEASURE( 1.000000000000000082E-05 ), #1983, 'distance_accuracy_value', 'NONE');
#937 = AXIS2_PLACEMENT_3D ( 'NONE', #1804, #1239, #7303 ) ;
#938 = SHAPE_REPRESENTATION_RELATIONSHIP ( 'NONE' , 'NONE' ,  #5226, #3610 ) ;
#939 = CONTEXT_DEPENDENT_SHAPE_REPRESENTATION ( #1831, #3969 ) ;
#940 = PRODUCT_DEFINITION_SHAPE ( 'NONE', 'NONE',  #7494 ) ;
#941 = PRODUCT_DEFINITION_CONTEXT ( 'detailed design', #2840, 'design' ) ;
#942 = CONTEXT_DEPENDENT_SHAPE_REPRESENTATION ( #4964, #2838 ) ;
#943 = ORIENTED_EDGE ( 'NONE', *, *, #6023, .F. ) ;
#944 =( NAMED_UNIT ( * ) PLANE_ANGLE_UNIT ( ) SI_UNIT ( $, .RADIAN. ) );
#945 = PRODUCT_DEFINITION ( 'UNKNOWN', '', #3901, #919 ) ;
#946 = SHAPE_DEFINITION_REPRESENTATION ( #518, #5226 ) ;
#947 = PRODUCT_RELATED_PRODUCT_CATEGORY ( 'part', '', ( #3700 ) ) ;
#948 = CARTESIAN_POINT ( 'NONE',  ( 0.0000000000000000000, 0.0000000000000000000, 0.0000000000000000000 ) ) ;
#949 = AXIS2_PLACEMENT_3D ( 'NONE', #948, #1739, #2421 ) ;
#950 = SHAPE_REPRESENTATION ( 'PINTSOP2-55', ( #1492, #2900, #3262 ), #2527 ) ;
#951 = CARTESIAN_POINT ( 'NONE',  ( 0.0000000000000000000, 0.0000000000000000000, 0.0000000000000000000 ) ) ;
#952 = DIRECTION ( 'NONE',  ( 1.000000000000000000, 0.0000000000000000000, -0.0000000000000000000 ) ) ;
#953 = APPLICATION_PROTOCOL_DEFINITION ( 'draft international standard', 'automotive_design', 1998, #2962 ) ;
#954 = APPLICATION_PROTOCOL_DEFINITION ( 'draft international standard', 'automotive_design', 1998, #6141 ) ;
#955 = EDGE_CURVE ( 'NONE', #3358, #5354, #6193, .T. ) ;
#956 = DIRECTION ( 'NONE',  ( 1.000000000000000000, 0.0000000000000000000, 0.0000000000000000000 ) ) ;
#957 = DIRECTION ( 'NONE',  ( 0.0000000000000000000, 0.0000000000000000000, 1.000000000000000000 ) ) ;
#958 = APPLICATION_CONTEXT ( 'automotive_design' ) ;
#959 = CARTESIAN_POINT ( 'NONE',  ( 0.0000000000000000000, 0.0000000000000000000, 0.0000000000000000000 ) ) ;
#960 = FILL_AREA_STYLE_COLOUR ( '', #5814 ) ;
#961 = ORIENTED_EDGE ( 'NONE', *, *, #259, .T. ) ;
#962 = SHAPE_DEFINITION_REPRESENTATION ( #860, #7200 ) ;
#963 = UNCERTAINTY_MEASURE_WITH_UNIT (LENGTH_MEASURE( 1.000000000000000082E-05 ), #7056, 'distance_accuracy_value', 'NONE');
#964 = ITEM_DEFINED_TRANSFORMATION ( 'NONE', 'NONE', #7068,  #3347 ) ;
#965 = AXIS2_PLACEMENT_3D ( 'NONE', #1818, #1212, #2325 ) ;
#966 =( NAMED_UNIT ( * ) SI_UNIT ( $, .STERADIAN. ) SOLID_ANGLE_UNIT ( ) );
#967 =( REPRESENTATION_RELATIONSHIP ('NONE','NONE', #3090, #6270 ) REPRESENTATION_RELATIONSHIP_WITH_TRANSFORMATION ( #2366 )SHAPE_REPRESENTATION_RELATIONSHIP( ) );
#968 = DIRECTION ( 'NONE',  ( 0.0000000000000000000, 0.0000000000000000000, 1.000000000000000000 ) ) ;
#969 = DIRECTION ( 'NONE',  ( 1.000000000000000000, 0.0000000000000000000, 0.0000000000000000000 ) ) ;
#970 = AXIS2_PLACEMENT_3D ( 'NONE', #3019, #3599, #3632 ) ;
#971 = FACE_OUTER_BOUND ( 'NONE', #4588, .T. ) ;
#972 = DIRECTION ( 'NONE',  ( -2.220446049250000002E-16, -1.000000000000000000, 0.0000000000000000000 ) ) ;
#973 = APPLICATION_PROTOCOL_DEFINITION ( 'draft international standard', 'automotive_design', 1998, #780 ) ;
#974 = PRODUCT_DEFINITION_SHAPE ( 'NONE', 'NONE',  #7598 ) ;
#975 = SURFACE_STYLE_FILL_AREA ( #5722 ) ;
#976 = DIRECTION ( 'NONE',  ( 0.0000000000000000000, 0.0000000000000000000, 1.000000000000000000 ) ) ;
#977 = APPLICATION_CONTEXT ( 'automotive_design' ) ;
#978 = PRODUCT_DEFINITION_SHAPE ( 'NONE', 'NONE',  #7721 ) ;
#979 =( REPRESENTATION_RELATIONSHIP ('NONE','NONE', #4719, #155 ) REPRESENTATION_RELATIONSHIP_WITH_TRANSFORMATION ( #6259 )SHAPE_REPRESENTATION_RELATIONSHIP( ) );
#980 = CONTEXT_DEPENDENT_SHAPE_REPRESENTATION ( #6265, #5776 ) ;
#981 =( GEOMETRIC_REPRESENTATION_CONTEXT ( 3 ) GLOBAL_UNCERTAINTY_ASSIGNED_CONTEXT ( ( #3657 ) ) GLOBAL_UNIT_ASSIGNED_CONTEXT ( ( #3432, #4695, #5360 ) ) REPRESENTATION_CONTEXT ( 'NONE', 'WORKASPACE' ) );
#982 =( GEOMETRIC_REPRESENTATION_CONTEXT ( 3 ) GLOBAL_UNCERTAINTY_ASSIGNED_CONTEXT ( ( #6896 ) ) GLOBAL_UNIT_ASSIGNED_CONTEXT ( ( #6820, #1411, #5831 ) ) REPRESENTATION_CONTEXT ( 'NONE', 'WORKASPACE' ) );
#983 = ORIENTED_EDGE ( 'NONE', *, *, #4539, .T. ) ;
#984 = SHAPE_DEFINITION_REPRESENTATION ( #2920, #1068 ) ;
#985 = AXIS2_PLACEMENT_3D ( 'NONE', #6799, #3806, #1967 ) ;
#986 = AXIS2_PLACEMENT_3D ( 'NONE', #4279, #7311, #4175 ) ;
#987 = APPLICATION_CONTEXT ( 'automotive_design' ) ;
#988 = UNCERTAINTY_MEASURE_WITH_UNIT (LENGTH_MEASURE( 1.000000000000000082E-05 ), #6469, 'distance_accuracy_value', 'NONE');
#989 = PRODUCT_RELATED_PRODUCT_CATEGORY ( 'part', '', ( #1776 ) ) ;
#990 = PRODUCT_DEFINITION ( 'UNKNOWN', '', #10, #632 ) ;
#991 = CARTESIAN_POINT ( 'NONE',  ( -0.6199987599999999821, -0.3150006399999999984, 0.0000000000000000000 ) ) ;
#992 = PRODUCT_DEFINITION_FORMATION_WITH_SPECIFIED_SOURCE ( 'ANY', '', #3914, .NOT_KNOWN. ) ;
#993 = CARTESIAN_POINT ( 'NONE',  ( -0.3650005400000003175, -0.2449982400000000893, -0.2872993999999996495 ) ) ;
#994 = APPLICATION_PROTOCOL_DEFINITION ( 'draft international standard', 'automotive_design', 1998, #7416 ) ;
#995 = PRODUCT_CONTEXT ( 'NONE', #1648, 'mechanical' ) ;
#996 = PRODUCT ( 'PINTSOP2-55', 'PINTSOP2-55', '', ( #4641 ) ) ;
#997 = CARTESIAN_POINT ( 'NONE',  ( 0.0000000000000000000, 0.0000000000000000000, 0.0000000000000000000 ) ) ;
#998 = SHAPE_DEFINITION_REPRESENTATION ( #1970, #7095 ) ;
#999 = PRODUCT_DEFINITION_FORMATION_WITH_SPECIFIED_SOURCE ( 'ANY', '', #6411, .NOT_KNOWN. ) ;
#1000 = SHAPE_REPRESENTATION ( '352644049', ( #986, #5792 ), #1625 ) ;
#1001 = DIRECTION ( 'NONE',  ( 1.000000000000000000, 0.0000000000000000000, 0.0000000000000000000 ) ) ;
#1002 = AXIS2_PLACEMENT_3D ( 'NONE', #2757, #1949, #2491 ) ;
#1003 =( NAMED_UNIT ( * ) PLANE_ANGLE_UNIT ( ) SI_UNIT ( $, .RADIAN. ) );
#1004 = EDGE_CURVE ( 'NONE', #5931, #120, #3745, .T. ) ;
#1005 = DIRECTION ( 'NONE',  ( 1.000000000000000000, 0.0000000000000000000, 0.0000000000000000000 ) ) ;
#1006 = DIRECTION ( 'NONE',  ( 0.0000000000000000000, 0.0000000000000000000, 1.000000000000000000 ) ) ;
#1007 =( NAMED_UNIT ( * ) SI_UNIT ( $, .STERADIAN. ) SOLID_ANGLE_UNIT ( ) );
#1008 = SURFACE_STYLE_FILL_AREA ( #2758 ) ;
#1009 = ORIENTED_EDGE ( 'NONE', *, *, #448, .F. ) ;
#1010 = SHAPE_DEFINITION_REPRESENTATION ( #4898, #1820 ) ;
#1011 = ITEM_DEFINED_TRANSFORMATION ( 'NONE', 'NONE', #6437,  #1231 ) ;
#1012 = PRODUCT_DEFINITION_SHAPE ( 'NONE', 'NONE',  #7503 ) ;
#1013 =( REPRESENTATION_RELATIONSHIP ('NONE','NONE', #6020, #4675 ) REPRESENTATION_RELATIONSHIP_WITH_TRANSFORMATION ( #3043 )SHAPE_REPRESENTATION_RELATIONSHIP( ) );
#1014 = APPLICATION_CONTEXT ( 'automotive_design' ) ;
#1015 = PRODUCT_DEFINITION_SHAPE ( 'NONE', 'NONE',  #1691 ) ;
#1016 = CARTESIAN_POINT ( 'NONE',  ( -0.2031237999999999932, 0.3150006399999999984, 0.0000000000000000000 ) ) ;
#1017 = DIRECTION ( 'NONE',  ( 1.110223024625000001E-16, 1.000000000000000000, 0.0000000000000000000 ) ) ;
#1018 = PRODUCT ( 'Free-Models5', 'Free-Models5', '', ( #2007 ) ) ;
#1019 =( REPRESENTATION_RELATIONSHIP ('NONE','NONE', #3575, #6270 ) REPRESENTATION_RELATIONSHIP_WITH_TRANSFORMATION ( #2933 )SHAPE_REPRESENTATION_RELATIONSHIP( ) );
#1020 = AXIS2_PLACEMENT_3D ( 'NONE', #6617, #3074, #7241 ) ;
#1021 = PRODUCT_DEFINITION_SHAPE ( 'NONE', 'NONE',  #7668 ) ;
#1022 = DIRECTION ( 'NONE',  ( 0.0000000000000000000, 0.0000000000000000000, 1.000000000000000000 ) ) ;
#1023 = PRODUCT_DEFINITION_CONTEXT ( 'detailed design', #6588, 'design' ) ;
#1024 = DIRECTION ( 'NONE',  ( 1.000000000000000000, 0.0000000000000000000, 0.0000000000000000000 ) ) ;
#1025 = CARTESIAN_POINT ( 'NONE',  ( 0.001000760000000000278, 0.0000000000000000000, 0.4165599999999999858 ) ) ;
#1026 = VECTOR ( 'NONE', #2586, 1000.000000000000000 ) ;
#1027 = ORIENTED_EDGE ( 'NONE', *, *, #2756, .F. ) ;
#1028 = PRODUCT_CONTEXT ( 'NONE', #3466, 'mechanical' ) ;
#1029 = APPLICATION_CONTEXT ( 'automotive_design' ) ;
#1030 = PRODUCT_DEFINITION_SHAPE ( 'NONE', 'NONE',  #4526 ) ;
#1031 =( LENGTH_UNIT ( ) NAMED_UNIT ( * ) SI_UNIT ( .MILLI., .METRE. ) );
#1032 = DIRECTION ( 'NONE',  ( 1.000000000000000000, 0.0000000000000000000, 0.0000000000000000000 ) ) ;
#1033 = SHAPE_DEFINITION_REPRESENTATION ( #5496, #6298 ) ;
#1034 = STYLED_ITEM ( 'NONE', ( #2299 ), #4102 ) ;
#1035 = SHAPE_DEFINITION_REPRESENTATION ( #5618, #2615 ) ;
#1036 =( LENGTH_UNIT ( ) NAMED_UNIT ( * ) SI_UNIT ( .MILLI., .METRE. ) );
#1037 = AXIS2_PLACEMENT_3D ( 'NONE', #4837, #3816, #5508 ) ;
#1038 = PRESENTATION_LAYER_ASSIGNMENT (  '', '', ( #1172 ) ) ;
#1039 = DIRECTION ( 'NONE',  ( 1.000000000000000000, 0.0000000000000000000, 0.0000000000000000000 ) ) ;
#1040 = PLANE ( 'NONE',  #4196 ) ;
#1041 = CARTESIAN_POINT ( 'NONE',  ( 0.0000000000000000000, 0.0000000000000000000, 0.0000000000000000000 ) ) ;
#1042 =( NAMED_UNIT ( * ) PLANE_ANGLE_UNIT ( ) SI_UNIT ( $, .RADIAN. ) );
#1043 = ORIENTED_EDGE ( 'NONE', *, *, #3809, .F. ) ;
#1044 = SHAPE_DEFINITION_REPRESENTATION ( #1615, #706 ) ;
#1045 = UNCERTAINTY_MEASURE_WITH_UNIT (LENGTH_MEASURE( 1.000000000000000082E-05 ), #4701, 'distance_accuracy_value', 'NONE');
#1046 = PRODUCT_DEFINITION_SHAPE ( 'NONE', 'NONE',  #5733 ) ;
#1047 = PRODUCT_DEFINITION_SHAPE ( 'NONE', 'NONE',  #7723 ) ;
#1048 = CONTEXT_DEPENDENT_SHAPE_REPRESENTATION ( #6155, #2481 ) ;
#1049 = PRODUCT_RELATED_PRODUCT_CATEGORY ( 'part', '', ( #879 ) ) ;
#1050 = PRODUCT_RELATED_PRODUCT_CATEGORY ( 'part', '', ( #2997 ) ) ;
#1051 =( LENGTH_UNIT ( ) NAMED_UNIT ( * ) SI_UNIT ( .MILLI., .METRE. ) );
#1052 = APPLICATION_CONTEXT ( 'automotive_design' ) ;
#1053 = DIRECTION ( 'NONE',  ( 0.0000000000000000000, 0.0000000000000000000, 1.000000000000000000 ) ) ;
#1054 = CONTEXT_DEPENDENT_SHAPE_REPRESENTATION ( #4853, #4763 ) ;
#1055 = CARTESIAN_POINT ( 'NONE',  ( 0.001000760000000000278, 0.1499997000000000136, 0.0000000000000000000 ) ) ;
#1056 = CARTESIAN_POINT ( 'NONE',  ( 6.873699739999999281, 9.485000080000000722, -0.4872999999999999554 ) ) ;
#1057 = SHAPE_DEFINITION_REPRESENTATION ( #4330, #457 ) ;
#1058 = DIRECTION ( 'NONE',  ( 1.000000000000000000, 0.0000000000000000000, 0.0000000000000000000 ) ) ;
#1059 = EDGE_CURVE ( 'NONE', #1119, #2486, #5569, .T. ) ;
#1060 = DIRECTION ( 'NONE',  ( 1.000000000000000000, 0.0000000000000000000, 0.0000000000000000000 ) ) ;
#1061 = ITEM_DEFINED_TRANSFORMATION ( 'NONE', 'NONE', #6472,  #1948 ) ;
#1062 = DIRECTION ( 'NONE',  ( 1.000000000000000000, 0.0000000000000000000, 0.0000000000000000000 ) ) ;
#1063 =( REPRESENTATION_RELATIONSHIP ('NONE','NONE', #2488, #5226 ) REPRESENTATION_RELATIONSHIP_WITH_TRANSFORMATION ( #5624 )SHAPE_REPRESENTATION_RELATIONSHIP( ) );
#1064 = LINE ( 'NONE', #3505, #1535 ) ;
#1065 = SHAPE_DEFINITION_REPRESENTATION ( #6361, #6464 ) ;
#1066 = CARTESIAN_POINT ( 'NONE',  ( -0.3650005399999999289, -0.2449982400000000893, -0.2872993999999996495 ) ) ;
#1067 = DIRECTION ( 'NONE',  ( 1.000000000000000000, 0.0000000000000000000, 0.0000000000000000000 ) ) ;
#1068 = SHAPE_REPRESENTATION ( 'Cylinder1', ( #1948 ), #4204 ) ;
#1069 =( LENGTH_UNIT ( ) NAMED_UNIT ( * ) SI_UNIT ( .MILLI., .METRE. ) );
#1070 = PRODUCT_DEFINITION_SHAPE ( 'NONE', 'NONE',  #7508 ) ;
#1071 = APPLICATION_PROTOCOL_DEFINITION ( 'draft international standard', 'automotive_design', 1998, #2423 ) ;
#1072 =( NAMED_UNIT ( * ) SI_UNIT ( $, .STERADIAN. ) SOLID_ANGLE_UNIT ( ) );
#1073 = DIRECTION ( 'NONE',  ( 0.0000000000000000000, 0.0000000000000000000, 1.000000000000000000 ) ) ;
#1074 =( NAMED_UNIT ( * ) PLANE_ANGLE_UNIT ( ) SI_UNIT ( $, .RADIAN. ) );
#1075 = PRODUCT_DEFINITION_SHAPE ( 'NONE', 'NONE',  #6977 ) ;
#1076 = CONTEXT_DEPENDENT_SHAPE_REPRESENTATION ( #6981, #2222 ) ;
#1077 = FACE_OUTER_BOUND ( 'NONE', #1473, .T. ) ;
#1078 = DIRECTION ( 'NONE',  ( 1.000000000000000000, 0.0000000000000000000, 0.0000000000000000000 ) ) ;
#1079 = SURFACE_SIDE_STYLE ('',( #1008 ) ) ;
#1080 = EDGE_LOOP ( 'NONE', ( #6131, #3396, #465, #4954 ) ) ;
#1081 = APPLICATION_PROTOCOL_DEFINITION ( 'draft international standard', 'automotive_design', 1998, #4323 ) ;
#1082 = UNCERTAINTY_MEASURE_WITH_UNIT (LENGTH_MEASURE( 1.000000000000000082E-05 ), #2593, 'distance_accuracy_value', 'NONE');
#1083 = ITEM_DEFINED_TRANSFORMATION ( 'NONE', 'NONE', #6062,  #7400 ) ;
#1084 =( REPRESENTATION_RELATIONSHIP ('NONE','NONE', #3356, #5226 ) REPRESENTATION_RELATIONSHIP_WITH_TRANSFORMATION ( #7320 )SHAPE_REPRESENTATION_RELATIONSHIP( ) );
#1085 = PRODUCT_DEFINITION_CONTEXT ( 'detailed design', #4930, 'design' ) ;
#1086 = LINE ( 'NONE', #3494, #2077 ) ;
#1087 = CARTESIAN_POINT ( 'NONE',  ( 0.0000000000000000000, 1.084202172485504434E-16, -0.4038600000000006629 ) ) ;
#1088 = PRODUCT_RELATED_PRODUCT_CATEGORY ( 'part', '', ( #1979 ) ) ;
#1089 = CARTESIAN_POINT ( 'NONE',  ( 0.7357795800000000996, -0.3050006599999999790, -0.4872999999999999554 ) ) ;
#1090 = PRODUCT_DEFINITION_SHAPE ( 'NONE', 'NONE',  #3127 ) ;
#1091 = DIRECTION ( 'NONE',  ( 0.0000000000000000000, 0.0000000000000000000, 1.000000000000000000 ) ) ;
#1092 = APPLICATION_CONTEXT ( 'automotive_design' ) ;
#1093 =( LENGTH_UNIT ( ) NAMED_UNIT ( * ) SI_UNIT ( .MILLI., .METRE. ) );
#1094 = CARTESIAN_POINT ( 'NONE',  ( -0.3650005399999999289, -0.2449982400000000893, -0.2872993999999999826 ) ) ;
#1095 = PLANE ( 'NONE',  #3442 ) ;
#1096 = PRODUCT_RELATED_PRODUCT_CATEGORY ( 'part', '', ( #3593 ) ) ;
#1097 = DIRECTION ( 'NONE',  ( -1.000000000000000000, -0.0000000000000000000, -0.0000000000000000000 ) ) ;
#1098 =( NAMED_UNIT ( * ) PLANE_ANGLE_UNIT ( ) SI_UNIT ( $, .RADIAN. ) );
#1099 =( GEOMETRIC_REPRESENTATION_CONTEXT ( 3 ) GLOBAL_UNCERTAINTY_ASSIGNED_CONTEXT ( ( #4606 ) ) GLOBAL_UNIT_ASSIGNED_CONTEXT ( ( #7144, #3419, #4038 ) ) REPRESENTATION_CONTEXT ( 'NONE', 'WORKASPACE' ) );
#1100 = DIRECTION ( 'NONE',  ( 1.000000000000000000, 0.0000000000000000000, 0.0000000000000000000 ) ) ;
#1101 = DIRECTION ( 'NONE',  ( 0.0000000000000000000, 0.0000000000000000000, 1.000000000000000000 ) ) ;
#1102 = APPLICATION_CONTEXT ( 'automotive_design' ) ;
#1103 = AXIS2_PLACEMENT_3D ( 'NONE', #237, #6275, #5076 ) ;
#1104 = PRODUCT ( '352644049', '352644049', '', ( #2879 ) ) ;
#1105 =( NAMED_UNIT ( * ) PLANE_ANGLE_UNIT ( ) SI_UNIT ( $, .RADIAN. ) );
#1106 = PRODUCT_DEFINITION_SHAPE ( 'NONE', 'NONE',  #7713 ) ;
#1107 = CARTESIAN_POINT ( 'NONE',  ( 0.0000000000000000000, 0.0000000000000000000, 0.0000000000000000000 ) ) ;
#1108 = SHAPE_DEFINITION_REPRESENTATION ( #6435, #3862 ) ;
#1109 =( NAMED_UNIT ( * ) PLANE_ANGLE_UNIT ( ) SI_UNIT ( $, .RADIAN. ) );
#1110 =( LENGTH_UNIT ( ) NAMED_UNIT ( * ) SI_UNIT ( .MILLI., .METRE. ) );
#1111 = AXIS2_PLACEMENT_3D ( 'NONE', #3650, #1248, #4838 ) ;
#1112 = SHAPE_REPRESENTATION ( '352644049', ( #5281, #1880 ), #2893 ) ;
#1113 = DIRECTION ( 'NONE',  ( 0.0000000000000000000, 0.0000000000000000000, 1.000000000000000000 ) ) ;
#1114 = CONTEXT_DEPENDENT_SHAPE_REPRESENTATION ( #6011, #3994 ) ;
#1115 =( REPRESENTATION_RELATIONSHIP ('NONE','NONE', #2922, #6270 ) REPRESENTATION_RELATIONSHIP_WITH_TRANSFORMATION ( #673 )SHAPE_REPRESENTATION_RELATIONSHIP( ) );
#1116 = AXIS2_PLACEMENT_3D ( 'NONE', #1638, #4682, #688 ) ;
#1117 = DIRECTION ( 'NONE',  ( 1.000000000000000000, 0.0000000000000000000, 0.0000000000000000000 ) ) ;
#1118 = EDGE_LOOP ( 'NONE', ( #2690, #1805, #3991, #4238 ) ) ;
#1119 = VERTEX_POINT ( 'NONE', #1393 ) ;
#1120 = APPLICATION_PROTOCOL_DEFINITION ( 'draft international standard', 'automotive_design', 1998, #1924 ) ;
#1121 = PRODUCT_DEFINITION_FORMATION_WITH_SPECIFIED_SOURCE ( 'ANY', '', #5570, .NOT_KNOWN. ) ;
#1122 = UNCERTAINTY_MEASURE_WITH_UNIT (LENGTH_MEASURE( 1.000000000000000082E-05 ), #5608, 'distance_accuracy_value', 'NONE');
#1123 =( GEOMETRIC_REPRESENTATION_CONTEXT ( 3 ) GLOBAL_UNCERTAINTY_ASSIGNED_CONTEXT ( ( #1155 ) ) GLOBAL_UNIT_ASSIGNED_CONTEXT ( ( #6164, #1500, #4950 ) ) REPRESENTATION_CONTEXT ( 'NONE', 'WORKASPACE' ) );
#1124 = DIRECTION ( 'NONE',  ( 1.000000000000000000, 0.0000000000000000000, 0.0000000000000000000 ) ) ;
#1125 = PRODUCT_DEFINITION_SHAPE ( 'NONE', 'NONE',  #4525 ) ;
#1126 = ITEM_DEFINED_TRANSFORMATION ( 'NONE', 'NONE', #5286,  #1948 ) ;
#1127 = DIRECTION ( 'NONE',  ( 0.0000000000000000000, 0.0000000000000000000, 1.000000000000000000 ) ) ;
#1128 = DIRECTION ( 'NONE',  ( 1.000000000000000000, 0.0000000000000000000, 0.0000000000000000000 ) ) ;
#1129 = PRODUCT_DEFINITION_FORMATION_WITH_SPECIFIED_SOURCE ( 'ANY', '', #685, .NOT_KNOWN. ) ;
#1130 = APPLICATION_CONTEXT ( 'automotive_design' ) ;
#1131 = CARTESIAN_POINT ( 'NONE',  ( 2.335979579999999611, -0.3050006599999999790, -0.4872999999999999554 ) ) ;
#1132 =( REPRESENTATION_RELATIONSHIP ('NONE','NONE', #7366, #6841 ) REPRESENTATION_RELATIONSHIP_WITH_TRANSFORMATION ( #6502 )SHAPE_REPRESENTATION_RELATIONSHIP( ) );
#1133 = AXIS2_PLACEMENT_3D ( 'NONE', #5989, #4190, #67 ) ;
#1134 = PRODUCT_DEFINITION_FORMATION_WITH_SPECIFIED_SOURCE ( 'ANY', '', #879, .NOT_KNOWN. ) ;
#1135 = DIRECTION ( 'NONE',  ( 1.000000000000000000, 0.0000000000000000000, 0.0000000000000000000 ) ) ;
#1136 = PRODUCT_RELATED_PRODUCT_CATEGORY ( 'part', '', ( #2803 ) ) ;
#1137 = ITEM_DEFINED_TRANSFORMATION ( 'NONE', 'NONE', #6153,  #1948 ) ;
#1138 = PRODUCT_DEFINITION_SHAPE ( 'NONE', 'NONE',  #7483 ) ;
#1139 = CONTEXT_DEPENDENT_SHAPE_REPRESENTATION ( #781, #21 ) ;
#1140 = DIRECTION ( 'NONE',  ( 1.000000000000000000, 0.0000000000000000000, 0.0000000000000000000 ) ) ;
#1141 = CARTESIAN_POINT ( 'NONE',  ( 0.0000000000000000000, 0.0000000000000000000, 0.0000000000000000000 ) ) ;
#1142 = CARTESIAN_POINT ( 'NONE',  ( 0.0000000000000000000, 0.0000000000000000000, -0.4038600000000006629 ) ) ;
#1143 = APPLICATION_CONTEXT ( 'automotive_design' ) ;
#1144 = CONTEXT_DEPENDENT_SHAPE_REPRESENTATION ( #6201, #4170 ) ;
#1145 = DIRECTION ( 'NONE',  ( 0.0000000000000000000, 0.0000000000000000000, 1.000000000000000000 ) ) ;
#1146 = PRODUCT_DEFINITION_SHAPE ( 'NONE', 'NONE',  #2608 ) ;
#1147 = PRODUCT_RELATED_PRODUCT_CATEGORY ( 'part', '', ( #2164 ) ) ;
#1148 = PRODUCT_DEFINITION ( 'UNKNOWN', '', #3390, #7093 ) ;
#1149 = AXIS2_PLACEMENT_3D ( 'NONE', #1171, #6017, #4324 ) ;
#1150 = DIRECTION ( 'NONE',  ( 1.000000000000000000, 0.0000000000000000000, 0.0000000000000000000 ) ) ;
#1151 = APPLICATION_PROTOCOL_DEFINITION ( 'draft international standard', 'automotive_design', 1998, #5096 ) ;
#1152 =( LENGTH_UNIT ( ) NAMED_UNIT ( * ) SI_UNIT ( .MILLI., .METRE. ) );
#1153 = VECTOR ( 'NONE', #5058, 1000.000000000000000 ) ;
#1154 = EDGE_CURVE ( 'NONE', #2486, #3112, #5450, .T. ) ;
#1155 = UNCERTAINTY_MEASURE_WITH_UNIT (LENGTH_MEASURE( 1.000000000000000082E-05 ), #6164, 'distance_accuracy_value', 'NONE');
#1156 = ITEM_DEFINED_TRANSFORMATION ( 'NONE', 'NONE', #1709,  #1948 ) ;
#1157 = FACE_OUTER_BOUND ( 'NONE', #1080, .T. ) ;
#1158 = PRODUCT_DEFINITION_SHAPE ( 'NONE', 'NONE',  #337 ) ;
#1159 = DIRECTION ( 'NONE',  ( 0.0000000000000000000, 0.0000000000000000000, 1.000000000000000000 ) ) ;
#1160 = COLOUR_RGB ( '',0.0000000000000000000, 0.5019607843137254832, 0.0000000000000000000 ) ;
#1161 =( NAMED_UNIT ( * ) PLANE_ANGLE_UNIT ( ) SI_UNIT ( $, .RADIAN. ) );
#1162 = EDGE_LOOP ( 'NONE', ( #7067, #5269 ) ) ;
#1163 = APPLICATION_PROTOCOL_DEFINITION ( 'draft international standard', 'automotive_design', 1998, #1198 ) ;
#1164 = PRODUCT_DEFINITION_CONTEXT ( 'detailed design', #3825, 'design' ) ;
#1165 = PRESENTATION_LAYER_ASSIGNMENT (  '', '', ( #3930 ) ) ;
#1166 = CARTESIAN_POINT ( 'NONE',  ( -5.421010862427522170E-17, 5.421010862427522170E-17, 0.0000000000000000000 ) ) ;
#1167 =( LENGTH_UNIT ( ) NAMED_UNIT ( * ) SI_UNIT ( .MILLI., .METRE. ) );
#1168 = ITEM_DEFINED_TRANSFORMATION ( 'NONE', 'NONE', #4519,  #4640 ) ;
#1169 =( REPRESENTATION_RELATIONSHIP ('NONE','NONE', #4137, #2685 ) REPRESENTATION_RELATIONSHIP_WITH_TRANSFORMATION ( #6494 )SHAPE_REPRESENTATION_RELATIONSHIP( ) );
#1170 = AXIS2_PLACEMENT_3D ( 'NONE', #7431, #927, #3428 ) ;
#1171 = CARTESIAN_POINT ( 'NONE',  ( 13.53737957999999963, -0.3050006599999999790, -0.4872999999999999554 ) ) ;
#1172 = STYLED_ITEM ( 'NONE', ( #18 ), #4842 ) ;
#1173 = SHAPE_DEFINITION_REPRESENTATION ( #4140, #4191 ) ;
#1174 = DIRECTION ( 'NONE',  ( 0.0000000000000000000, 0.0000000000000000000, 1.000000000000000000 ) ) ;
#1175 =( NAMED_UNIT ( * ) PLANE_ANGLE_UNIT ( ) SI_UNIT ( $, .RADIAN. ) );
#1176 = AXIS2_PLACEMENT_3D ( 'NONE', #1107, #1922, #7334 ) ;
#1177 =( GEOMETRIC_REPRESENTATION_CONTEXT ( 3 ) GLOBAL_UNCERTAINTY_ASSIGNED_CONTEXT ( ( #2451 ) ) GLOBAL_UNIT_ASSIGNED_CONTEXT ( ( #2684, #1680, #3092 ) ) REPRESENTATION_CONTEXT ( 'NONE', 'WORKASPACE' ) );
#1178 = PRODUCT_DEFINITION_SHAPE ( 'NONE', 'NONE',  #7690 ) ;
#1179 = APPLICATION_CONTEXT ( 'automotive_design' ) ;
#1180 = CONTEXT_DEPENDENT_SHAPE_REPRESENTATION ( #4622, #1819 ) ;
#1181 = CARTESIAN_POINT ( 'NONE',  ( 0.0000000000000000000, 0.0000000000000000000, 0.0000000000000000000 ) ) ;
#1182 =( REPRESENTATION_RELATIONSHIP ('NONE','NONE', #2365, #5179 ) REPRESENTATION_RELATIONSHIP_WITH_TRANSFORMATION ( #423 )SHAPE_REPRESENTATION_RELATIONSHIP( ) );
#1183 = DIRECTION ( 'NONE',  ( 0.0000000000000000000, 1.000000000000000000, -0.0000000000000000000 ) ) ;
#1184 = APPLICATION_PROTOCOL_DEFINITION ( 'draft international standard', 'automotive_design', 1998, #3016 ) ;
#1185 = AXIS2_PLACEMENT_3D ( 'NONE', #2324, #1174, #3573 ) ;
#1186 = ORIENTED_EDGE ( 'NONE', *, *, #6954, .T. ) ;
#1187 = DIRECTION ( 'NONE',  ( 0.0000000000000000000, 0.0000000000000000000, 1.000000000000000000 ) ) ;
#1188 = SHAPE_REPRESENTATION ( 'PINTSOP2-55', ( #5601, #4593, #2321 ), #6346 ) ;
#1189 = CARTESIAN_POINT ( 'NONE',  ( -5.421010862427522170E-17, 5.421010862427522170E-17, 0.0000000000000000000 ) ) ;
#1190 = DIRECTION ( 'NONE',  ( 0.0000000000000000000, 0.0000000000000000000, 1.000000000000000000 ) ) ;
#1191 = PRODUCT_RELATED_PRODUCT_CATEGORY ( 'part', '', ( #585 ) ) ;
#1192 = PRODUCT_RELATED_PRODUCT_CATEGORY ( 'part', '', ( #5774 ) ) ;
#1193 = SHAPE_DEFINITION_REPRESENTATION ( #2983, #2827 ) ;
#1194 = PRODUCT_DEFINITION_SHAPE ( 'NONE', 'NONE',  #3550 ) ;
#1195 = DIRECTION ( 'NONE',  ( 1.000000000000000000, 0.0000000000000000000, 0.0000000000000000000 ) ) ;
#1196 = CARTESIAN_POINT ( 'NONE',  ( 0.0000000000000000000, 0.001000760000000000278, 0.0000000000000000000 ) ) ;
#1197 = CARTESIAN_POINT ( 'NONE',  ( 0.0000000000000000000, 0.001000760000000000278, 0.0000000000000000000 ) ) ;
#1198 = APPLICATION_CONTEXT ( 'automotive_design' ) ;
#1199 = PRODUCT_DEFINITION ( 'UNKNOWN', '', #146, #5509 ) ;
#1200 = CONTEXT_DEPENDENT_SHAPE_REPRESENTATION ( #5650, #5564 ) ;
#1201 = CARTESIAN_POINT ( 'NONE',  ( 0.0000000000000000000, 0.0000000000000000000, 0.0000000000000000000 ) ) ;
#1202 = EDGE_LOOP ( 'NONE', ( #1442, #2722, #3132, #4079 ) ) ;
#1203 = SHAPE_DEFINITION_REPRESENTATION ( #5417, #1557 ) ;
#1204 = UNCERTAINTY_MEASURE_WITH_UNIT (LENGTH_MEASURE( 1.000000000000000082E-05 ), #2766, 'distance_accuracy_value', 'NONE');
#1205 = PRODUCT_DEFINITION_SHAPE ( 'NONE', 'NONE',  #7501 ) ;
#1206 =( NAMED_UNIT ( * ) SI_UNIT ( $, .STERADIAN. ) SOLID_ANGLE_UNIT ( ) );
#1207 = PRODUCT_DEFINITION_SHAPE ( 'NONE', 'NONE',  #6358 ) ;
#1208 = SHAPE_REPRESENTATION ( '352644049', ( #3647, #2911 ), #3895 ) ;
#1209 = DIRECTION ( 'NONE',  ( -1.000000000000000000, 2.220446049250000002E-16, 1.110223024625000001E-16 ) ) ;
#1210 = ORIENTED_EDGE ( 'NONE', *, *, #521, .T. ) ;
#1211 =( NAMED_UNIT ( * ) PLANE_ANGLE_UNIT ( ) SI_UNIT ( $, .RADIAN. ) );
#1212 = DIRECTION ( 'NONE',  ( 0.0000000000000000000, 0.0000000000000000000, 1.000000000000000000 ) ) ;
#1213 =( REPRESENTATION_RELATIONSHIP ('NONE','NONE', #5093, #4137 ) REPRESENTATION_RELATIONSHIP_WITH_TRANSFORMATION ( #6314 )SHAPE_REPRESENTATION_RELATIONSHIP( ) );
#1214 = DIRECTION ( 'NONE',  ( 1.000000000000000000, 0.0000000000000000000, 0.0000000000000000000 ) ) ;
#1215 = ITEM_DEFINED_TRANSFORMATION ( 'NONE', 'NONE', #6718,  #4959 ) ;
#1216 = CARTESIAN_POINT ( 'NONE',  ( -0.2031238000000002153, 0.3150006400000005535, 0.0000000000000000000 ) ) ;
#1217 = APPLICATION_PROTOCOL_DEFINITION ( 'draft international standard', 'automotive_design', 1998, #2777 ) ;
#1218 = PRODUCT_DEFINITION_SHAPE ( 'NONE', 'NONE',  #7573 ) ;
#1219 = DIRECTION ( 'NONE',  ( 0.0000000000000000000, 0.0000000000000000000, -1.000000000000000000 ) ) ;
#1220 =( NAMED_UNIT ( * ) PLANE_ANGLE_UNIT ( ) SI_UNIT ( $, .RADIAN. ) );
#1221 = DIRECTION ( 'NONE',  ( 1.000000000000000000, 0.0000000000000000000, 0.0000000000000000000 ) ) ;
#1222 = APPLICATION_CONTEXT ( 'automotive_design' ) ;
#1223 = PRODUCT_DEFINITION_SHAPE ( 'NONE', 'NONE',  #2897 ) ;
#1224 =( REPRESENTATION_RELATIONSHIP ('NONE','NONE', #1864, #7200 ) REPRESENTATION_RELATIONSHIP_WITH_TRANSFORMATION ( #1938 )SHAPE_REPRESENTATION_RELATIONSHIP( ) );
#1225 = ITEM_DEFINED_TRANSFORMATION ( 'NONE', 'NONE', #3271,  #6934 ) ;
#1226 = DIRECTION ( 'NONE',  ( 1.000000000000000000, 0.0000000000000000000, 0.0000000000000000000 ) ) ;
#1227 = AXIS2_PLACEMENT_3D ( 'NONE', #4603, #5265, #2844 ) ;
#1228 = APPLICATION_PROTOCOL_DEFINITION ( 'draft international standard', 'automotive_design', 1998, #656 ) ;
#1229 = UNCERTAINTY_MEASURE_WITH_UNIT (LENGTH_MEASURE( 1.000000000000000082E-05 ), #1036, 'distance_accuracy_value', 'NONE');
#1230 = SHAPE_REPRESENTATION ( 'Free-Models5', ( #3960, #2733 ), #1844 ) ;
#1231 = AXIS2_PLACEMENT_3D ( 'NONE', #164, #1998, #720 ) ;
#1232 = PRODUCT_DEFINITION ( 'UNKNOWN', '', #3894, #3616 ) ;
#1233 = APPLICATION_CONTEXT ( 'automotive_design' ) ;
#1234 = PRODUCT_DEFINITION_SHAPE ( 'NONE', 'NONE',  #7635 ) ;
#1235 = PLANE ( 'NONE',  #417 ) ;
#1236 = DIRECTION ( 'NONE',  ( 1.000000000000000000, 0.0000000000000000000, 0.0000000000000000000 ) ) ;
#1237 = CARTESIAN_POINT ( 'NONE',  ( 0.001000760000000000278, 0.1499997000000000136, 0.0000000000000000000 ) ) ;
#1238 = CONTEXT_DEPENDENT_SHAPE_REPRESENTATION ( #5361, #6923 ) ;
#1239 = DIRECTION ( 'NONE',  ( 0.0000000000000000000, 0.0000000000000000000, 1.000000000000000000 ) ) ;
#1240 =( GEOMETRIC_REPRESENTATION_CONTEXT ( 3 ) GLOBAL_UNCERTAINTY_ASSIGNED_CONTEXT ( ( #3037 ) ) GLOBAL_UNIT_ASSIGNED_CONTEXT ( ( #2066, #3345, #4410 ) ) REPRESENTATION_CONTEXT ( 'NONE', 'WORKASPACE' ) );
#1241 = ORIENTED_EDGE ( 'NONE', *, *, #3373, .T. ) ;
#1242 = AXIS2_PLACEMENT_3D ( 'NONE', #589, #2535, #1325 ) ;
#1243 = APPLICATION_PROTOCOL_DEFINITION ( 'draft international standard', 'automotive_design', 1998, #7034 ) ;
#1244 = PRODUCT_DEFINITION_SHAPE ( 'NONE', 'NONE',  #4673 ) ;
#1245 = PRODUCT_DEFINITION_SHAPE ( 'NONE', 'NONE',  #7691 ) ;
#1246 = PRODUCT_DEFINITION ( 'UNKNOWN', '', #6161, #4171 ) ;
#1247 = CONTEXT_DEPENDENT_SHAPE_REPRESENTATION ( #7122, #4656 ) ;
#1248 = DIRECTION ( 'NONE',  ( 0.0000000000000000000, 0.0000000000000000000, 1.000000000000000000 ) ) ;
#1249 = PRODUCT_DEFINITION_FORMATION_WITH_SPECIFIED_SOURCE ( 'ANY', '', #454, .NOT_KNOWN. ) ;
#1250 = DIRECTION ( 'NONE',  ( -2.220446049250000002E-16, -1.000000000000000000, 0.0000000000000000000 ) ) ;
#1251 = EDGE_LOOP ( 'NONE', ( #5588, #623, #4686, #2759 ) ) ;
#1252 =( GEOMETRIC_REPRESENTATION_CONTEXT ( 3 ) GLOBAL_UNCERTAINTY_ASSIGNED_CONTEXT ( ( #7231 ) ) GLOBAL_UNIT_ASSIGNED_CONTEXT ( ( #4713, #2901, #3905 ) ) REPRESENTATION_CONTEXT ( 'NONE', 'WORKASPACE' ) );
#1253 = AXIS2_PLACEMENT_3D ( 'NONE', #2189, #1547, #6320 ) ;
#1254 = DIRECTION ( 'NONE',  ( 1.000000000000000000, 0.0000000000000000000, 0.0000000000000000000 ) ) ;
#1255 =( REPRESENTATION_RELATIONSHIP ('NONE','NONE', #1992, #1112 ) REPRESENTATION_RELATIONSHIP_WITH_TRANSFORMATION ( #11 )SHAPE_REPRESENTATION_RELATIONSHIP( ) );
#1256 = DIRECTION ( 'NONE',  ( 0.0000000000000000000, 0.0000000000000000000, 1.000000000000000000 ) ) ;
#1257 = PRODUCT_DEFINITION_FORMATION_WITH_SPECIFIED_SOURCE ( 'ANY', '', #4347, .NOT_KNOWN. ) ;
#1258 = CONTEXT_DEPENDENT_SHAPE_REPRESENTATION ( #1422, #4117 ) ;
#1259 = CARTESIAN_POINT ( 'NONE',  ( -0.3650005399999999289, -0.2449982400000000893, -0.2872993999999996495 ) ) ;
#1260 = DIRECTION ( 'NONE',  ( -0.09950371902099887367, -0.9950371902099890420, 0.0000000000000000000 ) ) ;
#1261 = DIRECTION ( 'NONE',  ( 0.0000000000000000000, 0.0000000000000000000, 1.000000000000000000 ) ) ;
#1262 = PRODUCT ( 'Free-Models5', 'Free-Models5', '', ( #1754 ) ) ;
#1263 = SHAPE_DEFINITION_REPRESENTATION ( #4212, #6102 ) ;
#1264 = APPLICATION_PROTOCOL_DEFINITION ( 'draft international standard', 'automotive_design', 1998, #3313 ) ;
#1265 = VECTOR ( 'NONE', #6416, 1000.000000000000000 ) ;
#1266 = DIRECTION ( 'NONE',  ( 0.0000000000000000000, 0.0000000000000000000, -1.000000000000000000 ) ) ;
#1267 = APPLICATION_CONTEXT ( 'automotive_design' ) ;
#1268 = CARTESIAN_POINT ( 'NONE',  ( 0.0000000000000000000, 0.0000000000000000000, 0.0000000000000000000 ) ) ;
#1269 = ITEM_DEFINED_TRANSFORMATION ( 'NONE', 'NONE', #763,  #3647 ) ;
#1270 = DIRECTION ( 'NONE',  ( -2.220446049250000002E-16, -1.000000000000000000, 0.0000000000000000000 ) ) ;
#1271 = AXIS2_PLACEMENT_3D ( 'NONE', #2274, #2356, #615 ) ;
#1272 = DIRECTION ( 'NONE',  ( 0.0000000000000000000, 0.0000000000000000000, 1.000000000000000000 ) ) ;
#1273 =( NAMED_UNIT ( * ) SI_UNIT ( $, .STERADIAN. ) SOLID_ANGLE_UNIT ( ) );
#1274 = AXIS2_PLACEMENT_3D ( 'NONE', #3087, #2460, #4887 ) ;
#1275 = APPLICATION_PROTOCOL_DEFINITION ( 'draft international standard', 'automotive_design', 1998, #5168 ) ;
#1276 = DIRECTION ( 'NONE',  ( 1.000000000000000000, 0.0000000000000000000, 0.0000000000000000000 ) ) ;
#1277 =( REPRESENTATION_RELATIONSHIP ('NONE','NONE', #4702, #6270 ) REPRESENTATION_RELATIONSHIP_WITH_TRANSFORMATION ( #6350 )SHAPE_REPRESENTATION_RELATIONSHIP( ) );
#1278 = PRODUCT ( 'Free-Models5', 'Free-Models5', '', ( #416 ) ) ;
#1279 =( LENGTH_UNIT ( ) NAMED_UNIT ( * ) SI_UNIT ( .MILLI., .METRE. ) );
#1280 = CARTESIAN_POINT ( 'NONE',  ( 0.001000760000000000278, 0.001000760000000000278, 0.0000000000000000000 ) ) ;
#1281 =( LENGTH_UNIT ( ) NAMED_UNIT ( * ) SI_UNIT ( .MILLI., .METRE. ) );
#1282 = CONTEXT_DEPENDENT_SHAPE_REPRESENTATION ( #2951, #1527 ) ;
#1283 = ORIENTED_EDGE ( 'NONE', *, *, #2415, .F. ) ;
#1284 = SHAPE_DEFINITION_REPRESENTATION ( #4089, #4780 ) ;
#1285 = APPLICATION_CONTEXT ( 'automotive_design' ) ;
#1286 =( REPRESENTATION_RELATIONSHIP ('NONE','NONE', #7415, #5226 ) REPRESENTATION_RELATIONSHIP_WITH_TRANSFORMATION ( #2666 )SHAPE_REPRESENTATION_RELATIONSHIP( ) );
#1287 = DIRECTION ( 'NONE',  ( 1.000000000000000000, 0.0000000000000000000, 0.0000000000000000000 ) ) ;
#1288 = VECTOR ( 'NONE', #1594, 1000.000000000000000 ) ;
#1289 = PRODUCT_DEFINITION_SHAPE ( 'NONE', 'NONE',  #7609 ) ;
#1290 = DIRECTION ( 'NONE',  ( -2.220446049250000002E-16, -1.000000000000000000, 0.0000000000000000000 ) ) ;
#1291 = PRODUCT_RELATED_PRODUCT_CATEGORY ( 'part', '', ( #3776 ) ) ;
#1292 = PRODUCT_RELATED_PRODUCT_CATEGORY ( 'part', '', ( #685 ) ) ;
#1293 = AXIS2_PLACEMENT_3D ( 'NONE', #5671, #5090, #6819 ) ;
#1294 = UNCERTAINTY_MEASURE_WITH_UNIT (LENGTH_MEASURE( 1.000000000000000082E-05 ), #6616, 'distance_accuracy_value', 'NONE');
#1295 =( GEOMETRIC_REPRESENTATION_CONTEXT ( 3 ) GLOBAL_UNCERTAINTY_ASSIGNED_CONTEXT ( ( #4310 ) ) GLOBAL_UNIT_ASSIGNED_CONTEXT ( ( #6504, #6471, #6541 ) ) REPRESENTATION_CONTEXT ( 'NONE', 'WORKASPACE' ) );
#1296 = DIRECTION ( 'NONE',  ( 1.000000000000000000, 0.0000000000000000000, 0.0000000000000000000 ) ) ;
#1297 = DIRECTION ( 'NONE',  ( 1.000000000000000000, 0.0000000000000000000, 0.0000000000000000000 ) ) ;
#1298 =( NAMED_UNIT ( * ) PLANE_ANGLE_UNIT ( ) SI_UNIT ( $, .RADIAN. ) );
#1299 = CONTEXT_DEPENDENT_SHAPE_REPRESENTATION ( #1524, #5132 ) ;
#1300 = AXIS2_PLACEMENT_3D ( 'NONE', #5358, #7239, #4173 ) ;
#1301 = CONTEXT_DEPENDENT_SHAPE_REPRESENTATION ( #586, #1689 ) ;
#1302 = DIRECTION ( 'NONE',  ( 1.000000000000000000, 0.0000000000000000000, 0.0000000000000000000 ) ) ;
#1303 = DIRECTION ( 'NONE',  ( 1.000000000000000000, 0.0000000000000000000, 0.0000000000000000000 ) ) ;
#1304 = PRODUCT_CONTEXT ( 'NONE', #2910, 'mechanical' ) ;
#1305 = EDGE_CURVE ( 'NONE', #2150, #6372, #743, .T. ) ;
#1306 = CARTESIAN_POINT ( 'NONE',  ( 0.0000000000000000000, 0.0000000000000000000, 0.0000000000000000000 ) ) ;
#1307 = STYLED_ITEM ( 'NONE', ( #4397 ), #6824 ) ;
#1308 = SHAPE_REPRESENTATION ( 'Free-Models5', ( #2386, #5535 ), #4653 ) ;
#1309 =( NAMED_UNIT ( * ) PLANE_ANGLE_UNIT ( ) SI_UNIT ( $, .RADIAN. ) );
#1310 = PRODUCT ( 'PINTSOP2-55', 'PINTSOP2-55', '', ( #6816 ) ) ;
#1311 = PRODUCT_DEFINITION_SHAPE ( 'NONE', 'NONE',  #7752 ) ;
#1312 = APPLICATION_PROTOCOL_DEFINITION ( 'draft international standard', 'automotive_design', 1998, #3154 ) ;
#1313 =( NAMED_UNIT ( * ) SI_UNIT ( $, .STERADIAN. ) SOLID_ANGLE_UNIT ( ) );
#1314 = PRODUCT_DEFINITION_SHAPE ( 'NONE', 'NONE',  #713 ) ;
#1315 = CONTEXT_DEPENDENT_SHAPE_REPRESENTATION ( #3735, #7434 ) ;
#1316 = PRODUCT_CONTEXT ( 'NONE', #5662, 'mechanical' ) ;
#1317 = VERTEX_POINT ( 'NONE', #2462 ) ;
#1318 =( REPRESENTATION_RELATIONSHIP ('NONE','NONE', #4137, #3918 ) REPRESENTATION_RELATIONSHIP_WITH_TRANSFORMATION ( #3712 )SHAPE_REPRESENTATION_RELATIONSHIP( ) );
#1319 = APPLICATION_PROTOCOL_DEFINITION ( 'draft international standard', 'automotive_design', 1998, #6226 ) ;
#1320 = UNCERTAINTY_MEASURE_WITH_UNIT (LENGTH_MEASURE( 1.000000000000000082E-05 ), #7443, 'distance_accuracy_value', 'NONE');
#1321 = CARTESIAN_POINT ( 'NONE',  ( 11.93717958000000046, -0.3050006599999999790, -0.4872999999999999554 ) ) ;
#1322 =( GEOMETRIC_REPRESENTATION_CONTEXT ( 3 ) GLOBAL_UNCERTAINTY_ASSIGNED_CONTEXT ( ( #1756 ) ) GLOBAL_UNIT_ASSIGNED_CONTEXT ( ( #5219, #5734, #6992 ) ) REPRESENTATION_CONTEXT ( 'NONE', 'WORKASPACE' ) );
#1323 = CARTESIAN_POINT ( 'NONE',  ( 0.0000000000000000000, 5.421010862427522170E-17, 0.0000000000000000000 ) ) ;
#1324 =( REPRESENTATION_RELATIONSHIP ('NONE','NONE', #1308, #6700 ) REPRESENTATION_RELATIONSHIP_WITH_TRANSFORMATION ( #5895 )SHAPE_REPRESENTATION_RELATIONSHIP( ) );
#1325 = DIRECTION ( 'NONE',  ( 1.000000000000000000, 0.0000000000000000000, 0.0000000000000000000 ) ) ;
#1326 = PRODUCT_RELATED_PRODUCT_CATEGORY ( 'part', '', ( #4099 ) ) ;
#1327 =( LENGTH_UNIT ( ) NAMED_UNIT ( * ) SI_UNIT ( .MILLI., .METRE. ) );
#1328 = PRODUCT_DEFINITION_SHAPE ( 'NONE', 'NONE',  #7553 ) ;
#1329 = PRODUCT_RELATED_PRODUCT_CATEGORY ( 'part', '', ( #5484 ) ) ;
#1330 = ITEM_DEFINED_TRANSFORMATION ( 'NONE', 'NONE', #793,  #1948 ) ;
#1331 = PRODUCT_CONTEXT ( 'NONE', #6119, 'mechanical' ) ;
#1332 = CARTESIAN_POINT ( 'NONE',  ( -0.6199987599999999821, -0.1850008999999999959, 0.2999999999999999889 ) ) ;
#1333 = CONTEXT_DEPENDENT_SHAPE_REPRESENTATION ( #522, #1503 ) ;
#1334 =( NAMED_UNIT ( * ) SI_UNIT ( $, .STERADIAN. ) SOLID_ANGLE_UNIT ( ) );
#1335 = ITEM_DEFINED_TRANSFORMATION ( 'NONE', 'NONE', #4412,  #4285 ) ;
#1336 = EDGE_CURVE ( 'NONE', #120, #4877, #4848, .T. ) ;
#1337 = PRODUCT_DEFINITION_SHAPE ( 'NONE', 'NONE',  #7671 ) ;
#1338 = DIRECTION ( 'NONE',  ( 0.0000000000000000000, 0.0000000000000000000, 1.000000000000000000 ) ) ;
#1339 = DIRECTION ( 'NONE',  ( 1.000000000000000000, 0.0000000000000000000, 0.0000000000000000000 ) ) ;
#1340 =( LENGTH_UNIT ( ) NAMED_UNIT ( * ) SI_UNIT ( .MILLI., .METRE. ) );
#1341 =( GEOMETRIC_REPRESENTATION_CONTEXT ( 3 ) GLOBAL_UNCERTAINTY_ASSIGNED_CONTEXT ( ( #4211 ) ) GLOBAL_UNIT_ASSIGNED_CONTEXT ( ( #6345, #328, #6950 ) ) REPRESENTATION_CONTEXT ( 'NONE', 'WORKASPACE' ) );
#1342 = CARTESIAN_POINT ( 'NONE',  ( 0.0000000000000000000, 0.0000000000000000000, 0.0000000000000000000 ) ) ;
#1343 = APPLICATION_CONTEXT ( 'automotive_design' ) ;
#1344 = ADVANCED_FACE ( 'NONE', ( #6031 ), #1913, .T. ) ;
#1345 = LINE ( 'NONE', #2633, #6840 ) ;
#1346 = PRODUCT_DEFINITION_SHAPE ( 'NONE', 'NONE',  #1430 ) ;
#1347 = CARTESIAN_POINT ( 'NONE',  ( 0.0000000000000000000, 0.001000760000000000278, 0.4165599999999999858 ) ) ;
#1348 = ORIENTED_EDGE ( 'NONE', *, *, #305, .F. ) ;
#1349 = APPLICATION_PROTOCOL_DEFINITION ( 'draft international standard', 'automotive_design', 1998, #6958 ) ;
#1350 = AXIS2_PLACEMENT_3D ( 'NONE', #6862, #5672, #7468 ) ;
#1351 = DIRECTION ( 'NONE',  ( 0.0000000000000000000, 0.0000000000000000000, 1.000000000000000000 ) ) ;
#1352 =( LENGTH_UNIT ( ) NAMED_UNIT ( * ) SI_UNIT ( .MILLI., .METRE. ) );
#1353 = AXIS2_PLACEMENT_3D ( 'NONE', #4755, #2398, #4994 ) ;
#1354 =( REPRESENTATION_RELATIONSHIP ('NONE','NONE', #4137, #687 ) REPRESENTATION_RELATIONSHIP_WITH_TRANSFORMATION ( #4568 )SHAPE_REPRESENTATION_RELATIONSHIP( ) );
#1355 = AXIS2_PLACEMENT_3D ( 'NONE', #3908, #4433, #4557 ) ;
#1356 = DIRECTION ( 'NONE',  ( -2.220446049250000002E-16, -1.000000000000000000, 0.0000000000000000000 ) ) ;
#1357 = VERTEX_POINT ( 'NONE', #7250 ) ;
#1358 = UNCERTAINTY_MEASURE_WITH_UNIT (LENGTH_MEASURE( 1.000000000000000082E-05 ), #6256, 'distance_accuracy_value', 'NONE');
#1359 = AXIS2_PLACEMENT_3D ( 'NONE', #959, #3370, #2805 ) ;
#1360 = CARTESIAN_POINT ( 'NONE',  ( 0.0000000000000000000, 0.0000000000000000000, 0.0000000000000000000 ) ) ;
#1361 = PRODUCT_DEFINITION_SHAPE ( 'NONE', 'NONE',  #2653 ) ;
#1362 = PRODUCT_DEFINITION_FORMATION_WITH_SPECIFIED_SOURCE ( 'ANY', '', #3976, .NOT_KNOWN. ) ;
#1363 = DIRECTION ( 'NONE',  ( 0.0000000000000000000, 0.0000000000000000000, 1.000000000000000000 ) ) ;
#1364 = CARTESIAN_POINT ( 'NONE',  ( 0.001000760000000000278, 0.1510004600000000030, 0.0000000000000000000 ) ) ;
#1365 =( GEOMETRIC_REPRESENTATION_CONTEXT ( 3 ) GLOBAL_UNCERTAINTY_ASSIGNED_CONTEXT ( ( #7073 ) ) GLOBAL_UNIT_ASSIGNED_CONTEXT ( ( #5249, #3967, #3898 ) ) REPRESENTATION_CONTEXT ( 'NONE', 'WORKASPACE' ) );
#1366 =( REPRESENTATION_RELATIONSHIP ('NONE','NONE', #6044, #5226 ) REPRESENTATION_RELATIONSHIP_WITH_TRANSFORMATION ( #900 )SHAPE_REPRESENTATION_RELATIONSHIP( ) );
#1367 = PRODUCT_CONTEXT ( 'NONE', #2286, 'mechanical' ) ;
#1368 = CARTESIAN_POINT ( 'NONE',  ( -0.1199997599999999970, -0.3150006399999999984, 0.0000000000000000000 ) ) ;
#1369 = ITEM_DEFINED_TRANSFORMATION ( 'NONE', 'NONE', #620,  #6914 ) ;
#1370 = ITEM_DEFINED_TRANSFORMATION ( 'NONE', 'NONE', #3661,  #1350 ) ;
#1371 = PRODUCT_DEFINITION_FORMATION_WITH_SPECIFIED_SOURCE ( 'ANY', '', #510, .NOT_KNOWN. ) ;
#1372 = FILL_AREA_STYLE ('',( #7360 ) ) ;
#1373 = CONTEXT_DEPENDENT_SHAPE_REPRESENTATION ( #4145, #3107 ) ;
#1374 = PRODUCT_DEFINITION_SHAPE ( 'NONE', 'NONE',  #2501 ) ;
#1375 = ITEM_DEFINED_TRANSFORMATION ( 'NONE', 'NONE', #2338,  #7179 ) ;
#1376 = UNCERTAINTY_MEASURE_WITH_UNIT (LENGTH_MEASURE( 1.000000000000000082E-05 ), #6582, 'distance_accuracy_value', 'NONE');
#1377 = CARTESIAN_POINT ( 'NONE',  ( 0.0000000000000000000, 0.0000000000000000000, -0.4038599999999989421 ) ) ;
#1378 = CARTESIAN_POINT ( 'NONE',  ( 0.0000000000000000000, 0.0000000000000000000, 0.0000000000000000000 ) ) ;
#1379 =( LENGTH_UNIT ( ) NAMED_UNIT ( * ) SI_UNIT ( .MILLI., .METRE. ) );
#1380 = DIRECTION ( 'NONE',  ( 0.0000000000000000000, 0.0000000000000000000, 1.000000000000000000 ) ) ;
#1381 = APPLICATION_CONTEXT ( 'automotive_design' ) ;
#1382 = AXIS2_PLACEMENT_3D ( 'NONE', #5261, #2304, #4633 ) ;
#1383 =( REPRESENTATION_RELATIONSHIP ('NONE','NONE', #3400, #6884 ) REPRESENTATION_RELATIONSHIP_WITH_TRANSFORMATION ( #7052 )SHAPE_REPRESENTATION_RELATIONSHIP( ) );
#1384 = PRODUCT_DEFINITION ( 'UNKNOWN', '', #6678, #4000 ) ;
#1385 = APPLICATION_PROTOCOL_DEFINITION ( 'draft international standard', 'automotive_design', 1998, #6500 ) ;
#1386 = PRODUCT_DEFINITION ( 'UNKNOWN', '', #5902, #2354 ) ;
#1387 = VECTOR ( 'NONE', #5985, 1000.000000000000000 ) ;
#1388 = AXIS2_PLACEMENT_3D ( 'NONE', #5943, #4804, #3501 ) ;
#1389 = AXIS2_PLACEMENT_3D ( 'NONE', #6827, #6903, #6430 ) ;
#1390 = DIRECTION ( 'NONE',  ( 0.0000000000000000000, 0.0000000000000000000, 1.000000000000000000 ) ) ;
#1391 = CARTESIAN_POINT ( 'NONE',  ( 11.11000064000000265, 5.080000000000000071, 0.0000000000000000000 ) ) ;
#1392 = CARTESIAN_POINT ( 'NONE',  ( 0.6200012999999999774, 0.1849983600000000006, 0.0000000000000000000 ) ) ;
#1393 = CARTESIAN_POINT ( 'NONE',  ( 0.6200012999999999774, 0.1849983600000000006, 0.0000000000000000000 ) ) ;
#1394 = SHAPE_DEFINITION_REPRESENTATION ( #1781, #4137 ) ;
#1395 = ORIENTED_EDGE ( 'NONE', *, *, #4377, .F. ) ;
#1396 = SHAPE_DEFINITION_REPRESENTATION ( #1761, #3470 ) ;
#1397 = APPLICATION_CONTEXT ( 'automotive_design' ) ;
#1398 = ADVANCED_FACE ( 'NONE', ( #1861 ), #4253, .T. ) ;
#1399 = AXIS2_PLACEMENT_3D ( 'NONE', #2234, #464, #3952 ) ;
#1400 = DIRECTION ( 'NONE',  ( 0.0000000000000000000, 0.0000000000000000000, 1.000000000000000000 ) ) ;
#1401 = PRODUCT_DEFINITION_SHAPE ( 'NONE', 'NONE',  #7516 ) ;
#1402 = CARTESIAN_POINT ( 'NONE',  ( 0.0000000000000000000, 0.0000000000000000000, 0.0000000000000000000 ) ) ;
#1403 = DIRECTION ( 'NONE',  ( 0.0000000000000000000, 0.0000000000000000000, 1.000000000000000000 ) ) ;
#1404 = CONTEXT_DEPENDENT_SHAPE_REPRESENTATION ( #1634, #3521 ) ;
#1405 = PRODUCT_DEFINITION_SHAPE ( 'NONE', 'NONE',  #1386 ) ;
#1406 = AXIS2_PLACEMENT_3D ( 'NONE', #1368, #4889, #4336 ) ;
#1407 = CARTESIAN_POINT ( 'NONE',  ( 17.53787957999999847, -0.3050006599999999790, -0.4872999999999999554 ) ) ;
#1408 = ORIENTED_EDGE ( 'NONE', *, *, #6175, .F. ) ;
#1409 = PRODUCT_DEFINITION_CONTEXT ( 'detailed design', #3911, 'design' ) ;
#1410 =( NAMED_UNIT ( * ) PLANE_ANGLE_UNIT ( ) SI_UNIT ( $, .RADIAN. ) );
#1411 =( NAMED_UNIT ( * ) PLANE_ANGLE_UNIT ( ) SI_UNIT ( $, .RADIAN. ) );
#1412 = CONTEXT_DEPENDENT_SHAPE_REPRESENTATION ( #6775, #5658 ) ;
#1413 = LINE ( 'NONE', #5006, #1808 ) ;
#1414 =( GEOMETRIC_REPRESENTATION_CONTEXT ( 3 ) GLOBAL_UNCERTAINTY_ASSIGNED_CONTEXT ( ( #936 ) ) GLOBAL_UNIT_ASSIGNED_CONTEXT ( ( #1983, #6222, #5635 ) ) REPRESENTATION_CONTEXT ( 'NONE', 'WORKASPACE' ) );
#1415 = DIRECTION ( 'NONE',  ( 0.0000000000000000000, 0.0000000000000000000, 1.000000000000000000 ) ) ;
#1416 = AXIS2_PLACEMENT_3D ( 'NONE', #4236, #3760, #6165 ) ;
#1417 = APPLICATION_PROTOCOL_DEFINITION ( 'draft international standard', 'automotive_design', 1998, #4586 ) ;
#1418 = FILL_AREA_STYLE_COLOUR ( '', #658 ) ;
#1419 =( GEOMETRIC_REPRESENTATION_CONTEXT ( 3 ) GLOBAL_UNCERTAINTY_ASSIGNED_CONTEXT ( ( #1566 ) ) GLOBAL_UNIT_ASSIGNED_CONTEXT ( ( #47, #1759, #4126 ) ) REPRESENTATION_CONTEXT ( 'NONE', 'WORKASPACE' ) );
#1420 = ITEM_DEFINED_TRANSFORMATION ( 'NONE', 'NONE', #3893,  #1948 ) ;
#1421 = DIRECTION ( 'NONE',  ( 0.0000000000000000000, 0.0000000000000000000, 1.000000000000000000 ) ) ;
#1422 =( REPRESENTATION_RELATIONSHIP ('NONE','NONE', #2846, #6270 ) REPRESENTATION_RELATIONSHIP_WITH_TRANSFORMATION ( #6106 )SHAPE_REPRESENTATION_RELATIONSHIP( ) );
#1423 = COLOUR_RGB ( '',1.000000000000000000, 1.000000000000000000, 1.000000000000000000 ) ;
#1424 = APPLICATION_PROTOCOL_DEFINITION ( 'draft international standard', 'automotive_design', 1998, #5032 ) ;
#1425 = DIRECTION ( 'NONE',  ( 1.000000000000000000, 0.0000000000000000000, 0.0000000000000000000 ) ) ;
#1426 =( NAMED_UNIT ( * ) PLANE_ANGLE_UNIT ( ) SI_UNIT ( $, .RADIAN. ) );
#1427 = AXIS2_PLACEMENT_3D ( 'NONE', #2361, #2929, #3612 ) ;
#1428 = DIRECTION ( 'NONE',  ( 1.000000000000000000, 0.0000000000000000000, 0.0000000000000000000 ) ) ;
#1429 = PRODUCT_DEFINITION ( 'UNKNOWN', '', #275, #6026 ) ;
#1430 = PRODUCT_DEFINITION ( 'UNKNOWN', '', #6415, #2061 ) ;
#1431 = PLANE ( 'NONE',  #2567 ) ;
#1432 = APPLICATION_CONTEXT ( 'automotive_design' ) ;
#1433 = CARTESIAN_POINT ( 'NONE',  ( 0.0000000000000000000, 0.0000000000000000000, 0.0000000000000000000 ) ) ;
#1434 = DIRECTION ( 'NONE',  ( 1.000000000000000000, 0.0000000000000000000, -0.0000000000000000000 ) ) ;
#1435 =( REPRESENTATION_RELATIONSHIP ('NONE','NONE', #687, #2275 ) REPRESENTATION_RELATIONSHIP_WITH_TRANSFORMATION ( #4827 )SHAPE_REPRESENTATION_RELATIONSHIP( ) );
#1436 = CONTEXT_DEPENDENT_SHAPE_REPRESENTATION ( #2796, #341 ) ;
#1437 = PRODUCT_CONTEXT ( 'NONE', #6066, 'mechanical' ) ;
#1438 = APPLICATION_PROTOCOL_DEFINITION ( 'draft international standard', 'automotive_design', 1998, #3551 ) ;
#1439 = SHAPE_REPRESENTATION ( '352644049', ( #1562, #2452 ), #2591 ) ;
#1440 = CONTEXT_DEPENDENT_SHAPE_REPRESENTATION ( #2998, #4109 ) ;
#1441 = EDGE_CURVE ( 'NONE', #769, #4362, #6711, .T. ) ;
#1442 = ORIENTED_EDGE ( 'NONE', *, *, #5700, .T. ) ;
#1443 = UNCERTAINTY_MEASURE_WITH_UNIT (LENGTH_MEASURE( 1.000000000000000082E-05 ), #4602, 'distance_accuracy_value', 'NONE');
#1444 = PRODUCT ( 'PINTSOP2-55', 'PINTSOP2-55', '', ( #2708 ) ) ;
#1445 = CONTEXT_DEPENDENT_SHAPE_REPRESENTATION ( #1470, #4874 ) ;
#1446 =( LENGTH_UNIT ( ) NAMED_UNIT ( * ) SI_UNIT ( .MILLI., .METRE. ) );
#1447 = CONTEXT_DEPENDENT_SHAPE_REPRESENTATION ( #690, #2522 ) ;
#1448 = LINE ( 'NONE', #4533, #7329 ) ;
#1449 = PRODUCT_DEFINITION_SHAPE ( 'NONE', 'NONE',  #3362 ) ;
#1450 = APPLICATION_PROTOCOL_DEFINITION ( 'draft international standard', 'automotive_design', 1998, #6746 ) ;
#1451 = DIRECTION ( 'NONE',  ( 0.0000000000000000000, -1.000000000000000000, 0.0000000000000000000 ) ) ;
#1452 = DIRECTION ( 'NONE',  ( 1.000000000000000000, 0.0000000000000000000, 0.0000000000000000000 ) ) ;
#1453 = PRODUCT_DEFINITION_SHAPE ( 'NONE', 'NONE',  #7650 ) ;
#1454 = PRESENTATION_STYLE_ASSIGNMENT (( #3833 ) ) ;
#1455 = AXIS2_PLACEMENT_3D ( 'NONE', #864, #4381, #1425 ) ;
#1456 = SHAPE_REPRESENTATION ( '352644049', ( #5543, #6667 ), #3267 ) ;
#1457 = APPLICATION_PROTOCOL_DEFINITION ( 'draft international standard', 'automotive_design', 1998, #4197 ) ;
#1458 = PRODUCT ( 'Free-Models5', 'Free-Models5', '', ( #5986 ) ) ;
#1459 =( REPRESENTATION_RELATIONSHIP ('NONE','NONE', #4137, #7385 ) REPRESENTATION_RELATIONSHIP_WITH_TRANSFORMATION ( #3820 )SHAPE_REPRESENTATION_RELATIONSHIP( ) );
#1460 = DIRECTION ( 'NONE',  ( -1.000000000000000000, 0.0000000000000000000, 0.0000000000000000000 ) ) ;
#1461 = CARTESIAN_POINT ( 'NONE',  ( 0.0000000000000000000, 0.0000000000000000000, 0.0000000000000000000 ) ) ;
#1462 = ITEM_DEFINED_TRANSFORMATION ( 'NONE', 'NONE', #400,  #1948 ) ;
#1463 = SHAPE_DEFINITION_REPRESENTATION ( #4104, #5991 ) ;
#1464 = APPLICATION_PROTOCOL_DEFINITION ( 'draft international standard', 'automotive_design', 1998, #4055 ) ;
#1465 = CARTESIAN_POINT ( 'NONE',  ( -0.3650005400000003175, -0.2449982400000000338, -0.2872993999999996495 ) ) ;
#1466 = PRODUCT_RELATED_PRODUCT_CATEGORY ( 'part', '', ( #454 ) ) ;
#1467 = PRODUCT_RELATED_PRODUCT_CATEGORY ( 'part', '', ( #135 ) ) ;
#1468 = ITEM_DEFINED_TRANSFORMATION ( 'NONE', 'NONE', #4635,  #5389 ) ;
#1469 = CARTESIAN_POINT ( 'NONE',  ( 0.0000000000000000000, 0.0000000000000000000, 0.0000000000000000000 ) ) ;
#1470 =( REPRESENTATION_RELATIONSHIP ('NONE','NONE', #6102, #5226 ) REPRESENTATION_RELATIONSHIP_WITH_TRANSFORMATION ( #5092 )SHAPE_REPRESENTATION_RELATIONSHIP( ) );
#1471 = PRODUCT_DEFINITION_SHAPE ( 'NONE', 'NONE',  #7614 ) ;
#1472 = DIRECTION ( 'NONE',  ( 1.110223024625000001E-16, 1.000000000000000000, 0.0000000000000000000 ) ) ;
#1473 = EDGE_LOOP ( 'NONE', ( #5749, #1881, #4567, #6520 ) ) ;
#1474 = AXIS2_PLACEMENT_3D ( 'NONE', #3427, #5828, #5235 ) ;
#1475 = UNCERTAINTY_MEASURE_WITH_UNIT (LENGTH_MEASURE( 1.000000000000000082E-05 ), #6012, 'distance_accuracy_value', 'NONE');
#1476 = PRODUCT_RELATED_PRODUCT_CATEGORY ( 'part', '', ( #4406 ) ) ;
#1477 = PRODUCT_DEFINITION ( 'UNKNOWN', '', #7158, #5197 ) ;
#1478 = DIRECTION ( 'NONE',  ( 0.0000000000000000000, 0.0000000000000000000, 1.000000000000000000 ) ) ;
#1479 = AXIS2_PLACEMENT_3D ( 'NONE', #3702, #4841, #783 ) ;
#1480 = ITEM_DEFINED_TRANSFORMATION ( 'NONE', 'NONE', #2648,  #1116 ) ;
#1481 =( LENGTH_UNIT ( ) NAMED_UNIT ( * ) SI_UNIT ( .MILLI., .METRE. ) );
#1482 = PRODUCT_DEFINITION_CONTEXT ( 'detailed design', #3871, 'design' ) ;
#1483 = CONTEXT_DEPENDENT_SHAPE_REPRESENTATION ( #831, #5796 ) ;
#1484 = PLANE ( 'NONE',  #908 ) ;
#1485 = PRODUCT_CONTEXT ( 'NONE', #4509, 'mechanical' ) ;
#1486 = ADVANCED_FACE ( 'NONE', ( #6309 ), #4290, .T. ) ;
#1487 = DIRECTION ( 'NONE',  ( 0.0000000000000000000, 0.0000000000000000000, 1.000000000000000000 ) ) ;
#1488 = PRODUCT_DEFINITION_SHAPE ( 'NONE', 'NONE',  #7637 ) ;
#1489 = ITEM_DEFINED_TRANSFORMATION ( 'NONE', 'NONE', #5797,  #1948 ) ;
#1490 = CONTEXT_DEPENDENT_SHAPE_REPRESENTATION ( #871, #4070 ) ;
#1491 = AXIS2_PLACEMENT_3D ( 'NONE', #1748, #6321, #6239 ) ;
#1492 = AXIS2_PLACEMENT_3D ( 'NONE', #1760, #6925, #3768 ) ;
#1493 = APPLICATION_CONTEXT ( 'automotive_design' ) ;
#1494 = APPLICATION_PROTOCOL_DEFINITION ( 'draft international standard', 'automotive_design', 1998, #7278 ) ;
#1495 = PRODUCT_DEFINITION_FORMATION_WITH_SPECIFIED_SOURCE ( 'ANY', '', #7118, .NOT_KNOWN. ) ;
#1496 = CARTESIAN_POINT ( 'NONE',  ( 0.0000000000000000000, 1.084202172485504434E-16, -0.4038599999999998302 ) ) ;
#1497 = APPLICATION_CONTEXT ( 'automotive_design' ) ;
#1498 = PRODUCT_DEFINITION_FORMATION_WITH_SPECIFIED_SOURCE ( 'ANY', '', #7270, .NOT_KNOWN. ) ;
#1499 = SHAPE_REPRESENTATION ( 'Free-Models5', ( #4640, #265 ), #3758 ) ;
#1500 =( NAMED_UNIT ( * ) PLANE_ANGLE_UNIT ( ) SI_UNIT ( $, .RADIAN. ) );
#1501 = CARTESIAN_POINT ( 'NONE',  ( 0.0000000000000000000, 0.0000000000000000000, 0.4165599999999999858 ) ) ;
#1502 = DIRECTION ( 'NONE',  ( 0.0000000000000000000, 0.0000000000000000000, 1.000000000000000000 ) ) ;
#1503 = PRODUCT_DEFINITION_SHAPE ( 'NONE', 'NONE',  #7504 ) ;
#1504 = PRODUCT_CONTEXT ( 'NONE', #4454, 'mechanical' ) ;
#1505 = EDGE_LOOP ( 'NONE', ( #6210, #389, #6292, #3213 ) ) ;
#1506 = SHAPE_DEFINITION_REPRESENTATION ( #2282, #1968 ) ;
#1507 = PRODUCT_DEFINITION_FORMATION_WITH_SPECIFIED_SOURCE ( 'ANY', '', #7007, .NOT_KNOWN. ) ;
#1508 = DIRECTION ( 'NONE',  ( 0.0000000000000000000, 0.0000000000000000000, 1.000000000000000000 ) ) ;
#1509 = DIRECTION ( 'NONE',  ( 0.0000000000000000000, 0.0000000000000000000, 1.000000000000000000 ) ) ;
#1510 = APPLICATION_CONTEXT ( 'automotive_design' ) ;
#1511 =( NAMED_UNIT ( * ) PLANE_ANGLE_UNIT ( ) SI_UNIT ( $, .RADIAN. ) );
#1512 =( NAMED_UNIT ( * ) PLANE_ANGLE_UNIT ( ) SI_UNIT ( $, .RADIAN. ) );
#1513 = PRODUCT_DEFINITION_SHAPE ( 'NONE', 'NONE',  #6394 ) ;
#1514 = CONTEXT_DEPENDENT_SHAPE_REPRESENTATION ( #4209, #4555 ) ;
#1515 = CARTESIAN_POINT ( 'NONE',  ( -0.3650005399999999844, -0.2449982400000000338, -0.2872993999999996495 ) ) ;
#1516 = PRESENTATION_STYLE_ASSIGNMENT (( #3989 ) ) ;
#1517 = EDGE_CURVE ( 'NONE', #4748, #4041, #7201, .T. ) ;
#1518 = DIRECTION ( 'NONE',  ( 0.0000000000000000000, 0.0000000000000000000, 1.000000000000000000 ) ) ;
#1519 = CONTEXT_DEPENDENT_SHAPE_REPRESENTATION ( #2278, #2109 ) ;
#1520 = AXIS2_PLACEMENT_3D ( 'NONE', #2773, #5418, #4372 ) ;
#1521 = VERTEX_POINT ( 'NONE', #5642 ) ;
#1522 = PRODUCT_DEFINITION_SHAPE ( 'NONE', 'NONE',  #7652 ) ;
#1523 =( NAMED_UNIT ( * ) PLANE_ANGLE_UNIT ( ) SI_UNIT ( $, .RADIAN. ) );
#1524 =( REPRESENTATION_RELATIONSHIP ('NONE','NONE', #4648, #4152 ) REPRESENTATION_RELATIONSHIP_WITH_TRANSFORMATION ( #2578 )SHAPE_REPRESENTATION_RELATIONSHIP( ) );
#1525 = AXIS2_PLACEMENT_3D ( 'NONE', #7314, #3733, #2445 ) ;
#1526 = DIRECTION ( 'NONE',  ( 0.0000000000000000000, 0.0000000000000000000, 1.000000000000000000 ) ) ;
#1527 = PRODUCT_DEFINITION_SHAPE ( 'NONE', 'NONE',  #7535 ) ;
#1528 = CONTEXT_DEPENDENT_SHAPE_REPRESENTATION ( #4865, #6988 ) ;
#1529 = PRODUCT_RELATED_PRODUCT_CATEGORY ( 'part', '', ( #6293 ) ) ;
#1530 = LINE ( 'NONE', #6341, #194 ) ;
#1531 = PRODUCT_RELATED_PRODUCT_CATEGORY ( 'part', '', ( #6295 ) ) ;
#1532 = DIRECTION ( 'NONE',  ( 1.000000000000000000, 0.0000000000000000000, 0.0000000000000000000 ) ) ;
#1533 = SHAPE_DEFINITION_REPRESENTATION ( #6335, #2592 ) ;
#1534 = DIRECTION ( 'NONE',  ( 0.0000000000000000000, 0.0000000000000000000, -1.000000000000000000 ) ) ;
#1535 = VECTOR ( 'NONE', #3475, 1000.000000000000000 ) ;
#1536 = DIRECTION ( 'NONE',  ( 1.000000000000000000, 0.0000000000000000000, 0.0000000000000000000 ) ) ;
#1537 = APPLICATION_CONTEXT ( 'automotive_design' ) ;
#1538 =( REPRESENTATION_RELATIONSHIP ('NONE','NONE', #4675, #6325 ) REPRESENTATION_RELATIONSHIP_WITH_TRANSFORMATION ( #6071 )SHAPE_REPRESENTATION_RELATIONSHIP( ) );
#1539 = CONTEXT_DEPENDENT_SHAPE_REPRESENTATION ( #4917, #1744 ) ;
#1540 = VECTOR ( 'NONE', #1534, 1000.000000000000000 ) ;
#1541 = DIRECTION ( 'NONE',  ( 0.0000000000000000000, 0.0000000000000000000, 1.000000000000000000 ) ) ;
#1542 = EDGE_CURVE ( 'NONE', #811, #3684, #7439, .T. ) ;
#1543 = ORIENTED_EDGE ( 'NONE', *, *, #1542, .F. ) ;
#1544 = APPLICATION_PROTOCOL_DEFINITION ( 'draft international standard', 'automotive_design', 1998, #5433 ) ;
#1545 = DIRECTION ( 'NONE',  ( 1.000000000000000000, 0.0000000000000000000, 0.0000000000000000000 ) ) ;
#1546 = MECHANICAL_DESIGN_GEOMETRIC_PRESENTATION_REPRESENTATION (  '', ( #3930 ), #7212 ) ;
#1547 = DIRECTION ( 'NONE',  ( 0.0000000000000000000, 0.0000000000000000000, 1.000000000000000000 ) ) ;
#1548 = APPLICATION_CONTEXT ( 'automotive_design' ) ;
#1549 = PRODUCT_DEFINITION_CONTEXT ( 'detailed design', #324, 'design' ) ;
#1550 = CARTESIAN_POINT ( 'NONE',  ( 0.0000000000000000000, 0.1510004600000000030, 0.4165599999999999858 ) ) ;
#1551 = DIRECTION ( 'NONE',  ( 1.000000000000000000, 0.0000000000000000000, 0.0000000000000000000 ) ) ;
#1552 = VECTOR ( 'NONE', #4434, 1000.000000000000000 ) ;
#1553 = APPLICATION_PROTOCOL_DEFINITION ( 'draft international standard', 'automotive_design', 1998, #2286 ) ;
#1554 = SHAPE_DEFINITION_REPRESENTATION ( #1590, #1439 ) ;
#1555 = CARTESIAN_POINT ( 'NONE',  ( 0.0000000000000000000, 0.0000000000000000000, 0.0000000000000000000 ) ) ;
#1556 = AXIS2_PLACEMENT_3D ( 'NONE', #4015, #6432, #5732 ) ;
#1557 = SHAPE_REPRESENTATION ( 'Free-Models5', ( #2137, #1103 ), #251 ) ;
#1558 = DIRECTION ( 'NONE',  ( 1.000000000000000000, 0.0000000000000000000, 0.0000000000000000000 ) ) ;
#1559 = CONTEXT_DEPENDENT_SHAPE_REPRESENTATION ( #7084, #5992 ) ;
#1560 =( NAMED_UNIT ( * ) SI_UNIT ( $, .STERADIAN. ) SOLID_ANGLE_UNIT ( ) );
#1561 =( NAMED_UNIT ( * ) SI_UNIT ( $, .STERADIAN. ) SOLID_ANGLE_UNIT ( ) );
#1562 = AXIS2_PLACEMENT_3D ( 'NONE', #897, #2103, #3312 ) ;
#1563 = DIRECTION ( 'NONE',  ( 0.0000000000000000000, 0.0000000000000000000, 1.000000000000000000 ) ) ;
#1564 = ORIENTED_EDGE ( 'NONE', *, *, #4438, .T. ) ;
#1565 = APPLICATION_PROTOCOL_DEFINITION ( 'draft international standard', 'automotive_design', 1998, #2728 ) ;
#1566 = UNCERTAINTY_MEASURE_WITH_UNIT (LENGTH_MEASURE( 1.000000000000000082E-05 ), #47, 'distance_accuracy_value', 'NONE');
#1567 = PRODUCT_DEFINITION_CONTEXT ( 'detailed design', #3313, 'design' ) ;
#1568 =( NAMED_UNIT ( * ) PLANE_ANGLE_UNIT ( ) SI_UNIT ( $, .RADIAN. ) );
#1569 = DIRECTION ( 'NONE',  ( 1.000000000000000000, 0.0000000000000000000, 0.0000000000000000000 ) ) ;
#1570 = PRODUCT_DEFINITION_SHAPE ( 'NONE', 'NONE',  #2401 ) ;
#1571 = DIRECTION ( 'NONE',  ( 0.0000000000000000000, 0.0000000000000000000, 1.000000000000000000 ) ) ;
#1572 = PRODUCT_DEFINITION_CONTEXT ( 'detailed design', #2025, 'design' ) ;
#1573 = ITEM_DEFINED_TRANSFORMATION ( 'NONE', 'NONE', #2454,  #1948 ) ;
#1574 = LINE ( 'NONE', #5801, #6462 ) ;
#1575 = CARTESIAN_POINT ( 'NONE',  ( 9.273999740000000713, 9.485000080000000722, -0.4872999999999999554 ) ) ;
#1576 = APPLICATION_PROTOCOL_DEFINITION ( 'draft international standard', 'automotive_design', 1998, #5384 ) ;
#1577 = DIRECTION ( 'NONE',  ( 0.0000000000000000000, -0.0000000000000000000, -1.000000000000000000 ) ) ;
#1578 =( REPRESENTATION_RELATIONSHIP ('NONE','NONE', #4137, #5044 ) REPRESENTATION_RELATIONSHIP_WITH_TRANSFORMATION ( #3380 )SHAPE_REPRESENTATION_RELATIONSHIP( ) );
#1579 = PRODUCT_RELATED_PRODUCT_CATEGORY ( 'part', '', ( #323 ) ) ;
#1580 = CONTEXT_DEPENDENT_SHAPE_REPRESENTATION ( #3046, #6573 ) ;
#1581 = PRODUCT_DEFINITION_SHAPE ( 'NONE', 'NONE',  #7486 ) ;
#1582 = AXIS2_PLACEMENT_3D ( 'NONE', #1942, #4327, #2681 ) ;
#1583 = PRODUCT_DEFINITION_CONTEXT ( 'detailed design', #508, 'design' ) ;
#1584 = DIRECTION ( 'NONE',  ( 0.0000000000000000000, 0.0000000000000000000, 1.000000000000000000 ) ) ;
#1585 = ORIENTED_EDGE ( 'NONE', *, *, #5155, .T. ) ;
#1586 = PRODUCT ( 'Board5', 'Board5', '', ( #768 ) ) ;
#1587 = PRODUCT_CONTEXT ( 'NONE', #5433, 'mechanical' ) ;
#1588 = APPLICATION_CONTEXT ( 'automotive_design' ) ;
#1589 = CARTESIAN_POINT ( 'NONE',  ( 0.0000000000000000000, 0.0000000000000000000, 0.0000000000000000000 ) ) ;
#1590 = PRODUCT_DEFINITION_SHAPE ( 'NONE', 'NONE',  #2555 ) ;
#1591 = PRODUCT_RELATED_PRODUCT_CATEGORY ( 'part', '', ( #1848 ) ) ;
#1592 = MANIFOLD_SOLID_BREP ( 'Imported1', #1932 ) ;
#1593 = CARTESIAN_POINT ( 'NONE',  ( 0.0000000000000000000, 0.0000000000000000000, 0.0000000000000000000 ) ) ;
#1594 = DIRECTION ( 'NONE',  ( 0.0000000000000000000, 0.0000000000000000000, -1.000000000000000000 ) ) ;
#1595 = DIRECTION ( 'NONE',  ( 0.0000000000000000000, 0.0000000000000000000, 1.000000000000000000 ) ) ;
#1596 = SHAPE_DEFINITION_REPRESENTATION ( #7440, #3837 ) ;
#1597 = APPLICATION_PROTOCOL_DEFINITION ( 'draft international standard', 'automotive_design', 1998, #2937 ) ;
#1598 = CARTESIAN_POINT ( 'NONE',  ( -0.3650005400000003175, -0.2449982400000000893, -0.2872993999999996495 ) ) ;
#1599 = PRODUCT_DEFINITION_SHAPE ( 'NONE', 'NONE',  #7581 ) ;
#1600 = EDGE_CURVE ( 'NONE', #5713, #811, #5687, .T. ) ;
#1601 = CONTEXT_DEPENDENT_SHAPE_REPRESENTATION ( #2913, #4307 ) ;
#1602 = EDGE_LOOP ( 'NONE', ( #3339, #6575 ) ) ;
#1603 = SHAPE_DEFINITION_REPRESENTATION ( #4642, #5552 ) ;
#1604 = UNCERTAINTY_MEASURE_WITH_UNIT (LENGTH_MEASURE( 1.000000000000000082E-05 ), #6845, 'distance_accuracy_value', 'NONE');
#1605 = CONTEXT_DEPENDENT_SHAPE_REPRESENTATION ( #7216, #2616 ) ;
#1606 = CARTESIAN_POINT ( 'NONE',  ( 0.0000000000000000000, 0.0000000000000000000, 0.0000000000000000000 ) ) ;
#1607 = CARTESIAN_POINT ( 'NONE',  ( 1.734723475976807094E-15, 0.0000000000000000000, 0.0000000000000000000 ) ) ;
#1608 = APPLICATION_CONTEXT ( 'automotive_design' ) ;
#1609 =( NAMED_UNIT ( * ) SI_UNIT ( $, .STERADIAN. ) SOLID_ANGLE_UNIT ( ) );
#1610 = CONTEXT_DEPENDENT_SHAPE_REPRESENTATION ( #7177, #6791 ) ;
#1611 = AXIS2_PLACEMENT_3D ( 'NONE', #1041, #692, #5500 ) ;
#1612 = CARTESIAN_POINT ( 'NONE',  ( 0.0000000000000000000, 0.1499997000000000136, 0.4165599999999999858 ) ) ;
#1613 = DIRECTION ( 'NONE',  ( 1.000000000000000000, -1.110223024625000001E-16, 1.110223024625000001E-16 ) ) ;
#1614 = AXIS2_PLACEMENT_3D ( 'NONE', #2336, #1829, #1226 ) ;
#1615 = PRODUCT_DEFINITION_SHAPE ( 'NONE', 'NONE',  #4851 ) ;
#1616 = PRODUCT_DEFINITION_SHAPE ( 'NONE', 'NONE',  #7710 ) ;
#1617 = CONTEXT_DEPENDENT_SHAPE_REPRESENTATION ( #5623, #1616 ) ;
#1618 = FACE_OUTER_BOUND ( 'NONE', #1251, .T. ) ;
#1619 = APPLICATION_CONTEXT ( 'automotive_design' ) ;
#1620 = AXIS2_PLACEMENT_3D ( 'NONE', #5156, #6771, #5673 ) ;
#1621 = ORIENTED_EDGE ( 'NONE', *, *, #6013, .F. ) ;
#1622 = APPLICATION_PROTOCOL_DEFINITION ( 'draft international standard', 'automotive_design', 1998, #809 ) ;
#1623 = DIRECTION ( 'NONE',  ( 0.0000000000000000000, 0.0000000000000000000, 1.000000000000000000 ) ) ;
#1624 = AXIS2_PLACEMENT_3D ( 'NONE', #6806, #6287, #5118 ) ;
#1625 =( GEOMETRIC_REPRESENTATION_CONTEXT ( 3 ) GLOBAL_UNCERTAINTY_ASSIGNED_CONTEXT ( ( #3258 ) ) GLOBAL_UNIT_ASSIGNED_CONTEXT ( ( #4797, #6614, #5629 ) ) REPRESENTATION_CONTEXT ( 'NONE', 'WORKASPACE' ) );
#1626 =( LENGTH_UNIT ( ) NAMED_UNIT ( * ) SI_UNIT ( .MILLI., .METRE. ) );
#1627 = SURFACE_STYLE_USAGE ( .BOTH. , #1918 ) ;
#1628 = PRODUCT_DEFINITION_FORMATION_WITH_SPECIFIED_SOURCE ( 'ANY', '', #3341, .NOT_KNOWN. ) ;
#1629 =( NAMED_UNIT ( * ) PLANE_ANGLE_UNIT ( ) SI_UNIT ( $, .RADIAN. ) );
#1630 = PRODUCT_RELATED_PRODUCT_CATEGORY ( 'part', '', ( #3962 ) ) ;
#1631 = APPLICATION_CONTEXT ( 'automotive_design' ) ;
#1632 = SHAPE_DEFINITION_REPRESENTATION ( #4995, #1679 ) ;
#1633 =( GEOMETRIC_REPRESENTATION_CONTEXT ( 3 ) GLOBAL_UNCERTAINTY_ASSIGNED_CONTEXT ( ( #6602 ) ) GLOBAL_UNIT_ASSIGNED_CONTEXT ( ( #3054, #4776, #1007 ) ) REPRESENTATION_CONTEXT ( 'NONE', 'WORKASPACE' ) );
#1634 =( REPRESENTATION_RELATIONSHIP ('NONE','NONE', #748, #5226 ) REPRESENTATION_RELATIONSHIP_WITH_TRANSFORMATION ( #241 )SHAPE_REPRESENTATION_RELATIONSHIP( ) );
#1635 = SHAPE_DEFINITION_REPRESENTATION ( #3219, #2275 ) ;
#1636 = VECTOR ( 'NONE', #3131, 1000.000000000000000 ) ;
#1637 = PRODUCT_DEFINITION_FORMATION_WITH_SPECIFIED_SOURCE ( 'ANY', '', #1310, .NOT_KNOWN. ) ;
#1638 = CARTESIAN_POINT ( 'NONE',  ( 0.0000000000000000000, 0.0000000000000000000, 0.0000000000000000000 ) ) ;
#1639 = UNCERTAINTY_MEASURE_WITH_UNIT (LENGTH_MEASURE( 1.000000000000000082E-05 ), #5474, 'distance_accuracy_value', 'NONE');
#1640 =( LENGTH_UNIT ( ) NAMED_UNIT ( * ) SI_UNIT ( .MILLI., .METRE. ) );
#1641 = DIRECTION ( 'NONE',  ( 0.0000000000000000000, 0.0000000000000000000, 1.000000000000000000 ) ) ;
#1642 =( LENGTH_UNIT ( ) NAMED_UNIT ( * ) SI_UNIT ( .MILLI., .METRE. ) );
#1643 = EDGE_CURVE ( 'NONE', #1685, #120, #292, .T. ) ;
#1644 = PRODUCT_DEFINITION_FORMATION_WITH_SPECIFIED_SOURCE ( 'ANY', '', #2972, .NOT_KNOWN. ) ;
#1645 = CARTESIAN_POINT ( 'NONE',  ( 0.0000000000000000000, 0.0000000000000000000, 0.0000000000000000000 ) ) ;
#1646 = ORIENTED_EDGE ( 'NONE', *, *, #6312, .F. ) ;
#1647 = PRODUCT_CONTEXT ( 'NONE', #4808, 'mechanical' ) ;
#1648 = APPLICATION_CONTEXT ( 'automotive_design' ) ;
#1649 =( GEOMETRIC_REPRESENTATION_CONTEXT ( 3 ) GLOBAL_UNCERTAINTY_ASSIGNED_CONTEXT ( ( #7369 ) ) GLOBAL_UNIT_ASSIGNED_CONTEXT ( ( #1842, #661, #2480 ) ) REPRESENTATION_CONTEXT ( 'NONE', 'WORKASPACE' ) );
#1650 =( REPRESENTATION_RELATIONSHIP ('NONE','NONE', #3356, #2568 ) REPRESENTATION_RELATIONSHIP_WITH_TRANSFORMATION ( #739 )SHAPE_REPRESENTATION_RELATIONSHIP( ) );
#1651 = PRODUCT_DEFINITION_SHAPE ( 'NONE', 'NONE',  #7482 ) ;
#1652 = PRODUCT_DEFINITION_CONTEXT ( 'detailed design', #4523, 'design' ) ;
#1653 = PRODUCT ( 'Free-Models5', 'Free-Models5', '', ( #6628 ) ) ;
#1654 = CARTESIAN_POINT ( 'NONE',  ( 0.0000000000000000000, 0.0000000000000000000, 0.0000000000000000000 ) ) ;
#1655 = DIRECTION ( 'NONE',  ( 0.0000000000000000000, -0.0000000000000000000, -1.000000000000000000 ) ) ;
#1656 = ITEM_DEFINED_TRANSFORMATION ( 'NONE', 'NONE', #3262,  #1948 ) ;
#1657 = PRODUCT ( '352644049', '352644049', '', ( #1316 ) ) ;
#1658 = AXIS2_PLACEMENT_3D ( 'NONE', #6418, #470, #1017 ) ;
#1659 = DIRECTION ( 'NONE',  ( 0.0000000000000000000, 0.0000000000000000000, -1.000000000000000000 ) ) ;
#1660 = DIRECTION ( 'NONE',  ( 1.000000000000000000, -1.110223024625000001E-16, 1.110223024625000001E-16 ) ) ;
#1661 = PRODUCT ( 'PINTSOP2-55', 'PINTSOP2-55', '', ( #2717 ) ) ;
#1662 = SHAPE_DEFINITION_REPRESENTATION ( #3080, #2322 ) ;
#1663 = APPLICATION_CONTEXT ( 'automotive_design' ) ;
#1664 = AXIS2_PLACEMENT_3D ( 'NONE', #5666, #6893, #7464 ) ;
#1665 = CONTEXT_DEPENDENT_SHAPE_REPRESENTATION ( #1019, #4696 ) ;
#1666 = PRODUCT_DEFINITION_CONTEXT ( 'detailed design', #7000, 'design' ) ;
#1667 = ITEM_DEFINED_TRANSFORMATION ( 'NONE', 'NONE', #5957,  #200 ) ;
#1668 = DIRECTION ( 'NONE',  ( 0.0000000000000000000, 0.0000000000000000000, 1.000000000000000000 ) ) ;
#1669 = SURFACE_STYLE_FILL_AREA ( #5843 ) ;
#1670 = PRODUCT_DEFINITION_SHAPE ( 'NONE', 'NONE',  #7565 ) ;
#1671 = APPLICATION_PROTOCOL_DEFINITION ( 'draft international standard', 'automotive_design', 1998, #3951 ) ;
#1672 =( NAMED_UNIT ( * ) PLANE_ANGLE_UNIT ( ) SI_UNIT ( $, .RADIAN. ) );
#1673 = PRODUCT_DEFINITION_SHAPE ( 'NONE', 'NONE',  #572 ) ;
#1674 = APPLICATION_CONTEXT ( 'automotive_design' ) ;
#1675 =( NAMED_UNIT ( * ) SI_UNIT ( $, .STERADIAN. ) SOLID_ANGLE_UNIT ( ) );
#1676 = APPLICATION_PROTOCOL_DEFINITION ( 'draft international standard', 'automotive_design', 1998, #1397 ) ;
#1677 = SHAPE_DEFINITION_REPRESENTATION ( #3771, #2865 ) ;
#1678 =( NAMED_UNIT ( * ) PLANE_ANGLE_UNIT ( ) SI_UNIT ( $, .RADIAN. ) );
#1679 = SHAPE_REPRESENTATION ( 'PINTSOP2-55', ( #6039, #2389, #1002 ), #4017 ) ;
#1680 =( NAMED_UNIT ( * ) PLANE_ANGLE_UNIT ( ) SI_UNIT ( $, .RADIAN. ) );
#1681 = PRODUCT_DEFINITION ( 'UNKNOWN', '', #5050, #2824 ) ;
#1682 = DIRECTION ( 'NONE',  ( 1.000000000000000000, 0.0000000000000000000, 0.0000000000000000000 ) ) ;
#1683 = DIRECTION ( 'NONE',  ( 1.000000000000000000, 0.0000000000000000000, 0.0000000000000000000 ) ) ;
#1684 =( LENGTH_UNIT ( ) NAMED_UNIT ( * ) SI_UNIT ( .MILLI., .METRE. ) );
#1685 = VERTEX_POINT ( 'NONE', #5759 ) ;
#1686 = PRODUCT_CONTEXT ( 'NONE', #5469, 'mechanical' ) ;
#1687 = UNCERTAINTY_MEASURE_WITH_UNIT (LENGTH_MEASURE( 1.000000000000000082E-05 ), #5378, 'distance_accuracy_value', 'NONE');
#1688 =( GEOMETRIC_REPRESENTATION_CONTEXT ( 3 ) GLOBAL_UNCERTAINTY_ASSIGNED_CONTEXT ( ( #5440 ) ) GLOBAL_UNIT_ASSIGNED_CONTEXT ( ( #6730, #5470, #6694 ) ) REPRESENTATION_CONTEXT ( 'NONE', 'WORKASPACE' ) );
#1689 = PRODUCT_DEFINITION_SHAPE ( 'NONE', 'NONE',  #7724 ) ;
#1690 = CARTESIAN_POINT ( 'NONE',  ( 0.0000000000000000000, 0.1499997000000000136, 0.4165599999999999858 ) ) ;
#1691 = PRODUCT_DEFINITION ( 'UNKNOWN', '', #5289, #5674 ) ;
#1692 = AXIS2_PLACEMENT_3D ( 'NONE', #143, #5059, #1452 ) ;
#1693 = ITEM_DEFINED_TRANSFORMATION ( 'NONE', 'NONE', #5459,  #1948 ) ;
#1694 = APPLICATION_CONTEXT ( 'automotive_design' ) ;
#1695 = DIRECTION ( 'NONE',  ( -1.000000000000000000, 2.220446049250000002E-16, 1.110223024625000001E-16 ) ) ;
#1696 =( REPRESENTATION_RELATIONSHIP ('NONE','NONE', #2275, #3649 ) REPRESENTATION_RELATIONSHIP_WITH_TRANSFORMATION ( #150 )SHAPE_REPRESENTATION_RELATIONSHIP( ) );
#1697 = DIRECTION ( 'NONE',  ( 0.0000000000000000000, 0.0000000000000000000, 1.000000000000000000 ) ) ;
#1698 = DIRECTION ( 'NONE',  ( 1.000000000000000000, 0.0000000000000000000, 0.0000000000000000000 ) ) ;
#1699 = FILL_AREA_STYLE ('',( #356 ) ) ;
#1700 = ITEM_DEFINED_TRANSFORMATION ( 'NONE', 'NONE', #2312,  #1948 ) ;
#1701 = SHAPE_REPRESENTATION ( 'PINTSOP2-55', ( #6330, #3552, #2825 ), #2695 ) ;
#1702 = DIRECTION ( 'NONE',  ( -0.0000000000000000000, 1.000000000000000000, 0.0000000000000000000 ) ) ;
#1703 = PRODUCT_DEFINITION_SHAPE ( 'NONE', 'NONE',  #6107 ) ;
#1704 = APPLICATION_CONTEXT ( 'automotive_design' ) ;
#1705 = EDGE_LOOP ( 'NONE', ( #7341, #5410, #2956, #983 ) ) ;
#1706 = UNCERTAINTY_MEASURE_WITH_UNIT (LENGTH_MEASURE( 1.000000000000000082E-05 ), #2021, 'distance_accuracy_value', 'NONE');
#1707 = DIRECTION ( 'NONE',  ( 1.000000000000000000, 0.0000000000000000000, 0.0000000000000000000 ) ) ;
#1708 = PRODUCT_DEFINITION_SHAPE ( 'NONE', 'NONE',  #7477 ) ;
#1709 = AXIS2_PLACEMENT_3D ( 'NONE', #5023, #6237, #2594 ) ;
#1710 = APPLICATION_PROTOCOL_DEFINITION ( 'draft international standard', 'automotive_design', 1998, #6887 ) ;
#1711 = APPLICATION_CONTEXT ( 'automotive_design' ) ;
#1712 = PRODUCT ( '352644049', '352644049', '', ( #650 ) ) ;
#1713 = UNCERTAINTY_MEASURE_WITH_UNIT (LENGTH_MEASURE( 1.000000000000000082E-05 ), #2115, 'distance_accuracy_value', 'NONE');
#1714 = DIRECTION ( 'NONE',  ( 1.000000000000000000, 0.0000000000000000000, 0.0000000000000000000 ) ) ;
#1715 = VERTEX_POINT ( 'NONE', #3933 ) ;
#1716 = SHAPE_REPRESENTATION ( 'Board5', ( #1948 ), #2721 ) ;
#1717 = APPLICATION_PROTOCOL_DEFINITION ( 'draft international standard', 'automotive_design', 1998, #4808 ) ;
#1718 = PRODUCT_DEFINITION ( 'UNKNOWN', '', #7407, #6468 ) ;
#1719 = ITEM_DEFINED_TRANSFORMATION ( 'NONE', 'NONE', #529,  #6919 ) ;
#1720 = PRODUCT_DEFINITION_CONTEXT ( 'detailed design', #4982, 'design' ) ;
#1721 = PRODUCT_DEFINITION_CONTEXT ( 'detailed design', #1102, 'design' ) ;
#1722 = CARTESIAN_POINT ( 'NONE',  ( 0.0000000000000000000, 0.0000000000000000000, 0.0000000000000000000 ) ) ;
#1723 = ITEM_DEFINED_TRANSFORMATION ( 'NONE', 'NONE', #3763,  #1948 ) ;
#1724 =( NAMED_UNIT ( * ) SI_UNIT ( $, .STERADIAN. ) SOLID_ANGLE_UNIT ( ) );
#1725 =( REPRESENTATION_RELATIONSHIP ('NONE','NONE', #4137, #3375 ) REPRESENTATION_RELATIONSHIP_WITH_TRANSFORMATION ( #3995 )SHAPE_REPRESENTATION_RELATIONSHIP( ) );
#1726 = DIRECTION ( 'NONE',  ( 1.110223024625000001E-16, 1.000000000000000000, 0.0000000000000000000 ) ) ;
#1727 = PRODUCT_RELATED_PRODUCT_CATEGORY ( 'part', '', ( #3211 ) ) ;
#1728 = PRODUCT_DEFINITION ( 'UNKNOWN', '', #3136, #6376 ) ;
#1729 = DIRECTION ( 'NONE',  ( 1.000000000000000000, 0.0000000000000000000, 0.0000000000000000000 ) ) ;
#1730 = CARTESIAN_POINT ( 'NONE',  ( 0.0000000000000000000, 0.0000000000000000000, 0.0000000000000000000 ) ) ;
#1731 =( GEOMETRIC_REPRESENTATION_CONTEXT ( 3 ) GLOBAL_UNCERTAINTY_ASSIGNED_CONTEXT ( ( #7047 ) ) GLOBAL_UNIT_ASSIGNED_CONTEXT ( ( #2180, #2822, #6619 ) ) REPRESENTATION_CONTEXT ( 'NONE', 'WORKASPACE' ) );
#1732 = APPLICATION_CONTEXT ( 'automotive_design' ) ;
#1733 = PRODUCT_DEFINITION_CONTEXT ( 'detailed design', #1493, 'design' ) ;
#1734 =( REPRESENTATION_RELATIONSHIP ('NONE','NONE', #6102, #7442 ) REPRESENTATION_RELATIONSHIP_WITH_TRANSFORMATION ( #2730 )SHAPE_REPRESENTATION_RELATIONSHIP( ) );
#1735 =( NAMED_UNIT ( * ) PLANE_ANGLE_UNIT ( ) SI_UNIT ( $, .RADIAN. ) );
#1736 = ADVANCED_FACE ( 'NONE', ( #3352 ), #3964, .T. ) ;
#1737 = VERTEX_POINT ( 'NONE', #5352 ) ;
#1738 = CONTEXT_DEPENDENT_SHAPE_REPRESENTATION ( #2737, #2159 ) ;
#1739 = DIRECTION ( 'NONE',  ( 0.0000000000000000000, 0.0000000000000000000, 1.000000000000000000 ) ) ;
#1740 = SHAPE_REPRESENTATION ( 'Free-Models5', ( #4833, #74 ), #5100 ) ;
#1741 =( GEOMETRIC_REPRESENTATION_CONTEXT ( 3 ) GLOBAL_UNCERTAINTY_ASSIGNED_CONTEXT ( ( #3185 ) ) GLOBAL_UNIT_ASSIGNED_CONTEXT ( ( #7183, #1743, #1273 ) ) REPRESENTATION_CONTEXT ( 'NONE', 'WORKASPACE' ) );
#1742 = PRODUCT ( 'PINTSOP2-55', 'PINTSOP2-55', '', ( #2847 ) ) ;
#1743 =( NAMED_UNIT ( * ) PLANE_ANGLE_UNIT ( ) SI_UNIT ( $, .RADIAN. ) );
#1744 = PRODUCT_DEFINITION_SHAPE ( 'NONE', 'NONE',  #7696 ) ;
#1745 = APPLICATION_PROTOCOL_DEFINITION ( 'draft international standard', 'automotive_design', 1998, #6910 ) ;
#1746 = CARTESIAN_POINT ( 'NONE',  ( 0.0000000000000000000, 0.0000000000000000000, 0.0000000000000000000 ) ) ;
#1747 = PRODUCT_DEFINITION_FORMATION_WITH_SPECIFIED_SOURCE ( 'ANY', '', #5191, .NOT_KNOWN. ) ;
#1748 = CARTESIAN_POINT ( 'NONE',  ( 0.0000000000000000000, 0.0000000000000000000, 0.0000000000000000000 ) ) ;
#1749 = DIRECTION ( 'NONE',  ( 0.0000000000000000000, 0.0000000000000000000, -1.000000000000000000 ) ) ;
#1750 =( GEOMETRIC_REPRESENTATION_CONTEXT ( 3 ) GLOBAL_UNCERTAINTY_ASSIGNED_CONTEXT ( ( #887 ) ) GLOBAL_UNIT_ASSIGNED_CONTEXT ( ( #4034, #381, #6447 ) ) REPRESENTATION_CONTEXT ( 'NONE', 'WORKASPACE' ) );
#1751 = APPLICATION_CONTEXT ( 'automotive_design' ) ;
#1752 = ORIENTED_EDGE ( 'NONE', *, *, #1517, .F. ) ;
#1753 = ITEM_DEFINED_TRANSFORMATION ( 'NONE', 'NONE', #2760,  #1948 ) ;
#1754 = PRODUCT_CONTEXT ( 'NONE', #4215, 'mechanical' ) ;
#1755 = PRODUCT_DEFINITION_FORMATION_WITH_SPECIFIED_SOURCE ( 'ANY', '', #1885, .NOT_KNOWN. ) ;
#1756 = UNCERTAINTY_MEASURE_WITH_UNIT (LENGTH_MEASURE( 1.000000000000000082E-05 ), #5219, 'distance_accuracy_value', 'NONE');
#1757 = SURFACE_SIDE_STYLE ('',( #744 ) ) ;
#1758 = AXIS2_PLACEMENT_3D ( 'NONE', #6953, #1541, #357 ) ;
#1759 =( NAMED_UNIT ( * ) PLANE_ANGLE_UNIT ( ) SI_UNIT ( $, .RADIAN. ) );
#1760 = CARTESIAN_POINT ( 'NONE',  ( 0.0000000000000000000, 0.0000000000000000000, 0.0000000000000000000 ) ) ;
#1761 = PRODUCT_DEFINITION_SHAPE ( 'NONE', 'NONE',  #7220 ) ;
#1762 = CONTEXT_DEPENDENT_SHAPE_REPRESENTATION ( #2606, #4785 ) ;
#1763 = DIRECTION ( 'NONE',  ( 0.0000000000000000000, 0.0000000000000000000, 1.000000000000000000 ) ) ;
#1764 = SHAPE_REPRESENTATION ( '352644049', ( #5527, #6391 ), #6521 ) ;
#1765 = PRODUCT_DEFINITION_SHAPE ( 'NONE', 'NONE',  #7588 ) ;
#1766 = SHAPE_REPRESENTATION ( 'Free-Models5', ( #3249, #1253 ), #2023 ) ;
#1767 = DIRECTION ( 'NONE',  ( 1.110223024625000001E-16, 1.000000000000000000, 0.0000000000000000000 ) ) ;
#1768 =( GEOMETRIC_REPRESENTATION_CONTEXT ( 3 ) GLOBAL_UNCERTAINTY_ASSIGNED_CONTEXT ( ( #988 ) ) GLOBAL_UNIT_ASSIGNED_CONTEXT ( ( #6469, #2287, #3355 ) ) REPRESENTATION_CONTEXT ( 'NONE', 'WORKASPACE' ) );
#1769 =( NAMED_UNIT ( * ) PLANE_ANGLE_UNIT ( ) SI_UNIT ( $, .RADIAN. ) );
#1770 = CARTESIAN_POINT ( 'NONE',  ( 0.0000000000000000000, 0.0000000000000000000, 0.0000000000000000000 ) ) ;
#1771 = VECTOR ( 'NONE', #1097, 1000.000000000000000 ) ;
#1772 = APPLICATION_CONTEXT ( 'automotive_design' ) ;
#1773 =( LENGTH_UNIT ( ) NAMED_UNIT ( * ) SI_UNIT ( .MILLI., .METRE. ) );
#1774 = AXIS2_PLACEMENT_3D ( 'NONE', #3481, #5883, #492 ) ;
#1775 = ITEM_DEFINED_TRANSFORMATION ( 'NONE', 'NONE', #5525,  #5291 ) ;
#1776 = PRODUCT ( 'Board4', 'Board4', '', ( #2830 ) ) ;
#1777 = PRODUCT_DEFINITION ( 'UNKNOWN', '', #5551, #5516 ) ;
#1778 = ITEM_DEFINED_TRANSFORMATION ( 'NONE', 'NONE', #428,  #1556 ) ;
#1779 = LINE ( 'NONE', #1216, #3063 ) ;
#1780 = VERTEX_POINT ( 'NONE', #7086 ) ;
#1781 = PRODUCT_DEFINITION_SHAPE ( 'NONE', 'NONE',  #4626 ) ;
#1782 = DIRECTION ( 'NONE',  ( 0.0000000000000000000, 0.0000000000000000000, 1.000000000000000000 ) ) ;
#1783 = AXIS2_PLACEMENT_3D ( 'NONE', #2969, #5363, #2176 ) ;
#1784 = PRODUCT_DEFINITION_SHAPE ( 'NONE', 'NONE',  #4418 ) ;
#1785 = APPLICATION_CONTEXT ( 'automotive_design' ) ;
#1786 = ADVANCED_FACE ( 'NONE', ( #540 ), #7111, .F. ) ;
#1787 = AXIS2_PLACEMENT_3D ( 'NONE', #1814, #3694, #2530 ) ;
#1788 = PRODUCT_DEFINITION_SHAPE ( 'NONE', 'NONE',  #7675 ) ;
#1789 = PRODUCT_DEFINITION_CONTEXT ( 'detailed design', #5590, 'design' ) ;
#1790 = FILL_AREA_STYLE_COLOUR ( '', #6455 ) ;
#1791 = CARTESIAN_POINT ( 'NONE',  ( 0.0000000000000000000, 0.0000000000000000000, 0.0000000000000000000 ) ) ;
#1792 = DIRECTION ( 'NONE',  ( 1.000000000000000000, 0.0000000000000000000, 0.0000000000000000000 ) ) ;
#1793 = APPLICATION_PROTOCOL_DEFINITION ( 'draft international standard', 'automotive_design', 1998, #264 ) ;
#1794 = DIRECTION ( 'NONE',  ( 0.0000000000000000000, 0.0000000000000000000, 1.000000000000000000 ) ) ;
#1795 = UNCERTAINTY_MEASURE_WITH_UNIT (LENGTH_MEASURE( 1.000000000000000082E-05 ), #6344, 'distance_accuracy_value', 'NONE');
#1796 = SHAPE_REPRESENTATION ( '352644049', ( #200, #2312 ), #7462 ) ;
#1797 =( NAMED_UNIT ( * ) SI_UNIT ( $, .STERADIAN. ) SOLID_ANGLE_UNIT ( ) );
#1798 = APPLICATION_CONTEXT ( 'automotive_design' ) ;
#1799 = UNCERTAINTY_MEASURE_WITH_UNIT (LENGTH_MEASURE( 1.000000000000000082E-05 ), #3979, 'distance_accuracy_value', 'NONE');
#1800 = LINE ( 'NONE', #4718, #6964 ) ;
#1801 = AXIS2_PLACEMENT_3D ( 'NONE', #5288, #2181, #6425 ) ;
#1802 = DIRECTION ( 'NONE',  ( 0.0000000000000000000, 0.0000000000000000000, 1.000000000000000000 ) ) ;
#1803 = VECTOR ( 'NONE', #2714, 1000.000000000000000 ) ;
#1804 = CARTESIAN_POINT ( 'NONE',  ( 0.0000000000000000000, 0.0000000000000000000, 0.0000000000000000000 ) ) ;
#1805 = ORIENTED_EDGE ( 'NONE', *, *, #2675, .T. ) ;
#1806 = PRODUCT_CONTEXT ( 'NONE', #3404, 'mechanical' ) ;
#1807 = PRODUCT_DEFINITION_CONTEXT ( 'detailed design', #734, 'design' ) ;
#1808 = VECTOR ( 'NONE', #6534, 1000.000000000000000 ) ;
#1809 = PRODUCT_DEFINITION_CONTEXT ( 'detailed design', #809, 'design' ) ;
#1810 = DIRECTION ( 'NONE',  ( 0.0000000000000000000, 0.0000000000000000000, 1.000000000000000000 ) ) ;
#1811 = PRODUCT_DEFINITION_CONTEXT ( 'detailed design', #1975, 'design' ) ;
#1812 = APPLICATION_CONTEXT ( 'automotive_design' ) ;
#1813 =( GEOMETRIC_REPRESENTATION_CONTEXT ( 3 ) GLOBAL_UNCERTAINTY_ASSIGNED_CONTEXT ( ( #1886 ) ) GLOBAL_UNIT_ASSIGNED_CONTEXT ( ( #4547, #6956, #2788 ) ) REPRESENTATION_CONTEXT ( 'NONE', 'WORKASPACE' ) );
#1814 = CARTESIAN_POINT ( 'NONE',  ( 10.87419973999999989, 9.485000080000000722, -0.4872999999999999554 ) ) ;
#1815 = VECTOR ( 'NONE', #3176, 1000.000000000000000 ) ;
#1816 = PRODUCT_DEFINITION_SHAPE ( 'NONE', 'NONE',  #7633 ) ;
#1817 = CARTESIAN_POINT ( 'NONE',  ( 0.0000000000000000000, 5.421010862427522170E-17, 0.0000000000000000000 ) ) ;
#1818 = CARTESIAN_POINT ( 'NONE',  ( -0.3650005400000000400, -0.2449982399999999783, -0.2872993999999996495 ) ) ;
#1819 = PRODUCT_DEFINITION_SHAPE ( 'NONE', 'NONE',  #7718 ) ;
#1820 = SHAPE_REPRESENTATION ( 'Free-Models5', ( #2016, #2255 ), #6277 ) ;
#1821 = CARTESIAN_POINT ( 'NONE',  ( 0.0000000000000000000, 0.0000000000000000000, 0.0000000000000000000 ) ) ;
#1822 = PRODUCT_DEFINITION_CONTEXT ( 'detailed design', #699, 'design' ) ;
#1823 = PRODUCT_CONTEXT ( 'NONE', #2710, 'mechanical' ) ;
#1824 =( GEOMETRIC_REPRESENTATION_CONTEXT ( 3 ) GLOBAL_UNCERTAINTY_ASSIGNED_CONTEXT ( ( #4234 ) ) GLOBAL_UNIT_ASSIGNED_CONTEXT ( ( #3388, #6983, #354 ) ) REPRESENTATION_CONTEXT ( 'NONE', 'WORKASPACE' ) );
#1825 =( NAMED_UNIT ( * ) SI_UNIT ( $, .STERADIAN. ) SOLID_ANGLE_UNIT ( ) );
#1826 = PRODUCT_DEFINITION ( 'UNKNOWN', '', #5539, #3777 ) ;
#1827 = CONTEXT_DEPENDENT_SHAPE_REPRESENTATION ( #5708, #6621 ) ;
#1828 = PRODUCT_DEFINITION ( 'UNKNOWN', '', #6037, #5983 ) ;
#1829 = DIRECTION ( 'NONE',  ( 0.0000000000000000000, 0.0000000000000000000, 1.000000000000000000 ) ) ;
#1830 = PRODUCT_CONTEXT ( 'NONE', #3154, 'mechanical' ) ;
#1831 =( REPRESENTATION_RELATIONSHIP ('NONE','NONE', #6044, #6550 ) REPRESENTATION_RELATIONSHIP_WITH_TRANSFORMATION ( #6266 )SHAPE_REPRESENTATION_RELATIONSHIP( ) );
#1832 = DIRECTION ( 'NONE',  ( 1.000000000000000000, 0.0000000000000000000, 0.0000000000000000000 ) ) ;
#1833 = DIRECTION ( 'NONE',  ( 1.000000000000000000, 0.0000000000000000000, 0.0000000000000000000 ) ) ;
#1834 = DIRECTION ( 'NONE',  ( -0.0000000000000000000, 1.000000000000000000, 0.0000000000000000000 ) ) ;
#1835 = DIRECTION ( 'NONE',  ( 1.000000000000000000, 0.0000000000000000000, 0.0000000000000000000 ) ) ;
#1836 = DIRECTION ( 'NONE',  ( -0.0000000000000000000, -0.0000000000000000000, -1.000000000000000000 ) ) ;
#1837 = APPLICATION_PROTOCOL_DEFINITION ( 'draft international standard', 'automotive_design', 1998, #3101 ) ;
#1838 = EDGE_LOOP ( 'NONE', ( #2219, #1564, #1646, #7304 ) ) ;
#1839 = PRODUCT_CONTEXT ( 'NONE', #7466, 'mechanical' ) ;
#1840 = ADVANCED_FACE ( 'NONE', ( #875 ), #2347, .T. ) ;
#1841 = UNCERTAINTY_MEASURE_WITH_UNIT (LENGTH_MEASURE( 1.000000000000000082E-05 ), #4511, 'distance_accuracy_value', 'NONE');
#1842 =( LENGTH_UNIT ( ) NAMED_UNIT ( * ) SI_UNIT ( .MILLI., .METRE. ) );
#1843 = APPLICATION_CONTEXT ( 'automotive_design' ) ;
#1844 =( GEOMETRIC_REPRESENTATION_CONTEXT ( 3 ) GLOBAL_UNCERTAINTY_ASSIGNED_CONTEXT ( ( #429 ) ) GLOBAL_UNIT_ASSIGNED_CONTEXT ( ( #1152, #4263, #7293 ) ) REPRESENTATION_CONTEXT ( 'NONE', 'WORKASPACE' ) );
#1845 =( REPRESENTATION_RELATIONSHIP ('NONE','NONE', #6439, #7128 ) REPRESENTATION_RELATIONSHIP_WITH_TRANSFORMATION ( #6516 )SHAPE_REPRESENTATION_RELATIONSHIP( ) );
#1846 = DIRECTION ( 'NONE',  ( 0.0000000000000000000, 0.0000000000000000000, 1.000000000000000000 ) ) ;
#1847 = DIRECTION ( 'NONE',  ( 0.0000000000000000000, 0.0000000000000000000, 1.000000000000000000 ) ) ;
#1848 = PRODUCT ( 'Free-Models3', 'Free-Models3', '', ( #4354 ) ) ;
#1849 = DIRECTION ( 'NONE',  ( 1.110223024625000001E-16, 1.000000000000000000, 0.0000000000000000000 ) ) ;
#1850 =( NAMED_UNIT ( * ) PLANE_ANGLE_UNIT ( ) SI_UNIT ( $, .RADIAN. ) );
#1851 = DIRECTION ( 'NONE',  ( 0.0000000000000000000, 0.0000000000000000000, 1.000000000000000000 ) ) ;
#1852 = PRODUCT_DEFINITION_SHAPE ( 'NONE', 'NONE',  #7682 ) ;
#1853 =( NAMED_UNIT ( * ) SI_UNIT ( $, .STERADIAN. ) SOLID_ANGLE_UNIT ( ) );
#1854 = APPLICATION_CONTEXT ( 'automotive_design' ) ;
#1855 = DIRECTION ( 'NONE',  ( 0.0000000000000000000, 0.0000000000000000000, 1.000000000000000000 ) ) ;
#1856 = ITEM_DEFINED_TRANSFORMATION ( 'NONE', 'NONE', #857,  #1948 ) ;
#1857 =( NAMED_UNIT ( * ) PLANE_ANGLE_UNIT ( ) SI_UNIT ( $, .RADIAN. ) );
#1858 = CARTESIAN_POINT ( 'NONE',  ( 0.0000000000000000000, 0.001000760000000000278, 0.0000000000000000000 ) ) ;
#1859 = SHAPE_DEFINITION_REPRESENTATION ( #5382, #5806 ) ;
#1860 = PRODUCT_DEFINITION_SHAPE ( 'NONE', 'NONE',  #7577 ) ;
#1861 = FACE_OUTER_BOUND ( 'NONE', #6971, .T. ) ;
#1862 = CARTESIAN_POINT ( 'NONE',  ( 0.0000000000000000000, 0.0000000000000000000, 0.0000000000000000000 ) ) ;
#1863 = CONTEXT_DEPENDENT_SHAPE_REPRESENTATION ( #6354, #1581 ) ;
#1864 = SHAPE_REPRESENTATION ( 'Free-Models5', ( #1620, #2641 ), #4146 ) ;
#1865 =( NAMED_UNIT ( * ) SI_UNIT ( $, .STERADIAN. ) SOLID_ANGLE_UNIT ( ) );
#1866 = APPLICATION_CONTEXT ( 'automotive_design' ) ;
#1867 = UNCERTAINTY_MEASURE_WITH_UNIT (LENGTH_MEASURE( 1.000000000000000082E-05 ), #866, 'distance_accuracy_value', 'NONE');
#1868 = PRODUCT_DEFINITION_CONTEXT ( 'detailed design', #29, 'design' ) ;
#1869 = AXIS2_PLACEMENT_3D ( 'NONE', #3342, #3996, #5790 ) ;
#1870 =( NAMED_UNIT ( * ) PLANE_ANGLE_UNIT ( ) SI_UNIT ( $, .RADIAN. ) );
#1871 = PRODUCT_CONTEXT ( 'NONE', #2268, 'mechanical' ) ;
#1872 = AXIS2_PLACEMENT_3D ( 'NONE', #4949, #7337, #6162 ) ;
#1873 = DIRECTION ( 'NONE',  ( 1.000000000000000000, 0.0000000000000000000, 0.0000000000000000000 ) ) ;
#1874 = UNCERTAINTY_MEASURE_WITH_UNIT (LENGTH_MEASURE( 1.000000000000000082E-05 ), #3570, 'distance_accuracy_value', 'NONE');
#1875 = PRODUCT_DEFINITION ( 'UNKNOWN', '', #1912, #4872 ) ;
#1876 = PRODUCT_RELATED_PRODUCT_CATEGORY ( 'part', '', ( #1885 ) ) ;
#1877 = CARTESIAN_POINT ( 'NONE',  ( -0.1199997599999999831, -0.3150006399999999984, 0.0000000000000000000 ) ) ;
#1878 =( NAMED_UNIT ( * ) PLANE_ANGLE_UNIT ( ) SI_UNIT ( $, .RADIAN. ) );
#1879 = LINE ( 'NONE', #4909, #7098 ) ;
#1880 = AXIS2_PLACEMENT_3D ( 'NONE', #171, #4961, #6697 ) ;
#1881 = ORIENTED_EDGE ( 'NONE', *, *, #345, .T. ) ;
#1882 =( REPRESENTATION_RELATIONSHIP ('NONE','NONE', #414, #6270 ) REPRESENTATION_RELATIONSHIP_WITH_TRANSFORMATION ( #4513 )SHAPE_REPRESENTATION_RELATIONSHIP( ) );
#1883 = AXIS2_PLACEMENT_3D ( 'NONE', #2489, #3736, #7352 ) ;
#1884 = SHAPE_DEFINITION_REPRESENTATION ( #6987, #1764 ) ;
#1885 = PRODUCT ( 'Free-Models5', 'Free-Models5', '', ( #3301 ) ) ;
#1886 = UNCERTAINTY_MEASURE_WITH_UNIT (LENGTH_MEASURE( 1.000000000000000082E-05 ), #4547, 'distance_accuracy_value', 'NONE');
#1887 = PRODUCT_DEFINITION_SHAPE ( 'NONE', 'NONE',  #7704 ) ;
#1888 =( NAMED_UNIT ( * ) SI_UNIT ( $, .STERADIAN. ) SOLID_ANGLE_UNIT ( ) );
#1889 = DIRECTION ( 'NONE',  ( 0.0000000000000000000, 0.0000000000000000000, 1.000000000000000000 ) ) ;
#1890 = CONTEXT_DEPENDENT_SHAPE_REPRESENTATION ( #534, #5244 ) ;
#1891 =( GEOMETRIC_REPRESENTATION_CONTEXT ( 3 ) GLOBAL_UNCERTAINTY_ASSIGNED_CONTEXT ( ( #3822 ) ) GLOBAL_UNIT_ASSIGNED_CONTEXT ( ( #3098, #2475, #1797 ) ) REPRESENTATION_CONTEXT ( 'NONE', 'WORKASPACE' ) );
#1892 = ADVANCED_FACE ( 'NONE', ( #6604 ), #7143, .T. ) ;
#1893 =( NAMED_UNIT ( * ) PLANE_ANGLE_UNIT ( ) SI_UNIT ( $, .RADIAN. ) );
#1894 = PRODUCT_DEFINITION_FORMATION_WITH_SPECIFIED_SOURCE ( 'ANY', '', #3233, .NOT_KNOWN. ) ;
#1895 = DIRECTION ( 'NONE',  ( -1.000000000000000000, 2.220446049250000002E-16, 1.110223024625000001E-16 ) ) ;
#1896 = ORIENTED_EDGE ( 'NONE', *, *, #5969, .T. ) ;
#1897 = DIRECTION ( 'NONE',  ( 1.000000000000000000, 0.0000000000000000000, 0.0000000000000000000 ) ) ;
#1898 =( REPRESENTATION_RELATIONSHIP ('NONE','NONE', #6388, #706 ) REPRESENTATION_RELATIONSHIP_WITH_TRANSFORMATION ( #1369 )SHAPE_REPRESENTATION_RELATIONSHIP( ) );
#1899 = PRODUCT_DEFINITION_CONTEXT ( 'detailed design', #3507, 'design' ) ;
#1900 = CARTESIAN_POINT ( 'NONE',  ( 0.0000000000000000000, 0.0000000000000000000, 0.0000000000000000000 ) ) ;
#1901 = UNCERTAINTY_MEASURE_WITH_UNIT (LENGTH_MEASURE( 1.000000000000000082E-05 ), #7079, 'distance_accuracy_value', 'NONE');
#1902 =( NAMED_UNIT ( * ) PLANE_ANGLE_UNIT ( ) SI_UNIT ( $, .RADIAN. ) );
#1903 = APPLICATION_PROTOCOL_DEFINITION ( 'draft international standard', 'automotive_design', 1998, #1674 ) ;
#1904 = PRODUCT_DEFINITION_FORMATION_WITH_SPECIFIED_SOURCE ( 'ANY', '', #2634, .NOT_KNOWN. ) ;
#1905 = ITEM_DEFINED_TRANSFORMATION ( 'NONE', 'NONE', #6519,  #1948 ) ;
#1906 = PRODUCT_DEFINITION_CONTEXT ( 'detailed design', #4127, 'design' ) ;
#1907 = ITEM_DEFINED_TRANSFORMATION ( 'NONE', 'NONE', #6460,  #4199 ) ;
#1908 = DIRECTION ( 'NONE',  ( 0.0000000000000000000, 0.0000000000000000000, 1.000000000000000000 ) ) ;
#1909 = CARTESIAN_POINT ( 'NONE',  ( 0.0000000000000000000, 0.0000000000000000000, 0.0000000000000000000 ) ) ;
#1910 = PRODUCT_RELATED_PRODUCT_CATEGORY ( 'part', '', ( #7328 ) ) ;
#1911 = APPLICATION_PROTOCOL_DEFINITION ( 'draft international standard', 'automotive_design', 1998, #1694 ) ;
#1912 = PRODUCT_DEFINITION_FORMATION_WITH_SPECIFIED_SOURCE ( 'ANY', '', #1712, .NOT_KNOWN. ) ;
#1913 = PLANE ( 'NONE',  #2058 ) ;
#1914 = ITEM_DEFINED_TRANSFORMATION ( 'NONE', 'NONE', #6433,  #6369 ) ;
#1915 =( NAMED_UNIT ( * ) SI_UNIT ( $, .STERADIAN. ) SOLID_ANGLE_UNIT ( ) );
#1916 = CONTEXT_DEPENDENT_SHAPE_REPRESENTATION ( #5614, #3408 ) ;
#1917 = PRODUCT_RELATED_PRODUCT_CATEGORY ( 'part', '', ( #5990 ) ) ;
#1918 = SURFACE_SIDE_STYLE ('',( #3478 ) ) ;
#1919 = DIRECTION ( 'NONE',  ( 0.0000000000000000000, 0.0000000000000000000, 1.000000000000000000 ) ) ;
#1920 = AXIS2_PLACEMENT_3D ( 'NONE', #5483, #3580, #7215 ) ;
#1921 = PRODUCT_DEFINITION_SHAPE ( 'NONE', 'NONE',  #7548 ) ;
#1922 = DIRECTION ( 'NONE',  ( 0.0000000000000000000, 0.0000000000000000000, 1.000000000000000000 ) ) ;
#1923 = APPLICATION_PROTOCOL_DEFINITION ( 'draft international standard', 'automotive_design', 1998, #4691 ) ;
#1924 = APPLICATION_CONTEXT ( 'automotive_design' ) ;
#1925 = AXIS2_PLACEMENT_3D ( 'NONE', #3, #4800, #7206 ) ;
#1926 = DIRECTION ( 'NONE',  ( 1.000000000000000000, 0.0000000000000000000, 0.0000000000000000000 ) ) ;
#1927 =( NAMED_UNIT ( * ) PLANE_ANGLE_UNIT ( ) SI_UNIT ( $, .RADIAN. ) );
#1928 = CARTESIAN_POINT ( 'NONE',  ( -0.2499994999999999856, -0.1850008999999999959, 0.0000000000000000000 ) ) ;
#1929 =( NAMED_UNIT ( * ) PLANE_ANGLE_UNIT ( ) SI_UNIT ( $, .RADIAN. ) );
#1930 = CARTESIAN_POINT ( 'NONE',  ( 0.0000000000000000000, 0.0000000000000000000, 0.0000000000000000000 ) ) ;
#1931 = CONTEXT_DEPENDENT_SHAPE_REPRESENTATION ( #2141, #3228 ) ;
#1932 = CLOSED_SHELL ( 'NONE', ( #2178, #2320, #2133, #4095, #6751, #1892 ) ) ;
#1933 = ORIENTED_EDGE ( 'NONE', *, *, #1059, .F. ) ;
#1934 = APPLICATION_PROTOCOL_DEFINITION ( 'draft international standard', 'automotive_design', 1998, #298 ) ;
#1935 = CARTESIAN_POINT ( 'NONE',  ( 0.0000000000000000000, 0.0000000000000000000, 0.0000000000000000000 ) ) ;
#1936 = PRODUCT_DEFINITION ( 'UNKNOWN', '', #6544, #6538 ) ;
#1937 = VECTOR ( 'NONE', #836, 1000.000000000000000 ) ;
#1938 = ITEM_DEFINED_TRANSFORMATION ( 'NONE', 'NONE', #2641,  #1242 ) ;
#1939 =( REPRESENTATION_RELATIONSHIP ('NONE','NONE', #4137, #7366 ) REPRESENTATION_RELATIONSHIP_WITH_TRANSFORMATION ( #4737 )SHAPE_REPRESENTATION_RELATIONSHIP( ) );
#1940 = DIRECTION ( 'NONE',  ( -2.220446049250000002E-16, -1.000000000000000000, 0.0000000000000000000 ) ) ;
#1941 = PRODUCT_DEFINITION_SHAPE ( 'NONE', 'NONE',  #7028 ) ;
#1942 = CARTESIAN_POINT ( 'NONE',  ( 0.0000000000000000000, 0.0000000000000000000, 0.0000000000000000000 ) ) ;
#1943 = ADVANCED_FACE ( 'NONE', ( #1157 ), #4078, .T. ) ;
#1944 = SHAPE_REPRESENTATION ( 'PINTSOP2-55', ( #6919, #3260, #6153 ), #2898 ) ;
#1945 = CARTESIAN_POINT ( 'NONE',  ( 0.0000000000000000000, 0.0000000000000000000, 0.0000000000000000000 ) ) ;
#1946 = ITEM_DEFINED_TRANSFORMATION ( 'NONE', 'NONE', #1880,  #1948 ) ;
#1947 = AXIS2_PLACEMENT_3D ( 'NONE', #5593, #2524, #2482 ) ;
#1948 = AXIS2_PLACEMENT_3D ( 'NONE', #2963, #4689, #3529 ) ;
#1949 = DIRECTION ( 'NONE',  ( 0.0000000000000000000, 0.0000000000000000000, 1.000000000000000000 ) ) ;
#1950 = CARTESIAN_POINT ( 'NONE',  ( 0.0000000000000000000, 0.0000000000000000000, 0.4165599999999999858 ) ) ;
#1951 =( REPRESENTATION_RELATIONSHIP ('NONE','NONE', #3720, #5226 ) REPRESENTATION_RELATIONSHIP_WITH_TRANSFORMATION ( #4184 )SHAPE_REPRESENTATION_RELATIONSHIP( ) );
#1952 = SHAPE_DEFINITION_REPRESENTATION ( #1158, #6550 ) ;
#1953 = CARTESIAN_POINT ( 'NONE',  ( -0.2499994999999944623, -0.1850009000000005233, 0.0000000000000000000 ) ) ;
#1954 = ADVANCED_FACE ( 'NONE', ( #4788 ), #3560, .T. ) ;
#1955 = DIRECTION ( 'NONE',  ( 0.0000000000000000000, 0.0000000000000000000, 1.000000000000000000 ) ) ;
#1956 = AXIS2_PLACEMENT_3D ( 'NONE', #7446, #3169, #4308 ) ;
#1957 = COLOUR_RGB ( '',0.7529411764705882248, 0.7529411764705882248, 0.7529411764705882248 ) ;
#1958 = CARTESIAN_POINT ( 'NONE',  ( 0.0000000000000000000, 0.0000000000000000000, 0.0000000000000000000 ) ) ;
#1959 = ITEM_DEFINED_TRANSFORMATION ( 'NONE', 'NONE', #5308,  #2262 ) ;
#1960 = DIRECTION ( 'NONE',  ( 0.0000000000000000000, 0.0000000000000000000, 1.000000000000000000 ) ) ;
#1961 =( NAMED_UNIT ( * ) SI_UNIT ( $, .STERADIAN. ) SOLID_ANGLE_UNIT ( ) );
#1962 = PRODUCT_DEFINITION_SHAPE ( 'NONE', 'NONE',  #7746 ) ;
#1963 = APPLICATION_CONTEXT ( 'automotive_design' ) ;
#1964 = CARTESIAN_POINT ( 'NONE',  ( 0.0000000000000000000, 0.0000000000000000000, 0.0000000000000000000 ) ) ;
#1965 =( REPRESENTATION_RELATIONSHIP ('NONE','NONE', #155, #6270 ) REPRESENTATION_RELATIONSHIP_WITH_TRANSFORMATION ( #2020 )SHAPE_REPRESENTATION_RELATIONSHIP( ) );
#1966 = PRODUCT_CONTEXT ( 'NONE', #977, 'mechanical' ) ;
#1967 = DIRECTION ( 'NONE',  ( 1.000000000000000000, 0.0000000000000000000, 0.0000000000000000000 ) ) ;
#1968 = SHAPE_REPRESENTATION ( 'PINTSOP2-55', ( #4630, #2123, #4505 ), #3611 ) ;
#1969 = LINE ( 'NONE', #2598, #1815 ) ;
#1970 = PRODUCT_DEFINITION_SHAPE ( 'NONE', 'NONE',  #6782 ) ;
#1971 = ITEM_DEFINED_TRANSFORMATION ( 'NONE', 'NONE', #2168,  #7306 ) ;
#1972 = APPLICATION_PROTOCOL_DEFINITION ( 'draft international standard', 'automotive_design', 1998, #4523 ) ;
#1973 = EDGE_LOOP ( 'NONE', ( #6185, #6489, #1752, #86 ) ) ;
#1974 = APPLICATION_PROTOCOL_DEFINITION ( 'draft international standard', 'automotive_design', 1998, #6035 ) ;
#1975 = APPLICATION_CONTEXT ( 'automotive_design' ) ;
#1976 = AXIS2_PLACEMENT_3D ( 'NONE', #1201, #7235, #1117 ) ;
#1977 = UNCERTAINTY_MEASURE_WITH_UNIT (LENGTH_MEASURE( 1.000000000000000082E-05 ), #5609, 'distance_accuracy_value', 'NONE');
#1978 = AXIS2_PLACEMENT_3D ( 'NONE', #6279, #917, #3145 ) ;
#1979 = PRODUCT ( 'PINTSOP2-55', 'PINTSOP2-55', '', ( #6132 ) ) ;
#1980 =( NAMED_UNIT ( * ) SI_UNIT ( $, .STERADIAN. ) SOLID_ANGLE_UNIT ( ) );
#1981 = PRODUCT_DEFINITION ( 'UNKNOWN', '', #2163, #2467 ) ;
#1982 =( GEOMETRIC_REPRESENTATION_CONTEXT ( 3 ) GLOBAL_UNCERTAINTY_ASSIGNED_CONTEXT ( ( #5788 ) ) GLOBAL_UNIT_ASSIGNED_CONTEXT ( ( #5882, #1893, #5186 ) ) REPRESENTATION_CONTEXT ( 'NONE', 'WORKASPACE' ) );
#1983 =( LENGTH_UNIT ( ) NAMED_UNIT ( * ) SI_UNIT ( .MILLI., .METRE. ) );
#1984 = CONTEXT_DEPENDENT_SHAPE_REPRESENTATION ( #92, #3932 ) ;
#1985 =( NAMED_UNIT ( * ) PLANE_ANGLE_UNIT ( ) SI_UNIT ( $, .RADIAN. ) );
#1986 =( LENGTH_UNIT ( ) NAMED_UNIT ( * ) SI_UNIT ( .MILLI., .METRE. ) );
#1987 = PRODUCT_DEFINITION ( 'UNKNOWN', '', #6798, #1482 ) ;
#1988 = PLANE ( 'NONE',  #5082 ) ;
#1989 = PRODUCT_DEFINITION ( 'UNKNOWN', '', #6528, #6452 ) ;
#1990 = APPLICATION_PROTOCOL_DEFINITION ( 'draft international standard', 'automotive_design', 1998, #5727 ) ;
#1991 = DIRECTION ( 'NONE',  ( 0.0000000000000000000, 0.0000000000000000000, -1.000000000000000000 ) ) ;
#1992 = SHAPE_REPRESENTATION ( 'Free-Models5', ( #1111, #730 ), #5139 ) ;
#1993 = PRODUCT_DEFINITION_SHAPE ( 'NONE', 'NONE',  #7681 ) ;
#1994 =( REPRESENTATION_RELATIONSHIP ('NONE','NONE', #4137, #3958 ) REPRESENTATION_RELATIONSHIP_WITH_TRANSFORMATION ( #5789 )SHAPE_REPRESENTATION_RELATIONSHIP( ) );
#1995 = EDGE_CURVE ( 'NONE', #4911, #3358, #3018, .T. ) ;
#1996 = APPLICATION_PROTOCOL_DEFINITION ( 'draft international standard', 'automotive_design', 1998, #1381 ) ;
#1997 =( NAMED_UNIT ( * ) PLANE_ANGLE_UNIT ( ) SI_UNIT ( $, .RADIAN. ) );
#1998 = DIRECTION ( 'NONE',  ( 0.0000000000000000000, 0.0000000000000000000, 1.000000000000000000 ) ) ;
#1999 = CARTESIAN_POINT ( 'NONE',  ( 0.001000760000000000278, 0.001000760000000000278, 0.0000000000000000000 ) ) ;
#2000 = APPLICATION_CONTEXT ( 'automotive_design' ) ;
#2001 = PRODUCT_DEFINITION_SHAPE ( 'NONE', 'NONE',  #2609 ) ;
#2002 = DIRECTION ( 'NONE',  ( 1.000000000000000000, 0.0000000000000000000, 0.0000000000000000000 ) ) ;
#2003 = DIRECTION ( 'NONE',  ( 0.0000000000000000000, 0.0000000000000000000, 1.000000000000000000 ) ) ;
#2004 =( REPRESENTATION_RELATIONSHIP ('NONE','NONE', #4363, #5226 ) REPRESENTATION_RELATIONSHIP_WITH_TRANSFORMATION ( #5781 )SHAPE_REPRESENTATION_RELATIONSHIP( ) );
#2005 = PRODUCT_CONTEXT ( 'NONE', #7120, 'mechanical' ) ;
#2006 = ORIENTED_EDGE ( 'NONE', *, *, #3943, .T. ) ;
#2007 = PRODUCT_CONTEXT ( 'NONE', #4055, 'mechanical' ) ;
#2008 = DIRECTION ( 'NONE',  ( 1.000000000000000000, 0.0000000000000000000, 0.0000000000000000000 ) ) ;
#2009 = DIRECTION ( 'NONE',  ( 1.000000000000000000, 0.0000000000000000000, 0.0000000000000000000 ) ) ;
#2010 = CARTESIAN_POINT ( 'NONE',  ( -5.421010862427522170E-17, 5.421010862427522170E-17, 0.0000000000000000000 ) ) ;
#2011 = SHAPE_REPRESENTATION ( 'Free-Models5', ( #5457, #6460 ), #2834 ) ;
#2012 = EDGE_LOOP ( 'NONE', ( #5970, #5476, #1210, #4624 ) ) ;
#2013 = UNCERTAINTY_MEASURE_WITH_UNIT (LENGTH_MEASURE( 1.000000000000000082E-05 ), #3451, 'distance_accuracy_value', 'NONE');
#2014 =( GEOMETRIC_REPRESENTATION_CONTEXT ( 3 ) GLOBAL_UNCERTAINTY_ASSIGNED_CONTEXT ( ( #6126 ) ) GLOBAL_UNIT_ASSIGNED_CONTEXT ( ( #3486, #5229, #5782 ) ) REPRESENTATION_CONTEXT ( 'NONE', 'WORKASPACE' ) );
#2015 =( LENGTH_UNIT ( ) NAMED_UNIT ( * ) SI_UNIT ( .MILLI., .METRE. ) );
#2016 = AXIS2_PLACEMENT_3D ( 'NONE', #5596, #5661, #6284 ) ;
#2017 = CONTEXT_DEPENDENT_SHAPE_REPRESENTATION ( #6470, #3371 ) ;
#2018 = DIRECTION ( 'NONE',  ( 0.0000000000000000000, 0.0000000000000000000, 1.000000000000000000 ) ) ;
#2019 = PRODUCT_DEFINITION_FORMATION_WITH_SPECIFIED_SOURCE ( 'ANY', '', #6892, .NOT_KNOWN. ) ;
#2020 = ITEM_DEFINED_TRANSFORMATION ( 'NONE', 'NONE', #6839,  #1948 ) ;
#2021 =( LENGTH_UNIT ( ) NAMED_UNIT ( * ) SI_UNIT ( .MILLI., .METRE. ) );
#2022 = FACE_OUTER_BOUND ( 'NONE', #4027, .T. ) ;
#2023 =( GEOMETRIC_REPRESENTATION_CONTEXT ( 3 ) GLOBAL_UNCERTAINTY_ASSIGNED_CONTEXT ( ( #2171 ) ) GLOBAL_UNIT_ASSIGNED_CONTEXT ( ( #1626, #4019, #4553 ) ) REPRESENTATION_CONTEXT ( 'NONE', 'WORKASPACE' ) );
#2024 = APPLICATION_PROTOCOL_DEFINITION ( 'draft international standard', 'automotive_design', 1998, #4963 ) ;
#2025 = APPLICATION_CONTEXT ( 'automotive_design' ) ;
#2026 = DIRECTION ( 'NONE',  ( -1.000000000000000000, 0.0000000000000000000, 0.0000000000000000000 ) ) ;
#2027 = DIRECTION ( 'NONE',  ( 0.0000000000000000000, 0.0000000000000000000, 1.000000000000000000 ) ) ;
#2028 = DIRECTION ( 'NONE',  ( 1.000000000000000000, 0.0000000000000000000, 0.0000000000000000000 ) ) ;
#2029 = DIRECTION ( 'NONE',  ( 0.0000000000000000000, 0.0000000000000000000, 1.000000000000000000 ) ) ;
#2030 = PRODUCT_DEFINITION_FORMATION_WITH_SPECIFIED_SOURCE ( 'ANY', '', #5774, .NOT_KNOWN. ) ;
#2031 = PRODUCT_DEFINITION ( 'UNKNOWN', '', #5166, #4226 ) ;
#2032 = PRODUCT_DEFINITION ( 'UNKNOWN', '', #4276, #4489 ) ;
#2033 = AXIS2_PLACEMENT_3D ( 'NONE', #3320, #3439, #7061 ) ;
#2034 = PRODUCT ( '352644049', '352644049', '', ( #7403 ) ) ;
#2035 = DIRECTION ( 'NONE',  ( 0.0000000000000000000, 0.0000000000000000000, 1.000000000000000000 ) ) ;
#2036 = AXIS2_PLACEMENT_3D ( 'NONE', #778, #2059, #5042 ) ;
#2037 = PRODUCT_DEFINITION_FORMATION_WITH_SPECIFIED_SOURCE ( 'ANY', '', #872, .NOT_KNOWN. ) ;
#2038 =( NAMED_UNIT ( * ) PLANE_ANGLE_UNIT ( ) SI_UNIT ( $, .RADIAN. ) );
#2039 = SHAPE_REPRESENTATION ( 'Free-Models5', ( #2516, #4382 ), #981 ) ;
#2040 = AXIS2_PLACEMENT_3D ( 'NONE', #1909, #6074, #6110 ) ;
#2041 = APPLICATION_PROTOCOL_DEFINITION ( 'draft international standard', 'automotive_design', 1998, #4996 ) ;
#2042 = PRODUCT_DEFINITION_SHAPE ( 'NONE', 'NONE',  #7310 ) ;
#2043 = PRODUCT_DEFINITION_CONTEXT ( 'detailed design', #4840, 'design' ) ;
#2044 = EDGE_CURVE ( 'NONE', #3532, #5165, #1800, .T. ) ;
#2045 = APPLICATION_CONTEXT ( 'automotive_design' ) ;
#2046 = APPLICATION_CONTEXT ( 'automotive_design' ) ;
#2047 = AXIS2_PLACEMENT_3D ( 'NONE', #1575, #4133, #5204 ) ;
#2048 =( NAMED_UNIT ( * ) SI_UNIT ( $, .STERADIAN. ) SOLID_ANGLE_UNIT ( ) );
#2049 = PRODUCT_DEFINITION_CONTEXT ( 'detailed design', #4600, 'design' ) ;
#2050 = LINE ( 'NONE', #6881, #5829 ) ;
#2051 = CARTESIAN_POINT ( 'NONE',  ( -0.1199997599999999831, -0.3150006399999999984, 0.2999999999999999889 ) ) ;
#2052 = PRODUCT_CONTEXT ( 'NONE', #6215, 'mechanical' ) ;
#2053 = APPLICATION_PROTOCOL_DEFINITION ( 'draft international standard', 'automotive_design', 1998, #6442 ) ;
#2054 = AXIS2_PLACEMENT_3D ( 'NONE', #885, #3183, #6183 ) ;
#2055 = PRODUCT_DEFINITION_SHAPE ( 'NONE', 'NONE',  #7538 ) ;
#2056 = APPLICATION_CONTEXT ( 'automotive_design' ) ;
#2057 = PRODUCT_DEFINITION_SHAPE ( 'NONE', 'NONE',  #3597 ) ;
#2058 = AXIS2_PLACEMENT_3D ( 'NONE', #3792, #4419, #1219 ) ;
#2059 = DIRECTION ( 'NONE',  ( 1.000000000000000000, -1.110223024625000001E-16, 1.110223024625000001E-16 ) ) ;
#2060 = ORIENTED_EDGE ( 'NONE', *, *, #2044, .F. ) ;
#2061 = PRODUCT_DEFINITION_CONTEXT ( 'detailed design', #7043, 'design' ) ;
#2062 = SHAPE_REPRESENTATION ( '352644049', ( #557, #2454 ), #6466 ) ;
#2063 = DIRECTION ( 'NONE',  ( 1.000000000000000000, 0.0000000000000000000, 0.0000000000000000000 ) ) ;
#2064 = DIRECTION ( 'NONE',  ( 1.000000000000000000, 0.0000000000000000000, 0.0000000000000000000 ) ) ;
#2065 = ITEM_DEFINED_TRANSFORMATION ( 'NONE', 'NONE', #4638,  #6015 ) ;
#2066 =( LENGTH_UNIT ( ) NAMED_UNIT ( * ) SI_UNIT ( .MILLI., .METRE. ) );
#2067 = APPLICATION_CONTEXT ( 'automotive_design' ) ;
#2068 =( REPRESENTATION_RELATIONSHIP ('NONE','NONE', #4165, #6270 ) REPRESENTATION_RELATIONSHIP_WITH_TRANSFORMATION ( #6741 )SHAPE_REPRESENTATION_RELATIONSHIP( ) );
#2069 = CARTESIAN_POINT ( 'NONE',  ( -0.2499994999999779477, -0.1850009000000021053, 0.0000000000000000000 ) ) ;
#2070 = AXIS2_PLACEMENT_3D ( 'NONE', #4583, #1022, #5838 ) ;
#2071 = MECHANICAL_DESIGN_GEOMETRIC_PRESENTATION_REPRESENTATION (  '', ( #5585 ), #1295 ) ;
#2072 = SHAPE_DEFINITION_REPRESENTATION ( #2192, #2039 ) ;
#2073 = PRODUCT_DEFINITION_SHAPE ( 'NONE', 'NONE',  #7608 ) ;
#2074 =( LENGTH_UNIT ( ) NAMED_UNIT ( * ) SI_UNIT ( .MILLI., .METRE. ) );
#2075 =( NAMED_UNIT ( * ) PLANE_ANGLE_UNIT ( ) SI_UNIT ( $, .RADIAN. ) );
#2076 = PRODUCT_DEFINITION_SHAPE ( 'NONE', 'NONE',  #61 ) ;
#2077 = VECTOR ( 'NONE', #4125, 1000.000000000000000 ) ;
#2078 = CARTESIAN_POINT ( 'NONE',  ( -0.3650005399999999289, -0.2449982400000000893, -0.2872993999999996495 ) ) ;
#2079 = APPLICATION_CONTEXT ( 'automotive_design' ) ;
#2080 = PRODUCT_DEFINITION ( 'UNKNOWN', '', #4541, #4969 ) ;
#2081 = AXIS2_PLACEMENT_3D ( 'NONE', #5142, #5809, #3252 ) ;
#2082 = PRODUCT_CONTEXT ( 'NONE', #5528, 'mechanical' ) ;
#2083 = SHAPE_REPRESENTATION ( 'PINTSOP2-55', ( #129, #4519, #5647 ), #6289 ) ;
#2084 = FILL_AREA_STYLE_COLOUR ( '', #1160 ) ;
#2085 = PRODUCT_DEFINITION ( 'UNKNOWN', '', #4774, #924 ) ;
#2086 = APPLICATION_PROTOCOL_DEFINITION ( 'draft international standard', 'automotive_design', 1998, #6436 ) ;
#2087 = PRODUCT_CONTEXT ( 'NONE', #2617, 'mechanical' ) ;
#2088 = DIRECTION ( 'NONE',  ( 1.000000000000000000, 0.0000000000000000000, 0.0000000000000000000 ) ) ;
#2089 =( NAMED_UNIT ( * ) SI_UNIT ( $, .STERADIAN. ) SOLID_ANGLE_UNIT ( ) );
#2090 = APPLICATION_CONTEXT ( 'automotive_design' ) ;
#2091 = CONTEXT_DEPENDENT_SHAPE_REPRESENTATION ( #5258, #406 ) ;
#2092 = CARTESIAN_POINT ( 'NONE',  ( 0.0000000000000000000, 0.0000000000000000000, 0.0000000000000000000 ) ) ;
#2093 = ORIENTED_EDGE ( 'NONE', *, *, #2771, .F. ) ;
#2094 = UNCERTAINTY_MEASURE_WITH_UNIT (LENGTH_MEASURE( 1.000000000000000082E-05 ), #5123, 'distance_accuracy_value', 'NONE');
#2095 = PRODUCT ( '352644049', '352644049', '', ( #686 ) ) ;
#2096 =( REPRESENTATION_RELATIONSHIP ('NONE','NONE', #1456, #6270 ) REPRESENTATION_RELATIONSHIP_WITH_TRANSFORMATION ( #3201 )SHAPE_REPRESENTATION_RELATIONSHIP( ) );
#2097 = CARTESIAN_POINT ( 'NONE',  ( 0.0000000000000000000, 0.0000000000000000000, 0.0000000000000000000 ) ) ;
#2098 = DIRECTION ( 'NONE',  ( 1.000000000000000000, 0.0000000000000000000, 0.0000000000000000000 ) ) ;
#2099 = LINE ( 'NONE', #3860, #4822 ) ;
#2100 = DIRECTION ( 'NONE',  ( 0.0000000000000000000, 0.0000000000000000000, 1.000000000000000000 ) ) ;
#2101 = PRODUCT ( '352644049', '352644049', '', ( #6365 ) ) ;
#2102 = APPLICATION_PROTOCOL_DEFINITION ( 'draft international standard', 'automotive_design', 1998, #3507 ) ;
#2103 = DIRECTION ( 'NONE',  ( 0.0000000000000000000, 0.0000000000000000000, 1.000000000000000000 ) ) ;
#2104 = PRODUCT_DEFINITION_SHAPE ( 'NONE', 'NONE',  #7659 ) ;
#2105 =( NAMED_UNIT ( * ) PLANE_ANGLE_UNIT ( ) SI_UNIT ( $, .RADIAN. ) );
#2106 = APPLICATION_CONTEXT ( 'automotive_design' ) ;
#2107 = CONTEXT_DEPENDENT_SHAPE_REPRESENTATION ( #4348, #4814 ) ;
#2108 = CONTEXT_DEPENDENT_SHAPE_REPRESENTATION ( #5370, #2315 ) ;
#2109 = PRODUCT_DEFINITION_SHAPE ( 'NONE', 'NONE',  #7525 ) ;
#2110 =( NAMED_UNIT ( * ) PLANE_ANGLE_UNIT ( ) SI_UNIT ( $, .RADIAN. ) );
#2111 = PRODUCT_CONTEXT ( 'NONE', #3557, 'mechanical' ) ;
#2112 = PRODUCT_DEFINITION_SHAPE ( 'NONE', 'NONE',  #1246 ) ;
#2113 =( NAMED_UNIT ( * ) SI_UNIT ( $, .STERADIAN. ) SOLID_ANGLE_UNIT ( ) );
#2114 = APPLICATION_CONTEXT ( 'automotive_design' ) ;
#2115 =( LENGTH_UNIT ( ) NAMED_UNIT ( * ) SI_UNIT ( .MILLI., .METRE. ) );
#2116 = FACE_OUTER_BOUND ( 'NONE', #5785, .T. ) ;
#2117 = CARTESIAN_POINT ( 'NONE',  ( 0.0000000000000000000, 5.421010862427522170E-17, 0.0000000000000000000 ) ) ;
#2118 = CONTEXT_DEPENDENT_SHAPE_REPRESENTATION ( #6458, #3859 ) ;
#2119 = APPLICATION_PROTOCOL_DEFINITION ( 'draft international standard', 'automotive_design', 1998, #5872 ) ;
#2120 = APPLICATION_PROTOCOL_DEFINITION ( 'draft international standard', 'automotive_design', 1998, #1608 ) ;
#2121 =( NAMED_UNIT ( * ) SI_UNIT ( $, .STERADIAN. ) SOLID_ANGLE_UNIT ( ) );
#2122 = PRODUCT_RELATED_PRODUCT_CATEGORY ( 'part', '', ( #1444 ) ) ;
#2123 = AXIS2_PLACEMENT_3D ( 'NONE', #256, #2623, #3746 ) ;
#2124 = PRODUCT_DEFINITION ( 'UNKNOWN', '', #5296, #6861 ) ;
#2125 = DIRECTION ( 'NONE',  ( 0.0000000000000000000, 0.0000000000000000000, 1.000000000000000000 ) ) ;
#2126 = DIRECTION ( 'NONE',  ( 1.000000000000000000, -1.110223024625000001E-16, 1.110223024625000001E-16 ) ) ;
#2127 = ORIENTED_EDGE ( 'NONE', *, *, #6899, .F. ) ;
#2128 = AXIS2_PLACEMENT_3D ( 'NONE', #3698, #704, #6739 ) ;
#2129 = PRODUCT ( '352644049', '352644049', '', ( #4417 ) ) ;
#2130 = PRODUCT_DEFINITION_CONTEXT ( 'detailed design', #594, 'design' ) ;
#2131 = UNCERTAINTY_MEASURE_WITH_UNIT (LENGTH_MEASURE( 1.000000000000000082E-05 ), #6248, 'distance_accuracy_value', 'NONE');
#2132 = DIRECTION ( 'NONE',  ( 1.000000000000000000, 0.0000000000000000000, 0.0000000000000000000 ) ) ;
#2133 = ADVANCED_FACE ( 'NONE', ( #1077 ), #4207, .T. ) ;
#2134 = CARTESIAN_POINT ( 'NONE',  ( 0.0000000000000000000, 0.0000000000000000000, 0.0000000000000000000 ) ) ;
#2135 = AXIS2_PLACEMENT_3D ( 'NONE', #2639, #2125, #3220 ) ;
#2136 = ITEM_DEFINED_TRANSFORMATION ( 'NONE', 'NONE', #5039,  #1948 ) ;
#2137 = AXIS2_PLACEMENT_3D ( 'NONE', #1461, #6242, #2002 ) ;
#2138 = DIRECTION ( 'NONE',  ( 0.0000000000000000000, 0.0000000000000000000, 1.000000000000000000 ) ) ;
#2139 = DIRECTION ( 'NONE',  ( 0.0000000000000000000, 0.0000000000000000000, 1.000000000000000000 ) ) ;
#2140 = SHAPE_DEFINITION_REPRESENTATION ( #5514, #3375 ) ;
#2141 =( REPRESENTATION_RELATIONSHIP ('NONE','NONE', #4137, #6044 ) REPRESENTATION_RELATIONSHIP_WITH_TRANSFORMATION ( #2560 )SHAPE_REPRESENTATION_RELATIONSHIP( ) );
#2142 = PRODUCT_DEFINITION_FORMATION_WITH_SPECIFIED_SOURCE ( 'ANY', '', #2155, .NOT_KNOWN. ) ;
#2143 = CONTEXT_DEPENDENT_SHAPE_REPRESENTATION ( #717, #3060 ) ;
#2144 = ITEM_DEFINED_TRANSFORMATION ( 'NONE', 'NONE', #1978,  #1948 ) ;
#2145 =( GEOMETRIC_REPRESENTATION_CONTEXT ( 3 ) GLOBAL_UNCERTAINTY_ASSIGNED_CONTEXT ( ( #1713 ) ) GLOBAL_UNIT_ASSIGNED_CONTEXT ( ( #2115, #5026, #2048 ) ) REPRESENTATION_CONTEXT ( 'NONE', 'WORKASPACE' ) );
#2146 = AXIS2_PLACEMENT_3D ( 'NONE', #5420, #3629, #2508 ) ;
#2147 = PRODUCT_DEFINITION_SHAPE ( 'NONE', 'NONE',  #7737 ) ;
#2148 = PRODUCT_DEFINITION_SHAPE ( 'NONE', 'NONE',  #4576 ) ;
#2149 = PRODUCT_DEFINITION_FORMATION_WITH_SPECIFIED_SOURCE ( 'ANY', '', #4730, .NOT_KNOWN. ) ;
#2150 = VERTEX_POINT ( 'NONE', #605 ) ;
#2151 = DIRECTION ( 'NONE',  ( 1.000000000000000000, 0.0000000000000000000, 0.0000000000000000000 ) ) ;
#2152 = APPLICATION_CONTEXT ( 'automotive_design' ) ;
#2153 = AXIS2_PLACEMENT_3D ( 'NONE', #5134, #368, #2792 ) ;
#2154 =( REPRESENTATION_RELATIONSHIP ('NONE','NONE', #2322, #6270 ) REPRESENTATION_RELATIONSHIP_WITH_TRANSFORMATION ( #6822 )SHAPE_REPRESENTATION_RELATIONSHIP( ) );
#2155 = PRODUCT ( 'TSOP2-55', 'TSOP2-55', '', ( #2716 ) ) ;
#2156 = PRODUCT_DEFINITION_FORMATION_WITH_SPECIFIED_SOURCE ( 'ANY', '', #5795, .NOT_KNOWN. ) ;
#2157 = CARTESIAN_POINT ( 'NONE',  ( -0.6199987599999999821, -0.3150006399999999984, 0.2999999999999999889 ) ) ;
#2158 =( GEOMETRIC_REPRESENTATION_CONTEXT ( 3 ) GLOBAL_UNCERTAINTY_ASSIGNED_CONTEXT ( ( #1706 ) ) GLOBAL_UNIT_ASSIGNED_CONTEXT ( ( #2021, #5003, #921 ) ) REPRESENTATION_CONTEXT ( 'NONE', 'WORKASPACE' ) );
#2159 = PRODUCT_DEFINITION_SHAPE ( 'NONE', 'NONE',  #7491 ) ;
#2160 = SHAPE_DEFINITION_REPRESENTATION ( #4360, #128 ) ;
#2161 = CARTESIAN_POINT ( 'NONE',  ( 0.0000000000000000000, 0.001000760000000000278, 0.0000000000000000000 ) ) ;
#2162 = PRODUCT_CONTEXT ( 'NONE', #4863, 'mechanical' ) ;
#2163 = PRODUCT_DEFINITION_FORMATION_WITH_SPECIFIED_SOURCE ( 'ANY', '', #4406, .NOT_KNOWN. ) ;
#2164 = PRODUCT ( '352644049', '352644049', '', ( #4113 ) ) ;
#2165 = PRODUCT_DEFINITION_SHAPE ( 'NONE', 'NONE',  #7489 ) ;
#2166 =( REPRESENTATION_RELATIONSHIP ('NONE','NONE', #3064, #6270 ) REPRESENTATION_RELATIONSHIP_WITH_TRANSFORMATION ( #6547 )SHAPE_REPRESENTATION_RELATIONSHIP( ) );
#2167 = CARTESIAN_POINT ( 'NONE',  ( 0.0000000000000000000, 0.0000000000000000000, 0.0000000000000000000 ) ) ;
#2168 = AXIS2_PLACEMENT_3D ( 'NONE', #3890, #2139, #5638 ) ;
#2169 = ORIENTED_EDGE ( 'NONE', *, *, #5836, .F. ) ;
#2170 = PRODUCT_DEFINITION ( 'UNKNOWN', '', #7165, #930 ) ;
#2171 = UNCERTAINTY_MEASURE_WITH_UNIT (LENGTH_MEASURE( 1.000000000000000082E-05 ), #1626, 'distance_accuracy_value', 'NONE');
#2172 =( NAMED_UNIT ( * ) SI_UNIT ( $, .STERADIAN. ) SOLID_ANGLE_UNIT ( ) );
#2173 = DIRECTION ( 'NONE',  ( 1.000000000000000000, 0.0000000000000000000, 0.0000000000000000000 ) ) ;
#2174 = PRODUCT_DEFINITION_SHAPE ( 'NONE', 'NONE',  #7557 ) ;
#2175 = LINE ( 'NONE', #1612, #6854 ) ;
#2176 = DIRECTION ( 'NONE',  ( -2.220446049250000002E-16, -1.000000000000000000, 0.0000000000000000000 ) ) ;
#2177 = APPLICATION_PROTOCOL_DEFINITION ( 'draft international standard', 'automotive_design', 1998, #3779 ) ;
#2178 = ADVANCED_FACE ( 'NONE', ( #38 ), #5886, .T. ) ;
#2179 = PRODUCT ( '352644049', '352644049', '', ( #5816 ) ) ;
#2180 =( LENGTH_UNIT ( ) NAMED_UNIT ( * ) SI_UNIT ( .MILLI., .METRE. ) );
#2181 = DIRECTION ( 'NONE',  ( 0.0000000000000000000, 0.0000000000000000000, 1.000000000000000000 ) ) ;
#2182 = CONTEXT_DEPENDENT_SHAPE_REPRESENTATION ( #2245, #3567 ) ;
#2183 = AXIS2_PLACEMENT_3D ( 'NONE', #2157, #3361, #3246 ) ;
#2184 = ADVANCED_FACE ( 'NONE', ( #6449 ), #1040, .T. ) ;
#2185 = ORIENTED_EDGE ( 'NONE', *, *, #5362, .T. ) ;
#2186 = SHAPE_DEFINITION_REPRESENTATION ( #5982, #880 ) ;
#2187 = VECTOR ( 'NONE', #408, 1000.000000000000000 ) ;
#2188 = PRODUCT_DEFINITION_SHAPE ( 'NONE', 'NONE',  #7621 ) ;
#2189 = CARTESIAN_POINT ( 'NONE',  ( -0.3650005400000003175, -0.2449982400000000338, -0.2872993999999996495 ) ) ;
#2190 = DIRECTION ( 'NONE',  ( -0.0000000000000000000, 1.000000000000000000, 0.0000000000000000000 ) ) ;
#2191 =( GEOMETRIC_REPRESENTATION_CONTEXT ( 3 ) GLOBAL_UNCERTAINTY_ASSIGNED_CONTEXT ( ( #7092 ) ) GLOBAL_UNIT_ASSIGNED_CONTEXT ( ( #89, #6695, #169 ) ) REPRESENTATION_CONTEXT ( 'NONE', 'WORKASPACE' ) );
#2192 = PRODUCT_DEFINITION_SHAPE ( 'NONE', 'NONE',  #4471 ) ;
#2193 = DIRECTION ( 'NONE',  ( 1.000000000000000000, 0.0000000000000000000, 0.0000000000000000000 ) ) ;
#2194 = AXIS2_PLACEMENT_3D ( 'NONE', #3786, #253, #6776 ) ;
#2195 = PRODUCT_DEFINITION_SHAPE ( 'NONE', 'NONE',  #7688 ) ;
#2196 = SHAPE_DEFINITION_REPRESENTATION ( #2057, #7066 ) ;
#2197 =( REPRESENTATION_RELATIONSHIP ('NONE','NONE', #6347, #506 ) REPRESENTATION_RELATIONSHIP_WITH_TRANSFORMATION ( #5510 )SHAPE_REPRESENTATION_RELATIONSHIP( ) );
#2198 = PRODUCT_CONTEXT ( 'NONE', #5019, 'mechanical' ) ;
#2199 = AXIS2_PLACEMENT_3D ( 'NONE', #496, #7252, #6666 ) ;
#2200 = DIRECTION ( 'NONE',  ( 1.000000000000000000, 0.0000000000000000000, 0.0000000000000000000 ) ) ;
#2201 = DIRECTION ( 'NONE',  ( 0.0000000000000000000, 0.0000000000000000000, 1.000000000000000000 ) ) ;
#2202 = AXIS2_PLACEMENT_3D ( 'NONE', #481, #711, #3121 ) ;
#2203 = ORIENTED_EDGE ( 'NONE', *, *, #4483, .F. ) ;
#2204 = APPLICATION_PROTOCOL_DEFINITION ( 'draft international standard', 'automotive_design', 1998, #2045 ) ;
#2205 = APPLICATION_CONTEXT ( 'automotive_design' ) ;
#2206 = UNCERTAINTY_MEASURE_WITH_UNIT (LENGTH_MEASURE( 1.000000000000000082E-05 ), #4781, 'distance_accuracy_value', 'NONE');
#2207 = CONTEXT_DEPENDENT_SHAPE_REPRESENTATION ( #1169, #5754 ) ;
#2208 =( REPRESENTATION_RELATIONSHIP ('NONE','NONE', #6325, #6270 ) REPRESENTATION_RELATIONSHIP_WITH_TRANSFORMATION ( #6658 )SHAPE_REPRESENTATION_RELATIONSHIP( ) );
#2209 = CONTEXT_DEPENDENT_SHAPE_REPRESENTATION ( #2712, #4206 ) ;
#2210 =( LENGTH_UNIT ( ) NAMED_UNIT ( * ) SI_UNIT ( .MILLI., .METRE. ) );
#2211 = DIRECTION ( 'NONE',  ( 0.9956341232378546069, -0.09334180544851637673, 0.0000000000000000000 ) ) ;
#2212 = DIRECTION ( 'NONE',  ( -2.220446049250000002E-16, -1.000000000000000000, 0.0000000000000000000 ) ) ;
#2213 = APPLICATION_CONTEXT ( 'automotive_design' ) ;
#2214 = PRODUCT_RELATED_PRODUCT_CATEGORY ( 'part', '', ( #3581 ) ) ;
#2215 = PRODUCT_DEFINITION_SHAPE ( 'NONE', 'NONE',  #7487 ) ;
#2216 = PRODUCT_DEFINITION ( 'UNKNOWN', '', #2019, #1164 ) ;
#2217 =( LENGTH_UNIT ( ) NAMED_UNIT ( * ) SI_UNIT ( .MILLI., .METRE. ) );
#2218 = LINE ( 'NONE', #4623, #57 ) ;
#2219 = ORIENTED_EDGE ( 'NONE', *, *, #2771, .T. ) ;
#2220 = PRODUCT ( 'PINTSOP2-55', 'PINTSOP2-55', '', ( #837 ) ) ;
#2221 = PRODUCT_CONTEXT ( 'NONE', #1548, 'mechanical' ) ;
#2222 = PRODUCT_DEFINITION_SHAPE ( 'NONE', 'NONE',  #7667 ) ;
#2223 =( NAMED_UNIT ( * ) PLANE_ANGLE_UNIT ( ) SI_UNIT ( $, .RADIAN. ) );
#2224 = SHAPE_DEFINITION_REPRESENTATION ( #6250, #4895 ) ;
#2225 = PRODUCT_CONTEXT ( 'NONE', #5421, 'mechanical' ) ;
#2226 = SHAPE_REPRESENTATION ( 'PINTSOP2-55', ( #6913, #2250, #6653 ), #4257 ) ;
#2227 = PRODUCT_DEFINITION_SHAPE ( 'NONE', 'NONE',  #7586 ) ;
#2228 =( NAMED_UNIT ( * ) SI_UNIT ( $, .STERADIAN. ) SOLID_ANGLE_UNIT ( ) );
#2229 =( NAMED_UNIT ( * ) PLANE_ANGLE_UNIT ( ) SI_UNIT ( $, .RADIAN. ) );
#2230 = CARTESIAN_POINT ( 'NONE',  ( -1.084202172485504434E-16, 1.084202172485504434E-16, -0.4038600000000006629 ) ) ;
#2231 = PRODUCT ( '352644049', '352644049', '', ( #7325 ) ) ;
#2232 = CARTESIAN_POINT ( 'NONE',  ( 0.0000000000000000000, 0.0000000000000000000, 0.0000000000000000000 ) ) ;
#2233 =( REPRESENTATION_RELATIONSHIP ('NONE','NONE', #3041, #5226 ) REPRESENTATION_RELATIONSHIP_WITH_TRANSFORMATION ( #3115 )SHAPE_REPRESENTATION_RELATIONSHIP( ) );
#2234 = CARTESIAN_POINT ( 'NONE',  ( 1.004199159999999980, 1.010701559999999999, 1.062699999999999978 ) ) ;
#2235 = APPLICATION_PROTOCOL_DEFINITION ( 'draft international standard', 'automotive_design', 1998, #3986 ) ;
#2236 = UNCERTAINTY_MEASURE_WITH_UNIT (LENGTH_MEASURE( 1.000000000000000082E-05 ), #5950, 'distance_accuracy_value', 'NONE');
#2237 =( LENGTH_UNIT ( ) NAMED_UNIT ( * ) SI_UNIT ( .MILLI., .METRE. ) );
#2238 =( NAMED_UNIT ( * ) PLANE_ANGLE_UNIT ( ) SI_UNIT ( $, .RADIAN. ) );
#2239 = ITEM_DEFINED_TRANSFORMATION ( 'NONE', 'NONE', #373,  #1948 ) ;
#2240 = CARTESIAN_POINT ( 'NONE',  ( 0.0000000000000000000, 0.0000000000000000000, 0.0000000000000000000 ) ) ;
#2241 = CONTEXT_DEPENDENT_SHAPE_REPRESENTATION ( #1383, #6353 ) ;
#2242 = FACE_OUTER_BOUND ( 'NONE', #1602, .T. ) ;
#2243 = APPLICATION_CONTEXT ( 'automotive_design' ) ;
#2244 = DIRECTION ( 'NONE',  ( 1.110223024625000001E-16, 1.000000000000000000, 0.0000000000000000000 ) ) ;
#2245 =( REPRESENTATION_RELATIONSHIP ('NONE','NONE', #2865, #5226 ) REPRESENTATION_RELATIONSHIP_WITH_TRANSFORMATION ( #2781 )SHAPE_REPRESENTATION_RELATIONSHIP( ) );
#2246 = SHAPE_DEFINITION_REPRESENTATION ( #2703, #4486 ) ;
#2247 =( NAMED_UNIT ( * ) SI_UNIT ( $, .STERADIAN. ) SOLID_ANGLE_UNIT ( ) );
#2248 = PRODUCT_DEFINITION_SHAPE ( 'NONE', 'NONE',  #7692 ) ;
#2249 = PRODUCT_DEFINITION_CONTEXT ( 'detailed design', #2849, 'design' ) ;
#2250 = AXIS2_PLACEMENT_3D ( 'NONE', #2240, #1763, #5201 ) ;
#2251 = LINE ( 'NONE', #2161, #1771 ) ;
#2252 = PRODUCT_RELATED_PRODUCT_CATEGORY ( 'part', '', ( #6803 ) ) ;
#2253 = APPLICATION_PROTOCOL_DEFINITION ( 'draft international standard', 'automotive_design', 1998, #2046 ) ;
#2254 = PRODUCT_RELATED_PRODUCT_CATEGORY ( 'part', '', ( #430 ) ) ;
#2255 = AXIS2_PLACEMENT_3D ( 'NONE', #6249, #6765, #278 ) ;
#2256 = PRODUCT_DEFINITION_FORMATION_WITH_SPECIFIED_SOURCE ( 'ANY', '', #7127, .NOT_KNOWN. ) ;
#2257 = CARTESIAN_POINT ( 'NONE',  ( 0.0000000000000000000, 0.0000000000000000000, -0.4038599999999998302 ) ) ;
#2258 = APPLICATION_PROTOCOL_DEFINITION ( 'draft international standard', 'automotive_design', 1998, #2056 ) ;
#2259 = PRODUCT_CONTEXT ( 'NONE', #335, 'mechanical' ) ;
#2260 = PRODUCT_DEFINITION ( 'UNKNOWN', '', #4657, #6371 ) ;
#2261 = DIRECTION ( 'NONE',  ( 0.0000000000000000000, 0.0000000000000000000, 1.000000000000000000 ) ) ;
#2262 = AXIS2_PLACEMENT_3D ( 'NONE', #1935, #2441, #2991 ) ;
#2263 = PRODUCT_DEFINITION_FORMATION_WITH_SPECIFIED_SOURCE ( 'ANY', '', #3445, .NOT_KNOWN. ) ;
#2264 = DIRECTION ( 'NONE',  ( 1.000000000000000000, 0.0000000000000000000, 0.0000000000000000000 ) ) ;
#2265 =( GEOMETRIC_REPRESENTATION_CONTEXT ( 3 ) GLOBAL_UNCERTAINTY_ASSIGNED_CONTEXT ( ( #530 ) ) GLOBAL_UNIT_ASSIGNED_CONTEXT ( ( #7354, #3739, #1561 ) ) REPRESENTATION_CONTEXT ( 'NONE', 'WORKASPACE' ) );
#2266 = DIRECTION ( 'NONE',  ( 1.000000000000000000, 0.0000000000000000000, 0.0000000000000000000 ) ) ;
#2267 = DIRECTION ( 'NONE',  ( 0.0000000000000000000, 0.0000000000000000000, -1.000000000000000000 ) ) ;
#2268 = APPLICATION_CONTEXT ( 'automotive_design' ) ;
#2269 = PRODUCT_DEFINITION_FORMATION_WITH_SPECIFIED_SOURCE ( 'ANY', '', #6738, .NOT_KNOWN. ) ;
#2270 = ORIENTED_EDGE ( 'NONE', *, *, #6954, .F. ) ;
#2271 = APPLICATION_PROTOCOL_DEFINITION ( 'draft international standard', 'automotive_design', 1998, #6091 ) ;
#2272 = PRODUCT_DEFINITION_SHAPE ( 'NONE', 'NONE',  #7478 ) ;
#2273 = PRODUCT_DEFINITION_CONTEXT ( 'detailed design', #1397, 'design' ) ;
#2274 = CARTESIAN_POINT ( 'NONE',  ( -1.734723475976807094E-15, 0.0000000000000000000, -0.4038599999999993861 ) ) ;
#2275 = SHAPE_REPRESENTATION ( 'Free-Models5', ( #7006, #3102 ), #6750 ) ;
#2276 =( NAMED_UNIT ( * ) PLANE_ANGLE_UNIT ( ) SI_UNIT ( $, .RADIAN. ) );
#2277 =( NAMED_UNIT ( * ) SI_UNIT ( $, .STERADIAN. ) SOLID_ANGLE_UNIT ( ) );
#2278 =( REPRESENTATION_RELATIONSHIP ('NONE','NONE', #4137, #6866 ) REPRESENTATION_RELATIONSHIP_WITH_TRANSFORMATION ( #5356 )SHAPE_REPRESENTATION_RELATIONSHIP( ) );
#2279 = PRODUCT_DEFINITION_SHAPE ( 'NONE', 'NONE',  #6703 ) ;
#2280 = AXIS2_PLACEMENT_3D ( 'NONE', #16, #1415, #6191 ) ;
#2281 = DIRECTION ( 'NONE',  ( -1.000000000000000000, 2.220446049250000002E-16, 1.110223024625000001E-16 ) ) ;
#2282 = PRODUCT_DEFINITION_SHAPE ( 'NONE', 'NONE',  #6984 ) ;
#2283 = DIRECTION ( 'NONE',  ( 0.0000000000000000000, 0.0000000000000000000, 1.000000000000000000 ) ) ;
#2284 = CARTESIAN_POINT ( 'NONE',  ( 0.0000000000000000000, 0.0000000000000000000, 0.0000000000000000000 ) ) ;
#2285 = ITEM_DEFINED_TRANSFORMATION ( 'NONE', 'NONE', #2525,  #363 ) ;
#2286 = APPLICATION_CONTEXT ( 'automotive_design' ) ;
#2287 =( NAMED_UNIT ( * ) PLANE_ANGLE_UNIT ( ) SI_UNIT ( $, .RADIAN. ) );
#2288 =( REPRESENTATION_RELATIONSHIP ('NONE','NONE', #706, #5552 ) REPRESENTATION_RELATIONSHIP_WITH_TRANSFORMATION ( #5158 )SHAPE_REPRESENTATION_RELATIONSHIP( ) );
#2289 =( NAMED_UNIT ( * ) SI_UNIT ( $, .STERADIAN. ) SOLID_ANGLE_UNIT ( ) );
#2290 = PRODUCT_DEFINITION_SHAPE ( 'NONE', 'NONE',  #7571 ) ;
#2291 = CARTESIAN_POINT ( 'NONE',  ( 0.0000000000000000000, 0.0000000000000000000, 0.0000000000000000000 ) ) ;
#2292 =( NAMED_UNIT ( * ) SI_UNIT ( $, .STERADIAN. ) SOLID_ANGLE_UNIT ( ) );
#2293 = PRODUCT_CONTEXT ( 'NONE', #4772, 'mechanical' ) ;
#2294 = DIRECTION ( 'NONE',  ( 0.0000000000000000000, 0.0000000000000000000, 1.000000000000000000 ) ) ;
#2295 = AXIS2_PLACEMENT_3D ( 'NONE', #3520, #5927, #2954 ) ;
#2296 = SHAPE_REPRESENTATION ( 'BODYTSOP2-55', ( #2588, #6219, #6978 ), #4590 ) ;
#2297 =( NAMED_UNIT ( * ) SI_UNIT ( $, .STERADIAN. ) SOLID_ANGLE_UNIT ( ) );
#2298 = PRODUCT_DEFINITION ( 'UNKNOWN', '', #2660, #1666 ) ;
#2299 = PRESENTATION_STYLE_ASSIGNMENT (( #1627 ) ) ;
#2300 =( GEOMETRIC_REPRESENTATION_CONTEXT ( 3 ) GLOBAL_UNCERTAINTY_ASSIGNED_CONTEXT ( ( #6135 ) ) GLOBAL_UNIT_ASSIGNED_CONTEXT ( ( #7396, #5167, #6465 ) ) REPRESENTATION_CONTEXT ( 'NONE', 'WORKASPACE' ) );
#2301 = AXIS2_PLACEMENT_3D ( 'NONE', #5447, #591, #3665 ) ;
#2302 = APPLICATION_PROTOCOL_DEFINITION ( 'draft international standard', 'automotive_design', 1998, #444 ) ;
#2303 = DIRECTION ( 'NONE',  ( 0.0000000000000000000, 0.0000000000000000000, 1.000000000000000000 ) ) ;
#2304 = DIRECTION ( 'NONE',  ( 0.0000000000000000000, 0.0000000000000000000, 1.000000000000000000 ) ) ;
#2305 = ITEM_DEFINED_TRANSFORMATION ( 'NONE', 'NONE', #5879,  #2880 ) ;
#2306 = PRODUCT_DEFINITION ( 'UNKNOWN', '', #1121, #2765 ) ;
#2307 = CARTESIAN_POINT ( 'NONE',  ( -0.6199987599999999821, -0.1850008999999999959, 0.0000000000000000000 ) ) ;
#2308 = CARTESIAN_POINT ( 'NONE',  ( 0.0000000000000000000, 0.0000000000000000000, 0.0000000000000000000 ) ) ;
#2309 = APPLICATION_CONTEXT ( 'automotive_design' ) ;
#2310 = ORIENTED_EDGE ( 'NONE', *, *, #122, .T. ) ;
#2311 = APPLICATION_PROTOCOL_DEFINITION ( 'draft international standard', 'automotive_design', 1998, #2662 ) ;
#2312 = AXIS2_PLACEMENT_3D ( 'NONE', #3397, #6474, #3321 ) ;
#2313 = PRODUCT_DEFINITION_SHAPE ( 'NONE', 'NONE',  #4906 ) ;
#2314 = PRESENTATION_LAYER_ASSIGNMENT (  '', '', ( #5343 ) ) ;
#2315 = PRODUCT_DEFINITION_SHAPE ( 'NONE', 'NONE',  #7705 ) ;
#2316 =( NAMED_UNIT ( * ) PLANE_ANGLE_UNIT ( ) SI_UNIT ( $, .RADIAN. ) );
#2317 = DIRECTION ( 'NONE',  ( 1.000000000000000000, 0.0000000000000000000, 0.0000000000000000000 ) ) ;
#2318 = CARTESIAN_POINT ( 'NONE',  ( 0.0000000000000000000, 0.0000000000000000000, 0.0000000000000000000 ) ) ;
#2319 = DIRECTION ( 'NONE',  ( 0.0000000000000000000, 0.0000000000000000000, 1.000000000000000000 ) ) ;
#2320 = ADVANCED_FACE ( 'NONE', ( #5264 ), #499, .F. ) ;
#2321 = AXIS2_PLACEMENT_3D ( 'NONE', #190, #790, #6871 ) ;
#2322 = SHAPE_REPRESENTATION ( '352644049', ( #6015, #7285 ), #2924 ) ;
#2323 = DIRECTION ( 'NONE',  ( -2.220446049250000002E-16, -1.000000000000000000, 0.0000000000000000000 ) ) ;
#2324 = CARTESIAN_POINT ( 'NONE',  ( 0.0000000000000000000, 0.0000000000000000000, 0.0000000000000000000 ) ) ;
#2325 = DIRECTION ( 'NONE',  ( 1.000000000000000000, 0.0000000000000000000, 0.0000000000000000000 ) ) ;
#2326 =( REPRESENTATION_RELATIONSHIP ('NONE','NONE', #4137, #2512 ) REPRESENTATION_RELATIONSHIP_WITH_TRANSFORMATION ( #106 )SHAPE_REPRESENTATION_RELATIONSHIP( ) );
#2327 =( NAMED_UNIT ( * ) PLANE_ANGLE_UNIT ( ) SI_UNIT ( $, .RADIAN. ) );
#2328 = PRODUCT_DEFINITION_SHAPE ( 'NONE', 'NONE',  #1384 ) ;
#2329 = DIRECTION ( 'NONE',  ( 0.0000000000000000000, 0.0000000000000000000, 1.000000000000000000 ) ) ;
#2330 = DIRECTION ( 'NONE',  ( 0.0000000000000000000, 0.0000000000000000000, 1.000000000000000000 ) ) ;
#2331 = ITEM_DEFINED_TRANSFORMATION ( 'NONE', 'NONE', #4033,  #2446 ) ;
#2332 = DIRECTION ( 'NONE',  ( 0.0000000000000000000, 0.0000000000000000000, 1.000000000000000000 ) ) ;
#2333 =( REPRESENTATION_RELATIONSHIP ('NONE','NONE', #3375, #1766 ) REPRESENTATION_RELATIONSHIP_WITH_TRANSFORMATION ( #6257 )SHAPE_REPRESENTATION_RELATIONSHIP( ) );
#2334 = UNCERTAINTY_MEASURE_WITH_UNIT (LENGTH_MEASURE( 1.000000000000000082E-05 ), #7044, 'distance_accuracy_value', 'NONE');
#2335 =( NAMED_UNIT ( * ) PLANE_ANGLE_UNIT ( ) SI_UNIT ( $, .RADIAN. ) );
#2336 = CARTESIAN_POINT ( 'NONE',  ( 0.0000000000000000000, 0.0000000000000000000, 0.0000000000000000000 ) ) ;
#2337 = PRODUCT_DEFINITION_SHAPE ( 'NONE', 'NONE',  #7476 ) ;
#2338 = AXIS2_PLACEMENT_3D ( 'NONE', #1066, #5303, #3322 ) ;
#2339 =( LENGTH_UNIT ( ) NAMED_UNIT ( * ) SI_UNIT ( .MILLI., .METRE. ) );
#2340 = PRODUCT_CONTEXT ( 'NONE', #210, 'mechanical' ) ;
#2341 = DIRECTION ( 'NONE',  ( 1.000000000000000000, 0.0000000000000000000, 0.0000000000000000000 ) ) ;
#2342 = UNCERTAINTY_MEASURE_WITH_UNIT (LENGTH_MEASURE( 1.000000000000000082E-05 ), #2404, 'distance_accuracy_value', 'NONE');
#2343 = PRODUCT_DEFINITION_SHAPE ( 'NONE', 'NONE',  #6797 ) ;
#2344 = APPLICATION_CONTEXT ( 'automotive_design' ) ;
#2345 = PRODUCT_DEFINITION_SHAPE ( 'NONE', 'NONE',  #2946 ) ;
#2346 = CARTESIAN_POINT ( 'NONE',  ( 0.0000000000000000000, 0.0000000000000000000, 0.0000000000000000000 ) ) ;
#2347 = PLANE ( 'NONE',  #7324 ) ;
#2348 = DIRECTION ( 'NONE',  ( 0.0000000000000000000, 0.0000000000000000000, 1.000000000000000000 ) ) ;
#2349 = ORIENTED_EDGE ( 'NONE', *, *, #5254, .F. ) ;
#2350 = APPLICATION_PROTOCOL_DEFINITION ( 'draft international standard', 'automotive_design', 1998, #4405 ) ;
#2351 = CONTEXT_DEPENDENT_SHAPE_REPRESENTATION ( #2808, #6752 ) ;
#2352 = PRODUCT_RELATED_PRODUCT_CATEGORY ( 'part', '', ( #149 ) ) ;
#2353 = PRODUCT_DEFINITION ( 'UNKNOWN', '', #6290, #1733 ) ;
#2354 = PRODUCT_DEFINITION_CONTEXT ( 'detailed design', #2520, 'design' ) ;
#2355 = LINE ( 'NONE', #6612, #69 ) ;
#2356 = DIRECTION ( 'NONE',  ( 0.0000000000000000000, 0.0000000000000000000, 1.000000000000000000 ) ) ;
#2357 = ITEM_DEFINED_TRANSFORMATION ( 'NONE', 'NONE', #5771,  #1948 ) ;
#2358 = DIRECTION ( 'NONE',  ( 1.000000000000000000, 0.0000000000000000000, 0.0000000000000000000 ) ) ;
#2359 = APPLICATION_CONTEXT ( 'automotive_design' ) ;
#2360 = CARTESIAN_POINT ( 'NONE',  ( 12.47439974000000085, 9.485000080000000722, -0.4872999999999999554 ) ) ;
#2361 = CARTESIAN_POINT ( 'NONE',  ( 0.0000000000000000000, 0.0000000000000000000, -0.4038600000000000523 ) ) ;
#2362 = EDGE_CURVE ( 'NONE', #4362, #3532, #4351, .T. ) ;
#2363 =( NAMED_UNIT ( * ) SI_UNIT ( $, .STERADIAN. ) SOLID_ANGLE_UNIT ( ) );
#2364 =( NAMED_UNIT ( * ) SI_UNIT ( $, .STERADIAN. ) SOLID_ANGLE_UNIT ( ) );
#2365 = SHAPE_REPRESENTATION ( 'Free-Models5', ( #2880, #5005 ), #1731 ) ;
#2366 = ITEM_DEFINED_TRANSFORMATION ( 'NONE', 'NONE', #3628,  #1948 ) ;
#2367 =( GEOMETRIC_REPRESENTATION_CONTEXT ( 3 ) GLOBAL_UNCERTAINTY_ASSIGNED_CONTEXT ( ( #1204 ) ) GLOBAL_UNIT_ASSIGNED_CONTEXT ( ( #2766, #1568, #966 ) ) REPRESENTATION_CONTEXT ( 'NONE', 'WORKASPACE' ) );
#2368 = CARTESIAN_POINT ( 'NONE',  ( -11.10999810000000032, 5.080000000000000071, 1.199999999999999956 ) ) ;
#2369 = DIRECTION ( 'NONE',  ( 1.000000000000000000, 0.0000000000000000000, 0.0000000000000000000 ) ) ;
#2370 = CONTEXT_DEPENDENT_SHAPE_REPRESENTATION ( #4740, #1651 ) ;
#2371 = DIRECTION ( 'NONE',  ( 1.000000000000000000, 0.0000000000000000000, 0.0000000000000000000 ) ) ;
#2372 = AXIS2_PLACEMENT_3D ( 'NONE', #6049, #1502, #2597 ) ;
#2373 = DIRECTION ( 'NONE',  ( 1.000000000000000000, 0.0000000000000000000, -0.0000000000000000000 ) ) ;
#2374 = PRODUCT_DEFINITION_SHAPE ( 'NONE', 'NONE',  #7716 ) ;
#2375 = DIRECTION ( 'NONE',  ( 0.0000000000000000000, 0.0000000000000000000, 1.000000000000000000 ) ) ;
#2376 = PRODUCT_CONTEXT ( 'NONE', #1130, 'mechanical' ) ;
#2377 =( NAMED_UNIT ( * ) PLANE_ANGLE_UNIT ( ) SI_UNIT ( $, .RADIAN. ) );
#2378 =( GEOMETRIC_REPRESENTATION_CONTEXT ( 3 ) GLOBAL_UNCERTAINTY_ASSIGNED_CONTEXT ( ( #81 ) ) GLOBAL_UNIT_ASSIGNED_CONTEXT ( ( #4482, #3334, #6810 ) ) REPRESENTATION_CONTEXT ( 'NONE', 'WORKASPACE' ) );
#2379 =( REPRESENTATION_RELATIONSHIP ('NONE','NONE', #4137, #6388 ) REPRESENTATION_RELATIONSHIP_WITH_TRANSFORMATION ( #2961 )SHAPE_REPRESENTATION_RELATIONSHIP( ) );
#2380 = DIRECTION ( 'NONE',  ( 0.0000000000000000000, 0.0000000000000000000, 1.000000000000000000 ) ) ;
#2381 = PRODUCT_DEFINITION_FORMATION_WITH_SPECIFIED_SOURCE ( 'ANY', '', #598, .NOT_KNOWN. ) ;
#2382 = CARTESIAN_POINT ( 'NONE',  ( 0.001000760000000000278, 0.0000000000000000000, 0.0000000000000000000 ) ) ;
#2383 = DIRECTION ( 'NONE',  ( 0.0000000000000000000, 0.0000000000000000000, 1.000000000000000000 ) ) ;
#2384 = AXIS2_PLACEMENT_3D ( 'NONE', #5848, #4110, #6359 ) ;
#2385 = PLANE ( 'NONE',  #2837 ) ;
#2386 = AXIS2_PLACEMENT_3D ( 'NONE', #4075, #3333, #6484 ) ;
#2387 = DIRECTION ( 'NONE',  ( 0.0000000000000000000, 0.0000000000000000000, 1.000000000000000000 ) ) ;
#2388 = ORIENTED_EDGE ( 'NONE', *, *, #486, .T. ) ;
#2389 = AXIS2_PLACEMENT_3D ( 'NONE', #2581, #4970, #3117 ) ;
#2390 = SHAPE_DEFINITION_REPRESENTATION ( #6224, #506 ) ;
#2391 = PRODUCT_DEFINITION_FORMATION_WITH_SPECIFIED_SOURCE ( 'ANY', '', #5157, .NOT_KNOWN. ) ;
#2392 = CARTESIAN_POINT ( 'NONE',  ( -0.3650005400000000400, -0.2449982399999999783, -0.2872993999999996495 ) ) ;
#2393 = APPLICATION_CONTEXT ( 'automotive_design' ) ;
#2394 =( REPRESENTATION_RELATIONSHIP ('NONE','NONE', #3862, #6270 ) REPRESENTATION_RELATIONSHIP_WITH_TRANSFORMATION ( #3835 )SHAPE_REPRESENTATION_RELATIONSHIP( ) );
#2395 = DIRECTION ( 'NONE',  ( 0.0000000000000000000, 0.0000000000000000000, 1.000000000000000000 ) ) ;
#2396 = DIRECTION ( 'NONE',  ( 1.000000000000000000, 0.0000000000000000000, 0.0000000000000000000 ) ) ;
#2397 = PRODUCT ( 'PINTSOP2-55', 'PINTSOP2-55', '', ( #725 ) ) ;
#2398 = DIRECTION ( 'NONE',  ( 0.0000000000000000000, 0.0000000000000000000, 1.000000000000000000 ) ) ;
#2399 = DIRECTION ( 'NONE',  ( -1.000000000000000000, 2.220446049250000002E-16, 1.110223024625000001E-16 ) ) ;
#2400 = PRODUCT_DEFINITION_FORMATION_WITH_SPECIFIED_SOURCE ( 'ANY', '', #2129, .NOT_KNOWN. ) ;
#2401 = PRODUCT_DEFINITION ( 'UNKNOWN', '', #3151, #3544 ) ;
#2402 = DIRECTION ( 'NONE',  ( 1.000000000000000000, -1.110223024625000001E-16, 1.110223024625000001E-16 ) ) ;
#2403 = UNCERTAINTY_MEASURE_WITH_UNIT (LENGTH_MEASURE( 1.000000000000000082E-05 ), #6620, 'distance_accuracy_value', 'NONE');
#2404 =( LENGTH_UNIT ( ) NAMED_UNIT ( * ) SI_UNIT ( .MILLI., .METRE. ) );
#2405 = CONTEXT_DEPENDENT_SHAPE_REPRESENTATION ( #6618, #5511 ) ;
#2406 = PRODUCT ( 'Free-Models5', 'Free-Models5', '', ( #611 ) ) ;
#2407 = CARTESIAN_POINT ( 'NONE',  ( 0.0000000000000000000, 0.0000000000000000000, -0.4038600000000000523 ) ) ;
#2408 = APPLICATION_CONTEXT ( 'automotive_design' ) ;
#2409 = DIRECTION ( 'NONE',  ( 0.0000000000000000000, 0.0000000000000000000, 1.000000000000000000 ) ) ;
#2410 =( GEOMETRIC_REPRESENTATION_CONTEXT ( 3 ) GLOBAL_UNCERTAINTY_ASSIGNED_CONTEXT ( ( #4855 ) ) GLOBAL_UNIT_ASSIGNED_CONTEXT ( ( #5682, #3787, #2696 ) ) REPRESENTATION_CONTEXT ( 'NONE', 'WORKASPACE' ) );
#2411 = CONTEXT_DEPENDENT_SHAPE_REPRESENTATION ( #5318, #6200 ) ;
#2412 =( NAMED_UNIT ( * ) PLANE_ANGLE_UNIT ( ) SI_UNIT ( $, .RADIAN. ) );
#2413 = PRODUCT_DEFINITION_SHAPE ( 'NONE', 'NONE',  #7493 ) ;
#2414 = DIRECTION ( 'NONE',  ( -1.000000000000000000, 0.0000000000000000000, 0.0000000000000000000 ) ) ;
#2415 = EDGE_CURVE ( 'NONE', #346, #5548, #765, .T. ) ;
#2416 = PRODUCT_CONTEXT ( 'NONE', #2504, 'mechanical' ) ;
#2417 = CARTESIAN_POINT ( 'NONE',  ( 0.0000000000000000000, 0.1499997000000000136, 0.0000000000000000000 ) ) ;
#2418 = PRODUCT ( '352644049', '352644049', '', ( #5653 ) ) ;
#2419 =( LENGTH_UNIT ( ) NAMED_UNIT ( * ) SI_UNIT ( .MILLI., .METRE. ) );
#2420 = CONTEXT_DEPENDENT_SHAPE_REPRESENTATION ( #4030, #2215 ) ;
#2421 = DIRECTION ( 'NONE',  ( 1.000000000000000000, 0.0000000000000000000, 0.0000000000000000000 ) ) ;
#2422 =( NAMED_UNIT ( * ) PLANE_ANGLE_UNIT ( ) SI_UNIT ( $, .RADIAN. ) );
#2423 = APPLICATION_CONTEXT ( 'automotive_design' ) ;
#2424 = CIRCLE ( 'NONE', #3430, 0.5000000000000000000 ) ;
#2425 = DIRECTION ( 'NONE',  ( 0.0000000000000000000, 0.0000000000000000000, 1.000000000000000000 ) ) ;
#2426 = DIRECTION ( 'NONE',  ( 1.000000000000000000, 0.0000000000000000000, 0.0000000000000000000 ) ) ;
#2427 = APPLICATION_PROTOCOL_DEFINITION ( 'draft international standard', 'automotive_design', 1998, #191 ) ;
#2428 = PRODUCT_DEFINITION_SHAPE ( 'NONE', 'NONE',  #7572 ) ;
#2429 =( LENGTH_UNIT ( ) NAMED_UNIT ( * ) SI_UNIT ( .MILLI., .METRE. ) );
#2430 = PRODUCT_DEFINITION_CONTEXT ( 'detailed design', #5096, 'design' ) ;
#2431 = UNCERTAINTY_MEASURE_WITH_UNIT (LENGTH_MEASURE( 1.000000000000000082E-05 ), #3099, 'distance_accuracy_value', 'NONE');
#2432 =( LENGTH_UNIT ( ) NAMED_UNIT ( * ) SI_UNIT ( .MILLI., .METRE. ) );
#2433 = DIRECTION ( 'NONE',  ( -1.000000000000000000, 0.0000000000000000000, 0.0000000000000000000 ) ) ;
#2434 = AXIS2_PLACEMENT_3D ( 'NONE', #3699, #5048, #2063 ) ;
#2435 = PRODUCT_DEFINITION_SHAPE ( 'NONE', 'NONE',  #5691 ) ;
#2436 = CARTESIAN_POINT ( 'NONE',  ( 0.0000000000000000000, 0.0000000000000000000, 0.0000000000000000000 ) ) ;
#2437 = AXIS2_PLACEMENT_3D ( 'NONE', #6205, #203, #5620 ) ;
#2438 = PRESENTATION_STYLE_ASSIGNMENT (( #6686 ) ) ;
#2439 = APPLICATION_CONTEXT ( 'automotive_design' ) ;
#2440 = APPLICATION_PROTOCOL_DEFINITION ( 'draft international standard', 'automotive_design', 1998, #1798 ) ;
#2441 = DIRECTION ( 'NONE',  ( 0.0000000000000000000, 0.0000000000000000000, 1.000000000000000000 ) ) ;
#2442 = DIRECTION ( 'NONE',  ( -0.0000000000000000000, 0.0000000000000000000, -1.000000000000000000 ) ) ;
#2443 = PRODUCT_DEFINITION_CONTEXT ( 'detailed design', #3235, 'design' ) ;
#2444 = ITEM_DEFINED_TRANSFORMATION ( 'NONE', 'NONE', #5647,  #1948 ) ;
#2445 = DIRECTION ( 'NONE',  ( 1.110223024625000001E-16, 1.000000000000000000, 0.0000000000000000000 ) ) ;
#2446 = AXIS2_PLACEMENT_3D ( 'NONE', #5628, #3731, #6213 ) ;
#2447 = APPLICATION_CONTEXT ( 'automotive_design' ) ;
#2448 = UNCERTAINTY_MEASURE_WITH_UNIT (LENGTH_MEASURE( 1.000000000000000082E-05 ), #2856, 'distance_accuracy_value', 'NONE');
#2449 =( REPRESENTATION_RELATIONSHIP ('NONE','NONE', #1820, #1000 ) REPRESENTATION_RELATIONSHIP_WITH_TRANSFORMATION ( #4613 )SHAPE_REPRESENTATION_RELATIONSHIP( ) );
#2450 =( NAMED_UNIT ( * ) PLANE_ANGLE_UNIT ( ) SI_UNIT ( $, .RADIAN. ) );
#2451 = UNCERTAINTY_MEASURE_WITH_UNIT (LENGTH_MEASURE( 1.000000000000000082E-05 ), #2684, 'distance_accuracy_value', 'NONE');
#2452 = AXIS2_PLACEMENT_3D ( 'NONE', #2699, #7425, #5723 ) ;
#2453 = PRODUCT ( 'Free-Models5', 'Free-Models5', '', ( #5241 ) ) ;
#2454 = AXIS2_PLACEMENT_3D ( 'NONE', #5014, #2661, #4340 ) ;
#2455 = PRODUCT_DEFINITION_SHAPE ( 'NONE', 'NONE',  #7707 ) ;
#2456 = DIRECTION ( 'NONE',  ( 1.000000000000000000, 0.0000000000000000000, 0.0000000000000000000 ) ) ;
#2457 = PRODUCT_DEFINITION_CONTEXT ( 'detailed design', #2531, 'design' ) ;
#2458 = ITEM_DEFINED_TRANSFORMATION ( 'NONE', 'NONE', #7333,  #6087 ) ;
#2459 = DIRECTION ( 'NONE',  ( -1.000000000000000000, -0.0000000000000000000, -0.0000000000000000000 ) ) ;
#2460 = DIRECTION ( 'NONE',  ( 0.0000000000000000000, 0.0000000000000000000, 1.000000000000000000 ) ) ;
#2461 = APPLICATION_PROTOCOL_DEFINITION ( 'draft international standard', 'automotive_design', 1998, #2504 ) ;
#2462 = CARTESIAN_POINT ( 'NONE',  ( 0.6200012999999999774, 0.3149987350000000297, 0.3000000000000000444 ) ) ;
#2463 = CONTEXT_DEPENDENT_SHAPE_REPRESENTATION ( #5307, #1138 ) ;
#2464 = APPLICATION_CONTEXT ( 'automotive_design' ) ;
#2465 =( REPRESENTATION_RELATIONSHIP ('NONE','NONE', #2011, #5017 ) REPRESENTATION_RELATIONSHIP_WITH_TRANSFORMATION ( #1907 )SHAPE_REPRESENTATION_RELATIONSHIP( ) );
#2466 = PRODUCT_DEFINITION ( 'UNKNOWN', '', #1362, #5827 ) ;
#2467 = PRODUCT_DEFINITION_CONTEXT ( 'detailed design', #264, 'design' ) ;
#2468 = CARTESIAN_POINT ( 'NONE',  ( -5.421010862427522170E-17, 5.421010862427522170E-17, 0.0000000000000000000 ) ) ;
#2469 = APPLICATION_PROTOCOL_DEFINITION ( 'draft international standard', 'automotive_design', 1998, #895 ) ;
#2470 = AXIS2_PLACEMENT_3D ( 'NONE', #1598, #6513, #2907 ) ;
#2471 = PRODUCT ( 'Free-Models5', 'Free-Models5', '', ( #660 ) ) ;
#2472 = CARTESIAN_POINT ( 'NONE',  ( 0.0000000000000000000, 0.0000000000000000000, 0.0000000000000000000 ) ) ;
#2473 = APPLICATION_CONTEXT ( 'automotive_design' ) ;
#2474 = ADVANCED_FACE ( 'NONE', ( #4386 ), #3208, .T. ) ;
#2475 =( NAMED_UNIT ( * ) PLANE_ANGLE_UNIT ( ) SI_UNIT ( $, .RADIAN. ) );
#2476 = CARTESIAN_POINT ( 'NONE',  ( -0.6199987599999999821, -0.1850008999999999959, 0.0000000000000000000 ) ) ;
#2477 = ITEM_DEFINED_TRANSFORMATION ( 'NONE', 'NONE', #4301,  #2280 ) ;
#2478 = ORIENTED_EDGE ( 'NONE', *, *, #5742, .F. ) ;
#2479 = APPLICATION_PROTOCOL_DEFINITION ( 'draft international standard', 'automotive_design', 1998, #5746 ) ;
#2480 =( NAMED_UNIT ( * ) SI_UNIT ( $, .STERADIAN. ) SOLID_ANGLE_UNIT ( ) );
#2481 = PRODUCT_DEFINITION_SHAPE ( 'NONE', 'NONE',  #7521 ) ;
#2482 = DIRECTION ( 'NONE',  ( 1.000000000000000000, 0.0000000000000000000, 0.0000000000000000000 ) ) ;
#2483 = DIRECTION ( 'NONE',  ( 1.000000000000000000, 0.0000000000000000000, 0.0000000000000000000 ) ) ;
#2484 = ITEM_DEFINED_TRANSFORMATION ( 'NONE', 'NONE', #6654,  #6016 ) ;
#2485 = DIRECTION ( 'NONE',  ( -1.000000000000000000, 2.220446049250000002E-16, 1.110223024625000001E-16 ) ) ;
#2486 = VERTEX_POINT ( 'NONE', #5541 ) ;
#2487 = UNCERTAINTY_MEASURE_WITH_UNIT (LENGTH_MEASURE( 1.000000000000000082E-05 ), #4943, 'distance_accuracy_value', 'NONE');
#2488 = SHAPE_REPRESENTATION ( 'PINTSOP2-55', ( #5304, #5315, #1274 ), #4294 ) ;
#2489 = CARTESIAN_POINT ( 'NONE',  ( 0.0000000000000000000, 1.084202172485504434E-16, -0.4038599999999989421 ) ) ;
#2490 = CONTEXT_DEPENDENT_SHAPE_REPRESENTATION ( #1538, #432 ) ;
#2491 = DIRECTION ( 'NONE',  ( 1.000000000000000000, 0.0000000000000000000, 0.0000000000000000000 ) ) ;
#2492 = CARTESIAN_POINT ( 'NONE',  ( 0.0000000000000000000, 0.0000000000000000000, 0.0000000000000000000 ) ) ;
#2493 =( LENGTH_UNIT ( ) NAMED_UNIT ( * ) SI_UNIT ( .MILLI., .METRE. ) );
#2494 =( REPRESENTATION_RELATIONSHIP ('NONE','NONE', #1944, #5455 ) REPRESENTATION_RELATIONSHIP_WITH_TRANSFORMATION ( #5246 )SHAPE_REPRESENTATION_RELATIONSHIP( ) );
#2495 = SHAPE_DEFINITION_REPRESENTATION ( #1673, #1456 ) ;
#2496 = CARTESIAN_POINT ( 'NONE',  ( 0.0000000000000000000, 0.0000000000000000000, 0.0000000000000000000 ) ) ;
#2497 = DIRECTION ( 'NONE',  ( 1.000000000000000000, 0.0000000000000000000, 0.0000000000000000000 ) ) ;
#2498 = CONTEXT_DEPENDENT_SHAPE_REPRESENTATION ( #2326, #6553 ) ;
#2499 = DIRECTION ( 'NONE',  ( 0.0000000000000000000, 0.0000000000000000000, 1.000000000000000000 ) ) ;
#2500 = ITEM_DEFINED_TRANSFORMATION ( 'NONE', 'NONE', #1002,  #1948 ) ;
#2501 = PRODUCT_DEFINITION ( 'UNKNOWN', '', #638, #5736 ) ;
#2502 =( GEOMETRIC_REPRESENTATION_CONTEXT ( 3 ) GLOBAL_UNCERTAINTY_ASSIGNED_CONTEXT ( ( #6493 ) ) GLOBAL_UNIT_ASSIGNED_CONTEXT ( ( #5047, #7430, #96 ) ) REPRESENTATION_CONTEXT ( 'NONE', 'WORKASPACE' ) );
#2503 = PRODUCT_DEFINITION ( 'UNKNOWN', '', #3772, #1572 ) ;
#2504 = APPLICATION_CONTEXT ( 'automotive_design' ) ;
#2505 =( REPRESENTATION_RELATIONSHIP ('NONE','NONE', #1968, #261 ) REPRESENTATION_RELATIONSHIP_WITH_TRANSFORMATION ( #6000 )SHAPE_REPRESENTATION_RELATIONSHIP( ) );
#2506 = APPLICATION_PROTOCOL_DEFINITION ( 'draft international standard', 'automotive_design', 1998, #2067 ) ;
#2507 = CARTESIAN_POINT ( 'NONE',  ( 0.0000000000000000000, 0.0000000000000000000, 0.0000000000000000000 ) ) ;
#2508 = DIRECTION ( 'NONE',  ( 1.000000000000000000, 0.0000000000000000000, 0.0000000000000000000 ) ) ;
#2509 = DIRECTION ( 'NONE',  ( 0.0000000000000000000, 0.0000000000000000000, 1.000000000000000000 ) ) ;
#2510 = LINE ( 'NONE', #1999, #1636 ) ;
#2511 = DIRECTION ( 'NONE',  ( 1.000000000000000000, 0.0000000000000000000, 0.0000000000000000000 ) ) ;
#2512 = SHAPE_REPRESENTATION ( 'PINTSOP2-55', ( #5331, #1293, #2948 ), #1414 ) ;
#2513 = PRESENTATION_STYLE_ASSIGNMENT (( #4951 ) ) ;
#2514 = PRODUCT_RELATED_PRODUCT_CATEGORY ( 'part', '', ( #2155 ) ) ;
#2515 = SURFACE_STYLE_FILL_AREA ( #6565 ) ;
#2516 = AXIS2_PLACEMENT_3D ( 'NONE', #5896, #1127, #6457 ) ;
#2517 = EDGE_LOOP ( 'NONE', ( #1408, #861, #2203, #4868 ) ) ;
#2518 = AXIS2_PLACEMENT_3D ( 'NONE', #1722, #5324, #1569 ) ;
#2519 = APPLICATION_PROTOCOL_DEFINITION ( 'draft international standard', 'automotive_design', 1998, #6338 ) ;
#2520 = APPLICATION_CONTEXT ( 'automotive_design' ) ;
#2521 = PRODUCT_DEFINITION_SHAPE ( 'NONE', 'NONE',  #2353 ) ;
#2522 = PRODUCT_DEFINITION_SHAPE ( 'NONE', 'NONE',  #7750 ) ;
#2523 =( NAMED_UNIT ( * ) PLANE_ANGLE_UNIT ( ) SI_UNIT ( $, .RADIAN. ) );
#2524 = DIRECTION ( 'NONE',  ( 0.0000000000000000000, 0.0000000000000000000, 1.000000000000000000 ) ) ;
#2525 = AXIS2_PLACEMENT_3D ( 'NONE', #5190, #4786, #37 ) ;
#2526 = CONTEXT_DEPENDENT_SHAPE_REPRESENTATION ( #6317, #1234 ) ;
#2527 =( GEOMETRIC_REPRESENTATION_CONTEXT ( 3 ) GLOBAL_UNCERTAINTY_ASSIGNED_CONTEXT ( ( #2724 ) ) GLOBAL_UNIT_ASSIGNED_CONTEXT ( ( #6812, #1512, #7346 ) ) REPRESENTATION_CONTEXT ( 'NONE', 'WORKASPACE' ) );
#2528 = CARTESIAN_POINT ( 'NONE',  ( -0.3650005400000003175, -0.2449982400000000338, -0.2872993999999996495 ) ) ;
#2529 = PRODUCT_DEFINITION_FORMATION_WITH_SPECIFIED_SOURCE ( 'ANY', '', #5372, .NOT_KNOWN. ) ;
#2530 = DIRECTION ( 'NONE',  ( -2.220446049250000002E-16, -1.000000000000000000, 0.0000000000000000000 ) ) ;
#2531 = APPLICATION_CONTEXT ( 'automotive_design' ) ;
#2532 = PRODUCT ( '352644049', '352644049', '', ( #601 ) ) ;
#2533 =( LENGTH_UNIT ( ) NAMED_UNIT ( * ) SI_UNIT ( .MILLI., .METRE. ) );
#2534 =( GEOMETRIC_REPRESENTATION_CONTEXT ( 3 ) GLOBAL_UNCERTAINTY_ASSIGNED_CONTEXT ( ( #6253 ) ) GLOBAL_UNIT_ASSIGNED_CONTEXT ( ( #867, #266, #7368 ) ) REPRESENTATION_CONTEXT ( 'NONE', 'WORKASPACE' ) );
#2535 = DIRECTION ( 'NONE',  ( 0.0000000000000000000, 0.0000000000000000000, 1.000000000000000000 ) ) ;
#2536 = PRODUCT_DEFINITION_FORMATION_WITH_SPECIFIED_SOURCE ( 'ANY', '', #2650, .NOT_KNOWN. ) ;
#2537 = CARTESIAN_POINT ( 'NONE',  ( 0.0000000000000000000, 0.0000000000000000000, -0.4038600000000006629 ) ) ;
#2538 = CONTEXT_DEPENDENT_SHAPE_REPRESENTATION ( #1650, #5840 ) ;
#2539 = LINE ( 'NONE', #5520, #4315 ) ;
#2540 =( REPRESENTATION_RELATIONSHIP ('NONE','NONE', #6700, #6270 ) REPRESENTATION_RELATIONSHIP_WITH_TRANSFORMATION ( #6526 )SHAPE_REPRESENTATION_RELATIONSHIP( ) );
#2541 = APPLICATION_PROTOCOL_DEFINITION ( 'draft international standard', 'automotive_design', 1998, #3667 ) ;
#2542 = PRODUCT_DEFINITION_FORMATION_WITH_SPECIFIED_SOURCE ( 'ANY', '', #3211, .NOT_KNOWN. ) ;
#2543 =( LENGTH_UNIT ( ) NAMED_UNIT ( * ) SI_UNIT ( .MILLI., .METRE. ) );
#2544 = SHAPE_REPRESENTATION ( 'Free-Models5', ( #2040, #6426 ), #4178 ) ;
#2545 = CARTESIAN_POINT ( 'NONE',  ( -5.421010862427522170E-17, 5.421010862427522170E-17, 0.0000000000000000000 ) ) ;
#2546 = UNCERTAINTY_MEASURE_WITH_UNIT (LENGTH_MEASURE( 1.000000000000000082E-05 ), #6357, 'distance_accuracy_value', 'NONE');
#2547 = PRODUCT_DEFINITION_FORMATION_WITH_SPECIFIED_SOURCE ( 'ANY', '', #2220, .NOT_KNOWN. ) ;
#2548 =( REPRESENTATION_RELATIONSHIP ('NONE','NONE', #4137, #748 ) REPRESENTATION_RELATIONSHIP_WITH_TRANSFORMATION ( #7327 )SHAPE_REPRESENTATION_RELATIONSHIP( ) );
#2549 =( NAMED_UNIT ( * ) PLANE_ANGLE_UNIT ( ) SI_UNIT ( $, .RADIAN. ) );
#2550 = AXIS2_PLACEMENT_3D ( 'NONE', #514, #4091, #1270 ) ;
#2551 = PRODUCT_DEFINITION_SHAPE ( 'NONE', 'NONE',  #7552 ) ;
#2552 = CARTESIAN_POINT ( 'NONE',  ( 0.0000000000000000000, 0.0000000000000000000, 0.0000000000000000000 ) ) ;
#2553 = APPLICATION_PROTOCOL_DEFINITION ( 'draft international standard', 'automotive_design', 1998, #1772 ) ;
#2554 = AXIS2_PLACEMENT_3D ( 'NONE', #2642, #3773, #4484 ) ;
#2555 = PRODUCT_DEFINITION ( 'UNKNOWN', '', #2791, #3392 ) ;
#2556 = DIRECTION ( 'NONE',  ( 1.000000000000000000, 0.0000000000000000000, 0.0000000000000000000 ) ) ;
#2557 = DIRECTION ( 'NONE',  ( -0.0000000000000000000, -0.0000000000000000000, -1.000000000000000000 ) ) ;
#2558 = CARTESIAN_POINT ( 'NONE',  ( -0.3650005400000003175, -0.2449982400000000338, -0.2872993999999996495 ) ) ;
#2559 =( REPRESENTATION_RELATIONSHIP ('NONE','NONE', #2083, #1499 ) REPRESENTATION_RELATIONSHIP_WITH_TRANSFORMATION ( #1168 )SHAPE_REPRESENTATION_RELATIONSHIP( ) );
#2560 = ITEM_DEFINED_TRANSFORMATION ( 'NONE', 'NONE', #3049,  #865 ) ;
#2561 = APPLICATION_PROTOCOL_DEFINITION ( 'draft international standard', 'automotive_design', 1998, #6215 ) ;
#2562 = VECTOR ( 'NONE', #4709, 1000.000000000000000 ) ;
#2563 = ORIENTED_EDGE ( 'NONE', *, *, #3373, .F. ) ;
#2564 = APPLICATION_PROTOCOL_DEFINITION ( 'draft international standard', 'automotive_design', 1998, #5347 ) ;
#2565 = PRODUCT_DEFINITION ( 'UNKNOWN', '', #6549, #2866 ) ;
#2566 = PRODUCT_RELATED_PRODUCT_CATEGORY ( 'part', '', ( #7367 ) ) ;
#2567 = AXIS2_PLACEMENT_3D ( 'NONE', #911, #6962, #5815 ) ;
#2568 = SHAPE_REPRESENTATION ( 'Free-Models5', ( #912, #6718 ), #5951 ) ;
#2569 = CONTEXT_DEPENDENT_SHAPE_REPRESENTATION ( #2964, #1522 ) ;
#2570 = CARTESIAN_POINT ( 'NONE',  ( 0.0000000000000000000, 0.0000000000000000000, 0.0000000000000000000 ) ) ;
#2571 = PRODUCT_DEFINITION_SHAPE ( 'NONE', 'NONE',  #7622 ) ;
#2572 =( NAMED_UNIT ( * ) PLANE_ANGLE_UNIT ( ) SI_UNIT ( $, .RADIAN. ) );
#2573 = AXIS2_PLACEMENT_3D ( 'NONE', #4766, #2931, #5400 ) ;
#2574 = PRODUCT_DEFINITION_SHAPE ( 'NONE', 'NONE',  #6537 ) ;
#2575 = DIRECTION ( 'NONE',  ( 0.0000000000000000000, 0.0000000000000000000, 1.000000000000000000 ) ) ;
#2576 = EDGE_CURVE ( 'NONE', #1780, #7374, #1345, .T. ) ;
#2577 = DIRECTION ( 'NONE',  ( 1.000000000000000000, 0.0000000000000000000, 0.0000000000000000000 ) ) ;
#2578 = ITEM_DEFINED_TRANSFORMATION ( 'NONE', 'NONE', #4136,  #6780 ) ;
#2579 = AXIS2_PLACEMENT_3D ( 'NONE', #3072, #2395, #2317 ) ;
#2580 = CONTEXT_DEPENDENT_SHAPE_REPRESENTATION ( #53, #4835 ) ;
#2581 = CARTESIAN_POINT ( 'NONE',  ( 0.0000000000000000000, 0.0000000000000000000, 0.0000000000000000000 ) ) ;
#2582 = CYLINDRICAL_SURFACE ( 'NONE', #4579, 0.5000000000000000000 ) ;
#2583 = CARTESIAN_POINT ( 'NONE',  ( -0.3650005400000003175, -0.2449982400000000338, -0.2872993999999996495 ) ) ;
#2584 = APPLICATION_PROTOCOL_DEFINITION ( 'draft international standard', 'automotive_design', 1998, #7225 ) ;
#2585 = APPLICATION_CONTEXT ( 'automotive_design' ) ;
#2586 = DIRECTION ( 'NONE',  ( -1.000000000000000000, 0.0000000000000000000, -0.0000000000000000000 ) ) ;
#2587 =( GEOMETRIC_REPRESENTATION_CONTEXT ( 3 ) GLOBAL_UNCERTAINTY_ASSIGNED_CONTEXT ( ( #3919 ) ) GLOBAL_UNIT_ASSIGNED_CONTEXT ( ( #5533, #6753, #4980 ) ) REPRESENTATION_CONTEXT ( 'NONE', 'WORKASPACE' ) );
#2588 = AXIS2_PLACEMENT_3D ( 'NONE', #2790, #681, #4852 ) ;
#2589 = CONTEXT_DEPENDENT_SHAPE_REPRESENTATION ( #5208, #1328 ) ;
#2590 = DIRECTION ( 'NONE',  ( 1.000000000000000000, 0.0000000000000000000, 0.0000000000000000000 ) ) ;
#2591 =( GEOMETRIC_REPRESENTATION_CONTEXT ( 3 ) GLOBAL_UNCERTAINTY_ASSIGNED_CONTEXT ( ( #1795 ) ) GLOBAL_UNIT_ASSIGNED_CONTEXT ( ( #6344, #5207, #4093 ) ) REPRESENTATION_CONTEXT ( 'NONE', 'WORKASPACE' ) );
#2592 = SHAPE_REPRESENTATION ( '352644049', ( #1479, #5887 ), #3500 ) ;
#2593 =( LENGTH_UNIT ( ) NAMED_UNIT ( * ) SI_UNIT ( .MILLI., .METRE. ) );
#2594 = DIRECTION ( 'NONE',  ( 1.000000000000000000, 0.0000000000000000000, 0.0000000000000000000 ) ) ;
#2595 = APPLICATION_CONTEXT ( 'automotive_design' ) ;
#2596 = FACE_OUTER_BOUND ( 'NONE', #1202, .T. ) ;
#2597 = DIRECTION ( 'NONE',  ( 1.000000000000000000, 0.0000000000000000000, 0.0000000000000000000 ) ) ;
#2598 = CARTESIAN_POINT ( 'NONE',  ( 0.001000760000000000278, 0.0000000000000000000, 0.4165599999999999858 ) ) ;
#2599 = PRODUCT ( 'PINTSOP2-55', 'PINTSOP2-55', '', ( #6720 ) ) ;
#2600 = CONTEXT_DEPENDENT_SHAPE_REPRESENTATION ( #2700, #2738 ) ;
#2601 = SHAPE_DEFINITION_REPRESENTATION ( #7187, #1716 ) ;
#2602 = APPLICATION_PROTOCOL_DEFINITION ( 'draft international standard', 'automotive_design', 1998, #466 ) ;
#2603 = DIRECTION ( 'NONE',  ( 0.0000000000000000000, 0.0000000000000000000, 1.000000000000000000 ) ) ;
#2604 = PRODUCT ( 'PINTSOP2-55', 'PINTSOP2-55', '', ( #995 ) ) ;
#2605 = DIRECTION ( 'NONE',  ( 1.000000000000000000, 0.0000000000000000000, 0.0000000000000000000 ) ) ;
#2606 =( REPRESENTATION_RELATIONSHIP ('NONE','NONE', #4532, #1864 ) REPRESENTATION_RELATIONSHIP_WITH_TRANSFORMATION ( #4919 )SHAPE_REPRESENTATION_RELATIONSHIP( ) );
#2607 = ORIENTED_EDGE ( 'NONE', *, *, #815, .T. ) ;
#2608 = PRODUCT_DEFINITION ( 'UNKNOWN', '', #7057, #2430 ) ;
#2609 = PRODUCT_DEFINITION ( 'UNKNOWN', '', #4401, #6142 ) ;
#2610 =( GEOMETRIC_REPRESENTATION_CONTEXT ( 3 ) GLOBAL_UNCERTAINTY_ASSIGNED_CONTEXT ( ( #1687 ) ) GLOBAL_UNIT_ASSIGNED_CONTEXT ( ( #5378, #2377, #5996 ) ) REPRESENTATION_CONTEXT ( 'NONE', 'WORKASPACE' ) );
#2611 = UNCERTAINTY_MEASURE_WITH_UNIT (LENGTH_MEASURE( 1.000000000000000082E-05 ), #2767, 'distance_accuracy_value', 'NONE');
#2612 = PRODUCT_DEFINITION_CONTEXT ( 'detailed design', #3770, 'design' ) ;
#2613 = UNCERTAINTY_MEASURE_WITH_UNIT (LENGTH_MEASURE( 1.000000000000000082E-05 ), #3766, 'distance_accuracy_value', 'NONE');
#2614 = PRODUCT_DEFINITION_CONTEXT ( 'detailed design', #712, 'design' ) ;
#2615 = SHAPE_REPRESENTATION ( '352644049', ( #5724, #3204 ), #436 ) ;
#2616 = PRODUCT_DEFINITION_SHAPE ( 'NONE', 'NONE',  #7513 ) ;
#2617 = APPLICATION_CONTEXT ( 'automotive_design' ) ;
#2618 =( REPRESENTATION_RELATIONSHIP ('NONE','NONE', #926, #3418 ) REPRESENTATION_RELATIONSHIP_WITH_TRANSFORMATION ( #7021 )SHAPE_REPRESENTATION_RELATIONSHIP( ) );
#2619 = DIRECTION ( 'NONE',  ( -1.000000000000000000, 0.0000000000000000000, 0.0000000000000000000 ) ) ;
#2620 = SHAPE_DEFINITION_REPRESENTATION ( #1941, #1766 ) ;
#2621 = EDGE_CURVE ( 'NONE', #576, #6931, #722, .T. ) ;
#2622 = DIRECTION ( 'NONE',  ( 0.0000000000000000000, 0.0000000000000000000, -1.000000000000000000 ) ) ;
#2623 = DIRECTION ( 'NONE',  ( 0.0000000000000000000, 0.0000000000000000000, 1.000000000000000000 ) ) ;
#2624 = ITEM_DEFINED_TRANSFORMATION ( 'NONE', 'NONE', #6285,  #5153 ) ;
#2625 = PRODUCT_DEFINITION_CONTEXT ( 'detailed design', #3221, 'design' ) ;
#2626 = APPLICATION_CONTEXT ( 'automotive_design' ) ;
#2627 = DIRECTION ( 'NONE',  ( 1.000000000000000000, 0.0000000000000000000, 0.0000000000000000000 ) ) ;
#2628 = SHAPE_DEFINITION_REPRESENTATION ( #5046, #2568 ) ;
#2629 = PRODUCT_DEFINITION_SHAPE ( 'NONE', 'NONE',  #7594 ) ;
#2630 =( NAMED_UNIT ( * ) SI_UNIT ( $, .STERADIAN. ) SOLID_ANGLE_UNIT ( ) );
#2631 = SHAPE_REPRESENTATION ( '352644049', ( #1116, #2146 ), #1891 ) ;
#2632 = AXIS2_PLACEMENT_3D ( 'NONE', #574, #6128, #1835 ) ;
#2633 = CARTESIAN_POINT ( 'NONE',  ( -0.6199987599999999821, 0.1849983600000000006, 0.2999999999999999889 ) ) ;
#2634 = PRODUCT ( 'Free-Models5', 'Free-Models5', '', ( #6230 ) ) ;
#2635 = APPLICATION_PROTOCOL_DEFINITION ( 'draft international standard', 'automotive_design', 1998, #5590 ) ;
#2636 = PRODUCT_CONTEXT ( 'NONE', #6932, 'mechanical' ) ;
#2637 = DIRECTION ( 'NONE',  ( 1.000000000000000000, 0.0000000000000000000, 0.0000000000000000000 ) ) ;
#2638 = DIRECTION ( 'NONE',  ( 1.000000000000000000, 0.0000000000000000000, 0.0000000000000000000 ) ) ;
#2639 = CARTESIAN_POINT ( 'NONE',  ( 0.0000000000000000000, 1.084202172485504434E-16, -0.4038600000000006629 ) ) ;
#2640 = AXIS2_PLACEMENT_3D ( 'NONE', #1821, #1571, #969 ) ;
#2641 = AXIS2_PLACEMENT_3D ( 'NONE', #5752, #928, #2729 ) ;
#2642 = CARTESIAN_POINT ( 'NONE',  ( 17.27499973999999838, 9.485000080000000722, -0.4872999999999999554 ) ) ;
#2643 = ORIENTED_EDGE ( 'NONE', *, *, #3943, .F. ) ;
#2644 = UNCERTAINTY_MEASURE_WITH_UNIT (LENGTH_MEASURE( 1.000000000000000082E-05 ), #5280, 'distance_accuracy_value', 'NONE');
#2645 = CARTESIAN_POINT ( 'NONE',  ( 0.0000000000000000000, 0.0000000000000000000, 0.0000000000000000000 ) ) ;
#2646 = AXIS2_PLACEMENT_3D ( 'NONE', #1469, #2720, #6927 ) ;
#2647 =( REPRESENTATION_RELATIONSHIP ('NONE','NONE', #4152, #180 ) REPRESENTATION_RELATIONSHIP_WITH_TRANSFORMATION ( #7271 )SHAPE_REPRESENTATION_RELATIONSHIP( ) );
#2648 = AXIS2_PLACEMENT_3D ( 'NONE', #5498, #7189, #1832 ) ;
#2649 = DIRECTION ( 'NONE',  ( 0.0000000000000000000, 0.0000000000000000000, 1.000000000000000000 ) ) ;
#2650 = PRODUCT ( '352644049', '352644049', '', ( #6972 ) ) ;
#2651 = PRODUCT_DEFINITION ( 'UNKNOWN', '', #3511, #5279 ) ;
#2652 = CONTEXT_DEPENDENT_SHAPE_REPRESENTATION ( #6767, #6137 ) ;
#2653 = PRODUCT_DEFINITION ( 'UNKNOWN', '', #4154, #13 ) ;
#2654 = PRODUCT_DEFINITION_FORMATION_WITH_SPECIFIED_SOURCE ( 'ANY', '', #5373, .NOT_KNOWN. ) ;
#2655 = DIRECTION ( 'NONE',  ( 0.9999999999952389196, -3.085800688791737490E-06, 0.0000000000000000000 ) ) ;
#2656 =( NAMED_UNIT ( * ) SI_UNIT ( $, .STERADIAN. ) SOLID_ANGLE_UNIT ( ) );
#2657 = AXIS2_PLACEMENT_3D ( 'NONE', #2078, #1421, #2590 ) ;
#2658 = PRODUCT_CONTEXT ( 'NONE', #4963, 'mechanical' ) ;
#2659 = SHAPE_DEFINITION_REPRESENTATION ( #5101, #4532 ) ;
#2660 = PRODUCT_DEFINITION_FORMATION_WITH_SPECIFIED_SOURCE ( 'ANY', '', #4068, .NOT_KNOWN. ) ;
#2661 = DIRECTION ( 'NONE',  ( 0.0000000000000000000, 0.0000000000000000000, 1.000000000000000000 ) ) ;
#2662 = APPLICATION_CONTEXT ( 'automotive_design' ) ;
#2663 =( REPRESENTATION_RELATIONSHIP ('NONE','NONE', #7288, #4780 ) REPRESENTATION_RELATIONSHIP_WITH_TRANSFORMATION ( #213 )SHAPE_REPRESENTATION_RELATIONSHIP( ) );
#2664 = PRODUCT ( 'PINTSOP2-55', 'PINTSOP2-55', '', ( #5377 ) ) ;
#2665 = PRODUCT_RELATED_PRODUCT_CATEGORY ( 'part', '', ( #5939 ) ) ;
#2666 = ITEM_DEFINED_TRANSFORMATION ( 'NONE', 'NONE', #6362,  #1948 ) ;
#2667 = VERTEX_POINT ( 'NONE', #7121 ) ;
#2668 = PRODUCT_DEFINITION_FORMATION_WITH_SPECIFIED_SOURCE ( 'ANY', '', #5683, .NOT_KNOWN. ) ;
#2669 = APPLICATION_PROTOCOL_DEFINITION ( 'draft international standard', 'automotive_design', 1998, #7186 ) ;
#2670 = PRODUCT_DEFINITION_SHAPE ( 'NONE', 'NONE',  #6497 ) ;
#2671 = UNCERTAINTY_MEASURE_WITH_UNIT (LENGTH_MEASURE( 1.000000000000000082E-05 ), #5340, 'distance_accuracy_value', 'NONE');
#2672 = CARTESIAN_POINT ( 'NONE',  ( 0.0000000000000000000, 0.0000000000000000000, 0.0000000000000000000 ) ) ;
#2673 = ITEM_DEFINED_TRANSFORMATION ( 'NONE', 'NONE', #721,  #1948 ) ;
#2674 = DIRECTION ( 'NONE',  ( 0.0000000000000000000, 0.0000000000000000000, 1.000000000000000000 ) ) ;
#2675 = EDGE_CURVE ( 'NONE', #6894, #4911, #6127, .T. ) ;
#2676 = DIRECTION ( 'NONE',  ( 0.0000000000000000000, 0.0000000000000000000, 1.000000000000000000 ) ) ;
#2677 = DIRECTION ( 'NONE',  ( -0.0000000000000000000, -0.0000000000000000000, -1.000000000000000000 ) ) ;
#2678 = ITEM_DEFINED_TRANSFORMATION ( 'NONE', 'NONE', #1774,  #1382 ) ;
#2679 = PRODUCT_CONTEXT ( 'NONE', #6315, 'mechanical' ) ;
#2680 = APPLICATION_PROTOCOL_DEFINITION ( 'draft international standard', 'automotive_design', 1998, #4940 ) ;
#2681 = DIRECTION ( 'NONE',  ( 1.000000000000000000, 0.0000000000000000000, 0.0000000000000000000 ) ) ;
#2682 = UNCERTAINTY_MEASURE_WITH_UNIT (LENGTH_MEASURE( 1.000000000000000082E-05 ), #4937, 'distance_accuracy_value', 'NONE');
#2683 = PRODUCT_DEFINITION_SHAPE ( 'NONE', 'NONE',  #7547 ) ;
#2684 =( LENGTH_UNIT ( ) NAMED_UNIT ( * ) SI_UNIT ( .MILLI., .METRE. ) );
#2685 = SHAPE_REPRESENTATION ( 'PINTSOP2-55', ( #4399, #140, #5286 ), #1750 ) ;
#2686 = APPLICATION_CONTEXT ( 'automotive_design' ) ;
#2687 = PRODUCT ( 'PINTSOP2-55', 'PINTSOP2-55', '', ( #6440 ) ) ;
#2688 = VECTOR ( 'NONE', #7391, 1000.000000000000000 ) ;
#2689 = CARTESIAN_POINT ( 'NONE',  ( 19.67529973999999982, 9.485000080000000722, -0.4872999999999999554 ) ) ;
#2690 = ORIENTED_EDGE ( 'NONE', *, *, #5546, .F. ) ;
#2691 = PRODUCT_DEFINITION_CONTEXT ( 'detailed design', #6746, 'design' ) ;
#2692 = AXIS2_PLACEMENT_3D ( 'NONE', #4929, #6274, #1460 ) ;
#2693 =( NAMED_UNIT ( * ) PLANE_ANGLE_UNIT ( ) SI_UNIT ( $, .RADIAN. ) );
#2694 = CARTESIAN_POINT ( 'NONE',  ( -0.1199997599999999692, -0.3150006399999999984, 0.0000000000000000000 ) ) ;
#2695 =( GEOMETRIC_REPRESENTATION_CONTEXT ( 3 ) GLOBAL_UNCERTAINTY_ASSIGNED_CONTEXT ( ( #3696 ) ) GLOBAL_UNIT_ASSIGNED_CONTEXT ( ( #58, #2327, #2364 ) ) REPRESENTATION_CONTEXT ( 'NONE', 'WORKASPACE' ) );
#2696 =( NAMED_UNIT ( * ) SI_UNIT ( $, .STERADIAN. ) SOLID_ANGLE_UNIT ( ) );
#2697 = VECTOR ( 'NONE', #1303, 1000.000000000000000 ) ;
#2698 = PRODUCT_CONTEXT ( 'NONE', #6673, 'mechanical' ) ;
#2699 = CARTESIAN_POINT ( 'NONE',  ( 0.0000000000000000000, 0.0000000000000000000, 0.0000000000000000000 ) ) ;
#2700 =( REPRESENTATION_RELATIONSHIP ('NONE','NONE', #7109, #5226 ) REPRESENTATION_RELATIONSHIP_WITH_TRANSFORMATION ( #7050 )SHAPE_REPRESENTATION_RELATIONSHIP( ) );
#2701 = CARTESIAN_POINT ( 'NONE',  ( 0.0000000000000000000, 0.0000000000000000000, 0.0000000000000000000 ) ) ;
#2702 =( GEOMETRIC_REPRESENTATION_CONTEXT ( 3 ) GLOBAL_UNCERTAINTY_ASSIGNED_CONTEXT ( ( #6381 ) ) GLOBAL_UNIT_ASSIGNED_CONTEXT ( ( #348, #6337, #3997 ) ) REPRESENTATION_CONTEXT ( 'NONE', 'WORKASPACE' ) );
#2703 = PRODUCT_DEFINITION_SHAPE ( 'NONE', 'NONE',  #4807 ) ;
#2704 = CONTEXT_DEPENDENT_SHAPE_REPRESENTATION ( #2394, #7224 ) ;
#2705 = AXIS2_PLACEMENT_3D ( 'NONE', #7138, #6554, #1792 ) ;
#2706 = DIRECTION ( 'NONE',  ( 0.0000000000000000000, 0.0000000000000000000, 1.000000000000000000 ) ) ;
#2707 = PRODUCT_DEFINITION ( 'UNKNOWN', '', #5563, #5582 ) ;
#2708 = PRODUCT_CONTEXT ( 'NONE', #2408, 'mechanical' ) ;
#2709 = PRODUCT_RELATED_PRODUCT_CATEGORY ( 'part', '', ( #1653 ) ) ;
#2710 = APPLICATION_CONTEXT ( 'automotive_design' ) ;
#2711 = CARTESIAN_POINT ( 'NONE',  ( -0.3650005400000003175, -0.2449982400000000893, -0.2872993999999996495 ) ) ;
#2712 =( REPRESENTATION_RELATIONSHIP ('NONE','NONE', #5299, #2932 ) REPRESENTATION_RELATIONSHIP_WITH_TRANSFORMATION ( #4128 )SHAPE_REPRESENTATION_RELATIONSHIP( ) );
#2713 = DIRECTION ( 'NONE',  ( 1.000000000000000000, 0.0000000000000000000, 0.0000000000000000000 ) ) ;
#2714 = DIRECTION ( 'NONE',  ( 0.0000000000000000000, 0.0000000000000000000, 1.000000000000000000 ) ) ;
#2715 = ITEM_DEFINED_TRANSFORMATION ( 'NONE', 'NONE', #5052,  #4925 ) ;
#2716 = PRODUCT_CONTEXT ( 'NONE', #1732, 'mechanical' ) ;
#2717 = PRODUCT_CONTEXT ( 'NONE', #6082, 'mechanical' ) ;
#2718 =( NAMED_UNIT ( * ) SI_UNIT ( $, .STERADIAN. ) SOLID_ANGLE_UNIT ( ) );
#2719 = CARTESIAN_POINT ( 'NONE',  ( 0.0000000000000000000, 0.0000000000000000000, -0.4038600000000006629 ) ) ;
#2720 = DIRECTION ( 'NONE',  ( 0.0000000000000000000, 0.0000000000000000000, 1.000000000000000000 ) ) ;
#2721 =( GEOMETRIC_REPRESENTATION_CONTEXT ( 3 ) GLOBAL_UNCERTAINTY_ASSIGNED_CONTEXT ( ( #7286 ) ) GLOBAL_UNIT_ASSIGNED_CONTEXT ( ( #3637, #6054, #3563 ) ) REPRESENTATION_CONTEXT ( 'NONE', 'WORKASPACE' ) );
#2722 = ORIENTED_EDGE ( 'NONE', *, *, #1643, .T. ) ;
#2723 = SHAPE_DEFINITION_REPRESENTATION ( #1244, #1308 ) ;
#2724 = UNCERTAINTY_MEASURE_WITH_UNIT (LENGTH_MEASURE( 1.000000000000000082E-05 ), #6812, 'distance_accuracy_value', 'NONE');
#2725 = PRODUCT ( 'PINTSOP2-55', 'PINTSOP2-55', '', ( #5648 ) ) ;
#2726 = AXIS2_PLACEMENT_3D ( 'NONE', #3912, #6327, #6067 ) ;
#2727 = CARTESIAN_POINT ( 'NONE',  ( 0.0000000000000000000, 0.0000000000000000000, 0.0000000000000000000 ) ) ;
#2728 = APPLICATION_CONTEXT ( 'automotive_design' ) ;
#2729 = DIRECTION ( 'NONE',  ( 1.000000000000000000, 0.0000000000000000000, 0.0000000000000000000 ) ) ;
#2730 = ITEM_DEFINED_TRANSFORMATION ( 'NONE', 'NONE', #2885,  #7032 ) ;
#2731 = CARTESIAN_POINT ( 'NONE',  ( 0.0000000000000000000, 0.0000000000000000000, 0.0000000000000000000 ) ) ;
#2732 = CARTESIAN_POINT ( 'NONE',  ( 0.0000000000000000000, 0.1499997000000000136, 0.0000000000000000000 ) ) ;
#2733 = AXIS2_PLACEMENT_3D ( 'NONE', #6596, #34, #1276 ) ;
#2734 =( NAMED_UNIT ( * ) PLANE_ANGLE_UNIT ( ) SI_UNIT ( $, .RADIAN. ) );
#2735 = APPLICATION_PROTOCOL_DEFINITION ( 'draft international standard', 'automotive_design', 1998, #3302 ) ;
#2736 = ITEM_DEFINED_TRANSFORMATION ( 'NONE', 'NONE', #3204,  #1948 ) ;
#2737 =( REPRESENTATION_RELATIONSHIP ('NONE','NONE', #4137, #1188 ) REPRESENTATION_RELATIONSHIP_WITH_TRANSFORMATION ( #3671 )SHAPE_REPRESENTATION_RELATIONSHIP( ) );
#2738 = PRODUCT_DEFINITION_SHAPE ( 'NONE', 'NONE',  #7537 ) ;
#2739 = ORIENTED_EDGE ( 'NONE', *, *, #5310, .F. ) ;
#2740 = CARTESIAN_POINT ( 'NONE',  ( -0.3650005400000003175, -0.2449982400000000338, -0.2872993999999996495 ) ) ;
#2741 = CONTEXT_DEPENDENT_SHAPE_REPRESENTATION ( #1213, #2272 ) ;
#2742 =( NAMED_UNIT ( * ) SI_UNIT ( $, .STERADIAN. ) SOLID_ANGLE_UNIT ( ) );
#2743 = UNCERTAINTY_MEASURE_WITH_UNIT (LENGTH_MEASURE( 1.000000000000000082E-05 ), #1051, 'distance_accuracy_value', 'NONE');
#2744 = PRODUCT_DEFINITION_SHAPE ( 'NONE', 'NONE',  #254 ) ;
#2745 = DIRECTION ( 'NONE',  ( 1.000000000000000000, 0.0000000000000000000, 0.0000000000000000000 ) ) ;
#2746 = PRODUCT_DEFINITION ( 'UNKNOWN', '', #2391, #560 ) ;
#2747 = DIRECTION ( 'NONE',  ( 1.000000000000000000, 0.0000000000000000000, -0.0000000000000000000 ) ) ;
#2748 = PRODUCT_CONTEXT ( 'NONE', #818, 'mechanical' ) ;
#2749 =( REPRESENTATION_RELATIONSHIP ('NONE','NONE', #7385, #5753 ) REPRESENTATION_RELATIONSHIP_WITH_TRANSFORMATION ( #6233 )SHAPE_REPRESENTATION_RELATIONSHIP( ) );
#2750 = APPLICATION_PROTOCOL_DEFINITION ( 'draft international standard', 'automotive_design', 1998, #5677 ) ;
#2751 =( LENGTH_UNIT ( ) NAMED_UNIT ( * ) SI_UNIT ( .MILLI., .METRE. ) );
#2752 = CARTESIAN_POINT ( 'NONE',  ( 0.0000000000000000000, 0.0000000000000000000, 0.0000000000000000000 ) ) ;
#2753 = AXIS2_PLACEMENT_3D ( 'NONE', #5837, #355, #474 ) ;
#2754 = CARTESIAN_POINT ( 'NONE',  ( 0.0000000000000000000, 0.0000000000000000000, 0.0000000000000000000 ) ) ;
#2755 = ITEM_DEFINED_TRANSFORMATION ( 'NONE', 'NONE', #2753,  #4745 ) ;
#2756 = EDGE_CURVE ( 'NONE', #1317, #1780, #5462, .T. ) ;
#2757 = CARTESIAN_POINT ( 'NONE',  ( 0.0000000000000000000, 0.0000000000000000000, -0.4038599999999989421 ) ) ;
#2758 = FILL_AREA_STYLE ('',( #960 ) ) ;
#2759 = ORIENTED_EDGE ( 'NONE', *, *, #5924, .F. ) ;
#2760 = AXIS2_PLACEMENT_3D ( 'NONE', #1900, #4329, #4448 ) ;
#2761 = APPLICATION_PROTOCOL_DEFINITION ( 'draft international standard', 'automotive_design', 1998, #2393 ) ;
#2762 = APPLICATION_CONTEXT ( 'automotive_design' ) ;
#2763 = PRODUCT ( 'PINTSOP2-55', 'PINTSOP2-55', '', ( #7438 ) ) ;
#2764 = CONTEXT_DEPENDENT_SHAPE_REPRESENTATION ( #4708, #2857 ) ;
#2765 = PRODUCT_DEFINITION_CONTEXT ( 'detailed design', #3420, 'design' ) ;
#2766 =( LENGTH_UNIT ( ) NAMED_UNIT ( * ) SI_UNIT ( .MILLI., .METRE. ) );
#2767 =( LENGTH_UNIT ( ) NAMED_UNIT ( * ) SI_UNIT ( .MILLI., .METRE. ) );
#2768 = CONTEXT_DEPENDENT_SHAPE_REPRESENTATION ( #2154, #5712 ) ;
#2769 = DIRECTION ( 'NONE',  ( 1.000000000000000000, 0.0000000000000000000, 0.0000000000000000000 ) ) ;
#2770 = AXIS2_PLACEMENT_3D ( 'NONE', #5958, #4899, #566 ) ;
#2771 = EDGE_CURVE ( 'NONE', #5165, #5548, #6722, .T. ) ;
#2772 = CARTESIAN_POINT ( 'NONE',  ( -11.10999810000000032, 5.080000000000000071, 0.0000000000000000000 ) ) ;
#2773 = CARTESIAN_POINT ( 'NONE',  ( -1.127300259999999943, 9.485000080000000722, -0.4872999999999999554 ) ) ;
#2774 = APPLICATION_PROTOCOL_DEFINITION ( 'draft international standard', 'automotive_design', 1998, #5326 ) ;
#2775 = DIRECTION ( 'NONE',  ( -0.0000000000000000000, 1.000000000000000000, 0.0000000000000000000 ) ) ;
#2776 = AXIS2_PLACEMENT_3D ( 'NONE', #2528, #2966, #509 ) ;
#2777 = APPLICATION_CONTEXT ( 'automotive_design' ) ;
#2778 = DIRECTION ( 'NONE',  ( 0.0000000000000000000, 0.0000000000000000000, 1.000000000000000000 ) ) ;
#2779 = PRODUCT_DEFINITION_FORMATION_WITH_SPECIFIED_SOURCE ( 'ANY', '', #4119, .NOT_KNOWN. ) ;
#2780 = PRODUCT_DEFINITION_CONTEXT ( 'detailed design', #3323, 'design' ) ;
#2781 = ITEM_DEFINED_TRANSFORMATION ( 'NONE', 'NONE', #6241,  #1948 ) ;
#2782 = CARTESIAN_POINT ( 'NONE',  ( 0.0000000000000000000, 0.0000000000000000000, 0.0000000000000000000 ) ) ;
#2783 =( GEOMETRIC_REPRESENTATION_CONTEXT ( 3 ) GLOBAL_UNCERTAINTY_ASSIGNED_CONTEXT ( ( #4446 ) ) GLOBAL_UNIT_ASSIGNED_CONTEXT ( ( #616, #6060, #7152 ) ) REPRESENTATION_CONTEXT ( 'NONE', 'WORKASPACE' ) );
#2784 = PRODUCT ( 'Free-Models5', 'Free-Models5', '', ( #4687 ) ) ;
#2785 = DIRECTION ( 'NONE',  ( 0.0000000000000000000, 0.0000000000000000000, 1.000000000000000000 ) ) ;
#2786 = PRODUCT_DEFINITION_FORMATION_WITH_SPECIFIED_SOURCE ( 'ANY', '', #2397, .NOT_KNOWN. ) ;
#2787 = ORIENTED_EDGE ( 'NONE', *, *, #7129, .F. ) ;
#2788 =( NAMED_UNIT ( * ) SI_UNIT ( $, .STERADIAN. ) SOLID_ANGLE_UNIT ( ) );
#2789 = ITEM_DEFINED_TRANSFORMATION ( 'NONE', 'NONE', #937,  #3804 ) ;
#2790 = CARTESIAN_POINT ( 'NONE',  ( 0.0000000000000000000, 0.0000000000000000000, 0.0000000000000000000 ) ) ;
#2791 = PRODUCT_DEFINITION_FORMATION_WITH_SPECIFIED_SOURCE ( 'ANY', '', #2803, .NOT_KNOWN. ) ;
#2792 = DIRECTION ( 'NONE',  ( 1.000000000000000000, 0.0000000000000000000, 0.0000000000000000000 ) ) ;
#2793 = DIRECTION ( 'NONE',  ( 0.0000000000000000000, 0.0000000000000000000, -1.000000000000000000 ) ) ;
#2794 = PRODUCT_DEFINITION_SHAPE ( 'NONE', 'NONE',  #6835 ) ;
#2795 = APPLICATION_PROTOCOL_DEFINITION ( 'draft international standard', 'automotive_design', 1998, #290 ) ;
#2796 =( REPRESENTATION_RELATIONSHIP ('NONE','NONE', #2544, #5991 ) REPRESENTATION_RELATIONSHIP_WITH_TRANSFORMATION ( #6849 )SHAPE_REPRESENTATION_RELATIONSHIP( ) );
#2797 = PRODUCT_CONTEXT ( 'NONE', #1014, 'mechanical' ) ;
#2798 = DIRECTION ( 'NONE',  ( 0.0000000000000000000, 0.0000000000000000000, 1.000000000000000000 ) ) ;
#2799 = DIRECTION ( 'NONE',  ( 0.0000000000000000000, 0.0000000000000000000, 1.000000000000000000 ) ) ;
#2800 = SHAPE_REPRESENTATION ( 'PINTSOP2-55', ( #4527, #5147, #7153 ), #2014 ) ;
#2801 =( GEOMETRIC_REPRESENTATION_CONTEXT ( 3 ) GLOBAL_UNCERTAINTY_ASSIGNED_CONTEXT ( ( #5651 ) ) GLOBAL_UNIT_ASSIGNED_CONTEXT ( ( #1110, #1769, #5923 ) ) REPRESENTATION_CONTEXT ( 'NONE', 'WORKASPACE' ) );
#2802 = CARTESIAN_POINT ( 'NONE',  ( 0.0000000000000000000, 0.0000000000000000000, -0.4038600000000006629 ) ) ;
#2803 = PRODUCT ( '352644049', '352644049', '', ( #5137 ) ) ;
#2804 = ITEM_DEFINED_TRANSFORMATION ( 'NONE', 'NONE', #2128,  #6263 ) ;
#2805 = DIRECTION ( 'NONE',  ( 1.000000000000000000, 0.0000000000000000000, 0.0000000000000000000 ) ) ;
#2806 = SHAPE_DEFINITION_REPRESENTATION ( #3349, #6627 ) ;
#2807 = CARTESIAN_POINT ( 'NONE',  ( 0.0000000000000000000, 0.0000000000000000000, 0.0000000000000000000 ) ) ;
#2808 =( REPRESENTATION_RELATIONSHIP ('NONE','NONE', #4137, #4191 ) REPRESENTATION_RELATIONSHIP_WITH_TRANSFORMATION ( #1083 )SHAPE_REPRESENTATION_RELATIONSHIP( ) );
#2809 =( NAMED_UNIT ( * ) PLANE_ANGLE_UNIT ( ) SI_UNIT ( $, .RADIAN. ) );
#2810 = EDGE_LOOP ( 'NONE', ( #1009, #3850, #6220, #42 ) ) ;
#2811 = APPLICATION_PROTOCOL_DEFINITION ( 'draft international standard', 'automotive_design', 1998, #1343 ) ;
#2812 = PRODUCT_DEFINITION ( 'UNKNOWN', '', #877, #3165 ) ;
#2813 =( GEOMETRIC_REPRESENTATION_CONTEXT ( 3 ) GLOBAL_UNCERTAINTY_ASSIGNED_CONTEXT ( ( #6834 ) ) GLOBAL_UNIT_ASSIGNED_CONTEXT ( ( #4997, #318, #4361 ) ) REPRESENTATION_CONTEXT ( 'NONE', 'WORKASPACE' ) );
#2814 = PRODUCT_DEFINITION_SHAPE ( 'NONE', 'NONE',  #7579 ) ;
#2815 = CARTESIAN_POINT ( 'NONE',  ( 0.0000000000000000000, 0.0000000000000000000, 0.0000000000000000000 ) ) ;
#2816 = APPLICATION_CONTEXT ( 'automotive_design' ) ;
#2817 = CARTESIAN_POINT ( 'NONE',  ( 1.535879580000000022, -0.3050006599999999790, -0.4872999999999999554 ) ) ;
#2818 =( REPRESENTATION_RELATIONSHIP ('NONE','NONE', #3899, #1740 ) REPRESENTATION_RELATIONSHIP_WITH_TRANSFORMATION ( #6351 )SHAPE_REPRESENTATION_RELATIONSHIP( ) );
#2819 = PRODUCT_DEFINITION_SHAPE ( 'NONE', 'NONE',  #6254 ) ;
#2820 = CLOSED_SHELL ( 'NONE', ( #5456, #7357, #2184, #582, #1736, #3093 ) ) ;
#2821 = ADVANCED_FACE ( 'NONE', ( #2596 ), #4269, .T. ) ;
#2822 =( NAMED_UNIT ( * ) PLANE_ANGLE_UNIT ( ) SI_UNIT ( $, .RADIAN. ) );
#2823 = DIRECTION ( 'NONE',  ( 0.0000000000000000000, 0.0000000000000000000, 1.000000000000000000 ) ) ;
#2824 = PRODUCT_DEFINITION_CONTEXT ( 'detailed design', #7393, 'design' ) ;
#2825 = AXIS2_PLACEMENT_3D ( 'NONE', #2407, #5442, #4292 ) ;
#2826 = VECTOR ( 'NONE', #4866, 1000.000000000000000 ) ;
#2827 = SHAPE_REPRESENTATION ( 'Free-Models5', ( #1692, #6728 ), #6100 ) ;
#2828 = LINE ( 'NONE', #1025, #671 ) ;
#2829 = EDGE_LOOP ( 'NONE', ( #3422, #1585, #6431, #2388 ) ) ;
#2830 = PRODUCT_CONTEXT ( 'NONE', #495, 'mechanical' ) ;
#2831 = VECTOR ( 'NONE', #4413, 1000.000000000000000 ) ;
#2832 = CARTESIAN_POINT ( 'NONE',  ( -0.3650005399999999844, -0.2449982400000000338, -0.2872993999999996495 ) ) ;
#2833 = CARTESIAN_POINT ( 'NONE',  ( 0.0000000000000000000, 0.0000000000000000000, 0.4165599999999999858 ) ) ;
#2834 =( GEOMETRIC_REPRESENTATION_CONTEXT ( 3 ) GLOBAL_UNCERTAINTY_ASSIGNED_CONTEXT ( ( #6933 ) ) GLOBAL_UNIT_ASSIGNED_CONTEXT ( ( #2339, #6088, #112 ) ) REPRESENTATION_CONTEXT ( 'NONE', 'WORKASPACE' ) );
#2835 = PRODUCT ( 'PINTSOP2-55', 'PINTSOP2-55', '', ( #894 ) ) ;
#2836 = DIRECTION ( 'NONE',  ( 0.0000000000000000000, 0.0000000000000000000, 1.000000000000000000 ) ) ;
#2837 = AXIS2_PLACEMENT_3D ( 'NONE', #607, #5968, #7016 ) ;
#2838 = PRODUCT_DEFINITION_SHAPE ( 'NONE', 'NONE',  #7703 ) ;
#2839 = APPLICATION_PROTOCOL_DEFINITION ( 'draft international standard', 'automotive_design', 1998, #335 ) ;
#2840 = APPLICATION_CONTEXT ( 'automotive_design' ) ;
#2841 =( LENGTH_UNIT ( ) NAMED_UNIT ( * ) SI_UNIT ( .MILLI., .METRE. ) );
#2842 = MECHANICAL_DESIGN_GEOMETRIC_PRESENTATION_REPRESENTATION (  '', ( #1307 ), #1688 ) ;
#2843 = DIRECTION ( 'NONE',  ( 0.0000000000000000000, 0.0000000000000000000, 1.000000000000000000 ) ) ;
#2844 = DIRECTION ( 'NONE',  ( 1.000000000000000000, 0.0000000000000000000, 0.0000000000000000000 ) ) ;
#2845 = ORIENTED_EDGE ( 'NONE', *, *, #2362, .F. ) ;
#2846 = SHAPE_REPRESENTATION ( '352644049', ( #3015, #1624 ), #2378 ) ;
#2847 = PRODUCT_CONTEXT ( 'NONE', #2662, 'mechanical' ) ;
#2848 = PRODUCT_DEFINITION_CONTEXT ( 'detailed design', #344, 'design' ) ;
#2849 = APPLICATION_CONTEXT ( 'automotive_design' ) ;
#2850 = PRODUCT_DEFINITION ( 'UNKNOWN', '', #5558, #1549 ) ;
#2851 = DIRECTION ( 'NONE',  ( 0.0000000000000000000, -1.000000000000000000, 0.0000000000000000000 ) ) ;
#2852 = PRODUCT_RELATED_PRODUCT_CATEGORY ( 'part', '', ( #2763 ) ) ;
#2853 = DIRECTION ( 'NONE',  ( 1.110223024625000001E-16, 1.000000000000000000, 0.0000000000000000000 ) ) ;
#2854 = APPLICATION_PROTOCOL_DEFINITION ( 'draft international standard', 'automotive_design', 1998, #1843 ) ;
#2855 = CARTESIAN_POINT ( 'NONE',  ( 0.0000000000000000000, 0.0000000000000000000, 0.0000000000000000000 ) ) ;
#2856 =( LENGTH_UNIT ( ) NAMED_UNIT ( * ) SI_UNIT ( .MILLI., .METRE. ) );
#2857 = PRODUCT_DEFINITION_SHAPE ( 'NONE', 'NONE',  #7507 ) ;
#2858 = APPLICATION_CONTEXT ( 'automotive_design' ) ;
#2859 = AXIS2_PLACEMENT_3D ( 'NONE', #7315, #4028, #7077 ) ;
#2860 = DIRECTION ( 'NONE',  ( 1.000000000000000000, 0.0000000000000000000, 0.0000000000000000000 ) ) ;
#2861 = PRODUCT_DEFINITION ( 'UNKNOWN', '', #4398, #2130 ) ;
#2862 = ORIENTED_EDGE ( 'NONE', *, *, #4438, .F. ) ;
#2863 = APPLICATION_PROTOCOL_DEFINITION ( 'draft international standard', 'automotive_design', 1998, #4222 ) ;
#2864 = AXIS2_PLACEMENT_3D ( 'NONE', #3171, #5577, #5768 ) ;
#2865 = SHAPE_REPRESENTATION ( 'PINTSOP2-55', ( #6369, #580, #6241 ), #2610 ) ;
#2866 = PRODUCT_DEFINITION_CONTEXT ( 'detailed design', #1608, 'design' ) ;
#2867 =( LENGTH_UNIT ( ) NAMED_UNIT ( * ) SI_UNIT ( .MILLI., .METRE. ) );
#2868 = FACE_OUTER_BOUND ( 'NONE', #5631, .T. ) ;
#2869 = APPLICATION_CONTEXT ( 'automotive_design' ) ;
#2870 =( REPRESENTATION_RELATIONSHIP ('NONE','NONE', #1188, #5226 ) REPRESENTATION_RELATIONSHIP_WITH_TRANSFORMATION ( #6428 )SHAPE_REPRESENTATION_RELATIONSHIP( ) );
#2871 = SHAPE_DEFINITION_REPRESENTATION ( #7313, #6600 ) ;
#2872 = PRODUCT_CONTEXT ( 'NONE', #6480, 'mechanical' ) ;
#2873 = DIRECTION ( 'NONE',  ( 0.0000000000000000000, 0.0000000000000000000, 1.000000000000000000 ) ) ;
#2874 = DIRECTION ( 'NONE',  ( 1.000000000000000000, 0.0000000000000000000, 0.0000000000000000000 ) ) ;
#2875 = PRODUCT_DEFINITION_SHAPE ( 'NONE', 'NONE',  #7574 ) ;
#2876 =( NAMED_UNIT ( * ) PLANE_ANGLE_UNIT ( ) SI_UNIT ( $, .RADIAN. ) );
#2877 = DIRECTION ( 'NONE',  ( 0.0000000000000000000, -0.0000000000000000000, 1.000000000000000000 ) ) ;
#2878 = ORIENTED_EDGE ( 'NONE', *, *, #5205, .T. ) ;
#2879 = PRODUCT_CONTEXT ( 'NONE', #4405, 'mechanical' ) ;
#2880 = AXIS2_PLACEMENT_3D ( 'NONE', #4003, #6906, #4288 ) ;
#2881 = DIRECTION ( 'NONE',  ( 1.000000000000000000, 0.0000000000000000000, 0.0000000000000000000 ) ) ;
#2882 =( NAMED_UNIT ( * ) PLANE_ANGLE_UNIT ( ) SI_UNIT ( $, .RADIAN. ) );
#2883 = SHAPE_REPRESENTATION ( 'Free-Models5', ( #970, #4635 ), #5262 ) ;
#2884 = CARTESIAN_POINT ( 'NONE',  ( 6.073599739999999692, 9.485000080000000722, -0.4872999999999999554 ) ) ;
#2885 = AXIS2_PLACEMENT_3D ( 'NONE', #3129, #5538, #2556 ) ;
#2886 = PRODUCT_RELATED_PRODUCT_CATEGORY ( 'part', '', ( #3341 ) ) ;
#2887 = APPLICATION_CONTEXT ( 'automotive_design' ) ;
#2888 = AXIS2_PLACEMENT_3D ( 'NONE', #6207, #913, #3327 ) ;
#2889 = PRODUCT_DEFINITION ( 'UNKNOWN', '', #6163, #4185 ) ;
#2890 = PRODUCT_DEFINITION_SHAPE ( 'NONE', 'NONE',  #7711 ) ;
#2891 = CONTEXT_DEPENDENT_SHAPE_REPRESENTATION ( #6364, #7132 ) ;
#2892 = CONTEXT_DEPENDENT_SHAPE_REPRESENTATION ( #3651, #6593 ) ;
#2893 =( GEOMETRIC_REPRESENTATION_CONTEXT ( 3 ) GLOBAL_UNCERTAINTY_ASSIGNED_CONTEXT ( ( #1874 ) ) GLOBAL_UNIT_ASSIGNED_CONTEXT ( ( #3570, #618, #729 ) ) REPRESENTATION_CONTEXT ( 'NONE', 'WORKASPACE' ) );
#2894 = LINE ( 'NONE', #2417, #3673 ) ;
#2895 = ITEM_DEFINED_TRANSFORMATION ( 'NONE', 'NONE', #1399,  #174 ) ;
#2896 = PRODUCT_DEFINITION ( 'UNKNOWN', '', #6297, #5173 ) ;
#2897 = PRODUCT_DEFINITION ( 'UNKNOWN', '', #5665, #321 ) ;
#2898 =( GEOMETRIC_REPRESENTATION_CONTEXT ( 3 ) GLOBAL_UNCERTAINTY_ASSIGNED_CONTEXT ( ( #2912 ) ) GLOBAL_UNIT_ASSIGNED_CONTEXT ( ( #653, #6093, #4744 ) ) REPRESENTATION_CONTEXT ( 'NONE', 'WORKASPACE' ) );
#2899 =( REPRESENTATION_RELATIONSHIP ('NONE','NONE', #2039, #2922 ) REPRESENTATION_RELATIONSHIP_WITH_TRANSFORMATION ( #4883 )SHAPE_REPRESENTATION_RELATIONSHIP( ) );
#2900 = AXIS2_PLACEMENT_3D ( 'NONE', #316, #7422, #7378 ) ;
#2901 =( NAMED_UNIT ( * ) PLANE_ANGLE_UNIT ( ) SI_UNIT ( $, .RADIAN. ) );
#2902 = APPLICATION_PROTOCOL_DEFINITION ( 'draft international standard', 'automotive_design', 1998, #6272 ) ;
#2903 =( NAMED_UNIT ( * ) PLANE_ANGLE_UNIT ( ) SI_UNIT ( $, .RADIAN. ) );
#2904 = PRODUCT_DEFINITION_FORMATION_WITH_SPECIFIED_SOURCE ( 'ANY', '', #2927, .NOT_KNOWN. ) ;
#2905 = AXIS2_PLACEMENT_3D ( 'NONE', #2537, #60, #2456 ) ;
#2906 = APPLICATION_PROTOCOL_DEFINITION ( 'draft international standard', 'automotive_design', 1998, #3725 ) ;
#2907 = DIRECTION ( 'NONE',  ( 1.000000000000000000, 0.0000000000000000000, 0.0000000000000000000 ) ) ;
#2908 = PRODUCT_DEFINITION_SHAPE ( 'NONE', 'NONE',  #7735 ) ;
#2909 = PRODUCT_DEFINITION_FORMATION_WITH_SPECIFIED_SOURCE ( 'ANY', '', #7035, .NOT_KNOWN. ) ;
#2910 = APPLICATION_CONTEXT ( 'automotive_design' ) ;
#2911 = AXIS2_PLACEMENT_3D ( 'NONE', #3686, #3729, #7263 ) ;
#2912 = UNCERTAINTY_MEASURE_WITH_UNIT (LENGTH_MEASURE( 1.000000000000000082E-05 ), #653, 'distance_accuracy_value', 'NONE');
#2913 =( REPRESENTATION_RELATIONSHIP ('NONE','NONE', #6645, #3470 ) REPRESENTATION_RELATIONSHIP_WITH_TRANSFORMATION ( #7008 )SHAPE_REPRESENTATION_RELATIONSHIP( ) );
#2914 = DIRECTION ( 'NONE',  ( 0.0000000000000000000, 0.0000000000000000000, 1.000000000000000000 ) ) ;
#2915 =( GEOMETRIC_REPRESENTATION_CONTEXT ( 3 ) GLOBAL_UNCERTAINTY_ASSIGNED_CONTEXT ( ( #1841 ) ) GLOBAL_UNIT_ASSIGNED_CONTEXT ( ( #4511, #7409, #3289 ) ) REPRESENTATION_CONTEXT ( 'NONE', 'WORKASPACE' ) );
#2916 = PRODUCT_DEFINITION_FORMATION_WITH_SPECIFIED_SOURCE ( 'ANY', '', #2101, .NOT_KNOWN. ) ;
#2917 = EDGE_LOOP ( 'NONE', ( #2643, #5174, #5087, #5297 ) ) ;
#2918 = APPLICATION_PROTOCOL_DEFINITION ( 'draft international standard', 'automotive_design', 1998, #870 ) ;
#2919 = UNCERTAINTY_MEASURE_WITH_UNIT (LENGTH_MEASURE( 1.000000000000000082E-05 ), #450, 'distance_accuracy_value', 'NONE');
#2920 = PRODUCT_DEFINITION_SHAPE ( 'NONE', 'NONE',  #6734 ) ;
#2921 = PRODUCT_DEFINITION_CONTEXT ( 'detailed design', #6635, 'design' ) ;
#2922 = SHAPE_REPRESENTATION ( '352644049', ( #4647, #5894 ), #6022 ) ;
#2923 = DIRECTION ( 'NONE',  ( 1.000000000000000000, 0.0000000000000000000, 0.0000000000000000000 ) ) ;
#2924 =( GEOMETRIC_REPRESENTATION_CONTEXT ( 3 ) GLOBAL_UNCERTAINTY_ASSIGNED_CONTEXT ( ( #6019 ) ) GLOBAL_UNIT_ASSIGNED_CONTEXT ( ( #3872, #1426, #2630 ) ) REPRESENTATION_CONTEXT ( 'NONE', 'WORKASPACE' ) );
#2925 = APPLICATION_CONTEXT ( 'automotive_design' ) ;
#2926 = DIRECTION ( 'NONE',  ( 1.000000000000000000, -1.110223024625000001E-16, 1.110223024625000001E-16 ) ) ;
#2927 = PRODUCT ( 'Free-Models5', 'Free-Models5', '', ( #2111 ) ) ;
#2928 = APPLICATION_PROTOCOL_DEFINITION ( 'draft international standard', 'automotive_design', 1998, #552 ) ;
#2929 = DIRECTION ( 'NONE',  ( 0.0000000000000000000, 0.0000000000000000000, 1.000000000000000000 ) ) ;
#2930 = AXIS2_PLACEMENT_3D ( 'NONE', #52, #7427, #844 ) ;
#2931 = DIRECTION ( 'NONE',  ( 0.0000000000000000000, 0.0000000000000000000, 1.000000000000000000 ) ) ;
#2932 = SHAPE_REPRESENTATION ( 'Free-Models5', ( #494, #2776 ), #3880 ) ;
#2933 = ITEM_DEFINED_TRANSFORMATION ( 'NONE', 'NONE', #1,  #1948 ) ;
#2934 = PRODUCT_DEFINITION_CONTEXT ( 'detailed design', #2309, 'design' ) ;
#2935 =( LENGTH_UNIT ( ) NAMED_UNIT ( * ) SI_UNIT ( .MILLI., .METRE. ) );
#2936 = SURFACE_SIDE_STYLE ('',( #1669 ) ) ;
#2937 = APPLICATION_CONTEXT ( 'automotive_design' ) ;
#2938 = AXIS2_PLACEMENT_3D ( 'NONE', #227, #5523, #3193 ) ;
#2939 = DIRECTION ( 'NONE',  ( 0.0000000000000000000, 0.0000000000000000000, 1.000000000000000000 ) ) ;
#2940 = ITEM_DEFINED_TRANSFORMATION ( 'NONE', 'NONE', #5429,  #2588 ) ;
#2941 = DIRECTION ( 'NONE',  ( 0.0000000000000000000, 0.0000000000000000000, 1.000000000000000000 ) ) ;
#2942 = PRODUCT_DEFINITION_SHAPE ( 'NONE', 'NONE',  #441 ) ;
#2943 =( GEOMETRIC_REPRESENTATION_CONTEXT ( 3 ) GLOBAL_UNCERTAINTY_ASSIGNED_CONTEXT ( ( #5649 ) ) GLOBAL_UNIT_ASSIGNED_CONTEXT ( ( #2074, #3387, #5206 ) ) REPRESENTATION_CONTEXT ( 'NONE', 'WORKASPACE' ) );
#2944 =( NAMED_UNIT ( * ) SI_UNIT ( $, .STERADIAN. ) SOLID_ANGLE_UNIT ( ) );
#2945 = DIRECTION ( 'NONE',  ( 1.000000000000000000, 0.0000000000000000000, 0.0000000000000000000 ) ) ;
#2946 = PRODUCT_DEFINITION ( 'UNKNOWN', '', #2256, #705 ) ;
#2947 = PRODUCT_RELATED_PRODUCT_CATEGORY ( 'part', '', ( #5876 ) ) ;
#2948 = AXIS2_PLACEMENT_3D ( 'NONE', #814, #2575, #249 ) ;
#2949 = VECTOR ( 'NONE', #3265, 1000.000000000000000 ) ;
#2950 = APPLICATION_PROTOCOL_DEFINITION ( 'draft international standard', 'automotive_design', 1998, #210 ) ;
#2951 =( REPRESENTATION_RELATIONSHIP ('NONE','NONE', #4137, #7109 ) REPRESENTATION_RELATIONSHIP_WITH_TRANSFORMATION ( #2477 )SHAPE_REPRESENTATION_RELATIONSHIP( ) );
#2952 = AXIS2_PLACEMENT_3D ( 'NONE', #1016, #2211, #144 ) ;
#2953 = CARTESIAN_POINT ( 'NONE',  ( 0.0000000000000000000, 0.0000000000000000000, 0.0000000000000000000 ) ) ;
#2954 = DIRECTION ( 'NONE',  ( 0.0000000000000000000, -0.0000000000000000000, -1.000000000000000000 ) ) ;
#2955 = ADVANCED_FACE ( 'NONE', ( #161 ), #3721, .F. ) ;
#2956 = ORIENTED_EDGE ( 'NONE', *, *, #395, .T. ) ;
#2957 = APPLICATION_PROTOCOL_DEFINITION ( 'draft international standard', 'automotive_design', 1998, #1493 ) ;
#2958 = UNCERTAINTY_MEASURE_WITH_UNIT (LENGTH_MEASURE( 1.000000000000000082E-05 ), #4467, 'distance_accuracy_value', 'NONE');
#2959 = PRODUCT_DEFINITION_SHAPE ( 'NONE', 'NONE',  #2889 ) ;
#2960 =( GEOMETRIC_REPRESENTATION_CONTEXT ( 3 ) GLOBAL_UNCERTAINTY_ASSIGNED_CONTEXT ( ( #7243 ) ) GLOBAL_UNIT_ASSIGNED_CONTEXT ( ( #4303, #2422, #1865 ) ) REPRESENTATION_CONTEXT ( 'NONE', 'WORKASPACE' ) );
#2961 = ITEM_DEFINED_TRANSFORMATION ( 'NONE', 'NONE', #1149,  #5401 ) ;
#2962 = APPLICATION_CONTEXT ( 'automotive_design' ) ;
#2963 = CARTESIAN_POINT ( 'NONE',  ( 0.0000000000000000000, 0.0000000000000000000, 0.0000000000000000000 ) ) ;
#2964 =( REPRESENTATION_RELATIONSHIP ('NONE','NONE', #3958, #1557 ) REPRESENTATION_RELATIONSHIP_WITH_TRANSFORMATION ( #5663 )SHAPE_REPRESENTATION_RELATIONSHIP( ) );
#2965 = CARTESIAN_POINT ( 'NONE',  ( 0.0000000000000000000, 0.0000000000000000000, 0.0000000000000000000 ) ) ;
#2966 = DIRECTION ( 'NONE',  ( 0.0000000000000000000, 0.0000000000000000000, 1.000000000000000000 ) ) ;
#2967 = CONTEXT_DEPENDENT_SHAPE_REPRESENTATION ( #920, #4619 ) ;
#2968 = ITEM_DEFINED_TRANSFORMATION ( 'NONE', 'NONE', #6978,  #3941 ) ;
#2969 = CARTESIAN_POINT ( 'NONE',  ( 0.4728997400000000129, 9.485000080000000722, -0.4872999999999999554 ) ) ;
#2970 =( NAMED_UNIT ( * ) SI_UNIT ( $, .STERADIAN. ) SOLID_ANGLE_UNIT ( ) );
#2971 = CARTESIAN_POINT ( 'NONE',  ( -0.6199987599999999821, -0.3150006399999999984, 0.0000000000000000000 ) ) ;
#2972 = PRODUCT ( '352644049', '352644049', '', ( #6211 ) ) ;
#2973 = DIRECTION ( 'NONE',  ( 0.0000000000000000000, 0.0000000000000000000, 1.000000000000000000 ) ) ;
#2974 = ITEM_DEFINED_TRANSFORMATION ( 'NONE', 'NONE', #4422,  #4092 ) ;
#2975 = SHAPE_REPRESENTATION ( '352644049', ( #5117, #3722 ), #6901 ) ;
#2976 = APPLICATION_CONTEXT ( 'automotive_design' ) ;
#2977 = CARTESIAN_POINT ( 'NONE',  ( 0.0000000000000000000, 0.0000000000000000000, 0.0000000000000000000 ) ) ;
#2978 =( LENGTH_UNIT ( ) NAMED_UNIT ( * ) SI_UNIT ( .MILLI., .METRE. ) );
#2979 = PRODUCT_CONTEXT ( 'NONE', #583, 'mechanical' ) ;
#2980 = UNCERTAINTY_MEASURE_WITH_UNIT (LENGTH_MEASURE( 1.000000000000000082E-05 ), #670, 'distance_accuracy_value', 'NONE');
#2981 = PRODUCT_RELATED_PRODUCT_CATEGORY ( 'part', '', ( #3588 ) ) ;
#2982 = PRODUCT_DEFINITION ( 'UNKNOWN', '', #2536, #4731 ) ;
#2983 = PRODUCT_DEFINITION_SHAPE ( 'NONE', 'NONE',  #113 ) ;
#2984 = ITEM_DEFINED_TRANSFORMATION ( 'NONE', 'NONE', #4505,  #1948 ) ;
#2985 = PRODUCT_DEFINITION_CONTEXT ( 'detailed design', #2439, 'design' ) ;
#2986 = LINE ( 'NONE', #6459, #5592 ) ;
#2987 = FILL_AREA_STYLE_COLOUR ( '', #4097 ) ;
#2988 = VERTEX_POINT ( 'NONE', #83 ) ;
#2989 =( REPRESENTATION_RELATIONSHIP ('NONE','NONE', #4137, #393 ) REPRESENTATION_RELATIONSHIP_WITH_TRANSFORMATION ( #5910 )SHAPE_REPRESENTATION_RELATIONSHIP( ) );
#2990 = APPLICATION_PROTOCOL_DEFINITION ( 'draft international standard', 'automotive_design', 1998, #4127 ) ;
#2991 = DIRECTION ( 'NONE',  ( 1.000000000000000000, 0.0000000000000000000, 0.0000000000000000000 ) ) ;
#2992 = PRODUCT_DEFINITION_CONTEXT ( 'detailed design', #3525, 'design' ) ;
#2993 = DIRECTION ( 'NONE',  ( 0.0000000000000000000, 0.0000000000000000000, 1.000000000000000000 ) ) ;
#2994 = EDGE_CURVE ( 'NONE', #6450, #1685, #2510, .T. ) ;
#2995 = CARTESIAN_POINT ( 'NONE',  ( -1.084202172485504434E-16, 1.084202172485504434E-16, -0.4038600000000006629 ) ) ;
#2996 = DIRECTION ( 'NONE',  ( -1.000000000000000000, 2.220446049250000002E-16, 1.110223024625000001E-16 ) ) ;
#2997 = PRODUCT ( 'PINTSOP2-55', 'PINTSOP2-55', '', ( #1304 ) ) ;
#2998 =( REPRESENTATION_RELATIONSHIP ('NONE','NONE', #1557, #3123 ) REPRESENTATION_RELATIONSHIP_WITH_TRANSFORMATION ( #4960 )SHAPE_REPRESENTATION_RELATIONSHIP( ) );
#2999 = PRODUCT_DEFINITION_CONTEXT ( 'detailed design', #5793, 'design' ) ;
#3000 = DIRECTION ( 'NONE',  ( 1.000000000000000000, 0.0000000000000000000, 0.0000000000000000000 ) ) ;
#3001 = EDGE_CURVE ( 'NONE', #2667, #3684, #6800, .T. ) ;
#3002 = DIRECTION ( 'NONE',  ( 1.000000000000000000, 0.0000000000000000000, 0.0000000000000000000 ) ) ;
#3003 = DIRECTION ( 'NONE',  ( 0.0000000000000000000, 0.0000000000000000000, 1.000000000000000000 ) ) ;
#3004 =( NAMED_UNIT ( * ) PLANE_ANGLE_UNIT ( ) SI_UNIT ( $, .RADIAN. ) );
#3005 = CARTESIAN_POINT ( 'NONE',  ( 0.001000760000000000278, 0.1510004600000000030, 0.0000000000000000000 ) ) ;
#3006 = APPLICATION_PROTOCOL_DEFINITION ( 'draft international standard', 'automotive_design', 1998, #1812 ) ;
#3007 =( LENGTH_UNIT ( ) NAMED_UNIT ( * ) SI_UNIT ( .MILLI., .METRE. ) );
#3008 =( REPRESENTATION_RELATIONSHIP ('NONE','NONE', #3109, #5266 ) REPRESENTATION_RELATIONSHIP_WITH_TRANSFORMATION ( #5678 )SHAPE_REPRESENTATION_RELATIONSHIP( ) );
#3009 = ITEM_DEFINED_TRANSFORMATION ( 'NONE', 'NONE', #3405,  #1948 ) ;
#3010 = DIRECTION ( 'NONE',  ( 0.0000000000000000000, 0.0000000000000000000, 1.000000000000000000 ) ) ;
#3011 =( GEOMETRIC_REPRESENTATION_CONTEXT ( 3 ) GLOBAL_UNCERTAINTY_ASSIGNED_CONTEXT ( ( #812 ) ) GLOBAL_UNIT_ASSIGNED_CONTEXT ( ( #3078, #735, #179 ) ) REPRESENTATION_CONTEXT ( 'NONE', 'WORKASPACE' ) );
#3012 = PRODUCT ( 'Free-Models5', 'Free-Models5', '', ( #440 ) ) ;
#3013 =( NAMED_UNIT ( * ) SI_UNIT ( $, .STERADIAN. ) SOLID_ANGLE_UNIT ( ) );
#3014 = SHAPE_DEFINITION_REPRESENTATION ( #1374, #7366 ) ;
#3015 = AXIS2_PLACEMENT_3D ( 'NONE', #843, #3255, #5083 ) ;
#3016 = APPLICATION_CONTEXT ( 'automotive_design' ) ;
#3017 = PRODUCT_DEFINITION_FORMATION_WITH_SPECIFIED_SOURCE ( 'ANY', '', #1444, .NOT_KNOWN. ) ;
#3018 = LINE ( 'NONE', #5966, #5329 ) ;
#3019 = CARTESIAN_POINT ( 'NONE',  ( 0.0000000000000000000, 0.0000000000000000000, 0.0000000000000000000 ) ) ;
#3020 = AXIS2_PLACEMENT_3D ( 'NONE', #4344, #2035, #4425 ) ;
#3021 = FACE_OUTER_BOUND ( 'NONE', #1505, .T. ) ;
#3022 =( GEOMETRIC_REPRESENTATION_CONTEXT ( 3 ) GLOBAL_UNCERTAINTY_ASSIGNED_CONTEXT ( ( #5396 ) ) GLOBAL_UNIT_ASSIGNED_CONTEXT ( ( #1327, #1985, #7272 ) ) REPRESENTATION_CONTEXT ( 'NONE', 'WORKASPACE' ) );
#3023 = APPLICATION_PROTOCOL_DEFINITION ( 'draft international standard', 'automotive_design', 1998, #7096 ) ;
#3024 = VERTEX_POINT ( 'NONE', #2476 ) ;
#3025 = PRODUCT_DEFINITION_CONTEXT ( 'detailed design', #5347, 'design' ) ;
#3026 = SHAPE_DEFINITION_REPRESENTATION ( #697, #2883 ) ;
#3027 = PRODUCT_DEFINITION_FORMATION_WITH_SPECIFIED_SOURCE ( 'ANY', '', #847, .NOT_KNOWN. ) ;
#3028 = UNCERTAINTY_MEASURE_WITH_UNIT (LENGTH_MEASURE( 1.000000000000000082E-05 ), #3488, 'distance_accuracy_value', 'NONE');
#3029 = CARTESIAN_POINT ( 'NONE',  ( -1.084202172485504434E-16, 1.084202172485504434E-16, -0.4038599999999989421 ) ) ;
#3030 = CONTEXT_DEPENDENT_SHAPE_REPRESENTATION ( #2559, #3851 ) ;
#3031 = PRODUCT_RELATED_PRODUCT_CATEGORY ( 'part', '', ( #2231 ) ) ;
#3032 = PRODUCT_DEFINITION_FORMATION_WITH_SPECIFIED_SOURCE ( 'ANY', '', #5240, .NOT_KNOWN. ) ;
#3033 = DIRECTION ( 'NONE',  ( 1.000000000000000000, -1.110223024625000001E-16, 1.110223024625000001E-16 ) ) ;
#3034 = AXIS2_PLACEMENT_3D ( 'NONE', #5707, #3789, #5780 ) ;
#3035 = PRODUCT_RELATED_PRODUCT_CATEGORY ( 'part', '', ( #5054 ) ) ;
#3036 = PRODUCT_RELATED_PRODUCT_CATEGORY ( 'part', '', ( #3976 ) ) ;
#3037 = UNCERTAINTY_MEASURE_WITH_UNIT (LENGTH_MEASURE( 1.000000000000000082E-05 ), #2066, 'distance_accuracy_value', 'NONE');
#3038 = APPLICATION_PROTOCOL_DEFINITION ( 'draft international standard', 'automotive_design', 1998, #6133 ) ;
#3039 = CARTESIAN_POINT ( 'NONE',  ( 0.0000000000000000000, 0.0000000000000000000, 0.0000000000000000000 ) ) ;
#3040 = DIRECTION ( 'NONE',  ( -0.0000000000000000000, -1.000000000000000000, -0.0000000000000000000 ) ) ;
#3041 = SHAPE_REPRESENTATION ( 'PINTSOP2-55', ( #1353, #5398, #2135 ), #3998 ) ;
#3042 = AXIS2_PLACEMENT_3D ( 'NONE', #3467, #7097, #3961 ) ;
#3043 = ITEM_DEFINED_TRANSFORMATION ( 'NONE', 'NONE', #7211,  #5338 ) ;
#3044 = APPLICATION_CONTEXT ( 'automotive_design' ) ;
#3045 = CARTESIAN_POINT ( 'NONE',  ( 0.0000000000000000000, 0.1510004600000000030, 0.0000000000000000000 ) ) ;
#3046 =( REPRESENTATION_RELATIONSHIP ('NONE','NONE', #6298, #4702 ) REPRESENTATION_RELATIONSHIP_WITH_TRANSFORMATION ( #6832 )SHAPE_REPRESENTATION_RELATIONSHIP( ) );
#3047 = APPLICATION_PROTOCOL_DEFINITION ( 'draft international standard', 'automotive_design', 1998, #3703 ) ;
#3048 = EDGE_CURVE ( 'NONE', #6768, #5385, #7257, .T. ) ;
#3049 = AXIS2_PLACEMENT_3D ( 'NONE', #284, #4443, #6332 ) ;
#3050 = CONTEXT_DEPENDENT_SHAPE_REPRESENTATION ( #5811, #3956 ) ;
#3051 = DIRECTION ( 'NONE',  ( 1.000000000000000000, 0.0000000000000000000, 0.0000000000000000000 ) ) ;
#3052 = CONTEXT_DEPENDENT_SHAPE_REPRESENTATION ( #6056, #5379 ) ;
#3053 = VECTOR ( 'NONE', #3710, 1000.000000000000000 ) ;
#3054 =( LENGTH_UNIT ( ) NAMED_UNIT ( * ) SI_UNIT ( .MILLI., .METRE. ) );
#3055 = APPLICATION_CONTEXT ( 'automotive_design' ) ;
#3056 =( REPRESENTATION_RELATIONSHIP ('NONE','NONE', #3470, #6270 ) REPRESENTATION_RELATIONSHIP_WITH_TRANSFORMATION ( #3453 )SHAPE_REPRESENTATION_RELATIONSHIP( ) );
#3057 = SHAPE_DEFINITION_REPRESENTATION ( #1146, #3309 ) ;
#3058 = DIRECTION ( 'NONE',  ( 1.000000000000000000, 0.0000000000000000000, 0.0000000000000000000 ) ) ;
#3059 = UNCERTAINTY_MEASURE_WITH_UNIT (LENGTH_MEASURE( 1.000000000000000082E-05 ), #3076, 'distance_accuracy_value', 'NONE');
#3060 = PRODUCT_DEFINITION_SHAPE ( 'NONE', 'NONE',  #7576 ) ;
#3061 = PRODUCT ( '352644049', '352644049', '', ( #5522 ) ) ;
#3062 =( NAMED_UNIT ( * ) SI_UNIT ( $, .STERADIAN. ) SOLID_ANGLE_UNIT ( ) );
#3063 = VECTOR ( 'NONE', #6581, 1000.000000000000000 ) ;
#3064 = SHAPE_REPRESENTATION ( '352644049', ( #1801, #2070 ), #7207 ) ;
#3065 = PLANE ( 'NONE',  #3934 ) ;
#3066 = SURFACE_SIDE_STYLE ('',( #2515 ) ) ;
#3067 = ORIENTED_EDGE ( 'NONE', *, *, #1542, .T. ) ;
#3068 = APPLICATION_PROTOCOL_DEFINITION ( 'draft international standard', 'automotive_design', 1998, #2531 ) ;
#3069 = SURFACE_STYLE_FILL_AREA ( #7345 ) ;
#3070 = ADVANCED_BREP_SHAPE_REPRESENTATION ( '', ( #4048, #1948 ), #801 ) ;
#3071 = PRESENTATION_LAYER_ASSIGNMENT (  '', '', ( #6719 ) ) ;
#3072 = CARTESIAN_POINT ( 'NONE',  ( 0.0000000000000000000, 0.0000000000000000000, 0.0000000000000000000 ) ) ;
#3073 =( GEOMETRIC_REPRESENTATION_CONTEXT ( 3 ) GLOBAL_UNCERTAINTY_ASSIGNED_CONTEXT ( ( #5034 ) ) GLOBAL_UNIT_ASSIGNED_CONTEXT ( ( #6631, #1098, #5337 ) ) REPRESENTATION_CONTEXT ( 'NONE', 'WORKASPACE' ) );
#3074 = DIRECTION ( 'NONE',  ( -1.000000000000000000, 2.220446049250000002E-16, 1.110223024625000001E-16 ) ) ;
#3075 = AXIS2_PLACEMENT_3D ( 'NONE', #2701, #1487, #3866 ) ;
#3076 =( LENGTH_UNIT ( ) NAMED_UNIT ( * ) SI_UNIT ( .MILLI., .METRE. ) );
#3077 = APPLICATION_CONTEXT ( 'automotive_design' ) ;
#3078 =( LENGTH_UNIT ( ) NAMED_UNIT ( * ) SI_UNIT ( .MILLI., .METRE. ) );
#3079 =( GEOMETRIC_REPRESENTATION_CONTEXT ( 3 ) GLOBAL_UNCERTAINTY_ASSIGNED_CONTEXT ( ( #6852 ) ) GLOBAL_UNIT_ASSIGNED_CONTEXT ( ( #2419, #1220, #1825 ) ) REPRESENTATION_CONTEXT ( 'NONE', 'WORKASPACE' ) );
#3080 = PRODUCT_DEFINITION_SHAPE ( 'NONE', 'NONE',  #2124 ) ;
#3081 = PRODUCT_DEFINITION_SHAPE ( 'NONE', 'NONE',  #7699 ) ;
#3082 = PRODUCT_DEFINITION ( 'UNKNOWN', '', #3652, #383 ) ;
#3083 = CONTEXT_DEPENDENT_SHAPE_REPRESENTATION ( #1255, #2629 ) ;
#3084 = PRODUCT_RELATED_PRODUCT_CATEGORY ( 'part', '', ( #2453 ) ) ;
#3085 = CARTESIAN_POINT ( 'NONE',  ( 0.0000000000000000000, 0.0000000000000000000, 0.0000000000000000000 ) ) ;
#3086 = LINE ( 'NONE', #1858, #1387 ) ;
#3087 = CARTESIAN_POINT ( 'NONE',  ( 0.0000000000000000000, 1.084202172485504434E-16, -0.4038599999999989421 ) ) ;
#3088 = SHAPE_DEFINITION_REPRESENTATION ( #669, #6505 ) ;
#3089 = FACE_OUTER_BOUND ( 'NONE', #702, .T. ) ;
#3090 = SHAPE_REPRESENTATION ( '352644049', ( #4390, #3628 ), #4144 ) ;
#3091 =( NAMED_UNIT ( * ) SI_UNIT ( $, .STERADIAN. ) SOLID_ANGLE_UNIT ( ) );
#3092 =( NAMED_UNIT ( * ) SI_UNIT ( $, .STERADIAN. ) SOLID_ANGLE_UNIT ( ) );
#3093 = ADVANCED_FACE ( 'NONE', ( #691 ), #1235, .T. ) ;
#3094 = CARTESIAN_POINT ( 'NONE',  ( 0.0000000000000000000, 0.0000000000000000000, 0.0000000000000000000 ) ) ;
#3095 =( REPRESENTATION_RELATIONSHIP ('NONE','NONE', #4137, #2226 ) REPRESENTATION_RELATIONSHIP_WITH_TRANSFORMATION ( #7116 )SHAPE_REPRESENTATION_RELATIONSHIP( ) );
#3096 = SHAPE_DEFINITION_REPRESENTATION ( #5925, #1796 ) ;
#3097 = PRODUCT_DEFINITION_SHAPE ( 'NONE', 'NONE',  #3462 ) ;
#3098 =( LENGTH_UNIT ( ) NAMED_UNIT ( * ) SI_UNIT ( .MILLI., .METRE. ) );
#3099 =( LENGTH_UNIT ( ) NAMED_UNIT ( * ) SI_UNIT ( .MILLI., .METRE. ) );
#3100 = DIRECTION ( 'NONE',  ( -0.0000000000000000000, 0.0000000000000000000, -1.000000000000000000 ) ) ;
#3101 = APPLICATION_CONTEXT ( 'automotive_design' ) ;
#3102 = AXIS2_PLACEMENT_3D ( 'NONE', #2711, #5106, #6198 ) ;
#3103 =( REPRESENTATION_RELATIONSHIP ('NONE','NONE', #6388, #5226 ) REPRESENTATION_RELATIONSHIP_WITH_TRANSFORMATION ( #2239 )SHAPE_REPRESENTATION_RELATIONSHIP( ) );
#3104 = CONTEXT_DEPENDENT_SHAPE_REPRESENTATION ( #5505, #3168 ) ;
#3105 = VERTEX_POINT ( 'NONE', #654 ) ;
#3106 = PRODUCT_CONTEXT ( 'NONE', #7080, 'mechanical' ) ;
#3107 = PRODUCT_DEFINITION_SHAPE ( 'NONE', 'NONE',  #7550 ) ;
#3108 =( NAMED_UNIT ( * ) SI_UNIT ( $, .STERADIAN. ) SOLID_ANGLE_UNIT ( ) );
#3109 = SHAPE_REPRESENTATION ( 'Free-Models5', ( #7450, #906 ), #303 ) ;
#3110 = ITEM_DEFINED_TRANSFORMATION ( 'NONE', 'NONE', #5784,  #1948 ) ;
#3111 = CARTESIAN_POINT ( 'NONE',  ( 3.936179580000000122, -0.3050006599999999790, -0.4872999999999999554 ) ) ;
#3112 = VERTEX_POINT ( 'NONE', #1877 ) ;
#3113 = CARTESIAN_POINT ( 'NONE',  ( 0.0000000000000000000, 0.0000000000000000000, 0.0000000000000000000 ) ) ;
#3114 = DIRECTION ( 'NONE',  ( 1.000000000000000000, 0.0000000000000000000, 0.0000000000000000000 ) ) ;
#3115 = ITEM_DEFINED_TRANSFORMATION ( 'NONE', 'NONE', #2135,  #1948 ) ;
#3116 = DIRECTION ( 'NONE',  ( 1.000000000000000000, 0.0000000000000000000, 0.0000000000000000000 ) ) ;
#3117 = DIRECTION ( 'NONE',  ( 1.000000000000000000, 0.0000000000000000000, 0.0000000000000000000 ) ) ;
#3118 = CARTESIAN_POINT ( 'NONE',  ( 0.6200012999999999774, 0.3149981000000000031, 0.0000000000000000000 ) ) ;
#3119 = APPLICATION_PROTOCOL_DEFINITION ( 'draft international standard', 'automotive_design', 1998, #6949 ) ;
#3120 = APPLICATION_CONTEXT ( 'automotive_design' ) ;
#3121 = DIRECTION ( 'NONE',  ( 1.000000000000000000, 0.0000000000000000000, 0.0000000000000000000 ) ) ;
#3122 = PRODUCT_DEFINITION ( 'UNKNOWN', '', #1257, #4574 ) ;
#3123 = SHAPE_REPRESENTATION ( '352644049', ( #6911, #6151 ), #2915 ) ;
#3124 = DIRECTION ( 'NONE',  ( 0.0000000000000000000, 0.0000000000000000000, 1.000000000000000000 ) ) ;
#3125 = PRODUCT_RELATED_PRODUCT_CATEGORY ( 'part', '', ( #459 ) ) ;
#3126 = APPLICATION_PROTOCOL_DEFINITION ( 'draft international standard', 'automotive_design', 1998, #3605 ) ;
#3127 = PRODUCT_DEFINITION ( 'UNKNOWN', '', #260, #1085 ) ;
#3128 =( REPRESENTATION_RELATIONSHIP ('NONE','NONE', #4137, #642 ) REPRESENTATION_RELATIONSHIP_WITH_TRANSFORMATION ( #4148 )SHAPE_REPRESENTATION_RELATIONSHIP( ) );
#3129 = CARTESIAN_POINT ( 'NONE',  ( 0.0000000000000000000, 0.0000000000000000000, 0.0000000000000000000 ) ) ;
#3130 =( NAMED_UNIT ( * ) SI_UNIT ( $, .STERADIAN. ) SOLID_ANGLE_UNIT ( ) );
#3131 = DIRECTION ( 'NONE',  ( -0.0000000000000000000, 1.000000000000000000, 0.0000000000000000000 ) ) ;
#3132 = ORIENTED_EDGE ( 'NONE', *, *, #1004, .F. ) ;
#3133 = APPLICATION_PROTOCOL_DEFINITION ( 'draft international standard', 'automotive_design', 1998, #2025 ) ;
#3134 = DIRECTION ( 'NONE',  ( 1.000000000000000000, 0.0000000000000000000, 0.0000000000000000000 ) ) ;
#3135 = CARTESIAN_POINT ( 'NONE',  ( 0.0000000000000000000, 0.0000000000000000000, 0.0000000000000000000 ) ) ;
#3136 = PRODUCT_DEFINITION_FORMATION_WITH_SPECIFIED_SOURCE ( 'ANY', '', #2687, .NOT_KNOWN. ) ;
#3137 =( NAMED_UNIT ( * ) SI_UNIT ( $, .STERADIAN. ) SOLID_ANGLE_UNIT ( ) );
#3138 = AXIS2_PLACEMENT_3D ( 'NONE', #6756, #2676, #4469 ) ;
#3139 = PRODUCT_DEFINITION_CONTEXT ( 'detailed design', #1704, 'design' ) ;
#3140 =( REPRESENTATION_RELATIONSHIP ('NONE','NONE', #2800, #5226 ) REPRESENTATION_RELATIONSHIP_WITH_TRANSFORMATION ( #4005 )SHAPE_REPRESENTATION_RELATIONSHIP( ) );
#3141 =( GEOMETRIC_REPRESENTATION_CONTEXT ( 3 ) GLOBAL_UNCERTAINTY_ASSIGNED_CONTEXT ( ( #5633 ) ) GLOBAL_UNIT_ASSIGNED_CONTEXT ( ( #2429, #6601, #6636 ) ) REPRESENTATION_CONTEXT ( 'NONE', 'WORKASPACE' ) );
#3142 =( LENGTH_UNIT ( ) NAMED_UNIT ( * ) SI_UNIT ( .MILLI., .METRE. ) );
#3143 = PRODUCT_DEFINITION_FORMATION_WITH_SPECIFIED_SOURCE ( 'ANY', '', #2453, .NOT_KNOWN. ) ;
#3144 = CARTESIAN_POINT ( 'NONE',  ( 10.33697957999999950, -0.3050006599999999790, -0.4872999999999999554 ) ) ;
#3145 = DIRECTION ( 'NONE',  ( 1.000000000000000000, 0.0000000000000000000, 0.0000000000000000000 ) ) ;
#3146 = AXIS2_PLACEMENT_3D ( 'NONE', #3759, #4668, #1067 ) ;
#3147 = PRODUCT_DEFINITION_SHAPE ( 'NONE', 'NONE',  #2850 ) ;
#3148 = PRODUCT_DEFINITION_CONTEXT ( 'detailed design', #4875, 'design' ) ;
#3149 = PRODUCT_DEFINITION_CONTEXT ( 'detailed design', #958, 'design' ) ;
#3150 = DIRECTION ( 'NONE',  ( 1.000000000000000000, 0.0000000000000000000, 0.0000000000000000000 ) ) ;
#3151 = PRODUCT_DEFINITION_FORMATION_WITH_SPECIFIED_SOURCE ( 'ANY', '', #929, .NOT_KNOWN. ) ;
#3152 = CONTEXT_DEPENDENT_SHAPE_REPRESENTATION ( #7071, #4312 ) ;
#3153 =( NAMED_UNIT ( * ) SI_UNIT ( $, .STERADIAN. ) SOLID_ANGLE_UNIT ( ) );
#3154 = APPLICATION_CONTEXT ( 'automotive_design' ) ;
#3155 = CONTEXT_DEPENDENT_SHAPE_REPRESENTATION ( #1084, #4643 ) ;
#3156 = DIRECTION ( 'NONE',  ( 1.000000000000000000, 0.0000000000000000000, 0.0000000000000000000 ) ) ;
#3157 =( GEOMETRIC_REPRESENTATION_CONTEXT ( 3 ) GLOBAL_UNCERTAINTY_ASSIGNED_CONTEXT ( ( #5321 ) ) GLOBAL_UNIT_ASSIGNED_CONTEXT ( ( #5761, #6463, #4654 ) ) REPRESENTATION_CONTEXT ( 'NONE', 'WORKASPACE' ) );
#3158 = SHAPE_DEFINITION_REPRESENTATION ( #1090, #5753 ) ;
#3159 = PRODUCT_DEFINITION_FORMATION_WITH_SPECIFIED_SOURCE ( 'ANY', '', #2664, .NOT_KNOWN. ) ;
#3160 = CONTEXT_DEPENDENT_SHAPE_REPRESENTATION ( #4337, #940 ) ;
#3161 =( LENGTH_UNIT ( ) NAMED_UNIT ( * ) SI_UNIT ( .MILLI., .METRE. ) );
#3162 =( GEOMETRIC_REPRESENTATION_CONTEXT ( 3 ) GLOBAL_UNCERTAINTY_ASSIGNED_CONTEXT ( ( #834 ) ) GLOBAL_UNIT_ASSIGNED_CONTEXT ( ( #4716, #4680, #6398 ) ) REPRESENTATION_CONTEXT ( 'NONE', 'WORKASPACE' ) );
#3163 = CONTEXT_DEPENDENT_SHAPE_REPRESENTATION ( #3336, #5493 ) ;
#3164 = ITEM_DEFINED_TRANSFORMATION ( 'NONE', 'NONE', #139,  #1948 ) ;
#3165 = PRODUCT_DEFINITION_CONTEXT ( 'detailed design', #7242, 'design' ) ;
#3166 =( NAMED_UNIT ( * ) PLANE_ANGLE_UNIT ( ) SI_UNIT ( $, .RADIAN. ) );
#3167 = APPLICATION_CONTEXT ( 'automotive_design' ) ;
#3168 = PRODUCT_DEFINITION_SHAPE ( 'NONE', 'NONE',  #7533 ) ;
#3169 = DIRECTION ( 'NONE',  ( 0.0000000000000000000, 0.0000000000000000000, 1.000000000000000000 ) ) ;
#3170 = APPLICATION_PROTOCOL_DEFINITION ( 'draft international standard', 'automotive_design', 1998, #3557 ) ;
#3171 = CARTESIAN_POINT ( 'NONE',  ( 0.0000000000000000000, 0.0000000000000000000, 0.0000000000000000000 ) ) ;
#3172 = AXIS2_PLACEMENT_3D ( 'NONE', #5086, #2126, #6218 ) ;
#3173 = PRODUCT_DEFINITION ( 'UNKNOWN', '', #4167, #2985 ) ;
#3174 = DIRECTION ( 'NONE',  ( -1.000000000000000000, 0.0000000000000000000, -0.0000000000000000000 ) ) ;
#3175 = CARTESIAN_POINT ( 'NONE',  ( 0.0000000000000000000, 0.0000000000000000000, 0.0000000000000000000 ) ) ;
#3176 = DIRECTION ( 'NONE',  ( -0.0000000000000000000, 1.000000000000000000, 0.0000000000000000000 ) ) ;
#3177 = APPLICATION_PROTOCOL_DEFINITION ( 'draft international standard', 'automotive_design', 1998, #918 ) ;
#3178 = VERTEX_POINT ( 'NONE', #415 ) ;
#3179 = PRODUCT_CONTEXT ( 'NONE', #7319, 'mechanical' ) ;
#3180 =( NAMED_UNIT ( * ) SI_UNIT ( $, .STERADIAN. ) SOLID_ANGLE_UNIT ( ) );
#3181 = VECTOR ( 'NONE', #334, 1000.000000000000000 ) ;
#3182 = EDGE_CURVE ( 'NONE', #346, #5043, #268, .T. ) ;
#3183 = DIRECTION ( 'NONE',  ( 1.000000000000000000, -1.110223024625000001E-16, 1.110223024625000001E-16 ) ) ;
#3184 = VERTEX_POINT ( 'NONE', #991 ) ;
#3185 = UNCERTAINTY_MEASURE_WITH_UNIT (LENGTH_MEASURE( 1.000000000000000082E-05 ), #7183, 'distance_accuracy_value', 'NONE');
#3186 = MECHANICAL_DESIGN_GEOMETRIC_PRESENTATION_REPRESENTATION (  '', ( #1034 ), #5453 ) ;
#3187 =( REPRESENTATION_RELATIONSHIP ('NONE','NONE', #4137, #2800 ) REPRESENTATION_RELATIONSHIP_WITH_TRANSFORMATION ( #7048 )SHAPE_REPRESENTATION_RELATIONSHIP( ) );
#3188 = ITEM_DEFINED_TRANSFORMATION ( 'NONE', 'NONE', #140,  #2386 ) ;
#3189 = CONTEXT_DEPENDENT_SHAPE_REPRESENTATION ( #6375, #6280 ) ;
#3190 = VECTOR ( 'NONE', #4213, 1000.000000000000000 ) ;
#3191 =( NAMED_UNIT ( * ) PLANE_ANGLE_UNIT ( ) SI_UNIT ( $, .RADIAN. ) );
#3192 = PRODUCT_CONTEXT ( 'NONE', #7225, 'mechanical' ) ;
#3193 = DIRECTION ( 'NONE',  ( 1.000000000000000000, 0.0000000000000000000, -0.0000000000000000000 ) ) ;
#3194 = CARTESIAN_POINT ( 'NONE',  ( 0.0000000000000000000, 0.0000000000000000000, 0.0000000000000000000 ) ) ;
#3195 = ITEM_DEFINED_TRANSFORMATION ( 'NONE', 'NONE', #31,  #5513 ) ;
#3196 = DIRECTION ( 'NONE',  ( 1.000000000000000000, 0.0000000000000000000, 0.0000000000000000000 ) ) ;
#3197 =( GEOMETRIC_REPRESENTATION_CONTEXT ( 3 ) GLOBAL_UNCERTAINTY_ASSIGNED_CONTEXT ( ( #1082 ) ) GLOBAL_UNIT_ASSIGNED_CONTEXT ( ( #2593, #6876, #4900 ) ) REPRESENTATION_CONTEXT ( 'NONE', 'WORKASPACE' ) );
#3198 = PRESENTATION_LAYER_ASSIGNMENT (  '', '', ( #5598 ) ) ;
#3199 = APPLICATION_CONTEXT ( 'automotive_design' ) ;
#3200 =( REPRESENTATION_RELATIONSHIP ('NONE','NONE', #1439, #6270 ) REPRESENTATION_RELATIONSHIP_WITH_TRANSFORMATION ( #4142 )SHAPE_REPRESENTATION_RELATIONSHIP( ) );
#3201 = ITEM_DEFINED_TRANSFORMATION ( 'NONE', 'NONE', #6667,  #1948 ) ;
#3202 = CONTEXT_DEPENDENT_SHAPE_REPRESENTATION ( #1435, #2195 ) ;
#3203 = UNCERTAINTY_MEASURE_WITH_UNIT (LENGTH_MEASURE( 1.000000000000000082E-05 ), #6708, 'distance_accuracy_value', 'NONE');
#3204 = AXIS2_PLACEMENT_3D ( 'NONE', #1817, #4135, #4802 ) ;
#3205 = DIRECTION ( 'NONE',  ( 0.0000000000000000000, 0.0000000000000000000, 1.000000000000000000 ) ) ;
#3206 = APPLICATION_PROTOCOL_DEFINITION ( 'draft international standard', 'automotive_design', 1998, #6329 ) ;
#3207 = CARTESIAN_POINT ( 'NONE',  ( 0.0000000000000000000, 0.0000000000000000000, 0.0000000000000000000 ) ) ;
#3208 = PLANE ( 'NONE',  #2437 ) ;
#3209 =( NAMED_UNIT ( * ) SI_UNIT ( $, .STERADIAN. ) SOLID_ANGLE_UNIT ( ) );
#3210 = DIRECTION ( 'NONE',  ( 1.000000000000000000, 0.0000000000000000000, -0.0000000000000000000 ) ) ;
#3211 = PRODUCT ( 'Free-Models5', 'Free-Models5', '', ( #1871 ) ) ;
#3212 = APPLICATION_PROTOCOL_DEFINITION ( 'draft international standard', 'automotive_design', 1998, #7120 ) ;
#3213 = ORIENTED_EDGE ( 'NONE', *, *, #6899, .T. ) ;
#3214 = SHAPE_DEFINITION_REPRESENTATION ( #4159, #3434 ) ;
#3215 = AXIS2_PLACEMENT_3D ( 'NONE', #3683, #2387, #694 ) ;
#3216 =( NAMED_UNIT ( * ) SI_UNIT ( $, .STERADIAN. ) SOLID_ANGLE_UNIT ( ) );
#3217 = PRODUCT_RELATED_PRODUCT_CATEGORY ( 'part', '', ( #4463 ) ) ;
#3218 = SHAPE_REPRESENTATION ( '352644049', ( #6638, #4878 ), #7377 ) ;
#3219 = PRODUCT_DEFINITION_SHAPE ( 'NONE', 'NONE',  #5004 ) ;
#3220 = DIRECTION ( 'NONE',  ( 1.000000000000000000, 0.0000000000000000000, 0.0000000000000000000 ) ) ;
#3221 = APPLICATION_CONTEXT ( 'automotive_design' ) ;
#3222 = CARTESIAN_POINT ( 'NONE',  ( 19.93817957999999990, -0.3050006599999999790, -0.4872999999999999554 ) ) ;
#3223 = VERTEX_POINT ( 'NONE', #7408 ) ;
#3224 = AXIS2_PLACEMENT_3D ( 'NONE', #5875, #2294, #3399 ) ;
#3225 = PRODUCT_DEFINITION ( 'UNKNOWN', '', #2, #4723 ) ;
#3226 = DIRECTION ( 'NONE',  ( 1.000000000000000000, 0.0000000000000000000, 0.0000000000000000000 ) ) ;
#3227 =( NAMED_UNIT ( * ) PLANE_ANGLE_UNIT ( ) SI_UNIT ( $, .RADIAN. ) );
#3228 = PRODUCT_DEFINITION_SHAPE ( 'NONE', 'NONE',  #7527 ) ;
#3229 = ITEM_DEFINED_TRANSFORMATION ( 'NONE', 'NONE', #3681,  #3075 ) ;
#3230 = CARTESIAN_POINT ( 'NONE',  ( -0.4339412199999999609, 0.8190128399999999642, 0.1627000000000000113 ) ) ;
#3231 = APPLICATION_PROTOCOL_DEFINITION ( 'draft international standard', 'automotive_design', 1998, #7043 ) ;
#3232 = PRESENTATION_STYLE_ASSIGNMENT (( #935 ) ) ;
#3233 = PRODUCT ( '352644049', '352644049', '', ( #2748 ) ) ;
#3234 = DIRECTION ( 'NONE',  ( 1.000000000000000000, 0.0000000000000000000, 0.0000000000000000000 ) ) ;
#3235 = APPLICATION_CONTEXT ( 'automotive_design' ) ;
#3236 = DIRECTION ( 'NONE',  ( 0.0000000000000000000, 0.0000000000000000000, 1.000000000000000000 ) ) ;
#3237 = CONTEXT_DEPENDENT_SHAPE_REPRESENTATION ( #4652, #2875 ) ;
#3238 = CONTEXT_DEPENDENT_SHAPE_REPRESENTATION ( #6517, #5274 ) ;
#3239 = DIRECTION ( 'NONE',  ( 0.0000000000000000000, 0.0000000000000000000, 1.000000000000000000 ) ) ;
#3240 = DIRECTION ( 'NONE',  ( 0.0000000000000000000, 0.0000000000000000000, 1.000000000000000000 ) ) ;
#3241 = CARTESIAN_POINT ( 'NONE',  ( 0.0000000000000000000, 0.0000000000000000000, 0.0000000000000000000 ) ) ;
#3242 = SHAPE_DEFINITION_REPRESENTATION ( #4977, #2512 ) ;
#3243 =( REPRESENTATION_RELATIONSHIP ('NONE','NONE', #4191, #457 ) REPRESENTATION_RELATIONSHIP_WITH_TRANSFORMATION ( #3922 )SHAPE_REPRESENTATION_RELATIONSHIP( ) );
#3244 = PRODUCT_DEFINITION_SHAPE ( 'NONE', 'NONE',  #7604 ) ;
#3245 = DIRECTION ( 'NONE',  ( 1.000000000000000000, 0.0000000000000000000, 0.0000000000000000000 ) ) ;
#3246 = DIRECTION ( 'NONE',  ( -1.000000000000000000, 0.0000000000000000000, -0.0000000000000000000 ) ) ;
#3247 = PRODUCT_DEFINITION_SHAPE ( 'NONE', 'NONE',  #4231 ) ;
#3248 = APPLICATION_PROTOCOL_DEFINITION ( 'draft international standard', 'automotive_design', 1998, #6723 ) ;
#3249 = AXIS2_PLACEMENT_3D ( 'NONE', #7030, #3325, #4507 ) ;
#3250 = AXIS2_PLACEMENT_3D ( 'NONE', #6086, #2425, #646 ) ;
#3251 = APPLICATION_CONTEXT ( 'automotive_design' ) ;
#3252 = DIRECTION ( 'NONE',  ( 1.000000000000000000, 0.0000000000000000000, 0.0000000000000000000 ) ) ;
#3253 =( REPRESENTATION_RELATIONSHIP ('NONE','NONE', #3600, #5226 ) REPRESENTATION_RELATIONSHIP_WITH_TRANSFORMATION ( #3473 )SHAPE_REPRESENTATION_RELATIONSHIP( ) );
#3254 = CONTEXT_DEPENDENT_SHAPE_REPRESENTATION ( #5769, #6311 ) ;
#3255 = DIRECTION ( 'NONE',  ( 0.0000000000000000000, 0.0000000000000000000, 1.000000000000000000 ) ) ;
#3256 = DIRECTION ( 'NONE',  ( -1.000000000000000000, 2.220446049250000002E-16, 1.110223024625000001E-16 ) ) ;
#3257 = ORIENTED_EDGE ( 'NONE', *, *, #1600, .T. ) ;
#3258 = UNCERTAINTY_MEASURE_WITH_UNIT (LENGTH_MEASURE( 1.000000000000000082E-05 ), #4797, 'distance_accuracy_value', 'NONE');
#3259 = DIRECTION ( 'NONE',  ( 0.0000000000000000000, 0.0000000000000000000, 1.000000000000000000 ) ) ;
#3260 = AXIS2_PLACEMENT_3D ( 'NONE', #2346, #2509, #603 ) ;
#3261 = CARTESIAN_POINT ( 'NONE',  ( 0.0000000000000000000, 0.0000000000000000000, 0.0000000000000000000 ) ) ;
#3262 = AXIS2_PLACEMENT_3D ( 'NONE', #2719, #1403, #4479 ) ;
#3263 = PRODUCT_DEFINITION_SHAPE ( 'NONE', 'NONE',  #882 ) ;
#3264 = PRODUCT_DEFINITION_FORMATION_WITH_SPECIFIED_SOURCE ( 'ANY', '', #524, .NOT_KNOWN. ) ;
#3265 = DIRECTION ( 'NONE',  ( -0.0000000000000000000, 0.0000000000000000000, -1.000000000000000000 ) ) ;
#3266 = PRODUCT_RELATED_PRODUCT_CATEGORY ( 'part', '', ( #4510 ) ) ;
#3267 =( GEOMETRIC_REPRESENTATION_CONTEXT ( 3 ) GLOBAL_UNCERTAINTY_ASSIGNED_CONTEXT ( ( #3679 ) ) GLOBAL_UNIT_ASSIGNED_CONTEXT ( ( #232, #3166, #195 ) ) REPRESENTATION_CONTEXT ( 'NONE', 'WORKASPACE' ) );
#3268 = PRODUCT_CONTEXT ( 'NONE', #4664, 'mechanical' ) ;
#3269 = PRODUCT_RELATED_PRODUCT_CATEGORY ( 'part', '', ( #4598 ) ) ;
#3270 = PRODUCT_DEFINITION_FORMATION_WITH_SPECIFIED_SOURCE ( 'ANY', '', #7136, .NOT_KNOWN. ) ;
#3271 = AXIS2_PLACEMENT_3D ( 'NONE', #633, #4219, #4249 ) ;
#3272 = PRODUCT_DEFINITION_SHAPE ( 'NONE', 'NONE',  #6203 ) ;
#3273 = ITEM_DEFINED_TRANSFORMATION ( 'NONE', 'NONE', #1185,  #7107 ) ;
#3274 = SURFACE_STYLE_USAGE ( .BOTH. , #4703 ) ;
#3275 = EDGE_CURVE ( 'NONE', #1521, #3223, #6322, .T. ) ;
#3276 = PRODUCT_DEFINITION_FORMATION_WITH_SPECIFIED_SOURCE ( 'ANY', '', #3849, .NOT_KNOWN. ) ;
#3277 = APPLICATION_CONTEXT ( 'automotive_design' ) ;
#3278 = APPLICATION_PROTOCOL_DEFINITION ( 'draft international standard', 'automotive_design', 1998, #2595 ) ;
#3279 = CARTESIAN_POINT ( 'NONE',  ( 0.0000000000000000000, 0.0000000000000000000, 0.0000000000000000000 ) ) ;
#3280 = PRODUCT ( 'PINTSOP2-55', 'PINTSOP2-55', '', ( #5031 ) ) ;
#3281 = DIRECTION ( 'NONE',  ( 1.000000000000000000, 0.0000000000000000000, 0.0000000000000000000 ) ) ;
#3282 = CARTESIAN_POINT ( 'NONE',  ( 8.736779580000002099, -0.3050006599999999790, -0.4872999999999999554 ) ) ;
#3283 = SHAPE_REPRESENTATION ( 'PINTSOP2-55', ( #3034, #5052, #6942 ), #7176 ) ;
#3284 = CARTESIAN_POINT ( 'NONE',  ( 0.0000000000000000000, 0.0000000000000000000, 0.0000000000000000000 ) ) ;
#3285 = AXIS2_PLACEMENT_3D ( 'NONE', #2817, #7054, #2853 ) ;
#3286 = UNCERTAINTY_MEASURE_WITH_UNIT (LENGTH_MEASURE( 1.000000000000000082E-05 ), #6134, 'distance_accuracy_value', 'NONE');
#3287 = DIRECTION ( 'NONE',  ( 0.0000000000000000000, 0.0000000000000000000, 1.000000000000000000 ) ) ;
#3288 = LINE ( 'NONE', #3875, #7210 ) ;
#3289 =( NAMED_UNIT ( * ) SI_UNIT ( $, .STERADIAN. ) SOLID_ANGLE_UNIT ( ) );
#3290 = CONTEXT_DEPENDENT_SHAPE_REPRESENTATION ( #1063, #5066 ) ;
#3291 = APPLICATION_PROTOCOL_DEFINITION ( 'draft international standard', 'automotive_design', 1998, #3889 ) ;
#3292 =( REPRESENTATION_RELATIONSHIP ('NONE','NONE', #3720, #4989 ) REPRESENTATION_RELATIONSHIP_WITH_TRANSFORMATION ( #1775 )SHAPE_REPRESENTATION_RELATIONSHIP( ) );
#3293 = APPLICATION_PROTOCOL_DEFINITION ( 'draft international standard', 'automotive_design', 1998, #7419 ) ;
#3294 =( NAMED_UNIT ( * ) PLANE_ANGLE_UNIT ( ) SI_UNIT ( $, .RADIAN. ) );
#3295 = AXIS2_PLACEMENT_3D ( 'NONE', #94, #6699, #1290 ) ;
#3296 = PRODUCT_DEFINITION_SHAPE ( 'NONE', 'NONE',  #7509 ) ;
#3297 = PRODUCT_DEFINITION_CONTEXT ( 'detailed design', #895, 'design' ) ;
#3298 =( LENGTH_UNIT ( ) NAMED_UNIT ( * ) SI_UNIT ( .MILLI., .METRE. ) );
#3299 = CARTESIAN_POINT ( 'NONE',  ( 18.87519973999999934, 9.485000080000000722, -0.4872999999999999554 ) ) ;
#3300 = ORIENTED_EDGE ( 'NONE', *, *, #5120, .F. ) ;
#3301 = PRODUCT_CONTEXT ( 'NONE', #2000, 'mechanical' ) ;
#3302 = APPLICATION_CONTEXT ( 'automotive_design' ) ;
#3303 = MECHANICAL_DESIGN_GEOMETRIC_PRESENTATION_REPRESENTATION (  '', ( #902 ), #6199 ) ;
#3304 =( NAMED_UNIT ( * ) SI_UNIT ( $, .STERADIAN. ) SOLID_ANGLE_UNIT ( ) );
#3305 = CARTESIAN_POINT ( 'NONE',  ( 0.0000000000000000000, 0.0000000000000000000, 0.0000000000000000000 ) ) ;
#3306 = ITEM_DEFINED_TRANSFORMATION ( 'NONE', 'NONE', #3552,  #3928 ) ;
#3307 = CARTESIAN_POINT ( 'NONE',  ( -0.2499994999999944623, -0.1850009000000004677, 0.3000000000000000444 ) ) ;
#3308 = AXIS2_PLACEMENT_3D ( 'NONE', #5725, #976, #1060 ) ;
#3309 = SHAPE_REPRESENTATION ( 'Free-Models5', ( #1556, #5957 ), #1813 ) ;
#3310 = SHAPE_DEFINITION_REPRESENTATION ( #1346, #3720 ) ;
#3311 = PRODUCT_DEFINITION_SHAPE ( 'NONE', 'NONE',  #7599 ) ;
#3312 = DIRECTION ( 'NONE',  ( 1.000000000000000000, 0.0000000000000000000, 0.0000000000000000000 ) ) ;
#3313 = APPLICATION_CONTEXT ( 'automotive_design' ) ;
#3314 = DIRECTION ( 'NONE',  ( 1.000000000000000000, 0.0000000000000000000, 0.0000000000000000000 ) ) ;
#3315 = PRODUCT_DEFINITION ( 'UNKNOWN', '', #7402, #554 ) ;
#3316 = PRODUCT_RELATED_PRODUCT_CATEGORY ( 'part', '', ( #1104 ) ) ;
#3317 =( GEOMETRIC_REPRESENTATION_CONTEXT ( 3 ) GLOBAL_UNCERTAINTY_ASSIGNED_CONTEXT ( ( #4550 ) ) GLOBAL_UNIT_ASSIGNED_CONTEXT ( ( #5035, #4991, #7308 ) ) REPRESENTATION_CONTEXT ( 'NONE', 'WORKASPACE' ) );
#3318 = ITEM_DEFINED_TRANSFORMATION ( 'NONE', 'NONE', #2657,  #5543 ) ;
#3319 = ITEM_DEFINED_TRANSFORMATION ( 'NONE', 'NONE', #7223,  #1562 ) ;
#3320 = CARTESIAN_POINT ( 'NONE',  ( 0.0000000000000000000, 0.0000000000000000000, 0.0000000000000000000 ) ) ;
#3321 = DIRECTION ( 'NONE',  ( 1.000000000000000000, 0.0000000000000000000, 0.0000000000000000000 ) ) ;
#3322 = DIRECTION ( 'NONE',  ( 1.000000000000000000, 0.0000000000000000000, 0.0000000000000000000 ) ) ;
#3323 = APPLICATION_CONTEXT ( 'automotive_design' ) ;
#3324 = ADVANCED_FACE ( 'NONE', ( #369 ), #5773, .F. ) ;
#3325 = DIRECTION ( 'NONE',  ( 0.0000000000000000000, 0.0000000000000000000, 1.000000000000000000 ) ) ;
#3326 = DIRECTION ( 'NONE',  ( -0.0000000000000000000, 0.0000000000000000000, 1.000000000000000000 ) ) ;
#3327 = DIRECTION ( 'NONE',  ( 1.000000000000000000, 0.0000000000000000000, 0.0000000000000000000 ) ) ;
#3328 = APPLICATION_PROTOCOL_DEFINITION ( 'draft international standard', 'automotive_design', 1998, #3751 ) ;
#3329 = PRODUCT_CONTEXT ( 'NONE', #7419, 'mechanical' ) ;
#3330 = SHAPE_REPRESENTATION ( 'Free-Models5', ( #7306, #1389 ), #772 ) ;
#3331 = FILL_AREA_STYLE_COLOUR ( '', #185 ) ;
#3332 = ADVANCED_FACE ( 'NONE', ( #2116 ), #7455, .T. ) ;
#3333 = DIRECTION ( 'NONE',  ( 0.0000000000000000000, 0.0000000000000000000, 1.000000000000000000 ) ) ;
#3334 =( NAMED_UNIT ( * ) PLANE_ANGLE_UNIT ( ) SI_UNIT ( $, .RADIAN. ) );
#3335 = CARTESIAN_POINT ( 'NONE',  ( -0.3650005400000003175, -0.2449982400000000338, -0.2872993999999996495 ) ) ;
#3336 =( REPRESENTATION_RELATIONSHIP ('NONE','NONE', #6600, #5226 ) REPRESENTATION_RELATIONSHIP_WITH_TRANSFORMATION ( #25 )SHAPE_REPRESENTATION_RELATIONSHIP( ) );
#3337 =( GEOMETRIC_REPRESENTATION_CONTEXT ( 3 ) GLOBAL_UNCERTAINTY_ASSIGNED_CONTEXT ( ( #2334 ) ) GLOBAL_UNIT_ASSIGNED_CONTEXT ( ( #7044, #2809, #5267 ) ) REPRESENTATION_CONTEXT ( 'NONE', 'WORKASPACE' ) );
#3338 = DIRECTION ( 'NONE',  ( 1.000000000000000000, 0.0000000000000000000, 0.0000000000000000000 ) ) ;
#3339 = ORIENTED_EDGE ( 'NONE', *, *, #719, .F. ) ;
#3340 = CONTEXT_DEPENDENT_SHAPE_REPRESENTATION ( #2548, #329 ) ;
#3341 = PRODUCT ( 'Extruded2', 'Extruded2', '', ( #4016 ) ) ;
#3342 = CARTESIAN_POINT ( 'NONE',  ( 0.0000000000000000000, 1.084202172485504434E-16, -0.4038599999999998302 ) ) ;
#3343 = DIRECTION ( 'NONE',  ( 0.0000000000000000000, 0.0000000000000000000, 1.000000000000000000 ) ) ;
#3344 = DIRECTION ( 'NONE',  ( 1.000000000000000000, 0.0000000000000000000, 0.0000000000000000000 ) ) ;
#3345 =( NAMED_UNIT ( * ) PLANE_ANGLE_UNIT ( ) SI_UNIT ( $, .RADIAN. ) );
#3346 = DIRECTION ( 'NONE',  ( -0.9999999999952389196, 3.085800688791737490E-06, -0.0000000000000000000 ) ) ;
#3347 = AXIS2_PLACEMENT_3D ( 'NONE', #1342, #6181, #1545 ) ;
#3348 = DIRECTION ( 'NONE',  ( 1.000000000000000000, 0.0000000000000000000, 0.0000000000000000000 ) ) ;
#3349 = PRODUCT_DEFINITION_SHAPE ( 'NONE', 'NONE',  #5350 ) ;
#3350 =( REPRESENTATION_RELATIONSHIP ('NONE','NONE', #3958, #5226 ) REPRESENTATION_RELATIONSHIP_WITH_TRANSFORMATION ( #3819 )SHAPE_REPRESENTATION_RELATIONSHIP( ) );
#3351 = APPLICATION_PROTOCOL_DEFINITION ( 'draft international standard', 'automotive_design', 1998, #7 ) ;
#3352 = FACE_OUTER_BOUND ( 'NONE', #6018, .T. ) ;
#3353 = PRODUCT_DEFINITION_SHAPE ( 'NONE', 'NONE',  #7664 ) ;
#3354 =( LENGTH_UNIT ( ) NAMED_UNIT ( * ) SI_UNIT ( .MILLI., .METRE. ) );
#3355 =( NAMED_UNIT ( * ) SI_UNIT ( $, .STERADIAN. ) SOLID_ANGLE_UNIT ( ) );
#3356 = SHAPE_REPRESENTATION ( 'PINTSOP2-55', ( #4821, #2579, #1271 ), #1419 ) ;
#3357 = PRODUCT_RELATED_PRODUCT_CATEGORY ( 'part', '', ( #2972 ) ) ;
#3358 = VERTEX_POINT ( 'NONE', #3907 ) ;
#3359 = SHAPE_DEFINITION_REPRESENTATION ( #4672, #6270 ) ;
#3360 = PRODUCT_DEFINITION_CONTEXT ( 'detailed design', #1772, 'design' ) ;
#3361 = DIRECTION ( 'NONE',  ( 0.0000000000000000000, 0.0000000000000000000, -1.000000000000000000 ) ) ;
#3362 = PRODUCT_DEFINITION ( 'UNKNOWN', '', #5419, #5306 ) ;
#3363 = AXIS2_PLACEMENT_3D ( 'NONE', #1770, #3574, #3000 ) ;
#3364 = PRODUCT_DEFINITION ( 'UNKNOWN', '', #5151, #392 ) ;
#3365 = PRODUCT_CONTEXT ( 'NONE', #1222, 'mechanical' ) ;
#3366 = APPLICATION_PROTOCOL_DEFINITION ( 'draft international standard', 'automotive_design', 1998, #2840 ) ;
#3367 = APPLICATION_CONTEXT ( 'automotive_design' ) ;
#3368 = DIRECTION ( 'NONE',  ( 1.000000000000000000, 0.0000000000000000000, 0.0000000000000000000 ) ) ;
#3369 = CONTEXT_DEPENDENT_SHAPE_REPRESENTATION ( #3056, #1337 ) ;
#3370 = DIRECTION ( 'NONE',  ( 0.0000000000000000000, 0.0000000000000000000, 1.000000000000000000 ) ) ;
#3371 = PRODUCT_DEFINITION_SHAPE ( 'NONE', 'NONE',  #7620 ) ;
#3372 = DIRECTION ( 'NONE',  ( 1.000000000000000000, 0.0000000000000000000, 0.0000000000000000000 ) ) ;
#3373 = EDGE_CURVE ( 'NONE', #5713, #1357, #2050, .T. ) ;
#3374 = ORIENTED_EDGE ( 'NONE', *, *, #7182, .F. ) ;
#3375 = SHAPE_REPRESENTATION ( 'PINTSOP2-55', ( #4271, #5268, #3990 ), #3022 ) ;
#3376 =( GEOMETRIC_REPRESENTATION_CONTEXT ( 3 ) GLOBAL_UNCERTAINTY_ASSIGNED_CONTEXT ( ( #1604 ) ) GLOBAL_UNIT_ASSIGNED_CONTEXT ( ( #6845, #4984, #3209 ) ) REPRESENTATION_CONTEXT ( 'NONE', 'WORKASPACE' ) );
#3377 = APPLICATION_PROTOCOL_DEFINITION ( 'draft international standard', 'automotive_design', 1998, #6009 ) ;
#3378 = UNCERTAINTY_MEASURE_WITH_UNIT (LENGTH_MEASURE( 1.000000000000000082E-05 ), #1379, 'distance_accuracy_value', 'NONE');
#3379 = PRODUCT_DEFINITION_SHAPE ( 'NONE', 'NONE',  #7719 ) ;
#3380 = ITEM_DEFINED_TRANSFORMATION ( 'NONE', 'NONE', #1658,  #6514 ) ;
#3381 = PRODUCT_DEFINITION_CONTEXT ( 'detailed design', #4628, 'design' ) ;
#3382 = CONTEXT_DEPENDENT_SHAPE_REPRESENTATION ( #1324, #2571 ) ;
#3383 =( REPRESENTATION_RELATIONSHIP ('NONE','NONE', #4137, #4363 ) REPRESENTATION_RELATIONSHIP_WITH_TRANSFORMATION ( #6194 )SHAPE_REPRESENTATION_RELATIONSHIP( ) );
#3384 = PLANE ( 'NONE',  #914 ) ;
#3385 = DIRECTION ( 'NONE',  ( 1.000000000000000000, -1.110223024625000001E-16, 1.110223024625000001E-16 ) ) ;
#3386 = PRODUCT_CONTEXT ( 'NONE', #5367, 'mechanical' ) ;
#3387 =( NAMED_UNIT ( * ) PLANE_ANGLE_UNIT ( ) SI_UNIT ( $, .RADIAN. ) );
#3388 =( LENGTH_UNIT ( ) NAMED_UNIT ( * ) SI_UNIT ( .MILLI., .METRE. ) );
#3389 =( GEOMETRIC_REPRESENTATION_CONTEXT ( 3 ) GLOBAL_UNCERTAINTY_ASSIGNED_CONTEXT ( ( #5152 ) ) GLOBAL_UNIT_ASSIGNED_CONTEXT ( ( #1167, #4214, #581 ) ) REPRESENTATION_CONTEXT ( 'NONE', 'WORKASPACE' ) );
#3390 = PRODUCT_DEFINITION_FORMATION_WITH_SPECIFIED_SOURCE ( 'ANY', '', #4861, .NOT_KNOWN. ) ;
#3391 = ITEM_DEFINED_TRANSFORMATION ( 'NONE', 'NONE', #2384,  #1948 ) ;
#3392 = PRODUCT_DEFINITION_CONTEXT ( 'detailed design', #3044, 'design' ) ;
#3393 =( REPRESENTATION_RELATIONSHIP ('NONE','NONE', #2932, #6139 ) REPRESENTATION_RELATIONSHIP_WITH_TRANSFORMATION ( #3431 )SHAPE_REPRESENTATION_RELATIONSHIP( ) );
#3394 = LINE ( 'NONE', #1237, #196 ) ;
#3395 = PRODUCT_DEFINITION_FORMATION_WITH_SPECIFIED_SOURCE ( 'ANY', '', #7328, .NOT_KNOWN. ) ;
#3396 = ORIENTED_EDGE ( 'NONE', *, *, #5254, .T. ) ;
#3397 = CARTESIAN_POINT ( 'NONE',  ( 0.0000000000000000000, 0.0000000000000000000, -4.336808689942017736E-16 ) ) ;
#3398 = SHAPE_DEFINITION_REPRESENTATION ( #5366, #3400 ) ;
#3399 = DIRECTION ( 'NONE',  ( 1.000000000000000000, 0.0000000000000000000, 0.0000000000000000000 ) ) ;
#3400 = SHAPE_REPRESENTATION ( '352638289', ( #201, #2081 ), #1177 ) ;
#3401 = CONTEXT_DEPENDENT_SHAPE_REPRESENTATION ( #5021, #4599 ) ;
#3402 = PRODUCT_DEFINITION_FORMATION_WITH_SPECIFIED_SOURCE ( 'ANY', '', #5610, .NOT_KNOWN. ) ;
#3403 = CARTESIAN_POINT ( 'NONE',  ( -11.10999810000000032, 5.080000000000000071, 0.0000000000000000000 ) ) ;
#3404 = APPLICATION_CONTEXT ( 'automotive_design' ) ;
#3405 = AXIS2_PLACEMENT_3D ( 'NONE', #6966, #1509, #5081 ) ;
#3406 = PRODUCT_DEFINITION_SHAPE ( 'NONE', 'NONE',  #7498 ) ;
#3407 = APPLICATION_PROTOCOL_DEFINITION ( 'draft international standard', 'automotive_design', 1998, #1222 ) ;
#3408 = PRODUCT_DEFINITION_SHAPE ( 'NONE', 'NONE',  #7556 ) ;
#3409 = SHAPE_DEFINITION_REPRESENTATION ( #6943, #4462 ) ;
#3410 = DIRECTION ( 'NONE',  ( 1.000000000000000000, 0.0000000000000000000, 0.0000000000000000000 ) ) ;
#3411 = CARTESIAN_POINT ( 'NONE',  ( 0.0000000000000000000, 0.0000000000000000000, -0.4038600000000006629 ) ) ;
#3412 = SURFACE_STYLE_USAGE ( .BOTH. , #313 ) ;
#3413 = PRODUCT_DEFINITION_SHAPE ( 'NONE', 'NONE',  #2260 ) ;
#3414 = AXIS2_PLACEMENT_3D ( 'NONE', #854, #2100, #4534 ) ;
#3415 = PRODUCT_RELATED_PRODUCT_CATEGORY ( 'part', '', ( #847 ) ) ;
#3416 = PRODUCT_DEFINITION_SHAPE ( 'NONE', 'NONE',  #6152 ) ;
#3417 = CONTEXT_DEPENDENT_SHAPE_REPRESENTATION ( #6570, #3965 ) ;
#3418 = SHAPE_REPRESENTATION ( '352644049', ( #1133, #4825 ), #3073 ) ;
#3419 =( NAMED_UNIT ( * ) PLANE_ANGLE_UNIT ( ) SI_UNIT ( $, .RADIAN. ) );
#3420 = APPLICATION_CONTEXT ( 'automotive_design' ) ;
#3421 = PRESENTATION_LAYER_ASSIGNMENT (  '', '', ( #4938 ) ) ;
#3422 = ORIENTED_EDGE ( 'NONE', *, *, #4483, .T. ) ;
#3423 = PRODUCT_DEFINITION_SHAPE ( 'NONE', 'NONE',  #7661 ) ;
#3424 = PRODUCT_CONTEXT ( 'NONE', #2816, 'mechanical' ) ;
#3425 = UNCERTAINTY_MEASURE_WITH_UNIT (LENGTH_MEASURE( 1.000000000000000082E-05 ), #4629, 'distance_accuracy_value', 'NONE');
#3426 = CONTEXT_DEPENDENT_SHAPE_REPRESENTATION ( #672, #648 ) ;
#3427 = CARTESIAN_POINT ( 'NONE',  ( 0.0000000000000000000, 0.0000000000000000000, 0.0000000000000000000 ) ) ;
#3428 = DIRECTION ( 'NONE',  ( 1.000000000000000000, 0.0000000000000000000, 0.0000000000000000000 ) ) ;
#3429 = PRODUCT_DEFINITION ( 'UNKNOWN', '', #6032, #4795 ) ;
#3430 = AXIS2_PLACEMENT_3D ( 'NONE', #6747, #1991, #142 ) ;
#3431 = ITEM_DEFINED_TRANSFORMATION ( 'NONE', 'NONE', #2776,  #7394 ) ;
#3432 =( LENGTH_UNIT ( ) NAMED_UNIT ( * ) SI_UNIT ( .MILLI., .METRE. ) );
#3433 = PRODUCT_DEFINITION_SHAPE ( 'NONE', 'NONE',  #7585 ) ;
#3434 = SHAPE_REPRESENTATION ( '352644049', ( #6263, #2760 ), #2502 ) ;
#3435 = DIRECTION ( 'NONE',  ( -1.000000000000000000, 2.220446049250000002E-16, 1.110223024625000001E-16 ) ) ;
#3436 = APPLICATION_PROTOCOL_DEFINITION ( 'draft international standard', 'automotive_design', 1998, #4729 ) ;
#3437 = COLOUR_RGB ( '',0.0000000000000000000, 0.0000000000000000000, 0.0000000000000000000 ) ;
#3438 = ITEM_DEFINED_TRANSFORMATION ( 'NONE', 'NONE', #4593,  #680 ) ;
#3439 = DIRECTION ( 'NONE',  ( 0.0000000000000000000, 0.0000000000000000000, 1.000000000000000000 ) ) ;
#3440 = LINE ( 'NONE', #449, #6319 ) ;
#3441 = APPLICATION_PROTOCOL_DEFINITION ( 'draft international standard', 'automotive_design', 1998, #563 ) ;
#3442 = AXIS2_PLACEMENT_3D ( 'NONE', #520, #3968, #5214 ) ;
#3443 =( NAMED_UNIT ( * ) PLANE_ANGLE_UNIT ( ) SI_UNIT ( $, .RADIAN. ) );
#3444 =( GEOMETRIC_REPRESENTATION_CONTEXT ( 3 ) GLOBAL_UNCERTAINTY_ASSIGNED_CONTEXT ( ( #4083 ) ) GLOBAL_UNIT_ASSIGNED_CONTEXT ( ( #1340, #299, #4379 ) ) REPRESENTATION_CONTEXT ( 'NONE', 'WORKASPACE' ) );
#3445 = PRODUCT ( '352644049', '352644049', '', ( #4445 ) ) ;
#3446 = AXIS2_PLACEMENT_3D ( 'NONE', #1392, #6129, #3840 ) ;
#3447 = PRODUCT_DEFINITION_SHAPE ( 'NONE', 'NONE',  #7734 ) ;
#3448 = APPLICATION_PROTOCOL_DEFINITION ( 'draft international standard', 'automotive_design', 1998, #683 ) ;
#3449 = APPLICATION_PROTOCOL_DEFINITION ( 'draft international standard', 'automotive_design', 1998, #1233 ) ;
#3450 = CARTESIAN_POINT ( 'NONE',  ( 0.0000000000000000000, 0.0000000000000000000, 0.0000000000000000000 ) ) ;
#3451 =( LENGTH_UNIT ( ) NAMED_UNIT ( * ) SI_UNIT ( .MILLI., .METRE. ) );
#3452 = APPLICATION_CONTEXT ( 'automotive_design' ) ;
#3453 = ITEM_DEFINED_TRANSFORMATION ( 'NONE', 'NONE', #6543,  #1948 ) ;
#3454 = DIRECTION ( 'NONE',  ( 0.0000000000000000000, 0.0000000000000000000, 1.000000000000000000 ) ) ;
#3455 =( REPRESENTATION_RELATIONSHIP ('NONE','NONE', #4228, #5226 ) REPRESENTATION_RELATIONSHIP_WITH_TRANSFORMATION ( #497 )SHAPE_REPRESENTATION_RELATIONSHIP( ) );
#3456 = CARTESIAN_POINT ( 'NONE',  ( 0.0000000000000000000, 0.001000760000000000278, 0.0000000000000000000 ) ) ;
#3457 = DIRECTION ( 'NONE',  ( 0.0000000000000000000, 0.0000000000000000000, 1.000000000000000000 ) ) ;
#3458 = CARTESIAN_POINT ( 'NONE',  ( 0.0000000000000000000, 0.0000000000000000000, 0.0000000000000000000 ) ) ;
#3459 = ORIENTED_EDGE ( 'NONE', *, *, #5798, .F. ) ;
#3460 = APPLICATION_PROTOCOL_DEFINITION ( 'draft international standard', 'automotive_design', 1998, #5129 ) ;
#3461 = PRODUCT_DEFINITION_SHAPE ( 'NONE', 'NONE',  #7645 ) ;
#3462 = PRODUCT_DEFINITION ( 'UNKNOWN', '', #267, #1906 ) ;
#3463 = UNCERTAINTY_MEASURE_WITH_UNIT (LENGTH_MEASURE( 1.000000000000000082E-05 ), #4918, 'distance_accuracy_value', 'NONE');
#3464 =( NAMED_UNIT ( * ) PLANE_ANGLE_UNIT ( ) SI_UNIT ( $, .RADIAN. ) );
#3465 = DIRECTION ( 'NONE',  ( 0.0000000000000000000, 0.0000000000000000000, 1.000000000000000000 ) ) ;
#3466 = APPLICATION_CONTEXT ( 'automotive_design' ) ;
#3467 = CARTESIAN_POINT ( 'NONE',  ( 8.473899740000000236, 9.485000080000000722, -0.4872999999999999554 ) ) ;
#3468 = PRODUCT_RELATED_PRODUCT_CATEGORY ( 'part', '', ( #598 ) ) ;
#3469 = DIRECTION ( 'NONE',  ( 0.0000000000000000000, 0.0000000000000000000, 1.000000000000000000 ) ) ;
#3470 = SHAPE_REPRESENTATION ( '352644049', ( #477, #6543 ), #3740 ) ;
#3471 = CONTEXT_DEPENDENT_SHAPE_REPRESENTATION ( #3140, #6506 ) ;
#3472 = PRODUCT ( 'Extruded3', 'Extruded3', '', ( #1587 ) ) ;
#3473 = ITEM_DEFINED_TRANSFORMATION ( 'NONE', 'NONE', #7338,  #1948 ) ;
#3474 =( NAMED_UNIT ( * ) PLANE_ANGLE_UNIT ( ) SI_UNIT ( $, .RADIAN. ) );
#3475 = DIRECTION ( 'NONE',  ( 1.000000000000000000, 0.0000000000000000000, 0.0000000000000000000 ) ) ;
#3476 = ITEM_DEFINED_TRANSFORMATION ( 'NONE', 'NONE', #3215,  #1948 ) ;
#3477 = PRODUCT_DEFINITION_CONTEXT ( 'detailed design', #466, 'design' ) ;
#3478 = SURFACE_STYLE_FILL_AREA ( #4198 ) ;
#3479 = APPLICATION_PROTOCOL_DEFINITION ( 'draft international standard', 'automotive_design', 1998, #5421 ) ;
#3480 = DIRECTION ( 'NONE',  ( 1.000000000000000000, 0.0000000000000000000, 0.0000000000000000000 ) ) ;
#3481 = CARTESIAN_POINT ( 'NONE',  ( -0.3650005399999999844, -0.2449982400000000338, -0.2872993999999996495 ) ) ;
#3482 =( REPRESENTATION_RELATIONSHIP ('NONE','NONE', #4137, #664 ) REPRESENTATION_RELATIONSHIP_WITH_TRANSFORMATION ( #3636 )SHAPE_REPRESENTATION_RELATIONSHIP( ) );
#3483 = PRODUCT_DEFINITION_SHAPE ( 'NONE', 'NONE',  #7560 ) ;
#3484 = DIRECTION ( 'NONE',  ( 0.0000000000000000000, 0.0000000000000000000, 1.000000000000000000 ) ) ;
#3485 = ITEM_DEFINED_TRANSFORMATION ( 'NONE', 'NONE', #6769,  #1948 ) ;
#3486 =( LENGTH_UNIT ( ) NAMED_UNIT ( * ) SI_UNIT ( .MILLI., .METRE. ) );
#3487 = PRODUCT_DEFINITION_SHAPE ( 'NONE', 'NONE',  #4860 ) ;
#3488 =( LENGTH_UNIT ( ) NAMED_UNIT ( * ) SI_UNIT ( .MILLI., .METRE. ) );
#3489 = ORIENTED_EDGE ( 'NONE', *, *, #777, .T. ) ;
#3490 = SHAPE_REPRESENTATION ( 'Board7', ( #1948 ), #6858 ) ;
#3491 = APPLICATION_PROTOCOL_DEFINITION ( 'draft international standard', 'automotive_design', 1998, #5218 ) ;
#3492 = UNCERTAINTY_MEASURE_WITH_UNIT (LENGTH_MEASURE( 1.000000000000000082E-05 ), #4958, 'distance_accuracy_value', 'NONE');
#3493 = APPLICATION_CONTEXT ( 'automotive_design' ) ;
#3494 = CARTESIAN_POINT ( 'NONE',  ( -11.10999810000000032, -5.080000000000000071, 0.0000000000000000000 ) ) ;
#3495 =( REPRESENTATION_RELATIONSHIP ('NONE','NONE', #5299, #5226 ) REPRESENTATION_RELATIONSHIP_WITH_TRANSFORMATION ( #5860 )SHAPE_REPRESENTATION_RELATIONSHIP( ) );
#3496 = CARTESIAN_POINT ( 'NONE',  ( 0.0000000000000000000, 0.0000000000000000000, 0.0000000000000000000 ) ) ;
#3497 = AXIS2_PLACEMENT_3D ( 'NONE', #2308, #2348, #7112 ) ;
#3498 = DIRECTION ( 'NONE',  ( -2.220446049250000002E-16, -1.000000000000000000, 0.0000000000000000000 ) ) ;
#3499 = PRODUCT_DEFINITION_SHAPE ( 'NONE', 'NONE',  #7627 ) ;
#3500 =( GEOMETRIC_REPRESENTATION_CONTEXT ( 3 ) GLOBAL_UNCERTAINTY_ASSIGNED_CONTEXT ( ( #2403 ) ) GLOBAL_UNIT_ASSIGNED_CONTEXT ( ( #6620, #5445, #3153 ) ) REPRESENTATION_CONTEXT ( 'NONE', 'WORKASPACE' ) );
#3501 = DIRECTION ( 'NONE',  ( 1.000000000000000000, 0.0000000000000000000, 0.0000000000000000000 ) ) ;
#3502 = PRODUCT_DEFINITION ( 'UNKNOWN', '', #3402, #2049 ) ;
#3503 = CONTEXT_DEPENDENT_SHAPE_REPRESENTATION ( #4012, #2814 ) ;
#3504 = PRODUCT_DEFINITION ( 'UNKNOWN', '', #513, #7163 ) ;
#3505 = CARTESIAN_POINT ( 'NONE',  ( 0.0000000000000000000, 0.001000760000000000278, 0.4165599999999999858 ) ) ;
#3506 = ITEM_DEFINED_TRANSFORMATION ( 'NONE', 'NONE', #7188,  #6330 ) ;
#3507 = APPLICATION_CONTEXT ( 'automotive_design' ) ;
#3508 = ADVANCED_FACE ( 'NONE', ( #6173 ), #4508, .F. ) ;
#3509 = CARTESIAN_POINT ( 'NONE',  ( 0.0000000000000000000, 0.0000000000000000000, 0.0000000000000000000 ) ) ;
#3510 = SURFACE_STYLE_FILL_AREA ( #4778 ) ;
#3511 = PRODUCT_DEFINITION_FORMATION_WITH_SPECIFIED_SOURCE ( 'ANY', '', #4099, .NOT_KNOWN. ) ;
#3512 = CARTESIAN_POINT ( 'NONE',  ( 0.0000000000000000000, 0.0000000000000000000, 0.0000000000000000000 ) ) ;
#3513 = CARTESIAN_POINT ( 'NONE',  ( 0.0000000000000000000, 0.0000000000000000000, -4.336808689942017736E-16 ) ) ;
#3514 = APPLICATION_PROTOCOL_DEFINITION ( 'draft international standard', 'automotive_design', 1998, #5823 ) ;
#3515 = DIRECTION ( 'NONE',  ( 1.000000000000000000, 0.0000000000000000000, 0.0000000000000000000 ) ) ;
#3516 = PRODUCT ( '352644049', '352644049', '', ( #6807 ) ) ;
#3517 = SHAPE_DEFINITION_REPRESENTATION ( #2313, #950 ) ;
#3518 = PRODUCT_DEFINITION_FORMATION_WITH_SPECIFIED_SOURCE ( 'ANY', '', #4376, .NOT_KNOWN. ) ;
#3519 = AXIS2_PLACEMENT_3D ( 'NONE', #5946, #7213, #4809 ) ;
#3520 = CARTESIAN_POINT ( 'NONE',  ( 0.001000760000000000278, 0.0000000000000000000, 0.0000000000000000000 ) ) ;
#3521 = PRODUCT_DEFINITION_SHAPE ( 'NONE', 'NONE',  #7657 ) ;
#3522 = PRODUCT_DEFINITION_FORMATION_WITH_SPECIFIED_SOURCE ( 'ANY', '', #585, .NOT_KNOWN. ) ;
#3523 = CARTESIAN_POINT ( 'NONE',  ( 0.0000000000000000000, 0.0000000000000000000, 0.0000000000000000000 ) ) ;
#3524 = VERTEX_POINT ( 'NONE', #1550 ) ;
#3525 = APPLICATION_CONTEXT ( 'automotive_design' ) ;
#3526 = APPLICATION_PROTOCOL_DEFINITION ( 'draft international standard', 'automotive_design', 1998, #5469 ) ;
#3527 = AXIS2_PLACEMENT_3D ( 'NONE', #4516, #5138, #3846 ) ;
#3528 = PRODUCT_DEFINITION_CONTEXT ( 'detailed design', #4064, 'design' ) ;
#3529 = DIRECTION ( 'NONE',  ( 1.000000000000000000, 0.0000000000000000000, 0.0000000000000000000 ) ) ;
#3530 = PRODUCT_DEFINITION_CONTEXT ( 'detailed design', #2887, 'design' ) ;
#3531 = DIRECTION ( 'NONE',  ( 0.0000000000000000000, 0.0000000000000000000, 1.000000000000000000 ) ) ;
#3532 = VERTEX_POINT ( 'NONE', #3569 ) ;
#3533 = CONTEXT_DEPENDENT_SHAPE_REPRESENTATION ( #4456, #3499 ) ;
#3534 = DIRECTION ( 'NONE',  ( 1.000000000000000000, 0.0000000000000000000, 0.0000000000000000000 ) ) ;
#3535 = PRODUCT ( 'Open CASCADE STEP translator 6.2 2.3', 'Open CASCADE STEP translator 6.2 2.3', '', ( #1437 ) ) ;
#3536 = DIRECTION ( 'NONE',  ( 1.110223024625000001E-16, 1.000000000000000000, 0.0000000000000000000 ) ) ;
#3537 = PRODUCT_DEFINITION_SHAPE ( 'NONE', 'NONE',  #3747 ) ;
#3538 = DIRECTION ( 'NONE',  ( 1.000000000000000000, 0.0000000000000000000, 0.0000000000000000000 ) ) ;
#3539 =( REPRESENTATION_RELATIONSHIP ('NONE','NONE', #5497, #6270 ) REPRESENTATION_RELATIONSHIP_WITH_TRANSFORMATION ( #6909 )SHAPE_REPRESENTATION_RELATIONSHIP( ) );
#3540 = PRODUCT_DEFINITION_CONTEXT ( 'detailed design', #4586, 'design' ) ;
#3541 = AXIS2_PLACEMENT_3D ( 'NONE', #7159, #2402, #1767 ) ;
#3542 = DIRECTION ( 'NONE',  ( 1.000000000000000000, 0.0000000000000000000, 0.0000000000000000000 ) ) ;
#3543 = ITEM_DEFINED_TRANSFORMATION ( 'NONE', 'NONE', #6051,  #1948 ) ;
#3544 = PRODUCT_DEFINITION_CONTEXT ( 'detailed design', #79, 'design' ) ;
#3545 = CONTEXT_DEPENDENT_SHAPE_REPRESENTATION ( #7266, #5959 ) ;
#3546 = DIRECTION ( 'NONE',  ( 0.0000000000000000000, 0.0000000000000000000, 1.000000000000000000 ) ) ;
#3547 = VECTOR ( 'NONE', #678, 1000.000000000000227 ) ;
#3548 = DIRECTION ( 'NONE',  ( -0.0000000000000000000, -1.000000000000000000, 0.0000000000000000000 ) ) ;
#3549 = CONTEXT_DEPENDENT_SHAPE_REPRESENTATION ( #6103, #391 ) ;
#3550 = PRODUCT_DEFINITION ( 'UNKNOWN', '', #1371, #7015 ) ;
#3551 = APPLICATION_CONTEXT ( 'automotive_design' ) ;
#3552 = AXIS2_PLACEMENT_3D ( 'NONE', #1730, #6533, #3542 ) ;
#3553 = CARTESIAN_POINT ( 'NONE',  ( 0.0000000000000000000, 0.0000000000000000000, 0.0000000000000000000 ) ) ;
#3554 = SHAPE_REPRESENTATION ( 'Free-Models5', ( #4745, #5637 ), #6764 ) ;
#3555 = APPLICATION_PROTOCOL_DEFINITION ( 'draft international standard', 'automotive_design', 1998, #1963 ) ;
#3556 = PRODUCT_DEFINITION ( 'UNKNOWN', '', #2142, #6589 ) ;
#3557 = APPLICATION_CONTEXT ( 'automotive_design' ) ;
#3558 = VECTOR ( 'NONE', #1836, 1000.000000000000000 ) ;
#3559 = CONTEXT_DEPENDENT_SHAPE_REPRESENTATION ( #634, #1852 ) ;
#3560 = PLANE ( 'NONE',  #5940 ) ;
#3561 = DIRECTION ( 'NONE',  ( -0.0000000000000000000, 0.0000000000000000000, 1.000000000000000000 ) ) ;
#3562 = ITEM_DEFINED_TRANSFORMATION ( 'NONE', 'NONE', #288,  #5304 ) ;
#3563 =( NAMED_UNIT ( * ) SI_UNIT ( $, .STERADIAN. ) SOLID_ANGLE_UNIT ( ) );
#3564 = APPLICATION_PROTOCOL_DEFINITION ( 'draft international standard', 'automotive_design', 1998, #7106 ) ;
#3565 = EDGE_CURVE ( 'NONE', #285, #4604, #6392, .T. ) ;
#3566 = UNCERTAINTY_MEASURE_WITH_UNIT (LENGTH_MEASURE( 1.000000000000000082E-05 ), #5057, 'distance_accuracy_value', 'NONE');
#3567 = PRODUCT_DEFINITION_SHAPE ( 'NONE', 'NONE',  #7693 ) ;
#3568 = ITEM_DEFINED_TRANSFORMATION ( 'NONE', 'NONE', #4685,  #1353 ) ;
#3569 = CARTESIAN_POINT ( 'NONE',  ( 0.0000000000000000000, 0.001000760000000000278, 0.4165599999999999858 ) ) ;
#3570 =( LENGTH_UNIT ( ) NAMED_UNIT ( * ) SI_UNIT ( .MILLI., .METRE. ) );
#3571 = AXIS2_PLACEMENT_3D ( 'NONE', #6114, #1091, #1058 ) ;
#3572 = DIRECTION ( 'NONE',  ( 1.110223024625000001E-16, 1.000000000000000000, 0.0000000000000000000 ) ) ;
#3573 = DIRECTION ( 'NONE',  ( 1.000000000000000000, 0.0000000000000000000, 0.0000000000000000000 ) ) ;
#3574 = DIRECTION ( 'NONE',  ( 0.0000000000000000000, 0.0000000000000000000, 1.000000000000000000 ) ) ;
#3575 = SHAPE_REPRESENTATION ( '352644049', ( #363, #1 ), #5029 ) ;
#3576 =( NAMED_UNIT ( * ) SI_UNIT ( $, .STERADIAN. ) SOLID_ANGLE_UNIT ( ) );
#3577 = CARTESIAN_POINT ( 'NONE',  ( 0.0000000000000000000, 0.0000000000000000000, 0.0000000000000000000 ) ) ;
#3578 = ITEM_DEFINED_TRANSFORMATION ( 'NONE', 'NONE', #2250,  #2516 ) ;
#3579 = CARTESIAN_POINT ( 'NONE',  ( -0.6199987599999999821, -0.1850008999999999959, 0.0000000000000000000 ) ) ;
#3580 = DIRECTION ( 'NONE',  ( 0.0000000000000000000, 0.0000000000000000000, 1.000000000000000000 ) ) ;
#3581 = PRODUCT ( 'PINTSOP2-55', 'PINTSOP2-55', '', ( #2087 ) ) ;
#3582 =( REPRESENTATION_RELATIONSHIP ('NONE','NONE', #359, #1208 ) REPRESENTATION_RELATIONSHIP_WITH_TRANSFORMATION ( #1269 )SHAPE_REPRESENTATION_RELATIONSHIP( ) );
#3583 = SHAPE_DEFINITION_REPRESENTATION ( #5055, #664 ) ;
#3584 = ORIENTED_EDGE ( 'NONE', *, *, #6367, .T. ) ;
#3585 =( LENGTH_UNIT ( ) NAMED_UNIT ( * ) SI_UNIT ( .MILLI., .METRE. ) );
#3586 =( LENGTH_UNIT ( ) NAMED_UNIT ( * ) SI_UNIT ( .MILLI., .METRE. ) );
#3587 = CARTESIAN_POINT ( 'NONE',  ( 0.0000000000000000000, 0.0000000000000000000, 0.0000000000000000000 ) ) ;
#3588 = PRODUCT ( '352417473', '352417473', '', ( #6475 ) ) ;
#3589 = APPLICATION_CONTEXT ( 'automotive_design' ) ;
#3590 =( REPRESENTATION_RELATIONSHIP ('NONE','NONE', #5044, #5226 ) REPRESENTATION_RELATIONSHIP_WITH_TRANSFORMATION ( #3485 )SHAPE_REPRESENTATION_RELATIONSHIP( ) );
#3591 = APPLICATION_PROTOCOL_DEFINITION ( 'draft international standard', 'automotive_design', 1998, #2762 ) ;
#3592 = DIRECTION ( 'NONE',  ( 0.0000000000000000000, 0.0000000000000000000, 1.000000000000000000 ) ) ;
#3593 = PRODUCT ( 'PINTSOP2-55', 'PINTSOP2-55', '', ( #2052 ) ) ;
#3594 = UNCERTAINTY_MEASURE_WITH_UNIT (LENGTH_MEASURE( 1.000000000000000082E-05 ), #1640, 'distance_accuracy_value', 'NONE');
#3595 = DIRECTION ( 'NONE',  ( 0.0000000000000000000, 0.0000000000000000000, 1.000000000000000000 ) ) ;
#3596 = PRODUCT_RELATED_PRODUCT_CATEGORY ( 'part', '', ( #1018 ) ) ;
#3597 = PRODUCT_DEFINITION ( 'UNKNOWN', '', #1894, #6936 ) ;
#3598 = DIRECTION ( 'NONE',  ( 0.0000000000000000000, -1.000000000000000000, 0.0000000000000000000 ) ) ;
#3599 = DIRECTION ( 'NONE',  ( 0.0000000000000000000, 0.0000000000000000000, 1.000000000000000000 ) ) ;
#3600 = SHAPE_REPRESENTATION ( 'PINTSOP2-55', ( #6214, #428, #7338 ), #6092 ) ;
#3601 = DIRECTION ( 'NONE',  ( -1.000000000000000000, 0.0000000000000000000, -0.0000000000000000000 ) ) ;
#3602 =( NAMED_UNIT ( * ) PLANE_ANGLE_UNIT ( ) SI_UNIT ( $, .RADIAN. ) );
#3603 = ORIENTED_EDGE ( 'NONE', *, *, #4377, .T. ) ;
#3604 = APPLICATION_PROTOCOL_DEFINITION ( 'draft international standard', 'automotive_design', 1998, #4009 ) ;
#3605 = APPLICATION_CONTEXT ( 'automotive_design' ) ;
#3606 = DIRECTION ( 'NONE',  ( 1.000000000000000000, 0.0000000000000000000, 0.0000000000000000000 ) ) ;
#3607 = ITEM_DEFINED_TRANSFORMATION ( 'NONE', 'NONE', #6781,  #1948 ) ;
#3608 = EDGE_CURVE ( 'NONE', #3223, #3821, #4571, .T. ) ;
#3609 = CARTESIAN_POINT ( 'NONE',  ( 18.33797957999999895, -0.3050006599999999790, -0.4872999999999999554 ) ) ;
#3610 = ADVANCED_BREP_SHAPE_REPRESENTATION ( '', ( #1592, #1948 ), #2300 ) ;
#3611 =( GEOMETRIC_REPRESENTATION_CONTEXT ( 3 ) GLOBAL_UNCERTAINTY_ASSIGNED_CONTEXT ( ( #1122 ) ) GLOBAL_UNIT_ASSIGNED_CONTEXT ( ( #5608, #3713, #228 ) ) REPRESENTATION_CONTEXT ( 'NONE', 'WORKASPACE' ) );
#3612 = DIRECTION ( 'NONE',  ( 1.000000000000000000, 0.0000000000000000000, 0.0000000000000000000 ) ) ;
#3613 = APPLICATION_CONTEXT ( 'automotive_design' ) ;
#3614 = CONTEXT_DEPENDENT_SHAPE_REPRESENTATION ( #1951, #4948 ) ;
#3615 = CARTESIAN_POINT ( 'NONE',  ( 0.0000000000000000000, 0.0000000000000000000, 0.0000000000000000000 ) ) ;
#3616 = PRODUCT_DEFINITION_CONTEXT ( 'detailed design', #6855, 'design' ) ;
#3617 = CARTESIAN_POINT ( 'NONE',  ( 0.001000760000000000278, 0.001000760000000000278, 0.4165599999999999858 ) ) ;
#3618 =( NAMED_UNIT ( * ) SI_UNIT ( $, .STERADIAN. ) SOLID_ANGLE_UNIT ( ) );
#3619 = SHAPE_DEFINITION_REPRESENTATION ( #7087, #610 ) ;
#3620 = CARTESIAN_POINT ( 'NONE',  ( -0.6199987599999999821, 0.1849983600000000006, 0.0000000000000000000 ) ) ;
#3621 = CARTESIAN_POINT ( 'NONE',  ( -0.3650005400000003175, -0.2449982400000000893, -0.2872993999999996495 ) ) ;
#3622 =( REPRESENTATION_RELATIONSHIP ('NONE','NONE', #4137, #5819 ) REPRESENTATION_RELATIONSHIP_WITH_TRANSFORMATION ( #4850 )SHAPE_REPRESENTATION_RELATIONSHIP( ) );
#3623 =( GEOMETRIC_REPRESENTATION_CONTEXT ( 3 ) GLOBAL_UNCERTAINTY_ASSIGNED_CONTEXT ( ( #732 ) ) GLOBAL_UNIT_ASSIGNED_CONTEXT ( ( #5443, #6655, #6665 ) ) REPRESENTATION_CONTEXT ( 'NONE', 'WORKASPACE' ) );
#3624 =( NAMED_UNIT ( * ) SI_UNIT ( $, .STERADIAN. ) SOLID_ANGLE_UNIT ( ) );
#3625 = PRODUCT_DEFINITION_SHAPE ( 'NONE', 'NONE',  #7726 ) ;
#3626 = CARTESIAN_POINT ( 'NONE',  ( -0.3650005400000003175, -0.2449982400000000338, -0.2872993999999996495 ) ) ;
#3627 = SHAPE_DEFINITION_REPRESENTATION ( #3147, #6841 ) ;
#3628 = AXIS2_PLACEMENT_3D ( 'NONE', #6046, #3595, #5461 ) ;
#3629 = DIRECTION ( 'NONE',  ( 0.0000000000000000000, 0.0000000000000000000, 1.000000000000000000 ) ) ;
#3630 = PRODUCT_DEFINITION_FORMATION_WITH_SPECIFIED_SOURCE ( 'ANY', '', #3535, .NOT_KNOWN. ) ;
#3631 = DIRECTION ( 'NONE',  ( 1.000000000000000000, 0.0000000000000000000, 0.0000000000000000000 ) ) ;
#3632 = DIRECTION ( 'NONE',  ( 1.000000000000000000, 0.0000000000000000000, 0.0000000000000000000 ) ) ;
#3633 = AXIS2_PLACEMENT_3D ( 'NONE', #4151, #3010, #6590 ) ;
#3634 = LINE ( 'NONE', #6209, #1552 ) ;
#3635 =( REPRESENTATION_RELATIONSHIP ('NONE','NONE', #4191, #5226 ) REPRESENTATION_RELATIONSHIP_WITH_TRANSFORMATION ( #7472 )SHAPE_REPRESENTATION_RELATIONSHIP( ) );
#3636 = ITEM_DEFINED_TRANSFORMATION ( 'NONE', 'NONE', #2054,  #5425 ) ;
#3637 =( LENGTH_UNIT ( ) NAMED_UNIT ( * ) SI_UNIT ( .MILLI., .METRE. ) );
#3638 = VERTEX_POINT ( 'NONE', #6360 ) ;
#3639 = CARTESIAN_POINT ( 'NONE',  ( -0.3650005399999999844, -0.2449982400000000338, -0.2872993999999996495 ) ) ;
#3640 = SHAPE_DEFINITION_REPRESENTATION ( #375, #2083 ) ;
#3641 = PRODUCT_DEFINITION_FORMATION_WITH_SPECIFIED_SOURCE ( 'ANY', '', #6024, .NOT_KNOWN. ) ;
#3642 = UNCERTAINTY_MEASURE_WITH_UNIT (LENGTH_MEASURE( 1.000000000000000082E-05 ), #4506, 'distance_accuracy_value', 'NONE');
#3643 = CARTESIAN_POINT ( 'NONE',  ( 0.0000000000000000000, 0.0000000000000000000, 0.0000000000000000000 ) ) ;
#3644 = PRODUCT_DEFINITION ( 'UNKNOWN', '', #7172, #7081 ) ;
#3645 = PRODUCT_RELATED_PRODUCT_CATEGORY ( 'part', '', ( #2129 ) ) ;
#3646 = SHAPE_REPRESENTATION_RELATIONSHIP ( 'NONE' , 'NONE' ,  #1068, #4842 ) ;
#3647 = AXIS2_PLACEMENT_3D ( 'NONE', #7274, #3915, #6706 ) ;
#3648 = PRODUCT_DEFINITION_SHAPE ( 'NONE', 'NONE',  #2503 ) ;
#3649 = SHAPE_REPRESENTATION ( '352644049', ( #1455, #1709 ), #5858 ) ;
#3650 = CARTESIAN_POINT ( 'NONE',  ( 0.0000000000000000000, 0.0000000000000000000, 0.0000000000000000000 ) ) ;
#3651 =( REPRESENTATION_RELATIONSHIP ('NONE','NONE', #642, #5226 ) REPRESENTATION_RELATIONSHIP_WITH_TRANSFORMATION ( #1061 )SHAPE_REPRESENTATION_RELATIONSHIP( ) );
#3652 = PRODUCT_DEFINITION_FORMATION_WITH_SPECIFIED_SOURCE ( 'ANY', '', #2095, .NOT_KNOWN. ) ;
#3653 = APPLICATION_CONTEXT ( 'automotive_design' ) ;
#3654 = DIRECTION ( 'NONE',  ( -2.220446049250000002E-16, -1.000000000000000000, 0.0000000000000000000 ) ) ;
#3655 =( GEOMETRIC_REPRESENTATION_CONTEXT ( 3 ) GLOBAL_UNCERTAINTY_ASSIGNED_CONTEXT ( ( #5016 ) ) GLOBAL_UNIT_ASSIGNED_CONTEXT ( ( #5293, #5810, #7065 ) ) REPRESENTATION_CONTEXT ( 'NONE', 'WORKASPACE' ) );
#3656 =( REPRESENTATION_RELATIONSHIP ('NONE','NONE', #6841, #109 ) REPRESENTATION_RELATIONSHIP_WITH_TRANSFORMATION ( #4296 )SHAPE_REPRESENTATION_RELATIONSHIP( ) );
#3657 = UNCERTAINTY_MEASURE_WITH_UNIT (LENGTH_MEASURE( 1.000000000000000082E-05 ), #3432, 'distance_accuracy_value', 'NONE');
#3658 = CARTESIAN_POINT ( 'NONE',  ( 0.0000000000000000000, 0.0000000000000000000, 0.0000000000000000000 ) ) ;
#3659 = EDGE_CURVE ( 'NONE', #4317, #2988, #3839, .T. ) ;
#3660 = CONTEXT_DEPENDENT_SHAPE_REPRESENTATION ( #4512, #3353 ) ;
#3661 = AXIS2_PLACEMENT_3D ( 'NONE', #2884, #3435, #1250 ) ;
#3662 = PRODUCT_DEFINITION_SHAPE ( 'NONE', 'NONE',  #7545 ) ;
#3663 = CONTEXT_DEPENDENT_SHAPE_REPRESENTATION ( #2465, #3625 ) ;
#3664 =( LENGTH_UNIT ( ) NAMED_UNIT ( * ) SI_UNIT ( .MILLI., .METRE. ) );
#3665 = DIRECTION ( 'NONE',  ( 1.000000000000000000, 0.0000000000000000000, -0.0000000000000000000 ) ) ;
#3666 = APPLICATION_PROTOCOL_DEFINITION ( 'draft international standard', 'automotive_design', 1998, #5735 ) ;
#3667 = APPLICATION_CONTEXT ( 'automotive_design' ) ;
#3668 = CARTESIAN_POINT ( 'NONE',  ( -0.06999985999999998321, 0.1849983600000000006, 0.0000000000000000000 ) ) ;
#3669 = PRODUCT ( 'Free-Models5', 'Free-Models5', '', ( #3887 ) ) ;
#3670 = AXIS2_PLACEMENT_3D ( 'NONE', #3144, #4179, #6574 ) ;
#3671 = ITEM_DEFINED_TRANSFORMATION ( 'NONE', 'NONE', #6951,  #5601 ) ;
#3672 = DIRECTION ( 'NONE',  ( 1.000000000000000000, 0.0000000000000000000, 0.0000000000000000000 ) ) ;
#3673 = VECTOR ( 'NONE', #3548, 1000.000000000000000 ) ;
#3674 = SHAPE_REPRESENTATION ( 'Free-Models5', ( #4757, #2128 ), #3984 ) ;
#3675 = DIRECTION ( 'NONE',  ( 0.0000000000000000000, 0.0000000000000000000, 1.000000000000000000 ) ) ;
#3676 = APPLICATION_PROTOCOL_DEFINITION ( 'draft international standard', 'automotive_design', 1998, #3077 ) ;
#3677 = VECTOR ( 'NONE', #2747, 1000.000000000000000 ) ;
#3678 = APPLICATION_CONTEXT ( 'automotive_design' ) ;
#3679 = UNCERTAINTY_MEASURE_WITH_UNIT (LENGTH_MEASURE( 1.000000000000000082E-05 ), #232, 'distance_accuracy_value', 'NONE');
#3680 = DIRECTION ( 'NONE',  ( -0.0000000000000000000, -1.000000000000000000, -0.0000000000000000000 ) ) ;
#3681 = AXIS2_PLACEMENT_3D ( 'NONE', #6306, #3469, #407 ) ;
#3682 = DIRECTION ( 'NONE',  ( 0.0000000000000000000, -0.0000000000000000000, 1.000000000000000000 ) ) ;
#3683 = CARTESIAN_POINT ( 'NONE',  ( 0.0000000000000000000, 0.0000000000000000000, -0.4038600000000000523 ) ) ;
#3684 = VERTEX_POINT ( 'NONE', #6843 ) ;
#3685 = APPLICATION_PROTOCOL_DEFINITION ( 'draft international standard', 'automotive_design', 1998, #6702 ) ;
#3686 = CARTESIAN_POINT ( 'NONE',  ( 5.421010862427522170E-17, -5.421010862427522170E-17, 0.0000000000000000000 ) ) ;
#3687 = AXIS2_PLACEMENT_3D ( 'NONE', #766, #6847, #3682 ) ;
#3688 = DIRECTION ( 'NONE',  ( 0.0000000000000000000, 0.0000000000000000000, 1.000000000000000000 ) ) ;
#3689 = PRODUCT_DEFINITION_CONTEXT ( 'detailed design', #4691, 'design' ) ;
#3690 = DIRECTION ( 'NONE',  ( 1.000000000000000000, 0.0000000000000000000, 0.0000000000000000000 ) ) ;
#3691 = PRODUCT_RELATED_PRODUCT_CATEGORY ( 'part', '', ( #3472 ) ) ;
#3692 = PRODUCT_RELATED_PRODUCT_CATEGORY ( 'part', '', ( #2406 ) ) ;
#3693 =( GEOMETRIC_REPRESENTATION_CONTEXT ( 3 ) GLOBAL_UNCERTAINTY_ASSIGNED_CONTEXT ( ( #2919 ) ) GLOBAL_UNIT_ASSIGNED_CONTEXT ( ( #450, #2110, #4625 ) ) REPRESENTATION_CONTEXT ( 'NONE', 'WORKASPACE' ) );
#3694 = DIRECTION ( 'NONE',  ( -1.000000000000000000, 2.220446049250000002E-16, 1.110223024625000001E-16 ) ) ;
#3695 = PRODUCT_DEFINITION_SHAPE ( 'NONE', 'NONE',  #7630 ) ;
#3696 = UNCERTAINTY_MEASURE_WITH_UNIT (LENGTH_MEASURE( 1.000000000000000082E-05 ), #58, 'distance_accuracy_value', 'NONE');
#3697 = PRODUCT_DEFINITION_CONTEXT ( 'detailed design', #6487, 'design' ) ;
#3698 = CARTESIAN_POINT ( 'NONE',  ( -0.3650005400000003175, -0.2449982400000000338, -0.2872993999999996495 ) ) ;
#3699 = CARTESIAN_POINT ( 'NONE',  ( 0.0000000000000000000, 0.0000000000000000000, 0.0000000000000000000 ) ) ;
#3700 = PRODUCT ( '352644049', '352644049', '', ( #762 ) ) ;
#3701 = PRODUCT_DEFINITION_SHAPE ( 'NONE', 'NONE',  #7747 ) ;
#3702 = CARTESIAN_POINT ( 'NONE',  ( 0.0000000000000000000, 0.0000000000000000000, 0.0000000000000000000 ) ) ;
#3703 = APPLICATION_CONTEXT ( 'automotive_design' ) ;
#3704 = PRODUCT_DEFINITION_CONTEXT ( 'detailed design', #4536, 'design' ) ;
#3705 =( NAMED_UNIT ( * ) PLANE_ANGLE_UNIT ( ) SI_UNIT ( $, .RADIAN. ) );
#3706 = PRODUCT_RELATED_PRODUCT_CATEGORY ( 'part', '', ( #1661 ) ) ;
#3707 = DIRECTION ( 'NONE',  ( -3.085800688791737490E-06, -0.9999999999952389196, 0.0000000000000000000 ) ) ;
#3708 = PRODUCT_RELATED_PRODUCT_CATEGORY ( 'part', '', ( #6002 ) ) ;
#3709 = SHAPE_DEFINITION_REPRESENTATION ( #4627, #6866 ) ;
#3710 = DIRECTION ( 'NONE',  ( -0.0000000000000000000, -0.0000000000000000000, -1.000000000000000000 ) ) ;
#3711 =( NAMED_UNIT ( * ) PLANE_ANGLE_UNIT ( ) SI_UNIT ( $, .RADIAN. ) );
#3712 = ITEM_DEFINED_TRANSFORMATION ( 'NONE', 'NONE', #890,  #4384 ) ;
#3713 =( NAMED_UNIT ( * ) PLANE_ANGLE_UNIT ( ) SI_UNIT ( $, .RADIAN. ) );
#3714 = CONTEXT_DEPENDENT_SHAPE_REPRESENTATION ( #5997, #2174 ) ;
#3715 = EDGE_CURVE ( 'NONE', #331, #7465, #3288, .T. ) ;
#3716 = DIRECTION ( 'NONE',  ( 0.0000000000000000000, 0.0000000000000000000, 1.000000000000000000 ) ) ;
#3717 = DIRECTION ( 'NONE',  ( 0.0000000000000000000, 0.0000000000000000000, 1.000000000000000000 ) ) ;
#3718 = APPLICATION_PROTOCOL_DEFINITION ( 'draft international standard', 'automotive_design', 1998, #4442 ) ;
#3719 = CARTESIAN_POINT ( 'NONE',  ( -5.421010862427522170E-17, 5.421010862427522170E-17, 0.0000000000000000000 ) ) ;
#3720 = SHAPE_REPRESENTATION ( 'PINTSOP2-55', ( #6409, #5525, #2905 ), #624 ) ;
#3721 = PLANE ( 'NONE',  #3818 ) ;
#3722 = AXIS2_PLACEMENT_3D ( 'NONE', #7282, #4107, #1100 ) ;
#3723 = DIRECTION ( 'NONE',  ( 1.000000000000000000, 0.0000000000000000000, 0.0000000000000000000 ) ) ;
#3724 = PLANE ( 'NONE',  #3687 ) ;
#3725 = APPLICATION_CONTEXT ( 'automotive_design' ) ;
#3726 = SHAPE_DEFINITION_REPRESENTATION ( #652, #414 ) ;
#3727 = ORIENTED_EDGE ( 'NONE', *, *, #3182, .F. ) ;
#3728 = PRODUCT_CONTEXT ( 'NONE', #1267, 'mechanical' ) ;
#3729 = DIRECTION ( 'NONE',  ( 0.0000000000000000000, 0.0000000000000000000, 1.000000000000000000 ) ) ;
#3730 = PRODUCT_DEFINITION_SHAPE ( 'NONE', 'NONE',  #7551 ) ;
#3731 = DIRECTION ( 'NONE',  ( 0.0000000000000000000, 0.0000000000000000000, 1.000000000000000000 ) ) ;
#3732 =( NAMED_UNIT ( * ) PLANE_ANGLE_UNIT ( ) SI_UNIT ( $, .RADIAN. ) );
#3733 = DIRECTION ( 'NONE',  ( 1.000000000000000000, -1.110223024625000001E-16, 1.110223024625000001E-16 ) ) ;
#3734 = DIRECTION ( 'NONE',  ( 0.0000000000000000000, 0.0000000000000000000, 1.000000000000000000 ) ) ;
#3735 =( REPRESENTATION_RELATIONSHIP ('NONE','NONE', #4137, #6600 ) REPRESENTATION_RELATIONSHIP_WITH_TRANSFORMATION ( #657 )SHAPE_REPRESENTATION_RELATIONSHIP( ) );
#3736 = DIRECTION ( 'NONE',  ( 0.0000000000000000000, 0.0000000000000000000, 1.000000000000000000 ) ) ;
#3737 = CONTEXT_DEPENDENT_SHAPE_REPRESENTATION ( #2233, #4742 ) ;
#3738 = CONTEXT_DEPENDENT_SHAPE_REPRESENTATION ( #6083, #978 ) ;
#3739 =( NAMED_UNIT ( * ) PLANE_ANGLE_UNIT ( ) SI_UNIT ( $, .RADIAN. ) );
#3740 =( GEOMETRIC_REPRESENTATION_CONTEXT ( 3 ) GLOBAL_UNCERTAINTY_ASSIGNED_CONTEXT ( ( #1045 ) ) GLOBAL_UNIT_ASSIGNED_CONTEXT ( ( #4701, #1175, #6652 ) ) REPRESENTATION_CONTEXT ( 'NONE', 'WORKASPACE' ) );
#3741 = CARTESIAN_POINT ( 'NONE',  ( 0.0000000000000000000, 0.0000000000000000000, 0.4165599999999999858 ) ) ;
#3742 =( NAMED_UNIT ( * ) PLANE_ANGLE_UNIT ( ) SI_UNIT ( $, .RADIAN. ) );
#3743 = APPLICATION_PROTOCOL_DEFINITION ( 'draft international standard', 'automotive_design', 1998, #2106 ) ;
#3744 = PRODUCT_DEFINITION_SHAPE ( 'NONE', 'NONE',  #7616 ) ;
#3745 = LINE ( 'NONE', #103, #3053 ) ;
#3746 = DIRECTION ( 'NONE',  ( 1.000000000000000000, 0.0000000000000000000, 0.0000000000000000000 ) ) ;
#3747 = PRODUCT_DEFINITION ( 'UNKNOWN', '', #3522, #2249 ) ;
#3748 = DIRECTION ( 'NONE',  ( 0.0000000000000000000, 0.0000000000000000000, 1.000000000000000000 ) ) ;
#3749 =( GEOMETRIC_REPRESENTATION_CONTEXT ( 3 ) GLOBAL_UNCERTAINTY_ASSIGNED_CONTEXT ( ( #4751 ) ) GLOBAL_UNIT_ASSIGNED_CONTEXT ( ( #1093, #2450, #2363 ) ) REPRESENTATION_CONTEXT ( 'NONE', 'WORKASPACE' ) );
#3750 = PRODUCT_RELATED_PRODUCT_CATEGORY ( 'part', '', ( #7270 ) ) ;
#3751 = APPLICATION_CONTEXT ( 'automotive_design' ) ;
#3752 =( REPRESENTATION_RELATIONSHIP ('NONE','NONE', #7442, #2322 ) REPRESENTATION_RELATIONSHIP_WITH_TRANSFORMATION ( #2065 )SHAPE_REPRESENTATION_RELATIONSHIP( ) );
#3753 = CARTESIAN_POINT ( 'NONE',  ( 0.0000000000000000000, 5.421010862427522170E-17, 0.0000000000000000000 ) ) ;
#3754 = AXIS2_PLACEMENT_3D ( 'NONE', #1606, #925, #850 ) ;
#3755 = DIRECTION ( 'NONE',  ( 0.0000000000000000000, 0.0000000000000000000, 1.000000000000000000 ) ) ;
#3756 = SHAPE_DEFINITION_REPRESENTATION ( #1784, #6325 ) ;
#3757 = ADVANCED_FACE ( 'NONE', ( #4594 ), #1431, .T. ) ;
#3758 =( GEOMETRIC_REPRESENTATION_CONTEXT ( 3 ) GLOBAL_UNCERTAINTY_ASSIGNED_CONTEXT ( ( #6737 ) ) GLOBAL_UNIT_ASSIGNED_CONTEXT ( ( #371, #1105, #5255 ) ) REPRESENTATION_CONTEXT ( 'NONE', 'WORKASPACE' ) );
#3759 = CARTESIAN_POINT ( 'NONE',  ( 0.0000000000000000000, 0.0000000000000000000, 0.0000000000000000000 ) ) ;
#3760 = DIRECTION ( 'NONE',  ( -0.0000000000000000000, 1.000000000000000000, 0.0000000000000000000 ) ) ;
#3761 = SHAPE_DEFINITION_REPRESENTATION ( #1015, #5243 ) ;
#3762 = ORIENTED_EDGE ( 'NONE', *, *, #259, .F. ) ;
#3763 = AXIS2_PLACEMENT_3D ( 'NONE', #2318, #968, #4725 ) ;
#3764 = APPLICATION_PROTOCOL_DEFINITION ( 'draft international standard', 'automotive_design', 1998, #51 ) ;
#3765 = DIRECTION ( 'NONE',  ( 1.000000000000000000, 0.0000000000000000000, 0.0000000000000000000 ) ) ;
#3766 =( LENGTH_UNIT ( ) NAMED_UNIT ( * ) SI_UNIT ( .MILLI., .METRE. ) );
#3767 = PRODUCT_DEFINITION_FORMATION_WITH_SPECIFIED_SOURCE ( 'ANY', '', #2725, .NOT_KNOWN. ) ;
#3768 = DIRECTION ( 'NONE',  ( 1.000000000000000000, 0.0000000000000000000, 0.0000000000000000000 ) ) ;
#3769 = AXIS2_PLACEMENT_3D ( 'NONE', #3753, #798, #1062 ) ;
#3770 = APPLICATION_CONTEXT ( 'automotive_design' ) ;
#3771 = PRODUCT_DEFINITION_SHAPE ( 'NONE', 'NONE',  #6742 ) ;
#3772 = PRODUCT_DEFINITION_FORMATION_WITH_SPECIFIED_SOURCE ( 'ANY', '', #1979, .NOT_KNOWN. ) ;
#3773 = DIRECTION ( 'NONE',  ( -1.000000000000000000, 2.220446049250000002E-16, 1.110223024625000001E-16 ) ) ;
#3774 = ORIENTED_EDGE ( 'NONE', *, *, #1600, .F. ) ;
#3775 = UNCERTAINTY_MEASURE_WITH_UNIT (LENGTH_MEASURE( 1.000000000000000082E-05 ), #6990, 'distance_accuracy_value', 'NONE');
#3776 = PRODUCT ( 'Free-Models5', 'Free-Models5', '', ( #5534 ) ) ;
#3777 = PRODUCT_DEFINITION_CONTEXT ( 'detailed design', #4492, 'design' ) ;
#3778 = DIRECTION ( 'NONE',  ( 0.0000000000000000000, 0.0000000000000000000, 1.000000000000000000 ) ) ;
#3779 = APPLICATION_CONTEXT ( 'automotive_design' ) ;
#3780 = DIRECTION ( 'NONE',  ( 0.0000000000000000000, 0.0000000000000000000, 1.000000000000000000 ) ) ;
#3781 =( NAMED_UNIT ( * ) PLANE_ANGLE_UNIT ( ) SI_UNIT ( $, .RADIAN. ) );
#3782 = DIRECTION ( 'NONE',  ( 0.0000000000000000000, 0.0000000000000000000, 1.000000000000000000 ) ) ;
#3783 = PRODUCT_DEFINITION_CONTEXT ( 'detailed design', #5929, 'design' ) ;
#3784 = CONTEXT_DEPENDENT_SHAPE_REPRESENTATION ( #1013, #6974 ) ;
#3785 = AXIS2_PLACEMENT_3D ( 'NONE', #2507, #3592, #651 ) ;
#3786 = CARTESIAN_POINT ( 'NONE',  ( 11.11000064000000087, 5.080000000000000071, 0.0000000000000000000 ) ) ;
#3787 =( NAMED_UNIT ( * ) PLANE_ANGLE_UNIT ( ) SI_UNIT ( $, .RADIAN. ) );
#3788 = PRODUCT ( 'Free-Models5', 'Free-Models5', '', ( #6245 ) ) ;
#3789 = DIRECTION ( 'NONE',  ( 0.0000000000000000000, 0.0000000000000000000, 1.000000000000000000 ) ) ;
#3790 = APPLICATION_PROTOCOL_DEFINITION ( 'draft international standard', 'automotive_design', 1998, #3120 ) ;
#3791 = APPLICATION_PROTOCOL_DEFINITION ( 'draft international standard', 'automotive_design', 1998, #4758 ) ;
#3792 = CARTESIAN_POINT ( 'NONE',  ( 0.001000760000000000278, 0.001000760000000000278, 0.0000000000000000000 ) ) ;
#3793 = APPLICATION_CONTEXT ( 'automotive_design' ) ;
#3794 = DIRECTION ( 'NONE',  ( 0.0000000000000000000, 0.0000000000000000000, 1.000000000000000000 ) ) ;
#3795 = AXIS2_PLACEMENT_3D ( 'NONE', #1131, #2926, #5937 ) ;
#3796 = DIRECTION ( 'NONE',  ( 0.0000000000000000000, 0.0000000000000000000, 1.000000000000000000 ) ) ;
#3797 = ITEM_DEFINED_TRANSFORMATION ( 'NONE', 'NONE', #2389,  #4782 ) ;
#3798 =( NAMED_UNIT ( * ) SI_UNIT ( $, .STERADIAN. ) SOLID_ANGLE_UNIT ( ) );
#3799 = DIRECTION ( 'NONE',  ( 1.000000000000000000, 0.0000000000000000000, 0.0000000000000000000 ) ) ;
#3800 = AXIS2_PLACEMENT_3D ( 'NONE', #5864, #1695, #2323 ) ;
#3801 = PRODUCT_DEFINITION ( 'UNKNOWN', '', #4661, #3704 ) ;
#3802 = SHAPE_DEFINITION_REPRESENTATION ( #626, #3109 ) ;
#3803 =( REPRESENTATION_RELATIONSHIP ('NONE','NONE', #3123, #6270 ) REPRESENTATION_RELATIONSHIP_WITH_TRANSFORMATION ( #4993 )SHAPE_REPRESENTATION_RELATIONSHIP( ) );
#3804 = AXIS2_PLACEMENT_3D ( 'NONE', #2167, #1563, #4566 ) ;
#3805 = DIRECTION ( 'NONE',  ( 1.000000000000000000, 0.0000000000000000000, 0.0000000000000000000 ) ) ;
#3806 = DIRECTION ( 'NONE',  ( 0.0000000000000000000, 0.0000000000000000000, 1.000000000000000000 ) ) ;
#3807 = DIRECTION ( 'NONE',  ( 0.09334180544856023054, 0.9956341232378503880, 0.0000000000000000000 ) ) ;
#3808 = DIRECTION ( 'NONE',  ( 1.000000000000000000, 0.0000000000000000000, 0.0000000000000000000 ) ) ;
#3809 = EDGE_CURVE ( 'NONE', #6450, #4604, #5074, .T. ) ;
#3810 = SHAPE_DEFINITION_REPRESENTATION ( #6630, #3330 ) ;
#3811 = CLOSED_SHELL ( 'NONE', ( #3757, #7230, #2821, #4684, #1943, #1344 ) ) ;
#3812 = ORIENTED_EDGE ( 'NONE', *, *, #955, .T. ) ;
#3813 = PRODUCT_DEFINITION_SHAPE ( 'NONE', 'NONE',  #7677 ) ;
#3814 = SHAPE_DEFINITION_REPRESENTATION ( #4035, #2975 ) ;
#3815 = APPLICATION_CONTEXT ( 'automotive_design' ) ;
#3816 = DIRECTION ( 'NONE',  ( 0.0000000000000000000, 0.0000000000000000000, 1.000000000000000000 ) ) ;
#3817 = DIRECTION ( 'NONE',  ( 0.0000000000000000000, 0.0000000000000000000, 1.000000000000000000 ) ) ;
#3818 = AXIS2_PLACEMENT_3D ( 'NONE', #1928, #6094, #4983 ) ;
#3819 = ITEM_DEFINED_TRANSFORMATION ( 'NONE', 'NONE', #2888,  #1948 ) ;
#3820 = ITEM_DEFINED_TRANSFORMATION ( 'NONE', 'NONE', #2554,  #750 ) ;
#3821 = VERTEX_POINT ( 'NONE', #5135 ) ;
#3822 = UNCERTAINTY_MEASURE_WITH_UNIT (LENGTH_MEASURE( 1.000000000000000082E-05 ), #3098, 'distance_accuracy_value', 'NONE');
#3823 = AXIS2_PLACEMENT_3D ( 'NONE', #4220, #5406, #6625 ) ;
#3824 =( NAMED_UNIT ( * ) SI_UNIT ( $, .STERADIAN. ) SOLID_ANGLE_UNIT ( ) );
#3825 = APPLICATION_CONTEXT ( 'automotive_design' ) ;
#3826 = CONTEXT_DEPENDENT_SHAPE_REPRESENTATION ( #3938, #1289 ) ;
#3827 = DIRECTION ( 'NONE',  ( 1.000000000000000000, 0.0000000000000000000, 0.0000000000000000000 ) ) ;
#3828 = MECHANICAL_DESIGN_GEOMETRIC_PRESENTATION_REPRESENTATION (  '', ( #1172 ), #5839 ) ;
#3829 = CARTESIAN_POINT ( 'NONE',  ( 0.001000760000000000278, 0.001000760000000000278, 0.0000000000000000000 ) ) ;
#3830 = CARTESIAN_POINT ( 'NONE',  ( 0.0000000000000000000, 0.0000000000000000000, 0.0000000000000000000 ) ) ;
#3831 = APPLICATION_PROTOCOL_DEFINITION ( 'draft international standard', 'automotive_design', 1998, #4509 ) ;
#3832 = CONTEXT_DEPENDENT_SHAPE_REPRESENTATION ( #1994, #4023 ) ;
#3833 = SURFACE_STYLE_USAGE ( .BOTH. , #230 ) ;
#3834 = ITEM_DEFINED_TRANSFORMATION ( 'NONE', 'NONE', #6674,  #1948 ) ;
#3835 = ITEM_DEFINED_TRANSFORMATION ( 'NONE', 'NONE', #819,  #1948 ) ;
#3836 = APPLICATION_PROTOCOL_DEFINITION ( 'draft international standard', 'automotive_design', 1998, #419 ) ;
#3837 = SHAPE_REPRESENTATION ( 'Free-Models5', ( #24, #4412 ), #6301 ) ;
#3838 = UNCERTAINTY_MEASURE_WITH_UNIT (LENGTH_MEASURE( 1.000000000000000082E-05 ), #4478, 'distance_accuracy_value', 'NONE');
#3839 = LINE ( 'NONE', #3403, #4311 ) ;
#3840 = DIRECTION ( 'NONE',  ( 0.0000000000000000000, 0.0000000000000000000, 1.000000000000000000 ) ) ;
#3841 = PRODUCT_DEFINITION_SHAPE ( 'NONE', 'NONE',  #5632 ) ;
#3842 = ITEM_DEFINED_TRANSFORMATION ( 'NONE', 'NONE', #3785,  #1948 ) ;
#3843 = SHAPE_DEFINITION_REPRESENTATION ( #4032, #4090 ) ;
#3844 =( REPRESENTATION_RELATIONSHIP ('NONE','NONE', #4648, #5226 ) REPRESENTATION_RELATIONSHIP_WITH_TRANSFORMATION ( #1856 )SHAPE_REPRESENTATION_RELATIONSHIP( ) );
#3845 = PRODUCT_CONTEXT ( 'NONE', #51, 'mechanical' ) ;
#3846 = DIRECTION ( 'NONE',  ( 1.000000000000000000, 0.0000000000000000000, 0.0000000000000000000 ) ) ;
#3847 = DIRECTION ( 'NONE',  ( 0.0000000000000000000, 0.0000000000000000000, 1.000000000000000000 ) ) ;
#3848 = PRODUCT_RELATED_PRODUCT_CATEGORY ( 'part', '', ( #2604 ) ) ;
#3849 = PRODUCT ( 'PINTSOP2-55', 'PINTSOP2-55', '', ( #4677 ) ) ;
#3850 = ORIENTED_EDGE ( 'NONE', *, *, #4539, .F. ) ;
#3851 = PRODUCT_DEFINITION_SHAPE ( 'NONE', 'NONE',  #7648 ) ;
#3852 = APPLICATION_CONTEXT ( 'automotive_design' ) ;
#3853 = AXIS2_PLACEMENT_3D ( 'NONE', #1589, #4018, #6476 ) ;
#3854 =( REPRESENTATION_RELATIONSHIP ('NONE','NONE', #2975, #6270 ) REPRESENTATION_RELATIONSHIP_WITH_TRANSFORMATION ( #7362 )SHAPE_REPRESENTATION_RELATIONSHIP( ) );
#3855 = PRODUCT_DEFINITION_CONTEXT ( 'detailed design', #7432, 'design' ) ;
#3856 =( NAMED_UNIT ( * ) PLANE_ANGLE_UNIT ( ) SI_UNIT ( $, .RADIAN. ) );
#3857 = UNCERTAINTY_MEASURE_WITH_UNIT (LENGTH_MEASURE( 1.000000000000000082E-05 ), #5709, 'distance_accuracy_value', 'NONE');
#3858 = EDGE_CURVE ( 'NONE', #3358, #3024, #3945, .T. ) ;
#3859 = PRODUCT_DEFINITION_SHAPE ( 'NONE', 'NONE',  #7543 ) ;
#3860 = CARTESIAN_POINT ( 'NONE',  ( 0.0000000000000000000, 0.0000000000000000000, 0.4165599999999999858 ) ) ;
#3861 =( NAMED_UNIT ( * ) SI_UNIT ( $, .STERADIAN. ) SOLID_ANGLE_UNIT ( ) );
#3862 = SHAPE_REPRESENTATION ( '352644049', ( #224, #819 ), #1982 ) ;
#3863 = PRODUCT_CONTEXT ( 'NONE', #1432, 'mechanical' ) ;
#3864 = APPLICATION_CONTEXT ( 'automotive_design' ) ;
#3865 = DIRECTION ( 'NONE',  ( 1.000000000000000000, 0.0000000000000000000, 0.0000000000000000000 ) ) ;
#3866 = DIRECTION ( 'NONE',  ( 1.000000000000000000, 0.0000000000000000000, 0.0000000000000000000 ) ) ;
#3867 = CONTEXT_DEPENDENT_SHAPE_REPRESENTATION ( #1366, #4049 ) ;
#3868 = DIRECTION ( 'NONE',  ( 1.000000000000000000, 0.0000000000000000000, 0.0000000000000000000 ) ) ;
#3869 = APPLICATION_PROTOCOL_DEFINITION ( 'draft international standard', 'automotive_design', 1998, #2849 ) ;
#3870 = PRODUCT_DEFINITION_SHAPE ( 'NONE', 'NONE',  #7606 ) ;
#3871 = APPLICATION_CONTEXT ( 'automotive_design' ) ;
#3872 =( LENGTH_UNIT ( ) NAMED_UNIT ( * ) SI_UNIT ( .MILLI., .METRE. ) );
#3873 = PRODUCT_DEFINITION_CONTEXT ( 'detailed design', #6958, 'design' ) ;
#3874 =( GEOMETRIC_REPRESENTATION_CONTEXT ( 3 ) GLOBAL_UNCERTAINTY_ASSIGNED_CONTEXT ( ( #5387 ) ) GLOBAL_UNIT_ASSIGNED_CONTEXT ( ( #1642, #606, #6682 ) ) REPRESENTATION_CONTEXT ( 'NONE', 'WORKASPACE' ) );
#3875 = CARTESIAN_POINT ( 'NONE',  ( 0.001000760000000000278, 0.1499997000000000136, 0.4165599999999999858 ) ) ;
#3876 = APPLICATION_PROTOCOL_DEFINITION ( 'draft international standard', 'automotive_design', 1998, #6467 ) ;
#3877 = APPLICATION_PROTOCOL_DEFINITION ( 'draft international standard', 'automotive_design', 1998, #2205 ) ;
#3878 =( NAMED_UNIT ( * ) SI_UNIT ( $, .STERADIAN. ) SOLID_ANGLE_UNIT ( ) );
#3879 =( REPRESENTATION_RELATIONSHIP ('NONE','NONE', #2488, #2544 ) REPRESENTATION_RELATIONSHIP_WITH_TRANSFORMATION ( #7372 )SHAPE_REPRESENTATION_RELATIONSHIP( ) );
#3880 =( GEOMETRIC_REPRESENTATION_CONTEXT ( 3 ) GLOBAL_UNCERTAINTY_ASSIGNED_CONTEXT ( ( #7267 ) ) GLOBAL_UNIT_ASSIGNED_CONTEXT ( ( #4612, #2238, #5794 ) ) REPRESENTATION_CONTEXT ( 'NONE', 'WORKASPACE' ) );
#3881 = CARTESIAN_POINT ( 'NONE',  ( 16.47489974000000501, 9.485000080000000722, -0.4872999999999999554 ) ) ;
#3882 = ORIENTED_EDGE ( 'NONE', *, *, #5495, .T. ) ;
#3883 = PRODUCT_DEFINITION ( 'UNKNOWN', '', #6924, #5955 ) ;
#3884 = SHAPE_DEFINITION_REPRESENTATION ( #75, #2685 ) ;
#3885 = PRODUCT_RELATED_PRODUCT_CATEGORY ( 'part', '', ( #4347 ) ) ;
#3886 = UNCERTAINTY_MEASURE_WITH_UNIT (LENGTH_MEASURE( 1.000000000000000082E-05 ), #4441, 'distance_accuracy_value', 'NONE');
#3887 = PRODUCT_CONTEXT ( 'NONE', #2056, 'mechanical' ) ;
#3888 = PRODUCT_DEFINITION_FORMATION_WITH_SPECIFIED_SOURCE ( 'ANY', '', #5698, .NOT_KNOWN. ) ;
#3889 = APPLICATION_CONTEXT ( 'automotive_design' ) ;
#3890 = CARTESIAN_POINT ( 'NONE',  ( 0.0000000000000000000, 0.0000000000000000000, 0.0000000000000000000 ) ) ;
#3891 = PRODUCT_CONTEXT ( 'NONE', #780, 'mechanical' ) ;
#3892 = PRODUCT_RELATED_PRODUCT_CATEGORY ( 'part', '', ( #3535 ) ) ;
#3893 = AXIS2_PLACEMENT_3D ( 'NONE', #1323, #1508, #5562 ) ;
#3894 = PRODUCT_DEFINITION_FORMATION_WITH_SPECIFIED_SOURCE ( 'ANY', '', #2471, .NOT_KNOWN. ) ;
#3895 =( GEOMETRIC_REPRESENTATION_CONTEXT ( 3 ) GLOBAL_UNCERTAINTY_ASSIGNED_CONTEXT ( ( #5581 ) ) GLOBAL_UNIT_ASSIGNED_CONTEXT ( ( #6729, #613, #167 ) ) REPRESENTATION_CONTEXT ( 'NONE', 'WORKASPACE' ) );
#3896 = CONTEXT_DEPENDENT_SHAPE_REPRESENTATION ( #4244, #1670 ) ;
#3897 = PRODUCT_DEFINITION_SHAPE ( 'NONE', 'NONE',  #2031 ) ;
#3898 =( NAMED_UNIT ( * ) SI_UNIT ( $, .STERADIAN. ) SOLID_ANGLE_UNIT ( ) );
#3899 = SHAPE_REPRESENTATION ( 'PINTSOP2-55', ( #4092, #2726, #1978 ), #3957 ) ;
#3900 = PRODUCT ( 'Board7', 'Board7', '', ( #5159 ) ) ;
#3901 = PRODUCT_DEFINITION_FORMATION_WITH_SPECIFIED_SOURCE ( 'ANY', '', #4342, .NOT_KNOWN. ) ;
#3902 = DIRECTION ( 'NONE',  ( 0.0000000000000000000, 0.0000000000000000000, 1.000000000000000000 ) ) ;
#3903 =( GEOMETRIC_REPRESENTATION_CONTEXT ( 3 ) GLOBAL_UNCERTAINTY_ASSIGNED_CONTEXT ( ( #3286 ) ) GLOBAL_UNIT_ASSIGNED_CONTEXT ( ( #6134, #2523, #6611 ) ) REPRESENTATION_CONTEXT ( 'NONE', 'WORKASPACE' ) );
#3904 = CONTEXT_DEPENDENT_SHAPE_REPRESENTATION ( #4080, #1708 ) ;
#3905 =( NAMED_UNIT ( * ) SI_UNIT ( $, .STERADIAN. ) SOLID_ANGLE_UNIT ( ) );
#3906 = MECHANICAL_DESIGN_GEOMETRIC_PRESENTATION_REPRESENTATION (  '', ( #700 ), #5115 ) ;
#3907 = CARTESIAN_POINT ( 'NONE',  ( -0.6199987599999999821, -0.1850008999999999959, 0.2999999999999999889 ) ) ;
#3908 = CARTESIAN_POINT ( 'NONE',  ( 0.0000000000000000000, 0.0000000000000000000, 0.0000000000000000000 ) ) ;
#3909 = CONTEXT_DEPENDENT_SHAPE_REPRESENTATION ( #3879, #6118 ) ;
#3910 = SHAPE_DEFINITION_REPRESENTATION ( #236, #359 ) ;
#3911 = APPLICATION_CONTEXT ( 'automotive_design' ) ;
#3912 = CARTESIAN_POINT ( 'NONE',  ( 0.0000000000000000000, 0.0000000000000000000, 0.0000000000000000000 ) ) ;
#3913 = DIRECTION ( 'NONE',  ( 0.0000000000000000000, 0.0000000000000000000, 1.000000000000000000 ) ) ;
#3914 = PRODUCT ( '352644049', '352644049', '', ( #5184 ) ) ;
#3915 = DIRECTION ( 'NONE',  ( 0.0000000000000000000, 0.0000000000000000000, 1.000000000000000000 ) ) ;
#3916 = CIRCLE ( 'NONE', #4693, 0.5000000000000000000 ) ;
#3917 = EDGE_LOOP ( 'NONE', ( #724, #3584, #3774, #1241 ) ) ;
#3918 = SHAPE_REPRESENTATION ( 'PINTSOP2-55', ( #4384, #6654, #1883 ), #6399 ) ;
#3919 = UNCERTAINTY_MEASURE_WITH_UNIT (LENGTH_MEASURE( 1.000000000000000082E-05 ), #5533, 'distance_accuracy_value', 'NONE');
#3920 = DIRECTION ( 'NONE',  ( 1.000000000000000000, 0.0000000000000000000, 0.0000000000000000000 ) ) ;
#3921 =( NAMED_UNIT ( * ) SI_UNIT ( $, .STERADIAN. ) SOLID_ANGLE_UNIT ( ) );
#3922 = ITEM_DEFINED_TRANSFORMATION ( 'NONE', 'NONE', #5655,  #6042 ) ;
#3923 =( NAMED_UNIT ( * ) PLANE_ANGLE_UNIT ( ) SI_UNIT ( $, .RADIAN. ) );
#3924 =( REPRESENTATION_RELATIONSHIP ('NONE','NONE', #4137, #6464 ) REPRESENTATION_RELATIONSHIP_WITH_TRANSFORMATION ( #2331 )SHAPE_REPRESENTATION_RELATIONSHIP( ) );
#3925 = PRODUCT_RELATED_PRODUCT_CATEGORY ( 'part', '', ( #5178 ) ) ;
#3926 = CONTEXT_DEPENDENT_SHAPE_REPRESENTATION ( #3008, #736 ) ;
#3927 = DIRECTION ( 'NONE',  ( -0.0000000000000000000, 0.0000000000000000000, -1.000000000000000000 ) ) ;
#3928 = AXIS2_PLACEMENT_3D ( 'NONE', #1141, #4881, #7244 ) ;
#3929 = DIRECTION ( 'NONE',  ( 0.0000000000000000000, 0.0000000000000000000, 1.000000000000000000 ) ) ;
#3930 = STYLED_ITEM ( 'NONE', ( #7131 ), #4116 ) ;
#3931 = APPLICATION_PROTOCOL_DEFINITION ( 'draft international standard', 'automotive_design', 1998, #6673 ) ;
#3932 = PRODUCT_DEFINITION_SHAPE ( 'NONE', 'NONE',  #7607 ) ;
#3933 = CARTESIAN_POINT ( 'NONE',  ( 0.001000760000000000278, 0.0000000000000000000, 0.0000000000000000000 ) ) ;
#3934 = AXIS2_PLACEMENT_3D ( 'NONE', #5463, #7300, #7258 ) ;
#3935 = PRODUCT_RELATED_PRODUCT_CATEGORY ( 'part', '', ( #6370 ) ) ;
#3936 = PRODUCT_RELATED_PRODUCT_CATEGORY ( 'part', '', ( #4119 ) ) ;
#3937 = DIRECTION ( 'NONE',  ( 1.000000000000000000, 0.0000000000000000000, 0.0000000000000000000 ) ) ;
#3938 =( REPRESENTATION_RELATIONSHIP ('NONE','NONE', #3375, #5226 ) REPRESENTATION_RELATIONSHIP_WITH_TRANSFORMATION ( #4450 )SHAPE_REPRESENTATION_RELATIONSHIP( ) );
#3939 = AXIS2_PLACEMENT_3D ( 'NONE', #3241, #6837, #153 ) ;
#3940 = EDGE_LOOP ( 'NONE', ( #2862, #1283, #215, #425 ) ) ;
#3941 = AXIS2_PLACEMENT_3D ( 'NONE', #6084, #70, #4074 ) ;
#3942 = SHAPE_DEFINITION_REPRESENTATION ( #5738, #6884 ) ;
#3943 = EDGE_CURVE ( 'NONE', #3178, #7145, #6995, .T. ) ;
#3944 = AXIS2_PLACEMENT_3D ( 'NONE', #3194, #5571, #2497 ) ;
#3945 = LINE ( 'NONE', #5652, #1937 ) ;
#3946 = PRODUCT_CONTEXT ( 'NONE', #4609, 'mechanical' ) ;
#3947 = APPLICATION_PROTOCOL_DEFINITION ( 'draft international standard', 'automotive_design', 1998, #830 ) ;
#3948 = PRODUCT_DEFINITION_SHAPE ( 'NONE', 'NONE',  #7749 ) ;
#3949 = CARTESIAN_POINT ( 'NONE',  ( 0.0000000000000000000, 0.0000000000000000000, 0.0000000000000000000 ) ) ;
#3950 = CONTEXT_DEPENDENT_SHAPE_REPRESENTATION ( #5220, #5295 ) ;
#3951 = APPLICATION_CONTEXT ( 'automotive_design' ) ;
#3952 = DIRECTION ( 'NONE',  ( 1.000000000000000000, 0.0000000000000000000, 0.0000000000000000000 ) ) ;
#3953 = EDGE_LOOP ( 'NONE', ( #3300, #3489, #595, #5130 ) ) ;
#3954 = SHAPE_DEFINITION_REPRESENTATION ( #4394, #4268 ) ;
#3955 = UNCERTAINTY_MEASURE_WITH_UNIT (LENGTH_MEASURE( 1.000000000000000082E-05 ), #4595, 'distance_accuracy_value', 'NONE');
#3956 = PRODUCT_DEFINITION_SHAPE ( 'NONE', 'NONE',  #7479 ) ;
#3957 =( GEOMETRIC_REPRESENTATION_CONTEXT ( 3 ) GLOBAL_UNCERTAINTY_ASSIGNED_CONTEXT ( ( #3059 ) ) GLOBAL_UNIT_ASSIGNED_CONTEXT ( ( #3076, #878, #5743 ) ) REPRESENTATION_CONTEXT ( 'NONE', 'WORKASPACE' ) );
#3958 = SHAPE_REPRESENTATION ( 'PINTSOP2-55', ( #2372, #1355, #2888 ), #3376 ) ;
#3959 = CARTESIAN_POINT ( 'NONE',  ( -11.10999810000000032, -5.080000000000000071, 0.0000000000000000000 ) ) ;
#3960 = AXIS2_PLACEMENT_3D ( 'NONE', #1746, #4824, #3058 ) ;
#3961 = DIRECTION ( 'NONE',  ( -2.220446049250000002E-16, -1.000000000000000000, 0.0000000000000000000 ) ) ;
#3962 = PRODUCT ( 'PINTSOP2-55', 'PINTSOP2-55', '', ( #4026 ) ) ;
#3963 = SHAPE_DEFINITION_REPRESENTATION ( #2574, #4648 ) ;
#3964 = PLANE ( 'NONE',  #2295 ) ;
#3965 = PRODUCT_DEFINITION_SHAPE ( 'NONE', 'NONE',  #7665 ) ;
#3966 = CONTEXT_DEPENDENT_SHAPE_REPRESENTATION ( #7361, #2248 ) ;
#3967 =( NAMED_UNIT ( * ) PLANE_ANGLE_UNIT ( ) SI_UNIT ( $, .RADIAN. ) );
#3968 = DIRECTION ( 'NONE',  ( -0.0000000000000000000, 1.000000000000000000, 0.0000000000000000000 ) ) ;
#3969 = PRODUCT_DEFINITION_SHAPE ( 'NONE', 'NONE',  #7568 ) ;
#3970 = ORIENTED_EDGE ( 'NONE', *, *, #1336, .F. ) ;
#3971 = CARTESIAN_POINT ( 'NONE',  ( 0.0000000000000000000, 0.0000000000000000000, 0.0000000000000000000 ) ) ;
#3972 = PRODUCT_RELATED_PRODUCT_CATEGORY ( 'part', '', ( #2532 ) ) ;
#3973 = SHAPE_DEFINITION_REPRESENTATION ( #4180, #4972 ) ;
#3974 = PRODUCT_RELATED_PRODUCT_CATEGORY ( 'part', '', ( #6206 ) ) ;
#3975 = UNCERTAINTY_MEASURE_WITH_UNIT (LENGTH_MEASURE( 1.000000000000000082E-05 ), #1069, 'distance_accuracy_value', 'NONE');
#3976 = PRODUCT ( 'Free-Models5', 'Free-Models5', '', ( #65 ) ) ;
#3977 =( REPRESENTATION_RELATIONSHIP ('NONE','NONE', #3283, #5243 ) REPRESENTATION_RELATIONSHIP_WITH_TRANSFORMATION ( #2715 )SHAPE_REPRESENTATION_RELATIONSHIP( ) );
#3978 = DIRECTION ( 'NONE',  ( 0.0000000000000000000, 0.0000000000000000000, 1.000000000000000000 ) ) ;
#3979 =( LENGTH_UNIT ( ) NAMED_UNIT ( * ) SI_UNIT ( .MILLI., .METRE. ) );
#3980 = DIRECTION ( 'NONE',  ( -1.000000000000000000, 0.0000000000000000000, -0.0000000000000000000 ) ) ;
#3981 = APPLICATION_PROTOCOL_DEFINITION ( 'draft international standard', 'automotive_design', 1998, #2520 ) ;
#3982 = APPLICATION_PROTOCOL_DEFINITION ( 'draft international standard', 'automotive_design', 1998, #7242 ) ;
#3983 = PRODUCT_RELATED_PRODUCT_CATEGORY ( 'part', '', ( #2418 ) ) ;
#3984 =( GEOMETRIC_REPRESENTATION_CONTEXT ( 3 ) GLOBAL_UNCERTAINTY_ASSIGNED_CONTEXT ( ( #4834 ) ) GLOBAL_UNIT_ASSIGNED_CONTEXT ( ( #2533, #1523, #2172 ) ) REPRESENTATION_CONTEXT ( 'NONE', 'WORKASPACE' ) );
#3985 = DIRECTION ( 'NONE',  ( 1.000000000000000000, 0.0000000000000000000, 0.0000000000000000000 ) ) ;
#3986 = APPLICATION_CONTEXT ( 'automotive_design' ) ;
#3987 = DIRECTION ( 'NONE',  ( 1.000000000000000000, 0.0000000000000000000, 0.0000000000000000000 ) ) ;
#3988 = CARTESIAN_POINT ( 'NONE',  ( -1.084202172485504434E-16, 1.084202172485504434E-16, -0.4038599999999998302 ) ) ;
#3989 = SURFACE_STYLE_USAGE ( .BOTH. , #1079 ) ;
#3990 = AXIS2_PLACEMENT_3D ( 'NONE', #5049, #3978, #4592 ) ;
#3991 = ORIENTED_EDGE ( 'NONE', *, *, #4202, .F. ) ;
#3992 = APPLICATION_PROTOCOL_DEFINITION ( 'draft international standard', 'automotive_design', 1998, #6417 ) ;
#3993 = PRODUCT_DEFINITION_SHAPE ( 'NONE', 'NONE',  #6204 ) ;
#3994 = PRODUCT_DEFINITION_SHAPE ( 'NONE', 'NONE',  #7686 ) ;
#3995 = ITEM_DEFINED_TRANSFORMATION ( 'NONE', 'NONE', #3295,  #4271 ) ;
#3996 = DIRECTION ( 'NONE',  ( 0.0000000000000000000, 0.0000000000000000000, 1.000000000000000000 ) ) ;
#3997 =( NAMED_UNIT ( * ) SI_UNIT ( $, .STERADIAN. ) SOLID_ANGLE_UNIT ( ) );
#3998 =( GEOMETRIC_REPRESENTATION_CONTEXT ( 3 ) GLOBAL_UNCERTAINTY_ASSIGNED_CONTEXT ( ( #7142 ) ) GLOBAL_UNIT_ASSIGNED_CONTEXT ( ( #3298, #214, #5038 ) ) REPRESENTATION_CONTEXT ( 'NONE', 'WORKASPACE' ) );
#3999 = AXIS2_PLACEMENT_3D ( 'NONE', #2097, #6296, #3344 ) ;
#4000 = PRODUCT_DEFINITION_CONTEXT ( 'detailed design', #5490, 'design' ) ;
#4001 = CARTESIAN_POINT ( 'NONE',  ( -11.10999810000000032, -5.080000000000000071, 0.0000000000000000000 ) ) ;
#4002 = CARTESIAN_POINT ( 'NONE',  ( 7.936679579999999845, -0.3050006599999999790, -0.4872999999999999554 ) ) ;
#4003 = CARTESIAN_POINT ( 'NONE',  ( 0.0000000000000000000, 0.0000000000000000000, 0.0000000000000000000 ) ) ;
#4004 = PRODUCT_DEFINITION_FORMATION_WITH_SPECIFIED_SOURCE ( 'ANY', '', #1848, .NOT_KNOWN. ) ;
#4005 = ITEM_DEFINED_TRANSFORMATION ( 'NONE', 'NONE', #7153,  #1948 ) ;
#4006 = AXIS2_PLACEMENT_3D ( 'NONE', #2832, #5222, #4021 ) ;
#4007 = CARTESIAN_POINT ( 'NONE',  ( 0.0000000000000000000, 0.0000000000000000000, 0.0000000000000000000 ) ) ;
#4008 = PLANE ( 'NONE',  #4790 ) ;
#4009 = APPLICATION_CONTEXT ( 'automotive_design' ) ;
#4010 = PRODUCT ( '352644049', '352644049', '', ( #6643 ) ) ;
#4011 = MANIFOLD_SOLID_BREP ( 'Imported1', #6828 ) ;
#4012 =( REPRESENTATION_RELATIONSHIP ('NONE','NONE', #5806, #6270 ) REPRESENTATION_RELATIONSHIP_WITH_TRANSFORMATION ( #3543 )SHAPE_REPRESENTATION_RELATIONSHIP( ) );
#4013 = PRODUCT_DEFINITION_FORMATION_WITH_SPECIFIED_SOURCE ( 'ANY', '', #996, .NOT_KNOWN. ) ;
#4014 = ORIENTED_EDGE ( 'NONE', *, *, #2415, .T. ) ;
#4015 = CARTESIAN_POINT ( 'NONE',  ( 0.0000000000000000000, 0.0000000000000000000, 0.0000000000000000000 ) ) ;
#4016 = PRODUCT_CONTEXT ( 'NONE', #6789, 'mechanical' ) ;
#4017 =( GEOMETRIC_REPRESENTATION_CONTEXT ( 3 ) GLOBAL_UNCERTAINTY_ASSIGNED_CONTEXT ( ( #6842 ) ) GLOBAL_UNIT_ASSIGNED_CONTEXT ( ( #1986, #3705, #4885 ) ) REPRESENTATION_CONTEXT ( 'NONE', 'WORKASPACE' ) );
#4018 = DIRECTION ( 'NONE',  ( 0.0000000000000000000, 0.0000000000000000000, 1.000000000000000000 ) ) ;
#4019 =( NAMED_UNIT ( * ) PLANE_ANGLE_UNIT ( ) SI_UNIT ( $, .RADIAN. ) );
#4020 = PRODUCT_DEFINITION_FORMATION_WITH_SPECIFIED_SOURCE ( 'ANY', '', #279, .NOT_KNOWN. ) ;
#4021 = DIRECTION ( 'NONE',  ( 1.000000000000000000, 0.0000000000000000000, 0.0000000000000000000 ) ) ;
#4022 = PRODUCT_RELATED_PRODUCT_CATEGORY ( 'part', '', ( #4010 ) ) ;
#4023 = PRODUCT_DEFINITION_SHAPE ( 'NONE', 'NONE',  #7506 ) ;
#4024 = SHAPE_DEFINITION_REPRESENTATION ( #2112, #4383 ) ;
#4025 = APPLICATION_PROTOCOL_DEFINITION ( 'draft international standard', 'automotive_design', 1998, #3466 ) ;
#4026 = PRODUCT_CONTEXT ( 'NONE', #4758, 'mechanical' ) ;
#4027 = EDGE_LOOP ( 'NONE', ( #3257, #3067, #6687, #1186 ) ) ;
#4028 = DIRECTION ( 'NONE',  ( 0.0000000000000000000, 0.0000000000000000000, 1.000000000000000000 ) ) ;
#4029 =( NAMED_UNIT ( * ) PLANE_ANGLE_UNIT ( ) SI_UNIT ( $, .RADIAN. ) );
#4030 =( REPRESENTATION_RELATIONSHIP ('NONE','NONE', #4137, #6020 ) REPRESENTATION_RELATIONSHIP_WITH_TRANSFORMATION ( #4255 )SHAPE_REPRESENTATION_RELATIONSHIP( ) );
#4031 =( NAMED_UNIT ( * ) PLANE_ANGLE_UNIT ( ) SI_UNIT ( $, .RADIAN. ) );
#4032 = PRODUCT_DEFINITION_SHAPE ( 'NONE', 'NONE',  #6796 ) ;
#4033 = AXIS2_PLACEMENT_3D ( 'NONE', #3230, #3929, #6342 ) ;
#4034 =( LENGTH_UNIT ( ) NAMED_UNIT ( * ) SI_UNIT ( .MILLI., .METRE. ) );
#4035 = PRODUCT_DEFINITION_SHAPE ( 'NONE', 'NONE',  #5245 ) ;
#4036 = PRODUCT_DEFINITION ( 'UNKNOWN', '', #6792, #2921 ) ;
#4037 = DIRECTION ( 'NONE',  ( 0.0000000000000000000, -0.0000000000000000000, 1.000000000000000000 ) ) ;
#4038 =( NAMED_UNIT ( * ) SI_UNIT ( $, .STERADIAN. ) SOLID_ANGLE_UNIT ( ) );
#4039 = DIRECTION ( 'NONE',  ( 0.0000000000000000000, 0.0000000000000000000, 1.000000000000000000 ) ) ;
#4040 = AXIS2_PLACEMENT_3D ( 'NONE', #3458, #4676, #5854 ) ;
#4041 = VERTEX_POINT ( 'NONE', #565 ) ;
#4042 = PRODUCT_DEFINITION_SHAPE ( 'NONE', 'NONE',  #7660 ) ;
#4043 = SHAPE_DEFINITION_REPRESENTATION ( #5730, #6139 ) ;
#4044 = CONTEXT_DEPENDENT_SHAPE_REPRESENTATION ( #1725, #6189 ) ;
#4045 =( REPRESENTATION_RELATIONSHIP ('NONE','NONE', #7200, #6270 ) REPRESENTATION_RELATIONSHIP_WITH_TRANSFORMATION ( #3607 )SHAPE_REPRESENTATION_RELATIONSHIP( ) );
#4046 = DIRECTION ( 'NONE',  ( 0.0000000000000000000, 0.0000000000000000000, 1.000000000000000000 ) ) ;
#4047 = VECTOR ( 'NONE', #2775, 1000.000000000000000 ) ;
#4048 = MANIFOLD_SOLID_BREP ( 'Imported1', #7202 ) ;
#4049 = PRODUCT_DEFINITION_SHAPE ( 'NONE', 'NONE',  #7569 ) ;
#4050 = EDGE_CURVE ( 'NONE', #2150, #6768, #6240, .T. ) ;
#4051 = DIRECTION ( 'NONE',  ( 1.000000000000000000, -1.110223024625000001E-16, 1.110223024625000001E-16 ) ) ;
#4052 = APPLICATION_PROTOCOL_DEFINITION ( 'draft international standard', 'automotive_design', 1998, #3770 ) ;
#4053 = VECTOR ( 'NONE', #5375, 1000.000000000000000 ) ;
#4054 = PRESENTATION_STYLE_ASSIGNMENT (( #3274 ) ) ;
#4055 = APPLICATION_CONTEXT ( 'automotive_design' ) ;
#4056 =( REPRESENTATION_RELATIONSHIP ('NONE','NONE', #6020, #5226 ) REPRESENTATION_RELATIONSHIP_WITH_TRANSFORMATION ( #784 )SHAPE_REPRESENTATION_RELATIONSHIP( ) );
#4057 = CONTEXT_DEPENDENT_SHAPE_REPRESENTATION ( #4094, #1765 ) ;
#4058 = CONTEXT_DEPENDENT_SHAPE_REPRESENTATION ( #5576, #2890 ) ;
#4059 = VECTOR ( 'NONE', #1260, 1000.000000000000227 ) ;
#4060 = PRESENTATION_STYLE_ASSIGNMENT (( #5808 ) ) ;
#4061 = CARTESIAN_POINT ( 'NONE',  ( 0.0000000000000000000, 0.0000000000000000000, 0.0000000000000000000 ) ) ;
#4062 =( GEOMETRIC_REPRESENTATION_CONTEXT ( 3 ) GLOBAL_UNCERTAINTY_ASSIGNED_CONTEXT ( ( #2611 ) ) GLOBAL_UNIT_ASSIGNED_CONTEXT ( ( #2767, #6059, #4690 ) ) REPRESENTATION_CONTEXT ( 'NONE', 'WORKASPACE' ) );
#4063 = VECTOR ( 'NONE', #5892, 1000.000000000000000 ) ;
#4064 = APPLICATION_CONTEXT ( 'automotive_design' ) ;
#4065 = UNCERTAINTY_MEASURE_WITH_UNIT (LENGTH_MEASURE( 1.000000000000000082E-05 ), #5405, 'distance_accuracy_value', 'NONE');
#4066 = CARTESIAN_POINT ( 'NONE',  ( 0.0000000000000000000, 0.0000000000000000000, 0.0000000000000000000 ) ) ;
#4067 = PLANE ( 'NONE',  #6075 ) ;
#4068 = PRODUCT ( 'Free-Models5', 'Free-Models5', '', ( #4721 ) ) ;
#4069 = CARTESIAN_POINT ( 'NONE',  ( 0.0000000000000000000, 0.0000000000000000000, 0.0000000000000000000 ) ) ;
#4070 = PRODUCT_DEFINITION_SHAPE ( 'NONE', 'NONE',  #7702 ) ;
#4071 = APPLICATION_PROTOCOL_DEFINITION ( 'draft international standard', 'automotive_design', 1998, #7404 ) ;
#4072 = SHAPE_DEFINITION_REPRESENTATION ( #2670, #393 ) ;
#4073 =( NAMED_UNIT ( * ) SI_UNIT ( $, .STERADIAN. ) SOLID_ANGLE_UNIT ( ) );
#4074 = DIRECTION ( 'NONE',  ( 1.000000000000000000, 0.0000000000000000000, 0.0000000000000000000 ) ) ;
#4075 = CARTESIAN_POINT ( 'NONE',  ( 0.0000000000000000000, 0.0000000000000000000, 0.0000000000000000000 ) ) ;
#4076 = CONTEXT_DEPENDENT_SHAPE_REPRESENTATION ( #5728, #1021 ) ;
#4077 = DIRECTION ( 'NONE',  ( 1.000000000000000000, 0.0000000000000000000, 0.0000000000000000000 ) ) ;
#4078 = PLANE ( 'NONE',  #4912 ) ;
#4079 = ORIENTED_EDGE ( 'NONE', *, *, #448, .T. ) ;
#4080 =( REPRESENTATION_RELATIONSHIP ('NONE','NONE', #5477, #5093 ) REPRESENTATION_RELATIONSHIP_WITH_TRANSFORMATION ( #2895 )SHAPE_REPRESENTATION_RELATIONSHIP( ) );
#4081 = SHAPE_DEFINITION_REPRESENTATION ( #7102, #5299 ) ;
#4082 = PRODUCT_DEFINITION_SHAPE ( 'NONE', 'NONE',  #7644 ) ;
#4083 = UNCERTAINTY_MEASURE_WITH_UNIT (LENGTH_MEASURE( 1.000000000000000082E-05 ), #1340, 'distance_accuracy_value', 'NONE');
#4084 = ITEM_DEFINED_TRANSFORMATION ( 'NONE', 'NONE', #6566,  #4897 ) ;
#4085 = PRODUCT_RELATED_PRODUCT_CATEGORY ( 'part', '', ( #5316 ) ) ;
#4086 = PRODUCT_RELATED_PRODUCT_CATEGORY ( 'part', '', ( #3012 ) ) ;
#4087 = PRODUCT_DEFINITION_CONTEXT ( 'detailed design', #2777, 'design' ) ;
#4088 = CARTESIAN_POINT ( 'NONE',  ( 0.0000000000000000000, 0.0000000000000000000, 0.0000000000000000000 ) ) ;
#4089 = PRODUCT_DEFINITION_SHAPE ( 'NONE', 'NONE',  #2170 ) ;
#4090 = SHAPE_REPRESENTATION ( '352644049', ( #1920, #400 ), #4554 ) ;
#4091 = DIRECTION ( 'NONE',  ( -1.000000000000000000, 2.220446049250000002E-16, 1.110223024625000001E-16 ) ) ;
#4092 = AXIS2_PLACEMENT_3D ( 'NONE', #5328, #311, #276 ) ;
#4093 =( NAMED_UNIT ( * ) SI_UNIT ( $, .STERADIAN. ) SOLID_ANGLE_UNIT ( ) );
#4094 =( REPRESENTATION_RELATIONSHIP ('NONE','NONE', #2800, #610 ) REPRESENTATION_RELATIONSHIP_WITH_TRANSFORMATION ( #4704 )SHAPE_REPRESENTATION_RELATIONSHIP( ) );
#4095 = ADVANCED_FACE ( 'NONE', ( #2868 ), #4067, .T. ) ;
#4096 = DIRECTION ( 'NONE',  ( 1.000000000000000000, 0.0000000000000000000, 0.0000000000000000000 ) ) ;
#4097 = COLOUR_RGB ( '',0.7529411764705882248, 0.7529411764705882248, 0.7529411764705882248 ) ;
#4098 = SURFACE_STYLE_FILL_AREA ( #1699 ) ;
#4099 = PRODUCT ( 'BODYTSOP2-55', 'BODYTSOP2-55', '', ( #2293 ) ) ;
#4100 =( GEOMETRIC_REPRESENTATION_CONTEXT ( 3 ) GLOBAL_UNCERTAINTY_ASSIGNED_CONTEXT ( ( #761 ) ) GLOBAL_UNIT_ASSIGNED_CONTEXT ( ( #3007, #679, #3091 ) ) REPRESENTATION_CONTEXT ( 'NONE', 'WORKASPACE' ) );
#4101 = PRODUCT_DEFINITION_CONTEXT ( 'detailed design', #7278, 'design' ) ;
#4102 = MANIFOLD_SOLID_BREP ( 'Imported1', #3811 ) ;
#4103 = CARTESIAN_POINT ( 'NONE',  ( 0.001000760000000000278, 0.001000760000000000278, 0.4165599999999999858 ) ) ;
#4104 = PRODUCT_DEFINITION_SHAPE ( 'NONE', 'NONE',  #6595 ) ;
#4105 = CONTEXT_DEPENDENT_SHAPE_REPRESENTATION ( #3128, #579 ) ;
#4106 = APPLICATION_CONTEXT ( 'automotive_design' ) ;
#4107 = DIRECTION ( 'NONE',  ( 0.0000000000000000000, 0.0000000000000000000, 1.000000000000000000 ) ) ;
#4108 = PRODUCT_DEFINITION_SHAPE ( 'NONE', 'NONE',  #945 ) ;
#4109 = PRODUCT_DEFINITION_SHAPE ( 'NONE', 'NONE',  #7654 ) ;
#4110 = DIRECTION ( 'NONE',  ( 0.0000000000000000000, 0.0000000000000000000, 1.000000000000000000 ) ) ;
#4111 = DIRECTION ( 'NONE',  ( 0.0000000000000000000, 0.0000000000000000000, 1.000000000000000000 ) ) ;
#4112 = DIRECTION ( 'NONE',  ( 0.0000000000000000000, 0.0000000000000000000, 1.000000000000000000 ) ) ;
#4113 = PRODUCT_CONTEXT ( 'NONE', #2464, 'mechanical' ) ;
#4114 = DIRECTION ( 'NONE',  ( 1.000000000000000000, 0.0000000000000000000, 0.0000000000000000000 ) ) ;
#4115 = CARTESIAN_POINT ( 'NONE',  ( 0.0000000000000000000, 0.0000000000000000000, 0.0000000000000000000 ) ) ;
#4116 = MANIFOLD_SOLID_BREP ( 'Imported1', #413 ) ;
#4117 = PRODUCT_DEFINITION_SHAPE ( 'NONE', 'NONE',  #7591 ) ;
#4118 = CARTESIAN_POINT ( 'NONE',  ( 0.0000000000000000000, 0.0000000000000000000, 0.0000000000000000000 ) ) ;
#4119 = PRODUCT ( '352644049', '352644049', '', ( #6192 ) ) ;
#4120 = CARTESIAN_POINT ( 'NONE',  ( 0.0000000000000000000, 0.0000000000000000000, -0.4038600000000000523 ) ) ;
#4121 = ORIENTED_EDGE ( 'NONE', *, *, #5120, .T. ) ;
#4122 = APPLICATION_PROTOCOL_DEFINITION ( 'draft international standard', 'automotive_design', 1998, #699 ) ;
#4123 = CONTEXT_DEPENDENT_SHAPE_REPRESENTATION ( #6872, #4295 ) ;
#4124 = AXIS2_PLACEMENT_3D ( 'NONE', #4738, #2499, #1221 ) ;
#4125 = DIRECTION ( 'NONE',  ( 0.0000000000000000000, 0.0000000000000000000, 1.000000000000000000 ) ) ;
#4126 =( NAMED_UNIT ( * ) SI_UNIT ( $, .STERADIAN. ) SOLID_ANGLE_UNIT ( ) );
#4127 = APPLICATION_CONTEXT ( 'automotive_design' ) ;
#4128 = ITEM_DEFINED_TRANSFORMATION ( 'NONE', 'NONE', #4259,  #494 ) ;
#4129 = DIRECTION ( 'NONE',  ( 1.000000000000000000, 0.0000000000000000000, 0.0000000000000000000 ) ) ;
#4130 = PRODUCT_RELATED_PRODUCT_CATEGORY ( 'part', '', ( #3900 ) ) ;
#4131 = AXIS2_PLACEMENT_3D ( 'NONE', #3509, #3259, #4645 ) ;
#4132 = PRODUCT_RELATED_PRODUCT_CATEGORY ( 'part', '', ( #1742 ) ) ;
#4133 = DIRECTION ( 'NONE',  ( -1.000000000000000000, 2.220446049250000002E-16, 1.110223024625000001E-16 ) ) ;
#4134 = APPLICATION_PROTOCOL_DEFINITION ( 'draft international standard', 'automotive_design', 1998, #6569 ) ;
#4135 = DIRECTION ( 'NONE',  ( 0.0000000000000000000, 0.0000000000000000000, 1.000000000000000000 ) ) ;
#4136 = AXIS2_PLACEMENT_3D ( 'NONE', #5602, #222, #3827 ) ;
#4137 = SHAPE_REPRESENTATION ( 'Free-Models3', ( #4931, #4033, #5429, #1520, #7188, #6690, #647, #3800, #3795, #5181, #3285, #2550, #6951, #1783, #6814, #4422, #2047, #6433, #3042, #7068, #7428, #5060, #31, #1658, #3661, #6698, #1020, #1525, #5694, #4426, #890, #3541, #6566, #1149, #5572, #6821, #6062, #6437, #3295, #5930, #1787, #3670, #4685, #1925, #529, #2930, #5065, #2554, #3049, #405, #2036, #1664, #2054, #7433, #3172, #288, #4301 ), #2813 ) ;
#4138 = DIRECTION ( 'NONE',  ( 0.0000000000000000000, 0.0000000000000000000, 1.000000000000000000 ) ) ;
#4139 = AXIS2_PLACEMENT_3D ( 'NONE', #2468, #1190, #6038 ) ;
#4140 = PRODUCT_DEFINITION_SHAPE ( 'NONE', 'NONE',  #7350 ) ;
#4141 = CONTEXT_DEPENDENT_SHAPE_REPRESENTATION ( #619, #1599 ) ;
#4142 = ITEM_DEFINED_TRANSFORMATION ( 'NONE', 'NONE', #2452,  #1948 ) ;
#4143 = EDGE_CURVE ( 'NONE', #6372, #4748, #2828, .T. ) ;
#4144 =( GEOMETRIC_REPRESENTATION_CONTEXT ( 3 ) GLOBAL_UNCERTAINTY_ASSIGNED_CONTEXT ( ( #2431 ) ) GLOBAL_UNIT_ASSIGNED_CONTEXT ( ( #3099, #1927, #1313 ) ) REPRESENTATION_CONTEXT ( 'NONE', 'WORKASPACE' ) );
#4145 =( REPRESENTATION_RELATIONSHIP ('NONE','NONE', #3837, #87 ) REPRESENTATION_RELATIONSHIP_WITH_TRANSFORMATION ( #1335 )SHAPE_REPRESENTATION_RELATIONSHIP( ) );
#4146 =( GEOMETRIC_REPRESENTATION_CONTEXT ( 3 ) GLOBAL_UNCERTAINTY_ASSIGNED_CONTEXT ( ( #2094 ) ) GLOBAL_UNIT_ASSIGNED_CONTEXT ( ( #5123, #5091, #5717 ) ) REPRESENTATION_CONTEXT ( 'NONE', 'WORKASPACE' ) );
#4147 =( NAMED_UNIT ( * ) PLANE_ANGLE_UNIT ( ) SI_UNIT ( $, .RADIAN. ) );
#4148 = ITEM_DEFINED_TRANSFORMATION ( 'NONE', 'NONE', #1783,  #2202 ) ;
#4149 = PRODUCT_DEFINITION_FORMATION_WITH_SPECIFIED_SOURCE ( 'ANY', '', #3593, .NOT_KNOWN. ) ;
#4150 = AXIS2_PLACEMENT_3D ( 'NONE', #3094, #7180, #5492 ) ;
#4151 = CARTESIAN_POINT ( 'NONE',  ( 0.0000000000000000000, 0.0000000000000000000, -0.4038599999999989421 ) ) ;
#4152 = SHAPE_REPRESENTATION ( 'Free-Models5', ( #6780, #7392 ), #1240 ) ;
#4153 = CARTESIAN_POINT ( 'NONE',  ( 0.0000000000000000000, 0.0000000000000000000, 0.4165599999999999858 ) ) ;
#4154 = PRODUCT_DEFINITION_FORMATION_WITH_SPECIFIED_SOURCE ( 'ANY', '', #4463, .NOT_KNOWN. ) ;
#4155 = APPLICATION_CONTEXT ( 'automotive_design' ) ;
#4156 =( GEOMETRIC_REPRESENTATION_CONTEXT ( 3 ) GLOBAL_UNCERTAINTY_ASSIGNED_CONTEXT ( ( #1799 ) ) GLOBAL_UNIT_ASSIGNED_CONTEXT ( ( #3979, #2223, #6633 ) ) REPRESENTATION_CONTEXT ( 'NONE', 'WORKASPACE' ) );
#4157 =( REPRESENTATION_RELATIONSHIP ('NONE','NONE', #2631, #6270 ) REPRESENTATION_RELATIONSHIP_WITH_TRANSFORMATION ( #4367 )SHAPE_REPRESENTATION_RELATIONSHIP( ) );
#4158 = SHAPE_DEFINITION_REPRESENTATION ( #3272, #1188 ) ;
#4159 = PRODUCT_DEFINITION_SHAPE ( 'NONE', 'NONE',  #4957 ) ;
#4160 = PRODUCT_DEFINITION_SHAPE ( 'NONE', 'NONE',  #892 ) ;
#4161 = PRODUCT_DEFINITION_FORMATION_WITH_SPECIFIED_SOURCE ( 'ANY', '', #2164, .NOT_KNOWN. ) ;
#4162 = UNCERTAINTY_MEASURE_WITH_UNIT (LENGTH_MEASURE( 1.000000000000000082E-05 ), #6880, 'distance_accuracy_value', 'NONE');
#4163 = ITEM_DEFINED_TRANSFORMATION ( 'NONE', 'NONE', #4616,  #1948 ) ;
#4164 = DIRECTION ( 'NONE',  ( 1.000000000000000000, 0.0000000000000000000, 0.0000000000000000000 ) ) ;
#4165 = SHAPE_REPRESENTATION ( '352644049', ( #4959, #7456 ), #4062 ) ;
#4166 = PRODUCT_RELATED_PRODUCT_CATEGORY ( 'part', '', ( #7125 ) ) ;
#4167 = PRODUCT_DEFINITION_FORMATION_WITH_SPECIFIED_SOURCE ( 'ANY', '', #7351, .NOT_KNOWN. ) ;
#4168 = DIRECTION ( 'NONE',  ( 1.000000000000000000, 0.0000000000000000000, 0.0000000000000000000 ) ) ;
#4169 = APPLICATION_PROTOCOL_DEFINITION ( 'draft international standard', 'automotive_design', 1998, #3852 ) ;
#4170 = PRODUCT_DEFINITION_SHAPE ( 'NONE', 'NONE',  #7481 ) ;
#4171 = PRODUCT_DEFINITION_CONTEXT ( 'detailed design', #6382, 'design' ) ;
#4172 = CARTESIAN_POINT ( 'NONE',  ( 0.001000760000000000278, 0.1510004600000000030, 0.4165599999999999858 ) ) ;
#4173 = DIRECTION ( 'NONE',  ( 1.000000000000000000, 0.0000000000000000000, 0.0000000000000000000 ) ) ;
#4174 = ITEM_DEFINED_TRANSFORMATION ( 'NONE', 'NONE', #5341,  #1948 ) ;
#4175 = DIRECTION ( 'NONE',  ( 1.000000000000000000, 0.0000000000000000000, 0.0000000000000000000 ) ) ;
#4176 = PRODUCT_DEFINITION_CONTEXT ( 'detailed design', #656, 'design' ) ;
#4177 = CONTEXT_DEPENDENT_SHAPE_REPRESENTATION ( #1224, #320 ) ;
#4178 =( GEOMETRIC_REPRESENTATION_CONTEXT ( 3 ) GLOBAL_UNCERTAINTY_ASSIGNED_CONTEXT ( ( #4227 ) ) GLOBAL_UNIT_ASSIGNED_CONTEXT ( ( #2493, #4251, #6146 ) ) REPRESENTATION_CONTEXT ( 'NONE', 'WORKASPACE' ) );
#4179 = DIRECTION ( 'NONE',  ( 1.000000000000000000, -1.110223024625000001E-16, 1.110223024625000001E-16 ) ) ;
#4180 = PRODUCT_DEFINITION_SHAPE ( 'NONE', 'NONE',  #7349 ) ;
#4181 = CARTESIAN_POINT ( 'NONE',  ( 0.0000000000000000000, 0.0000000000000000000, 0.0000000000000000000 ) ) ;
#4182 = APPLICATION_CONTEXT ( 'automotive_design' ) ;
#4183 = CARTESIAN_POINT ( 'NONE',  ( 0.0000000000000000000, 0.0000000000000000000, 0.0000000000000000000 ) ) ;
#4184 = ITEM_DEFINED_TRANSFORMATION ( 'NONE', 'NONE', #2905,  #1948 ) ;
#4185 = PRODUCT_DEFINITION_CONTEXT ( 'detailed design', #6898, 'design' ) ;
#4186 = DIRECTION ( 'NONE',  ( 0.0000000000000000000, 0.0000000000000000000, 1.000000000000000000 ) ) ;
#4187 = DIRECTION ( 'NONE',  ( 0.0000000000000000000, 0.0000000000000000000, 1.000000000000000000 ) ) ;
#4188 = PRODUCT_DEFINITION_SHAPE ( 'NONE', 'NONE',  #7564 ) ;
#4189 = ORIENTED_EDGE ( 'NONE', *, *, #6079, .T. ) ;
#4190 = DIRECTION ( 'NONE',  ( 0.0000000000000000000, 0.0000000000000000000, 1.000000000000000000 ) ) ;
#4191 = SHAPE_REPRESENTATION ( 'PINTSOP2-55', ( #7400, #5655, #5030 ), #127 ) ;
#4192 = PRODUCT_RELATED_PRODUCT_CATEGORY ( 'part', '', ( #279 ) ) ;
#4193 = PRODUCT_DEFINITION ( 'UNKNOWN', '', #6156, #2848 ) ;
#4194 = AXIS2_PLACEMENT_3D ( 'NONE', #7018, #2823, #4655 ) ;
#4195 = PRODUCT ( 'Free-Models5', 'Free-Models5', '', ( #1331 ) ) ;
#4196 = AXIS2_PLACEMENT_3D ( 'NONE', #3456, #462, #2877 ) ;
#4197 = APPLICATION_CONTEXT ( 'automotive_design' ) ;
#4198 = FILL_AREA_STYLE ('',( #1790 ) ) ;
#4199 = AXIS2_PLACEMENT_3D ( 'NONE', #5458, #4112, #77 ) ;
#4200 = VECTOR ( 'NONE', #1183, 1000.000000000000000 ) ;
#4201 = PRODUCT_CONTEXT ( 'NONE', #2344, 'mechanical' ) ;
#4202 = EDGE_CURVE ( 'NONE', #3184, #4911, #5869, .T. ) ;
#4203 = AXIS2_PLACEMENT_3D ( 'NONE', #1166, #2993, #6613 ) ;
#4204 =( GEOMETRIC_REPRESENTATION_CONTEXT ( 3 ) GLOBAL_UNCERTAINTY_ASSIGNED_CONTEXT ( ( #2743 ) ) GLOBAL_UNIT_ASSIGNED_CONTEXT ( ( #1051, #2316, #5972 ) ) REPRESENTATION_CONTEXT ( 'NONE', 'WORKASPACE' ) );
#4205 = ITEM_DEFINED_TRANSFORMATION ( 'NONE', 'NONE', #5256,  #5117 ) ;
#4206 = PRODUCT_DEFINITION_SHAPE ( 'NONE', 'NONE',  #7632 ) ;
#4207 = PLANE ( 'NONE',  #5705 ) ;
#4208 = DIRECTION ( 'NONE',  ( 1.000000000000000000, 0.0000000000000000000, 0.0000000000000000000 ) ) ;
#4209 =( REPRESENTATION_RELATIONSHIP ('NONE','NONE', #748, #2883 ) REPRESENTATION_RELATIONSHIP_WITH_TRANSFORMATION ( #6891 )SHAPE_REPRESENTATION_RELATIONSHIP( ) );
#4210 = EDGE_LOOP ( 'NONE', ( #2607, #6252, #2006, #4546 ) ) ;
#4211 = UNCERTAINTY_MEASURE_WITH_UNIT (LENGTH_MEASURE( 1.000000000000000082E-05 ), #6345, 'distance_accuracy_value', 'NONE');
#4212 = PRODUCT_DEFINITION_SHAPE ( 'NONE', 'NONE',  #4577 ) ;
#4213 = DIRECTION ( 'NONE',  ( -0.0000000000000000000, -1.000000000000000000, 0.0000000000000000000 ) ) ;
#4214 =( NAMED_UNIT ( * ) PLANE_ANGLE_UNIT ( ) SI_UNIT ( $, .RADIAN. ) );
#4215 = APPLICATION_CONTEXT ( 'automotive_design' ) ;
#4216 = CARTESIAN_POINT ( 'NONE',  ( 14.87469974000000050, 9.485000080000000722, -0.4872999999999999554 ) ) ;
#4217 = UNCERTAINTY_MEASURE_WITH_UNIT (LENGTH_MEASURE( 1.000000000000000082E-05 ), #1446, 'distance_accuracy_value', 'NONE');
#4218 = DIRECTION ( 'NONE',  ( 0.0000000000000000000, 0.0000000000000000000, 1.000000000000000000 ) ) ;
#4219 = DIRECTION ( 'NONE',  ( 0.0000000000000000000, 0.0000000000000000000, 1.000000000000000000 ) ) ;
#4220 = CARTESIAN_POINT ( 'NONE',  ( -0.06999985999999999708, 0.1849983600000000006, 0.0000000000000000000 ) ) ;
#4221 = APPLICATION_PROTOCOL_DEFINITION ( 'draft international standard', 'automotive_design', 1998, #4064 ) ;
#4222 = APPLICATION_CONTEXT ( 'automotive_design' ) ;
#4223 = DIRECTION ( 'NONE',  ( 0.0000000000000000000, 1.000000000000000000, 0.0000000000000000000 ) ) ;
#4224 =( NAMED_UNIT ( * ) PLANE_ANGLE_UNIT ( ) SI_UNIT ( $, .RADIAN. ) );
#4225 =( GEOMETRIC_REPRESENTATION_CONTEXT ( 3 ) GLOBAL_UNCERTAINTY_ASSIGNED_CONTEXT ( ( #6597 ) ) GLOBAL_UNIT_ASSIGNED_CONTEXT ( ( #6443, #1109, #1072 ) ) REPRESENTATION_CONTEXT ( 'NONE', 'WORKASPACE' ) );
#4226 = PRODUCT_DEFINITION_CONTEXT ( 'detailed design', #191, 'design' ) ;
#4227 = UNCERTAINTY_MEASURE_WITH_UNIT (LENGTH_MEASURE( 1.000000000000000082E-05 ), #2493, 'distance_accuracy_value', 'NONE');
#4228 = SHAPE_REPRESENTATION ( 'PINTSOP2-55', ( #5513, #5879, #5762 ), #3749 ) ;
#4229 = PRODUCT_DEFINITION ( 'UNKNOWN', '', #504, #6047 ) ;
#4230 = PRODUCT_DEFINITION_SHAPE ( 'NONE', 'NONE',  #7502 ) ;
#4231 = PRODUCT_DEFINITION ( 'UNKNOWN', '', #6929, #247 ) ;
#4232 = DIRECTION ( 'NONE',  ( 0.0000000000000000000, 0.0000000000000000000, 1.000000000000000000 ) ) ;
#4233 = APPLICATION_PROTOCOL_DEFINITION ( 'draft international standard', 'automotive_design', 1998, #1537 ) ;
#4234 = UNCERTAINTY_MEASURE_WITH_UNIT (LENGTH_MEASURE( 1.000000000000000082E-05 ), #3388, 'distance_accuracy_value', 'NONE');
#4235 = PRODUCT ( 'Free-Models5', 'Free-Models5', '', ( #308 ) ) ;
#4236 = CARTESIAN_POINT ( 'NONE',  ( 0.0000000000000000000, 0.001000760000000000278, 0.0000000000000000000 ) ) ;
#4237 = PRODUCT_RELATED_PRODUCT_CATEGORY ( 'part', '', ( #1657 ) ) ;
#4238 = ORIENTED_EDGE ( 'NONE', *, *, #6079, .F. ) ;
#4239 = PRODUCT_DEFINITION_SHAPE ( 'NONE', 'NONE',  #7680 ) ;
#4240 = APPLICATION_PROTOCOL_DEFINITION ( 'draft international standard', 'automotive_design', 1998, #98 ) ;
#4241 = DIRECTION ( 'NONE',  ( 1.000000000000000000, 0.0000000000000000000, 0.0000000000000000000 ) ) ;
#4242 = DIRECTION ( 'NONE',  ( 0.0000000000000000000, 0.0000000000000000000, 1.000000000000000000 ) ) ;
#4243 = MANIFOLD_SOLID_BREP ( 'Imported1', #2820 ) ;
#4244 =( REPRESENTATION_RELATIONSHIP ('NONE','NONE', #7347, #5226 ) REPRESENTATION_RELATIONSHIP_WITH_TRANSFORMATION ( #3834 )SHAPE_REPRESENTATION_RELATIONSHIP( ) );
#4245 = DIRECTION ( 'NONE',  ( 1.000000000000000000, -1.110223024625000001E-16, 1.110223024625000001E-16 ) ) ;
#4246 = ORIENTED_EDGE ( 'NONE', *, *, #6023, .T. ) ;
#4247 = CONTEXT_DEPENDENT_SHAPE_REPRESENTATION ( #2647, #5011 ) ;
#4248 = ITEM_DEFINED_TRANSFORMATION ( 'NONE', 'NONE', #555,  #1948 ) ;
#4249 = DIRECTION ( 'NONE',  ( 1.000000000000000000, 0.0000000000000000000, 0.0000000000000000000 ) ) ;
#4250 = CARTESIAN_POINT ( 'NONE',  ( 0.001000760000000000278, 0.0000000000000000000, 0.4165599999999999858 ) ) ;
#4251 =( NAMED_UNIT ( * ) PLANE_ANGLE_UNIT ( ) SI_UNIT ( $, .RADIAN. ) );
#4252 = PRODUCT_CONTEXT ( 'NONE', #3167, 'mechanical' ) ;
#4253 = CYLINDRICAL_SURFACE ( 'NONE', #177, 0.5000000000000000000 ) ;
#4254 = AXIS2_PLACEMENT_3D ( 'NONE', #5403, #3003, #6580 ) ;
#4255 = ITEM_DEFINED_TRANSFORMATION ( 'NONE', 'NONE', #3795,  #1037 ) ;
#4256 =( NAMED_UNIT ( * ) SI_UNIT ( $, .STERADIAN. ) SOLID_ANGLE_UNIT ( ) );
#4257 =( GEOMETRIC_REPRESENTATION_CONTEXT ( 3 ) GLOBAL_UNCERTAINTY_ASSIGNED_CONTEXT ( ( #1294 ) ) GLOBAL_UNIT_ASSIGNED_CONTEXT ( ( #6616, #6733, #1206 ) ) REPRESENTATION_CONTEXT ( 'NONE', 'WORKASPACE' ) );
#4258 = DIRECTION ( 'NONE',  ( 0.0000000000000000000, 0.0000000000000000000, 1.000000000000000000 ) ) ;
#4259 = AXIS2_PLACEMENT_3D ( 'NONE', #1654, #4046, #5859 ) ;
#4260 = APPLICATION_CONTEXT ( 'automotive_design' ) ;
#4261 = CARTESIAN_POINT ( 'NONE',  ( 0.0000000000000000000, 0.0000000000000000000, 0.0000000000000000000 ) ) ;
#4262 = APPLICATION_PROTOCOL_DEFINITION ( 'draft international standard', 'automotive_design', 1998, #7265 ) ;
#4263 =( NAMED_UNIT ( * ) PLANE_ANGLE_UNIT ( ) SI_UNIT ( $, .RADIAN. ) );
#4264 = AXIS2_PLACEMENT_3D ( 'NONE', #1515, #3913, #6331 ) ;
#4265 = ITEM_DEFINED_TRANSFORMATION ( 'NONE', 'NONE', #5408,  #4390 ) ;
#4266 = PRODUCT_DEFINITION ( 'UNKNOWN', '', #7290, #6773 ) ;
#4267 = PRODUCT_DEFINITION_FORMATION_WITH_SPECIFIED_SOURCE ( 'ANY', '', #1586, .NOT_KNOWN. ) ;
#4268 = SHAPE_REPRESENTATION ( '352644049', ( #4892, #5771 ), #5393 ) ;
#4269 = PLANE ( 'NONE',  #1416 ) ;
#4270 = PLANE ( 'NONE',  #4584 ) ;
#4271 = AXIS2_PLACEMENT_3D ( 'NONE', #6124, #5180, #4769 ) ;
#4272 = DIRECTION ( 'NONE',  ( 0.0000000000000000000, 0.0000000000000000000, 1.000000000000000000 ) ) ;
#4273 = ORIENTED_EDGE ( 'NONE', *, *, #3048, .T. ) ;
#4274 =( NAMED_UNIT ( * ) SI_UNIT ( $, .STERADIAN. ) SOLID_ANGLE_UNIT ( ) );
#4275 = SHAPE_DEFINITION_REPRESENTATION ( #7240, #3123 ) ;
#4276 = PRODUCT_DEFINITION_FORMATION_WITH_SPECIFIED_SOURCE ( 'ANY', '', #3012, .NOT_KNOWN. ) ;
#4277 = PRODUCT_DEFINITION ( 'UNKNOWN', '', #1507, #6477 ) ;
#4278 = PRODUCT_RELATED_PRODUCT_CATEGORY ( 'part', '', ( #4195 ) ) ;
#4279 = CARTESIAN_POINT ( 'NONE',  ( 0.0000000000000000000, 0.0000000000000000000, 0.0000000000000000000 ) ) ;
#4280 = PRODUCT ( 'Free-Models5', 'Free-Models5', '', ( #3329 ) ) ;
#4281 = ITEM_DEFINED_TRANSFORMATION ( 'NONE', 'NONE', #4139,  #1948 ) ;
#4282 =( GEOMETRIC_REPRESENTATION_CONTEXT ( 3 ) GLOBAL_UNCERTAINTY_ASSIGNED_CONTEXT ( ( #537 ) ) GLOBAL_UNIT_ASSIGNED_CONTEXT ( ( #473, #1211, #2970 ) ) REPRESENTATION_CONTEXT ( 'NONE', 'WORKASPACE' ) );
#4283 = PRODUCT_DEFINITION_FORMATION_WITH_SPECIFIED_SOURCE ( 'ANY', '', #17, .NOT_KNOWN. ) ;
#4284 = DIRECTION ( 'NONE',  ( -2.220446049250000002E-16, -1.000000000000000000, 0.0000000000000000000 ) ) ;
#4285 = AXIS2_PLACEMENT_3D ( 'NONE', #340, #6885, #4561 ) ;
#4286 = ORIENTED_EDGE ( 'NONE', *, *, #4587, .F. ) ;
#4287 = UNCERTAINTY_MEASURE_WITH_UNIT (LENGTH_MEASURE( 1.000000000000000082E-05 ), #435, 'distance_accuracy_value', 'NONE');
#4288 = DIRECTION ( 'NONE',  ( 1.000000000000000000, 0.0000000000000000000, 0.0000000000000000000 ) ) ;
#4289 = DIRECTION ( 'NONE',  ( 0.0000000000000000000, 0.0000000000000000000, 1.000000000000000000 ) ) ;
#4290 = PLANE ( 'NONE',  #898 ) ;
#4291 =( REPRESENTATION_RELATIONSHIP ('NONE','NONE', #4137, #4532 ) REPRESENTATION_RELATIONSHIP_WITH_TRANSFORMATION ( #7149 )SHAPE_REPRESENTATION_RELATIONSHIP( ) );
#4292 = DIRECTION ( 'NONE',  ( 1.000000000000000000, 0.0000000000000000000, 0.0000000000000000000 ) ) ;
#4293 = EDGE_CURVE ( 'NONE', #4317, #2667, #519, .T. ) ;
#4294 =( GEOMETRIC_REPRESENTATION_CONTEXT ( 3 ) GLOBAL_UNCERTAINTY_ASSIGNED_CONTEXT ( ( #1376 ) ) GLOBAL_UNIT_ASSIGNED_CONTEXT ( ( #6582, #3742, #3618 ) ) REPRESENTATION_CONTEXT ( 'NONE', 'WORKASPACE' ) );
#4295 = PRODUCT_DEFINITION_SHAPE ( 'NONE', 'NONE',  #7524 ) ;
#4296 = ITEM_DEFINED_TRANSFORMATION ( 'NONE', 'NONE', #1956,  #3939 ) ;
#4297 = DIRECTION ( 'NONE',  ( -0.0000000000000000000, 1.000000000000000000, 0.0000000000000000000 ) ) ;
#4298 = DIRECTION ( 'NONE',  ( 1.000000000000000000, 0.0000000000000000000, 0.0000000000000000000 ) ) ;
#4299 = APPLICATION_PROTOCOL_DEFINITION ( 'draft international standard', 'automotive_design', 1998, #344 ) ;
#4300 = CARTESIAN_POINT ( 'NONE',  ( 0.001000760000000000278, 0.0000000000000000000, 0.0000000000000000000 ) ) ;
#4301 = AXIS2_PLACEMENT_3D ( 'NONE', #3222, #5597, #7348 ) ;
#4302 = ITEM_DEFINED_TRANSFORMATION ( 'NONE', 'NONE', #4426,  #1614 ) ;
#4303 =( LENGTH_UNIT ( ) NAMED_UNIT ( * ) SI_UNIT ( .MILLI., .METRE. ) );
#4304 =( REPRESENTATION_RELATIONSHIP ('NONE','NONE', #3918, #5345 ) REPRESENTATION_RELATIONSHIP_WITH_TRANSFORMATION ( #2484 )SHAPE_REPRESENTATION_RELATIONSHIP( ) );
#4305 = CONTEXT_DEPENDENT_SHAPE_REPRESENTATION ( #4955, #3730 ) ;
#4306 = VECTOR ( 'NONE', #2369, 1000.000000000000000 ) ;
#4307 = PRODUCT_DEFINITION_SHAPE ( 'NONE', 'NONE',  #7670 ) ;
#4308 = DIRECTION ( 'NONE',  ( 1.000000000000000000, 0.0000000000000000000, 0.0000000000000000000 ) ) ;
#4309 = PRODUCT_CONTEXT ( 'NONE', #4923, 'mechanical' ) ;
#4310 = UNCERTAINTY_MEASURE_WITH_UNIT (LENGTH_MEASURE( 1.000000000000000082E-05 ), #6504, 'distance_accuracy_value', 'NONE');
#4311 = VECTOR ( 'NONE', #2677, 1000.000000000000000 ) ;
#4312 = PRODUCT_DEFINITION_SHAPE ( 'NONE', 'NONE',  #7603 ) ;
#4313 = CARTESIAN_POINT ( 'NONE',  ( 0.001000760000000000278, 0.001000760000000000278, 0.0000000000000000000 ) ) ;
#4314 = COLOUR_RGB ( '',0.7529411764705882248, 0.7529411764705882248, 0.7529411764705882248 ) ;
#4315 = VECTOR ( 'NONE', #138, 1000.000000000000000 ) ;
#4316 = DIRECTION ( 'NONE',  ( 0.0000000000000000000, 0.0000000000000000000, 1.000000000000000000 ) ) ;
#4317 = VERTEX_POINT ( 'NONE', #7168 ) ;
#4318 = APPLICATION_PROTOCOL_DEFINITION ( 'draft international standard', 'automotive_design', 1998, #4536 ) ;
#4319 = CARTESIAN_POINT ( 'NONE',  ( 0.0000000000000000000, 0.0000000000000000000, 0.0000000000000000000 ) ) ;
#4320 =( GEOMETRIC_REPRESENTATION_CONTEXT ( 3 ) GLOBAL_UNCERTAINTY_ASSIGNED_CONTEXT ( ( #1475 ) ) GLOBAL_UNIT_ASSIGNED_CONTEXT ( ( #6012, #6731, #3137 ) ) REPRESENTATION_CONTEXT ( 'NONE', 'WORKASPACE' ) );
#4321 = VECTOR ( 'NONE', #3601, 1000.000000000000000 ) ;
#4322 = DIRECTION ( 'NONE',  ( 1.000000000000000000, 0.0000000000000000000, 0.0000000000000000000 ) ) ;
#4323 = APPLICATION_CONTEXT ( 'automotive_design' ) ;
#4324 = DIRECTION ( 'NONE',  ( 1.110223024625000001E-16, 1.000000000000000000, 0.0000000000000000000 ) ) ;
#4325 = PRODUCT_RELATED_PRODUCT_CATEGORY ( 'part', '', ( #7127 ) ) ;
#4326 = PRODUCT_RELATED_PRODUCT_CATEGORY ( 'part', '', ( #5209 ) ) ;
#4327 = DIRECTION ( 'NONE',  ( 0.0000000000000000000, 0.0000000000000000000, 1.000000000000000000 ) ) ;
#4328 = PRODUCT_DEFINITION_CONTEXT ( 'detailed design', #2976, 'design' ) ;
#4329 = DIRECTION ( 'NONE',  ( 0.0000000000000000000, 0.0000000000000000000, 1.000000000000000000 ) ) ;
#4330 = PRODUCT_DEFINITION_SHAPE ( 'NONE', 'NONE',  #7255 ) ;
#4331 = PRODUCT_DEFINITION_SHAPE ( 'NONE', 'NONE',  #7736 ) ;
#4332 = DIRECTION ( 'NONE',  ( 0.0000000000000000000, 0.0000000000000000000, 1.000000000000000000 ) ) ;
#4333 = DIRECTION ( 'NONE',  ( 1.000000000000000000, 0.0000000000000000000, -0.0000000000000000000 ) ) ;
#4334 = SHAPE_DEFINITION_REPRESENTATION ( #2942, #3090 ) ;
#4335 = ADVANCED_FACE ( 'NONE', ( #5905 ), #1095, .T. ) ;
#4336 = DIRECTION ( 'NONE',  ( -0.09950371902099891530, -0.9950371902099890420, 0.0000000000000000000 ) ) ;
#4337 =( REPRESENTATION_RELATIONSHIP ('NONE','NONE', #4137, #3899 ) REPRESENTATION_RELATIONSHIP_WITH_TRANSFORMATION ( #2974 )SHAPE_REPRESENTATION_RELATIONSHIP( ) );
#4338 = CONTEXT_DEPENDENT_SHAPE_REPRESENTATION ( #1578, #4230 ) ;
#4339 = CARTESIAN_POINT ( 'NONE',  ( 0.0000000000000000000, 0.0000000000000000000, 0.0000000000000000000 ) ) ;
#4340 = DIRECTION ( 'NONE',  ( 1.000000000000000000, 0.0000000000000000000, 0.0000000000000000000 ) ) ;
#4341 = CONTEXT_DEPENDENT_SHAPE_REPRESENTATION ( #5250, #3483 ) ;
#4342 = PRODUCT ( 'PINTSOP2-55', 'PINTSOP2-55', '', ( #5995 ) ) ;
#4343 = ITEM_DEFINED_TRANSFORMATION ( 'NONE', 'NONE', #3224,  #1948 ) ;
#4344 = CARTESIAN_POINT ( 'NONE',  ( 0.0000000000000000000, 0.0000000000000000000, 0.0000000000000000000 ) ) ;
#4345 = APPLICATION_PROTOCOL_DEFINITION ( 'draft international standard', 'automotive_design', 1998, #6608 ) ;
#4346 = AXIS2_PLACEMENT_3D ( 'NONE', #7001, #5914, #4114 ) ;
#4347 = PRODUCT ( '352644049', '352644049', '', ( #1806 ) ) ;
#4348 =( REPRESENTATION_RELATIONSHIP ('NONE','NONE', #6550, #1456 ) REPRESENTATION_RELATIONSHIP_WITH_TRANSFORMATION ( #3318 )SHAPE_REPRESENTATION_RELATIONSHIP( ) );
#4349 = DIRECTION ( 'NONE',  ( 0.0000000000000000000, 0.0000000000000000000, 1.000000000000000000 ) ) ;
#4350 =( NAMED_UNIT ( * ) SI_UNIT ( $, .STERADIAN. ) SOLID_ANGLE_UNIT ( ) );
#4351 = LINE ( 'NONE', #6757, #2826 ) ;
#4352 = FACE_OUTER_BOUND ( 'NONE', #4391, .T. ) ;
#4353 = ITEM_DEFINED_TRANSFORMATION ( 'NONE', 'NONE', #2036,  #6801 ) ;
#4354 = PRODUCT_CONTEXT ( 'NONE', #918, 'mechanical' ) ;
#4355 = ORIENTED_EDGE ( 'NONE', *, *, #1995, .T. ) ;
#4356 = SHAPE_DEFINITION_REPRESENTATION ( #333, #261 ) ;
#4357 = PRODUCT_DEFINITION_SHAPE ( 'NONE', 'NONE',  #7520 ) ;
#4358 = APPLICATION_CONTEXT ( 'automotive_design' ) ;
#4359 = SURFACE_STYLE_USAGE ( .BOTH. , #6177 ) ;
#4360 = PRODUCT_DEFINITION_SHAPE ( 'NONE', 'NONE',  #1148 ) ;
#4361 =( NAMED_UNIT ( * ) SI_UNIT ( $, .STERADIAN. ) SOLID_ANGLE_UNIT ( ) );
#4362 = VERTEX_POINT ( 'NONE', #5334 ) ;
#4363 = SHAPE_REPRESENTATION ( 'PINTSOP2-55', ( #349, #2753, #841 ), #1341 ) ;
#4364 = CARTESIAN_POINT ( 'NONE',  ( 0.0000000000000000000, 0.0000000000000000000, 0.0000000000000000000 ) ) ;
#4365 = PRODUCT_DEFINITION_SHAPE ( 'NONE', 'NONE',  #7679 ) ;
#4366 = PRODUCT_RELATED_PRODUCT_CATEGORY ( 'part', '', ( #4730 ) ) ;
#4367 = ITEM_DEFINED_TRANSFORMATION ( 'NONE', 'NONE', #2146,  #1948 ) ;
#4368 =( LENGTH_UNIT ( ) NAMED_UNIT ( * ) SI_UNIT ( .MILLI., .METRE. ) );
#4369 = PRODUCT_RELATED_PRODUCT_CATEGORY ( 'part', '', ( #6411 ) ) ;
#4370 = ITEM_DEFINED_TRANSFORMATION ( 'NONE', 'NONE', #4451,  #5457 ) ;
#4371 = LINE ( 'NONE', #6902, #2831 ) ;
#4372 = DIRECTION ( 'NONE',  ( -2.220446049250000002E-16, -1.000000000000000000, 0.0000000000000000000 ) ) ;
#4373 = PRODUCT_CONTEXT ( 'NONE', #5727, 'mechanical' ) ;
#4374 = CARTESIAN_POINT ( 'NONE',  ( 0.0000000000000000000, 0.0000000000000000000, 0.0000000000000000000 ) ) ;
#4375 =( LENGTH_UNIT ( ) NAMED_UNIT ( * ) SI_UNIT ( .MILLI., .METRE. ) );
#4376 = PRODUCT ( 'Free-Models5', 'Free-Models5', '', ( #2658 ) ) ;
#4377 = EDGE_CURVE ( 'NONE', #7374, #2486, #2218, .T. ) ;
#4378 = CONTEXT_DEPENDENT_SHAPE_REPRESENTATION ( #1845, #6523 ) ;
#4379 =( NAMED_UNIT ( * ) SI_UNIT ( $, .STERADIAN. ) SOLID_ANGLE_UNIT ( ) );
#4380 = SHAPE_DEFINITION_REPRESENTATION ( #6170, #155 ) ;
#4381 = DIRECTION ( 'NONE',  ( 0.0000000000000000000, 0.0000000000000000000, 1.000000000000000000 ) ) ;
#4382 = AXIS2_PLACEMENT_3D ( 'NONE', #7013, #2319, #398 ) ;
#4383 = SHAPE_REPRESENTATION ( '352644049', ( #1758, #5797 ), #6167 ) ;
#4384 = AXIS2_PLACEMENT_3D ( 'NONE', #3587, #1256, #5518 ) ;
#4385 = ADVANCED_FACE ( 'NONE', ( #1618 ), #4008, .F. ) ;
#4386 = FACE_OUTER_BOUND ( 'NONE', #5319, .T. ) ;
#4387 = FACE_OUTER_BOUND ( 'NONE', #2012, .T. ) ;
#4388 = CONTEXT_DEPENDENT_SHAPE_REPRESENTATION ( #6716, #6692 ) ;
#4389 = APPLICATION_PROTOCOL_DEFINITION ( 'draft international standard', 'automotive_design', 1998, #6066 ) ;
#4390 = AXIS2_PLACEMENT_3D ( 'NONE', #6603, #4864, #1195 ) ;
#4391 = EDGE_LOOP ( 'NONE', ( #3882, #5465, #3762, #1348 ) ) ;
#4392 =( REPRESENTATION_RELATIONSHIP ('NONE','NONE', #3283, #5226 ) REPRESENTATION_RELATIONSHIP_WITH_TRANSFORMATION ( #4474 )SHAPE_REPRESENTATION_RELATIONSHIP( ) );
#4393 = SHAPE_DEFINITION_REPRESENTATION ( #1194, #5044 ) ;
#4394 = PRODUCT_DEFINITION_SHAPE ( 'NONE', 'NONE',  #2982 ) ;
#4395 = PRODUCT_DEFINITION_SHAPE ( 'NONE', 'NONE',  #7754 ) ;
#4396 = DIRECTION ( 'NONE',  ( 1.000000000000000000, 0.0000000000000000000, 0.0000000000000000000 ) ) ;
#4397 = PRESENTATION_STYLE_ASSIGNMENT (( #4359 ) ) ;
#4398 = PRODUCT_DEFINITION_FORMATION_WITH_SPECIFIED_SOURCE ( 'ANY', '', #1278, .NOT_KNOWN. ) ;
#4399 = AXIS2_PLACEMENT_3D ( 'NONE', #775, #6368, #1558 ) ;
#4400 = DIRECTION ( 'NONE',  ( 1.000000000000000000, -1.110223024625000001E-16, 1.110223024625000001E-16 ) ) ;
#4401 = PRODUCT_DEFINITION_FORMATION_WITH_SPECIFIED_SOURCE ( 'ANY', '', #4551, .NOT_KNOWN. ) ;
#4402 =( NAMED_UNIT ( * ) SI_UNIT ( $, .STERADIAN. ) SOLID_ANGLE_UNIT ( ) );
#4403 = ORIENTED_EDGE ( 'NONE', *, *, #5969, .F. ) ;
#4404 = APPLICATION_PROTOCOL_DEFINITION ( 'draft international standard', 'automotive_design', 1998, #1588 ) ;
#4405 = APPLICATION_CONTEXT ( 'automotive_design' ) ;
#4406 = PRODUCT ( 'PINTSOP2-55', 'PINTSOP2-55', '', ( #4823 ) ) ;
#4407 = PRODUCT_DEFINITION_CONTEXT ( 'detailed design', #7381, 'design' ) ;
#4408 = PRODUCT_RELATED_PRODUCT_CATEGORY ( 'part', '', ( #2835 ) ) ;
#4409 = PRODUCT_DEFINITION_FORMATION_WITH_SPECIFIED_SOURCE ( 'ANY', '', #403, .NOT_KNOWN. ) ;
#4410 =( NAMED_UNIT ( * ) SI_UNIT ( $, .STERADIAN. ) SOLID_ANGLE_UNIT ( ) );
#4411 = PRODUCT_DEFINITION_CONTEXT ( 'detailed design', #409, 'design' ) ;
#4412 = AXIS2_PLACEMENT_3D ( 'NONE', #1465, #5907, #2008 ) ;
#4413 = DIRECTION ( 'NONE',  ( 1.000000000000000000, 0.0000000000000000000, 0.0000000000000000000 ) ) ;
#4414 = PRODUCT_DEFINITION_SHAPE ( 'NONE', 'NONE',  #6637 ) ;
#4415 = SHAPE_REPRESENTATION ( '352644049', ( #1582, #3893 ), #5978 ) ;
#4416 = DIRECTION ( 'NONE',  ( -0.0000000000000000000, 1.000000000000000000, 0.0000000000000000000 ) ) ;
#4417 = PRODUCT_CONTEXT ( 'NONE', #483, 'mechanical' ) ;
#4418 = PRODUCT_DEFINITION ( 'UNKNOWN', '', #2037, #5805 ) ;
#4419 = DIRECTION ( 'NONE',  ( 1.000000000000000000, 0.0000000000000000000, 0.0000000000000000000 ) ) ;
#4420 = CONTEXT_DEPENDENT_SHAPE_REPRESENTATION ( #3383, #5309 ) ;
#4421 = DIRECTION ( 'NONE',  ( 1.000000000000000000, 0.0000000000000000000, 0.0000000000000000000 ) ) ;
#4422 = AXIS2_PLACEMENT_3D ( 'NONE', #550, #2281, #3498 ) ;
#4423 =( LENGTH_UNIT ( ) NAMED_UNIT ( * ) SI_UNIT ( .MILLI., .METRE. ) );
#4424 = MECHANICAL_DESIGN_GEOMETRIC_PRESENTATION_REPRESENTATION (  '', ( #5598 ), #5720 ) ;
#4425 = DIRECTION ( 'NONE',  ( 1.000000000000000000, 0.0000000000000000000, 0.0000000000000000000 ) ) ;
#4426 = AXIS2_PLACEMENT_3D ( 'NONE', #3111, #636, #3572 ) ;
#4427 = DIRECTION ( 'NONE',  ( 0.0000000000000000000, 0.0000000000000000000, 1.000000000000000000 ) ) ;
#4428 = PRODUCT_RELATED_PRODUCT_CATEGORY ( 'part', '', ( #17 ) ) ;
#4429 = SHAPE_DEFINITION_REPRESENTATION ( #270, #5266 ) ;
#4430 = PRODUCT_RELATED_PRODUCT_CATEGORY ( 'part', '', ( #412 ) ) ;
#4431 = APPLICATION_CONTEXT ( 'automotive_design' ) ;
#4432 = CARTESIAN_POINT ( 'NONE',  ( -0.6199987599999999821, -0.3150006399999999984, 0.0000000000000000000 ) ) ;
#4433 = DIRECTION ( 'NONE',  ( 0.0000000000000000000, 0.0000000000000000000, 1.000000000000000000 ) ) ;
#4434 = DIRECTION ( 'NONE',  ( 0.0000000000000000000, 1.000000000000000000, -0.0000000000000000000 ) ) ;
#4435 = APPLICATION_PROTOCOL_DEFINITION ( 'draft international standard', 'automotive_design', 1998, #987 ) ;
#4436 = MECHANICAL_DESIGN_GEOMETRIC_PRESENTATION_REPRESENTATION (  '', ( #48 ), #6324 ) ;
#4437 = SHAPE_DEFINITION_REPRESENTATION ( #2328, #4228 ) ;
#4438 = EDGE_CURVE ( 'NONE', #5548, #5251, #3086, .T. ) ;
#4439 =( LENGTH_UNIT ( ) NAMED_UNIT ( * ) SI_UNIT ( .MILLI., .METRE. ) );
#4440 = SHAPE_REPRESENTATION_RELATIONSHIP ( 'NONE' , 'NONE' ,  #3490, #6824 ) ;
#4441 =( LENGTH_UNIT ( ) NAMED_UNIT ( * ) SI_UNIT ( .MILLI., .METRE. ) );
#4442 = APPLICATION_CONTEXT ( 'automotive_design' ) ;
#4443 = DIRECTION ( 'NONE',  ( 1.000000000000000000, -1.110223024625000001E-16, 1.110223024625000001E-16 ) ) ;
#4444 = ORIENTED_EDGE ( 'NONE', *, *, #2621, .T. ) ;
#4445 = PRODUCT_CONTEXT ( 'NONE', #6980, 'mechanical' ) ;
#4446 = UNCERTAINTY_MEASURE_WITH_UNIT (LENGTH_MEASURE( 1.000000000000000082E-05 ), #616, 'distance_accuracy_value', 'NONE');
#4447 = AXIS2_PLACEMENT_3D ( 'NONE', #5622, #238, #1434 ) ;
#4448 = DIRECTION ( 'NONE',  ( 1.000000000000000000, 0.0000000000000000000, 0.0000000000000000000 ) ) ;
#4449 = DIRECTION ( 'NONE',  ( 0.0000000000000000000, 0.0000000000000000000, 1.000000000000000000 ) ) ;
#4450 = ITEM_DEFINED_TRANSFORMATION ( 'NONE', 'NONE', #3990,  #1948 ) ;
#4451 = AXIS2_PLACEMENT_3D ( 'NONE', #533, #1006, #1150 ) ;
#4452 = AXIS2_PLACEMENT_3D ( 'NONE', #4985, #2003, #3210 ) ;
#4453 = CARTESIAN_POINT ( 'NONE',  ( 0.6200012999999999774, 0.3149981000000000031, 0.0000000000000000000 ) ) ;
#4454 = APPLICATION_CONTEXT ( 'automotive_design' ) ;
#4455 = CARTESIAN_POINT ( 'NONE',  ( 0.0000000000000000000, 0.0000000000000000000, 0.0000000000000000000 ) ) ;
#4456 =( REPRESENTATION_RELATIONSHIP ('NONE','NONE', #1000, #6270 ) REPRESENTATION_RELATIONSHIP_WITH_TRANSFORMATION ( #5282 )SHAPE_REPRESENTATION_RELATIONSHIP( ) );
#4457 = APPLICATION_PROTOCOL_DEFINITION ( 'draft international standard', 'automotive_design', 1998, #4664 ) ;
#4458 = DIRECTION ( 'NONE',  ( 0.0000000000000000000, 0.0000000000000000000, 1.000000000000000000 ) ) ;
#4459 =( NAMED_UNIT ( * ) PLANE_ANGLE_UNIT ( ) SI_UNIT ( $, .RADIAN. ) );
#4460 = ITEM_DEFINED_TRANSFORMATION ( 'NONE', 'NONE', #741,  #4659 ) ;
#4461 =( NAMED_UNIT ( * ) PLANE_ANGLE_UNIT ( ) SI_UNIT ( $, .RADIAN. ) );
#4462 = SHAPE_REPRESENTATION ( '352644049', ( #7179, #3224 ), #5744 ) ;
#4463 = PRODUCT ( 'Free-Models5', 'Free-Models5', '', ( #1647 ) ) ;
#4464 = PRODUCT_DEFINITION_SHAPE ( 'NONE', 'NONE',  #7756 ) ;
#4465 =( REPRESENTATION_RELATIONSHIP ('NONE','NONE', #2568, #4165 ) REPRESENTATION_RELATIONSHIP_WITH_TRANSFORMATION ( #1215 )SHAPE_REPRESENTATION_RELATIONSHIP( ) );
#4466 = APPLICATION_PROTOCOL_DEFINITION ( 'draft international standard', 'automotive_design', 1998, #4891 ) ;
#4467 =( LENGTH_UNIT ( ) NAMED_UNIT ( * ) SI_UNIT ( .MILLI., .METRE. ) );
#4468 = UNCERTAINTY_MEASURE_WITH_UNIT (LENGTH_MEASURE( 1.000000000000000082E-05 ), #6010, 'distance_accuracy_value', 'NONE');
#4469 = DIRECTION ( 'NONE',  ( 1.000000000000000000, 0.0000000000000000000, 0.0000000000000000000 ) ) ;
#4470 = PRODUCT_RELATED_PRODUCT_CATEGORY ( 'part', '', ( #6561 ) ) ;
#4471 = PRODUCT_DEFINITION ( 'UNKNOWN', '', #2030, #4328 ) ;
#4472 = FILL_AREA_STYLE ('',( #2084 ) ) ;
#4473 = PRODUCT_DEFINITION_SHAPE ( 'NONE', 'NONE',  #1981 ) ;
#4474 = ITEM_DEFINED_TRANSFORMATION ( 'NONE', 'NONE', #6942,  #1948 ) ;
#4475 = APPLICATION_PROTOCOL_DEFINITION ( 'draft international standard', 'automotive_design', 1998, #2626 ) ;
#4476 = APPLICATION_PROTOCOL_DEFINITION ( 'draft international standard', 'automotive_design', 1998, #5490 ) ;
#4477 = APPLICATION_CONTEXT ( 'automotive_design' ) ;
#4478 =( LENGTH_UNIT ( ) NAMED_UNIT ( * ) SI_UNIT ( .MILLI., .METRE. ) );
#4479 = DIRECTION ( 'NONE',  ( 1.000000000000000000, 0.0000000000000000000, 0.0000000000000000000 ) ) ;
#4480 = PRODUCT_DEFINITION_SHAPE ( 'NONE', 'NONE',  #6735 ) ;
#4481 = ITEM_DEFINED_TRANSFORMATION ( 'NONE', 'NONE', #265,  #5527 ) ;
#4482 =( LENGTH_UNIT ( ) NAMED_UNIT ( * ) SI_UNIT ( .MILLI., .METRE. ) );
#4483 = EDGE_CURVE ( 'NONE', #7465, #5888, #2539, .T. ) ;
#4484 = DIRECTION ( 'NONE',  ( -2.220446049250000002E-16, -1.000000000000000000, 0.0000000000000000000 ) ) ;
#4485 = ORIENTED_EDGE ( 'NONE', *, *, #3182, .T. ) ;
#4486 = SHAPE_REPRESENTATION ( '352644049', ( #4254, #5039 ), #263 ) ;
#4487 = PRODUCT_DEFINITION_SHAPE ( 'NONE', 'NONE',  #7653 ) ;
#4488 = SHAPE_DEFINITION_REPRESENTATION ( #1046, #2631 ) ;
#4489 = PRODUCT_DEFINITION_CONTEXT ( 'detailed design', #2473, 'design' ) ;
#4490 = CARTESIAN_POINT ( 'NONE',  ( 0.0000000000000000000, 0.0000000000000000000, 0.0000000000000000000 ) ) ;
#4491 = CARTESIAN_POINT ( 'NONE',  ( 0.0000000000000000000, 0.0000000000000000000, 0.0000000000000000000 ) ) ;
#4492 = APPLICATION_CONTEXT ( 'automotive_design' ) ;
#4493 = PRODUCT_DEFINITION_SHAPE ( 'NONE', 'NONE',  #7519 ) ;
#4494 = PRODUCT_DEFINITION_CONTEXT ( 'detailed design', #5640, 'design' ) ;
#4495 = LINE ( 'NONE', #785, #551 ) ;
#4496 = APPLICATION_PROTOCOL_DEFINITION ( 'draft international standard', 'automotive_design', 1998, #2079 ) ;
#4497 = PRODUCT_DEFINITION_SHAPE ( 'NONE', 'NONE',  #1728 ) ;
#4498 = DIRECTION ( 'NONE',  ( 0.0000000000000000000, 0.0000000000000000000, 1.000000000000000000 ) ) ;
#4499 =( NAMED_UNIT ( * ) SI_UNIT ( $, .STERADIAN. ) SOLID_ANGLE_UNIT ( ) );
#4500 = CONTEXT_DEPENDENT_SHAPE_REPRESENTATION ( #2096, #2290 ) ;
#4501 = PRODUCT_DEFINITION_CONTEXT ( 'detailed design', #3613, 'design' ) ;
#4502 = ITEM_DEFINED_TRANSFORMATION ( 'NONE', 'NONE', #2470,  #1582 ) ;
#4503 = DIRECTION ( 'NONE',  ( 1.000000000000000000, 0.0000000000000000000, 0.0000000000000000000 ) ) ;
#4504 = SHAPE_DEFINITION_REPRESENTATION ( #6234, #4719 ) ;
#4505 = AXIS2_PLACEMENT_3D ( 'NONE', #5097, #792, #3196 ) ;
#4506 =( LENGTH_UNIT ( ) NAMED_UNIT ( * ) SI_UNIT ( .MILLI., .METRE. ) );
#4507 = DIRECTION ( 'NONE',  ( 1.000000000000000000, 0.0000000000000000000, 0.0000000000000000000 ) ) ;
#4508 = PLANE ( 'NONE',  #7088 ) ;
#4509 = APPLICATION_CONTEXT ( 'automotive_design' ) ;
#4510 = PRODUCT ( 'PINTSOP2-55', 'PINTSOP2-55', '', ( #3386 ) ) ;
#4511 =( LENGTH_UNIT ( ) NAMED_UNIT ( * ) SI_UNIT ( .MILLI., .METRE. ) );
#4512 =( REPRESENTATION_RELATIONSHIP ('NONE','NONE', #754, #3674 ) REPRESENTATION_RELATIONSHIP_WITH_TRANSFORMATION ( #5555 )SHAPE_REPRESENTATION_RELATIONSHIP( ) );
#4513 = ITEM_DEFINED_TRANSFORMATION ( 'NONE', 'NONE', #6184,  #1948 ) ;
#4514 = SHAPE_DEFINITION_REPRESENTATION ( #896, #4702 ) ;
#4515 = APPLICATION_PROTOCOL_DEFINITION ( 'draft international standard', 'automotive_design', 1998, #4358 ) ;
#4516 = CARTESIAN_POINT ( 'NONE',  ( 0.0000000000000000000, 1.084202172485504434E-16, -0.4038599999999989421 ) ) ;
#4517 = AXIS2_PLACEMENT_3D ( 'NONE', #1259, #5480, #3116 ) ;
#4518 = PRODUCT_DEFINITION ( 'UNKNOWN', '', #2149, #2614 ) ;
#4519 = AXIS2_PLACEMENT_3D ( 'NONE', #3512, #5342, #2945 ) ;
#4520 = PRODUCT_RELATED_PRODUCT_CATEGORY ( 'part', '', ( #5294 ) ) ;
#4521 = ITEM_DEFINED_TRANSFORMATION ( 'NONE', 'NONE', #4131,  #1948 ) ;
#4522 = AXIS2_PLACEMENT_3D ( 'NONE', #6196, #799, #3114 ) ;
#4523 = APPLICATION_CONTEXT ( 'automotive_design' ) ;
#4524 = ORIENTED_EDGE ( 'NONE', *, *, #2576, .T. ) ;
#4525 = PRODUCT_DEFINITION ( 'UNKNOWN', '', #4283, #4411 ) ;
#4526 = PRODUCT_DEFINITION ( 'UNKNOWN', '', #3270, #5980 ) ;
#4527 = AXIS2_PLACEMENT_3D ( 'NONE', #2570, #4637, #3987 ) ;
#4528 = DIRECTION ( 'NONE',  ( 1.000000000000000000, 0.0000000000000000000, 0.0000000000000000000 ) ) ;
#4529 =( NAMED_UNIT ( * ) PLANE_ANGLE_UNIT ( ) SI_UNIT ( $, .RADIAN. ) );
#4530 = PRODUCT_DEFINITION_FORMATION_WITH_SPECIFIED_SOURCE ( 'ANY', '', #6685, .NOT_KNOWN. ) ;
#4531 = ITEM_DEFINED_TRANSFORMATION ( 'NONE', 'NONE', #2573,  #1948 ) ;
#4532 = SHAPE_REPRESENTATION ( 'PINTSOP2-55', ( #6788, #5898, #5784 ), #7269 ) ;
#4533 = CARTESIAN_POINT ( 'NONE',  ( 0.001000760000000000278, 0.001000760000000000278, 0.0000000000000000000 ) ) ;
#4534 = DIRECTION ( 'NONE',  ( 1.000000000000000000, 0.0000000000000000000, 0.0000000000000000000 ) ) ;
#4535 = APPLICATION_PROTOCOL_DEFINITION ( 'draft international standard', 'automotive_design', 1998, #4915 ) ;
#4536 = APPLICATION_CONTEXT ( 'automotive_design' ) ;
#4537 = CARTESIAN_POINT ( 'NONE',  ( 0.0000000000000000000, 0.0000000000000000000, -0.4038600000000000523 ) ) ;
#4538 = PRODUCT_DEFINITION_SHAPE ( 'NONE', 'NONE',  #7687 ) ;
#4539 = EDGE_CURVE ( 'NONE', #285, #5931, #7323, .T. ) ;
#4540 = CARTESIAN_POINT ( 'NONE',  ( -0.3650005400000003175, -0.2449982400000000338, -0.2872993999999996495 ) ) ;
#4541 = PRODUCT_DEFINITION_FORMATION_WITH_SPECIFIED_SOURCE ( 'ANY', '', #4968, .NOT_KNOWN. ) ;
#4542 = AXIS2_PLACEMENT_3D ( 'NONE', #3085, #5903, #7321 ) ;
#4543 = PRODUCT ( 'Cylinder1', 'Cylinder1', '', ( #2221 ) ) ;
#4544 = VECTOR ( 'NONE', #6979, 1000.000000000000000 ) ;
#4545 = PRODUCT_DEFINITION_FORMATION_WITH_SPECIFIED_SOURCE ( 'ANY', '', #5054, .NOT_KNOWN. ) ;
#4546 = ORIENTED_EDGE ( 'NONE', *, *, #6125, .T. ) ;
#4547 =( LENGTH_UNIT ( ) NAMED_UNIT ( * ) SI_UNIT ( .MILLI., .METRE. ) );
#4548 = APPLICATION_PROTOCOL_DEFINITION ( 'draft international standard', 'automotive_design', 1998, #3525 ) ;
#4549 = PRODUCT ( '352644049', '352644049', '', ( #2162 ) ) ;
#4550 = UNCERTAINTY_MEASURE_WITH_UNIT (LENGTH_MEASURE( 1.000000000000000082E-05 ), #5035, 'distance_accuracy_value', 'NONE');
#4551 = PRODUCT ( '352644049', '352644049', '', ( #3863 ) ) ;
#4552 =( REPRESENTATION_RELATIONSHIP ('NONE','NONE', #4137, #6102 ) REPRESENTATION_RELATIONSHIP_WITH_TRANSFORMATION ( #1011 )SHAPE_REPRESENTATION_RELATIONSHIP( ) );
#4553 =( NAMED_UNIT ( * ) SI_UNIT ( $, .STERADIAN. ) SOLID_ANGLE_UNIT ( ) );
#4554 =( GEOMETRIC_REPRESENTATION_CONTEXT ( 3 ) GLOBAL_UNCERTAINTY_ASSIGNED_CONTEXT ( ( #3203 ) ) GLOBAL_UNIT_ASSIGNED_CONTEXT ( ( #6708, #3191, #2656 ) ) REPRESENTATION_CONTEXT ( 'NONE', 'WORKASPACE' ) );
#4555 = PRODUCT_DEFINITION_SHAPE ( 'NONE', 'NONE',  #7656 ) ;
#4556 = DIRECTION ( 'NONE',  ( -1.000000000000000000, -0.0000000000000000000, -0.0000000000000000000 ) ) ;
#4557 = DIRECTION ( 'NONE',  ( 1.000000000000000000, 0.0000000000000000000, 0.0000000000000000000 ) ) ;
#4558 = APPLICATION_PROTOCOL_DEFINITION ( 'draft international standard', 'automotive_design', 1998, #2858 ) ;
#4559 = APPLICATION_PROTOCOL_DEFINITION ( 'draft international standard', 'automotive_design', 1998, #3044 ) ;
#4560 = AXIS2_PLACEMENT_3D ( 'NONE', #4120, #6518, #3338 ) ;
#4561 = DIRECTION ( 'NONE',  ( 1.000000000000000000, 0.0000000000000000000, 0.0000000000000000000 ) ) ;
#4562 = PRODUCT_DEFINITION_SHAPE ( 'NONE', 'NONE',  #7562 ) ;
#4563 = APPLICATION_CONTEXT ( 'automotive_design' ) ;
#4564 =( REPRESENTATION_RELATIONSHIP ('NONE','NONE', #687, #5226 ) REPRESENTATION_RELATIONSHIP_WITH_TRANSFORMATION ( #4163 )SHAPE_REPRESENTATION_RELATIONSHIP( ) );
#4565 = AXIS2_PLACEMENT_3D ( 'NONE', #6583, #5371, #6473 ) ;
#4566 = DIRECTION ( 'NONE',  ( 1.000000000000000000, 0.0000000000000000000, 0.0000000000000000000 ) ) ;
#4567 = ORIENTED_EDGE ( 'NONE', *, *, #3048, .F. ) ;
#4568 = ITEM_DEFINED_TRANSFORMATION ( 'NONE', 'NONE', #3042,  #231 ) ;
#4569 = UNCERTAINTY_MEASURE_WITH_UNIT (LENGTH_MEASURE( 1.000000000000000082E-05 ), #641, 'distance_accuracy_value', 'NONE');
#4570 = PRESENTATION_LAYER_ASSIGNMENT (  '', '', ( #1307 ) ) ;
#4571 = CIRCLE ( 'NONE', #2692, 0.5000000000000000000 ) ;
#4572 =( LENGTH_UNIT ( ) NAMED_UNIT ( * ) SI_UNIT ( .MILLI., .METRE. ) );
#4573 = CONTEXT_DEPENDENT_SHAPE_REPRESENTATION ( #3495, #1816 ) ;
#4574 = PRODUCT_DEFINITION_CONTEXT ( 'detailed design', #6702, 'design' ) ;
#4575 = CONTEXT_DEPENDENT_SHAPE_REPRESENTATION ( #5824, #3948 ) ;
#4576 = PRODUCT_DEFINITION ( 'UNKNOWN', '', #3767, #1868 ) ;
#4577 = PRODUCT_DEFINITION ( 'UNKNOWN', '', #3395, #175 ) ;
#4578 = CARTESIAN_POINT ( 'NONE',  ( 3.136079580000000089, -0.3050006599999999790, -0.4872999999999999554 ) ) ;
#4579 = AXIS2_PLACEMENT_3D ( 'NONE', #2492, #4971, #2414 ) ;
#4580 = APPLICATION_PROTOCOL_DEFINITION ( 'draft international standard', 'automotive_design', 1998, #5922 ) ;
#4581 = PRODUCT_DEFINITION_SHAPE ( 'NONE', 'NONE',  #7619 ) ;
#4582 = DIRECTION ( 'NONE',  ( 1.000000000000000000, 0.0000000000000000000, 0.0000000000000000000 ) ) ;
#4583 = CARTESIAN_POINT ( 'NONE',  ( -5.421010862427522170E-17, 5.421010862427522170E-17, 0.0000000000000000000 ) ) ;
#4584 = AXIS2_PLACEMENT_3D ( 'NONE', #1930, #4316, #2373 ) ;
#4585 = PRODUCT_DEFINITION_CONTEXT ( 'detailed design', #3725, 'design' ) ;
#4586 = APPLICATION_CONTEXT ( 'automotive_design' ) ;
#4587 = EDGE_CURVE ( 'NONE', #3024, #576, #740, .T. ) ;
#4588 = EDGE_LOOP ( 'NONE', ( #7113, #2127, #2563, #2270 ) ) ;
#4589 =( NAMED_UNIT ( * ) SI_UNIT ( $, .STERADIAN. ) SOLID_ANGLE_UNIT ( ) );
#4590 =( GEOMETRIC_REPRESENTATION_CONTEXT ( 3 ) GLOBAL_UNCERTAINTY_ASSIGNED_CONTEXT ( ( #1901 ) ) GLOBAL_UNIT_ASSIGNED_CONTEXT ( ( #7079, #3781, #2228 ) ) REPRESENTATION_CONTEXT ( 'NONE', 'WORKASPACE' ) );
#4591 = APPLICATION_PROTOCOL_DEFINITION ( 'draft international standard', 'automotive_design', 1998, #4492 ) ;
#4592 = DIRECTION ( 'NONE',  ( 1.000000000000000000, 0.0000000000000000000, 0.0000000000000000000 ) ) ;
#4593 = AXIS2_PLACEMENT_3D ( 'NONE', #7134, #2027, #3234 ) ;
#4594 = FACE_OUTER_BOUND ( 'NONE', #1705, .T. ) ;
#4595 =( LENGTH_UNIT ( ) NAMED_UNIT ( * ) SI_UNIT ( .MILLI., .METRE. ) );
#4596 = PRODUCT_CONTEXT ( 'NONE', #290, 'mechanical' ) ;
#4597 = SHAPE_DEFINITION_REPRESENTATION ( #5745, #7415 ) ;
#4598 = PRODUCT ( 'PINTSOP2-55', 'PINTSOP2-55', '', ( #1839 ) ) ;
#4599 = PRODUCT_DEFINITION_SHAPE ( 'NONE', 'NONE',  #7753 ) ;
#4600 = APPLICATION_CONTEXT ( 'automotive_design' ) ;
#4601 = FILL_AREA_STYLE ('',( #3331 ) ) ;
#4602 =( LENGTH_UNIT ( ) NAMED_UNIT ( * ) SI_UNIT ( .MILLI., .METRE. ) );
#4603 = CARTESIAN_POINT ( 'NONE',  ( 0.0000000000000000000, 0.0000000000000000000, 0.0000000000000000000 ) ) ;
#4604 = VERTEX_POINT ( 'NONE', #4250 ) ;
#4605 = APPLICATION_PROTOCOL_DEFINITION ( 'draft international standard', 'automotive_design', 1998, #3589 ) ;
#4606 = UNCERTAINTY_MEASURE_WITH_UNIT (LENGTH_MEASURE( 1.000000000000000082E-05 ), #7144, 'distance_accuracy_value', 'NONE');
#4607 = ITEM_DEFINED_TRANSFORMATION ( 'NONE', 'NONE', #5930,  #6409 ) ;
#4608 = PRODUCT_DEFINITION_SHAPE ( 'NONE', 'NONE',  #4518 ) ;
#4609 = APPLICATION_CONTEXT ( 'automotive_design' ) ;
#4610 =( REPRESENTATION_RELATIONSHIP ('NONE','NONE', #2883, #7141 ) REPRESENTATION_RELATIONSHIP_WITH_TRANSFORMATION ( #1468 )SHAPE_REPRESENTATION_RELATIONSHIP( ) );
#4611 = DIRECTION ( 'NONE',  ( 0.0000000000000000000, 0.0000000000000000000, 1.000000000000000000 ) ) ;
#4612 =( LENGTH_UNIT ( ) NAMED_UNIT ( * ) SI_UNIT ( .MILLI., .METRE. ) );
#4613 = ITEM_DEFINED_TRANSFORMATION ( 'NONE', 'NONE', #2255,  #986 ) ;
#4614 = PRODUCT_DEFINITION_SHAPE ( 'NONE', 'NONE',  #536 ) ;
#4615 = CARTESIAN_POINT ( 'NONE',  ( 0.001000760000000000278, 0.0000000000000000000, 0.0000000000000000000 ) ) ;
#4616 = AXIS2_PLACEMENT_3D ( 'NONE', #4665, #7070, #6316 ) ;
#4617 = DIRECTION ( 'NONE',  ( -1.000000000000000000, 2.220446049250000002E-16, 1.110223024625000001E-16 ) ) ;
#4618 = DIRECTION ( 'NONE',  ( 1.000000000000000000, 0.0000000000000000000, 0.0000000000000000000 ) ) ;
#4619 = PRODUCT_DEFINITION_SHAPE ( 'NONE', 'NONE',  #7647 ) ;
#4620 = PRODUCT_RELATED_PRODUCT_CATEGORY ( 'part', '', ( #2397 ) ) ;
#4621 = APPLICATION_CONTEXT ( 'automotive_design' ) ;
#4622 =( REPRESENTATION_RELATIONSHIP ('NONE','NONE', #3309, #1796 ) REPRESENTATION_RELATIONSHIP_WITH_TRANSFORMATION ( #1667 )SHAPE_REPRESENTATION_RELATIONSHIP( ) );
#4623 = CARTESIAN_POINT ( 'NONE',  ( -0.06999985999999999708, 0.1849983600000000006, 0.0000000000000000000 ) ) ;
#4624 = ORIENTED_EDGE ( 'NONE', *, *, #3715, .T. ) ;
#4625 =( NAMED_UNIT ( * ) SI_UNIT ( $, .STERADIAN. ) SOLID_ANGLE_UNIT ( ) );
#4626 = PRODUCT_DEFINITION ( 'UNKNOWN', '', #4004, #1811 ) ;
#4627 = PRODUCT_DEFINITION_SHAPE ( 'NONE', 'NONE',  #1477 ) ;
#4628 = APPLICATION_CONTEXT ( 'automotive_design' ) ;
#4629 =( LENGTH_UNIT ( ) NAMED_UNIT ( * ) SI_UNIT ( .MILLI., .METRE. ) );
#4630 = AXIS2_PLACEMENT_3D ( 'NONE', #7029, #1187, #3672 ) ;
#4631 = APPLICATION_PROTOCOL_DEFINITION ( 'draft international standard', 'automotive_design', 1998, #594 ) ;
#4632 = APPLICATION_PROTOCOL_DEFINITION ( 'draft international standard', 'automotive_design', 1998, #4863 ) ;
#4633 = DIRECTION ( 'NONE',  ( 1.000000000000000000, 0.0000000000000000000, 0.0000000000000000000 ) ) ;
#4634 = ADVANCED_FACE ( 'NONE', ( #64 ), #4933, .F. ) ;
#4635 = AXIS2_PLACEMENT_3D ( 'NONE', #2558, #2383, #3723 ) ;
#4636 = ITEM_DEFINED_TRANSFORMATION ( 'NONE', 'NONE', #6908,  #3363 ) ;
#4637 = DIRECTION ( 'NONE',  ( 0.0000000000000000000, 0.0000000000000000000, 1.000000000000000000 ) ) ;
#4638 = AXIS2_PLACEMENT_3D ( 'NONE', #7406, #833, #2713 ) ;
#4639 = ORIENTED_EDGE ( 'NONE', *, *, #6367, .F. ) ;
#4640 = AXIS2_PLACEMENT_3D ( 'NONE', #4069, #4111, #6996 ) ;
#4641 = PRODUCT_CONTEXT ( 'NONE', #3199, 'mechanical' ) ;
#4642 = PRODUCT_DEFINITION_SHAPE ( 'NONE', 'NONE',  #209 ) ;
#4643 = PRODUCT_DEFINITION_SHAPE ( 'NONE', 'NONE',  #7733 ) ;
#4644 = PRODUCT_DEFINITION_CONTEXT ( 'detailed design', #2114, 'design' ) ;
#4645 = DIRECTION ( 'NONE',  ( 1.000000000000000000, 0.0000000000000000000, 0.0000000000000000000 ) ) ;
#4646 = DIRECTION ( 'NONE',  ( 0.0000000000000000000, 0.0000000000000000000, 1.000000000000000000 ) ) ;
#4647 = AXIS2_PLACEMENT_3D ( 'NONE', #5935, #7155, #2358 ) ;
#4648 = SHAPE_REPRESENTATION ( 'PINTSOP2-55', ( #2640, #4136, #857 ), #493 ) ;
#4649 = DIRECTION ( 'NONE',  ( 0.0000000000000000000, -0.0000000000000000000, -1.000000000000000000 ) ) ;
#4650 = CARTESIAN_POINT ( 'NONE',  ( 7.673799739999998870, 9.485000080000000722, -0.4872999999999999554 ) ) ;
#4651 = APPLICATION_PROTOCOL_DEFINITION ( 'draft international standard', 'automotive_design', 1998, #2473 ) ;
#4652 =( REPRESENTATION_RELATIONSHIP ('NONE','NONE', #5753, #5497 ) REPRESENTATION_RELATIONSHIP_WITH_TRANSFORMATION ( #2624 )SHAPE_REPRESENTATION_RELATIONSHIP( ) );
#4653 =( GEOMETRIC_REPRESENTATION_CONTEXT ( 3 ) GLOBAL_UNCERTAINTY_ASSIGNED_CONTEXT ( ( #1443 ) ) GLOBAL_UNIT_ASSIGNED_CONTEXT ( ( #4602, #1074, #7041 ) ) REPRESENTATION_CONTEXT ( 'NONE', 'WORKASPACE' ) );
#4654 =( NAMED_UNIT ( * ) SI_UNIT ( $, .STERADIAN. ) SOLID_ANGLE_UNIT ( ) );
#4655 = DIRECTION ( 'NONE',  ( 1.000000000000000000, 0.0000000000000000000, 0.0000000000000000000 ) ) ;
#4656 = PRODUCT_DEFINITION_SHAPE ( 'NONE', 'NONE',  #7642 ) ;
#4657 = PRODUCT_DEFINITION_FORMATION_WITH_SPECIFIED_SOURCE ( 'ANY', '', #7004, .NOT_KNOWN. ) ;
#4658 = ITEM_DEFINED_TRANSFORMATION ( 'NONE', 'NONE', #317,  #1948 ) ;
#4659 = AXIS2_PLACEMENT_3D ( 'NONE', #4066, #7033, #6478 ) ;
#4660 = AXIS2_PLACEMENT_3D ( 'NONE', #5751, #3343, #2173 ) ;
#4661 = PRODUCT_DEFINITION_FORMATION_WITH_SPECIFIED_SOURCE ( 'ANY', '', #4846, .NOT_KNOWN. ) ;
#4662 = CARTESIAN_POINT ( 'NONE',  ( 0.001000760000000000278, 0.0000000000000000000, 0.0000000000000000000 ) ) ;
#4663 = APPLICATION_PROTOCOL_DEFINITION ( 'draft international standard', 'automotive_design', 1998, #4772 ) ;
#4664 = APPLICATION_CONTEXT ( 'automotive_design' ) ;
#4665 = CARTESIAN_POINT ( 'NONE',  ( 0.0000000000000000000, 0.0000000000000000000, -0.4038600000000006629 ) ) ;
#4666 = PRODUCT_CONTEXT ( 'NONE', #6009, 'mechanical' ) ;
#4667 = PRODUCT_DEFINITION_FORMATION_WITH_SPECIFIED_SOURCE ( 'ANY', '', #6370, .NOT_KNOWN. ) ;
#4668 = DIRECTION ( 'NONE',  ( 0.0000000000000000000, 0.0000000000000000000, 1.000000000000000000 ) ) ;
#4669 =( NAMED_UNIT ( * ) SI_UNIT ( $, .STERADIAN. ) SOLID_ANGLE_UNIT ( ) );
#4670 =( NAMED_UNIT ( * ) PLANE_ANGLE_UNIT ( ) SI_UNIT ( $, .RADIAN. ) );
#4671 = PRODUCT_RELATED_PRODUCT_CATEGORY ( 'part', '', ( #6496 ) ) ;
#4672 = PRODUCT_DEFINITION_SHAPE ( 'NONE', 'NONE',  #7164 ) ;
#4673 = PRODUCT_DEFINITION ( 'UNKNOWN', '', #1755, #3855 ) ;
#4674 = APPLICATION_PROTOCOL_DEFINITION ( 'draft international standard', 'automotive_design', 1998, #3420 ) ;
#4675 = SHAPE_REPRESENTATION ( 'Free-Models5', ( #5338, #1947 ), #6973 ) ;
#4676 = DIRECTION ( 'NONE',  ( 0.0000000000000000000, 0.0000000000000000000, 1.000000000000000000 ) ) ;
#4677 = PRODUCT_CONTEXT ( 'NONE', #5272, 'mechanical' ) ;
#4678 = APPLICATION_CONTEXT ( 'automotive_design' ) ;
#4679 = DIRECTION ( 'NONE',  ( 1.000000000000000000, 0.0000000000000000000, 0.0000000000000000000 ) ) ;
#4680 =( NAMED_UNIT ( * ) PLANE_ANGLE_UNIT ( ) SI_UNIT ( $, .RADIAN. ) );
#4681 = APPLICATION_CONTEXT ( 'automotive_design' ) ;
#4682 = DIRECTION ( 'NONE',  ( 0.0000000000000000000, 0.0000000000000000000, 1.000000000000000000 ) ) ;
#4683 = PRODUCT ( '352644049', '352644049', '', ( #3845 ) ) ;
#4684 = ADVANCED_FACE ( 'NONE', ( #15 ), #709, .T. ) ;
#4685 = AXIS2_PLACEMENT_3D ( 'NONE', #5977, #2996, #5394 ) ;
#4686 = ORIENTED_EDGE ( 'NONE', *, *, #5495, .F. ) ;
#4687 = PRODUCT_CONTEXT ( 'NONE', #5863, 'mechanical' ) ;
#4688 = CONTEXT_DEPENDENT_SHAPE_REPRESENTATION ( #6310, #4990 ) ;
#4689 = DIRECTION ( 'NONE',  ( 0.0000000000000000000, 0.0000000000000000000, 1.000000000000000000 ) ) ;
#4690 =( NAMED_UNIT ( * ) SI_UNIT ( $, .STERADIAN. ) SOLID_ANGLE_UNIT ( ) );
#4691 = APPLICATION_CONTEXT ( 'automotive_design' ) ;
#4692 =( NAMED_UNIT ( * ) SI_UNIT ( $, .STERADIAN. ) SOLID_ANGLE_UNIT ( ) );
#4693 = AXIS2_PLACEMENT_3D ( 'NONE', #5486, #2622, #2026 ) ;
#4694 = CONTEXT_DEPENDENT_SHAPE_REPRESENTATION ( #2449, #485 ) ;
#4695 =( NAMED_UNIT ( * ) PLANE_ANGLE_UNIT ( ) SI_UNIT ( $, .RADIAN. ) );
#4696 = PRODUCT_DEFINITION_SHAPE ( 'NONE', 'NONE',  #7587 ) ;
#4697 = CONTEXT_DEPENDENT_SHAPE_REPRESENTATION ( #7322, #4395 ) ;
#4698 = DIRECTION ( 'NONE',  ( 1.110223024625000001E-16, 1.000000000000000000, 0.0000000000000000000 ) ) ;
#4699 =( LENGTH_UNIT ( ) NAMED_UNIT ( * ) SI_UNIT ( .MILLI., .METRE. ) );
#4700 = VECTOR ( 'NONE', #3807, 1000.000000000000000 ) ;
#4701 =( LENGTH_UNIT ( ) NAMED_UNIT ( * ) SI_UNIT ( .MILLI., .METRE. ) );
#4702 = SHAPE_REPRESENTATION ( '352644049', ( #7049, #3769 ), #1365 ) ;
#4703 = SURFACE_SIDE_STYLE ('',( #4098 ) ) ;
#4704 = ITEM_DEFINED_TRANSFORMATION ( 'NONE', 'NONE', #5147,  #2646 ) ;
#4705 =( GEOMETRIC_REPRESENTATION_CONTEXT ( 3 ) GLOBAL_UNCERTAINTY_ASSIGNED_CONTEXT ( ( #1320 ) ) GLOBAL_UNIT_ASSIGNED_CONTEXT ( ( #7443, #4459, #7405 ) ) REPRESENTATION_CONTEXT ( 'NONE', 'WORKASPACE' ) );
#4706 = CONTEXT_DEPENDENT_SHAPE_REPRESENTATION ( #2870, #1106 ) ;
#4707 = VECTOR ( 'NONE', #2459, 1000.000000000000000 ) ;
#4708 =( REPRESENTATION_RELATIONSHIP ('NONE','NONE', #4137, #2083 ) REPRESENTATION_RELATIONSHIP_WITH_TRANSFORMATION ( #6374 )SHAPE_REPRESENTATION_RELATIONSHIP( ) );
#4709 = DIRECTION ( 'NONE',  ( -0.0000000000000000000, -1.000000000000000000, 0.0000000000000000000 ) ) ;
#4710 = APPLICATION_PROTOCOL_DEFINITION ( 'draft international standard', 'automotive_design', 1998, #1548 ) ;
#4711 =( NAMED_UNIT ( * ) PLANE_ANGLE_UNIT ( ) SI_UNIT ( $, .RADIAN. ) );
#4712 = COLOUR_RGB ( '',0.7529411764705882248, 0.7529411764705882248, 0.7529411764705882248 ) ;
#4713 =( LENGTH_UNIT ( ) NAMED_UNIT ( * ) SI_UNIT ( .MILLI., .METRE. ) );
#4714 = PRODUCT_DEFINITION_SHAPE ( 'NONE', 'NONE',  #7712 ) ;
#4715 = SHAPE_DEFINITION_REPRESENTATION ( #6305, #1740 ) ;
#4716 =( LENGTH_UNIT ( ) NAMED_UNIT ( * ) SI_UNIT ( .MILLI., .METRE. ) );
#4717 = PRODUCT_RELATED_PRODUCT_CATEGORY ( 'part', '', ( #1262 ) ) ;
#4718 = CARTESIAN_POINT ( 'NONE',  ( 0.0000000000000000000, 0.001000760000000000278, 0.4165599999999999858 ) ) ;
#4719 = SHAPE_REPRESENTATION ( 'Free-Models5', ( #6087, #4660 ), #5088 ) ;
#4720 = ORIENTED_EDGE ( 'NONE', *, *, #305, .T. ) ;
#4721 = PRODUCT_CONTEXT ( 'NONE', #3986, 'mechanical' ) ;
#4722 = CONTEXT_DEPENDENT_SHAPE_REPRESENTATION ( #4291, #6058 ) ;
#4723 = PRODUCT_DEFINITION_CONTEXT ( 'detailed design', #3667, 'design' ) ;
#4724 = PRODUCT_DEFINITION ( 'UNKNOWN', '', #621, #1652 ) ;
#4725 = DIRECTION ( 'NONE',  ( 1.000000000000000000, 0.0000000000000000000, 0.0000000000000000000 ) ) ;
#4726 = PRODUCT_DEFINITION_SHAPE ( 'NONE', 'NONE',  #1987 ) ;
#4727 = CARTESIAN_POINT ( 'NONE',  ( -0.06432042000000003090, -0.3050006599999999790, -0.4872999999999999554 ) ) ;
#4728 = CARTESIAN_POINT ( 'NONE',  ( 0.0000000000000000000, 0.0000000000000000000, 0.0000000000000000000 ) ) ;
#4729 = APPLICATION_CONTEXT ( 'automotive_design' ) ;
#4730 = PRODUCT ( '352644049', '352644049', '', ( #5252 ) ) ;
#4731 = PRODUCT_DEFINITION_CONTEXT ( 'detailed design', #2728, 'design' ) ;
#4732 = CONTEXT_DEPENDENT_SHAPE_REPRESENTATION ( #4810, #7148 ) ;
#4733 = DIRECTION ( 'NONE',  ( 1.000000000000000000, 0.0000000000000000000, 0.0000000000000000000 ) ) ;
#4734 = FILL_AREA_STYLE ('',( #5947 ) ) ;
#4735 = CARTESIAN_POINT ( 'NONE',  ( 0.001000760000000000278, 0.1499997000000000136, 0.4165599999999999858 ) ) ;
#4736 = DIRECTION ( 'NONE',  ( 1.000000000000000000, 0.0000000000000000000, 0.0000000000000000000 ) ) ;
#4737 = ITEM_DEFINED_TRANSFORMATION ( 'NONE', 'NONE', #3285,  #1176 ) ;
#4738 = CARTESIAN_POINT ( 'NONE',  ( 0.0000000000000000000, 0.0000000000000000000, 0.0000000000000000000 ) ) ;
#4739 = PRODUCT_DEFINITION_SHAPE ( 'NONE', 'NONE',  #1429 ) ;
#4740 =( REPRESENTATION_RELATIONSHIP ('NONE','NONE', #4137, #4972 ) REPRESENTATION_RELATIONSHIP_WITH_TRANSFORMATION ( #394 )SHAPE_REPRESENTATION_RELATIONSHIP( ) );
#4741 = APPLICATION_PROTOCOL_DEFINITION ( 'draft international standard', 'automotive_design', 1998, #1619 ) ;
#4742 = PRODUCT_DEFINITION_SHAPE ( 'NONE', 'NONE',  #7593 ) ;
#4743 =( NAMED_UNIT ( * ) PLANE_ANGLE_UNIT ( ) SI_UNIT ( $, .RADIAN. ) );
#4744 =( NAMED_UNIT ( * ) SI_UNIT ( $, .STERADIAN. ) SOLID_ANGLE_UNIT ( ) );
#4745 = AXIS2_PLACEMENT_3D ( 'NONE', #4339, #3236, #3865 ) ;
#4746 = DIRECTION ( 'NONE',  ( -1.000000000000000000, 0.0000000000000000000, -0.0000000000000000000 ) ) ;
#4747 = PRODUCT ( 'PINTSOP2-55', 'PINTSOP2-55', '', ( #3891 ) ) ;
#4748 = VERTEX_POINT ( 'NONE', #3617 ) ;
#4749 = SHAPE_DEFINITION_REPRESENTATION ( #3648, #754 ) ;
#4750 = PRODUCT_RELATED_PRODUCT_CATEGORY ( 'part', '', ( #4549 ) ) ;
#4751 = UNCERTAINTY_MEASURE_WITH_UNIT (LENGTH_MEASURE( 1.000000000000000082E-05 ), #1093, 'distance_accuracy_value', 'NONE');
#4752 = CONTEXT_DEPENDENT_SHAPE_REPRESENTATION ( #4552, #1401 ) ;
#4753 = CARTESIAN_POINT ( 'NONE',  ( 0.001000760000000000278, 0.001000760000000000278, 0.4165599999999999858 ) ) ;
#4754 = DIRECTION ( 'NONE',  ( 0.0000000000000000000, 0.0000000000000000000, 1.000000000000000000 ) ) ;
#4755 = CARTESIAN_POINT ( 'NONE',  ( 0.0000000000000000000, 0.0000000000000000000, 0.0000000000000000000 ) ) ;
#4756 = ITEM_DEFINED_TRANSFORMATION ( 'NONE', 'NONE', #2199,  #201 ) ;
#4757 = AXIS2_PLACEMENT_3D ( 'NONE', #2645, #4289, #1296 ) ;
#4758 = APPLICATION_CONTEXT ( 'automotive_design' ) ;
#4759 = DIRECTION ( 'NONE',  ( -2.220446049250000002E-16, -1.000000000000000000, 0.0000000000000000000 ) ) ;
#4760 =( REPRESENTATION_RELATIONSHIP ('NONE','NONE', #1796, #6270 ) REPRESENTATION_RELATIONSHIP_WITH_TRANSFORMATION ( #1700 )SHAPE_REPRESENTATION_RELATIONSHIP( ) );
#4761 = PRODUCT_RELATED_PRODUCT_CATEGORY ( 'part', '', ( #6879 ) ) ;
#4762 = PRODUCT_CONTEXT ( 'NONE', #5075, 'mechanical' ) ;
#4763 = PRODUCT_DEFINITION_SHAPE ( 'NONE', 'NONE',  #7631 ) ;
#4764 = PRODUCT_RELATED_PRODUCT_CATEGORY ( 'part', '', ( #3914 ) ) ;
#4765 = DIRECTION ( 'NONE',  ( 0.0000000000000000000, 0.0000000000000000000, 1.000000000000000000 ) ) ;
#4766 = CARTESIAN_POINT ( 'NONE',  ( 0.0000000000000000000, 5.421010862427522170E-17, 0.0000000000000000000 ) ) ;
#4767 = PRODUCT_DEFINITION_SHAPE ( 'NONE', 'NONE',  #7714 ) ;
#4768 = CONTEXT_DEPENDENT_SHAPE_REPRESENTATION ( #4902, #3433 ) ;
#4769 = DIRECTION ( 'NONE',  ( 1.000000000000000000, 0.0000000000000000000, 0.0000000000000000000 ) ) ;
#4770 = CONTEXT_DEPENDENT_SHAPE_REPRESENTATION ( #4760, #3379 ) ;
#4771 = SURFACE_STYLE_FILL_AREA ( #4734 ) ;
#4772 = APPLICATION_CONTEXT ( 'automotive_design' ) ;
#4773 = EDGE_CURVE ( 'NONE', #1737, #5888, #6659, .T. ) ;
#4774 = PRODUCT_DEFINITION_FORMATION_WITH_SPECIFIED_SOURCE ( 'ANY', '', #1458, .NOT_KNOWN. ) ;
#4775 = UNCERTAINTY_MEASURE_WITH_UNIT (LENGTH_MEASURE( 1.000000000000000082E-05 ), #5230, 'distance_accuracy_value', 'NONE');
#4776 =( NAMED_UNIT ( * ) PLANE_ANGLE_UNIT ( ) SI_UNIT ( $, .RADIAN. ) );
#4777 =( NAMED_UNIT ( * ) SI_UNIT ( $, .STERADIAN. ) SOLID_ANGLE_UNIT ( ) );
#4778 = FILL_AREA_STYLE ('',( #6509 ) ) ;
#4779 = PRODUCT_DEFINITION_FORMATION_WITH_SPECIFIED_SOURCE ( 'ANY', '', #91, .NOT_KNOWN. ) ;
#4780 = SHAPE_REPRESENTATION ( 'Free-Models5', ( #1227, #5884 ), #6646 ) ;
#4781 =( LENGTH_UNIT ( ) NAMED_UNIT ( * ) SI_UNIT ( .MILLI., .METRE. ) );
#4782 = AXIS2_PLACEMENT_3D ( 'NONE', #5747, #1363, #1302 ) ;
#4783 = SHAPE_DEFINITION_REPRESENTATION ( #4801, #926 ) ;
#4784 = UNCERTAINTY_MEASURE_WITH_UNIT (LENGTH_MEASURE( 1.000000000000000082E-05 ), #6140, 'distance_accuracy_value', 'NONE');
#4785 = PRODUCT_DEFINITION_SHAPE ( 'NONE', 'NONE',  #7636 ) ;
#4786 = DIRECTION ( 'NONE',  ( 0.0000000000000000000, 0.0000000000000000000, 1.000000000000000000 ) ) ;
#4787 = CONTEXT_DEPENDENT_SHAPE_REPRESENTATION ( #2505, #4239 ) ;
#4788 = FACE_OUTER_BOUND ( 'NONE', #2517, .T. ) ;
#4789 = DIRECTION ( 'NONE',  ( 0.0000000000000000000, 1.000000000000000000, -0.0000000000000000000 ) ) ;
#4790 = AXIS2_PLACEMENT_3D ( 'NONE', #3118, #3707, #4811 ) ;
#4791 = DIRECTION ( 'NONE',  ( 0.0000000000000000000, 0.0000000000000000000, 1.000000000000000000 ) ) ;
#4792 = ORIENTED_EDGE ( 'NONE', *, *, #20, .T. ) ;
#4793 = APPLICATION_PROTOCOL_DEFINITION ( 'draft international standard', 'automotive_design', 1998, #6830 ) ;
#4794 = PRODUCT_DEFINITION_SHAPE ( 'NONE', 'NONE',  #2651 ) ;
#4795 = PRODUCT_DEFINITION_CONTEXT ( 'detailed design', #2213, 'design' ) ;
#4796 = DIRECTION ( 'NONE',  ( 1.000000000000000000, 0.0000000000000000000, 0.0000000000000000000 ) ) ;
#4797 =( LENGTH_UNIT ( ) NAMED_UNIT ( * ) SI_UNIT ( .MILLI., .METRE. ) );
#4798 = CONTEXT_DEPENDENT_SHAPE_REPRESENTATION ( #4304, #5726 ) ;
#4799 =( REPRESENTATION_RELATIONSHIP ('NONE','NONE', #1208, #6270 ) REPRESENTATION_RELATIONSHIP_WITH_TRANSFORMATION ( #110 )SHAPE_REPRESENTATION_RELATIONSHIP( ) );
#4800 = DIRECTION ( 'NONE',  ( 1.000000000000000000, -1.110223024625000001E-16, 1.110223024625000001E-16 ) ) ;
#4801 = PRODUCT_DEFINITION_SHAPE ( 'NONE', 'NONE',  #3644 ) ;
#4802 = DIRECTION ( 'NONE',  ( 1.000000000000000000, 0.0000000000000000000, 0.0000000000000000000 ) ) ;
#4803 = PRODUCT_DEFINITION_CONTEXT ( 'detailed design', #5384, 'design' ) ;
#4804 = DIRECTION ( 'NONE',  ( 0.0000000000000000000, 0.0000000000000000000, 1.000000000000000000 ) ) ;
#4805 = PRODUCT_RELATED_PRODUCT_CATEGORY ( 'part', '', ( #6874 ) ) ;
#4806 = ITEM_DEFINED_TRANSFORMATION ( 'NONE', 'NONE', #5398,  #1111 ) ;
#4807 = PRODUCT_DEFINITION ( 'UNKNOWN', '', #2400, #3148 ) ;
#4808 = APPLICATION_CONTEXT ( 'automotive_design' ) ;
#4809 = DIRECTION ( 'NONE',  ( 1.000000000000000000, 0.0000000000000000000, 0.0000000000000000000 ) ) ;
#4810 =( REPRESENTATION_RELATIONSHIP ('NONE','NONE', #642, #2827 ) REPRESENTATION_RELATIONSHIP_WITH_TRANSFORMATION ( #5248 )SHAPE_REPRESENTATION_RELATIONSHIP( ) );
#4811 = DIRECTION ( 'NONE',  ( 0.9999999999952389196, -3.085800688791737490E-06, 0.0000000000000000000 ) ) ;
#4812 = VECTOR ( 'NONE', #4223, 1000.000000000000000 ) ;
#4813 = APPLICATION_PROTOCOL_DEFINITION ( 'draft international standard', 'automotive_design', 1998, #5835 ) ;
#4814 = PRODUCT_DEFINITION_SHAPE ( 'NONE', 'NONE',  #7570 ) ;
#4815 = LINE ( 'NONE', #5909, #6705 ) ;
#4816 = ITEM_DEFINED_TRANSFORMATION ( 'NONE', 'NONE', #4560,  #1948 ) ;
#4817 = PRODUCT_DEFINITION_SHAPE ( 'NONE', 'NONE',  #2466 ) ;
#4818 = AXIS2_PLACEMENT_3D ( 'NONE', #2672, #2914, #5317 ) ;
#4819 = CONTEXT_DEPENDENT_SHAPE_REPRESENTATION ( #6818, #7205 ) ;
#4820 = PRODUCT_RELATED_PRODUCT_CATEGORY ( 'part', '', ( #4235 ) ) ;
#4821 = AXIS2_PLACEMENT_3D ( 'NONE', #4490, #7123, #4796 ) ;
#4822 = VECTOR ( 'NONE', #7355, 1000.000000000000000 ) ;
#4823 = PRODUCT_CONTEXT ( 'NONE', #7265, 'mechanical' ) ;
#4824 = DIRECTION ( 'NONE',  ( 0.0000000000000000000, 0.0000000000000000000, 1.000000000000000000 ) ) ;
#4825 = AXIS2_PLACEMENT_3D ( 'NONE', #4849, #2939, #396 ) ;
#4826 = AXIS2_PLACEMENT_3D ( 'NONE', #3959, #6641, #5203 ) ;
#4827 = ITEM_DEFINED_TRANSFORMATION ( 'NONE', 'NONE', #2864,  #7006 ) ;
#4828 = CARTESIAN_POINT ( 'NONE',  ( 0.001000760000000000278, 0.1510004600000000030, 0.0000000000000000000 ) ) ;
#4829 = FACE_OUTER_BOUND ( 'NONE', #3953, .T. ) ;
#4830 = APPLICATION_CONTEXT ( 'automotive_design' ) ;
#4831 = ORIENTED_EDGE ( 'NONE', *, *, #1154, .F. ) ;
#4832 = SHAPE_DEFINITION_REPRESENTATION ( #5906, #748 ) ;
#4833 = AXIS2_PLACEMENT_3D ( 'NONE', #4879, #6651, #1897 ) ;
#4834 = UNCERTAINTY_MEASURE_WITH_UNIT (LENGTH_MEASURE( 1.000000000000000082E-05 ), #2533, 'distance_accuracy_value', 'NONE');
#4835 = PRODUCT_DEFINITION_SHAPE ( 'NONE', 'NONE',  #7725 ) ;
#4836 = DIRECTION ( 'NONE',  ( 0.0000000000000000000, 0.0000000000000000000, 1.000000000000000000 ) ) ;
#4837 = CARTESIAN_POINT ( 'NONE',  ( 0.0000000000000000000, 0.0000000000000000000, 0.0000000000000000000 ) ) ;
#4838 = DIRECTION ( 'NONE',  ( 1.000000000000000000, 0.0000000000000000000, 0.0000000000000000000 ) ) ;
#4839 = CARTESIAN_POINT ( 'NONE',  ( 4.473399739999999625, 9.485000080000000722, -0.4872999999999999554 ) ) ;
#4840 = APPLICATION_CONTEXT ( 'automotive_design' ) ;
#4841 = DIRECTION ( 'NONE',  ( 0.0000000000000000000, 0.0000000000000000000, 1.000000000000000000 ) ) ;
#4842 = ADVANCED_BREP_SHAPE_REPRESENTATION ( '', ( #6863, #1948 ), #4204 ) ;
#4843 =( NAMED_UNIT ( * ) SI_UNIT ( $, .STERADIAN. ) SOLID_ANGLE_UNIT ( ) );
#4844 = LINE ( 'NONE', #7248, #4059 ) ;
#4845 = DIRECTION ( 'NONE',  ( 1.000000000000000000, 0.0000000000000000000, 0.0000000000000000000 ) ) ;
#4846 = PRODUCT ( '352644049', '352644049', '', ( #6688 ) ) ;
#4847 = SHAPE_DEFINITION_REPRESENTATION ( #1030, #2800 ) ;
#4848 = LINE ( 'NONE', #4374, #2688 ) ;
#4849 = CARTESIAN_POINT ( 'NONE',  ( 0.0000000000000000000, 0.0000000000000000000, 0.0000000000000000000 ) ) ;
#4850 = ITEM_DEFINED_TRANSFORMATION ( 'NONE', 'NONE', #647,  #1170 ) ;
#4851 = PRODUCT_DEFINITION ( 'UNKNOWN', '', #6672, #5842 ) ;
#4852 = DIRECTION ( 'NONE',  ( 1.000000000000000000, 0.0000000000000000000, 0.0000000000000000000 ) ) ;
#4853 =( REPRESENTATION_RELATIONSHIP ('NONE','NONE', #5552, #6270 ) REPRESENTATION_RELATIONSHIP_WITH_TRANSFORMATION ( #1723 )SHAPE_REPRESENTATION_RELATIONSHIP( ) );
#4854 = ITEM_DEFINED_TRANSFORMATION ( 'NONE', 'NONE', #6680,  #1948 ) ;
#4855 = UNCERTAINTY_MEASURE_WITH_UNIT (LENGTH_MEASURE( 1.000000000000000082E-05 ), #5682, 'distance_accuracy_value', 'NONE');
#4856 = DIRECTION ( 'NONE',  ( 1.000000000000000000, 0.0000000000000000000, 0.0000000000000000000 ) ) ;
#4857 = DIRECTION ( 'NONE',  ( 1.000000000000000000, 0.0000000000000000000, 0.0000000000000000000 ) ) ;
#4858 = PRODUCT_DEFINITION_SHAPE ( 'NONE', 'NONE',  #7544 ) ;
#4859 = APPLICATION_PROTOCOL_DEFINITION ( 'draft international standard', 'automotive_design', 1998, #727 ) ;
#4860 = PRODUCT_DEFINITION ( 'UNKNOWN', '', #5160, #3528 ) ;
#4861 = PRODUCT ( 'PINTSOP2-55', 'PINTSOP2-55', '', ( #4596 ) ) ;
#4862 = DIRECTION ( 'NONE',  ( 1.000000000000000000, 0.0000000000000000000, 0.0000000000000000000 ) ) ;
#4863 = APPLICATION_CONTEXT ( 'automotive_design' ) ;
#4864 = DIRECTION ( 'NONE',  ( 0.0000000000000000000, 0.0000000000000000000, 1.000000000000000000 ) ) ;
#4865 =( REPRESENTATION_RELATIONSHIP ('NONE','NONE', #2512, #5226 ) REPRESENTATION_RELATIONSHIP_WITH_TRANSFORMATION ( #931 )SHAPE_REPRESENTATION_RELATIONSHIP( ) );
#4866 = DIRECTION ( 'NONE',  ( 0.0000000000000000000, 1.000000000000000000, -0.0000000000000000000 ) ) ;
#4867 = LINE ( 'NONE', #1347, #674 ) ;
#4868 = ORIENTED_EDGE ( 'NONE', *, *, #3715, .F. ) ;
#4869 = PRODUCT_DEFINITION_SHAPE ( 'NONE', 'NONE',  #7673 ) ;
#4870 = APPLICATION_PROTOCOL_DEFINITION ( 'draft international standard', 'automotive_design', 1998, #3653 ) ;
#4871 = CARTESIAN_POINT ( 'NONE',  ( -0.3650005399999999844, -0.2449982400000000338, -0.2872993999999996495 ) ) ;
#4872 = PRODUCT_DEFINITION_CONTEXT ( 'detailed design', #1866, 'design' ) ;
#4873 = CARTESIAN_POINT ( 'NONE',  ( -0.3650005400000003175, -0.2449982400000000338, -0.2872993999999996495 ) ) ;
#4874 = PRODUCT_DEFINITION_SHAPE ( 'NONE', 'NONE',  #7613 ) ;
#4875 = APPLICATION_CONTEXT ( 'automotive_design' ) ;
#4876 = DIRECTION ( 'NONE',  ( 1.000000000000000000, -1.110223024625000001E-16, 1.110223024625000001E-16 ) ) ;
#4877 = VERTEX_POINT ( 'NONE', #5566 ) ;
#4878 = AXIS2_PLACEMENT_3D ( 'NONE', #2545, #3794, #6873 ) ;
#4879 = CARTESIAN_POINT ( 'NONE',  ( 0.0000000000000000000, 0.0000000000000000000, 0.0000000000000000000 ) ) ;
#4880 = DIRECTION ( 'NONE',  ( 1.000000000000000000, 0.0000000000000000000, 0.0000000000000000000 ) ) ;
#4881 = DIRECTION ( 'NONE',  ( 0.0000000000000000000, 0.0000000000000000000, 1.000000000000000000 ) ) ;
#4882 =( LENGTH_UNIT ( ) NAMED_UNIT ( * ) SI_UNIT ( .MILLI., .METRE. ) );
#4883 = ITEM_DEFINED_TRANSFORMATION ( 'NONE', 'NONE', #4382,  #4647 ) ;
#4884 =( GEOMETRIC_REPRESENTATION_CONTEXT ( 3 ) GLOBAL_UNCERTAINTY_ASSIGNED_CONTEXT ( ( #45 ) ) GLOBAL_UNIT_ASSIGNED_CONTEXT ( ( #6605, #1929, #4907 ) ) REPRESENTATION_CONTEXT ( 'NONE', 'WORKASPACE' ) );
#4885 =( NAMED_UNIT ( * ) SI_UNIT ( $, .STERADIAN. ) SOLID_ANGLE_UNIT ( ) );
#4886 = CARTESIAN_POINT ( 'NONE',  ( -0.6199987599999999821, -0.3150006399999999984, 0.2999999999999999889 ) ) ;
#4887 = DIRECTION ( 'NONE',  ( 1.000000000000000000, 0.0000000000000000000, 0.0000000000000000000 ) ) ;
#4888 = SHAPE_DEFINITION_REPRESENTATION ( #4817, #6813 ) ;
#4889 = DIRECTION ( 'NONE',  ( -0.9950371902099891530, 0.09950371902099892918, 0.0000000000000000000 ) ) ;
#4890 =( NAMED_UNIT ( * ) SI_UNIT ( $, .STERADIAN. ) SOLID_ANGLE_UNIT ( ) );
#4891 = APPLICATION_CONTEXT ( 'automotive_design' ) ;
#4892 = AXIS2_PLACEMENT_3D ( 'NONE', #1791, #3240, #1339 ) ;
#4893 = CONTEXT_DEPENDENT_SHAPE_REPRESENTATION ( #6400, #5188 ) ;
#4894 = AXIS2_PLACEMENT_3D ( 'NONE', #3305, #1526, #2769 ) ;
#4895 = SHAPE_REPRESENTATION ( 'Free-Models5', ( #6934, #4916 ), #6419 ) ;
#4896 =( LENGTH_UNIT ( ) NAMED_UNIT ( * ) SI_UNIT ( .MILLI., .METRE. ) );
#4897 = AXIS2_PLACEMENT_3D ( 'NONE', #7470, #1053, #2923 ) ;
#4898 = PRODUCT_DEFINITION_SHAPE ( 'NONE', 'NONE',  #714 ) ;
#4899 = DIRECTION ( 'NONE',  ( 0.0000000000000000000, 0.0000000000000000000, 1.000000000000000000 ) ) ;
#4900 =( NAMED_UNIT ( * ) SI_UNIT ( $, .STERADIAN. ) SOLID_ANGLE_UNIT ( ) );
#4901 = SHAPE_DEFINITION_REPRESENTATION ( #3897, #109 ) ;
#4902 =( REPRESENTATION_RELATIONSHIP ('NONE','NONE', #1944, #5226 ) REPRESENTATION_RELATIONSHIP_WITH_TRANSFORMATION ( #1137 )SHAPE_REPRESENTATION_RELATIONSHIP( ) );
#4903 = PRODUCT_CONTEXT ( 'NONE', #6887, 'mechanical' ) ;
#4904 = PRODUCT_DEFINITION_FORMATION_WITH_SPECIFIED_SOURCE ( 'ANY', '', #6496, .NOT_KNOWN. ) ;
#4905 = PRODUCT_RELATED_PRODUCT_CATEGORY ( 'part', '', ( #2599 ) ) ;
#4906 = PRODUCT_DEFINITION ( 'UNKNOWN', '', #1498, #5670 ) ;
#4907 =( NAMED_UNIT ( * ) SI_UNIT ( $, .STERADIAN. ) SOLID_ANGLE_UNIT ( ) );
#4908 = AXIS2_PLACEMENT_3D ( 'NONE', #1377, #1338, #258 ) ;
#4909 = CARTESIAN_POINT ( 'NONE',  ( 11.11000064000000087, 5.080000000000000071, 1.199999999999999956 ) ) ;
#4910 =( LENGTH_UNIT ( ) NAMED_UNIT ( * ) SI_UNIT ( .MILLI., .METRE. ) );
#4911 = VERTEX_POINT ( 'NONE', #4886 ) ;
#4912 = AXIS2_PLACEMENT_3D ( 'NONE', #2382, #3598, #1655 ) ;
#4913 = APPLICATION_PROTOCOL_DEFINITION ( 'draft international standard', 'automotive_design', 1998, #79 ) ;
#4914 = PRODUCT_DEFINITION_FORMATION_WITH_SPECIFIED_SOURCE ( 'ANY', '', #2784, .NOT_KNOWN. ) ;
#4915 = APPLICATION_CONTEXT ( 'automotive_design' ) ;
#4916 = AXIS2_PLACEMENT_3D ( 'NONE', #6027, #6624, #1128 ) ;
#4917 =( REPRESENTATION_RELATIONSHIP ('NONE','NONE', #7415, #6627 ) REPRESENTATION_RELATIONSHIP_WITH_TRANSFORMATION ( #7444 )SHAPE_REPRESENTATION_RELATIONSHIP( ) );
#4918 =( LENGTH_UNIT ( ) NAMED_UNIT ( * ) SI_UNIT ( .MILLI., .METRE. ) );
#4919 = ITEM_DEFINED_TRANSFORMATION ( 'NONE', 'NONE', #5898,  #1620 ) ;
#4920 = CARTESIAN_POINT ( 'NONE',  ( -1.084202172485504434E-16, 1.084202172485504434E-16, -0.4038600000000006629 ) ) ;
#4921 = PRODUCT_CONTEXT ( 'NONE', #2962, 'mechanical' ) ;
#4922 = ADVANCED_FACE ( 'NONE', ( #5482 ), #6743, .F. ) ;
#4923 = APPLICATION_CONTEXT ( 'automotive_design' ) ;
#4924 = DIRECTION ( 'NONE',  ( 1.110223024625000001E-16, 1.000000000000000000, 0.0000000000000000000 ) ) ;
#4925 = AXIS2_PLACEMENT_3D ( 'NONE', #4115, #883, #2874 ) ;
#4926 = CARTESIAN_POINT ( 'NONE',  ( -0.3650005400000003175, -0.2449982400000000893, -0.2872994000000000936 ) ) ;
#4927 = SHAPE_REPRESENTATION ( 'Board6', ( #1948 ), #776 ) ;
#4928 = DIRECTION ( 'NONE',  ( 0.0000000000000000000, 0.0000000000000000000, 1.000000000000000000 ) ) ;
#4929 = CARTESIAN_POINT ( 'NONE',  ( 0.0000000000000000000, 0.0000000000000000000, 0.0000000000000000000 ) ) ;
#4930 = APPLICATION_CONTEXT ( 'automotive_design' ) ;
#4931 = AXIS2_PLACEMENT_3D ( 'NONE', #3830, #6261, #1532 ) ;
#4932 = CONTEXT_DEPENDENT_SHAPE_REPRESENTATION ( #5172, #7380 ) ;
#4933 = PLANE ( 'NONE',  #2301 ) ;
#4934 = CARTESIAN_POINT ( 'NONE',  ( 0.0000000000000000000, 0.0000000000000000000, 0.0000000000000000000 ) ) ;
#4935 = PRODUCT_CONTEXT ( 'NONE', #631, 'mechanical' ) ;
#4936 = LINE ( 'NONE', #4300, #6444 ) ;
#4937 =( LENGTH_UNIT ( ) NAMED_UNIT ( * ) SI_UNIT ( .MILLI., .METRE. ) );
#4938 = STYLED_ITEM ( 'NONE', ( #1516 ), #431 ) ;
#4939 = CONTEXT_DEPENDENT_SHAPE_REPRESENTATION ( #5559, #6997 ) ;
#4940 = APPLICATION_CONTEXT ( 'automotive_design' ) ;
#4941 = CIRCLE ( 'NONE', #4565, 0.5000000000000000000 ) ;
#4942 = PRODUCT_DEFINITION_CONTEXT ( 'detailed design', #220, 'design' ) ;
#4943 =( LENGTH_UNIT ( ) NAMED_UNIT ( * ) SI_UNIT ( .MILLI., .METRE. ) );
#4944 = DIRECTION ( 'NONE',  ( 1.000000000000000000, 0.0000000000000000000, 0.0000000000000000000 ) ) ;
#4945 = APPLICATION_PROTOCOL_DEFINITION ( 'draft international standard', 'automotive_design', 1998, #958 ) ;
#4946 =( NAMED_UNIT ( * ) SI_UNIT ( $, .STERADIAN. ) SOLID_ANGLE_UNIT ( ) );
#4947 = VECTOR ( 'NONE', #3680, 1000.000000000000000 ) ;
#4948 = PRODUCT_DEFINITION_SHAPE ( 'NONE', 'NONE',  #7605 ) ;
#4949 = CARTESIAN_POINT ( 'NONE',  ( 0.0000000000000000000, 0.0000000000000000000, -0.4038600000000006629 ) ) ;
#4950 =( NAMED_UNIT ( * ) SI_UNIT ( $, .STERADIAN. ) SOLID_ANGLE_UNIT ( ) );
#4951 = SURFACE_STYLE_USAGE ( .BOTH. , #163 ) ;
#4952 = ITEM_DEFINED_TRANSFORMATION ( 'NONE', 'NONE', #1664,  #6039 ) ;
#4953 = SHAPE_DEFINITION_REPRESENTATION ( #5434, #2544 ) ;
#4954 = ORIENTED_EDGE ( 'NONE', *, *, #3565, .F. ) ;
#4955 =( REPRESENTATION_RELATIONSHIP ('NONE','NONE', #87, #6270 ) REPRESENTATION_RELATIONSHIP_WITH_TRANSFORMATION ( #3009 )SHAPE_REPRESENTATION_RELATIONSHIP( ) );
#4956 = PRODUCT_CONTEXT ( 'NONE', #3251, 'mechanical' ) ;
#4957 = PRODUCT_DEFINITION ( 'UNKNOWN', '', #4779, #4494 ) ;
#4958 =( LENGTH_UNIT ( ) NAMED_UNIT ( * ) SI_UNIT ( .MILLI., .METRE. ) );
#4959 = AXIS2_PLACEMENT_3D ( 'NONE', #2727, #6897, #2132 ) ;
#4960 = ITEM_DEFINED_TRANSFORMATION ( 'NONE', 'NONE', #1103,  #6911 ) ;
#4961 = DIRECTION ( 'NONE',  ( 0.0000000000000000000, 0.0000000000000000000, 1.000000000000000000 ) ) ;
#4962 = AXIS2_PLACEMENT_3D ( 'NONE', #1964, #3755, #757 ) ;
#4963 = APPLICATION_CONTEXT ( 'automotive_design' ) ;
#4964 =( REPRESENTATION_RELATIONSHIP ('NONE','NONE', #2615, #6270 ) REPRESENTATION_RELATIONSHIP_WITH_TRANSFORMATION ( #2736 )SHAPE_REPRESENTATION_RELATIONSHIP( ) );
#4965 = PRODUCT_RELATED_PRODUCT_CATEGORY ( 'part', '', ( #343 ) ) ;
#4966 = PRODUCT_DEFINITION_CONTEXT ( 'detailed design', #3367, 'design' ) ;
#4967 = DIRECTION ( 'NONE',  ( 0.0000000000000000000, 0.0000000000000000000, 1.000000000000000000 ) ) ;
#4968 = PRODUCT ( 'PINTSOP2-55', 'PINTSOP2-55', '', ( #467 ) ) ;
#4969 = PRODUCT_DEFINITION_CONTEXT ( 'detailed design', #310, 'design' ) ;
#4970 = DIRECTION ( 'NONE',  ( 0.0000000000000000000, 0.0000000000000000000, 1.000000000000000000 ) ) ;
#4971 = DIRECTION ( 'NONE',  ( 0.0000000000000000000, 0.0000000000000000000, -1.000000000000000000 ) ) ;
#4972 = SHAPE_REPRESENTATION ( 'PINTSOP2-55', ( #3308, #3681, #4194 ), #786 ) ;
#4973 = SHAPE_DEFINITION_REPRESENTATION ( #3487, #5455 ) ;
#4974 = DIRECTION ( 'NONE',  ( 1.000000000000000000, -0.0000000000000000000, 0.0000000000000000000 ) ) ;
#4975 =( NAMED_UNIT ( * ) PLANE_ANGLE_UNIT ( ) SI_UNIT ( $, .RADIAN. ) );
#4976 =( NAMED_UNIT ( * ) PLANE_ANGLE_UNIT ( ) SI_UNIT ( $, .RADIAN. ) );
#4977 = PRODUCT_DEFINITION_SHAPE ( 'NONE', 'NONE',  #5388 ) ;
#4978 = CONTEXT_DEPENDENT_SHAPE_REPRESENTATION ( #100, #43 ) ;
#4979 = DIRECTION ( 'NONE',  ( 1.000000000000000000, 0.0000000000000000000, 0.0000000000000000000 ) ) ;
#4980 =( NAMED_UNIT ( * ) SI_UNIT ( $, .STERADIAN. ) SOLID_ANGLE_UNIT ( ) );
#4981 = APPLICATION_PROTOCOL_DEFINITION ( 'draft international standard', 'automotive_design', 1998, #3793 ) ;
#4982 = APPLICATION_CONTEXT ( 'automotive_design' ) ;
#4983 = DIRECTION ( 'NONE',  ( 0.0000000000000000000, -0.0000000000000000000, -1.000000000000000000 ) ) ;
#4984 =( NAMED_UNIT ( * ) PLANE_ANGLE_UNIT ( ) SI_UNIT ( $, .RADIAN. ) );
#4985 = CARTESIAN_POINT ( 'NONE',  ( 0.0000000000000000000, 0.0000000000000000000, 0.0000000000000000000 ) ) ;
#4986 = APPLICATION_PROTOCOL_DEFINITION ( 'draft international standard', 'automotive_design', 1998, #4260 ) ;
#4987 = ORIENTED_EDGE ( 'NONE', *, *, #5783, .T. ) ;
#4988 = SHAPE_DEFINITION_REPRESENTATION ( #1125, #2365 ) ;
#4989 = SHAPE_REPRESENTATION ( 'Free-Models5', ( #5291, #4517 ), #6288 ) ;
#4990 = PRODUCT_DEFINITION_SHAPE ( 'NONE', 'NONE',  #7523 ) ;
#4991 =( NAMED_UNIT ( * ) PLANE_ANGLE_UNIT ( ) SI_UNIT ( $, .RADIAN. ) );
#4992 = DIRECTION ( 'NONE',  ( 1.000000000000000000, 0.0000000000000000000, 0.0000000000000000000 ) ) ;
#4993 = ITEM_DEFINED_TRANSFORMATION ( 'NONE', 'NONE', #6151,  #1948 ) ;
#4994 = DIRECTION ( 'NONE',  ( 1.000000000000000000, 0.0000000000000000000, 0.0000000000000000000 ) ) ;
#4995 = PRODUCT_DEFINITION_SHAPE ( 'NONE', 'NONE',  #7085 ) ;
#4996 = APPLICATION_CONTEXT ( 'automotive_design' ) ;
#4997 =( LENGTH_UNIT ( ) NAMED_UNIT ( * ) SI_UNIT ( .MILLI., .METRE. ) );
#4998 = ORIENTED_EDGE ( 'NONE', *, *, #1441, .T. ) ;
#4999 = APPLICATION_PROTOCOL_DEFINITION ( 'draft international standard', 'automotive_design', 1998, #2000 ) ;
#5000 =( NAMED_UNIT ( * ) SI_UNIT ( $, .STERADIAN. ) SOLID_ANGLE_UNIT ( ) );
#5001 = DIRECTION ( 'NONE',  ( 1.000000000000000000, 0.0000000000000000000, 0.0000000000000000000 ) ) ;
#5002 = ITEM_DEFINED_TRANSFORMATION ( 'NONE', 'NONE', #1253,  #4254 ) ;
#5003 =( NAMED_UNIT ( * ) PLANE_ANGLE_UNIT ( ) SI_UNIT ( $, .RADIAN. ) );
#5004 = PRODUCT_DEFINITION ( 'UNKNOWN', '', #7418, #941 ) ;
#5005 = AXIS2_PLACEMENT_3D ( 'NONE', #4540, #2778, #6423 ) ;
#5006 = CARTESIAN_POINT ( 'NONE',  ( 0.001000760000000000278, 0.0000000000000000000, 0.0000000000000000000 ) ) ;
#5007 = PRODUCT_RELATED_PRODUCT_CATEGORY ( 'part', '', ( #5070 ) ) ;
#5008 = DIRECTION ( 'NONE',  ( 1.000000000000000000, 0.0000000000000000000, 0.0000000000000000000 ) ) ;
#5009 =( REPRESENTATION_RELATIONSHIP ('NONE','NONE', #7141, #6270 ) REPRESENTATION_RELATIONSHIP_WITH_TRANSFORMATION ( #280 )SHAPE_REPRESENTATION_RELATIONSHIP( ) );
#5010 = APPLICATION_PROTOCOL_DEFINITION ( 'draft international standard', 'automotive_design', 1998, #483 ) ;
#5011 = PRODUCT_DEFINITION_SHAPE ( 'NONE', 'NONE',  #7602 ) ;
#5012 = PLANE ( 'NONE',  #1406 ) ;
#5013 = CONTEXT_DEPENDENT_SHAPE_REPRESENTATION ( #5549, #1205 ) ;
#5014 = CARTESIAN_POINT ( 'NONE',  ( 0.0000000000000000000, 5.421010862427522170E-17, 0.0000000000000000000 ) ) ;
#5015 = PRODUCT ( '352644049', '352644049', '', ( #2698 ) ) ;
#5016 = UNCERTAINTY_MEASURE_WITH_UNIT (LENGTH_MEASURE( 1.000000000000000082E-05 ), #5293, 'distance_accuracy_value', 'NONE');
#5017 = SHAPE_REPRESENTATION ( '352644049', ( #4199, #793 ), #62 ) ;
#5018 = ADVANCED_FACE ( 'NONE', ( #184 ), #2582, .T. ) ;
#5019 = APPLICATION_CONTEXT ( 'automotive_design' ) ;
#5020 = CARTESIAN_POINT ( 'NONE',  ( -1.084202172485504434E-16, 1.084202172485504434E-16, -0.4038599999999998302 ) ) ;
#5021 =( REPRESENTATION_RELATIONSHIP ('NONE','NONE', #2296, #5521 ) REPRESENTATION_RELATIONSHIP_WITH_TRANSFORMATION ( #2968 )SHAPE_REPRESENTATION_RELATIONSHIP( ) );
#5022 = SHAPE_DEFINITION_REPRESENTATION ( #4739, #3356 ) ;
#5023 = CARTESIAN_POINT ( 'NONE',  ( 0.0000000000000000000, 5.421010862427522170E-17, 0.0000000000000000000 ) ) ;
#5024 = DIRECTION ( 'NONE',  ( 0.0000000000000000000, 0.0000000000000000000, 1.000000000000000000 ) ) ;
#5025 = UNCERTAINTY_MEASURE_WITH_UNIT (LENGTH_MEASURE( 1.000000000000000082E-05 ), #2751, 'distance_accuracy_value', 'NONE');
#5026 =( NAMED_UNIT ( * ) PLANE_ANGLE_UNIT ( ) SI_UNIT ( $, .RADIAN. ) );
#5027 = CARTESIAN_POINT ( 'NONE',  ( 0.0000000000000000000, 0.1499997000000000136, 0.0000000000000000000 ) ) ;
#5028 = SHAPE_DEFINITION_REPRESENTATION ( #7251, #5093 ) ;
#5029 =( GEOMETRIC_REPRESENTATION_CONTEXT ( 3 ) GLOBAL_UNCERTAINTY_ASSIGNED_CONTEXT ( ( #3594 ) ) GLOBAL_UNIT_ASSIGNED_CONTEXT ( ( #1640, #2876, #1560 ) ) REPRESENTATION_CONTEXT ( 'NONE', 'WORKASPACE' ) );
#5030 = AXIS2_PLACEMENT_3D ( 'NONE', #117, #6679, #1926 ) ;
#5031 = PRODUCT_CONTEXT ( 'NONE', #4621, 'mechanical' ) ;
#5032 = APPLICATION_CONTEXT ( 'automotive_design' ) ;
#5033 = PRODUCT ( 'PINTSOP2-55', 'PINTSOP2-55', '', ( #7199 ) ) ;
#5034 = UNCERTAINTY_MEASURE_WITH_UNIT (LENGTH_MEASURE( 1.000000000000000082E-05 ), #6631, 'distance_accuracy_value', 'NONE');
#5035 =( LENGTH_UNIT ( ) NAMED_UNIT ( * ) SI_UNIT ( .MILLI., .METRE. ) );
#5036 = PRODUCT_DEFINITION_FORMATION_WITH_SPECIFIED_SOURCE ( 'ANY', '', #2034, .NOT_KNOWN. ) ;
#5037 = CONTEXT_DEPENDENT_SHAPE_REPRESENTATION ( #5009, #2104 ) ;
#5038 =( NAMED_UNIT ( * ) SI_UNIT ( $, .STERADIAN. ) SOLID_ANGLE_UNIT ( ) );
#5039 = AXIS2_PLACEMENT_3D ( 'NONE', #1593, #5253, #590 ) ;
#5040 = CARTESIAN_POINT ( 'NONE',  ( 0.0000000000000000000, 0.0000000000000000000, 0.0000000000000000000 ) ) ;
#5041 = PRODUCT_DEFINITION_FORMATION_WITH_SPECIFIED_SOURCE ( 'ANY', '', #5876, .NOT_KNOWN. ) ;
#5042 = DIRECTION ( 'NONE',  ( 1.110223024625000001E-16, 1.000000000000000000, 0.0000000000000000000 ) ) ;
#5043 = VERTEX_POINT ( 'NONE', #7275 ) ;
#5044 = SHAPE_REPRESENTATION ( 'PINTSOP2-55', ( #6514, #6908, #6769 ), #377 ) ;
#5045 = AXIS2_PLACEMENT_3D ( 'NONE', #5613, #5171, #1024 ) ;
#5046 = PRODUCT_DEFINITION_SHAPE ( 'NONE', 'NONE',  #2707 ) ;
#5047 =( LENGTH_UNIT ( ) NAMED_UNIT ( * ) SI_UNIT ( .MILLI., .METRE. ) );
#5048 = DIRECTION ( 'NONE',  ( 0.0000000000000000000, 0.0000000000000000000, 1.000000000000000000 ) ) ;
#5049 = CARTESIAN_POINT ( 'NONE',  ( 0.0000000000000000000, 0.0000000000000000000, -0.4038600000000006629 ) ) ;
#5050 = PRODUCT_DEFINITION_FORMATION_WITH_SPECIFIED_SOURCE ( 'ANY', '', #6874, .NOT_KNOWN. ) ;
#5051 = CONTEXT_DEPENDENT_SHAPE_REPRESENTATION ( #445, #2147 ) ;
#5052 = AXIS2_PLACEMENT_3D ( 'NONE', #997, #957, #3368 ) ;
#5053 = CARTESIAN_POINT ( 'NONE',  ( 0.0000000000000000000, 0.001000760000000000278, 0.4165599999999999858 ) ) ;
#5054 = PRODUCT ( '352644049', '352644049', '', ( #2797 ) ) ;
#5055 = PRODUCT_DEFINITION_SHAPE ( 'NONE', 'NONE',  #1989 ) ;
#5056 = APPLICATION_PROTOCOL_DEFINITION ( 'draft international standard', 'automotive_design', 1998, #1751 ) ;
#5057 =( LENGTH_UNIT ( ) NAMED_UNIT ( * ) SI_UNIT ( .MILLI., .METRE. ) );
#5058 = DIRECTION ( 'NONE',  ( 0.0000000000000000000, 0.0000000000000000000, 1.000000000000000000 ) ) ;
#5059 = DIRECTION ( 'NONE',  ( 0.0000000000000000000, 0.0000000000000000000, 1.000000000000000000 ) ) ;
#5060 = AXIS2_PLACEMENT_3D ( 'NONE', #5802, #1613, #402 ) ;
#5061 = PRODUCT_RELATED_PRODUCT_CATEGORY ( 'part', '', ( #1712 ) ) ;
#5062 = PRODUCT_RELATED_PRODUCT_CATEGORY ( 'part', '', ( #4376 ) ) ;
#5063 = ITEM_DEFINED_TRANSFORMATION ( 'NONE', 'NONE', #3633,  #1948 ) ;
#5064 = DIRECTION ( 'NONE',  ( 0.0000000000000000000, 0.0000000000000000000, 1.000000000000000000 ) ) ;
#5065 = AXIS2_PLACEMENT_3D ( 'NONE', #1407, #242, #1472 ) ;
#5066 = PRODUCT_DEFINITION_SHAPE ( 'NONE', 'NONE',  #7541 ) ;
#5067 = SHAPE_DEFINITION_REPRESENTATION ( #7412, #4165 ) ;
#5068 =( NAMED_UNIT ( * ) SI_UNIT ( $, .STERADIAN. ) SOLID_ANGLE_UNIT ( ) );
#5069 = EDGE_CURVE ( 'NONE', #5216, #6931, #1779, .T. ) ;
#5070 = PRODUCT ( '352644049', '352644049', '', ( #6963 ) ) ;
#5071 = STYLED_ITEM ( 'NONE', ( #3232 ), #1592 ) ;
#5072 = DIRECTION ( 'NONE',  ( 1.000000000000000000, 0.0000000000000000000, 0.0000000000000000000 ) ) ;
#5073 = CARTESIAN_POINT ( 'NONE',  ( 0.0000000000000000000, 0.0000000000000000000, -0.4038599999999989421 ) ) ;
#5074 = LINE ( 'NONE', #5737, #3181 ) ;
#5075 = APPLICATION_CONTEXT ( 'automotive_design' ) ;
#5076 = DIRECTION ( 'NONE',  ( 1.000000000000000000, 0.0000000000000000000, 0.0000000000000000000 ) ) ;
#5077 =( REPRESENTATION_RELATIONSHIP ('NONE','NONE', #6957, #6270 ) REPRESENTATION_RELATIONSHIP_WITH_TRANSFORMATION ( #4521 )SHAPE_REPRESENTATION_RELATIONSHIP( ) );
#5078 = APPLICATION_PROTOCOL_DEFINITION ( 'draft international standard', 'automotive_design', 1998, #220 ) ;
#5079 = PRESENTATION_LAYER_ASSIGNMENT (  '', '', ( #902 ) ) ;
#5080 = PRODUCT_CONTEXT ( 'NONE', #2869, 'mechanical' ) ;
#5081 = DIRECTION ( 'NONE',  ( 1.000000000000000000, 0.0000000000000000000, 0.0000000000000000000 ) ) ;
#5082 = AXIS2_PLACEMENT_3D ( 'NONE', #325, #2619, #5604 ) ;
#5083 = DIRECTION ( 'NONE',  ( 1.000000000000000000, 0.0000000000000000000, 0.0000000000000000000 ) ) ;
#5084 = PRODUCT_DEFINITION_SHAPE ( 'NONE', 'NONE',  #7612 ) ;
#5085 = APPLICATION_CONTEXT ( 'automotive_design' ) ;
#5086 = CARTESIAN_POINT ( 'NONE',  ( 19.13807957999999942, -0.3050006599999999790, -0.4872999999999999554 ) ) ;
#5087 = ORIENTED_EDGE ( 'NONE', *, *, #6175, .T. ) ;
#5088 =( GEOMETRIC_REPRESENTATION_CONTEXT ( 3 ) GLOBAL_UNCERTAINTY_ASSIGNED_CONTEXT ( ( #5668 ) ) GLOBAL_UNIT_ASSIGNED_CONTEXT ( ( #4572, #5664, #6377 ) ) REPRESENTATION_CONTEXT ( 'NONE', 'WORKASPACE' ) );
#5089 = UNCERTAINTY_MEASURE_WITH_UNIT (LENGTH_MEASURE( 1.000000000000000082E-05 ), #1279, 'distance_accuracy_value', 'NONE');
#5090 = DIRECTION ( 'NONE',  ( 0.0000000000000000000, 0.0000000000000000000, 1.000000000000000000 ) ) ;
#5091 =( NAMED_UNIT ( * ) PLANE_ANGLE_UNIT ( ) SI_UNIT ( $, .RADIAN. ) );
#5092 = ITEM_DEFINED_TRANSFORMATION ( 'NONE', 'NONE', #1872,  #1948 ) ;
#5093 = SHAPE_REPRESENTATION ( 'TSOP2-55', ( #174, #4040, #4560 ), #7197 ) ;
#5094 = DIRECTION ( 'NONE',  ( -0.0000000000000000000, 1.000000000000000000, 0.0000000000000000000 ) ) ;
#5095 = SHAPE_DEFINITION_REPRESENTATION ( #55, #3041 ) ;
#5096 = APPLICATION_CONTEXT ( 'automotive_design' ) ;
#5097 = CARTESIAN_POINT ( 'NONE',  ( 0.0000000000000000000, 0.0000000000000000000, -0.4038600000000006629 ) ) ;
#5098 = CARTESIAN_POINT ( 'NONE',  ( -0.3650005400000003175, -0.2449982400000000893, -0.2872993999999999826 ) ) ;
#5099 = CONTEXT_DEPENDENT_SHAPE_REPRESENTATION ( #3539, #50 ) ;
#5100 =( GEOMETRIC_REPRESENTATION_CONTEXT ( 3 ) GLOBAL_UNCERTAINTY_ASSIGNED_CONTEXT ( ( #2980 ) ) GLOBAL_UNIT_ASSIGNED_CONTEXT ( ( #670, #1850, #5515 ) ) REPRESENTATION_CONTEXT ( 'NONE', 'WORKASPACE' ) );
#5101 = PRODUCT_DEFINITION_SHAPE ( 'NONE', 'NONE',  #2080 ) ;
#5102 = PRODUCT_DEFINITION_SHAPE ( 'NONE', 'NONE',  #7748 ) ;
#5103 = PRODUCT_RELATED_PRODUCT_CATEGORY ( 'part', '', ( #7118 ) ) ;
#5104 = PRODUCT_RELATED_PRODUCT_CATEGORY ( 'part', '', ( #2471 ) ) ;
#5105 = SHAPE_DEFINITION_REPRESENTATION ( #2148, #1701 ) ;
#5106 = DIRECTION ( 'NONE',  ( 0.0000000000000000000, 0.0000000000000000000, 1.000000000000000000 ) ) ;
#5107 =( REPRESENTATION_RELATIONSHIP ('NONE','NONE', #4137, #4648 ) REPRESENTATION_RELATIONSHIP_WITH_TRANSFORMATION ( #5275 )SHAPE_REPRESENTATION_RELATIONSHIP( ) );
#5108 = SURFACE_STYLE_USAGE ( .BOTH. , #307 ) ;
#5109 =( NAMED_UNIT ( * ) SI_UNIT ( $, .STERADIAN. ) SOLID_ANGLE_UNIT ( ) );
#5110 = PRODUCT_RELATED_PRODUCT_CATEGORY ( 'part', '', ( #4683 ) ) ;
#5111 = PRODUCT_DEFINITION_SHAPE ( 'NONE', 'NONE',  #3502 ) ;
#5112 = PRODUCT_RELATED_PRODUCT_CATEGORY ( 'part', '', ( #4861 ) ) ;
#5113 = APPLICATION_PROTOCOL_DEFINITION ( 'draft international standard', 'automotive_design', 1998, #6527 ) ;
#5114 = SHAPE_DEFINITION_REPRESENTATION ( #4414, #4363 ) ;
#5115 =( GEOMETRIC_REPRESENTATION_CONTEXT ( 3 ) GLOBAL_UNCERTAINTY_ASSIGNED_CONTEXT ( ( #6117 ) ) GLOBAL_UNIT_ASSIGNED_CONTEXT ( ( #4910, #3602, #6097 ) ) REPRESENTATION_CONTEXT ( 'NONE', 'WORKASPACE' ) );
#5116 = DIRECTION ( 'NONE',  ( 1.000000000000000000, 0.0000000000000000000, 0.0000000000000000000 ) ) ;
#5117 = AXIS2_PLACEMENT_3D ( 'NONE', #5451, #1145, #7175 ) ;
#5118 = DIRECTION ( 'NONE',  ( 1.000000000000000000, 0.0000000000000000000, 0.0000000000000000000 ) ) ;
#5119 =( REPRESENTATION_RELATIONSHIP ('NONE','NONE', #2685, #5226 ) REPRESENTATION_RELATIONSHIP_WITH_TRANSFORMATION ( #1126 )SHAPE_REPRESENTATION_RELATIONSHIP( ) );
#5120 = EDGE_CURVE ( 'NONE', #6355, #2150, #6109, .T. ) ;
#5121 = EDGE_LOOP ( 'NONE', ( #5192, #2478, #6989, #5599 ) ) ;
#5122 = PRODUCT_CONTEXT ( 'NONE', #2393, 'mechanical' ) ;
#5123 =( LENGTH_UNIT ( ) NAMED_UNIT ( * ) SI_UNIT ( .MILLI., .METRE. ) );
#5124 = PRODUCT_DEFINITION_SHAPE ( 'NONE', 'NONE',  #7534 ) ;
#5125 = SHAPE_DEFINITION_REPRESENTATION ( #246, #2922 ) ;
#5126 = PRODUCT_DEFINITION_SHAPE ( 'NONE', 'NONE',  #3364 ) ;
#5127 = DIRECTION ( 'NONE',  ( 0.0000000000000000000, 0.0000000000000000000, 1.000000000000000000 ) ) ;
#5128 =( NAMED_UNIT ( * ) SI_UNIT ( $, .STERADIAN. ) SOLID_ANGLE_UNIT ( ) );
#5129 = APPLICATION_CONTEXT ( 'automotive_design' ) ;
#5130 = ORIENTED_EDGE ( 'NONE', *, *, #1305, .F. ) ;
#5131 = APPLICATION_PROTOCOL_DEFINITION ( 'draft international standard', 'automotive_design', 1998, #495 ) ;
#5132 = PRODUCT_DEFINITION_SHAPE ( 'NONE', 'NONE',  #7600 ) ;
#5133 =( NAMED_UNIT ( * ) PLANE_ANGLE_UNIT ( ) SI_UNIT ( $, .RADIAN. ) );
#5134 = CARTESIAN_POINT ( 'NONE',  ( 0.0000000000000000000, 5.421010862427522170E-17, 0.0000000000000000000 ) ) ;
#5135 = CARTESIAN_POINT ( 'NONE',  ( -0.5000000000000000000, 0.0000000000000000000, 0.0000000000000000000 ) ) ;
#5136 = APPLICATION_PROTOCOL_DEFINITION ( 'draft international standard', 'automotive_design', 1998, #3825 ) ;
#5137 = PRODUCT_CONTEXT ( 'NONE', #5677, 'mechanical' ) ;
#5138 = DIRECTION ( 'NONE',  ( 0.0000000000000000000, 0.0000000000000000000, 1.000000000000000000 ) ) ;
#5139 =( GEOMETRIC_REPRESENTATION_CONTEXT ( 3 ) GLOBAL_UNCERTAINTY_ASSIGNED_CONTEXT ( ( #1639 ) ) GLOBAL_UNIT_ASSIGNED_CONTEXT ( ( #5474, #3732, #1980 ) ) REPRESENTATION_CONTEXT ( 'NONE', 'WORKASPACE' ) );
#5140 =( REPRESENTATION_RELATIONSHIP ('NONE','NONE', #4137, #7415 ) REPRESENTATION_RELATIONSHIP_WITH_TRANSFORMATION ( #791 )SHAPE_REPRESENTATION_RELATIONSHIP( ) );
#5141 = AXIS2_PLACEMENT_3D ( 'NONE', #4261, #3716, #30 ) ;
#5142 = CARTESIAN_POINT ( 'NONE',  ( 0.0000000000000000000, 0.0000000000000000000, 0.0000000000000000000 ) ) ;
#5143 = PRODUCT_RELATED_PRODUCT_CATEGORY ( 'part', '', ( #872 ) ) ;
#5144 = PRODUCT_RELATED_PRODUCT_CATEGORY ( 'part', '', ( #2634 ) ) ;
#5145 = CARTESIAN_POINT ( 'NONE',  ( -0.3650005399999999289, -0.2449982400000000893, -0.2872993999999996495 ) ) ;
#5146 = DIRECTION ( 'NONE',  ( 0.0000000000000000000, 0.0000000000000000000, 1.000000000000000000 ) ) ;
#5147 = AXIS2_PLACEMENT_3D ( 'NONE', #461, #384, #1682 ) ;
#5148 = EDGE_LOOP ( 'NONE', ( #7236, #206, #2349, #3970 ) ) ;
#5149 = APPLICATION_PROTOCOL_DEFINITION ( 'draft international standard', 'automotive_design', 1998, #5693 ) ;
#5150 = PRODUCT_DEFINITION_SHAPE ( 'NONE', 'NONE',  #7641 ) ;
#5151 = PRODUCT_DEFINITION_FORMATION_WITH_SPECIFIED_SOURCE ( 'ANY', '', #6318, .NOT_KNOWN. ) ;
#5152 = UNCERTAINTY_MEASURE_WITH_UNIT (LENGTH_MEASURE( 1.000000000000000082E-05 ), #1167, 'distance_accuracy_value', 'NONE');
#5153 = AXIS2_PLACEMENT_3D ( 'NONE', #5040, #1101, #2745 ) ;
#5154 =( REPRESENTATION_RELATIONSHIP ('NONE','NONE', #6813, #5806 ) REPRESENTATION_RELATIONSHIP_WITH_TRANSFORMATION ( #6501 )SHAPE_REPRESENTATION_RELATIONSHIP( ) );
#5155 = EDGE_CURVE ( 'NONE', #5888, #3638, #635, .T. ) ;
#5156 = CARTESIAN_POINT ( 'NONE',  ( 0.0000000000000000000, 0.0000000000000000000, 0.0000000000000000000 ) ) ;
#5157 = PRODUCT ( '352644049', '352644049', '', ( #3106 ) ) ;
#5158 = ITEM_DEFINED_TRANSFORMATION ( 'NONE', 'NONE', #134,  #2518 ) ;
#5159 = PRODUCT_CONTEXT ( 'NONE', #3951, 'mechanical' ) ;
#5160 = PRODUCT_DEFINITION_FORMATION_WITH_SPECIFIED_SOURCE ( 'ANY', '', #4195, .NOT_KNOWN. ) ;
#5161 = CONTEXT_DEPENDENT_SHAPE_REPRESENTATION ( #300, #5102 ) ;
#5162 = CARTESIAN_POINT ( 'NONE',  ( 0.001000760000000000278, 0.0000000000000000000, 0.4165599999999999858 ) ) ;
#5163 = APPLICATION_PROTOCOL_DEFINITION ( 'draft international standard', 'automotive_design', 1998, #2976 ) ;
#5164 = CARTESIAN_POINT ( 'NONE',  ( 11.11000064000000265, -5.080000000000000071, 0.0000000000000000000 ) ) ;
#5165 = VERTEX_POINT ( 'NONE', #4753 ) ;
#5166 = PRODUCT_DEFINITION_FORMATION_WITH_SPECIFIED_SOURCE ( 'ANY', '', #2532, .NOT_KNOWN. ) ;
#5167 =( NAMED_UNIT ( * ) PLANE_ANGLE_UNIT ( ) SI_UNIT ( $, .RADIAN. ) );
#5168 = APPLICATION_CONTEXT ( 'automotive_design' ) ;
#5169 = CONTEXT_DEPENDENT_SHAPE_REPRESENTATION ( #283, #5998 ) ;
#5170 = PRODUCT_DEFINITION_SHAPE ( 'NONE', 'NONE',  #7480 ) ;
#5171 = DIRECTION ( 'NONE',  ( 0.0000000000000000000, 0.0000000000000000000, 1.000000000000000000 ) ) ;
#5172 =( REPRESENTATION_RELATIONSHIP ('NONE','NONE', #1112, #6270 ) REPRESENTATION_RELATIONSHIP_WITH_TRANSFORMATION ( #1946 )SHAPE_REPRESENTATION_RELATIONSHIP( ) );
#5173 = PRODUCT_DEFINITION_CONTEXT ( 'detailed design', #6542, 'design' ) ;
#5174 = ORIENTED_EDGE ( 'NONE', *, *, #6013, .T. ) ;
#5175 = CARTESIAN_POINT ( 'NONE',  ( 0.0000000000000000000, 0.0000000000000000000, 0.0000000000000000000 ) ) ;
#5176 = APPLICATION_PROTOCOL_DEFINITION ( 'draft international standard', 'automotive_design', 1998, #3678 ) ;
#5177 = CARTESIAN_POINT ( 'NONE',  ( 0.0000000000000000000, 0.0000000000000000000, 0.0000000000000000000 ) ) ;
#5178 = PRODUCT ( 'Free-Models5', 'Free-Models5', '', ( #6483 ) ) ;
#5179 = SHAPE_REPRESENTATION ( '352644049', ( #6511, #721 ), #3157 ) ;
#5180 = DIRECTION ( 'NONE',  ( 0.0000000000000000000, 0.0000000000000000000, 1.000000000000000000 ) ) ;
#5181 = AXIS2_PLACEMENT_3D ( 'NONE', #5327, #5834, #972 ) ;
#5182 = CARTESIAN_POINT ( 'NONE',  ( 0.5000000000000000000, 6.123233995736766036E-17, 0.0000000000000000000 ) ) ;
#5183 = DIRECTION ( 'NONE',  ( 0.0000000000000000000, 0.0000000000000000000, 1.000000000000000000 ) ) ;
#5184 = PRODUCT_CONTEXT ( 'NONE', #7404, 'mechanical' ) ;
#5185 = APPLICATION_PROTOCOL_DEFINITION ( 'draft international standard', 'automotive_design', 1998, #2464 ) ;
#5186 =( NAMED_UNIT ( * ) SI_UNIT ( $, .STERADIAN. ) SOLID_ANGLE_UNIT ( ) );
#5187 = DIRECTION ( 'NONE',  ( 1.000000000000000000, 0.0000000000000000000, 0.0000000000000000000 ) ) ;
#5188 = PRODUCT_DEFINITION_SHAPE ( 'NONE', 'NONE',  #7559 ) ;
#5189 = PRESENTATION_STYLE_ASSIGNMENT (( #3412 ) ) ;
#5190 = CARTESIAN_POINT ( 'NONE',  ( -0.3650005399999999844, -0.2449982400000000338, -0.2872993999999996495 ) ) ;
#5191 = PRODUCT ( 'PINTSOP2-55', 'PINTSOP2-55', '', ( #4252 ) ) ;
#5192 = ORIENTED_EDGE ( 'NONE', *, *, #345, .F. ) ;
#5193 = PRODUCT_DEFINITION ( 'UNKNOWN', '', #7046, #3530 ) ;
#5194 = SHAPE_DEFINITION_REPRESENTATION ( #2521, #1000 ) ;
#5195 = PRODUCT_RELATED_PRODUCT_CATEGORY ( 'part', '', ( #510 ) ) ;
#5196 = ITEM_DEFINED_TRANSFORMATION ( 'NONE', 'NONE', #2930,  #1491 ) ;
#5197 = PRODUCT_DEFINITION_CONTEXT ( 'detailed design', #5735, 'design' ) ;
#5198 = VECTOR ( 'NONE', #2557, 1000.000000000000000 ) ;
#5199 = SHAPE_REPRESENTATION ( 'User Library-TSOP2-54', ( #1976, #937, #3215 ), #6112 ) ;
#5200 = CONTEXT_DEPENDENT_SHAPE_REPRESENTATION ( #1898, #5952 ) ;
#5201 = DIRECTION ( 'NONE',  ( 1.000000000000000000, 0.0000000000000000000, 0.0000000000000000000 ) ) ;
#5202 = PRODUCT_DEFINITION_CONTEXT ( 'detailed design', #1198, 'design' ) ;
#5203 = DIRECTION ( 'NONE',  ( 0.0000000000000000000, 0.0000000000000000000, 1.000000000000000000 ) ) ;
#5204 = DIRECTION ( 'NONE',  ( -2.220446049250000002E-16, -1.000000000000000000, 0.0000000000000000000 ) ) ;
#5205 = EDGE_CURVE ( 'NONE', #7374, #6894, #4844, .T. ) ;
#5206 =( NAMED_UNIT ( * ) SI_UNIT ( $, .STERADIAN. ) SOLID_ANGLE_UNIT ( ) );
#5207 =( NAMED_UNIT ( * ) PLANE_ANGLE_UNIT ( ) SI_UNIT ( $, .RADIAN. ) );
#5208 =( REPRESENTATION_RELATIONSHIP ('NONE','NONE', #664, #5226 ) REPRESENTATION_RELATIONSHIP_WITH_TRANSFORMATION ( #4854 )SHAPE_REPRESENTATION_RELATIONSHIP( ) );
#5209 = PRODUCT ( 'Free-Models5', 'Free-Models5', '', ( #1485 ) ) ;
#5210 = MECHANICAL_DESIGN_GEOMETRIC_PRESENTATION_REPRESENTATION (  '', ( #6719 ), #7457 ) ;
#5211 = PRODUCT_DEFINITION_SHAPE ( 'NONE', 'NONE',  #7729 ) ;
#5212 = ITEM_DEFINED_TRANSFORMATION ( 'NONE', 'NONE', #5654,  #985 ) ;
#5213 = CARTESIAN_POINT ( 'NONE',  ( -0.3650005400000003175, -0.2449982400000000893, -0.2872993999999996495 ) ) ;
#5214 = DIRECTION ( 'NONE',  ( 0.0000000000000000000, -0.0000000000000000000, 1.000000000000000000 ) ) ;
#5215 = AXIS2_PLACEMENT_3D ( 'NONE', #1402, #7185, #5920 ) ;
#5216 = VERTEX_POINT ( 'NONE', #6073 ) ;
#5217 = APPLICATION_PROTOCOL_DEFINITION ( 'draft international standard', 'automotive_design', 1998, #4681 ) ;
#5218 = APPLICATION_CONTEXT ( 'automotive_design' ) ;
#5219 =( LENGTH_UNIT ( ) NAMED_UNIT ( * ) SI_UNIT ( .MILLI., .METRE. ) );
#5220 =( REPRESENTATION_RELATIONSHIP ('NONE','NONE', #3674, #3434 ) REPRESENTATION_RELATIONSHIP_WITH_TRANSFORMATION ( #2804 )SHAPE_REPRESENTATION_RELATIONSHIP( ) );
#5221 =( NAMED_UNIT ( * ) PLANE_ANGLE_UNIT ( ) SI_UNIT ( $, .RADIAN. ) );
#5222 = DIRECTION ( 'NONE',  ( 0.0000000000000000000, 0.0000000000000000000, 1.000000000000000000 ) ) ;
#5223 =( NAMED_UNIT ( * ) PLANE_ANGLE_UNIT ( ) SI_UNIT ( $, .RADIAN. ) );
#5224 = DIRECTION ( 'NONE',  ( 0.0000000000000000000, 0.0000000000000000000, 1.000000000000000000 ) ) ;
#5225 = SHAPE_DEFINITION_REPRESENTATION ( #1405, #87 ) ;
#5226 = SHAPE_REPRESENTATION ( 'Board4', ( #1948 ), #2300 ) ;
#5227 = PRODUCT_CONTEXT ( 'NONE', #1233, 'mechanical' ) ;
#5228 = CARTESIAN_POINT ( 'NONE',  ( 0.0000000000000000000, 0.0000000000000000000, 0.0000000000000000000 ) ) ;
#5229 =( NAMED_UNIT ( * ) PLANE_ANGLE_UNIT ( ) SI_UNIT ( $, .RADIAN. ) );
#5230 =( LENGTH_UNIT ( ) NAMED_UNIT ( * ) SI_UNIT ( .MILLI., .METRE. ) );
#5231 = ORIENTED_EDGE ( 'NONE', *, *, #5836, .T. ) ;
#5232 = APPLICATION_PROTOCOL_DEFINITION ( 'draft international standard', 'automotive_design', 1998, #5863 ) ;
#5233 = CONTEXT_DEPENDENT_SHAPE_REPRESENTATION ( #6683, #7364 ) ;
#5234 = PRODUCT_DEFINITION_SHAPE ( 'NONE', 'NONE',  #7495 ) ;
#5235 = DIRECTION ( 'NONE',  ( 1.000000000000000000, 0.0000000000000000000, 0.0000000000000000000 ) ) ;
#5236 = DIRECTION ( 'NONE',  ( 0.0000000000000000000, 0.0000000000000000000, 1.000000000000000000 ) ) ;
#5237 = CONTEXT_DEPENDENT_SHAPE_REPRESENTATION ( #5904, #116 ) ;
#5238 = CARTESIAN_POINT ( 'NONE',  ( 0.5000000000000000000, 0.0000000000000000000, 0.07000000000000000666 ) ) ;
#5239 = DIRECTION ( 'NONE',  ( 1.110223024625000001E-16, 1.000000000000000000, 0.0000000000000000000 ) ) ;
#5240 = PRODUCT ( '352644049', '352644049', '', ( #916 ) ) ;
#5241 = PRODUCT_CONTEXT ( 'NONE', #1843, 'mechanical' ) ;
#5242 = CARTESIAN_POINT ( 'NONE',  ( 0.0000000000000000000, 0.0000000000000000000, 0.0000000000000000000 ) ) ;
#5243 = SHAPE_REPRESENTATION ( 'Free-Models5', ( #4925, #1774 ), #2801 ) ;
#5244 = PRODUCT_DEFINITION_SHAPE ( 'NONE', 'NONE',  #7646 ) ;
#5245 = PRODUCT_DEFINITION ( 'UNKNOWN', '', #3032, #3025 ) ;
#5246 = ITEM_DEFINED_TRANSFORMATION ( 'NONE', 'NONE', #3260,  #1359 ) ;
#5247 = PRODUCT_RELATED_PRODUCT_CATEGORY ( 'part', '', ( #2687 ) ) ;
#5248 = ITEM_DEFINED_TRANSFORMATION ( 'NONE', 'NONE', #922,  #1692 ) ;
#5249 =( LENGTH_UNIT ( ) NAMED_UNIT ( * ) SI_UNIT ( .MILLI., .METRE. ) );
#5250 =( REPRESENTATION_RELATIONSHIP ('NONE','NONE', #128, #4895 ) REPRESENTATION_RELATIONSHIP_WITH_TRANSFORMATION ( #1225 )SHAPE_REPRESENTATION_RELATIONSHIP( ) );
#5251 = VERTEX_POINT ( 'NONE', #675 ) ;
#5252 = PRODUCT_CONTEXT ( 'NONE', #4222, 'mechanical' ) ;
#5253 = DIRECTION ( 'NONE',  ( 0.0000000000000000000, 0.0000000000000000000, 1.000000000000000000 ) ) ;
#5254 = EDGE_CURVE ( 'NONE', #4877, #6450, #101, .T. ) ;
#5255 =( NAMED_UNIT ( * ) SI_UNIT ( $, .STERADIAN. ) SOLID_ANGLE_UNIT ( ) );
#5256 = AXIS2_PLACEMENT_3D ( 'NONE', #3621, #2941, #5911 ) ;
#5257 = APPLICATION_PROTOCOL_DEFINITION ( 'draft international standard', 'automotive_design', 1998, #6689 ) ;
#5258 =( REPRESENTATION_RELATIONSHIP ('NONE','NONE', #2083, #5226 ) REPRESENTATION_RELATIONSHIP_WITH_TRANSFORMATION ( #2444 )SHAPE_REPRESENTATION_RELATIONSHIP( ) );
#5259 = SHAPE_DEFINITION_REPRESENTATION ( #1075, #1230 ) ;
#5260 = CARTESIAN_POINT ( 'NONE',  ( 0.0000000000000000000, 0.0000000000000000000, 0.0000000000000000000 ) ) ;
#5261 = CARTESIAN_POINT ( 'NONE',  ( 0.0000000000000000000, 0.0000000000000000000, 0.0000000000000000000 ) ) ;
#5262 =( GEOMETRIC_REPRESENTATION_CONTEXT ( 3 ) GLOBAL_UNCERTAINTY_ASSIGNED_CONTEXT ( ( #7115 ) ) GLOBAL_UNIT_ASSIGNED_CONTEXT ( ( #39, #1878, #3062 ) ) REPRESENTATION_CONTEXT ( 'NONE', 'WORKASPACE' ) );
#5263 = CONTEXT_DEPENDENT_SHAPE_REPRESENTATION ( #1182, #6762 ) ;
#5264 = FACE_OUTER_BOUND ( 'NONE', #5121, .T. ) ;
#5265 = DIRECTION ( 'NONE',  ( 0.0000000000000000000, 0.0000000000000000000, 1.000000000000000000 ) ) ;
#5266 = SHAPE_REPRESENTATION ( '352644049', ( #1388, #2573 ), #193 ) ;
#5267 =( NAMED_UNIT ( * ) SI_UNIT ( $, .STERADIAN. ) SOLID_ANGLE_UNIT ( ) );
#5268 = AXIS2_PLACEMENT_3D ( 'NONE', #6960, #5770, #366 ) ;
#5269 = ORIENTED_EDGE ( 'NONE', *, *, #3608, .T. ) ;
#5270 = AXIS2_PLACEMENT_3D ( 'NONE', #6717, #1919, #6552 ) ;
#5271 = APPLICATION_PROTOCOL_DEFINITION ( 'draft international standard', 'automotive_design', 1998, #2243 ) ;
#5272 = APPLICATION_CONTEXT ( 'automotive_design' ) ;
#5273 = PRODUCT ( 'Free-Models5', 'Free-Models5', '', ( #1686 ) ) ;
#5274 = PRODUCT_DEFINITION_SHAPE ( 'NONE', 'NONE',  #7701 ) ;
#5275 = ITEM_DEFINED_TRANSFORMATION ( 'NONE', 'NONE', #1787,  #2640 ) ;
#5276 =( REPRESENTATION_RELATIONSHIP ('NONE','NONE', #5266, #6270 ) REPRESENTATION_RELATIONSHIP_WITH_TRANSFORMATION ( #4531 )SHAPE_REPRESENTATION_RELATIONSHIP( ) );
#5277 = PRODUCT_DEFINITION_CONTEXT ( 'detailed design', #6272, 'design' ) ;
#5278 = LINE ( 'NONE', #1690, #4063 ) ;
#5279 = PRODUCT_DEFINITION_CONTEXT ( 'detailed design', #5942, 'design' ) ;
#5280 =( LENGTH_UNIT ( ) NAMED_UNIT ( * ) SI_UNIT ( .MILLI., .METRE. ) );
#5281 = AXIS2_PLACEMENT_3D ( 'NONE', #5556, #7204, #6014 ) ;
#5282 = ITEM_DEFINED_TRANSFORMATION ( 'NONE', 'NONE', #5792,  #1948 ) ;
#5283 =( GEOMETRIC_REPRESENTATION_CONTEXT ( 3 ) GLOBAL_UNCERTAINTY_ASSIGNED_CONTEXT ( ( #2644 ) ) GLOBAL_UNIT_ASSIGNED_CONTEXT ( ( #5280, #2276, #4692 ) ) REPRESENTATION_CONTEXT ( 'NONE', 'WORKASPACE' ) );
#5284 = DIRECTION ( 'NONE',  ( 1.000000000000000000, -1.110223024625000001E-16, 1.110223024625000001E-16 ) ) ;
#5285 = APPLICATION_PROTOCOL_DEFINITION ( 'draft international standard', 'automotive_design', 1998, #245 ) ;
#5286 = AXIS2_PLACEMENT_3D ( 'NONE', #2802, #2785, #1001 ) ;
#5287 =( NAMED_UNIT ( * ) PLANE_ANGLE_UNIT ( ) SI_UNIT ( $, .RADIAN. ) );
#5288 = CARTESIAN_POINT ( 'NONE',  ( 0.0000000000000000000, 0.0000000000000000000, 0.0000000000000000000 ) ) ;
#5289 = PRODUCT_DEFINITION_FORMATION_WITH_SPECIFIED_SOURCE ( 'ANY', '', #4235, .NOT_KNOWN. ) ;
#5290 =( GEOMETRIC_REPRESENTATION_CONTEXT ( 3 ) GLOBAL_UNCERTAINTY_ASSIGNED_CONTEXT ( ( #5964 ) ) GLOBAL_UNIT_ASSIGNED_CONTEXT ( ( #2867, #3443, #2297 ) ) REPRESENTATION_CONTEXT ( 'NONE', 'WORKASPACE' ) );
#5291 = AXIS2_PLACEMENT_3D ( 'NONE', #7353, #7246, #12 ) ;
#5292 = SURFACE_STYLE_USAGE ( .BOTH. , #6385 ) ;
#5293 =( LENGTH_UNIT ( ) NAMED_UNIT ( * ) SI_UNIT ( .MILLI., .METRE. ) );
#5294 = PRODUCT ( 'Free-Models5', 'Free-Models5', '', ( #44 ) ) ;
#5295 = PRODUCT_DEFINITION_SHAPE ( 'NONE', 'NONE',  #7666 ) ;
#5296 = PRODUCT_DEFINITION_FORMATION_WITH_SPECIFIED_SOURCE ( 'ANY', '', #430, .NOT_KNOWN. ) ;
#5297 = ORIENTED_EDGE ( 'NONE', *, *, #521, .F. ) ;
#5298 = CARTESIAN_POINT ( 'NONE',  ( -0.3650005399999999844, -0.2449982400000000338, -0.2872993999999998715 ) ) ;
#5299 = SHAPE_REPRESENTATION ( 'PINTSOP2-55', ( #4897, #4259, #7156 ), #5283 ) ;
#5300 = PRODUCT_RELATED_PRODUCT_CATEGORY ( 'part', '', ( #2034 ) ) ;
#5301 = APPLICATION_PROTOCOL_DEFINITION ( 'draft international standard', 'automotive_design', 1998, #5942 ) ;
#5302 = PRODUCT_DEFINITION ( 'UNKNOWN', '', #5415, #553 ) ;
#5303 = DIRECTION ( 'NONE',  ( 0.0000000000000000000, 0.0000000000000000000, 1.000000000000000000 ) ) ;
#5304 = AXIS2_PLACEMENT_3D ( 'NONE', #7002, #186, #4298 ) ;
#5305 = PRODUCT_DEFINITION_FORMATION_WITH_SPECIFIED_SOURCE ( 'ANY', '', #4549, .NOT_KNOWN. ) ;
#5306 = PRODUCT_DEFINITION_CONTEXT ( 'detailed design', #2423, 'design' ) ;
#5307 =( REPRESENTATION_RELATIONSHIP ('NONE','NONE', #4137, #1701 ) REPRESENTATION_RELATIONSHIP_WITH_TRANSFORMATION ( #3506 )SHAPE_REPRESENTATION_RELATIONSHIP( ) );
#5308 = AXIS2_PLACEMENT_3D ( 'NONE', #6644, #7344, #3606 ) ;
#5309 = PRODUCT_DEFINITION_SHAPE ( 'NONE', 'NONE',  #7500 ) ;
#5310 = EDGE_CURVE ( 'NONE', #5216, #5354, #2355, .T. ) ;
#5311 = APPLICATION_PROTOCOL_DEFINITION ( 'draft international standard', 'automotive_design', 1998, #1648 ) ;
#5312 = EDGE_CURVE ( 'NONE', #1715, #6372, #1413, .T. ) ;
#5313 = APPLICATION_PROTOCOL_DEFINITION ( 'draft international standard', 'automotive_design', 1998, #4155 ) ;
#5314 = PRODUCT_DEFINITION_SHAPE ( 'NONE', 'NONE',  #5397 ) ;
#5315 = AXIS2_PLACEMENT_3D ( 'NONE', #4934, #5407, #3156 ) ;
#5316 = PRODUCT ( 'PINTSOP2-55', 'PINTSOP2-55', '', ( #1830 ) ) ;
#5317 = DIRECTION ( 'NONE',  ( 1.000000000000000000, 0.0000000000000000000, -0.0000000000000000000 ) ) ;
#5318 =( REPRESENTATION_RELATIONSHIP ('NONE','NONE', #2226, #2039 ) REPRESENTATION_RELATIONSHIP_WITH_TRANSFORMATION ( #3578 )SHAPE_REPRESENTATION_RELATIONSHIP( ) );
#5319 = EDGE_LOOP ( 'NONE', ( #659, #5667, #5395, #6402 ) ) ;
#5320 = APPLICATION_PROTOCOL_DEFINITION ( 'draft international standard', 'automotive_design', 1998, #6588 ) ;
#5321 = UNCERTAINTY_MEASURE_WITH_UNIT (LENGTH_MEASURE( 1.000000000000000082E-05 ), #5761, 'distance_accuracy_value', 'NONE');
#5322 = LINE ( 'NONE', #4088, #3190 ) ;
#5323 =( NAMED_UNIT ( * ) SI_UNIT ( $, .STERADIAN. ) SOLID_ANGLE_UNIT ( ) );
#5324 = DIRECTION ( 'NONE',  ( 0.0000000000000000000, 0.0000000000000000000, 1.000000000000000000 ) ) ;
#5325 = PRODUCT_DEFINITION_SHAPE ( 'NONE', 'NONE',  #7590 ) ;
#5326 = APPLICATION_CONTEXT ( 'automotive_design' ) ;
#5327 = CARTESIAN_POINT ( 'NONE',  ( 2.073099739999999969, 9.485000080000000722, -0.4872999999999999554 ) ) ;
#5328 = CARTESIAN_POINT ( 'NONE',  ( 0.0000000000000000000, 0.0000000000000000000, 0.0000000000000000000 ) ) ;
#5329 = VECTOR ( 'NONE', #573, 1000.000000000000000 ) ;
#5330 = ITEM_DEFINED_TRANSFORMATION ( 'NONE', 'NONE', #4264,  #3015 ) ;
#5331 = AXIS2_PLACEMENT_3D ( 'NONE', #3261, #6740, #178 ) ;
#5332 = CONTEXT_DEPENDENT_SHAPE_REPRESENTATION ( #1132, #612 ) ;
#5333 = VECTOR ( 'NONE', #5094, 1000.000000000000000 ) ;
#5334 = CARTESIAN_POINT ( 'NONE',  ( 0.0000000000000000000, 0.0000000000000000000, 0.4165599999999999858 ) ) ;
#5335 = APPLICATION_CONTEXT ( 'automotive_design' ) ;
#5336 = ORIENTED_EDGE ( 'NONE', *, *, #5546, .T. ) ;
#5337 =( NAMED_UNIT ( * ) SI_UNIT ( $, .STERADIAN. ) SOLID_ANGLE_UNIT ( ) );
#5338 = AXIS2_PLACEMENT_3D ( 'NONE', #7376, #774, #2009 ) ;
#5339 = PRODUCT_RELATED_PRODUCT_CATEGORY ( 'part', '', ( #5683 ) ) ;
#5340 =( LENGTH_UNIT ( ) NAMED_UNIT ( * ) SI_UNIT ( .MILLI., .METRE. ) );
#5341 = AXIS2_PLACEMENT_3D ( 'NONE', #5020, #4427, #6313 ) ;
#5342 = DIRECTION ( 'NONE',  ( 0.0000000000000000000, 0.0000000000000000000, 1.000000000000000000 ) ) ;
#5343 = STYLED_ITEM ( 'NONE', ( #5189 ), #3070 ) ;
#5344 = PRODUCT_DEFINITION_SHAPE ( 'NONE', 'NONE',  #7685 ) ;
#5345 = SHAPE_REPRESENTATION ( 'Free-Models5', ( #6016, #4522 ), #3011 ) ;
#5346 = APPLICATION_PROTOCOL_DEFINITION ( 'draft international standard', 'automotive_design', 1998, #2686 ) ;
#5347 = APPLICATION_CONTEXT ( 'automotive_design' ) ;
#5348 = CARTESIAN_POINT ( 'NONE',  ( 0.0000000000000000000, 0.0000000000000000000, 0.0000000000000000000 ) ) ;
#5349 =( NAMED_UNIT ( * ) SI_UNIT ( $, .STERADIAN. ) SOLID_ANGLE_UNIT ( ) );
#5350 = PRODUCT_DEFINITION ( 'UNKNOWN', '', #4409, #796 ) ;
#5351 = PRODUCT_DEFINITION ( 'UNKNOWN', '', #4530, #5277 ) ;
#5352 = CARTESIAN_POINT ( 'NONE',  ( 0.001000760000000000278, 0.1499997000000000136, 0.0000000000000000000 ) ) ;
#5353 = DIRECTION ( 'NONE',  ( 1.000000000000000000, 0.0000000000000000000, 0.0000000000000000000 ) ) ;
#5354 = VERTEX_POINT ( 'NONE', #3307 ) ;
#5355 = APPLICATION_PROTOCOL_DEFINITION ( 'draft international standard', 'automotive_design', 1998, #3452 ) ;
#5356 = ITEM_DEFINED_TRANSFORMATION ( 'NONE', 'NONE', #5065,  #3146 ) ;
#5357 = FILL_AREA_STYLE_COLOUR ( '', #4712 ) ;
#5358 = CARTESIAN_POINT ( 'NONE',  ( 0.0000000000000000000, 0.0000000000000000000, 0.0000000000000000000 ) ) ;
#5359 = DIRECTION ( 'NONE',  ( 1.000000000000000000, 0.0000000000000000000, 0.0000000000000000000 ) ) ;
#5360 =( NAMED_UNIT ( * ) SI_UNIT ( $, .STERADIAN. ) SOLID_ANGLE_UNIT ( ) );
#5361 =( REPRESENTATION_RELATIONSHIP ('NONE','NONE', #4137, #1679 ) REPRESENTATION_RELATIONSHIP_WITH_TRANSFORMATION ( #4952 )SHAPE_REPRESENTATION_RELATIONSHIP( ) );
#5362 = EDGE_CURVE ( 'NONE', #769, #346, #4371, .T. ) ;
#5363 = DIRECTION ( 'NONE',  ( -1.000000000000000000, 2.220446049250000002E-16, 1.110223024625000001E-16 ) ) ;
#5364 = APPLICATION_PROTOCOL_DEFINITION ( 'draft international standard', 'automotive_design', 1998, #6166 ) ;
#5365 = CONTEXT_DEPENDENT_SHAPE_REPRESENTATION ( #967, #5818 ) ;
#5366 = PRODUCT_DEFINITION_SHAPE ( 'NONE', 'NONE',  #665 ) ;
#5367 = APPLICATION_CONTEXT ( 'automotive_design' ) ;
#5368 = PRODUCT_DEFINITION_CONTEXT ( 'detailed design', #5536, 'design' ) ;
#5369 = CONTEXT_DEPENDENT_SHAPE_REPRESENTATION ( #3253, #5402 ) ;
#5370 =( REPRESENTATION_RELATIONSHIP ('NONE','NONE', #393, #5226 ) REPRESENTATION_RELATIONSHIP_WITH_TRANSFORMATION ( #257 )SHAPE_REPRESENTATION_RELATIONSHIP( ) );
#5371 = DIRECTION ( 'NONE',  ( 0.0000000000000000000, 0.0000000000000000000, -1.000000000000000000 ) ) ;
#5372 = PRODUCT ( '352644049', '352644049', '', ( #2679 ) ) ;
#5373 = PRODUCT ( 'PINTSOP2-55', 'PINTSOP2-55', '', ( #154 ) ) ;
#5374 = DIRECTION ( 'NONE',  ( 0.0000000000000000000, 0.0000000000000000000, 1.000000000000000000 ) ) ;
#5375 = DIRECTION ( 'NONE',  ( 0.0000000000000000000, 1.000000000000000000, -0.0000000000000000000 ) ) ;
#5376 =( NAMED_UNIT ( * ) PLANE_ANGLE_UNIT ( ) SI_UNIT ( $, .RADIAN. ) );
#5377 = PRODUCT_CONTEXT ( 'NONE', #727, 'mechanical' ) ;
#5378 =( LENGTH_UNIT ( ) NAMED_UNIT ( * ) SI_UNIT ( .MILLI., .METRE. ) );
#5379 = PRODUCT_DEFINITION_SHAPE ( 'NONE', 'NONE',  #7561 ) ;
#5380 = CARTESIAN_POINT ( 'NONE',  ( 0.0000000000000000000, 0.0000000000000000000, 0.0000000000000000000 ) ) ;
#5381 = DIRECTION ( 'NONE',  ( 0.0000000000000000000, 0.0000000000000000000, 1.000000000000000000 ) ) ;
#5382 = PRODUCT_DEFINITION_SHAPE ( 'NONE', 'NONE',  #4193 ) ;
#5383 = PLANE ( 'NONE',  #2952 ) ;
#5384 = APPLICATION_CONTEXT ( 'automotive_design' ) ;
#5385 = VERTEX_POINT ( 'NONE', #5681 ) ;
#5386 = APPLICATION_PROTOCOL_DEFINITION ( 'draft international standard', 'automotive_design', 1998, #689 ) ;
#5387 = UNCERTAINTY_MEASURE_WITH_UNIT (LENGTH_MEASURE( 1.000000000000000082E-05 ), #1642, 'distance_accuracy_value', 'NONE');
#5388 = PRODUCT_DEFINITION ( 'UNKNOWN', '', #3017, #3360 ) ;
#5389 = AXIS2_PLACEMENT_3D ( 'NONE', #386, #424, #5353 ) ;
#5390 = PRODUCT_DEFINITION ( 'UNKNOWN', '', #628, #3697 ) ;
#5391 = SURFACE_STYLE_USAGE ( .BOTH. , #1757 ) ;
#5392 = DIRECTION ( 'NONE',  ( 0.0000000000000000000, 0.0000000000000000000, 1.000000000000000000 ) ) ;
#5393 =( GEOMETRIC_REPRESENTATION_CONTEXT ( 3 ) GLOBAL_UNCERTAINTY_ASSIGNED_CONTEXT ( ( #2487 ) ) GLOBAL_UNIT_ASSIGNED_CONTEXT ( ( #4943, #2038, #1961 ) ) REPRESENTATION_CONTEXT ( 'NONE', 'WORKASPACE' ) );
#5394 = DIRECTION ( 'NONE',  ( -2.220446049250000002E-16, -1.000000000000000000, 0.0000000000000000000 ) ) ;
#5395 = ORIENTED_EDGE ( 'NONE', *, *, #3659, .F. ) ;
#5396 = UNCERTAINTY_MEASURE_WITH_UNIT (LENGTH_MEASURE( 1.000000000000000082E-05 ), #1327, 'distance_accuracy_value', 'NONE');
#5397 = PRODUCT_DEFINITION ( 'UNKNOWN', '', #2547, #170 ) ;
#5398 = AXIS2_PLACEMENT_3D ( 'NONE', #2092, #5146, #2605 ) ;
#5399 =( REPRESENTATION_RELATIONSHIP ('NONE','NONE', #5199, #1716 ) REPRESENTATION_RELATIONSHIP_WITH_TRANSFORMATION ( #3476 )SHAPE_REPRESENTATION_RELATIONSHIP( ) );
#5400 = DIRECTION ( 'NONE',  ( 1.000000000000000000, 0.0000000000000000000, 0.0000000000000000000 ) ) ;
#5401 = AXIS2_PLACEMENT_3D ( 'NONE', #6976, #3688, #5359 ) ;
#5402 = PRODUCT_DEFINITION_SHAPE ( 'NONE', 'NONE',  #7717 ) ;
#5403 = CARTESIAN_POINT ( 'NONE',  ( 0.0000000000000000000, 0.0000000000000000000, 0.0000000000000000000 ) ) ;
#5404 = PRODUCT_DEFINITION_CONTEXT ( 'detailed design', #3793, 'design' ) ;
#5405 =( LENGTH_UNIT ( ) NAMED_UNIT ( * ) SI_UNIT ( .MILLI., .METRE. ) );
#5406 = DIRECTION ( 'NONE',  ( -0.0000000000000000000, 1.000000000000000000, 0.0000000000000000000 ) ) ;
#5407 = DIRECTION ( 'NONE',  ( 0.0000000000000000000, 0.0000000000000000000, 1.000000000000000000 ) ) ;
#5408 = AXIS2_PLACEMENT_3D ( 'NONE', #202, #7454, #1428 ) ;
#5409 = APPLICATION_PROTOCOL_DEFINITION ( 'draft international standard', 'automotive_design', 1998, #7020 ) ;
#5410 = ORIENTED_EDGE ( 'NONE', *, *, #1336, .T. ) ;
#5411 = PRODUCT_DEFINITION_FORMATION_WITH_SPECIFIED_SOURCE ( 'ANY', '', #3669, .NOT_KNOWN. ) ;
#5412 = AXIS2_PLACEMENT_3D ( 'NONE', #2782, #1584, #2860 ) ;
#5413 = CONTEXT_DEPENDENT_SHAPE_REPRESENTATION ( #5760, #2551 ) ;
#5414 = PRODUCT_DEFINITION_SHAPE ( 'NONE', 'NONE',  #6064 ) ;
#5415 = PRODUCT_DEFINITION_FORMATION_WITH_SPECIFIED_SOURCE ( 'ANY', '', #4747, .NOT_KNOWN. ) ;
#5416 = APPLICATION_PROTOCOL_DEFINITION ( 'draft international standard', 'automotive_design', 1998, #324 ) ;
#5417 = PRODUCT_DEFINITION_SHAPE ( 'NONE', 'NONE',  #1232 ) ;
#5418 = DIRECTION ( 'NONE',  ( -1.000000000000000000, 2.220446049250000002E-16, 1.110223024625000001E-16 ) ) ;
#5419 = PRODUCT_DEFINITION_FORMATION_WITH_SPECIFIED_SOURCE ( 'ANY', '', #459, .NOT_KNOWN. ) ;
#5420 = CARTESIAN_POINT ( 'NONE',  ( 0.0000000000000000000, 5.421010862427522170E-17, 0.0000000000000000000 ) ) ;
#5421 = APPLICATION_CONTEXT ( 'automotive_design' ) ;
#5422 = CARTESIAN_POINT ( 'NONE',  ( 0.5000000000000000000, 0.0000000000000000000, 0.0000000000000000000 ) ) ;
#5423 = CARTESIAN_POINT ( 'NONE',  ( 0.001000760000000000278, 0.0000000000000000000, 0.0000000000000000000 ) ) ;
#5424 = PLANE ( 'NONE',  #7335 ) ;
#5425 = AXIS2_PLACEMENT_3D ( 'NONE', #4319, #726, #3134 ) ;
#5426 = SHAPE_DEFINITION_REPRESENTATION ( #4614, #5199 ) ;
#5427 = ORIENTED_EDGE ( 'NONE', *, *, #5155, .F. ) ;
#5428 = APPLICATION_PROTOCOL_DEFINITION ( 'draft international standard', 'automotive_design', 1998, #2090 ) ;
#5429 = AXIS2_PLACEMENT_3D ( 'NONE', #5757, #933, #3348 ) ;
#5430 = DIRECTION ( 'NONE',  ( 0.0000000000000000000, 0.0000000000000000000, 1.000000000000000000 ) ) ;
#5431 = PRODUCT_DEFINITION_SHAPE ( 'NONE', 'NONE',  #7497 ) ;
#5432 = CARTESIAN_POINT ( 'NONE',  ( 0.0000000000000000000, 0.0000000000000000000, 0.0000000000000000000 ) ) ;
#5433 = APPLICATION_CONTEXT ( 'automotive_design' ) ;
#5434 = PRODUCT_DEFINITION_SHAPE ( 'NONE', 'NONE',  #644 ) ;
#5435 =( GEOMETRIC_REPRESENTATION_CONTEXT ( 3 ) GLOBAL_UNCERTAINTY_ASSIGNED_CONTEXT ( ( #7137 ) ) GLOBAL_UNIT_ASSIGNED_CONTEXT ( ( #1684, #6488, #5748 ) ) REPRESENTATION_CONTEXT ( 'NONE', 'WORKASPACE' ) );
#5436 = PRODUCT_RELATED_PRODUCT_CATEGORY ( 'part', '', ( #996 ) ) ;
#5437 = DIRECTION ( 'NONE',  ( 1.110223024625000001E-16, 1.000000000000000000, 0.0000000000000000000 ) ) ;
#5438 = ORIENTED_EDGE ( 'NONE', *, *, #5924, .T. ) ;
#5439 = DIRECTION ( 'NONE',  ( 1.000000000000000000, 0.0000000000000000000, 0.0000000000000000000 ) ) ;
#5440 = UNCERTAINTY_MEASURE_WITH_UNIT (LENGTH_MEASURE( 1.000000000000000082E-05 ), #6730, 'distance_accuracy_value', 'NONE');
#5441 = VECTOR ( 'NONE', #66, 1000.000000000000000 ) ;
#5442 = DIRECTION ( 'NONE',  ( 0.0000000000000000000, 0.0000000000000000000, 1.000000000000000000 ) ) ;
#5443 =( LENGTH_UNIT ( ) NAMED_UNIT ( * ) SI_UNIT ( .MILLI., .METRE. ) );
#5444 = CONTEXT_DEPENDENT_SHAPE_REPRESENTATION ( #5567, #6414 ) ;
#5445 =( NAMED_UNIT ( * ) PLANE_ANGLE_UNIT ( ) SI_UNIT ( $, .RADIAN. ) );
#5446 = PRODUCT_DEFINITION_CONTEXT ( 'detailed design', #4009, 'design' ) ;
#5447 = CARTESIAN_POINT ( 'NONE',  ( 0.0000000000000000000, 0.1499997000000000136, 0.0000000000000000000 ) ) ;
#5448 = AXIS2_PLACEMENT_3D ( 'NONE', #6485, #1683, #1749 ) ;
#5449 = APPLICATION_PROTOCOL_DEFINITION ( 'draft international standard', 'automotive_design', 1998, #6487 ) ;
#5450 = LINE ( 'NONE', #3668, #3547 ) ;
#5451 = CARTESIAN_POINT ( 'NONE',  ( 0.0000000000000000000, 0.0000000000000000000, 0.0000000000000000000 ) ) ;
#5452 = MECHANICAL_DESIGN_GEOMETRIC_PRESENTATION_REPRESENTATION (  '', ( #6713 ), #668 ) ;
#5453 =( GEOMETRIC_REPRESENTATION_CONTEXT ( 3 ) GLOBAL_UNCERTAINTY_ASSIGNED_CONTEXT ( ( #5813 ) ) GLOBAL_UNIT_ASSIGNED_CONTEXT ( ( #5878, #2903, #5128 ) ) REPRESENTATION_CONTEXT ( 'NONE', 'WORKASPACE' ) );
#5454 = PRODUCT_DEFINITION_CONTEXT ( 'detailed design', #4830, 'design' ) ;
#5455 = SHAPE_REPRESENTATION ( 'Free-Models5', ( #1359, #2525 ), #7042 ) ;
#5456 = ADVANCED_FACE ( 'NONE', ( #7389 ), #1988, .T. ) ;
#5457 = AXIS2_PLACEMENT_3D ( 'NONE', #3553, #4232, #5994 ) ;
#5458 = CARTESIAN_POINT ( 'NONE',  ( 0.0000000000000000000, 0.0000000000000000000, 0.0000000000000000000 ) ) ;
#5459 = AXIS2_PLACEMENT_3D ( 'NONE', #3135, #1351, #2637 ) ;
#5460 = DIRECTION ( 'NONE',  ( 0.0000000000000000000, 0.0000000000000000000, 1.000000000000000000 ) ) ;
#5461 = DIRECTION ( 'NONE',  ( 1.000000000000000000, 0.0000000000000000000, 0.0000000000000000000 ) ) ;
#5462 = LINE ( 'NONE', #7299, #4947 ) ;
#5463 = CARTESIAN_POINT ( 'NONE',  ( 0.001000760000000000278, 0.1499997000000000136, 0.0000000000000000000 ) ) ;
#5464 = ITEM_DEFINED_TRANSFORMATION ( 'NONE', 'NONE', #3172,  #3034 ) ;
#5465 = ORIENTED_EDGE ( 'NONE', *, *, #2756, .T. ) ;
#5466 = SHAPE_DEFINITION_REPRESENTATION ( #760, #7288 ) ;
#5467 = UNCERTAINTY_MEASURE_WITH_UNIT (LENGTH_MEASURE( 1.000000000000000082E-05 ), #6532, 'distance_accuracy_value', 'NONE');
#5468 = PRODUCT_DEFINITION_SHAPE ( 'NONE', 'NONE',  #7727 ) ;
#5469 = APPLICATION_CONTEXT ( 'automotive_design' ) ;
#5470 =( NAMED_UNIT ( * ) PLANE_ANGLE_UNIT ( ) SI_UNIT ( $, .RADIAN. ) );
#5471 =( REPRESENTATION_RELATIONSHIP ('NONE','NONE', #5179, #6270 ) REPRESENTATION_RELATIONSHIP_WITH_TRANSFORMATION ( #2673 )SHAPE_REPRESENTATION_RELATIONSHIP( ) );
#5472 = CARTESIAN_POINT ( 'NONE',  ( 0.0000000000000000000, 0.0000000000000000000, 0.0000000000000000000 ) ) ;
#5473 = CONTEXT_DEPENDENT_SHAPE_REPRESENTATION ( #3393, #604 ) ;
#5474 =( LENGTH_UNIT ( ) NAMED_UNIT ( * ) SI_UNIT ( .MILLI., .METRE. ) );
#5475 = DIRECTION ( 'NONE',  ( 1.000000000000000000, -1.110223024625000001E-16, 1.110223024625000001E-16 ) ) ;
#5476 = ORIENTED_EDGE ( 'NONE', *, *, #6125, .F. ) ;
#5477 = SHAPE_REPRESENTATION ( 'Open CASCADE STEP translator 6.2 2.3', ( #3804, #1399 ), #3337 ) ;
#5478 = DIRECTION ( 'NONE',  ( 1.000000000000000000, 0.0000000000000000000, 0.0000000000000000000 ) ) ;
#5479 = APPLICATION_CONTEXT ( 'automotive_design' ) ;
#5480 = DIRECTION ( 'NONE',  ( 0.0000000000000000000, 0.0000000000000000000, 1.000000000000000000 ) ) ;
#5481 = CONTEXT_DEPENDENT_SHAPE_REPRESENTATION ( #4465, #3447 ) ;
#5482 = FACE_OUTER_BOUND ( 'NONE', #6333, .T. ) ;
#5483 = CARTESIAN_POINT ( 'NONE',  ( 0.0000000000000000000, 0.0000000000000000000, 0.0000000000000000000 ) ) ;
#5484 = PRODUCT ( '352644049', '352644049', '', ( #3728 ) ) ;
#5485 = PRODUCT_CONTEXT ( 'NONE', #1694, 'mechanical' ) ;
#5486 = CARTESIAN_POINT ( 'NONE',  ( 0.0000000000000000000, 0.0000000000000000000, 0.0000000000000000000 ) ) ;
#5487 = PRODUCT_DEFINITION ( 'UNKNOWN', '', #2904, #7289 ) ;
#5488 = DIRECTION ( 'NONE',  ( 1.000000000000000000, 0.0000000000000000000, 0.0000000000000000000 ) ) ;
#5489 = PRODUCT_DEFINITION ( 'UNKNOWN', '', #3518, #6221 ) ;
#5490 = APPLICATION_CONTEXT ( 'automotive_design' ) ;
#5491 = UNCERTAINTY_MEASURE_WITH_UNIT (LENGTH_MEASURE( 1.000000000000000082E-05 ), #225, 'distance_accuracy_value', 'NONE');
#5492 = DIRECTION ( 'NONE',  ( 1.000000000000000000, 0.0000000000000000000, 0.0000000000000000000 ) ) ;
#5493 = PRODUCT_DEFINITION_SHAPE ( 'NONE', 'NONE',  #7549 ) ;
#5494 = APPLICATION_PROTOCOL_DEFINITION ( 'draft international standard', 'automotive_design', 1998, #6772 ) ;
#5495 = EDGE_CURVE ( 'NONE', #886, #1317, #223, .T. ) ;
#5496 = PRODUCT_DEFINITION_SHAPE ( 'NONE', 'NONE',  #2085 ) ;
#5497 = SHAPE_REPRESENTATION ( '352644049', ( #5153, #2153 ), #4156 ) ;
#5498 = CARTESIAN_POINT ( 'NONE',  ( -0.3650005400000003175, -0.2449982400000000893, -0.2872993999999996495 ) ) ;
#5499 = CARTESIAN_POINT ( 'NONE',  ( 0.001000760000000000278, 0.001000760000000000278, 0.0000000000000000000 ) ) ;
#5500 = DIRECTION ( 'NONE',  ( 1.000000000000000000, 0.0000000000000000000, 0.0000000000000000000 ) ) ;
#5501 = PLANE ( 'NONE',  #4452 ) ;
#5502 = CONTEXT_DEPENDENT_SHAPE_REPRESENTATION ( #6970, #6886 ) ;
#5503 =( NAMED_UNIT ( * ) SI_UNIT ( $, .STERADIAN. ) SOLID_ANGLE_UNIT ( ) );
#5504 = VERTEX_POINT ( 'NONE', #350 ) ;
#5505 =( REPRESENTATION_RELATIONSHIP ('NONE','NONE', #4137, #3283 ) REPRESENTATION_RELATIONSHIP_WITH_TRANSFORMATION ( #5464 )SHAPE_REPRESENTATION_RELATIONSHIP( ) );
#5506 = APPLICATION_PROTOCOL_DEFINITION ( 'draft international standard', 'automotive_design', 1998, #5536 ) ;
#5507 = ADVANCED_BREP_SHAPE_REPRESENTATION ( '', ( #4243, #1948 ), #2721 ) ;
#5508 = DIRECTION ( 'NONE',  ( 1.000000000000000000, 0.0000000000000000000, 0.0000000000000000000 ) ) ;
#5509 = PRODUCT_DEFINITION_CONTEXT ( 'detailed design', #5479, 'design' ) ;
#5510 = ITEM_DEFINED_TRANSFORMATION ( 'NONE', 'NONE', #2770,  #5141 ) ;
#5511 = PRODUCT_DEFINITION_SHAPE ( 'NONE', 'NONE',  #7625 ) ;
#5512 = CARTESIAN_POINT ( 'NONE',  ( 12.73727958000000093, -0.3050006599999999790, -0.4872999999999999554 ) ) ;
#5513 = AXIS2_PLACEMENT_3D ( 'NONE', #5529, #5941, #7100 ) ;
#5514 = PRODUCT_DEFINITION_SHAPE ( 'NONE', 'NONE',  #6304 ) ;
#5515 =( NAMED_UNIT ( * ) SI_UNIT ( $, .STERADIAN. ) SOLID_ANGLE_UNIT ( ) );
#5516 = PRODUCT_DEFINITION_CONTEXT ( 'detailed design', #7, 'design' ) ;
#5517 = CARTESIAN_POINT ( 'NONE',  ( -1.084202172485504434E-16, 1.084202172485504434E-16, -0.4038599999999998302 ) ) ;
#5518 = DIRECTION ( 'NONE',  ( 1.000000000000000000, 0.0000000000000000000, 0.0000000000000000000 ) ) ;
#5519 = DIRECTION ( 'NONE',  ( 1.000000000000000000, 0.0000000000000000000, 0.0000000000000000000 ) ) ;
#5520 = CARTESIAN_POINT ( 'NONE',  ( 0.001000760000000000278, 0.1510004600000000030, 0.0000000000000000000 ) ) ;
#5521 = SHAPE_REPRESENTATION ( 'Free-Models4', ( #3941, #2199 ), #2960 ) ;
#5522 = PRODUCT_CONTEXT ( 'NONE', #382, 'mechanical' ) ;
#5523 = DIRECTION ( 'NONE',  ( 0.0000000000000000000, 0.0000000000000000000, 1.000000000000000000 ) ) ;
#5524 = DIRECTION ( 'NONE',  ( 1.000000000000000000, 0.0000000000000000000, 0.0000000000000000000 ) ) ;
#5525 = AXIS2_PLACEMENT_3D ( 'NONE', #3615, #136, #630 ) ;
#5526 = CONTEXT_DEPENDENT_SHAPE_REPRESENTATION ( #1354, #5431 ) ;
#5527 = AXIS2_PLACEMENT_3D ( 'NONE', #1433, #269, #6882 ) ;
#5528 = APPLICATION_CONTEXT ( 'automotive_design' ) ;
#5529 = CARTESIAN_POINT ( 'NONE',  ( 0.0000000000000000000, 0.0000000000000000000, 0.0000000000000000000 ) ) ;
#5530 = ITEM_DEFINED_TRANSFORMATION ( 'NONE', 'NONE', #7420,  #24 ) ;
#5531 = PRODUCT_DEFINITION_CONTEXT ( 'detailed design', #852, 'design' ) ;
#5532 = PRODUCT_DEFINITION_FORMATION_WITH_SPECIFIED_SOURCE ( 'ANY', '', #4543, .NOT_KNOWN. ) ;
#5533 =( LENGTH_UNIT ( ) NAMED_UNIT ( * ) SI_UNIT ( .MILLI., .METRE. ) );
#5534 = PRODUCT_CONTEXT ( 'NONE', #158, 'mechanical' ) ;
#5535 = AXIS2_PLACEMENT_3D ( 'NONE', #5145, #7005, #2264 ) ;
#5536 = APPLICATION_CONTEXT ( 'automotive_design' ) ;
#5537 = ITEM_DEFINED_TRANSFORMATION ( 'NONE', 'NONE', #4194,  #1948 ) ;
#5538 = DIRECTION ( 'NONE',  ( 0.0000000000000000000, 0.0000000000000000000, 1.000000000000000000 ) ) ;
#5539 = PRODUCT_DEFINITION_FORMATION_WITH_SPECIFIED_SOURCE ( 'ANY', '', #1776, .NOT_KNOWN. ) ;
#5540 = DIRECTION ( 'NONE',  ( 0.0000000000000000000, 0.0000000000000000000, 1.000000000000000000 ) ) ;
#5541 = CARTESIAN_POINT ( 'NONE',  ( -0.06999986000000001096, 0.1849983600000000006, 0.0000000000000000000 ) ) ;
#5542 = CARTESIAN_POINT ( 'NONE',  ( 0.0000000000000000000, 0.0000000000000000000, 0.0000000000000000000 ) ) ;
#5543 = AXIS2_PLACEMENT_3D ( 'NONE', #2977, #5374, #2371 ) ;
#5544 = FILL_AREA_STYLE ('',( #7411 ) ) ;
#5545 = PRODUCT_DEFINITION_SHAPE ( 'NONE', 'NONE',  #1875 ) ;
#5546 = EDGE_CURVE ( 'NONE', #6894, #3112, #932, .T. ) ;
#5547 = PRODUCT_CONTEXT ( 'NONE', #147, 'mechanical' ) ;
#5548 = VERTEX_POINT ( 'NONE', #3829 ) ;
#5549 =( REPRESENTATION_RELATIONSHIP ('NONE','NONE', #4137, #4228 ) REPRESENTATION_RELATIONSHIP_WITH_TRANSFORMATION ( #3195 )SHAPE_REPRESENTATION_RELATIONSHIP( ) );
#5550 = SHAPE_DEFINITION_REPRESENTATION ( #3097, #3958 ) ;
#5551 = PRODUCT_DEFINITION_FORMATION_WITH_SPECIFIED_SOURCE ( 'ANY', '', #2763, .NOT_KNOWN. ) ;
#5552 = SHAPE_REPRESENTATION ( '352644049', ( #2518, #3763 ), #365 ) ;
#5553 =( NAMED_UNIT ( * ) PLANE_ANGLE_UNIT ( ) SI_UNIT ( $, .RADIAN. ) );
#5554 = PRODUCT_DEFINITION_SHAPE ( 'NONE', 'NONE',  #3122 ) ;
#5555 = ITEM_DEFINED_TRANSFORMATION ( 'NONE', 'NONE', #3754,  #4757 ) ;
#5556 = CARTESIAN_POINT ( 'NONE',  ( 0.0000000000000000000, 0.0000000000000000000, 0.0000000000000000000 ) ) ;
#5557 = CONTEXT_DEPENDENT_SHAPE_REPRESENTATION ( #2288, #3695 ) ;
#5558 = PRODUCT_DEFINITION_FORMATION_WITH_SPECIFIED_SOURCE ( 'ANY', '', #6293, .NOT_KNOWN. ) ;
#5559 =( REPRESENTATION_RELATIONSHIP ('NONE','NONE', #4137, #2865 ) REPRESENTATION_RELATIONSHIP_WITH_TRANSFORMATION ( #1914 )SHAPE_REPRESENTATION_RELATIONSHIP( ) );
#5560 =( LENGTH_UNIT ( ) NAMED_UNIT ( * ) SI_UNIT ( .MILLI., .METRE. ) );
#5561 =( GEOMETRIC_REPRESENTATION_CONTEXT ( 3 ) GLOBAL_UNCERTAINTY_ASSIGNED_CONTEXT ( ( #3838 ) ) GLOBAL_UNIT_ASSIGNED_CONTEXT ( ( #4478, #6246, #3216 ) ) REPRESENTATION_CONTEXT ( 'NONE', 'WORKASPACE' ) );
#5562 = DIRECTION ( 'NONE',  ( 1.000000000000000000, 0.0000000000000000000, 0.0000000000000000000 ) ) ;
#5563 = PRODUCT_DEFINITION_FORMATION_WITH_SPECIFIED_SOURCE ( 'ANY', '', #6561, .NOT_KNOWN. ) ;
#5564 = PRODUCT_DEFINITION_SHAPE ( 'NONE', 'NONE',  #7528 ) ;
#5565 = DIRECTION ( 'NONE',  ( 0.0000000000000000000, 0.0000000000000000000, 1.000000000000000000 ) ) ;
#5566 = CARTESIAN_POINT ( 'NONE',  ( 0.0000000000000000000, 0.0000000000000000000, 0.0000000000000000000 ) ) ;
#5567 =( REPRESENTATION_RELATIONSHIP ('NONE','NONE', #2226, #5226 ) REPRESENTATION_RELATIONSHIP_WITH_TRANSFORMATION ( #6657 )SHAPE_REPRESENTATION_RELATIONSHIP( ) );
#5568 = APPLICATION_PROTOCOL_DEFINITION ( 'draft international standard', 'automotive_design', 1998, #2910 ) ;
#5569 = LINE ( 'NONE', #3620, #1026 ) ;
#5570 = PRODUCT ( 'Free-Models5', 'Free-Models5', '', ( #3365 ) ) ;
#5571 = DIRECTION ( 'NONE',  ( 0.0000000000000000000, 0.0000000000000000000, 1.000000000000000000 ) ) ;
#5572 = AXIS2_PLACEMENT_3D ( 'NONE', #731, #6063, #667 ) ;
#5573 = ITEM_DEFINED_TRANSFORMATION ( 'NONE', 'NONE', #4878,  #1948 ) ;
#5574 = DIRECTION ( 'NONE',  ( 1.000000000000000000, 0.0000000000000000000, 0.0000000000000000000 ) ) ;
#5575 = APPLICATION_CONTEXT ( 'automotive_design' ) ;
#5576 =( REPRESENTATION_RELATIONSHIP ('NONE','NONE', #6076, #6270 ) REPRESENTATION_RELATIONSHIP_WITH_TRANSFORMATION ( #4658 )SHAPE_REPRESENTATION_RELATIONSHIP( ) );
#5577 = DIRECTION ( 'NONE',  ( 0.0000000000000000000, 0.0000000000000000000, 1.000000000000000000 ) ) ;
#5578 =( GEOMETRIC_REPRESENTATION_CONTEXT ( 3 ) GLOBAL_UNCERTAINTY_ASSIGNED_CONTEXT ( ( #4569 ) ) GLOBAL_UNIT_ASSIGNED_CONTEXT ( ( #641, #4031, #5852 ) ) REPRESENTATION_CONTEXT ( 'NONE', 'WORKASPACE' ) );
#5579 = VECTOR ( 'NONE', #353, 1000.000000000000000 ) ;
#5580 = PRODUCT_RELATED_PRODUCT_CATEGORY ( 'part', '', ( #403 ) ) ;
#5581 = UNCERTAINTY_MEASURE_WITH_UNIT (LENGTH_MEASURE( 1.000000000000000082E-05 ), #6729, 'distance_accuracy_value', 'NONE');
#5582 = PRODUCT_DEFINITION_CONTEXT ( 'detailed design', #4197, 'design' ) ;
#5583 = CARTESIAN_POINT ( 'NONE',  ( -0.6199987599999999821, -0.3150006399999999984, 0.2999999999999999889 ) ) ;
#5584 = PRESENTATION_LAYER_ASSIGNMENT (  '', '', ( #6713 ) ) ;
#5585 = STYLED_ITEM ( 'NONE', ( #4060 ), #4243 ) ;
#5586 = FACE_OUTER_BOUND ( 'NONE', #5148, .T. ) ;
#5587 = SHAPE_DEFINITION_REPRESENTATION ( #5314, #2488 ) ;
#5588 = ORIENTED_EDGE ( 'NONE', *, *, #5069, .F. ) ;
#5589 = APPLICATION_PROTOCOL_DEFINITION ( 'draft international standard', 'automotive_design', 1998, #1052 ) ;
#5590 = APPLICATION_CONTEXT ( 'automotive_design' ) ;
#5591 = AXIS2_PLACEMENT_3D ( 'NONE', #6178, #212, #2638 ) ;
#5592 = VECTOR ( 'NONE', #401, 1000.000000000000000 ) ;
#5593 = CARTESIAN_POINT ( 'NONE',  ( -0.3650005399999999289, -0.2449982400000000893, -0.2872994000000000936 ) ) ;
#5594 = PRODUCT_RELATED_PRODUCT_CATEGORY ( 'part', '', ( #5865 ) ) ;
#5595 = PRODUCT_RELATED_PRODUCT_CATEGORY ( 'part', '', ( #5191 ) ) ;
#5596 = CARTESIAN_POINT ( 'NONE',  ( 0.0000000000000000000, 0.0000000000000000000, 0.0000000000000000000 ) ) ;
#5597 = DIRECTION ( 'NONE',  ( 1.000000000000000000, -1.110223024625000001E-16, 1.110223024625000001E-16 ) ) ;
#5598 = STYLED_ITEM ( 'NONE', ( #1454 ), #888 ) ;
#5599 = ORIENTED_EDGE ( 'NONE', *, *, #7460, .F. ) ;
#5600 = ADVANCED_FACE ( 'NONE', ( #6303 ), #1484, .T. ) ;
#5601 = AXIS2_PLACEMENT_3D ( 'NONE', #6356, #2330, #4736 ) ;
#5602 = CARTESIAN_POINT ( 'NONE',  ( 0.0000000000000000000, 0.0000000000000000000, 0.0000000000000000000 ) ) ;
#5603 = CARTESIAN_POINT ( 'NONE',  ( 0.0000000000000000000, 0.0000000000000000000, 0.0000000000000000000 ) ) ;
#5604 = DIRECTION ( 'NONE',  ( 0.0000000000000000000, 0.0000000000000000000, 1.000000000000000000 ) ) ;
#5605 = SHAPE_DEFINITION_REPRESENTATION ( #1223, #3575 ) ;
#5606 = DIRECTION ( 'NONE',  ( -0.0000000000000000000, -0.0000000000000000000, -1.000000000000000000 ) ) ;
#5607 = CONTEXT_DEPENDENT_SHAPE_REPRESENTATION ( #909, #1012 ) ;
#5608 =( LENGTH_UNIT ( ) NAMED_UNIT ( * ) SI_UNIT ( .MILLI., .METRE. ) );
#5609 =( LENGTH_UNIT ( ) NAMED_UNIT ( * ) SI_UNIT ( .MILLI., .METRE. ) );
#5610 = PRODUCT ( 'PINTSOP2-55', 'PINTSOP2-55', '', ( #2082 ) ) ;
#5611 = PRODUCT_DEFINITION_CONTEXT ( 'detailed design', #1674, 'design' ) ;
#5612 = CONTEXT_DEPENDENT_SHAPE_REPRESENTATION ( #385, #4365 ) ;
#5613 = CARTESIAN_POINT ( 'NONE',  ( 0.0000000000000000000, 0.0000000000000000000, 0.0000000000000000000 ) ) ;
#5614 =( REPRESENTATION_RELATIONSHIP ('NONE','NONE', #1679, #903 ) REPRESENTATION_RELATIONSHIP_WITH_TRANSFORMATION ( #3797 )SHAPE_REPRESENTATION_RELATIONSHIP( ) );
#5615 = CARTESIAN_POINT ( 'NONE',  ( 0.0000000000000000000, 0.0000000000000000000, 0.0000000000000000000 ) ) ;
#5616 = PRODUCT_CONTEXT ( 'NONE', #1497, 'mechanical' ) ;
#5617 =( GEOMETRIC_REPRESENTATION_CONTEXT ( 3 ) GLOBAL_UNCERTAINTY_ASSIGNED_CONTEXT ( ( #1229 ) ) GLOBAL_UNIT_ASSIGNED_CONTEXT ( ( #1036, #1678, #4073 ) ) REPRESENTATION_CONTEXT ( 'NONE', 'WORKASPACE' ) );
#5618 = PRODUCT_DEFINITION_SHAPE ( 'NONE', 'NONE',  #7447 ) ;
#5619 = DIRECTION ( 'NONE',  ( 1.000000000000000000, 0.0000000000000000000, 0.0000000000000000000 ) ) ;
#5620 = DIRECTION ( 'NONE',  ( 0.0000000000000000000, -0.0000000000000000000, 1.000000000000000000 ) ) ;
#5621 = APPLICATION_CONTEXT ( 'automotive_design' ) ;
#5622 = CARTESIAN_POINT ( 'NONE',  ( 0.0000000000000000000, 0.1499997000000000136, 0.4165599999999999858 ) ) ;
#5623 =( REPRESENTATION_RELATIONSHIP ('NONE','NONE', #2827, #6076 ) REPRESENTATION_RELATIONSHIP_WITH_TRANSFORMATION ( #6539 )SHAPE_REPRESENTATION_RELATIONSHIP( ) );
#5624 = ITEM_DEFINED_TRANSFORMATION ( 'NONE', 'NONE', #1274,  #1948 ) ;
#5625 = PRODUCT_CONTEXT ( 'NONE', #6436, 'mechanical' ) ;
#5626 = APPLICATION_PROTOCOL_DEFINITION ( 'draft international standard', 'automotive_design', 1998, #6082 ) ;
#5627 = PRODUCT_DEFINITION_SHAPE ( 'NONE', 'NONE',  #7531 ) ;
#5628 = CARTESIAN_POINT ( 'NONE',  ( 0.0000000000000000000, 0.0000000000000000000, 0.0000000000000000000 ) ) ;
#5629 =( NAMED_UNIT ( * ) SI_UNIT ( $, .STERADIAN. ) SOLID_ANGLE_UNIT ( ) );
#5630 = CONTEXT_DEPENDENT_SHAPE_REPRESENTATION ( #3350, #4487 ) ;
#5631 = EDGE_LOOP ( 'NONE', ( #2787, #6386, #5764, #7173 ) ) ;
#5632 = PRODUCT_DEFINITION ( 'UNKNOWN', '', #2269, #3297 ) ;
#5633 = UNCERTAINTY_MEASURE_WITH_UNIT (LENGTH_MEASURE( 1.000000000000000082E-05 ), #2429, 'distance_accuracy_value', 'NONE');
#5634 = PRODUCT_DEFINITION_SHAPE ( 'NONE', 'NONE',  #7672 ) ;
#5635 =( NAMED_UNIT ( * ) SI_UNIT ( $, .STERADIAN. ) SOLID_ANGLE_UNIT ( ) );
#5636 = CONTEXT_DEPENDENT_SHAPE_REPRESENTATION ( #2166, #3701 ) ;
#5637 = AXIS2_PLACEMENT_3D ( 'NONE', #6749, #145, #6195 ) ;
#5638 = DIRECTION ( 'NONE',  ( 1.000000000000000000, 0.0000000000000000000, 0.0000000000000000000 ) ) ;
#5639 = SHAPE_DEFINITION_REPRESENTATION ( #2001, #180 ) ;
#5640 = APPLICATION_CONTEXT ( 'automotive_design' ) ;
#5641 = PRODUCT_RELATED_PRODUCT_CATEGORY ( 'part', '', ( #5988 ) ) ;
#5642 = CARTESIAN_POINT ( 'NONE',  ( 0.5000000000000000000, 6.123233995736766036E-17, 0.07000000000000000666 ) ) ;
#5643 = DIRECTION ( 'NONE',  ( 1.000000000000000000, 0.0000000000000000000, 0.0000000000000000000 ) ) ;
#5644 = PRODUCT_DEFINITION_SHAPE ( 'NONE', 'NONE',  #1777 ) ;
#5645 = CONTEXT_DEPENDENT_SHAPE_REPRESENTATION ( #7226, #1887 ) ;
#5646 =( GEOMETRIC_REPRESENTATION_CONTEXT ( 3 ) GLOBAL_UNCERTAINTY_ASSIGNED_CONTEXT ( ( #286 ) ) GLOBAL_UNIT_ASSIGNED_CONTEXT ( ( #199, #5221, #5981 ) ) REPRESENTATION_CONTEXT ( 'NONE', 'WORKASPACE' ) );
#5647 = AXIS2_PLACEMENT_3D ( 'NONE', #2257, #5224, #2193 ) ;
#5648 = PRODUCT_CONTEXT ( 'NONE', #5032, 'mechanical' ) ;
#5649 = UNCERTAINTY_MEASURE_WITH_UNIT (LENGTH_MEASURE( 1.000000000000000082E-05 ), #2074, 'distance_accuracy_value', 'NONE');
#5650 =( REPRESENTATION_RELATIONSHIP ('NONE','NONE', #4137, #7347 ) REPRESENTATION_RELATIONSHIP_WITH_TRANSFORMATION ( #6684 )SHAPE_REPRESENTATION_RELATIONSHIP( ) );
#5651 = UNCERTAINTY_MEASURE_WITH_UNIT (LENGTH_MEASURE( 1.000000000000000082E-05 ), #1110, 'distance_accuracy_value', 'NONE');
#5652 = CARTESIAN_POINT ( 'NONE',  ( -0.6199987599999999821, -0.1850008999999999959, 0.0000000000000000000 ) ) ;
#5653 = PRODUCT_CONTEXT ( 'NONE', #6723, 'mechanical' ) ;
#5654 = AXIS2_PLACEMENT_3D ( 'NONE', #835, #1390, #3245 ) ;
#5655 = AXIS2_PLACEMENT_3D ( 'NONE', #5380, #2380, #539 ) ;
#5656 = APPLICATION_PROTOCOL_DEFINITION ( 'draft international standard', 'automotive_design', 1998, #5640 ) ;
#5657 = UNCERTAINTY_MEASURE_WITH_UNIT (LENGTH_MEASURE( 1.000000000000000082E-05 ), #2543, 'distance_accuracy_value', 'NONE');
#5658 = PRODUCT_DEFINITION_SHAPE ( 'NONE', 'NONE',  #7745 ) ;
#5659 =( NAMED_UNIT ( * ) SI_UNIT ( $, .STERADIAN. ) SOLID_ANGLE_UNIT ( ) );
#5660 = PRODUCT_DEFINITION_FORMATION_WITH_SPECIFIED_SOURCE ( 'ANY', '', #7125, .NOT_KNOWN. ) ;
#5661 = DIRECTION ( 'NONE',  ( 0.0000000000000000000, 0.0000000000000000000, 1.000000000000000000 ) ) ;
#5662 = APPLICATION_CONTEXT ( 'automotive_design' ) ;
#5663 = ITEM_DEFINED_TRANSFORMATION ( 'NONE', 'NONE', #1355,  #2137 ) ;
#5664 =( NAMED_UNIT ( * ) PLANE_ANGLE_UNIT ( ) SI_UNIT ( $, .RADIAN. ) );
#5665 = PRODUCT_DEFINITION_FORMATION_WITH_SPECIFIED_SOURCE ( 'ANY', '', #541, .NOT_KNOWN. ) ;
#5666 = CARTESIAN_POINT ( 'NONE',  ( 15.67479973999999920, 9.485000080000000722, -0.4872999999999999554 ) ) ;
#5667 = ORIENTED_EDGE ( 'NONE', *, *, #5798, .T. ) ;
#5668 = UNCERTAINTY_MEASURE_WITH_UNIT (LENGTH_MEASURE( 1.000000000000000082E-05 ), #4572, 'distance_accuracy_value', 'NONE');
#5669 = PRODUCT_DEFINITION_SHAPE ( 'NONE', 'NONE',  #1681 ) ;
#5670 = PRODUCT_DEFINITION_CONTEXT ( 'detailed design', #6091, 'design' ) ;
#5671 = CARTESIAN_POINT ( 'NONE',  ( 0.0000000000000000000, 0.0000000000000000000, 0.0000000000000000000 ) ) ;
#5672 = DIRECTION ( 'NONE',  ( 0.0000000000000000000, 0.0000000000000000000, 1.000000000000000000 ) ) ;
#5673 = DIRECTION ( 'NONE',  ( 1.000000000000000000, 0.0000000000000000000, 0.0000000000000000000 ) ) ;
#5674 = PRODUCT_DEFINITION_CONTEXT ( 'detailed design', #5872, 'design' ) ;
#5675 = CARTESIAN_POINT ( 'NONE',  ( 0.0000000000000000000, 0.0000000000000000000, 0.0000000000000000000 ) ) ;
#5676 = PRODUCT_RELATED_PRODUCT_CATEGORY ( 'part', '', ( #556 ) ) ;
#5677 = APPLICATION_CONTEXT ( 'automotive_design' ) ;
#5678 = ITEM_DEFINED_TRANSFORMATION ( 'NONE', 'NONE', #906,  #1388 ) ;
#5679 =( GEOMETRIC_REPRESENTATION_CONTEXT ( 3 ) GLOBAL_UNCERTAINTY_ASSIGNED_CONTEXT ( ( #6202 ) ) GLOBAL_UNIT_ASSIGNED_CONTEXT ( ( #4439, #773, #2089 ) ) REPRESENTATION_CONTEXT ( 'NONE', 'WORKASPACE' ) );
#5680 =( REPRESENTATION_RELATIONSHIP ('NONE','NONE', #5778, #3064 ) REPRESENTATION_RELATIONSHIP_WITH_TRANSFORMATION ( #5755 )SHAPE_REPRESENTATION_RELATIONSHIP( ) );
#5681 = CARTESIAN_POINT ( 'NONE',  ( 0.0000000000000000000, 0.001000760000000000278, 0.0000000000000000000 ) ) ;
#5682 =( LENGTH_UNIT ( ) NAMED_UNIT ( * ) SI_UNIT ( .MILLI., .METRE. ) );
#5683 = PRODUCT ( 'Free-Models5', 'Free-Models5', '', ( #4903 ) ) ;
#5684 = PRODUCT_RELATED_PRODUCT_CATEGORY ( 'part', '', ( #5570 ) ) ;
#5685 = SHAPE_DEFINITION_REPRESENTATION ( #2076, #4152 ) ;
#5686 = PRODUCT_RELATED_PRODUCT_CATEGORY ( 'part', '', ( #3280 ) ) ;
#5687 = LINE ( 'NONE', #6947, #1540 ) ;
#5688 = DIRECTION ( 'NONE',  ( 1.000000000000000000, 0.0000000000000000000, 0.0000000000000000000 ) ) ;
#5689 = PRODUCT_DEFINITION_SHAPE ( 'NONE', 'NONE',  #7651 ) ;
#5690 =( NAMED_UNIT ( * ) PLANE_ANGLE_UNIT ( ) SI_UNIT ( $, .RADIAN. ) );
#5691 = PRODUCT_DEFINITION ( 'UNKNOWN', '', #1747, #3381 ) ;
#5692 = PRODUCT_DEFINITION_CONTEXT ( 'detailed design', #6141, 'design' ) ;
#5693 = APPLICATION_CONTEXT ( 'automotive_design' ) ;
#5694 = AXIS2_PLACEMENT_3D ( 'NONE', #4839, #1209, #3654 ) ;
#5695 = PRODUCT_DEFINITION_SHAPE ( 'NONE', 'NONE',  #7526 ) ;
#5696 = APPLICATION_PROTOCOL_DEFINITION ( 'draft international standard', 'automotive_design', 1998, #977 ) ;
#5697 = DIRECTION ( 'NONE',  ( 0.0000000000000000000, 0.0000000000000000000, 1.000000000000000000 ) ) ;
#5698 = PRODUCT ( 'PINTSOP2-55', 'PINTSOP2-55', '', ( #4921 ) ) ;
#5699 = PRESENTATION_LAYER_ASSIGNMENT (  '', '', ( #5071 ) ) ;
#5700 = EDGE_CURVE ( 'NONE', #95, #1685, #1448, .T. ) ;
#5701 = DIRECTION ( 'NONE',  ( 1.000000000000000000, 0.0000000000000000000, 0.0000000000000000000 ) ) ;
#5702 = SURFACE_STYLE_FILL_AREA ( #4472 ) ;
#5703 = CONTEXT_DEPENDENT_SHAPE_REPRESENTATION ( #1882, #2683 ) ;
#5704 = SHAPE_DEFINITION_REPRESENTATION ( #1207, #3283 ) ;
#5705 = AXIS2_PLACEMENT_3D ( 'NONE', #1196, #6001, #4037 ) ;
#5706 = APPLICATION_PROTOCOL_DEFINITION ( 'draft international standard', 'automotive_design', 1998, #409 ) ;
#5707 = CARTESIAN_POINT ( 'NONE',  ( 0.0000000000000000000, 0.0000000000000000000, 0.0000000000000000000 ) ) ;
#5708 =( REPRESENTATION_RELATIONSHIP ('NONE','NONE', #4137, #7095 ) REPRESENTATION_RELATIONSHIP_WITH_TRANSFORMATION ( #7219 )SHAPE_REPRESENTATION_RELATIONSHIP( ) );
#5709 =( LENGTH_UNIT ( ) NAMED_UNIT ( * ) SI_UNIT ( .MILLI., .METRE. ) );
#5710 = COLOUR_RGB ( '',0.0000000000000000000, 0.5019607843137254832, 0.0000000000000000000 ) ;
#5711 = CONTEXT_DEPENDENT_SHAPE_REPRESENTATION ( #282, #3423 ) ;
#5712 = PRODUCT_DEFINITION_SHAPE ( 'NONE', 'NONE',  #7615 ) ;
#5713 = VERTEX_POINT ( 'NONE', #6826 ) ;
#5714 = APPLICATION_PROTOCOL_DEFINITION ( 'draft international standard', 'automotive_design', 1998, #7432 ) ;
#5715 =( REPRESENTATION_RELATIONSHIP ('NONE','NONE', #6505, #6251 ) REPRESENTATION_RELATIONSHIP_WITH_TRANSFORMATION ( #5212 )SHAPE_REPRESENTATION_RELATIONSHIP( ) );
#5716 = DIRECTION ( 'NONE',  ( 1.000000000000000000, 0.0000000000000000000, 0.0000000000000000000 ) ) ;
#5717 =( NAMED_UNIT ( * ) SI_UNIT ( $, .STERADIAN. ) SOLID_ANGLE_UNIT ( ) );
#5718 = CONTEXT_DEPENDENT_SHAPE_REPRESENTATION ( #198, #3870 ) ;
#5719 =( NAMED_UNIT ( * ) PLANE_ANGLE_UNIT ( ) SI_UNIT ( $, .RADIAN. ) );
#5720 =( GEOMETRIC_REPRESENTATION_CONTEXT ( 3 ) GLOBAL_UNCERTAINTY_ASSIGNED_CONTEXT ( ( #6454 ) ) GLOBAL_UNIT_ASSIGNED_CONTEXT ( ( #4423, #2105, #4499 ) ) REPRESENTATION_CONTEXT ( 'NONE', 'WORKASPACE' ) );
#5721 = SHAPE_DEFINITION_REPRESENTATION ( #6714, #4989 ) ;
#5722 = FILL_AREA_STYLE ('',( #1418 ) ) ;
#5723 = DIRECTION ( 'NONE',  ( 1.000000000000000000, 0.0000000000000000000, 0.0000000000000000000 ) ) ;
#5724 = AXIS2_PLACEMENT_3D ( 'NONE', #4728, #2283, #3538 ) ;
#5725 = CARTESIAN_POINT ( 'NONE',  ( 0.0000000000000000000, 0.0000000000000000000, 0.0000000000000000000 ) ) ;
#5726 = PRODUCT_DEFINITION_SHAPE ( 'NONE', 'NONE',  #7640 ) ;
#5727 = APPLICATION_CONTEXT ( 'automotive_design' ) ;
#5728 =( REPRESENTATION_RELATIONSHIP ('NONE','NONE', #5044, #6645 ) REPRESENTATION_RELATIONSHIP_WITH_TRANSFORMATION ( #4636 )SHAPE_REPRESENTATION_RELATIONSHIP( ) );
#5729 = CARTESIAN_POINT ( 'NONE',  ( 0.0000000000000000000, 0.0000000000000000000, -0.4038599999999989421 ) ) ;
#5730 = PRODUCT_DEFINITION_SHAPE ( 'NONE', 'NONE',  #1718 ) ;
#5731 = ORIENTED_EDGE ( 'NONE', *, *, #3608, .F. ) ;
#5732 = DIRECTION ( 'NONE',  ( 1.000000000000000000, 0.0000000000000000000, 0.0000000000000000000 ) ) ;
#5733 = PRODUCT_DEFINITION ( 'UNKNOWN', '', #2263, #4407 ) ;
#5734 =( NAMED_UNIT ( * ) PLANE_ANGLE_UNIT ( ) SI_UNIT ( $, .RADIAN. ) );
#5735 = APPLICATION_CONTEXT ( 'automotive_design' ) ;
#5736 = PRODUCT_DEFINITION_CONTEXT ( 'detailed design', #7014, 'design' ) ;
#5737 = CARTESIAN_POINT ( 'NONE',  ( 0.001000760000000000278, 0.0000000000000000000, 0.0000000000000000000 ) ) ;
#5738 = PRODUCT_DEFINITION_SHAPE ( 'NONE', 'NONE',  #5193 ) ;
#5739 = AXIS2_PLACEMENT_3D ( 'NONE', #7040, #2303, #3515 ) ;
#5740 = SHAPE_DEFINITION_REPRESENTATION ( #5126, #6044 ) ;
#5741 = APPLICATION_PROTOCOL_DEFINITION ( 'draft international standard', 'automotive_design', 1998, #3815 ) ;
#5742 = EDGE_CURVE ( 'NONE', #1715, #4041, #6190, .T. ) ;
#5743 =( NAMED_UNIT ( * ) SI_UNIT ( $, .STERADIAN. ) SOLID_ANGLE_UNIT ( ) );
#5744 =( GEOMETRIC_REPRESENTATION_CONTEXT ( 3 ) GLOBAL_UNCERTAINTY_ASSIGNED_CONTEXT ( ( #3566 ) ) GLOBAL_UNIT_ASSIGNED_CONTEXT ( ( #5057, #1672, #451 ) ) REPRESENTATION_CONTEXT ( 'NONE', 'WORKASPACE' ) );
#5745 = PRODUCT_DEFINITION_SHAPE ( 'NONE', 'NONE',  #2812 ) ;
#5746 = APPLICATION_CONTEXT ( 'automotive_design' ) ;
#5747 = CARTESIAN_POINT ( 'NONE',  ( 0.0000000000000000000, 0.0000000000000000000, 0.0000000000000000000 ) ) ;
#5748 =( NAMED_UNIT ( * ) SI_UNIT ( $, .STERADIAN. ) SOLID_ANGLE_UNIT ( ) );
#5749 = ORIENTED_EDGE ( 'NONE', *, *, #1517, .T. ) ;
#5750 = PRODUCT_DEFINITION_CONTEXT ( 'detailed design', #7416, 'design' ) ;
#5751 = CARTESIAN_POINT ( 'NONE',  ( -0.3650005399999999289, -0.2449982400000000893, -0.2872994000000000936 ) ) ;
#5752 = CARTESIAN_POINT ( 'NONE',  ( -0.3650005399999999844, -0.2449982400000000338, -0.2872993999999996495 ) ) ;
#5753 = SHAPE_REPRESENTATION ( 'Free-Models5', ( #6033, #6285 ), #1633 ) ;
#5754 = PRODUCT_DEFINITION_SHAPE ( 'NONE', 'NONE',  #7514 ) ;
#5755 = ITEM_DEFINED_TRANSFORMATION ( 'NONE', 'NONE', #6085,  #1801 ) ;
#5756 = LINE ( 'NONE', #2772, #422 ) ;
#5757 = CARTESIAN_POINT ( 'NONE',  ( -1.649999240000000311, -0.4499990999999999852, 0.01270000000000003765 ) ) ;
#5758 = APPLICATION_PROTOCOL_DEFINITION ( 'draft international standard', 'automotive_design', 1998, #1663 ) ;
#5759 = CARTESIAN_POINT ( 'NONE',  ( 0.001000760000000000278, 0.001000760000000000278, 0.0000000000000000000 ) ) ;
#5760 =( REPRESENTATION_RELATIONSHIP ('NONE','NONE', #664, #359 ) REPRESENTATION_RELATIONSHIP_WITH_TRANSFORMATION ( #1959 )SHAPE_REPRESENTATION_RELATIONSHIP( ) );
#5761 =( LENGTH_UNIT ( ) NAMED_UNIT ( * ) SI_UNIT ( .MILLI., .METRE. ) );
#5762 = AXIS2_PLACEMENT_3D ( 'NONE', #1142, #8, #5439 ) ;
#5763 = CONTEXT_DEPENDENT_SHAPE_REPRESENTATION ( #1286, #76 ) ;
#5764 = ORIENTED_EDGE ( 'NONE', *, *, #1305, .T. ) ;
#5765 = DIRECTION ( 'NONE',  ( 0.0000000000000000000, 0.0000000000000000000, 1.000000000000000000 ) ) ;
#5766 = PRODUCT_CONTEXT ( 'NONE', #4681, 'mechanical' ) ;
#5767 = APPLICATION_CONTEXT ( 'automotive_design' ) ;
#5768 = DIRECTION ( 'NONE',  ( 1.000000000000000000, 0.0000000000000000000, 0.0000000000000000000 ) ) ;
#5769 =( REPRESENTATION_RELATIONSHIP ('NONE','NONE', #4780, #6957 ) REPRESENTATION_RELATIONSHIP_WITH_TRANSFORMATION ( #6811 )SHAPE_REPRESENTATION_RELATIONSHIP( ) );
#5770 = DIRECTION ( 'NONE',  ( 0.0000000000000000000, 0.0000000000000000000, 1.000000000000000000 ) ) ;
#5771 = AXIS2_PLACEMENT_3D ( 'NONE', #828, #3205, #5574 ) ;
#5772 = PRODUCT_RELATED_PRODUCT_CATEGORY ( 'part', '', ( #2784 ) ) ;
#5773 = PLANE ( 'NONE',  #2183 ) ;
#5774 = PRODUCT ( 'Free-Models5', 'Free-Models5', '', ( #855 ) ) ;
#5775 = DIRECTION ( 'NONE',  ( 0.0000000000000000000, 0.0000000000000000000, 1.000000000000000000 ) ) ;
#5776 = PRODUCT_DEFINITION_SHAPE ( 'NONE', 'NONE',  #7694 ) ;
#5777 = APPLICATION_PROTOCOL_DEFINITION ( 'draft international standard', 'automotive_design', 1998, #5976 ) ;
#5778 = SHAPE_REPRESENTATION ( 'Free-Models5', ( #3928, #6085 ), #5944 ) ;
#5779 = SHAPE_DEFINITION_REPRESENTATION ( #1449, #687 ) ;
#5780 = DIRECTION ( 'NONE',  ( 1.000000000000000000, 0.0000000000000000000, 0.0000000000000000000 ) ) ;
#5781 = ITEM_DEFINED_TRANSFORMATION ( 'NONE', 'NONE', #841,  #1948 ) ;
#5782 =( NAMED_UNIT ( * ) SI_UNIT ( $, .STERADIAN. ) SOLID_ANGLE_UNIT ( ) );
#5783 = EDGE_CURVE ( 'NONE', #1317, #5216, #1530, .T. ) ;
#5784 = AXIS2_PLACEMENT_3D ( 'NONE', #6939, #2649, #6186 ) ;
#5785 = EDGE_LOOP ( 'NONE', ( #7198, #4189, #4792, #6761, #4444, #5438, #4720, #360 ) ) ;
#5786 = APPLICATION_PROTOCOL_DEFINITION ( 'draft international standard', 'automotive_design', 1998, #7000 ) ;
#5787 = PRODUCT_DEFINITION_FORMATION_WITH_SPECIFIED_SOURCE ( 'ANY', '', #6577, .NOT_KNOWN. ) ;
#5788 = UNCERTAINTY_MEASURE_WITH_UNIT (LENGTH_MEASURE( 1.000000000000000082E-05 ), #5882, 'distance_accuracy_value', 'NONE');
#5789 = ITEM_DEFINED_TRANSFORMATION ( 'NONE', 'NONE', #1525,  #2372 ) ;
#5790 = DIRECTION ( 'NONE',  ( 1.000000000000000000, 0.0000000000000000000, 0.0000000000000000000 ) ) ;
#5791 =( GEOMETRIC_REPRESENTATION_CONTEXT ( 3 ) GLOBAL_UNCERTAINTY_ASSIGNED_CONTEXT ( ( #6045 ) ) GLOBAL_UNIT_ASSIGNED_CONTEXT ( ( #4896, #5954, #531 ) ) REPRESENTATION_CONTEXT ( 'NONE', 'WORKASPACE' ) );
#5792 = AXIS2_PLACEMENT_3D ( 'NONE', #5974, #5392, #2396 ) ;
#5793 = APPLICATION_CONTEXT ( 'automotive_design' ) ;
#5794 =( NAMED_UNIT ( * ) SI_UNIT ( $, .STERADIAN. ) SOLID_ANGLE_UNIT ( ) );
#5795 = PRODUCT ( '352644049', '352644049', '', ( #6403 ) ) ;
#5796 = PRODUCT_DEFINITION_SHAPE ( 'NONE', 'NONE',  #7744 ) ;
#5797 = AXIS2_PLACEMENT_3D ( 'NONE', #6352, #5984, #63 ) ;
#5798 = EDGE_CURVE ( 'NONE', #3684, #2988, #5756, .T. ) ;
#5799 = PRODUCT_DEFINITION_FORMATION_WITH_SPECIFIED_SOURCE ( 'ANY', '', #4510, .NOT_KNOWN. ) ;
#5800 = ITEM_DEFINED_TRANSFORMATION ( 'NONE', 'NONE', #6219,  #1948 ) ;
#5801 = CARTESIAN_POINT ( 'NONE',  ( 0.001000760000000000278, 0.0000000000000000000, 0.4165599999999999858 ) ) ;
#5802 = CARTESIAN_POINT ( 'NONE',  ( 7.136579580000000256, -0.3050006599999999790, -0.4872999999999999554 ) ) ;
#5803 = AXIS2_PLACEMENT_3D ( 'NONE', #3335, #5565, #3372 ) ;
#5804 = ORIENTED_EDGE ( 'NONE', *, *, #5310, .T. ) ;
#5805 = PRODUCT_DEFINITION_CONTEXT ( 'detailed design', #4891, 'design' ) ;
#5806 = SHAPE_REPRESENTATION ( '352644049', ( #3138, #6051 ), #1123 ) ;
#5807 = PRODUCT_DEFINITION_FORMATION_WITH_SPECIFIED_SOURCE ( 'ANY', '', #5015, .NOT_KNOWN. ) ;
#5808 = SURFACE_STYLE_USAGE ( .BOTH. , #2936 ) ;
#5809 = DIRECTION ( 'NONE',  ( 0.0000000000000000000, 0.0000000000000000000, 1.000000000000000000 ) ) ;
#5810 =( NAMED_UNIT ( * ) PLANE_ANGLE_UNIT ( ) SI_UNIT ( $, .RADIAN. ) );
#5811 =( REPRESENTATION_RELATIONSHIP ('NONE','NONE', #5093, #4927 ) REPRESENTATION_RELATIONSHIP_WITH_TRANSFORMATION ( #4816 )SHAPE_REPRESENTATION_RELATIONSHIP( ) );
#5812 = DIRECTION ( 'NONE',  ( 1.000000000000000000, 0.0000000000000000000, 0.0000000000000000000 ) ) ;
#5813 = UNCERTAINTY_MEASURE_WITH_UNIT (LENGTH_MEASURE( 1.000000000000000082E-05 ), #5878, 'distance_accuracy_value', 'NONE');
#5814 = COLOUR_RGB ( '',0.7529411764705882248, 0.7529411764705882248, 0.7529411764705882248 ) ;
#5815 = DIRECTION ( 'NONE',  ( 0.0000000000000000000, 0.0000000000000000000, 1.000000000000000000 ) ) ;
#5816 = PRODUCT_CONTEXT ( 'NONE', #3751, 'mechanical' ) ;
#5817 = SHAPE_DEFINITION_REPRESENTATION ( #6180, #3899 ) ;
#5818 = PRODUCT_DEFINITION_SHAPE ( 'NONE', 'NONE',  #7583 ) ;
#5819 = SHAPE_REPRESENTATION ( 'PINTSOP2-55', ( #1170, #7333, #421 ), #549 ) ;
#5820 = DIRECTION ( 'NONE',  ( 1.000000000000000000, 0.0000000000000000000, 0.0000000000000000000 ) ) ;
#5821 = ORIENTED_EDGE ( 'NONE', *, *, #2621, .F. ) ;
#5822 = SHAPE_DEFINITION_REPRESENTATION ( #2959, #6388 ) ;
#5823 = APPLICATION_CONTEXT ( 'automotive_design' ) ;
#5824 =( REPRESENTATION_RELATIONSHIP ('NONE','NONE', #4972, #5226 ) REPRESENTATION_RELATIONSHIP_WITH_TRANSFORMATION ( #5537 )SHAPE_REPRESENTATION_RELATIONSHIP( ) );
#5825 = PRODUCT_RELATED_PRODUCT_CATEGORY ( 'part', '', ( #3516 ) ) ;
#5826 = PRODUCT_DEFINITION ( 'UNKNOWN', '', #2779, #5891 ) ;
#5827 = PRODUCT_DEFINITION_CONTEXT ( 'detailed design', #6949, 'design' ) ;
#5828 = DIRECTION ( 'NONE',  ( 0.0000000000000000000, 0.0000000000000000000, 1.000000000000000000 ) ) ;
#5829 = VECTOR ( 'NONE', #4556, 1000.000000000000000 ) ;
#5830 = DIRECTION ( 'NONE',  ( 1.000000000000000000, 0.0000000000000000000, 0.0000000000000000000 ) ) ;
#5831 =( NAMED_UNIT ( * ) SI_UNIT ( $, .STERADIAN. ) SOLID_ANGLE_UNIT ( ) );
#5832 = ITEM_DEFINED_TRANSFORMATION ( 'NONE', 'NONE', #2900,  #2016 ) ;
#5833 = LINE ( 'NONE', #4001, #4544 ) ;
#5834 = DIRECTION ( 'NONE',  ( -1.000000000000000000, 2.220446049250000002E-16, 1.110223024625000001E-16 ) ) ;
#5835 = APPLICATION_CONTEXT ( 'automotive_design' ) ;
#5836 = EDGE_CURVE ( 'NONE', #4362, #5043, #2099, .T. ) ;
#5837 = CARTESIAN_POINT ( 'NONE',  ( 0.0000000000000000000, 0.0000000000000000000, 0.0000000000000000000 ) ) ;
#5838 = DIRECTION ( 'NONE',  ( 1.000000000000000000, 0.0000000000000000000, 0.0000000000000000000 ) ) ;
#5839 =( GEOMETRIC_REPRESENTATION_CONTEXT ( 3 ) GLOBAL_UNCERTAINTY_ASSIGNED_CONTEXT ( ( #4468 ) ) GLOBAL_UNIT_ASSIGNED_CONTEXT ( ( #6010, #3464, #3108 ) ) REPRESENTATION_CONTEXT ( 'NONE', 'WORKASPACE' ) );
#5840 = PRODUCT_DEFINITION_SHAPE ( 'NONE', 'NONE',  #7732 ) ;
#5841 = CONTEXT_DEPENDENT_SHAPE_REPRESENTATION ( #5154, #538 ) ;
#5842 = PRODUCT_DEFINITION_CONTEXT ( 'detailed design', #4323, 'design' ) ;
#5843 = FILL_AREA_STYLE ('',( #7063 ) ) ;
#5844 = ORIENTED_EDGE ( 'NONE', *, *, #2576, .F. ) ;
#5845 = DIRECTION ( 'NONE',  ( 0.0000000000000000000, 0.0000000000000000000, 1.000000000000000000 ) ) ;
#5846 = CONTEXT_DEPENDENT_SHAPE_REPRESENTATION ( #884, #6495 ) ;
#5847 = PRODUCT_DEFINITION_CONTEXT ( 'detailed design', #5881, 'design' ) ;
#5848 = CARTESIAN_POINT ( 'NONE',  ( 0.0000000000000000000, 0.0000000000000000000, -0.4038599999999989421 ) ) ;
#5849 = SHAPE_DEFINITION_REPRESENTATION ( #4497, #7347 ) ;
#5850 = APPLICATION_PROTOCOL_DEFINITION ( 'draft international standard', 'automotive_design', 1998, #3221 ) ;
#5851 = DIRECTION ( 'NONE',  ( 1.000000000000000000, 0.0000000000000000000, 0.0000000000000000000 ) ) ;
#5852 =( NAMED_UNIT ( * ) SI_UNIT ( $, .STERADIAN. ) SOLID_ANGLE_UNIT ( ) );
#5853 = DIRECTION ( 'NONE',  ( 1.000000000000000000, 0.0000000000000000000, 0.0000000000000000000 ) ) ;
#5854 = DIRECTION ( 'NONE',  ( 1.000000000000000000, 0.0000000000000000000, 0.0000000000000000000 ) ) ;
#5855 = EDGE_LOOP ( 'NONE', ( #4403, #2739, #6859, #5821 ) ) ;
#5856 = APPLICATION_PROTOCOL_DEFINITION ( 'draft international standard', 'automotive_design', 1998, #2816 ) ;
#5857 = CONTEXT_DEPENDENT_SHAPE_REPRESENTATION ( #3095, #4357 ) ;
#5858 =( GEOMETRIC_REPRESENTATION_CONTEXT ( 3 ) GLOBAL_UNCERTAINTY_ASSIGNED_CONTEXT ( ( #2958 ) ) GLOBAL_UNIT_ASSIGNED_CONTEXT ( ( #4467, #1997, #5068 ) ) REPRESENTATION_CONTEXT ( 'NONE', 'WORKASPACE' ) );
#5859 = DIRECTION ( 'NONE',  ( 1.000000000000000000, 0.0000000000000000000, 0.0000000000000000000 ) ) ;
#5860 = ITEM_DEFINED_TRANSFORMATION ( 'NONE', 'NONE', #7156,  #1948 ) ;
#5861 = PRODUCT_DEFINITION ( 'UNKNOWN', '', #516, #5404 ) ;
#5862 = PRODUCT_DEFINITION ( 'UNKNOWN', '', #5041, #3540 ) ;
#5863 = APPLICATION_CONTEXT ( 'automotive_design' ) ;
#5864 = CARTESIAN_POINT ( 'NONE',  ( 2.873199739999999558, 9.485000080000000722, -0.4872999999999999554 ) ) ;
#5865 = PRODUCT ( 'Free-Models5', 'Free-Models5', '', ( #2225 ) ) ;
#5866 =( REPRESENTATION_RELATIONSHIP ('NONE','NONE', #4462, #6270 ) REPRESENTATION_RELATIONSHIP_WITH_TRANSFORMATION ( #4343 )SHAPE_REPRESENTATION_RELATIONSHIP( ) );
#5867 = PRODUCT_DEFINITION_SHAPE ( 'NONE', 'NONE',  #7663 ) ;
#5868 = CONTEXT_DEPENDENT_SHAPE_REPRESENTATION ( #3200, #2455 ) ;
#5869 = LINE ( 'NONE', #2971, #6846 ) ;
#5870 = ADVANCED_FACE ( 'NONE', ( #2022 ), #6260, .T. ) ;
#5871 = PRODUCT_DEFINITION_SHAPE ( 'NONE', 'NONE',  #7584 ) ;
#5872 = APPLICATION_CONTEXT ( 'automotive_design' ) ;
#5873 = CARTESIAN_POINT ( 'NONE',  ( 0.0000000000000000000, 0.1510004600000000030, 0.4165599999999999858 ) ) ;
#5874 = APPLICATION_PROTOCOL_DEFINITION ( 'draft international standard', 'automotive_design', 1998, #6789 ) ;
#5875 = CARTESIAN_POINT ( 'NONE',  ( -5.421010862427522170E-17, 5.421010862427522170E-17, 0.0000000000000000000 ) ) ;
#5876 = PRODUCT ( '352644049', '352644049', '', ( #6343 ) ) ;
#5877 = UNCERTAINTY_MEASURE_WITH_UNIT (LENGTH_MEASURE( 1.000000000000000082E-05 ), #2935, 'distance_accuracy_value', 'NONE');
#5878 =( LENGTH_UNIT ( ) NAMED_UNIT ( * ) SI_UNIT ( .MILLI., .METRE. ) );
#5879 = AXIS2_PLACEMENT_3D ( 'NONE', #6579, #4765, #1698 ) ;
#5880 = APPLICATION_PROTOCOL_DEFINITION ( 'draft international standard', 'automotive_design', 1998, #3323 ) ;
#5881 = APPLICATION_CONTEXT ( 'automotive_design' ) ;
#5882 =( LENGTH_UNIT ( ) NAMED_UNIT ( * ) SI_UNIT ( .MILLI., .METRE. ) );
#5883 = DIRECTION ( 'NONE',  ( 0.0000000000000000000, 0.0000000000000000000, 1.000000000000000000 ) ) ;
#5884 = AXIS2_PLACEMENT_3D ( 'NONE', #3639, #1159, #1078 ) ;
#5885 = CONTEXT_DEPENDENT_SHAPE_REPRESENTATION ( #6675, #5634 ) ;
#5886 = PLANE ( 'NONE',  #187 ) ;
#5887 = AXIS2_PLACEMENT_3D ( 'NONE', #737, #3782, #182 ) ;
#5888 = VERTEX_POINT ( 'NONE', #1364 ) ;
#5889 = APPLICATION_PROTOCOL_DEFINITION ( 'draft international standard', 'automotive_design', 1998, #2309 ) ;
#5890 = PRODUCT_DEFINITION_SHAPE ( 'NONE', 'NONE',  #2298 ) ;
#5891 = PRODUCT_DEFINITION_CONTEXT ( 'detailed design', #5335, 'design' ) ;
#5892 = DIRECTION ( 'NONE',  ( 1.000000000000000000, 0.0000000000000000000, -0.0000000000000000000 ) ) ;
#5893 =( NAMED_UNIT ( * ) PLANE_ANGLE_UNIT ( ) SI_UNIT ( $, .RADIAN. ) );
#5894 = AXIS2_PLACEMENT_3D ( 'NONE', #3496, #6572, #4129 ) ;
#5895 = ITEM_DEFINED_TRANSFORMATION ( 'NONE', 'NONE', #5535,  #7276 ) ;
#5896 = CARTESIAN_POINT ( 'NONE',  ( 0.0000000000000000000, 0.0000000000000000000, 0.0000000000000000000 ) ) ;
#5897 =( REPRESENTATION_RELATIONSHIP ('NONE','NONE', #3330, #4090 ) REPRESENTATION_RELATIONSHIP_WITH_TRANSFORMATION ( #6244 )SHAPE_REPRESENTATION_RELATIONSHIP( ) );
#5898 = AXIS2_PLACEMENT_3D ( 'NONE', #1360, #6865, #322 ) ;
#5899 = DIRECTION ( 'NONE',  ( -2.220446049250000002E-16, -1.000000000000000000, 0.0000000000000000000 ) ) ;
#5900 = PRODUCT_RELATED_PRODUCT_CATEGORY ( 'part', '', ( #3788 ) ) ;
#5901 = PRODUCT_RELATED_PRODUCT_CATEGORY ( 'part', '', ( #929 ) ) ;
#5902 = PRODUCT_DEFINITION_FORMATION_WITH_SPECIFIED_SOURCE ( 'ANY', '', #2179, .NOT_KNOWN. ) ;
#5903 = DIRECTION ( 'NONE',  ( 0.0000000000000000000, 0.0000000000000000000, 1.000000000000000000 ) ) ;
#5904 =( REPRESENTATION_RELATIONSHIP ('NONE','NONE', #950, #1820 ) REPRESENTATION_RELATIONSHIP_WITH_TRANSFORMATION ( #5832 )SHAPE_REPRESENTATION_RELATIONSHIP( ) );
#5905 = FACE_OUTER_BOUND ( 'NONE', #2829, .T. ) ;
#5906 = PRODUCT_DEFINITION_SHAPE ( 'NONE', 'NONE',  #6247 ) ;
#5907 = DIRECTION ( 'NONE',  ( 0.0000000000000000000, 0.0000000000000000000, 1.000000000000000000 ) ) ;
#5908 = PRODUCT_DEFINITION_FORMATION_WITH_SPECIFIED_SOURCE ( 'ANY', '', #6206, .NOT_KNOWN. ) ;
#5909 = CARTESIAN_POINT ( 'NONE',  ( 0.6200012999999999774, 0.1849983600000000006, 0.0000000000000000000 ) ) ;
#5910 = ITEM_DEFINED_TRANSFORMATION ( 'NONE', 'NONE', #6814,  #3571 ) ;
#5911 = DIRECTION ( 'NONE',  ( 1.000000000000000000, 0.0000000000000000000, 0.0000000000000000000 ) ) ;
#5912 = PRODUCT_RELATED_PRODUCT_CATEGORY ( 'part', '', ( #2101 ) ) ;
#5913 = PRODUCT_RELATED_PRODUCT_CATEGORY ( 'part', '', ( #541 ) ) ;
#5914 = DIRECTION ( 'NONE',  ( 0.0000000000000000000, 0.0000000000000000000, 1.000000000000000000 ) ) ;
#5915 = PRODUCT_DEFINITION_FORMATION_WITH_SPECIFIED_SOURCE ( 'ANY', '', #813, .NOT_KNOWN. ) ;
#5916 = CARTESIAN_POINT ( 'NONE',  ( -0.3650005400000003175, -0.2449982400000000893, -0.2872993999999996495 ) ) ;
#5917 = SURFACE_SIDE_STYLE ('',( #3510 ) ) ;
#5918 = APPLICATION_CONTEXT ( 'automotive_design' ) ;
#5919 = PRODUCT ( 'Free-Models5', 'Free-Models5', '', ( #411 ) ) ;
#5920 = DIRECTION ( 'NONE',  ( 1.000000000000000000, 0.0000000000000000000, 0.0000000000000000000 ) ) ;
#5921 = APPLICATION_PROTOCOL_DEFINITION ( 'draft international standard', 'automotive_design', 1998, #7393 ) ;
#5922 = APPLICATION_CONTEXT ( 'automotive_design' ) ;
#5923 =( NAMED_UNIT ( * ) SI_UNIT ( $, .STERADIAN. ) SOLID_ANGLE_UNIT ( ) );
#5924 = EDGE_CURVE ( 'NONE', #6931, #886, #4495, .T. ) ;
#5925 = PRODUCT_DEFINITION_SHAPE ( 'NONE', 'NONE',  #3082 ) ;
#5926 = DIRECTION ( 'NONE',  ( 0.0000000000000000000, 0.0000000000000000000, 1.000000000000000000 ) ) ;
#5927 = DIRECTION ( 'NONE',  ( 0.0000000000000000000, -1.000000000000000000, 0.0000000000000000000 ) ) ;
#5928 = DIRECTION ( 'NONE',  ( 1.000000000000000000, 0.0000000000000000000, 0.0000000000000000000 ) ) ;
#5929 = APPLICATION_CONTEXT ( 'automotive_design' ) ;
#5930 = AXIS2_PLACEMENT_3D ( 'NONE', #584, #4245, #4924 ) ;
#5931 = VERTEX_POINT ( 'NONE', #5053 ) ;
#5932 = SHAPE_DEFINITION_REPRESENTATION ( #1361, #1864 ) ;
#5933 = UNCERTAINTY_MEASURE_WITH_UNIT (LENGTH_MEASURE( 1.000000000000000082E-05 ), #4375, 'distance_accuracy_value', 'NONE');
#5934 = CLOSED_SHELL ( 'NONE', ( #1398, #1840, #5018, #6856 ) ) ;
#5935 = CARTESIAN_POINT ( 'NONE',  ( 0.0000000000000000000, 0.0000000000000000000, 0.0000000000000000000 ) ) ;
#5936 = PRODUCT_DEFINITION_SHAPE ( 'NONE', 'NONE',  #7592 ) ;
#5937 = DIRECTION ( 'NONE',  ( 1.110223024625000001E-16, 1.000000000000000000, 0.0000000000000000000 ) ) ;
#5938 = PRODUCT_CONTEXT ( 'NONE', #6569, 'mechanical' ) ;
#5939 = PRODUCT ( '352644049', '352644049', '', ( #1823 ) ) ;
#5940 = AXIS2_PLACEMENT_3D ( 'NONE', #4828, #1714, #7192 ) ;
#5941 = DIRECTION ( 'NONE',  ( 0.0000000000000000000, 0.0000000000000000000, 1.000000000000000000 ) ) ;
#5942 = APPLICATION_CONTEXT ( 'automotive_design' ) ;
#5943 = CARTESIAN_POINT ( 'NONE',  ( 0.0000000000000000000, 0.0000000000000000000, 0.0000000000000000000 ) ) ;
#5944 =( GEOMETRIC_REPRESENTATION_CONTEXT ( 3 ) GLOBAL_UNCERTAINTY_ASSIGNED_CONTEXT ( ( #6068 ) ) GLOBAL_UNIT_ASSIGNED_CONTEXT ( ( #1773, #588, #3576 ) ) REPRESENTATION_CONTEXT ( 'NONE', 'WORKASPACE' ) );
#5945 = CONTEXT_DEPENDENT_SHAPE_REPRESENTATION ( #6632, #4714 ) ;
#5946 = CARTESIAN_POINT ( 'NONE',  ( 0.0000000000000000000, 0.0000000000000000000, -0.4038599999999989421 ) ) ;
#5947 = FILL_AREA_STYLE_COLOUR ( '', #6715 ) ;
#5948 = EDGE_LOOP ( 'NONE', ( #3727, #4014, #2093, #943 ) ) ;
#5949 = CONTEXT_DEPENDENT_SHAPE_REPRESENTATION ( #2989, #2413 ) ;
#5950 =( LENGTH_UNIT ( ) NAMED_UNIT ( * ) SI_UNIT ( .MILLI., .METRE. ) );
#5951 =( GEOMETRIC_REPRESENTATION_CONTEXT ( 3 ) GLOBAL_UNCERTAINTY_ASSIGNED_CONTEXT ( ( #3378 ) ) GLOBAL_UNIT_ASSIGNED_CONTEXT ( ( #1379, #5893, #5323 ) ) REPRESENTATION_CONTEXT ( 'NONE', 'WORKASPACE' ) );
#5952 = PRODUCT_DEFINITION_SHAPE ( 'NONE', 'NONE',  #7628 ) ;
#5953 = PRODUCT_DEFINITION_CONTEXT ( 'detailed design', #7096, 'design' ) ;
#5954 =( NAMED_UNIT ( * ) PLANE_ANGLE_UNIT ( ) SI_UNIT ( $, .RADIAN. ) );
#5955 = PRODUCT_DEFINITION_CONTEXT ( 'detailed design', #6500, 'design' ) ;
#5956 = DIRECTION ( 'NONE',  ( 0.0000000000000000000, 0.0000000000000000000, 1.000000000000000000 ) ) ;
#5957 = AXIS2_PLACEMENT_3D ( 'NONE', #2740, #904, #2151 ) ;
#5958 = CARTESIAN_POINT ( 'NONE',  ( 0.0000000000000000000, 0.0000000000000000000, 0.0000000000000000000 ) ) ;
#5959 = PRODUCT_DEFINITION_SHAPE ( 'NONE', 'NONE',  #7715 ) ;
#5960 = PRODUCT_RELATED_PRODUCT_CATEGORY ( 'part', '', ( #5373 ) ) ;
#5961 = PRODUCT_DEFINITION ( 'UNKNOWN', '', #151, #4803 ) ;
#5962 = APPLICATION_PROTOCOL_DEFINITION ( 'draft international standard', 'automotive_design', 1998, #583 ) ;
#5963 = DIRECTION ( 'NONE',  ( 0.0000000000000000000, 0.0000000000000000000, 1.000000000000000000 ) ) ;
#5964 = UNCERTAINTY_MEASURE_WITH_UNIT (LENGTH_MEASURE( 1.000000000000000082E-05 ), #2867, 'distance_accuracy_value', 'NONE');
#5965 =( REPRESENTATION_RELATIONSHIP ('NONE','NONE', #5017, #6270 ) REPRESENTATION_RELATIONSHIP_WITH_TRANSFORMATION ( #1330 )SHAPE_REPRESENTATION_RELATIONSHIP( ) );
#5966 = CARTESIAN_POINT ( 'NONE',  ( -0.6199987599999999821, -0.3150006399999999984, 0.2999999999999999889 ) ) ;
#5967 = DIRECTION ( 'NONE',  ( 0.0000000000000000000, 0.0000000000000000000, 1.000000000000000000 ) ) ;
#5968 = DIRECTION ( 'NONE',  ( 0.0000000000000000000, 0.0000000000000000000, 1.000000000000000000 ) ) ;
#5969 = EDGE_CURVE ( 'NONE', #5354, #576, #7436, .T. ) ;
#5970 = ORIENTED_EDGE ( 'NONE', *, *, #486, .F. ) ;
#5971 = SHAPE_DEFINITION_REPRESENTATION ( #1703, #3674 ) ;
#5972 =( NAMED_UNIT ( * ) SI_UNIT ( $, .STERADIAN. ) SOLID_ANGLE_UNIT ( ) );
#5973 = DIRECTION ( 'NONE',  ( 0.0000000000000000000, 0.0000000000000000000, 1.000000000000000000 ) ) ;
#5974 = CARTESIAN_POINT ( 'NONE',  ( 0.0000000000000000000, 5.421010862427522170E-17, 0.0000000000000000000 ) ) ;
#5975 = CONTEXT_DEPENDENT_SHAPE_REPRESENTATION ( #7022, #3461 ) ;
#5976 = APPLICATION_CONTEXT ( 'automotive_design' ) ;
#5977 = CARTESIAN_POINT ( 'NONE',  ( 10.07409973999999941, 9.485000080000000722, -0.4872999999999999554 ) ) ;
#5978 =( GEOMETRIC_REPRESENTATION_CONTEXT ( 3 ) GLOBAL_UNCERTAINTY_ASSIGNED_CONTEXT ( ( #4784 ) ) GLOBAL_UNIT_ASSIGNED_CONTEXT ( ( #6140, #3294, #6701 ) ) REPRESENTATION_CONTEXT ( 'NONE', 'WORKASPACE' ) );
#5979 = UNCERTAINTY_MEASURE_WITH_UNIT (LENGTH_MEASURE( 1.000000000000000082E-05 ), #3354, 'distance_accuracy_value', 'NONE');
#5980 = PRODUCT_DEFINITION_CONTEXT ( 'detailed design', #5835, 'design' ) ;
#5981 =( NAMED_UNIT ( * ) SI_UNIT ( $, .STERADIAN. ) SOLID_ANGLE_UNIT ( ) );
#5982 = PRODUCT_DEFINITION_SHAPE ( 'NONE', 'NONE',  #3315 ) ;
#5983 = PRODUCT_DEFINITION_CONTEXT ( 'detailed design', #2045, 'design' ) ;
#5984 = DIRECTION ( 'NONE',  ( 0.0000000000000000000, 0.0000000000000000000, 1.000000000000000000 ) ) ;
#5985 = DIRECTION ( 'NONE',  ( -1.000000000000000000, -0.0000000000000000000, -0.0000000000000000000 ) ) ;
#5986 = PRODUCT_CONTEXT ( 'NONE', #2447, 'mechanical' ) ;
#5987 = CARTESIAN_POINT ( 'NONE',  ( -0.6199987599999999821, -0.3150006399999999984, 0.0000000000000000000 ) ) ;
#5988 = PRODUCT ( 'Free-Models5', 'Free-Models5', '', ( #6946 ) ) ;
#5989 = CARTESIAN_POINT ( 'NONE',  ( 0.0000000000000000000, 0.0000000000000000000, 0.0000000000000000000 ) ) ;
#5990 = PRODUCT ( 'Free-Models5', 'Free-Models5', '', ( #4201 ) ) ;
#5991 = SHAPE_REPRESENTATION ( '352644049', ( #7059, #3785 ), #3655 ) ;
#5992 = PRODUCT_DEFINITION_SHAPE ( 'NONE', 'NONE',  #7676 ) ;
#5993 = DIRECTION ( 'NONE',  ( 0.0000000000000000000, 0.0000000000000000000, 1.000000000000000000 ) ) ;
#5994 = DIRECTION ( 'NONE',  ( 1.000000000000000000, 0.0000000000000000000, 0.0000000000000000000 ) ) ;
#5995 = PRODUCT_CONTEXT ( 'NONE', #1963, 'mechanical' ) ;
#5996 =( NAMED_UNIT ( * ) SI_UNIT ( $, .STERADIAN. ) SOLID_ANGLE_UNIT ( ) );
#5997 =( REPRESENTATION_RELATIONSHIP ('NONE','NONE', #1679, #5226 ) REPRESENTATION_RELATIONSHIP_WITH_TRANSFORMATION ( #2500 )SHAPE_REPRESENTATION_RELATIONSHIP( ) );
#5998 = PRODUCT_DEFINITION_SHAPE ( 'NONE', 'NONE',  #7563 ) ;
#5999 = PRODUCT_DEFINITION ( 'UNKNOWN', '', #2156, #1822 ) ;
#6000 = ITEM_DEFINED_TRANSFORMATION ( 'NONE', 'NONE', #2123,  #4124 ) ;
#6001 = DIRECTION ( 'NONE',  ( -0.0000000000000000000, 1.000000000000000000, 0.0000000000000000000 ) ) ;
#6002 = PRODUCT ( 'Free-Models5', 'Free-Models5', '', ( #6147 ) ) ;
#6003 = LINE ( 'NONE', #6606, #4321 ) ;
#6004 = APPLICATION_PROTOCOL_DEFINITION ( 'draft international standard', 'automotive_design', 1998, #3864 ) ;
#6005 = ORIENTED_EDGE ( 'NONE', *, *, #2675, .F. ) ;
#6006 = APPLICATION_PROTOCOL_DEFINITION ( 'draft international standard', 'automotive_design', 1998, #6855 ) ;
#6007 = UNCERTAINTY_MEASURE_WITH_UNIT (LENGTH_MEASURE( 1.000000000000000082E-05 ), #3161, 'distance_accuracy_value', 'NONE');
#6008 = AXIS2_PLACEMENT_3D ( 'NONE', #2436, #5967, #2511 ) ;
#6009 = APPLICATION_CONTEXT ( 'automotive_design' ) ;
#6010 =( LENGTH_UNIT ( ) NAMED_UNIT ( * ) SI_UNIT ( .MILLI., .METRE. ) );
#6011 =( REPRESENTATION_RELATIONSHIP ('NONE','NONE', #7128, #4462 ) REPRESENTATION_RELATIONSHIP_WITH_TRANSFORMATION ( #1375 )SHAPE_REPRESENTATION_RELATIONSHIP( ) );
#6012 =( LENGTH_UNIT ( ) NAMED_UNIT ( * ) SI_UNIT ( .MILLI., .METRE. ) );
#6013 = EDGE_CURVE ( 'NONE', #3178, #1737, #3394, .T. ) ;
#6014 = DIRECTION ( 'NONE',  ( 1.000000000000000000, 0.0000000000000000000, 0.0000000000000000000 ) ) ;
#6015 = AXIS2_PLACEMENT_3D ( 'NONE', #306, #2674, #3805 ) ;
#6016 = AXIS2_PLACEMENT_3D ( 'NONE', #6790, #1380, #3799 ) ;
#6017 = DIRECTION ( 'NONE',  ( 1.000000000000000000, -1.110223024625000001E-16, 1.110223024625000001E-16 ) ) ;
#6018 = EDGE_LOOP ( 'NONE', ( #7090, #2185, #4485, #2169 ) ) ;
#6019 = UNCERTAINTY_MEASURE_WITH_UNIT (LENGTH_MEASURE( 1.000000000000000082E-05 ), #3872, 'distance_accuracy_value', 'NONE');
#6020 = SHAPE_REPRESENTATION ( 'PINTSOP2-55', ( #1037, #7211, #5591 ), #2191 ) ;
#6021 = CARTESIAN_POINT ( 'NONE',  ( 5.421010862427522170E-17, -5.421010862427522170E-17, 0.0000000000000000000 ) ) ;
#6022 =( GEOMETRIC_REPRESENTATION_CONTEXT ( 3 ) GLOBAL_UNCERTAINTY_ASSIGNED_CONTEXT ( ( #4287 ) ) GLOBAL_UNIT_ASSIGNED_CONTEXT ( ( #435, #2882, #1609 ) ) REPRESENTATION_CONTEXT ( 'NONE', 'WORKASPACE' ) );
#6023 = EDGE_CURVE ( 'NONE', #5043, #5165, #1574, .T. ) ;
#6024 = PRODUCT ( 'PINTSOP2-55', 'PINTSOP2-55', '', ( #5938 ) ) ;
#6025 = PRODUCT_DEFINITION_SHAPE ( 'NONE', 'NONE',  #7722 ) ;
#6026 = PRODUCT_DEFINITION_CONTEXT ( 'detailed design', #3277, 'design' ) ;
#6027 = CARTESIAN_POINT ( 'NONE',  ( -0.3650005399999999289, -0.2449982400000000893, -0.2872993999999996495 ) ) ;
#6028 = CARTESIAN_POINT ( 'NONE',  ( 0.0000000000000000000, 0.0000000000000000000, 0.0000000000000000000 ) ) ;
#6029 = DIRECTION ( 'NONE',  ( 0.0000000000000000000, 0.0000000000000000000, 1.000000000000000000 ) ) ;
#6030 = APPLICATION_PROTOCOL_DEFINITION ( 'draft international standard', 'automotive_design', 1998, #382 ) ;
#6031 = FACE_OUTER_BOUND ( 'NONE', #7024, .T. ) ;
#6032 = PRODUCT_DEFINITION_FORMATION_WITH_SPECIFIED_SOURCE ( 'ANY', '', #343, .NOT_KNOWN. ) ;
#6033 = AXIS2_PLACEMENT_3D ( 'NONE', #7287, #645, #4856 ) ;
#6034 = CONTEXT_DEPENDENT_SHAPE_REPRESENTATION ( #133, #1921 ) ;
#6035 = APPLICATION_CONTEXT ( 'automotive_design' ) ;
#6036 = APPLICATION_PROTOCOL_DEFINITION ( 'draft international standard', 'automotive_design', 1998, #1014 ) ;
#6037 = PRODUCT_DEFINITION_FORMATION_WITH_SPECIFIED_SOURCE ( 'ANY', '', #1742, .NOT_KNOWN. ) ;
#6038 = DIRECTION ( 'NONE',  ( 1.000000000000000000, 0.0000000000000000000, 0.0000000000000000000 ) ) ;
#6039 = AXIS2_PLACEMENT_3D ( 'NONE', #6503, #1518, #183 ) ;
#6040 = APPLICATION_PROTOCOL_DEFINITION ( 'draft international standard', 'automotive_design', 1998, #7014 ) ;
#6041 = PRODUCT ( 'PINTSOP2-55', 'PINTSOP2-55', '', ( #6568 ) ) ;
#6042 = AXIS2_PLACEMENT_3D ( 'NONE', #80, #1113, #1873 ) ;
#6043 = PRODUCT_DEFINITION_FORMATION_WITH_SPECIFIED_SOURCE ( 'ANY', '', #1661, .NOT_KNOWN. ) ;
#6044 = SHAPE_REPRESENTATION ( 'PINTSOP2-55', ( #865, #507, #4908 ), #6926 ) ;
#6045 = UNCERTAINTY_MEASURE_WITH_UNIT (LENGTH_MEASURE( 1.000000000000000082E-05 ), #4896, 'distance_accuracy_value', 'NONE');
#6046 = CARTESIAN_POINT ( 'NONE',  ( 0.0000000000000000000, 5.421010862427522170E-17, 0.0000000000000000000 ) ) ;
#6047 = PRODUCT_DEFINITION_CONTEXT ( 'detailed design', #6608, 'design' ) ;
#6048 = DIRECTION ( 'NONE',  ( 0.0000000000000000000, 0.0000000000000000000, -1.000000000000000000 ) ) ;
#6049 = CARTESIAN_POINT ( 'NONE',  ( 0.0000000000000000000, 0.0000000000000000000, 0.0000000000000000000 ) ) ;
#6050 = LINE ( 'NONE', #1055, #6587 ) ;
#6051 = AXIS2_PLACEMENT_3D ( 'NONE', #3207, #3287, #5701 ) ;
#6052 = CONTEXT_DEPENDENT_SHAPE_REPRESENTATION ( #3482, #5627 ) ;
#6053 = APPLICATION_PROTOCOL_DEFINITION ( 'draft international standard', 'automotive_design', 1998, #111 ) ;
#6054 =( NAMED_UNIT ( * ) PLANE_ANGLE_UNIT ( ) SI_UNIT ( $, .RADIAN. ) );
#6055 = EDGE_LOOP ( 'NONE', ( #4273, #7108, #4121, #6726 ) ) ;
#6056 =( REPRESENTATION_RELATIONSHIP ('NONE','NONE', #128, #5226 ) REPRESENTATION_RELATIONSHIP_WITH_TRANSFORMATION ( #7330 )SHAPE_REPRESENTATION_RELATIONSHIP( ) );
#6057 = SHAPE_DEFINITION_REPRESENTATION ( #807, #229 ) ;
#6058 = PRODUCT_DEFINITION_SHAPE ( 'NONE', 'NONE',  #7510 ) ;
#6059 =( NAMED_UNIT ( * ) PLANE_ANGLE_UNIT ( ) SI_UNIT ( $, .RADIAN. ) );
#6060 =( NAMED_UNIT ( * ) PLANE_ANGLE_UNIT ( ) SI_UNIT ( $, .RADIAN. ) );
#6061 = CONTEXT_DEPENDENT_SHAPE_REPRESENTATION ( #2197, #4082 ) ;
#6062 = AXIS2_PLACEMENT_3D ( 'NONE', #2360, #6736, #4759 ) ;
#6063 = DIRECTION ( 'NONE',  ( -1.000000000000000000, 2.220446049250000002E-16, 1.110223024625000001E-16 ) ) ;
#6064 = PRODUCT_DEFINITION ( 'UNKNOWN', '', #6424, #7171 ) ;
#6065 = PRODUCT_RELATED_PRODUCT_CATEGORY ( 'part', '', ( #1310 ) ) ;
#6066 = APPLICATION_CONTEXT ( 'automotive_design' ) ;
#6067 = DIRECTION ( 'NONE',  ( 1.000000000000000000, 0.0000000000000000000, 0.0000000000000000000 ) ) ;
#6068 = UNCERTAINTY_MEASURE_WITH_UNIT (LENGTH_MEASURE( 1.000000000000000082E-05 ), #1773, 'distance_accuracy_value', 'NONE');
#6069 = VECTOR ( 'NONE', #4974, 1000.000000000000000 ) ;
#6070 = CONTEXT_DEPENDENT_SHAPE_REPRESENTATION ( #1115, #3311 ) ;
#6071 = ITEM_DEFINED_TRANSFORMATION ( 'NONE', 'NONE', #1947,  #1300 ) ;
#6072 =( NAMED_UNIT ( * ) PLANE_ANGLE_UNIT ( ) SI_UNIT ( $, .RADIAN. ) );
#6073 = CARTESIAN_POINT ( 'NONE',  ( -0.2031237999999999932, 0.3150006400000001094, 0.3000000000000000444 ) ) ;
#6074 = DIRECTION ( 'NONE',  ( 0.0000000000000000000, 0.0000000000000000000, 1.000000000000000000 ) ) ;
#6075 = AXIS2_PLACEMENT_3D ( 'NONE', #4153, #5956, #6479 ) ;
#6076 = SHAPE_REPRESENTATION ( '352644049', ( #3944, #317 ), #7343 ) ;
#6077 = SHAPE_DEFINITION_REPRESENTATION ( #2435, #7385 ) ;
#6078 = PRODUCT_DEFINITION_SHAPE ( 'NONE', 'NONE',  #7623 ) ;
#6079 = EDGE_CURVE ( 'NONE', #3112, #3184, #6003, .T. ) ;
#6080 = DIRECTION ( 'NONE',  ( -1.000000000000000000, 0.0000000000000000000, 0.0000000000000000000 ) ) ;
#6081 = DIRECTION ( 'NONE',  ( 1.000000000000000000, 0.0000000000000000000, 0.0000000000000000000 ) ) ;
#6082 = APPLICATION_CONTEXT ( 'automotive_design' ) ;
#6083 =( REPRESENTATION_RELATIONSHIP ('NONE','NONE', #7366, #5226 ) REPRESENTATION_RELATIONSHIP_WITH_TRANSFORMATION ( #4174 )SHAPE_REPRESENTATION_RELATIONSHIP( ) );
#6084 = CARTESIAN_POINT ( 'NONE',  ( 0.0000000000000000000, 0.0000000000000000000, 0.0000000000000000000 ) ) ;
#6085 = AXIS2_PLACEMENT_3D ( 'NONE', #1094, #517, #1135 ) ;
#6086 = CARTESIAN_POINT ( 'NONE',  ( -0.3650005399999999289, -0.2449982400000000893, -0.2872993999999996495 ) ) ;
#6087 = AXIS2_PLACEMENT_3D ( 'NONE', #6294, #4646, #3920 ) ;
#6088 =( NAMED_UNIT ( * ) PLANE_ANGLE_UNIT ( ) SI_UNIT ( $, .RADIAN. ) );
#6089 = VECTOR ( 'NONE', #575, 1000.000000000000000 ) ;
#6090 = APPLICATION_PROTOCOL_DEFINITION ( 'draft international standard', 'automotive_design', 1998, #2344 ) ;
#6091 = APPLICATION_CONTEXT ( 'automotive_design' ) ;
#6092 =( GEOMETRIC_REPRESENTATION_CONTEXT ( 3 ) GLOBAL_UNCERTAINTY_ASSIGNED_CONTEXT ( ( #6212 ) ) GLOBAL_UNIT_ASSIGNED_CONTEXT ( ( #3585, #4147, #2292 ) ) REPRESENTATION_CONTEXT ( 'NONE', 'WORKASPACE' ) );
#6093 =( NAMED_UNIT ( * ) PLANE_ANGLE_UNIT ( ) SI_UNIT ( $, .RADIAN. ) );
#6094 = DIRECTION ( 'NONE',  ( 0.0000000000000000000, -1.000000000000000000, 0.0000000000000000000 ) ) ;
#6095 = DIRECTION ( 'NONE',  ( 1.000000000000000000, 0.0000000000000000000, 0.0000000000000000000 ) ) ;
#6096 = FACE_OUTER_BOUND ( 'NONE', #2917, .T. ) ;
#6097 =( NAMED_UNIT ( * ) SI_UNIT ( $, .STERADIAN. ) SOLID_ANGLE_UNIT ( ) );
#6098 = ORIENTED_EDGE ( 'NONE', *, *, #3275, .T. ) ;
#6099 = SHAPE_DEFINITION_REPRESENTATION ( #1570, #1499 ) ;
#6100 =( GEOMETRIC_REPRESENTATION_CONTEXT ( 3 ) GLOBAL_UNCERTAINTY_ASSIGNED_CONTEXT ( ( #2682 ) ) GLOBAL_UNIT_ASSIGNED_CONTEXT ( ( #4937, #3711, #7358 ) ) REPRESENTATION_CONTEXT ( 'NONE', 'WORKASPACE' ) );
#6101 = PRODUCT_DEFINITION_SHAPE ( 'NONE', 'NONE',  #478 ) ;
#6102 = SHAPE_REPRESENTATION ( 'PINTSOP2-55', ( #1231, #2885, #1872 ), #5646 ) ;
#6103 =( REPRESENTATION_RELATIONSHIP ('NONE','NONE', #4137, #3600 ) REPRESENTATION_RELATIONSHIP_WITH_TRANSFORMATION ( #6664 )SHAPE_REPRESENTATION_RELATIONSHIP( ) );
#6104 = DIRECTION ( 'NONE',  ( 1.110223024625000001E-16, 1.000000000000000000, 0.0000000000000000000 ) ) ;
#6105 =( NAMED_UNIT ( * ) SI_UNIT ( $, .STERADIAN. ) SOLID_ANGLE_UNIT ( ) );
#6106 = ITEM_DEFINED_TRANSFORMATION ( 'NONE', 'NONE', #1624,  #1948 ) ;
#6107 = PRODUCT_DEFINITION ( 'UNKNOWN', '', #379, #5202 ) ;
#6108 = ITEM_DEFINED_TRANSFORMATION ( 'NONE', 'NONE', #2705,  #1948 ) ;
#6109 = LINE ( 'NONE', #6028, #7452 ) ;
#6110 = DIRECTION ( 'NONE',  ( 1.000000000000000000, 0.0000000000000000000, 0.0000000000000000000 ) ) ;
#6111 = APPLICATION_PROTOCOL_DEFINITION ( 'draft international standard', 'automotive_design', 1998, #4628 ) ;
#6112 =( GEOMETRIC_REPRESENTATION_CONTEXT ( 3 ) GLOBAL_UNCERTAINTY_ASSIGNED_CONTEXT ( ( #1867 ) ) GLOBAL_UNIT_ASSIGNED_CONTEXT ( ( #866, #1161, #5503 ) ) REPRESENTATION_CONTEXT ( 'NONE', 'WORKASPACE' ) );
#6113 = DIRECTION ( 'NONE',  ( 1.000000000000000000, 0.0000000000000000000, 0.0000000000000000000 ) ) ;
#6114 = CARTESIAN_POINT ( 'NONE',  ( 0.0000000000000000000, 0.0000000000000000000, 0.0000000000000000000 ) ) ;
#6115 = DIRECTION ( 'NONE',  ( 1.000000000000000000, 0.0000000000000000000, 0.0000000000000000000 ) ) ;
#6116 = ADVANCED_FACE ( 'NONE', ( #971 ), #2385, .T. ) ;
#6117 = UNCERTAINTY_MEASURE_WITH_UNIT (LENGTH_MEASURE( 1.000000000000000082E-05 ), #4910, 'distance_accuracy_value', 'NONE');
#6118 = PRODUCT_DEFINITION_SHAPE ( 'NONE', 'NONE',  #7540 ) ;
#6119 = APPLICATION_CONTEXT ( 'automotive_design' ) ;
#6120 =( REPRESENTATION_RELATIONSHIP ('NONE','NONE', #6439, #5226 ) REPRESENTATION_RELATIONSHIP_WITH_TRANSFORMATION ( #6785 )SHAPE_REPRESENTATION_RELATIONSHIP( ) );
#6121 = SHAPE_DEFINITION_REPRESENTATION ( #2345, #3064 ) ;
#6122 = DIRECTION ( 'NONE',  ( 1.000000000000000000, 0.0000000000000000000, 0.0000000000000000000 ) ) ;
#6123 = PRODUCT_DEFINITION_SHAPE ( 'NONE', 'NONE',  #2306 ) ;
#6124 = CARTESIAN_POINT ( 'NONE',  ( 0.0000000000000000000, 0.0000000000000000000, 0.0000000000000000000 ) ) ;
#6125 = EDGE_CURVE ( 'NONE', #7145, #3524, #2175, .T. ) ;
#6126 = UNCERTAINTY_MEASURE_WITH_UNIT (LENGTH_MEASURE( 1.000000000000000082E-05 ), #3486, 'distance_accuracy_value', 'NONE');
#6127 = LINE ( 'NONE', #5583, #543 ) ;
#6128 = DIRECTION ( 'NONE',  ( 0.0000000000000000000, 0.0000000000000000000, 1.000000000000000000 ) ) ;
#6129 = DIRECTION ( 'NONE',  ( -1.000000000000000000, 0.0000000000000000000, 0.0000000000000000000 ) ) ;
#6130 = APPLICATION_PROTOCOL_DEFINITION ( 'draft international standard', 'automotive_design', 1998, #2114 ) ;
#6131 = ORIENTED_EDGE ( 'NONE', *, *, #395, .F. ) ;
#6132 = PRODUCT_CONTEXT ( 'NONE', #6226, 'mechanical' ) ;
#6133 = APPLICATION_CONTEXT ( 'automotive_design' ) ;
#6134 =( LENGTH_UNIT ( ) NAMED_UNIT ( * ) SI_UNIT ( .MILLI., .METRE. ) );
#6135 = UNCERTAINTY_MEASURE_WITH_UNIT (LENGTH_MEASURE( 1.000000000000000082E-05 ), #7396, 'distance_accuracy_value', 'NONE');
#6136 = DIRECTION ( 'NONE',  ( 1.000000000000000000, 0.0000000000000000000, 0.0000000000000000000 ) ) ;
#6137 = PRODUCT_DEFINITION_SHAPE ( 'NONE', 'NONE',  #7610 ) ;
#6138 = DIRECTION ( 'NONE',  ( 1.110223024625000001E-16, 1.000000000000000000, 0.0000000000000000000 ) ) ;
#6139 = SHAPE_REPRESENTATION ( '352644049', ( #7394, #3999 ), #982 ) ;
#6140 =( LENGTH_UNIT ( ) NAMED_UNIT ( * ) SI_UNIT ( .MILLI., .METRE. ) );
#6141 = APPLICATION_CONTEXT ( 'automotive_design' ) ;
#6142 = PRODUCT_DEFINITION_CONTEXT ( 'detailed design', #1663, 'design' ) ;
#6143 = DIRECTION ( 'NONE',  ( 1.000000000000000000, 0.0000000000000000000, 0.0000000000000000000 ) ) ;
#6144 =( GEOMETRIC_REPRESENTATION_CONTEXT ( 3 ) GLOBAL_UNCERTAINTY_ASSIGNED_CONTEXT ( ( #3492 ) ) GLOBAL_UNIT_ASSIGNED_CONTEXT ( ( #4958, #1511, #6486 ) ) REPRESENTATION_CONTEXT ( 'NONE', 'WORKASPACE' ) );
#6145 = CONTEXT_DEPENDENT_SHAPE_REPRESENTATION ( #4056, #5211 ) ;
#6146 =( NAMED_UNIT ( * ) SI_UNIT ( $, .STERADIAN. ) SOLID_ANGLE_UNIT ( ) );
#6147 = PRODUCT_CONTEXT ( 'NONE', #2106, 'mechanical' ) ;
#6148 = LINE ( 'NONE', #789, #41 ) ;
#6149 = CARTESIAN_POINT ( 'NONE',  ( 0.0000000000000000000, 0.0000000000000000000, 0.0000000000000000000 ) ) ;
#6150 = CONTEXT_DEPENDENT_SHAPE_REPRESENTATION ( #364, #1070 ) ;
#6151 = AXIS2_PLACEMENT_3D ( 'NONE', #162, #1802, #6095 ) ;
#6152 = PRODUCT_DEFINITION ( 'UNKNOWN', '', #4545, #2780 ) ;
#6153 = AXIS2_PLACEMENT_3D ( 'NONE', #7191, #5381, #1833 ) ;
#6154 =( LENGTH_UNIT ( ) NAMED_UNIT ( * ) SI_UNIT ( .MILLI., .METRE. ) );
#6155 =( REPRESENTATION_RELATIONSHIP ('NONE','NONE', #4137, #3041 ) REPRESENTATION_RELATIONSHIP_WITH_TRANSFORMATION ( #3568 )SHAPE_REPRESENTATION_RELATIONSHIP( ) );
#6156 = PRODUCT_DEFINITION_FORMATION_WITH_SPECIFIED_SOURCE ( 'ANY', '', #3061, .NOT_KNOWN. ) ;
#6157 = PRODUCT_DEFINITION ( 'UNKNOWN', '', #1644, #6227 ) ;
#6158 = PRODUCT_CONTEXT ( 'NONE', #3605, 'mechanical' ) ;
#6159 = PRODUCT_RELATED_PRODUCT_CATEGORY ( 'part', '', ( #3669 ) ) ;
#6160 = DIRECTION ( 'NONE',  ( 0.0000000000000000000, 0.0000000000000000000, 1.000000000000000000 ) ) ;
#6161 = PRODUCT_DEFINITION_FORMATION_WITH_SPECIFIED_SOURCE ( 'ANY', '', #5070, .NOT_KNOWN. ) ;
#6162 = DIRECTION ( 'NONE',  ( 1.000000000000000000, 0.0000000000000000000, 0.0000000000000000000 ) ) ;
#6163 = PRODUCT_DEFINITION_FORMATION_WITH_SPECIFIED_SOURCE ( 'ANY', '', #135, .NOT_KNOWN. ) ;
#6164 =( LENGTH_UNIT ( ) NAMED_UNIT ( * ) SI_UNIT ( .MILLI., .METRE. ) );
#6165 = DIRECTION ( 'NONE',  ( 0.0000000000000000000, -0.0000000000000000000, 1.000000000000000000 ) ) ;
#6166 = APPLICATION_CONTEXT ( 'automotive_design' ) ;
#6167 =( GEOMETRIC_REPRESENTATION_CONTEXT ( 3 ) GLOBAL_UNCERTAINTY_ASSIGNED_CONTEXT ( ( #4065 ) ) GLOBAL_UNIT_ASSIGNED_CONTEXT ( ( #5405, #1857, #4843 ) ) REPRESENTATION_CONTEXT ( 'NONE', 'WORKASPACE' ) );
#6168 = DIRECTION ( 'NONE',  ( 0.0000000000000000000, -1.000000000000000000, -0.0000000000000000000 ) ) ;
#6169 =( REPRESENTATION_RELATIONSHIP ('NONE','NONE', #1968, #5226 ) REPRESENTATION_RELATIONSHIP_WITH_TRANSFORMATION ( #2984 )SHAPE_REPRESENTATION_RELATIONSHIP( ) );
#6170 = PRODUCT_DEFINITION_SHAPE ( 'NONE', 'NONE',  #294 ) ;
#6171 = SHAPE_DEFINITION_REPRESENTATION ( #2343, #7109 ) ;
#6172 = ORIENTED_EDGE ( 'NONE', *, *, #4202, .T. ) ;
#6173 = FACE_OUTER_BOUND ( 'NONE', #319, .T. ) ;
#6174 = APPLICATION_PROTOCOL_DEFINITION ( 'draft international standard', 'automotive_design', 1998, #7319 ) ;
#6175 = EDGE_CURVE ( 'NONE', #1737, #331, #6050, .T. ) ;
#6176 = PRODUCT_DEFINITION_FORMATION_WITH_SPECIFIED_SOURCE ( 'ANY', '', #3516, .NOT_KNOWN. ) ;
#6177 = SURFACE_SIDE_STYLE ('',( #3069 ) ) ;
#6178 = CARTESIAN_POINT ( 'NONE',  ( 0.0000000000000000000, 0.0000000000000000000, -0.4038599999999998302 ) ) ;
#6179 = CARTESIAN_POINT ( 'NONE',  ( 0.0000000000000000000, 0.0000000000000000000, 0.0000000000000000000 ) ) ;
#6180 = PRODUCT_DEFINITION_SHAPE ( 'NONE', 'NONE',  #2896 ) ;
#6181 = DIRECTION ( 'NONE',  ( 0.0000000000000000000, 0.0000000000000000000, 1.000000000000000000 ) ) ;
#6182 = SHAPE_DEFINITION_REPRESENTATION ( #4794, #2296 ) ;
#6183 = DIRECTION ( 'NONE',  ( 1.110223024625000001E-16, 1.000000000000000000, 0.0000000000000000000 ) ) ;
#6184 = AXIS2_PLACEMENT_3D ( 'NONE', #3450, #2261, #5851 ) ;
#6185 = ORIENTED_EDGE ( 'NONE', *, *, #5312, .F. ) ;
#6186 = DIRECTION ( 'NONE',  ( 1.000000000000000000, 0.0000000000000000000, 0.0000000000000000000 ) ) ;
#6187 = CONTEXT_DEPENDENT_SHAPE_REPRESENTATION ( #4157, #4581 ) ;
#6188 =( NAMED_UNIT ( * ) SI_UNIT ( $, .STERADIAN. ) SOLID_ANGLE_UNIT ( ) );
#6189 = PRODUCT_DEFINITION_SHAPE ( 'NONE', 'NONE',  #7517 ) ;
#6190 = LINE ( 'NONE', #6229, #5333 ) ;
#6191 = DIRECTION ( 'NONE',  ( 1.000000000000000000, 0.0000000000000000000, 0.0000000000000000000 ) ) ;
#6192 = PRODUCT_CONTEXT ( 'NONE', #3703, 'mechanical' ) ;
#6193 = LINE ( 'NONE', #1332, #6069 ) ;
#6194 = ITEM_DEFINED_TRANSFORMATION ( 'NONE', 'NONE', #5060,  #349 ) ;
#6195 = DIRECTION ( 'NONE',  ( 1.000000000000000000, 0.0000000000000000000, 0.0000000000000000000 ) ) ;
#6196 = CARTESIAN_POINT ( 'NONE',  ( -0.3650005400000003175, -0.2449982400000000338, -0.2872993999999996495 ) ) ;
#6197 = PRODUCT_CONTEXT ( 'NONE', #2595, 'mechanical' ) ;
#6198 = DIRECTION ( 'NONE',  ( 1.000000000000000000, 0.0000000000000000000, 0.0000000000000000000 ) ) ;
#6199 =( GEOMETRIC_REPRESENTATION_CONTEXT ( 3 ) GLOBAL_UNCERTAINTY_ASSIGNED_CONTEXT ( ( #2671 ) ) GLOBAL_UNIT_ASSIGNED_CONTEXT ( ( #5340, #2335, #4669 ) ) REPRESENTATION_CONTEXT ( 'NONE', 'WORKASPACE' ) );
#6200 = PRODUCT_DEFINITION_SHAPE ( 'NONE', 'NONE',  #7596 ) ;
#6201 =( REPRESENTATION_RELATIONSHIP ('NONE','NONE', #4137, #2296 ) REPRESENTATION_RELATIONSHIP_WITH_TRANSFORMATION ( #2940 )SHAPE_REPRESENTATION_RELATIONSHIP( ) );
#6202 = UNCERTAINTY_MEASURE_WITH_UNIT (LENGTH_MEASURE( 1.000000000000000082E-05 ), #4439, 'distance_accuracy_value', 'NONE');
#6203 = PRODUCT_DEFINITION ( 'UNKNOWN', '', #7295, #3689 ) ;
#6204 = PRODUCT_DEFINITION ( 'UNKNOWN', '', #5807, #1899 ) ;
#6205 = CARTESIAN_POINT ( 'NONE',  ( -11.10999810000000032, 5.080000000000000071, 0.0000000000000000000 ) ) ;
#6206 = PRODUCT ( 'PINTSOP2-55', 'PINTSOP2-55', '', ( #6870 ) ) ;
#6207 = CARTESIAN_POINT ( 'NONE',  ( -1.084202172485504434E-16, 1.084202172485504434E-16, -0.4038599999999998302 ) ) ;
#6208 = VECTOR ( 'NONE', #4297, 1000.000000000000000 ) ;
#6209 = CARTESIAN_POINT ( 'NONE',  ( -11.10999810000000032, -5.080000000000000071, 1.199999999999999956 ) ) ;
#6210 = ORIENTED_EDGE ( 'NONE', *, *, #3659, .T. ) ;
#6211 = PRODUCT_CONTEXT ( 'NONE', #6515, 'mechanical' ) ;
#6212 = UNCERTAINTY_MEASURE_WITH_UNIT (LENGTH_MEASURE( 1.000000000000000082E-05 ), #3585, 'distance_accuracy_value', 'NONE');
#6213 = DIRECTION ( 'NONE',  ( 1.000000000000000000, 0.0000000000000000000, 0.0000000000000000000 ) ) ;
#6214 = AXIS2_PLACEMENT_3D ( 'NONE', #5615, #2706, #7294 ) ;
#6215 = APPLICATION_CONTEXT ( 'automotive_design' ) ;
#6216 =( REPRESENTATION_RELATIONSHIP ('NONE','NONE', #457, #2631 ) REPRESENTATION_RELATIONSHIP_WITH_TRANSFORMATION ( #1480 )SHAPE_REPRESENTATION_RELATIONSHIP( ) );
#6217 = PRODUCT_RELATED_PRODUCT_CATEGORY ( 'part', '', ( #524 ) ) ;
#6218 = DIRECTION ( 'NONE',  ( 1.110223024625000001E-16, 1.000000000000000000, 0.0000000000000000000 ) ) ;
#6219 = AXIS2_PLACEMENT_3D ( 'NONE', #7284, #1073, #5488 ) ;
#6220 = ORIENTED_EDGE ( 'NONE', *, *, #3565, .T. ) ;
#6221 = PRODUCT_DEFINITION_CONTEXT ( 'detailed design', #5922, 'design' ) ;
#6222 =( NAMED_UNIT ( * ) PLANE_ANGLE_UNIT ( ) SI_UNIT ( $, .RADIAN. ) );
#6223 = DIRECTION ( 'NONE',  ( 0.0000000000000000000, 0.0000000000000000000, 1.000000000000000000 ) ) ;
#6224 = PRODUCT_DEFINITION_SHAPE ( 'NONE', 'NONE',  #6836 ) ;
#6225 = CARTESIAN_POINT ( 'NONE',  ( 0.0000000000000000000, 1.084202172485504434E-16, -0.4038600000000006629 ) ) ;
#6226 = APPLICATION_CONTEXT ( 'automotive_design' ) ;
#6227 = PRODUCT_DEFINITION_CONTEXT ( 'detailed design', #1052, 'design' ) ;
#6228 = ITEM_DEFINED_TRANSFORMATION ( 'NONE', 'NONE', #7463,  #557 ) ;
#6229 = CARTESIAN_POINT ( 'NONE',  ( 0.001000760000000000278, 0.001000760000000000278, 0.0000000000000000000 ) ) ;
#6230 = PRODUCT_CONTEXT ( 'NONE', #3779, 'mechanical' ) ;
#6231 =( LENGTH_UNIT ( ) NAMED_UNIT ( * ) SI_UNIT ( .MILLI., .METRE. ) );
#6232 =( NAMED_UNIT ( * ) SI_UNIT ( $, .STERADIAN. ) SOLID_ANGLE_UNIT ( ) );
#6233 = ITEM_DEFINED_TRANSFORMATION ( 'NONE', 'NONE', #4150,  #6033 ) ;
#6234 = PRODUCT_DEFINITION_SHAPE ( 'NONE', 'NONE',  #4229 ) ;
#6235 = CONTEXT_DEPENDENT_SHAPE_REPRESENTATION ( #6831, #1245 ) ;
#6236 = PRODUCT_CONTEXT ( 'NONE', #1854, 'mechanical' ) ;
#6237 = DIRECTION ( 'NONE',  ( 0.0000000000000000000, 0.0000000000000000000, 1.000000000000000000 ) ) ;
#6238 = PRODUCT_DEFINITION_SHAPE ( 'NONE', 'NONE',  #252 ) ;
#6239 = DIRECTION ( 'NONE',  ( 1.000000000000000000, 0.0000000000000000000, 0.0000000000000000000 ) ) ;
#6240 = LINE ( 'NONE', #2833, #4053 ) ;
#6241 = AXIS2_PLACEMENT_3D ( 'NONE', #7228, #1794, #2341 ) ;
#6242 = DIRECTION ( 'NONE',  ( 0.0000000000000000000, 0.0000000000000000000, 1.000000000000000000 ) ) ;
#6243 = FACE_OUTER_BOUND ( 'NONE', #1118, .T. ) ;
#6244 = ITEM_DEFINED_TRANSFORMATION ( 'NONE', 'NONE', #1389,  #1920 ) ;
#6245 = PRODUCT_CONTEXT ( 'NONE', #3815, 'mechanical' ) ;
#6246 =( NAMED_UNIT ( * ) PLANE_ANGLE_UNIT ( ) SI_UNIT ( $, .RADIAN. ) );
#6247 = PRODUCT_DEFINITION ( 'UNKNOWN', '', #6535, #5446 ) ;
#6248 =( LENGTH_UNIT ( ) NAMED_UNIT ( * ) SI_UNIT ( .MILLI., .METRE. ) );
#6249 = CARTESIAN_POINT ( 'NONE',  ( -0.3650005400000003175, -0.2449982400000000893, -0.2872993999999996495 ) ) ;
#6250 = PRODUCT_DEFINITION_SHAPE ( 'NONE', 'NONE',  #6 ) ;
#6251 = SHAPE_REPRESENTATION ( 'Free-Models5', ( #985, #5408 ), #2145 ) ;
#6252 = ORIENTED_EDGE ( 'NONE', *, *, #173, .T. ) ;
#6253 = UNCERTAINTY_MEASURE_WITH_UNIT (LENGTH_MEASURE( 1.000000000000000082E-05 ), #867, 'distance_accuracy_value', 'NONE');
#6254 = PRODUCT_DEFINITION ( 'UNKNOWN', '', #5787, #6524 ) ;
#6255 =( REPRESENTATION_RELATIONSHIP ('NONE','NONE', #6866, #5226 ) REPRESENTATION_RELATIONSHIP_WITH_TRANSFORMATION ( #3391 )SHAPE_REPRESENTATION_RELATIONSHIP( ) );
#6256 =( LENGTH_UNIT ( ) NAMED_UNIT ( * ) SI_UNIT ( .MILLI., .METRE. ) );
#6257 = ITEM_DEFINED_TRANSFORMATION ( 'NONE', 'NONE', #5268,  #3249 ) ;
#6258 =( NAMED_UNIT ( * ) SI_UNIT ( $, .STERADIAN. ) SOLID_ANGLE_UNIT ( ) );
#6259 = ITEM_DEFINED_TRANSFORMATION ( 'NONE', 'NONE', #4660,  #2434 ) ;
#6260 = PLANE ( 'NONE',  #2194 ) ;
#6261 = DIRECTION ( 'NONE',  ( 0.0000000000000000000, 0.0000000000000000000, 1.000000000000000000 ) ) ;
#6262 = APPLICATION_PROTOCOL_DEFINITION ( 'draft international standard', 'automotive_design', 1998, #1432 ) ;
#6263 = AXIS2_PLACEMENT_3D ( 'NONE', #248, #4928, #5478 ) ;
#6264 = APPLICATION_CONTEXT ( 'automotive_design' ) ;
#6265 =( REPRESENTATION_RELATIONSHIP ('NONE','NONE', #1230, #3862 ) REPRESENTATION_RELATIONSHIP_WITH_TRANSFORMATION ( #296 )SHAPE_REPRESENTATION_RELATIONSHIP( ) );
#6266 = ITEM_DEFINED_TRANSFORMATION ( 'NONE', 'NONE', #507,  #3020 ) ;
#6267 = CONTEXT_DEPENDENT_SHAPE_REPRESENTATION ( #484, #558 ) ;
#6268 =( GEOMETRIC_REPRESENTATION_CONTEXT ( 3 ) GLOBAL_UNCERTAINTY_ASSIGNED_CONTEXT ( ( #347 ) ) GLOBAL_UNIT_ASSIGNED_CONTEXT ( ( #2978, #5376, #3624 ) ) REPRESENTATION_CONTEXT ( 'NONE', 'WORKASPACE' ) );
#6269 = APPLICATION_PROTOCOL_DEFINITION ( 'draft international standard', 'automotive_design', 1998, #2439 ) ;
#6270 = SHAPE_REPRESENTATION ( 'Extruded2', ( #1948 ), #5578 ) ;
#6271 = DIRECTION ( 'NONE',  ( 1.000000000000000000, 0.0000000000000000000, 0.0000000000000000000 ) ) ;
#6272 = APPLICATION_CONTEXT ( 'automotive_design' ) ;
#6273 = DIRECTION ( 'NONE',  ( 0.0000000000000000000, 0.0000000000000000000, 1.000000000000000000 ) ) ;
#6274 = DIRECTION ( 'NONE',  ( 0.0000000000000000000, 0.0000000000000000000, -1.000000000000000000 ) ) ;
#6275 = DIRECTION ( 'NONE',  ( 0.0000000000000000000, 0.0000000000000000000, 1.000000000000000000 ) ) ;
#6276 = PRODUCT_CONTEXT ( 'NONE', #6467, 'mechanical' ) ;
#6277 =( GEOMETRIC_REPRESENTATION_CONTEXT ( 3 ) GLOBAL_UNCERTAINTY_ASSIGNED_CONTEXT ( ( #3886 ) ) GLOBAL_UNIT_ASSIGNED_CONTEXT ( ( #4441, #240, #3878 ) ) REPRESENTATION_CONTEXT ( 'NONE', 'WORKASPACE' ) );
#6278 = PRODUCT_CONTEXT ( 'NONE', #2205, 'mechanical' ) ;
#6279 = CARTESIAN_POINT ( 'NONE',  ( 0.0000000000000000000, 0.0000000000000000000, -0.4038600000000000523 ) ) ;
#6280 = PRODUCT_DEFINITION_SHAPE ( 'NONE', 'NONE',  #7740 ) ;
#6281 = CARTESIAN_POINT ( 'NONE',  ( 0.0000000000000000000, 0.0000000000000000000, 0.0000000000000000000 ) ) ;
#6282 = EDGE_LOOP ( 'NONE', ( #1395, #2878, #5336, #4831 ) ) ;
#6283 = PRODUCT_DEFINITION_FORMATION_WITH_SPECIFIED_SOURCE ( 'ANY', '', #5939, .NOT_KNOWN. ) ;
#6284 = DIRECTION ( 'NONE',  ( 1.000000000000000000, 0.0000000000000000000, 0.0000000000000000000 ) ) ;
#6285 = AXIS2_PLACEMENT_3D ( 'NONE', #5916, #4258, #6551 ) ;
#6286 = ITEM_DEFINED_TRANSFORMATION ( 'NONE', 'NONE', #123,  #1948 ) ;
#6287 = DIRECTION ( 'NONE',  ( 0.0000000000000000000, 0.0000000000000000000, 1.000000000000000000 ) ) ;
#6288 =( GEOMETRIC_REPRESENTATION_CONTEXT ( 3 ) GLOBAL_UNCERTAINTY_ASSIGNED_CONTEXT ( ( #7208 ) ) GLOBAL_UNIT_ASSIGNED_CONTEXT ( ( #4368, #2412, #6188 ) ) REPRESENTATION_CONTEXT ( 'NONE', 'WORKASPACE' ) );
#6289 =( GEOMETRIC_REPRESENTATION_CONTEXT ( 3 ) GLOBAL_UNCERTAINTY_ASSIGNED_CONTEXT ( ( #3955 ) ) GLOBAL_UNIT_ASSIGNED_CONTEXT ( ( #4595, #4670, #1675 ) ) REPRESENTATION_CONTEXT ( 'NONE', 'WORKASPACE' ) );
#6290 = PRODUCT_DEFINITION_FORMATION_WITH_SPECIFIED_SOURCE ( 'ANY', '', #3700, .NOT_KNOWN. ) ;
#6291 = DIRECTION ( 'NONE',  ( -2.220446049250000002E-16, -1.000000000000000000, 0.0000000000000000000 ) ) ;
#6292 = ORIENTED_EDGE ( 'NONE', *, *, #7398, .T. ) ;
#6293 = PRODUCT ( 'Free-Models5', 'Free-Models5', '', ( #6634 ) ) ;
#6294 = CARTESIAN_POINT ( 'NONE',  ( 0.0000000000000000000, 0.0000000000000000000, 0.0000000000000000000 ) ) ;
#6295 = PRODUCT ( '352644049', '352644049', '', ( #3268 ) ) ;
#6296 = DIRECTION ( 'NONE',  ( 0.0000000000000000000, 0.0000000000000000000, 1.000000000000000000 ) ) ;
#6297 = PRODUCT_DEFINITION_FORMATION_WITH_SPECIFIED_SOURCE ( 'ANY', '', #2604, .NOT_KNOWN. ) ;
#6298 = SHAPE_REPRESENTATION ( 'Free-Models5', ( #5412, #6794 ), #6407 ) ;
#6299 = CONTEXT_DEPENDENT_SHAPE_REPRESENTATION ( #6216, #6969 ) ;
#6300 =( NAMED_UNIT ( * ) SI_UNIT ( $, .STERADIAN. ) SOLID_ANGLE_UNIT ( ) );
#6301 =( GEOMETRIC_REPRESENTATION_CONTEXT ( 3 ) GLOBAL_UNCERTAINTY_ASSIGNED_CONTEXT ( ( #5025 ) ) GLOBAL_UNIT_ASSIGNED_CONTEXT ( ( #2751, #312, #5659 ) ) REPRESENTATION_CONTEXT ( 'NONE', 'WORKASPACE' ) );
#6302 = PRODUCT_RELATED_PRODUCT_CATEGORY ( 'part', '', ( #2927 ) ) ;
#6303 = FACE_OUTER_BOUND ( 'NONE', #4210, .T. ) ;
#6304 = PRODUCT_DEFINITION ( 'UNKNOWN', '', #5799, #849 ) ;
#6305 = PRODUCT_DEFINITION_SHAPE ( 'NONE', 'NONE',  #336 ) ;
#6306 = CARTESIAN_POINT ( 'NONE',  ( 0.0000000000000000000, 0.0000000000000000000, 0.0000000000000000000 ) ) ;
#6307 = SHAPE_DEFINITION_REPRESENTATION ( #3247, #1992 ) ;
#6308 = CARTESIAN_POINT ( 'NONE',  ( 0.0000000000000000000, 0.0000000000000000000, -0.4038599999999998302 ) ) ;
#6309 = FACE_OUTER_BOUND ( 'NONE', #3917, .T. ) ;
#6310 =( REPRESENTATION_RELATIONSHIP ('NONE','NONE', #4137, #1944 ) REPRESENTATION_RELATIONSHIP_WITH_TRANSFORMATION ( #1719 )SHAPE_REPRESENTATION_RELATIONSHIP( ) );
#6311 = PRODUCT_DEFINITION_SHAPE ( 'NONE', 'NONE',  #7662 ) ;
#6312 = EDGE_CURVE ( 'NONE', #3532, #5251, #655, .T. ) ;
#6313 = DIRECTION ( 'NONE',  ( 1.000000000000000000, 0.0000000000000000000, 0.0000000000000000000 ) ) ;
#6314 = ITEM_DEFINED_TRANSFORMATION ( 'NONE', 'NONE', #4040,  #4931 ) ;
#6315 = APPLICATION_CONTEXT ( 'automotive_design' ) ;
#6316 = DIRECTION ( 'NONE',  ( 1.000000000000000000, 0.0000000000000000000, 0.0000000000000000000 ) ) ;
#6317 =( REPRESENTATION_RELATIONSHIP ('NONE','NONE', #6139, #6270 ) REPRESENTATION_RELATIONSHIP_WITH_TRANSFORMATION ( #7154 )SHAPE_REPRESENTATION_RELATIONSHIP( ) );
#6318 = PRODUCT ( 'PINTSOP2-55', 'PINTSOP2-55', '', ( #1504 ) ) ;
#6319 = VECTOR ( 'NONE', #3040, 1000.000000000000000 ) ;
#6320 = DIRECTION ( 'NONE',  ( 1.000000000000000000, 0.0000000000000000000, 0.0000000000000000000 ) ) ;
#6321 = DIRECTION ( 'NONE',  ( 0.0000000000000000000, 0.0000000000000000000, 1.000000000000000000 ) ) ;
#6322 = LINE ( 'NONE', #5182, #1288 ) ;
#6323 = APPLICATION_PROTOCOL_DEFINITION ( 'draft international standard', 'automotive_design', 1998, #1631 ) ;
#6324 =( GEOMETRIC_REPRESENTATION_CONTEXT ( 3 ) GLOBAL_UNCERTAINTY_ASSIGNED_CONTEXT ( ( #3975 ) ) GLOBAL_UNIT_ASSIGNED_CONTEXT ( ( #1069, #5223, #2944 ) ) REPRESENTATION_CONTEXT ( 'NONE', 'WORKASPACE' ) );
#6325 = SHAPE_REPRESENTATION ( '352644049', ( #1300, #4203 ), #4320 ) ;
#6326 = APPLICATION_PROTOCOL_DEFINITION ( 'draft international standard', 'automotive_design', 1998, #3871 ) ;
#6327 = DIRECTION ( 'NONE',  ( 0.0000000000000000000, 0.0000000000000000000, 1.000000000000000000 ) ) ;
#6328 = CARTESIAN_POINT ( 'NONE',  ( 0.0000000000000000000, 0.0000000000000000000, 0.0000000000000000000 ) ) ;
#6329 = APPLICATION_CONTEXT ( 'automotive_design' ) ;
#6330 = AXIS2_PLACEMENT_3D ( 'NONE', #1958, #4138, #1254 ) ;
#6331 = DIRECTION ( 'NONE',  ( 1.000000000000000000, 0.0000000000000000000, 0.0000000000000000000 ) ) ;
#6332 = DIRECTION ( 'NONE',  ( 1.110223024625000001E-16, 1.000000000000000000, 0.0000000000000000000 ) ) ;
#6333 = EDGE_LOOP ( 'NONE', ( #961, #4524, #3603, #1933 ) ) ;
#6334 = UNCERTAINTY_MEASURE_WITH_UNIT (LENGTH_MEASURE( 1.000000000000000082E-05 ), #4882, 'distance_accuracy_value', 'NONE');
#6335 = PRODUCT_DEFINITION_SHAPE ( 'NONE', 'NONE',  #5961 ) ;
#6336 = VECTOR ( 'NONE', #2442, 1000.000000000000000 ) ;
#6337 =( NAMED_UNIT ( * ) PLANE_ANGLE_UNIT ( ) SI_UNIT ( $, .RADIAN. ) );
#6338 = APPLICATION_CONTEXT ( 'automotive_design' ) ;
#6339 = CONTEXT_DEPENDENT_SHAPE_REPRESENTATION ( #1965, #7471 ) ;
#6340 = MECHANICAL_DESIGN_GEOMETRIC_PRESENTATION_REPRESENTATION (  '', ( #5343 ), #6592 ) ;
#6341 = CARTESIAN_POINT ( 'NONE',  ( 0.6200012999999999774, 0.3149981000000000031, 0.3000000000000000999 ) ) ;
#6342 = DIRECTION ( 'NONE',  ( 1.000000000000000000, 0.0000000000000000000, 0.0000000000000000000 ) ) ;
#6343 = PRODUCT_CONTEXT ( 'NONE', #4106, 'mechanical' ) ;
#6344 =( LENGTH_UNIT ( ) NAMED_UNIT ( * ) SI_UNIT ( .MILLI., .METRE. ) );
#6345 =( LENGTH_UNIT ( ) NAMED_UNIT ( * ) SI_UNIT ( .MILLI., .METRE. ) );
#6346 =( GEOMETRIC_REPRESENTATION_CONTEXT ( 3 ) GLOBAL_UNCERTAINTY_ASSIGNED_CONTEXT ( ( #839 ) ) GLOBAL_UNIT_ASSIGNED_CONTEXT ( ( #6231, #2075, #4890 ) ) REPRESENTATION_CONTEXT ( 'NONE', 'WORKASPACE' ) );
#6347 = SHAPE_REPRESENTATION ( 'PINTSOP2-55', ( #1614, #2770, #5270 ), #6268 ) ;
#6348 =( LENGTH_UNIT ( ) NAMED_UNIT ( * ) SI_UNIT ( .MILLI., .METRE. ) );
#6349 = PRODUCT_DEFINITION ( 'UNKNOWN', '', #747, #2457 ) ;
#6350 = ITEM_DEFINED_TRANSFORMATION ( 'NONE', 'NONE', #3769,  #1948 ) ;
#6351 = ITEM_DEFINED_TRANSFORMATION ( 'NONE', 'NONE', #2726,  #4833 ) ;
#6352 = CARTESIAN_POINT ( 'NONE',  ( -5.421010862427522170E-17, 5.421010862427522170E-17, 0.0000000000000000000 ) ) ;
#6353 = PRODUCT_DEFINITION_SHAPE ( 'NONE', 'NONE',  #7755 ) ;
#6354 =( REPRESENTATION_RELATIONSHIP ('NONE','NONE', #4137, #3356 ) REPRESENTATION_RELATIONSHIP_WITH_TRANSFORMATION ( #7174 )SHAPE_REPRESENTATION_RELATIONSHIP( ) );
#6355 = VERTEX_POINT ( 'NONE', #2815 ) ;
#6356 = CARTESIAN_POINT ( 'NONE',  ( 0.0000000000000000000, 0.0000000000000000000, 0.0000000000000000000 ) ) ;
#6357 =( LENGTH_UNIT ( ) NAMED_UNIT ( * ) SI_UNIT ( .MILLI., .METRE. ) );
#6358 = PRODUCT_DEFINITION ( 'UNKNOWN', '', #5660, #1807 ) ;
#6359 = DIRECTION ( 'NONE',  ( 1.000000000000000000, 0.0000000000000000000, 0.0000000000000000000 ) ) ;
#6360 = CARTESIAN_POINT ( 'NONE',  ( 0.0000000000000000000, 0.1510004600000000030, 0.0000000000000000000 ) ) ;
#6361 = PRODUCT_DEFINITION_SHAPE ( 'NONE', 'NONE',  #7296 ) ;
#6362 = AXIS2_PLACEMENT_3D ( 'NONE', #3411, #2873, #3480 ) ;
#6363 = SHAPE_DEFINITION_REPRESENTATION ( #2744, #1208 ) ;
#6364 =( REPRESENTATION_RELATIONSHIP ('NONE','NONE', #6251, #3090 ) REPRESENTATION_RELATIONSHIP_WITH_TRANSFORMATION ( #4265 )SHAPE_REPRESENTATION_RELATIONSHIP( ) );
#6365 = PRODUCT_CONTEXT ( 'NONE', #444, 'mechanical' ) ;
#6366 =( NAMED_UNIT ( * ) SI_UNIT ( $, .STERADIAN. ) SOLID_ANGLE_UNIT ( ) );
#6367 = EDGE_CURVE ( 'NONE', #5504, #811, #5833, .T. ) ;
#6368 = DIRECTION ( 'NONE',  ( 0.0000000000000000000, 0.0000000000000000000, 1.000000000000000000 ) ) ;
#6369 = AXIS2_PLACEMENT_3D ( 'NONE', #5260, #6721, #6122 ) ;
#6370 = PRODUCT ( 'Free-Models5', 'Free-Models5', '', ( #2259 ) ) ;
#6371 = PRODUCT_DEFINITION_CONTEXT ( 'detailed design', #4260, 'design' ) ;
#6372 = VERTEX_POINT ( 'NONE', #5162 ) ;
#6373 = APPLICATION_PROTOCOL_DEFINITION ( 'draft international standard', 'automotive_design', 1998, #6898 ) ;
#6374 = ITEM_DEFINED_TRANSFORMATION ( 'NONE', 'NONE', #5694,  #129 ) ;
#6375 =( REPRESENTATION_RELATIONSHIP ('NONE','NONE', #2512, #3109 ) REPRESENTATION_RELATIONSHIP_WITH_TRANSFORMATION ( #6378 )SHAPE_REPRESENTATION_RELATIONSHIP( ) );
#6376 = PRODUCT_DEFINITION_CONTEXT ( 'detailed design', #3016, 'design' ) ;
#6377 =( NAMED_UNIT ( * ) SI_UNIT ( $, .STERADIAN. ) SOLID_ANGLE_UNIT ( ) );
#6378 = ITEM_DEFINED_TRANSFORMATION ( 'NONE', 'NONE', #1293,  #7450 ) ;
#6379 = CARTESIAN_POINT ( 'NONE',  ( -11.10999810000000032, -5.080000000000000071, 0.0000000000000000000 ) ) ;
#6380 = PRODUCT_DEFINITION_SHAPE ( 'NONE', 'NONE',  #5826 ) ;
#6381 = UNCERTAINTY_MEASURE_WITH_UNIT (LENGTH_MEASURE( 1.000000000000000082E-05 ), #348, 'distance_accuracy_value', 'NONE');
#6382 = APPLICATION_CONTEXT ( 'automotive_design' ) ;
#6383 = CONTEXT_DEPENDENT_SHAPE_REPRESENTATION ( #5715, #469 ) ;
#6384 = CONTEXT_DEPENDENT_SHAPE_REPRESENTATION ( #2818, #6656 ) ;
#6385 = SURFACE_SIDE_STYLE ('',( #4771 ) ) ;
#6386 = ORIENTED_EDGE ( 'NONE', *, *, #4050, .F. ) ;
#6387 = DIRECTION ( 'NONE',  ( 1.000000000000000000, 0.0000000000000000000, 0.0000000000000000000 ) ) ;
#6388 = SHAPE_REPRESENTATION ( 'PINTSOP2-55', ( #5401, #620, #373 ), #2783 ) ;
#6389 = APPLICATION_PROTOCOL_DEFINITION ( 'draft international standard', 'automotive_design', 1998, #4678 ) ;
#6390 = CARTESIAN_POINT ( 'NONE',  ( 0.0000000000000000000, 0.0000000000000000000, 0.0000000000000000000 ) ) ;
#6391 = AXIS2_PLACEMENT_3D ( 'NONE', #2117, #5183, #1707 ) ;
#6392 = LINE ( 'NONE', #1501, #3677 ) ;
#6393 =( NAMED_UNIT ( * ) SI_UNIT ( $, .STERADIAN. ) SOLID_ANGLE_UNIT ( ) );
#6394 = PRODUCT_DEFINITION ( 'UNKNOWN', '', #157, #7031 ) ;
#6395 = PRODUCT_RELATED_PRODUCT_CATEGORY ( 'part', '', ( #6685 ) ) ;
#6396 = APPLICATION_PROTOCOL_DEFINITION ( 'draft international standard', 'automotive_design', 1998, #2359 ) ;
#6397 = APPLICATION_PROTOCOL_DEFINITION ( 'draft international standard', 'automotive_design', 1998, #5019 ) ;
#6398 =( NAMED_UNIT ( * ) SI_UNIT ( $, .STERADIAN. ) SOLID_ANGLE_UNIT ( ) );
#6399 =( GEOMETRIC_REPRESENTATION_CONTEXT ( 3 ) GLOBAL_UNCERTAINTY_ASSIGNED_CONTEXT ( ( #6334 ) ) GLOBAL_UNIT_ASSIGNED_CONTEXT ( ( #4882, #1298, #627 ) ) REPRESENTATION_CONTEXT ( 'NONE', 'WORKASPACE' ) );
#6400 =( REPRESENTATION_RELATIONSHIP ('NONE','NONE', #7066, #6270 ) REPRESENTATION_RELATIONSHIP_WITH_TRANSFORMATION ( #7222 )SHAPE_REPRESENTATION_RELATIONSHIP( ) );
#6401 = ADVANCED_FACE ( 'NONE', ( #3021 ), #7194, .T. ) ;
#6402 = ORIENTED_EDGE ( 'NONE', *, *, #4293, .T. ) ;
#6403 = PRODUCT_CONTEXT ( 'NONE', #5218, 'mechanical' ) ;
#6404 = PRODUCT_DEFINITION_FORMATION_WITH_SPECIFIED_SOURCE ( 'ANY', '', #2231, .NOT_KNOWN. ) ;
#6405 = UNCERTAINTY_MEASURE_WITH_UNIT (LENGTH_MEASURE( 1.000000000000000082E-05 ), #3586, 'distance_accuracy_value', 'NONE');
#6406 = CONTEXT_DEPENDENT_SHAPE_REPRESENTATION ( #2379, #6823 ) ;
#6407 =( GEOMETRIC_REPRESENTATION_CONTEXT ( 3 ) GLOBAL_UNCERTAINTY_ASSIGNED_CONTEXT ( ( #6994 ) ) GLOBAL_UNIT_ASSIGNED_CONTEXT ( ( #2217, #3474, #479 ) ) REPRESENTATION_CONTEXT ( 'NONE', 'WORKASPACE' ) );
#6408 = CARTESIAN_POINT ( 'NONE',  ( 0.0000000000000000000, 0.0000000000000000000, 0.0000000000000000000 ) ) ;
#6409 = AXIS2_PLACEMENT_3D ( 'NONE', #6390, #4218, #1214 ) ;
#6410 =( LENGTH_UNIT ( ) NAMED_UNIT ( * ) SI_UNIT ( .MILLI., .METRE. ) );
#6411 = PRODUCT ( 'Free-Models5', 'Free-Models5', '', ( #6609 ) ) ;
#6412 = CONTEXT_DEPENDENT_SHAPE_REPRESENTATION ( #3103, #682 ) ;
#6413 =( NAMED_UNIT ( * ) PLANE_ANGLE_UNIT ( ) SI_UNIT ( $, .RADIAN. ) );
#6414 = PRODUCT_DEFINITION_SHAPE ( 'NONE', 'NONE',  #7597 ) ;
#6415 = PRODUCT_DEFINITION_FORMATION_WITH_SPECIFIED_SOURCE ( 'ANY', '', #2835, .NOT_KNOWN. ) ;
#6416 = DIRECTION ( 'NONE',  ( 0.0000000000000000000, -1.000000000000000000, -0.0000000000000000000 ) ) ;
#6417 = APPLICATION_CONTEXT ( 'automotive_design' ) ;
#6418 = CARTESIAN_POINT ( 'NONE',  ( 6.336479579999999778, -0.3050006599999999790, -0.4872999999999999554 ) ) ;
#6419 =( GEOMETRIC_REPRESENTATION_CONTEXT ( 3 ) GLOBAL_UNCERTAINTY_ASSIGNED_CONTEXT ( ( #5877 ) ) GLOBAL_UNIT_ASSIGNED_CONTEXT ( ( #2935, #3004, #6540 ) ) REPRESENTATION_CONTEXT ( 'NONE', 'WORKASPACE' ) );
#6420 =( REPRESENTATION_RELATIONSHIP ('NONE','NONE', #4415, #6270 ) REPRESENTATION_RELATIONSHIP_WITH_TRANSFORMATION ( #1420 )SHAPE_REPRESENTATION_RELATIONSHIP( ) );
#6421 = DIRECTION ( 'NONE',  ( 0.0000000000000000000, 0.0000000000000000000, 1.000000000000000000 ) ) ;
#6422 = PRODUCT_CONTEXT ( 'NONE', #1179, 'mechanical' ) ;
#6423 = DIRECTION ( 'NONE',  ( 1.000000000000000000, 0.0000000000000000000, 0.0000000000000000000 ) ) ;
#6424 = PRODUCT_DEFINITION_FORMATION_WITH_SPECIFIED_SOURCE ( 'ANY', '', #3788, .NOT_KNOWN. ) ;
#6425 = DIRECTION ( 'NONE',  ( 1.000000000000000000, 0.0000000000000000000, 0.0000000000000000000 ) ) ;
#6426 = AXIS2_PLACEMENT_3D ( 'NONE', #2583, #1261, #6660 ) ;
#6427 = PRODUCT_DEFINITION_SHAPE ( 'NONE', 'NONE',  #105 ) ;
#6428 = ITEM_DEFINED_TRANSFORMATION ( 'NONE', 'NONE', #2321,  #1948 ) ;
#6429 =( REPRESENTATION_RELATIONSHIP ('NONE','NONE', #3918, #5226 ) REPRESENTATION_RELATIONSHIP_WITH_TRANSFORMATION ( #6696 )SHAPE_REPRESENTATION_RELATIONSHIP( ) );
#6430 = DIRECTION ( 'NONE',  ( 1.000000000000000000, 0.0000000000000000000, 0.0000000000000000000 ) ) ;
#6431 = ORIENTED_EDGE ( 'NONE', *, *, #815, .F. ) ;
#6432 = DIRECTION ( 'NONE',  ( 0.0000000000000000000, 0.0000000000000000000, 1.000000000000000000 ) ) ;
#6433 = AXIS2_PLACEMENT_3D ( 'NONE', #3282, #5284, #3536 ) ;
#6434 = SHAPE_DEFINITION_REPRESENTATION ( #2794, #3490 ) ;
#6435 = PRODUCT_DEFINITION_SHAPE ( 'NONE', 'NONE',  #5 ) ;
#6436 = APPLICATION_CONTEXT ( 'automotive_design' ) ;
#6437 = AXIS2_PLACEMENT_3D ( 'NONE', #1321, #130, #6138 ) ;
#6438 = PRODUCT_DEFINITION_SHAPE ( 'NONE', 'NONE',  #7669 ) ;
#6439 = SHAPE_REPRESENTATION ( 'PINTSOP2-55', ( #3347, #949, #6878 ), #4100 ) ;
#6440 = PRODUCT_CONTEXT ( 'NONE', #2858, 'mechanical' ) ;
#6441 = APPLICATION_PROTOCOL_DEFINITION ( 'draft international standard', 'automotive_design', 1998, #6542 ) ;
#6442 = APPLICATION_CONTEXT ( 'automotive_design' ) ;
#6443 =( LENGTH_UNIT ( ) NAMED_UNIT ( * ) SI_UNIT ( .MILLI., .METRE. ) );
#6444 = VECTOR ( 'NONE', #6113, 1000.000000000000000 ) ;
#6445 = DIRECTION ( 'NONE',  ( 0.0000000000000000000, 0.0000000000000000000, 1.000000000000000000 ) ) ;
#6446 = PRODUCT_RELATED_PRODUCT_CATEGORY ( 'part', '', ( #7136 ) ) ;
#6447 =( NAMED_UNIT ( * ) SI_UNIT ( $, .STERADIAN. ) SOLID_ANGLE_UNIT ( ) );
#6448 = CONTEXT_DEPENDENT_SHAPE_REPRESENTATION ( #3590, #6438 ) ;
#6449 = FACE_OUTER_BOUND ( 'NONE', #1838, .T. ) ;
#6450 = VERTEX_POINT ( 'NONE', #5423 ) ;
#6451 = APPLICATION_PROTOCOL_DEFINITION ( 'draft international standard', 'automotive_design', 1998, #310 ) ;
#6452 = PRODUCT_DEFINITION_CONTEXT ( 'detailed design', #2359, 'design' ) ;
#6453 = CARTESIAN_POINT ( 'NONE',  ( -0.06999986000000001096, 0.1849983600000000006, 0.2999999999999999889 ) ) ;
#6454 = UNCERTAINTY_MEASURE_WITH_UNIT (LENGTH_MEASURE( 1.000000000000000082E-05 ), #4423, 'distance_accuracy_value', 'NONE');
#6455 = COLOUR_RGB ( '',0.0000000000000000000, 0.5019607843137254832, 0.0000000000000000000 ) ;
#6456 = PRODUCT_RELATED_PRODUCT_CATEGORY ( 'part', '', ( #1278 ) ) ;
#6457 = DIRECTION ( 'NONE',  ( 1.000000000000000000, 0.0000000000000000000, 0.0000000000000000000 ) ) ;
#6458 =( REPRESENTATION_RELATIONSHIP ('NONE','NONE', #5991, #6270 ) REPRESENTATION_RELATIONSHIP_WITH_TRANSFORMATION ( #3842 )SHAPE_REPRESENTATION_RELATIONSHIP( ) );
#6459 = CARTESIAN_POINT ( 'NONE',  ( -0.5000000000000000000, 0.0000000000000000000, 0.0000000000000000000 ) ) ;
#6460 = AXIS2_PLACEMENT_3D ( 'NONE', #3626, #3675, #2426 ) ;
#6461 = DIRECTION ( 'NONE',  ( -1.000000000000000000, 2.220446049250000002E-16, 1.110223024625000001E-16 ) ) ;
#6462 = VECTOR ( 'NONE', #4416, 1000.000000000000000 ) ;
#6463 =( NAMED_UNIT ( * ) PLANE_ANGLE_UNIT ( ) SI_UNIT ( $, .RADIAN. ) );
#6464 = SHAPE_REPRESENTATION ( '352417473', ( #2446, #5459 ), #3317 ) ;
#6465 =( NAMED_UNIT ( * ) SI_UNIT ( $, .STERADIAN. ) SOLID_ANGLE_UNIT ( ) );
#6466 =( GEOMETRIC_REPRESENTATION_CONTEXT ( 3 ) GLOBAL_UNCERTAINTY_ASSIGNED_CONTEXT ( ( #1977 ) ) GLOBAL_UNIT_ASSIGNED_CONTEXT ( ( #5609, #5690, #6232 ) ) REPRESENTATION_CONTEXT ( 'NONE', 'WORKASPACE' ) );
#6467 = APPLICATION_CONTEXT ( 'automotive_design' ) ;
#6468 = PRODUCT_DEFINITION_CONTEXT ( 'detailed design', #4182, 'design' ) ;
#6469 =( LENGTH_UNIT ( ) NAMED_UNIT ( * ) SI_UNIT ( .MILLI., .METRE. ) );
#6470 =( REPRESENTATION_RELATIONSHIP ('NONE','NONE', #2685, #1308 ) REPRESENTATION_RELATIONSHIP_WITH_TRANSFORMATION ( #3188 )SHAPE_REPRESENTATION_RELATIONSHIP( ) );
#6471 =( NAMED_UNIT ( * ) PLANE_ANGLE_UNIT ( ) SI_UNIT ( $, .RADIAN. ) );
#6472 = AXIS2_PLACEMENT_3D ( 'NONE', #4537, #6948, #5688 ) ;
#6473 = DIRECTION ( 'NONE',  ( -1.000000000000000000, 0.0000000000000000000, 0.0000000000000000000 ) ) ;
#6474 = DIRECTION ( 'NONE',  ( 0.0000000000000000000, 0.0000000000000000000, 1.000000000000000000 ) ) ;
#6475 = PRODUCT_CONTEXT ( 'NONE', #4678, 'mechanical' ) ;
#6476 = DIRECTION ( 'NONE',  ( 1.000000000000000000, 0.0000000000000000000, 0.0000000000000000000 ) ) ;
#6477 = PRODUCT_DEFINITION_CONTEXT ( 'detailed design', #4431, 'design' ) ;
#6478 = DIRECTION ( 'NONE',  ( 1.000000000000000000, 0.0000000000000000000, 0.0000000000000000000 ) ) ;
#6479 = DIRECTION ( 'NONE',  ( 1.000000000000000000, 0.0000000000000000000, -0.0000000000000000000 ) ) ;
#6480 = APPLICATION_CONTEXT ( 'automotive_design' ) ;
#6481 =( REPRESENTATION_RELATIONSHIP ('NONE','NONE', #3600, #3309 ) REPRESENTATION_RELATIONSHIP_WITH_TRANSFORMATION ( #1778 )SHAPE_REPRESENTATION_RELATIONSHIP( ) );
#6482 = APPLICATION_PROTOCOL_DEFINITION ( 'draft international standard', 'automotive_design', 1998, #818 ) ;
#6483 = PRODUCT_CONTEXT ( 'NONE', #830, 'mechanical' ) ;
#6484 = DIRECTION ( 'NONE',  ( 1.000000000000000000, 0.0000000000000000000, 0.0000000000000000000 ) ) ;
#6485 = CARTESIAN_POINT ( 'NONE',  ( 0.001000760000000000278, 0.001000760000000000278, 0.0000000000000000000 ) ) ;
#6486 =( NAMED_UNIT ( * ) SI_UNIT ( $, .STERADIAN. ) SOLID_ANGLE_UNIT ( ) );
#6487 = APPLICATION_CONTEXT ( 'automotive_design' ) ;
#6488 =( NAMED_UNIT ( * ) PLANE_ANGLE_UNIT ( ) SI_UNIT ( $, .RADIAN. ) );
#6489 = ORIENTED_EDGE ( 'NONE', *, *, #5742, .T. ) ;
#6490 = PRODUCT_RELATED_PRODUCT_CATEGORY ( 'part', '', ( #5919 ) ) ;
#6491 = PRODUCT_CONTEXT ( 'NONE', #2243, 'mechanical' ) ;
#6492 = PRODUCT_RELATED_PRODUCT_CATEGORY ( 'part', '', ( #5033 ) ) ;
#6493 = UNCERTAINTY_MEASURE_WITH_UNIT (LENGTH_MEASURE( 1.000000000000000082E-05 ), #5047, 'distance_accuracy_value', 'NONE');
#6494 = ITEM_DEFINED_TRANSFORMATION ( 'NONE', 'NONE', #6821,  #4399 ) ;
#6495 = PRODUCT_DEFINITION_SHAPE ( 'NONE', 'NONE',  #7475 ) ;
#6496 = PRODUCT ( '352644049', '352644049', '', ( #6197 ) ) ;
#6497 = PRODUCT_DEFINITION ( 'UNKNOWN', '', #3276, #4501 ) ;
#6498 = PRODUCT_RELATED_PRODUCT_CATEGORY ( 'part', '', ( #5698 ) ) ;
#6499 = CARTESIAN_POINT ( 'NONE',  ( -0.3650005399999999844, -0.2449982400000000338, -0.2872993999999999826 ) ) ;
#6500 = APPLICATION_CONTEXT ( 'automotive_design' ) ;
#6501 = ITEM_DEFINED_TRANSFORMATION ( 'NONE', 'NONE', #4006,  #3138 ) ;
#6502 = ITEM_DEFINED_TRANSFORMATION ( 'NONE', 'NONE', #7101,  #4962 ) ;
#6503 = CARTESIAN_POINT ( 'NONE',  ( 0.0000000000000000000, 0.0000000000000000000, 0.0000000000000000000 ) ) ;
#6504 =( LENGTH_UNIT ( ) NAMED_UNIT ( * ) SI_UNIT ( .MILLI., .METRE. ) );
#6505 = SHAPE_REPRESENTATION ( 'PINTSOP2-55', ( #1491, #5654, #139 ), #6531 ) ;
#6506 = PRODUCT_DEFINITION_SHAPE ( 'NONE', 'NONE',  #7589 ) ;
#6507 = PRODUCT_DEFINITION_SHAPE ( 'NONE', 'NONE',  #5862 ) ;
#6508 =( REPRESENTATION_RELATIONSHIP ('NONE','NONE', #5455, #3575 ) REPRESENTATION_RELATIONSHIP_WITH_TRANSFORMATION ( #2285 )SHAPE_REPRESENTATION_RELATIONSHIP( ) );
#6509 = FILL_AREA_STYLE_COLOUR ( '', #3437 ) ;
#6510 = CARTESIAN_POINT ( 'NONE',  ( 0.0000000000000000000, 0.0000000000000000000, 0.0000000000000000000 ) ) ;
#6511 = AXIS2_PLACEMENT_3D ( 'NONE', #2855, #404, #1536 ) ;
#6512 = APPLICATION_PROTOCOL_DEFINITION ( 'draft international standard', 'automotive_design', 1998, #508 ) ;
#6513 = DIRECTION ( 'NONE',  ( 0.0000000000000000000, 0.0000000000000000000, 1.000000000000000000 ) ) ;
#6514 = AXIS2_PLACEMENT_3D ( 'NONE', #2284, #3734, #4880 ) ;
#6515 = APPLICATION_CONTEXT ( 'automotive_design' ) ;
#6516 = ITEM_DEFINED_TRANSFORMATION ( 'NONE', 'NONE', #949,  #3853 ) ;
#6517 =( REPRESENTATION_RELATIONSHIP ('NONE','NONE', #3899, #5226 ) REPRESENTATION_RELATIONSHIP_WITH_TRANSFORMATION ( #2144 )SHAPE_REPRESENTATION_RELATIONSHIP( ) );
#6518 = DIRECTION ( 'NONE',  ( 0.0000000000000000000, 0.0000000000000000000, 1.000000000000000000 ) ) ;
#6519 = AXIS2_PLACEMENT_3D ( 'NONE', #4491, #851, #250 ) ;
#6520 = ORIENTED_EDGE ( 'NONE', *, *, #7129, .T. ) ;
#6521 =( GEOMETRIC_REPRESENTATION_CONTEXT ( 3 ) GLOBAL_UNCERTAINTY_ASSIGNED_CONTEXT ( ( #3425 ) ) GLOBAL_UNIT_ASSIGNED_CONTEXT ( ( #4629, #1629, #6393 ) ) REPRESENTATION_CONTEXT ( 'NONE', 'WORKASPACE' ) );
#6522 = APPLICATION_PROTOCOL_DEFINITION ( 'draft international standard', 'automotive_design', 1998, #3199 ) ;
#6523 = PRODUCT_DEFINITION_SHAPE ( 'NONE', 'NONE',  #7684 ) ;
#6524 = PRODUCT_DEFINITION_CONTEXT ( 'detailed design', #1092, 'design' ) ;
#6525 = DIRECTION ( 'NONE',  ( 1.000000000000000000, 0.0000000000000000000, 0.0000000000000000000 ) ) ;
#6526 = ITEM_DEFINED_TRANSFORMATION ( 'NONE', 'NONE', #7162,  #1948 ) ;
#6527 = APPLICATION_CONTEXT ( 'automotive_design' ) ;
#6528 = PRODUCT_DEFINITION_FORMATION_WITH_SPECIFIED_SOURCE ( 'ANY', '', #7367, .NOT_KNOWN. ) ;
#6529 = DIRECTION ( 'NONE',  ( 1.110223024625000001E-16, 1.000000000000000000, 0.0000000000000000000 ) ) ;
#6530 =( NAMED_UNIT ( * ) PLANE_ANGLE_UNIT ( ) SI_UNIT ( $, .RADIAN. ) );
#6531 =( GEOMETRIC_REPRESENTATION_CONTEXT ( 3 ) GLOBAL_UNCERTAINTY_ASSIGNED_CONTEXT ( ( #4162 ) ) GLOBAL_UNIT_ASSIGNED_CONTEXT ( ( #6880, #802, #4350 ) ) REPRESENTATION_CONTEXT ( 'NONE', 'WORKASPACE' ) );
#6532 =( LENGTH_UNIT ( ) NAMED_UNIT ( * ) SI_UNIT ( .MILLI., .METRE. ) );
#6533 = DIRECTION ( 'NONE',  ( 0.0000000000000000000, 0.0000000000000000000, 1.000000000000000000 ) ) ;
#6534 = DIRECTION ( 'NONE',  ( -0.0000000000000000000, 0.0000000000000000000, 1.000000000000000000 ) ) ;
#6535 = PRODUCT_DEFINITION_FORMATION_WITH_SPECIFIED_SOURCE ( 'ANY', '', #6041, .NOT_KNOWN. ) ;
#6536 = PRODUCT_RELATED_PRODUCT_CATEGORY ( 'part', '', ( #813 ) ) ;
#6537 = PRODUCT_DEFINITION ( 'UNKNOWN', '', #5908, #2999 ) ;
#6538 = PRODUCT_DEFINITION_CONTEXT ( 'detailed design', #6338, 'design' ) ;
#6539 = ITEM_DEFINED_TRANSFORMATION ( 'NONE', 'NONE', #6728,  #3944 ) ;
#6540 =( NAMED_UNIT ( * ) SI_UNIT ( $, .STERADIAN. ) SOLID_ANGLE_UNIT ( ) );
#6541 =( NAMED_UNIT ( * ) SI_UNIT ( $, .STERADIAN. ) SOLID_ANGLE_UNIT ( ) );
#6542 = APPLICATION_CONTEXT ( 'automotive_design' ) ;
#6543 = AXIS2_PLACEMENT_3D ( 'NONE', #6021, #587, #7130 ) ;
#6544 = PRODUCT_DEFINITION_FORMATION_WITH_SPECIFIED_SOURCE ( 'ANY', '', #5033, .NOT_KNOWN. ) ;
#6545 = LINE ( 'NONE', #5987, #4812 ) ;
#6546 = DIRECTION ( 'NONE',  ( 0.0000000000000000000, 0.0000000000000000000, 1.000000000000000000 ) ) ;
#6547 = ITEM_DEFINED_TRANSFORMATION ( 'NONE', 'NONE', #2070,  #1948 ) ;
#6548 = EDGE_CURVE ( 'NONE', #2988, #5504, #40, .T. ) ;
#6549 = PRODUCT_DEFINITION_FORMATION_WITH_SPECIFIED_SOURCE ( 'ANY', '', #1018, .NOT_KNOWN. ) ;
#6550 = SHAPE_REPRESENTATION ( 'Free-Models5', ( #3020, #2657 ), #372 ) ;
#6551 = DIRECTION ( 'NONE',  ( 1.000000000000000000, 0.0000000000000000000, 0.0000000000000000000 ) ) ;
#6552 = DIRECTION ( 'NONE',  ( 1.000000000000000000, 0.0000000000000000000, 0.0000000000000000000 ) ) ;
#6553 = PRODUCT_DEFINITION_SHAPE ( 'NONE', 'NONE',  #7484 ) ;
#6554 = DIRECTION ( 'NONE',  ( 0.0000000000000000000, 0.0000000000000000000, 1.000000000000000000 ) ) ;
#6555 = SHAPE_DEFINITION_REPRESENTATION ( #1314, #5017 ) ;
#6556 = CONTEXT_DEPENDENT_SHAPE_REPRESENTATION ( #1734, #5084 ) ;
#6557 = CARTESIAN_POINT ( 'NONE',  ( 0.0000000000000000000, 0.0000000000000000000, 0.0000000000000000000 ) ) ;
#6558 =( REPRESENTATION_RELATIONSHIP ('NONE','NONE', #4137, #128 ) REPRESENTATION_RELATIONSHIP_WITH_TRANSFORMATION ( #4353 )SHAPE_REPRESENTATION_RELATIONSHIP( ) );
#6559 = PRODUCT ( 'Free-Models5', 'Free-Models5', '', ( #5625 ) ) ;
#6560 =( NAMED_UNIT ( * ) SI_UNIT ( $, .STERADIAN. ) SOLID_ANGLE_UNIT ( ) );
#6561 = PRODUCT ( 'Free-Models5', 'Free-Models5', '', ( #6158 ) ) ;
#6562 = CONTEXT_DEPENDENT_SHAPE_REPRESENTATION ( #1696, #1178 ) ;
#6563 = DIRECTION ( 'NONE',  ( 0.0000000000000000000, 0.0000000000000000000, -1.000000000000000000 ) ) ;
#6564 =( NAMED_UNIT ( * ) PLANE_ANGLE_UNIT ( ) SI_UNIT ( $, .RADIAN. ) );
#6565 = FILL_AREA_STYLE ('',( #2987 ) ) ;
#6566 = AXIS2_PLACEMENT_3D ( 'NONE', #622, #2485, #4284 ) ;
#6567 = ORIENTED_EDGE ( 'NONE', *, *, #20, .F. ) ;
#6568 = PRODUCT_CONTEXT ( 'NONE', #7034, 'mechanical' ) ;
#6569 = APPLICATION_CONTEXT ( 'automotive_design' ) ;
#6570 =( REPRESENTATION_RELATIONSHIP ('NONE','NONE', #754, #5226 ) REPRESENTATION_RELATIONSHIP_WITH_TRANSFORMATION ( #7083 )SHAPE_REPRESENTATION_RELATIONSHIP( ) );
#6571 = ITEM_DEFINED_TRANSFORMATION ( 'NONE', 'NONE', #5270,  #1948 ) ;
#6572 = DIRECTION ( 'NONE',  ( 0.0000000000000000000, 0.0000000000000000000, 1.000000000000000000 ) ) ;
#6573 = PRODUCT_DEFINITION_SHAPE ( 'NONE', 'NONE',  #7566 ) ;
#6574 = DIRECTION ( 'NONE',  ( 1.110223024625000001E-16, 1.000000000000000000, 0.0000000000000000000 ) ) ;
#6575 = ORIENTED_EDGE ( 'NONE', *, *, #122, .F. ) ;
#6576 = APPLICATION_PROTOCOL_DEFINITION ( 'draft international standard', 'automotive_design', 1998, #5075 ) ;
#6577 = PRODUCT ( 'PINTSOP2-55', 'PINTSOP2-55', '', ( #3192 ) ) ;
#6578 = VECTOR ( 'NONE', #3326, 1000.000000000000000 ) ;
#6579 = CARTESIAN_POINT ( 'NONE',  ( 0.0000000000000000000, 0.0000000000000000000, 0.0000000000000000000 ) ) ;
#6580 = DIRECTION ( 'NONE',  ( 1.000000000000000000, 0.0000000000000000000, 0.0000000000000000000 ) ) ;
#6581 = DIRECTION ( 'NONE',  ( -0.0000000000000000000, -0.0000000000000000000, -1.000000000000000000 ) ) ;
#6582 =( LENGTH_UNIT ( ) NAMED_UNIT ( * ) SI_UNIT ( .MILLI., .METRE. ) );
#6583 = CARTESIAN_POINT ( 'NONE',  ( 0.0000000000000000000, 0.0000000000000000000, 0.07000000000000000666 ) ) ;
#6584 = CONTEXT_DEPENDENT_SHAPE_REPRESENTATION ( #3924, #5170 ) ;
#6585 = PRODUCT_RELATED_PRODUCT_CATEGORY ( 'part', '', ( #91 ) ) ;
#6586 = CARTESIAN_POINT ( 'NONE',  ( 0.0000000000000000000, 0.0000000000000000000, -0.4038600000000006629 ) ) ;
#6587 = VECTOR ( 'NONE', #3561, 1000.000000000000000 ) ;
#6588 = APPLICATION_CONTEXT ( 'automotive_design' ) ;
#6589 = PRODUCT_DEFINITION_CONTEXT ( 'detailed design', #987, 'design' ) ;
#6590 = DIRECTION ( 'NONE',  ( 1.000000000000000000, 0.0000000000000000000, 0.0000000000000000000 ) ) ;
#6591 = PRESENTATION_STYLE_ASSIGNMENT (( #532 ) ) ;
#6592 =( GEOMETRIC_REPRESENTATION_CONTEXT ( 3 ) GLOBAL_UNCERTAINTY_ASSIGNED_CONTEXT ( ( #2131 ) ) GLOBAL_UNIT_ASSIGNED_CONTEXT ( ( #6248, #7003, #6366 ) ) REPRESENTATION_CONTEXT ( 'NONE', 'WORKASPACE' ) );
#6593 = PRODUCT_DEFINITION_SHAPE ( 'NONE', 'NONE',  #7709 ) ;
#6594 = SHAPE_DEFINITION_REPRESENTATION ( #4473, #642 ) ;
#6595 = PRODUCT_DEFINITION ( 'UNKNOWN', '', #738, #4644 ) ;
#6596 = CARTESIAN_POINT ( 'NONE',  ( -0.3650005399999999844, -0.2449982400000000338, -0.2872993999999996495 ) ) ;
#6597 = UNCERTAINTY_MEASURE_WITH_UNIT (LENGTH_MEASURE( 1.000000000000000082E-05 ), #6443, 'distance_accuracy_value', 'NONE');
#6598 = DIRECTION ( 'NONE',  ( 1.000000000000000000, 0.0000000000000000000, 0.0000000000000000000 ) ) ;
#6599 =( GEOMETRIC_REPRESENTATION_CONTEXT ( 3 ) GLOBAL_UNCERTAINTY_ASSIGNED_CONTEXT ( ( #2342 ) ) GLOBAL_UNIT_ASSIGNED_CONTEXT ( ( #2404, #6530, #2277 ) ) REPRESENTATION_CONTEXT ( 'NONE', 'WORKASPACE' ) );
#6600 = SHAPE_REPRESENTATION ( 'PINTSOP2-55', ( #7298, #7420, #3527 ), #5561 ) ;
#6601 =( NAMED_UNIT ( * ) PLANE_ANGLE_UNIT ( ) SI_UNIT ( $, .RADIAN. ) );
#6602 = UNCERTAINTY_MEASURE_WITH_UNIT (LENGTH_MEASURE( 1.000000000000000082E-05 ), #3054, 'distance_accuracy_value', 'NONE');
#6603 = CARTESIAN_POINT ( 'NONE',  ( 0.0000000000000000000, 0.0000000000000000000, 0.0000000000000000000 ) ) ;
#6604 = FACE_OUTER_BOUND ( 'NONE', #1973, .T. ) ;
#6605 =( LENGTH_UNIT ( ) NAMED_UNIT ( * ) SI_UNIT ( .MILLI., .METRE. ) );
#6606 = CARTESIAN_POINT ( 'NONE',  ( -0.6199987599999999821, -0.3150006399999999984, 0.0000000000000000000 ) ) ;
#6607 = EDGE_LOOP ( 'NONE', ( #6172, #4355, #410, #6567 ) ) ;
#6608 = APPLICATION_CONTEXT ( 'automotive_design' ) ;
#6609 = PRODUCT_CONTEXT ( 'NONE', #6417, 'mechanical' ) ;
#6610 = EDGE_CURVE ( 'NONE', #3105, #3821, #2986, .T. ) ;
#6611 =( NAMED_UNIT ( * ) SI_UNIT ( $, .STERADIAN. ) SOLID_ANGLE_UNIT ( ) );
#6612 = CARTESIAN_POINT ( 'NONE',  ( -0.2031237999999999932, 0.3150006399999999984, 0.3000000000000000999 ) ) ;
#6613 = DIRECTION ( 'NONE',  ( 1.000000000000000000, 0.0000000000000000000, 0.0000000000000000000 ) ) ;
#6614 =( NAMED_UNIT ( * ) PLANE_ANGLE_UNIT ( ) SI_UNIT ( $, .RADIAN. ) );
#6615 = CONTEXT_DEPENDENT_SHAPE_REPRESENTATION ( #6724, #1488 ) ;
#6616 =( LENGTH_UNIT ( ) NAMED_UNIT ( * ) SI_UNIT ( .MILLI., .METRE. ) );
#6617 = CARTESIAN_POINT ( 'NONE',  ( 5.273499740000000990, 9.485000080000000722, -0.4872999999999999554 ) ) ;
#6618 =( REPRESENTATION_RELATIONSHIP ('NONE','NONE', #950, #5226 ) REPRESENTATION_RELATIONSHIP_WITH_TRANSFORMATION ( #1656 )SHAPE_REPRESENTATION_RELATIONSHIP( ) );
#6619 =( NAMED_UNIT ( * ) SI_UNIT ( $, .STERADIAN. ) SOLID_ANGLE_UNIT ( ) );
#6620 =( LENGTH_UNIT ( ) NAMED_UNIT ( * ) SI_UNIT ( .MILLI., .METRE. ) );
#6621 = PRODUCT_DEFINITION_SHAPE ( 'NONE', 'NONE',  #7488 ) ;
#6622 = PRODUCT_DEFINITION_CONTEXT ( 'detailed design', #1924, 'design' ) ;
#6623 = CONTEXT_DEPENDENT_SHAPE_REPRESENTATION ( #2068, #2908 ) ;
#6624 = DIRECTION ( 'NONE',  ( 0.0000000000000000000, 0.0000000000000000000, 1.000000000000000000 ) ) ;
#6625 = DIRECTION ( 'NONE',  ( 0.0000000000000000000, -0.0000000000000000000, 1.000000000000000000 ) ) ;
#6626 = CARTESIAN_POINT ( 'NONE',  ( -5.421010862427522170E-17, 5.421010862427522170E-17, 0.0000000000000000000 ) ) ;
#6627 = SHAPE_REPRESENTATION ( 'Free-Models5', ( #4346, #2470 ), #4225 ) ;
#6628 = PRODUCT_CONTEXT ( 'NONE', #1029, 'mechanical' ) ;
#6629 = CARTESIAN_POINT ( 'NONE',  ( 0.0000000000000000000, 0.001000760000000000278, 0.0000000000000000000 ) ) ;
#6630 = PRODUCT_DEFINITION_SHAPE ( 'NONE', 'NONE',  #1199 ) ;
#6631 =( LENGTH_UNIT ( ) NAMED_UNIT ( * ) SI_UNIT ( .MILLI., .METRE. ) );
#6632 =( REPRESENTATION_RELATIONSHIP ('NONE','NONE', #1188, #926 ) REPRESENTATION_RELATIONSHIP_WITH_TRANSFORMATION ( #3438 )SHAPE_REPRESENTATION_RELATIONSHIP( ) );
#6633 =( NAMED_UNIT ( * ) SI_UNIT ( $, .STERADIAN. ) SOLID_ANGLE_UNIT ( ) );
#6634 = PRODUCT_CONTEXT ( 'NONE', #5575, 'mechanical' ) ;
#6635 = APPLICATION_CONTEXT ( 'automotive_design' ) ;
#6636 =( NAMED_UNIT ( * ) SI_UNIT ( $, .STERADIAN. ) SOLID_ANGLE_UNIT ( ) );
#6637 = PRODUCT_DEFINITION ( 'UNKNOWN', '', #6043, #3873 ) ;
#6638 = AXIS2_PLACEMENT_3D ( 'NONE', #7395, #2029, #4421 ) ;
#6639 = PRODUCT_RELATED_PRODUCT_CATEGORY ( 'part', '', ( #3061 ) ) ;
#6640 = CARTESIAN_POINT ( 'NONE',  ( 0.0000000000000000000, 0.001000760000000000278, 0.0000000000000000000 ) ) ;
#6641 = DIRECTION ( 'NONE',  ( -1.000000000000000000, 0.0000000000000000000, 0.0000000000000000000 ) ) ;
#6642 = ORIENTED_EDGE ( 'NONE', *, *, #1995, .F. ) ;
#6643 = PRODUCT_CONTEXT ( 'NONE', #5621, 'mechanical' ) ;
#6644 = CARTESIAN_POINT ( 'NONE',  ( 0.0000000000000000000, 0.0000000000000000000, 0.0000000000000000000 ) ) ;
#6645 = SHAPE_REPRESENTATION ( 'Free-Models5', ( #3363, #965 ), #597 ) ;
#6646 =( GEOMETRIC_REPRESENTATION_CONTEXT ( 3 ) GLOBAL_UNCERTAINTY_ASSIGNED_CONTEXT ( ( #3028 ) ) GLOBAL_UNIT_ASSIGNED_CONTEXT ( ( #3488, #6564, #4777 ) ) REPRESENTATION_CONTEXT ( 'NONE', 'WORKASPACE' ) );
#6647 =( NAMED_UNIT ( * ) SI_UNIT ( $, .STERADIAN. ) SOLID_ANGLE_UNIT ( ) );
#6648 = ADVANCED_FACE ( 'NONE', ( #438 ), #5383, .F. ) ;
#6649 = AXIS2_PLACEMENT_3D ( 'NONE', #6510, #5775, #4857 ) ;
#6650 = UNCERTAINTY_MEASURE_WITH_UNIT (LENGTH_MEASURE( 1.000000000000000082E-05 ), #1481, 'distance_accuracy_value', 'NONE');
#6651 = DIRECTION ( 'NONE',  ( 0.0000000000000000000, 0.0000000000000000000, 1.000000000000000000 ) ) ;
#6652 =( NAMED_UNIT ( * ) SI_UNIT ( $, .STERADIAN. ) SOLID_ANGLE_UNIT ( ) );
#6653 = AXIS2_PLACEMENT_3D ( 'NONE', #4920, #698, #4322 ) ;
#6654 = AXIS2_PLACEMENT_3D ( 'NONE', #1945, #2409, #2577 ) ;
#6655 =( NAMED_UNIT ( * ) PLANE_ANGLE_UNIT ( ) SI_UNIT ( $, .RADIAN. ) );
#6656 = PRODUCT_DEFINITION_SHAPE ( 'NONE', 'NONE',  #7700 ) ;
#6657 = ITEM_DEFINED_TRANSFORMATION ( 'NONE', 'NONE', #6653,  #1948 ) ;
#6658 = ITEM_DEFINED_TRANSFORMATION ( 'NONE', 'NONE', #4203,  #1948 ) ;
#6659 = LINE ( 'NONE', #3005, #6208 ) ;
#6660 = DIRECTION ( 'NONE',  ( 1.000000000000000000, 0.0000000000000000000, 0.0000000000000000000 ) ) ;
#6661 =( REPRESENTATION_RELATIONSHIP ('NONE','NONE', #610, #2846 ) REPRESENTATION_RELATIONSHIP_WITH_TRANSFORMATION ( #5330 )SHAPE_REPRESENTATION_RELATIONSHIP( ) );
#6662 = APPLICATION_PROTOCOL_DEFINITION ( 'draft international standard', 'automotive_design', 1998, #1285 ) ;
#6663 = CARTESIAN_POINT ( 'NONE',  ( 0.0000000000000000000, 0.0000000000000000000, 0.0000000000000000000 ) ) ;
#6664 = ITEM_DEFINED_TRANSFORMATION ( 'NONE', 'NONE', #2550,  #6214 ) ;
#6665 =( NAMED_UNIT ( * ) SI_UNIT ( $, .STERADIAN. ) SOLID_ANGLE_UNIT ( ) );
#6666 = DIRECTION ( 'NONE',  ( 1.000000000000000000, 0.0000000000000000000, 0.0000000000000000000 ) ) ;
#6667 = AXIS2_PLACEMENT_3D ( 'NONE', #1189, #5993, #28 ) ;
#6668 = CONTEXT_DEPENDENT_SHAPE_REPRESENTATION ( #4799, #593 ) ;
#6669 = UNCERTAINTY_MEASURE_WITH_UNIT (LENGTH_MEASURE( 1.000000000000000082E-05 ), #5560, 'distance_accuracy_value', 'NONE');
#6670 = CARTESIAN_POINT ( 'NONE',  ( 0.0000000000000000000, 0.0000000000000000000, 0.0000000000000000000 ) ) ;
#6671 = DIRECTION ( 'NONE',  ( 0.0000000000000000000, 0.0000000000000000000, 1.000000000000000000 ) ) ;
#6672 = PRODUCT_DEFINITION_FORMATION_WITH_SPECIFIED_SOURCE ( 'ANY', '', #556, .NOT_KNOWN. ) ;
#6673 = APPLICATION_CONTEXT ( 'automotive_design' ) ;
#6674 = AXIS2_PLACEMENT_3D ( 'NONE', #5729, #1668, #3937 ) ;
#6675 =( REPRESENTATION_RELATIONSHIP ('NONE','NONE', #4228, #2365 ) REPRESENTATION_RELATIONSHIP_WITH_TRANSFORMATION ( #2305 )SHAPE_REPRESENTATION_RELATIONSHIP( ) );
#6676 = APPLICATION_PROTOCOL_DEFINITION ( 'draft international standard', 'automotive_design', 1998, #1866 ) ;
#6677 = UNCERTAINTY_MEASURE_WITH_UNIT (LENGTH_MEASURE( 1.000000000000000082E-05 ), #1031, 'distance_accuracy_value', 'NONE');
#6678 = PRODUCT_DEFINITION_FORMATION_WITH_SPECIFIED_SOURCE ( 'ANY', '', #3581, .NOT_KNOWN. ) ;
#6679 = DIRECTION ( 'NONE',  ( 0.0000000000000000000, 0.0000000000000000000, 1.000000000000000000 ) ) ;
#6680 = AXIS2_PLACEMENT_3D ( 'NONE', #3029, #5430, #46 ) ;
#6681 = DIRECTION ( 'NONE',  ( 1.000000000000000000, 0.0000000000000000000, 0.0000000000000000000 ) ) ;
#6682 =( NAMED_UNIT ( * ) SI_UNIT ( $, .STERADIAN. ) SOLID_ANGLE_UNIT ( ) );
#6683 =( REPRESENTATION_RELATIONSHIP ('NONE','NONE', #4137, #5299 ) REPRESENTATION_RELATIONSHIP_WITH_TRANSFORMATION ( #4084 )SHAPE_REPRESENTATION_RELATIONSHIP( ) );
#6684 = ITEM_DEFINED_TRANSFORMATION ( 'NONE', 'NONE', #405,  #5045 ) ;
#6685 = PRODUCT ( 'Free-Models5', 'Free-Models5', '', ( #3946 ) ) ;
#6686 = SURFACE_STYLE_USAGE ( .BOTH. , #3066 ) ;
#6687 = ORIENTED_EDGE ( 'NONE', *, *, #3001, .F. ) ;
#6688 = PRODUCT_CONTEXT ( 'NONE', #1798, 'mechanical' ) ;
#6689 = APPLICATION_CONTEXT ( 'automotive_design' ) ;
#6690 = AXIS2_PLACEMENT_3D ( 'NONE', #439, #2399, #5899 ) ;
#6691 = PRODUCT_RELATED_PRODUCT_CATEGORY ( 'part', '', ( #7351 ) ) ;
#6692 = PRODUCT_DEFINITION_SHAPE ( 'NONE', 'NONE',  #7546 ) ;
#6693 = PRODUCT_RELATED_PRODUCT_CATEGORY ( 'part', '', ( #3445 ) ) ;
#6694 =( NAMED_UNIT ( * ) SI_UNIT ( $, .STERADIAN. ) SOLID_ANGLE_UNIT ( ) );
#6695 =( NAMED_UNIT ( * ) PLANE_ANGLE_UNIT ( ) SI_UNIT ( $, .RADIAN. ) );
#6696 = ITEM_DEFINED_TRANSFORMATION ( 'NONE', 'NONE', #1883,  #1948 ) ;
#6697 = DIRECTION ( 'NONE',  ( 1.000000000000000000, 0.0000000000000000000, 0.0000000000000000000 ) ) ;
#6698 = AXIS2_PLACEMENT_3D ( 'NONE', #701, #4876, #6104 ) ;
#6699 = DIRECTION ( 'NONE',  ( -1.000000000000000000, 2.220446049250000002E-16, 1.110223024625000001E-16 ) ) ;
#6700 = SHAPE_REPRESENTATION ( '352644049', ( #7276, #7162 ), #6795 ) ;
#6701 =( NAMED_UNIT ( * ) SI_UNIT ( $, .STERADIAN. ) SOLID_ANGLE_UNIT ( ) );
#6702 = APPLICATION_CONTEXT ( 'automotive_design' ) ;
#6703 = PRODUCT_DEFINITION ( 'UNKNOWN', '', #3630, #4942 ) ;
#6704 =( LENGTH_UNIT ( ) NAMED_UNIT ( * ) SI_UNIT ( .MILLI., .METRE. ) );
#6705 = VECTOR ( 'NONE', #2329, 1000.000000000000000 ) ;
#6706 = DIRECTION ( 'NONE',  ( 1.000000000000000000, 0.0000000000000000000, 0.0000000000000000000 ) ) ;
#6707 = CARTESIAN_POINT ( 'NONE',  ( 0.001000760000000000278, 0.0000000000000000000, 0.0000000000000000000 ) ) ;
#6708 =( LENGTH_UNIT ( ) NAMED_UNIT ( * ) SI_UNIT ( .MILLI., .METRE. ) );
#6709 = VECTOR ( 'NONE', #803, 1000.000000000000000 ) ;
#6710 = SHAPE_DEFINITION_REPRESENTATION ( #472, #6251 ) ;
#6711 = LINE ( 'NONE', #1306, #1153 ) ;
#6712 = CONTEXT_DEPENDENT_SHAPE_REPRESENTATION ( #5140, #5234 ) ;
#6713 = STYLED_ITEM ( 'NONE', ( #4054 ), #3610 ) ;
#6714 = PRODUCT_DEFINITION_SHAPE ( 'NONE', 'NONE',  #5489 ) ;
#6715 = COLOUR_RGB ( '',0.7450980392156862919, 0.7098039215686274828, 0.6980392156862744724 ) ;
#6716 =( REPRESENTATION_RELATIONSHIP ('NONE','NONE', #5243, #414 ) REPRESENTATION_RELATIONSHIP_WITH_TRANSFORMATION ( #2678 )SHAPE_REPRESENTATION_RELATIONSHIP( ) );
#6717 = CARTESIAN_POINT ( 'NONE',  ( 0.0000000000000000000, 0.0000000000000000000, -0.4038599999999998302 ) ) ;
#6718 = AXIS2_PLACEMENT_3D ( 'NONE', #9, #5973, #4241 ) ;
#6719 = STYLED_ITEM ( 'NONE', ( #2513 ), #6863 ) ;
#6720 = PRODUCT_CONTEXT ( 'NONE', #5168, 'mechanical' ) ;
#6721 = DIRECTION ( 'NONE',  ( 0.0000000000000000000, 0.0000000000000000000, 1.000000000000000000 ) ) ;
#6722 = LINE ( 'NONE', #1280, #6833 ) ;
#6723 = APPLICATION_CONTEXT ( 'automotive_design' ) ;
#6724 =( REPRESENTATION_RELATIONSHIP ('NONE','NONE', #4532, #5226 ) REPRESENTATION_RELATIONSHIP_WITH_TRANSFORMATION ( #3110 )SHAPE_REPRESENTATION_RELATIONSHIP( ) );
#6725 = APPLICATION_PROTOCOL_DEFINITION ( 'draft international standard', 'automotive_design', 1998, #5662 ) ;
#6726 = ORIENTED_EDGE ( 'NONE', *, *, #4050, .T. ) ;
#6727 = SHAPE_DEFINITION_REPRESENTATION ( #569, #7141 ) ;
#6728 = AXIS2_PLACEMENT_3D ( 'NONE', #7441, #4458, #6081 ) ;
#6729 =( LENGTH_UNIT ( ) NAMED_UNIT ( * ) SI_UNIT ( .MILLI., .METRE. ) );
#6730 =( LENGTH_UNIT ( ) NAMED_UNIT ( * ) SI_UNIT ( .MILLI., .METRE. ) );
#6731 =( NAMED_UNIT ( * ) PLANE_ANGLE_UNIT ( ) SI_UNIT ( $, .RADIAN. ) );
#6732 = CONTEXT_DEPENDENT_SHAPE_REPRESENTATION ( #4045, #6915 ) ;
#6733 =( NAMED_UNIT ( * ) PLANE_ANGLE_UNIT ( ) SI_UNIT ( $, .RADIAN. ) );
#6734 = PRODUCT_DEFINITION ( 'UNKNOWN', '', #5532, #1809 ) ;
#6735 = PRODUCT_DEFINITION ( 'UNKNOWN', '', #2668, #1583 ) ;
#6736 = DIRECTION ( 'NONE',  ( -1.000000000000000000, 2.220446049250000002E-16, 1.110223024625000001E-16 ) ) ;
#6737 = UNCERTAINTY_MEASURE_WITH_UNIT (LENGTH_MEASURE( 1.000000000000000082E-05 ), #371, 'distance_accuracy_value', 'NONE');
#6738 = PRODUCT ( '352644049', '352644049', '', ( #78 ) ) ;
#6739 = DIRECTION ( 'NONE',  ( 1.000000000000000000, 0.0000000000000000000, 0.0000000000000000000 ) ) ;
#6740 = DIRECTION ( 'NONE',  ( 0.0000000000000000000, 0.0000000000000000000, 1.000000000000000000 ) ) ;
#6741 = ITEM_DEFINED_TRANSFORMATION ( 'NONE', 'NONE', #7456,  #1948 ) ;
#6742 = PRODUCT_DEFINITION ( 'UNKNOWN', '', #1134, #5531 ) ;
#6743 = PLANE ( 'NONE',  #3823 ) ;
#6744 = PRODUCT_RELATED_PRODUCT_CATEGORY ( 'part', '', ( #388 ) ) ;
#6745 = APPLICATION_PROTOCOL_DEFINITION ( 'draft international standard', 'automotive_design', 1998, #6119 ) ;
#6746 = APPLICATION_CONTEXT ( 'automotive_design' ) ;
#6747 = CARTESIAN_POINT ( 'NONE',  ( 0.0000000000000000000, 0.0000000000000000000, 0.07000000000000000666 ) ) ;
#6748 =( NAMED_UNIT ( * ) SI_UNIT ( $, .STERADIAN. ) SOLID_ANGLE_UNIT ( ) );
#6749 = CARTESIAN_POINT ( 'NONE',  ( -0.3650005399999999289, -0.2449982400000000893, -0.2872993999999996495 ) ) ;
#6750 =( GEOMETRIC_REPRESENTATION_CONTEXT ( 3 ) GLOBAL_UNCERTAINTY_ASSIGNED_CONTEXT ( ( #3642 ) ) GLOBAL_UNIT_ASSIGNED_CONTEXT ( ( #4506, #716, #4946 ) ) REPRESENTATION_CONTEXT ( 'NONE', 'WORKASPACE' ) );
#6751 = ADVANCED_FACE ( 'NONE', ( #4829 ), #3384, .T. ) ;
#6752 = PRODUCT_DEFINITION_SHAPE ( 'NONE', 'NONE',  #7515 ) ;
#6753 =( NAMED_UNIT ( * ) PLANE_ANGLE_UNIT ( ) SI_UNIT ( $, .RADIAN. ) );
#6754 = APPLICATION_PROTOCOL_DEFINITION ( 'draft international standard', 'automotive_design', 1998, #3277 ) ;
#6755 =( REPRESENTATION_RELATIONSHIP ('NONE','NONE', #4137, #6439 ) REPRESENTATION_RELATIONSHIP_WITH_TRANSFORMATION ( #964 )SHAPE_REPRESENTATION_RELATIONSHIP( ) );
#6756 = CARTESIAN_POINT ( 'NONE',  ( 0.0000000000000000000, 0.0000000000000000000, 0.0000000000000000000 ) ) ;
#6757 = CARTESIAN_POINT ( 'NONE',  ( 0.0000000000000000000, 0.0000000000000000000, 0.4165599999999999858 ) ) ;
#6758 = PLANE ( 'NONE',  #3446 ) ;
#6759 = CONTEXT_DEPENDENT_SHAPE_REPRESENTATION ( #6558, #7307 ) ;
#6760 = APPLICATION_PROTOCOL_DEFINITION ( 'draft international standard', 'automotive_design', 1998, #2152 ) ;
#6761 = ORIENTED_EDGE ( 'NONE', *, *, #4587, .T. ) ;
#6762 = PRODUCT_DEFINITION_SHAPE ( 'NONE', 'NONE',  #7674 ) ;
#6763 = SHAPE_DEFINITION_REPRESENTATION ( #7178, #6439 ) ;
#6764 =( GEOMETRIC_REPRESENTATION_CONTEXT ( 3 ) GLOBAL_UNCERTAINTY_ASSIGNED_CONTEXT ( ( #6007 ) ) GLOBAL_UNIT_ASSIGNED_CONTEXT ( ( #3161, #4976, #1334 ) ) REPRESENTATION_CONTEXT ( 'NONE', 'WORKASPACE' ) );
#6765 = DIRECTION ( 'NONE',  ( 0.0000000000000000000, 0.0000000000000000000, 1.000000000000000000 ) ) ;
#6766 = CONTEXT_DEPENDENT_SHAPE_REPRESENTATION ( #434, #1453 ) ;
#6767 =( REPRESENTATION_RELATIONSHIP ('NONE','NONE', #1766, #4486 ) REPRESENTATION_RELATIONSHIP_WITH_TRANSFORMATION ( #5002 )SHAPE_REPRESENTATION_RELATIONSHIP( ) );
#6768 = VERTEX_POINT ( 'NONE', #7053 ) ;
#6769 = AXIS2_PLACEMENT_3D ( 'NONE', #5517, #219, #3226 ) ;
#6770 = PRODUCT_DEFINITION_CONTEXT ( 'detailed design', #1751, 'design' ) ;
#6771 = DIRECTION ( 'NONE',  ( 0.0000000000000000000, 0.0000000000000000000, 1.000000000000000000 ) ) ;
#6772 = APPLICATION_CONTEXT ( 'automotive_design' ) ;
#6773 = PRODUCT_DEFINITION_CONTEXT ( 'detailed design', #1343, 'design' ) ;
#6774 = CONTEXT_DEPENDENT_SHAPE_REPRESENTATION ( #6888, #1047 ) ;
#6775 =( REPRESENTATION_RELATIONSHIP ('NONE','NONE', #1701, #5226 ) REPRESENTATION_RELATIONSHIP_WITH_TRANSFORMATION ( #816 )SHAPE_REPRESENTATION_RELATIONSHIP( ) );
#6776 = DIRECTION ( 'NONE',  ( 0.0000000000000000000, 0.0000000000000000000, -1.000000000000000000 ) ) ;
#6777 = CARTESIAN_POINT ( 'NONE',  ( -0.8644204200000000782, -0.3050006599999999790, -0.4872999999999999554 ) ) ;
#6778 = APPLICATION_PROTOCOL_DEFINITION ( 'draft international standard', 'automotive_design', 1998, #6264 ) ;
#6779 = PLANE ( 'NONE',  #2938 ) ;
#6780 = AXIS2_PLACEMENT_3D ( 'NONE', #5675, #7386, #4528 ) ;
#6781 = AXIS2_PLACEMENT_3D ( 'NONE', #3577, #1855, #3002 ) ;
#6782 = PRODUCT_DEFINITION ( 'UNKNOWN', '', #3159, #2043 ) ;
#6783 = PRODUCT_RELATED_PRODUCT_CATEGORY ( 'part', '', ( #5015 ) ) ;
#6784 = CONTEXT_DEPENDENT_SHAPE_REPRESENTATION ( #3582, #512 ) ;
#6785 = ITEM_DEFINED_TRANSFORMATION ( 'NONE', 'NONE', #6878,  #1948 ) ;
#6786 =( GEOMETRIC_REPRESENTATION_CONTEXT ( 3 ) GLOBAL_UNCERTAINTY_ASSIGNED_CONTEXT ( ( #156 ) ) GLOBAL_UNIT_ASSIGNED_CONTEXT ( ( #1352, #1003, #5349 ) ) REPRESENTATION_CONTEXT ( 'NONE', 'WORKASPACE' ) );
#6787 = CARTESIAN_POINT ( 'NONE',  ( 0.0000000000000000000, 0.0000000000000000000, 0.0000000000000000000 ) ) ;
#6788 = AXIS2_PLACEMENT_3D ( 'NONE', #4183, #6223, #2064 ) ;
#6789 = APPLICATION_CONTEXT ( 'automotive_design' ) ;
#6790 = CARTESIAN_POINT ( 'NONE',  ( 0.0000000000000000000, 0.0000000000000000000, 0.0000000000000000000 ) ) ;
#6791 = PRODUCT_DEFINITION_SHAPE ( 'NONE', 'NONE',  #7751 ) ;
#6792 = PRODUCT_DEFINITION_FORMATION_WITH_SPECIFIED_SOURCE ( 'ANY', '', #2997, .NOT_KNOWN. ) ;
#6793 = SHAPE_DEFINITION_REPRESENTATION ( #751, #4675 ) ;
#6794 = AXIS2_PLACEMENT_3D ( 'NONE', #5213, #5127, #3150 ) ;
#6795 =( GEOMETRIC_REPRESENTATION_CONTEXT ( 3 ) GLOBAL_UNCERTAINTY_ASSIGNED_CONTEXT ( ( #2013 ) ) GLOBAL_UNIT_ASSIGNED_CONTEXT ( ( #3451, #2229, #420 ) ) REPRESENTATION_CONTEXT ( 'NONE', 'WORKASPACE' ) );
#6796 = PRODUCT_DEFINITION ( 'UNKNOWN', '', #2529, #3139 ) ;
#6797 = PRODUCT_DEFINITION ( 'UNKNOWN', '', #4149, #617 ) ;
#6798 = PRODUCT_DEFINITION_FORMATION_WITH_SPECIFIED_SOURCE ( 'ANY', '', #4280, .NOT_KNOWN. ) ;
#6799 = CARTESIAN_POINT ( 'NONE',  ( 0.0000000000000000000, 0.0000000000000000000, 0.0000000000000000000 ) ) ;
#6800 = LINE ( 'NONE', #1391, #6709 ) ;
#6801 = AXIS2_PLACEMENT_3D ( 'NONE', #4007, #3546, #4733 ) ;
#6802 = PLANE ( 'NONE',  #4447 ) ;
#6803 = PRODUCT ( 'Free-Models5', 'Free-Models5', '', ( #2376 ) ) ;
#6804 = APPLICATION_PROTOCOL_DEFINITION ( 'draft international standard', 'automotive_design', 1998, #5085 ) ;
#6805 = EDGE_LOOP ( 'NONE', ( #805, #7133, #4998, #6815 ) ) ;
#6806 = CARTESIAN_POINT ( 'NONE',  ( 0.0000000000000000000, 0.0000000000000000000, 0.0000000000000000000 ) ) ;
#6807 = PRODUCT_CONTEXT ( 'NONE', #3551, 'mechanical' ) ;
#6808 = PRODUCT_DEFINITION_FORMATION_WITH_SPECIFIED_SOURCE ( 'ANY', '', #5178, .NOT_KNOWN. ) ;
#6809 = ITEM_DEFINED_TRANSFORMATION ( 'NONE', 'NONE', #6391,  #1948 ) ;
#6810 =( NAMED_UNIT ( * ) SI_UNIT ( $, .STERADIAN. ) SOLID_ANGLE_UNIT ( ) );
#6811 = ITEM_DEFINED_TRANSFORMATION ( 'NONE', 'NONE', #5884,  #1474 ) ;
#6812 =( LENGTH_UNIT ( ) NAMED_UNIT ( * ) SI_UNIT ( .MILLI., .METRE. ) );
#6813 = SHAPE_REPRESENTATION ( 'Free-Models5', ( #4659, #4006 ), #5290 ) ;
#6814 = AXIS2_PLACEMENT_3D ( 'NONE', #4727, #1660, #1726 ) ;
#6815 = ORIENTED_EDGE ( 'NONE', *, *, #2362, .T. ) ;
#6816 = PRODUCT_CONTEXT ( 'NONE', #5767, 'mechanical' ) ;
#6817 = UNCERTAINTY_MEASURE_WITH_UNIT (LENGTH_MEASURE( 1.000000000000000082E-05 ), #152, 'distance_accuracy_value', 'NONE');
#6818 =( REPRESENTATION_RELATIONSHIP ('NONE','NONE', #903, #7066 ) REPRESENTATION_RELATIONSHIP_WITH_TRANSFORMATION ( #599 )SHAPE_REPRESENTATION_RELATIONSHIP( ) );
#6819 = DIRECTION ( 'NONE',  ( 1.000000000000000000, 0.0000000000000000000, 0.0000000000000000000 ) ) ;
#6820 =( LENGTH_UNIT ( ) NAMED_UNIT ( * ) SI_UNIT ( .MILLI., .METRE. ) );
#6821 = AXIS2_PLACEMENT_3D ( 'NONE', #5512, #5475, #1849 ) ;
#6822 = ITEM_DEFINED_TRANSFORMATION ( 'NONE', 'NONE', #7285,  #1948 ) ;
#6823 = PRODUCT_DEFINITION_SHAPE ( 'NONE', 'NONE',  #7512 ) ;
#6824 = ADVANCED_BREP_SHAPE_REPRESENTATION ( '', ( #4102, #1948 ), #6858 ) ;
#6825 = ITEM_DEFINED_TRANSFORMATION ( 'NONE', 'NONE', #421,  #1948 ) ;
#6826 = CARTESIAN_POINT ( 'NONE',  ( 11.11000064000000265, -5.080000000000000071, 1.199999999999999956 ) ) ;
#6827 = CARTESIAN_POINT ( 'NONE',  ( -0.3650005399999999289, -0.2449982400000000893, -0.2872993999999996495 ) ) ;
#6828 = CLOSED_SHELL ( 'NONE', ( #5600, #4634, #4335, #7260, #7318, #1954 ) ) ;
#6829 = SHAPE_REPRESENTATION_RELATIONSHIP ( 'NONE' , 'NONE' ,  #6270, #888 ) ;
#6830 = APPLICATION_CONTEXT ( 'automotive_design' ) ;
#6831 =( REPRESENTATION_RELATIONSHIP ('NONE','NONE', #3649, #6270 ) REPRESENTATION_RELATIONSHIP_WITH_TRANSFORMATION ( #1156 )SHAPE_REPRESENTATION_RELATIONSHIP( ) );
#6832 = ITEM_DEFINED_TRANSFORMATION ( 'NONE', 'NONE', #6794,  #7049 ) ;
#6833 = VECTOR ( 'NONE', #3100, 1000.000000000000000 ) ;
#6834 = UNCERTAINTY_MEASURE_WITH_UNIT (LENGTH_MEASURE( 1.000000000000000082E-05 ), #4997, 'distance_accuracy_value', 'NONE');
#6835 = PRODUCT_DEFINITION ( 'UNKNOWN', '', #370, #2992 ) ;
#6836 = PRODUCT_DEFINITION ( 'UNKNOWN', '', #999, #5368 ) ;
#6837 = DIRECTION ( 'NONE',  ( 0.0000000000000000000, 0.0000000000000000000, 1.000000000000000000 ) ) ;
#6838 = APPLICATION_PROTOCOL_DEFINITION ( 'draft international standard', 'automotive_design', 1998, #5918 ) ;
#6839 = AXIS2_PLACEMENT_3D ( 'NONE', #287, #4449, #1297 ) ;
#6840 = VECTOR ( 'NONE', #3174, 1000.000000000000000 ) ;
#6841 = SHAPE_REPRESENTATION ( 'Free-Models5', ( #4962, #1956 ), #3197 ) ;
#6842 = UNCERTAINTY_MEASURE_WITH_UNIT (LENGTH_MEASURE( 1.000000000000000082E-05 ), #1986, 'distance_accuracy_value', 'NONE');
#6843 = CARTESIAN_POINT ( 'NONE',  ( 11.11000064000000265, 5.080000000000000071, 0.0000000000000000000 ) ) ;
#6844 = PRODUCT ( '352644049', '352644049', '', ( #6422 ) ) ;
#6845 =( LENGTH_UNIT ( ) NAMED_UNIT ( * ) SI_UNIT ( .MILLI., .METRE. ) );
#6846 = VECTOR ( 'NONE', #447, 1000.000000000000000 ) ;
#6847 = DIRECTION ( 'NONE',  ( -0.0000000000000000000, 1.000000000000000000, 0.0000000000000000000 ) ) ;
#6848 = PRODUCT_RELATED_PRODUCT_CATEGORY ( 'part', '', ( #1458 ) ) ;
#6849 = ITEM_DEFINED_TRANSFORMATION ( 'NONE', 'NONE', #6426,  #7059 ) ;
#6850 = APPLICATION_PROTOCOL_DEFINITION ( 'draft international standard', 'automotive_design', 1998, #1704 ) ;
#6851 = APPLICATION_PROTOCOL_DEFINITION ( 'draft international standard', 'automotive_design', 1998, #5881 ) ;
#6852 = UNCERTAINTY_MEASURE_WITH_UNIT (LENGTH_MEASURE( 1.000000000000000082E-05 ), #2419, 'distance_accuracy_value', 'NONE');
#6853 = SHAPE_REPRESENTATION_RELATIONSHIP ( 'NONE' , 'NONE' ,  #6884, #3070 ) ;
#6854 = VECTOR ( 'NONE', #4789, 1000.000000000000000 ) ;
#6855 = APPLICATION_CONTEXT ( 'automotive_design' ) ;
#6856 = ADVANCED_FACE ( 'NONE', ( #2242 ), #5424, .F. ) ;
#6857 = DIRECTION ( 'NONE',  ( -2.220446049250000002E-16, -1.000000000000000000, 0.0000000000000000000 ) ) ;
#6858 =( GEOMETRIC_REPRESENTATION_CONTEXT ( 3 ) GLOBAL_UNCERTAINTY_ASSIGNED_CONTEXT ( ( #2613 ) ) GLOBAL_UNIT_ASSIGNED_CONTEXT ( ( #3766, #124, #1888 ) ) REPRESENTATION_CONTEXT ( 'NONE', 'WORKASPACE' ) );
#6859 = ORIENTED_EDGE ( 'NONE', *, *, #5069, .T. ) ;
#6860 = APPLICATION_PROTOCOL_DEFINITION ( 'draft international standard', 'automotive_design', 1998, #7381 ) ;
#6861 = PRODUCT_DEFINITION_CONTEXT ( 'detailed design', #552, 'design' ) ;
#6862 = CARTESIAN_POINT ( 'NONE',  ( 0.0000000000000000000, 0.0000000000000000000, 0.0000000000000000000 ) ) ;
#6863 = MANIFOLD_SOLID_BREP ( 'Imported1', #5934 ) ;
#6864 =( LENGTH_UNIT ( ) NAMED_UNIT ( * ) SI_UNIT ( .MILLI., .METRE. ) );
#6865 = DIRECTION ( 'NONE',  ( 0.0000000000000000000, 0.0000000000000000000, 1.000000000000000000 ) ) ;
#6866 = SHAPE_REPRESENTATION ( 'PINTSOP2-55', ( #3146, #741, #2384 ), #1252 ) ;
#6867 = CONTEXT_DEPENDENT_SHAPE_REPRESENTATION ( #7259, #718 ) ;
#6868 = DIRECTION ( 'NONE',  ( 0.0000000000000000000, 0.0000000000000000000, 1.000000000000000000 ) ) ;
#6869 = DIRECTION ( 'NONE',  ( 0.0000000000000000000, 0.0000000000000000000, 1.000000000000000000 ) ) ;
#6870 = PRODUCT_CONTEXT ( 'NONE', #4563, 'mechanical' ) ;
#6871 = DIRECTION ( 'NONE',  ( 1.000000000000000000, 0.0000000000000000000, 0.0000000000000000000 ) ) ;
#6872 =( REPRESENTATION_RELATIONSHIP ('NONE','NONE', #4137, #6505 ) REPRESENTATION_RELATIONSHIP_WITH_TRANSFORMATION ( #5196 )SHAPE_REPRESENTATION_RELATIONSHIP( ) );
#6873 = DIRECTION ( 'NONE',  ( 1.000000000000000000, 0.0000000000000000000, 0.0000000000000000000 ) ) ;
#6874 = PRODUCT ( 'Free-Models5', 'Free-Models5', '', ( #4309 ) ) ;
#6875 = ITEM_DEFINED_TRANSFORMATION ( 'NONE', 'NONE', #74,  #5724 ) ;
#6876 =( NAMED_UNIT ( * ) PLANE_ANGLE_UNIT ( ) SI_UNIT ( $, .RADIAN. ) );
#6877 = APPLICATION_PROTOCOL_DEFINITION ( 'draft international standard', 'automotive_design', 1998, #1497 ) ;
#6878 = AXIS2_PLACEMENT_3D ( 'NONE', #6586, #2332, #3051 ) ;
#6879 = PRODUCT ( 'Free-Models5', 'Free-Models5', '', ( #3179 ) ) ;
#6880 =( LENGTH_UNIT ( ) NAMED_UNIT ( * ) SI_UNIT ( .MILLI., .METRE. ) );
#6881 = CARTESIAN_POINT ( 'NONE',  ( 11.11000064000000087, -5.080000000000000071, 1.199999999999999956 ) ) ;
#6882 = DIRECTION ( 'NONE',  ( 1.000000000000000000, 0.0000000000000000000, 0.0000000000000000000 ) ) ;
#6883 = APPLICATION_PROTOCOL_DEFINITION ( 'draft international standard', 'automotive_design', 1998, #3493 ) ;
#6884 = SHAPE_REPRESENTATION ( 'Extruded3', ( #1948 ), #801 ) ;
#6885 = DIRECTION ( 'NONE',  ( 0.0000000000000000000, 0.0000000000000000000, 1.000000000000000000 ) ) ;
#6886 = PRODUCT_DEFINITION_SHAPE ( 'NONE', 'NONE',  #7536 ) ;
#6887 = APPLICATION_CONTEXT ( 'automotive_design' ) ;
#6888 =( REPRESENTATION_RELATIONSHIP ('NONE','NONE', #109, #6270 ) REPRESENTATION_RELATIONSHIP_WITH_TRANSFORMATION ( #4248 )SHAPE_REPRESENTATION_RELATIONSHIP( ) );
#6889 = PRODUCT_RELATED_PRODUCT_CATEGORY ( 'part', '', ( #2725 ) ) ;
#6890 = PRODUCT_RELATED_PRODUCT_CATEGORY ( 'part', '', ( #4747 ) ) ;
#6891 = ITEM_DEFINED_TRANSFORMATION ( 'NONE', 'NONE', #6008,  #970 ) ;
#6892 = PRODUCT ( '352644049', '352644049', '', ( #19 ) ) ;
#6893 = DIRECTION ( 'NONE',  ( -1.000000000000000000, 2.220446049250000002E-16, 1.110223024625000001E-16 ) ) ;
#6894 = VERTEX_POINT ( 'NONE', #2051 ) ;
#6895 = APPLICATION_PROTOCOL_DEFINITION ( 'draft international standard', 'automotive_design', 1998, #3911 ) ;
#6896 = UNCERTAINTY_MEASURE_WITH_UNIT (LENGTH_MEASURE( 1.000000000000000082E-05 ), #6820, 'distance_accuracy_value', 'NONE');
#6897 = DIRECTION ( 'NONE',  ( 0.0000000000000000000, 0.0000000000000000000, 1.000000000000000000 ) ) ;
#6898 = APPLICATION_CONTEXT ( 'automotive_design' ) ;
#6899 = EDGE_CURVE ( 'NONE', #1357, #4317, #3634, .T. ) ;
#6900 = CONTEXT_DEPENDENT_SHAPE_REPRESENTATION ( #3635, #352 ) ;
#6901 =( GEOMETRIC_REPRESENTATION_CONTEXT ( 3 ) GLOBAL_UNCERTAINTY_ASSIGNED_CONTEXT ( ( #6405 ) ) GLOBAL_UNIT_ASSIGNED_CONTEXT ( ( #3586, #4224, #4256 ) ) REPRESENTATION_CONTEXT ( 'NONE', 'WORKASPACE' ) );
#6902 = CARTESIAN_POINT ( 'NONE',  ( 0.001000760000000000278, 0.0000000000000000000, 0.0000000000000000000 ) ) ;
#6903 = DIRECTION ( 'NONE',  ( 0.0000000000000000000, 0.0000000000000000000, 1.000000000000000000 ) ) ;
#6904 = APPLICATION_PROTOCOL_DEFINITION ( 'draft international standard', 'automotive_design', 1998, #4563 ) ;
#6905 = CARTESIAN_POINT ( 'NONE',  ( 0.0000000000000000000, 0.001000760000000000278, 0.0000000000000000000 ) ) ;
#6906 = DIRECTION ( 'NONE',  ( 0.0000000000000000000, 0.0000000000000000000, 1.000000000000000000 ) ) ;
#6907 = DIRECTION ( 'NONE',  ( 1.000000000000000000, 0.0000000000000000000, 0.0000000000000000000 ) ) ;
#6908 = AXIS2_PLACEMENT_3D ( 'NONE', #4364, #4967, #7268 ) ;
#6909 = ITEM_DEFINED_TRANSFORMATION ( 'NONE', 'NONE', #2153,  #1948 ) ;
#6910 = APPLICATION_CONTEXT ( 'automotive_design' ) ;
#6911 = AXIS2_PLACEMENT_3D ( 'NONE', #5542, #7193, #1236 ) ;
#6912 = APPLICATION_PROTOCOL_DEFINITION ( 'draft international standard', 'automotive_design', 1998, #2408 ) ;
#6913 = AXIS2_PLACEMENT_3D ( 'NONE', #2731, #3465, #3410 ) ;
#6914 = AXIS2_PLACEMENT_3D ( 'NONE', #5472, #1810, #90 ) ;
#6915 = PRODUCT_DEFINITION_SHAPE ( 'NONE', 'NONE',  #7639 ) ;
#6916 = DIRECTION ( 'NONE',  ( 0.0000000000000000000, 0.0000000000000000000, 1.000000000000000000 ) ) ;
#6917 =( NAMED_UNIT ( * ) PLANE_ANGLE_UNIT ( ) SI_UNIT ( $, .RADIAN. ) );
#6918 = APPLICATION_PROTOCOL_DEFINITION ( 'draft international standard', 'automotive_design', 1998, #4454 ) ;
#6919 = AXIS2_PLACEMENT_3D ( 'NONE', #3658, #5540, #6681 ) ;
#6920 =( REPRESENTATION_RELATIONSHIP ('NONE','NONE', #7385, #5226 ) REPRESENTATION_RELATIONSHIP_WITH_TRANSFORMATION ( #5063 )SHAPE_REPRESENTATION_RELATIONSHIP( ) );
#6921 = APPLICATION_PROTOCOL_DEFINITION ( 'draft international standard', 'automotive_design', 1998, #2869 ) ;
#6922 = PRODUCT_DEFINITION_SHAPE ( 'NONE', 'NONE',  #4266 ) ;
#6923 = PRODUCT_DEFINITION_SHAPE ( 'NONE', 'NONE',  #7530 ) ;
#6924 = PRODUCT_DEFINITION_FORMATION_WITH_SPECIFIED_SOURCE ( 'ANY', '', #3776, .NOT_KNOWN. ) ;
#6925 = DIRECTION ( 'NONE',  ( 0.0000000000000000000, 0.0000000000000000000, 1.000000000000000000 ) ) ;
#6926 =( GEOMETRIC_REPRESENTATION_CONTEXT ( 3 ) GLOBAL_UNCERTAINTY_ASSIGNED_CONTEXT ( ( #367 ) ) GLOBAL_UNIT_ASSIGNED_CONTEXT ( ( #6154, #1309, #753 ) ) REPRESENTATION_CONTEXT ( 'NONE', 'WORKASPACE' ) );
#6927 = DIRECTION ( 'NONE',  ( 1.000000000000000000, 0.0000000000000000000, 0.0000000000000000000 ) ) ;
#6928 = DIRECTION ( 'NONE',  ( 0.0000000000000000000, 0.0000000000000000000, 1.000000000000000000 ) ) ;
#6929 = PRODUCT_DEFINITION_FORMATION_WITH_SPECIFIED_SOURCE ( 'ANY', '', #5209, .NOT_KNOWN. ) ;
#6930 = DIRECTION ( 'NONE',  ( -1.000000000000000000, 2.220446049250000002E-16, 1.110223024625000001E-16 ) ) ;
#6931 = VERTEX_POINT ( 'NONE', #118 ) ;
#6932 = APPLICATION_CONTEXT ( 'automotive_design' ) ;
#6933 = UNCERTAINTY_MEASURE_WITH_UNIT (LENGTH_MEASURE( 1.000000000000000082E-05 ), #2339, 'distance_accuracy_value', 'NONE');
#6934 = AXIS2_PLACEMENT_3D ( 'NONE', #1181, #4186, #1140 ) ;
#6935 =( REPRESENTATION_RELATIONSHIP ('NONE','NONE', #2296, #3490 ) REPRESENTATION_RELATIONSHIP_WITH_TRANSFORMATION ( #5800 )SHAPE_REPRESENTATION_RELATIONSHIP( ) );
#6936 = PRODUCT_DEFINITION_CONTEXT ( 'detailed design', #5976, 'design' ) ;
#6937 = PRODUCT_DEFINITION_CONTEXT ( 'detailed design', #563, 'design' ) ;
#6938 = APPLICATION_PROTOCOL_DEFINITION ( 'draft international standard', 'automotive_design', 1998, #4621 ) ;
#6939 = CARTESIAN_POINT ( 'NONE',  ( -1.084202172485504434E-16, 1.084202172485504434E-16, -0.4038600000000006629 ) ) ;
#6940 = PRODUCT_DEFINITION_FORMATION_WITH_SPECIFIED_SOURCE ( 'ANY', '', #6879, .NOT_KNOWN. ) ;
#6941 = CONTEXT_DEPENDENT_SHAPE_REPRESENTATION ( #3752, #1471 ) ;
#6942 = AXIS2_PLACEMENT_3D ( 'NONE', #376, #2799, #5187 ) ;
#6943 = PRODUCT_DEFINITION_SHAPE ( 'NONE', 'NONE',  #808 ) ;
#6944 = PRODUCT_CONTEXT ( 'NONE', #4915, 'mechanical' ) ;
#6945 = PRODUCT_RELATED_PRODUCT_CATEGORY ( 'part', '', ( #1586 ) ) ;
#6946 = PRODUCT_CONTEXT ( 'NONE', #3493, 'mechanical' ) ;
#6947 = CARTESIAN_POINT ( 'NONE',  ( 11.11000064000000087, -5.080000000000000071, 0.0000000000000000000 ) ) ;
#6948 = DIRECTION ( 'NONE',  ( 0.0000000000000000000, 0.0000000000000000000, 1.000000000000000000 ) ) ;
#6949 = APPLICATION_CONTEXT ( 'automotive_design' ) ;
#6950 =( NAMED_UNIT ( * ) SI_UNIT ( $, .STERADIAN. ) SOLID_ANGLE_UNIT ( ) );
#6951 = AXIS2_PLACEMENT_3D ( 'NONE', #1089, #4400, #5239 ) ;
#6952 = ITEM_DEFINED_TRANSFORMATION ( 'NONE', 'NONE', #580,  #3960 ) ;
#6953 = CARTESIAN_POINT ( 'NONE',  ( 0.0000000000000000000, 0.0000000000000000000, 0.0000000000000000000 ) ) ;
#6954 = EDGE_CURVE ( 'NONE', #2667, #5713, #1879, .T. ) ;
#6955 = EDGE_LOOP ( 'NONE', ( #5427, #845, #1621, #7261 ) ) ;
#6956 =( NAMED_UNIT ( * ) PLANE_ANGLE_UNIT ( ) SI_UNIT ( $, .RADIAN. ) );
#6957 = SHAPE_REPRESENTATION ( '352644049', ( #1474, #4131 ), #6144 ) ;
#6958 = APPLICATION_CONTEXT ( 'automotive_design' ) ;
#6959 = VECTOR ( 'NONE', #2973, 1000.000000000000000 ) ;
#6960 = CARTESIAN_POINT ( 'NONE',  ( 0.0000000000000000000, 0.0000000000000000000, 0.0000000000000000000 ) ) ;
#6961 = CARTESIAN_POINT ( 'NONE',  ( 0.0000000000000000000, 0.0000000000000000000, 0.0000000000000000000 ) ) ;
#6962 = DIRECTION ( 'NONE',  ( -1.000000000000000000, 0.0000000000000000000, 0.0000000000000000000 ) ) ;
#6963 = PRODUCT_CONTEXT ( 'NONE', #1631, 'mechanical' ) ;
#6964 = VECTOR ( 'NONE', #5853, 1000.000000000000000 ) ;
#6965 = APPLICATION_PROTOCOL_DEFINITION ( 'draft international standard', 'automotive_design', 1998, #119 ) ;
#6966 = CARTESIAN_POINT ( 'NONE',  ( 0.0000000000000000000, 0.0000000000000000000, 0.0000000000000000000 ) ) ;
#6967 = SURFACE_STYLE_FILL_AREA ( #4601 ) ;
#6968 = PRESENTATION_LAYER_ASSIGNMENT (  '', '', ( #5585 ) ) ;
#6969 = PRODUCT_DEFINITION_SHAPE ( 'NONE', 'NONE',  #7618 ) ;
#6970 =( REPRESENTATION_RELATIONSHIP ('NONE','NONE', #7109, #3330 ) REPRESENTATION_RELATIONSHIP_WITH_TRANSFORMATION ( #1971 )SHAPE_REPRESENTATION_RELATIONSHIP( ) );
#6971 = EDGE_LOOP ( 'NONE', ( #4, #6098, #501, #7429 ) ) ;
#6972 = PRODUCT_CONTEXT ( 'NONE', #3452, 'mechanical' ) ;
#6973 =( GEOMETRIC_REPRESENTATION_CONTEXT ( 3 ) GLOBAL_UNCERTAINTY_ASSIGNED_CONTEXT ( ( #3463 ) ) GLOBAL_UNIT_ASSIGNED_CONTEXT ( ( #4918, #5553, #3180 ) ) REPRESENTATION_CONTEXT ( 'NONE', 'WORKASPACE' ) );
#6974 = PRODUCT_DEFINITION_SHAPE ( 'NONE', 'NONE',  #7728 ) ;
#6975 = CARTESIAN_POINT ( 'NONE',  ( 0.0000000000000000000, 0.0000000000000000000, -0.4038599999999998302 ) ) ;
#6976 = CARTESIAN_POINT ( 'NONE',  ( 0.0000000000000000000, 0.0000000000000000000, 0.0000000000000000000 ) ) ;
#6977 = PRODUCT_DEFINITION ( 'UNKNOWN', '', #6808, #4585 ) ;
#6978 = AXIS2_PLACEMENT_3D ( 'NONE', #108, #6445, #6115 ) ;
#6979 = DIRECTION ( 'NONE',  ( 1.000000000000000000, 0.0000000000000000000, -0.0000000000000000000 ) ) ;
#6980 = APPLICATION_CONTEXT ( 'automotive_design' ) ;
#6981 =( REPRESENTATION_RELATIONSHIP ('NONE','NONE', #3434, #6270 ) REPRESENTATION_RELATIONSHIP_WITH_TRANSFORMATION ( #1753 )SHAPE_REPRESENTATION_RELATIONSHIP( ) );
#6982 = SHAPE_DEFINITION_REPRESENTATION ( #3993, #1112 ) ;
#6983 =( NAMED_UNIT ( * ) PLANE_ANGLE_UNIT ( ) SI_UNIT ( $, .RADIAN. ) );
#6984 = PRODUCT_DEFINITION ( 'UNKNOWN', '', #755, #5847 ) ;
#6985 = CONTEXT_DEPENDENT_SHAPE_REPRESENTATION ( #7253, #4562 ) ;
#6986 = PRODUCT_RELATED_PRODUCT_CATEGORY ( 'part', '', ( #6892 ) ) ;
#6987 = PRODUCT_DEFINITION_SHAPE ( 'NONE', 'NONE',  #2746 ) ;
#6988 = PRODUCT_DEFINITION_SHAPE ( 'NONE', 'NONE',  #7741 ) ;
#6989 = ORIENTED_EDGE ( 'NONE', *, *, #777, .F. ) ;
#6990 =( LENGTH_UNIT ( ) NAMED_UNIT ( * ) SI_UNIT ( .MILLI., .METRE. ) );
#6991 = SHAPE_DEFINITION_REPRESENTATION ( #4608, #2062 ) ;
#6992 =( NAMED_UNIT ( * ) SI_UNIT ( $, .STERADIAN. ) SOLID_ANGLE_UNIT ( ) );
#6993 = ADVANCED_FACE ( 'NONE', ( #6243 ), #3724, .F. ) ;
#6994 = UNCERTAINTY_MEASURE_WITH_UNIT (LENGTH_MEASURE( 1.000000000000000082E-05 ), #2217, 'distance_accuracy_value', 'NONE');
#6995 = LINE ( 'NONE', #5027, #1803 ) ;
#6996 = DIRECTION ( 'NONE',  ( 1.000000000000000000, 0.0000000000000000000, 0.0000000000000000000 ) ) ;
#6997 = PRODUCT_DEFINITION_SHAPE ( 'NONE', 'NONE',  #7496 ) ;
#6998 = PRODUCT_CONTEXT ( 'NONE', #1785, 'mechanical' ) ;
#6999 = APPLICATION_PROTOCOL_DEFINITION ( 'draft international standard', 'automotive_design', 1998, #4830 ) ;
#7000 = APPLICATION_CONTEXT ( 'automotive_design' ) ;
#7001 = CARTESIAN_POINT ( 'NONE',  ( 0.0000000000000000000, 0.0000000000000000000, 0.0000000000000000000 ) ) ;
#7002 = CARTESIAN_POINT ( 'NONE',  ( 0.0000000000000000000, 0.0000000000000000000, 0.0000000000000000000 ) ) ;
#7003 =( NAMED_UNIT ( * ) PLANE_ANGLE_UNIT ( ) SI_UNIT ( $, .RADIAN. ) );
#7004 = PRODUCT ( 'Board6', 'Board6', '', ( #2005 ) ) ;
#7005 = DIRECTION ( 'NONE',  ( 0.0000000000000000000, 0.0000000000000000000, 1.000000000000000000 ) ) ;
#7006 = AXIS2_PLACEMENT_3D ( 'NONE', #3279, #5697, #302 ) ;
#7007 = PRODUCT ( 'PINTSOP2-55', 'PINTSOP2-55', '', ( #4956 ) ) ;
#7008 = ITEM_DEFINED_TRANSFORMATION ( 'NONE', 'NONE', #965,  #477 ) ;
#7009 = ORIENTED_EDGE ( 'NONE', *, *, #3858, .F. ) ;
#7010 = PRODUCT_DEFINITION_SHAPE ( 'NONE', 'NONE',  #7658 ) ;
#7011 = SHAPE_DEFINITION_REPRESENTATION ( #6922, #6347 ) ;
#7012 = PRODUCT_DEFINITION_CONTEXT ( 'detailed design', #6527, 'design' ) ;
#7013 = CARTESIAN_POINT ( 'NONE',  ( -0.3650005399999999844, -0.2449982400000000338, -0.2872993999999996495 ) ) ;
#7014 = APPLICATION_CONTEXT ( 'automotive_design' ) ;
#7015 = PRODUCT_DEFINITION_CONTEXT ( 'detailed design', #7339, 'design' ) ;
#7016 = DIRECTION ( 'NONE',  ( 1.000000000000000000, 0.0000000000000000000, -0.0000000000000000000 ) ) ;
#7017 = DIRECTION ( 'NONE',  ( -2.220446049250000002E-16, -1.000000000000000000, 0.0000000000000000000 ) ) ;
#7018 = CARTESIAN_POINT ( 'NONE',  ( 0.0000000000000000000, 0.0000000000000000000, -0.4038600000000000523 ) ) ;
#7019 =( GEOMETRIC_REPRESENTATION_CONTEXT ( 3 ) GLOBAL_UNCERTAINTY_ASSIGNED_CONTEXT ( ( #2236 ) ) GLOBAL_UNIT_ASSIGNED_CONTEXT ( ( #5950, #527, #640 ) ) REPRESENTATION_CONTEXT ( 'NONE', 'WORKASPACE' ) );
#7020 = APPLICATION_CONTEXT ( 'automotive_design' ) ;
#7021 = ITEM_DEFINED_TRANSFORMATION ( 'NONE', 'NONE', #314,  #1133 ) ;
#7022 =( REPRESENTATION_RELATIONSHIP ('NONE','NONE', #6347, #5226 ) REPRESENTATION_RELATIONSHIP_WITH_TRANSFORMATION ( #6571 )SHAPE_REPRESENTATION_RELATIONSHIP( ) );
#7023 = DIRECTION ( 'NONE',  ( -0.0000000000000000000, -0.0000000000000000000, -1.000000000000000000 ) ) ;
#7024 = EDGE_LOOP ( 'NONE', ( #1043, #695, #779, #3374 ) ) ;
#7025 = PRODUCT_RELATED_PRODUCT_CATEGORY ( 'part', '', ( #7190 ) ) ;
#7026 = APPLICATION_PROTOCOL_DEFINITION ( 'draft international standard', 'automotive_design', 1998, #712 ) ;
#7027 = AXIS2_PLACEMENT_3D ( 'NONE', #2807, #3457, #463 ) ;
#7028 = PRODUCT_DEFINITION ( 'UNKNOWN', '', #3027, #6770 ) ;
#7029 = CARTESIAN_POINT ( 'NONE',  ( 0.0000000000000000000, 0.0000000000000000000, 0.0000000000000000000 ) ) ;
#7030 = CARTESIAN_POINT ( 'NONE',  ( 0.0000000000000000000, 0.0000000000000000000, 0.0000000000000000000 ) ) ;
#7031 = PRODUCT_DEFINITION_CONTEXT ( 'detailed design', #6442, 'design' ) ;
#7032 = AXIS2_PLACEMENT_3D ( 'NONE', #3284, #5024, #6271 ) ;
#7033 = DIRECTION ( 'NONE',  ( 0.0000000000000000000, 0.0000000000000000000, 1.000000000000000000 ) ) ;
#7034 = APPLICATION_CONTEXT ( 'automotive_design' ) ;
#7035 = PRODUCT ( '352644049', '352644049', '', ( #7045 ) ) ;
#7036 = PRODUCT_DEFINITION_SHAPE ( 'NONE', 'NONE',  #7731 ) ;
#7037 = APPLICATION_PROTOCOL_DEFINITION ( 'draft international standard', 'automotive_design', 1998, #4609 ) ;
#7038 = SHAPE_DEFINITION_REPRESENTATION ( #3416, #3649 ) ;
#7039 = ADVANCED_FACE ( 'NONE', ( #4352 ), #6758, .F. ) ;
#7040 = CARTESIAN_POINT ( 'NONE',  ( 0.0000000000000000000, 0.0000000000000000000, 0.0000000000000000000 ) ) ;
#7041 =( NAMED_UNIT ( * ) SI_UNIT ( $, .STERADIAN. ) SOLID_ANGLE_UNIT ( ) );
#7042 =( GEOMETRIC_REPRESENTATION_CONTEXT ( 3 ) GLOBAL_UNCERTAINTY_ASSIGNED_CONTEXT ( ( #7082 ) ) GLOBAL_UNIT_ASSIGNED_CONTEXT ( ( #2432, #7232, #3130 ) ) REPRESENTATION_CONTEXT ( 'NONE', 'WORKASPACE' ) );
#7043 = APPLICATION_CONTEXT ( 'automotive_design' ) ;
#7044 =( LENGTH_UNIT ( ) NAMED_UNIT ( * ) SI_UNIT ( .MILLI., .METRE. ) );
#7045 = PRODUCT_CONTEXT ( 'NONE', #3589, 'mechanical' ) ;
#7046 = PRODUCT_DEFINITION_FORMATION_WITH_SPECIFIED_SOURCE ( 'ANY', '', #3472, .NOT_KNOWN. ) ;
#7047 = UNCERTAINTY_MEASURE_WITH_UNIT (LENGTH_MEASURE( 1.000000000000000082E-05 ), #2180, 'distance_accuracy_value', 'NONE');
#7048 = ITEM_DEFINED_TRANSFORMATION ( 'NONE', 'NONE', #1925,  #4527 ) ;
#7049 = AXIS2_PLACEMENT_3D ( 'NONE', #7332, #1960, #3868 ) ;
#7050 = ITEM_DEFINED_TRANSFORMATION ( 'NONE', 'NONE', #3414,  #1948 ) ;
#7051 = PRODUCT_DEFINITION_FORMATION_WITH_SPECIFIED_SOURCE ( 'ANY', '', #4010, .NOT_KNOWN. ) ;
#7052 = ITEM_DEFINED_TRANSFORMATION ( 'NONE', 'NONE', #2081,  #1948 ) ;
#7053 = CARTESIAN_POINT ( 'NONE',  ( 0.0000000000000000000, 0.001000760000000000278, 0.4165599999999999858 ) ) ;
#7054 = DIRECTION ( 'NONE',  ( 1.000000000000000000, -1.110223024625000001E-16, 1.110223024625000001E-16 ) ) ;
#7055 = PRODUCT_CONTEXT ( 'NONE', #6166, 'mechanical' ) ;
#7056 =( LENGTH_UNIT ( ) NAMED_UNIT ( * ) SI_UNIT ( .MILLI., .METRE. ) );
#7057 = PRODUCT_DEFINITION_FORMATION_WITH_SPECIFIED_SOURCE ( 'ANY', '', #5990, .NOT_KNOWN. ) ;
#7058 =( NAMED_UNIT ( * ) PLANE_ANGLE_UNIT ( ) SI_UNIT ( $, .RADIAN. ) );
#7059 = AXIS2_PLACEMENT_3D ( 'NONE', #2472, #273, #6598 ) ;
#7060 = CONTEXT_DEPENDENT_SHAPE_REPRESENTATION ( #6481, #2374 ) ;
#7061 = DIRECTION ( 'NONE',  ( 1.000000000000000000, 0.0000000000000000000, 0.0000000000000000000 ) ) ;
#7062 = CARTESIAN_POINT ( 'NONE',  ( 0.001000760000000000278, 0.0000000000000000000, 0.0000000000000000000 ) ) ;
#7063 = FILL_AREA_STYLE_COLOUR ( '', #5710 ) ;
#7064 = PRODUCT_RELATED_PRODUCT_CATEGORY ( 'part', '', ( #5157 ) ) ;
#7065 =( NAMED_UNIT ( * ) SI_UNIT ( $, .STERADIAN. ) SOLID_ANGLE_UNIT ( ) );
#7066 = SHAPE_REPRESENTATION ( '352644049', ( #4542, #14 ), #2158 ) ;
#7067 = ORIENTED_EDGE ( 'NONE', *, *, #910, .T. ) ;
#7068 = AXIS2_PLACEMENT_3D ( 'NONE', #4002, #3385, #2244 ) ;
#7069 = APPLICATION_PROTOCOL_DEFINITION ( 'draft international standard', 'automotive_design', 1998, #2887 ) ;
#7070 = DIRECTION ( 'NONE',  ( 0.0000000000000000000, 0.0000000000000000000, 1.000000000000000000 ) ) ;
#7071 =( REPRESENTATION_RELATIONSHIP ('NONE','NONE', #180, #6270 ) REPRESENTATION_RELATIONSHIP_WITH_TRANSFORMATION ( #1905 )SHAPE_REPRESENTATION_RELATIONSHIP( ) );
#7072 = PRODUCT_DEFINITION_SHAPE ( 'NONE', 'NONE',  #7655 ) ;
#7073 = UNCERTAINTY_MEASURE_WITH_UNIT (LENGTH_MEASURE( 1.000000000000000082E-05 ), #5249, 'distance_accuracy_value', 'NONE');
#7074 = PRODUCT_RELATED_PRODUCT_CATEGORY ( 'part', '', ( #5795 ) ) ;
#7075 = APPLICATION_PROTOCOL_DEFINITION ( 'draft international standard', 'automotive_design', 1998, #6382 ) ;
#7076 = APPLICATION_PROTOCOL_DEFINITION ( 'draft international standard', 'automotive_design', 1998, #3613 ) ;
#7077 = DIRECTION ( 'NONE',  ( 1.000000000000000000, 0.0000000000000000000, 0.0000000000000000000 ) ) ;
#7078 = PRODUCT_DEFINITION_SHAPE ( 'NONE', 'NONE',  #7567 ) ;
#7079 =( LENGTH_UNIT ( ) NAMED_UNIT ( * ) SI_UNIT ( .MILLI., .METRE. ) );
#7080 = APPLICATION_CONTEXT ( 'automotive_design' ) ;
#7081 = PRODUCT_DEFINITION_CONTEXT ( 'detailed design', #2686, 'design' ) ;
#7082 = UNCERTAINTY_MEASURE_WITH_UNIT (LENGTH_MEASURE( 1.000000000000000082E-05 ), #2432, 'distance_accuracy_value', 'NONE');
#7083 = ITEM_DEFINED_TRANSFORMATION ( 'NONE', 'NONE', #1869,  #1948 ) ;
#7084 =( REPRESENTATION_RELATIONSHIP ('NONE','NONE', #4363, #3554 ) REPRESENTATION_RELATIONSHIP_WITH_TRANSFORMATION ( #2755 )SHAPE_REPRESENTATION_RELATIONSHIP( ) );
#7085 = PRODUCT_DEFINITION ( 'UNKNOWN', '', #3888, #5750 ) ;
#7086 = CARTESIAN_POINT ( 'NONE',  ( 0.6200012999999999774, 0.1849983600000000006, 0.2999999999999999889 ) ) ;
#7087 = PRODUCT_DEFINITION_SHAPE ( 'NONE', 'NONE',  #5390 ) ;
#7088 = AXIS2_PLACEMENT_3D ( 'NONE', #869, #6916, #952 ) ;
#7089 = SHAPE_REPRESENTATION_RELATIONSHIP ( 'NONE' , 'NONE' ,  #4927, #431 ) ;
#7090 = ORIENTED_EDGE ( 'NONE', *, *, #1441, .F. ) ;
#7091 = APPLICATION_PROTOCOL_DEFINITION ( 'draft international standard', 'automotive_design', 1998, #4182 ) ;
#7092 = UNCERTAINTY_MEASURE_WITH_UNIT (LENGTH_MEASURE( 1.000000000000000082E-05 ), #89, 'distance_accuracy_value', 'NONE');
#7093 = PRODUCT_DEFINITION_CONTEXT ( 'detailed design', #6689, 'design' ) ;
#7094 = VECTOR ( 'NONE', #2138, 1000.000000000000000 ) ;
#7095 = SHAPE_REPRESENTATION ( 'PINTSOP2-55', ( #5215, #4451, #2705 ), #3444 ) ;
#7096 = APPLICATION_CONTEXT ( 'automotive_design' ) ;
#7097 = DIRECTION ( 'NONE',  ( -1.000000000000000000, 2.220446049250000002E-16, 1.110223024625000001E-16 ) ) ;
#7098 = VECTOR ( 'NONE', #6168, 1000.000000000000000 ) ;
#7099 = DIRECTION ( 'NONE',  ( 1.000000000000000000, 0.0000000000000000000, 0.0000000000000000000 ) ) ;
#7100 = DIRECTION ( 'NONE',  ( 1.000000000000000000, 0.0000000000000000000, 0.0000000000000000000 ) ) ;
#7101 = AXIS2_PLACEMENT_3D ( 'NONE', #234, #3717, #2627 ) ;
#7102 = PRODUCT_DEFINITION_SHAPE ( 'NONE', 'NONE',  #1828 ) ;
#7103 = PRODUCT_DEFINITION_SHAPE ( 'NONE', 'NONE',  #7689 ) ;
#7104 = CONTEXT_DEPENDENT_SHAPE_REPRESENTATION ( #2494, #5871 ) ;
#7105 =( NAMED_UNIT ( * ) SI_UNIT ( $, .STERADIAN. ) SOLID_ANGLE_UNIT ( ) );
#7106 = APPLICATION_CONTEXT ( 'automotive_design' ) ;
#7107 = AXIS2_PLACEMENT_3D ( 'NONE', #4181, #7209, #7099 ) ;
#7108 = ORIENTED_EDGE ( 'NONE', *, *, #7460, .T. ) ;
#7109 = SHAPE_REPRESENTATION ( 'PINTSOP2-55', ( #2280, #2168, #3414 ), #2410 ) ;
#7110 = PRODUCT_CONTEXT ( 'NONE', #5823, 'mechanical' ) ;
#7111 = PLANE ( 'NONE',  #787 ) ;
#7112 = DIRECTION ( 'NONE',  ( 1.000000000000000000, 0.0000000000000000000, 0.0000000000000000000 ) ) ;
#7113 = ORIENTED_EDGE ( 'NONE', *, *, #4293, .F. ) ;
#7114 = SHAPE_DEFINITION_REPRESENTATION ( #5890, #2932 ) ;
#7115 = UNCERTAINTY_MEASURE_WITH_UNIT (LENGTH_MEASURE( 1.000000000000000082E-05 ), #39, 'distance_accuracy_value', 'NONE');
#7116 = ITEM_DEFINED_TRANSFORMATION ( 'NONE', 'NONE', #3670,  #6913 ) ;
#7117 = PRODUCT_DEFINITION ( 'UNKNOWN', '', #4904, #387 ) ;
#7118 = PRODUCT ( 'Free-Models4', 'Free-Models4', '', ( #5766 ) ) ;
#7119 = PRODUCT_RELATED_PRODUCT_CATEGORY ( 'part', '', ( #5273 ) ) ;
#7120 = APPLICATION_CONTEXT ( 'automotive_design' ) ;
#7121 = CARTESIAN_POINT ( 'NONE',  ( 11.11000064000000265, 5.080000000000000071, 1.199999999999999956 ) ) ;
#7122 =( REPRESENTATION_RELATIONSHIP ('NONE','NONE', #5345, #4268 ) REPRESENTATION_RELATIONSHIP_WITH_TRANSFORMATION ( #7203 )SHAPE_REPRESENTATION_RELATIONSHIP( ) );
#7123 = DIRECTION ( 'NONE',  ( 0.0000000000000000000, 0.0000000000000000000, 1.000000000000000000 ) ) ;
#7124 = DIRECTION ( 'NONE',  ( 1.000000000000000000, 0.0000000000000000000, 0.0000000000000000000 ) ) ;
#7125 = PRODUCT ( 'PINTSOP2-55', 'PINTSOP2-55', '', ( #6276 ) ) ;
#7126 = DIRECTION ( 'NONE',  ( 1.000000000000000000, -1.110223024625000001E-16, 1.110223024625000001E-16 ) ) ;
#7127 = PRODUCT ( '352644049', '352644049', '', ( #7448 ) ) ;
#7128 = SHAPE_REPRESENTATION ( 'Free-Models5', ( #3853, #2338 ), #458 ) ;
#7129 = EDGE_CURVE ( 'NONE', #6768, #4748, #4867, .T. ) ;
#7130 = DIRECTION ( 'NONE',  ( 1.000000000000000000, 0.0000000000000000000, 0.0000000000000000000 ) ) ;
#7131 = PRESENTATION_STYLE_ASSIGNMENT (( #5292 ) ) ;
#7132 = PRODUCT_DEFINITION_SHAPE ( 'NONE', 'NONE',  #7582 ) ;
#7133 = ORIENTED_EDGE ( 'NONE', *, *, #546, .T. ) ;
#7134 = CARTESIAN_POINT ( 'NONE',  ( 0.0000000000000000000, 0.0000000000000000000, 0.0000000000000000000 ) ) ;
#7135 = CONTEXT_DEPENDENT_SHAPE_REPRESENTATION ( #1939, #2165 ) ;
#7136 = PRODUCT ( 'PINTSOP2-55', 'PINTSOP2-55', '', ( #2416 ) ) ;
#7137 = UNCERTAINTY_MEASURE_WITH_UNIT (LENGTH_MEASURE( 1.000000000000000082E-05 ), #1684, 'distance_accuracy_value', 'NONE');
#7138 = CARTESIAN_POINT ( 'NONE',  ( 0.0000000000000000000, 1.084202172485504434E-16, -0.4038599999999998302 ) ) ;
#7139 = APPLICATION_PROTOCOL_DEFINITION ( 'draft international standard', 'automotive_design', 1998, #5575 ) ;
#7140 = UNCERTAINTY_MEASURE_WITH_UNIT (LENGTH_MEASURE( 1.000000000000000082E-05 ), #4699, 'distance_accuracy_value', 'NONE');
#7141 = SHAPE_REPRESENTATION ( '352644049', ( #5389, #7027 ), #3874 ) ;
#7142 = UNCERTAINTY_MEASURE_WITH_UNIT (LENGTH_MEASURE( 1.000000000000000082E-05 ), #3298, 'distance_accuracy_value', 'NONE');
#7143 = PLANE ( 'NONE',  #5448 ) ;
#7144 =( LENGTH_UNIT ( ) NAMED_UNIT ( * ) SI_UNIT ( .MILLI., .METRE. ) );
#7145 = VERTEX_POINT ( 'NONE', #204 ) ;
#7146 =( REPRESENTATION_RELATIONSHIP ('NONE','NONE', #4137, #1968 ) REPRESENTATION_RELATIONSHIP_WITH_TRANSFORMATION ( #192 )SHAPE_REPRESENTATION_RELATIONSHIP( ) );
#7147 = APPLICATION_PROTOCOL_DEFINITION ( 'draft international standard', 'automotive_design', 1998, #4215 ) ;
#7148 = PRODUCT_DEFINITION_SHAPE ( 'NONE', 'NONE',  #7708 ) ;
#7149 = ITEM_DEFINED_TRANSFORMATION ( 'NONE', 'NONE', #3541,  #6788 ) ;
#7150 = PRODUCT_DEFINITION_CONTEXT ( 'detailed design', #111, 'design' ) ;
#7151 = FILL_AREA_STYLE ('',( #5357 ) ) ;
#7152 =( NAMED_UNIT ( * ) SI_UNIT ( $, .STERADIAN. ) SOLID_ANGLE_UNIT ( ) );
#7153 = AXIS2_PLACEMENT_3D ( 'NONE', #2230, #3454, #4077 ) ;
#7154 = ITEM_DEFINED_TRANSFORMATION ( 'NONE', 'NONE', #3999,  #1948 ) ;
#7155 = DIRECTION ( 'NONE',  ( 0.0000000000000000000, 0.0000000000000000000, 1.000000000000000000 ) ) ;
#7156 = AXIS2_PLACEMENT_3D ( 'NONE', #1087, #5236, #7124 ) ;
#7157 = PRODUCT_RELATED_PRODUCT_CATEGORY ( 'part', '', ( #4068 ) ) ;
#7158 = PRODUCT_DEFINITION_FORMATION_WITH_SPECIFIED_SOURCE ( 'ANY', '', #412, .NOT_KNOWN. ) ;
#7159 = CARTESIAN_POINT ( 'NONE',  ( 14.33747958000000011, -0.3050006599999999790, -0.4872999999999999554 ) ) ;
#7160 = APPLICATION_PROTOCOL_DEFINITION ( 'draft international standard', 'automotive_design', 1998, #3367 ) ;
#7161 =( REPRESENTATION_RELATIONSHIP ('NONE','NONE', #3041, #1992 ) REPRESENTATION_RELATIONSHIP_WITH_TRANSFORMATION ( #4806 )SHAPE_REPRESENTATION_RELATIONSHIP( ) );
#7162 = AXIS2_PLACEMENT_3D ( 'NONE', #2010, #3817, #2200 ) ;
#7163 = PRODUCT_DEFINITION_CONTEXT ( 'detailed design', #2079, 'design' ) ;
#7164 = PRODUCT_DEFINITION ( 'UNKNOWN', '', #1628, #7383 ) ;
#7165 = PRODUCT_DEFINITION_FORMATION_WITH_SPECIFIED_SOURCE ( 'ANY', '', #5294, .NOT_KNOWN. ) ;
#7166 = CONTEXT_DEPENDENT_SHAPE_REPRESENTATION ( #6508, #2227 ) ;
#7167 = ITEM_DEFINED_TRANSFORMATION ( 'NONE', 'NONE', #4825,  #1948 ) ;
#7168 = CARTESIAN_POINT ( 'NONE',  ( -11.10999810000000032, 5.080000000000000071, 1.199999999999999956 ) ) ;
#7169 = PRODUCT_RELATED_PRODUCT_CATEGORY ( 'part', '', ( #7004 ) ) ;
#7170 = SHAPE_REPRESENTATION ( 'Free-Models5', ( #7107, #7223 ), #4282 ) ;
#7171 = PRODUCT_DEFINITION_CONTEXT ( 'detailed design', #4940, 'design' ) ;
#7172 = PRODUCT_DEFINITION_FORMATION_WITH_SPECIFIED_SOURCE ( 'ANY', '', #6803, .NOT_KNOWN. ) ;
#7173 = ORIENTED_EDGE ( 'NONE', *, *, #4143, .T. ) ;
#7174 = ITEM_DEFINED_TRANSFORMATION ( 'NONE', 'NONE', #3800,  #4821 ) ;
#7175 = DIRECTION ( 'NONE',  ( 1.000000000000000000, 0.0000000000000000000, 0.0000000000000000000 ) ) ;
#7176 =( GEOMETRIC_REPRESENTATION_CONTEXT ( 3 ) GLOBAL_UNCERTAINTY_ASSIGNED_CONTEXT ( ( #73 ) ) GLOBAL_UNIT_ASSIGNED_CONTEXT ( ( #2841, #4029, #7229 ) ) REPRESENTATION_CONTEXT ( 'NONE', 'WORKASPACE' ) );
#7177 =( REPRESENTATION_RELATIONSHIP ('NONE','NONE', #2062, #6270 ) REPRESENTATION_RELATIONSHIP_WITH_TRANSFORMATION ( #1573 )SHAPE_REPRESENTATION_RELATIONSHIP( ) );
#7178 = PRODUCT_DEFINITION_SHAPE ( 'NONE', 'NONE',  #4277 ) ;
#7179 = AXIS2_PLACEMENT_3D ( 'NONE', #5177, #1623, #5812 ) ;
#7180 = DIRECTION ( 'NONE',  ( 0.0000000000000000000, 0.0000000000000000000, 1.000000000000000000 ) ) ;
#7181 = PRESENTATION_STYLE_ASSIGNMENT (( #5108 ) ) ;
#7182 = EDGE_CURVE ( 'NONE', #4604, #95, #1969, .T. ) ;
#7183 =( LENGTH_UNIT ( ) NAMED_UNIT ( * ) SI_UNIT ( .MILLI., .METRE. ) );
#7184 = PRODUCT_DEFINITION_SHAPE ( 'NONE', 'NONE',  #7499 ) ;
#7185 = DIRECTION ( 'NONE',  ( 0.0000000000000000000, 0.0000000000000000000, 1.000000000000000000 ) ) ;
#7186 = APPLICATION_CONTEXT ( 'automotive_design' ) ;
#7187 = PRODUCT_DEFINITION_SHAPE ( 'NONE', 'NONE',  #72 ) ;
#7188 = AXIS2_PLACEMENT_3D ( 'NONE', #6777, #7126, #6529 ) ;
#7189 = DIRECTION ( 'NONE',  ( 0.0000000000000000000, 0.0000000000000000000, 1.000000000000000000 ) ) ;
#7190 = PRODUCT ( 'Free-Models5', 'Free-Models5', '', ( #800 ) ) ;
#7191 = CARTESIAN_POINT ( 'NONE',  ( -1.084202172485504434E-16, 1.084202172485504434E-16, -0.4038599999999989421 ) ) ;
#7192 = DIRECTION ( 'NONE',  ( 0.0000000000000000000, 0.0000000000000000000, -1.000000000000000000 ) ) ;
#7193 = DIRECTION ( 'NONE',  ( 0.0000000000000000000, 0.0000000000000000000, 1.000000000000000000 ) ) ;
#7194 = PLANE ( 'NONE',  #4826 ) ;
#7195 = CONTEXT_DEPENDENT_SHAPE_REPRESENTATION ( #770, #5124 ) ;
#7196 = SHAPE_REPRESENTATION_RELATIONSHIP ( 'NONE' , 'NONE' ,  #1716, #5507 ) ;
#7197 =( GEOMETRIC_REPRESENTATION_CONTEXT ( 3 ) GLOBAL_UNCERTAINTY_ASSIGNED_CONTEXT ( ( #4775 ) ) GLOBAL_UNIT_ASSIGNED_CONTEXT ( ( #5230, #1042, #500 ) ) REPRESENTATION_CONTEXT ( 'NONE', 'WORKASPACE' ) );
#7198 = ORIENTED_EDGE ( 'NONE', *, *, #1154, .T. ) ;
#7199 = PRODUCT_CONTEXT ( 'NONE', #3852, 'mechanical' ) ;
#7200 = SHAPE_REPRESENTATION ( '352644049', ( #1242, #6781 ), #3623 ) ;
#7201 = LINE ( 'NONE', #547, #6336 ) ;
#7202 = CLOSED_SHELL ( 'NONE', ( #3508, #6401, #2474, #5870, #1486, #6116 ) ) ;
#7203 = ITEM_DEFINED_TRANSFORMATION ( 'NONE', 'NONE', #4522,  #4892 ) ;
#7204 = DIRECTION ( 'NONE',  ( 0.0000000000000000000, 0.0000000000000000000, 1.000000000000000000 ) ) ;
#7205 = PRODUCT_DEFINITION_SHAPE ( 'NONE', 'NONE',  #7558 ) ;
#7206 = DIRECTION ( 'NONE',  ( 1.110223024625000001E-16, 1.000000000000000000, 0.0000000000000000000 ) ) ;
#7207 =( GEOMETRIC_REPRESENTATION_CONTEXT ( 3 ) GLOBAL_UNCERTAINTY_ASSIGNED_CONTEXT ( ( #2448 ) ) GLOBAL_UNIT_ASSIGNED_CONTEXT ( ( #2856, #1902, #1853 ) ) REPRESENTATION_CONTEXT ( 'NONE', 'WORKASPACE' ) );
#7208 = UNCERTAINTY_MEASURE_WITH_UNIT (LENGTH_MEASURE( 1.000000000000000082E-05 ), #4368, 'distance_accuracy_value', 'NONE');
#7209 = DIRECTION ( 'NONE',  ( 0.0000000000000000000, 0.0000000000000000000, 1.000000000000000000 ) ) ;
#7210 = VECTOR ( 'NONE', #2190, 1000.000000000000000 ) ;
#7211 = AXIS2_PLACEMENT_3D ( 'NONE', #125, #7309, #6136 ) ;
#7212 =( GEOMETRIC_REPRESENTATION_CONTEXT ( 3 ) GLOBAL_UNCERTAINTY_ASSIGNED_CONTEXT ( ( #907 ) ) GLOBAL_UNIT_ASSIGNED_CONTEXT ( ( #3142, #1735, #2289 ) ) REPRESENTATION_CONTEXT ( 'NONE', 'WORKASPACE' ) );
#7213 = DIRECTION ( 'NONE',  ( 0.0000000000000000000, 0.0000000000000000000, 1.000000000000000000 ) ) ;
#7214 = DIRECTION ( 'NONE',  ( 1.000000000000000000, -0.0000000000000000000, 0.0000000000000000000 ) ) ;
#7215 = DIRECTION ( 'NONE',  ( 1.000000000000000000, 0.0000000000000000000, 0.0000000000000000000 ) ) ;
#7216 =( REPRESENTATION_RELATIONSHIP ('NONE','NONE', #4137, #950 ) REPRESENTATION_RELATIONSHIP_WITH_TRANSFORMATION ( #468 )SHAPE_REPRESENTATION_RELATIONSHIP( ) );
#7217 = APPLICATION_PROTOCOL_DEFINITION ( 'draft international standard', 'automotive_design', 1998, #1029 ) ;
#7218 = CARTESIAN_POINT ( 'NONE',  ( 0.0000000000000000000, 0.0000000000000000000, 0.4165599999999999858 ) ) ;
#7219 = ITEM_DEFINED_TRANSFORMATION ( 'NONE', 'NONE', #5181,  #5215 ) ;
#7220 = PRODUCT_DEFINITION ( 'UNKNOWN', '', #6176, #399 ) ;
#7221 = PRODUCT_RELATED_PRODUCT_CATEGORY ( 'part', '', ( #6318 ) ) ;
#7222 = ITEM_DEFINED_TRANSFORMATION ( 'NONE', 'NONE', #14,  #1948 ) ;
#7223 = AXIS2_PLACEMENT_3D ( 'NONE', #6499, #1697, #1729 ) ;
#7224 = PRODUCT_DEFINITION_SHAPE ( 'NONE', 'NONE',  #7695 ) ;
#7225 = APPLICATION_CONTEXT ( 'automotive_design' ) ;
#7226 =( REPRESENTATION_RELATIONSHIP ('NONE','NONE', #393, #7170 ) REPRESENTATION_RELATIONSHIP_WITH_TRANSFORMATION ( #3273 )SHAPE_REPRESENTATION_RELATIONSHIP( ) );
#7227 = APPLICATION_PROTOCOL_DEFINITION ( 'draft international standard', 'automotive_design', 1998, #1130 ) ;
#7228 = CARTESIAN_POINT ( 'NONE',  ( 0.0000000000000000000, 0.0000000000000000000, -0.4038600000000006629 ) ) ;
#7229 =( NAMED_UNIT ( * ) SI_UNIT ( $, .STERADIAN. ) SOLID_ANGLE_UNIT ( ) );
#7230 = ADVANCED_FACE ( 'NONE', ( #5586 ), #5501, .F. ) ;
#7231 = UNCERTAINTY_MEASURE_WITH_UNIT (LENGTH_MEASURE( 1.000000000000000082E-05 ), #4713, 'distance_accuracy_value', 'NONE');
#7232 =( NAMED_UNIT ( * ) PLANE_ANGLE_UNIT ( ) SI_UNIT ( $, .RADIAN. ) );
#7233 = DIRECTION ( 'NONE',  ( -1.000000000000000000, 0.0000000000000000000, -0.0000000000000000000 ) ) ;
#7234 = DIRECTION ( 'NONE',  ( -1.000000000000000000, 0.0000000000000000000, -0.0000000000000000000 ) ) ;
#7235 = DIRECTION ( 'NONE',  ( 0.0000000000000000000, 0.0000000000000000000, 1.000000000000000000 ) ) ;
#7236 = ORIENTED_EDGE ( 'NONE', *, *, #1643, .F. ) ;
#7237 = APPLICATION_PROTOCOL_DEFINITION ( 'draft international standard', 'automotive_design', 1998, #3404 ) ;
#7238 = DIRECTION ( 'NONE',  ( -0.09334180544851636285, -0.9956341232378544959, -0.0000000000000000000 ) ) ;
#7239 = DIRECTION ( 'NONE',  ( 0.0000000000000000000, 0.0000000000000000000, 1.000000000000000000 ) ) ;
#7240 = PRODUCT_DEFINITION_SHAPE ( 'NONE', 'NONE',  #990 ) ;
#7241 = DIRECTION ( 'NONE',  ( -2.220446049250000002E-16, -1.000000000000000000, 0.0000000000000000000 ) ) ;
#7242 = APPLICATION_CONTEXT ( 'automotive_design' ) ;
#7243 = UNCERTAINTY_MEASURE_WITH_UNIT (LENGTH_MEASURE( 1.000000000000000082E-05 ), #4303, 'distance_accuracy_value', 'NONE');
#7244 = DIRECTION ( 'NONE',  ( 1.000000000000000000, 0.0000000000000000000, 0.0000000000000000000 ) ) ;
#7245 = CONTEXT_DEPENDENT_SHAPE_REPRESENTATION ( #2899, #974 ) ;
#7246 = DIRECTION ( 'NONE',  ( 0.0000000000000000000, 0.0000000000000000000, 1.000000000000000000 ) ) ;
#7247 = CONTEXT_DEPENDENT_SHAPE_REPRESENTATION ( #3656, #6025 ) ;
#7248 = CARTESIAN_POINT ( 'NONE',  ( -0.06999985999999998321, 0.1849983600000000006, 0.2999999999999999889 ) ) ;
#7249 = APPLICATION_PROTOCOL_DEFINITION ( 'draft international standard', 'automotive_design', 1998, #4106 ) ;
#7250 = CARTESIAN_POINT ( 'NONE',  ( -11.10999810000000032, -5.080000000000000071, 1.199999999999999956 ) ) ;
#7251 = PRODUCT_DEFINITION_SHAPE ( 'NONE', 'NONE',  #3556 ) ;
#7252 = DIRECTION ( 'NONE',  ( 0.0000000000000000000, 0.0000000000000000000, 1.000000000000000000 ) ) ;
#7253 =( REPRESENTATION_RELATIONSHIP ('NONE','NONE', #4895, #4383 ) REPRESENTATION_RELATIONSHIP_WITH_TRANSFORMATION ( #71 )SHAPE_REPRESENTATION_RELATIONSHIP( ) );
#7254 = PRODUCT_RELATED_PRODUCT_CATEGORY ( 'part', '', ( #4342 ) ) ;
#7255 = PRODUCT_DEFINITION ( 'UNKNOWN', '', #3143, #2612 ) ;
#7256 = APPLICATION_PROTOCOL_DEFINITION ( 'draft international standard', 'automotive_design', 1998, #2268 ) ;
#7257 = LINE ( 'NONE', #6640, #5198 ) ;
#7258 = DIRECTION ( 'NONE',  ( 0.0000000000000000000, -0.0000000000000000000, -1.000000000000000000 ) ) ;
#7259 =( REPRESENTATION_RELATIONSHIP ('NONE','NONE', #4486, #6270 ) REPRESENTATION_RELATIONSHIP_WITH_TRANSFORMATION ( #2136 )SHAPE_REPRESENTATION_RELATIONSHIP( ) );
#7260 = ADVANCED_FACE ( 'NONE', ( #4387 ), #6802, .T. ) ;
#7261 = ORIENTED_EDGE ( 'NONE', *, *, #173, .F. ) ;
#7262 = PRODUCT_CONTEXT ( 'NONE', #6830, 'mechanical' ) ;
#7263 = DIRECTION ( 'NONE',  ( 1.000000000000000000, 0.0000000000000000000, 0.0000000000000000000 ) ) ;
#7264 = CONTEXT_DEPENDENT_SHAPE_REPRESENTATION ( #148, #443 ) ;
#7265 = APPLICATION_CONTEXT ( 'automotive_design' ) ;
#7266 =( REPRESENTATION_RELATIONSHIP ('NONE','NONE', #3418, #6270 ) REPRESENTATION_RELATIONSHIP_WITH_TRANSFORMATION ( #7167 )SHAPE_REPRESENTATION_RELATIONSHIP( ) );
#7267 = UNCERTAINTY_MEASURE_WITH_UNIT (LENGTH_MEASURE( 1.000000000000000082E-05 ), #4612, 'distance_accuracy_value', 'NONE');
#7268 = DIRECTION ( 'NONE',  ( 1.000000000000000000, 0.0000000000000000000, 0.0000000000000000000 ) ) ;
#7269 =( GEOMETRIC_REPRESENTATION_CONTEXT ( 3 ) GLOBAL_UNCERTAINTY_ASSIGNED_CONTEXT ( ( #1358 ) ) GLOBAL_UNIT_ASSIGNED_CONTEXT ( ( #6256, #3227, #3921 ) ) REPRESENTATION_CONTEXT ( 'NONE', 'WORKASPACE' ) );
#7270 = PRODUCT ( 'PINTSOP2-55', 'PINTSOP2-55', '', ( #503 ) ) ;
#7271 = ITEM_DEFINED_TRANSFORMATION ( 'NONE', 'NONE', #7392,  #4894 ) ;
#7272 =( NAMED_UNIT ( * ) SI_UNIT ( $, .STERADIAN. ) SOLID_ANGLE_UNIT ( ) );
#7273 = CONTEXT_DEPENDENT_SHAPE_REPRESENTATION ( #211, #4331 ) ;
#7274 = CARTESIAN_POINT ( 'NONE',  ( 0.0000000000000000000, 0.0000000000000000000, 0.0000000000000000000 ) ) ;
#7275 = CARTESIAN_POINT ( 'NONE',  ( 0.001000760000000000278, 0.0000000000000000000, 0.4165599999999999858 ) ) ;
#7276 = AXIS2_PLACEMENT_3D ( 'NONE', #6179, #2603, #4992 ) ;
#7277 = APPLICATION_PROTOCOL_DEFINITION ( 'draft international standard', 'automotive_design', 1998, #2710 ) ;
#7278 = APPLICATION_CONTEXT ( 'automotive_design' ) ;
#7279 = FACE_OUTER_BOUND ( 'NONE', #6282, .T. ) ;
#7280 = SHAPE_DEFINITION_REPRESENTATION ( #3537, #6020 ) ;
#7281 = CONTEXT_DEPENDENT_SHAPE_REPRESENTATION ( #7146, #7184 ) ;
#7282 = CARTESIAN_POINT ( 'NONE',  ( 0.0000000000000000000, 5.421010862427522170E-17, 0.0000000000000000000 ) ) ;
#7283 = PRODUCT_DEFINITION_FORMATION_WITH_SPECIFIED_SOURCE ( 'ANY', '', #3588, .NOT_KNOWN. ) ;
#7284 = CARTESIAN_POINT ( 'NONE',  ( 0.0000000000000000000, 0.0000000000000000000, -0.4038600000000000523 ) ) ;
#7285 = AXIS2_PLACEMENT_3D ( 'NONE', #3719, #4349, #5072 ) ;
#7286 = UNCERTAINTY_MEASURE_WITH_UNIT (LENGTH_MEASURE( 1.000000000000000082E-05 ), #3637, 'distance_accuracy_value', 'NONE');
#7287 = CARTESIAN_POINT ( 'NONE',  ( 0.0000000000000000000, 0.0000000000000000000, 0.0000000000000000000 ) ) ;
#7288 = SHAPE_REPRESENTATION ( 'PINTSOP2-55', ( #3497, #600, #123 ), #1099 ) ;
#7289 = PRODUCT_DEFINITION_CONTEXT ( 'detailed design', #419, 'design' ) ;
#7290 = PRODUCT_DEFINITION_FORMATION_WITH_SPECIFIED_SOURCE ( 'ANY', '', #323, .NOT_KNOWN. ) ;
#7291 =( NAMED_UNIT ( * ) SI_UNIT ( $, .STERADIAN. ) SOLID_ANGLE_UNIT ( ) );
#7292 = APPLICATION_PROTOCOL_DEFINITION ( 'draft international standard', 'automotive_design', 1998, #4923 ) ;
#7293 =( NAMED_UNIT ( * ) SI_UNIT ( $, .STERADIAN. ) SOLID_ANGLE_UNIT ( ) );
#7294 = DIRECTION ( 'NONE',  ( 1.000000000000000000, 0.0000000000000000000, 0.0000000000000000000 ) ) ;
#7295 = PRODUCT_DEFINITION_FORMATION_WITH_SPECIFIED_SOURCE ( 'ANY', '', #2599, .NOT_KNOWN. ) ;
#7296 = PRODUCT_DEFINITION ( 'UNKNOWN', '', #7283, #2443 ) ;
#7297 = PRODUCT_DEFINITION ( 'UNKNOWN', '', #2786, #708 ) ;
#7298 = AXIS2_PLACEMENT_3D ( 'NONE', #3643, #277, #7461 ) ;
#7299 = CARTESIAN_POINT ( 'NONE',  ( 0.6200012999999999774, -0.3150006399999999984, 0.2999999999999999889 ) ) ;
#7300 = DIRECTION ( 'NONE',  ( 0.0000000000000000000, -1.000000000000000000, 0.0000000000000000000 ) ) ;
#7301 = PRODUCT ( 'PINTSOP2-55', 'PINTSOP2-55', '', ( #5616 ) ) ;
#7302 = CONTEXT_DEPENDENT_SHAPE_REPRESENTATION ( #1277, #7078 ) ;
#7303 = DIRECTION ( 'NONE',  ( 1.000000000000000000, 0.0000000000000000000, 0.0000000000000000000 ) ) ;
#7304 = ORIENTED_EDGE ( 'NONE', *, *, #2044, .T. ) ;
#7305 = APPLICATION_PROTOCOL_DEFINITION ( 'draft international standard', 'automotive_design', 1998, #1711 ) ;
#7306 = AXIS2_PLACEMENT_3D ( 'NONE', #4455, #7437, #5008 ) ;
#7307 = PRODUCT_DEFINITION_SHAPE ( 'NONE', 'NONE',  #7529 ) ;
#7308 =( NAMED_UNIT ( * ) SI_UNIT ( $, .STERADIAN. ) SOLID_ANGLE_UNIT ( ) );
#7309 = DIRECTION ( 'NONE',  ( 0.0000000000000000000, 0.0000000000000000000, 1.000000000000000000 ) ) ;
#7310 = PRODUCT_DEFINITION ( 'UNKNOWN', '', #6940, #3477 ) ;
#7311 = DIRECTION ( 'NONE',  ( 0.0000000000000000000, 0.0000000000000000000, 1.000000000000000000 ) ) ;
#7312 =( REPRESENTATION_RELATIONSHIP ('NONE','NONE', #7347, #6298 ) REPRESENTATION_RELATIONSHIP_WITH_TRANSFORMATION ( #859 )SHAPE_REPRESENTATION_RELATIONSHIP( ) );
#7313 = PRODUCT_DEFINITION_SHAPE ( 'NONE', 'NONE',  #3429 ) ;
#7314 = CARTESIAN_POINT ( 'NONE',  ( 4.736279579999999712, -0.3050006599999999790, -0.4872999999999999554 ) ) ;
#7315 = CARTESIAN_POINT ( 'NONE',  ( 0.0000000000000000000, 0.0000000000000000000, 0.0000000000000000000 ) ) ;
#7316 = UNCERTAINTY_MEASURE_WITH_UNIT (LENGTH_MEASURE( 1.000000000000000082E-05 ), #2015, 'distance_accuracy_value', 'NONE');
#7317 =( NAMED_UNIT ( * ) PLANE_ANGLE_UNIT ( ) SI_UNIT ( $, .RADIAN. ) );
#7318 = ADVANCED_FACE ( 'NONE', ( #6096 ), #3065, .T. ) ;
#7319 = APPLICATION_CONTEXT ( 'automotive_design' ) ;
#7320 = ITEM_DEFINED_TRANSFORMATION ( 'NONE', 'NONE', #1271,  #1948 ) ;
#7321 = DIRECTION ( 'NONE',  ( 1.000000000000000000, 0.0000000000000000000, 0.0000000000000000000 ) ) ;
#7322 =( REPRESENTATION_RELATIONSHIP ('NONE','NONE', #5521, #3400 ) REPRESENTATION_RELATIONSHIP_WITH_TRANSFORMATION ( #4756 )SHAPE_REPRESENTATION_RELATIONSHIP( ) );
#7323 = LINE ( 'NONE', #3741, #4200 ) ;
#7324 = AXIS2_PLACEMENT_3D ( 'NONE', #5422, #2267, #4746 ) ;
#7325 = PRODUCT_CONTEXT ( 'NONE', #6264, 'mechanical' ) ;
#7326 = CARTESIAN_POINT ( 'NONE',  ( 11.11000064000000265, -5.080000000000000071, 0.0000000000000000000 ) ) ;
#7327 = ITEM_DEFINED_TRANSFORMATION ( 'NONE', 'NONE', #1020,  #1611 ) ;
#7328 = PRODUCT ( 'PINTSOP2-55', 'PINTSOP2-55', '', ( #4762 ) ) ;
#7329 = VECTOR ( 'NONE', #3927, 1000.000000000000000 ) ;
#7330 = ITEM_DEFINED_TRANSFORMATION ( 'NONE', 'NONE', #3519,  #1948 ) ;
#7331 = CONTEXT_DEPENDENT_SHAPE_REPRESENTATION ( #3854, #490 ) ;
#7332 = CARTESIAN_POINT ( 'NONE',  ( 0.0000000000000000000, 0.0000000000000000000, 0.0000000000000000000 ) ) ;
#7333 = AXIS2_PLACEMENT_3D ( 'NONE', #6408, #6671, #5830 ) ;
#7334 = DIRECTION ( 'NONE',  ( 1.000000000000000000, 0.0000000000000000000, 0.0000000000000000000 ) ) ;
#7335 = AXIS2_PLACEMENT_3D ( 'NONE', #5238, #1659, #7234 ) ;
#7336 = APPLICATION_PROTOCOL_DEFINITION ( 'draft international standard', 'automotive_design', 1998, #5528 ) ;
#7337 = DIRECTION ( 'NONE',  ( 0.0000000000000000000, 0.0000000000000000000, 1.000000000000000000 ) ) ;
#7338 = AXIS2_PLACEMENT_3D ( 'NONE', #1496, #3902, #361 ) ;
#7339 = APPLICATION_CONTEXT ( 'automotive_design' ) ;
#7340 = APPLICATION_PROTOCOL_DEFINITION ( 'draft international standard', 'automotive_design', 1998, #1732 ) ;
#7341 = ORIENTED_EDGE ( 'NONE', *, *, #1004, .T. ) ;
#7342 = APPLICATION_PROTOCOL_DEFINITION ( 'draft international standard', 'automotive_design', 1998, #4431 ) ;
#7343 =( GEOMETRIC_REPRESENTATION_CONTEXT ( 3 ) GLOBAL_UNCERTAINTY_ASSIGNED_CONTEXT ( ( #5657 ) ) GLOBAL_UNIT_ASSIGNED_CONTEXT ( ( #2543, #4975, #6748 ) ) REPRESENTATION_CONTEXT ( 'NONE', 'WORKASPACE' ) );
#7344 = DIRECTION ( 'NONE',  ( 0.0000000000000000000, 0.0000000000000000000, 1.000000000000000000 ) ) ;
#7345 = FILL_AREA_STYLE ('',( #662 ) ) ;
#7346 =( NAMED_UNIT ( * ) SI_UNIT ( $, .STERADIAN. ) SOLID_ANGLE_UNIT ( ) );
#7347 = SHAPE_REPRESENTATION ( 'PINTSOP2-55', ( #5045, #2033, #6674 ), #1768 ) ;
#7348 = DIRECTION ( 'NONE',  ( 1.110223024625000001E-16, 1.000000000000000000, 0.0000000000000000000 ) ) ;
#7349 = PRODUCT_DEFINITION ( 'UNKNOWN', '', #2654, #3149 ) ;
#7350 = PRODUCT_DEFINITION ( 'UNKNOWN', '', #3641, #4966 ) ;
#7351 = PRODUCT ( '352644049', '352644049', '', ( #6236 ) ) ;
#7352 = DIRECTION ( 'NONE',  ( 1.000000000000000000, 0.0000000000000000000, 0.0000000000000000000 ) ) ;
#7353 = CARTESIAN_POINT ( 'NONE',  ( 0.0000000000000000000, 0.0000000000000000000, 0.0000000000000000000 ) ) ;
#7354 =( LENGTH_UNIT ( ) NAMED_UNIT ( * ) SI_UNIT ( .MILLI., .METRE. ) );
#7355 = DIRECTION ( 'NONE',  ( 1.000000000000000000, 0.0000000000000000000, -0.0000000000000000000 ) ) ;
#7356 = APPLICATION_PROTOCOL_DEFINITION ( 'draft international standard', 'automotive_design', 1998, #3167 ) ;
#7357 = ADVANCED_FACE ( 'NONE', ( #84 ), #4270, .F. ) ;
#7358 =( NAMED_UNIT ( * ) SI_UNIT ( $, .STERADIAN. ) SOLID_ANGLE_UNIT ( ) );
#7359 = CONTEXT_DEPENDENT_SHAPE_REPRESENTATION ( #6755, #3406 ) ;
#7360 = FILL_AREA_STYLE_COLOUR ( '', #315 ) ;
#7361 =( REPRESENTATION_RELATIONSHIP ('NONE','NONE', #2865, #1230 ) REPRESENTATION_RELATIONSHIP_WITH_TRANSFORMATION ( #6952 )SHAPE_REPRESENTATION_RELATIONSHIP( ) );
#7362 = ITEM_DEFINED_TRANSFORMATION ( 'NONE', 'NONE', #3722,  #1948 ) ;
#7363 = DIRECTION ( 'NONE',  ( 1.000000000000000000, 0.0000000000000000000, 0.0000000000000000000 ) ) ;
#7364 = PRODUCT_DEFINITION_SHAPE ( 'NONE', 'NONE',  #7511 ) ;
#7365 = APPLICATION_PROTOCOL_DEFINITION ( 'draft international standard', 'automotive_design', 1998, #1510 ) ;
#7366 = SHAPE_REPRESENTATION ( 'PINTSOP2-55', ( #1176, #7101, #5341 ), #3693 ) ;
#7367 = PRODUCT ( 'PINTSOP2-55', 'PINTSOP2-55', '', ( #6998 ) ) ;
#7368 =( NAMED_UNIT ( * ) SI_UNIT ( $, .STERADIAN. ) SOLID_ANGLE_UNIT ( ) );
#7369 = UNCERTAINTY_MEASURE_WITH_UNIT (LENGTH_MEASURE( 1.000000000000000082E-05 ), #1842, 'distance_accuracy_value', 'NONE');
#7370 = CARTESIAN_POINT ( 'NONE',  ( -0.2499994999999999856, -0.1850008999999999959, 0.0000000000000000000 ) ) ;
#7371 =( NAMED_UNIT ( * ) PLANE_ANGLE_UNIT ( ) SI_UNIT ( $, .RADIAN. ) );
#7372 = ITEM_DEFINED_TRANSFORMATION ( 'NONE', 'NONE', #5315,  #2040 ) ;
#7373 = APPLICATION_PROTOCOL_DEFINITION ( 'draft international standard', 'automotive_design', 1998, #5479 ) ;
#7374 = VERTEX_POINT ( 'NONE', #6453 ) ;
#7375 = SHAPE_DEFINITION_REPRESENTATION ( #2042, #7128 ) ;
#7376 = CARTESIAN_POINT ( 'NONE',  ( 0.0000000000000000000, 0.0000000000000000000, 0.0000000000000000000 ) ) ;
#7377 =( GEOMETRIC_REPRESENTATION_CONTEXT ( 3 ) GLOBAL_UNCERTAINTY_ASSIGNED_CONTEXT ( ( #5933 ) ) GLOBAL_UNIT_ASSIGNED_CONTEXT ( ( #4375, #746, #1915 ) ) REPRESENTATION_CONTEXT ( 'NONE', 'WORKASPACE' ) );
#7378 = DIRECTION ( 'NONE',  ( 1.000000000000000000, 0.0000000000000000000, 0.0000000000000000000 ) ) ;
#7379 = CONTEXT_DEPENDENT_SHAPE_REPRESENTATION ( #5077, #5867 ) ;
#7380 = PRODUCT_DEFINITION_SHAPE ( 'NONE', 'NONE',  #7595 ) ;
#7381 = APPLICATION_CONTEXT ( 'automotive_design' ) ;
#7382 = ORIENTED_EDGE ( 'NONE', *, *, #955, .F. ) ;
#7383 = PRODUCT_DEFINITION_CONTEXT ( 'detailed design', #2046, 'design' ) ;
#7384 = DIRECTION ( 'NONE',  ( 1.000000000000000000, 0.0000000000000000000, 0.0000000000000000000 ) ) ;
#7385 = SHAPE_REPRESENTATION ( 'PINTSOP2-55', ( #750, #4150, #3633 ), #5791 ) ;
#7386 = DIRECTION ( 'NONE',  ( 0.0000000000000000000, 0.0000000000000000000, 1.000000000000000000 ) ) ;
#7387 =( GEOMETRIC_REPRESENTATION_CONTEXT ( 3 ) GLOBAL_UNCERTAINTY_ASSIGNED_CONTEXT ( ( #6817 ) ) GLOBAL_UNIT_ASSIGNED_CONTEXT ( ( #152, #2549, #7291 ) ) REPRESENTATION_CONTEXT ( 'NONE', 'WORKASPACE' ) );
#7388 = PRODUCT_RELATED_PRODUCT_CATEGORY ( 'part', '', ( #4846 ) ) ;
#7389 = FACE_OUTER_BOUND ( 'NONE', #6805, .T. ) ;
#7390 = SHAPE_DEFINITION_REPRESENTATION ( #5644, #2226 ) ;
#7391 = DIRECTION ( 'NONE',  ( -0.0000000000000000000, -1.000000000000000000, 0.0000000000000000000 ) ) ;
#7392 = AXIS2_PLACEMENT_3D ( 'NONE', #7473, #2018, #2098 ) ;
#7393 = APPLICATION_CONTEXT ( 'automotive_design' ) ;
#7394 = AXIS2_PLACEMENT_3D ( 'NONE', #2134, #3780, #5001 ) ;
#7395 = CARTESIAN_POINT ( 'NONE',  ( 0.0000000000000000000, 0.0000000000000000000, 0.0000000000000000000 ) ) ;
#7396 =( LENGTH_UNIT ( ) NAMED_UNIT ( * ) SI_UNIT ( .MILLI., .METRE. ) );
#7397 = CONTEXT_DEPENDENT_SHAPE_REPRESENTATION ( #6920, #1218 ) ;
#7398 = EDGE_CURVE ( 'NONE', #5504, #1357, #1086, .T. ) ;
#7399 = CONTEXT_DEPENDENT_SHAPE_REPRESENTATION ( #2004, #3813 ) ;
#7400 = AXIS2_PLACEMENT_3D ( 'NONE', #2754, #5460, #4862 ) ;
#7401 = PRODUCT_DEFINITION_SHAPE ( 'NONE', 'NONE',  #7738 ) ;
#7402 = PRODUCT_DEFINITION_FORMATION_WITH_SPECIFIED_SOURCE ( 'ANY', '', #5919, .NOT_KNOWN. ) ;
#7403 = PRODUCT_CONTEXT ( 'NONE', #6329, 'mechanical' ) ;
#7404 = APPLICATION_CONTEXT ( 'automotive_design' ) ;
#7405 =( NAMED_UNIT ( * ) SI_UNIT ( $, .STERADIAN. ) SOLID_ANGLE_UNIT ( ) );
#7406 = CARTESIAN_POINT ( 'NONE',  ( -0.3650005399999999289, -0.2449982400000000893, -0.2872993999999996495 ) ) ;
#7407 = PRODUCT_DEFINITION_FORMATION_WITH_SPECIFIED_SOURCE ( 'ANY', '', #1104, .NOT_KNOWN. ) ;
#7408 = CARTESIAN_POINT ( 'NONE',  ( 0.5000000000000000000, 6.123233995736766036E-17, 0.0000000000000000000 ) ) ;
#7409 =( NAMED_UNIT ( * ) PLANE_ANGLE_UNIT ( ) SI_UNIT ( $, .RADIAN. ) );
#7410 =( GEOMETRIC_REPRESENTATION_CONTEXT ( 3 ) GLOBAL_UNCERTAINTY_ASSIGNED_CONTEXT ( ( #764 ) ) GLOBAL_UNIT_ASSIGNED_CONTEXT ( ( #3664, #6072, #7105 ) ) REPRESENTATION_CONTEXT ( 'NONE', 'WORKASPACE' ) );
#7411 = FILL_AREA_STYLE_COLOUR ( '', #1423 ) ;
#7412 = PRODUCT_DEFINITION_SHAPE ( 'NONE', 'NONE',  #3173 ) ;
#7413 = CONTEXT_DEPENDENT_SHAPE_REPRESENTATION ( #5897, #2055 ) ;
#7414 = APPLICATION_PROTOCOL_DEFINITION ( 'draft international standard', 'automotive_design', 1998, #1975 ) ;
#7415 = SHAPE_REPRESENTATION ( 'PINTSOP2-55', ( #2859, #5739, #6362 ), #5617 ) ;
#7416 = APPLICATION_CONTEXT ( 'automotive_design' ) ;
#7417 = SHAPE_DEFINITION_REPRESENTATION ( #5414, #3554 ) ;
#7418 = PRODUCT_DEFINITION_FORMATION_WITH_SPECIFIED_SOURCE ( 'ANY', '', #5865, .NOT_KNOWN. ) ;
#7419 = APPLICATION_CONTEXT ( 'automotive_design' ) ;
#7420 = AXIS2_PLACEMENT_3D ( 'NONE', #6281, #6928, #5116 ) ;
#7421 =( REPRESENTATION_RELATIONSHIP ('NONE','NONE', #6464, #1068 ) REPRESENTATION_RELATIONSHIP_WITH_TRANSFORMATION ( #1693 )SHAPE_REPRESENTATION_RELATIONSHIP( ) );
#7422 = DIRECTION ( 'NONE',  ( 0.0000000000000000000, 0.0000000000000000000, 1.000000000000000000 ) ) ;
#7423 = PRODUCT_DEFINITION_SHAPE ( 'NONE', 'NONE',  #6157 ) ;
#7424 = CONTEXT_DEPENDENT_SHAPE_REPRESENTATION ( #3803, #7072 ) ;
#7425 = DIRECTION ( 'NONE',  ( 0.0000000000000000000, 0.0000000000000000000, 1.000000000000000000 ) ) ;
#7426 = APPLICATION_PROTOCOL_DEFINITION ( 'draft international standard', 'automotive_design', 1998, #4477 ) ;
#7427 = DIRECTION ( 'NONE',  ( -1.000000000000000000, 2.220446049250000002E-16, 1.110223024625000001E-16 ) ) ;
#7428 = AXIS2_PLACEMENT_3D ( 'NONE', #4650, #6461, #2212 ) ;
#7429 = ORIENTED_EDGE ( 'NONE', *, *, #6610, .F. ) ;
#7430 =( NAMED_UNIT ( * ) PLANE_ANGLE_UNIT ( ) SI_UNIT ( $, .RADIAN. ) );
#7431 = CARTESIAN_POINT ( 'NONE',  ( 0.0000000000000000000, 0.0000000000000000000, 0.0000000000000000000 ) ) ;
#7432 = APPLICATION_CONTEXT ( 'automotive_design' ) ;
#7433 = AXIS2_PLACEMENT_3D ( 'NONE', #2689, #6930, #1356 ) ;
#7434 = PRODUCT_DEFINITION_SHAPE ( 'NONE', 'NONE',  #7532 ) ;
#7435 = CONTEXT_DEPENDENT_SHAPE_REPRESENTATION ( #5680, #1962 ) ;
#7436 = LINE ( 'NONE', #2069, #6089 ) ;
#7437 = DIRECTION ( 'NONE',  ( 0.0000000000000000000, 0.0000000000000000000, 1.000000000000000000 ) ) ;
#7438 = PRODUCT_CONTEXT ( 'NONE', #3302, 'mechanical' ) ;
#7439 = LINE ( 'NONE', #5164, #4047 ) ;
#7440 = PRODUCT_DEFINITION_SHAPE ( 'NONE', 'NONE',  #2861 ) ;
#7441 = CARTESIAN_POINT ( 'NONE',  ( -0.3650005400000003175, -0.2449982400000000893, -0.2872994000000000936 ) ) ;
#7442 = SHAPE_REPRESENTATION ( 'Free-Models5', ( #7032, #4638 ), #2534 ) ;
#7443 =( LENGTH_UNIT ( ) NAMED_UNIT ( * ) SI_UNIT ( .MILLI., .METRE. ) );
#7444 = ITEM_DEFINED_TRANSFORMATION ( 'NONE', 'NONE', #5739,  #4346 ) ;
#7445 = PRESENTATION_LAYER_ASSIGNMENT (  '', '', ( #48 ) ) ;
#7446 = CARTESIAN_POINT ( 'NONE',  ( -0.3650005399999999844, -0.2449982400000000338, -0.2872994000000000936 ) ) ;
#7447 = PRODUCT_DEFINITION ( 'UNKNOWN', '', #4161, #2625 ) ;
#7448 = PRODUCT_CONTEXT ( 'NONE', #7186, 'mechanical' ) ;
#7449 = PRODUCT_DEFINITION ( 'UNKNOWN', '', #1637, #1409 ) ;
#7450 = AXIS2_PLACEMENT_3D ( 'NONE', #3113, #3778, #6143 ) ;
#7451 = UNCERTAINTY_MEASURE_WITH_UNIT (LENGTH_MEASURE( 1.000000000000000082E-05 ), #1281, 'distance_accuracy_value', 'NONE');
#7452 = VECTOR ( 'NONE', #1908, 1000.000000000000000 ) ;
#7453 = PRODUCT_DEFINITION_SHAPE ( 'NONE', 'NONE',  #7601 ) ;
#7454 = DIRECTION ( 'NONE',  ( 0.0000000000000000000, 0.0000000000000000000, 1.000000000000000000 ) ) ;
#7455 = PLANE ( 'NONE',  #663 ) ;
#7456 = AXIS2_PLACEMENT_3D ( 'NONE', #1607, #1478, #5716 ) ;
#7457 =( GEOMETRIC_REPRESENTATION_CONTEXT ( 3 ) GLOBAL_UNCERTAINTY_ASSIGNED_CONTEXT ( ( #7451 ) ) GLOBAL_UNIT_ASSIGNED_CONTEXT ( ( #1281, #7371, #804 ) ) REPRESENTATION_CONTEXT ( 'NONE', 'WORKASPACE' ) );
#7458 = SHAPE_DEFINITION_REPRESENTATION ( #2279, #5477 ) ;
#7459 = SHAPE_DEFINITION_REPRESENTATION ( #7423, #5179 ) ;
#7460 = EDGE_CURVE ( 'NONE', #5385, #6355, #5322, .T. ) ;
#7461 = DIRECTION ( 'NONE',  ( 1.000000000000000000, 0.0000000000000000000, 0.0000000000000000000 ) ) ;
#7462 =( GEOMETRIC_REPRESENTATION_CONTEXT ( 3 ) GLOBAL_UNCERTAINTY_ASSIGNED_CONTEXT ( ( #3775 ) ) GLOBAL_UNIT_ASSIGNED_CONTEXT ( ( #6990, #944, #4589 ) ) REPRESENTATION_CONTEXT ( 'NONE', 'WORKASPACE' ) );
#7463 = AXIS2_PLACEMENT_3D ( 'NONE', #5098, #3796, #5643 ) ;
#7464 = DIRECTION ( 'NONE',  ( -2.220446049250000002E-16, -1.000000000000000000, 0.0000000000000000000 ) ) ;
#7465 = VERTEX_POINT ( 'NONE', #4172 ) ;
#7466 = APPLICATION_CONTEXT ( 'automotive_design' ) ;
#7467 = PRODUCT_DEFINITION_CONTEXT ( 'detailed design', #5693, 'design' ) ;
#7468 = DIRECTION ( 'NONE',  ( 1.000000000000000000, 0.0000000000000000000, 0.0000000000000000000 ) ) ;
#7469 = DIRECTION ( 'NONE',  ( 0.0000000000000000000, 0.0000000000000000000, 1.000000000000000000 ) ) ;
#7470 = CARTESIAN_POINT ( 'NONE',  ( 0.0000000000000000000, 0.0000000000000000000, 0.0000000000000000000 ) ) ;
#7471 = PRODUCT_DEFINITION_SHAPE ( 'NONE', 'NONE',  #7739 ) ;
#7472 = ITEM_DEFINED_TRANSFORMATION ( 'NONE', 'NONE', #5030,  #1948 ) ;
#7473 = CARTESIAN_POINT ( 'NONE',  ( -0.3650005400000003175, -0.2449982400000000338, -0.2872993999999996495 ) ) ;
#7474 = DIRECTION ( 'NONE',  ( 1.000000000000000000, 0.0000000000000000000, 0.0000000000000000000 ) ) ;
#7475 = NEXT_ASSEMBLY_USAGE_OCCURRENCE ( 'NAUO1', ' ', ' ', #536, #6703, $ ) ;
#7476 = NEXT_ASSEMBLY_USAGE_OCCURRENCE ( 'NAUO2', ' ', ' ', #536, #72, $ ) ;
#7477 = NEXT_ASSEMBLY_USAGE_OCCURRENCE ( 'NAUO3', ' ', ' ', #6703, #3556, $ ) ;
#7478 = NEXT_ASSEMBLY_USAGE_OCCURRENCE ( 'NAUO4', ' ', ' ', #3556, #4626, $ ) ;
#7479 = NEXT_ASSEMBLY_USAGE_OCCURRENCE ( 'NAUO5', ' ', ' ', #3556, #2260, $ ) ;
#7480 = NEXT_ASSEMBLY_USAGE_OCCURRENCE ( 'NAUO6', ' ', ' ', #4626, #7296, $ ) ;
#7481 = NEXT_ASSEMBLY_USAGE_OCCURRENCE ( 'NAUO7', ' ', ' ', #4626, #2651, $ ) ;
#7482 = NEXT_ASSEMBLY_USAGE_OCCURRENCE ( 'NAUO8', ' ', ' ', #4626, #7349, $ ) ;
#7483 = NEXT_ASSEMBLY_USAGE_OCCURRENCE ( 'NAUO9', ' ', ' ', #4626, #4576, $ ) ;
#7484 = NEXT_ASSEMBLY_USAGE_OCCURRENCE ( 'NAUO10', ' ', ' ', #4626, #5388, $ ) ;
#7485 = NEXT_ASSEMBLY_USAGE_OCCURRENCE ( 'NAUO11', ' ', ' ', #4626, #3502, $ ) ;
#7486 = NEXT_ASSEMBLY_USAGE_OCCURRENCE ( 'NAUO12', ' ', ' ', #4626, #1429, $ ) ;
#7487 = NEXT_ASSEMBLY_USAGE_OCCURRENCE ( 'NAUO13', ' ', ' ', #4626, #3747, $ ) ;
#7488 = NEXT_ASSEMBLY_USAGE_OCCURRENCE ( 'NAUO14', ' ', ' ', #4626, #6782, $ ) ;
#7489 = NEXT_ASSEMBLY_USAGE_OCCURRENCE ( 'NAUO15', ' ', ' ', #4626, #2501, $ ) ;
#7490 = NEXT_ASSEMBLY_USAGE_OCCURRENCE ( 'NAUO16', ' ', ' ', #4626, #945, $ ) ;
#7491 = NEXT_ASSEMBLY_USAGE_OCCURRENCE ( 'NAUO17', ' ', ' ', #4626, #6203, $ ) ;
#7492 = NEXT_ASSEMBLY_USAGE_OCCURRENCE ( 'NAUO18', ' ', ' ', #4626, #1981, $ ) ;
#7493 = NEXT_ASSEMBLY_USAGE_OCCURRENCE ( 'NAUO19', ' ', ' ', #4626, #6497, $ ) ;
#7494 = NEXT_ASSEMBLY_USAGE_OCCURRENCE ( 'NAUO20', ' ', ' ', #4626, #2896, $ ) ;
#7495 = NEXT_ASSEMBLY_USAGE_OCCURRENCE ( 'NAUO21', ' ', ' ', #4626, #2812, $ ) ;
#7496 = NEXT_ASSEMBLY_USAGE_OCCURRENCE ( 'NAUO22', ' ', ' ', #4626, #6742, $ ) ;
#7497 = NEXT_ASSEMBLY_USAGE_OCCURRENCE ( 'NAUO23', ' ', ' ', #4626, #3362, $ ) ;
#7498 = NEXT_ASSEMBLY_USAGE_OCCURRENCE ( 'NAUO24', ' ', ' ', #4626, #4277, $ ) ;
#7499 = NEXT_ASSEMBLY_USAGE_OCCURRENCE ( 'NAUO25', ' ', ' ', #4626, #6984, $ ) ;
#7500 = NEXT_ASSEMBLY_USAGE_OCCURRENCE ( 'NAUO26', ' ', ' ', #4626, #6637, $ ) ;
#7501 = NEXT_ASSEMBLY_USAGE_OCCURRENCE ( 'NAUO27', ' ', ' ', #4626, #1384, $ ) ;
#7502 = NEXT_ASSEMBLY_USAGE_OCCURRENCE ( 'NAUO28', ' ', ' ', #4626, #3550, $ ) ;
#7503 = NEXT_ASSEMBLY_USAGE_OCCURRENCE ( 'NAUO29', ' ', ' ', #4626, #2503, $ ) ;
#7504 = NEXT_ASSEMBLY_USAGE_OCCURRENCE ( 'NAUO30', ' ', ' ', #4626, #7297, $ ) ;
#7505 = NEXT_ASSEMBLY_USAGE_OCCURRENCE ( 'NAUO31', ' ', ' ', #4626, #6247, $ ) ;
#7506 = NEXT_ASSEMBLY_USAGE_OCCURRENCE ( 'NAUO32', ' ', ' ', #4626, #3462, $ ) ;
#7507 = NEXT_ASSEMBLY_USAGE_OCCURRENCE ( 'NAUO33', ' ', ' ', #4626, #1936, $ ) ;
#7508 = NEXT_ASSEMBLY_USAGE_OCCURRENCE ( 'NAUO34', ' ', ' ', #4626, #4266, $ ) ;
#7509 = NEXT_ASSEMBLY_USAGE_OCCURRENCE ( 'NAUO35', ' ', ' ', #4626, #892, $ ) ;
#7510 = NEXT_ASSEMBLY_USAGE_OCCURRENCE ( 'NAUO36', ' ', ' ', #4626, #2080, $ ) ;
#7511 = NEXT_ASSEMBLY_USAGE_OCCURRENCE ( 'NAUO37', ' ', ' ', #4626, #1828, $ ) ;
#7512 = NEXT_ASSEMBLY_USAGE_OCCURRENCE ( 'NAUO38', ' ', ' ', #4626, #2889, $ ) ;
#7513 = NEXT_ASSEMBLY_USAGE_OCCURRENCE ( 'NAUO39', ' ', ' ', #4626, #4906, $ ) ;
#7514 = NEXT_ASSEMBLY_USAGE_OCCURRENCE ( 'NAUO40', ' ', ' ', #4626, #7449, $ ) ;
#7515 = NEXT_ASSEMBLY_USAGE_OCCURRENCE ( 'NAUO41', ' ', ' ', #4626, #7350, $ ) ;
#7516 = NEXT_ASSEMBLY_USAGE_OCCURRENCE ( 'NAUO42', ' ', ' ', #4626, #4577, $ ) ;
#7517 = NEXT_ASSEMBLY_USAGE_OCCURRENCE ( 'NAUO43', ' ', ' ', #4626, #6304, $ ) ;
#7518 = NEXT_ASSEMBLY_USAGE_OCCURRENCE ( 'NAUO44', ' ', ' ', #4626, #1430, $ ) ;
#7519 = NEXT_ASSEMBLY_USAGE_OCCURRENCE ( 'NAUO45', ' ', ' ', #4626, #6537, $ ) ;
#7520 = NEXT_ASSEMBLY_USAGE_OCCURRENCE ( 'NAUO46', ' ', ' ', #4626, #1777, $ ) ;
#7521 = NEXT_ASSEMBLY_USAGE_OCCURRENCE ( 'NAUO47', ' ', ' ', #4626, #5302, $ ) ;
#7522 = NEXT_ASSEMBLY_USAGE_OCCURRENCE ( 'NAUO48', ' ', ' ', #4626, #4526, $ ) ;
#7523 = NEXT_ASSEMBLY_USAGE_OCCURRENCE ( 'NAUO49', ' ', ' ', #4626, #6254, $ ) ;
#7524 = NEXT_ASSEMBLY_USAGE_OCCURRENCE ( 'NAUO50', ' ', ' ', #4626, #4036, $ ) ;
#7525 = NEXT_ASSEMBLY_USAGE_OCCURRENCE ( 'NAUO51', ' ', ' ', #4626, #1477, $ ) ;
#7526 = NEXT_ASSEMBLY_USAGE_OCCURRENCE ( 'NAUO52', ' ', ' ', #4626, #5691, $ ) ;
#7527 = NEXT_ASSEMBLY_USAGE_OCCURRENCE ( 'NAUO53', ' ', ' ', #4626, #3364, $ ) ;
#7528 = NEXT_ASSEMBLY_USAGE_OCCURRENCE ( 'NAUO54', ' ', ' ', #4626, #1728, $ ) ;
#7529 = NEXT_ASSEMBLY_USAGE_OCCURRENCE ( 'NAUO55', ' ', ' ', #4626, #1148, $ ) ;
#7530 = NEXT_ASSEMBLY_USAGE_OCCURRENCE ( 'NAUO56', ' ', ' ', #4626, #7085, $ ) ;
#7531 = NEXT_ASSEMBLY_USAGE_OCCURRENCE ( 'NAUO57', ' ', ' ', #4626, #1989, $ ) ;
#7532 = NEXT_ASSEMBLY_USAGE_OCCURRENCE ( 'NAUO58', ' ', ' ', #4626, #3429, $ ) ;
#7533 = NEXT_ASSEMBLY_USAGE_OCCURRENCE ( 'NAUO59', ' ', ' ', #4626, #6358, $ ) ;
#7534 = NEXT_ASSEMBLY_USAGE_OCCURRENCE ( 'NAUO60', ' ', ' ', #4626, #5397, $ ) ;
#7535 = NEXT_ASSEMBLY_USAGE_OCCURRENCE ( 'NAUO61', ' ', ' ', #4626, #6797, $ ) ;
#7536 = NEXT_ASSEMBLY_USAGE_OCCURRENCE ( 'NAUO62', ' ', ' ', #6797, #1199, $ ) ;
#7537 = NEXT_ASSEMBLY_USAGE_OCCURRENCE ( 'NAUO63', ' ', ' ', #6797, #1826, $ ) ;
#7538 = NEXT_ASSEMBLY_USAGE_OCCURRENCE ( 'NAUO64', ' ', ' ', #1199, #6796, $ ) ;
#7539 = NEXT_ASSEMBLY_USAGE_OCCURRENCE ( 'NAUO65', ' ', ' ', #6796, #7164, $ ) ;
#7540 = NEXT_ASSEMBLY_USAGE_OCCURRENCE ( 'NAUO66', ' ', ' ', #5397, #644, $ ) ;
#7541 = NEXT_ASSEMBLY_USAGE_OCCURRENCE ( 'NAUO67', ' ', ' ', #5397, #1826, $ ) ;
#7542 = NEXT_ASSEMBLY_USAGE_OCCURRENCE ( 'NAUO68', ' ', ' ', #644, #6595, $ ) ;
#7543 = NEXT_ASSEMBLY_USAGE_OCCURRENCE ( 'NAUO69', ' ', ' ', #6595, #7164, $ ) ;
#7544 = NEXT_ASSEMBLY_USAGE_OCCURRENCE ( 'NAUO70', ' ', ' ', #6358, #1691, $ ) ;
#7545 = NEXT_ASSEMBLY_USAGE_OCCURRENCE ( 'NAUO71', ' ', ' ', #6358, #1826, $ ) ;
#7546 = NEXT_ASSEMBLY_USAGE_OCCURRENCE ( 'NAUO72', ' ', ' ', #1691, #4724, $ ) ;
#7547 = NEXT_ASSEMBLY_USAGE_OCCURRENCE ( 'NAUO73', ' ', ' ', #4724, #7164, $ ) ;
#7548 = NEXT_ASSEMBLY_USAGE_OCCURRENCE ( 'NAUO74', ' ', ' ', #3429, #2861, $ ) ;
#7549 = NEXT_ASSEMBLY_USAGE_OCCURRENCE ( 'NAUO75', ' ', ' ', #3429, #1826, $ ) ;
#7550 = NEXT_ASSEMBLY_USAGE_OCCURRENCE ( 'NAUO76', ' ', ' ', #2861, #1386, $ ) ;
#7551 = NEXT_ASSEMBLY_USAGE_OCCURRENCE ( 'NAUO77', ' ', ' ', #1386, #7164, $ ) ;
#7552 = NEXT_ASSEMBLY_USAGE_OCCURRENCE ( 'NAUO78', ' ', ' ', #1989, #5351, $ ) ;
#7553 = NEXT_ASSEMBLY_USAGE_OCCURRENCE ( 'NAUO79', ' ', ' ', #1989, #1826, $ ) ;
#7554 = NEXT_ASSEMBLY_USAGE_OCCURRENCE ( 'NAUO80', ' ', ' ', #5351, #254, $ ) ;
#7555 = NEXT_ASSEMBLY_USAGE_OCCURRENCE ( 'NAUO81', ' ', ' ', #254, #7164, $ ) ;
#7556 = NEXT_ASSEMBLY_USAGE_OCCURRENCE ( 'NAUO82', ' ', ' ', #7085, #2306, $ ) ;
#7557 = NEXT_ASSEMBLY_USAGE_OCCURRENCE ( 'NAUO83', ' ', ' ', #7085, #1826, $ ) ;
#7558 = NEXT_ASSEMBLY_USAGE_OCCURRENCE ( 'NAUO84', ' ', ' ', #2306, #3597, $ ) ;
#7559 = NEXT_ASSEMBLY_USAGE_OCCURRENCE ( 'NAUO85', ' ', ' ', #3597, #7164, $ ) ;
#7560 = NEXT_ASSEMBLY_USAGE_OCCURRENCE ( 'NAUO86', ' ', ' ', #1148, #6, $ ) ;
#7561 = NEXT_ASSEMBLY_USAGE_OCCURRENCE ( 'NAUO87', ' ', ' ', #1148, #1826, $ ) ;
#7562 = NEXT_ASSEMBLY_USAGE_OCCURRENCE ( 'NAUO88', ' ', ' ', #6, #1246, $ ) ;
#7563 = NEXT_ASSEMBLY_USAGE_OCCURRENCE ( 'NAUO89', ' ', ' ', #1246, #7164, $ ) ;
#7564 = NEXT_ASSEMBLY_USAGE_OCCURRENCE ( 'NAUO90', ' ', ' ', #1728, #2085, $ ) ;
#7565 = NEXT_ASSEMBLY_USAGE_OCCURRENCE ( 'NAUO91', ' ', ' ', #1728, #1826, $ ) ;
#7566 = NEXT_ASSEMBLY_USAGE_OCCURRENCE ( 'NAUO92', ' ', ' ', #2085, #2216, $ ) ;
#7567 = NEXT_ASSEMBLY_USAGE_OCCURRENCE ( 'NAUO93', ' ', ' ', #2216, #7164, $ ) ;
#7568 = NEXT_ASSEMBLY_USAGE_OCCURRENCE ( 'NAUO94', ' ', ' ', #3364, #337, $ ) ;
#7569 = NEXT_ASSEMBLY_USAGE_OCCURRENCE ( 'NAUO95', ' ', ' ', #3364, #1826, $ ) ;
#7570 = NEXT_ASSEMBLY_USAGE_OCCURRENCE ( 'NAUO96', ' ', ' ', #337, #572, $ ) ;
#7571 = NEXT_ASSEMBLY_USAGE_OCCURRENCE ( 'NAUO97', ' ', ' ', #572, #7164, $ ) ;
#7572 = NEXT_ASSEMBLY_USAGE_OCCURRENCE ( 'NAUO98', ' ', ' ', #5691, #3127, $ ) ;
#7573 = NEXT_ASSEMBLY_USAGE_OCCURRENCE ( 'NAUO99', ' ', ' ', #5691, #1826, $ ) ;
#7574 = NEXT_ASSEMBLY_USAGE_OCCURRENCE ( 'NAUO100', ' ', ' ', #3127, #5826, $ ) ;
#7575 = NEXT_ASSEMBLY_USAGE_OCCURRENCE ( 'NAUO101', ' ', ' ', #5826, #7164, $ ) ;
#7576 = NEXT_ASSEMBLY_USAGE_OCCURRENCE ( 'NAUO102', ' ', ' ', #1477, #2466, $ ) ;
#7577 = NEXT_ASSEMBLY_USAGE_OCCURRENCE ( 'NAUO103', ' ', ' ', #1477, #1826, $ ) ;
#7578 = NEXT_ASSEMBLY_USAGE_OCCURRENCE ( 'NAUO104', ' ', ' ', #2466, #4193, $ ) ;
#7579 = NEXT_ASSEMBLY_USAGE_OCCURRENCE ( 'NAUO105', ' ', ' ', #4193, #7164, $ ) ;
#7580 = NEXT_ASSEMBLY_USAGE_OCCURRENCE ( 'NAUO106', ' ', ' ', #4036, #3225, $ ) ;
#7581 = NEXT_ASSEMBLY_USAGE_OCCURRENCE ( 'NAUO107', ' ', ' ', #4036, #1826, $ ) ;
#7582 = NEXT_ASSEMBLY_USAGE_OCCURRENCE ( 'NAUO108', ' ', ' ', #3225, #441, $ ) ;
#7583 = NEXT_ASSEMBLY_USAGE_OCCURRENCE ( 'NAUO109', ' ', ' ', #441, #7164, $ ) ;
#7584 = NEXT_ASSEMBLY_USAGE_OCCURRENCE ( 'NAUO110', ' ', ' ', #6254, #4860, $ ) ;
#7585 = NEXT_ASSEMBLY_USAGE_OCCURRENCE ( 'NAUO111', ' ', ' ', #6254, #1826, $ ) ;
#7586 = NEXT_ASSEMBLY_USAGE_OCCURRENCE ( 'NAUO112', ' ', ' ', #4860, #2897, $ ) ;
#7587 = NEXT_ASSEMBLY_USAGE_OCCURRENCE ( 'NAUO113', ' ', ' ', #2897, #7164, $ ) ;
#7588 = NEXT_ASSEMBLY_USAGE_OCCURRENCE ( 'NAUO114', ' ', ' ', #4526, #5390, $ ) ;
#7589 = NEXT_ASSEMBLY_USAGE_OCCURRENCE ( 'NAUO115', ' ', ' ', #4526, #1826, $ ) ;
#7590 = NEXT_ASSEMBLY_USAGE_OCCURRENCE ( 'NAUO116', ' ', ' ', #5390, #5862, $ ) ;
#7591 = NEXT_ASSEMBLY_USAGE_OCCURRENCE ( 'NAUO117', ' ', ' ', #5862, #7164, $ ) ;
#7592 = NEXT_ASSEMBLY_USAGE_OCCURRENCE ( 'NAUO118', ' ', ' ', #5302, #4231, $ ) ;
#7593 = NEXT_ASSEMBLY_USAGE_OCCURRENCE ( 'NAUO119', ' ', ' ', #5302, #1826, $ ) ;
#7594 = NEXT_ASSEMBLY_USAGE_OCCURRENCE ( 'NAUO120', ' ', ' ', #4231, #6204, $ ) ;
#7595 = NEXT_ASSEMBLY_USAGE_OCCURRENCE ( 'NAUO121', ' ', ' ', #6204, #7164, $ ) ;
#7596 = NEXT_ASSEMBLY_USAGE_OCCURRENCE ( 'NAUO122', ' ', ' ', #1777, #4471, $ ) ;
#7597 = NEXT_ASSEMBLY_USAGE_OCCURRENCE ( 'NAUO123', ' ', ' ', #1777, #1826, $ ) ;
#7598 = NEXT_ASSEMBLY_USAGE_OCCURRENCE ( 'NAUO124', ' ', ' ', #4471, #3504, $ ) ;
#7599 = NEXT_ASSEMBLY_USAGE_OCCURRENCE ( 'NAUO125', ' ', ' ', #3504, #7164, $ ) ;
#7600 = NEXT_ASSEMBLY_USAGE_OCCURRENCE ( 'NAUO126', ' ', ' ', #6537, #61, $ ) ;
#7601 = NEXT_ASSEMBLY_USAGE_OCCURRENCE ( 'NAUO127', ' ', ' ', #6537, #1826, $ ) ;
#7602 = NEXT_ASSEMBLY_USAGE_OCCURRENCE ( 'NAUO128', ' ', ' ', #61, #2609, $ ) ;
#7603 = NEXT_ASSEMBLY_USAGE_OCCURRENCE ( 'NAUO129', ' ', ' ', #2609, #7164, $ ) ;
#7604 = NEXT_ASSEMBLY_USAGE_OCCURRENCE ( 'NAUO130', ' ', ' ', #1430, #5489, $ ) ;
#7605 = NEXT_ASSEMBLY_USAGE_OCCURRENCE ( 'NAUO131', ' ', ' ', #1430, #1826, $ ) ;
#7606 = NEXT_ASSEMBLY_USAGE_OCCURRENCE ( 'NAUO132', ' ', ' ', #5489, #5961, $ ) ;
#7607 = NEXT_ASSEMBLY_USAGE_OCCURRENCE ( 'NAUO133', ' ', ' ', #5961, #7164, $ ) ;
#7608 = NEXT_ASSEMBLY_USAGE_OCCURRENCE ( 'NAUO134', ' ', ' ', #6304, #7028, $ ) ;
#7609 = NEXT_ASSEMBLY_USAGE_OCCURRENCE ( 'NAUO135', ' ', ' ', #6304, #1826, $ ) ;
#7610 = NEXT_ASSEMBLY_USAGE_OCCURRENCE ( 'NAUO136', ' ', ' ', #7028, #4807, $ ) ;
#7611 = NEXT_ASSEMBLY_USAGE_OCCURRENCE ( 'NAUO137', ' ', ' ', #4807, #7164, $ ) ;
#7612 = NEXT_ASSEMBLY_USAGE_OCCURRENCE ( 'NAUO138', ' ', ' ', #4577, #2032, $ ) ;
#7613 = NEXT_ASSEMBLY_USAGE_OCCURRENCE ( 'NAUO139', ' ', ' ', #4577, #1826, $ ) ;
#7614 = NEXT_ASSEMBLY_USAGE_OCCURRENCE ( 'NAUO140', ' ', ' ', #2032, #2124, $ ) ;
#7615 = NEXT_ASSEMBLY_USAGE_OCCURRENCE ( 'NAUO141', ' ', ' ', #2124, #7164, $ ) ;
#7616 = NEXT_ASSEMBLY_USAGE_OCCURRENCE ( 'NAUO142', ' ', ' ', #7350, #7255, $ ) ;
#7617 = NEXT_ASSEMBLY_USAGE_OCCURRENCE ( 'NAUO143', ' ', ' ', #7350, #1826, $ ) ;
#7618 = NEXT_ASSEMBLY_USAGE_OCCURRENCE ( 'NAUO144', ' ', ' ', #7255, #5733, $ ) ;
#7619 = NEXT_ASSEMBLY_USAGE_OCCURRENCE ( 'NAUO145', ' ', ' ', #5733, #7164, $ ) ;
#7620 = NEXT_ASSEMBLY_USAGE_OCCURRENCE ( 'NAUO146', ' ', ' ', #7449, #4673, $ ) ;
#7621 = NEXT_ASSEMBLY_USAGE_OCCURRENCE ( 'NAUO147', ' ', ' ', #7449, #1826, $ ) ;
#7622 = NEXT_ASSEMBLY_USAGE_OCCURRENCE ( 'NAUO148', ' ', ' ', #4673, #478, $ ) ;
#7623 = NEXT_ASSEMBLY_USAGE_OCCURRENCE ( 'NAUO149', ' ', ' ', #478, #7164, $ ) ;
#7624 = NEXT_ASSEMBLY_USAGE_OCCURRENCE ( 'NAUO150', ' ', ' ', #4906, #714, $ ) ;
#7625 = NEXT_ASSEMBLY_USAGE_OCCURRENCE ( 'NAUO151', ' ', ' ', #4906, #1826, $ ) ;
#7626 = NEXT_ASSEMBLY_USAGE_OCCURRENCE ( 'NAUO152', ' ', ' ', #714, #2353, $ ) ;
#7627 = NEXT_ASSEMBLY_USAGE_OCCURRENCE ( 'NAUO153', ' ', ' ', #2353, #7164, $ ) ;
#7628 = NEXT_ASSEMBLY_USAGE_OCCURRENCE ( 'NAUO154', ' ', ' ', #2889, #4851, $ ) ;
#7629 = NEXT_ASSEMBLY_USAGE_OCCURRENCE ( 'NAUO155', ' ', ' ', #2889, #1826, $ ) ;
#7630 = NEXT_ASSEMBLY_USAGE_OCCURRENCE ( 'NAUO156', ' ', ' ', #4851, #209, $ ) ;
#7631 = NEXT_ASSEMBLY_USAGE_OCCURRENCE ( 'NAUO157', ' ', ' ', #209, #7164, $ ) ;
#7632 = NEXT_ASSEMBLY_USAGE_OCCURRENCE ( 'NAUO158', ' ', ' ', #1828, #2298, $ ) ;
#7633 = NEXT_ASSEMBLY_USAGE_OCCURRENCE ( 'NAUO159', ' ', ' ', #1828, #1826, $ ) ;
#7634 = NEXT_ASSEMBLY_USAGE_OCCURRENCE ( 'NAUO160', ' ', ' ', #2298, #1718, $ ) ;
#7635 = NEXT_ASSEMBLY_USAGE_OCCURRENCE ( 'NAUO161', ' ', ' ', #1718, #7164, $ ) ;
#7636 = NEXT_ASSEMBLY_USAGE_OCCURRENCE ( 'NAUO162', ' ', ' ', #2080, #2653, $ ) ;
#7637 = NEXT_ASSEMBLY_USAGE_OCCURRENCE ( 'NAUO163', ' ', ' ', #2080, #1826, $ ) ;
#7638 = NEXT_ASSEMBLY_USAGE_OCCURRENCE ( 'NAUO164', ' ', ' ', #2653, #5999, $ ) ;
#7639 = NEXT_ASSEMBLY_USAGE_OCCURRENCE ( 'NAUO165', ' ', ' ', #5999, #7164, $ ) ;
#7640 = NEXT_ASSEMBLY_USAGE_OCCURRENCE ( 'NAUO166', ' ', ' ', #892, #882, $ ) ;
#7641 = NEXT_ASSEMBLY_USAGE_OCCURRENCE ( 'NAUO167', ' ', ' ', #892, #1826, $ ) ;
#7642 = NEXT_ASSEMBLY_USAGE_OCCURRENCE ( 'NAUO168', ' ', ' ', #882, #2982, $ ) ;
#7643 = NEXT_ASSEMBLY_USAGE_OCCURRENCE ( 'NAUO169', ' ', ' ', #2982, #7164, $ ) ;
#7644 = NEXT_ASSEMBLY_USAGE_OCCURRENCE ( 'NAUO170', ' ', ' ', #4266, #6836, $ ) ;
#7645 = NEXT_ASSEMBLY_USAGE_OCCURRENCE ( 'NAUO171', ' ', ' ', #4266, #1826, $ ) ;
#7646 = NEXT_ASSEMBLY_USAGE_OCCURRENCE ( 'NAUO172', ' ', ' ', #6836, #666, $ ) ;
#7647 = NEXT_ASSEMBLY_USAGE_OCCURRENCE ( 'NAUO173', ' ', ' ', #666, #7164, $ ) ;
#7648 = NEXT_ASSEMBLY_USAGE_OCCURRENCE ( 'NAUO174', ' ', ' ', #1936, #2401, $ ) ;
#7649 = NEXT_ASSEMBLY_USAGE_OCCURRENCE ( 'NAUO175', ' ', ' ', #1936, #1826, $ ) ;
#7650 = NEXT_ASSEMBLY_USAGE_OCCURRENCE ( 'NAUO176', ' ', ' ', #2401, #2746, $ ) ;
#7651 = NEXT_ASSEMBLY_USAGE_OCCURRENCE ( 'NAUO177', ' ', ' ', #2746, #7164, $ ) ;
#7652 = NEXT_ASSEMBLY_USAGE_OCCURRENCE ( 'NAUO178', ' ', ' ', #3462, #1232, $ ) ;
#7653 = NEXT_ASSEMBLY_USAGE_OCCURRENCE ( 'NAUO179', ' ', ' ', #3462, #1826, $ ) ;
#7654 = NEXT_ASSEMBLY_USAGE_OCCURRENCE ( 'NAUO180', ' ', ' ', #1232, #990, $ ) ;
#7655 = NEXT_ASSEMBLY_USAGE_OCCURRENCE ( 'NAUO181', ' ', ' ', #990, #7164, $ ) ;
#7656 = NEXT_ASSEMBLY_USAGE_OCCURRENCE ( 'NAUO182', ' ', ' ', #6247, #6349, $ ) ;
#7657 = NEXT_ASSEMBLY_USAGE_OCCURRENCE ( 'NAUO183', ' ', ' ', #6247, #1826, $ ) ;
#7658 = NEXT_ASSEMBLY_USAGE_OCCURRENCE ( 'NAUO184', ' ', ' ', #6349, #3801, $ ) ;
#7659 = NEXT_ASSEMBLY_USAGE_OCCURRENCE ( 'NAUO185', ' ', ' ', #3801, #7164, $ ) ;
#7660 = NEXT_ASSEMBLY_USAGE_OCCURRENCE ( 'NAUO186', ' ', ' ', #7297, #2170, $ ) ;
#7661 = NEXT_ASSEMBLY_USAGE_OCCURRENCE ( 'NAUO187', ' ', ' ', #7297, #1826, $ ) ;
#7662 = NEXT_ASSEMBLY_USAGE_OCCURRENCE ( 'NAUO188', ' ', ' ', #2170, #3122, $ ) ;
#7663 = NEXT_ASSEMBLY_USAGE_OCCURRENCE ( 'NAUO189', ' ', ' ', #3122, #7164, $ ) ;
#7664 = NEXT_ASSEMBLY_USAGE_OCCURRENCE ( 'NAUO190', ' ', ' ', #2503, #6107, $ ) ;
#7665 = NEXT_ASSEMBLY_USAGE_OCCURRENCE ( 'NAUO191', ' ', ' ', #2503, #1826, $ ) ;
#7666 = NEXT_ASSEMBLY_USAGE_OCCURRENCE ( 'NAUO192', ' ', ' ', #6107, #4957, $ ) ;
#7667 = NEXT_ASSEMBLY_USAGE_OCCURRENCE ( 'NAUO193', ' ', ' ', #4957, #7164, $ ) ;
#7668 = NEXT_ASSEMBLY_USAGE_OCCURRENCE ( 'NAUO194', ' ', ' ', #3550, #1987, $ ) ;
#7669 = NEXT_ASSEMBLY_USAGE_OCCURRENCE ( 'NAUO195', ' ', ' ', #3550, #1826, $ ) ;
#7670 = NEXT_ASSEMBLY_USAGE_OCCURRENCE ( 'NAUO196', ' ', ' ', #1987, #7220, $ ) ;
#7671 = NEXT_ASSEMBLY_USAGE_OCCURRENCE ( 'NAUO197', ' ', ' ', #7220, #7164, $ ) ;
#7672 = NEXT_ASSEMBLY_USAGE_OCCURRENCE ( 'NAUO198', ' ', ' ', #1384, #4525, $ ) ;
#7673 = NEXT_ASSEMBLY_USAGE_OCCURRENCE ( 'NAUO199', ' ', ' ', #1384, #1826, $ ) ;
#7674 = NEXT_ASSEMBLY_USAGE_OCCURRENCE ( 'NAUO200', ' ', ' ', #4525, #6157, $ ) ;
#7675 = NEXT_ASSEMBLY_USAGE_OCCURRENCE ( 'NAUO201', ' ', ' ', #6157, #7164, $ ) ;
#7676 = NEXT_ASSEMBLY_USAGE_OCCURRENCE ( 'NAUO202', ' ', ' ', #6637, #6064, $ ) ;
#7677 = NEXT_ASSEMBLY_USAGE_OCCURRENCE ( 'NAUO203', ' ', ' ', #6637, #1826, $ ) ;
#7678 = NEXT_ASSEMBLY_USAGE_OCCURRENCE ( 'NAUO204', ' ', ' ', #6064, #6394, $ ) ;
#7679 = NEXT_ASSEMBLY_USAGE_OCCURRENCE ( 'NAUO205', ' ', ' ', #6394, #7164, $ ) ;
#7680 = NEXT_ASSEMBLY_USAGE_OCCURRENCE ( 'NAUO206', ' ', ' ', #6984, #2565, $ ) ;
#7681 = NEXT_ASSEMBLY_USAGE_OCCURRENCE ( 'NAUO207', ' ', ' ', #6984, #1826, $ ) ;
#7682 = NEXT_ASSEMBLY_USAGE_OCCURRENCE ( 'NAUO208', ' ', ' ', #2565, #5245, $ ) ;
#7683 = NEXT_ASSEMBLY_USAGE_OCCURRENCE ( 'NAUO209', ' ', ' ', #5245, #7164, $ ) ;
#7684 = NEXT_ASSEMBLY_USAGE_OCCURRENCE ( 'NAUO210', ' ', ' ', #4277, #7310, $ ) ;
#7685 = NEXT_ASSEMBLY_USAGE_OCCURRENCE ( 'NAUO211', ' ', ' ', #4277, #1826, $ ) ;
#7686 = NEXT_ASSEMBLY_USAGE_OCCURRENCE ( 'NAUO212', ' ', ' ', #7310, #808, $ ) ;
#7687 = NEXT_ASSEMBLY_USAGE_OCCURRENCE ( 'NAUO213', ' ', ' ', #808, #7164, $ ) ;
#7688 = NEXT_ASSEMBLY_USAGE_OCCURRENCE ( 'NAUO214', ' ', ' ', #3362, #5004, $ ) ;
#7689 = NEXT_ASSEMBLY_USAGE_OCCURRENCE ( 'NAUO215', ' ', ' ', #3362, #1826, $ ) ;
#7690 = NEXT_ASSEMBLY_USAGE_OCCURRENCE ( 'NAUO216', ' ', ' ', #5004, #6152, $ ) ;
#7691 = NEXT_ASSEMBLY_USAGE_OCCURRENCE ( 'NAUO217', ' ', ' ', #6152, #7164, $ ) ;
#7692 = NEXT_ASSEMBLY_USAGE_OCCURRENCE ( 'NAUO218', ' ', ' ', #6742, #6977, $ ) ;
#7693 = NEXT_ASSEMBLY_USAGE_OCCURRENCE ( 'NAUO219', ' ', ' ', #6742, #1826, $ ) ;
#7694 = NEXT_ASSEMBLY_USAGE_OCCURRENCE ( 'NAUO220', ' ', ' ', #6977, #5, $ ) ;
#7695 = NEXT_ASSEMBLY_USAGE_OCCURRENCE ( 'NAUO221', ' ', ' ', #5, #7164, $ ) ;
#7696 = NEXT_ASSEMBLY_USAGE_OCCURRENCE ( 'NAUO222', ' ', ' ', #2812, #5350, $ ) ;
#7697 = NEXT_ASSEMBLY_USAGE_OCCURRENCE ( 'NAUO223', ' ', ' ', #2812, #1826, $ ) ;
#7698 = NEXT_ASSEMBLY_USAGE_OCCURRENCE ( 'NAUO224', ' ', ' ', #5350, #252, $ ) ;
#7699 = NEXT_ASSEMBLY_USAGE_OCCURRENCE ( 'NAUO225', ' ', ' ', #252, #7164, $ ) ;
#7700 = NEXT_ASSEMBLY_USAGE_OCCURRENCE ( 'NAUO226', ' ', ' ', #2896, #336, $ ) ;
#7701 = NEXT_ASSEMBLY_USAGE_OCCURRENCE ( 'NAUO227', ' ', ' ', #2896, #1826, $ ) ;
#7702 = NEXT_ASSEMBLY_USAGE_OCCURRENCE ( 'NAUO228', ' ', ' ', #336, #7447, $ ) ;
#7703 = NEXT_ASSEMBLY_USAGE_OCCURRENCE ( 'NAUO229', ' ', ' ', #7447, #7164, $ ) ;
#7704 = NEXT_ASSEMBLY_USAGE_OCCURRENCE ( 'NAUO230', ' ', ' ', #6497, #6735, $ ) ;
#7705 = NEXT_ASSEMBLY_USAGE_OCCURRENCE ( 'NAUO231', ' ', ' ', #6497, #1826, $ ) ;
#7706 = NEXT_ASSEMBLY_USAGE_OCCURRENCE ( 'NAUO232', ' ', ' ', #6735, #2555, $ ) ;
#7707 = NEXT_ASSEMBLY_USAGE_OCCURRENCE ( 'NAUO233', ' ', ' ', #2555, #7164, $ ) ;
#7708 = NEXT_ASSEMBLY_USAGE_OCCURRENCE ( 'NAUO234', ' ', ' ', #1981, #113, $ ) ;
#7709 = NEXT_ASSEMBLY_USAGE_OCCURRENCE ( 'NAUO235', ' ', ' ', #1981, #1826, $ ) ;
#7710 = NEXT_ASSEMBLY_USAGE_OCCURRENCE ( 'NAUO236', ' ', ' ', #113, #1875, $ ) ;
#7711 = NEXT_ASSEMBLY_USAGE_OCCURRENCE ( 'NAUO237', ' ', ' ', #1875, #7164, $ ) ;
#7712 = NEXT_ASSEMBLY_USAGE_OCCURRENCE ( 'NAUO238', ' ', ' ', #6203, #3644, $ ) ;
#7713 = NEXT_ASSEMBLY_USAGE_OCCURRENCE ( 'NAUO239', ' ', ' ', #6203, #1826, $ ) ;
#7714 = NEXT_ASSEMBLY_USAGE_OCCURRENCE ( 'NAUO240', ' ', ' ', #3644, #5632, $ ) ;
#7715 = NEXT_ASSEMBLY_USAGE_OCCURRENCE ( 'NAUO241', ' ', ' ', #5632, #7164, $ ) ;
#7716 = NEXT_ASSEMBLY_USAGE_OCCURRENCE ( 'NAUO242', ' ', ' ', #945, #2608, $ ) ;
#7717 = NEXT_ASSEMBLY_USAGE_OCCURRENCE ( 'NAUO243', ' ', ' ', #945, #1826, $ ) ;
#7718 = NEXT_ASSEMBLY_USAGE_OCCURRENCE ( 'NAUO244', ' ', ' ', #2608, #3082, $ ) ;
#7719 = NEXT_ASSEMBLY_USAGE_OCCURRENCE ( 'NAUO245', ' ', ' ', #3082, #7164, $ ) ;
#7720 = NEXT_ASSEMBLY_USAGE_OCCURRENCE ( 'NAUO246', ' ', ' ', #2501, #2850, $ ) ;
#7721 = NEXT_ASSEMBLY_USAGE_OCCURRENCE ( 'NAUO247', ' ', ' ', #2501, #1826, $ ) ;
#7722 = NEXT_ASSEMBLY_USAGE_OCCURRENCE ( 'NAUO248', ' ', ' ', #2850, #2031, $ ) ;
#7723 = NEXT_ASSEMBLY_USAGE_OCCURRENCE ( 'NAUO249', ' ', ' ', #2031, #7164, $ ) ;
#7724 = NEXT_ASSEMBLY_USAGE_OCCURRENCE ( 'NAUO250', ' ', ' ', #6782, #1681, $ ) ;
#7725 = NEXT_ASSEMBLY_USAGE_OCCURRENCE ( 'NAUO251', ' ', ' ', #6782, #1826, $ ) ;
#7726 = NEXT_ASSEMBLY_USAGE_OCCURRENCE ( 'NAUO252', ' ', ' ', #1681, #713, $ ) ;
#7727 = NEXT_ASSEMBLY_USAGE_OCCURRENCE ( 'NAUO253', ' ', ' ', #713, #7164, $ ) ;
#7728 = NEXT_ASSEMBLY_USAGE_OCCURRENCE ( 'NAUO254', ' ', ' ', #3747, #5861, $ ) ;
#7729 = NEXT_ASSEMBLY_USAGE_OCCURRENCE ( 'NAUO255', ' ', ' ', #3747, #1826, $ ) ;
#7730 = NEXT_ASSEMBLY_USAGE_OCCURRENCE ( 'NAUO256', ' ', ' ', #5861, #4418, $ ) ;
#7731 = NEXT_ASSEMBLY_USAGE_OCCURRENCE ( 'NAUO257', ' ', ' ', #4418, #7164, $ ) ;
#7732 = NEXT_ASSEMBLY_USAGE_OCCURRENCE ( 'NAUO258', ' ', ' ', #1429, #2707, $ ) ;
#7733 = NEXT_ASSEMBLY_USAGE_OCCURRENCE ( 'NAUO259', ' ', ' ', #1429, #1826, $ ) ;
#7734 = NEXT_ASSEMBLY_USAGE_OCCURRENCE ( 'NAUO260', ' ', ' ', #2707, #3173, $ ) ;
#7735 = NEXT_ASSEMBLY_USAGE_OCCURRENCE ( 'NAUO261', ' ', ' ', #3173, #7164, $ ) ;
#7736 = NEXT_ASSEMBLY_USAGE_OCCURRENCE ( 'NAUO262', ' ', ' ', #3502, #4229, $ ) ;
#7737 = NEXT_ASSEMBLY_USAGE_OCCURRENCE ( 'NAUO263', ' ', ' ', #3502, #1826, $ ) ;
#7738 = NEXT_ASSEMBLY_USAGE_OCCURRENCE ( 'NAUO264', ' ', ' ', #4229, #294, $ ) ;
#7739 = NEXT_ASSEMBLY_USAGE_OCCURRENCE ( 'NAUO265', ' ', ' ', #294, #7164, $ ) ;
#7740 = NEXT_ASSEMBLY_USAGE_OCCURRENCE ( 'NAUO266', ' ', ' ', #5388, #3883, $ ) ;
#7741 = NEXT_ASSEMBLY_USAGE_OCCURRENCE ( 'NAUO267', ' ', ' ', #5388, #1826, $ ) ;
#7742 = NEXT_ASSEMBLY_USAGE_OCCURRENCE ( 'NAUO268', ' ', ' ', #3883, #7117, $ ) ;
#7743 = NEXT_ASSEMBLY_USAGE_OCCURRENCE ( 'NAUO269', ' ', ' ', #7117, #7164, $ ) ;
#7744 = NEXT_ASSEMBLY_USAGE_OCCURRENCE ( 'NAUO270', ' ', ' ', #4576, #5487, $ ) ;
#7745 = NEXT_ASSEMBLY_USAGE_OCCURRENCE ( 'NAUO271', ' ', ' ', #4576, #1826, $ ) ;
#7746 = NEXT_ASSEMBLY_USAGE_OCCURRENCE ( 'NAUO272', ' ', ' ', #5487, #2946, $ ) ;
#7747 = NEXT_ASSEMBLY_USAGE_OCCURRENCE ( 'NAUO273', ' ', ' ', #2946, #7164, $ ) ;
#7748 = NEXT_ASSEMBLY_USAGE_OCCURRENCE ( 'NAUO274', ' ', ' ', #7349, #3315, $ ) ;
#7749 = NEXT_ASSEMBLY_USAGE_OCCURRENCE ( 'NAUO275', ' ', ' ', #7349, #1826, $ ) ;
#7750 = NEXT_ASSEMBLY_USAGE_OCCURRENCE ( 'NAUO276', ' ', ' ', #3315, #4518, $ ) ;
#7751 = NEXT_ASSEMBLY_USAGE_OCCURRENCE ( 'NAUO277', ' ', ' ', #4518, #7164, $ ) ;
#7752 = NEXT_ASSEMBLY_USAGE_OCCURRENCE ( 'NAUO278', ' ', ' ', #2651, #6835, $ ) ;
#7753 = NEXT_ASSEMBLY_USAGE_OCCURRENCE ( 'NAUO279', ' ', ' ', #2651, #105, $ ) ;
#7754 = NEXT_ASSEMBLY_USAGE_OCCURRENCE ( 'NAUO280', ' ', ' ', #105, #665, $ ) ;
#7755 = NEXT_ASSEMBLY_USAGE_OCCURRENCE ( 'NAUO281', ' ', ' ', #665, #5193, $ ) ;
#7756 = NEXT_ASSEMBLY_USAGE_OCCURRENCE ( 'NAUO282', ' ', ' ', #7296, #6734, $ ) ;
ENDSEC;
END-ISO-10303-21;
