ISO-10303-21;
HEADER;
FILE_DESCRIPTION (( 'STEP AP214' ),
    '1' );
FILE_NAME ('Samtec-$PARTNUMBER.STEP',
    '2011-05-13T03:59:51',
    ( 'sysAdmin' ),
    ( 'SolidWorks' ),
    'SwSTEP 2.0',
    'SolidWorks 2011',
    '' );
FILE_SCHEMA (( 'AUTOMOTIVE_DESIGN' ));
ENDSEC;

DATA;
#1 = UNCERTAINTY_MEASURE_WITH_UNIT (LENGTH_MEASURE( 1.000000000000000100E-005 ), #3688, 'distance_accuracy_value', 'NONE');
#2 = SURFACE_STYLE_USAGE ( .BOTH. , #6432 ) ;
#3 =( LENGTH_UNIT ( ) NAMED_UNIT ( * ) SI_UNIT ( .MILLI., .METRE. ) );
#4 =( NAMED_UNIT ( * ) PLANE_ANGLE_UNIT ( ) SI_UNIT ( $, .RADIAN. ) );
#5 =( NAMED_UNIT ( * ) SI_UNIT ( $, .STERADIAN. ) SOLID_ANGLE_UNIT ( ) );
#6 = PLANE ( 'NONE',  #6510 ) ;
#7 = CARTESIAN_POINT ( 'NONE',  ( -0.8750000000000001100, 2.029999999999998900, -0.8499999999999983100 ) ) ;
#8 = DIRECTION ( 'NONE',  ( 0.0000000000000000000, -0.9827542749819860900, 0.1849162918853579600 ) ) ;
#9 = DIRECTION ( 'NONE',  ( 0.0000000000000000000, -0.1849162918853579400, -0.9827542749819859800 ) ) ;
#10 = FILL_AREA_STYLE_COLOUR ( '', #4889 ) ;
#11 = FILL_AREA_STYLE ('',( #10 ) ) ;
#12 = SURFACE_SIDE_STYLE ('',( #6467 ) ) ;
#13 = SURFACE_STYLE_USAGE ( .BOTH. , #12 ) ;
#14 =( LENGTH_UNIT ( ) NAMED_UNIT ( * ) SI_UNIT ( .MILLI., .METRE. ) );
#15 =( NAMED_UNIT ( * ) PLANE_ANGLE_UNIT ( ) SI_UNIT ( $, .RADIAN. ) );
#16 =( NAMED_UNIT ( * ) SI_UNIT ( $, .STERADIAN. ) SOLID_ANGLE_UNIT ( ) );
#17 = CARTESIAN_POINT ( 'NONE',  ( -0.8750000000000001100, -0.2700000000000011300, 3.150000000000001700 ) ) ;
#18 = DIRECTION ( 'NONE',  ( -1.000000000000000000, -0.0000000000000000000, -0.0000000000000000000 ) ) ;
#19 = DIRECTION ( 'NONE',  ( 0.0000000000000000000, 0.0000000000000000000, 1.000000000000000000 ) ) ;
#20 = FILL_AREA_STYLE_COLOUR ( '', #4891 ) ;
#21 = FILL_AREA_STYLE ('',( #20 ) ) ;
#22 = SURFACE_SIDE_STYLE ('',( #6472 ) ) ;
#23 = SURFACE_STYLE_USAGE ( .BOTH. , #22 ) ;
#24 =( LENGTH_UNIT ( ) NAMED_UNIT ( * ) SI_UNIT ( .MILLI., .METRE. ) );
#25 =( NAMED_UNIT ( * ) PLANE_ANGLE_UNIT ( ) SI_UNIT ( $, .RADIAN. ) );
#26 =( NAMED_UNIT ( * ) SI_UNIT ( $, .STERADIAN. ) SOLID_ANGLE_UNIT ( ) );
#27 = CARTESIAN_POINT ( 'NONE',  ( -0.8750000000000001100, -0.2700000000000011300, 3.150000000000001700 ) ) ;
#28 = DIRECTION ( 'NONE',  ( -1.000000000000000000, -0.0000000000000000000, -0.0000000000000000000 ) ) ;
#29 = DIRECTION ( 'NONE',  ( 0.0000000000000000000, 0.0000000000000000000, 1.000000000000000000 ) ) ;
#30 = CARTESIAN_POINT ( 'NONE',  ( 5.620000000000003700, -5.250000000000000900, -1.274999999999998800 ) ) ;
#31 = DIRECTION ( 'NONE',  ( -1.000000000000000000, -0.0000000000000000000, -0.0000000000000000000 ) ) ;
#32 = CARTESIAN_POINT ( 'NONE',  ( 6.000000000000001800, -5.249999999999999100, 8.150000000000000400 ) ) ;
#33 = DIRECTION ( 'NONE',  ( -0.0000000000000000000, -0.0000000000000000000, -1.000000000000000000 ) ) ;
#34 = CARTESIAN_POINT ( 'NONE',  ( -5.999999999999997300, -5.249999999999999100, 8.150000000000000400 ) ) ;
#35 = DIRECTION ( 'NONE',  ( 1.000000000000000000, 0.0000000000000000000, 0.0000000000000000000 ) ) ;
#36 = CARTESIAN_POINT ( 'NONE',  ( -5.999999999999997300, -5.249999999999999100, 8.150000000000000400 ) ) ;
#37 = DIRECTION ( 'NONE',  ( -0.0000000000000000000, -0.0000000000000000000, -1.000000000000000000 ) ) ;
#38 = CARTESIAN_POINT ( 'NONE',  ( -5.620000000000001900, -5.250000000000002700, -1.274999999999998800 ) ) ;
#39 = DIRECTION ( 'NONE',  ( -1.000000000000000000, 0.0000000000000000000, 0.0000000000000000000 ) ) ;
#40 = CARTESIAN_POINT ( 'NONE',  ( -5.620000000000001900, -5.250000000000002700, -1.274999999999998800 ) ) ;
#41 = DIRECTION ( 'NONE',  ( -0.0000000000000000000, -0.0000000000000000000, -1.000000000000000000 ) ) ;
#42 = CARTESIAN_POINT ( 'NONE',  ( -5.620000000000001900, -5.250000000000002700, -3.224999999999998800 ) ) ;
#43 = DIRECTION ( 'NONE',  ( -1.000000000000000000, 0.0000000000000000000, 0.0000000000000000000 ) ) ;
#44 = CARTESIAN_POINT ( 'NONE',  ( -5.999999999999997300, -5.249999999999999100, 8.150000000000000400 ) ) ;
#45 = DIRECTION ( 'NONE',  ( -0.0000000000000000000, -0.0000000000000000000, -1.000000000000000000 ) ) ;
#46 = CARTESIAN_POINT ( 'NONE',  ( -5.999999999999997300, -5.249999999999999100, -8.150000000000000400 ) ) ;
#47 = DIRECTION ( 'NONE',  ( 1.000000000000000000, 0.0000000000000000000, 0.0000000000000000000 ) ) ;
#48 = CARTESIAN_POINT ( 'NONE',  ( 1.580000000000000500, -5.249999999999995600, -5.425000000000000700 ) ) ;
#49 = DIRECTION ( 'NONE',  ( 1.000000000000000000, -0.0000000000000000000, -0.0000000000000000000 ) ) ;
#50 = CARTESIAN_POINT ( 'NONE',  ( 6.000000000000001800, -5.249999999999999100, 8.150000000000000400 ) ) ;
#51 = DIRECTION ( 'NONE',  ( -0.0000000000000000000, -0.0000000000000000000, -1.000000000000000000 ) ) ;
#52 = CARTESIAN_POINT ( 'NONE',  ( 1.580000000000000500, -5.249999999999995600, -5.425000000000000700 ) ) ;
#53 = DIRECTION ( 'NONE',  ( -0.0000000000000000000, -0.0000000000000000000, 1.000000000000000000 ) ) ;
#54 = CARTESIAN_POINT ( 'NONE',  ( 0.9199999999999983700, -5.249999999999995600, -5.425000000000000700 ) ) ;
#55 = DIRECTION ( 'NONE',  ( -0.0000000000000000000, -0.0000000000000000000, 1.000000000000000000 ) ) ;
#56 = CARTESIAN_POINT ( 'NONE',  ( -1.580000000000006100, -5.249999999999995600, -5.425000000000000700 ) ) ;
#57 = DIRECTION ( 'NONE',  ( -0.0000000000000000000, -0.0000000000000000000, 1.000000000000000000 ) ) ;
#58 = CARTESIAN_POINT ( 'NONE',  ( 1.580000000000000500, -5.249999999999995600, -5.175000000000000700 ) ) ;
#59 = DIRECTION ( 'NONE',  ( 1.000000000000000000, -0.0000000000000000000, -0.0000000000000000000 ) ) ;
#60 = CARTESIAN_POINT ( 'NONE',  ( -1.580000000000006100, -5.249999999999995600, -5.425000000000000700 ) ) ;
#61 = DIRECTION ( 'NONE',  ( 1.000000000000000000, 0.0000000000000000000, 0.0000000000000000000 ) ) ;
#62 = CARTESIAN_POINT ( 'NONE',  ( -1.580000000000006100, -5.249999999999995600, -5.175000000000000700 ) ) ;
#63 = DIRECTION ( 'NONE',  ( 1.000000000000000000, 0.0000000000000000000, 0.0000000000000000000 ) ) ;
#64 = CARTESIAN_POINT ( 'NONE',  ( -0.9200000000000040400, -5.249999999999995600, -5.425000000000000700 ) ) ;
#65 = DIRECTION ( 'NONE',  ( -0.0000000000000000000, -0.0000000000000000000, 1.000000000000000000 ) ) ;
#66 = CARTESIAN_POINT ( 'NONE',  ( -2.800000000000000300, -1.150000000000001200, 4.964232448991866800 ) ) ;
#67 = DIRECTION ( 'NONE',  ( 1.000000000000000000, 0.0000000000000000000, -0.0000000000000000000 ) ) ;
#68 = CARTESIAN_POINT ( 'NONE',  ( 1.624999999999999800, -1.150000000000001200, 7.650000000000002100 ) ) ;
#69 = DIRECTION ( 'NONE',  ( 0.0000000000000000000, -0.0000000000000000000, 1.000000000000000000 ) ) ;
#70 = CARTESIAN_POINT ( 'NONE',  ( 0.8749999999999998900, -1.150000000000001200, 7.650000000000002100 ) ) ;
#71 = DIRECTION ( 'NONE',  ( 0.0000000000000000000, -0.0000000000000000000, 1.000000000000000000 ) ) ;
#72 = CARTESIAN_POINT ( 'NONE',  ( -2.800000000000000300, -1.150000000000001200, 4.964232448991866800 ) ) ;
#73 = DIRECTION ( 'NONE',  ( 1.000000000000000000, 0.0000000000000000000, -0.0000000000000000000 ) ) ;
#74 = CARTESIAN_POINT ( 'NONE',  ( -2.800000000000000300, -1.150000000000001200, 5.413532459412500100 ) ) ;
#75 = DIRECTION ( 'NONE',  ( -1.000000000000000000, 0.0000000000000000000, 0.0000000000000000000 ) ) ;
#76 = CARTESIAN_POINT ( 'NONE',  ( -0.8750000000000001100, -1.150000000000001200, 7.650000000000002100 ) ) ;
#77 = DIRECTION ( 'NONE',  ( 0.0000000000000000000, -0.0000000000000000000, 1.000000000000000000 ) ) ;
#78 = CARTESIAN_POINT ( 'NONE',  ( -1.625000000000000200, -1.150000000000001200, 7.650000000000002100 ) ) ;
#79 = DIRECTION ( 'NONE',  ( 0.0000000000000000000, -0.0000000000000000000, 1.000000000000000000 ) ) ;
#80 = CARTESIAN_POINT ( 'NONE',  ( -2.800000000000000300, -1.150000000000001200, -0.8499999999999983100 ) ) ;
#81 = DIRECTION ( 'NONE',  ( 1.000000000000000000, 0.0000000000000000000, 0.0000000000000000000 ) ) ;
#82 = CARTESIAN_POINT ( 'NONE',  ( -2.800000000000000300, -1.150000000000001200, 5.413532459412500100 ) ) ;
#83 = DIRECTION ( 'NONE',  ( -1.000000000000000000, 0.0000000000000000000, 0.0000000000000000000 ) ) ;
#84 = CARTESIAN_POINT ( 'NONE',  ( 1.624999999999999800, -1.150000000000001200, 7.650000000000002100 ) ) ;
#85 = DIRECTION ( 'NONE',  ( 0.0000000000000000000, -0.0000000000000000000, 1.000000000000000000 ) ) ;
#86 = CARTESIAN_POINT ( 'NONE',  ( 2.799999999999999400, -1.150000000000001200, 7.650000000000002100 ) ) ;
#87 = DIRECTION ( 'NONE',  ( -0.0000000000000000000, -0.0000000000000000000, -1.000000000000000000 ) ) ;
#88 = CARTESIAN_POINT ( 'NONE',  ( -2.800000000000000300, -1.150000000000001200, 7.150000000000000400 ) ) ;
#89 = DIRECTION ( 'NONE',  ( -1.000000000000000000, 0.0000000000000000000, 0.0000000000000000000 ) ) ;
#90 = CARTESIAN_POINT ( 'NONE',  ( -2.800000000000000300, -1.150000000000001200, 7.650000000000002100 ) ) ;
#91 = DIRECTION ( 'NONE',  ( -0.0000000000000000000, -0.0000000000000000000, -1.000000000000000000 ) ) ;
#92 = CARTESIAN_POINT ( 'NONE',  ( -2.800000000000000300, -1.150000000000001200, -0.8499999999999983100 ) ) ;
#93 = DIRECTION ( 'NONE',  ( 1.000000000000000000, 0.0000000000000000000, 0.0000000000000000000 ) ) ;
#94 = CARTESIAN_POINT ( 'NONE',  ( -1.625000000000000200, -1.150000000000001200, 7.650000000000002100 ) ) ;
#95 = DIRECTION ( 'NONE',  ( 0.0000000000000000000, -0.0000000000000000000, 1.000000000000000000 ) ) ;
#96 = CARTESIAN_POINT ( 'NONE',  ( -2.800000000000000300, -1.150000000000001200, 0.09637415781889834000 ) ) ;
#97 = DIRECTION ( 'NONE',  ( -1.000000000000000000, 0.0000000000000000000, 0.0000000000000000000 ) ) ;
#98 = CARTESIAN_POINT ( 'NONE',  ( -0.8750000000000001100, -1.150000000000001200, 7.650000000000002100 ) ) ;
#99 = DIRECTION ( 'NONE',  ( 0.0000000000000000000, -0.0000000000000000000, 1.000000000000000000 ) ) ;
#100 = CARTESIAN_POINT ( 'NONE',  ( -2.800000000000000300, -1.150000000000001200, -0.8499999999999983100 ) ) ;
#101 = DIRECTION ( 'NONE',  ( 1.000000000000000000, 0.0000000000000000000, 0.0000000000000000000 ) ) ;
#102 = CARTESIAN_POINT ( 'NONE',  ( 0.8749999999999998900, -1.150000000000001200, 7.650000000000002100 ) ) ;
#103 = DIRECTION ( 'NONE',  ( 0.0000000000000000000, -0.0000000000000000000, 1.000000000000000000 ) ) ;
#104 = CARTESIAN_POINT ( 'NONE',  ( -2.800000000000000300, -1.150000000000001200, 0.09637415781889834000 ) ) ;
#105 = DIRECTION ( 'NONE',  ( -1.000000000000000000, 0.0000000000000000000, 0.0000000000000000000 ) ) ;
#106 = CARTESIAN_POINT ( 'NONE',  ( 4.225000000000001400, 3.080000000000000100, 7.650000000000002100 ) ) ;
#107 = DIRECTION ( 'NONE',  ( 1.438410842435163000E-016, 1.000000000000000000, 0.0000000000000000000 ) ) ;
#108 = CARTESIAN_POINT ( 'NONE',  ( 4.225000000000001400, 1.749999999999999800, -0.8499999999999983100 ) ) ;
#109 = DIRECTION ( 'NONE',  ( 0.0000000000000000000, 0.0000000000000000000, -1.000000000000000000 ) ) ;
#110 = CARTESIAN_POINT ( 'NONE',  ( 4.225000000000001400, 3.080000000000000100, -0.8499999999999983100 ) ) ;
#111 = DIRECTION ( 'NONE',  ( -0.0000000000000000000, -0.0000000000000000000, 1.000000000000000000 ) ) ;
#112 = CARTESIAN_POINT ( 'NONE',  ( 4.225000000000000500, -2.950000000000000200, -0.8499999999999983100 ) ) ;
#113 = DIRECTION ( 'NONE',  ( 1.438410842435163300E-016, 1.000000000000000000, 0.0000000000000000000 ) ) ;
#114 = CARTESIAN_POINT ( 'NONE',  ( 4.225000000000000500, -2.950000000000000200, -0.8499999999999983100 ) ) ;
#115 = DIRECTION ( 'NONE',  ( -0.0000000000000000000, -0.0000000000000000000, 1.000000000000000000 ) ) ;
#116 = CARTESIAN_POINT ( 'NONE',  ( 4.225000000000001400, 3.080000000000000100, 7.650000000000002100 ) ) ;
#117 = DIRECTION ( 'NONE',  ( 1.438410842435163000E-016, 1.000000000000000000, 0.0000000000000000000 ) ) ;
#118 = CARTESIAN_POINT ( 'NONE',  ( 4.225000000000000500, -1.750000000000000000, -0.8499999999999983100 ) ) ;
#119 = DIRECTION ( 'NONE',  ( 0.0000000000000000000, 0.0000000000000000000, -1.000000000000000000 ) ) ;
#120 = VECTOR ( 'NONE', #37, 1000.000000000000000 ) ;
#121 = VECTOR ( 'NONE', #39, 1000.000000000000000 ) ;
#122 = VECTOR ( 'NONE', #41, 1000.000000000000000 ) ;
#123 = VECTOR ( 'NONE', #43, 1000.000000000000000 ) ;
#124 = VECTOR ( 'NONE', #45, 1000.000000000000000 ) ;
#125 = VECTOR ( 'NONE', #47, 1000.000000000000000 ) ;
#126 = VECTOR ( 'NONE', #49, 1000.000000000000000 ) ;
#127 = VECTOR ( 'NONE', #51, 1000.000000000000000 ) ;
#128 = VECTOR ( 'NONE', #53, 1000.000000000000000 ) ;
#129 = VECTOR ( 'NONE', #55, 1000.000000000000000 ) ;
#130 = VECTOR ( 'NONE', #57, 1000.000000000000000 ) ;
#131 = VECTOR ( 'NONE', #59, 1000.000000000000000 ) ;
#132 = VECTOR ( 'NONE', #61, 1000.000000000000000 ) ;
#133 = VECTOR ( 'NONE', #63, 1000.000000000000000 ) ;
#134 = VECTOR ( 'NONE', #65, 1000.000000000000000 ) ;
#135 = VECTOR ( 'NONE', #67, 1000.000000000000000 ) ;
#136 = VECTOR ( 'NONE', #69, 1000.000000000000000 ) ;
#137 = VECTOR ( 'NONE', #71, 1000.000000000000000 ) ;
#138 = VECTOR ( 'NONE', #73, 1000.000000000000000 ) ;
#139 = VECTOR ( 'NONE', #75, 1000.000000000000000 ) ;
#140 = VECTOR ( 'NONE', #77, 1000.000000000000000 ) ;
#141 = VECTOR ( 'NONE', #79, 1000.000000000000000 ) ;
#142 = VECTOR ( 'NONE', #81, 1000.000000000000000 ) ;
#143 = VECTOR ( 'NONE', #83, 1000.000000000000000 ) ;
#144 = VECTOR ( 'NONE', #85, 1000.000000000000000 ) ;
#145 = VECTOR ( 'NONE', #87, 1000.000000000000000 ) ;
#146 = VECTOR ( 'NONE', #89, 1000.000000000000000 ) ;
#147 = VECTOR ( 'NONE', #91, 1000.000000000000000 ) ;
#148 = VECTOR ( 'NONE', #93, 1000.000000000000000 ) ;
#149 = VECTOR ( 'NONE', #95, 1000.000000000000000 ) ;
#150 = VECTOR ( 'NONE', #97, 1000.000000000000000 ) ;
#151 = LINE ( 'NONE', #62, #133 ) ;
#152 = LINE ( 'NONE', #64, #134 ) ;
#153 = LINE ( 'NONE', #66, #135 ) ;
#154 = LINE ( 'NONE', #68, #136 ) ;
#155 = LINE ( 'NONE', #70, #137 ) ;
#156 = LINE ( 'NONE', #72, #138 ) ;
#157 = LINE ( 'NONE', #74, #139 ) ;
#158 = LINE ( 'NONE', #76, #140 ) ;
#159 = LINE ( 'NONE', #78, #141 ) ;
#160 = LINE ( 'NONE', #80, #142 ) ;
#161 = LINE ( 'NONE', #82, #143 ) ;
#162 = LINE ( 'NONE', #84, #144 ) ;
#163 = LINE ( 'NONE', #86, #145 ) ;
#164 = LINE ( 'NONE', #88, #146 ) ;
#165 = LINE ( 'NONE', #90, #147 ) ;
#166 = LINE ( 'NONE', #92, #148 ) ;
#167 = LINE ( 'NONE', #94, #149 ) ;
#168 = LINE ( 'NONE', #96, #150 ) ;
#169 = LINE ( 'NONE', #98, #6262 ) ;
#170 = LINE ( 'NONE', #100, #287 ) ;
#171 = LINE ( 'NONE', #102, #288 ) ;
#172 = LINE ( 'NONE', #104, #289 ) ;
#173 = LINE ( 'NONE', #106, #290 ) ;
#174 = LINE ( 'NONE', #108, #291 ) ;
#175 = LINE ( 'NONE', #110, #292 ) ;
#176 = LINE ( 'NONE', #112, #293 ) ;
#177 = LINE ( 'NONE', #114, #294 ) ;
#178 = LINE ( 'NONE', #116, #295 ) ;
#179 = LINE ( 'NONE', #118, #296 ) ;
#180 = LINE ( 'NONE', #320, #298 ) ;
#181 = LINE ( 'NONE', #322, #299 ) ;
#182 = LINE ( 'NONE', #324, #300 ) ;
#183 = LINE ( 'NONE', #326, #301 ) ;
#184 = LINE ( 'NONE', #331, #304 ) ;
#185 = LINE ( 'NONE', #336, #306 ) ;
#186 = LINE ( 'NONE', #338, #307 ) ;
#187 = LINE ( 'NONE', #340, #308 ) ;
#188 = LINE ( 'NONE', #342, #309 ) ;
#189 = LINE ( 'NONE', #344, #310 ) ;
#190 = LINE ( 'NONE', #346, #311 ) ;
#191 = LINE ( 'NONE', #348, #312 ) ;
#192 = LINE ( 'NONE', #350, #313 ) ;
#193 = LINE ( 'NONE', #352, #314 ) ;
#194 = LINE ( 'NONE', #354, #315 ) ;
#195 = LINE ( 'NONE', #356, #316 ) ;
#196 = LINE ( 'NONE', #358, #317 ) ;
#197 = LINE ( 'NONE', #360, #318 ) ;
#198 = LINE ( 'NONE', #362, #319 ) ;
#199 = LINE ( 'NONE', #364, #446 ) ;
#200 = LINE ( 'NONE', #366, #447 ) ;
#201 = LINE ( 'NONE', #368, #448 ) ;
#202 = LINE ( 'NONE', #370, #449 ) ;
#203 = LINE ( 'NONE', #372, #450 ) ;
#204 = LINE ( 'NONE', #374, #451 ) ;
#205 = LINE ( 'NONE', #376, #452 ) ;
#206 = LINE ( 'NONE', #378, #453 ) ;
#207 = LINE ( 'NONE', #380, #454 ) ;
#208 = LINE ( 'NONE', #382, #455 ) ;
#209 = LINE ( 'NONE', #384, #457 ) ;
#210 = LINE ( 'NONE', #386, #458 ) ;
#211 = LINE ( 'NONE', #388, #459 ) ;
#212 = LINE ( 'NONE', #390, #460 ) ;
#213 = LINE ( 'NONE', #392, #462 ) ;
#214 = LINE ( 'NONE', #397, #464 ) ;
#215 = LINE ( 'NONE', #402, #467 ) ;
#216 = LINE ( 'NONE', #404, #468 ) ;
#217 = LINE ( 'NONE', #406, #469 ) ;
#218 = LINE ( 'NONE', #408, #470 ) ;
#219 = LINE ( 'NONE', #413, #473 ) ;
#220 = PRESENTATION_STYLE_ASSIGNMENT (( #443 ) ) ;
#221 = STYLED_ITEM ( 'NONE', ( #220 ), #3563 ) ;
#222 = LINE ( 'NONE', #514, #476 ) ;
#223 = LINE ( 'NONE', #516, #477 ) ;
#224 = LINE ( 'NONE', #518, #478 ) ;
#225 = LINE ( 'NONE', #520, #479 ) ;
#226 = LINE ( 'NONE', #522, #480 ) ;
#227 = LINE ( 'NONE', #524, #606 ) ;
#228 = LINE ( 'NONE', #526, #607 ) ;
#229 = LINE ( 'NONE', #528, #608 ) ;
#230 = LINE ( 'NONE', #530, #609 ) ;
#231 = LINE ( 'NONE', #532, #610 ) ;
#232 = LINE ( 'NONE', #534, #611 ) ;
#233 = LINE ( 'NONE', #536, #612 ) ;
#234 = LINE ( 'NONE', #538, #613 ) ;
#235 = LINE ( 'NONE', #540, #614 ) ;
#236 = LINE ( 'NONE', #542, #615 ) ;
#237 = LINE ( 'NONE', #544, #616 ) ;
#238 = LINE ( 'NONE', #546, #617 ) ;
#239 = LINE ( 'NONE', #548, #619 ) ;
#240 = LINE ( 'NONE', #550, #620 ) ;
#241 = LINE ( 'NONE', #552, #621 ) ;
#242 = LINE ( 'NONE', #557, #623 ) ;
#243 = LINE ( 'NONE', #559, #624 ) ;
#244 = LINE ( 'NONE', #561, #625 ) ;
#245 = LINE ( 'NONE', #566, #628 ) ;
#246 = LINE ( 'NONE', #571, #630 ) ;
#247 = LINE ( 'NONE', #573, #631 ) ;
#248 = LINE ( 'NONE', #575, #633 ) ;
#249 = LINE ( 'NONE', #580, #635 ) ;
#250 = LINE ( 'NONE', #582, #636 ) ;
#251 = LINE ( 'NONE', #584, #637 ) ;
#252 = LINE ( 'NONE', #586, #638 ) ;
#253 = LINE ( 'NONE', #588, #639 ) ;
#254 = LINE ( 'NONE', #590, #640 ) ;
#255 = LINE ( 'NONE', #592, #641 ) ;
#256 = LINE ( 'NONE', #594, #643 ) ;
#257 = LINE ( 'NONE', #596, #644 ) ;
#258 = LINE ( 'NONE', #601, #646 ) ;
#259 = LINE ( 'NONE', #603, #647 ) ;
#260 = LINE ( 'NONE', #605, #648 ) ;
#261 = LINE ( 'NONE', #683, #651 ) ;
#262 = LINE ( 'NONE', #688, #653 ) ;
#263 = LINE ( 'NONE', #690, #656 ) ;
#264 = LINE ( 'NONE', #692, #658 ) ;
#265 = LINE ( 'NONE', #697, #660 ) ;
#266 = LINE ( 'NONE', #699, #661 ) ;
#267 = LINE ( 'NONE', #701, #662 ) ;
#268 = LINE ( 'NONE', #703, #663 ) ;
#269 = LINE ( 'NONE', #705, #664 ) ;
#270 = LINE ( 'NONE', #707, #665 ) ;
#271 = LINE ( 'NONE', #709, #666 ) ;
#272 = LINE ( 'NONE', #711, #667 ) ;
#273 = LINE ( 'NONE', #713, #668 ) ;
#274 = LINE ( 'NONE', #715, #669 ) ;
#275 = LINE ( 'NONE', #717, #671 ) ;
#276 = LINE ( 'NONE', #719, #672 ) ;
#277 = LINE ( 'NONE', #721, #673 ) ;
#278 = LINE ( 'NONE', #723, #674 ) ;
#279 = LINE ( 'NONE', #725, #676 ) ;
#280 = LINE ( 'NONE', #733, #796 ) ;
#281 = LINE ( 'NONE', #741, #801 ) ;
#282 = LINE ( 'NONE', #743, #802 ) ;
#283 = LINE ( 'NONE', #745, #803 ) ;
#284 = LINE ( 'NONE', #747, #804 ) ;
#285 = LINE ( 'NONE', #749, #805 ) ;
#286 = LINE ( 'NONE', #751, #806 ) ;
#287 = VECTOR ( 'NONE', #101, 1000.000000000000000 ) ;
#288 = VECTOR ( 'NONE', #103, 1000.000000000000000 ) ;
#289 = VECTOR ( 'NONE', #105, 1000.000000000000000 ) ;
#290 = VECTOR ( 'NONE', #107, 1000.000000000000000 ) ;
#291 = VECTOR ( 'NONE', #109, 1000.000000000000000 ) ;
#292 = VECTOR ( 'NONE', #111, 1000.000000000000000 ) ;
#293 = VECTOR ( 'NONE', #113, 1000.000000000000000 ) ;
#294 = VECTOR ( 'NONE', #115, 1000.000000000000000 ) ;
#295 = VECTOR ( 'NONE', #117, 1000.000000000000000 ) ;
#296 = VECTOR ( 'NONE', #119, 1000.000000000000000 ) ;
#297 = CIRCLE ( 'NONE', #302, 0.5000000000000000000 ) ;
#298 = VECTOR ( 'NONE', #321, 1000.000000000000000 ) ;
#299 = VECTOR ( 'NONE', #323, 1000.000000000000100 ) ;
#300 = VECTOR ( 'NONE', #325, 1000.000000000000000 ) ;
#301 = VECTOR ( 'NONE', #327, 1000.000000000000000 ) ;
#302 = AXIS2_PLACEMENT_3D ( 'NONE', #328, #329, #330 ) ;
#303 = CIRCLE ( 'NONE', #465, 1.000000000000001300 ) ;
#304 = VECTOR ( 'NONE', #332, 1000.000000000000000 ) ;
#305 = AXIS2_PLACEMENT_3D ( 'NONE', #333, #334, #335 ) ;
#306 = VECTOR ( 'NONE', #337, 1000.000000000000100 ) ;
#307 = VECTOR ( 'NONE', #339, 1000.000000000000000 ) ;
#308 = VECTOR ( 'NONE', #341, 1000.000000000000000 ) ;
#309 = VECTOR ( 'NONE', #343, 1000.000000000000000 ) ;
#310 = VECTOR ( 'NONE', #345, 1000.000000000000000 ) ;
#311 = VECTOR ( 'NONE', #347, 1000.000000000000000 ) ;
#312 = VECTOR ( 'NONE', #349, 1000.000000000000000 ) ;
#313 = VECTOR ( 'NONE', #351, 1000.000000000000000 ) ;
#314 = VECTOR ( 'NONE', #353, 1000.000000000000000 ) ;
#315 = VECTOR ( 'NONE', #355, 1000.000000000000000 ) ;
#316 = VECTOR ( 'NONE', #357, 999.9999999999998900 ) ;
#317 = VECTOR ( 'NONE', #359, 1000.000000000000000 ) ;
#318 = VECTOR ( 'NONE', #361, 1000.000000000000100 ) ;
#319 = VECTOR ( 'NONE', #363, 1000.000000000000000 ) ;
#320 = CARTESIAN_POINT ( 'NONE',  ( 4.225000000000000500, -2.950000000000003300, 7.150626239469390900 ) ) ;
#321 = DIRECTION ( 'NONE',  ( -1.438410842435163000E-016, -1.000000000000000000, -3.844307236115304900E-016 ) ) ;
#322 = CARTESIAN_POINT ( 'NONE',  ( -2.974999999999998300, 4.330000000000000100, -0.8499999999999983100 ) ) ;
#323 = DIRECTION ( 'NONE',  ( -0.7071067811865474600, -0.7071067811865474600, 0.0000000000000000000 ) ) ;
#324 = CARTESIAN_POINT ( 'NONE',  ( 2.975000000000000100, 4.330000000000001000, -0.8499999999999983100 ) ) ;
#325 = DIRECTION ( 'NONE',  ( -1.000000000000000000, -2.915501640297155300E-016, 0.0000000000000000000 ) ) ;
#326 = CARTESIAN_POINT ( 'NONE',  ( -4.224999999999998800, -2.950000000000001100, -0.8499999999999983100 ) ) ;
#327 = DIRECTION ( 'NONE',  ( -0.0000000000000000000, -1.000000000000000000, -0.0000000000000000000 ) ) ;
#328 = CARTESIAN_POINT ( 'NONE',  ( -3.724999999999998800, -2.950000000000001100, -0.8499999999999983100 ) ) ;
#329 = DIRECTION ( 'NONE',  ( 0.0000000000000000000, 0.0000000000000000000, 1.000000000000000000 ) ) ;
#330 = DIRECTION ( 'NONE',  ( -1.000000000000000000, 0.0000000000000000000, 0.0000000000000000000 ) ) ;
#331 = CARTESIAN_POINT ( 'NONE',  ( 3.725000000000000500, -3.450000000000000200, -0.8499999999999983100 ) ) ;
#332 = DIRECTION ( 'NONE',  ( 1.000000000000000000, 1.164243943608595400E-016, -0.0000000000000000000 ) ) ;
#333 = CARTESIAN_POINT ( 'NONE',  ( 3.725000000000000500, -2.950000000000000200, -0.8499999999999983100 ) ) ;
#334 = DIRECTION ( 'NONE',  ( 0.0000000000000000000, 0.0000000000000000000, 1.000000000000000000 ) ) ;
#335 = DIRECTION ( 'NONE',  ( 1.000000000000000000, 0.0000000000000000000, 0.0000000000000000000 ) ) ;
#336 = CARTESIAN_POINT ( 'NONE',  ( 4.225000000000001400, 3.080000000000000100, -0.8499999999999983100 ) ) ;
#337 = DIRECTION ( 'NONE',  ( -0.7071067811865474600, 0.7071067811865474600, 0.0000000000000000000 ) ) ;
#338 = CARTESIAN_POINT ( 'NONE',  ( -2.800000000000000700, 2.029999999999998900, -0.8499999999999983100 ) ) ;
#339 = DIRECTION ( 'NONE',  ( 1.363776317591829600E-016, -1.000000000000000000, 0.0000000000000000000 ) ) ;
#340 = CARTESIAN_POINT ( 'NONE',  ( -2.800000000000000700, 2.029999999999998900, -0.8499999999999983100 ) ) ;
#341 = DIRECTION ( 'NONE',  ( -1.000000000000000000, -0.0000000000000000000, -0.0000000000000000000 ) ) ;
#342 = CARTESIAN_POINT ( 'NONE',  ( -0.8750000000000001100, 2.029999999999998900, -0.8499999999999983100 ) ) ;
#343 = DIRECTION ( 'NONE',  ( -1.000000000000000000, -0.0000000000000000000, -0.0000000000000000000 ) ) ;
#344 = CARTESIAN_POINT ( 'NONE',  ( -2.800000000000000700, 2.029999999999998900, -0.8499999999999983100 ) ) ;
#345 = DIRECTION ( 'NONE',  ( -1.000000000000000000, -0.0000000000000000000, -0.0000000000000000000 ) ) ;
#346 = CARTESIAN_POINT ( 'NONE',  ( 1.625000000000000200, 2.029999999999998900, -0.8499999999999983100 ) ) ;
#347 = DIRECTION ( 'NONE',  ( -1.000000000000000000, -0.0000000000000000000, -0.0000000000000000000 ) ) ;
#348 = CARTESIAN_POINT ( 'NONE',  ( -2.800000000000000700, 2.029999999999998900, -0.8499999999999983100 ) ) ;
#349 = DIRECTION ( 'NONE',  ( -1.000000000000000000, -0.0000000000000000000, -0.0000000000000000000 ) ) ;
#350 = CARTESIAN_POINT ( 'NONE',  ( 2.799999999999998900, 2.029999999999998900, -0.8499999999999983100 ) ) ;
#351 = DIRECTION ( 'NONE',  ( -1.363776317591829600E-016, 1.000000000000000000, -0.0000000000000000000 ) ) ;
#352 = CARTESIAN_POINT ( 'NONE',  ( 1.625000000000000200, -1.150000000000001500, -0.8499999999999983100 ) ) ;
#353 = DIRECTION ( 'NONE',  ( -1.000000000000000000, -0.0000000000000000000, -0.0000000000000000000 ) ) ;
#354 = CARTESIAN_POINT ( 'NONE',  ( -0.8750000000000001100, -1.150000000000001500, -0.8499999999999983100 ) ) ;
#355 = DIRECTION ( 'NONE',  ( -1.000000000000000000, -0.0000000000000000000, -0.0000000000000000000 ) ) ;
#356 = CARTESIAN_POINT ( 'NONE',  ( -5.999999999999998200, 3.406505220726435000, -4.487743048351871900 ) ) ;
#357 = DIRECTION ( 'NONE',  ( 8.174078933423088300E-017, -0.9895274951832141500, 0.1443445055290787900 ) ) ;
#358 = CARTESIAN_POINT ( 'NONE',  ( -6.000000000000001800, -5.450000000000002000, -1.274999999999998800 ) ) ;
#359 = DIRECTION ( 'NONE',  ( -0.0000000000000000000, -0.0000000000000000000, -1.000000000000000000 ) ) ;
#360 = CARTESIAN_POINT ( 'NONE',  ( -5.999999999999998200, 6.377428646319131600, 0.4211180429017054600 ) ) ;
#361 = DIRECTION ( 'NONE',  ( -8.174078933423088300E-017, 0.9895274951832140300, 0.1443445055290786500 ) ) ;
#362 = CARTESIAN_POINT ( 'NONE',  ( -5.999999999999998200, 5.250000000000000900, 8.150000000000000400 ) ) ;
#363 = DIRECTION ( 'NONE',  ( 8.260587980841938800E-017, -1.000000000000000000, 0.0000000000000000000 ) ) ;
#364 = CARTESIAN_POINT ( 'NONE',  ( -5.999999999999998200, 5.250000000000000900, 8.150000000000000400 ) ) ;
#365 = DIRECTION ( 'NONE',  ( -0.0000000000000000000, -0.0000000000000000000, -1.000000000000000000 ) ) ;
#366 = CARTESIAN_POINT ( 'NONE',  ( -5.999999999999998200, 5.250000000000000900, -8.150000000000000400 ) ) ;
#367 = DIRECTION ( 'NONE',  ( 8.260587980841938800E-017, -1.000000000000000000, 0.0000000000000000000 ) ) ;
#368 = CARTESIAN_POINT ( 'NONE',  ( 6.000000000000001800, 3.406505220726435000, -4.487743048351871900 ) ) ;
#369 = DIRECTION ( 'NONE',  ( 0.0000000000000000000, 0.9895274951832141500, -0.1443445055290787900 ) ) ;
#370 = CARTESIAN_POINT ( 'NONE',  ( 6.000000000000003600, -5.450000000000000200, -1.274999999999998800 ) ) ;
#371 = DIRECTION ( 'NONE',  ( -0.0000000000000000000, -0.0000000000000000000, -1.000000000000000000 ) ) ;
#372 = CARTESIAN_POINT ( 'NONE',  ( 6.000000000000001800, 5.250000000000000900, -8.150000000000000400 ) ) ;
#373 = DIRECTION ( 'NONE',  ( -0.0000000000000000000, 1.000000000000000000, -0.0000000000000000000 ) ) ;
#374 = CARTESIAN_POINT ( 'NONE',  ( 6.000000000000001800, 5.250000000000000900, 8.150000000000000400 ) ) ;
#375 = DIRECTION ( 'NONE',  ( -0.0000000000000000000, -0.0000000000000000000, -1.000000000000000000 ) ) ;
#376 = CARTESIAN_POINT ( 'NONE',  ( 6.000000000000001800, 5.250000000000000900, 8.150000000000000400 ) ) ;
#377 = DIRECTION ( 'NONE',  ( -0.0000000000000000000, 1.000000000000000000, -0.0000000000000000000 ) ) ;
#378 = CARTESIAN_POINT ( 'NONE',  ( 6.000000000000001800, 6.377428646319131600, 0.4211180429017054600 ) ) ;
#379 = DIRECTION ( 'NONE',  ( 0.0000000000000000000, -0.9895274951832140300, -0.1443445055290786500 ) ) ;
#380 = CARTESIAN_POINT ( 'NONE',  ( -5.999999999999998200, 5.250000000000000900, -8.150000000000000400 ) ) ;
#381 = DIRECTION ( 'NONE',  ( -1.000000000000000000, -0.0000000000000000000, -0.0000000000000000000 ) ) ;
#382 = CARTESIAN_POINT ( 'NONE',  ( -5.999999999999998200, 5.250000000000000900, 8.150000000000000400 ) ) ;
#383 = DIRECTION ( 'NONE',  ( -1.000000000000000000, -0.0000000000000000000, -0.0000000000000000000 ) ) ;
#384 = CARTESIAN_POINT ( 'NONE',  ( -3.328553390593273200, 4.683553390593273100, 8.150000000000000400 ) ) ;
#385 = DIRECTION ( 'NONE',  ( 0.7071067811865474600, 0.7071067811865474600, 0.0000000000000000000 ) ) ;
#386 = CARTESIAN_POINT ( 'NONE',  ( -4.724999999999999600, 3.079999999999999200, 8.150000000000000400 ) ) ;
#387 = DIRECTION ( 'NONE',  ( 0.0000000000000000000, 1.000000000000000000, 0.0000000000000000000 ) ) ;
#388 = CARTESIAN_POINT ( 'NONE',  ( 2.975000000000000100, 4.830000000000001800, 8.150000000000000400 ) ) ;
#389 = DIRECTION ( 'NONE',  ( 1.000000000000000000, 2.915501640297155300E-016, 0.0000000000000000000 ) ) ;
#390 = CARTESIAN_POINT ( 'NONE',  ( 4.578553390593275400, 3.433553390593274500, 8.150000000000000400 ) ) ;
#391 = DIRECTION ( 'NONE',  ( 0.7071067811865474600, -0.7071067811865474600, 0.0000000000000000000 ) ) ;
#392 = CARTESIAN_POINT ( 'NONE',  ( 4.725000000000000500, -2.950000000000000200, 8.150000000000000400 ) ) ;
#393 = DIRECTION ( 'NONE',  ( -1.438410842435163000E-016, -1.000000000000000000, 0.0000000000000000000 ) ) ;
#394 = CARTESIAN_POINT ( 'NONE',  ( 3.725000000000000500, -2.950000000000000200, 8.150000000000000400 ) ) ;
#395 = DIRECTION ( 'NONE',  ( 0.0000000000000000000, -0.0000000000000000000, -1.000000000000000000 ) ) ;
#396 = DIRECTION ( 'NONE',  ( 1.000000000000000000, 0.0000000000000000000, 0.0000000000000000000 ) ) ;
#397 = CARTESIAN_POINT ( 'NONE',  ( -3.724999999999998800, -3.950000000000002800, 8.150000000000000400 ) ) ;
#398 = DIRECTION ( 'NONE',  ( -1.000000000000000000, -1.164243943608595400E-016, 0.0000000000000000000 ) ) ;
#399 = CARTESIAN_POINT ( 'NONE',  ( -3.724999999999998800, -2.950000000000001100, 8.150000000000000400 ) ) ;
#400 = DIRECTION ( 'NONE',  ( 0.0000000000000000000, -0.0000000000000000000, -1.000000000000000000 ) ) ;
#401 = DIRECTION ( 'NONE',  ( 1.000000000000000000, 0.0000000000000000000, 0.0000000000000000000 ) ) ;
#402 = CARTESIAN_POINT ( 'NONE',  ( -2.974999999999998300, 4.330000000000000100, 7.650000000000002100 ) ) ;
#403 = DIRECTION ( 'NONE',  ( -1.000000000000000000, -2.915501640297155300E-016, -0.0000000000000000000 ) ) ;
#404 = CARTESIAN_POINT ( 'NONE',  ( 2.975000000000000100, 4.330000000000001000, -0.8499999999999983100 ) ) ;
#405 = DIRECTION ( 'NONE',  ( -0.0000000000000000000, -0.0000000000000000000, 1.000000000000000000 ) ) ;
#406 = CARTESIAN_POINT ( 'NONE',  ( -2.974999999999998300, 4.330000000000000100, -0.8499999999999983100 ) ) ;
#407 = DIRECTION ( 'NONE',  ( -0.0000000000000000000, -0.0000000000000000000, 1.000000000000000000 ) ) ;
#408 = CARTESIAN_POINT ( 'NONE',  ( 2.975000000000000100, 4.330000000000001000, 7.650000000000002100 ) ) ;
#409 = DIRECTION ( 'NONE',  ( -0.7071067811865474600, 0.7071067811865474600, 0.0000000000000000000 ) ) ;
#410 = CARTESIAN_POINT ( 'NONE',  ( 3.725000000000000500, -2.950000000000000200, 7.650000000000002100 ) ) ;
#411 = DIRECTION ( 'NONE',  ( 0.0000000000000000000, 0.0000000000000000000, 1.000000000000000000 ) ) ;
#412 = DIRECTION ( 'NONE',  ( 1.000000000000000000, 0.0000000000000000000, 0.0000000000000000000 ) ) ;
#413 = CARTESIAN_POINT ( 'NONE',  ( 3.725000000000000500, -3.450000000000000200, -0.8499999999999983100 ) ) ;
#414 = DIRECTION ( 'NONE',  ( -0.0000000000000000000, -0.0000000000000000000, 1.000000000000000000 ) ) ;
#415 = CARTESIAN_POINT ( 'NONE',  ( 1.580000000000003200, -5.249999999999999100, -7.175000000000000700 ) ) ;
#416 = CARTESIAN_POINT ( 'NONE',  ( -1.580000000000006100, -5.249999999999995600, -5.425000000000000700 ) ) ;
#417 = CARTESIAN_POINT ( 'NONE',  ( 0.9199999999999980400, -5.249999999999999100, -5.425000000000000700 ) ) ;
#418 = CARTESIAN_POINT ( 'NONE',  ( 1.580000000000000700, -5.249999999999999100, -5.175000000000000700 ) ) ;
#419 = CARTESIAN_POINT ( 'NONE',  ( 0.9200000000000015900, -5.249999999999999100, -7.425000000000000700 ) ) ;
#420 = CARTESIAN_POINT ( 'NONE',  ( 0.9200000000000012600, -5.249999999999999100, -7.175000000000000700 ) ) ;
#421 = CARTESIAN_POINT ( 'NONE',  ( 5.999999999999994700, -5.249999999999992000, -3.224999999999999200 ) ) ;
#422 = CARTESIAN_POINT ( 'NONE',  ( 0.9199999999999983700, -5.249999999999995600, -5.175000000000000700 ) ) ;
#423 = CARTESIAN_POINT ( 'NONE',  ( 6.000000000000001800, -5.249999999999999100, 8.150000000000000400 ) ) ;
#424 = CARTESIAN_POINT ( 'NONE',  ( 6.000000000000001800, -5.249999999999999100, -8.150000000000000400 ) ) ;
#425 = CARTESIAN_POINT ( 'NONE',  ( 1.580000000000000700, -5.249999999999999100, -5.425000000000000700 ) ) ;
#426 = CARTESIAN_POINT ( 'NONE',  ( -5.999999999999997300, -5.249999999999999100, -8.150000000000000400 ) ) ;
#427 = CARTESIAN_POINT ( 'NONE',  ( -5.620000000000001900, -5.249999999999992000, -3.224999999999999200 ) ) ;
#428 = CARTESIAN_POINT ( 'NONE',  ( 5.620000000000003700, -5.249999999999994700, -1.274999999999998800 ) ) ;
#429 = CARTESIAN_POINT ( 'NONE',  ( 5.620000000000003700, -5.250000000000000900, -3.224999999999998800 ) ) ;
#430 = CARTESIAN_POINT ( 'NONE',  ( -5.999999999999997300, -5.249999999999999100, 8.150000000000000400 ) ) ;
#431 = CARTESIAN_POINT ( 'NONE',  ( -5.999999999999997300, -5.249999999999999100, -3.224999999999998800 ) ) ;
#432 = CARTESIAN_POINT ( 'NONE',  ( -5.620000000000001900, -5.249999999999991100, -1.274999999999998400 ) ) ;
#433 = CARTESIAN_POINT ( 'NONE',  ( 5.999999999999996400, -5.249999999999991100, -1.274999999999998400 ) ) ;
#434 = CARTESIAN_POINT ( 'NONE',  ( -6.000000000000001800, -5.249999999999991100, -1.274999999999998400 ) ) ;
#435 = CARTESIAN_POINT ( 'NONE',  ( -3.853538932693424600, 1.750000000000000000, 1.874097279440172200 ) ) ;
#436 = CARTESIAN_POINT ( 'NONE',  ( -4.224999999999998800, 1.749999999999999800, 7.650000000000002100 ) ) ;
#437 = CARTESIAN_POINT ( 'NONE',  ( -3.465728657949261200, 1.750000000000000000, 2.703858203322982300 ) ) ;
#438 = CARTESIAN_POINT ( 'NONE',  ( -1.625000000000000200, 2.029999999999998900, 5.413532459412495600 ) ) ;
#439 = CARTESIAN_POINT ( 'NONE',  ( -3.695000000000014900, 1.750000000000000000, 1.800000000000002900 ) ) ;
#440 = FILL_AREA_STYLE_COLOUR ( '', #4895 ) ;
#441 = FILL_AREA_STYLE ('',( #440 ) ) ;
#442 = SURFACE_SIDE_STYLE ('',( #6477 ) ) ;
#443 = SURFACE_STYLE_USAGE ( .BOTH. , #442 ) ;
#444 =( LENGTH_UNIT ( ) NAMED_UNIT ( * ) SI_UNIT ( .MILLI., .METRE. ) );
#445 =( NAMED_UNIT ( * ) PLANE_ANGLE_UNIT ( ) SI_UNIT ( $, .RADIAN. ) );
#446 = VECTOR ( 'NONE', #365, 1000.000000000000000 ) ;
#447 = VECTOR ( 'NONE', #367, 1000.000000000000000 ) ;
#448 = VECTOR ( 'NONE', #369, 999.9999999999998900 ) ;
#449 = VECTOR ( 'NONE', #371, 1000.000000000000000 ) ;
#450 = VECTOR ( 'NONE', #373, 1000.000000000000000 ) ;
#451 = VECTOR ( 'NONE', #375, 1000.000000000000000 ) ;
#452 = VECTOR ( 'NONE', #377, 1000.000000000000000 ) ;
#453 = VECTOR ( 'NONE', #379, 1000.000000000000100 ) ;
#454 = VECTOR ( 'NONE', #381, 1000.000000000000000 ) ;
#455 = VECTOR ( 'NONE', #383, 1000.000000000000000 ) ;
#456 = CIRCLE ( 'NONE', #463, 1.000000000000001300 ) ;
#457 = VECTOR ( 'NONE', #385, 1000.000000000000100 ) ;
#458 = VECTOR ( 'NONE', #387, 1000.000000000000000 ) ;
#459 = VECTOR ( 'NONE', #389, 1000.000000000000000 ) ;
#460 = VECTOR ( 'NONE', #391, 1000.000000000000100 ) ;
#461 = MECHANICAL_DESIGN_GEOMETRIC_PRESENTATION_REPRESENTATION (  '', ( #221 ), #4893 ) ;
#462 = VECTOR ( 'NONE', #393, 1000.000000000000000 ) ;
#463 = AXIS2_PLACEMENT_3D ( 'NONE', #394, #395, #396 ) ;
#464 = VECTOR ( 'NONE', #398, 1000.000000000000000 ) ;
#465 = AXIS2_PLACEMENT_3D ( 'NONE', #399, #400, #401 ) ;
#466 = CIRCLE ( 'NONE', #471, 0.5000000000000000000 ) ;
#467 = VECTOR ( 'NONE', #403, 1000.000000000000000 ) ;
#468 = VECTOR ( 'NONE', #405, 1000.000000000000000 ) ;
#469 = VECTOR ( 'NONE', #407, 1000.000000000000000 ) ;
#470 = VECTOR ( 'NONE', #409, 1000.000000000000100 ) ;
#471 = AXIS2_PLACEMENT_3D ( 'NONE', #410, #411, #412 ) ;
#472 = PRESENTATION_LAYER_ASSIGNMENT (  '', '', ( #221 ) ) ;
#473 = VECTOR ( 'NONE', #414, 1000.000000000000000 ) ;
#474 = CIRCLE ( 'NONE', #626, 2.824999999999999300 ) ;
#475 = CIRCLE ( 'NONE', #629, 2.824999999999999300 ) ;
#476 = VECTOR ( 'NONE', #515, 1000.000000000000000 ) ;
#477 = VECTOR ( 'NONE', #517, 1000.000000000000000 ) ;
#478 = VECTOR ( 'NONE', #519, 1000.000000000000000 ) ;
#479 = VECTOR ( 'NONE', #521, 1000.000000000000000 ) ;
#480 = VECTOR ( 'NONE', #523, 1000.000000000000000 ) ;
#481 =( NAMED_UNIT ( * ) SI_UNIT ( $, .STERADIAN. ) SOLID_ANGLE_UNIT ( ) );
#482 = CARTESIAN_POINT ( 'NONE',  ( -3.724999999999998800, -3.450000000000001100, 7.650000000000002100 ) ) ;
#483 = CARTESIAN_POINT ( 'NONE',  ( -4.224999999999998800, -2.950000000000001100, 7.650000000000002100 ) ) ;
#484 = CARTESIAN_POINT ( 'NONE',  ( -2.300000000000000300, -0.6500000000000012400, 7.650000000000002100 ) ) ;
#485 = CARTESIAN_POINT ( 'NONE',  ( -3.215243233520962600, -1.750000000000000000, 4.951316752090057200 ) ) ;
#486 = CARTESIAN_POINT ( 'NONE',  ( -2.300000000000000700, 1.529999999999998900, 7.650000000000002100 ) ) ;
#487 = CARTESIAN_POINT ( 'NONE',  ( -3.307189725255851100, 1.750000000000000000, 2.629760923882813500 ) ) ;
#488 = CARTESIAN_POINT ( 'NONE',  ( 2.975000000000000100, 4.330000000000001000, 7.650000000000002100 ) ) ;
#489 = CARTESIAN_POINT ( 'NONE',  ( 2.299999999999999400, 1.529999999999998900, 7.650000000000002100 ) ) ;
#490 = CARTESIAN_POINT ( 'NONE',  ( -2.974999999999998300, 4.330000000000000100, 7.650000000000002100 ) ) ;
#491 = CARTESIAN_POINT ( 'NONE',  ( -3.379145711565575200, -1.750000000000000000, 4.889989941551471400 ) ) ;
#492 = CARTESIAN_POINT ( 'NONE',  ( -3.379145711565575200, 1.750000000000000000, 4.889989941551471400 ) ) ;
#493 = CARTESIAN_POINT ( 'NONE',  ( -3.215243233520962600, 1.750000000000000000, 4.951316752090057200 ) ) ;
#494 = CARTESIAN_POINT ( 'NONE',  ( 2.299999999999999800, -0.6500000000000012400, 7.650000000000002100 ) ) ;
#495 = CARTESIAN_POINT ( 'NONE',  ( -1.625000000000000200, 2.029999999999998900, 0.09637415781890457100 ) ) ;
#496 = CARTESIAN_POINT ( 'NONE',  ( -4.224999999999998800, 3.079999999999999200, 7.650000000000002100 ) ) ;
#497 = CARTESIAN_POINT ( 'NONE',  ( -3.724999999999998800, -3.950000000000002800, 8.150000000000000400 ) ) ;
#498 = CARTESIAN_POINT ( 'NONE',  ( -0.8750000000000001100, 2.029999999999998900, 5.413532459412496500 ) ) ;
#499 = CARTESIAN_POINT ( 'NONE',  ( 0.8749999999999998900, 2.029999999999998900, 5.413532459412495600 ) ) ;
#500 = CARTESIAN_POINT ( 'NONE',  ( -1.625000000000000200, 2.029999999999998900, 4.964232448991862300 ) ) ;
#501 = CARTESIAN_POINT ( 'NONE',  ( 1.625000000000000200, 2.029999999999998900, 5.413532459412496500 ) ) ;
#502 = CARTESIAN_POINT ( 'NONE',  ( -0.8750000000000001100, 2.029999999999998900, 4.964232448991861400 ) ) ;
#503 = CARTESIAN_POINT ( 'NONE',  ( 0.8749999999999998900, 2.029999999999998900, 4.964232448991862300 ) ) ;
#504 = CARTESIAN_POINT ( 'NONE',  ( 1.625000000000000200, 2.029999999999998900, 4.964232448991861400 ) ) ;
#505 = CARTESIAN_POINT ( 'NONE',  ( 2.799999999999998900, 2.029999999999998900, 7.150000000000000400 ) ) ;
#506 = CARTESIAN_POINT ( 'NONE',  ( -2.800000000000000700, 2.029999999999998900, 7.150000000000000400 ) ) ;
#507 = CARTESIAN_POINT ( 'NONE',  ( -4.225000000000014700, -1.750000000000000000, 7.650000000000002100 ) ) ;
#508 = CARTESIAN_POINT ( 'NONE',  ( -4.224999999999998800, 1.749999999999999800, 7.150626239469385600 ) ) ;
#509 = CARTESIAN_POINT ( 'NONE',  ( -4.224999999999997900, -1.750000000000000000, 7.150626239469380300 ) ) ;
#510 = CARTESIAN_POINT ( 'NONE',  ( 3.725000000000000500, -3.450000000000000200, 7.650000000000002100 ) ) ;
#511 = CARTESIAN_POINT ( 'NONE',  ( -0.8750000000000001100, 2.029999999999998900, 0.09637415781890268400 ) ) ;
#512 = CARTESIAN_POINT ( 'NONE',  ( 1.625000000000000200, 2.029999999999998900, 0.09637415781890268400 ) ) ;
#513 = CARTESIAN_POINT ( 'NONE',  ( 0.8749999999999998900, 2.029999999999998900, 0.09637415781890457100 ) ) ;
#514 = CARTESIAN_POINT ( 'NONE',  ( -1.625000000000000200, 2.029999999999998900, 7.650000000000002100 ) ) ;
#515 = DIRECTION ( 'NONE',  ( -0.0000000000000000000, 0.0000000000000000000, 1.000000000000000000 ) ) ;
#516 = CARTESIAN_POINT ( 'NONE',  ( 1.625000000000000200, 2.029999999999998900, 7.650000000000002100 ) ) ;
#517 = DIRECTION ( 'NONE',  ( -0.0000000000000000000, 0.0000000000000000000, 1.000000000000000000 ) ) ;
#518 = CARTESIAN_POINT ( 'NONE',  ( -2.800000000000000700, 2.029999999999998900, 0.09637415781890268400 ) ) ;
#519 = DIRECTION ( 'NONE',  ( 1.000000000000000000, 0.0000000000000000000, 0.0000000000000000000 ) ) ;
#520 = CARTESIAN_POINT ( 'NONE',  ( 0.8749999999999998900, 2.029999999999998900, 7.650000000000002100 ) ) ;
#521 = DIRECTION ( 'NONE',  ( -0.0000000000000000000, 0.0000000000000000000, 1.000000000000000000 ) ) ;
#522 = CARTESIAN_POINT ( 'NONE',  ( -0.8750000000000001100, 2.029999999999998900, 7.650000000000002100 ) ) ;
#523 = DIRECTION ( 'NONE',  ( -0.0000000000000000000, 0.0000000000000000000, 1.000000000000000000 ) ) ;
#524 = CARTESIAN_POINT ( 'NONE',  ( -2.800000000000000700, 2.029999999999998900, 0.09637415781890268400 ) ) ;
#525 = DIRECTION ( 'NONE',  ( 1.000000000000000000, 0.0000000000000000000, 0.0000000000000000000 ) ) ;
#526 = CARTESIAN_POINT ( 'NONE',  ( -1.625000000000000200, 2.029999999999998900, 7.650000000000002100 ) ) ;
#527 = DIRECTION ( 'NONE',  ( -0.0000000000000000000, 0.0000000000000000000, 1.000000000000000000 ) ) ;
#528 = CARTESIAN_POINT ( 'NONE',  ( 2.799999999999998900, 2.029999999999998900, 7.150000000000000400 ) ) ;
#529 = DIRECTION ( 'NONE',  ( 1.000000000000000000, 0.0000000000000000000, 0.0000000000000000000 ) ) ;
#530 = CARTESIAN_POINT ( 'NONE',  ( -2.800000000000000700, 1.529999999999998900, 7.650000000000002100 ) ) ;
#531 = DIRECTION ( 'NONE',  ( -1.000000000000000000, 0.0000000000000000000, -0.0000000000000000000 ) ) ;
#532 = CARTESIAN_POINT ( 'NONE',  ( 2.299999999999999400, 2.029999999999998900, 7.650000000000002100 ) ) ;
#533 = DIRECTION ( 'NONE',  ( -1.363776317591829800E-016, 1.000000000000000000, 0.0000000000000000000 ) ) ;
#534 = CARTESIAN_POINT ( 'NONE',  ( -2.300000000000000300, -1.150000000000001200, 7.650000000000002100 ) ) ;
#535 = DIRECTION ( 'NONE',  ( 1.363776317591829800E-016, -1.000000000000000000, 0.0000000000000000000 ) ) ;
#536 = CARTESIAN_POINT ( 'NONE',  ( 2.799999999999999400, -0.6500000000000012400, 7.650000000000002100 ) ) ;
#537 = DIRECTION ( 'NONE',  ( 1.000000000000000000, 0.0000000000000000000, 0.0000000000000000000 ) ) ;
#538 = CARTESIAN_POINT ( 'NONE',  ( -2.466666666666666300, -0.8166666666666673200, 7.483333333333336100 ) ) ;
#539 = DIRECTION ( 'NONE',  ( 0.5773502691896249500, 0.5773502691896249500, 0.5773502691896274000 ) ) ;
#540 = CARTESIAN_POINT ( 'NONE',  ( 0.6000000000000063100, 1.049999999999993600, 9.350000000000005000 ) ) ;
#541 = DIRECTION ( 'NONE',  ( 0.5773502691896246200, -0.5773502691896249500, -0.5773502691896275100 ) ) ;
#542 = CARTESIAN_POINT ( 'NONE',  ( 1.406666666666669600, 0.6366666666666674900, 8.543333333333336600 ) ) ;
#543 = DIRECTION ( 'NONE',  ( 0.5773502691896246200, 0.5773502691896250600, -0.5773502691896275100 ) ) ;
#544 = CARTESIAN_POINT ( 'NONE',  ( -1.406666666666669800, 0.6366666666666679400, 8.543333333333336600 ) ) ;
#545 = DIRECTION ( 'NONE',  ( 0.5773502691896249500, -0.5773502691896249500, 0.5773502691896272900 ) ) ;
#546 = CARTESIAN_POINT ( 'NONE',  ( -4.388902478044626000, -1.750000000000000000, 7.588673189461416300 ) ) ;
#547 = DIRECTION ( 'NONE',  ( -0.3504389173633513100, -0.0000000000000000000, 0.9365855888263509000 ) ) ;
#548 = CARTESIAN_POINT ( 'NONE',  ( -4.388902478044626000, 1.750000000000000000, 7.588673189461416300 ) ) ;
#549 = DIRECTION ( 'NONE',  ( -0.3504389173633513100, -0.0000000000000000000, 0.9365855888263509000 ) ) ;
#550 = CARTESIAN_POINT ( 'NONE',  ( -3.379145711565575200, 1.750000000000000000, 4.889989941551471400 ) ) ;
#551 = DIRECTION ( 'NONE',  ( -0.0000000000000000000, -1.000000000000000000, -0.0000000000000000000 ) ) ;
#552 = CARTESIAN_POINT ( 'NONE',  ( -4.225000000000014700, 1.750000000000000000, 7.650000000000002100 ) ) ;
#553 = DIRECTION ( 'NONE',  ( 0.3504389173633515300, 0.0000000000000000000, -0.9365855888263506800 ) ) ;
#554 = CARTESIAN_POINT ( 'NONE',  ( -6.025000000000015500, 1.750000000000000000, 3.900000000000002600 ) ) ;
#555 = DIRECTION ( 'NONE',  ( 0.0000000000000000000, 1.000000000000000000, 0.0000000000000000000 ) ) ;
#556 = DIRECTION ( 'NONE',  ( 0.0000000000000000000, 0.0000000000000000000, 1.000000000000000000 ) ) ;
#557 = CARTESIAN_POINT ( 'NONE',  ( -3.307189725255851100, 1.750000000000000000, 2.629760923882813500 ) ) ;
#558 = DIRECTION ( 'NONE',  ( -0.4234130253723963300, 0.0000000000000000000, -0.9059367582480547500 ) ) ;
#559 = CARTESIAN_POINT ( 'NONE',  ( -3.695000000000014900, 1.750000000000000000, 1.800000000000002900 ) ) ;
#560 = DIRECTION ( 'NONE',  ( -0.9059367582480549700, 0.0000000000000000000, 0.4234130253723960600 ) ) ;
#561 = CARTESIAN_POINT ( 'NONE',  ( -3.465728657949261200, 1.750000000000000000, 2.703858203322982300 ) ) ;
#562 = DIRECTION ( 'NONE',  ( 0.4234130253723961700, -0.0000000000000000000, 0.9059367582480548600 ) ) ;
#563 = CARTESIAN_POINT ( 'NONE',  ( -6.025000000000015500, 1.750000000000000000, 3.900000000000002600 ) ) ;
#564 = DIRECTION ( 'NONE',  ( -0.0000000000000000000, -1.000000000000000000, -0.0000000000000000000 ) ) ;
#565 = DIRECTION ( 'NONE',  ( 0.0000000000000000000, 0.0000000000000000000, 1.000000000000000000 ) ) ;
#566 = CARTESIAN_POINT ( 'NONE',  ( -4.225000000000014700, -1.750000000000000000, 7.650000000000002100 ) ) ;
#567 = DIRECTION ( 'NONE',  ( 0.3504389173633515300, 0.0000000000000000000, -0.9365855888263506800 ) ) ;
#568 = CARTESIAN_POINT ( 'NONE',  ( -6.025000000000015500, -1.750000000000000000, 3.900000000000002600 ) ) ;
#569 = DIRECTION ( 'NONE',  ( -0.0000000000000000000, -1.000000000000000000, -0.0000000000000000000 ) ) ;
#570 = DIRECTION ( 'NONE',  ( 0.0000000000000000000, 0.0000000000000000000, 1.000000000000000000 ) ) ;
#571 = CARTESIAN_POINT ( 'NONE',  ( -3.465728657949261200, -1.750000000000000000, 2.703858203322982300 ) ) ;
#572 = DIRECTION ( 'NONE',  ( 0.4234130253723961700, -0.0000000000000000000, 0.9059367582480548600 ) ) ;
#573 = CARTESIAN_POINT ( 'NONE',  ( -3.695000000000014900, -1.750000000000000000, 1.800000000000002900 ) ) ;
#574 = DIRECTION ( 'NONE',  ( -0.9059367582480549700, 0.0000000000000000000, 0.4234130253723960600 ) ) ;
#575 = CARTESIAN_POINT ( 'NONE',  ( -3.307189725255851100, -1.750000000000000000, 2.629760923882813500 ) ) ;
#576 = DIRECTION ( 'NONE',  ( -0.4234130253723963300, 0.0000000000000000000, -0.9059367582480547500 ) ) ;
#577 = CARTESIAN_POINT ( 'NONE',  ( -6.025000000000015500, -1.750000000000000000, 3.900000000000002600 ) ) ;
#578 = DIRECTION ( 'NONE',  ( 0.0000000000000000000, 1.000000000000000000, 0.0000000000000000000 ) ) ;
#579 = DIRECTION ( 'NONE',  ( 0.0000000000000000000, 0.0000000000000000000, 1.000000000000000000 ) ) ;
#580 = CARTESIAN_POINT ( 'NONE',  ( -3.215243233520962600, 1.750000000000000000, 4.951316752090057200 ) ) ;
#581 = DIRECTION ( 'NONE',  ( -0.0000000000000000000, -1.000000000000000000, -0.0000000000000000000 ) ) ;
#582 = CARTESIAN_POINT ( 'NONE',  ( -3.307189725255851100, 1.750000000000000000, 2.629760923882813500 ) ) ;
#583 = DIRECTION ( 'NONE',  ( -0.0000000000000000000, -1.000000000000000000, -0.0000000000000000000 ) ) ;
#584 = CARTESIAN_POINT ( 'NONE',  ( -3.695000000000014900, 1.750000000000000000, 1.800000000000002900 ) ) ;
#585 = DIRECTION ( 'NONE',  ( -0.0000000000000000000, -1.000000000000000000, -0.0000000000000000000 ) ) ;
#586 = CARTESIAN_POINT ( 'NONE',  ( -3.853538932693424600, 1.750000000000000000, 1.874097279440172200 ) ) ;
#587 = DIRECTION ( 'NONE',  ( -0.0000000000000000000, -1.000000000000000000, -0.0000000000000000000 ) ) ;
#588 = CARTESIAN_POINT ( 'NONE',  ( -3.465728657949261200, 1.750000000000000000, 2.703858203322982300 ) ) ;
#589 = DIRECTION ( 'NONE',  ( -0.0000000000000000000, -1.000000000000000000, -0.0000000000000000000 ) ) ;
#590 = CARTESIAN_POINT ( 'NONE',  ( 4.388902478044626000, 1.750000000000000000, 7.588673189461416300 ) ) ;
#591 = DIRECTION ( 'NONE',  ( -0.3504389173633513100, 0.0000000000000000000, -0.9365855888263509000 ) ) ;
#592 = CARTESIAN_POINT ( 'NONE',  ( 4.388902478044626000, -1.750000000000000000, 7.588673189461416300 ) ) ;
#593 = DIRECTION ( 'NONE',  ( -0.3504389173633513100, 0.0000000000000000000, -0.9365855888263509000 ) ) ;
#594 = CARTESIAN_POINT ( 'NONE',  ( 3.379145711565575200, 1.750000000000000000, 4.889989941551471400 ) ) ;
#595 = DIRECTION ( 'NONE',  ( -0.0000000000000000000, -1.000000000000000000, -0.0000000000000000000 ) ) ;
#596 = CARTESIAN_POINT ( 'NONE',  ( 4.225000000000014700, 1.750000000000000000, 7.650000000000002100 ) ) ;
#597 = DIRECTION ( 'NONE',  ( 0.3504389173633515300, -0.0000000000000000000, 0.9365855888263506800 ) ) ;
#598 = CARTESIAN_POINT ( 'NONE',  ( 6.025000000000015500, 1.750000000000000000, 3.900000000000002600 ) ) ;
#599 = DIRECTION ( 'NONE',  ( 0.0000000000000000000, -1.000000000000000000, 0.0000000000000000000 ) ) ;
#600 = DIRECTION ( 'NONE',  ( 0.0000000000000000000, 0.0000000000000000000, -1.000000000000000000 ) ) ;
#601 = CARTESIAN_POINT ( 'NONE',  ( 3.465728657949261200, 1.750000000000000000, 2.703858203322982300 ) ) ;
#602 = DIRECTION ( 'NONE',  ( 0.4234130253723961700, 0.0000000000000000000, -0.9059367582480548600 ) ) ;
#603 = CARTESIAN_POINT ( 'NONE',  ( 3.695000000000014900, 1.750000000000000000, 1.800000000000002900 ) ) ;
#604 = DIRECTION ( 'NONE',  ( -0.9059367582480549700, -0.0000000000000000000, -0.4234130253723960600 ) ) ;
#605 = CARTESIAN_POINT ( 'NONE',  ( 3.307189725255851100, 1.750000000000000000, 2.629760923882813500 ) ) ;
#606 = VECTOR ( 'NONE', #525, 1000.000000000000000 ) ;
#607 = VECTOR ( 'NONE', #527, 1000.000000000000000 ) ;
#608 = VECTOR ( 'NONE', #529, 1000.000000000000000 ) ;
#609 = VECTOR ( 'NONE', #531, 1000.000000000000000 ) ;
#610 = VECTOR ( 'NONE', #533, 1000.000000000000000 ) ;
#611 = VECTOR ( 'NONE', #535, 1000.000000000000000 ) ;
#612 = VECTOR ( 'NONE', #537, 1000.000000000000000 ) ;
#613 = VECTOR ( 'NONE', #539, 1000.000000000000100 ) ;
#614 = VECTOR ( 'NONE', #541, 1000.000000000000200 ) ;
#615 = VECTOR ( 'NONE', #543, 1000.000000000000100 ) ;
#616 = VECTOR ( 'NONE', #545, 1000.000000000000100 ) ;
#617 = VECTOR ( 'NONE', #547, 999.9999999999998900 ) ;
#618 = CIRCLE ( 'NONE', #622, 3.000000000000000000 ) ;
#619 = VECTOR ( 'NONE', #549, 999.9999999999998900 ) ;
#620 = VECTOR ( 'NONE', #551, 1000.000000000000000 ) ;
#621 = VECTOR ( 'NONE', #553, 1000.000000000000200 ) ;
#622 = AXIS2_PLACEMENT_3D ( 'NONE', #554, #555, #556 ) ;
#623 = VECTOR ( 'NONE', #558, 1000.000000000000000 ) ;
#624 = VECTOR ( 'NONE', #560, 1000.000000000000100 ) ;
#625 = VECTOR ( 'NONE', #562, 1000.000000000000000 ) ;
#626 = AXIS2_PLACEMENT_3D ( 'NONE', #563, #564, #565 ) ;
#627 = CIRCLE ( 'NONE', #649, 3.000000000000000000 ) ;
#628 = VECTOR ( 'NONE', #567, 1000.000000000000200 ) ;
#629 = AXIS2_PLACEMENT_3D ( 'NONE', #568, #569, #570 ) ;
#630 = VECTOR ( 'NONE', #572, 1000.000000000000000 ) ;
#631 = VECTOR ( 'NONE', #574, 1000.000000000000100 ) ;
#632 = CIRCLE ( 'NONE', #634, 3.000000000000000000 ) ;
#633 = VECTOR ( 'NONE', #576, 1000.000000000000000 ) ;
#634 = AXIS2_PLACEMENT_3D ( 'NONE', #577, #578, #579 ) ;
#635 = VECTOR ( 'NONE', #581, 1000.000000000000000 ) ;
#636 = VECTOR ( 'NONE', #583, 1000.000000000000000 ) ;
#637 = VECTOR ( 'NONE', #585, 1000.000000000000000 ) ;
#638 = VECTOR ( 'NONE', #587, 1000.000000000000000 ) ;
#639 = VECTOR ( 'NONE', #589, 1000.000000000000000 ) ;
#640 = VECTOR ( 'NONE', #591, 999.9999999999998900 ) ;
#641 = VECTOR ( 'NONE', #593, 999.9999999999998900 ) ;
#642 = CIRCLE ( 'NONE', #645, 2.824999999999999700 ) ;
#643 = VECTOR ( 'NONE', #595, 1000.000000000000000 ) ;
#644 = VECTOR ( 'NONE', #597, 1000.000000000000200 ) ;
#645 = AXIS2_PLACEMENT_3D ( 'NONE', #598, #599, #600 ) ;
#646 = VECTOR ( 'NONE', #602, 1000.000000000000000 ) ;
#647 = VECTOR ( 'NONE', #604, 1000.000000000000100 ) ;
#648 = VECTOR ( 'NONE', #679, 1000.000000000000000 ) ;
#649 = AXIS2_PLACEMENT_3D ( 'NONE', #680, #681, #682 ) ;
#650 = CIRCLE ( 'NONE', #652, 3.000000000000000000 ) ;
#651 = VECTOR ( 'NONE', #684, 1000.000000000000200 ) ;
#652 = AXIS2_PLACEMENT_3D ( 'NONE', #685, #686, #687 ) ;
#653 = VECTOR ( 'NONE', #689, 1000.000000000000000 ) ;
#654 = CIRCLE ( 'NONE', #798, 2.825000000000000200 ) ;
#655 = CIRCLE ( 'NONE', #678, 2.825000000000000200 ) ;
#656 = VECTOR ( 'NONE', #691, 1000.000000000000100 ) ;
#657 = CIRCLE ( 'NONE', #659, 2.824999999999999700 ) ;
#658 = VECTOR ( 'NONE', #693, 1000.000000000000000 ) ;
#659 = AXIS2_PLACEMENT_3D ( 'NONE', #694, #695, #696 ) ;
#660 = VECTOR ( 'NONE', #698, 1000.000000000000000 ) ;
#661 = VECTOR ( 'NONE', #700, 1000.000000000000000 ) ;
#662 = VECTOR ( 'NONE', #702, 1000.000000000000000 ) ;
#663 = VECTOR ( 'NONE', #704, 1000.000000000000000 ) ;
#664 = VECTOR ( 'NONE', #706, 1000.000000000000000 ) ;
#665 = VECTOR ( 'NONE', #708, 1000.000000000000100 ) ;
#666 = VECTOR ( 'NONE', #710, 1000.000000000000100 ) ;
#667 = VECTOR ( 'NONE', #712, 1000.000000000000000 ) ;
#668 = VECTOR ( 'NONE', #714, 1000.000000000000000 ) ;
#669 = VECTOR ( 'NONE', #716, 1000.000000000000000 ) ;
#670 = CIRCLE ( 'NONE', #677, 3.000000000000000000 ) ;
#671 = VECTOR ( 'NONE', #718, 1000.000000000000000 ) ;
#672 = VECTOR ( 'NONE', #720, 1000.000000000000100 ) ;
#673 = VECTOR ( 'NONE', #722, 1000.000000000000100 ) ;
#674 = VECTOR ( 'NONE', #724, 1000.000000000000000 ) ;
#675 = CIRCLE ( 'NONE', #800, 3.000000000000000000 ) ;
#676 = VECTOR ( 'NONE', #726, 1000.000000000000200 ) ;
#677 = AXIS2_PLACEMENT_3D ( 'NONE', #727, #728, #729 ) ;
#678 = AXIS2_PLACEMENT_3D ( 'NONE', #730, #731, #732 ) ;
#679 = DIRECTION ( 'NONE',  ( -0.4234130253723963300, -0.0000000000000000000, 0.9059367582480547500 ) ) ;
#680 = CARTESIAN_POINT ( 'NONE',  ( 6.025000000000015500, 1.750000000000000000, 3.900000000000002600 ) ) ;
#681 = DIRECTION ( 'NONE',  ( -0.0000000000000000000, 1.000000000000000000, -0.0000000000000000000 ) ) ;
#682 = DIRECTION ( 'NONE',  ( 0.0000000000000000000, 0.0000000000000000000, -1.000000000000000000 ) ) ;
#683 = CARTESIAN_POINT ( 'NONE',  ( 4.225000000000014700, -1.750000000000000000, 7.650000000000002100 ) ) ;
#684 = DIRECTION ( 'NONE',  ( 0.3504389173633515300, -0.0000000000000000000, 0.9365855888263506800 ) ) ;
#685 = CARTESIAN_POINT ( 'NONE',  ( 6.025000000000015500, -1.750000000000000000, 3.900000000000002600 ) ) ;
#686 = DIRECTION ( 'NONE',  ( -0.0000000000000000000, 1.000000000000000000, -0.0000000000000000000 ) ) ;
#687 = DIRECTION ( 'NONE',  ( 0.0000000000000000000, 0.0000000000000000000, -1.000000000000000000 ) ) ;
#688 = CARTESIAN_POINT ( 'NONE',  ( 3.307189725255851100, -1.750000000000000000, 2.629760923882813500 ) ) ;
#689 = DIRECTION ( 'NONE',  ( -0.4234130253723963300, -0.0000000000000000000, 0.9059367582480547500 ) ) ;
#690 = CARTESIAN_POINT ( 'NONE',  ( 3.695000000000014900, -1.750000000000000000, 1.800000000000002900 ) ) ;
#691 = DIRECTION ( 'NONE',  ( -0.9059367582480549700, -0.0000000000000000000, -0.4234130253723960600 ) ) ;
#692 = CARTESIAN_POINT ( 'NONE',  ( 3.465728657949261200, -1.750000000000000000, 2.703858203322982300 ) ) ;
#693 = DIRECTION ( 'NONE',  ( 0.4234130253723961700, 0.0000000000000000000, -0.9059367582480548600 ) ) ;
#694 = CARTESIAN_POINT ( 'NONE',  ( 6.025000000000015500, -1.750000000000000000, 3.900000000000002600 ) ) ;
#695 = DIRECTION ( 'NONE',  ( 0.0000000000000000000, -1.000000000000000000, 0.0000000000000000000 ) ) ;
#696 = DIRECTION ( 'NONE',  ( 0.0000000000000000000, 0.0000000000000000000, -1.000000000000000000 ) ) ;
#697 = CARTESIAN_POINT ( 'NONE',  ( 3.465728657949261200, 1.750000000000000000, 2.703858203322982300 ) ) ;
#698 = DIRECTION ( 'NONE',  ( -0.0000000000000000000, -1.000000000000000000, -0.0000000000000000000 ) ) ;
#699 = CARTESIAN_POINT ( 'NONE',  ( 3.853538932693424600, 1.750000000000000000, 1.874097279440172200 ) ) ;
#700 = DIRECTION ( 'NONE',  ( -0.0000000000000000000, -1.000000000000000000, -0.0000000000000000000 ) ) ;
#701 = CARTESIAN_POINT ( 'NONE',  ( 3.695000000000014900, 1.750000000000000000, 1.800000000000002900 ) ) ;
#702 = DIRECTION ( 'NONE',  ( -0.0000000000000000000, -1.000000000000000000, -0.0000000000000000000 ) ) ;
#703 = CARTESIAN_POINT ( 'NONE',  ( 3.307189725255851100, 1.750000000000000000, 2.629760923882813900 ) ) ;
#704 = DIRECTION ( 'NONE',  ( -0.0000000000000000000, -1.000000000000000000, -0.0000000000000000000 ) ) ;
#705 = CARTESIAN_POINT ( 'NONE',  ( 3.215243233520962600, 1.750000000000000000, 4.951316752090057200 ) ) ;
#706 = DIRECTION ( 'NONE',  ( -0.0000000000000000000, -1.000000000000000000, -0.0000000000000000000 ) ) ;
#707 = CARTESIAN_POINT ( 'NONE',  ( -1.625000000000000200, 2.493086043381489000, 4.318484281824290800 ) ) ;
#708 = DIRECTION ( 'NONE',  ( 0.0000000000000000000, -0.3894947606080964000, 0.9210286811271631800 ) ) ;
#709 = CARTESIAN_POINT ( 'NONE',  ( -0.8750000000000001100, 2.493086043381489000, 4.318484281824290800 ) ) ;
#710 = DIRECTION ( 'NONE',  ( 0.0000000000000000000, -0.3894947606080964000, 0.9210286811271631800 ) ) ;
#711 = CARTESIAN_POINT ( 'NONE',  ( -0.8750000000000001100, 2.493086043381489000, 4.318484281824290800 ) ) ;
#712 = DIRECTION ( 'NONE',  ( -1.000000000000000000, -0.0000000000000000000, -0.0000000000000000000 ) ) ;
#713 = CARTESIAN_POINT ( 'NONE',  ( -0.8750000000000001100, 2.331906024184235500, 4.250322698717873500 ) ) ;
#714 = DIRECTION ( 'NONE',  ( -0.0000000000000000000, 0.3894947606080967900, -0.9210286811271630700 ) ) ;
#715 = CARTESIAN_POINT ( 'NONE',  ( -1.625000000000000200, 2.331906024184235500, 4.250322698717873500 ) ) ;
#716 = DIRECTION ( 'NONE',  ( -0.0000000000000000000, 0.3894947606080967900, -0.9210286811271630700 ) ) ;
#717 = CARTESIAN_POINT ( 'NONE',  ( -0.8750000000000001100, 2.331906024184235500, 4.250322698717873500 ) ) ;
#718 = DIRECTION ( 'NONE',  ( -1.000000000000000000, -0.0000000000000000000, -0.0000000000000000000 ) ) ;
#719 = CARTESIAN_POINT ( 'NONE',  ( -1.625000000000000200, 1.858018001878151600, -0.8176396489200604700 ) ) ;
#720 = DIRECTION ( 'NONE',  ( -0.0000000000000000000, -0.1849162918853579600, -0.9827542749819859800 ) ) ;
#721 = CARTESIAN_POINT ( 'NONE',  ( -0.8750000000000001100, 1.858018001878151600, -0.8176396489200604700 ) ) ;
#722 = DIRECTION ( 'NONE',  ( -0.0000000000000000000, -0.1849162918853579600, -0.9827542749819859800 ) ) ;
#723 = CARTESIAN_POINT ( 'NONE',  ( -0.8750000000000001100, 2.506280826824109500, 2.627611475423865500 ) ) ;
#724 = DIRECTION ( 'NONE',  ( -1.000000000000000000, -0.0000000000000000000, -0.0000000000000000000 ) ) ;
#725 = CARTESIAN_POINT ( 'NONE',  ( -0.8750000000000001100, 2.029999999999998900, -0.8499999999999983100 ) ) ;
#726 = DIRECTION ( 'NONE',  ( 0.0000000000000000000, 0.1849162918853579600, 0.9827542749819859800 ) ) ;
#727 = CARTESIAN_POINT ( 'NONE',  ( -0.8750000000000001100, -0.2700000000000011300, 3.150000000000001700 ) ) ;
#728 = DIRECTION ( 'NONE',  ( 1.000000000000000000, 0.0000000000000000000, 0.0000000000000000000 ) ) ;
#729 = DIRECTION ( 'NONE',  ( 0.0000000000000000000, 0.0000000000000000000, -1.000000000000000000 ) ) ;
#730 = CARTESIAN_POINT ( 'NONE',  ( -0.8750000000000001100, -0.2700000000000011300, 3.150000000000001700 ) ) ;
#731 = DIRECTION ( 'NONE',  ( -1.000000000000000000, -0.0000000000000000000, -0.0000000000000000000 ) ) ;
#732 = DIRECTION ( 'NONE',  ( 0.0000000000000000000, 0.0000000000000000000, -1.000000000000000000 ) ) ;
#733 = CARTESIAN_POINT ( 'NONE',  ( -1.625000000000000200, 2.029999999999998900, -0.8499999999999983100 ) ) ;
#734 = DIRECTION ( 'NONE',  ( 0.0000000000000000000, 0.1849162918853579600, 0.9827542749819859800 ) ) ;
#735 = CARTESIAN_POINT ( 'NONE',  ( -1.625000000000000200, -0.2700000000000011300, 3.150000000000001700 ) ) ;
#736 = DIRECTION ( 'NONE',  ( -1.000000000000000000, -0.0000000000000000000, -0.0000000000000000000 ) ) ;
#737 = DIRECTION ( 'NONE',  ( 0.0000000000000000000, 0.0000000000000000000, -1.000000000000000000 ) ) ;
#738 = CARTESIAN_POINT ( 'NONE',  ( -1.625000000000000200, -0.2700000000000011300, 3.150000000000001700 ) ) ;
#739 = DIRECTION ( 'NONE',  ( 1.000000000000000000, 0.0000000000000000000, 0.0000000000000000000 ) ) ;
#740 = DIRECTION ( 'NONE',  ( 0.0000000000000000000, 0.0000000000000000000, -1.000000000000000000 ) ) ;
#741 = CARTESIAN_POINT ( 'NONE',  ( -0.8750000000000001100, 2.678262824945957000, 2.595251124343927800 ) ) ;
#742 = DIRECTION ( 'NONE',  ( -1.000000000000000000, -0.0000000000000000000, -0.0000000000000000000 ) ) ;
#743 = CARTESIAN_POINT ( 'NONE',  ( -0.8750000000000001100, -0.9780180018781545700, -0.8176396489200608000 ) ) ;
#744 = DIRECTION ( 'NONE',  ( 0.0000000000000000000, -0.1849162918853582100, 0.9827542749819859800 ) ) ;
#745 = CARTESIAN_POINT ( 'NONE',  ( -1.625000000000000200, -0.9780180018781545700, -0.8176396489200608000 ) ) ;
#746 = DIRECTION ( 'NONE',  ( 0.0000000000000000000, -0.1849162918853582100, 0.9827542749819859800 ) ) ;
#747 = CARTESIAN_POINT ( 'NONE',  ( -0.8750000000000001100, -1.626280826824113300, 2.627611475423865100 ) ) ;
#748 = DIRECTION ( 'NONE',  ( -1.000000000000000000, -0.0000000000000000000, -0.0000000000000000000 ) ) ;
#749 = CARTESIAN_POINT ( 'NONE',  ( -1.625000000000000200, -1.451906024184239900, 4.250322698717872600 ) ) ;
#750 = DIRECTION ( 'NONE',  ( 0.0000000000000000000, 0.3894947606080959000, 0.9210286811271634100 ) ) ;
#751 = CARTESIAN_POINT ( 'NONE',  ( -0.8750000000000001100, -1.451906024184239900, 4.250322698717872600 ) ) ;
#752 = DIRECTION ( 'NONE',  ( 0.0000000000000000000, 0.3894947606080959000, 0.9210286811271634100 ) ) ;
#753 = CARTESIAN_POINT ( 'NONE',  ( -0.8750000000000001100, -1.451906024184239900, 4.250322698717872600 ) ) ;
#754 = DIRECTION ( 'NONE',  ( -1.000000000000000000, -0.0000000000000000000, -0.0000000000000000000 ) ) ;
#755 = CARTESIAN_POINT ( 'NONE',  ( -0.8750000000000001100, -1.613086043381492900, 4.318484281824289900 ) ) ;
#756 = DIRECTION ( 'NONE',  ( -0.0000000000000000000, -0.3894947606080959000, -0.9210286811271634100 ) ) ;
#757 = CARTESIAN_POINT ( 'NONE',  ( -1.625000000000000200, -1.613086043381492900, 4.318484281824289900 ) ) ;
#758 = DIRECTION ( 'NONE',  ( -0.0000000000000000000, -0.3894947606080959000, -0.9210286811271634100 ) ) ;
#759 = CARTESIAN_POINT ( 'NONE',  ( -0.8750000000000001100, -1.613086043381492900, 4.318484281824289900 ) ) ;
#760 = DIRECTION ( 'NONE',  ( -1.000000000000000000, -0.0000000000000000000, -0.0000000000000000000 ) ) ;
#761 = CARTESIAN_POINT ( 'NONE',  ( -0.8750000000000001100, -1.150000000000001500, -0.8499999999999983100 ) ) ;
#762 = DIRECTION ( 'NONE',  ( -0.0000000000000000000, 0.1849162918853583000, -0.9827542749819859800 ) ) ;
#763 = CARTESIAN_POINT ( 'NONE',  ( -0.8750000000000001100, 1.149999999999997500, 3.150000000000001700 ) ) ;
#764 = DIRECTION ( 'NONE',  ( -1.000000000000000000, 0.0000000000000000000, 0.0000000000000000000 ) ) ;
#765 = DIRECTION ( 'NONE',  ( 0.0000000000000000000, 0.0000000000000000000, 1.000000000000000000 ) ) ;
#766 = CARTESIAN_POINT ( 'NONE',  ( -0.8750000000000001100, 1.149999999999997500, 3.150000000000001700 ) ) ;
#767 = DIRECTION ( 'NONE',  ( 1.000000000000000000, -0.0000000000000000000, -0.0000000000000000000 ) ) ;
#768 = DIRECTION ( 'NONE',  ( 0.0000000000000000000, 0.0000000000000000000, 1.000000000000000000 ) ) ;
#769 = CARTESIAN_POINT ( 'NONE',  ( -1.625000000000000200, -1.150000000000001500, -0.8499999999999983100 ) ) ;
#770 = DIRECTION ( 'NONE',  ( -0.0000000000000000000, 0.1849162918853583000, -0.9827542749819859800 ) ) ;
#771 = CARTESIAN_POINT ( 'NONE',  ( -1.625000000000000200, 1.149999999999997500, 3.150000000000001700 ) ) ;
#772 = DIRECTION ( 'NONE',  ( 1.000000000000000000, -0.0000000000000000000, -0.0000000000000000000 ) ) ;
#773 = DIRECTION ( 'NONE',  ( 0.0000000000000000000, 0.0000000000000000000, 1.000000000000000000 ) ) ;
#774 = CARTESIAN_POINT ( 'NONE',  ( -1.625000000000000200, 1.149999999999997500, 3.150000000000001700 ) ) ;
#775 = DIRECTION ( 'NONE',  ( -1.000000000000000000, 0.0000000000000000000, 0.0000000000000000000 ) ) ;
#776 = DIRECTION ( 'NONE',  ( 0.0000000000000000000, 0.0000000000000000000, 1.000000000000000000 ) ) ;
#777 = CARTESIAN_POINT ( 'NONE',  ( -0.8750000000000001100, -1.798262824945960700, 2.595251124343926000 ) ) ;
#778 = DIRECTION ( 'NONE',  ( -1.000000000000000000, -0.0000000000000000000, -0.0000000000000000000 ) ) ;
#779 = CARTESIAN_POINT ( 'NONE',  ( 0.8750000000000000000, 2.493086043381489000, 4.318484281824290800 ) ) ;
#780 = DIRECTION ( 'NONE',  ( 0.0000000000000000000, -0.3894947606080964000, 0.9210286811271631800 ) ) ;
#781 = CARTESIAN_POINT ( 'NONE',  ( 1.625000000000000200, 2.493086043381489000, 4.318484281824290800 ) ) ;
#782 = DIRECTION ( 'NONE',  ( 0.0000000000000000000, -0.3894947606080964000, 0.9210286811271631800 ) ) ;
#783 = CARTESIAN_POINT ( 'NONE',  ( 1.625000000000000200, 2.493086043381489000, 4.318484281824290800 ) ) ;
#784 = DIRECTION ( 'NONE',  ( -1.000000000000000000, -0.0000000000000000000, -0.0000000000000000000 ) ) ;
#785 = CARTESIAN_POINT ( 'NONE',  ( 1.625000000000000200, 2.331906024184235500, 4.250322698717873500 ) ) ;
#786 = DIRECTION ( 'NONE',  ( -0.0000000000000000000, 0.3894947606080967900, -0.9210286811271630700 ) ) ;
#787 = CARTESIAN_POINT ( 'NONE',  ( 0.8750000000000000000, 2.331906024184235500, 4.250322698717873500 ) ) ;
#788 = DIRECTION ( 'NONE',  ( -0.0000000000000000000, 0.3894947606080967900, -0.9210286811271630700 ) ) ;
#789 = CARTESIAN_POINT ( 'NONE',  ( 1.625000000000000200, 2.331906024184235500, 4.250322698717873500 ) ) ;
#790 = DIRECTION ( 'NONE',  ( -1.000000000000000000, -0.0000000000000000000, -0.0000000000000000000 ) ) ;
#791 = CARTESIAN_POINT ( 'NONE',  ( 0.8750000000000000000, 1.858018001878151600, -0.8176396489200604700 ) ) ;
#792 = DIRECTION ( 'NONE',  ( -0.0000000000000000000, -0.1849162918853579600, -0.9827542749819859800 ) ) ;
#793 = CARTESIAN_POINT ( 'NONE',  ( 1.625000000000000200, 1.858018001878151600, -0.8176396489200604700 ) ) ;
#794 = DIRECTION ( 'NONE',  ( -0.0000000000000000000, -0.1849162918853579600, -0.9827542749819859800 ) ) ;
#795 = CARTESIAN_POINT ( 'NONE',  ( 1.625000000000000200, 2.506280826824109500, 2.627611475423865500 ) ) ;
#796 = VECTOR ( 'NONE', #734, 1000.000000000000200 ) ;
#797 = CIRCLE ( 'NONE', #835, 2.825000000000000200 ) ;
#798 = AXIS2_PLACEMENT_3D ( 'NONE', #735, #736, #737 ) ;
#799 = CIRCLE ( 'NONE', #815, 3.000000000000000000 ) ;
#800 = AXIS2_PLACEMENT_3D ( 'NONE', #738, #739, #740 ) ;
#801 = VECTOR ( 'NONE', #742, 1000.000000000000000 ) ;
#802 = VECTOR ( 'NONE', #744, 1000.000000000000100 ) ;
#803 = VECTOR ( 'NONE', #746, 1000.000000000000100 ) ;
#804 = VECTOR ( 'NONE', #748, 1000.000000000000000 ) ;
#805 = VECTOR ( 'NONE', #750, 1000.000000000000100 ) ;
#806 = VECTOR ( 'NONE', #752, 1000.000000000000100 ) ;
#807 = VECTOR ( 'NONE', #754, 1000.000000000000000 ) ;
#808 = VECTOR ( 'NONE', #756, 1000.000000000000100 ) ;
#809 = VECTOR ( 'NONE', #758, 1000.000000000000100 ) ;
#810 = CIRCLE ( 'NONE', #813, 2.825000000000000200 ) ;
#811 = VECTOR ( 'NONE', #760, 1000.000000000000000 ) ;
#812 = VECTOR ( 'NONE', #762, 1000.000000000000100 ) ;
#813 = AXIS2_PLACEMENT_3D ( 'NONE', #763, #764, #765 ) ;
#814 = CIRCLE ( 'NONE', #820, 2.825000000000000200 ) ;
#815 = AXIS2_PLACEMENT_3D ( 'NONE', #766, #767, #768 ) ;
#816 = CIRCLE ( 'NONE', #818, 3.000000000000000000 ) ;
#817 = VECTOR ( 'NONE', #770, 1000.000000000000100 ) ;
#818 = AXIS2_PLACEMENT_3D ( 'NONE', #771, #772, #773 ) ;
#819 = CIRCLE ( 'NONE', #1039, 2.825000000000000200 ) ;
#820 = AXIS2_PLACEMENT_3D ( 'NONE', #774, #775, #776 ) ;
#821 = VECTOR ( 'NONE', #778, 1000.000000000000000 ) ;
#822 = VECTOR ( 'NONE', #780, 1000.000000000000100 ) ;
#823 = VECTOR ( 'NONE', #782, 1000.000000000000100 ) ;
#824 = VECTOR ( 'NONE', #784, 1000.000000000000000 ) ;
#825 = VECTOR ( 'NONE', #786, 1000.000000000000000 ) ;
#826 = VECTOR ( 'NONE', #788, 1000.000000000000000 ) ;
#827 = CIRCLE ( 'NONE', #834, 3.000000000000000000 ) ;
#828 = VECTOR ( 'NONE', #790, 1000.000000000000000 ) ;
#829 = VECTOR ( 'NONE', #792, 1000.000000000000100 ) ;
#830 = VECTOR ( 'NONE', #794, 1000.000000000000100 ) ;
#831 = VECTOR ( 'NONE', #909, 1000.000000000000000 ) ;
#832 = CIRCLE ( 'NONE', #1041, 3.000000000000000000 ) ;
#833 = VECTOR ( 'NONE', #911, 1000.000000000000200 ) ;
#834 = AXIS2_PLACEMENT_3D ( 'NONE', #912, #913, #914 ) ;
#835 = AXIS2_PLACEMENT_3D ( 'NONE', #915, #916, #917 ) ;
#836 = LINE ( 'NONE', #753, #807 ) ;
#837 = LINE ( 'NONE', #755, #808 ) ;
#838 = LINE ( 'NONE', #757, #809 ) ;
#839 = LINE ( 'NONE', #759, #811 ) ;
#840 = LINE ( 'NONE', #761, #812 ) ;
#841 = LINE ( 'NONE', #769, #817 ) ;
#842 = LINE ( 'NONE', #777, #821 ) ;
#843 = LINE ( 'NONE', #779, #822 ) ;
#844 = LINE ( 'NONE', #781, #823 ) ;
#845 = LINE ( 'NONE', #783, #824 ) ;
#846 = LINE ( 'NONE', #785, #825 ) ;
#847 = LINE ( 'NONE', #787, #826 ) ;
#848 = LINE ( 'NONE', #789, #828 ) ;
#849 = LINE ( 'NONE', #791, #829 ) ;
#850 = LINE ( 'NONE', #793, #830 ) ;
#851 = LINE ( 'NONE', #795, #831 ) ;
#852 = LINE ( 'NONE', #910, #833 ) ;
#853 = LINE ( 'NONE', #918, #1038 ) ;
#854 = LINE ( 'NONE', #926, #1042 ) ;
#855 = LINE ( 'NONE', #928, #1043 ) ;
#856 = LINE ( 'NONE', #930, #1044 ) ;
#857 = LINE ( 'NONE', #932, #1045 ) ;
#858 = LINE ( 'NONE', #934, #1046 ) ;
#859 = LINE ( 'NONE', #936, #1047 ) ;
#860 = LINE ( 'NONE', #938, #1048 ) ;
#861 = LINE ( 'NONE', #940, #1049 ) ;
#862 = LINE ( 'NONE', #942, #1050 ) ;
#863 = LINE ( 'NONE', #944, #1052 ) ;
#864 = LINE ( 'NONE', #946, #1054 ) ;
#865 = LINE ( 'NONE', #954, #1059 ) ;
#866 = LINE ( 'NONE', #962, #1063 ) ;
#867 = FACE_OUTER_BOUND ( 'NONE', #3637, .T. ) ;
#868 = LINE ( 'NONE', #968, #1065 ) ;
#869 = LINE ( 'NONE', #970, #1067 ) ;
#870 = FACE_OUTER_BOUND ( 'NONE', #3635, .T. ) ;
#871 = SURFACE_STYLE_FILL_AREA ( #973 ) ;
#872 = PRESENTATION_STYLE_ASSIGNMENT (( #975 ) ) ;
#873 = STYLED_ITEM ( 'NONE', ( #872 ), #3842 ) ;
#874 = SURFACE_STYLE_FILL_AREA ( #984 ) ;
#875 = PRESENTATION_STYLE_ASSIGNMENT (( #986 ) ) ;
#876 = STYLED_ITEM ( 'NONE', ( #875 ), #3843 ) ;
#877 = FACE_OUTER_BOUND ( 'NONE', #3625, .T. ) ;
#878 = SURFACE_STYLE_FILL_AREA ( #995 ) ;
#879 = PRESENTATION_STYLE_ASSIGNMENT (( #997 ) ) ;
#880 = STYLED_ITEM ( 'NONE', ( #879 ), #3844 ) ;
#881 = FACE_OUTER_BOUND ( 'NONE', #3626, .T. ) ;
#882 = SURFACE_STYLE_FILL_AREA ( #1006 ) ;
#883 = PRESENTATION_STYLE_ASSIGNMENT (( #1008 ) ) ;
#884 = STYLED_ITEM ( 'NONE', ( #883 ), #3845 ) ;
#885 = FACE_OUTER_BOUND ( 'NONE', #3619, .T. ) ;
#886 = SURFACE_STYLE_FILL_AREA ( #1017 ) ;
#887 = PRESENTATION_STYLE_ASSIGNMENT (( #1019 ) ) ;
#888 = STYLED_ITEM ( 'NONE', ( #887 ), #3846 ) ;
#889 = FACE_OUTER_BOUND ( 'NONE', #3666, .T. ) ;
#890 = SURFACE_STYLE_FILL_AREA ( #1028 ) ;
#891 = PRESENTATION_STYLE_ASSIGNMENT (( #1030 ) ) ;
#892 = STYLED_ITEM ( 'NONE', ( #891 ), #3847 ) ;
#893 = FACE_OUTER_BOUND ( 'NONE', #3667, .T. ) ;
#894 = SURFACE_STYLE_FILL_AREA ( #1193 ) ;
#895 = PRESENTATION_STYLE_ASSIGNMENT (( #1195 ) ) ;
#896 = STYLED_ITEM ( 'NONE', ( #895 ), #3848 ) ;
#897 = CYLINDRICAL_SURFACE ( 'NONE', #1167, 2.825000000000000200 ) ;
#898 = FACE_OUTER_BOUND ( 'NONE', #3627, .T. ) ;
#899 = SURFACE_STYLE_FILL_AREA ( #1203 ) ;
#900 = PRESENTATION_STYLE_ASSIGNMENT (( #1205 ) ) ;
#901 = STYLED_ITEM ( 'NONE', ( #900 ), #3849 ) ;
#902 = CYLINDRICAL_SURFACE ( 'NONE', #1170, 3.000000000000000000 ) ;
#903 = FACE_OUTER_BOUND ( 'NONE', #3623, .T. ) ;
#904 = SURFACE_STYLE_FILL_AREA ( #1213 ) ;
#905 = PRESENTATION_STYLE_ASSIGNMENT (( #1215 ) ) ;
#906 = STYLED_ITEM ( 'NONE', ( #905 ), #3850 ) ;
#907 = FACE_OUTER_BOUND ( 'NONE', #3618, .T. ) ;
#908 = SURFACE_STYLE_FILL_AREA ( #1224 ) ;
#909 = DIRECTION ( 'NONE',  ( -1.000000000000000000, -0.0000000000000000000, -0.0000000000000000000 ) ) ;
#910 = CARTESIAN_POINT ( 'NONE',  ( 1.625000000000000200, 2.029999999999998900, -0.8499999999999983100 ) ) ;
#911 = DIRECTION ( 'NONE',  ( 0.0000000000000000000, 0.1849162918853579600, 0.9827542749819859800 ) ) ;
#912 = CARTESIAN_POINT ( 'NONE',  ( 1.625000000000000200, -0.2700000000000011300, 3.150000000000001700 ) ) ;
#913 = DIRECTION ( 'NONE',  ( 1.000000000000000000, 0.0000000000000000000, 0.0000000000000000000 ) ) ;
#914 = DIRECTION ( 'NONE',  ( 0.0000000000000000000, 0.0000000000000000000, -1.000000000000000000 ) ) ;
#915 = CARTESIAN_POINT ( 'NONE',  ( 1.625000000000000200, -0.2700000000000011300, 3.150000000000001700 ) ) ;
#916 = DIRECTION ( 'NONE',  ( -1.000000000000000000, -0.0000000000000000000, -0.0000000000000000000 ) ) ;
#917 = DIRECTION ( 'NONE',  ( 0.0000000000000000000, 0.0000000000000000000, -1.000000000000000000 ) ) ;
#918 = CARTESIAN_POINT ( 'NONE',  ( 0.8750000000000000000, 2.029999999999998900, -0.8499999999999983100 ) ) ;
#919 = DIRECTION ( 'NONE',  ( 0.0000000000000000000, 0.1849162918853579600, 0.9827542749819859800 ) ) ;
#920 = CARTESIAN_POINT ( 'NONE',  ( 0.8750000000000000000, -0.2700000000000011300, 3.150000000000001700 ) ) ;
#921 = DIRECTION ( 'NONE',  ( -1.000000000000000000, -0.0000000000000000000, -0.0000000000000000000 ) ) ;
#922 = DIRECTION ( 'NONE',  ( 0.0000000000000000000, 0.0000000000000000000, -1.000000000000000000 ) ) ;
#923 = CARTESIAN_POINT ( 'NONE',  ( 0.8750000000000000000, -0.2700000000000011300, 3.150000000000001700 ) ) ;
#924 = DIRECTION ( 'NONE',  ( 1.000000000000000000, 0.0000000000000000000, 0.0000000000000000000 ) ) ;
#925 = DIRECTION ( 'NONE',  ( 0.0000000000000000000, 0.0000000000000000000, -1.000000000000000000 ) ) ;
#926 = CARTESIAN_POINT ( 'NONE',  ( 1.625000000000000200, 2.678262824945957000, 2.595251124343927800 ) ) ;
#927 = DIRECTION ( 'NONE',  ( -1.000000000000000000, -0.0000000000000000000, -0.0000000000000000000 ) ) ;
#928 = CARTESIAN_POINT ( 'NONE',  ( 1.625000000000000200, -0.9780180018781545700, -0.8176396489200608000 ) ) ;
#929 = DIRECTION ( 'NONE',  ( 0.0000000000000000000, -0.1849162918853582100, 0.9827542749819859800 ) ) ;
#930 = CARTESIAN_POINT ( 'NONE',  ( 0.8750000000000000000, -0.9780180018781545700, -0.8176396489200608000 ) ) ;
#931 = DIRECTION ( 'NONE',  ( 0.0000000000000000000, -0.1849162918853582100, 0.9827542749819859800 ) ) ;
#932 = CARTESIAN_POINT ( 'NONE',  ( 1.625000000000000200, -1.626280826824113300, 2.627611475423865100 ) ) ;
#933 = DIRECTION ( 'NONE',  ( -1.000000000000000000, -0.0000000000000000000, -0.0000000000000000000 ) ) ;
#934 = CARTESIAN_POINT ( 'NONE',  ( 0.8750000000000000000, -1.451906024184239900, 4.250322698717872600 ) ) ;
#935 = DIRECTION ( 'NONE',  ( 0.0000000000000000000, 0.3894947606080959000, 0.9210286811271634100 ) ) ;
#936 = CARTESIAN_POINT ( 'NONE',  ( 1.625000000000000200, -1.451906024184239900, 4.250322698717872600 ) ) ;
#937 = DIRECTION ( 'NONE',  ( 0.0000000000000000000, 0.3894947606080959000, 0.9210286811271634100 ) ) ;
#938 = CARTESIAN_POINT ( 'NONE',  ( 1.625000000000000200, -1.451906024184239900, 4.250322698717872600 ) ) ;
#939 = DIRECTION ( 'NONE',  ( -1.000000000000000000, -0.0000000000000000000, -0.0000000000000000000 ) ) ;
#940 = CARTESIAN_POINT ( 'NONE',  ( 1.625000000000000200, -1.613086043381492900, 4.318484281824289900 ) ) ;
#941 = DIRECTION ( 'NONE',  ( -0.0000000000000000000, -0.3894947606080959000, -0.9210286811271634100 ) ) ;
#942 = CARTESIAN_POINT ( 'NONE',  ( 0.8750000000000000000, -1.613086043381492900, 4.318484281824289900 ) ) ;
#943 = DIRECTION ( 'NONE',  ( -0.0000000000000000000, -0.3894947606080959000, -0.9210286811271634100 ) ) ;
#944 = CARTESIAN_POINT ( 'NONE',  ( 1.625000000000000200, -1.613086043381492900, 4.318484281824289900 ) ) ;
#945 = DIRECTION ( 'NONE',  ( -1.000000000000000000, -0.0000000000000000000, -0.0000000000000000000 ) ) ;
#946 = CARTESIAN_POINT ( 'NONE',  ( 1.625000000000000200, -1.150000000000001500, -0.8499999999999983100 ) ) ;
#947 = DIRECTION ( 'NONE',  ( -0.0000000000000000000, 0.1849162918853583000, -0.9827542749819859800 ) ) ;
#948 = CARTESIAN_POINT ( 'NONE',  ( 1.625000000000000200, 1.149999999999997500, 3.150000000000001700 ) ) ;
#949 = DIRECTION ( 'NONE',  ( -1.000000000000000000, 0.0000000000000000000, 0.0000000000000000000 ) ) ;
#950 = DIRECTION ( 'NONE',  ( 0.0000000000000000000, 0.0000000000000000000, 1.000000000000000000 ) ) ;
#951 = CARTESIAN_POINT ( 'NONE',  ( 1.625000000000000200, 1.149999999999997500, 3.150000000000001700 ) ) ;
#952 = DIRECTION ( 'NONE',  ( 1.000000000000000000, -0.0000000000000000000, -0.0000000000000000000 ) ) ;
#953 = DIRECTION ( 'NONE',  ( 0.0000000000000000000, 0.0000000000000000000, 1.000000000000000000 ) ) ;
#954 = CARTESIAN_POINT ( 'NONE',  ( 0.8750000000000000000, -1.150000000000001500, -0.8499999999999983100 ) ) ;
#955 = DIRECTION ( 'NONE',  ( -0.0000000000000000000, 0.1849162918853583000, -0.9827542749819859800 ) ) ;
#956 = CARTESIAN_POINT ( 'NONE',  ( 0.8750000000000000000, 1.149999999999997500, 3.150000000000001700 ) ) ;
#957 = DIRECTION ( 'NONE',  ( 1.000000000000000000, -0.0000000000000000000, -0.0000000000000000000 ) ) ;
#958 = DIRECTION ( 'NONE',  ( 0.0000000000000000000, 0.0000000000000000000, 1.000000000000000000 ) ) ;
#959 = CARTESIAN_POINT ( 'NONE',  ( 0.8750000000000000000, 1.149999999999997500, 3.150000000000001700 ) ) ;
#960 = DIRECTION ( 'NONE',  ( -1.000000000000000000, 0.0000000000000000000, 0.0000000000000000000 ) ) ;
#961 = DIRECTION ( 'NONE',  ( 0.0000000000000000000, 0.0000000000000000000, 1.000000000000000000 ) ) ;
#962 = CARTESIAN_POINT ( 'NONE',  ( 1.625000000000000200, -1.798262824945960700, 2.595251124343926000 ) ) ;
#963 = DIRECTION ( 'NONE',  ( -1.000000000000000000, -0.0000000000000000000, -0.0000000000000000000 ) ) ;
#964 = CARTESIAN_POINT ( 'NONE',  ( 6.567007332058120800, -6.620817527832366000, -3.025035896739864900 ) ) ;
#965 = CARTESIAN_POINT ( 'NONE',  ( 7.104195459325331400, -6.887630182599390400, -2.986115360515536800 ) ) ;
#966 = CARTESIAN_POINT ( 'NONE',  ( 7.234184746663508700, -7.473175109994367700, -2.900700661660463800 ) ) ;
#967 = CARTESIAN_POINT ( 'NONE',  ( 6.860357231012239200, -7.942230613493344500, -2.832278525794783300 ) ) ;
#968 = CARTESIAN_POINT ( 'NONE',  ( 6.567007332058120800, -6.620817527832366000, -1.274999999999998800 ) ) ;
#969 = DIRECTION ( 'NONE',  ( -0.0000000000000000000, -0.0000000000000000000, -1.000000000000000000 ) ) ;
#970 = CARTESIAN_POINT ( 'NONE',  ( 6.860357231012239200, -7.942230613493344500, -1.274999999999998800 ) ) ;
#971 = DIRECTION ( 'NONE',  ( -0.0000000000000000000, -0.0000000000000000000, -1.000000000000000000 ) ) ;
#972 = FILL_AREA_STYLE_COLOUR ( '', #4894 ) ;
#973 = FILL_AREA_STYLE ('',( #972 ) ) ;
#974 = SURFACE_SIDE_STYLE ('',( #871 ) ) ;
#975 = SURFACE_STYLE_USAGE ( .BOTH. , #974 ) ;
#976 =( LENGTH_UNIT ( ) NAMED_UNIT ( * ) SI_UNIT ( .MILLI., .METRE. ) );
#977 =( NAMED_UNIT ( * ) PLANE_ANGLE_UNIT ( ) SI_UNIT ( $, .RADIAN. ) );
#978 =( NAMED_UNIT ( * ) SI_UNIT ( $, .STERADIAN. ) SOLID_ANGLE_UNIT ( ) );
#979 = PLANE ( 'NONE',  #1062 ) ;
#980 = CARTESIAN_POINT ( 'NONE',  ( -0.8750000000000001100, -0.9780180018781545700, -0.8176396489200608000 ) ) ;
#981 = DIRECTION ( 'NONE',  ( 0.0000000000000000000, -0.9827542749819860900, -0.1849162918853582400 ) ) ;
#982 = DIRECTION ( 'NONE',  ( 0.0000000000000000000, 0.1849162918853582100, -0.9827542749819859800 ) ) ;
#983 = FILL_AREA_STYLE_COLOUR ( '', #4897 ) ;
#984 = FILL_AREA_STYLE ('',( #983 ) ) ;
#985 = SURFACE_SIDE_STYLE ('',( #874 ) ) ;
#986 = SURFACE_STYLE_USAGE ( .BOTH. , #985 ) ;
#987 =( LENGTH_UNIT ( ) NAMED_UNIT ( * ) SI_UNIT ( .MILLI., .METRE. ) );
#988 =( NAMED_UNIT ( * ) PLANE_ANGLE_UNIT ( ) SI_UNIT ( $, .RADIAN. ) );
#989 =( NAMED_UNIT ( * ) SI_UNIT ( $, .STERADIAN. ) SOLID_ANGLE_UNIT ( ) );
#990 = PLANE ( 'NONE',  #1069 ) ;
#991 = CARTESIAN_POINT ( 'NONE',  ( -0.8750000000000001100, -1.451906024184239900, 4.250322698717872600 ) ) ;
#992 = DIRECTION ( 'NONE',  ( 0.0000000000000000000, -0.9210286811271634100, 0.3894947606080958500 ) ) ;
#993 = DIRECTION ( 'NONE',  ( 0.0000000000000000000, -0.3894947606080958500, -0.9210286811271634100 ) ) ;
#994 = FILL_AREA_STYLE_COLOUR ( '', #4899 ) ;
#995 = FILL_AREA_STYLE ('',( #994 ) ) ;
#996 = SURFACE_SIDE_STYLE ('',( #878 ) ) ;
#997 = SURFACE_STYLE_USAGE ( .BOTH. , #996 ) ;
#998 =( LENGTH_UNIT ( ) NAMED_UNIT ( * ) SI_UNIT ( .MILLI., .METRE. ) );
#999 =( NAMED_UNIT ( * ) PLANE_ANGLE_UNIT ( ) SI_UNIT ( $, .RADIAN. ) );
#1000 =( NAMED_UNIT ( * ) SI_UNIT ( $, .STERADIAN. ) SOLID_ANGLE_UNIT ( ) );
#1001 = PLANE ( 'NONE',  #1072 ) ;
#1002 = CARTESIAN_POINT ( 'NONE',  ( -0.8750000000000001100, -1.613086043381492900, 4.318484281824289900 ) ) ;
#1003 = DIRECTION ( 'NONE',  ( 0.0000000000000000000, 0.9210286811271634100, -0.3894947606080958500 ) ) ;
#1004 = DIRECTION ( 'NONE',  ( 0.0000000000000000000, 0.3894947606080958500, 0.9210286811271634100 ) ) ;
#1005 = FILL_AREA_STYLE_COLOUR ( '', #4901 ) ;
#1006 = FILL_AREA_STYLE ('',( #1005 ) ) ;
#1007 = SURFACE_SIDE_STYLE ('',( #882 ) ) ;
#1008 = SURFACE_STYLE_USAGE ( .BOTH. , #1007 ) ;
#1009 =( LENGTH_UNIT ( ) NAMED_UNIT ( * ) SI_UNIT ( .MILLI., .METRE. ) );
#1010 =( NAMED_UNIT ( * ) PLANE_ANGLE_UNIT ( ) SI_UNIT ( $, .RADIAN. ) );
#1011 =( NAMED_UNIT ( * ) SI_UNIT ( $, .STERADIAN. ) SOLID_ANGLE_UNIT ( ) );
#1012 = PLANE ( 'NONE',  #1075 ) ;
#1013 = CARTESIAN_POINT ( 'NONE',  ( -0.8750000000000001100, 1.149999999999997500, 3.150000000000001700 ) ) ;
#1014 = DIRECTION ( 'NONE',  ( -1.000000000000000000, 0.0000000000000000000, 0.0000000000000000000 ) ) ;
#1015 = DIRECTION ( 'NONE',  ( 0.0000000000000000000, 0.0000000000000000000, 1.000000000000000000 ) ) ;
#1016 = FILL_AREA_STYLE_COLOUR ( '', #4903 ) ;
#1017 = FILL_AREA_STYLE ('',( #1016 ) ) ;
#1018 = SURFACE_SIDE_STYLE ('',( #886 ) ) ;
#1019 = SURFACE_STYLE_USAGE ( .BOTH. , #1018 ) ;
#1020 =( LENGTH_UNIT ( ) NAMED_UNIT ( * ) SI_UNIT ( .MILLI., .METRE. ) );
#1021 =( NAMED_UNIT ( * ) PLANE_ANGLE_UNIT ( ) SI_UNIT ( $, .RADIAN. ) );
#1022 =( NAMED_UNIT ( * ) SI_UNIT ( $, .STERADIAN. ) SOLID_ANGLE_UNIT ( ) );
#1023 = PLANE ( 'NONE',  #1161 ) ;
#1024 = CARTESIAN_POINT ( 'NONE',  ( -1.625000000000000200, 1.149999999999997500, 3.150000000000001700 ) ) ;
#1025 = DIRECTION ( 'NONE',  ( -1.000000000000000000, 0.0000000000000000000, 0.0000000000000000000 ) ) ;
#1026 = DIRECTION ( 'NONE',  ( 0.0000000000000000000, 0.0000000000000000000, 1.000000000000000000 ) ) ;
#1027 = FILL_AREA_STYLE_COLOUR ( '', #4905 ) ;
#1028 = FILL_AREA_STYLE ('',( #1027 ) ) ;
#1029 = SURFACE_SIDE_STYLE ('',( #890 ) ) ;
#1030 = SURFACE_STYLE_USAGE ( .BOTH. , #1029 ) ;
#1031 =( LENGTH_UNIT ( ) NAMED_UNIT ( * ) SI_UNIT ( .MILLI., .METRE. ) );
#1032 =( NAMED_UNIT ( * ) PLANE_ANGLE_UNIT ( ) SI_UNIT ( $, .RADIAN. ) );
#1033 =( NAMED_UNIT ( * ) SI_UNIT ( $, .STERADIAN. ) SOLID_ANGLE_UNIT ( ) );
#1034 = PLANE ( 'NONE',  #1053 ) ;
#1035 = CARTESIAN_POINT ( 'NONE',  ( -0.8750000000000001100, -1.150000000000001500, -0.8499999999999983100 ) ) ;
#1036 = DIRECTION ( 'NONE',  ( -0.0000000000000000000, 0.9827542749819860900, 0.1849162918853582700 ) ) ;
#1037 = DIRECTION ( 'NONE',  ( 0.0000000000000000000, -0.1849162918853582400, 0.9827542749819859800 ) ) ;
#1038 = VECTOR ( 'NONE', #919, 1000.000000000000200 ) ;
#1039 = AXIS2_PLACEMENT_3D ( 'NONE', #920, #921, #922 ) ;
#1040 = CIRCLE ( 'NONE', #1057, 3.000000000000000000 ) ;
#1041 = AXIS2_PLACEMENT_3D ( 'NONE', #923, #924, #925 ) ;
#1042 = VECTOR ( 'NONE', #927, 1000.000000000000000 ) ;
#1043 = VECTOR ( 'NONE', #929, 1000.000000000000100 ) ;
#1044 = VECTOR ( 'NONE', #931, 1000.000000000000100 ) ;
#1045 = VECTOR ( 'NONE', #933, 1000.000000000000000 ) ;
#1046 = VECTOR ( 'NONE', #935, 1000.000000000000100 ) ;
#1047 = VECTOR ( 'NONE', #937, 1000.000000000000100 ) ;
#1048 = VECTOR ( 'NONE', #939, 1000.000000000000000 ) ;
#1049 = VECTOR ( 'NONE', #941, 1000.000000000000100 ) ;
#1050 = VECTOR ( 'NONE', #943, 1000.000000000000100 ) ;
#1051 = CIRCLE ( 'NONE', #1055, 2.825000000000000200 ) ;
#1052 = VECTOR ( 'NONE', #945, 1000.000000000000000 ) ;
#1053 = AXIS2_PLACEMENT_3D ( 'NONE', #1035, #1036, #1037 ) ;
#1054 = VECTOR ( 'NONE', #947, 1000.000000000000100 ) ;
#1055 = AXIS2_PLACEMENT_3D ( 'NONE', #948, #949, #950 ) ;
#1056 = CIRCLE ( 'NONE', #1061, 2.825000000000000200 ) ;
#1057 = AXIS2_PLACEMENT_3D ( 'NONE', #951, #952, #953 ) ;
#1058 = CIRCLE ( 'NONE', #1060, 3.000000000000000000 ) ;
#1059 = VECTOR ( 'NONE', #955, 1000.000000000000100 ) ;
#1060 = AXIS2_PLACEMENT_3D ( 'NONE', #956, #957, #958 ) ;
#1061 = AXIS2_PLACEMENT_3D ( 'NONE', #959, #960, #961 ) ;
#1062 = AXIS2_PLACEMENT_3D ( 'NONE', #980, #981, #982 ) ;
#1063 = VECTOR ( 'NONE', #963, 1000.000000000000000 ) ;
#1064 = PRESENTATION_LAYER_ASSIGNMENT (  '', '', ( #892 ) ) ;
#1065 = VECTOR ( 'NONE', #969, 1000.000000000000000 ) ;
#1066 = PRESENTATION_LAYER_ASSIGNMENT (  '', '', ( #873 ) ) ;
#1067 = VECTOR ( 'NONE', #971, 1000.000000000000000 ) ;
#1068 = MECHANICAL_DESIGN_GEOMETRIC_PRESENTATION_REPRESENTATION (  '', ( #873 ), #4892 ) ;
#1069 = AXIS2_PLACEMENT_3D ( 'NONE', #991, #992, #993 ) ;
#1070 = PRESENTATION_LAYER_ASSIGNMENT (  '', '', ( #876 ) ) ;
#1071 = MECHANICAL_DESIGN_GEOMETRIC_PRESENTATION_REPRESENTATION (  '', ( #876 ), #4896 ) ;
#1072 = AXIS2_PLACEMENT_3D ( 'NONE', #1002, #1003, #1004 ) ;
#1073 = PRESENTATION_LAYER_ASSIGNMENT (  '', '', ( #880 ) ) ;
#1074 = MECHANICAL_DESIGN_GEOMETRIC_PRESENTATION_REPRESENTATION (  '', ( #880 ), #4898 ) ;
#1075 = AXIS2_PLACEMENT_3D ( 'NONE', #1013, #1014, #1015 ) ;
#1076 = UNCERTAINTY_MEASURE_WITH_UNIT (LENGTH_MEASURE( 1.000000000000000100E-005 ), #976, 'distance_accuracy_value', 'NONE');
#1077 = UNCERTAINTY_MEASURE_WITH_UNIT (LENGTH_MEASURE( 1.000000000000000100E-005 ), #1488, 'distance_accuracy_value', 'NONE');
#1078 = UNCERTAINTY_MEASURE_WITH_UNIT (LENGTH_MEASURE( 1.000000000000000100E-005 ), #1531, 'distance_accuracy_value', 'NONE');
#1079 = UNCERTAINTY_MEASURE_WITH_UNIT (LENGTH_MEASURE( 1.000000000000000100E-005 ), #987, 'distance_accuracy_value', 'NONE');
#1080 = UNCERTAINTY_MEASURE_WITH_UNIT (LENGTH_MEASURE( 1.000000000000000100E-005 ), #998, 'distance_accuracy_value', 'NONE');
#1081 = UNCERTAINTY_MEASURE_WITH_UNIT (LENGTH_MEASURE( 1.000000000000000100E-005 ), #1009, 'distance_accuracy_value', 'NONE');
#1082 = UNCERTAINTY_MEASURE_WITH_UNIT (LENGTH_MEASURE( 1.000000000000000100E-005 ), #1020, 'distance_accuracy_value', 'NONE');
#1083 = UNCERTAINTY_MEASURE_WITH_UNIT (LENGTH_MEASURE( 1.000000000000000100E-005 ), #1031, 'distance_accuracy_value', 'NONE');
#1084 = UNCERTAINTY_MEASURE_WITH_UNIT (LENGTH_MEASURE( 1.000000000000000100E-005 ), #1196, 'distance_accuracy_value', 'NONE');
#1085 = UNCERTAINTY_MEASURE_WITH_UNIT (LENGTH_MEASURE( 1.000000000000000100E-005 ), #1227, 'distance_accuracy_value', 'NONE');
#1086 = UNCERTAINTY_MEASURE_WITH_UNIT (LENGTH_MEASURE( 1.000000000000000100E-005 ), #1206, 'distance_accuracy_value', 'NONE');
#1087 = UNCERTAINTY_MEASURE_WITH_UNIT (LENGTH_MEASURE( 1.000000000000000100E-005 ), #1216, 'distance_accuracy_value', 'NONE');
#1088 = UNCERTAINTY_MEASURE_WITH_UNIT (LENGTH_MEASURE( 1.000000000000000100E-005 ), #1238, 'distance_accuracy_value', 'NONE');
#1089 = UNCERTAINTY_MEASURE_WITH_UNIT (LENGTH_MEASURE( 1.000000000000000100E-005 ), #1249, 'distance_accuracy_value', 'NONE');
#1090 = UNCERTAINTY_MEASURE_WITH_UNIT (LENGTH_MEASURE( 1.000000000000000100E-005 ), #1260, 'distance_accuracy_value', 'NONE');
#1091 = UNCERTAINTY_MEASURE_WITH_UNIT (LENGTH_MEASURE( 1.000000000000000100E-005 ), #1271, 'distance_accuracy_value', 'NONE');
#1092 = UNCERTAINTY_MEASURE_WITH_UNIT (LENGTH_MEASURE( 1.000000000000000100E-005 ), #1282, 'distance_accuracy_value', 'NONE');
#1093 = UNCERTAINTY_MEASURE_WITH_UNIT (LENGTH_MEASURE( 1.000000000000000100E-005 ), #1313, 'distance_accuracy_value', 'NONE');
#1094 = UNCERTAINTY_MEASURE_WITH_UNIT (LENGTH_MEASURE( 1.000000000000000100E-005 ), #1292, 'distance_accuracy_value', 'NONE');
#1095 = UNCERTAINTY_MEASURE_WITH_UNIT (LENGTH_MEASURE( 1.000000000000000100E-005 ), #1302, 'distance_accuracy_value', 'NONE');
#1096 = UNCERTAINTY_MEASURE_WITH_UNIT (LENGTH_MEASURE( 1.000000000000000100E-005 ), #1324, 'distance_accuracy_value', 'NONE');
#1097 = UNCERTAINTY_MEASURE_WITH_UNIT (LENGTH_MEASURE( 1.000000000000000100E-005 ), #1335, 'distance_accuracy_value', 'NONE');
#1098 = UNCERTAINTY_MEASURE_WITH_UNIT (LENGTH_MEASURE( 1.000000000000000100E-005 ), #1425, 'distance_accuracy_value', 'NONE');
#1099 = UNCERTAINTY_MEASURE_WITH_UNIT (LENGTH_MEASURE( 1.000000000000000100E-005 ), #1436, 'distance_accuracy_value', 'NONE');
#1100 = UNCERTAINTY_MEASURE_WITH_UNIT (LENGTH_MEASURE( 1.000000000000000100E-005 ), #1447, 'distance_accuracy_value', 'NONE');
#1101 = UNCERTAINTY_MEASURE_WITH_UNIT (LENGTH_MEASURE( 1.000000000000000100E-005 ), #1552, 'distance_accuracy_value', 'NONE');
#1102 = UNCERTAINTY_MEASURE_WITH_UNIT (LENGTH_MEASURE( 1.000000000000000100E-005 ), #1457, 'distance_accuracy_value', 'NONE');
#1103 = UNCERTAINTY_MEASURE_WITH_UNIT (LENGTH_MEASURE( 1.000000000000000100E-005 ), #1467, 'distance_accuracy_value', 'NONE');
#1104 = UNCERTAINTY_MEASURE_WITH_UNIT (LENGTH_MEASURE( 1.000000000000000100E-005 ), #1477, 'distance_accuracy_value', 'NONE');
#1105 = UNCERTAINTY_MEASURE_WITH_UNIT (LENGTH_MEASURE( 1.000000000000000100E-005 ), #1499, 'distance_accuracy_value', 'NONE');
#1106 = UNCERTAINTY_MEASURE_WITH_UNIT (LENGTH_MEASURE( 1.000000000000000100E-005 ), #1510, 'distance_accuracy_value', 'NONE');
#1107 = UNCERTAINTY_MEASURE_WITH_UNIT (LENGTH_MEASURE( 1.000000000000000100E-005 ), #1711, 'distance_accuracy_value', 'NONE');
#1108 = UNCERTAINTY_MEASURE_WITH_UNIT (LENGTH_MEASURE( 1.000000000000000100E-005 ), #1520, 'distance_accuracy_value', 'NONE');
#1109 = UNCERTAINTY_MEASURE_WITH_UNIT (LENGTH_MEASURE( 1.000000000000000100E-005 ), #1732, 'distance_accuracy_value', 'NONE');
#1110 = UNCERTAINTY_MEASURE_WITH_UNIT (LENGTH_MEASURE( 1.000000000000000100E-005 ), #1541, 'distance_accuracy_value', 'NONE');
#1111 = UNCERTAINTY_MEASURE_WITH_UNIT (LENGTH_MEASURE( 1.000000000000000100E-005 ), #1753, 'distance_accuracy_value', 'NONE');
#1112 = UNCERTAINTY_MEASURE_WITH_UNIT (LENGTH_MEASURE( 1.000000000000000100E-005 ), #1700, 'distance_accuracy_value', 'NONE');
#1113 = UNCERTAINTY_MEASURE_WITH_UNIT (LENGTH_MEASURE( 1.000000000000000100E-005 ), #1774, 'distance_accuracy_value', 'NONE');
#1114 = UNCERTAINTY_MEASURE_WITH_UNIT (LENGTH_MEASURE( 1.000000000000000100E-005 ), #1721, 'distance_accuracy_value', 'NONE');
#1115 = UNCERTAINTY_MEASURE_WITH_UNIT (LENGTH_MEASURE( 1.000000000000000100E-005 ), #1817, 'distance_accuracy_value', 'NONE');
#1116 = UNCERTAINTY_MEASURE_WITH_UNIT (LENGTH_MEASURE( 1.000000000000000100E-005 ), #1742, 'distance_accuracy_value', 'NONE');
#1117 = UNCERTAINTY_MEASURE_WITH_UNIT (LENGTH_MEASURE( 1.000000000000000100E-005 ), #1985, 'distance_accuracy_value', 'NONE');
#1118 = UNCERTAINTY_MEASURE_WITH_UNIT (LENGTH_MEASURE( 1.000000000000000100E-005 ), #1763, 'distance_accuracy_value', 'NONE');
#1119 = UNCERTAINTY_MEASURE_WITH_UNIT (LENGTH_MEASURE( 1.000000000000000100E-005 ), #1785, 'distance_accuracy_value', 'NONE');
#1120 = UNCERTAINTY_MEASURE_WITH_UNIT (LENGTH_MEASURE( 1.000000000000000100E-005 ), #1796, 'distance_accuracy_value', 'NONE');
#1121 = UNCERTAINTY_MEASURE_WITH_UNIT (LENGTH_MEASURE( 1.000000000000000100E-005 ), #1964, 'distance_accuracy_value', 'NONE');
#1122 = UNCERTAINTY_MEASURE_WITH_UNIT (LENGTH_MEASURE( 1.000000000000000100E-005 ), #1806, 'distance_accuracy_value', 'NONE');
#1123 = UNCERTAINTY_MEASURE_WITH_UNIT (LENGTH_MEASURE( 1.000000000000000100E-005 ), #1828, 'distance_accuracy_value', 'NONE');
#1124 = UNCERTAINTY_MEASURE_WITH_UNIT (LENGTH_MEASURE( 1.000000000000000100E-005 ), #2812, 'distance_accuracy_value', 'NONE');
#1125 = UNCERTAINTY_MEASURE_WITH_UNIT (LENGTH_MEASURE( 1.000000000000000100E-005 ), #1838, 'distance_accuracy_value', 'NONE');
#1126 = UNCERTAINTY_MEASURE_WITH_UNIT (LENGTH_MEASURE( 1.000000000000000100E-005 ), #2768, 'distance_accuracy_value', 'NONE');
#1127 = UNCERTAINTY_MEASURE_WITH_UNIT (LENGTH_MEASURE( 1.000000000000000100E-005 ), #1974, 'distance_accuracy_value', 'NONE');
#1128 = UNCERTAINTY_MEASURE_WITH_UNIT (LENGTH_MEASURE( 1.000000000000000100E-005 ), #2016, 'distance_accuracy_value', 'NONE');
#1129 = UNCERTAINTY_MEASURE_WITH_UNIT (LENGTH_MEASURE( 1.000000000000000100E-005 ), #1995, 'distance_accuracy_value', 'NONE');
#1130 = UNCERTAINTY_MEASURE_WITH_UNIT (LENGTH_MEASURE( 1.000000000000000100E-005 ), #2005, 'distance_accuracy_value', 'NONE');
#1131 = UNCERTAINTY_MEASURE_WITH_UNIT (LENGTH_MEASURE( 1.000000000000000100E-005 ), #2801, 'distance_accuracy_value', 'NONE');
#1132 = UNCERTAINTY_MEASURE_WITH_UNIT (LENGTH_MEASURE( 1.000000000000000100E-005 ), #2823, 'distance_accuracy_value', 'NONE');
#1133 = UNCERTAINTY_MEASURE_WITH_UNIT (LENGTH_MEASURE( 1.000000000000000100E-005 ), #2834, 'distance_accuracy_value', 'NONE');
#1134 = UNCERTAINTY_MEASURE_WITH_UNIT (LENGTH_MEASURE( 1.000000000000000100E-005 ), #2845, 'distance_accuracy_value', 'NONE');
#1135 = UNCERTAINTY_MEASURE_WITH_UNIT (LENGTH_MEASURE( 1.000000000000000100E-005 ), #3160, 'distance_accuracy_value', 'NONE');
#1136 = UNCERTAINTY_MEASURE_WITH_UNIT (LENGTH_MEASURE( 1.000000000000000100E-005 ), #2779, 'distance_accuracy_value', 'NONE');
#1137 = UNCERTAINTY_MEASURE_WITH_UNIT (LENGTH_MEASURE( 1.000000000000000100E-005 ), #2790, 'distance_accuracy_value', 'NONE');
#1138 = UNCERTAINTY_MEASURE_WITH_UNIT (LENGTH_MEASURE( 1.000000000000000100E-005 ), #2856, 'distance_accuracy_value', 'NONE');
#1139 = UNCERTAINTY_MEASURE_WITH_UNIT (LENGTH_MEASURE( 1.000000000000000100E-005 ), #2867, 'distance_accuracy_value', 'NONE');
#1140 = UNCERTAINTY_MEASURE_WITH_UNIT (LENGTH_MEASURE( 1.000000000000000100E-005 ), #2878, 'distance_accuracy_value', 'NONE');
#1141 = UNCERTAINTY_MEASURE_WITH_UNIT (LENGTH_MEASURE( 1.000000000000000100E-005 ), #2889, 'distance_accuracy_value', 'NONE');
#1142 = UNCERTAINTY_MEASURE_WITH_UNIT (LENGTH_MEASURE( 1.000000000000000100E-005 ), #2900, 'distance_accuracy_value', 'NONE');
#1143 = UNCERTAINTY_MEASURE_WITH_UNIT (LENGTH_MEASURE( 1.000000000000000100E-005 ), #2911, 'distance_accuracy_value', 'NONE');
#1144 = UNCERTAINTY_MEASURE_WITH_UNIT (LENGTH_MEASURE( 1.000000000000000100E-005 ), #2922, 'distance_accuracy_value', 'NONE');
#1145 = UNCERTAINTY_MEASURE_WITH_UNIT (LENGTH_MEASURE( 1.000000000000000100E-005 ), #2933, 'distance_accuracy_value', 'NONE');
#1146 = UNCERTAINTY_MEASURE_WITH_UNIT (LENGTH_MEASURE( 1.000000000000000100E-005 ), #2944, 'distance_accuracy_value', 'NONE');
#1147 = UNCERTAINTY_MEASURE_WITH_UNIT (LENGTH_MEASURE( 1.000000000000000100E-005 ), #2955, 'distance_accuracy_value', 'NONE');
#1148 = UNCERTAINTY_MEASURE_WITH_UNIT (LENGTH_MEASURE( 1.000000000000000100E-005 ), #2966, 'distance_accuracy_value', 'NONE');
#1149 = UNCERTAINTY_MEASURE_WITH_UNIT (LENGTH_MEASURE( 1.000000000000000100E-005 ), #2977, 'distance_accuracy_value', 'NONE');
#1150 = UNCERTAINTY_MEASURE_WITH_UNIT (LENGTH_MEASURE( 1.000000000000000100E-005 ), #3085, 'distance_accuracy_value', 'NONE');
#1151 = UNCERTAINTY_MEASURE_WITH_UNIT (LENGTH_MEASURE( 1.000000000000000100E-005 ), #3096, 'distance_accuracy_value', 'NONE');
#1152 = UNCERTAINTY_MEASURE_WITH_UNIT (LENGTH_MEASURE( 1.000000000000000100E-005 ), #3107, 'distance_accuracy_value', 'NONE');
#1153 = UNCERTAINTY_MEASURE_WITH_UNIT (LENGTH_MEASURE( 1.000000000000000100E-005 ), #3118, 'distance_accuracy_value', 'NONE');
#1154 = UNCERTAINTY_MEASURE_WITH_UNIT (LENGTH_MEASURE( 1.000000000000000100E-005 ), #3129, 'distance_accuracy_value', 'NONE');
#1155 = UNCERTAINTY_MEASURE_WITH_UNIT (LENGTH_MEASURE( 1.000000000000000100E-005 ), #3140, 'distance_accuracy_value', 'NONE');
#1156 = UNCERTAINTY_MEASURE_WITH_UNIT (LENGTH_MEASURE( 1.000000000000000100E-005 ), #3151, 'distance_accuracy_value', 'NONE');
#1157 = UNCERTAINTY_MEASURE_WITH_UNIT (LENGTH_MEASURE( 1.000000000000000100E-005 ), #3167, 'distance_accuracy_value', 'NONE');
#1158 = PRODUCT ( 'Samtec-$PARTNUMBER', 'Samtec-$PARTNUMBER', '', ( #3175 ) ) ;
#1159 = PRESENTATION_LAYER_ASSIGNMENT (  '', '', ( #884 ) ) ;
#1160 = MECHANICAL_DESIGN_GEOMETRIC_PRESENTATION_REPRESENTATION (  '', ( #884 ), #4900 ) ;
#1161 = AXIS2_PLACEMENT_3D ( 'NONE', #1024, #1025, #1026 ) ;
#1162 = PRESENTATION_LAYER_ASSIGNMENT (  '', '', ( #888 ) ) ;
#1163 = MECHANICAL_DESIGN_GEOMETRIC_PRESENTATION_REPRESENTATION (  '', ( #888 ), #4902 ) ;
#1164 = AXIS2_PLACEMENT_3D ( 'NONE', #1317, #1318, #1319 ) ;
#1165 = AXIS2_PLACEMENT_3D ( 'NONE', #1470, #1471, #1472 ) ;
#1166 = MECHANICAL_DESIGN_GEOMETRIC_PRESENTATION_REPRESENTATION (  '', ( #892 ), #4904 ) ;
#1167 = AXIS2_PLACEMENT_3D ( 'NONE', #1199, #1200, #1201 ) ;
#1168 = PRESENTATION_LAYER_ASSIGNMENT (  '', '', ( #896 ) ) ;
#1169 = MECHANICAL_DESIGN_GEOMETRIC_PRESENTATION_REPRESENTATION (  '', ( #896 ), #4906 ) ;
#1170 = AXIS2_PLACEMENT_3D ( 'NONE', #1209, #1210, #1211 ) ;
#1171 = PRESENTATION_LAYER_ASSIGNMENT (  '', '', ( #901 ) ) ;
#1172 = MECHANICAL_DESIGN_GEOMETRIC_PRESENTATION_REPRESENTATION (  '', ( #901 ), #4908 ) ;
#1173 = AXIS2_PLACEMENT_3D ( 'NONE', #1220, #1221, #1222 ) ;
#1174 = PRESENTATION_LAYER_ASSIGNMENT (  '', '', ( #906 ) ) ;
#1175 = MECHANICAL_DESIGN_GEOMETRIC_PRESENTATION_REPRESENTATION (  '', ( #906 ), #4910 ) ;
#1176 = AXIS2_PLACEMENT_3D ( 'NONE', #1231, #1232, #1233 ) ;
#1177 = PRESENTATION_LAYER_ASSIGNMENT (  '', '', ( #1337 ) ) ;
#1178 = MECHANICAL_DESIGN_GEOMETRIC_PRESENTATION_REPRESENTATION (  '', ( #1337 ), #4912 ) ;
#1179 = PRESENTATION_LAYER_ASSIGNMENT (  '', '', ( #1371 ) ) ;
#1180 = AXIS2_PLACEMENT_3D ( 'NONE', #1242, #1243, #1244 ) ;
#1181 = PRESENTATION_LAYER_ASSIGNMENT (  '', '', ( #1341 ) ) ;
#1182 = MECHANICAL_DESIGN_GEOMETRIC_PRESENTATION_REPRESENTATION (  '', ( #1341 ), #4914 ) ;
#1183 = AXIS2_PLACEMENT_3D ( 'NONE', #1253, #1254, #1255 ) ;
#1184 = PRESENTATION_LAYER_ASSIGNMENT (  '', '', ( #1345 ) ) ;
#1185 = MECHANICAL_DESIGN_GEOMETRIC_PRESENTATION_REPRESENTATION (  '', ( #1345 ), #4916 ) ;
#1186 = AXIS2_PLACEMENT_3D ( 'NONE', #1264, #1265, #1266 ) ;
#1187 = PRESENTATION_LAYER_ASSIGNMENT (  '', '', ( #1349 ) ) ;
#1188 = MECHANICAL_DESIGN_GEOMETRIC_PRESENTATION_REPRESENTATION (  '', ( #1349 ), #4918 ) ;
#1189 = AXIS2_PLACEMENT_3D ( 'NONE', #1275, #1276, #1277 ) ;
#1190 = PRESENTATION_LAYER_ASSIGNMENT (  '', '', ( #1353 ) ) ;
#1191 = MECHANICAL_DESIGN_GEOMETRIC_PRESENTATION_REPRESENTATION (  '', ( #1353 ), #4920 ) ;
#1192 = FILL_AREA_STYLE_COLOUR ( '', #4907 ) ;
#1193 = FILL_AREA_STYLE ('',( #1192 ) ) ;
#1194 = SURFACE_SIDE_STYLE ('',( #894 ) ) ;
#1195 = SURFACE_STYLE_USAGE ( .BOTH. , #1194 ) ;
#1196 =( LENGTH_UNIT ( ) NAMED_UNIT ( * ) SI_UNIT ( .MILLI., .METRE. ) );
#1197 =( NAMED_UNIT ( * ) PLANE_ANGLE_UNIT ( ) SI_UNIT ( $, .RADIAN. ) );
#1198 =( NAMED_UNIT ( * ) SI_UNIT ( $, .STERADIAN. ) SOLID_ANGLE_UNIT ( ) );
#1199 = CARTESIAN_POINT ( 'NONE',  ( -0.8750000000000001100, 1.149999999999997500, 3.150000000000001700 ) ) ;
#1200 = DIRECTION ( 'NONE',  ( -1.000000000000000000, -0.0000000000000000000, -0.0000000000000000000 ) ) ;
#1201 = DIRECTION ( 'NONE',  ( 0.0000000000000000000, 0.0000000000000000000, 1.000000000000000000 ) ) ;
#1202 = FILL_AREA_STYLE_COLOUR ( '', #4909 ) ;
#1203 = FILL_AREA_STYLE ('',( #1202 ) ) ;
#1204 = SURFACE_SIDE_STYLE ('',( #899 ) ) ;
#1205 = SURFACE_STYLE_USAGE ( .BOTH. , #1204 ) ;
#1206 =( LENGTH_UNIT ( ) NAMED_UNIT ( * ) SI_UNIT ( .MILLI., .METRE. ) );
#1207 =( NAMED_UNIT ( * ) PLANE_ANGLE_UNIT ( ) SI_UNIT ( $, .RADIAN. ) );
#1208 =( NAMED_UNIT ( * ) SI_UNIT ( $, .STERADIAN. ) SOLID_ANGLE_UNIT ( ) );
#1209 = CARTESIAN_POINT ( 'NONE',  ( -0.8750000000000001100, 1.149999999999997500, 3.150000000000001700 ) ) ;
#1210 = DIRECTION ( 'NONE',  ( -1.000000000000000000, -0.0000000000000000000, -0.0000000000000000000 ) ) ;
#1211 = DIRECTION ( 'NONE',  ( 0.0000000000000000000, 0.0000000000000000000, 1.000000000000000000 ) ) ;
#1212 = FILL_AREA_STYLE_COLOUR ( '', #4911 ) ;
#1213 = FILL_AREA_STYLE ('',( #1212 ) ) ;
#1214 = SURFACE_SIDE_STYLE ('',( #904 ) ) ;
#1215 = SURFACE_STYLE_USAGE ( .BOTH. , #1214 ) ;
#1216 =( LENGTH_UNIT ( ) NAMED_UNIT ( * ) SI_UNIT ( .MILLI., .METRE. ) );
#1217 =( NAMED_UNIT ( * ) PLANE_ANGLE_UNIT ( ) SI_UNIT ( $, .RADIAN. ) );
#1218 =( NAMED_UNIT ( * ) SI_UNIT ( $, .STERADIAN. ) SOLID_ANGLE_UNIT ( ) );
#1219 = PLANE ( 'NONE',  #1173 ) ;
#1220 = CARTESIAN_POINT ( 'NONE',  ( 1.625000000000000200, 2.493086043381489000, 4.318484281824290800 ) ) ;
#1221 = DIRECTION ( 'NONE',  ( 0.0000000000000000000, -0.9210286811271631800, -0.3894947606080964600 ) ) ;
#1222 = DIRECTION ( 'NONE',  ( 0.0000000000000000000, 0.3894947606080964600, -0.9210286811271631800 ) ) ;
#1223 = FILL_AREA_STYLE_COLOUR ( '', #4913 ) ;
#1224 = FILL_AREA_STYLE ('',( #1223 ) ) ;
#1225 = SURFACE_SIDE_STYLE ('',( #908 ) ) ;
#1226 = SURFACE_STYLE_USAGE ( .BOTH. , #1225 ) ;
#1227 =( LENGTH_UNIT ( ) NAMED_UNIT ( * ) SI_UNIT ( .MILLI., .METRE. ) );
#1228 =( NAMED_UNIT ( * ) PLANE_ANGLE_UNIT ( ) SI_UNIT ( $, .RADIAN. ) );
#1229 =( NAMED_UNIT ( * ) SI_UNIT ( $, .STERADIAN. ) SOLID_ANGLE_UNIT ( ) );
#1230 = PLANE ( 'NONE',  #1176 ) ;
#1231 = CARTESIAN_POINT ( 'NONE',  ( 1.625000000000000200, 2.331906024184235500, 4.250322698717873500 ) ) ;
#1232 = DIRECTION ( 'NONE',  ( -0.0000000000000000000, 0.9210286811271630700, 0.3894947606080967900 ) ) ;
#1233 = DIRECTION ( 'NONE',  ( 0.0000000000000000000, -0.3894947606080967900, 0.9210286811271630700 ) ) ;
#1234 = FILL_AREA_STYLE_COLOUR ( '', #4915 ) ;
#1235 = FILL_AREA_STYLE ('',( #1234 ) ) ;
#1236 = SURFACE_SIDE_STYLE ('',( #1339 ) ) ;
#1237 = SURFACE_STYLE_USAGE ( .BOTH. , #1236 ) ;
#1238 =( LENGTH_UNIT ( ) NAMED_UNIT ( * ) SI_UNIT ( .MILLI., .METRE. ) );
#1239 =( NAMED_UNIT ( * ) PLANE_ANGLE_UNIT ( ) SI_UNIT ( $, .RADIAN. ) );
#1240 =( NAMED_UNIT ( * ) SI_UNIT ( $, .STERADIAN. ) SOLID_ANGLE_UNIT ( ) );
#1241 = PLANE ( 'NONE',  #1180 ) ;
#1242 = CARTESIAN_POINT ( 'NONE',  ( 1.625000000000000200, 1.858018001878151600, -0.8176396489200604700 ) ) ;
#1243 = DIRECTION ( 'NONE',  ( 0.0000000000000000000, 0.9827542749819860900, -0.1849162918853579900 ) ) ;
#1244 = DIRECTION ( 'NONE',  ( 0.0000000000000000000, 0.1849162918853579600, 0.9827542749819859800 ) ) ;
#1245 = FILL_AREA_STYLE_COLOUR ( '', #4917 ) ;
#1246 = FILL_AREA_STYLE ('',( #1245 ) ) ;
#1247 = SURFACE_SIDE_STYLE ('',( #1343 ) ) ;
#1248 = SURFACE_STYLE_USAGE ( .BOTH. , #1247 ) ;
#1249 =( LENGTH_UNIT ( ) NAMED_UNIT ( * ) SI_UNIT ( .MILLI., .METRE. ) );
#1250 =( NAMED_UNIT ( * ) PLANE_ANGLE_UNIT ( ) SI_UNIT ( $, .RADIAN. ) );
#1251 =( NAMED_UNIT ( * ) SI_UNIT ( $, .STERADIAN. ) SOLID_ANGLE_UNIT ( ) );
#1252 = PLANE ( 'NONE',  #1183 ) ;
#1253 = CARTESIAN_POINT ( 'NONE',  ( 1.625000000000000200, -0.2700000000000011300, 3.150000000000001700 ) ) ;
#1254 = DIRECTION ( 'NONE',  ( 1.000000000000000000, 0.0000000000000000000, 0.0000000000000000000 ) ) ;
#1255 = DIRECTION ( 'NONE',  ( 0.0000000000000000000, 0.0000000000000000000, -1.000000000000000000 ) ) ;
#1256 = FILL_AREA_STYLE_COLOUR ( '', #4919 ) ;
#1257 = FILL_AREA_STYLE ('',( #1256 ) ) ;
#1258 = SURFACE_SIDE_STYLE ('',( #1347 ) ) ;
#1259 = SURFACE_STYLE_USAGE ( .BOTH. , #1258 ) ;
#1260 =( LENGTH_UNIT ( ) NAMED_UNIT ( * ) SI_UNIT ( .MILLI., .METRE. ) );
#1261 =( NAMED_UNIT ( * ) PLANE_ANGLE_UNIT ( ) SI_UNIT ( $, .RADIAN. ) );
#1262 =( NAMED_UNIT ( * ) SI_UNIT ( $, .STERADIAN. ) SOLID_ANGLE_UNIT ( ) );
#1263 = PLANE ( 'NONE',  #1186 ) ;
#1264 = CARTESIAN_POINT ( 'NONE',  ( 0.8750000000000000000, -0.2700000000000011300, 3.150000000000001700 ) ) ;
#1265 = DIRECTION ( 'NONE',  ( 1.000000000000000000, 0.0000000000000000000, 0.0000000000000000000 ) ) ;
#1266 = DIRECTION ( 'NONE',  ( 0.0000000000000000000, 0.0000000000000000000, -1.000000000000000000 ) ) ;
#1267 = FILL_AREA_STYLE_COLOUR ( '', #4921 ) ;
#1268 = FILL_AREA_STYLE ('',( #1267 ) ) ;
#1269 = SURFACE_SIDE_STYLE ('',( #1351 ) ) ;
#1270 = SURFACE_STYLE_USAGE ( .BOTH. , #1269 ) ;
#1271 =( LENGTH_UNIT ( ) NAMED_UNIT ( * ) SI_UNIT ( .MILLI., .METRE. ) );
#1272 =( NAMED_UNIT ( * ) PLANE_ANGLE_UNIT ( ) SI_UNIT ( $, .RADIAN. ) );
#1273 =( NAMED_UNIT ( * ) SI_UNIT ( $, .STERADIAN. ) SOLID_ANGLE_UNIT ( ) );
#1274 = PLANE ( 'NONE',  #1189 ) ;
#1275 = CARTESIAN_POINT ( 'NONE',  ( 1.625000000000000200, 2.029999999999998900, -0.8499999999999983100 ) ) ;
#1276 = DIRECTION ( 'NONE',  ( 0.0000000000000000000, -0.9827542749819860900, 0.1849162918853579600 ) ) ;
#1277 = DIRECTION ( 'NONE',  ( 0.0000000000000000000, -0.1849162918853579400, -0.9827542749819859800 ) ) ;
#1278 = FILL_AREA_STYLE_COLOUR ( '', #4923 ) ;
#1279 = FILL_AREA_STYLE ('',( #1278 ) ) ;
#1280 = SURFACE_SIDE_STYLE ('',( #1355 ) ) ;
#1281 = SURFACE_STYLE_USAGE ( .BOTH. , #1280 ) ;
#1282 =( LENGTH_UNIT ( ) NAMED_UNIT ( * ) SI_UNIT ( .MILLI., .METRE. ) );
#1283 =( NAMED_UNIT ( * ) PLANE_ANGLE_UNIT ( ) SI_UNIT ( $, .RADIAN. ) );
#1284 =( NAMED_UNIT ( * ) SI_UNIT ( $, .STERADIAN. ) SOLID_ANGLE_UNIT ( ) );
#1285 = CARTESIAN_POINT ( 'NONE',  ( 1.625000000000000200, -0.2700000000000011300, 3.150000000000001700 ) ) ;
#1286 = DIRECTION ( 'NONE',  ( -1.000000000000000000, -0.0000000000000000000, -0.0000000000000000000 ) ) ;
#1287 = DIRECTION ( 'NONE',  ( 0.0000000000000000000, 0.0000000000000000000, 1.000000000000000000 ) ) ;
#1288 = FILL_AREA_STYLE_COLOUR ( '', #4925 ) ;
#1289 = FILL_AREA_STYLE ('',( #1288 ) ) ;
#1290 = SURFACE_SIDE_STYLE ('',( #1360 ) ) ;
#1291 = SURFACE_STYLE_USAGE ( .BOTH. , #1290 ) ;
#1292 =( LENGTH_UNIT ( ) NAMED_UNIT ( * ) SI_UNIT ( .MILLI., .METRE. ) );
#1293 =( NAMED_UNIT ( * ) PLANE_ANGLE_UNIT ( ) SI_UNIT ( $, .RADIAN. ) );
#1294 =( NAMED_UNIT ( * ) SI_UNIT ( $, .STERADIAN. ) SOLID_ANGLE_UNIT ( ) );
#1295 = CARTESIAN_POINT ( 'NONE',  ( 1.625000000000000200, -0.2700000000000011300, 3.150000000000001700 ) ) ;
#1296 = DIRECTION ( 'NONE',  ( -1.000000000000000000, -0.0000000000000000000, -0.0000000000000000000 ) ) ;
#1297 = DIRECTION ( 'NONE',  ( 0.0000000000000000000, 0.0000000000000000000, 1.000000000000000000 ) ) ;
#1298 = FILL_AREA_STYLE_COLOUR ( '', #4927 ) ;
#1299 = FILL_AREA_STYLE ('',( #1298 ) ) ;
#1300 = SURFACE_SIDE_STYLE ('',( #1365 ) ) ;
#1301 = SURFACE_STYLE_USAGE ( .BOTH. , #1300 ) ;
#1302 =( LENGTH_UNIT ( ) NAMED_UNIT ( * ) SI_UNIT ( .MILLI., .METRE. ) );
#1303 =( NAMED_UNIT ( * ) PLANE_ANGLE_UNIT ( ) SI_UNIT ( $, .RADIAN. ) );
#1304 =( NAMED_UNIT ( * ) SI_UNIT ( $, .STERADIAN. ) SOLID_ANGLE_UNIT ( ) );
#1305 = PLANE ( 'NONE',  #1391 ) ;
#1306 = CARTESIAN_POINT ( 'NONE',  ( 1.625000000000000200, -0.9780180018781545700, -0.8176396489200608000 ) ) ;
#1307 = DIRECTION ( 'NONE',  ( 0.0000000000000000000, -0.9827542749819860900, -0.1849162918853582400 ) ) ;
#1308 = DIRECTION ( 'NONE',  ( 0.0000000000000000000, 0.1849162918853582100, -0.9827542749819859800 ) ) ;
#1309 = FILL_AREA_STYLE_COLOUR ( '', #4929 ) ;
#1310 = FILL_AREA_STYLE ('',( #1309 ) ) ;
#1311 = SURFACE_SIDE_STYLE ('',( #1369 ) ) ;
#1312 = SURFACE_STYLE_USAGE ( .BOTH. , #1311 ) ;
#1313 =( LENGTH_UNIT ( ) NAMED_UNIT ( * ) SI_UNIT ( .MILLI., .METRE. ) );
#1314 =( NAMED_UNIT ( * ) PLANE_ANGLE_UNIT ( ) SI_UNIT ( $, .RADIAN. ) );
#1315 =( NAMED_UNIT ( * ) SI_UNIT ( $, .STERADIAN. ) SOLID_ANGLE_UNIT ( ) );
#1316 = PLANE ( 'NONE',  #1164 ) ;
#1317 = CARTESIAN_POINT ( 'NONE',  ( 1.625000000000000200, -1.451906024184239900, 4.250322698717872600 ) ) ;
#1318 = DIRECTION ( 'NONE',  ( 0.0000000000000000000, -0.9210286811271634100, 0.3894947606080958500 ) ) ;
#1319 = DIRECTION ( 'NONE',  ( 0.0000000000000000000, -0.3894947606080958500, -0.9210286811271634100 ) ) ;
#1320 = FILL_AREA_STYLE_COLOUR ( '', #4931 ) ;
#1321 = FILL_AREA_STYLE ('',( #1320 ) ) ;
#1322 = SURFACE_SIDE_STYLE ('',( #1373 ) ) ;
#1323 = SURFACE_STYLE_USAGE ( .BOTH. , #1322 ) ;
#1324 =( LENGTH_UNIT ( ) NAMED_UNIT ( * ) SI_UNIT ( .MILLI., .METRE. ) );
#1325 =( NAMED_UNIT ( * ) PLANE_ANGLE_UNIT ( ) SI_UNIT ( $, .RADIAN. ) );
#1326 =( NAMED_UNIT ( * ) SI_UNIT ( $, .STERADIAN. ) SOLID_ANGLE_UNIT ( ) );
#1327 = PLANE ( 'NONE',  #1396 ) ;
#1328 = CARTESIAN_POINT ( 'NONE',  ( 1.625000000000000200, -1.613086043381492900, 4.318484281824289900 ) ) ;
#1329 = DIRECTION ( 'NONE',  ( 0.0000000000000000000, 0.9210286811271634100, -0.3894947606080958500 ) ) ;
#1330 = DIRECTION ( 'NONE',  ( 0.0000000000000000000, 0.3894947606080958500, 0.9210286811271634100 ) ) ;
#1331 = FILL_AREA_STYLE_COLOUR ( '', #4933 ) ;
#1332 = FILL_AREA_STYLE ('',( #1331 ) ) ;
#1333 = SURFACE_SIDE_STYLE ('',( #1377 ) ) ;
#1334 = SURFACE_STYLE_USAGE ( .BOTH. , #1333 ) ;
#1335 =( LENGTH_UNIT ( ) NAMED_UNIT ( * ) SI_UNIT ( .MILLI., .METRE. ) );
#1336 = PRESENTATION_STYLE_ASSIGNMENT (( #1226 ) ) ;
#1337 = STYLED_ITEM ( 'NONE', ( #1336 ), #3851 ) ;
#1338 = FACE_OUTER_BOUND ( 'NONE', #3617, .T. ) ;
#1339 = SURFACE_STYLE_FILL_AREA ( #1235 ) ;
#1340 = PRESENTATION_STYLE_ASSIGNMENT (( #1237 ) ) ;
#1341 = STYLED_ITEM ( 'NONE', ( #1340 ), #3852 ) ;
#1342 = FACE_OUTER_BOUND ( 'NONE', #3616, .T. ) ;
#1343 = SURFACE_STYLE_FILL_AREA ( #1246 ) ;
#1344 = PRESENTATION_STYLE_ASSIGNMENT (( #1248 ) ) ;
#1345 = STYLED_ITEM ( 'NONE', ( #1344 ), #3853 ) ;
#1346 = FACE_OUTER_BOUND ( 'NONE', #3440, .T. ) ;
#1347 = SURFACE_STYLE_FILL_AREA ( #1257 ) ;
#1348 = PRESENTATION_STYLE_ASSIGNMENT (( #1259 ) ) ;
#1349 = STYLED_ITEM ( 'NONE', ( #1348 ), #3854 ) ;
#1350 = FACE_OUTER_BOUND ( 'NONE', #3624, .T. ) ;
#1351 = SURFACE_STYLE_FILL_AREA ( #1268 ) ;
#1352 = PRESENTATION_STYLE_ASSIGNMENT (( #1270 ) ) ;
#1353 = STYLED_ITEM ( 'NONE', ( #1352 ), #3855 ) ;
#1354 = FACE_OUTER_BOUND ( 'NONE', #3638, .T. ) ;
#1355 = SURFACE_STYLE_FILL_AREA ( #1279 ) ;
#1356 = PRESENTATION_STYLE_ASSIGNMENT (( #1281 ) ) ;
#1357 = STYLED_ITEM ( 'NONE', ( #1356 ), #3856 ) ;
#1358 = CYLINDRICAL_SURFACE ( 'NONE', #1385, 3.000000000000000000 ) ;
#1359 = FACE_OUTER_BOUND ( 'NONE', #3634, .T. ) ;
#1360 = SURFACE_STYLE_FILL_AREA ( #1289 ) ;
#1361 = PRESENTATION_STYLE_ASSIGNMENT (( #1291 ) ) ;
#1362 = STYLED_ITEM ( 'NONE', ( #1361 ), #3857 ) ;
#1363 = CYLINDRICAL_SURFACE ( 'NONE', #1388, 2.825000000000000200 ) ;
#1364 = FACE_OUTER_BOUND ( 'NONE', #3410, .T. ) ;
#1365 = SURFACE_STYLE_FILL_AREA ( #1299 ) ;
#1366 = PRESENTATION_STYLE_ASSIGNMENT (( #1301 ) ) ;
#1367 = STYLED_ITEM ( 'NONE', ( #1366 ), #3858 ) ;
#1368 = FACE_OUTER_BOUND ( 'NONE', #3409, .T. ) ;
#1369 = SURFACE_STYLE_FILL_AREA ( #1310 ) ;
#1370 = PRESENTATION_STYLE_ASSIGNMENT (( #1312 ) ) ;
#1371 = STYLED_ITEM ( 'NONE', ( #1370 ), #3859 ) ;
#1372 = FACE_OUTER_BOUND ( 'NONE', #3605, .T. ) ;
#1373 = SURFACE_STYLE_FILL_AREA ( #1321 ) ;
#1374 = PRESENTATION_STYLE_ASSIGNMENT (( #1323 ) ) ;
#1375 = STYLED_ITEM ( 'NONE', ( #1374 ), #3860 ) ;
#1376 = FACE_OUTER_BOUND ( 'NONE', #3411, .T. ) ;
#1377 = SURFACE_STYLE_FILL_AREA ( #1332 ) ;
#1378 = PRESENTATION_STYLE_ASSIGNMENT (( #1334 ) ) ;
#1379 = STYLED_ITEM ( 'NONE', ( #1378 ), #3861 ) ;
#1380 = FACE_OUTER_BOUND ( 'NONE', #3452, .T. ) ;
#1381 = SURFACE_STYLE_FILL_AREA ( #1422 ) ;
#1382 = PRESENTATION_STYLE_ASSIGNMENT (( #1424 ) ) ;
#1383 = STYLED_ITEM ( 'NONE', ( #1382 ), #3862 ) ;
#1384 = FACE_OUTER_BOUND ( 'NONE', #3609, .T. ) ;
#1385 = AXIS2_PLACEMENT_3D ( 'NONE', #1285, #1286, #1287 ) ;
#1386 = PRESENTATION_LAYER_ASSIGNMENT (  '', '', ( #1357 ) ) ;
#1387 = MECHANICAL_DESIGN_GEOMETRIC_PRESENTATION_REPRESENTATION (  '', ( #1357 ), #4922 ) ;
#1388 = AXIS2_PLACEMENT_3D ( 'NONE', #1295, #1296, #1297 ) ;
#1389 = PRESENTATION_LAYER_ASSIGNMENT (  '', '', ( #1362 ) ) ;
#1390 = MECHANICAL_DESIGN_GEOMETRIC_PRESENTATION_REPRESENTATION (  '', ( #1362 ), #4924 ) ;
#1391 = AXIS2_PLACEMENT_3D ( 'NONE', #1306, #1307, #1308 ) ;
#1392 = PRESENTATION_LAYER_ASSIGNMENT (  '', '', ( #1367 ) ) ;
#1393 = MECHANICAL_DESIGN_GEOMETRIC_PRESENTATION_REPRESENTATION (  '', ( #1367 ), #4926 ) ;
#1394 = PRESENTATION_LAYER_ASSIGNMENT (  '', '', ( #1582 ) ) ;
#1395 = MECHANICAL_DESIGN_GEOMETRIC_PRESENTATION_REPRESENTATION (  '', ( #1371 ), #4928 ) ;
#1396 = AXIS2_PLACEMENT_3D ( 'NONE', #1328, #1329, #1330 ) ;
#1397 = PRESENTATION_LAYER_ASSIGNMENT (  '', '', ( #1375 ) ) ;
#1398 = MECHANICAL_DESIGN_GEOMETRIC_PRESENTATION_REPRESENTATION (  '', ( #1375 ), #4930 ) ;
#1399 = AXIS2_PLACEMENT_3D ( 'NONE', #1418, #1419, #1420 ) ;
#1400 = PRESENTATION_LAYER_ASSIGNMENT (  '', '', ( #1379 ) ) ;
#1401 = MECHANICAL_DESIGN_GEOMETRIC_PRESENTATION_REPRESENTATION (  '', ( #1379 ), #4932 ) ;
#1402 = AXIS2_PLACEMENT_3D ( 'NONE', #1492, #1493, #1494 ) ;
#1403 = AXIS2_PLACEMENT_3D ( 'NONE', #1429, #1430, #1431 ) ;
#1404 = PRESENTATION_LAYER_ASSIGNMENT (  '', '', ( #1383 ) ) ;
#1405 = MECHANICAL_DESIGN_GEOMETRIC_PRESENTATION_REPRESENTATION (  '', ( #1383 ), #4934 ) ;
#1406 = AXIS2_PLACEMENT_3D ( 'NONE', #1440, #1441, #1442 ) ;
#1407 = PRESENTATION_LAYER_ASSIGNMENT (  '', '', ( #1559 ) ) ;
#1408 = MECHANICAL_DESIGN_GEOMETRIC_PRESENTATION_REPRESENTATION (  '', ( #1559 ), #4936 ) ;
#1409 = AXIS2_PLACEMENT_3D ( 'NONE', #1450, #1451, #1452 ) ;
#1410 = PRESENTATION_LAYER_ASSIGNMENT (  '', '', ( #1563 ) ) ;
#1411 = MECHANICAL_DESIGN_GEOMETRIC_PRESENTATION_REPRESENTATION (  '', ( #1563 ), #4938 ) ;
#1412 = AXIS2_PLACEMENT_3D ( 'NONE', #1460, #1461, #1462 ) ;
#1413 = PRESENTATION_LAYER_ASSIGNMENT (  '', '', ( #1568 ) ) ;
#1414 = MECHANICAL_DESIGN_GEOMETRIC_PRESENTATION_REPRESENTATION (  '', ( #1568 ), #4940 ) ;
#1415 =( NAMED_UNIT ( * ) PLANE_ANGLE_UNIT ( ) SI_UNIT ( $, .RADIAN. ) );
#1416 =( NAMED_UNIT ( * ) SI_UNIT ( $, .STERADIAN. ) SOLID_ANGLE_UNIT ( ) );
#1417 = PLANE ( 'NONE',  #1399 ) ;
#1418 = CARTESIAN_POINT ( 'NONE',  ( 1.625000000000000200, 1.149999999999997500, 3.150000000000001700 ) ) ;
#1419 = DIRECTION ( 'NONE',  ( -1.000000000000000000, 0.0000000000000000000, 0.0000000000000000000 ) ) ;
#1420 = DIRECTION ( 'NONE',  ( 0.0000000000000000000, 0.0000000000000000000, 1.000000000000000000 ) ) ;
#1421 = FILL_AREA_STYLE_COLOUR ( '', #4935 ) ;
#1422 = FILL_AREA_STYLE ('',( #1421 ) ) ;
#1423 = SURFACE_SIDE_STYLE ('',( #1381 ) ) ;
#1424 = SURFACE_STYLE_USAGE ( .BOTH. , #1423 ) ;
#1425 =( LENGTH_UNIT ( ) NAMED_UNIT ( * ) SI_UNIT ( .MILLI., .METRE. ) );
#1426 =( NAMED_UNIT ( * ) PLANE_ANGLE_UNIT ( ) SI_UNIT ( $, .RADIAN. ) );
#1427 =( NAMED_UNIT ( * ) SI_UNIT ( $, .STERADIAN. ) SOLID_ANGLE_UNIT ( ) );
#1428 = PLANE ( 'NONE',  #1403 ) ;
#1429 = CARTESIAN_POINT ( 'NONE',  ( 0.8750000000000000000, 1.149999999999997500, 3.150000000000001700 ) ) ;
#1430 = DIRECTION ( 'NONE',  ( -1.000000000000000000, 0.0000000000000000000, 0.0000000000000000000 ) ) ;
#1431 = DIRECTION ( 'NONE',  ( 0.0000000000000000000, 0.0000000000000000000, 1.000000000000000000 ) ) ;
#1432 = FILL_AREA_STYLE_COLOUR ( '', #4937 ) ;
#1433 = FILL_AREA_STYLE ('',( #1432 ) ) ;
#1434 = SURFACE_SIDE_STYLE ('',( #1557 ) ) ;
#1435 = SURFACE_STYLE_USAGE ( .BOTH. , #1434 ) ;
#1436 =( LENGTH_UNIT ( ) NAMED_UNIT ( * ) SI_UNIT ( .MILLI., .METRE. ) );
#1437 =( NAMED_UNIT ( * ) PLANE_ANGLE_UNIT ( ) SI_UNIT ( $, .RADIAN. ) );
#1438 =( NAMED_UNIT ( * ) SI_UNIT ( $, .STERADIAN. ) SOLID_ANGLE_UNIT ( ) );
#1439 = PLANE ( 'NONE',  #1406 ) ;
#1440 = CARTESIAN_POINT ( 'NONE',  ( 1.625000000000000200, -1.150000000000001500, -0.8499999999999983100 ) ) ;
#1441 = DIRECTION ( 'NONE',  ( -0.0000000000000000000, 0.9827542749819860900, 0.1849162918853582700 ) ) ;
#1442 = DIRECTION ( 'NONE',  ( 0.0000000000000000000, -0.1849162918853582400, 0.9827542749819859800 ) ) ;
#1443 = FILL_AREA_STYLE_COLOUR ( '', #4939 ) ;
#1444 = FILL_AREA_STYLE ('',( #1443 ) ) ;
#1445 = SURFACE_SIDE_STYLE ('',( #1561 ) ) ;
#1446 = SURFACE_STYLE_USAGE ( .BOTH. , #1445 ) ;
#1447 =( LENGTH_UNIT ( ) NAMED_UNIT ( * ) SI_UNIT ( .MILLI., .METRE. ) );
#1448 =( NAMED_UNIT ( * ) PLANE_ANGLE_UNIT ( ) SI_UNIT ( $, .RADIAN. ) );
#1449 =( NAMED_UNIT ( * ) SI_UNIT ( $, .STERADIAN. ) SOLID_ANGLE_UNIT ( ) );
#1450 = CARTESIAN_POINT ( 'NONE',  ( 1.625000000000000200, 1.149999999999997500, 3.150000000000001700 ) ) ;
#1451 = DIRECTION ( 'NONE',  ( -1.000000000000000000, -0.0000000000000000000, -0.0000000000000000000 ) ) ;
#1452 = DIRECTION ( 'NONE',  ( 0.0000000000000000000, 0.0000000000000000000, 1.000000000000000000 ) ) ;
#1453 = FILL_AREA_STYLE_COLOUR ( '', #4941 ) ;
#1454 = FILL_AREA_STYLE ('',( #1453 ) ) ;
#1455 = SURFACE_SIDE_STYLE ('',( #1566 ) ) ;
#1456 = SURFACE_STYLE_USAGE ( .BOTH. , #1455 ) ;
#1457 =( LENGTH_UNIT ( ) NAMED_UNIT ( * ) SI_UNIT ( .MILLI., .METRE. ) );
#1458 =( NAMED_UNIT ( * ) PLANE_ANGLE_UNIT ( ) SI_UNIT ( $, .RADIAN. ) );
#1459 =( NAMED_UNIT ( * ) SI_UNIT ( $, .STERADIAN. ) SOLID_ANGLE_UNIT ( ) );
#1460 = CARTESIAN_POINT ( 'NONE',  ( 1.625000000000000200, 1.149999999999997500, 3.150000000000001700 ) ) ;
#1461 = DIRECTION ( 'NONE',  ( -1.000000000000000000, -0.0000000000000000000, -0.0000000000000000000 ) ) ;
#1462 = DIRECTION ( 'NONE',  ( 0.0000000000000000000, 0.0000000000000000000, 1.000000000000000000 ) ) ;
#1463 = FILL_AREA_STYLE_COLOUR ( '', #4943 ) ;
#1464 = FILL_AREA_STYLE ('',( #1463 ) ) ;
#1465 = SURFACE_SIDE_STYLE ('',( #1571 ) ) ;
#1466 = SURFACE_STYLE_USAGE ( .BOTH. , #1465 ) ;
#1467 =( LENGTH_UNIT ( ) NAMED_UNIT ( * ) SI_UNIT ( .MILLI., .METRE. ) );
#1468 =( NAMED_UNIT ( * ) PLANE_ANGLE_UNIT ( ) SI_UNIT ( $, .RADIAN. ) );
#1469 =( NAMED_UNIT ( * ) SI_UNIT ( $, .STERADIAN. ) SOLID_ANGLE_UNIT ( ) );
#1470 = CARTESIAN_POINT ( 'NONE',  ( 6.180000000000005900, -7.399999999999998600, -1.274999999999998800 ) ) ;
#1471 = DIRECTION ( 'NONE',  ( -0.0000000000000000000, -0.0000000000000000000, -1.000000000000000000 ) ) ;
#1472 = DIRECTION ( 'NONE',  ( -1.000000000000000000, 0.0000000000000000000, 0.0000000000000000000 ) ) ;
#1473 = FILL_AREA_STYLE_COLOUR ( '', #4945 ) ;
#1474 = FILL_AREA_STYLE ('',( #1473 ) ) ;
#1475 = SURFACE_SIDE_STYLE ('',( #1576 ) ) ;
#1476 = SURFACE_STYLE_USAGE ( .BOTH. , #1475 ) ;
#1477 =( LENGTH_UNIT ( ) NAMED_UNIT ( * ) SI_UNIT ( .MILLI., .METRE. ) );
#1478 =( NAMED_UNIT ( * ) PLANE_ANGLE_UNIT ( ) SI_UNIT ( $, .RADIAN. ) );
#1479 =( NAMED_UNIT ( * ) SI_UNIT ( $, .STERADIAN. ) SOLID_ANGLE_UNIT ( ) );
#1480 = PLANE ( 'NONE',  #1664 ) ;
#1481 = CARTESIAN_POINT ( 'NONE',  ( 6.860357231012239200, -7.942230613493344500, -1.274999999999998800 ) ) ;
#1482 = DIRECTION ( 'NONE',  ( 0.7820198057611863500, -0.6232535787279817100, 0.0000000000000000000 ) ) ;
#1483 = DIRECTION ( 'NONE',  ( 0.6232535787279815900, 0.7820198057611862400, 0.0000000000000000000 ) ) ;
#1484 = FILL_AREA_STYLE_COLOUR ( '', #4947 ) ;
#1485 = FILL_AREA_STYLE ('',( #1484 ) ) ;
#1486 = SURFACE_SIDE_STYLE ('',( #1580 ) ) ;
#1487 = SURFACE_STYLE_USAGE ( .BOTH. , #1486 ) ;
#1488 =( LENGTH_UNIT ( ) NAMED_UNIT ( * ) SI_UNIT ( .MILLI., .METRE. ) );
#1489 =( NAMED_UNIT ( * ) PLANE_ANGLE_UNIT ( ) SI_UNIT ( $, .RADIAN. ) );
#1490 =( NAMED_UNIT ( * ) SI_UNIT ( $, .STERADIAN. ) SOLID_ANGLE_UNIT ( ) );
#1491 = PLANE ( 'NONE',  #1402 ) ;
#1492 = CARTESIAN_POINT ( 'NONE',  ( 6.527167526189214400, -8.969999999999991800, -1.274999999999998800 ) ) ;
#1493 = DIRECTION ( 'NONE',  ( 0.6232535787279811500, 0.7820198057611867900, -0.0000000000000000000 ) ) ;
#1494 = DIRECTION ( 'NONE',  ( -0.7820198057611867900, 0.6232535787279811500, 0.0000000000000000000 ) ) ;
#1495 = FILL_AREA_STYLE_COLOUR ( '', #4949 ) ;
#1496 = FILL_AREA_STYLE ('',( #1495 ) ) ;
#1497 = SURFACE_SIDE_STYLE ('',( #1584 ) ) ;
#1498 = SURFACE_STYLE_USAGE ( .BOTH. , #1497 ) ;
#1499 =( LENGTH_UNIT ( ) NAMED_UNIT ( * ) SI_UNIT ( .MILLI., .METRE. ) );
#1500 =( NAMED_UNIT ( * ) PLANE_ANGLE_UNIT ( ) SI_UNIT ( $, .RADIAN. ) );
#1501 =( NAMED_UNIT ( * ) SI_UNIT ( $, .STERADIAN. ) SOLID_ANGLE_UNIT ( ) );
#1502 = PLANE ( 'NONE',  #1670 ) ;
#1503 = CARTESIAN_POINT ( 'NONE',  ( 7.157524757201489500, -8.179066973409977200, -1.274999999999998800 ) ) ;
#1504 = DIRECTION ( 'NONE',  ( -0.7820198057611872400, 0.6232535787279804800, 0.0000000000000000000 ) ) ;
#1505 = DIRECTION ( 'NONE',  ( -0.6232535787279804800, -0.7820198057611872400, 0.0000000000000000000 ) ) ;
#1506 = FILL_AREA_STYLE_COLOUR ( '', #4951 ) ;
#1507 = FILL_AREA_STYLE ('',( #1506 ) ) ;
#1508 = SURFACE_SIDE_STYLE ('',( #1588 ) ) ;
#1509 = SURFACE_STYLE_USAGE ( .BOTH. , #1508 ) ;
#1510 =( LENGTH_UNIT ( ) NAMED_UNIT ( * ) SI_UNIT ( .MILLI., .METRE. ) );
#1511 =( NAMED_UNIT ( * ) PLANE_ANGLE_UNIT ( ) SI_UNIT ( $, .RADIAN. ) );
#1512 =( NAMED_UNIT ( * ) SI_UNIT ( $, .STERADIAN. ) SOLID_ANGLE_UNIT ( ) );
#1513 = CARTESIAN_POINT ( 'NONE',  ( 6.180000000000005900, -7.399999999999998600, -1.274999999999998800 ) ) ;
#1514 = DIRECTION ( 'NONE',  ( -0.0000000000000000000, -0.0000000000000000000, -1.000000000000000000 ) ) ;
#1515 = DIRECTION ( 'NONE',  ( -1.000000000000000000, 0.0000000000000000000, 0.0000000000000000000 ) ) ;
#1516 = FILL_AREA_STYLE_COLOUR ( '', #4953 ) ;
#1517 = FILL_AREA_STYLE ('',( #1516 ) ) ;
#1518 = SURFACE_SIDE_STYLE ('',( #1593 ) ) ;
#1519 = SURFACE_STYLE_USAGE ( .BOTH. , #1518 ) ;
#1520 =( LENGTH_UNIT ( ) NAMED_UNIT ( * ) SI_UNIT ( .MILLI., .METRE. ) );
#1521 =( NAMED_UNIT ( * ) PLANE_ANGLE_UNIT ( ) SI_UNIT ( $, .RADIAN. ) );
#1522 =( NAMED_UNIT ( * ) SI_UNIT ( $, .STERADIAN. ) SOLID_ANGLE_UNIT ( ) );
#1523 = PLANE ( 'NONE',  #1677 ) ;
#1524 = CARTESIAN_POINT ( 'NONE',  ( 6.416372989605077000, -6.121709027730714700, -1.274999999999998800 ) ) ;
#1525 = DIRECTION ( 'NONE',  ( -0.4448360138599017400, -0.8956120369742880400, 0.0000000000000000000 ) ) ;
#1526 = DIRECTION ( 'NONE',  ( 0.8956120369742879300, -0.4448360138599016800, 0.0000000000000000000 ) ) ;
#1527 = FILL_AREA_STYLE_COLOUR ( '', #4955 ) ;
#1528 = FILL_AREA_STYLE ('',( #1527 ) ) ;
#1529 = SURFACE_SIDE_STYLE ('',( #1597 ) ) ;
#1530 = SURFACE_STYLE_USAGE ( .BOTH. , #1529 ) ;
#1531 =( LENGTH_UNIT ( ) NAMED_UNIT ( * ) SI_UNIT ( .MILLI., .METRE. ) );
#1532 =( NAMED_UNIT ( * ) PLANE_ANGLE_UNIT ( ) SI_UNIT ( $, .RADIAN. ) );
#1533 =( NAMED_UNIT ( * ) SI_UNIT ( $, .STERADIAN. ) SOLID_ANGLE_UNIT ( ) );
#1534 = CARTESIAN_POINT ( 'NONE',  ( 6.750000000000003600, -5.450000000000000200, -1.274999999999998800 ) ) ;
#1535 = DIRECTION ( 'NONE',  ( -0.0000000000000000000, -0.0000000000000000000, -1.000000000000000000 ) ) ;
#1536 = DIRECTION ( 'NONE',  ( -1.000000000000000000, 0.0000000000000000000, 0.0000000000000000000 ) ) ;
#1537 = FILL_AREA_STYLE_COLOUR ( '', #4957 ) ;
#1538 = FILL_AREA_STYLE ('',( #1537 ) ) ;
#1539 = SURFACE_SIDE_STYLE ('',( #1602 ) ) ;
#1540 = SURFACE_STYLE_USAGE ( .BOTH. , #1539 ) ;
#1541 =( LENGTH_UNIT ( ) NAMED_UNIT ( * ) SI_UNIT ( .MILLI., .METRE. ) );
#1542 =( NAMED_UNIT ( * ) PLANE_ANGLE_UNIT ( ) SI_UNIT ( $, .RADIAN. ) );
#1543 =( NAMED_UNIT ( * ) SI_UNIT ( $, .STERADIAN. ) SOLID_ANGLE_UNIT ( ) );
#1544 = PLANE ( 'NONE',  #1683 ) ;
#1545 = CARTESIAN_POINT ( 'NONE',  ( 5.620000000000003700, -5.250000000000000900, -1.274999999999998800 ) ) ;
#1546 = DIRECTION ( 'NONE',  ( 1.000000000000000000, 0.0000000000000000000, -0.0000000000000000000 ) ) ;
#1547 = DIRECTION ( 'NONE',  ( -0.0000000000000000000, 0.0000000000000000000, -1.000000000000000000 ) ) ;
#1548 = FILL_AREA_STYLE_COLOUR ( '', #4959 ) ;
#1549 = FILL_AREA_STYLE ('',( #1548 ) ) ;
#1550 = SURFACE_SIDE_STYLE ('',( #1606 ) ) ;
#1551 = SURFACE_STYLE_USAGE ( .BOTH. , #1550 ) ;
#1552 =( LENGTH_UNIT ( ) NAMED_UNIT ( * ) SI_UNIT ( .MILLI., .METRE. ) );
#1553 =( NAMED_UNIT ( * ) PLANE_ANGLE_UNIT ( ) SI_UNIT ( $, .RADIAN. ) );
#1554 =( NAMED_UNIT ( * ) SI_UNIT ( $, .STERADIAN. ) SOLID_ANGLE_UNIT ( ) );
#1555 = CARTESIAN_POINT ( 'NONE',  ( 6.750000000000003600, -5.450000000000000200, -1.274999999999998800 ) ) ;
#1556 = DIRECTION ( 'NONE',  ( -0.0000000000000000000, -0.0000000000000000000, -1.000000000000000000 ) ) ;
#1557 = SURFACE_STYLE_FILL_AREA ( #1433 ) ;
#1558 = PRESENTATION_STYLE_ASSIGNMENT (( #1435 ) ) ;
#1559 = STYLED_ITEM ( 'NONE', ( #1558 ), #3863 ) ;
#1560 = FACE_OUTER_BOUND ( 'NONE', #3613, .T. ) ;
#1561 = SURFACE_STYLE_FILL_AREA ( #1444 ) ;
#1562 = PRESENTATION_STYLE_ASSIGNMENT (( #1446 ) ) ;
#1563 = STYLED_ITEM ( 'NONE', ( #1562 ), #3864 ) ;
#1564 = CYLINDRICAL_SURFACE ( 'NONE', #1409, 2.825000000000000200 ) ;
#1565 = FACE_OUTER_BOUND ( 'NONE', #3614, .T. ) ;
#1566 = SURFACE_STYLE_FILL_AREA ( #1454 ) ;
#1567 = PRESENTATION_STYLE_ASSIGNMENT (( #1456 ) ) ;
#1568 = STYLED_ITEM ( 'NONE', ( #1567 ), #3865 ) ;
#1569 = CYLINDRICAL_SURFACE ( 'NONE', #1412, 3.000000000000000000 ) ;
#1570 = FACE_OUTER_BOUND ( 'NONE', #3615, .T. ) ;
#1571 = SURFACE_STYLE_FILL_AREA ( #1464 ) ;
#1572 = PRESENTATION_STYLE_ASSIGNMENT (( #1466 ) ) ;
#1573 = STYLED_ITEM ( 'NONE', ( #1572 ), #3866 ) ;
#1574 = CYLINDRICAL_SURFACE ( 'NONE', #1165, 0.8700000000000018800 ) ;
#1575 = FACE_OUTER_BOUND ( 'NONE', #3668, .T. ) ;
#1576 = SURFACE_STYLE_FILL_AREA ( #1474 ) ;
#1577 = PRESENTATION_STYLE_ASSIGNMENT (( #1476 ) ) ;
#1578 = STYLED_ITEM ( 'NONE', ( #1577 ), #3867 ) ;
#1579 = FACE_OUTER_BOUND ( 'NONE', #3636, .T. ) ;
#1580 = SURFACE_STYLE_FILL_AREA ( #1485 ) ;
#1581 = PRESENTATION_STYLE_ASSIGNMENT (( #1487 ) ) ;
#1582 = STYLED_ITEM ( 'NONE', ( #1581 ), #3868 ) ;
#1583 = FACE_OUTER_BOUND ( 'NONE', #3606, .T. ) ;
#1584 = SURFACE_STYLE_FILL_AREA ( #1496 ) ;
#1585 = PRESENTATION_STYLE_ASSIGNMENT (( #1498 ) ) ;
#1586 = STYLED_ITEM ( 'NONE', ( #1585 ), #3869 ) ;
#1587 = FACE_OUTER_BOUND ( 'NONE', #3610, .T. ) ;
#1588 = SURFACE_STYLE_FILL_AREA ( #1507 ) ;
#1589 = PRESENTATION_STYLE_ASSIGNMENT (( #1509 ) ) ;
#1590 = STYLED_ITEM ( 'NONE', ( #1589 ), #3870 ) ;
#1591 = CYLINDRICAL_SURFACE ( 'NONE', #1673, 1.250000000000002900 ) ;
#1592 = FACE_OUTER_BOUND ( 'NONE', #3464, .T. ) ;
#1593 = SURFACE_STYLE_FILL_AREA ( #1517 ) ;
#1594 = PRESENTATION_STYLE_ASSIGNMENT (( #1519 ) ) ;
#1595 = STYLED_ITEM ( 'NONE', ( #1594 ), #3871 ) ;
#1596 = FACE_OUTER_BOUND ( 'NONE', #3407, .T. ) ;
#1597 = SURFACE_STYLE_FILL_AREA ( #1528 ) ;
#1598 = PRESENTATION_STYLE_ASSIGNMENT (( #1530 ) ) ;
#1599 = STYLED_ITEM ( 'NONE', ( #1598 ), #3872 ) ;
#1600 = CYLINDRICAL_SURFACE ( 'NONE', #1680, 0.7499999999999997800 ) ;
#1601 = FACE_OUTER_BOUND ( 'NONE', #3621, .T. ) ;
#1602 = SURFACE_STYLE_FILL_AREA ( #1538 ) ;
#1603 = PRESENTATION_STYLE_ASSIGNMENT (( #1540 ) ) ;
#1604 = STYLED_ITEM ( 'NONE', ( #1603 ), #3873 ) ;
#1605 = FACE_OUTER_BOUND ( 'NONE', #3607, .T. ) ;
#1606 = SURFACE_STYLE_FILL_AREA ( #1549 ) ;
#1607 = PRESENTATION_STYLE_ASSIGNMENT (( #1551 ) ) ;
#1608 = STYLED_ITEM ( 'NONE', ( #1607 ), #3874 ) ;
#1609 = CYLINDRICAL_SURFACE ( 'NONE', #1686, 1.129999999999999900 ) ;
#1610 = FACE_OUTER_BOUND ( 'NONE', #3669, .T. ) ;
#1611 = SURFACE_STYLE_FILL_AREA ( #1697 ) ;
#1612 = PRESENTATION_STYLE_ASSIGNMENT (( #1699 ) ) ;
#1613 = STYLED_ITEM ( 'NONE', ( #1612 ), #3875 ) ;
#1614 = FACE_OUTER_BOUND ( 'NONE', #3453, .T. ) ;
#1615 = SURFACE_STYLE_FILL_AREA ( #1708 ) ;
#1616 = PRESENTATION_STYLE_ASSIGNMENT (( #1710 ) ) ;
#1617 = STYLED_ITEM ( 'NONE', ( #1616 ), #3876 ) ;
#1618 = CYLINDRICAL_SURFACE ( 'NONE', #1692, 1.129999999999999900 ) ;
#1619 = FACE_OUTER_BOUND ( 'NONE', #3608, .T. ) ;
#1620 = SURFACE_STYLE_FILL_AREA ( #1718 ) ;
#1621 = PRESENTATION_STYLE_ASSIGNMENT (( #1720 ) ) ;
#1622 = STYLED_ITEM ( 'NONE', ( #1621 ), #3877 ) ;
#1623 = FACE_OUTER_BOUND ( 'NONE', #3670, .T. ) ;
#1624 = SURFACE_STYLE_FILL_AREA ( #1729 ) ;
#1625 = PRESENTATION_STYLE_ASSIGNMENT (( #1731 ) ) ;
#1626 = STYLED_ITEM ( 'NONE', ( #1625 ), #3878 ) ;
#1627 = CYLINDRICAL_SURFACE ( 'NONE', #1676, 0.7499999999999997800 ) ;
#1628 = FACE_OUTER_BOUND ( 'NONE', #3671, .T. ) ;
#1629 = SURFACE_STYLE_FILL_AREA ( #1739 ) ;
#1630 = PRESENTATION_STYLE_ASSIGNMENT (( #1741 ) ) ;
#1631 = STYLED_ITEM ( 'NONE', ( #1630 ), #3879 ) ;
#1632 = FACE_OUTER_BOUND ( 'NONE', #3604, .T. ) ;
#1633 = SURFACE_STYLE_FILL_AREA ( #1750 ) ;
#1634 = PRESENTATION_STYLE_ASSIGNMENT (( #1752 ) ) ;
#1635 = STYLED_ITEM ( 'NONE', ( #1634 ), #3880 ) ;
#1636 = CYLINDRICAL_SURFACE ( 'NONE', #1846, 1.250000000000003800 ) ;
#1637 = FACE_OUTER_BOUND ( 'NONE', #3602, .T. ) ;
#1638 = SURFACE_STYLE_FILL_AREA ( #1760 ) ;
#1639 = PRESENTATION_STYLE_ASSIGNMENT (( #1762 ) ) ;
#1640 = STYLED_ITEM ( 'NONE', ( #1639 ), #3881 ) ;
#1641 = FACE_OUTER_BOUND ( 'NONE', #3612, .T. ) ;
#1642 = SURFACE_STYLE_FILL_AREA ( #1771 ) ;
#1643 = PRESENTATION_STYLE_ASSIGNMENT (( #1773 ) ) ;
#1644 = STYLED_ITEM ( 'NONE', ( #1643 ), #3882 ) ;
#1645 = FACE_OUTER_BOUND ( 'NONE', #3611, .T. ) ;
#1646 = SURFACE_STYLE_FILL_AREA ( #1782 ) ;
#1647 = PRESENTATION_STYLE_ASSIGNMENT (( #1784 ) ) ;
#1648 = STYLED_ITEM ( 'NONE', ( #1647 ), #3883 ) ;
#1649 = FACE_OUTER_BOUND ( 'NONE', #3441, .T. ) ;
#1650 = SURFACE_STYLE_FILL_AREA ( #1793 ) ;
#1651 = PRESENTATION_STYLE_ASSIGNMENT (( #1795 ) ) ;
#1652 = STYLED_ITEM ( 'NONE', ( #1651 ), #3884 ) ;
#1653 = CYLINDRICAL_SURFACE ( 'NONE', #1858, 0.8700000000000018800 ) ;
#1654 = FACE_OUTER_BOUND ( 'NONE', #3442, .T. ) ;
#1655 = SURFACE_STYLE_FILL_AREA ( #1803 ) ;
#1656 = PRESENTATION_STYLE_ASSIGNMENT (( #1805 ) ) ;
#1657 = STYLED_ITEM ( 'NONE', ( #1656 ), #3885 ) ;
#1658 = FACE_OUTER_BOUND ( 'NONE', #3438, .T. ) ;
#1659 = SURFACE_STYLE_FILL_AREA ( #1814 ) ;
#1660 = PRESENTATION_STYLE_ASSIGNMENT (( #1816 ) ) ;
#1661 = STYLED_ITEM ( 'NONE', ( #1660 ), #3886 ) ;
#1662 = PRESENTATION_LAYER_ASSIGNMENT (  '', '', ( #1573 ) ) ;
#1663 = MECHANICAL_DESIGN_GEOMETRIC_PRESENTATION_REPRESENTATION (  '', ( #1573 ), #4942 ) ;
#1664 = AXIS2_PLACEMENT_3D ( 'NONE', #1481, #1482, #1483 ) ;
#1665 = PRESENTATION_LAYER_ASSIGNMENT (  '', '', ( #1578 ) ) ;
#1666 = MECHANICAL_DESIGN_GEOMETRIC_PRESENTATION_REPRESENTATION (  '', ( #1578 ), #4944 ) ;
#1667 = VECTOR ( 'NONE', #2056, 1000.000000000000000 ) ;
#1668 = PRESENTATION_LAYER_ASSIGNMENT (  '', '', ( #1626 ) ) ;
#1669 = MECHANICAL_DESIGN_GEOMETRIC_PRESENTATION_REPRESENTATION (  '', ( #1582 ), #4946 ) ;
#1670 = AXIS2_PLACEMENT_3D ( 'NONE', #1503, #1504, #1505 ) ;
#1671 = PRESENTATION_LAYER_ASSIGNMENT (  '', '', ( #1586 ) ) ;
#1672 = MECHANICAL_DESIGN_GEOMETRIC_PRESENTATION_REPRESENTATION (  '', ( #1586 ), #4948 ) ;
#1673 = AXIS2_PLACEMENT_3D ( 'NONE', #1513, #1514, #1515 ) ;
#1674 = PRESENTATION_LAYER_ASSIGNMENT (  '', '', ( #1590 ) ) ;
#1675 = MECHANICAL_DESIGN_GEOMETRIC_PRESENTATION_REPRESENTATION (  '', ( #1590 ), #4950 ) ;
#1676 = AXIS2_PLACEMENT_3D ( 'NONE', #1735, #1736, #1737 ) ;
#1677 = AXIS2_PLACEMENT_3D ( 'NONE', #1524, #1525, #1526 ) ;
#1678 = PRESENTATION_LAYER_ASSIGNMENT (  '', '', ( #1595 ) ) ;
#1679 = MECHANICAL_DESIGN_GEOMETRIC_PRESENTATION_REPRESENTATION (  '', ( #1595 ), #4952 ) ;
#1680 = AXIS2_PLACEMENT_3D ( 'NONE', #1534, #1535, #1536 ) ;
#1681 = PRESENTATION_LAYER_ASSIGNMENT (  '', '', ( #1599 ) ) ;
#1682 = MECHANICAL_DESIGN_GEOMETRIC_PRESENTATION_REPRESENTATION (  '', ( #1599 ), #4954 ) ;
#1683 = AXIS2_PLACEMENT_3D ( 'NONE', #1545, #1546, #1547 ) ;
#1684 = PRESENTATION_LAYER_ASSIGNMENT (  '', '', ( #1604 ) ) ;
#1685 = MECHANICAL_DESIGN_GEOMETRIC_PRESENTATION_REPRESENTATION (  '', ( #1604 ), #4956 ) ;
#1686 = AXIS2_PLACEMENT_3D ( 'NONE', #1555, #1556, #1695 ) ;
#1687 = PRESENTATION_LAYER_ASSIGNMENT (  '', '', ( #1608 ) ) ;
#1688 = MECHANICAL_DESIGN_GEOMETRIC_PRESENTATION_REPRESENTATION (  '', ( #1608 ), #4958 ) ;
#1689 = AXIS2_PLACEMENT_3D ( 'NONE', #1704, #1705, #1706 ) ;
#1690 = PRESENTATION_LAYER_ASSIGNMENT (  '', '', ( #1613 ) ) ;
#1691 = MECHANICAL_DESIGN_GEOMETRIC_PRESENTATION_REPRESENTATION (  '', ( #1613 ), #4960 ) ;
#1692 = AXIS2_PLACEMENT_3D ( 'NONE', #1714, #1715, #1716 ) ;
#1693 = PRESENTATION_LAYER_ASSIGNMENT (  '', '', ( #1617 ) ) ;
#1694 = MECHANICAL_DESIGN_GEOMETRIC_PRESENTATION_REPRESENTATION (  '', ( #1617 ), #4962 ) ;
#1695 = DIRECTION ( 'NONE',  ( -1.000000000000000000, 0.0000000000000000000, 0.0000000000000000000 ) ) ;
#1696 = FILL_AREA_STYLE_COLOUR ( '', #4961 ) ;
#1697 = FILL_AREA_STYLE ('',( #1696 ) ) ;
#1698 = SURFACE_SIDE_STYLE ('',( #1611 ) ) ;
#1699 = SURFACE_STYLE_USAGE ( .BOTH. , #1698 ) ;
#1700 =( LENGTH_UNIT ( ) NAMED_UNIT ( * ) SI_UNIT ( .MILLI., .METRE. ) );
#1701 =( NAMED_UNIT ( * ) PLANE_ANGLE_UNIT ( ) SI_UNIT ( $, .RADIAN. ) );
#1702 =( NAMED_UNIT ( * ) SI_UNIT ( $, .STERADIAN. ) SOLID_ANGLE_UNIT ( ) );
#1703 = PLANE ( 'NONE',  #1689 ) ;
#1704 = CARTESIAN_POINT ( 'NONE',  ( 6.247335304338313300, -6.462041601780944300, -1.274999999999998800 ) ) ;
#1705 = DIRECTION ( 'NONE',  ( 0.4448360138599035100, 0.8956120369742870400, -0.0000000000000000000 ) ) ;
#1706 = DIRECTION ( 'NONE',  ( -0.8956120369742870400, 0.4448360138599035100, 0.0000000000000000000 ) ) ;
#1707 = FILL_AREA_STYLE_COLOUR ( '', #4963 ) ;
#1708 = FILL_AREA_STYLE ('',( #1707 ) ) ;
#1709 = SURFACE_SIDE_STYLE ('',( #1615 ) ) ;
#1710 = SURFACE_STYLE_USAGE ( .BOTH. , #1709 ) ;
#1711 =( LENGTH_UNIT ( ) NAMED_UNIT ( * ) SI_UNIT ( .MILLI., .METRE. ) );
#1712 =( NAMED_UNIT ( * ) PLANE_ANGLE_UNIT ( ) SI_UNIT ( $, .RADIAN. ) );
#1713 =( NAMED_UNIT ( * ) SI_UNIT ( $, .STERADIAN. ) SOLID_ANGLE_UNIT ( ) );
#1714 = CARTESIAN_POINT ( 'NONE',  ( -6.750000000000001800, -5.450000000000002000, -1.274999999999998800 ) ) ;
#1715 = DIRECTION ( 'NONE',  ( -0.0000000000000000000, -0.0000000000000000000, -1.000000000000000000 ) ) ;
#1716 = DIRECTION ( 'NONE',  ( -1.000000000000000000, 0.0000000000000000000, 0.0000000000000000000 ) ) ;
#1717 = FILL_AREA_STYLE_COLOUR ( '', #4965 ) ;
#1718 = FILL_AREA_STYLE ('',( #1717 ) ) ;
#1719 = SURFACE_SIDE_STYLE ('',( #1620 ) ) ;
#1720 = SURFACE_STYLE_USAGE ( .BOTH. , #1719 ) ;
#1721 =( LENGTH_UNIT ( ) NAMED_UNIT ( * ) SI_UNIT ( .MILLI., .METRE. ) );
#1722 =( NAMED_UNIT ( * ) PLANE_ANGLE_UNIT ( ) SI_UNIT ( $, .RADIAN. ) );
#1723 =( NAMED_UNIT ( * ) SI_UNIT ( $, .STERADIAN. ) SOLID_ANGLE_UNIT ( ) );
#1724 = PLANE ( 'NONE',  #1839 ) ;
#1725 = CARTESIAN_POINT ( 'NONE',  ( -5.620000000000001900, -5.250000000000002700, -1.274999999999998800 ) ) ;
#1726 = DIRECTION ( 'NONE',  ( -1.000000000000000000, 0.0000000000000000000, 0.0000000000000000000 ) ) ;
#1727 = DIRECTION ( 'NONE',  ( 0.0000000000000000000, 0.0000000000000000000, 1.000000000000000000 ) ) ;
#1728 = FILL_AREA_STYLE_COLOUR ( '', #4967 ) ;
#1729 = FILL_AREA_STYLE ('',( #1728 ) ) ;
#1730 = SURFACE_SIDE_STYLE ('',( #1624 ) ) ;
#1731 = SURFACE_STYLE_USAGE ( .BOTH. , #1730 ) ;
#1732 =( LENGTH_UNIT ( ) NAMED_UNIT ( * ) SI_UNIT ( .MILLI., .METRE. ) );
#1733 =( NAMED_UNIT ( * ) PLANE_ANGLE_UNIT ( ) SI_UNIT ( $, .RADIAN. ) );
#1734 =( NAMED_UNIT ( * ) SI_UNIT ( $, .STERADIAN. ) SOLID_ANGLE_UNIT ( ) );
#1735 = CARTESIAN_POINT ( 'NONE',  ( -6.750000000000001800, -5.450000000000002000, -1.274999999999998800 ) ) ;
#1736 = DIRECTION ( 'NONE',  ( -0.0000000000000000000, -0.0000000000000000000, -1.000000000000000000 ) ) ;
#1737 = DIRECTION ( 'NONE',  ( -1.000000000000000000, 0.0000000000000000000, 0.0000000000000000000 ) ) ;
#1738 = FILL_AREA_STYLE_COLOUR ( '', #4969 ) ;
#1739 = FILL_AREA_STYLE ('',( #1738 ) ) ;
#1740 = SURFACE_SIDE_STYLE ('',( #1629 ) ) ;
#1741 = SURFACE_STYLE_USAGE ( .BOTH. , #1740 ) ;
#1742 =( LENGTH_UNIT ( ) NAMED_UNIT ( * ) SI_UNIT ( .MILLI., .METRE. ) );
#1743 =( NAMED_UNIT ( * ) PLANE_ANGLE_UNIT ( ) SI_UNIT ( $, .RADIAN. ) );
#1744 =( NAMED_UNIT ( * ) SI_UNIT ( $, .STERADIAN. ) SOLID_ANGLE_UNIT ( ) );
#1745 = PLANE ( 'NONE',  #1843 ) ;
#1746 = CARTESIAN_POINT ( 'NONE',  ( -6.416372989605075200, -6.121709027730716500, -1.274999999999998800 ) ) ;
#1747 = DIRECTION ( 'NONE',  ( 0.4448360138599017400, -0.8956120369742880400, 0.0000000000000000000 ) ) ;
#1748 = DIRECTION ( 'NONE',  ( 0.8956120369742879300, 0.4448360138599016800, 0.0000000000000000000 ) ) ;
#1749 = FILL_AREA_STYLE_COLOUR ( '', #4971 ) ;
#1750 = FILL_AREA_STYLE ('',( #1749 ) ) ;
#1751 = SURFACE_SIDE_STYLE ('',( #1633 ) ) ;
#1752 = SURFACE_STYLE_USAGE ( .BOTH. , #1751 ) ;
#1753 =( LENGTH_UNIT ( ) NAMED_UNIT ( * ) SI_UNIT ( .MILLI., .METRE. ) );
#1754 =( NAMED_UNIT ( * ) PLANE_ANGLE_UNIT ( ) SI_UNIT ( $, .RADIAN. ) );
#1755 =( NAMED_UNIT ( * ) SI_UNIT ( $, .STERADIAN. ) SOLID_ANGLE_UNIT ( ) );
#1756 = CARTESIAN_POINT ( 'NONE',  ( -6.180000000000004200, -7.400000000000000400, -1.274999999999998800 ) ) ;
#1757 = DIRECTION ( 'NONE',  ( -0.0000000000000000000, -0.0000000000000000000, -1.000000000000000000 ) ) ;
#1758 = DIRECTION ( 'NONE',  ( -1.000000000000000000, 0.0000000000000000000, 0.0000000000000000000 ) ) ;
#1759 = FILL_AREA_STYLE_COLOUR ( '', #4973 ) ;
#1760 = FILL_AREA_STYLE ('',( #1759 ) ) ;
#1761 = SURFACE_SIDE_STYLE ('',( #1638 ) ) ;
#1762 = SURFACE_STYLE_USAGE ( .BOTH. , #1761 ) ;
#1763 =( LENGTH_UNIT ( ) NAMED_UNIT ( * ) SI_UNIT ( .MILLI., .METRE. ) );
#1764 =( NAMED_UNIT ( * ) PLANE_ANGLE_UNIT ( ) SI_UNIT ( $, .RADIAN. ) );
#1765 =( NAMED_UNIT ( * ) SI_UNIT ( $, .STERADIAN. ) SOLID_ANGLE_UNIT ( ) );
#1766 = PLANE ( 'NONE',  #1849 ) ;
#1767 = CARTESIAN_POINT ( 'NONE',  ( -7.157524757201487700, -8.179066973409980800, -1.274999999999998800 ) ) ;
#1768 = DIRECTION ( 'NONE',  ( 0.7820198057611857900, 0.6232535787279822600, -0.0000000000000000000 ) ) ;
#1769 = DIRECTION ( 'NONE',  ( -0.6232535787279822600, 0.7820198057611857900, 0.0000000000000000000 ) ) ;
#1770 = FILL_AREA_STYLE_COLOUR ( '', #4975 ) ;
#1771 = FILL_AREA_STYLE ('',( #1770 ) ) ;
#1772 = SURFACE_SIDE_STYLE ('',( #1642 ) ) ;
#1773 = SURFACE_STYLE_USAGE ( .BOTH. , #1772 ) ;
#1774 =( LENGTH_UNIT ( ) NAMED_UNIT ( * ) SI_UNIT ( .MILLI., .METRE. ) );
#1775 =( NAMED_UNIT ( * ) PLANE_ANGLE_UNIT ( ) SI_UNIT ( $, .RADIAN. ) );
#1776 =( NAMED_UNIT ( * ) SI_UNIT ( $, .STERADIAN. ) SOLID_ANGLE_UNIT ( ) );
#1777 = PLANE ( 'NONE',  #1852 ) ;
#1778 = CARTESIAN_POINT ( 'NONE',  ( -6.527167526189212600, -8.969999999999991800, -1.274999999999998800 ) ) ;
#1779 = DIRECTION ( 'NONE',  ( -0.6232535787279811500, 0.7820198057611867900, 0.0000000000000000000 ) ) ;
#1780 = DIRECTION ( 'NONE',  ( -0.7820198057611867900, -0.6232535787279811500, 0.0000000000000000000 ) ) ;
#1781 = FILL_AREA_STYLE_COLOUR ( '', #4977 ) ;
#1782 = FILL_AREA_STYLE ('',( #1781 ) ) ;
#1783 = SURFACE_SIDE_STYLE ('',( #1646 ) ) ;
#1784 = SURFACE_STYLE_USAGE ( .BOTH. , #1783 ) ;
#1785 =( LENGTH_UNIT ( ) NAMED_UNIT ( * ) SI_UNIT ( .MILLI., .METRE. ) );
#1786 =( NAMED_UNIT ( * ) PLANE_ANGLE_UNIT ( ) SI_UNIT ( $, .RADIAN. ) );
#1787 =( NAMED_UNIT ( * ) SI_UNIT ( $, .STERADIAN. ) SOLID_ANGLE_UNIT ( ) );
#1788 = PLANE ( 'NONE',  #1855 ) ;
#1789 = CARTESIAN_POINT ( 'NONE',  ( -6.860357231012237400, -7.942230613493344500, -1.274999999999998800 ) ) ;
#1790 = DIRECTION ( 'NONE',  ( -0.7820198057611863500, -0.6232535787279817100, 0.0000000000000000000 ) ) ;
#1791 = DIRECTION ( 'NONE',  ( 0.6232535787279815900, -0.7820198057611862400, 0.0000000000000000000 ) ) ;
#1792 = FILL_AREA_STYLE_COLOUR ( '', #4979 ) ;
#1793 = FILL_AREA_STYLE ('',( #1792 ) ) ;
#1794 = SURFACE_SIDE_STYLE ('',( #1650 ) ) ;
#1795 = SURFACE_STYLE_USAGE ( .BOTH. , #1794 ) ;
#1796 =( LENGTH_UNIT ( ) NAMED_UNIT ( * ) SI_UNIT ( .MILLI., .METRE. ) );
#1797 =( NAMED_UNIT ( * ) PLANE_ANGLE_UNIT ( ) SI_UNIT ( $, .RADIAN. ) );
#1798 =( NAMED_UNIT ( * ) SI_UNIT ( $, .STERADIAN. ) SOLID_ANGLE_UNIT ( ) );
#1799 = CARTESIAN_POINT ( 'NONE',  ( -6.180000000000004200, -7.400000000000000400, -1.274999999999998800 ) ) ;
#1800 = DIRECTION ( 'NONE',  ( -0.0000000000000000000, -0.0000000000000000000, -1.000000000000000000 ) ) ;
#1801 = DIRECTION ( 'NONE',  ( -1.000000000000000000, 0.0000000000000000000, 0.0000000000000000000 ) ) ;
#1802 = FILL_AREA_STYLE_COLOUR ( '', #4981 ) ;
#1803 = FILL_AREA_STYLE ('',( #1802 ) ) ;
#1804 = SURFACE_SIDE_STYLE ('',( #1655 ) ) ;
#1805 = SURFACE_STYLE_USAGE ( .BOTH. , #1804 ) ;
#1806 =( LENGTH_UNIT ( ) NAMED_UNIT ( * ) SI_UNIT ( .MILLI., .METRE. ) );
#1807 =( NAMED_UNIT ( * ) PLANE_ANGLE_UNIT ( ) SI_UNIT ( $, .RADIAN. ) );
#1808 =( NAMED_UNIT ( * ) SI_UNIT ( $, .STERADIAN. ) SOLID_ANGLE_UNIT ( ) );
#1809 = PLANE ( 'NONE',  #1861 ) ;
#1810 = CARTESIAN_POINT ( 'NONE',  ( -6.247335304338311500, -6.462041601780946100, -1.274999999999998800 ) ) ;
#1811 = DIRECTION ( 'NONE',  ( -0.4448360138599035100, 0.8956120369742870400, 0.0000000000000000000 ) ) ;
#1812 = DIRECTION ( 'NONE',  ( -0.8956120369742870400, -0.4448360138599035100, 0.0000000000000000000 ) ) ;
#1813 = FILL_AREA_STYLE_COLOUR ( '', #4983 ) ;
#1814 = FILL_AREA_STYLE ('',( #1813 ) ) ;
#1815 = SURFACE_SIDE_STYLE ('',( #1659 ) ) ;
#1816 = SURFACE_STYLE_USAGE ( .BOTH. , #1815 ) ;
#1817 =( LENGTH_UNIT ( ) NAMED_UNIT ( * ) SI_UNIT ( .MILLI., .METRE. ) );
#1818 =( NAMED_UNIT ( * ) PLANE_ANGLE_UNIT ( ) SI_UNIT ( $, .RADIAN. ) );
#1819 =( NAMED_UNIT ( * ) SI_UNIT ( $, .STERADIAN. ) SOLID_ANGLE_UNIT ( ) );
#1820 = PLANE ( 'NONE',  #1864 ) ;
#1821 = CARTESIAN_POINT ( 'NONE',  ( -7.430000000000007700, -8.542172252764530100, -2.744763747591606200 ) ) ;
#1822 = DIRECTION ( 'NONE',  ( 0.0000000000000000000, 0.1443445055290787900, 0.9895274951832141500 ) ) ;
#1823 = DIRECTION ( 'NONE',  ( 0.0000000000000000000, -0.9895274951832141500, 0.1443445055290787900 ) ) ;
#1824 = FILL_AREA_STYLE_COLOUR ( '', #4985 ) ;
#1825 = FILL_AREA_STYLE ('',( #1824 ) ) ;
#1826 = SURFACE_SIDE_STYLE ('',( #1897 ) ) ;
#1827 = SURFACE_STYLE_USAGE ( .BOTH. , #1826 ) ;
#1828 =( LENGTH_UNIT ( ) NAMED_UNIT ( * ) SI_UNIT ( .MILLI., .METRE. ) );
#1829 =( NAMED_UNIT ( * ) PLANE_ANGLE_UNIT ( ) SI_UNIT ( $, .RADIAN. ) );
#1830 =( NAMED_UNIT ( * ) SI_UNIT ( $, .STERADIAN. ) SOLID_ANGLE_UNIT ( ) );
#1831 = CARTESIAN_POINT ( 'NONE',  ( -7.430000000000007700, -8.469999999999991800, -2.249999999999998700 ) ) ;
#1832 = DIRECTION ( 'NONE',  ( 1.000000000000000000, -0.0000000000000000000, -0.0000000000000000000 ) ) ;
#1833 = DIRECTION ( 'NONE',  ( 0.0000000000000000000, 0.0000000000000000000, -1.000000000000000000 ) ) ;
#1834 = FILL_AREA_STYLE_COLOUR ( '', #4987 ) ;
#1835 = FILL_AREA_STYLE ('',( #1834 ) ) ;
#1836 = SURFACE_SIDE_STYLE ('',( #1902 ) ) ;
#1837 = SURFACE_STYLE_USAGE ( .BOTH. , #1836 ) ;
#1838 =( LENGTH_UNIT ( ) NAMED_UNIT ( * ) SI_UNIT ( .MILLI., .METRE. ) );
#1839 = AXIS2_PLACEMENT_3D ( 'NONE', #1725, #1726, #1727 ) ;
#1840 = PRESENTATION_LAYER_ASSIGNMENT (  '', '', ( #1622 ) ) ;
#1841 = MECHANICAL_DESIGN_GEOMETRIC_PRESENTATION_REPRESENTATION (  '', ( #1622 ), #4964 ) ;
#1842 = MECHANICAL_DESIGN_GEOMETRIC_PRESENTATION_REPRESENTATION (  '', ( #1626 ), #4966 ) ;
#1843 = AXIS2_PLACEMENT_3D ( 'NONE', #1746, #1747, #1748 ) ;
#1844 = PRESENTATION_LAYER_ASSIGNMENT (  '', '', ( #1631 ) ) ;
#1845 = MECHANICAL_DESIGN_GEOMETRIC_PRESENTATION_REPRESENTATION (  '', ( #1631 ), #4968 ) ;
#1846 = AXIS2_PLACEMENT_3D ( 'NONE', #1756, #1757, #1758 ) ;
#1847 = PRESENTATION_LAYER_ASSIGNMENT (  '', '', ( #1635 ) ) ;
#1848 = MECHANICAL_DESIGN_GEOMETRIC_PRESENTATION_REPRESENTATION (  '', ( #1635 ), #4970 ) ;
#1849 = AXIS2_PLACEMENT_3D ( 'NONE', #1767, #1768, #1769 ) ;
#1850 = PRESENTATION_LAYER_ASSIGNMENT (  '', '', ( #1640 ) ) ;
#1851 = MECHANICAL_DESIGN_GEOMETRIC_PRESENTATION_REPRESENTATION (  '', ( #1640 ), #4972 ) ;
#1852 = AXIS2_PLACEMENT_3D ( 'NONE', #1778, #1779, #1780 ) ;
#1853 = PRESENTATION_LAYER_ASSIGNMENT (  '', '', ( #1644 ) ) ;
#1854 = MECHANICAL_DESIGN_GEOMETRIC_PRESENTATION_REPRESENTATION (  '', ( #1644 ), #4974 ) ;
#1855 = AXIS2_PLACEMENT_3D ( 'NONE', #1789, #1790, #1791 ) ;
#1856 = PRESENTATION_LAYER_ASSIGNMENT (  '', '', ( #1648 ) ) ;
#1857 = MECHANICAL_DESIGN_GEOMETRIC_PRESENTATION_REPRESENTATION (  '', ( #1648 ), #4976 ) ;
#1858 = AXIS2_PLACEMENT_3D ( 'NONE', #1799, #1800, #1801 ) ;
#1859 = PRESENTATION_LAYER_ASSIGNMENT (  '', '', ( #1652 ) ) ;
#1860 = MECHANICAL_DESIGN_GEOMETRIC_PRESENTATION_REPRESENTATION (  '', ( #1652 ), #4978 ) ;
#1861 = AXIS2_PLACEMENT_3D ( 'NONE', #1810, #1811, #1812 ) ;
#1862 = PRESENTATION_LAYER_ASSIGNMENT (  '', '', ( #1657 ) ) ;
#1863 = MECHANICAL_DESIGN_GEOMETRIC_PRESENTATION_REPRESENTATION (  '', ( #1657 ), #4980 ) ;
#1864 = AXIS2_PLACEMENT_3D ( 'NONE', #1821, #1822, #1823 ) ;
#1865 = PRESENTATION_LAYER_ASSIGNMENT (  '', '', ( #1661 ) ) ;
#1866 = MECHANICAL_DESIGN_GEOMETRIC_PRESENTATION_REPRESENTATION (  '', ( #1661 ), #4982 ) ;
#1867 = AXIS2_PLACEMENT_3D ( 'NONE', #1831, #1832, #1833 ) ;
#1868 = PRESENTATION_LAYER_ASSIGNMENT (  '', '', ( #1899 ) ) ;
#1869 = MECHANICAL_DESIGN_GEOMETRIC_PRESENTATION_REPRESENTATION (  '', ( #1899 ), #4984 ) ;
#1870 = AXIS2_PLACEMENT_3D ( 'NONE', #1957, #1958, #1959 ) ;
#1871 = PRESENTATION_LAYER_ASSIGNMENT (  '', '', ( #1904 ) ) ;
#1872 = MECHANICAL_DESIGN_GEOMETRIC_PRESENTATION_REPRESENTATION (  '', ( #1904 ), #4986 ) ;
#1873 = AXIS2_PLACEMENT_3D ( 'NONE', #1967, #1968, #1969 ) ;
#1874 = PRESENTATION_LAYER_ASSIGNMENT (  '', '', ( #1908 ) ) ;
#1875 = MECHANICAL_DESIGN_GEOMETRIC_PRESENTATION_REPRESENTATION (  '', ( #1908 ), #4988 ) ;
#1876 = AXIS2_PLACEMENT_3D ( 'NONE', #1978, #1979, #1980 ) ;
#1877 = PRESENTATION_LAYER_ASSIGNMENT (  '', '', ( #1913 ) ) ;
#1878 = MECHANICAL_DESIGN_GEOMETRIC_PRESENTATION_REPRESENTATION (  '', ( #1913 ), #4990 ) ;
#1879 = AXIS2_PLACEMENT_3D ( 'NONE', #1988, #1989, #1990 ) ;
#1880 = PRESENTATION_LAYER_ASSIGNMENT (  '', '', ( #1917 ) ) ;
#1881 = MECHANICAL_DESIGN_GEOMETRIC_PRESENTATION_REPRESENTATION (  '', ( #1917 ), #4992 ) ;
#1882 = AXIS2_PLACEMENT_3D ( 'NONE', #1998, #1999, #2000 ) ;
#1883 = PRESENTATION_LAYER_ASSIGNMENT (  '', '', ( #1922 ) ) ;
#1884 = MECHANICAL_DESIGN_GEOMETRIC_PRESENTATION_REPRESENTATION (  '', ( #1922 ), #4994 ) ;
#1885 = AXIS2_PLACEMENT_3D ( 'NONE', #2009, #2010, #2011 ) ;
#1886 = PRESENTATION_LAYER_ASSIGNMENT (  '', '', ( #1927 ) ) ;
#1887 = MECHANICAL_DESIGN_GEOMETRIC_PRESENTATION_REPRESENTATION (  '', ( #1927 ), #4996 ) ;
#1888 = AXIS2_PLACEMENT_3D ( 'NONE', #2020, #2021, #2022 ) ;
#1889 = PRESENTATION_LAYER_ASSIGNMENT (  '', '', ( #1931 ) ) ;
#1890 = MECHANICAL_DESIGN_GEOMETRIC_PRESENTATION_REPRESENTATION (  '', ( #1931 ), #4998 ) ;
#1891 = VECTOR ( 'NONE', #2028, 1000.000000000000200 ) ;
#1892 = VECTOR ( 'NONE', #2034, 1000.000000000000000 ) ;
#1893 = VECTOR ( 'NONE', #2040, 1000.000000000000000 ) ;
#1894 = VECTOR ( 'NONE', #2629, 1000.000000000000000 ) ;
#1895 = VECTOR ( 'NONE', #2050, 1000.000000000000200 ) ;
#1896 = FACE_OUTER_BOUND ( 'NONE', #3437, .T. ) ;
#1897 = SURFACE_STYLE_FILL_AREA ( #1825 ) ;
#1898 = PRESENTATION_STYLE_ASSIGNMENT (( #1827 ) ) ;
#1899 = STYLED_ITEM ( 'NONE', ( #1898 ), #3887 ) ;
#1900 = CYLINDRICAL_SURFACE ( 'NONE', #1867, 0.5000000000000004400 ) ;
#1901 = FACE_OUTER_BOUND ( 'NONE', #3456, .T. ) ;
#1902 = SURFACE_STYLE_FILL_AREA ( #1835 ) ;
#1903 = PRESENTATION_STYLE_ASSIGNMENT (( #1837 ) ) ;
#1904 = STYLED_ITEM ( 'NONE', ( #1903 ), #3888 ) ;
#1905 = FACE_OUTER_BOUND ( 'NONE', #3439, .T. ) ;
#1906 = SURFACE_STYLE_FILL_AREA ( #1961 ) ;
#1907 = PRESENTATION_STYLE_ASSIGNMENT (( #1963 ) ) ;
#1908 = STYLED_ITEM ( 'NONE', ( #1907 ), #3889 ) ;
#1909 = CYLINDRICAL_SURFACE ( 'NONE', #1873, 0.5000000000000004400 ) ;
#1910 = FACE_OUTER_BOUND ( 'NONE', #3455, .T. ) ;
#1911 = SURFACE_STYLE_FILL_AREA ( #1971 ) ;
#1912 = PRESENTATION_STYLE_ASSIGNMENT (( #1973 ) ) ;
#1913 = STYLED_ITEM ( 'NONE', ( #1912 ), #3890 ) ;
#1914 = FACE_OUTER_BOUND ( 'NONE', #3457, .T. ) ;
#1915 = SURFACE_STYLE_FILL_AREA ( #1982 ) ;
#1916 = PRESENTATION_STYLE_ASSIGNMENT (( #1984 ) ) ;
#1917 = STYLED_ITEM ( 'NONE', ( #1916 ), #3891 ) ;
#1918 = CYLINDRICAL_SURFACE ( 'NONE', #1879, 0.5000000000000004400 ) ;
#1919 = FACE_OUTER_BOUND ( 'NONE', #3434, .T. ) ;
#1920 = SURFACE_STYLE_FILL_AREA ( #1992 ) ;
#1921 = PRESENTATION_STYLE_ASSIGNMENT (( #1994 ) ) ;
#1922 = STYLED_ITEM ( 'NONE', ( #1921 ), #3892 ) ;
#1923 = CYLINDRICAL_SURFACE ( 'NONE', #1882, 0.5000000000000004400 ) ;
#1924 = FACE_OUTER_BOUND ( 'NONE', #3449, .T. ) ;
#1925 = SURFACE_STYLE_FILL_AREA ( #2002 ) ;
#1926 = PRESENTATION_STYLE_ASSIGNMENT (( #2004 ) ) ;
#1927 = STYLED_ITEM ( 'NONE', ( #1926 ), #3893 ) ;
#1928 = FACE_OUTER_BOUND ( 'NONE', #3450, .T. ) ;
#1929 = SURFACE_STYLE_FILL_AREA ( #2013 ) ;
#1930 = PRESENTATION_STYLE_ASSIGNMENT (( #2015 ) ) ;
#1931 = STYLED_ITEM ( 'NONE', ( #1930 ), #3894 ) ;
#1932 = LINE ( 'NONE', #2027, #1891 ) ;
#1933 = LINE ( 'NONE', #2033, #1892 ) ;
#1934 = LINE ( 'NONE', #2039, #1893 ) ;
#1935 = LINE ( 'NONE', #2049, #1895 ) ;
#1936 = LINE ( 'NONE', #2055, #1667 ) ;
#1937 = LINE ( 'NONE', #2057, #2070 ) ;
#1938 = LINE ( 'NONE', #2067, #2071 ) ;
#1939 = LINE ( 'NONE', #2125, #2072 ) ;
#1940 = LINE ( 'NONE', #2127, #2073 ) ;
#1941 = LINE ( 'NONE', #2129, #2074 ) ;
#1942 = LINE ( 'NONE', #2139, #2075 ) ;
#1943 = LINE ( 'NONE', #2141, #2076 ) ;
#1944 = LINE ( 'NONE', #2143, #2077 ) ;
#1945 = LINE ( 'NONE', #2149, #2078 ) ;
#1946 = LINE ( 'NONE', #2155, #2079 ) ;
#1947 = LINE ( 'NONE', #2157, #2080 ) ;
#1948 = LINE ( 'NONE', #2163, #2081 ) ;
#1949 = LINE ( 'NONE', #2165, #2082 ) ;
#1950 = LINE ( 'NONE', #2171, #2083 ) ;
#1951 = LINE ( 'NONE', #2173, #2084 ) ;
#1952 = LINE ( 'NONE', #2179, #2085 ) ;
#1953 = LINE ( 'NONE', #2185, #2086 ) ;
#1954 =( NAMED_UNIT ( * ) PLANE_ANGLE_UNIT ( ) SI_UNIT ( $, .RADIAN. ) );
#1955 =( NAMED_UNIT ( * ) SI_UNIT ( $, .STERADIAN. ) SOLID_ANGLE_UNIT ( ) );
#1956 = PLANE ( 'NONE',  #1870 ) ;
#1957 = CARTESIAN_POINT ( 'NONE',  ( -7.430000000000007700, -8.542172252764530100, -1.755236252408390900 ) ) ;
#1958 = DIRECTION ( 'NONE',  ( 0.0000000000000000000, 0.1443445055290786800, -0.9895274951832141500 ) ) ;
#1959 = DIRECTION ( 'NONE',  ( 0.0000000000000000000, 0.9895274951832140300, 0.1443445055290786500 ) ) ;
#1960 = FILL_AREA_STYLE_COLOUR ( '', #4989 ) ;
#1961 = FILL_AREA_STYLE ('',( #1960 ) ) ;
#1962 = SURFACE_SIDE_STYLE ('',( #1906 ) ) ;
#1963 = SURFACE_STYLE_USAGE ( .BOTH. , #1962 ) ;
#1964 =( LENGTH_UNIT ( ) NAMED_UNIT ( * ) SI_UNIT ( .MILLI., .METRE. ) );
#1965 =( NAMED_UNIT ( * ) PLANE_ANGLE_UNIT ( ) SI_UNIT ( $, .RADIAN. ) );
#1966 =( NAMED_UNIT ( * ) SI_UNIT ( $, .STERADIAN. ) SOLID_ANGLE_UNIT ( ) );
#1967 = CARTESIAN_POINT ( 'NONE',  ( -7.430000000000007700, -8.469999999999991800, -2.249999999999998700 ) ) ;
#1968 = DIRECTION ( 'NONE',  ( 1.000000000000000000, -0.0000000000000000000, -0.0000000000000000000 ) ) ;
#1969 = DIRECTION ( 'NONE',  ( 0.0000000000000000000, 0.0000000000000000000, -1.000000000000000000 ) ) ;
#1970 = FILL_AREA_STYLE_COLOUR ( '', #4991 ) ;
#1971 = FILL_AREA_STYLE ('',( #1970 ) ) ;
#1972 = SURFACE_SIDE_STYLE ('',( #1911 ) ) ;
#1973 = SURFACE_STYLE_USAGE ( .BOTH. , #1972 ) ;
#1974 =( LENGTH_UNIT ( ) NAMED_UNIT ( * ) SI_UNIT ( .MILLI., .METRE. ) );
#1975 =( NAMED_UNIT ( * ) PLANE_ANGLE_UNIT ( ) SI_UNIT ( $, .RADIAN. ) );
#1976 =( NAMED_UNIT ( * ) SI_UNIT ( $, .STERADIAN. ) SOLID_ANGLE_UNIT ( ) );
#1977 = PLANE ( 'NONE',  #1876 ) ;
#1978 = CARTESIAN_POINT ( 'NONE',  ( -7.430000000000007700, -8.542172252764530100, -2.744763747591606200 ) ) ;
#1979 = DIRECTION ( 'NONE',  ( 0.0000000000000000000, 0.1443445055290787900, 0.9895274951832141500 ) ) ;
#1980 = DIRECTION ( 'NONE',  ( 0.0000000000000000000, -0.9895274951832141500, 0.1443445055290787900 ) ) ;
#1981 = FILL_AREA_STYLE_COLOUR ( '', #4993 ) ;
#1982 = FILL_AREA_STYLE ('',( #1981 ) ) ;
#1983 = SURFACE_SIDE_STYLE ('',( #1915 ) ) ;
#1984 = SURFACE_STYLE_USAGE ( .BOTH. , #1983 ) ;
#1985 =( LENGTH_UNIT ( ) NAMED_UNIT ( * ) SI_UNIT ( .MILLI., .METRE. ) );
#1986 =( NAMED_UNIT ( * ) PLANE_ANGLE_UNIT ( ) SI_UNIT ( $, .RADIAN. ) );
#1987 =( NAMED_UNIT ( * ) SI_UNIT ( $, .STERADIAN. ) SOLID_ANGLE_UNIT ( ) );
#1988 = CARTESIAN_POINT ( 'NONE',  ( -7.430000000000007700, -8.469999999999991800, -2.249999999999998700 ) ) ;
#1989 = DIRECTION ( 'NONE',  ( 1.000000000000000000, -0.0000000000000000000, -0.0000000000000000000 ) ) ;
#1990 = DIRECTION ( 'NONE',  ( 0.0000000000000000000, 0.0000000000000000000, -1.000000000000000000 ) ) ;
#1991 = FILL_AREA_STYLE_COLOUR ( '', #4995 ) ;
#1992 = FILL_AREA_STYLE ('',( #1991 ) ) ;
#1993 = SURFACE_SIDE_STYLE ('',( #1920 ) ) ;
#1994 = SURFACE_STYLE_USAGE ( .BOTH. , #1993 ) ;
#1995 =( LENGTH_UNIT ( ) NAMED_UNIT ( * ) SI_UNIT ( .MILLI., .METRE. ) );
#1996 =( NAMED_UNIT ( * ) PLANE_ANGLE_UNIT ( ) SI_UNIT ( $, .RADIAN. ) );
#1997 =( NAMED_UNIT ( * ) SI_UNIT ( $, .STERADIAN. ) SOLID_ANGLE_UNIT ( ) );
#1998 = CARTESIAN_POINT ( 'NONE',  ( -7.430000000000007700, -8.469999999999991800, -2.249999999999998700 ) ) ;
#1999 = DIRECTION ( 'NONE',  ( 1.000000000000000000, -0.0000000000000000000, -0.0000000000000000000 ) ) ;
#2000 = DIRECTION ( 'NONE',  ( 0.0000000000000000000, 0.0000000000000000000, -1.000000000000000000 ) ) ;
#2001 = FILL_AREA_STYLE_COLOUR ( '', #4997 ) ;
#2002 = FILL_AREA_STYLE ('',( #2001 ) ) ;
#2003 = SURFACE_SIDE_STYLE ('',( #1925 ) ) ;
#2004 = SURFACE_STYLE_USAGE ( .BOTH. , #2003 ) ;
#2005 =( LENGTH_UNIT ( ) NAMED_UNIT ( * ) SI_UNIT ( .MILLI., .METRE. ) );
#2006 =( NAMED_UNIT ( * ) PLANE_ANGLE_UNIT ( ) SI_UNIT ( $, .RADIAN. ) );
#2007 =( NAMED_UNIT ( * ) SI_UNIT ( $, .STERADIAN. ) SOLID_ANGLE_UNIT ( ) );
#2008 = PLANE ( 'NONE',  #1885 ) ;
#2009 = CARTESIAN_POINT ( 'NONE',  ( -7.430000000000007700, -8.542172252764530100, -1.755236252408390900 ) ) ;
#2010 = DIRECTION ( 'NONE',  ( 0.0000000000000000000, 0.1443445055290786800, -0.9895274951832141500 ) ) ;
#2011 = DIRECTION ( 'NONE',  ( 0.0000000000000000000, 0.9895274951832140300, 0.1443445055290786500 ) ) ;
#2012 = FILL_AREA_STYLE_COLOUR ( '', #4999 ) ;
#2013 = FILL_AREA_STYLE ('',( #2012 ) ) ;
#2014 = SURFACE_SIDE_STYLE ('',( #1929 ) ) ;
#2015 = SURFACE_STYLE_USAGE ( .BOTH. , #2014 ) ;
#2016 =( LENGTH_UNIT ( ) NAMED_UNIT ( * ) SI_UNIT ( .MILLI., .METRE. ) );
#2017 =( NAMED_UNIT ( * ) PLANE_ANGLE_UNIT ( ) SI_UNIT ( $, .RADIAN. ) );
#2018 =( NAMED_UNIT ( * ) SI_UNIT ( $, .STERADIAN. ) SOLID_ANGLE_UNIT ( ) );
#2019 = PLANE ( 'NONE',  #1888 ) ;
#2020 = CARTESIAN_POINT ( 'NONE',  ( 1.580000000000003200, -5.249999999999999100, -7.425000000000000700 ) ) ;
#2021 = DIRECTION ( 'NONE',  ( -1.000000000000000000, 0.0000000000000000000, -0.0000000000000000000 ) ) ;
#2022 = DIRECTION ( 'NONE',  ( -0.0000000000000000000, 0.0000000000000000000, 1.000000000000000000 ) ) ;
#2023 = CARTESIAN_POINT ( 'NONE',  ( 6.860357231012239200, -7.942230613493344500, -1.667721474205214000 ) ) ;
#2024 = CARTESIAN_POINT ( 'NONE',  ( 7.234184746663508700, -7.473175109994367700, -1.599299338339532900 ) ) ;
#2025 = CARTESIAN_POINT ( 'NONE',  ( 7.104195459325331400, -6.887630182599388600, -1.513884639484460700 ) ) ;
#2026 = CARTESIAN_POINT ( 'NONE',  ( 6.567007332058120800, -6.620817527832366000, -1.474964103260132400 ) ) ;
#2027 = CARTESIAN_POINT ( 'NONE',  ( 6.751060753914816600, -8.079369031478124800, -2.812273849593857700 ) ) ;
#2028 = DIRECTION ( 'NONE',  ( -0.6192375065292294900, -0.7769806882847960500, 0.1133398453322883400 ) ) ;
#2029 = CARTESIAN_POINT ( 'NONE',  ( 6.382216177615586800, -8.542172252764530100, -2.744763747591606200 ) ) ;
#2030 = CARTESIAN_POINT ( 'NONE',  ( 6.328022547672452100, -8.610171047168762500, -2.734844617094848400 ) ) ;
#2031 = CARTESIAN_POINT ( 'NONE',  ( 6.276567550606278800, -8.674733575463029900, -2.711309427898844800 ) ) ;
#2032 = CARTESIAN_POINT ( 'NONE',  ( 6.229999999999962200, -8.733163640083358100, -2.675141033703018600 ) ) ;
#2033 = CARTESIAN_POINT ( 'NONE',  ( 6.229999999999962200, -8.733163640083358100, -1.274999999999998800 ) ) ;
#2034 = DIRECTION ( 'NONE',  ( -0.0000000000000000000, -0.0000000000000000000, -1.000000000000000000 ) ) ;
#2035 = CARTESIAN_POINT ( 'NONE',  ( 6.229999999999962200, -8.733163640083358100, -1.824858966296978100 ) ) ;
#2036 = CARTESIAN_POINT ( 'NONE',  ( 6.276567550606278800, -8.674733575463029900, -1.788690572101152100 ) ) ;
#2037 = CARTESIAN_POINT ( 'NONE',  ( 6.328022547672451200, -8.610171047168760700, -1.765155382905148300 ) ) ;
#2038 = CARTESIAN_POINT ( 'NONE',  ( 6.382216177615586800, -8.542172252764530100, -1.755236252408390900 ) ) ;
#2039 = CARTESIAN_POINT ( 'NONE',  ( 6.887920106182067000, -7.907646432957195200, -1.662676605353242900 ) ) ;
#2040 = DIRECTION ( 'NONE',  ( 0.6192375065292296000, 0.7769806882847960500, 0.1133398453322882600 ) ) ;
#2041 = CARTESIAN_POINT ( 'NONE',  ( 6.527167526189215300, -8.969999999999991800, -2.249999999999998700 ) ) ;
#2042 = CARTESIAN_POINT ( 'NONE',  ( 6.527167526189214400, -8.969999999999991800, -2.072851972339218900 ) ) ;
#2043 = CARTESIAN_POINT ( 'NONE',  ( 6.418995869408958800, -8.883789431279664600, -1.918096805882577100 ) ) ;
#2044 = CARTESIAN_POINT ( 'NONE',  ( 6.229999999999962200, -8.733163640083358100, -1.824858966296978100 ) ) ;
#2045 = CARTESIAN_POINT ( 'NONE',  ( 6.229999999999962200, -8.733163640083358100, -2.675141033703018600 ) ) ;
#2046 = CARTESIAN_POINT ( 'NONE',  ( 6.418995869408957100, -8.883789431279668100, -2.581903194117419500 ) ) ;
#2047 = CARTESIAN_POINT ( 'NONE',  ( 6.527167526189213500, -8.969999999999990000, -2.427148027660778400 ) ) ;
#2048 = CARTESIAN_POINT ( 'NONE',  ( 6.527167526189215300, -8.969999999999991800, -2.249999999999998700 ) ) ;
#2049 = CARTESIAN_POINT ( 'NONE',  ( 7.050652994759395200, -8.313163010334299900, -2.778169818692298500 ) ) ;
#2050 = DIRECTION ( 'NONE',  ( 0.6192375065292283800, 0.7769806882847968300, -0.1133398453322884800 ) ) ;
#2051 = CARTESIAN_POINT ( 'NONE',  ( 6.527167526189215300, -8.969999999999991800, -2.249999999999998700 ) ) ;
#2052 = CARTESIAN_POINT ( 'NONE',  ( 6.527167526189216100, -8.969999999999991800, -2.510297142458755000 ) ) ;
#2053 = CARTESIAN_POINT ( 'NONE',  ( 6.662858482397444600, -8.799743432145092500, -2.707191285272764900 ) ) ;
#2054 = CARTESIAN_POINT ( 'NONE',  ( 6.868137374496432000, -8.542172252764530100, -2.744763747591606200 ) ) ;
#2055 = CARTESIAN_POINT ( 'NONE',  ( 7.157524757201489500, -8.179066973409977200, -1.274999999999998800 ) ) ;
#2056 = DIRECTION ( 'NONE',  ( -0.0000000000000000000, -0.0000000000000000000, -1.000000000000000000 ) ) ;
#2057 = CARTESIAN_POINT ( 'NONE',  ( 7.187512347026645500, -8.141440411813370300, -1.696780636254801700 ) ) ;
#2058 = DIRECTION ( 'NONE',  ( -0.6192375065292284900, -0.7769806882847968300, -0.1133398453322883900 ) ) ;
#2059 = CARTESIAN_POINT ( 'NONE',  ( 6.868137374496432000, -8.542172252764530100, -1.755236252408390900 ) ) ;
#2060 = CARTESIAN_POINT ( 'NONE',  ( 6.662858482397443700, -8.799743432145092500, -1.792808714727232000 ) ) ;
#2061 = CARTESIAN_POINT ( 'NONE',  ( 6.527167526189215300, -8.969999999999991800, -1.989702857541242300 ) ) ;
#2062 = CARTESIAN_POINT ( 'NONE',  ( 6.527167526189215300, -8.969999999999991800, -2.249999999999998700 ) ) ;
#2063 = CARTESIAN_POINT ( 'NONE',  ( 7.157524757201489500, -8.179066973409977200, -2.797730696219675300 ) ) ;
#2064 = CARTESIAN_POINT ( 'NONE',  ( 7.694633256700441800, -7.505136652290758500, -2.896038362693354400 ) ) ;
#2065 = CARTESIAN_POINT ( 'NONE',  ( 7.507867039260530000, -6.663836469251994500, -3.018760631163285500 ) ) ;
#2066 = CARTESIAN_POINT ( 'NONE',  ( 6.736045017324884500, -6.280484953782134600, -3.074680941830424600 ) ) ;
#2067 = CARTESIAN_POINT ( 'NONE',  ( 6.736045017324884500, -6.280484953782136300, -1.274999999999998800 ) ) ;
#2068 = DIRECTION ( 'NONE',  ( -0.0000000000000000000, -0.0000000000000000000, -1.000000000000000000 ) ) ;
#2069 = CARTESIAN_POINT ( 'NONE',  ( 6.736045017324884500, -6.280484953782135400, -1.425319058169573200 ) ) ;
#2070 = VECTOR ( 'NONE', #2058, 1000.000000000000200 ) ;
#2071 = VECTOR ( 'NONE', #2068, 1000.000000000000000 ) ;
#2072 = VECTOR ( 'NONE', #2126, 1000.000000000000200 ) ;
#2073 = VECTOR ( 'NONE', #2128, 1000.000000000000000 ) ;
#2074 = VECTOR ( 'NONE', #2130, 1000.000000000000100 ) ;
#2075 = VECTOR ( 'NONE', #2140, 999.9999999999998900 ) ;
#2076 = VECTOR ( 'NONE', #2142, 1000.000000000000000 ) ;
#2077 = VECTOR ( 'NONE', #2144, 1000.000000000000100 ) ;
#2078 = VECTOR ( 'NONE', #2150, 1000.000000000000000 ) ;
#2079 = VECTOR ( 'NONE', #2156, 1000.000000000000200 ) ;
#2080 = VECTOR ( 'NONE', #2158, 1000.000000000000100 ) ;
#2081 = VECTOR ( 'NONE', #2164, 1000.000000000000000 ) ;
#2082 = VECTOR ( 'NONE', #2166, 1000.000000000000000 ) ;
#2083 = VECTOR ( 'NONE', #2172, 999.9999999999998900 ) ;
#2084 = VECTOR ( 'NONE', #2174, 1000.000000000000100 ) ;
#2085 = VECTOR ( 'NONE', #2180, 1000.000000000000000 ) ;
#2086 = VECTOR ( 'NONE', #2186, 1000.000000000000200 ) ;
#2087 = VECTOR ( 'NONE', #2188, 1000.000000000000000 ) ;
#2088 = VECTOR ( 'NONE', #2190, 1000.000000000000100 ) ;
#2089 = VECTOR ( 'NONE', #2200, 1000.000000000000000 ) ;
#2090 = VECTOR ( 'NONE', #2210, 1000.000000000000100 ) ;
#2091 = VECTOR ( 'NONE', #2216, 1000.000000000000000 ) ;
#2092 = VECTOR ( 'NONE', #2364, 1000.000000000000000 ) ;
#2093 = VECTOR ( 'NONE', #2555, 1000.000000000000000 ) ;
#2094 = VECTOR ( 'NONE', #2565, 1000.000000000000200 ) ;
#2095 = VECTOR ( 'NONE', #2575, 1000.000000000000200 ) ;
#2096 = VECTOR ( 'NONE', #2577, 1000.000000000000100 ) ;
#2097 = VECTOR ( 'NONE', #2579, 1000.000000000000000 ) ;
#2098 = VECTOR ( 'NONE', #2581, 1000.000000000000000 ) ;
#2099 = VECTOR ( 'NONE', #2583, 1000.000000000000000 ) ;
#2100 = VECTOR ( 'NONE', #2585, 1000.000000000000000 ) ;
#2101 = VECTOR ( 'NONE', #2587, 1000.000000000000000 ) ;
#2102 = VECTOR ( 'NONE', #2589, 1000.000000000000000 ) ;
#2103 = VECTOR ( 'NONE', #2591, 1000.000000000000000 ) ;
#2104 = VECTOR ( 'NONE', #2593, 1000.000000000000000 ) ;
#2105 = VECTOR ( 'NONE', #2595, 1000.000000000000100 ) ;
#2106 = VECTOR ( 'NONE', #2597, 1000.000000000000100 ) ;
#2107 = VECTOR ( 'NONE', #2599, 1000.000000000000000 ) ;
#2108 = VECTOR ( 'NONE', #2601, 1000.000000000000000 ) ;
#2109 = VECTOR ( 'NONE', #2603, 1000.000000000000000 ) ;
#2110 = VECTOR ( 'NONE', #2605, 1000.000000000000000 ) ;
#2111 = VECTOR ( 'NONE', #2607, 1000.000000000000100 ) ;
#2112 = VECTOR ( 'NONE', #2609, 1000.000000000000100 ) ;
#2113 = VECTOR ( 'NONE', #2611, 1000.000000000000000 ) ;
#2114 = VECTOR ( 'NONE', #2613, 1000.000000000000000 ) ;
#2115 = VECTOR ( 'NONE', #2615, 1000.000000000000000 ) ;
#2116 = VECTOR ( 'NONE', #2617, 1000.000000000000000 ) ;
#2117 = VECTOR ( 'NONE', #2619, 1000.000000000000000 ) ;
#2118 = VECTOR ( 'NONE', #2621, 1000.000000000000000 ) ;
#2119 = VECTOR ( 'NONE', #2623, 1000.000000000000100 ) ;
#2120 = VECTOR ( 'NONE', #2625, 1000.000000000000100 ) ;
#2121 = VECTOR ( 'NONE', #2627, 1000.000000000000000 ) ;
#2122 = CARTESIAN_POINT ( 'NONE',  ( 7.507867039260529100, -6.663836469251998000, -1.481239368836710900 ) ) ;
#2123 = CARTESIAN_POINT ( 'NONE',  ( 7.694633256700442700, -7.505136652290757700, -1.603961637306642800 ) ) ;
#2124 = CARTESIAN_POINT ( 'NONE',  ( 7.157524757201489500, -8.179066973409977200, -1.702269303780322300 ) ) ;
#2125 = CARTESIAN_POINT ( 'NONE',  ( 6.521864244490358500, -6.174104827901938800, -3.090198839759531700 ) ) ;
#2126 = DIRECTION ( 'NONE',  ( -0.8937324356325535600, 0.4439024462726151600, -0.06475300526996011200 ) ) ;
#2127 = CARTESIAN_POINT ( 'NONE',  ( 6.416372989605077000, -6.121709027730714700, -1.274999999999998800 ) ) ;
#2128 = DIRECTION ( 'NONE',  ( -0.0000000000000000000, -0.0000000000000000000, -1.000000000000000000 ) ) ;
#2129 = CARTESIAN_POINT ( 'NONE',  ( 6.409014115317182500, -6.118053993888403300, -1.401624904442057700 ) ) ;
#2130 = DIRECTION ( 'NONE',  ( 0.8937324356325535600, -0.4439024462726151000, -0.06475300526996005700 ) ) ;
#2131 = CARTESIAN_POINT ( 'NONE',  ( 6.416372989605077000, -6.121709027730714700, -3.097841927904459800 ) ) ;
#2132 = CARTESIAN_POINT ( 'NONE',  ( 6.154217728238814200, -5.991500749297408400, -3.116835689732945400 ) ) ;
#2133 = CARTESIAN_POINT ( 'NONE',  ( 6.000000000000002700, -5.742710739185594300, -3.153127223990430200 ) ) ;
#2134 = CARTESIAN_POINT ( 'NONE',  ( 6.000000000000003600, -5.450000000000000200, -3.195825569530564200 ) ) ;
#2135 = CARTESIAN_POINT ( 'NONE',  ( 6.000000000000003600, -5.450000000000000200, -1.304174430469433600 ) ) ;
#2136 = CARTESIAN_POINT ( 'NONE',  ( 6.000000000000002700, -5.742710739185594300, -1.346872776009567300 ) ) ;
#2137 = CARTESIAN_POINT ( 'NONE',  ( 6.154217728238814200, -5.991500749297408400, -1.383164310267051400 ) ) ;
#2138 = CARTESIAN_POINT ( 'NONE',  ( 6.416372989605077000, -6.121709027730714700, -1.402158072095537300 ) ) ;
#2139 = CARTESIAN_POINT ( 'NONE',  ( 5.620000000000003700, -5.528524071149316700, -3.184371094260950700 ) ) ;
#2140 = DIRECTION ( 'NONE',  ( 0.0000000000000000000, -0.9895274951832141500, 0.1443445055290787900 ) ) ;
#2141 = CARTESIAN_POINT ( 'NONE',  ( 5.620000000000003700, -5.450000000000000200, -1.274999999999998800 ) ) ;
#2142 = DIRECTION ( 'NONE',  ( -0.0000000000000000000, -0.0000000000000000000, -1.000000000000000000 ) ) ;
#2143 = CARTESIAN_POINT ( 'NONE',  ( 5.620000000000003700, -5.250000000000000900, -1.274999999999999900 ) ) ;
#2144 = DIRECTION ( 'NONE',  ( 0.0000000000000000000, 0.9895274951832140300, 0.1443445055290786500 ) ) ;
#2145 = CARTESIAN_POINT ( 'NONE',  ( 5.620000000000003700, -5.450000000000000200, -3.195825569530564200 ) ) ;
#2146 = CARTESIAN_POINT ( 'NONE',  ( 5.620000000000003700, -5.891017513706295900, -3.131493395583429400 ) ) ;
#2147 = CARTESIAN_POINT ( 'NONE',  ( 5.852354710546481300, -6.265861128941431000, -3.076814150635485100 ) ) ;
#2148 = CARTESIAN_POINT ( 'NONE',  ( 6.247335304338313300, -6.462041601780944300, -3.048196882813900600 ) ) ;
#2149 = CARTESIAN_POINT ( 'NONE',  ( 6.247335304338313300, -6.462041601780944300, -1.274999999999998800 ) ) ;
#2150 = DIRECTION ( 'NONE',  ( -0.0000000000000000000, -0.0000000000000000000, -1.000000000000000000 ) ) ;
#2151 = CARTESIAN_POINT ( 'NONE',  ( 6.247335304338313300, -6.462041601780944300, -1.451803117186096800 ) ) ;
#2152 = CARTESIAN_POINT ( 'NONE',  ( 5.852354710546480400, -6.265861128941430100, -1.423185849364511300 ) ) ;
#2153 = CARTESIAN_POINT ( 'NONE',  ( 5.620000000000003700, -5.891017513706297700, -1.368506604416568600 ) ) ;
#2154 = CARTESIAN_POINT ( 'NONE',  ( 5.620000000000003700, -5.450000000000000200, -1.304174430469433600 ) ) ;
#2155 = CARTESIAN_POINT ( 'NONE',  ( 6.349953508069092800, -6.513010403910135100, -3.040761953944758600 ) ) ;
#2156 = DIRECTION ( 'NONE',  ( 0.8937324356325525600, -0.4439024462726169900, 0.06475300526996037600 ) ) ;
#2157 = CARTESIAN_POINT ( 'NONE',  ( 6.237103378895917600, -6.456959569896598700, -1.451061790256830400 ) ) ;
#2158 = DIRECTION ( 'NONE',  ( -0.8937324356325525600, 0.4439024462726169900, 0.06475300526996033400 ) ) ;
#2159 = CARTESIAN_POINT ( 'NONE',  ( -6.247335304338311500, -6.462041601780946100, -3.048196882813900100 ) ) ;
#2160 = CARTESIAN_POINT ( 'NONE',  ( -5.852354710546479500, -6.265861128941431900, -3.076814150635485100 ) ) ;
#2161 = CARTESIAN_POINT ( 'NONE',  ( -5.620000000000001900, -5.891017513706299400, -3.131493395583429000 ) ) ;
#2162 = CARTESIAN_POINT ( 'NONE',  ( -5.620000000000001900, -5.450000000000002000, -3.195825569530563700 ) ) ;
#2163 = CARTESIAN_POINT ( 'NONE',  ( -6.247335304338311500, -6.462041601780946100, -1.274999999999998800 ) ) ;
#2164 = DIRECTION ( 'NONE',  ( -0.0000000000000000000, -0.0000000000000000000, -1.000000000000000000 ) ) ;
#2165 = CARTESIAN_POINT ( 'NONE',  ( -5.620000000000001900, -5.450000000000002000, -1.274999999999998800 ) ) ;
#2166 = DIRECTION ( 'NONE',  ( -0.0000000000000000000, -0.0000000000000000000, -1.000000000000000000 ) ) ;
#2167 = CARTESIAN_POINT ( 'NONE',  ( -5.620000000000001900, -5.450000000000002000, -1.304174430469433800 ) ) ;
#2168 = CARTESIAN_POINT ( 'NONE',  ( -5.620000000000002800, -5.891017513706298600, -1.368506604416568600 ) ) ;
#2169 = CARTESIAN_POINT ( 'NONE',  ( -5.852354710546479500, -6.265861128941431900, -1.423185849364511800 ) ) ;
#2170 = CARTESIAN_POINT ( 'NONE',  ( -6.247335304338311500, -6.462041601780946100, -1.451803117186097000 ) ) ;
#2171 = CARTESIAN_POINT ( 'NONE',  ( -5.620000000000001900, -5.528524071149318400, -3.184371094260950700 ) ) ;
#2172 = DIRECTION ( 'NONE',  ( 0.0000000000000000000, 0.9895274951832141500, -0.1443445055290787900 ) ) ;
#2173 = CARTESIAN_POINT ( 'NONE',  ( -5.620000000000001900, -5.250000000000002700, -1.275000000000000100 ) ) ;
#2174 = DIRECTION ( 'NONE',  ( 0.0000000000000000000, -0.9895274951832140300, -0.1443445055290786500 ) ) ;
#2175 = CARTESIAN_POINT ( 'NONE',  ( -6.000000000000001800, -5.450000000000002000, -3.195825569530563700 ) ) ;
#2176 = CARTESIAN_POINT ( 'NONE',  ( -6.000000000000002700, -5.742710739185596900, -3.153127223990430200 ) ) ;
#2177 = CARTESIAN_POINT ( 'NONE',  ( -6.154217728238816000, -5.991500749297411100, -3.116835689732945000 ) ) ;
#2178 = CARTESIAN_POINT ( 'NONE',  ( -6.416372989605074300, -6.121709027730716500, -3.097841927904460200 ) ) ;
#2179 = CARTESIAN_POINT ( 'NONE',  ( -6.416372989605074300, -6.121709027730716500, -1.274999999999998800 ) ) ;
#2180 = DIRECTION ( 'NONE',  ( -0.0000000000000000000, -0.0000000000000000000, -1.000000000000000000 ) ) ;
#2181 = CARTESIAN_POINT ( 'NONE',  ( -6.416372989605074300, -6.121709027730716500, -1.402158072095537600 ) ) ;
#2182 = CARTESIAN_POINT ( 'NONE',  ( -6.154217728238816000, -5.991500749297411100, -1.383164310267051900 ) ) ;
#2183 = CARTESIAN_POINT ( 'NONE',  ( -6.000000000000002700, -5.742710739185596900, -1.346872776009567100 ) ) ;
#2184 = CARTESIAN_POINT ( 'NONE',  ( -6.000000000000001800, -5.450000000000002000, -1.304174430469433800 ) ) ;
#2185 = CARTESIAN_POINT ( 'NONE',  ( -6.521864244490356700, -6.174104827901940600, -3.090198839759531700 ) ) ;
#2186 = DIRECTION ( 'NONE',  ( -0.8937324356325535600, -0.4439024462726151600, 0.06475300526996011200 ) ) ;
#2187 = CARTESIAN_POINT ( 'NONE',  ( -6.736045017324883600, -6.280484953782137200, -1.274999999999998800 ) ) ;
#2188 = DIRECTION ( 'NONE',  ( -0.0000000000000000000, -0.0000000000000000000, -1.000000000000000000 ) ) ;
#2189 = CARTESIAN_POINT ( 'NONE',  ( -6.409014115317180700, -6.118053993888405100, -1.401624904442057900 ) ) ;
#2190 = DIRECTION ( 'NONE',  ( 0.8937324356325535600, 0.4439024462726151000, 0.06475300526996005700 ) ) ;
#2191 = CARTESIAN_POINT ( 'NONE',  ( -7.430000000000007700, -7.400000000000000400, -1.588625127546413800 ) ) ;
#2192 = CARTESIAN_POINT ( 'NONE',  ( -7.430000000000007700, -6.912148768024007200, -1.517461218312856900 ) ) ;
#2193 = CARTESIAN_POINT ( 'NONE',  ( -7.172970452935318900, -6.497498751170979900, -1.456975327883716300 ) ) ;
#2194 = CARTESIAN_POINT ( 'NONE',  ( -6.736045017324883600, -6.280484953782137200, -1.425319058169573400 ) ) ;
#2195 = CARTESIAN_POINT ( 'NONE',  ( -6.736045017324883600, -6.280484953782137200, -3.074680941830424200 ) ) ;
#2196 = CARTESIAN_POINT ( 'NONE',  ( -7.172970452935318900, -6.497498751170980700, -3.043024672116280400 ) ) ;
#2197 = CARTESIAN_POINT ( 'NONE',  ( -7.430000000000007700, -6.912148768024007200, -2.982538781687138900 ) ) ;
#2198 = CARTESIAN_POINT ( 'NONE',  ( -7.430000000000007700, -7.400000000000000400, -2.911374872453583500 ) ) ;
#2199 = CARTESIAN_POINT ( 'NONE',  ( -7.050652994759393400, -8.313163010334303500, -2.778169818692298500 ) ) ;
#2200 = DIRECTION ( 'NONE',  ( 0.6192375065292302600, -0.7769806882847955000, 0.1133398453322882900 ) ) ;
#2201 = CARTESIAN_POINT ( 'NONE',  ( -6.868137374496431100, -8.542172252764530100, -2.744763747591606200 ) ) ;
#2202 = CARTESIAN_POINT ( 'NONE',  ( -6.662858482397441900, -8.799743432145092500, -2.707191285272764900 ) ) ;
#2203 = CARTESIAN_POINT ( 'NONE',  ( -6.527167526189213500, -8.969999999999991800, -2.510297142458755500 ) ) ;
#2204 = CARTESIAN_POINT ( 'NONE',  ( -6.527167526189212600, -8.969999999999991800, -2.249999999999998700 ) ) ;
#2205 = CARTESIAN_POINT ( 'NONE',  ( -6.527167526189212600, -8.969999999999991800, -2.249999999999998700 ) ) ;
#2206 = CARTESIAN_POINT ( 'NONE',  ( -6.527167526189213500, -8.969999999999991800, -1.989702857541242300 ) ) ;
#2207 = CARTESIAN_POINT ( 'NONE',  ( -6.662858482397441900, -8.799743432145092500, -1.792808714727232200 ) ) ;
#2208 = CARTESIAN_POINT ( 'NONE',  ( -6.868137374496431100, -8.542172252764530100, -1.755236252408390900 ) ) ;
#2209 = CARTESIAN_POINT ( 'NONE',  ( -7.187512347026643800, -8.141440411813373900, -1.696780636254802400 ) ) ;
#2210 = DIRECTION ( 'NONE',  ( -0.6192375065292301500, 0.7769806882847955000, 0.1133398453322881900 ) ) ;
#2211 = CARTESIAN_POINT ( 'NONE',  ( -6.229999999999960500, -8.733163640083358100, -1.824858966296978100 ) ) ;
#2212 = CARTESIAN_POINT ( 'NONE',  ( -6.418995869408957900, -8.883789431279664600, -1.918096805882577100 ) ) ;
#2213 = CARTESIAN_POINT ( 'NONE',  ( -6.527167526189212600, -8.969999999999991800, -2.072851972339218900 ) ) ;
#2214 = CARTESIAN_POINT ( 'NONE',  ( -6.527167526189212600, -8.969999999999991800, -2.249999999999998700 ) ) ;
#2215 = CARTESIAN_POINT ( 'NONE',  ( -6.229999999999960500, -8.733163640083358100, -1.274999999999998800 ) ) ;
#2216 = DIRECTION ( 'NONE',  ( -0.0000000000000000000, -0.0000000000000000000, -1.000000000000000000 ) ) ;
#2217 = LINE ( 'NONE', #2187, #2087 ) ;
#2218 = LINE ( 'NONE', #2189, #2088 ) ;
#2219 = LINE ( 'NONE', #2199, #2089 ) ;
#2220 = LINE ( 'NONE', #2209, #2090 ) ;
#2221 = LINE ( 'NONE', #2215, #2091 ) ;
#2222 = LINE ( 'NONE', #2554, #2093 ) ;
#2223 = LINE ( 'NONE', #2363, #2092 ) ;
#2224 = LINE ( 'NONE', #2564, #2094 ) ;
#2225 = FACE_OUTER_BOUND ( 'NONE', #3412, .T. ) ;
#2226 = LINE ( 'NONE', #2574, #2095 ) ;
#2227 = LINE ( 'NONE', #2576, #2096 ) ;
#2228 = LINE ( 'NONE', #2578, #2097 ) ;
#2229 = LINE ( 'NONE', #2580, #2098 ) ;
#2230 = LINE ( 'NONE', #2582, #2099 ) ;
#2231 = LINE ( 'NONE', #2584, #2100 ) ;
#2232 = LINE ( 'NONE', #2586, #2101 ) ;
#2233 = LINE ( 'NONE', #2588, #2102 ) ;
#2234 = LINE ( 'NONE', #2590, #2103 ) ;
#2235 = LINE ( 'NONE', #2592, #2104 ) ;
#2236 = LINE ( 'NONE', #2594, #2105 ) ;
#2237 = LINE ( 'NONE', #2596, #2106 ) ;
#2238 = LINE ( 'NONE', #2598, #2107 ) ;
#2239 = LINE ( 'NONE', #2600, #2108 ) ;
#2240 = LINE ( 'NONE', #2602, #2109 ) ;
#2241 = LINE ( 'NONE', #2604, #2110 ) ;
#2242 = LINE ( 'NONE', #2606, #2111 ) ;
#2243 = LINE ( 'NONE', #2608, #2112 ) ;
#2244 = LINE ( 'NONE', #2610, #2113 ) ;
#2245 = LINE ( 'NONE', #2612, #2114 ) ;
#2246 = LINE ( 'NONE', #2614, #2115 ) ;
#2247 = LINE ( 'NONE', #2616, #2116 ) ;
#2248 = LINE ( 'NONE', #2618, #2117 ) ;
#2249 = LINE ( 'NONE', #2620, #2118 ) ;
#2250 = LINE ( 'NONE', #2622, #2119 ) ;
#2251 = LINE ( 'NONE', #2624, #2120 ) ;
#2252 = LINE ( 'NONE', #2626, #2121 ) ;
#2253 = LINE ( 'NONE', #2628, #1894 ) ;
#2254 = LINE ( 'NONE', #2630, #2642 ) ;
#2255 = LINE ( 'NONE', #2632, #2643 ) ;
#2256 = LINE ( 'NONE', #2634, #2644 ) ;
#2257 = LINE ( 'NONE', #2636, #2645 ) ;
#2258 = LINE ( 'NONE', #2638, #2646 ) ;
#2259 = LINE ( 'NONE', #2640, #2647 ) ;
#2260 = LINE ( 'NONE', #2708, #2648 ) ;
#2261 = LINE ( 'NONE', #2710, #2649 ) ;
#2262 = LINE ( 'NONE', #2712, #2650 ) ;
#2263 = LINE ( 'NONE', #2714, #2651 ) ;
#2264 = LINE ( 'NONE', #2716, #2652 ) ;
#2265 = LINE ( 'NONE', #2718, #2653 ) ;
#2266 = LINE ( 'NONE', #2720, #2654 ) ;
#2267 = LINE ( 'NONE', #2722, #2655 ) ;
#2268 = LINE ( 'NONE', #2724, #2656 ) ;
#2269 = LINE ( 'NONE', #2726, #2657 ) ;
#2270 = LINE ( 'NONE', #2728, #2658 ) ;
#2271 = LINE ( 'NONE', #2730, #2659 ) ;
#2272 = LINE ( 'NONE', #2732, #2660 ) ;
#2273 = LINE ( 'NONE', #2734, #2661 ) ;
#2274 = LINE ( 'NONE', #2736, #2662 ) ;
#2275 = LINE ( 'NONE', #2738, #2663 ) ;
#2276 = LINE ( 'NONE', #2740, #2664 ) ;
#2277 = LINE ( 'NONE', #2742, #2665 ) ;
#2278 = LINE ( 'NONE', #2744, #2666 ) ;
#2279 = LINE ( 'NONE', #2746, #2667 ) ;
#2280 = LINE ( 'NONE', #2748, #2668 ) ;
#2281 = LINE ( 'NONE', #2750, #2669 ) ;
#2282 = LINE ( 'NONE', #2752, #2670 ) ;
#2283 = LINE ( 'NONE', #2754, #2672 ) ;
#2284 = LINE ( 'NONE', #2756, #2673 ) ;
#2285 = LINE ( 'NONE', #2758, #2674 ) ;
#2286 = LINE ( 'NONE', #2760, #2675 ) ;
#2287 = LINE ( 'NONE', #2762, #2677 ) ;
#2288 = FACE_OUTER_BOUND ( 'NONE', #3451, .T. ) ;
#2289 = SURFACE_STYLE_FILL_AREA ( #2765 ) ;
#2290 = PRESENTATION_STYLE_ASSIGNMENT (( #2767 ) ) ;
#2291 = STYLED_ITEM ( 'NONE', ( #2290 ), #4747 ) ;
#2292 = SURFACE_STYLE_FILL_AREA ( #2776 ) ;
#2293 = PRESENTATION_STYLE_ASSIGNMENT (( #2778 ) ) ;
#2294 = STYLED_ITEM ( 'NONE', ( #2293 ), #4748 ) ;
#2295 = FACE_OUTER_BOUND ( 'NONE', #3448, .T. ) ;
#2296 = SURFACE_STYLE_FILL_AREA ( #2787 ) ;
#2297 = PRESENTATION_STYLE_ASSIGNMENT (( #2789 ) ) ;
#2298 = STYLED_ITEM ( 'NONE', ( #2297 ), #4749 ) ;
#2299 = FACE_OUTER_BOUND ( 'NONE', #3414, .T. ) ;
#2300 = SURFACE_STYLE_FILL_AREA ( #2798 ) ;
#2301 = PRESENTATION_STYLE_ASSIGNMENT (( #2800 ) ) ;
#2302 = STYLED_ITEM ( 'NONE', ( #2301 ), #4750 ) ;
#2303 = FACE_OUTER_BOUND ( 'NONE', #3435, .T. ) ;
#2304 = SURFACE_STYLE_FILL_AREA ( #2809 ) ;
#2305 = PRESENTATION_STYLE_ASSIGNMENT (( #2811 ) ) ;
#2306 = STYLED_ITEM ( 'NONE', ( #2305 ), #4751 ) ;
#2307 = FACE_OUTER_BOUND ( 'NONE', #3436, .T. ) ;
#2308 = SURFACE_STYLE_FILL_AREA ( #2820 ) ;
#2309 = PRESENTATION_STYLE_ASSIGNMENT (( #2822 ) ) ;
#2310 = STYLED_ITEM ( 'NONE', ( #2309 ), #4752 ) ;
#2311 = FACE_OUTER_BOUND ( 'NONE', #3467, .T. ) ;
#2312 = SURFACE_STYLE_FILL_AREA ( #2831 ) ;
#2313 = PRESENTATION_STYLE_ASSIGNMENT (( #2833 ) ) ;
#2314 = STYLED_ITEM ( 'NONE', ( #2313 ), #4753 ) ;
#2315 = FACE_OUTER_BOUND ( 'NONE', #3431, .T. ) ;
#2316 = SURFACE_STYLE_FILL_AREA ( #2842 ) ;
#2317 = PRESENTATION_STYLE_ASSIGNMENT (( #2844 ) ) ;
#2318 = STYLED_ITEM ( 'NONE', ( #2317 ), #4754 ) ;
#2319 = FACE_OUTER_BOUND ( 'NONE', #3432, .T. ) ;
#2320 = SURFACE_STYLE_FILL_AREA ( #2853 ) ;
#2321 = PRESENTATION_STYLE_ASSIGNMENT (( #2855 ) ) ;
#2322 = STYLED_ITEM ( 'NONE', ( #2321 ), #4755 ) ;
#2323 = FACE_OUTER_BOUND ( 'NONE', #3433, .T. ) ;
#2324 = SURFACE_STYLE_FILL_AREA ( #2864 ) ;
#2325 = PRESENTATION_STYLE_ASSIGNMENT (( #2866 ) ) ;
#2326 = STYLED_ITEM ( 'NONE', ( #2325 ), #4756 ) ;
#2327 = FACE_OUTER_BOUND ( 'NONE', #3444, .T. ) ;
#2328 = SURFACE_STYLE_FILL_AREA ( #2875 ) ;
#2329 = PRESENTATION_STYLE_ASSIGNMENT (( #2877 ) ) ;
#2330 = STYLED_ITEM ( 'NONE', ( #2329 ), #4757 ) ;
#2331 = FACE_OUTER_BOUND ( 'NONE', #3445, .T. ) ;
#2332 = SURFACE_STYLE_FILL_AREA ( #2886 ) ;
#2333 = PRESENTATION_STYLE_ASSIGNMENT (( #2888 ) ) ;
#2334 = STYLED_ITEM ( 'NONE', ( #2333 ), #4758 ) ;
#2335 = FACE_OUTER_BOUND ( 'NONE', #3443, .T. ) ;
#2336 = SURFACE_STYLE_FILL_AREA ( #2897 ) ;
#2337 = PRESENTATION_STYLE_ASSIGNMENT (( #2899 ) ) ;
#2338 = STYLED_ITEM ( 'NONE', ( #2337 ), #4759 ) ;
#2339 = FACE_OUTER_BOUND ( 'NONE', #3413, .T. ) ;
#2340 = SURFACE_STYLE_FILL_AREA ( #2908 ) ;
#2341 = PRESENTATION_STYLE_ASSIGNMENT (( #2910 ) ) ;
#2342 = STYLED_ITEM ( 'NONE', ( #2341 ), #4760 ) ;
#2343 = FACE_OUTER_BOUND ( 'NONE', #3415, .T. ) ;
#2344 = SURFACE_STYLE_FILL_AREA ( #2919 ) ;
#2345 = PRESENTATION_STYLE_ASSIGNMENT (( #2921 ) ) ;
#2346 = STYLED_ITEM ( 'NONE', ( #2345 ), #4761 ) ;
#2347 = FACE_OUTER_BOUND ( 'NONE', #3408, .T. ) ;
#2348 = SURFACE_STYLE_FILL_AREA ( #2930 ) ;
#2349 = PRESENTATION_STYLE_ASSIGNMENT (( #2932 ) ) ;
#2350 = STYLED_ITEM ( 'NONE', ( #2349 ), #4762 ) ;
#2351 = FACE_OUTER_BOUND ( 'NONE', #3643, .T. ) ;
#2352 = SURFACE_STYLE_FILL_AREA ( #2941 ) ;
#2353 = PRESENTATION_STYLE_ASSIGNMENT (( #2943 ) ) ;
#2354 = STYLED_ITEM ( 'NONE', ( #2353 ), #4763 ) ;
#2355 = FACE_OUTER_BOUND ( 'NONE', #3660, .T. ) ;
#2356 = SURFACE_STYLE_FILL_AREA ( #2952 ) ;
#2357 = PRESENTATION_STYLE_ASSIGNMENT (( #2954 ) ) ;
#2358 = STYLED_ITEM ( 'NONE', ( #2357 ), #4764 ) ;
#2359 = CARTESIAN_POINT ( 'NONE',  ( -6.527167526189212600, -8.969999999999991800, -2.249999999999998700 ) ) ;
#2360 = CARTESIAN_POINT ( 'NONE',  ( -6.527167526189212600, -8.969999999999991800, -2.427148027660778400 ) ) ;
#2361 = CARTESIAN_POINT ( 'NONE',  ( -6.418995869408957900, -8.883789431279664600, -2.581903194117419500 ) ) ;
#2362 = CARTESIAN_POINT ( 'NONE',  ( -6.229999999999960500, -8.733163640083358100, -2.675141033703019000 ) ) ;
#2363 = CARTESIAN_POINT ( 'NONE',  ( -6.887920106182065200, -7.907646432957195200, -1.662676605353242900 ) ) ;
#2364 = DIRECTION ( 'NONE',  ( 0.6192375065292296000, -0.7769806882847960500, -0.1133398453322882600 ) ) ;
#2365 = CARTESIAN_POINT ( 'NONE',  ( 1.580000000000003200, -5.249999999999999100, -7.425000000000000700 ) ) ;
#2366 = CARTESIAN_POINT ( 'NONE',  ( -0.9200000000000012600, -5.249999999999999100, -7.425000000000000700 ) ) ;
#2367 = CARTESIAN_POINT ( 'NONE',  ( -1.580000000000003200, -5.249999999999999100, -7.175000000000000700 ) ) ;
#2368 = CARTESIAN_POINT ( 'NONE',  ( -0.9200000000000007100, -5.249999999999999100, -7.175000000000000700 ) ) ;
#2369 = CARTESIAN_POINT ( 'NONE',  ( -7.157524757201488600, -8.179066973409980800, -2.797730696219674900 ) ) ;
#2370 = CARTESIAN_POINT ( 'NONE',  ( -1.580000000000003200, -5.249999999999999100, -7.425000000000000700 ) ) ;
#2371 = CARTESIAN_POINT ( 'NONE',  ( -7.430000000000007700, -7.400000000000000400, -2.911374872453583500 ) ) ;
#2372 = CARTESIAN_POINT ( 'NONE',  ( -7.430000000000007700, -7.400000000000000400, -1.588625127546413800 ) ) ;
#2373 = CARTESIAN_POINT ( 'NONE',  ( -6.567007332058119000, -6.620817527832367800, -3.025035896739864500 ) ) ;
#2374 = CARTESIAN_POINT ( 'NONE',  ( -7.157524757201486800, -8.179066973409980800, -1.702269303780322900 ) ) ;
#2375 = CARTESIAN_POINT ( 'NONE',  ( -6.567007332058119000, -6.620817527832367800, -1.474964103260132600 ) ) ;
#2376 = CARTESIAN_POINT ( 'NONE',  ( -7.050000000000006000, -7.400000000000000400, -2.911374872453583500 ) ) ;
#2377 = CARTESIAN_POINT ( 'NONE',  ( -7.050000000000006000, -7.400000000000000400, -1.588625127546413800 ) ) ;
#2378 = CARTESIAN_POINT ( 'NONE',  ( -0.9200000000000040400, -5.249999999999995600, -5.425000000000000700 ) ) ;
#2379 = CARTESIAN_POINT ( 'NONE',  ( 3.725000000000000500, -3.950000000000002000, 8.150000000000000400 ) ) ;
#2380 = CARTESIAN_POINT ( 'NONE',  ( -0.9200000000000032600, -5.249999999999999100, -5.175000000000000700 ) ) ;
#2381 = CARTESIAN_POINT ( 'NONE',  ( 1.625000000000000000, -1.150000000000001500, 4.964232448991865000 ) ) ;
#2382 = CARTESIAN_POINT ( 'NONE',  ( -1.580000000000006100, -5.249999999999995600, -5.175000000000000700 ) ) ;
#2383 = CARTESIAN_POINT ( 'NONE',  ( 1.625000000000000000, -1.150000000000001200, 5.413532459412500100 ) ) ;
#2384 = CARTESIAN_POINT ( 'NONE',  ( 0.8749999999999998900, -1.150000000000001200, 5.413532459412500100 ) ) ;
#2385 = CARTESIAN_POINT ( 'NONE',  ( -6.000000000000001800, -5.450000000000002000, -3.195825569530563700 ) ) ;
#2386 = CARTESIAN_POINT ( 'NONE',  ( 0.8749999999999998900, -1.150000000000001500, 4.964232448991865000 ) ) ;
#2387 = CARTESIAN_POINT ( 'NONE',  ( -1.625000000000000200, -1.150000000000001200, 5.413532459412500100 ) ) ;
#2388 = CARTESIAN_POINT ( 'NONE',  ( 3.182106781186548400, 4.830000000000001800, 8.150000000000000400 ) ) ;
#2389 = CARTESIAN_POINT ( 'NONE',  ( 4.725000000000001400, 3.287106781186548400, 8.150000000000000400 ) ) ;
#2390 = CARTESIAN_POINT ( 'NONE',  ( -3.182106781186546200, 4.830000000000000100, 8.150000000000000400 ) ) ;
#2391 = CARTESIAN_POINT ( 'NONE',  ( 4.725000000000000500, -2.950000000000000200, 8.150000000000000400 ) ) ;
#2392 = CARTESIAN_POINT ( 'NONE',  ( 6.000000000000001800, 5.250000000000000900, -8.150000000000000400 ) ) ;
#2393 = CARTESIAN_POINT ( 'NONE',  ( 6.000000000000003600, -5.450000000000000200, -3.195825569530564200 ) ) ;
#2394 = CARTESIAN_POINT ( 'NONE',  ( 6.000000000000003600, -5.450000000000000200, -1.304174430469433600 ) ) ;
#2395 = CARTESIAN_POINT ( 'NONE',  ( -5.999999999999998200, 5.250000000000000900, -8.150000000000000400 ) ) ;
#2396 = CARTESIAN_POINT ( 'NONE',  ( -5.999999999999998200, 5.250000000000000900, 8.150000000000000400 ) ) ;
#2397 = CARTESIAN_POINT ( 'NONE',  ( -0.8750000000000001100, -1.150000000000001500, 4.964232448991865000 ) ) ;
#2398 = CARTESIAN_POINT ( 'NONE',  ( 6.000000000000001800, 5.250000000000000900, 8.150000000000000400 ) ) ;
#2399 = CARTESIAN_POINT ( 'NONE',  ( -4.724999999999999600, -2.950000000000001100, 8.150000000000000400 ) ) ;
#2400 = CARTESIAN_POINT ( 'NONE',  ( -4.724999999999999600, 3.287106781186546200, 8.150000000000000400 ) ) ;
#2401 = CARTESIAN_POINT ( 'NONE',  ( 4.225000000000014700, 1.750000000000000000, 7.650000000000002100 ) ) ;
#2402 = CARTESIAN_POINT ( 'NONE',  ( -1.625000000000000200, -1.150000000000001500, 4.964232448991865000 ) ) ;
#2403 = CARTESIAN_POINT ( 'NONE',  ( 0.8749999999999998900, -1.150000000000001700, 0.09637415781890175400 ) ) ;
#2404 = CARTESIAN_POINT ( 'NONE',  ( -1.625000000000000200, 2.029999999999998900, -0.8499999999999983100 ) ) ;
#2405 = CARTESIAN_POINT ( 'NONE',  ( 4.225000000000001400, 3.080000000000000100, 7.650000000000002100 ) ) ;
#2406 = CARTESIAN_POINT ( 'NONE',  ( 4.225000000000001400, 3.080000000000000100, -0.8499999999999983100 ) ) ;
#2407 = CARTESIAN_POINT ( 'NONE',  ( 4.225000000000000500, -2.950000000000000200, -0.8499999999999983100 ) ) ;
#2408 = CARTESIAN_POINT ( 'NONE',  ( 0.8749999999999998900, 2.029999999999998900, -0.8499999999999983100 ) ) ;
#2409 = CARTESIAN_POINT ( 'NONE',  ( 4.225000000000000500, -2.950000000000000200, 7.650000000000002100 ) ) ;
#2410 = CARTESIAN_POINT ( 'NONE',  ( 2.799999999999998900, 2.029999999999998900, -0.8499999999999983100 ) ) ;
#2411 = CARTESIAN_POINT ( 'NONE',  ( -2.800000000000000300, -1.150000000000001200, 7.150000000000000400 ) ) ;
#2412 = CARTESIAN_POINT ( 'NONE',  ( 1.625000000000000200, 2.029999999999998900, -0.8499999999999983100 ) ) ;
#2413 = CARTESIAN_POINT ( 'NONE',  ( -2.800000000000000700, 2.029999999999998900, -0.8499999999999983100 ) ) ;
#2414 = CARTESIAN_POINT ( 'NONE',  ( -3.724999999999998800, -3.450000000000001100, -0.8499999999999983100 ) ) ;
#2415 = CARTESIAN_POINT ( 'NONE',  ( 3.725000000000000500, -3.450000000000000200, -0.8499999999999983100 ) ) ;
#2416 = CARTESIAN_POINT ( 'NONE',  ( -4.224999999999998800, 3.079999999999999200, -0.8499999999999983100 ) ) ;
#2417 = CARTESIAN_POINT ( 'NONE',  ( -4.224999999999998800, -2.950000000000001100, -0.8499999999999983100 ) ) ;
#2418 = CARTESIAN_POINT ( 'NONE',  ( 2.975000000000000100, 4.330000000000001000, -0.8499999999999983100 ) ) ;
#2419 = CARTESIAN_POINT ( 'NONE',  ( -2.974999999999998300, 4.330000000000000100, -0.8499999999999983100 ) ) ;
#2420 = CARTESIAN_POINT ( 'NONE',  ( 4.225000000000000500, -1.749999999999999800, 7.650000000000002100 ) ) ;
#2421 = CARTESIAN_POINT ( 'NONE',  ( 4.225000000000001400, -1.750000000000000000, 7.150626239469394500 ) ) ;
#2422 = CARTESIAN_POINT ( 'NONE',  ( -2.800000000000000300, -1.150000000000001200, -0.8499999999999983100 ) ) ;
#2423 = CARTESIAN_POINT ( 'NONE',  ( -0.8750000000000001100, -1.150000000000001200, 5.413532459412500100 ) ) ;
#2424 = CARTESIAN_POINT ( 'NONE',  ( -0.8750000000000001100, 2.029999999999998900, -0.8499999999999983100 ) ) ;
#2425 = CARTESIAN_POINT ( 'NONE',  ( 2.799999999999999400, -1.150000000000001200, 7.150000000000000400 ) ) ;
#2426 = CARTESIAN_POINT ( 'NONE',  ( 0.8750000000000003300, -1.150000000000001200, -0.8499999999999983100 ) ) ;
#2427 = CARTESIAN_POINT ( 'NONE',  ( -0.8750000000000001100, -1.150000000000001500, -0.8499999999999983100 ) ) ;
#2428 = CARTESIAN_POINT ( 'NONE',  ( -1.625000000000000200, -1.150000000000001700, 0.09637415781890175400 ) ) ;
#2429 = CARTESIAN_POINT ( 'NONE',  ( -1.625000000000000200, -1.150000000000001500, -0.8499999999999983100 ) ) ;
#2430 = CARTESIAN_POINT ( 'NONE',  ( 2.799999999999999400, -1.150000000000001200, -0.8499999999999983100 ) ) ;
#2431 = CARTESIAN_POINT ( 'NONE',  ( -6.000000000000001800, -5.450000000000002000, -1.304174430469433800 ) ) ;
#2432 = CARTESIAN_POINT ( 'NONE',  ( 1.625000000000000700, -1.150000000000001200, 0.09637415781889834000 ) ) ;
#2433 = CARTESIAN_POINT ( 'NONE',  ( 1.625000000000000200, -1.150000000000001500, -0.8499999999999983100 ) ) ;
#2434 = CARTESIAN_POINT ( 'NONE',  ( 4.225000000000001400, 1.750000000000000200, 7.150626239469392700 ) ) ;
#2435 = CARTESIAN_POINT ( 'NONE',  ( -0.8750000000000001100, -1.150000000000001700, 0.09637415781890175400 ) ) ;
#2436 = CARTESIAN_POINT ( 'NONE',  ( -3.465728657949261200, -1.750000000000000000, 2.703858203322982300 ) ) ;
#2437 = CARTESIAN_POINT ( 'NONE',  ( -3.853538932693424600, -1.750000000000000000, 1.874097279440172200 ) ) ;
#2438 = CARTESIAN_POINT ( 'NONE',  ( -3.695000000000014900, -1.750000000000000000, 1.800000000000002900 ) ) ;
#2439 = CARTESIAN_POINT ( 'NONE',  ( -3.307189725255851100, -1.750000000000000000, 2.629760923882813500 ) ) ;
#2440 = CARTESIAN_POINT ( 'NONE',  ( 3.379145711565575200, 1.750000000000000000, 4.889989941551471400 ) ) ;
#2441 = CARTESIAN_POINT ( 'NONE',  ( 3.379145711565575200, -1.750000000000000000, 4.889989941551471400 ) ) ;
#2442 = CARTESIAN_POINT ( 'NONE',  ( 3.215243233520962600, 1.750000000000000000, 4.951316752090057200 ) ) ;
#2443 = CARTESIAN_POINT ( 'NONE',  ( 3.465728657949261200, 1.750000000000000000, 2.703858203322982300 ) ) ;
#2444 = CARTESIAN_POINT ( 'NONE',  ( 3.853538932693424600, 1.750000000000000000, 1.874097279440172200 ) ) ;
#2445 = CARTESIAN_POINT ( 'NONE',  ( 3.695000000000014900, 1.750000000000000000, 1.800000000000002900 ) ) ;
#2446 = CARTESIAN_POINT ( 'NONE',  ( 3.307189725255851100, 1.750000000000000000, 2.629760923882813900 ) ) ;
#2447 = CARTESIAN_POINT ( 'NONE',  ( 3.215243233520962600, -1.750000000000000000, 4.951316752090057200 ) ) ;
#2448 = CARTESIAN_POINT ( 'NONE',  ( 3.307189725255851100, -1.750000000000000000, 2.629760923882813900 ) ) ;
#2449 = CARTESIAN_POINT ( 'NONE',  ( 3.695000000000014900, -1.750000000000000000, 1.800000000000002900 ) ) ;
#2450 = CARTESIAN_POINT ( 'NONE',  ( 3.853538932693424600, -1.750000000000000000, 1.874097279440172200 ) ) ;
#2451 = CARTESIAN_POINT ( 'NONE',  ( 3.465728657949261200, -1.750000000000000000, 2.703858203322982300 ) ) ;
#2452 = CARTESIAN_POINT ( 'NONE',  ( -1.625000000000000200, 2.493086043381489000, 4.318484281824290800 ) ) ;
#2453 = CARTESIAN_POINT ( 'NONE',  ( -0.8750000000000001100, 2.493086043381489000, 4.318484281824290800 ) ) ;
#2454 = CARTESIAN_POINT ( 'NONE',  ( -0.8750000000000001100, 2.331906024184235500, 4.250322698717873500 ) ) ;
#2455 = CARTESIAN_POINT ( 'NONE',  ( -1.625000000000000200, 2.331906024184235500, 4.250322698717873500 ) ) ;
#2456 = CARTESIAN_POINT ( 'NONE',  ( -1.625000000000000200, 2.506280826824109500, 2.627611475423865500 ) ) ;
#2457 = CARTESIAN_POINT ( 'NONE',  ( -0.8750000000000001100, 2.506280826824109500, 2.627611475423865500 ) ) ;
#2458 = CARTESIAN_POINT ( 'NONE',  ( -0.8750000000000001100, 2.678262824945957000, 2.595251124343927800 ) ) ;
#2459 = CARTESIAN_POINT ( 'NONE',  ( -1.625000000000000200, 2.678262824945957000, 2.595251124343927800 ) ) ;
#2460 = CARTESIAN_POINT ( 'NONE',  ( -0.8750000000000001100, -1.626280826824113300, 2.627611475423865100 ) ) ;
#2461 = CARTESIAN_POINT ( 'NONE',  ( -1.625000000000000200, -1.626280826824113300, 2.627611475423865100 ) ) ;
#2462 = CARTESIAN_POINT ( 'NONE',  ( -1.625000000000000200, -1.451906024184239900, 4.250322698717872600 ) ) ;
#2463 = CARTESIAN_POINT ( 'NONE',  ( -0.8750000000000001100, -1.451906024184239900, 4.250322698717872600 ) ) ;
#2464 = CARTESIAN_POINT ( 'NONE',  ( -0.8750000000000001100, -1.613086043381492900, 4.318484281824289900 ) ) ;
#2465 = CARTESIAN_POINT ( 'NONE',  ( -1.625000000000000200, -1.613086043381492900, 4.318484281824289900 ) ) ;
#2466 = CARTESIAN_POINT ( 'NONE',  ( -0.8750000000000001100, -1.798262824945960700, 2.595251124343926000 ) ) ;
#2467 = CARTESIAN_POINT ( 'NONE',  ( -1.625000000000000200, -1.798262824945960700, 2.595251124343926000 ) ) ;
#2468 = CARTESIAN_POINT ( 'NONE',  ( 0.8750000000000000000, 2.493086043381489000, 4.318484281824290800 ) ) ;
#2469 = CARTESIAN_POINT ( 'NONE',  ( 1.625000000000000200, 2.493086043381489000, 4.318484281824290800 ) ) ;
#2470 = CARTESIAN_POINT ( 'NONE',  ( 1.625000000000000200, 2.331906024184235500, 4.250322698717873500 ) ) ;
#2471 = CARTESIAN_POINT ( 'NONE',  ( 0.8750000000000000000, 2.331906024184235500, 4.250322698717873500 ) ) ;
#2472 = CARTESIAN_POINT ( 'NONE',  ( 0.8750000000000000000, 2.506280826824109500, 2.627611475423865500 ) ) ;
#2473 = CARTESIAN_POINT ( 'NONE',  ( 1.625000000000000200, 2.506280826824109500, 2.627611475423865500 ) ) ;
#2474 = CARTESIAN_POINT ( 'NONE',  ( 1.625000000000000200, 2.678262824945957000, 2.595251124343927800 ) ) ;
#2475 = CARTESIAN_POINT ( 'NONE',  ( 0.8750000000000000000, 2.678262824945957000, 2.595251124343927800 ) ) ;
#2476 = CARTESIAN_POINT ( 'NONE',  ( 1.625000000000000200, -1.626280826824113300, 2.627611475423865100 ) ) ;
#2477 = CARTESIAN_POINT ( 'NONE',  ( 0.8750000000000000000, -1.626280826824113300, 2.627611475423865100 ) ) ;
#2478 = CARTESIAN_POINT ( 'NONE',  ( 0.8750000000000000000, -1.451906024184239900, 4.250322698717872600 ) ) ;
#2479 = CARTESIAN_POINT ( 'NONE',  ( 1.625000000000000200, -1.451906024184239900, 4.250322698717872600 ) ) ;
#2480 = CARTESIAN_POINT ( 'NONE',  ( 1.625000000000000200, -1.613086043381492900, 4.318484281824289900 ) ) ;
#2481 = CARTESIAN_POINT ( 'NONE',  ( 0.8750000000000000000, -1.613086043381492900, 4.318484281824289900 ) ) ;
#2482 = CARTESIAN_POINT ( 'NONE',  ( 1.625000000000000200, -1.798262824945960700, 2.595251124343926000 ) ) ;
#2483 = CARTESIAN_POINT ( 'NONE',  ( 0.8750000000000000000, -1.798262824945960700, 2.595251124343926000 ) ) ;
#2484 = CARTESIAN_POINT ( 'NONE',  ( 6.567007332058120800, -6.620817527832366000, -1.474964103260132400 ) ) ;
#2485 = CARTESIAN_POINT ( 'NONE',  ( 6.567007332058120800, -6.620817527832366000, -3.025035896739864900 ) ) ;
#2486 = CARTESIAN_POINT ( 'NONE',  ( 6.860357231012239200, -7.942230613493344500, -2.832278525794783300 ) ) ;
#2487 = CARTESIAN_POINT ( 'NONE',  ( 6.860357231012239200, -7.942230613493344500, -1.667721474205214000 ) ) ;
#2488 = CARTESIAN_POINT ( 'NONE',  ( 6.382216177615586800, -8.542172252764530100, -2.744763747591606200 ) ) ;
#2489 = CARTESIAN_POINT ( 'NONE',  ( 6.229999999999962200, -8.733163640083358100, -2.675141033703018600 ) ) ;
#2490 = CARTESIAN_POINT ( 'NONE',  ( 6.229999999999962200, -8.733163640083358100, -1.824858966296978100 ) ) ;
#2491 = CARTESIAN_POINT ( 'NONE',  ( 6.382216177615586800, -8.542172252764530100, -1.755236252408390900 ) ) ;
#2492 = CARTESIAN_POINT ( 'NONE',  ( 6.527167526189215300, -8.969999999999991800, -2.249999999999998700 ) ) ;
#2493 = CARTESIAN_POINT ( 'NONE',  ( 6.868137374496432000, -8.542172252764530100, -2.744763747591606200 ) ) ;
#2494 = CARTESIAN_POINT ( 'NONE',  ( 7.157524757201489500, -8.179066973409977200, -2.797730696219675300 ) ) ;
#2495 = CARTESIAN_POINT ( 'NONE',  ( 7.157524757201489500, -8.179066973409977200, -1.702269303780322300 ) ) ;
#2496 = CARTESIAN_POINT ( 'NONE',  ( 6.868137374496432000, -8.542172252764530100, -1.755236252408390900 ) ) ;
#2497 = CARTESIAN_POINT ( 'NONE',  ( 6.736045017324884500, -6.280484953782134600, -3.074680941830424600 ) ) ;
#2498 = CARTESIAN_POINT ( 'NONE',  ( 6.736045017324884500, -6.280484953782135400, -1.425319058169573200 ) ) ;
#2499 = CARTESIAN_POINT ( 'NONE',  ( 6.416372989605077000, -6.121709027730714700, -3.097841927904459800 ) ) ;
#2500 = CARTESIAN_POINT ( 'NONE',  ( 6.416372989605077000, -6.121709027730714700, -1.402158072095537300 ) ) ;
#2501 = CARTESIAN_POINT ( 'NONE',  ( 5.620000000000003700, -5.450000000000000200, -3.195825569530564200 ) ) ;
#2502 = CARTESIAN_POINT ( 'NONE',  ( 5.620000000000003700, -5.450000000000000200, -1.304174430469433600 ) ) ;
#2503 = CARTESIAN_POINT ( 'NONE',  ( 6.247335304338313300, -6.462041601780944300, -3.048196882813900600 ) ) ;
#2504 = CARTESIAN_POINT ( 'NONE',  ( 6.247335304338313300, -6.462041601780944300, -1.451803117186096800 ) ) ;
#2505 = CARTESIAN_POINT ( 'NONE',  ( -6.247335304338311500, -6.462041601780946100, -1.451803117186097000 ) ) ;
#2506 = CARTESIAN_POINT ( 'NONE',  ( -6.247335304338311500, -6.462041601780946100, -3.048196882813900100 ) ) ;
#2507 = CARTESIAN_POINT ( 'NONE',  ( -5.620000000000001900, -5.450000000000002000, -3.195825569530563700 ) ) ;
#2508 = CARTESIAN_POINT ( 'NONE',  ( -5.620000000000001900, -5.450000000000002000, -1.304174430469433800 ) ) ;
#2509 = CARTESIAN_POINT ( 'NONE',  ( -6.416372989605074300, -6.121709027730716500, -3.097841927904460200 ) ) ;
#2510 = CARTESIAN_POINT ( 'NONE',  ( -6.416372989605074300, -6.121709027730716500, -1.402158072095537600 ) ) ;
#2511 = CARTESIAN_POINT ( 'NONE',  ( -6.736045017324883600, -6.280484953782137200, -3.074680941830424200 ) ) ;
#2512 = CARTESIAN_POINT ( 'NONE',  ( -6.736045017324883600, -6.280484953782137200, -1.425319058169573400 ) ) ;
#2513 = CARTESIAN_POINT ( 'NONE',  ( -6.868137374496431100, -8.542172252764530100, -2.744763747591606200 ) ) ;
#2514 = CARTESIAN_POINT ( 'NONE',  ( -6.527167526189212600, -8.969999999999991800, -2.249999999999998700 ) ) ;
#2515 = CARTESIAN_POINT ( 'NONE',  ( -6.868137374496431100, -8.542172252764530100, -1.755236252408390900 ) ) ;
#2516 = CARTESIAN_POINT ( 'NONE',  ( -6.229999999999960500, -8.733163640083358100, -1.824858966296978100 ) ) ;
#2517 = CARTESIAN_POINT ( 'NONE',  ( -6.229999999999960500, -8.733163640083358100, -2.675141033703019000 ) ) ;
#2518 = CARTESIAN_POINT ( 'NONE',  ( -6.860357231012237400, -7.942230613493344500, -1.667721474205214000 ) ) ;
#2519 = CARTESIAN_POINT ( 'NONE',  ( -6.860357231012237400, -7.942230613493344500, -2.832278525794783300 ) ) ;
#2520 = CARTESIAN_POINT ( 'NONE',  ( -6.382216177615586800, -8.542172252764530100, -1.755236252408390900 ) ) ;
#2521 = CARTESIAN_POINT ( 'NONE',  ( -6.382216177615586800, -8.542172252764530100, -2.744763747591606200 ) ) ;
#2522 = CARTESIAN_POINT ( 'NONE',  ( 1.580000000000003200, -8.100000000000001400, -7.175000000000000700 ) ) ;
#2523 = CARTESIAN_POINT ( 'NONE',  ( 1.580000000000003200, -8.100000000000001400, -7.425000000000000700 ) ) ;
#2524 = CARTESIAN_POINT ( 'NONE',  ( 1.458792132249453900, -8.400000000000000400, -7.175000000000000700 ) ) ;
#2525 = CARTESIAN_POINT ( 'NONE',  ( 1.458792132249453900, -8.400000000000000400, -7.425000000000000700 ) ) ;
#2526 = CARTESIAN_POINT ( 'NONE',  ( 1.041207867750549900, -8.400000000000000400, -7.175000000000000700 ) ) ;
#2527 = CARTESIAN_POINT ( 'NONE',  ( 1.041207867750549900, -8.400000000000000400, -7.425000000000000700 ) ) ;
#2528 = CARTESIAN_POINT ( 'NONE',  ( 0.9200000000000012600, -8.100000000000001400, -7.175000000000000700 ) ) ;
#2529 = CARTESIAN_POINT ( 'NONE',  ( 0.9200000000000012600, -8.100000000000001400, -7.425000000000000700 ) ) ;
#2530 = CARTESIAN_POINT ( 'NONE',  ( -0.9200000000000012600, -8.100000000000001400, -7.175000000000000700 ) ) ;
#2531 = CARTESIAN_POINT ( 'NONE',  ( -0.9200000000000012600, -8.100000000000001400, -7.425000000000000700 ) ) ;
#2532 = CARTESIAN_POINT ( 'NONE',  ( -1.041207867750549900, -8.400000000000000400, -7.175000000000000700 ) ) ;
#2533 = CARTESIAN_POINT ( 'NONE',  ( -1.041207867750549900, -8.400000000000000400, -7.425000000000000700 ) ) ;
#2534 = CARTESIAN_POINT ( 'NONE',  ( -1.458792132249453900, -8.400000000000000400, -7.175000000000000700 ) ) ;
#2535 = CARTESIAN_POINT ( 'NONE',  ( -1.458792132249453900, -8.400000000000000400, -7.425000000000000700 ) ) ;
#2536 = CARTESIAN_POINT ( 'NONE',  ( -1.580000000000003200, -8.100000000000001400, -7.175000000000000700 ) ) ;
#2537 = CARTESIAN_POINT ( 'NONE',  ( -1.580000000000003200, -8.100000000000001400, -7.425000000000000700 ) ) ;
#2538 = CARTESIAN_POINT ( 'NONE',  ( 1.580000000000000500, -8.099999999999997900, -5.175000000000000700 ) ) ;
#2539 = CARTESIAN_POINT ( 'NONE',  ( 1.580000000000000500, -8.099999999999997900, -5.425000000000000700 ) ) ;
#2540 = CARTESIAN_POINT ( 'NONE',  ( 1.458792132249451300, -8.399999999999996800, -5.175000000000000700 ) ) ;
#2541 = CARTESIAN_POINT ( 'NONE',  ( 1.458792132249451300, -8.399999999999996800, -5.425000000000000700 ) ) ;
#2542 = CARTESIAN_POINT ( 'NONE',  ( 1.041207867750547200, -8.399999999999996800, -5.175000000000000700 ) ) ;
#2543 = CARTESIAN_POINT ( 'NONE',  ( 1.041207867750547200, -8.399999999999996800, -5.425000000000000700 ) ) ;
#2544 = CARTESIAN_POINT ( 'NONE',  ( 0.9199999999999983700, -8.099999999999997900, -5.175000000000000700 ) ) ;
#2545 = CARTESIAN_POINT ( 'NONE',  ( 0.9199999999999983700, -8.099999999999997900, -5.425000000000000700 ) ) ;
#2546 = CARTESIAN_POINT ( 'NONE',  ( -0.9200000000000040400, -8.099999999999997900, -5.175000000000000700 ) ) ;
#2547 = CARTESIAN_POINT ( 'NONE',  ( -0.9200000000000040400, -8.099999999999997900, -5.425000000000000700 ) ) ;
#2548 = CARTESIAN_POINT ( 'NONE',  ( -1.041207867750552700, -8.399999999999996800, -5.175000000000000700 ) ) ;
#2549 = CARTESIAN_POINT ( 'NONE',  ( -1.041207867750552700, -8.399999999999996800, -5.425000000000000700 ) ) ;
#2550 = CARTESIAN_POINT ( 'NONE',  ( -1.458792132249456800, -8.399999999999996800, -5.175000000000000700 ) ) ;
#2551 = CARTESIAN_POINT ( 'NONE',  ( -1.458792132249456800, -8.399999999999996800, -5.425000000000000700 ) ) ;
#2552 = CARTESIAN_POINT ( 'NONE',  ( -1.580000000000006100, -8.099999999999997900, -5.175000000000000700 ) ) ;
#2553 = CARTESIAN_POINT ( 'NONE',  ( -1.580000000000006100, -8.099999999999997900, -5.425000000000000700 ) ) ;
#2554 = CARTESIAN_POINT ( 'NONE',  ( -6.860357231012237400, -7.942230613493344500, -1.274999999999998800 ) ) ;
#2555 = DIRECTION ( 'NONE',  ( -0.0000000000000000000, -0.0000000000000000000, -1.000000000000000000 ) ) ;
#2556 = CARTESIAN_POINT ( 'NONE',  ( -6.382216177615586800, -8.542172252764530100, -1.755236252408390900 ) ) ;
#2557 = CARTESIAN_POINT ( 'NONE',  ( -6.328022547672452100, -8.610171047168760700, -1.765155382905148300 ) ) ;
#2558 = CARTESIAN_POINT ( 'NONE',  ( -6.276567550606277900, -8.674733575463028100, -1.788690572101152300 ) ) ;
#2559 = CARTESIAN_POINT ( 'NONE',  ( -6.229999999999960500, -8.733163640083358100, -1.824858966296978100 ) ) ;
#2560 = CARTESIAN_POINT ( 'NONE',  ( -6.229999999999960500, -8.733163640083358100, -2.675141033703019000 ) ) ;
#2561 = CARTESIAN_POINT ( 'NONE',  ( -6.276567550606277900, -8.674733575463028100, -2.711309427898844800 ) ) ;
#2562 = CARTESIAN_POINT ( 'NONE',  ( -6.328022547672452100, -8.610171047168760700, -2.734844617094848400 ) ) ;
#2563 = CARTESIAN_POINT ( 'NONE',  ( -6.382216177615586800, -8.542172252764530100, -2.744763747591606200 ) ) ;
#2564 = CARTESIAN_POINT ( 'NONE',  ( -6.751060753914814900, -8.079369031478124800, -2.812273849593857700 ) ) ;
#2565 = DIRECTION ( 'NONE',  ( -0.6192375065292294900, 0.7769806882847960500, -0.1133398453322883400 ) ) ;
#2566 = CARTESIAN_POINT ( 'NONE',  ( -7.050000000000006000, -7.400000000000000400, -1.588625127546413800 ) ) ;
#2567 = CARTESIAN_POINT ( 'NONE',  ( -7.050000000000006000, -7.598914145099092500, -1.617641162024315400 ) ) ;
#2568 = CARTESIAN_POINT ( 'NONE',  ( -6.984331183804863800, -7.786675812379800600, -1.645030360558845400 ) ) ;
#2569 = CARTESIAN_POINT ( 'NONE',  ( -6.860357231012237400, -7.942230613493344500, -1.667721474205214000 ) ) ;
#2570 = CARTESIAN_POINT ( 'NONE',  ( -6.860357231012237400, -7.942230613493344500, -2.832278525794783300 ) ) ;
#2571 = CARTESIAN_POINT ( 'NONE',  ( -6.984331183804863800, -7.786675812379800600, -2.854969639441151200 ) ) ;
#2572 = CARTESIAN_POINT ( 'NONE',  ( -7.050000000000006000, -7.598914145099092500, -2.882358837975681700 ) ) ;
#2573 = CARTESIAN_POINT ( 'NONE',  ( -7.050000000000006000, -7.400000000000000400, -2.911374872453583500 ) ) ;
#2574 = CARTESIAN_POINT ( 'NONE',  ( -6.349953508069091000, -6.513010403910136900, -3.040761953944758100 ) ) ;
#2575 = DIRECTION ( 'NONE',  ( 0.8937324356325525600, 0.4439024462726169900, -0.06475300526996037600 ) ) ;
#2576 = CARTESIAN_POINT ( 'NONE',  ( -6.237103378895915800, -6.456959569896600500, -1.451061790256830600 ) ) ;
#2577 = DIRECTION ( 'NONE',  ( -0.8937324356325525600, -0.4439024462726169900, -0.06475300526996033400 ) ) ;
#2578 = CARTESIAN_POINT ( 'NONE',  ( -7.430000000000007700, -8.542172252764530100, -2.744763747591606200 ) ) ;
#2579 = DIRECTION ( 'NONE',  ( 1.000000000000000000, -0.0000000000000000000, -0.0000000000000000000 ) ) ;
#2580 = CARTESIAN_POINT ( 'NONE',  ( -7.430000000000007700, -8.542172252764530100, -1.755236252408390900 ) ) ;
#2581 = DIRECTION ( 'NONE',  ( 1.000000000000000000, -0.0000000000000000000, -0.0000000000000000000 ) ) ;
#2582 = CARTESIAN_POINT ( 'NONE',  ( -7.430000000000007700, -8.542172252764530100, -2.744763747591606200 ) ) ;
#2583 = DIRECTION ( 'NONE',  ( 1.000000000000000000, -0.0000000000000000000, -0.0000000000000000000 ) ) ;
#2584 = CARTESIAN_POINT ( 'NONE',  ( -7.430000000000007700, -8.542172252764530100, -1.755236252408390900 ) ) ;
#2585 = DIRECTION ( 'NONE',  ( 1.000000000000000000, -0.0000000000000000000, -0.0000000000000000000 ) ) ;
#2586 = CARTESIAN_POINT ( 'NONE',  ( 1.580000000000003200, -8.100000000000001400, -7.425000000000000700 ) ) ;
#2587 = DIRECTION ( 'NONE',  ( -0.0000000000000000000, -0.0000000000000000000, 1.000000000000000000 ) ) ;
#2588 = CARTESIAN_POINT ( 'NONE',  ( 1.580000000000003200, -5.249999999999999100, -7.175000000000000700 ) ) ;
#2589 = DIRECTION ( 'NONE',  ( 0.0000000000000000000, -1.000000000000000000, 0.0000000000000000000 ) ) ;
#2590 = CARTESIAN_POINT ( 'NONE',  ( 1.580000000000003200, -5.249999999999999100, -7.425000000000000700 ) ) ;
#2591 = DIRECTION ( 'NONE',  ( 0.0000000000000000000, -1.000000000000000000, 0.0000000000000000000 ) ) ;
#2592 = CARTESIAN_POINT ( 'NONE',  ( 1.458792132249453900, -8.400000000000000400, -7.425000000000000700 ) ) ;
#2593 = DIRECTION ( 'NONE',  ( -0.0000000000000000000, -0.0000000000000000000, 1.000000000000000000 ) ) ;
#2594 = CARTESIAN_POINT ( 'NONE',  ( 1.580000000000003200, -8.100000000000001400, -7.175000000000000700 ) ) ;
#2595 = DIRECTION ( 'NONE',  ( -0.3746065934159199500, -0.9271838545667840900, 0.0000000000000000000 ) ) ;
#2596 = CARTESIAN_POINT ( 'NONE',  ( 1.580000000000003200, -8.100000000000001400, -7.425000000000000700 ) ) ;
#2597 = DIRECTION ( 'NONE',  ( -0.3746065934159199500, -0.9271838545667840900, 0.0000000000000000000 ) ) ;
#2598 = CARTESIAN_POINT ( 'NONE',  ( 1.041207867750549900, -8.400000000000000400, -7.425000000000000700 ) ) ;
#2599 = DIRECTION ( 'NONE',  ( -0.0000000000000000000, -0.0000000000000000000, 1.000000000000000000 ) ) ;
#2600 = CARTESIAN_POINT ( 'NONE',  ( 1.458792132249453900, -8.400000000000000400, -7.175000000000000700 ) ) ;
#2601 = DIRECTION ( 'NONE',  ( -1.000000000000000000, 0.0000000000000000000, 0.0000000000000000000 ) ) ;
#2602 = CARTESIAN_POINT ( 'NONE',  ( 1.458792132249453900, -8.400000000000000400, -7.425000000000000700 ) ) ;
#2603 = DIRECTION ( 'NONE',  ( -1.000000000000000000, 0.0000000000000000000, 0.0000000000000000000 ) ) ;
#2604 = CARTESIAN_POINT ( 'NONE',  ( 0.9200000000000012600, -8.100000000000001400, -7.425000000000000700 ) ) ;
#2605 = DIRECTION ( 'NONE',  ( -0.0000000000000000000, -0.0000000000000000000, 1.000000000000000000 ) ) ;
#2606 = CARTESIAN_POINT ( 'NONE',  ( 0.9200000000000012600, -8.100000000000001400, -7.175000000000000700 ) ) ;
#2607 = DIRECTION ( 'NONE',  ( -0.3746065934159184500, 0.9271838545667848700, -0.0000000000000000000 ) ) ;
#2608 = CARTESIAN_POINT ( 'NONE',  ( 0.9200000000000012600, -8.100000000000001400, -7.425000000000000700 ) ) ;
#2609 = DIRECTION ( 'NONE',  ( -0.3746065934159184500, 0.9271838545667848700, -0.0000000000000000000 ) ) ;
#2610 = CARTESIAN_POINT ( 'NONE',  ( 0.9200000000000012600, -5.249999999999999100, -7.175000000000000700 ) ) ;
#2611 = DIRECTION ( 'NONE',  ( -0.0000000000000000000, 1.000000000000000000, -0.0000000000000000000 ) ) ;
#2612 = CARTESIAN_POINT ( 'NONE',  ( 0.9200000000000012600, -5.249999999999999100, -7.425000000000000700 ) ) ;
#2613 = DIRECTION ( 'NONE',  ( -0.0000000000000000000, 1.000000000000000000, -0.0000000000000000000 ) ) ;
#2614 = CARTESIAN_POINT ( 'NONE',  ( -0.9200000000000012600, -8.100000000000001400, -7.425000000000000700 ) ) ;
#2615 = DIRECTION ( 'NONE',  ( -0.0000000000000000000, -0.0000000000000000000, 1.000000000000000000 ) ) ;
#2616 = CARTESIAN_POINT ( 'NONE',  ( -0.9200000000000012600, -5.249999999999999100, -7.175000000000000700 ) ) ;
#2617 = DIRECTION ( 'NONE',  ( 0.0000000000000000000, -1.000000000000000000, 0.0000000000000000000 ) ) ;
#2618 = CARTESIAN_POINT ( 'NONE',  ( -0.9200000000000012600, -5.249999999999999100, -7.425000000000000700 ) ) ;
#2619 = DIRECTION ( 'NONE',  ( 0.0000000000000000000, -1.000000000000000000, 0.0000000000000000000 ) ) ;
#2620 = CARTESIAN_POINT ( 'NONE',  ( -1.041207867750549900, -8.400000000000000400, -7.425000000000000700 ) ) ;
#2621 = DIRECTION ( 'NONE',  ( -0.0000000000000000000, -0.0000000000000000000, 1.000000000000000000 ) ) ;
#2622 = CARTESIAN_POINT ( 'NONE',  ( -0.9200000000000012600, -8.100000000000001400, -7.175000000000000700 ) ) ;
#2623 = DIRECTION ( 'NONE',  ( -0.3746065934159184500, -0.9271838545667848700, 0.0000000000000000000 ) ) ;
#2624 = CARTESIAN_POINT ( 'NONE',  ( -0.9200000000000012600, -8.100000000000001400, -7.425000000000000700 ) ) ;
#2625 = DIRECTION ( 'NONE',  ( -0.3746065934159184500, -0.9271838545667848700, 0.0000000000000000000 ) ) ;
#2626 = CARTESIAN_POINT ( 'NONE',  ( -1.458792132249453900, -8.400000000000000400, -7.425000000000000700 ) ) ;
#2627 = DIRECTION ( 'NONE',  ( -0.0000000000000000000, -0.0000000000000000000, 1.000000000000000000 ) ) ;
#2628 = CARTESIAN_POINT ( 'NONE',  ( -1.458792132249453900, -8.400000000000000400, -7.175000000000000700 ) ) ;
#2629 = DIRECTION ( 'NONE',  ( -1.000000000000000000, -0.0000000000000000000, -0.0000000000000000000 ) ) ;
#2630 = CARTESIAN_POINT ( 'NONE',  ( -1.458792132249453900, -8.400000000000000400, -7.425000000000000700 ) ) ;
#2631 = DIRECTION ( 'NONE',  ( -1.000000000000000000, -0.0000000000000000000, -0.0000000000000000000 ) ) ;
#2632 = CARTESIAN_POINT ( 'NONE',  ( -1.580000000000003200, -8.100000000000001400, -7.425000000000000700 ) ) ;
#2633 = DIRECTION ( 'NONE',  ( -0.0000000000000000000, -0.0000000000000000000, 1.000000000000000000 ) ) ;
#2634 = CARTESIAN_POINT ( 'NONE',  ( -1.580000000000003200, -8.100000000000001400, -7.175000000000000700 ) ) ;
#2635 = DIRECTION ( 'NONE',  ( -0.3746065934159199500, 0.9271838545667840900, -0.0000000000000000000 ) ) ;
#2636 = CARTESIAN_POINT ( 'NONE',  ( -1.580000000000003200, -8.100000000000001400, -7.425000000000000700 ) ) ;
#2637 = DIRECTION ( 'NONE',  ( -0.3746065934159199500, 0.9271838545667840900, -0.0000000000000000000 ) ) ;
#2638 = CARTESIAN_POINT ( 'NONE',  ( -1.580000000000003200, -5.249999999999999100, -7.175000000000000700 ) ) ;
#2639 = DIRECTION ( 'NONE',  ( -0.0000000000000000000, 1.000000000000000000, -0.0000000000000000000 ) ) ;
#2640 = CARTESIAN_POINT ( 'NONE',  ( -1.580000000000003200, -5.249999999999999100, -7.425000000000000700 ) ) ;
#2641 = DIRECTION ( 'NONE',  ( -0.0000000000000000000, 1.000000000000000000, -0.0000000000000000000 ) ) ;
#2642 = VECTOR ( 'NONE', #2631, 1000.000000000000000 ) ;
#2643 = VECTOR ( 'NONE', #2633, 1000.000000000000000 ) ;
#2644 = VECTOR ( 'NONE', #2635, 1000.000000000000100 ) ;
#2645 = VECTOR ( 'NONE', #2637, 1000.000000000000100 ) ;
#2646 = VECTOR ( 'NONE', #2639, 1000.000000000000000 ) ;
#2647 = VECTOR ( 'NONE', #2641, 1000.000000000000000 ) ;
#2648 = VECTOR ( 'NONE', #2709, 1000.000000000000000 ) ;
#2649 = VECTOR ( 'NONE', #2711, 1000.000000000000000 ) ;
#2650 = VECTOR ( 'NONE', #2713, 1000.000000000000000 ) ;
#2651 = VECTOR ( 'NONE', #2715, 1000.000000000000000 ) ;
#2652 = VECTOR ( 'NONE', #2717, 1000.000000000000100 ) ;
#2653 = VECTOR ( 'NONE', #2719, 1000.000000000000100 ) ;
#2654 = VECTOR ( 'NONE', #2721, 1000.000000000000000 ) ;
#2655 = VECTOR ( 'NONE', #2723, 1000.000000000000000 ) ;
#2656 = VECTOR ( 'NONE', #2725, 1000.000000000000000 ) ;
#2657 = VECTOR ( 'NONE', #2727, 1000.000000000000000 ) ;
#2658 = VECTOR ( 'NONE', #2729, 1000.000000000000100 ) ;
#2659 = VECTOR ( 'NONE', #2731, 1000.000000000000100 ) ;
#2660 = VECTOR ( 'NONE', #2733, 1000.000000000000000 ) ;
#2661 = VECTOR ( 'NONE', #2735, 1000.000000000000000 ) ;
#2662 = VECTOR ( 'NONE', #2737, 1000.000000000000000 ) ;
#2663 = VECTOR ( 'NONE', #2739, 1000.000000000000000 ) ;
#2664 = VECTOR ( 'NONE', #2741, 1000.000000000000000 ) ;
#2665 = VECTOR ( 'NONE', #2743, 1000.000000000000000 ) ;
#2666 = VECTOR ( 'NONE', #2745, 1000.000000000000100 ) ;
#2667 = VECTOR ( 'NONE', #2747, 1000.000000000000100 ) ;
#2668 = VECTOR ( 'NONE', #2749, 1000.000000000000000 ) ;
#2669 = VECTOR ( 'NONE', #2751, 1000.000000000000000 ) ;
#2670 = VECTOR ( 'NONE', #2753, 1000.000000000000000 ) ;
#2671 = PRESENTATION_LAYER_ASSIGNMENT (  '', '', ( #2291 ) ) ;
#2672 = VECTOR ( 'NONE', #2755, 1000.000000000000000 ) ;
#2673 = VECTOR ( 'NONE', #2757, 1000.000000000000100 ) ;
#2674 = VECTOR ( 'NONE', #2759, 1000.000000000000100 ) ;
#2675 = VECTOR ( 'NONE', #2761, 1000.000000000000000 ) ;
#2676 = AXIS2_PLACEMENT_3D ( 'NONE', #2772, #2773, #2774 ) ;
#2677 = VECTOR ( 'NONE', #2763, 1000.000000000000000 ) ;
#2678 = MECHANICAL_DESIGN_GEOMETRIC_PRESENTATION_REPRESENTATION (  '', ( #2291 ), #5001 ) ;
#2679 = AXIS2_PLACEMENT_3D ( 'NONE', #2893, #2894, #2895 ) ;
#2680 = PRESENTATION_LAYER_ASSIGNMENT (  '', '', ( #2334 ) ) ;
#2681 = AXIS2_PLACEMENT_3D ( 'NONE', #2783, #2784, #2785 ) ;
#2682 = PRESENTATION_LAYER_ASSIGNMENT (  '', '', ( #2294 ) ) ;
#2683 = MECHANICAL_DESIGN_GEOMETRIC_PRESENTATION_REPRESENTATION (  '', ( #2294 ), #5002 ) ;
#2684 = AXIS2_PLACEMENT_3D ( 'NONE', #2794, #2795, #2796 ) ;
#2685 = PRESENTATION_LAYER_ASSIGNMENT (  '', '', ( #2298 ) ) ;
#2686 = MECHANICAL_DESIGN_GEOMETRIC_PRESENTATION_REPRESENTATION (  '', ( #2298 ), #5004 ) ;
#2687 = AXIS2_PLACEMENT_3D ( 'NONE', #2805, #2806, #2807 ) ;
#2688 = PRESENTATION_LAYER_ASSIGNMENT (  '', '', ( #2302 ) ) ;
#2689 = MECHANICAL_DESIGN_GEOMETRIC_PRESENTATION_REPRESENTATION (  '', ( #2302 ), #5006 ) ;
#2690 = AXIS2_PLACEMENT_3D ( 'NONE', #2816, #2817, #2818 ) ;
#2691 = PRESENTATION_LAYER_ASSIGNMENT (  '', '', ( #2306 ) ) ;
#2692 = MECHANICAL_DESIGN_GEOMETRIC_PRESENTATION_REPRESENTATION (  '', ( #2306 ), #5008 ) ;
#2693 = AXIS2_PLACEMENT_3D ( 'NONE', #2827, #2828, #2829 ) ;
#2694 = PRESENTATION_LAYER_ASSIGNMENT (  '', '', ( #2310 ) ) ;
#2695 = MECHANICAL_DESIGN_GEOMETRIC_PRESENTATION_REPRESENTATION (  '', ( #2310 ), #5010 ) ;
#2696 = AXIS2_PLACEMENT_3D ( 'NONE', #2838, #2839, #2840 ) ;
#2697 = PRESENTATION_LAYER_ASSIGNMENT (  '', '', ( #2314 ) ) ;
#2698 = MECHANICAL_DESIGN_GEOMETRIC_PRESENTATION_REPRESENTATION (  '', ( #2314 ), #5012 ) ;
#2699 = AXIS2_PLACEMENT_3D ( 'NONE', #2849, #2850, #2851 ) ;
#2700 = PRESENTATION_LAYER_ASSIGNMENT (  '', '', ( #2318 ) ) ;
#2701 = MECHANICAL_DESIGN_GEOMETRIC_PRESENTATION_REPRESENTATION (  '', ( #2318 ), #5014 ) ;
#2702 = AXIS2_PLACEMENT_3D ( 'NONE', #2860, #2861, #2862 ) ;
#2703 = PRESENTATION_LAYER_ASSIGNMENT (  '', '', ( #2322 ) ) ;
#2704 = MECHANICAL_DESIGN_GEOMETRIC_PRESENTATION_REPRESENTATION (  '', ( #2322 ), #5016 ) ;
#2705 = AXIS2_PLACEMENT_3D ( 'NONE', #2871, #2872, #2873 ) ;
#2706 = PRESENTATION_LAYER_ASSIGNMENT (  '', '', ( #2326 ) ) ;
#2707 = MECHANICAL_DESIGN_GEOMETRIC_PRESENTATION_REPRESENTATION (  '', ( #2326 ), #5018 ) ;
#2708 = CARTESIAN_POINT ( 'NONE',  ( 1.580000000000000500, -8.099999999999997900, -5.425000000000000700 ) ) ;
#2709 = DIRECTION ( 'NONE',  ( -0.0000000000000000000, -0.0000000000000000000, 1.000000000000000000 ) ) ;
#2710 = CARTESIAN_POINT ( 'NONE',  ( 1.580000000000000500, -5.249999999999995600, -5.175000000000000700 ) ) ;
#2711 = DIRECTION ( 'NONE',  ( 0.0000000000000000000, -1.000000000000000000, 0.0000000000000000000 ) ) ;
#2712 = CARTESIAN_POINT ( 'NONE',  ( 1.580000000000000500, -5.249999999999995600, -5.425000000000000700 ) ) ;
#2713 = DIRECTION ( 'NONE',  ( 0.0000000000000000000, -1.000000000000000000, 0.0000000000000000000 ) ) ;
#2714 = CARTESIAN_POINT ( 'NONE',  ( 1.458792132249451300, -8.399999999999996800, -5.425000000000000700 ) ) ;
#2715 = DIRECTION ( 'NONE',  ( -0.0000000000000000000, -0.0000000000000000000, 1.000000000000000000 ) ) ;
#2716 = CARTESIAN_POINT ( 'NONE',  ( 1.580000000000000500, -8.099999999999997900, -5.175000000000000700 ) ) ;
#2717 = DIRECTION ( 'NONE',  ( -0.3746065934159199500, -0.9271838545667840900, 0.0000000000000000000 ) ) ;
#2718 = CARTESIAN_POINT ( 'NONE',  ( 1.580000000000000500, -8.099999999999997900, -5.425000000000000700 ) ) ;
#2719 = DIRECTION ( 'NONE',  ( -0.3746065934159199500, -0.9271838545667840900, 0.0000000000000000000 ) ) ;
#2720 = CARTESIAN_POINT ( 'NONE',  ( 1.041207867750547200, -8.399999999999996800, -5.425000000000000700 ) ) ;
#2721 = DIRECTION ( 'NONE',  ( -0.0000000000000000000, -0.0000000000000000000, 1.000000000000000000 ) ) ;
#2722 = CARTESIAN_POINT ( 'NONE',  ( 1.458792132249451300, -8.399999999999996800, -5.175000000000000700 ) ) ;
#2723 = DIRECTION ( 'NONE',  ( -1.000000000000000000, 0.0000000000000000000, 0.0000000000000000000 ) ) ;
#2724 = CARTESIAN_POINT ( 'NONE',  ( 1.458792132249451300, -8.399999999999996800, -5.425000000000000700 ) ) ;
#2725 = DIRECTION ( 'NONE',  ( -1.000000000000000000, 0.0000000000000000000, 0.0000000000000000000 ) ) ;
#2726 = CARTESIAN_POINT ( 'NONE',  ( 0.9199999999999983700, -8.099999999999997900, -5.425000000000000700 ) ) ;
#2727 = DIRECTION ( 'NONE',  ( -0.0000000000000000000, -0.0000000000000000000, 1.000000000000000000 ) ) ;
#2728 = CARTESIAN_POINT ( 'NONE',  ( 0.9199999999999983700, -8.099999999999997900, -5.175000000000000700 ) ) ;
#2729 = DIRECTION ( 'NONE',  ( -0.3746065934159184500, 0.9271838545667848700, -0.0000000000000000000 ) ) ;
#2730 = CARTESIAN_POINT ( 'NONE',  ( 0.9199999999999983700, -8.099999999999997900, -5.425000000000000700 ) ) ;
#2731 = DIRECTION ( 'NONE',  ( -0.3746065934159184500, 0.9271838545667848700, -0.0000000000000000000 ) ) ;
#2732 = CARTESIAN_POINT ( 'NONE',  ( 0.9199999999999983700, -5.249999999999995600, -5.175000000000000700 ) ) ;
#2733 = DIRECTION ( 'NONE',  ( -0.0000000000000000000, 1.000000000000000000, -0.0000000000000000000 ) ) ;
#2734 = CARTESIAN_POINT ( 'NONE',  ( 0.9199999999999983700, -5.249999999999995600, -5.425000000000000700 ) ) ;
#2735 = DIRECTION ( 'NONE',  ( -0.0000000000000000000, 1.000000000000000000, -0.0000000000000000000 ) ) ;
#2736 = CARTESIAN_POINT ( 'NONE',  ( -0.9200000000000040400, -8.099999999999997900, -5.425000000000000700 ) ) ;
#2737 = DIRECTION ( 'NONE',  ( -0.0000000000000000000, -0.0000000000000000000, 1.000000000000000000 ) ) ;
#2738 = CARTESIAN_POINT ( 'NONE',  ( -0.9200000000000040400, -5.249999999999995600, -5.175000000000000700 ) ) ;
#2739 = DIRECTION ( 'NONE',  ( 0.0000000000000000000, -1.000000000000000000, 0.0000000000000000000 ) ) ;
#2740 = CARTESIAN_POINT ( 'NONE',  ( -0.9200000000000040400, -5.249999999999995600, -5.425000000000000700 ) ) ;
#2741 = DIRECTION ( 'NONE',  ( 0.0000000000000000000, -1.000000000000000000, 0.0000000000000000000 ) ) ;
#2742 = CARTESIAN_POINT ( 'NONE',  ( -1.041207867750552700, -8.399999999999996800, -5.425000000000000700 ) ) ;
#2743 = DIRECTION ( 'NONE',  ( -0.0000000000000000000, -0.0000000000000000000, 1.000000000000000000 ) ) ;
#2744 = CARTESIAN_POINT ( 'NONE',  ( -0.9200000000000040400, -8.099999999999997900, -5.175000000000000700 ) ) ;
#2745 = DIRECTION ( 'NONE',  ( -0.3746065934159184500, -0.9271838545667848700, 0.0000000000000000000 ) ) ;
#2746 = CARTESIAN_POINT ( 'NONE',  ( -0.9200000000000040400, -8.099999999999997900, -5.425000000000000700 ) ) ;
#2747 = DIRECTION ( 'NONE',  ( -0.3746065934159184500, -0.9271838545667848700, 0.0000000000000000000 ) ) ;
#2748 = CARTESIAN_POINT ( 'NONE',  ( -1.458792132249456800, -8.399999999999996800, -5.425000000000000700 ) ) ;
#2749 = DIRECTION ( 'NONE',  ( -0.0000000000000000000, -0.0000000000000000000, 1.000000000000000000 ) ) ;
#2750 = CARTESIAN_POINT ( 'NONE',  ( -1.458792132249456800, -8.399999999999996800, -5.175000000000000700 ) ) ;
#2751 = DIRECTION ( 'NONE',  ( -1.000000000000000000, -0.0000000000000000000, -0.0000000000000000000 ) ) ;
#2752 = CARTESIAN_POINT ( 'NONE',  ( -1.458792132249456800, -8.399999999999996800, -5.425000000000000700 ) ) ;
#2753 = DIRECTION ( 'NONE',  ( -1.000000000000000000, -0.0000000000000000000, -0.0000000000000000000 ) ) ;
#2754 = CARTESIAN_POINT ( 'NONE',  ( -1.580000000000006100, -8.099999999999997900, -5.425000000000000700 ) ) ;
#2755 = DIRECTION ( 'NONE',  ( -0.0000000000000000000, -0.0000000000000000000, 1.000000000000000000 ) ) ;
#2756 = CARTESIAN_POINT ( 'NONE',  ( -1.580000000000006100, -8.099999999999997900, -5.175000000000000700 ) ) ;
#2757 = DIRECTION ( 'NONE',  ( -0.3746065934159199500, 0.9271838545667840900, -0.0000000000000000000 ) ) ;
#2758 = CARTESIAN_POINT ( 'NONE',  ( -1.580000000000006100, -8.099999999999997900, -5.425000000000000700 ) ) ;
#2759 = DIRECTION ( 'NONE',  ( -0.3746065934159199500, 0.9271838545667840900, -0.0000000000000000000 ) ) ;
#2760 = CARTESIAN_POINT ( 'NONE',  ( -1.580000000000006100, -5.249999999999995600, -5.175000000000000700 ) ) ;
#2761 = DIRECTION ( 'NONE',  ( -0.0000000000000000000, 1.000000000000000000, -0.0000000000000000000 ) ) ;
#2762 = CARTESIAN_POINT ( 'NONE',  ( -1.580000000000006100, -5.249999999999995600, -5.425000000000000700 ) ) ;
#2763 = DIRECTION ( 'NONE',  ( -0.0000000000000000000, 1.000000000000000000, -0.0000000000000000000 ) ) ;
#2764 = FILL_AREA_STYLE_COLOUR ( '', #5000 ) ;
#2765 = FILL_AREA_STYLE ('',( #2764 ) ) ;
#2766 = SURFACE_SIDE_STYLE ('',( #2289 ) ) ;
#2767 = SURFACE_STYLE_USAGE ( .BOTH. , #2766 ) ;
#2768 =( LENGTH_UNIT ( ) NAMED_UNIT ( * ) SI_UNIT ( .MILLI., .METRE. ) );
#2769 =( NAMED_UNIT ( * ) PLANE_ANGLE_UNIT ( ) SI_UNIT ( $, .RADIAN. ) );
#2770 =( NAMED_UNIT ( * ) SI_UNIT ( $, .STERADIAN. ) SOLID_ANGLE_UNIT ( ) );
#2771 = PLANE ( 'NONE',  #2676 ) ;
#2772 = CARTESIAN_POINT ( 'NONE',  ( 1.580000000000003200, -8.100000000000001400, -7.425000000000000700 ) ) ;
#2773 = DIRECTION ( 'NONE',  ( -0.9271838545667842000, 0.3746065934159200100, 0.0000000000000000000 ) ) ;
#2774 = DIRECTION ( 'NONE',  ( -0.3746065934159199500, -0.9271838545667840900, 0.0000000000000000000 ) ) ;
#2775 = FILL_AREA_STYLE_COLOUR ( '', #5003 ) ;
#2776 = FILL_AREA_STYLE ('',( #2775 ) ) ;
#2777 = SURFACE_SIDE_STYLE ('',( #2292 ) ) ;
#2778 = SURFACE_STYLE_USAGE ( .BOTH. , #2777 ) ;
#2779 =( LENGTH_UNIT ( ) NAMED_UNIT ( * ) SI_UNIT ( .MILLI., .METRE. ) );
#2780 =( NAMED_UNIT ( * ) PLANE_ANGLE_UNIT ( ) SI_UNIT ( $, .RADIAN. ) );
#2781 =( NAMED_UNIT ( * ) SI_UNIT ( $, .STERADIAN. ) SOLID_ANGLE_UNIT ( ) );
#2782 = PLANE ( 'NONE',  #2681 ) ;
#2783 = CARTESIAN_POINT ( 'NONE',  ( 1.458792132249453900, -8.400000000000000400, -7.425000000000000700 ) ) ;
#2784 = DIRECTION ( 'NONE',  ( 0.0000000000000000000, 1.000000000000000000, 0.0000000000000000000 ) ) ;
#2785 = DIRECTION ( 'NONE',  ( 0.0000000000000000000, -0.0000000000000000000, 1.000000000000000000 ) ) ;
#2786 = FILL_AREA_STYLE_COLOUR ( '', #5005 ) ;
#2787 = FILL_AREA_STYLE ('',( #2786 ) ) ;
#2788 = SURFACE_SIDE_STYLE ('',( #2296 ) ) ;
#2789 = SURFACE_STYLE_USAGE ( .BOTH. , #2788 ) ;
#2790 =( LENGTH_UNIT ( ) NAMED_UNIT ( * ) SI_UNIT ( .MILLI., .METRE. ) );
#2791 =( NAMED_UNIT ( * ) PLANE_ANGLE_UNIT ( ) SI_UNIT ( $, .RADIAN. ) );
#2792 =( NAMED_UNIT ( * ) SI_UNIT ( $, .STERADIAN. ) SOLID_ANGLE_UNIT ( ) );
#2793 = PLANE ( 'NONE',  #2684 ) ;
#2794 = CARTESIAN_POINT ( 'NONE',  ( 0.9200000000000012600, -8.100000000000001400, -7.425000000000000700 ) ) ;
#2795 = DIRECTION ( 'NONE',  ( 0.9271838545667848700, 0.3746065934159184500, 0.0000000000000000000 ) ) ;
#2796 = DIRECTION ( 'NONE',  ( -0.3746065934159184500, 0.9271838545667848700, 0.0000000000000000000 ) ) ;
#2797 = FILL_AREA_STYLE_COLOUR ( '', #5007 ) ;
#2798 = FILL_AREA_STYLE ('',( #2797 ) ) ;
#2799 = SURFACE_SIDE_STYLE ('',( #2300 ) ) ;
#2800 = SURFACE_STYLE_USAGE ( .BOTH. , #2799 ) ;
#2801 =( LENGTH_UNIT ( ) NAMED_UNIT ( * ) SI_UNIT ( .MILLI., .METRE. ) );
#2802 =( NAMED_UNIT ( * ) PLANE_ANGLE_UNIT ( ) SI_UNIT ( $, .RADIAN. ) );
#2803 =( NAMED_UNIT ( * ) SI_UNIT ( $, .STERADIAN. ) SOLID_ANGLE_UNIT ( ) );
#2804 = PLANE ( 'NONE',  #2687 ) ;
#2805 = CARTESIAN_POINT ( 'NONE',  ( 0.9200000000000012600, -5.249999999999999100, -7.425000000000000700 ) ) ;
#2806 = DIRECTION ( 'NONE',  ( 1.000000000000000000, 0.0000000000000000000, 0.0000000000000000000 ) ) ;
#2807 = DIRECTION ( 'NONE',  ( 0.0000000000000000000, 0.0000000000000000000, -1.000000000000000000 ) ) ;
#2808 = FILL_AREA_STYLE_COLOUR ( '', #5009 ) ;
#2809 = FILL_AREA_STYLE ('',( #2808 ) ) ;
#2810 = SURFACE_SIDE_STYLE ('',( #2304 ) ) ;
#2811 = SURFACE_STYLE_USAGE ( .BOTH. , #2810 ) ;
#2812 =( LENGTH_UNIT ( ) NAMED_UNIT ( * ) SI_UNIT ( .MILLI., .METRE. ) );
#2813 =( NAMED_UNIT ( * ) PLANE_ANGLE_UNIT ( ) SI_UNIT ( $, .RADIAN. ) );
#2814 =( NAMED_UNIT ( * ) SI_UNIT ( $, .STERADIAN. ) SOLID_ANGLE_UNIT ( ) );
#2815 = PLANE ( 'NONE',  #2690 ) ;
#2816 = CARTESIAN_POINT ( 'NONE',  ( 1.580000000000003200, -8.400000000000000400, -7.425000000000000700 ) ) ;
#2817 = DIRECTION ( 'NONE',  ( -0.0000000000000000000, 0.0000000000000000000, -1.000000000000000000 ) ) ;
#2818 = DIRECTION ( 'NONE',  ( -1.000000000000000000, 0.0000000000000000000, 0.0000000000000000000 ) ) ;
#2819 = FILL_AREA_STYLE_COLOUR ( '', #5011 ) ;
#2820 = FILL_AREA_STYLE ('',( #2819 ) ) ;
#2821 = SURFACE_SIDE_STYLE ('',( #2308 ) ) ;
#2822 = SURFACE_STYLE_USAGE ( .BOTH. , #2821 ) ;
#2823 =( LENGTH_UNIT ( ) NAMED_UNIT ( * ) SI_UNIT ( .MILLI., .METRE. ) );
#2824 =( NAMED_UNIT ( * ) PLANE_ANGLE_UNIT ( ) SI_UNIT ( $, .RADIAN. ) );
#2825 =( NAMED_UNIT ( * ) SI_UNIT ( $, .STERADIAN. ) SOLID_ANGLE_UNIT ( ) );
#2826 = PLANE ( 'NONE',  #2693 ) ;
#2827 = CARTESIAN_POINT ( 'NONE',  ( 1.580000000000003200, -8.400000000000000400, -7.175000000000000700 ) ) ;
#2828 = DIRECTION ( 'NONE',  ( -0.0000000000000000000, 0.0000000000000000000, -1.000000000000000000 ) ) ;
#2829 = DIRECTION ( 'NONE',  ( -1.000000000000000000, 0.0000000000000000000, 0.0000000000000000000 ) ) ;
#2830 = FILL_AREA_STYLE_COLOUR ( '', #5013 ) ;
#2831 = FILL_AREA_STYLE ('',( #2830 ) ) ;
#2832 = SURFACE_SIDE_STYLE ('',( #2312 ) ) ;
#2833 = SURFACE_STYLE_USAGE ( .BOTH. , #2832 ) ;
#2834 =( LENGTH_UNIT ( ) NAMED_UNIT ( * ) SI_UNIT ( .MILLI., .METRE. ) );
#2835 =( NAMED_UNIT ( * ) PLANE_ANGLE_UNIT ( ) SI_UNIT ( $, .RADIAN. ) );
#2836 =( NAMED_UNIT ( * ) SI_UNIT ( $, .STERADIAN. ) SOLID_ANGLE_UNIT ( ) );
#2837 = PLANE ( 'NONE',  #2696 ) ;
#2838 = CARTESIAN_POINT ( 'NONE',  ( -0.9200000000000012600, -5.249999999999999100, -7.425000000000000700 ) ) ;
#2839 = DIRECTION ( 'NONE',  ( -1.000000000000000000, 0.0000000000000000000, -0.0000000000000000000 ) ) ;
#2840 = DIRECTION ( 'NONE',  ( -0.0000000000000000000, 0.0000000000000000000, 1.000000000000000000 ) ) ;
#2841 = FILL_AREA_STYLE_COLOUR ( '', #5015 ) ;
#2842 = FILL_AREA_STYLE ('',( #2841 ) ) ;
#2843 = SURFACE_SIDE_STYLE ('',( #2316 ) ) ;
#2844 = SURFACE_STYLE_USAGE ( .BOTH. , #2843 ) ;
#2845 =( LENGTH_UNIT ( ) NAMED_UNIT ( * ) SI_UNIT ( .MILLI., .METRE. ) );
#2846 =( NAMED_UNIT ( * ) PLANE_ANGLE_UNIT ( ) SI_UNIT ( $, .RADIAN. ) );
#2847 =( NAMED_UNIT ( * ) SI_UNIT ( $, .STERADIAN. ) SOLID_ANGLE_UNIT ( ) );
#2848 = PLANE ( 'NONE',  #2699 ) ;
#2849 = CARTESIAN_POINT ( 'NONE',  ( -0.9200000000000012600, -8.100000000000001400, -7.425000000000000700 ) ) ;
#2850 = DIRECTION ( 'NONE',  ( -0.9271838545667848700, 0.3746065934159184500, 0.0000000000000000000 ) ) ;
#2851 = DIRECTION ( 'NONE',  ( -0.3746065934159184500, -0.9271838545667848700, 0.0000000000000000000 ) ) ;
#2852 = FILL_AREA_STYLE_COLOUR ( '', #5017 ) ;
#2853 = FILL_AREA_STYLE ('',( #2852 ) ) ;
#2854 = SURFACE_SIDE_STYLE ('',( #2320 ) ) ;
#2855 = SURFACE_STYLE_USAGE ( .BOTH. , #2854 ) ;
#2856 =( LENGTH_UNIT ( ) NAMED_UNIT ( * ) SI_UNIT ( .MILLI., .METRE. ) );
#2857 =( NAMED_UNIT ( * ) PLANE_ANGLE_UNIT ( ) SI_UNIT ( $, .RADIAN. ) );
#2858 =( NAMED_UNIT ( * ) SI_UNIT ( $, .STERADIAN. ) SOLID_ANGLE_UNIT ( ) );
#2859 = PLANE ( 'NONE',  #2702 ) ;
#2860 = CARTESIAN_POINT ( 'NONE',  ( -1.458792132249453900, -8.400000000000000400, -7.425000000000000700 ) ) ;
#2861 = DIRECTION ( 'NONE',  ( -0.0000000000000000000, 1.000000000000000000, 0.0000000000000000000 ) ) ;
#2862 = DIRECTION ( 'NONE',  ( 0.0000000000000000000, -0.0000000000000000000, 1.000000000000000000 ) ) ;
#2863 = FILL_AREA_STYLE_COLOUR ( '', #5019 ) ;
#2864 = FILL_AREA_STYLE ('',( #2863 ) ) ;
#2865 = SURFACE_SIDE_STYLE ('',( #2324 ) ) ;
#2866 = SURFACE_STYLE_USAGE ( .BOTH. , #2865 ) ;
#2867 =( LENGTH_UNIT ( ) NAMED_UNIT ( * ) SI_UNIT ( .MILLI., .METRE. ) );
#2868 =( NAMED_UNIT ( * ) PLANE_ANGLE_UNIT ( ) SI_UNIT ( $, .RADIAN. ) );
#2869 =( NAMED_UNIT ( * ) SI_UNIT ( $, .STERADIAN. ) SOLID_ANGLE_UNIT ( ) );
#2870 = PLANE ( 'NONE',  #2705 ) ;
#2871 = CARTESIAN_POINT ( 'NONE',  ( -1.580000000000003200, -8.100000000000001400, -7.425000000000000700 ) ) ;
#2872 = DIRECTION ( 'NONE',  ( 0.9271838545667842000, 0.3746065934159200100, 0.0000000000000000000 ) ) ;
#2873 = DIRECTION ( 'NONE',  ( -0.3746065934159199500, 0.9271838545667840900, 0.0000000000000000000 ) ) ;
#2874 = FILL_AREA_STYLE_COLOUR ( '', #5021 ) ;
#2875 = FILL_AREA_STYLE ('',( #2874 ) ) ;
#2876 = SURFACE_SIDE_STYLE ('',( #2328 ) ) ;
#2877 = SURFACE_STYLE_USAGE ( .BOTH. , #2876 ) ;
#2878 =( LENGTH_UNIT ( ) NAMED_UNIT ( * ) SI_UNIT ( .MILLI., .METRE. ) );
#2879 =( NAMED_UNIT ( * ) PLANE_ANGLE_UNIT ( ) SI_UNIT ( $, .RADIAN. ) );
#2880 =( NAMED_UNIT ( * ) SI_UNIT ( $, .STERADIAN. ) SOLID_ANGLE_UNIT ( ) );
#2881 = PLANE ( 'NONE',  #2980 ) ;
#2882 = CARTESIAN_POINT ( 'NONE',  ( -1.580000000000003200, -5.249999999999999100, -7.425000000000000700 ) ) ;
#2883 = DIRECTION ( 'NONE',  ( 1.000000000000000000, 0.0000000000000000000, 0.0000000000000000000 ) ) ;
#2884 = DIRECTION ( 'NONE',  ( 0.0000000000000000000, 0.0000000000000000000, -1.000000000000000000 ) ) ;
#2885 = FILL_AREA_STYLE_COLOUR ( '', #5023 ) ;
#2886 = FILL_AREA_STYLE ('',( #2885 ) ) ;
#2887 = SURFACE_SIDE_STYLE ('',( #2332 ) ) ;
#2888 = SURFACE_STYLE_USAGE ( .BOTH. , #2887 ) ;
#2889 =( LENGTH_UNIT ( ) NAMED_UNIT ( * ) SI_UNIT ( .MILLI., .METRE. ) );
#2890 =( NAMED_UNIT ( * ) PLANE_ANGLE_UNIT ( ) SI_UNIT ( $, .RADIAN. ) );
#2891 =( NAMED_UNIT ( * ) SI_UNIT ( $, .STERADIAN. ) SOLID_ANGLE_UNIT ( ) );
#2892 = PLANE ( 'NONE',  #2679 ) ;
#2893 = CARTESIAN_POINT ( 'NONE',  ( -0.9200000000000012600, -8.400000000000000400, -7.425000000000000700 ) ) ;
#2894 = DIRECTION ( 'NONE',  ( -0.0000000000000000000, 0.0000000000000000000, 1.000000000000000000 ) ) ;
#2895 = DIRECTION ( 'NONE',  ( 1.000000000000000000, 0.0000000000000000000, 0.0000000000000000000 ) ) ;
#2896 = FILL_AREA_STYLE_COLOUR ( '', #5025 ) ;
#2897 = FILL_AREA_STYLE ('',( #2896 ) ) ;
#2898 = SURFACE_SIDE_STYLE ('',( #2336 ) ) ;
#2899 = SURFACE_STYLE_USAGE ( .BOTH. , #2898 ) ;
#2900 =( LENGTH_UNIT ( ) NAMED_UNIT ( * ) SI_UNIT ( .MILLI., .METRE. ) );
#2901 =( NAMED_UNIT ( * ) PLANE_ANGLE_UNIT ( ) SI_UNIT ( $, .RADIAN. ) );
#2902 =( NAMED_UNIT ( * ) SI_UNIT ( $, .STERADIAN. ) SOLID_ANGLE_UNIT ( ) );
#2903 = PLANE ( 'NONE',  #2984 ) ;
#2904 = CARTESIAN_POINT ( 'NONE',  ( -0.9200000000000012600, -8.400000000000000400, -7.175000000000000700 ) ) ;
#2905 = DIRECTION ( 'NONE',  ( -0.0000000000000000000, 0.0000000000000000000, 1.000000000000000000 ) ) ;
#2906 = DIRECTION ( 'NONE',  ( 1.000000000000000000, 0.0000000000000000000, 0.0000000000000000000 ) ) ;
#2907 = FILL_AREA_STYLE_COLOUR ( '', #5027 ) ;
#2908 = FILL_AREA_STYLE ('',( #2907 ) ) ;
#2909 = SURFACE_SIDE_STYLE ('',( #2340 ) ) ;
#2910 = SURFACE_STYLE_USAGE ( .BOTH. , #2909 ) ;
#2911 =( LENGTH_UNIT ( ) NAMED_UNIT ( * ) SI_UNIT ( .MILLI., .METRE. ) );
#2912 =( NAMED_UNIT ( * ) PLANE_ANGLE_UNIT ( ) SI_UNIT ( $, .RADIAN. ) );
#2913 =( NAMED_UNIT ( * ) SI_UNIT ( $, .STERADIAN. ) SOLID_ANGLE_UNIT ( ) );
#2914 = PLANE ( 'NONE',  #2987 ) ;
#2915 = CARTESIAN_POINT ( 'NONE',  ( 1.580000000000000500, -5.249999999999995600, -5.425000000000000700 ) ) ;
#2916 = DIRECTION ( 'NONE',  ( -1.000000000000000000, 0.0000000000000000000, -0.0000000000000000000 ) ) ;
#2917 = DIRECTION ( 'NONE',  ( -0.0000000000000000000, 0.0000000000000000000, 1.000000000000000000 ) ) ;
#2918 = FILL_AREA_STYLE_COLOUR ( '', #5029 ) ;
#2919 = FILL_AREA_STYLE ('',( #2918 ) ) ;
#2920 = SURFACE_SIDE_STYLE ('',( #2344 ) ) ;
#2921 = SURFACE_STYLE_USAGE ( .BOTH. , #2920 ) ;
#2922 =( LENGTH_UNIT ( ) NAMED_UNIT ( * ) SI_UNIT ( .MILLI., .METRE. ) );
#2923 =( NAMED_UNIT ( * ) PLANE_ANGLE_UNIT ( ) SI_UNIT ( $, .RADIAN. ) );
#2924 =( NAMED_UNIT ( * ) SI_UNIT ( $, .STERADIAN. ) SOLID_ANGLE_UNIT ( ) );
#2925 = PLANE ( 'NONE',  #2990 ) ;
#2926 = CARTESIAN_POINT ( 'NONE',  ( 1.580000000000000500, -8.099999999999997900, -5.425000000000000700 ) ) ;
#2927 = DIRECTION ( 'NONE',  ( -0.9271838545667842000, 0.3746065934159200100, 0.0000000000000000000 ) ) ;
#2928 = DIRECTION ( 'NONE',  ( -0.3746065934159199500, -0.9271838545667840900, 0.0000000000000000000 ) ) ;
#2929 = FILL_AREA_STYLE_COLOUR ( '', #5031 ) ;
#2930 = FILL_AREA_STYLE ('',( #2929 ) ) ;
#2931 = SURFACE_SIDE_STYLE ('',( #2348 ) ) ;
#2932 = SURFACE_STYLE_USAGE ( .BOTH. , #2931 ) ;
#2933 =( LENGTH_UNIT ( ) NAMED_UNIT ( * ) SI_UNIT ( .MILLI., .METRE. ) );
#2934 =( NAMED_UNIT ( * ) PLANE_ANGLE_UNIT ( ) SI_UNIT ( $, .RADIAN. ) );
#2935 =( NAMED_UNIT ( * ) SI_UNIT ( $, .STERADIAN. ) SOLID_ANGLE_UNIT ( ) );
#2936 = PLANE ( 'NONE',  #2993 ) ;
#2937 = CARTESIAN_POINT ( 'NONE',  ( 1.458792132249451300, -8.399999999999996800, -5.425000000000000700 ) ) ;
#2938 = DIRECTION ( 'NONE',  ( 0.0000000000000000000, 1.000000000000000000, 0.0000000000000000000 ) ) ;
#2939 = DIRECTION ( 'NONE',  ( 0.0000000000000000000, -0.0000000000000000000, 1.000000000000000000 ) ) ;
#2940 = FILL_AREA_STYLE_COLOUR ( '', #5033 ) ;
#2941 = FILL_AREA_STYLE ('',( #2940 ) ) ;
#2942 = SURFACE_SIDE_STYLE ('',( #2352 ) ) ;
#2943 = SURFACE_STYLE_USAGE ( .BOTH. , #2942 ) ;
#2944 =( LENGTH_UNIT ( ) NAMED_UNIT ( * ) SI_UNIT ( .MILLI., .METRE. ) );
#2945 =( NAMED_UNIT ( * ) PLANE_ANGLE_UNIT ( ) SI_UNIT ( $, .RADIAN. ) );
#2946 =( NAMED_UNIT ( * ) SI_UNIT ( $, .STERADIAN. ) SOLID_ANGLE_UNIT ( ) );
#2947 = PLANE ( 'NONE',  #2996 ) ;
#2948 = CARTESIAN_POINT ( 'NONE',  ( 0.9199999999999983700, -8.099999999999997900, -5.425000000000000700 ) ) ;
#2949 = DIRECTION ( 'NONE',  ( 0.9271838545667848700, 0.3746065934159184500, 0.0000000000000000000 ) ) ;
#2950 = DIRECTION ( 'NONE',  ( -0.3746065934159184500, 0.9271838545667848700, 0.0000000000000000000 ) ) ;
#2951 = FILL_AREA_STYLE_COLOUR ( '', #5035 ) ;
#2952 = FILL_AREA_STYLE ('',( #2951 ) ) ;
#2953 = SURFACE_SIDE_STYLE ('',( #2356 ) ) ;
#2954 = SURFACE_STYLE_USAGE ( .BOTH. , #2953 ) ;
#2955 =( LENGTH_UNIT ( ) NAMED_UNIT ( * ) SI_UNIT ( .MILLI., .METRE. ) );
#2956 =( NAMED_UNIT ( * ) PLANE_ANGLE_UNIT ( ) SI_UNIT ( $, .RADIAN. ) );
#2957 =( NAMED_UNIT ( * ) SI_UNIT ( $, .STERADIAN. ) SOLID_ANGLE_UNIT ( ) );
#2958 = PLANE ( 'NONE',  #2999 ) ;
#2959 = CARTESIAN_POINT ( 'NONE',  ( 0.9199999999999983700, -5.249999999999995600, -5.425000000000000700 ) ) ;
#2960 = DIRECTION ( 'NONE',  ( 1.000000000000000000, 0.0000000000000000000, 0.0000000000000000000 ) ) ;
#2961 = DIRECTION ( 'NONE',  ( 0.0000000000000000000, 0.0000000000000000000, -1.000000000000000000 ) ) ;
#2962 = FILL_AREA_STYLE_COLOUR ( '', #5037 ) ;
#2963 = FILL_AREA_STYLE ('',( #2962 ) ) ;
#2964 = SURFACE_SIDE_STYLE ('',( #3037 ) ) ;
#2965 = SURFACE_STYLE_USAGE ( .BOTH. , #2964 ) ;
#2966 =( LENGTH_UNIT ( ) NAMED_UNIT ( * ) SI_UNIT ( .MILLI., .METRE. ) );
#2967 =( NAMED_UNIT ( * ) PLANE_ANGLE_UNIT ( ) SI_UNIT ( $, .RADIAN. ) );
#2968 =( NAMED_UNIT ( * ) SI_UNIT ( $, .STERADIAN. ) SOLID_ANGLE_UNIT ( ) );
#2969 = PLANE ( 'NONE',  #3002 ) ;
#2970 = CARTESIAN_POINT ( 'NONE',  ( 1.580000000000000500, -8.399999999999996800, -5.425000000000000700 ) ) ;
#2971 = DIRECTION ( 'NONE',  ( -0.0000000000000000000, 0.0000000000000000000, -1.000000000000000000 ) ) ;
#2972 = DIRECTION ( 'NONE',  ( -1.000000000000000000, 0.0000000000000000000, 0.0000000000000000000 ) ) ;
#2973 = FILL_AREA_STYLE_COLOUR ( '', #5039 ) ;
#2974 = FILL_AREA_STYLE ('',( #2973 ) ) ;
#2975 = SURFACE_SIDE_STYLE ('',( #3041 ) ) ;
#2976 = SURFACE_STYLE_USAGE ( .BOTH. , #2975 ) ;
#2977 =( LENGTH_UNIT ( ) NAMED_UNIT ( * ) SI_UNIT ( .MILLI., .METRE. ) );
#2978 =( NAMED_UNIT ( * ) PLANE_ANGLE_UNIT ( ) SI_UNIT ( $, .RADIAN. ) );
#2979 =( NAMED_UNIT ( * ) SI_UNIT ( $, .STERADIAN. ) SOLID_ANGLE_UNIT ( ) );
#2980 = AXIS2_PLACEMENT_3D ( 'NONE', #2882, #2883, #2884 ) ;
#2981 = PRESENTATION_LAYER_ASSIGNMENT (  '', '', ( #2330 ) ) ;
#2982 = MECHANICAL_DESIGN_GEOMETRIC_PRESENTATION_REPRESENTATION (  '', ( #2330 ), #5020 ) ;
#2983 = MECHANICAL_DESIGN_GEOMETRIC_PRESENTATION_REPRESENTATION (  '', ( #2334 ), #5022 ) ;
#2984 = AXIS2_PLACEMENT_3D ( 'NONE', #2904, #2905, #2906 ) ;
#2985 = PRESENTATION_LAYER_ASSIGNMENT (  '', '', ( #2338 ) ) ;
#2986 = MECHANICAL_DESIGN_GEOMETRIC_PRESENTATION_REPRESENTATION (  '', ( #2338 ), #5024 ) ;
#2987 = AXIS2_PLACEMENT_3D ( 'NONE', #2915, #2916, #2917 ) ;
#2988 = PRESENTATION_LAYER_ASSIGNMENT (  '', '', ( #2342 ) ) ;
#2989 = MECHANICAL_DESIGN_GEOMETRIC_PRESENTATION_REPRESENTATION (  '', ( #2342 ), #5026 ) ;
#2990 = AXIS2_PLACEMENT_3D ( 'NONE', #2926, #2927, #2928 ) ;
#2991 = PRESENTATION_LAYER_ASSIGNMENT (  '', '', ( #2346 ) ) ;
#2992 = MECHANICAL_DESIGN_GEOMETRIC_PRESENTATION_REPRESENTATION (  '', ( #2346 ), #5028 ) ;
#2993 = AXIS2_PLACEMENT_3D ( 'NONE', #2937, #2938, #2939 ) ;
#2994 = PRESENTATION_LAYER_ASSIGNMENT (  '', '', ( #2350 ) ) ;
#2995 = MECHANICAL_DESIGN_GEOMETRIC_PRESENTATION_REPRESENTATION (  '', ( #2350 ), #5030 ) ;
#2996 = AXIS2_PLACEMENT_3D ( 'NONE', #2948, #2949, #2950 ) ;
#2997 = PRESENTATION_LAYER_ASSIGNMENT (  '', '', ( #2354 ) ) ;
#2998 = MECHANICAL_DESIGN_GEOMETRIC_PRESENTATION_REPRESENTATION (  '', ( #2354 ), #5032 ) ;
#2999 = AXIS2_PLACEMENT_3D ( 'NONE', #2959, #2960, #2961 ) ;
#3000 = PRESENTATION_LAYER_ASSIGNMENT (  '', '', ( #2358 ) ) ;
#3001 = MECHANICAL_DESIGN_GEOMETRIC_PRESENTATION_REPRESENTATION (  '', ( #2358 ), #5034 ) ;
#3002 = AXIS2_PLACEMENT_3D ( 'NONE', #2970, #2971, #2972 ) ;
#3003 = PRESENTATION_LAYER_ASSIGNMENT (  '', '', ( #3039 ) ) ;
#3004 = MECHANICAL_DESIGN_GEOMETRIC_PRESENTATION_REPRESENTATION (  '', ( #3039 ), #5036 ) ;
#3005 = AXIS2_PLACEMENT_3D ( 'NONE', #3078, #3079, #3080 ) ;
#3006 = PRESENTATION_LAYER_ASSIGNMENT (  '', '', ( #3043 ) ) ;
#3007 = MECHANICAL_DESIGN_GEOMETRIC_PRESENTATION_REPRESENTATION (  '', ( #3043 ), #5038 ) ;
#3008 = AXIS2_PLACEMENT_3D ( 'NONE', #3089, #3090, #3091 ) ;
#3009 = PRESENTATION_LAYER_ASSIGNMENT (  '', '', ( #3047 ) ) ;
#3010 = MECHANICAL_DESIGN_GEOMETRIC_PRESENTATION_REPRESENTATION (  '', ( #3047 ), #5040 ) ;
#3011 = AXIS2_PLACEMENT_3D ( 'NONE', #3100, #3101, #3102 ) ;
#3012 = PRESENTATION_LAYER_ASSIGNMENT (  '', '', ( #3051 ) ) ;
#3013 = MECHANICAL_DESIGN_GEOMETRIC_PRESENTATION_REPRESENTATION (  '', ( #3051 ), #5042 ) ;
#3014 = AXIS2_PLACEMENT_3D ( 'NONE', #3111, #3112, #3113 ) ;
#3015 = PRESENTATION_LAYER_ASSIGNMENT (  '', '', ( #3055 ) ) ;
#3016 = MECHANICAL_DESIGN_GEOMETRIC_PRESENTATION_REPRESENTATION (  '', ( #3055 ), #5044 ) ;
#3017 = AXIS2_PLACEMENT_3D ( 'NONE', #3122, #3123, #3124 ) ;
#3018 = PRESENTATION_LAYER_ASSIGNMENT (  '', '', ( #3059 ) ) ;
#3019 = MECHANICAL_DESIGN_GEOMETRIC_PRESENTATION_REPRESENTATION (  '', ( #3059 ), #5046 ) ;
#3020 = AXIS2_PLACEMENT_3D ( 'NONE', #3133, #3134, #3135 ) ;
#3021 = PRESENTATION_LAYER_ASSIGNMENT (  '', '', ( #3063 ) ) ;
#3022 = MECHANICAL_DESIGN_GEOMETRIC_PRESENTATION_REPRESENTATION (  '', ( #3063 ), #5048 ) ;
#3023 = AXIS2_PLACEMENT_3D ( 'NONE', #3144, #3145, #3146 ) ;
#3024 = PRESENTATION_LAYER_ASSIGNMENT (  '', '', ( #3067 ) ) ;
#3025 = MECHANICAL_DESIGN_GEOMETRIC_PRESENTATION_REPRESENTATION (  '', ( #3067 ), #5050 ) ;
#3026 = AXIS2_PLACEMENT_3D ( 'NONE', #3155, #3156, #3157 ) ;
#3027 = PRESENTATION_LAYER_ASSIGNMENT (  '', '', ( #3071 ) ) ;
#3028 = MECHANICAL_DESIGN_GEOMETRIC_PRESENTATION_REPRESENTATION (  '', ( #3071 ), #5052 ) ;
#3029 = VECTOR ( 'NONE', #3159, 1000.000000000000000 ) ;
#3030 = PRESENTATION_LAYER_ASSIGNMENT (  '', '', ( #3075 ) ) ;
#3031 = MECHANICAL_DESIGN_GEOMETRIC_PRESENTATION_REPRESENTATION (  '', ( #3075 ), #5054 ) ;
#3032 = AXIS2_PLACEMENT_3D ( 'NONE', #3170, #3171, #3172 ) ;
#3033 = PRODUCT_DEFINITION ( 'UNKNOWN', '', #3034, #5805 ) ;
#3034 = PRODUCT_DEFINITION_FORMATION_WITH_SPECIFIED_SOURCE ( 'ANY', '', #1158, .NOT_KNOWN. ) ;
#3035 = PRODUCT_RELATED_PRODUCT_CATEGORY ( 'part', '', ( #1158 ) ) ;
#3036 = FACE_OUTER_BOUND ( 'NONE', #3659, .T. ) ;
#3037 = SURFACE_STYLE_FILL_AREA ( #2963 ) ;
#3038 = PRESENTATION_STYLE_ASSIGNMENT (( #2965 ) ) ;
#3039 = STYLED_ITEM ( 'NONE', ( #3038 ), #4765 ) ;
#3040 = FACE_OUTER_BOUND ( 'NONE', #3639, .T. ) ;
#3041 = SURFACE_STYLE_FILL_AREA ( #2974 ) ;
#3042 = PRESENTATION_STYLE_ASSIGNMENT (( #2976 ) ) ;
#3043 = STYLED_ITEM ( 'NONE', ( #3042 ), #4766 ) ;
#3044 = FACE_OUTER_BOUND ( 'NONE', #3641, .T. ) ;
#3045 = SURFACE_STYLE_FILL_AREA ( #3082 ) ;
#3046 = PRESENTATION_STYLE_ASSIGNMENT (( #3084 ) ) ;
#3047 = STYLED_ITEM ( 'NONE', ( #3046 ), #4767 ) ;
#3048 = FACE_OUTER_BOUND ( 'NONE', #3642, .T. ) ;
#3049 = SURFACE_STYLE_FILL_AREA ( #3093 ) ;
#3050 = PRESENTATION_STYLE_ASSIGNMENT (( #3095 ) ) ;
#3051 = STYLED_ITEM ( 'NONE', ( #3050 ), #4768 ) ;
#3052 = FACE_OUTER_BOUND ( 'NONE', #3664, .T. ) ;
#3053 = SURFACE_STYLE_FILL_AREA ( #3104 ) ;
#3054 = PRESENTATION_STYLE_ASSIGNMENT (( #3106 ) ) ;
#3055 = STYLED_ITEM ( 'NONE', ( #3054 ), #4769 ) ;
#3056 = FACE_OUTER_BOUND ( 'NONE', #3665, .T. ) ;
#3057 = SURFACE_STYLE_FILL_AREA ( #3115 ) ;
#3058 = PRESENTATION_STYLE_ASSIGNMENT (( #3117 ) ) ;
#3059 = STYLED_ITEM ( 'NONE', ( #3058 ), #4770 ) ;
#3060 = FACE_OUTER_BOUND ( 'NONE', #3461, .T. ) ;
#3061 = SURFACE_STYLE_FILL_AREA ( #3126 ) ;
#3062 = PRESENTATION_STYLE_ASSIGNMENT (( #3128 ) ) ;
#3063 = STYLED_ITEM ( 'NONE', ( #3062 ), #4771 ) ;
#3064 = FACE_OUTER_BOUND ( 'NONE', #3462, .T. ) ;
#3065 = SURFACE_STYLE_FILL_AREA ( #3137 ) ;
#3066 = PRESENTATION_STYLE_ASSIGNMENT (( #3139 ) ) ;
#3067 = STYLED_ITEM ( 'NONE', ( #3066 ), #4772 ) ;
#3068 = FACE_OUTER_BOUND ( 'NONE', #3463, .T. ) ;
#3069 = SURFACE_STYLE_FILL_AREA ( #3148 ) ;
#3070 = PRESENTATION_STYLE_ASSIGNMENT (( #3150 ) ) ;
#3071 = STYLED_ITEM ( 'NONE', ( #3070 ), #4773 ) ;
#3072 = LINE ( 'NONE', #3158, #3029 ) ;
#3073 = SURFACE_STYLE_FILL_AREA ( #3164 ) ;
#3074 = PRESENTATION_STYLE_ASSIGNMENT (( #3166 ) ) ;
#3075 = STYLED_ITEM ( 'NONE', ( #3074 ), #3591 ) ;
#3076 = SHAPE_DEFINITION_REPRESENTATION ( #5806, #3591 ) ;
#3077 = PLANE ( 'NONE',  #3005 ) ;
#3078 = CARTESIAN_POINT ( 'NONE',  ( 1.580000000000000500, -8.399999999999996800, -5.175000000000000700 ) ) ;
#3079 = DIRECTION ( 'NONE',  ( -0.0000000000000000000, 0.0000000000000000000, -1.000000000000000000 ) ) ;
#3080 = DIRECTION ( 'NONE',  ( -1.000000000000000000, 0.0000000000000000000, 0.0000000000000000000 ) ) ;
#3081 = FILL_AREA_STYLE_COLOUR ( '', #5041 ) ;
#3082 = FILL_AREA_STYLE ('',( #3081 ) ) ;
#3083 = SURFACE_SIDE_STYLE ('',( #3045 ) ) ;
#3084 = SURFACE_STYLE_USAGE ( .BOTH. , #3083 ) ;
#3085 =( LENGTH_UNIT ( ) NAMED_UNIT ( * ) SI_UNIT ( .MILLI., .METRE. ) );
#3086 =( NAMED_UNIT ( * ) PLANE_ANGLE_UNIT ( ) SI_UNIT ( $, .RADIAN. ) );
#3087 =( NAMED_UNIT ( * ) SI_UNIT ( $, .STERADIAN. ) SOLID_ANGLE_UNIT ( ) );
#3088 = PLANE ( 'NONE',  #3008 ) ;
#3089 = CARTESIAN_POINT ( 'NONE',  ( -0.9200000000000040400, -5.249999999999995600, -5.425000000000000700 ) ) ;
#3090 = DIRECTION ( 'NONE',  ( -1.000000000000000000, 0.0000000000000000000, -0.0000000000000000000 ) ) ;
#3091 = DIRECTION ( 'NONE',  ( -0.0000000000000000000, 0.0000000000000000000, 1.000000000000000000 ) ) ;
#3092 = FILL_AREA_STYLE_COLOUR ( '', #5043 ) ;
#3093 = FILL_AREA_STYLE ('',( #3092 ) ) ;
#3094 = SURFACE_SIDE_STYLE ('',( #3049 ) ) ;
#3095 = SURFACE_STYLE_USAGE ( .BOTH. , #3094 ) ;
#3096 =( LENGTH_UNIT ( ) NAMED_UNIT ( * ) SI_UNIT ( .MILLI., .METRE. ) );
#3097 =( NAMED_UNIT ( * ) PLANE_ANGLE_UNIT ( ) SI_UNIT ( $, .RADIAN. ) );
#3098 =( NAMED_UNIT ( * ) SI_UNIT ( $, .STERADIAN. ) SOLID_ANGLE_UNIT ( ) );
#3099 = PLANE ( 'NONE',  #3011 ) ;
#3100 = CARTESIAN_POINT ( 'NONE',  ( -0.9200000000000040400, -8.099999999999997900, -5.425000000000000700 ) ) ;
#3101 = DIRECTION ( 'NONE',  ( -0.9271838545667848700, 0.3746065934159184500, 0.0000000000000000000 ) ) ;
#3102 = DIRECTION ( 'NONE',  ( -0.3746065934159184500, -0.9271838545667848700, 0.0000000000000000000 ) ) ;
#3103 = FILL_AREA_STYLE_COLOUR ( '', #5045 ) ;
#3104 = FILL_AREA_STYLE ('',( #3103 ) ) ;
#3105 = SURFACE_SIDE_STYLE ('',( #3053 ) ) ;
#3106 = SURFACE_STYLE_USAGE ( .BOTH. , #3105 ) ;
#3107 =( LENGTH_UNIT ( ) NAMED_UNIT ( * ) SI_UNIT ( .MILLI., .METRE. ) );
#3108 =( NAMED_UNIT ( * ) PLANE_ANGLE_UNIT ( ) SI_UNIT ( $, .RADIAN. ) );
#3109 =( NAMED_UNIT ( * ) SI_UNIT ( $, .STERADIAN. ) SOLID_ANGLE_UNIT ( ) );
#3110 = PLANE ( 'NONE',  #3014 ) ;
#3111 = CARTESIAN_POINT ( 'NONE',  ( -1.458792132249456800, -8.399999999999996800, -5.425000000000000700 ) ) ;
#3112 = DIRECTION ( 'NONE',  ( -0.0000000000000000000, 1.000000000000000000, 0.0000000000000000000 ) ) ;
#3113 = DIRECTION ( 'NONE',  ( 0.0000000000000000000, -0.0000000000000000000, 1.000000000000000000 ) ) ;
#3114 = FILL_AREA_STYLE_COLOUR ( '', #5047 ) ;
#3115 = FILL_AREA_STYLE ('',( #3114 ) ) ;
#3116 = SURFACE_SIDE_STYLE ('',( #3057 ) ) ;
#3117 = SURFACE_STYLE_USAGE ( .BOTH. , #3116 ) ;
#3118 =( LENGTH_UNIT ( ) NAMED_UNIT ( * ) SI_UNIT ( .MILLI., .METRE. ) );
#3119 =( NAMED_UNIT ( * ) PLANE_ANGLE_UNIT ( ) SI_UNIT ( $, .RADIAN. ) );
#3120 =( NAMED_UNIT ( * ) SI_UNIT ( $, .STERADIAN. ) SOLID_ANGLE_UNIT ( ) );
#3121 = PLANE ( 'NONE',  #3017 ) ;
#3122 = CARTESIAN_POINT ( 'NONE',  ( -1.580000000000006100, -8.099999999999997900, -5.425000000000000700 ) ) ;
#3123 = DIRECTION ( 'NONE',  ( 0.9271838545667842000, 0.3746065934159200100, 0.0000000000000000000 ) ) ;
#3124 = DIRECTION ( 'NONE',  ( -0.3746065934159199500, 0.9271838545667840900, 0.0000000000000000000 ) ) ;
#3125 = FILL_AREA_STYLE_COLOUR ( '', #5049 ) ;
#3126 = FILL_AREA_STYLE ('',( #3125 ) ) ;
#3127 = SURFACE_SIDE_STYLE ('',( #3061 ) ) ;
#3128 = SURFACE_STYLE_USAGE ( .BOTH. , #3127 ) ;
#3129 =( LENGTH_UNIT ( ) NAMED_UNIT ( * ) SI_UNIT ( .MILLI., .METRE. ) );
#3130 =( NAMED_UNIT ( * ) PLANE_ANGLE_UNIT ( ) SI_UNIT ( $, .RADIAN. ) );
#3131 =( NAMED_UNIT ( * ) SI_UNIT ( $, .STERADIAN. ) SOLID_ANGLE_UNIT ( ) );
#3132 = PLANE ( 'NONE',  #3020 ) ;
#3133 = CARTESIAN_POINT ( 'NONE',  ( -1.580000000000006100, -5.249999999999995600, -5.425000000000000700 ) ) ;
#3134 = DIRECTION ( 'NONE',  ( 1.000000000000000000, 0.0000000000000000000, 0.0000000000000000000 ) ) ;
#3135 = DIRECTION ( 'NONE',  ( 0.0000000000000000000, 0.0000000000000000000, -1.000000000000000000 ) ) ;
#3136 = FILL_AREA_STYLE_COLOUR ( '', #5051 ) ;
#3137 = FILL_AREA_STYLE ('',( #3136 ) ) ;
#3138 = SURFACE_SIDE_STYLE ('',( #3065 ) ) ;
#3139 = SURFACE_STYLE_USAGE ( .BOTH. , #3138 ) ;
#3140 =( LENGTH_UNIT ( ) NAMED_UNIT ( * ) SI_UNIT ( .MILLI., .METRE. ) );
#3141 =( NAMED_UNIT ( * ) PLANE_ANGLE_UNIT ( ) SI_UNIT ( $, .RADIAN. ) );
#3142 =( NAMED_UNIT ( * ) SI_UNIT ( $, .STERADIAN. ) SOLID_ANGLE_UNIT ( ) );
#3143 = PLANE ( 'NONE',  #3023 ) ;
#3144 = CARTESIAN_POINT ( 'NONE',  ( -0.9200000000000040400, -8.399999999999996800, -5.425000000000000700 ) ) ;
#3145 = DIRECTION ( 'NONE',  ( -0.0000000000000000000, 0.0000000000000000000, 1.000000000000000000 ) ) ;
#3146 = DIRECTION ( 'NONE',  ( 1.000000000000000000, 0.0000000000000000000, 0.0000000000000000000 ) ) ;
#3147 = FILL_AREA_STYLE_COLOUR ( '', #5053 ) ;
#3148 = FILL_AREA_STYLE ('',( #3147 ) ) ;
#3149 = SURFACE_SIDE_STYLE ('',( #3069 ) ) ;
#3150 = SURFACE_STYLE_USAGE ( .BOTH. , #3149 ) ;
#3151 =( LENGTH_UNIT ( ) NAMED_UNIT ( * ) SI_UNIT ( .MILLI., .METRE. ) );
#3152 =( NAMED_UNIT ( * ) PLANE_ANGLE_UNIT ( ) SI_UNIT ( $, .RADIAN. ) );
#3153 =( NAMED_UNIT ( * ) SI_UNIT ( $, .STERADIAN. ) SOLID_ANGLE_UNIT ( ) );
#3154 = PLANE ( 'NONE',  #3026 ) ;
#3155 = CARTESIAN_POINT ( 'NONE',  ( -0.9200000000000040400, -8.399999999999996800, -5.175000000000000700 ) ) ;
#3156 = DIRECTION ( 'NONE',  ( -0.0000000000000000000, 0.0000000000000000000, 1.000000000000000000 ) ) ;
#3157 = DIRECTION ( 'NONE',  ( 1.000000000000000000, 0.0000000000000000000, 0.0000000000000000000 ) ) ;
#3158 = CARTESIAN_POINT ( 'NONE',  ( -2.800000000000000700, 2.029999999999998900, 5.413532459412496500 ) ) ;
#3159 = DIRECTION ( 'NONE',  ( 1.000000000000000000, 0.0000000000000000000, 0.0000000000000000000 ) ) ;
#3160 =( LENGTH_UNIT ( ) NAMED_UNIT ( * ) SI_UNIT ( .MILLI., .METRE. ) );
#3161 =( NAMED_UNIT ( * ) PLANE_ANGLE_UNIT ( ) SI_UNIT ( $, .RADIAN. ) );
#3162 =( NAMED_UNIT ( * ) SI_UNIT ( $, .STERADIAN. ) SOLID_ANGLE_UNIT ( ) );
#3163 = FILL_AREA_STYLE_COLOUR ( '', #5055 ) ;
#3164 = FILL_AREA_STYLE ('',( #3163 ) ) ;
#3165 = SURFACE_SIDE_STYLE ('',( #3073 ) ) ;
#3166 = SURFACE_STYLE_USAGE ( .BOTH. , #3165 ) ;
#3167 =( LENGTH_UNIT ( ) NAMED_UNIT ( * ) SI_UNIT ( .MILLI., .METRE. ) );
#3168 =( NAMED_UNIT ( * ) PLANE_ANGLE_UNIT ( ) SI_UNIT ( $, .RADIAN. ) );
#3169 =( NAMED_UNIT ( * ) SI_UNIT ( $, .STERADIAN. ) SOLID_ANGLE_UNIT ( ) );
#3170 = CARTESIAN_POINT ( 'NONE',  ( 0.0000000000000000000, 0.0000000000000000000, 0.0000000000000000000 ) ) ;
#3171 = DIRECTION ( 'NONE',  ( 0.0000000000000000000, 0.0000000000000000000, 1.000000000000000000 ) ) ;
#3172 = DIRECTION ( 'NONE',  ( 1.000000000000000000, 0.0000000000000000000, 0.0000000000000000000 ) ) ;
#3173 = APPLICATION_CONTEXT ( 'automotive_design' ) ;
#3174 = APPLICATION_PROTOCOL_DEFINITION ( 'draft international standard', 'automotive_design', 1998, #3173 ) ;
#3175 = PRODUCT_CONTEXT ( 'NONE', #3173, 'mechanical' ) ;
#3176 = APPLICATION_CONTEXT ( 'automotive_design' ) ;
#3177 = APPLICATION_PROTOCOL_DEFINITION ( 'draft international standard', 'automotive_design', 1998, #3176 ) ;
#3178 = UNCERTAINTY_MEASURE_WITH_UNIT (LENGTH_MEASURE( 1.000000000000000100E-005 ), #5318, 'distance_accuracy_value', 'NONE');
#3179 = EDGE_CURVE ( 'NONE', #3592, #3658, #5267, .T. ) ;
#3180 = UNCERTAINTY_MEASURE_WITH_UNIT (LENGTH_MEASURE( 1.000000000000000100E-005 ), #5329, 'distance_accuracy_value', 'NONE');
#3181 = UNCERTAINTY_MEASURE_WITH_UNIT (LENGTH_MEASURE( 1.000000000000000100E-005 ), #3717, 'distance_accuracy_value', 'NONE');
#3182 =( GEOMETRIC_REPRESENTATION_CONTEXT ( 3 ) GLOBAL_UNCERTAINTY_ASSIGNED_CONTEXT ( ( #1 ) ) GLOBAL_UNIT_ASSIGNED_CONTEXT ( ( #3688, #3689, #3690 ) ) REPRESENTATION_CONTEXT ( 'NONE', 'WORKASPACE' ) );
#3183 = EDGE_CURVE ( 'NONE', #4003, #3592, #5269, .T. ) ;
#3184 = EDGE_CURVE ( 'NONE', #3966, #3965, #5270, .T. ) ;
#3185 = ADVANCED_FACE ( 'NONE', ( #5271 ), #5268, .T. ) ;
#3186 = COLOUR_RGB ( '',0.5019607843137254800, 0.5019607843137254800, 0.5019607843137254800 ) ;
#3187 = EDGE_CURVE ( 'NONE', #3419, #3954, #5275, .T. ) ;
#3188 = EDGE_CURVE ( 'NONE', #3956, #3957, #5277, .T. ) ;
#3189 = EDGE_CURVE ( 'NONE', #3959, #3955, #5278, .T. ) ;
#3190 = EDGE_CURVE ( 'NONE', #3959, #3956, #5279, .T. ) ;
#3191 = ADVANCED_FACE ( 'NONE', ( #5280, #5281, #5282, #5283, #5284 ), #3709, .F. ) ;
#3192 = ADVANCED_FACE ( 'NONE', ( #5287 ), #5306, .F. ) ;
#3193 = EDGE_CURVE ( 'NONE', #3964, #3966, #3561, .T. ) ;
#3194 = ADVANCED_FACE ( 'NONE', ( #5292, #5293, #5294 ), #5321, .F. ) ;
#3195 = ADVANCED_FACE ( 'NONE', ( #5297 ), #5332, .F. ) ;
#3196 = ADVANCED_FACE ( 'NONE', ( #5301 ), #5422, .F. ) ;
#3197 = ADVANCED_FACE ( 'NONE', ( #5423, #5424 ), #5353, .F. ) ;
#3198 = EDGE_CURVE ( 'NONE', #3961, #3960, #5428, .T. ) ;
#3199 = EDGE_CURVE ( 'NONE', #3963, #3958, #5429, .T. ) ;
#3200 = EDGE_CURVE ( 'NONE', #3419, #3420, #5430, .T. ) ;
#3201 = EDGE_CURVE ( 'NONE', #3955, #3957, #5431, .T. ) ;
#3202 = EDGE_CURVE ( 'NONE', #3960, #3958, #3558, .T. ) ;
#3203 = EDGE_CURVE ( 'NONE', #3964, #3962, #5432, .T. ) ;
#3204 = EDGE_CURVE ( 'NONE', #3965, #3962, #3565, .T. ) ;
#3205 = EDGE_CURVE ( 'NONE', #3428, #3429, #5433, .T. ) ;
#3206 = EDGE_CURVE ( 'NONE', #3420, #3382, #5434, .T. ) ;
#3207 = EDGE_CURVE ( 'NONE', #3954, #3382, #5435, .T. ) ;
#3208 = EDGE_CURVE ( 'NONE', #3963, #3961, #3560, .T. ) ;
#3209 = EDGE_CURVE ( 'NONE', #3421, #3429, #5437, .T. ) ;
#3210 = EDGE_CURVE ( 'NONE', #3593, #3592, #3673, .T. ) ;
#3211 = EDGE_CURVE ( 'NONE', #4006, #3593, #5438, .T. ) ;
#3212 = EDGE_CURVE ( 'NONE', #3489, #3656, #5439, .T. ) ;
#3213 = EDGE_CURVE ( 'NONE', #3644, #3489, #5440, .T. ) ;
#3214 = EDGE_CURVE ( 'NONE', #3657, #3656, #5441, .T. ) ;
#3215 = EDGE_CURVE ( 'NONE', #3655, #3657, #5442, .T. ) ;
#3216 = EDGE_CURVE ( 'NONE', #3655, #3593, #5443, .T. ) ;
#3217 = EDGE_CURVE ( 'NONE', #4005, #3644, #5444, .T. ) ;
#3218 = EDGE_CURVE ( 'NONE', #3628, #3644, #5445, .T. ) ;
#3219 = EDGE_CURVE ( 'NONE', #3968, #3658, #5446, .T. ) ;
#3220 = EDGE_CURVE ( 'NONE', #3998, #3980, #5447, .T. ) ;
#3221 = EDGE_CURVE ( 'NONE', #3994, #3978, #5448, .T. ) ;
#3222 = EDGE_CURVE ( 'NONE', #3990, #4009, #5449, .T. ) ;
#3223 = EDGE_CURVE ( 'NONE', #3645, #3592, #5450, .T. ) ;
#3224 = EDGE_CURVE ( 'NONE', #3598, #3977, #5451, .T. ) ;
#3225 = EDGE_CURVE ( 'NONE', #3988, #3593, #5452, .T. ) ;
#3226 = EDGE_CURVE ( 'NONE', #3628, #3979, #5453, .T. ) ;
#3227 = EDGE_CURVE ( 'NONE', #3489, #3655, #5454, .T. ) ;
#3228 = EDGE_CURVE ( 'NONE', #3989, #3644, #5455, .T. ) ;
#3229 = EDGE_CURVE ( 'NONE', #4000, #3654, #5456, .T. ) ;
#3230 = EDGE_CURVE ( 'NONE', #3654, #4002, #5457, .T. ) ;
#3231 = EDGE_CURVE ( 'NONE', #3653, #4014, #5458, .T. ) ;
#3232 = EDGE_CURVE ( 'NONE', #3653, #3999, #5459, .T. ) ;
#3233 = EDGE_CURVE ( 'NONE', #3652, #3649, #5460, .T. ) ;
#3234 = EDGE_CURVE ( 'NONE', #3652, #3651, #5461, .T. ) ;
#3235 = EDGE_CURVE ( 'NONE', #3647, #3649, #5462, .T. ) ;
#3236 = EDGE_CURVE ( 'NONE', #3650, #3646, #5463, .T. ) ;
#3237 = EDGE_CURVE ( 'NONE', #3651, #3647, #5464, .T. ) ;
#3238 = EDGE_CURVE ( 'NONE', #3650, #3648, #5465, .T. ) ;
#3239 = ADVANCED_FACE ( 'NONE', ( #5466 ), #5615, .F. ) ;
#3240 = ADVANCED_FACE ( 'NONE', ( #5436 ), #5626, .F. ) ;
#3241 = ADVANCED_FACE ( 'NONE', ( #5473, #5474 ), #5637, .T. ) ;
#3242 = ADVANCED_FACE ( 'NONE', ( #5478 ), #5648, .F. ) ;
#3243 = ADVANCED_FACE ( 'NONE', ( #5482 ), #5659, .F. ) ;
#3244 = ADVANCED_FACE ( 'NONE', ( #5486 ), #5670, .F. ) ;
#3245 = ADVANCED_FACE ( 'NONE', ( #5490 ), #5755, .F. ) ;
#3246 = ADVANCED_FACE ( 'NONE', ( #5756 ), #5691, .F. ) ;
#3247 = ADVANCED_FACE ( 'NONE', ( #5760 ), #5764, .F. ) ;
#3248 = ADVANCED_FACE ( 'NONE', ( #5765 ), #5712, .F. ) ;
#3249 = ADVANCED_FACE ( 'NONE', ( #5769 ), #5807, .F. ) ;
#3250 = ADVANCED_FACE ( 'NONE', ( #5773 ), #5751, .F. ) ;
#3251 = ADVANCED_FACE ( 'NONE', ( #5777 ), #5828, .T. ) ;
#3252 = ADVANCED_FACE ( 'NONE', ( #5781 ), #5839, .T. ) ;
#3253 = ADVANCED_FACE ( 'NONE', ( #5785 ), #5850, .T. ) ;
#3254 = ADVANCED_FACE ( 'NONE', ( #5789 ), #5955, .F. ) ;
#3255 = ADVANCED_FACE ( 'NONE', ( #5793 ), #5871, .T. ) ;
#3256 = ADVANCED_FACE ( 'NONE', ( #5797 ), #5882, .T. ) ;
#3257 = ADVANCED_FACE ( 'NONE', ( #5801 ), #5893, .T. ) ;
#3258 = ADVANCED_FACE ( 'NONE', ( #5981 ), #5904, .F. ) ;
#3259 = ADVANCED_FACE ( 'NONE', ( #5985 ), #5915, .F. ) ;
#3260 = ADVANCED_FACE ( 'NONE', ( #5989, #5990, #5991 ), #5926, .F. ) ;
#3261 = ADVANCED_FACE ( 'NONE', ( #5995 ), #5937, .T. ) ;
#3262 = ADVANCED_FACE ( 'NONE', ( #5999 ), #5948, .T. ) ;
#3263 = ADVANCED_FACE ( 'NONE', ( #6003 ), #6072, .T. ) ;
#3264 = ADVANCED_FACE ( 'NONE', ( #6007 ), #6083, .T. ) ;
#3265 = ADVANCED_FACE ( 'NONE', ( #6011 ), #6094, .T. ) ;
#3266 = ADVANCED_FACE ( 'NONE', ( #6015 ), #6105, .F. ) ;
#3267 = ADVANCED_FACE ( 'NONE', ( #6019 ), #6116, .T. ) ;
#3268 = ADVANCED_FACE ( 'NONE', ( #6023 ), #6127, .F. ) ;
#3269 = ADVANCED_FACE ( 'NONE', ( #6027 ), #6138, .F. ) ;
#3270 = ADVANCED_FACE ( 'NONE', ( #6206 ), #6210, .T. ) ;
#3271 = ADVANCED_FACE ( 'NONE', ( #6211 ), #6159, .F. ) ;
#3272 = ADVANCED_FACE ( 'NONE', ( #6215 ), #6170, .F. ) ;
#3273 = ADVANCED_FACE ( 'NONE', ( #6219 ), #6181, .F. ) ;
#3274 = ADVANCED_FACE ( 'NONE', ( #6223 ), #6227, .F. ) ;
#3275 = ADVANCED_FACE ( 'NONE', ( #6228 ), #6202, .F. ) ;
#3276 = ADVANCED_FACE ( 'NONE', ( #6232 ), #6296, .F. ) ;
#3277 = ADVANCED_FACE ( 'NONE', ( #6236 ), #6307, .T. ) ;
#3278 = ADVANCED_FACE ( 'NONE', ( #6240 ), #6244, .F. ) ;
#3279 = ADVANCED_FACE ( 'NONE', ( #6245 ), #6328, .F. ) ;
#3280 = ADVANCED_FACE ( 'NONE', ( #6249 ), #6339, .F. ) ;
#3281 = ADVANCED_FACE ( 'NONE', ( #6253 ), #6350, .F. ) ;
#3282 = ADVANCED_FACE ( 'NONE', ( #6433 ), #6437, .T. ) ;
#3283 = ADVANCED_FACE ( 'NONE', ( #6438 ), #6371, .F. ) ;
#3284 = ADVANCED_FACE ( 'NONE', ( #6442 ), #6382, .F. ) ;
#3285 = ADVANCED_FACE ( 'NONE', ( #6446 ), #6393, .F. ) ;
#3286 = ADVANCED_FACE ( 'NONE', ( #6450 ), #6404, .F. ) ;
#3287 = ADVANCED_FACE ( 'NONE', ( #6454 ), #6415, .T. ) ;
#3288 = ADVANCED_FACE ( 'NONE', ( #6458 ), #6426, .F. ) ;
#3289 = ADVANCED_FACE ( 'NONE', ( #6462 ), #6, .F. ) ;
#3290 = ADVANCED_FACE ( 'NONE', ( #6466 ), #6470, .T. ) ;
#3291 = ADVANCED_FACE ( 'NONE', ( #6471 ), #6475, .F. ) ;
#3292 = EDGE_CURVE ( 'NONE', #3459, #3428, #6476, .T. ) ;
#3293 = EDGE_CURVE ( 'NONE', #3423, #3459, #6478, .T. ) ;
#3294 = EDGE_CURVE ( 'NONE', #3430, #3423, #6479, .T. ) ;
#3295 = EDGE_CURVE ( 'NONE', #3430, #3460, #6480, .T. ) ;
#3296 = EDGE_CURVE ( 'NONE', #3458, #3460, #6481, .T. ) ;
#3297 = EDGE_CURVE ( 'NONE', #3458, #3427, #6482, .T. ) ;
#3298 = EDGE_CURVE ( 'NONE', #3427, #3454, #6483, .T. ) ;
#3299 = EDGE_CURVE ( 'NONE', #3454, #3426, #6484, .T. ) ;
#3300 = EDGE_CURVE ( 'NONE', #3426, #3424, #6485, .T. ) ;
#3301 = EDGE_CURVE ( 'NONE', #3417, #3425, #6486, .T. ) ;
#3302 = EDGE_CURVE ( 'NONE', #3421, #3424, #6487, .T. ) ;
#3303 = EDGE_CURVE ( 'NONE', #3425, #3418, #6488, .T. ) ;
#3304 = EDGE_CURVE ( 'NONE', #3417, #3422, #6489, .T. ) ;
#3305 = EDGE_CURVE ( 'NONE', #3416, #3971, #6490, .T. ) ;
#3306 = EDGE_CURVE ( 'NONE', #3422, #3418, #6491, .T. ) ;
#3307 = EDGE_CURVE ( 'NONE', #3416, #3967, #6492, .T. ) ;
#3308 = EDGE_CURVE ( 'NONE', #3971, #3969, #151, .T. ) ;
#3309 = EDGE_CURVE ( 'NONE', #3967, #3969, #152, .T. ) ;
#3310 = EDGE_CURVE ( 'NONE', #3975, #3970, #153, .T. ) ;
#3311 = EDGE_CURVE ( 'NONE', #3970, #3972, #154, .T. ) ;
#3312 = EDGE_CURVE ( 'NONE', #3975, #3973, #155, .T. ) ;
#3313 = EDGE_CURVE ( 'NONE', #3991, #3986, #156, .T. ) ;
#3314 = EDGE_CURVE ( 'NONE', #3972, #3973, #157, .T. ) ;
#3315 = EDGE_CURVE ( 'NONE', #3986, #4012, #158, .T. ) ;
#3316 = EDGE_CURVE ( 'NONE', #3991, #3976, #159, .T. ) ;
#3317 = EDGE_CURVE ( 'NONE', #4022, #4019, #160, .T. ) ;
#3318 = EDGE_CURVE ( 'NONE', #4012, #3976, #161, .T. ) ;
#3319 = EDGE_CURVE ( 'NONE', #4022, #4021, #162, .T. ) ;
#3320 = EDGE_CURVE ( 'NONE', #4014, #4019, #163, .T. ) ;
#3321 = EDGE_CURVE ( 'NONE', #4014, #4000, #164, .T. ) ;
#3322 = EDGE_CURVE ( 'NONE', #4000, #4011, #165, .T. ) ;
#3323 = EDGE_CURVE ( 'NONE', #4011, #4018, #166, .T. ) ;
#3324 = EDGE_CURVE ( 'NONE', #4018, #4017, #167, .T. ) ;
#3325 = EDGE_CURVE ( 'NONE', #4024, #4017, #168, .T. ) ;
#3326 = EDGE_CURVE ( 'NONE', #4016, #4024, #169, .T. ) ;
#3327 = EDGE_CURVE ( 'NONE', #4016, #4015, #170, .T. ) ;
#3328 = EDGE_CURVE ( 'NONE', #4015, #3992, #171, .T. ) ;
#3329 = EDGE_CURVE ( 'NONE', #4021, #3992, #172, .T. ) ;
#3330 = EDGE_CURVE ( 'NONE', #3990, #3994, #173, .T. ) ;
#3331 = EDGE_CURVE ( 'NONE', #3990, #4023, #174, .T. ) ;
#3332 = EDGE_CURVE ( 'NONE', #3995, #3994, #175, .T. ) ;
#3333 = EDGE_CURVE ( 'NONE', #3996, #3995, #176, .T. ) ;
#3334 = EDGE_CURVE ( 'NONE', #3996, #3998, #177, .T. ) ;
#3335 = EDGE_CURVE ( 'NONE', #3998, #4009, #178, .T. ) ;
#3336 = EDGE_CURVE ( 'NONE', #4009, #4010, #179, .T. ) ;
#3337 = EDGE_CURVE ( 'NONE', #4023, #4010, #180, .T. ) ;
#3338 = EDGE_CURVE ( 'NONE', #4008, #4005, #181, .T. ) ;
#3339 = EDGE_CURVE ( 'NONE', #4007, #4008, #182, .T. ) ;
#3340 = EDGE_CURVE ( 'NONE', #4005, #4006, #183, .T. ) ;
#3341 = EDGE_CURVE ( 'NONE', #4006, #4003, #297, .T. ) ;
#3342 = EDGE_CURVE ( 'NONE', #4003, #4004, #184, .T. ) ;
#3343 = EDGE_CURVE ( 'NONE', #4004, #3996, #6503, .T. ) ;
#3344 = EDGE_CURVE ( 'NONE', #3995, #4007, #185, .T. ) ;
#3345 = EDGE_CURVE ( 'NONE', #4002, #4011, #186, .T. ) ;
#3346 = EDGE_CURVE ( 'NONE', #3993, #4002, #187, .T. ) ;
#3347 = EDGE_CURVE ( 'NONE', #4013, #3993, #188, .T. ) ;
#3348 = EDGE_CURVE ( 'NONE', #3997, #4013, #189, .T. ) ;
#3349 = EDGE_CURVE ( 'NONE', #4001, #3997, #190, .T. ) ;
#3350 = EDGE_CURVE ( 'NONE', #3999, #4001, #191, .T. ) ;
#3351 = EDGE_CURVE ( 'NONE', #4019, #3999, #192, .T. ) ;
#3352 = EDGE_CURVE ( 'NONE', #4022, #4015, #193, .T. ) ;
#3353 = EDGE_CURVE ( 'NONE', #4016, #4018, #194, .T. ) ;
#3354 = EDGE_CURVE ( 'NONE', #3454, #3974, #195, .T. ) ;
#3355 = EDGE_CURVE ( 'NONE', #4020, #3974, #196, .T. ) ;
#3356 = EDGE_CURVE ( 'NONE', #4020, #3460, #197, .T. ) ;
#3357 = EDGE_CURVE ( 'NONE', #3985, #3430, #198, .T. ) ;
#3358 = EDGE_CURVE ( 'NONE', #3985, #3984, #199, .T. ) ;
#3359 = EDGE_CURVE ( 'NONE', #3984, #3426, #200, .T. ) ;
#3360 = EDGE_CURVE ( 'NONE', #3982, #3421, #201, .T. ) ;
#3361 = EDGE_CURVE ( 'NONE', #3983, #3982, #202, .T. ) ;
#3362 = EDGE_CURVE ( 'NONE', #3424, #3981, #203, .T. ) ;
#3363 = EDGE_CURVE ( 'NONE', #3987, #3981, #204, .T. ) ;
#3364 = EDGE_CURVE ( 'NONE', #3423, #3987, #205, .T. ) ;
#3365 = EDGE_CURVE ( 'NONE', #3459, #3983, #206, .T. ) ;
#3366 = EDGE_CURVE ( 'NONE', #3981, #3984, #207, .T. ) ;
#3367 = EDGE_CURVE ( 'NONE', #3987, #3985, #208, .T. ) ;
#3368 = EDGE_CURVE ( 'NONE', #3989, #3979, #209, .T. ) ;
#3369 = EDGE_CURVE ( 'NONE', #3988, #3989, #210, .T. ) ;
#3370 = EDGE_CURVE ( 'NONE', #3979, #3977, #211, .T. ) ;
#3371 = EDGE_CURVE ( 'NONE', #3977, #3978, #212, .T. ) ;
#3372 = EDGE_CURVE ( 'NONE', #3978, #3980, #213, .T. ) ;
#3373 = EDGE_CURVE ( 'NONE', #3980, #3968, #456, .T. ) ;
#3374 = EDGE_CURVE ( 'NONE', #3968, #3645, #214, .T. ) ;
#3375 = EDGE_CURVE ( 'NONE', #3645, #3988, #303, .T. ) ;
#3376 = EDGE_CURVE ( 'NONE', #3598, #3628, #215, .T. ) ;
#3377 = EDGE_CURVE ( 'NONE', #4007, #3598, #216, .T. ) ;
#3378 = EDGE_CURVE ( 'NONE', #4008, #3628, #217, .T. ) ;
#3379 = EDGE_CURVE ( 'NONE', #3994, #3598, #218, .T. ) ;
#3380 = EDGE_CURVE ( 'NONE', #3658, #3998, #466, .T. ) ;
#3381 = EDGE_CURVE ( 'NONE', #4004, #3658, #219, .T. ) ;
#3382 = VERTEX_POINT ( 'NONE', #415 ) ;
#3383 = VECTOR ( 'NONE', #3697, 1000.000000000000000 ) ;
#3384 = PRESENTATION_LAYER_ASSIGNMENT (  '', '', ( #5304 ) ) ;
#3385 = VECTOR ( 'NONE', #3699, 1000.000000000000000 ) ;
#3386 = MECHANICAL_DESIGN_GEOMETRIC_PRESENTATION_REPRESENTATION (  '', ( #5304 ), #4782 ) ;
#3387 = MECHANICAL_DESIGN_GEOMETRIC_PRESENTATION_REPRESENTATION (  '', ( #5780 ), #4810 ) ;
#3388 = MECHANICAL_DESIGN_GEOMETRIC_PRESENTATION_REPRESENTATION (  '', ( #5286 ), #4775 ) ;
#3389 = MECHANICAL_DESIGN_GEOMETRIC_PRESENTATION_REPRESENTATION (  '', ( #5300 ), #4780 ) ;
#3390 = AXIS2_PLACEMENT_3D ( 'NONE', #5322, #5323, #5324 ) ;
#3391 = AXIS2_PLACEMENT_3D ( 'NONE', #3710, #3711, #3712 ) ;
#3392 = MECHANICAL_DESIGN_GEOMETRIC_PRESENTATION_REPRESENTATION (  '', ( #5296 ), #4779 ) ;
#3393 = AXIS2_PLACEMENT_3D ( 'NONE', #5307, #5308, #5309 ) ;
#3394 = PRESENTATION_LAYER_ASSIGNMENT (  '', '', ( #5296 ) ) ;
#3395 = MECHANICAL_DESIGN_GEOMETRIC_PRESENTATION_REPRESENTATION (  '', ( #5427 ), #4784 ) ;
#3396 = PRESENTATION_LAYER_ASSIGNMENT (  '', '', ( #5427 ) ) ;
#3397 = PRESENTATION_LAYER_ASSIGNMENT (  '', '', ( #5300 ) ) ;
#3398 = AXIS2_PLACEMENT_3D ( 'NONE', #5333, #5334, #5335 ) ;
#3399 = PRESENTATION_LAYER_ASSIGNMENT (  '', '', ( #5290 ) ) ;
#3400 = AXIS2_PLACEMENT_3D ( 'NONE', #5343, #5344, #5345 ) ;
#3401 = PRESENTATION_LAYER_ASSIGNMENT (  '', '', ( #5286 ) ) ;
#3402 = VECTOR ( 'NONE', #3701, 1000.000000000000000 ) ;
#3403 = MECHANICAL_DESIGN_GEOMETRIC_PRESENTATION_REPRESENTATION (  '', ( #5290 ), #4776 ) ;
#3404 = AXIS2_PLACEMENT_3D ( 'NONE', #5354, #5355, #5356 ) ;
#3405 = VECTOR ( 'NONE', #3695, 1000.000000000000000 ) ;
#3406 = EDGE_LOOP ( 'NONE', ( #4481, #4482, #4483, #4479 ) ) ;
#3407 = EDGE_LOOP ( 'NONE', ( #4634, #4636, #4635, #4637 ) ) ;
#3408 = EDGE_LOOP ( 'NONE', ( #5210, #5212, #5211, #5213 ) ) ;
#3409 = EDGE_LOOP ( 'NONE', ( #4571, #4574, #4573, #4576 ) ) ;
#3410 = EDGE_LOOP ( 'NONE', ( #4569, #4570, #4568, #4572 ) ) ;
#3411 = EDGE_LOOP ( 'NONE', ( #4579, #4583, #4581, #4582, #4585, #4586, #4584, #4587 ) ) ;
#3412 = EDGE_LOOP ( 'NONE', ( #5146, #5148, #5147, #5149 ) ) ;
#3413 = EDGE_LOOP ( 'NONE', ( #5202, #5204, #5203, #5205 ) ) ;
#3414 = EDGE_LOOP ( 'NONE', ( #5155, #5156, #5154, #5158 ) ) ;
#3415 = EDGE_LOOP ( 'NONE', ( #5206, #5208, #5207, #5209 ) ) ;
#3416 = VERTEX_POINT ( 'NONE', #416 ) ;
#3417 = VERTEX_POINT ( 'NONE', #417 ) ;
#3418 = VERTEX_POINT ( 'NONE', #418 ) ;
#3419 = VERTEX_POINT ( 'NONE', #419 ) ;
#3420 = VERTEX_POINT ( 'NONE', #420 ) ;
#3421 = VERTEX_POINT ( 'NONE', #421 ) ;
#3422 = VERTEX_POINT ( 'NONE', #422 ) ;
#3423 = VERTEX_POINT ( 'NONE', #423 ) ;
#3424 = VERTEX_POINT ( 'NONE', #424 ) ;
#3425 = VERTEX_POINT ( 'NONE', #425 ) ;
#3426 = VERTEX_POINT ( 'NONE', #426 ) ;
#3427 = VERTEX_POINT ( 'NONE', #427 ) ;
#3428 = VERTEX_POINT ( 'NONE', #428 ) ;
#3429 = VERTEX_POINT ( 'NONE', #429 ) ;
#3430 = VERTEX_POINT ( 'NONE', #430 ) ;
#3431 = EDGE_LOOP ( 'NONE', ( #5174, #5176, #5175, #5177 ) ) ;
#3432 = EDGE_LOOP ( 'NONE', ( #5178, #5180, #5179, #5181 ) ) ;
#3433 = EDGE_LOOP ( 'NONE', ( #5182, #5184, #5183, #5185 ) ) ;
#3434 = EDGE_LOOP ( 'NONE', ( #5122, #5123, #5124, #5126 ) ) ;
#3435 = EDGE_LOOP ( 'NONE', ( #5159, #5160, #5161, #5157, #5162, #5163 ) ) ;
#3436 = EDGE_LOOP ( 'NONE', ( #5165, #5166, #5167, #5164, #5168, #5169 ) ) ;
#3437 = EDGE_LOOP ( 'NONE', ( #5085, #5086, #5087, #5084 ) ) ;
#3438 = EDGE_LOOP ( 'NONE', ( #5071, #5072, #5073, #5070, #5074, #5075, #5076, #5077, #5079, #5080, #5078, #5081, #5082, #5083 ) ) ;
#3439 = EDGE_LOOP ( 'NONE', ( #5103, #5104, #5105, #5102 ) ) ;
#3440 = EDGE_LOOP ( 'NONE', ( #4549, #4551, #4547, #4550, #4553, #4554, #4552, #4555 ) ) ;
#3441 = EDGE_LOOP ( 'NONE', ( #5061, #5064, #5063, #5065 ) ) ;
#3442 = EDGE_LOOP ( 'NONE', ( #5067, #5068, #5066, #5069 ) ) ;
#3443 = EDGE_LOOP ( 'NONE', ( #5197, #5198, #5199, #5196, #5200, #5201 ) ) ;
#3444 = EDGE_LOOP ( 'NONE', ( #5187, #5188, #5186, #5190 ) ) ;
#3445 = EDGE_LOOP ( 'NONE', ( #5191, #5192, #5193, #5189, #5194, #5195 ) ) ;
#3446 = EDGE_LOOP ( 'NONE', ( #4469, #4471, #4467, #4470, #4473, #4474, #4472, #4475 ) ) ;
#3447 = EDGE_LOOP ( 'NONE', ( #4477, #4478, #4476, #4480 ) ) ;
#3448 = EDGE_LOOP ( 'NONE', ( #5150, #5152, #5151, #5153 ) ) ;
#3449 = EDGE_LOOP ( 'NONE', ( #5127, #5128, #5129, #5125, #5130, #5131, #5132, #5133, #5134, #5135, #5136, #5137 ) ) ;
#3450 = EDGE_LOOP ( 'NONE', ( #5138, #5140, #5139, #5141 ) ) ;
#3451 = EDGE_LOOP ( 'NONE', ( #5142, #5144, #5143, #5145 ) ) ;
#3452 = EDGE_LOOP ( 'NONE', ( #4589, #4590, #4588, #4591, #4593, #4592, #4594, #4596 ) ) ;
#3453 = EDGE_LOOP ( 'NONE', ( #4650, #4652, #4651, #4653 ) ) ;
#3454 = VERTEX_POINT ( 'NONE', #431 ) ;
#3455 = EDGE_LOOP ( 'NONE', ( #5107, #5108, #5109, #5106, #5110, #5112, #5113, #5111, #5114, #5115, #5116, #5117 ) ) ;
#3456 = EDGE_LOOP ( 'NONE', ( #5089, #5090, #5091, #5088, #5092, #5093, #5095, #5096, #5094, #5097, #5098, #5099, #5100, #5101 ) ) ;
#3457 = EDGE_LOOP ( 'NONE', ( #5119, #5120, #5121, #5118 ) ) ;
#3458 = VERTEX_POINT ( 'NONE', #432 ) ;
#3459 = VERTEX_POINT ( 'NONE', #433 ) ;
#3460 = VERTEX_POINT ( 'NONE', #434 ) ;
#3461 = EDGE_LOOP ( 'NONE', ( #5251, #5252, #5250, #5254 ) ) ;
#3462 = EDGE_LOOP ( 'NONE', ( #5255, #5256, #5257, #5253, #5258, #5259 ) ) ;
#3463 = EDGE_LOOP ( 'NONE', ( #5261, #5262, #5263, #5260, #5264, #5265 ) ) ;
#3464 = EDGE_LOOP ( 'NONE', ( #4630, #4632, #4631, #4633 ) ) ;
#3465 = EDGE_LOOP ( 'NONE', ( #4337, #4340, #4339, #4342 ) ) ;
#3466 = CLOSED_SHELL ( 'NONE', ( #3196, #3185, #3191, #3194, #3195, #3197, #3192, #3239, #3240, #3241, #3242, #3243, #3244, #3245, #3246, #3247, #3248, #3249, #3250, #3251, #3252, #3253, #3254, #3255, #3256, #3257, #3258, #3259, #3260, #3261, #3262, #3263, #3264, #3265, #3266, #3267, #3268, #3269, #3270, #3271, #3272, #3273, #3274, #3275, #3276, #3277, #3278, #3279, #3280, #3281, #3282, #3283, #3284, #3285, #3286, #3287, #3288, #3289, #3290, #3291, #3842, #3843, #3844, #3845, #3846, #3847, #3848, #3849, #3850, #3851, #3852, #3853, #3854, #3855, #3856, #3857, #3858, #3859, #3860, #3861, #3862, #3863, #3864, #3865, #3866, #3867, #3868, #3869, #3870, #3871, #3872, #3873, #3874, #3875, #3876, #3877, #3878, #3879, #3880, #3881, #3882, #3883, #3884, #3885, #3886, #3887, #3888, #3889, #3890, #3891, #3892, #3893, #3894, #4747, #4748, #4749, #4750, #4751, #4752, #4753, #4754, #4755, #4756, #4757, #4758, #4759, #4760, #4761, #4762, #4763, #4764, #4765, #4766, #4767, #4768, #4769, #4770, #4771, #4772, #4773 ) ) ;
#3467 = EDGE_LOOP ( 'NONE', ( #5170, #5172, #5171, #5173 ) ) ;
#3468 = VECTOR ( 'NONE', #3683, 1000.000000000000000 ) ;
#3469 = MECHANICAL_DESIGN_GEOMETRIC_PRESENTATION_REPRESENTATION (  '', ( #5274 ), #3182 ) ;
#3470 = PRESENTATION_LAYER_ASSIGNMENT (  '', '', ( #5274 ) ) ;
#3471 = AXIS2_PLACEMENT_3D ( 'NONE', #3691, #3692, #3693 ) ;
#3472 = VECTOR ( 'NONE', #5393, 1000.000000000000000 ) ;
#3473 = VECTOR ( 'NONE', #3679, 1000.000000000000000 ) ;
#3474 = VECTOR ( 'NONE', #3681, 1000.000000000000000 ) ;
#3475 = VERTEX_POINT ( 'NONE', #435 ) ;
#3476 = ORIENTED_EDGE ( 'NONE', *, *, #3206, .T. ) ;
#3477 = ORIENTED_EDGE ( 'NONE', *, *, #3202, .T. ) ;
#3478 = ORIENTED_EDGE ( 'NONE', *, *, #3204, .T. ) ;
#3479 = ORIENTED_EDGE ( 'NONE', *, *, #3184, .T. ) ;
#3480 = ORIENTED_EDGE ( 'NONE', *, *, #3203, .F. ) ;
#3481 = ORIENTED_EDGE ( 'NONE', *, *, #3208, .T. ) ;
#3482 = ORIENTED_EDGE ( 'NONE', *, *, #3193, .T. ) ;
#3483 = ORIENTED_EDGE ( 'NONE', *, *, #3187, .F. ) ;
#3484 = ORIENTED_EDGE ( 'NONE', *, *, #3200, .T. ) ;
#3485 = ORIENTED_EDGE ( 'NONE', *, *, #3207, .F. ) ;
#3486 = ORIENTED_EDGE ( 'NONE', *, *, #3201, .F. ) ;
#3487 = ORIENTED_EDGE ( 'NONE', *, *, #3190, .T. ) ;
#3488 = ORIENTED_EDGE ( 'NONE', *, *, #3188, .T. ) ;
#3489 = VERTEX_POINT ( 'NONE', #436 ) ;
#3490 = VERTEX_POINT ( 'NONE', #437 ) ;
#3491 = VERTEX_POINT ( 'NONE', #438 ) ;
#3492 = EDGE_LOOP ( 'NONE', ( #4042, #4043, #4041, #4045 ) ) ;
#3493 = EDGE_LOOP ( 'NONE', ( #4033, #4035, #4034, #4036, #4037, #4038, #4040, #4039 ) ) ;
#3494 = VERTEX_POINT ( 'NONE', #439 ) ;
#3495 = EDGE_LOOP ( 'NONE', ( #4049, #4050, #4051, #4052, #4053, #4054 ) ) ;
#3496 = EDGE_LOOP ( 'NONE', ( #4046, #4047, #4044, #4048 ) ) ;
#3497 = ORIENTED_EDGE ( 'NONE', *, *, #3199, .F. ) ;
#3498 = EDGE_LOOP ( 'NONE', ( #3513, #3487, #3488, #3486 ) ) ;
#3499 = EDGE_LOOP ( 'NONE', ( #3482, #3479, #3478, #3480 ) ) ;
#3500 = EDGE_LOOP ( 'NONE', ( #3481, #3514, #3477, #3497 ) ) ;
#3501 = EDGE_LOOP ( 'NONE', ( #4163, #4164, #4161, #4165, #4166, #4167, #4169, #4168 ) ) ;
#3502 = EDGE_LOOP ( 'NONE', ( #4182, #4184, #4183, #4185, #4186, #4187, #4188, #4189 ) ) ;
#3503 = EDGE_LOOP ( 'NONE', ( #4298, #4300, #4299, #4301, #4302, #4303, #4304, #4305 ) ) ;
#3504 = EDGE_LOOP ( 'NONE', ( #4110, #4112, #4111, #4113 ) ) ;
#3505 = EDGE_LOOP ( 'NONE', ( #4114, #4116, #4115, #4117 ) ) ;
#3506 = EDGE_LOOP ( 'NONE', ( #4134, #4136, #4135, #4137, #4138, #4139, #4140, #4141 ) ) ;
#3507 = EDGE_LOOP ( 'NONE', ( #4118, #4120, #4119, #4121 ) ) ;
#3508 = EDGE_LOOP ( 'NONE', ( #3485, #3483, #3484, #3476 ) ) ;
#3509 = EDGE_LOOP ( 'NONE', ( #4106, #4108, #4107, #4109 ) ) ;
#3510 = EDGE_LOOP ( 'NONE', ( #4142, #4144, #4143, #4145, #4146, #4147, #4148, #4149 ) ) ;
#3511 = EDGE_LOOP ( 'NONE', ( #4122, #4124, #4123, #4125, #4126, #4127, #4128, #4129, #4130, #4131, #4132, #4133 ) ) ;
#3512 = EDGE_LOOP ( 'NONE', ( #3521, #3515, #5266, #4097, #4098, #4099, #4100, #4101, #4102, #4103, #4104, #4105 ) ) ;
#3513 = ORIENTED_EDGE ( 'NONE', *, *, #3189, .F. ) ;
#3514 = ORIENTED_EDGE ( 'NONE', *, *, #3198, .T. ) ;
#3515 = ORIENTED_EDGE ( 'NONE', *, *, #3205, .F. ) ;
#3516 = EDGE_LOOP ( 'NONE', ( #4206, #4208, #4207, #4209 ) ) ;
#3517 = EDGE_LOOP ( 'NONE', ( #4203, #4204, #4202, #4205 ) ) ;
#3518 = EDGE_LOOP ( 'NONE', ( #4287, #4288, #4286, #4290 ) ) ;
#3519 = EDGE_LOOP ( 'NONE', ( #4025, #4027, #4026, #4028 ) ) ;
#3520 = EDGE_LOOP ( 'NONE', ( #4029, #4031, #4030, #4032 ) ) ;
#3521 = ORIENTED_EDGE ( 'NONE', *, *, #3209, .T. ) ;
#3522 = EDGE_LOOP ( 'NONE', ( #4170, #4172, #4171, #4173, #4175, #4174, #4176, #4177 ) ) ;
#3523 = EDGE_LOOP ( 'NONE', ( #4150, #4152, #4151, #4153, #4154, #4155, #4156, #4157, #4158, #4159, #4160, #4162 ) ) ;
#3524 = EDGE_LOOP ( 'NONE', ( #4179, #4180, #4178, #4181 ) ) ;
#3525 = EDGE_LOOP ( 'NONE', ( #4271, #4272, #4269, #4274 ) ) ;
#3526 = EDGE_LOOP ( 'NONE', ( #4275, #4276, #4273, #4278 ) ) ;
#3527 = EDGE_LOOP ( 'NONE', ( #4267, #4268, #4265, #4270 ) ) ;
#3528 = EDGE_LOOP ( 'NONE', ( #4262, #4264, #4263, #4266 ) ) ;
#3529 = EDGE_LOOP ( 'NONE', ( #4245, #4248, #4247, #4249, #4250, #4251, #4252, #4253 ) ) ;
#3530 = EDGE_LOOP ( 'NONE', ( #4255, #4257, #4254, #4256, #4259, #4258, #4260, #4261 ) ) ;
#3531 = EDGE_LOOP ( 'NONE', ( #4192, #4191, #4193, #4190 ) ) ;
#3532 = EDGE_LOOP ( 'NONE', ( #4198, #4200, #4199, #4201 ) ) ;
#3533 = EDGE_LOOP ( 'NONE', ( #4319, #4320, #4317, #4322 ) ) ;
#3534 = EDGE_LOOP ( 'NONE', ( #4315, #4316, #4313, #4318 ) ) ;
#3535 = EDGE_LOOP ( 'NONE', ( #4071, #4072, #4073, #4074, #4075, #4077 ) ) ;
#3536 = EDGE_LOOP ( 'NONE', ( #4311, #4312, #4309, #4314 ) ) ;
#3537 = EDGE_LOOP ( 'NONE', ( #4307, #4308, #4306, #4310 ) ) ;
#3538 = EDGE_LOOP ( 'NONE', ( #4289, #4293, #4291, #4292, #4295, #4294, #4296, #4297 ) ) ;
#3539 = EDGE_LOOP ( 'NONE', ( #4283, #4284, #4285, #4281 ) ) ;
#3540 = EDGE_LOOP ( 'NONE', ( #4279, #4280, #4277, #4282 ) ) ;
#3541 = EDGE_LOOP ( 'NONE', ( #4082, #4083, #4081, #4084 ) ) ;
#3542 = EDGE_LOOP ( 'NONE', ( #4093, #4095, #4094, #4096 ) ) ;
#3543 = EDGE_LOOP ( 'NONE', ( #4239, #4240, #4241, #4237 ) ) ;
#3544 = EDGE_LOOP ( 'NONE', ( #4085, #4087, #4086, #4088 ) ) ;
#3545 = EDGE_LOOP ( 'NONE', ( #4067, #4068, #4069, #4070 ) ) ;
#3546 = EDGE_LOOP ( 'NONE', ( #4059, #4060, #4061, #4062 ) ) ;
#3547 = EDGE_LOOP ( 'NONE', ( #4055, #4056, #4057, #4058 ) ) ;
#3548 = EDGE_LOOP ( 'NONE', ( #4089, #4091, #4090, #4092 ) ) ;
#3549 = EDGE_LOOP ( 'NONE', ( #4063, #4064, #4065, #4066 ) ) ;
#3550 = EDGE_LOOP ( 'NONE', ( #4195, #4196, #4197, #4194 ) ) ;
#3551 = EDGE_LOOP ( 'NONE', ( #4243, #4244, #4242, #4246 ) ) ;
#3552 = EDGE_LOOP ( 'NONE', ( #4230, #4231, #4232, #4233 ) ) ;
#3553 = EDGE_LOOP ( 'NONE', ( #4226, #4228, #4227, #4229 ) ) ;
#3554 = EDGE_LOOP ( 'NONE', ( #4234, #4235, #4236, #4238 ) ) ;
#3555 = EDGE_LOOP ( 'NONE', ( #4212, #4211, #4210, #4213, #4214, #4215, #4217, #4216, #4218, #4220, #4219, #4221 ) ) ;
#3556 = EDGE_LOOP ( 'NONE', ( #4222, #4224, #4223, #4225 ) ) ;
#3557 = EDGE_LOOP ( 'NONE', ( #4078, #4079, #4080, #4076 ) ) ;
#3558 =( BOUNDED_CURVE ( )  B_SPLINE_CURVE ( 3, ( #5365, #5366, #5367, #5368 ),
 .UNSPECIFIED., .F., .T. ) 
 B_SPLINE_CURVE_WITH_KNOTS ( ( 4, 4 ),
 ( 1.570796326794896600, 2.243692648226300000 ),
 .UNSPECIFIED. ) 
 CURVE ( )  GEOMETRIC_REPRESENTATION_ITEM ( )  RATIONAL_B_SPLINE_CURVE ( ( 1.000000000000000000, 0.9626221392724373400, 0.9626221392724373400, 1.000000000000000000 ) ) 
 REPRESENTATION_ITEM ( '' )  );
#3559 =( BOUNDED_CURVE ( )  B_SPLINE_CURVE ( 3, ( #2035, #2036, #2037, #2038 ),
 .UNSPECIFIED., .F., .T. ) 
 B_SPLINE_CURVE_WITH_KNOTS ( ( 4, 4 ),
 ( 4.158113632011007300, 4.567538471728387800 ),
 .UNSPECIFIED. ) 
 CURVE ( )  GEOMETRIC_REPRESENTATION_ITEM ( )  RATIONAL_B_SPLINE_CURVE ( ( 1.000000000000000000, 0.9860796572706624900, 0.9860796572706624900, 1.000000000000000000 ) ) 
 REPRESENTATION_ITEM ( '' )  );
#3560 =( BOUNDED_CURVE ( )  B_SPLINE_CURVE ( 3, ( #5381, #5382, #5383, #5384 ),
 .UNSPECIFIED., .F., .T. ) 
 B_SPLINE_CURVE_WITH_KNOTS ( ( 4, 4 ),
 ( 0.8979000053634923500, 1.570796326794896600 ),
 .UNSPECIFIED. ) 
 CURVE ( )  GEOMETRIC_REPRESENTATION_ITEM ( )  RATIONAL_B_SPLINE_CURVE ( ( 1.000000000000000000, 0.9626221392724373400, 0.9626221392724373400, 1.000000000000000000 ) ) 
 REPRESENTATION_ITEM ( '' )  );
#3561 =( BOUNDED_CURVE ( )  B_SPLINE_CURVE ( 3, ( #5310, #5311, #5312, #5313 ),
 .UNSPECIFIED., .F., .T. ) 
 B_SPLINE_CURVE_WITH_KNOTS ( ( 4, 4 ),
 ( 3.602583806570271100, 4.712388980384689700 ),
 .UNSPECIFIED. ) 
 CURVE ( )  GEOMETRIC_REPRESENTATION_ITEM ( )  RATIONAL_B_SPLINE_CURVE ( ( 1.000000000000000000, 0.8999678449425758700, 0.8999678449425758700, 1.000000000000000000 ) ) 
 REPRESENTATION_ITEM ( '' )  );
#3562 =( BOUNDED_CURVE ( )  B_SPLINE_CURVE ( 3, ( #2045, #2046, #2047, #2048 ),
 .UNSPECIFIED., .F., .T. ) 
 B_SPLINE_CURVE_WITH_KNOTS ( ( 4, 4 ),
 ( 5.266664328758373900, 6.283185307179586200 ),
 .UNSPECIFIED. ) 
 CURVE ( )  GEOMETRIC_REPRESENTATION_ITEM ( )  RATIONAL_B_SPLINE_CURVE ( ( 1.000000000000000000, 0.9157282509253843500, 0.9157282509253843500, 1.000000000000000000 ) ) 
 REPRESENTATION_ITEM ( '' )  );
#3563 = MANIFOLD_SOLID_BREP ( 'TH Tails Pattern', #3466 ) ;
#3564 =( BOUNDED_CURVE ( )  B_SPLINE_CURVE ( 3, ( #964, #965, #966, #967 ),
 .UNSPECIFIED., .F., .T. ) 
 B_SPLINE_CURVE_WITH_KNOTS ( ( 4, 4 ),
 ( 0.4609911529804781600, 2.243692648226299100 ),
 .UNSPECIFIED. ) 
 CURVE ( )  GEOMETRIC_REPRESENTATION_ITEM ( )  RATIONAL_B_SPLINE_CURVE ( ( 1.000000000000000000, 0.7522412165933426400, 0.7522412165933426400, 1.000000000000000000 ) ) 
 REPRESENTATION_ITEM ( '' )  );
#3565 =( BOUNDED_CURVE ( )  B_SPLINE_CURVE ( 3, ( #5371, #5372, #5373, #5374 ),
 .UNSPECIFIED., .F., .T. ) 
 B_SPLINE_CURVE_WITH_KNOTS ( ( 4, 4 ),
 ( 4.712388980384689700, 5.822194154199108200 ),
 .UNSPECIFIED. ) 
 CURVE ( )  GEOMETRIC_REPRESENTATION_ITEM ( )  RATIONAL_B_SPLINE_CURVE ( ( 1.000000000000000000, 0.8999678449425758700, 0.8999678449425758700, 1.000000000000000000 ) ) 
 REPRESENTATION_ITEM ( '' )  );
#3566 =( BOUNDED_CURVE ( )  B_SPLINE_CURVE ( 3, ( #2063, #2064, #2065, #2066 ),
 .UNSPECIFIED., .F., .T. ) 
 B_SPLINE_CURVE_WITH_KNOTS ( ( 4, 4 ),
 ( 4.039492658953287600, 5.822194154199109100 ),
 .UNSPECIFIED. ) 
 CURVE ( )  GEOMETRIC_REPRESENTATION_ITEM ( )  RATIONAL_B_SPLINE_CURVE ( ( 1.000000000000000000, 0.7522412165933426400, 0.7522412165933426400, 1.000000000000000000 ) ) 
 REPRESENTATION_ITEM ( '' )  );
#3567 =( BOUNDED_CURVE ( )  B_SPLINE_CURVE ( 3, ( #2041, #2042, #2043, #2044 ),
 .UNSPECIFIED., .F., .T. ) 
 B_SPLINE_CURVE_WITH_KNOTS ( ( 4, 4 ),
 ( 0.0000000000000000000, 1.016520978421213300 ),
 .UNSPECIFIED. ) 
 CURVE ( )  GEOMETRIC_REPRESENTATION_ITEM ( )  RATIONAL_B_SPLINE_CURVE ( ( 1.000000000000000000, 0.9157282509253842400, 0.9157282509253842400, 1.000000000000000000 ) ) 
 REPRESENTATION_ITEM ( '' )  );
#3568 =( BOUNDED_CURVE ( )  B_SPLINE_CURVE ( 3, ( #2069, #2122, #2123, #2124 ),
 .UNSPECIFIED., .F., .T. ) 
 B_SPLINE_CURVE_WITH_KNOTS ( ( 4, 4 ),
 ( 3.602583806570270700, 5.385285301816092700 ),
 .UNSPECIFIED. ) 
 CURVE ( )  GEOMETRIC_REPRESENTATION_ITEM ( )  RATIONAL_B_SPLINE_CURVE ( ( 1.000000000000000000, 0.7522412165933423100, 0.7522412165933423100, 1.000000000000000000 ) ) 
 REPRESENTATION_ITEM ( '' )  );
#3569 =( BOUNDED_CURVE ( )  B_SPLINE_CURVE ( 3, ( #2145, #2146, #2147, #2148 ),
 .UNSPECIFIED., .F., .T. ) 
 B_SPLINE_CURVE_WITH_KNOTS ( ( 4, 4 ),
 ( 1.570796326794896600, 2.680601500609313800 ),
 .UNSPECIFIED. ) 
 CURVE ( )  GEOMETRIC_REPRESENTATION_ITEM ( )  RATIONAL_B_SPLINE_CURVE ( ( 1.000000000000000000, 0.8999678449425760900, 0.8999678449425760900, 1.000000000000000000 ) ) 
 REPRESENTATION_ITEM ( '' )  );
#3570 =( BOUNDED_CURVE ( )  B_SPLINE_CURVE ( 3, ( #2029, #2030, #2031, #2032 ),
 .UNSPECIFIED., .F., .T. ) 
 B_SPLINE_CURVE_WITH_KNOTS ( ( 4, 4 ),
 ( 1.715646835451199300, 2.125071675168579400 ),
 .UNSPECIFIED. ) 
 CURVE ( )  GEOMETRIC_REPRESENTATION_ITEM ( )  RATIONAL_B_SPLINE_CURVE ( ( 1.000000000000000000, 0.9860796572706626000, 0.9860796572706626000, 1.000000000000000000 ) ) 
 REPRESENTATION_ITEM ( '' )  );
#3571 =( BOUNDED_CURVE ( )  B_SPLINE_CURVE ( 3, ( #2051, #2052, #2053, #2054 ),
 .UNSPECIFIED., .F., .T. ) 
 B_SPLINE_CURVE_WITH_KNOTS ( ( 4, 4 ),
 ( 3.141592653589793100, 4.567538471728387800 ),
 .UNSPECIFIED. ) 
 CURVE ( )  GEOMETRIC_REPRESENTATION_ITEM ( )  RATIONAL_B_SPLINE_CURVE ( ( 1.000000000000000000, 0.8376137900302606000, 0.8376137900302606000, 1.000000000000000000 ) ) 
 REPRESENTATION_ITEM ( '' )  );
#3572 =( BOUNDED_CURVE ( )  B_SPLINE_CURVE ( 3, ( #2023, #2024, #2025, #2026 ),
 .UNSPECIFIED., .F., .T. ) 
 B_SPLINE_CURVE_WITH_KNOTS ( ( 4, 4 ),
 ( 0.8979000053634947900, 2.680601500609315600 ),
 .UNSPECIFIED. ) 
 CURVE ( )  GEOMETRIC_REPRESENTATION_ITEM ( )  RATIONAL_B_SPLINE_CURVE ( ( 1.000000000000000000, 0.7522412165933427500, 0.7522412165933427500, 1.000000000000000000 ) ) 
 REPRESENTATION_ITEM ( '' )  );
#3573 =( BOUNDED_CURVE ( )  B_SPLINE_CURVE ( 3, ( #2135, #2136, #2137, #2138 ),
 .UNSPECIFIED., .F., .T. ) 
 B_SPLINE_CURVE_WITH_KNOTS ( ( 4, 4 ),
 ( 4.712388980384689700, 5.822194154199107400 ),
 .UNSPECIFIED. ) 
 CURVE ( )  GEOMETRIC_REPRESENTATION_ITEM ( )  RATIONAL_B_SPLINE_CURVE ( ( 1.000000000000000000, 0.8999678449425758700, 0.8999678449425758700, 1.000000000000000000 ) ) 
 REPRESENTATION_ITEM ( '' )  );
#3574 =( BOUNDED_CURVE ( )  B_SPLINE_CURVE ( 3, ( #2059, #2060, #2061, #2062 ),
 .UNSPECIFIED., .F., .T. ) 
 B_SPLINE_CURVE_WITH_KNOTS ( ( 4, 4 ),
 ( 1.715646835451198700, 3.141592653589793100 ),
 .UNSPECIFIED. ) 
 CURVE ( )  GEOMETRIC_REPRESENTATION_ITEM ( )  RATIONAL_B_SPLINE_CURVE ( ( 1.000000000000000000, 0.8376137900302607100, 0.8376137900302607100, 1.000000000000000000 ) ) 
 REPRESENTATION_ITEM ( '' )  );
#3575 =( BOUNDED_CURVE ( )  B_SPLINE_CURVE ( 3, ( #2167, #2168, #2169, #2170 ),
 .UNSPECIFIED., .F., .T. ) 
 B_SPLINE_CURVE_WITH_KNOTS ( ( 4, 4 ),
 ( 4.712388980384689700, 5.822194154199106500 ),
 .UNSPECIFIED. ) 
 CURVE ( )  GEOMETRIC_REPRESENTATION_ITEM ( )  RATIONAL_B_SPLINE_CURVE ( ( 1.000000000000000000, 0.8999678449425762000, 0.8999678449425762000, 1.000000000000000000 ) ) 
 REPRESENTATION_ITEM ( '' )  );
#3576 =( BOUNDED_CURVE ( )  B_SPLINE_CURVE ( 3, ( #2131, #2132, #2133, #2134 ),
 .UNSPECIFIED., .F., .T. ) 
 B_SPLINE_CURVE_WITH_KNOTS ( ( 4, 4 ),
 ( 3.602583806570272000, 4.712388980384689700 ),
 .UNSPECIFIED. ) 
 CURVE ( )  GEOMETRIC_REPRESENTATION_ITEM ( )  RATIONAL_B_SPLINE_CURVE ( ( 1.000000000000000000, 0.8999678449425758700, 0.8999678449425758700, 1.000000000000000000 ) ) 
 REPRESENTATION_ITEM ( '' )  );
#3577 =( BOUNDED_CURVE ( )  B_SPLINE_CURVE ( 3, ( #2159, #2160, #2161, #2162 ),
 .UNSPECIFIED., .F., .T. ) 
 B_SPLINE_CURVE_WITH_KNOTS ( ( 4, 4 ),
 ( 3.602583806570272400, 4.712388980384689700 ),
 .UNSPECIFIED. ) 
 CURVE ( )  GEOMETRIC_REPRESENTATION_ITEM ( )  RATIONAL_B_SPLINE_CURVE ( ( 1.000000000000000000, 0.8999678449425760900, 0.8999678449425760900, 1.000000000000000000 ) ) 
 REPRESENTATION_ITEM ( '' )  );
#3578 =( BOUNDED_CURVE ( )  B_SPLINE_CURVE ( 3, ( #2151, #2152, #2153, #2154 ),
 .UNSPECIFIED., .F., .T. ) 
 B_SPLINE_CURVE_WITH_KNOTS ( ( 4, 4 ),
 ( 0.4609911529804797100, 1.570796326794896600 ),
 .UNSPECIFIED. ) 
 CURVE ( )  GEOMETRIC_REPRESENTATION_ITEM ( )  RATIONAL_B_SPLINE_CURVE ( ( 1.000000000000000000, 0.8999678449425762000, 0.8999678449425762000, 1.000000000000000000 ) ) 
 REPRESENTATION_ITEM ( '' )  );
#3579 =( BOUNDED_CURVE ( )  B_SPLINE_CURVE ( 3, ( #2191, #2192, #2193, #2194 ),
 .UNSPECIFIED., .F., .T. ) 
 B_SPLINE_CURVE_WITH_KNOTS ( ( 4, 4 ),
 ( 1.570796326794896600, 2.680601500609315100 ),
 .UNSPECIFIED. ) 
 CURVE ( )  GEOMETRIC_REPRESENTATION_ITEM ( )  RATIONAL_B_SPLINE_CURVE ( ( 1.000000000000000000, 0.8999678449425758700, 0.8999678449425758700, 1.000000000000000000 ) ) 
 REPRESENTATION_ITEM ( '' )  );
#3580 =( BOUNDED_CURVE ( )  B_SPLINE_CURVE ( 3, ( #2175, #2176, #2177, #2178 ),
 .UNSPECIFIED., .F., .T. ) 
 B_SPLINE_CURVE_WITH_KNOTS ( ( 4, 4 ),
 ( 1.570796326794896600, 2.680601500609312900 ),
 .UNSPECIFIED. ) 
 CURVE ( )  GEOMETRIC_REPRESENTATION_ITEM ( )  RATIONAL_B_SPLINE_CURVE ( ( 1.000000000000000000, 0.8999678449425762000, 0.8999678449425762000, 1.000000000000000000 ) ) 
 REPRESENTATION_ITEM ( '' )  );
#3581 =( BOUNDED_CURVE ( )  B_SPLINE_CURVE ( 3, ( #2181, #2182, #2183, #2184 ),
 .UNSPECIFIED., .F., .T. ) 
 B_SPLINE_CURVE_WITH_KNOTS ( ( 4, 4 ),
 ( 0.4609911529804801600, 1.570796326794896600 ),
 .UNSPECIFIED. ) 
 CURVE ( )  GEOMETRIC_REPRESENTATION_ITEM ( )  RATIONAL_B_SPLINE_CURVE ( ( 1.000000000000000000, 0.8999678449425762000, 0.8999678449425762000, 1.000000000000000000 ) ) 
 REPRESENTATION_ITEM ( '' )  );
#3582 =( BOUNDED_CURVE ( )  B_SPLINE_CURVE ( 3, ( #2205, #2206, #2207, #2208 ),
 .UNSPECIFIED., .F., .T. ) 
 B_SPLINE_CURVE_WITH_KNOTS ( ( 4, 4 ),
 ( 0.0000000000000000000, 1.425945818138594000 ),
 .UNSPECIFIED. ) 
 CURVE ( )  GEOMETRIC_REPRESENTATION_ITEM ( )  RATIONAL_B_SPLINE_CURVE ( ( 1.000000000000000000, 0.8376137900302609300, 0.8376137900302609300, 1.000000000000000000 ) ) 
 REPRESENTATION_ITEM ( '' )  );
#3583 =( BOUNDED_CURVE ( )  B_SPLINE_CURVE ( 3, ( #2211, #2212, #2213, #2214 ),
 .UNSPECIFIED., .F., .T. ) 
 B_SPLINE_CURVE_WITH_KNOTS ( ( 4, 4 ),
 ( 2.125071675168579900, 3.141592653589793100 ),
 .UNSPECIFIED. ) 
 CURVE ( )  GEOMETRIC_REPRESENTATION_ITEM ( )  RATIONAL_B_SPLINE_CURVE ( ( 1.000000000000000000, 0.9157282509253842400, 0.9157282509253842400, 1.000000000000000000 ) ) 
 REPRESENTATION_ITEM ( '' )  );
#3584 =( BOUNDED_CURVE ( )  B_SPLINE_CURVE ( 3, ( #2195, #2196, #2197, #2198 ),
 .UNSPECIFIED., .F., .T. ) 
 B_SPLINE_CURVE_WITH_KNOTS ( ( 4, 4 ),
 ( 0.4609911529804782700, 1.570796326794896600 ),
 .UNSPECIFIED. ) 
 CURVE ( )  GEOMETRIC_REPRESENTATION_ITEM ( )  RATIONAL_B_SPLINE_CURVE ( ( 1.000000000000000000, 0.8999678449425758700, 0.8999678449425758700, 1.000000000000000000 ) ) 
 REPRESENTATION_ITEM ( '' )  );
#3585 =( BOUNDED_CURVE ( )  B_SPLINE_CURVE ( 3, ( #2201, #2202, #2203, #2204 ),
 .UNSPECIFIED., .F., .T. ) 
 B_SPLINE_CURVE_WITH_KNOTS ( ( 4, 4 ),
 ( 4.857239489040992500, 6.283185307179586200 ),
 .UNSPECIFIED. ) 
 CURVE ( )  GEOMETRIC_REPRESENTATION_ITEM ( )  RATIONAL_B_SPLINE_CURVE ( ( 1.000000000000000000, 0.8376137900302609300, 0.8376137900302609300, 1.000000000000000000 ) ) 
 REPRESENTATION_ITEM ( '' )  );
#3586 =( BOUNDED_CURVE ( )  B_SPLINE_CURVE ( 3, ( #2566, #2567, #2568, #2569 ),
 .UNSPECIFIED., .F., .T. ) 
 B_SPLINE_CURVE_WITH_KNOTS ( ( 4, 4 ),
 ( 4.712388980384689700, 5.385285301816090000 ),
 .UNSPECIFIED. ) 
 CURVE ( )  GEOMETRIC_REPRESENTATION_ITEM ( )  RATIONAL_B_SPLINE_CURVE ( ( 1.000000000000000000, 0.9626221392724376700, 0.9626221392724376700, 1.000000000000000000 ) ) 
 REPRESENTATION_ITEM ( '' )  );
#3587 =( BOUNDED_CURVE ( )  B_SPLINE_CURVE ( 3, ( #2560, #2561, #2562, #2563 ),
 .UNSPECIFIED., .F., .T. ) 
 B_SPLINE_CURVE_WITH_KNOTS ( ( 4, 4 ),
 ( 1.016520978421212800, 1.425945818138594700 ),
 .UNSPECIFIED. ) 
 CURVE ( )  GEOMETRIC_REPRESENTATION_ITEM ( )  RATIONAL_B_SPLINE_CURVE ( ( 1.000000000000000000, 0.9860796572706622700, 0.9860796572706622700, 1.000000000000000000 ) ) 
 REPRESENTATION_ITEM ( '' )  );
#3588 =( BOUNDED_CURVE ( )  B_SPLINE_CURVE ( 3, ( #2570, #2571, #2572, #2573 ),
 .UNSPECIFIED., .F., .T. ) 
 B_SPLINE_CURVE_WITH_KNOTS ( ( 4, 4 ),
 ( 4.039492658953289400, 4.712388980384689700 ),
 .UNSPECIFIED. ) 
 CURVE ( )  GEOMETRIC_REPRESENTATION_ITEM ( )  RATIONAL_B_SPLINE_CURVE ( ( 1.000000000000000000, 0.9626221392724376700, 0.9626221392724376700, 1.000000000000000000 ) ) 
 REPRESENTATION_ITEM ( '' )  );
#3589 =( BOUNDED_CURVE ( )  B_SPLINE_CURVE ( 3, ( #2359, #2360, #2361, #2362 ),
 .UNSPECIFIED., .F., .T. ) 
 B_SPLINE_CURVE_WITH_KNOTS ( ( 4, 4 ),
 ( 3.141592653589793100, 4.158113632011006400 ),
 .UNSPECIFIED. ) 
 CURVE ( )  GEOMETRIC_REPRESENTATION_ITEM ( )  RATIONAL_B_SPLINE_CURVE ( ( 1.000000000000000000, 0.9157282509253842400, 0.9157282509253842400, 1.000000000000000000 ) ) 
 REPRESENTATION_ITEM ( '' )  );
#3590 =( BOUNDED_CURVE ( )  B_SPLINE_CURVE ( 3, ( #2556, #2557, #2558, #2559 ),
 .UNSPECIFIED., .F., .F. ) 
 B_SPLINE_CURVE_WITH_KNOTS ( ( 4, 4 ),
 ( 4.857239489040991600, 5.266664328758373900 ),
 .UNSPECIFIED. ) 
 CURVE ( )  GEOMETRIC_REPRESENTATION_ITEM ( )  RATIONAL_B_SPLINE_CURVE ( ( 1.000000000000000000, 0.9860796572706622700, 0.9860796572706622700, 1.000000000000000000 ) ) 
 REPRESENTATION_ITEM ( '' )  );
#3591 = ADVANCED_BREP_SHAPE_REPRESENTATION ( 'Samtec-$PARTNUMBER', ( #3563, #3032 ), #5056 ) ;
#3592 = VERTEX_POINT ( 'NONE', #482 ) ;
#3593 = VERTEX_POINT ( 'NONE', #483 ) ;
#3594 = VERTEX_POINT ( 'NONE', #484 ) ;
#3595 = VERTEX_POINT ( 'NONE', #485 ) ;
#3596 = VERTEX_POINT ( 'NONE', #486 ) ;
#3597 = VERTEX_POINT ( 'NONE', #487 ) ;
#3598 = VERTEX_POINT ( 'NONE', #488 ) ;
#3599 = VERTEX_POINT ( 'NONE', #489 ) ;
#3600 = EDGE_LOOP ( 'NONE', ( #4333, #4336, #4335, #4338 ) ) ;
#3601 = EDGE_LOOP ( 'NONE', ( #4331, #4332, #4330, #4334 ) ) ;
#3602 = EDGE_LOOP ( 'NONE', ( #4671, #4672, #4670, #4673, #4674 ) ) ;
#3603 = EDGE_LOOP ( 'NONE', ( #4341, #4344, #4343, #4345, #4465, #4464, #4466, #4468 ) ) ;
#3604 = EDGE_LOOP ( 'NONE', ( #4666, #4668, #4667, #4669 ) ) ;
#3605 = EDGE_LOOP ( 'NONE', ( #4575, #4578, #4577, #4580 ) ) ;
#3606 = EDGE_LOOP ( 'NONE', ( #4621, #4623, #4622, #4624, #4625 ) ) ;
#3607 = EDGE_LOOP ( 'NONE', ( #4642, #4644, #4643, #4645 ) ) ;
#3608 = EDGE_LOOP ( 'NONE', ( #4654, #4656, #4655, #4657 ) ) ;
#3609 = EDGE_LOOP ( 'NONE', ( #4597, #4598, #4599, #4595 ) ) ;
#3610 = EDGE_LOOP ( 'NONE', ( #4626, #4628, #4627, #4629 ) ) ;
#3611 = EDGE_LOOP ( 'NONE', ( #4678, #5058, #5057, #5059, #5060, #5062 ) ) ;
#3612 = EDGE_LOOP ( 'NONE', ( #4675, #4677, #4676 ) ) ;
#3613 = EDGE_LOOP ( 'NONE', ( #4601, #4602, #4603, #4600 ) ) ;
#3614 = EDGE_LOOP ( 'NONE', ( #4605, #4606, #4607, #4604 ) ) ;
#3615 = EDGE_LOOP ( 'NONE', ( #4608, #4610, #4609, #4611 ) ) ;
#3616 = EDGE_LOOP ( 'NONE', ( #4539, #4542, #4541, #4543, #4545, #4544, #4546, #4548 ) ) ;
#3617 = EDGE_LOOP ( 'NONE', ( #4535, #4538, #4537, #4540 ) ) ;
#3618 = EDGE_LOOP ( 'NONE', ( #4531, #4534, #4533, #4536 ) ) ;
#3619 = EDGE_LOOP ( 'NONE', ( #4509, #4510, #4508, #4511, #4513, #4512, #4514, #4516 ) ) ;
#3620 = EDGE_LOOP ( 'NONE', ( #4327, #4328, #4329, #4325 ) ) ;
#3621 = EDGE_LOOP ( 'NONE', ( #4639, #4640, #4638, #4641 ) ) ;
#3622 = EDGE_LOOP ( 'NONE', ( #4323, #4324, #4321, #4326 ) ) ;
#3623 = EDGE_LOOP ( 'NONE', ( #4529, #4530, #4528, #4532 ) ) ;
#3624 = EDGE_LOOP ( 'NONE', ( #4557, #4558, #4556, #4560 ) ) ;
#3625 = EDGE_LOOP ( 'NONE', ( #4495, #4498, #4497, #4500 ) ) ;
#3626 = EDGE_LOOP ( 'NONE', ( #4499, #4503, #4501, #4502, #4505, #4506, #4504, #4507 ) ) ;
#3627 = EDGE_LOOP ( 'NONE', ( #4525, #4526, #4527, #4524 ) ) ;
#3628 = VERTEX_POINT ( 'NONE', #490 ) ;
#3629 = VERTEX_POINT ( 'NONE', #491 ) ;
#3630 = VERTEX_POINT ( 'NONE', #492 ) ;
#3631 = VERTEX_POINT ( 'NONE', #493 ) ;
#3632 = VERTEX_POINT ( 'NONE', #494 ) ;
#3633 = VERTEX_POINT ( 'NONE', #495 ) ;
#3634 = EDGE_LOOP ( 'NONE', ( #4565, #4566, #4567, #4564 ) ) ;
#3635 = EDGE_LOOP ( 'NONE', ( #4489, #4490, #4488, #4492 ) ) ;
#3636 = EDGE_LOOP ( 'NONE', ( #4618, #4620, #4619 ) ) ;
#3637 = EDGE_LOOP ( 'NONE', ( #4491, #4494, #4493, #4496 ) ) ;
#3638 = EDGE_LOOP ( 'NONE', ( #4561, #4562, #4563, #4559 ) ) ;
#3639 = EDGE_LOOP ( 'NONE', ( #5229, #5230, #5231, #5228, #5232, #5233 ) ) ;
#3640 = EDGE_LOOP ( 'NONE', ( #4485, #4486, #4487, #4484 ) ) ;
#3641 = EDGE_LOOP ( 'NONE', ( #5234, #5236, #5235, #5237 ) ) ;
#3642 = EDGE_LOOP ( 'NONE', ( #5238, #5240, #5239, #5241 ) ) ;
#3643 = EDGE_LOOP ( 'NONE', ( #5214, #5216, #5215, #5217 ) ) ;
#3644 = VERTEX_POINT ( 'NONE', #496 ) ;
#3645 = VERTEX_POINT ( 'NONE', #497 ) ;
#3646 = VERTEX_POINT ( 'NONE', #498 ) ;
#3647 = VERTEX_POINT ( 'NONE', #499 ) ;
#3648 = VERTEX_POINT ( 'NONE', #500 ) ;
#3649 = VERTEX_POINT ( 'NONE', #501 ) ;
#3650 = VERTEX_POINT ( 'NONE', #502 ) ;
#3651 = VERTEX_POINT ( 'NONE', #503 ) ;
#3652 = VERTEX_POINT ( 'NONE', #504 ) ;
#3653 = VERTEX_POINT ( 'NONE', #505 ) ;
#3654 = VERTEX_POINT ( 'NONE', #506 ) ;
#3655 = VERTEX_POINT ( 'NONE', #507 ) ;
#3656 = VERTEX_POINT ( 'NONE', #508 ) ;
#3657 = VERTEX_POINT ( 'NONE', #509 ) ;
#3658 = VERTEX_POINT ( 'NONE', #510 ) ;
#3659 = EDGE_LOOP ( 'NONE', ( #5223, #5224, #5225, #5221, #5226, #5227 ) ) ;
#3660 = EDGE_LOOP ( 'NONE', ( #5219, #5220, #5218, #5222 ) ) ;
#3661 = VERTEX_POINT ( 'NONE', #511 ) ;
#3662 = VERTEX_POINT ( 'NONE', #512 ) ;
#3663 = VERTEX_POINT ( 'NONE', #513 ) ;
#3664 = EDGE_LOOP ( 'NONE', ( #5242, #5244, #5243, #5245 ) ) ;
#3665 = EDGE_LOOP ( 'NONE', ( #5246, #5248, #5247, #5249 ) ) ;
#3666 = EDGE_LOOP ( 'NONE', ( #4517, #4518, #4519, #4515 ) ) ;
#3667 = EDGE_LOOP ( 'NONE', ( #4521, #4522, #4523, #4520 ) ) ;
#3668 = EDGE_LOOP ( 'NONE', ( #4612, #4614, #4613, #4615, #4616, #4617 ) ) ;
#3669 = EDGE_LOOP ( 'NONE', ( #4646, #4648, #4647, #4649 ) ) ;
#3670 = EDGE_LOOP ( 'NONE', ( #4659, #4660, #4658, #4661 ) ) ;
#3671 = EDGE_LOOP ( 'NONE', ( #4662, #4664, #4663, #4665 ) ) ;
#3672 = VECTOR ( 'NONE', #5364, 1000.000000000000000 ) ;
#3673 = CIRCLE ( 'NONE', #3950, 0.5000000000000000000 ) ;
#3674 = VECTOR ( 'NONE', #5358, 1000.000000000000000 ) ;
#3675 = VECTOR ( 'NONE', #5370, 1000.000000000000000 ) ;
#3676 = VECTOR ( 'NONE', #5362, 1000.000000000000000 ) ;
#3677 = VECTOR ( 'NONE', #5360, 1000.000000000000000 ) ;
#3678 = CARTESIAN_POINT ( 'NONE',  ( 3.725000000000000500, -3.450000000000000200, 7.650000000000002100 ) ) ;
#3679 = DIRECTION ( 'NONE',  ( 1.000000000000000000, 1.164243943608595400E-016, 0.0000000000000000000 ) ) ;
#3680 = CARTESIAN_POINT ( 'NONE',  ( -3.724999999999998800, -3.450000000000001100, -0.8499999999999983100 ) ) ;
#3681 = DIRECTION ( 'NONE',  ( -0.0000000000000000000, -0.0000000000000000000, 1.000000000000000000 ) ) ;
#3682 = CARTESIAN_POINT ( 'NONE',  ( -7.050000000000006000, -7.400000000000000400, -1.274999999999998800 ) ) ;
#3683 = DIRECTION ( 'NONE',  ( -0.0000000000000000000, -0.0000000000000000000, -1.000000000000000000 ) ) ;
#3684 = FILL_AREA_STYLE_COLOUR ( '', #3186 ) ;
#3685 = FILL_AREA_STYLE ('',( #3684 ) ) ;
#3686 = SURFACE_SIDE_STYLE ('',( #5272 ) ) ;
#3687 = SURFACE_STYLE_USAGE ( .BOTH. , #3686 ) ;
#3688 =( LENGTH_UNIT ( ) NAMED_UNIT ( * ) SI_UNIT ( .MILLI., .METRE. ) );
#3689 =( NAMED_UNIT ( * ) PLANE_ANGLE_UNIT ( ) SI_UNIT ( $, .RADIAN. ) );
#3690 =( NAMED_UNIT ( * ) SI_UNIT ( $, .STERADIAN. ) SOLID_ANGLE_UNIT ( ) );
#3691 = CARTESIAN_POINT ( 'NONE',  ( -6.180000000000004200, -7.400000000000000400, -1.274999999999998800 ) ) ;
#3692 = DIRECTION ( 'NONE',  ( -0.0000000000000000000, -0.0000000000000000000, -1.000000000000000000 ) ) ;
#3693 = DIRECTION ( 'NONE',  ( -1.000000000000000000, 0.0000000000000000000, 0.0000000000000000000 ) ) ;
#3694 = CARTESIAN_POINT ( 'NONE',  ( 1.580000000000003200, -5.249999999999999100, -7.425000000000000700 ) ) ;
#3695 = DIRECTION ( 'NONE',  ( 1.000000000000000000, -0.0000000000000000000, -0.0000000000000000000 ) ) ;
#3696 = CARTESIAN_POINT ( 'NONE',  ( -1.580000000000003200, -5.249999999999999100, -7.175000000000000700 ) ) ;
#3697 = DIRECTION ( 'NONE',  ( 1.000000000000000000, 0.0000000000000000000, 0.0000000000000000000 ) ) ;
#3698 = CARTESIAN_POINT ( 'NONE',  ( -1.580000000000003200, -5.249999999999999100, -7.425000000000000700 ) ) ;
#3699 = DIRECTION ( 'NONE',  ( 1.000000000000000000, 0.0000000000000000000, 0.0000000000000000000 ) ) ;
#3700 = CARTESIAN_POINT ( 'NONE',  ( -1.580000000000003200, -5.249999999999999100, -7.425000000000000700 ) ) ;
#3701 = DIRECTION ( 'NONE',  ( -0.0000000000000000000, -0.0000000000000000000, 1.000000000000000000 ) ) ;
#3702 = FILL_AREA_STYLE_COLOUR ( '', #4774 ) ;
#3703 = FILL_AREA_STYLE ('',( #3702 ) ) ;
#3704 = SURFACE_SIDE_STYLE ('',( #5276 ) ) ;
#3705 = SURFACE_STYLE_USAGE ( .BOTH. , #3704 ) ;
#3706 =( LENGTH_UNIT ( ) NAMED_UNIT ( * ) SI_UNIT ( .MILLI., .METRE. ) );
#3707 =( NAMED_UNIT ( * ) PLANE_ANGLE_UNIT ( ) SI_UNIT ( $, .RADIAN. ) );
#3708 =( NAMED_UNIT ( * ) SI_UNIT ( $, .STERADIAN. ) SOLID_ANGLE_UNIT ( ) );
#3709 = PLANE ( 'NONE',  #3391 ) ;
#3710 = CARTESIAN_POINT ( 'NONE',  ( -5.999999999999997300, -5.249999999999999100, 8.150000000000000400 ) ) ;
#3711 = DIRECTION ( 'NONE',  ( 0.0000000000000000000, 1.000000000000000000, 0.0000000000000000000 ) ) ;
#3712 = DIRECTION ( 'NONE',  ( 0.0000000000000000000, -0.0000000000000000000, 1.000000000000000000 ) ) ;
#3713 = FILL_AREA_STYLE_COLOUR ( '', #4777 ) ;
#3714 = FILL_AREA_STYLE ('',( #3713 ) ) ;
#3715 = SURFACE_SIDE_STYLE ('',( #5288 ) ) ;
#3716 = SURFACE_STYLE_USAGE ( .BOTH. , #3715 ) ;
#3717 =( LENGTH_UNIT ( ) NAMED_UNIT ( * ) SI_UNIT ( .MILLI., .METRE. ) );
#3718 =( NAMED_UNIT ( * ) PLANE_ANGLE_UNIT ( ) SI_UNIT ( $, .RADIAN. ) );
#3719 = EDGE_CURVE ( 'NONE', #3648, #3491, #222, .T. ) ;
#3720 = EDGE_CURVE ( 'NONE', #4001, #3662, #223, .T. ) ;
#3721 = EDGE_CURVE ( 'NONE', #3663, #3662, #224, .T. ) ;
#3722 = EDGE_CURVE ( 'NONE', #3997, #3663, #225, .T. ) ;
#3723 = EDGE_CURVE ( 'NONE', #4013, #3661, #226, .T. ) ;
#3724 = EDGE_CURVE ( 'NONE', #3633, #3661, #227, .T. ) ;
#3725 = EDGE_CURVE ( 'NONE', #3993, #3633, #228, .T. ) ;
#3726 = EDGE_CURVE ( 'NONE', #3654, #3653, #229, .T. ) ;
#3727 = EDGE_CURVE ( 'NONE', #3599, #3596, #230, .T. ) ;
#3728 = EDGE_CURVE ( 'NONE', #3632, #3599, #231, .T. ) ;
#3729 = EDGE_CURVE ( 'NONE', #3596, #3594, #232, .T. ) ;
#3730 = EDGE_CURVE ( 'NONE', #3594, #3632, #233, .T. ) ;
#3731 = EDGE_CURVE ( 'NONE', #4000, #3594, #234, .T. ) ;
#3732 = EDGE_CURVE ( 'NONE', #3632, #4014, #235, .T. ) ;
#3733 = EDGE_CURVE ( 'NONE', #3599, #3653, #236, .T. ) ;
#3734 = EDGE_CURVE ( 'NONE', #3654, #3596, #237, .T. ) ;
#3735 = EDGE_CURVE ( 'NONE', #3629, #3657, #238, .T. ) ;
#3736 = EDGE_CURVE ( 'NONE', #3630, #3656, #239, .T. ) ;
#3737 = EDGE_CURVE ( 'NONE', #3630, #3629, #240, .T. ) ;
#3738 = EDGE_CURVE ( 'NONE', #3489, #3631, #241, .T. ) ;
#3739 = EDGE_CURVE ( 'NONE', #3631, #3597, #618, .T. ) ;
#3740 = EDGE_CURVE ( 'NONE', #3597, #3494, #242, .T. ) ;
#3741 = EDGE_CURVE ( 'NONE', #3494, #3475, #243, .T. ) ;
#3742 = EDGE_CURVE ( 'NONE', #3475, #3490, #244, .T. ) ;
#3743 = EDGE_CURVE ( 'NONE', #3490, #3630, #474, .T. ) ;
#3744 = EDGE_CURVE ( 'NONE', #3655, #3595, #245, .T. ) ;
#3745 = EDGE_CURVE ( 'NONE', #4346, #3629, #475, .T. ) ;
#3746 = EDGE_CURVE ( 'NONE', #4347, #4346, #246, .T. ) ;
#3747 = EDGE_CURVE ( 'NONE', #4348, #4347, #247, .T. ) ;
#3748 = EDGE_CURVE ( 'NONE', #4349, #4348, #248, .T. ) ;
#3749 = EDGE_CURVE ( 'NONE', #3595, #4349, #632, .T. ) ;
#3750 = EDGE_CURVE ( 'NONE', #3631, #3595, #249, .T. ) ;
#3751 = EDGE_CURVE ( 'NONE', #3597, #4349, #250, .T. ) ;
#3752 = EDGE_CURVE ( 'NONE', #3494, #4348, #251, .T. ) ;
#3753 = EDGE_CURVE ( 'NONE', #3475, #4347, #252, .T. ) ;
#3754 = EDGE_CURVE ( 'NONE', #3490, #4346, #253, .T. ) ;
#3755 = EDGE_CURVE ( 'NONE', #4023, #4350, #254, .T. ) ;
#3756 = EDGE_CURVE ( 'NONE', #4010, #4351, #255, .T. ) ;
#3757 = EDGE_CURVE ( 'NONE', #4350, #4351, #256, .T. ) ;
#3758 = EDGE_CURVE ( 'NONE', #4352, #3990, #257, .T. ) ;
#3759 = EDGE_CURVE ( 'NONE', #4350, #4353, #642, .T. ) ;
#3760 = EDGE_CURVE ( 'NONE', #4353, #4354, #258, .T. ) ;
#3761 = EDGE_CURVE ( 'NONE', #4354, #4355, #259, .T. ) ;
#3762 = EDGE_CURVE ( 'NONE', #4355, #4356, #260, .T. ) ;
#3763 = EDGE_CURVE ( 'NONE', #4356, #4352, #627, .T. ) ;
#3764 = EDGE_CURVE ( 'NONE', #4357, #4009, #261, .T. ) ;
#3765 = EDGE_CURVE ( 'NONE', #4358, #4357, #650, .T. ) ;
#3766 = EDGE_CURVE ( 'NONE', #4359, #4358, #262, .T. ) ;
#3767 = EDGE_CURVE ( 'NONE', #4360, #4359, #263, .T. ) ;
#3768 = EDGE_CURVE ( 'NONE', #4361, #4360, #264, .T. ) ;
#3769 = EDGE_CURVE ( 'NONE', #4351, #4361, #657, .T. ) ;
#3770 = EDGE_CURVE ( 'NONE', #4353, #4361, #265, .T. ) ;
#3771 = EDGE_CURVE ( 'NONE', #4354, #4360, #266, .T. ) ;
#3772 = EDGE_CURVE ( 'NONE', #4355, #4359, #267, .T. ) ;
#3773 = EDGE_CURVE ( 'NONE', #4356, #4358, #268, .T. ) ;
#3774 = EDGE_CURVE ( 'NONE', #4352, #4357, #269, .T. ) ;
#3775 = EDGE_CURVE ( 'NONE', #4362, #3491, #270, .T. ) ;
#3776 = EDGE_CURVE ( 'NONE', #4363, #3646, #271, .T. ) ;
#3777 = EDGE_CURVE ( 'NONE', #4363, #4362, #272, .T. ) ;
#3778 = EDGE_CURVE ( 'NONE', #3650, #4364, #273, .T. ) ;
#3779 = EDGE_CURVE ( 'NONE', #3648, #4365, #274, .T. ) ;
#3780 = EDGE_CURVE ( 'NONE', #4364, #4365, #275, .T. ) ;
#3781 = EDGE_CURVE ( 'NONE', #4366, #3633, #276, .T. ) ;
#3782 = EDGE_CURVE ( 'NONE', #4367, #3661, #277, .T. ) ;
#3783 = EDGE_CURVE ( 'NONE', #4367, #4366, #278, .T. ) ;
#3784 = EDGE_CURVE ( 'NONE', #4013, #4368, #279, .T. ) ;
#3785 = EDGE_CURVE ( 'NONE', #4368, #4363, #670, .T. ) ;
#3786 = EDGE_CURVE ( 'NONE', #4364, #4367, #655, .T. ) ;
#3787 = EDGE_CURVE ( 'NONE', #3993, #4369, #280, .T. ) ;
#3788 = EDGE_CURVE ( 'NONE', #4365, #4366, #654, .T. ) ;
#3789 = EDGE_CURVE ( 'NONE', #4369, #4362, #675, .T. ) ;
#3790 = EDGE_CURVE ( 'NONE', #4368, #4369, #281, .T. ) ;
#3791 = EDGE_CURVE ( 'NONE', #4024, #4370, #282, .T. ) ;
#3792 = EDGE_CURVE ( 'NONE', #4017, #4371, #283, .T. ) ;
#3793 = EDGE_CURVE ( 'NONE', #4370, #4371, #284, .T. ) ;
#3794 = EDGE_CURVE ( 'NONE', #4372, #3991, #285, .T. ) ;
#3795 = EDGE_CURVE ( 'NONE', #4373, #3986, #286, .T. ) ;
#3796 = EDGE_CURVE ( 'NONE', #4373, #4372, #836, .T. ) ;
#3797 = EDGE_CURVE ( 'NONE', #4012, #4374, #837, .T. ) ;
#3798 = EDGE_CURVE ( 'NONE', #3976, #4375, #838, .T. ) ;
#3799 = EDGE_CURVE ( 'NONE', #4374, #4375, #839, .T. ) ;
#3800 = EDGE_CURVE ( 'NONE', #4376, #4016, #840, .T. ) ;
#3801 = EDGE_CURVE ( 'NONE', #4370, #4373, #810, .T. ) ;
#3802 = EDGE_CURVE ( 'NONE', #4374, #4376, #799, .T. ) ;
#3803 = EDGE_CURVE ( 'NONE', #4377, #4018, #841, .T. ) ;
#3804 = EDGE_CURVE ( 'NONE', #4375, #4377, #816, .T. ) ;
#3805 = EDGE_CURVE ( 'NONE', #4371, #4372, #814, .T. ) ;
#3806 = EDGE_CURVE ( 'NONE', #4376, #4377, #842, .T. ) ;
#3807 = EDGE_CURVE ( 'NONE', #4378, #3647, #843, .T. ) ;
#3808 = EDGE_CURVE ( 'NONE', #4379, #3649, #844, .T. ) ;
#3809 = EDGE_CURVE ( 'NONE', #4379, #4378, #845, .T. ) ;
#3810 = EDGE_CURVE ( 'NONE', #3652, #4380, #846, .T. ) ;
#3811 = EDGE_CURVE ( 'NONE', #3651, #4381, #847, .T. ) ;
#3812 = EDGE_CURVE ( 'NONE', #4380, #4381, #848, .T. ) ;
#3813 = EDGE_CURVE ( 'NONE', #4382, #3663, #849, .T. ) ;
#3814 = EDGE_CURVE ( 'NONE', #4383, #3662, #850, .T. ) ;
#3815 = EDGE_CURVE ( 'NONE', #4383, #4382, #851, .T. ) ;
#3816 = EDGE_CURVE ( 'NONE', #4001, #4384, #852, .T. ) ;
#3817 = EDGE_CURVE ( 'NONE', #4384, #4379, #827, .T. ) ;
#3818 = EDGE_CURVE ( 'NONE', #4380, #4383, #797, .T. ) ;
#3819 = EDGE_CURVE ( 'NONE', #3997, #4385, #853, .T. ) ;
#3820 = EDGE_CURVE ( 'NONE', #4381, #4382, #819, .T. ) ;
#3821 = EDGE_CURVE ( 'NONE', #4385, #4378, #832, .T. ) ;
#3822 = EDGE_CURVE ( 'NONE', #4384, #4385, #854, .T. ) ;
#3823 = EDGE_CURVE ( 'NONE', #4021, #4386, #855, .T. ) ;
#3824 = EDGE_CURVE ( 'NONE', #3992, #4387, #856, .T. ) ;
#3825 = EDGE_CURVE ( 'NONE', #4386, #4387, #857, .T. ) ;
#3826 = EDGE_CURVE ( 'NONE', #4388, #3975, #858, .T. ) ;
#3827 = EDGE_CURVE ( 'NONE', #4389, #3970, #859, .T. ) ;
#3828 = EDGE_CURVE ( 'NONE', #4389, #4388, #860, .T. ) ;
#3829 = EDGE_CURVE ( 'NONE', #3972, #4390, #861, .T. ) ;
#3830 = EDGE_CURVE ( 'NONE', #3973, #4391, #862, .T. ) ;
#3831 = EDGE_CURVE ( 'NONE', #4390, #4391, #863, .T. ) ;
#3832 = EDGE_CURVE ( 'NONE', #4392, #4022, #864, .T. ) ;
#3833 = EDGE_CURVE ( 'NONE', #4386, #4389, #1051, .T. ) ;
#3834 = EDGE_CURVE ( 'NONE', #4390, #4392, #1040, .T. ) ;
#3835 = EDGE_CURVE ( 'NONE', #4393, #4015, #865, .T. ) ;
#3836 = EDGE_CURVE ( 'NONE', #4391, #4393, #1058, .T. ) ;
#3837 = EDGE_CURVE ( 'NONE', #4387, #4388, #1056, .T. ) ;
#3838 = EDGE_CURVE ( 'NONE', #4392, #4393, #866, .T. ) ;
#3839 = EDGE_CURVE ( 'NONE', #4395, #4396, #3564, .T. ) ;
#3840 = EDGE_CURVE ( 'NONE', #4394, #4395, #868, .T. ) ;
#3841 = EDGE_CURVE ( 'NONE', #4397, #4396, #869, .T. ) ;
#3842 = ADVANCED_FACE ( 'NONE', ( #870 ), #979, .F. ) ;
#3843 = ADVANCED_FACE ( 'NONE', ( #867 ), #990, .F. ) ;
#3844 = ADVANCED_FACE ( 'NONE', ( #877 ), #1001, .F. ) ;
#3845 = ADVANCED_FACE ( 'NONE', ( #881 ), #1012, .F. ) ;
#3846 = ADVANCED_FACE ( 'NONE', ( #885 ), #1023, .T. ) ;
#3847 = ADVANCED_FACE ( 'NONE', ( #889 ), #1034, .F. ) ;
#3848 = ADVANCED_FACE ( 'NONE', ( #893 ), #897, .F. ) ;
#3849 = ADVANCED_FACE ( 'NONE', ( #898 ), #902, .T. ) ;
#3850 = ADVANCED_FACE ( 'NONE', ( #903 ), #1219, .F. ) ;
#3851 = ADVANCED_FACE ( 'NONE', ( #907 ), #1230, .F. ) ;
#3852 = ADVANCED_FACE ( 'NONE', ( #1338 ), #1241, .F. ) ;
#3853 = ADVANCED_FACE ( 'NONE', ( #1342 ), #1252, .T. ) ;
#3854 = ADVANCED_FACE ( 'NONE', ( #1346 ), #1263, .F. ) ;
#3855 = ADVANCED_FACE ( 'NONE', ( #1350 ), #1274, .F. ) ;
#3856 = ADVANCED_FACE ( 'NONE', ( #1354 ), #1358, .T. ) ;
#3857 = ADVANCED_FACE ( 'NONE', ( #1359 ), #1363, .F. ) ;
#3858 = ADVANCED_FACE ( 'NONE', ( #1364 ), #1305, .F. ) ;
#3859 = ADVANCED_FACE ( 'NONE', ( #1368 ), #1316, .F. ) ;
#3860 = ADVANCED_FACE ( 'NONE', ( #1372 ), #1327, .F. ) ;
#3861 = ADVANCED_FACE ( 'NONE', ( #1376 ), #1417, .F. ) ;
#3862 = ADVANCED_FACE ( 'NONE', ( #1380 ), #1428, .T. ) ;
#3863 = ADVANCED_FACE ( 'NONE', ( #1384 ), #1439, .F. ) ;
#3864 = ADVANCED_FACE ( 'NONE', ( #1560 ), #1564, .F. ) ;
#3865 = ADVANCED_FACE ( 'NONE', ( #1565 ), #1569, .T. ) ;
#3866 = ADVANCED_FACE ( 'NONE', ( #1570 ), #1574, .F. ) ;
#3867 = ADVANCED_FACE ( 'NONE', ( #1575 ), #1480, .F. ) ;
#3868 = ADVANCED_FACE ( 'NONE', ( #1579 ), #1491, .F. ) ;
#3869 = ADVANCED_FACE ( 'NONE', ( #1583 ), #1502, .F. ) ;
#3870 = ADVANCED_FACE ( 'NONE', ( #1587 ), #1591, .T. ) ;
#3871 = ADVANCED_FACE ( 'NONE', ( #1592 ), #1523, .F. ) ;
#3872 = ADVANCED_FACE ( 'NONE', ( #1596 ), #1600, .F. ) ;
#3873 = ADVANCED_FACE ( 'NONE', ( #1601 ), #1544, .F. ) ;
#3874 = ADVANCED_FACE ( 'NONE', ( #1605 ), #1609, .T. ) ;
#3875 = ADVANCED_FACE ( 'NONE', ( #1610 ), #1703, .F. ) ;
#3876 = ADVANCED_FACE ( 'NONE', ( #1614 ), #1618, .T. ) ;
#3877 = ADVANCED_FACE ( 'NONE', ( #1619 ), #1724, .F. ) ;
#3878 = ADVANCED_FACE ( 'NONE', ( #1623 ), #1627, .F. ) ;
#3879 = ADVANCED_FACE ( 'NONE', ( #1628 ), #1745, .F. ) ;
#3880 = ADVANCED_FACE ( 'NONE', ( #1632 ), #1636, .T. ) ;
#3881 = ADVANCED_FACE ( 'NONE', ( #1637 ), #1766, .F. ) ;
#3882 = ADVANCED_FACE ( 'NONE', ( #1641 ), #1777, .F. ) ;
#3883 = ADVANCED_FACE ( 'NONE', ( #1645 ), #1788, .F. ) ;
#3884 = ADVANCED_FACE ( 'NONE', ( #1649 ), #1653, .F. ) ;
#3885 = ADVANCED_FACE ( 'NONE', ( #1654 ), #1809, .F. ) ;
#3886 = ADVANCED_FACE ( 'NONE', ( #1658 ), #1820, .F. ) ;
#3887 = ADVANCED_FACE ( 'NONE', ( #1896 ), #1900, .T. ) ;
#3888 = ADVANCED_FACE ( 'NONE', ( #1901 ), #1956, .F. ) ;
#3889 = ADVANCED_FACE ( 'NONE', ( #1905 ), #1909, .T. ) ;
#3890 = ADVANCED_FACE ( 'NONE', ( #1910 ), #1977, .F. ) ;
#3891 = ADVANCED_FACE ( 'NONE', ( #1914 ), #1918, .T. ) ;
#3892 = ADVANCED_FACE ( 'NONE', ( #1919 ), #1923, .T. ) ;
#3893 = ADVANCED_FACE ( 'NONE', ( #1924 ), #2008, .F. ) ;
#3894 = ADVANCED_FACE ( 'NONE', ( #1928 ), #2019, .F. ) ;
#3895 = EDGE_CURVE ( 'NONE', #4397, #4394, #3572, .T. ) ;
#3896 = EDGE_CURVE ( 'NONE', #4396, #4398, #1932, .T. ) ;
#3897 = EDGE_CURVE ( 'NONE', #4398, #4399, #3570, .T. ) ;
#3898 = EDGE_CURVE ( 'NONE', #4400, #4399, #1933, .T. ) ;
#3899 = EDGE_CURVE ( 'NONE', #4400, #4401, #3559, .T. ) ;
#3900 = EDGE_CURVE ( 'NONE', #4401, #4397, #1934, .T. ) ;
#3901 = EDGE_CURVE ( 'NONE', #4402, #4400, #3567, .T. ) ;
#3902 = EDGE_CURVE ( 'NONE', #4399, #4402, #3562, .T. ) ;
#3903 = EDGE_CURVE ( 'NONE', #4403, #4404, #1935, .T. ) ;
#3904 = EDGE_CURVE ( 'NONE', #4402, #4403, #3571, .T. ) ;
#3905 = EDGE_CURVE ( 'NONE', #4405, #4404, #1936, .T. ) ;
#3906 = EDGE_CURVE ( 'NONE', #4405, #4406, #1937, .T. ) ;
#3907 = EDGE_CURVE ( 'NONE', #4406, #4402, #3574, .T. ) ;
#3908 = EDGE_CURVE ( 'NONE', #4404, #4407, #3566, .T. ) ;
#3909 = EDGE_CURVE ( 'NONE', #4408, #4407, #1938, .T. ) ;
#3910 = EDGE_CURVE ( 'NONE', #4408, #4405, #3568, .T. ) ;
#3911 = EDGE_CURVE ( 'NONE', #4407, #4409, #1939, .T. ) ;
#3912 = EDGE_CURVE ( 'NONE', #4410, #4409, #1940, .T. ) ;
#3913 = EDGE_CURVE ( 'NONE', #4410, #4408, #1941, .T. ) ;
#3914 = EDGE_CURVE ( 'NONE', #4409, #3982, #3576, .T. ) ;
#3915 = EDGE_CURVE ( 'NONE', #3983, #4410, #3573, .T. ) ;
#3916 = EDGE_CURVE ( 'NONE', #3429, #4411, #1942, .T. ) ;
#3917 = EDGE_CURVE ( 'NONE', #4412, #4411, #1943, .T. ) ;
#3918 = EDGE_CURVE ( 'NONE', #4412, #3428, #1944, .T. ) ;
#3919 = EDGE_CURVE ( 'NONE', #4411, #4413, #3569, .T. ) ;
#3920 = EDGE_CURVE ( 'NONE', #4414, #4413, #1945, .T. ) ;
#3921 = EDGE_CURVE ( 'NONE', #4414, #4412, #3578, .T. ) ;
#3922 = EDGE_CURVE ( 'NONE', #4413, #4395, #1946, .T. ) ;
#3923 = EDGE_CURVE ( 'NONE', #4394, #4414, #1947, .T. ) ;
#3924 = EDGE_CURVE ( 'NONE', #4416, #4417, #3577, .T. ) ;
#3925 = EDGE_CURVE ( 'NONE', #4415, #4416, #1948, .T. ) ;
#3926 = EDGE_CURVE ( 'NONE', #4418, #4417, #1949, .T. ) ;
#3927 = EDGE_CURVE ( 'NONE', #4418, #4415, #3575, .T. ) ;
#3928 = EDGE_CURVE ( 'NONE', #4417, #3427, #1950, .T. ) ;
#3929 = EDGE_CURVE ( 'NONE', #3458, #4418, #1951, .T. ) ;
#3930 = EDGE_CURVE ( 'NONE', #3974, #4419, #3580, .T. ) ;
#3931 = EDGE_CURVE ( 'NONE', #4420, #4419, #1952, .T. ) ;
#3932 = EDGE_CURVE ( 'NONE', #4420, #4020, #3581, .T. ) ;
#3933 = EDGE_CURVE ( 'NONE', #4419, #4421, #1953, .T. ) ;
#3934 = EDGE_CURVE ( 'NONE', #4422, #4421, #2217, .T. ) ;
#3935 = EDGE_CURVE ( 'NONE', #4422, #4420, #2218, .T. ) ;
#3936 = EDGE_CURVE ( 'NONE', #3961, #4422, #3579, .T. ) ;
#3937 = EDGE_CURVE ( 'NONE', #4421, #3960, #3584, .T. ) ;
#3938 = EDGE_CURVE ( 'NONE', #3958, #4423, #2219, .T. ) ;
#3939 = EDGE_CURVE ( 'NONE', #4423, #4424, #3585, .T. ) ;
#3940 = EDGE_CURVE ( 'NONE', #4424, #4425, #3582, .T. ) ;
#3941 = EDGE_CURVE ( 'NONE', #4425, #3963, #2220, .T. ) ;
#3942 = EDGE_CURVE ( 'NONE', #4426, #4424, #3583, .T. ) ;
#3943 = EDGE_CURVE ( 'NONE', #4426, #4427, #2221, .T. ) ;
#3944 = EDGE_CURVE ( 'NONE', #4424, #4427, #3589, .T. ) ;
#3945 = EDGE_CURVE ( 'NONE', #4428, #4430, #2223, .T. ) ;
#3946 = UNCERTAINTY_MEASURE_WITH_UNIT (LENGTH_MEASURE( 1.000000000000000100E-005 ), #5340, 'distance_accuracy_value', 'NONE');
#3947 = UNCERTAINTY_MEASURE_WITH_UNIT (LENGTH_MEASURE( 1.000000000000000100E-005 ), #3706, 'distance_accuracy_value', 'NONE');
#3948 = VECTOR ( 'NONE', #5391, 1000.000000000000000 ) ;
#3949 = VECTOR ( 'NONE', #5380, 1000.000000000000000 ) ;
#3950 = AXIS2_PLACEMENT_3D ( 'NONE', #5387, #5388, #5389 ) ;
#3951 = VECTOR ( 'NONE', #5386, 1000.000000000000000 ) ;
#3952 = VECTOR ( 'NONE', #5376, 1000.000000000000000 ) ;
#3953 = VECTOR ( 'NONE', #5378, 1000.000000000000000 ) ;
#3954 = VERTEX_POINT ( 'NONE', #2365 ) ;
#3955 = VERTEX_POINT ( 'NONE', #2366 ) ;
#3956 = VERTEX_POINT ( 'NONE', #2367 ) ;
#3957 = VERTEX_POINT ( 'NONE', #2368 ) ;
#3958 = VERTEX_POINT ( 'NONE', #2369 ) ;
#3959 = VERTEX_POINT ( 'NONE', #2370 ) ;
#3960 = VERTEX_POINT ( 'NONE', #2371 ) ;
#3961 = VERTEX_POINT ( 'NONE', #2372 ) ;
#3962 = VERTEX_POINT ( 'NONE', #2373 ) ;
#3963 = VERTEX_POINT ( 'NONE', #2374 ) ;
#3964 = VERTEX_POINT ( 'NONE', #2375 ) ;
#3965 = VERTEX_POINT ( 'NONE', #2376 ) ;
#3966 = VERTEX_POINT ( 'NONE', #2377 ) ;
#3967 = VERTEX_POINT ( 'NONE', #2378 ) ;
#3968 = VERTEX_POINT ( 'NONE', #2379 ) ;
#3969 = VERTEX_POINT ( 'NONE', #2380 ) ;
#3970 = VERTEX_POINT ( 'NONE', #2381 ) ;
#3971 = VERTEX_POINT ( 'NONE', #2382 ) ;
#3972 = VERTEX_POINT ( 'NONE', #2383 ) ;
#3973 = VERTEX_POINT ( 'NONE', #2384 ) ;
#3974 = VERTEX_POINT ( 'NONE', #2385 ) ;
#3975 = VERTEX_POINT ( 'NONE', #2386 ) ;
#3976 = VERTEX_POINT ( 'NONE', #2387 ) ;
#3977 = VERTEX_POINT ( 'NONE', #2388 ) ;
#3978 = VERTEX_POINT ( 'NONE', #2389 ) ;
#3979 = VERTEX_POINT ( 'NONE', #2390 ) ;
#3980 = VERTEX_POINT ( 'NONE', #2391 ) ;
#3981 = VERTEX_POINT ( 'NONE', #2392 ) ;
#3982 = VERTEX_POINT ( 'NONE', #2393 ) ;
#3983 = VERTEX_POINT ( 'NONE', #2394 ) ;
#3984 = VERTEX_POINT ( 'NONE', #2395 ) ;
#3985 = VERTEX_POINT ( 'NONE', #2396 ) ;
#3986 = VERTEX_POINT ( 'NONE', #2397 ) ;
#3987 = VERTEX_POINT ( 'NONE', #2398 ) ;
#3988 = VERTEX_POINT ( 'NONE', #2399 ) ;
#3989 = VERTEX_POINT ( 'NONE', #2400 ) ;
#3990 = VERTEX_POINT ( 'NONE', #2401 ) ;
#3991 = VERTEX_POINT ( 'NONE', #2402 ) ;
#3992 = VERTEX_POINT ( 'NONE', #2403 ) ;
#3993 = VERTEX_POINT ( 'NONE', #2404 ) ;
#3994 = VERTEX_POINT ( 'NONE', #2405 ) ;
#3995 = VERTEX_POINT ( 'NONE', #2406 ) ;
#3996 = VERTEX_POINT ( 'NONE', #2407 ) ;
#3997 = VERTEX_POINT ( 'NONE', #2408 ) ;
#3998 = VERTEX_POINT ( 'NONE', #2409 ) ;
#3999 = VERTEX_POINT ( 'NONE', #2410 ) ;
#4000 = VERTEX_POINT ( 'NONE', #2411 ) ;
#4001 = VERTEX_POINT ( 'NONE', #2412 ) ;
#4002 = VERTEX_POINT ( 'NONE', #2413 ) ;
#4003 = VERTEX_POINT ( 'NONE', #2414 ) ;
#4004 = VERTEX_POINT ( 'NONE', #2415 ) ;
#4005 = VERTEX_POINT ( 'NONE', #2416 ) ;
#4006 = VERTEX_POINT ( 'NONE', #2417 ) ;
#4007 = VERTEX_POINT ( 'NONE', #2418 ) ;
#4008 = VERTEX_POINT ( 'NONE', #2419 ) ;
#4009 = VERTEX_POINT ( 'NONE', #2420 ) ;
#4010 = VERTEX_POINT ( 'NONE', #2421 ) ;
#4011 = VERTEX_POINT ( 'NONE', #2422 ) ;
#4012 = VERTEX_POINT ( 'NONE', #2423 ) ;
#4013 = VERTEX_POINT ( 'NONE', #2424 ) ;
#4014 = VERTEX_POINT ( 'NONE', #2425 ) ;
#4015 = VERTEX_POINT ( 'NONE', #2426 ) ;
#4016 = VERTEX_POINT ( 'NONE', #2427 ) ;
#4017 = VERTEX_POINT ( 'NONE', #2428 ) ;
#4018 = VERTEX_POINT ( 'NONE', #2429 ) ;
#4019 = VERTEX_POINT ( 'NONE', #2430 ) ;
#4020 = VERTEX_POINT ( 'NONE', #2431 ) ;
#4021 = VERTEX_POINT ( 'NONE', #2432 ) ;
#4022 = VERTEX_POINT ( 'NONE', #2433 ) ;
#4023 = VERTEX_POINT ( 'NONE', #2434 ) ;
#4024 = VERTEX_POINT ( 'NONE', #2435 ) ;
#4025 = ORIENTED_EDGE ( 'NONE', *, *, #3183, .T. ) ;
#4026 = ORIENTED_EDGE ( 'NONE', *, *, #3381, .F. ) ;
#4027 = ORIENTED_EDGE ( 'NONE', *, *, #3179, .T. ) ;
#4028 = ORIENTED_EDGE ( 'NONE', *, *, #3342, .F. ) ;
#4029 = ORIENTED_EDGE ( 'NONE', *, *, #3211, .T. ) ;
#4030 = ORIENTED_EDGE ( 'NONE', *, *, #3183, .F. ) ;
#4031 = ORIENTED_EDGE ( 'NONE', *, *, #3210, .T. ) ;
#4032 = ORIENTED_EDGE ( 'NONE', *, *, #3341, .F. ) ;
#4033 = ORIENTED_EDGE ( 'NONE', *, *, #3213, .T. ) ;
#4034 = ORIENTED_EDGE ( 'NONE', *, *, #3214, .F. ) ;
#4035 = ORIENTED_EDGE ( 'NONE', *, *, #3212, .T. ) ;
#4036 = ORIENTED_EDGE ( 'NONE', *, *, #3215, .F. ) ;
#4037 = ORIENTED_EDGE ( 'NONE', *, *, #3216, .T. ) ;
#4038 = ORIENTED_EDGE ( 'NONE', *, *, #3211, .F. ) ;
#4039 = ORIENTED_EDGE ( 'NONE', *, *, #3217, .T. ) ;
#4040 = ORIENTED_EDGE ( 'NONE', *, *, #3340, .F. ) ;
#4041 = ORIENTED_EDGE ( 'NONE', *, *, #3217, .F. ) ;
#4042 = ORIENTED_EDGE ( 'NONE', *, *, #3378, .T. ) ;
#4043 = ORIENTED_EDGE ( 'NONE', *, *, #3218, .T. ) ;
#4044 = ORIENTED_EDGE ( 'NONE', *, *, #3220, .F. ) ;
#4045 = ORIENTED_EDGE ( 'NONE', *, *, #3338, .F. ) ;
#4046 = ORIENTED_EDGE ( 'NONE', *, *, #3219, .F. ) ;
#4047 = ORIENTED_EDGE ( 'NONE', *, *, #3373, .F. ) ;
#4048 = ORIENTED_EDGE ( 'NONE', *, *, #3380, .F. ) ;
#4049 = ORIENTED_EDGE ( 'NONE', *, *, #3220, .T. ) ;
#4050 = ORIENTED_EDGE ( 'NONE', *, *, #3372, .F. ) ;
#4051 = ORIENTED_EDGE ( 'NONE', *, *, #3221, .F. ) ;
#4052 = ORIENTED_EDGE ( 'NONE', *, *, #3330, .F. ) ;
#4053 = ORIENTED_EDGE ( 'NONE', *, *, #3222, .T. ) ;
#4054 = ORIENTED_EDGE ( 'NONE', *, *, #3335, .F. ) ;
#4055 = ORIENTED_EDGE ( 'NONE', *, *, #3219, .T. ) ;
#4056 = ORIENTED_EDGE ( 'NONE', *, *, #3179, .F. ) ;
#4057 = ORIENTED_EDGE ( 'NONE', *, *, #3223, .F. ) ;
#4058 = ORIENTED_EDGE ( 'NONE', *, *, #3374, .F. ) ;
#4059 = ORIENTED_EDGE ( 'NONE', *, *, #3221, .T. ) ;
#4060 = ORIENTED_EDGE ( 'NONE', *, *, #3371, .F. ) ;
#4061 = ORIENTED_EDGE ( 'NONE', *, *, #3224, .F. ) ;
#4062 = ORIENTED_EDGE ( 'NONE', *, *, #3379, .F. ) ;
#4063 = ORIENTED_EDGE ( 'NONE', *, *, #3223, .T. ) ;
#4064 = ORIENTED_EDGE ( 'NONE', *, *, #3210, .F. ) ;
#4065 = ORIENTED_EDGE ( 'NONE', *, *, #3225, .F. ) ;
#4066 = ORIENTED_EDGE ( 'NONE', *, *, #3375, .F. ) ;
#4067 = ORIENTED_EDGE ( 'NONE', *, *, #3224, .T. ) ;
#4068 = ORIENTED_EDGE ( 'NONE', *, *, #3370, .F. ) ;
#4069 = ORIENTED_EDGE ( 'NONE', *, *, #3226, .F. ) ;
#4070 = ORIENTED_EDGE ( 'NONE', *, *, #3376, .F. ) ;
#4071 = ORIENTED_EDGE ( 'NONE', *, *, #3225, .T. ) ;
#4072 = ORIENTED_EDGE ( 'NONE', *, *, #3216, .F. ) ;
#4073 = ORIENTED_EDGE ( 'NONE', *, *, #3227, .F. ) ;
#4074 = ORIENTED_EDGE ( 'NONE', *, *, #3213, .F. ) ;
#4075 = ORIENTED_EDGE ( 'NONE', *, *, #3228, .F. ) ;
#4076 = ORIENTED_EDGE ( 'NONE', *, *, #3218, .F. ) ;
#4077 = ORIENTED_EDGE ( 'NONE', *, *, #3369, .F. ) ;
#4078 = ORIENTED_EDGE ( 'NONE', *, *, #3226, .T. ) ;
#4079 = ORIENTED_EDGE ( 'NONE', *, *, #3368, .F. ) ;
#4080 = ORIENTED_EDGE ( 'NONE', *, *, #3228, .T. ) ;
#4081 = ORIENTED_EDGE ( 'NONE', *, *, #3230, .T. ) ;
#4082 = ORIENTED_EDGE ( 'NONE', *, *, #3322, .F. ) ;
#4083 = ORIENTED_EDGE ( 'NONE', *, *, #3229, .T. ) ;
#4084 = ORIENTED_EDGE ( 'NONE', *, *, #3345, .T. ) ;
#4085 = ORIENTED_EDGE ( 'NONE', *, *, #3232, .F. ) ;
#4086 = ORIENTED_EDGE ( 'NONE', *, *, #3320, .T. ) ;
#4087 = ORIENTED_EDGE ( 'NONE', *, *, #3231, .T. ) ;
#4088 = ORIENTED_EDGE ( 'NONE', *, *, #3351, .T. ) ;
#4089 = ORIENTED_EDGE ( 'NONE', *, *, #3234, .F. ) ;
#4090 = ORIENTED_EDGE ( 'NONE', *, *, #3235, .F. ) ;
#4091 = ORIENTED_EDGE ( 'NONE', *, *, #3233, .T. ) ;
#4092 = ORIENTED_EDGE ( 'NONE', *, *, #3237, .F. ) ;
#4093 = ORIENTED_EDGE ( 'NONE', *, *, #3238, .F. ) ;
#4094 = ORIENTED_EDGE ( 'NONE', *, *, #6522, .F. ) ;
#4095 = ORIENTED_EDGE ( 'NONE', *, *, #3236, .T. ) ;
#4096 = ORIENTED_EDGE ( 'NONE', *, *, #3719, .F. ) ;
#4097 = ORIENTED_EDGE ( 'NONE', *, *, #3293, .F. ) ;
#4098 = ORIENTED_EDGE ( 'NONE', *, *, #3294, .F. ) ;
#4099 = ORIENTED_EDGE ( 'NONE', *, *, #3295, .T. ) ;
#4100 = ORIENTED_EDGE ( 'NONE', *, *, #3296, .F. ) ;
#4101 = ORIENTED_EDGE ( 'NONE', *, *, #3297, .T. ) ;
#4102 = ORIENTED_EDGE ( 'NONE', *, *, #3298, .T. ) ;
#4103 = ORIENTED_EDGE ( 'NONE', *, *, #3299, .T. ) ;
#4104 = ORIENTED_EDGE ( 'NONE', *, *, #3300, .T. ) ;
#4105 = ORIENTED_EDGE ( 'NONE', *, *, #3302, .F. ) ;
#4106 = ORIENTED_EDGE ( 'NONE', *, *, #3303, .F. ) ;
#4107 = ORIENTED_EDGE ( 'NONE', *, *, #3304, .T. ) ;
#4108 = ORIENTED_EDGE ( 'NONE', *, *, #3301, .F. ) ;
#4109 = ORIENTED_EDGE ( 'NONE', *, *, #3306, .T. ) ;
#4110 = ORIENTED_EDGE ( 'NONE', *, *, #3307, .F. ) ;
#4111 = ORIENTED_EDGE ( 'NONE', *, *, #3308, .T. ) ;
#4112 = ORIENTED_EDGE ( 'NONE', *, *, #3305, .T. ) ;
#4113 = ORIENTED_EDGE ( 'NONE', *, *, #3309, .F. ) ;
#4114 = ORIENTED_EDGE ( 'NONE', *, *, #3311, .F. ) ;
#4115 = ORIENTED_EDGE ( 'NONE', *, *, #3312, .T. ) ;
#4116 = ORIENTED_EDGE ( 'NONE', *, *, #3310, .F. ) ;
#4117 = ORIENTED_EDGE ( 'NONE', *, *, #3314, .F. ) ;
#4118 = ORIENTED_EDGE ( 'NONE', *, *, #3315, .F. ) ;
#4119 = ORIENTED_EDGE ( 'NONE', *, *, #3316, .T. ) ;
#4120 = ORIENTED_EDGE ( 'NONE', *, *, #3313, .F. ) ;
#4121 = ORIENTED_EDGE ( 'NONE', *, *, #3318, .F. ) ;
#4122 = ORIENTED_EDGE ( 'NONE', *, *, #3319, .F. ) ;
#4123 = ORIENTED_EDGE ( 'NONE', *, *, #3320, .F. ) ;
#4124 = ORIENTED_EDGE ( 'NONE', *, *, #3317, .T. ) ;
#4125 = ORIENTED_EDGE ( 'NONE', *, *, #3321, .T. ) ;
#4126 = ORIENTED_EDGE ( 'NONE', *, *, #3322, .T. ) ;
#4127 = ORIENTED_EDGE ( 'NONE', *, *, #3323, .T. ) ;
#4128 = ORIENTED_EDGE ( 'NONE', *, *, #3324, .T. ) ;
#4129 = ORIENTED_EDGE ( 'NONE', *, *, #3325, .F. ) ;
#4130 = ORIENTED_EDGE ( 'NONE', *, *, #3326, .F. ) ;
#4131 = ORIENTED_EDGE ( 'NONE', *, *, #3327, .T. ) ;
#4132 = ORIENTED_EDGE ( 'NONE', *, *, #3328, .T. ) ;
#4133 = ORIENTED_EDGE ( 'NONE', *, *, #3329, .F. ) ;
#4134 = ORIENTED_EDGE ( 'NONE', *, *, #3331, .F. ) ;
#4135 = ORIENTED_EDGE ( 'NONE', *, *, #3332, .F. ) ;
#4136 = ORIENTED_EDGE ( 'NONE', *, *, #3330, .T. ) ;
#4137 = ORIENTED_EDGE ( 'NONE', *, *, #3333, .F. ) ;
#4138 = ORIENTED_EDGE ( 'NONE', *, *, #3334, .T. ) ;
#4139 = ORIENTED_EDGE ( 'NONE', *, *, #3335, .T. ) ;
#4140 = ORIENTED_EDGE ( 'NONE', *, *, #3336, .T. ) ;
#4141 = ORIENTED_EDGE ( 'NONE', *, *, #3337, .F. ) ;
#4142 = ORIENTED_EDGE ( 'NONE', *, *, #3339, .T. ) ;
#4143 = ORIENTED_EDGE ( 'NONE', *, *, #3340, .T. ) ;
#4144 = ORIENTED_EDGE ( 'NONE', *, *, #3338, .T. ) ;
#4145 = ORIENTED_EDGE ( 'NONE', *, *, #3341, .T. ) ;
#4146 = ORIENTED_EDGE ( 'NONE', *, *, #3342, .T. ) ;
#4147 = ORIENTED_EDGE ( 'NONE', *, *, #3343, .T. ) ;
#4148 = ORIENTED_EDGE ( 'NONE', *, *, #3333, .T. ) ;
#4149 = ORIENTED_EDGE ( 'NONE', *, *, #3344, .T. ) ;
#4150 = ORIENTED_EDGE ( 'NONE', *, *, #3345, .F. ) ;
#4151 = ORIENTED_EDGE ( 'NONE', *, *, #3347, .F. ) ;
#4152 = ORIENTED_EDGE ( 'NONE', *, *, #3346, .F. ) ;
#4153 = ORIENTED_EDGE ( 'NONE', *, *, #3348, .F. ) ;
#4154 = ORIENTED_EDGE ( 'NONE', *, *, #3349, .F. ) ;
#4155 = ORIENTED_EDGE ( 'NONE', *, *, #3350, .F. ) ;
#4156 = ORIENTED_EDGE ( 'NONE', *, *, #3351, .F. ) ;
#4157 = ORIENTED_EDGE ( 'NONE', *, *, #3317, .F. ) ;
#4158 = ORIENTED_EDGE ( 'NONE', *, *, #3352, .T. ) ;
#4159 = ORIENTED_EDGE ( 'NONE', *, *, #3327, .F. ) ;
#4160 = ORIENTED_EDGE ( 'NONE', *, *, #3353, .T. ) ;
#4161 = ORIENTED_EDGE ( 'NONE', *, *, #3355, .F. ) ;
#4162 = ORIENTED_EDGE ( 'NONE', *, *, #3323, .F. ) ;
#4163 = ORIENTED_EDGE ( 'NONE', *, *, #3299, .F. ) ;
#4164 = ORIENTED_EDGE ( 'NONE', *, *, #3354, .T. ) ;
#4165 = ORIENTED_EDGE ( 'NONE', *, *, #3356, .T. ) ;
#4166 = ORIENTED_EDGE ( 'NONE', *, *, #3295, .F. ) ;
#4167 = ORIENTED_EDGE ( 'NONE', *, *, #3357, .F. ) ;
#4168 = ORIENTED_EDGE ( 'NONE', *, *, #3359, .T. ) ;
#4169 = ORIENTED_EDGE ( 'NONE', *, *, #3358, .T. ) ;
#4170 = ORIENTED_EDGE ( 'NONE', *, *, #3361, .T. ) ;
#4171 = ORIENTED_EDGE ( 'NONE', *, *, #3302, .T. ) ;
#4172 = ORIENTED_EDGE ( 'NONE', *, *, #3360, .T. ) ;
#4173 = ORIENTED_EDGE ( 'NONE', *, *, #3362, .T. ) ;
#4174 = ORIENTED_EDGE ( 'NONE', *, *, #3364, .F. ) ;
#4175 = ORIENTED_EDGE ( 'NONE', *, *, #3363, .F. ) ;
#4176 = ORIENTED_EDGE ( 'NONE', *, *, #3293, .T. ) ;
#4177 = ORIENTED_EDGE ( 'NONE', *, *, #3365, .T. ) ;
#4178 = ORIENTED_EDGE ( 'NONE', *, *, #3367, .F. ) ;
#4179 = ORIENTED_EDGE ( 'NONE', *, *, #3366, .T. ) ;
#4180 = ORIENTED_EDGE ( 'NONE', *, *, #3358, .F. ) ;
#4181 = ORIENTED_EDGE ( 'NONE', *, *, #3363, .T. ) ;
#4182 = ORIENTED_EDGE ( 'NONE', *, *, #3369, .T. ) ;
#4183 = ORIENTED_EDGE ( 'NONE', *, *, #3370, .T. ) ;
#4184 = ORIENTED_EDGE ( 'NONE', *, *, #3368, .T. ) ;
#4185 = ORIENTED_EDGE ( 'NONE', *, *, #3371, .T. ) ;
#4186 = ORIENTED_EDGE ( 'NONE', *, *, #3372, .T. ) ;
#4187 = ORIENTED_EDGE ( 'NONE', *, *, #3373, .T. ) ;
#4188 = ORIENTED_EDGE ( 'NONE', *, *, #3374, .T. ) ;
#4189 = ORIENTED_EDGE ( 'NONE', *, *, #3375, .T. ) ;
#4190 = ORIENTED_EDGE ( 'NONE', *, *, #3367, .T. ) ;
#4191 = ORIENTED_EDGE ( 'NONE', *, *, #3294, .T. ) ;
#4192 = ORIENTED_EDGE ( 'NONE', *, *, #3357, .T. ) ;
#4193 = ORIENTED_EDGE ( 'NONE', *, *, #3364, .T. ) ;
#4194 = ORIENTED_EDGE ( 'NONE', *, *, #3300, .F. ) ;
#4195 = ORIENTED_EDGE ( 'NONE', *, *, #3359, .F. ) ;
#4196 = ORIENTED_EDGE ( 'NONE', *, *, #3366, .F. ) ;
#4197 = ORIENTED_EDGE ( 'NONE', *, *, #3362, .F. ) ;
#4198 = ORIENTED_EDGE ( 'NONE', *, *, #3377, .T. ) ;
#4199 = ORIENTED_EDGE ( 'NONE', *, *, #3378, .F. ) ;
#4200 = ORIENTED_EDGE ( 'NONE', *, *, #3376, .T. ) ;
#4201 = ORIENTED_EDGE ( 'NONE', *, *, #3339, .F. ) ;
#4202 = ORIENTED_EDGE ( 'NONE', *, *, #3377, .F. ) ;
#4203 = ORIENTED_EDGE ( 'NONE', *, *, #3332, .T. ) ;
#4204 = ORIENTED_EDGE ( 'NONE', *, *, #3379, .T. ) ;
#4205 = ORIENTED_EDGE ( 'NONE', *, *, #3344, .F. ) ;
#4206 = ORIENTED_EDGE ( 'NONE', *, *, #3381, .T. ) ;
#4207 = ORIENTED_EDGE ( 'NONE', *, *, #3334, .F. ) ;
#4208 = ORIENTED_EDGE ( 'NONE', *, *, #3380, .T. ) ;
#4209 = ORIENTED_EDGE ( 'NONE', *, *, #3343, .F. ) ;
#4210 = ORIENTED_EDGE ( 'NONE', *, *, #3721, .F. ) ;
#4211 = ORIENTED_EDGE ( 'NONE', *, *, #3720, .T. ) ;
#4212 = ORIENTED_EDGE ( 'NONE', *, *, #3350, .T. ) ;
#4213 = ORIENTED_EDGE ( 'NONE', *, *, #3722, .F. ) ;
#4214 = ORIENTED_EDGE ( 'NONE', *, *, #3348, .T. ) ;
#4215 = ORIENTED_EDGE ( 'NONE', *, *, #3723, .T. ) ;
#4216 = ORIENTED_EDGE ( 'NONE', *, *, #3725, .F. ) ;
#4217 = ORIENTED_EDGE ( 'NONE', *, *, #3724, .F. ) ;
#4218 = ORIENTED_EDGE ( 'NONE', *, *, #3346, .T. ) ;
#4219 = ORIENTED_EDGE ( 'NONE', *, *, #3726, .T. ) ;
#4220 = ORIENTED_EDGE ( 'NONE', *, *, #3230, .F. ) ;
#4221 = ORIENTED_EDGE ( 'NONE', *, *, #3232, .T. ) ;
#4222 = ORIENTED_EDGE ( 'NONE', *, *, #3728, .T. ) ;
#4223 = ORIENTED_EDGE ( 'NONE', *, *, #3729, .T. ) ;
#4224 = ORIENTED_EDGE ( 'NONE', *, *, #3727, .T. ) ;
#4225 = ORIENTED_EDGE ( 'NONE', *, *, #3730, .T. ) ;
#4226 = ORIENTED_EDGE ( 'NONE', *, *, #3731, .F. ) ;
#4227 = ORIENTED_EDGE ( 'NONE', *, *, #3732, .F. ) ;
#4228 = ORIENTED_EDGE ( 'NONE', *, *, #3321, .F. ) ;
#4229 = ORIENTED_EDGE ( 'NONE', *, *, #3730, .F. ) ;
#4230 = ORIENTED_EDGE ( 'NONE', *, *, #3732, .T. ) ;
#4231 = ORIENTED_EDGE ( 'NONE', *, *, #3231, .F. ) ;
#4232 = ORIENTED_EDGE ( 'NONE', *, *, #3733, .F. ) ;
#4233 = ORIENTED_EDGE ( 'NONE', *, *, #3728, .F. ) ;
#4234 = ORIENTED_EDGE ( 'NONE', *, *, #3731, .T. ) ;
#4235 = ORIENTED_EDGE ( 'NONE', *, *, #3729, .F. ) ;
#4236 = ORIENTED_EDGE ( 'NONE', *, *, #3734, .F. ) ;
#4237 = ORIENTED_EDGE ( 'NONE', *, *, #3727, .F. ) ;
#4238 = ORIENTED_EDGE ( 'NONE', *, *, #3229, .F. ) ;
#4239 = ORIENTED_EDGE ( 'NONE', *, *, #3733, .T. ) ;
#4240 = ORIENTED_EDGE ( 'NONE', *, *, #3726, .F. ) ;
#4241 = ORIENTED_EDGE ( 'NONE', *, *, #3734, .T. ) ;
#4242 = ORIENTED_EDGE ( 'NONE', *, *, #3736, .F. ) ;
#4243 = ORIENTED_EDGE ( 'NONE', *, *, #3735, .T. ) ;
#4244 = ORIENTED_EDGE ( 'NONE', *, *, #3214, .T. ) ;
#4245 = ORIENTED_EDGE ( 'NONE', *, *, #3212, .F. ) ;
#4246 = ORIENTED_EDGE ( 'NONE', *, *, #3737, .T. ) ;
#4247 = ORIENTED_EDGE ( 'NONE', *, *, #3739, .T. ) ;
#4248 = ORIENTED_EDGE ( 'NONE', *, *, #3738, .T. ) ;
#4249 = ORIENTED_EDGE ( 'NONE', *, *, #3740, .T. ) ;
#4250 = ORIENTED_EDGE ( 'NONE', *, *, #3741, .T. ) ;
#4251 = ORIENTED_EDGE ( 'NONE', *, *, #3742, .T. ) ;
#4252 = ORIENTED_EDGE ( 'NONE', *, *, #3743, .T. ) ;
#4253 = ORIENTED_EDGE ( 'NONE', *, *, #3736, .T. ) ;
#4254 = ORIENTED_EDGE ( 'NONE', *, *, #3735, .F. ) ;
#4255 = ORIENTED_EDGE ( 'NONE', *, *, #3744, .F. ) ;
#4256 = ORIENTED_EDGE ( 'NONE', *, *, #3745, .F. ) ;
#4257 = ORIENTED_EDGE ( 'NONE', *, *, #3215, .T. ) ;
#4258 = ORIENTED_EDGE ( 'NONE', *, *, #3747, .F. ) ;
#4259 = ORIENTED_EDGE ( 'NONE', *, *, #3746, .F. ) ;
#4260 = ORIENTED_EDGE ( 'NONE', *, *, #3748, .F. ) ;
#4261 = ORIENTED_EDGE ( 'NONE', *, *, #3749, .F. ) ;
#4262 = ORIENTED_EDGE ( 'NONE', *, *, #3744, .T. ) ;
#4263 = ORIENTED_EDGE ( 'NONE', *, *, #3738, .F. ) ;
#4264 = ORIENTED_EDGE ( 'NONE', *, *, #3750, .F. ) ;
#4265 = ORIENTED_EDGE ( 'NONE', *, *, #3739, .F. ) ;
#4266 = ORIENTED_EDGE ( 'NONE', *, *, #3227, .T. ) ;
#4267 = ORIENTED_EDGE ( 'NONE', *, *, #3749, .T. ) ;
#4268 = ORIENTED_EDGE ( 'NONE', *, *, #3751, .F. ) ;
#4269 = ORIENTED_EDGE ( 'NONE', *, *, #3740, .F. ) ;
#4270 = ORIENTED_EDGE ( 'NONE', *, *, #3750, .T. ) ;
#4271 = ORIENTED_EDGE ( 'NONE', *, *, #3748, .T. ) ;
#4272 = ORIENTED_EDGE ( 'NONE', *, *, #3752, .F. ) ;
#4273 = ORIENTED_EDGE ( 'NONE', *, *, #3741, .F. ) ;
#4274 = ORIENTED_EDGE ( 'NONE', *, *, #3751, .T. ) ;
#4275 = ORIENTED_EDGE ( 'NONE', *, *, #3747, .T. ) ;
#4276 = ORIENTED_EDGE ( 'NONE', *, *, #3753, .F. ) ;
#4277 = ORIENTED_EDGE ( 'NONE', *, *, #3742, .F. ) ;
#4278 = ORIENTED_EDGE ( 'NONE', *, *, #3752, .T. ) ;
#4279 = ORIENTED_EDGE ( 'NONE', *, *, #3746, .T. ) ;
#4280 = ORIENTED_EDGE ( 'NONE', *, *, #3754, .F. ) ;
#4281 = ORIENTED_EDGE ( 'NONE', *, *, #3754, .T. ) ;
#4282 = ORIENTED_EDGE ( 'NONE', *, *, #3753, .T. ) ;
#4283 = ORIENTED_EDGE ( 'NONE', *, *, #3745, .T. ) ;
#4284 = ORIENTED_EDGE ( 'NONE', *, *, #3737, .F. ) ;
#4285 = ORIENTED_EDGE ( 'NONE', *, *, #3743, .F. ) ;
#4286 = ORIENTED_EDGE ( 'NONE', *, *, #3756, .T. ) ;
#4287 = ORIENTED_EDGE ( 'NONE', *, *, #3755, .F. ) ;
#4288 = ORIENTED_EDGE ( 'NONE', *, *, #3337, .T. ) ;
#4289 = ORIENTED_EDGE ( 'NONE', *, *, #3758, .T. ) ;
#4290 = ORIENTED_EDGE ( 'NONE', *, *, #3757, .F. ) ;
#4291 = ORIENTED_EDGE ( 'NONE', *, *, #3755, .T. ) ;
#4292 = ORIENTED_EDGE ( 'NONE', *, *, #3759, .T. ) ;
#4293 = ORIENTED_EDGE ( 'NONE', *, *, #3331, .T. ) ;
#4294 = ORIENTED_EDGE ( 'NONE', *, *, #3761, .T. ) ;
#4295 = ORIENTED_EDGE ( 'NONE', *, *, #3760, .T. ) ;
#4296 = ORIENTED_EDGE ( 'NONE', *, *, #3762, .T. ) ;
#4297 = ORIENTED_EDGE ( 'NONE', *, *, #3763, .T. ) ;
#4298 = ORIENTED_EDGE ( 'NONE', *, *, #3336, .F. ) ;
#4299 = ORIENTED_EDGE ( 'NONE', *, *, #3765, .F. ) ;
#4300 = ORIENTED_EDGE ( 'NONE', *, *, #3764, .F. ) ;
#4301 = ORIENTED_EDGE ( 'NONE', *, *, #3766, .F. ) ;
#4302 = ORIENTED_EDGE ( 'NONE', *, *, #3767, .F. ) ;
#4303 = ORIENTED_EDGE ( 'NONE', *, *, #3768, .F. ) ;
#4304 = ORIENTED_EDGE ( 'NONE', *, *, #3769, .F. ) ;
#4305 = ORIENTED_EDGE ( 'NONE', *, *, #3756, .F. ) ;
#4306 = ORIENTED_EDGE ( 'NONE', *, *, #3759, .F. ) ;
#4307 = ORIENTED_EDGE ( 'NONE', *, *, #3769, .T. ) ;
#4308 = ORIENTED_EDGE ( 'NONE', *, *, #3770, .F. ) ;
#4309 = ORIENTED_EDGE ( 'NONE', *, *, #3760, .F. ) ;
#4310 = ORIENTED_EDGE ( 'NONE', *, *, #3757, .T. ) ;
#4311 = ORIENTED_EDGE ( 'NONE', *, *, #3768, .T. ) ;
#4312 = ORIENTED_EDGE ( 'NONE', *, *, #3771, .F. ) ;
#4313 = ORIENTED_EDGE ( 'NONE', *, *, #3761, .F. ) ;
#4314 = ORIENTED_EDGE ( 'NONE', *, *, #3770, .T. ) ;
#4315 = ORIENTED_EDGE ( 'NONE', *, *, #3767, .T. ) ;
#4316 = ORIENTED_EDGE ( 'NONE', *, *, #3772, .F. ) ;
#4317 = ORIENTED_EDGE ( 'NONE', *, *, #3762, .F. ) ;
#4318 = ORIENTED_EDGE ( 'NONE', *, *, #3771, .T. ) ;
#4319 = ORIENTED_EDGE ( 'NONE', *, *, #3766, .T. ) ;
#4320 = ORIENTED_EDGE ( 'NONE', *, *, #3773, .F. ) ;
#4321 = ORIENTED_EDGE ( 'NONE', *, *, #3763, .F. ) ;
#4322 = ORIENTED_EDGE ( 'NONE', *, *, #3772, .T. ) ;
#4323 = ORIENTED_EDGE ( 'NONE', *, *, #3765, .T. ) ;
#4324 = ORIENTED_EDGE ( 'NONE', *, *, #3774, .F. ) ;
#4325 = ORIENTED_EDGE ( 'NONE', *, *, #3774, .T. ) ;
#4326 = ORIENTED_EDGE ( 'NONE', *, *, #3773, .T. ) ;
#4327 = ORIENTED_EDGE ( 'NONE', *, *, #3764, .T. ) ;
#4328 = ORIENTED_EDGE ( 'NONE', *, *, #3222, .F. ) ;
#4329 = ORIENTED_EDGE ( 'NONE', *, *, #3758, .F. ) ;
#4330 = ORIENTED_EDGE ( 'NONE', *, *, #3776, .F. ) ;
#4331 = ORIENTED_EDGE ( 'NONE', *, *, #3775, .T. ) ;
#4332 = ORIENTED_EDGE ( 'NONE', *, *, #6522, .T. ) ;
#4333 = ORIENTED_EDGE ( 'NONE', *, *, #3778, .F. ) ;
#4334 = ORIENTED_EDGE ( 'NONE', *, *, #3777, .T. ) ;
#4335 = ORIENTED_EDGE ( 'NONE', *, *, #3779, .T. ) ;
#4336 = ORIENTED_EDGE ( 'NONE', *, *, #3238, .T. ) ;
#4337 = ORIENTED_EDGE ( 'NONE', *, *, #3781, .T. ) ;
#4338 = ORIENTED_EDGE ( 'NONE', *, *, #3780, .F. ) ;
#4339 = ORIENTED_EDGE ( 'NONE', *, *, #3782, .F. ) ;
#4340 = ORIENTED_EDGE ( 'NONE', *, *, #3724, .T. ) ;
#4341 = ORIENTED_EDGE ( 'NONE', *, *, #3723, .F. ) ;
#4342 = ORIENTED_EDGE ( 'NONE', *, *, #3783, .T. ) ;
#4343 = ORIENTED_EDGE ( 'NONE', *, *, #3785, .T. ) ;
#4344 = ORIENTED_EDGE ( 'NONE', *, *, #3784, .T. ) ;
#4345 = ORIENTED_EDGE ( 'NONE', *, *, #3776, .T. ) ;
#4346 = VERTEX_POINT ( 'NONE', #2436 ) ;
#4347 = VERTEX_POINT ( 'NONE', #2437 ) ;
#4348 = VERTEX_POINT ( 'NONE', #2438 ) ;
#4349 = VERTEX_POINT ( 'NONE', #2439 ) ;
#4350 = VERTEX_POINT ( 'NONE', #2440 ) ;
#4351 = VERTEX_POINT ( 'NONE', #2441 ) ;
#4352 = VERTEX_POINT ( 'NONE', #2442 ) ;
#4353 = VERTEX_POINT ( 'NONE', #2443 ) ;
#4354 = VERTEX_POINT ( 'NONE', #2444 ) ;
#4355 = VERTEX_POINT ( 'NONE', #2445 ) ;
#4356 = VERTEX_POINT ( 'NONE', #2446 ) ;
#4357 = VERTEX_POINT ( 'NONE', #2447 ) ;
#4358 = VERTEX_POINT ( 'NONE', #2448 ) ;
#4359 = VERTEX_POINT ( 'NONE', #2449 ) ;
#4360 = VERTEX_POINT ( 'NONE', #2450 ) ;
#4361 = VERTEX_POINT ( 'NONE', #2451 ) ;
#4362 = VERTEX_POINT ( 'NONE', #2452 ) ;
#4363 = VERTEX_POINT ( 'NONE', #2453 ) ;
#4364 = VERTEX_POINT ( 'NONE', #2454 ) ;
#4365 = VERTEX_POINT ( 'NONE', #2455 ) ;
#4366 = VERTEX_POINT ( 'NONE', #2456 ) ;
#4367 = VERTEX_POINT ( 'NONE', #2457 ) ;
#4368 = VERTEX_POINT ( 'NONE', #2458 ) ;
#4369 = VERTEX_POINT ( 'NONE', #2459 ) ;
#4370 = VERTEX_POINT ( 'NONE', #2460 ) ;
#4371 = VERTEX_POINT ( 'NONE', #2461 ) ;
#4372 = VERTEX_POINT ( 'NONE', #2462 ) ;
#4373 = VERTEX_POINT ( 'NONE', #2463 ) ;
#4374 = VERTEX_POINT ( 'NONE', #2464 ) ;
#4375 = VERTEX_POINT ( 'NONE', #2465 ) ;
#4376 = VERTEX_POINT ( 'NONE', #2466 ) ;
#4377 = VERTEX_POINT ( 'NONE', #2467 ) ;
#4378 = VERTEX_POINT ( 'NONE', #2468 ) ;
#4379 = VERTEX_POINT ( 'NONE', #2469 ) ;
#4380 = VERTEX_POINT ( 'NONE', #2470 ) ;
#4381 = VERTEX_POINT ( 'NONE', #2471 ) ;
#4382 = VERTEX_POINT ( 'NONE', #2472 ) ;
#4383 = VERTEX_POINT ( 'NONE', #2473 ) ;
#4384 = VERTEX_POINT ( 'NONE', #2474 ) ;
#4385 = VERTEX_POINT ( 'NONE', #2475 ) ;
#4386 = VERTEX_POINT ( 'NONE', #2476 ) ;
#4387 = VERTEX_POINT ( 'NONE', #2477 ) ;
#4388 = VERTEX_POINT ( 'NONE', #2478 ) ;
#4389 = VERTEX_POINT ( 'NONE', #2479 ) ;
#4390 = VERTEX_POINT ( 'NONE', #2480 ) ;
#4391 = VERTEX_POINT ( 'NONE', #2481 ) ;
#4392 = VERTEX_POINT ( 'NONE', #2482 ) ;
#4393 = VERTEX_POINT ( 'NONE', #2483 ) ;
#4394 = VERTEX_POINT ( 'NONE', #2484 ) ;
#4395 = VERTEX_POINT ( 'NONE', #2485 ) ;
#4396 = VERTEX_POINT ( 'NONE', #2486 ) ;
#4397 = VERTEX_POINT ( 'NONE', #2487 ) ;
#4398 = VERTEX_POINT ( 'NONE', #2488 ) ;
#4399 = VERTEX_POINT ( 'NONE', #2489 ) ;
#4400 = VERTEX_POINT ( 'NONE', #2490 ) ;
#4401 = VERTEX_POINT ( 'NONE', #2491 ) ;
#4402 = VERTEX_POINT ( 'NONE', #2492 ) ;
#4403 = VERTEX_POINT ( 'NONE', #2493 ) ;
#4404 = VERTEX_POINT ( 'NONE', #2494 ) ;
#4405 = VERTEX_POINT ( 'NONE', #2495 ) ;
#4406 = VERTEX_POINT ( 'NONE', #2496 ) ;
#4407 = VERTEX_POINT ( 'NONE', #2497 ) ;
#4408 = VERTEX_POINT ( 'NONE', #2498 ) ;
#4409 = VERTEX_POINT ( 'NONE', #2499 ) ;
#4410 = VERTEX_POINT ( 'NONE', #2500 ) ;
#4411 = VERTEX_POINT ( 'NONE', #2501 ) ;
#4412 = VERTEX_POINT ( 'NONE', #2502 ) ;
#4413 = VERTEX_POINT ( 'NONE', #2503 ) ;
#4414 = VERTEX_POINT ( 'NONE', #2504 ) ;
#4415 = VERTEX_POINT ( 'NONE', #2505 ) ;
#4416 = VERTEX_POINT ( 'NONE', #2506 ) ;
#4417 = VERTEX_POINT ( 'NONE', #2507 ) ;
#4418 = VERTEX_POINT ( 'NONE', #2508 ) ;
#4419 = VERTEX_POINT ( 'NONE', #2509 ) ;
#4420 = VERTEX_POINT ( 'NONE', #2510 ) ;
#4421 = VERTEX_POINT ( 'NONE', #2511 ) ;
#4422 = VERTEX_POINT ( 'NONE', #2512 ) ;
#4423 = VERTEX_POINT ( 'NONE', #2513 ) ;
#4424 = VERTEX_POINT ( 'NONE', #2514 ) ;
#4425 = VERTEX_POINT ( 'NONE', #2515 ) ;
#4426 = VERTEX_POINT ( 'NONE', #2516 ) ;
#4427 = VERTEX_POINT ( 'NONE', #2517 ) ;
#4428 = VERTEX_POINT ( 'NONE', #2518 ) ;
#4429 = VERTEX_POINT ( 'NONE', #2519 ) ;
#4430 = VERTEX_POINT ( 'NONE', #2520 ) ;
#4431 = VERTEX_POINT ( 'NONE', #2521 ) ;
#4432 = VERTEX_POINT ( 'NONE', #2522 ) ;
#4433 = VERTEX_POINT ( 'NONE', #2523 ) ;
#4434 = VERTEX_POINT ( 'NONE', #2524 ) ;
#4435 = VERTEX_POINT ( 'NONE', #2525 ) ;
#4436 = VERTEX_POINT ( 'NONE', #2526 ) ;
#4437 = VERTEX_POINT ( 'NONE', #2527 ) ;
#4438 = VERTEX_POINT ( 'NONE', #2528 ) ;
#4439 = VERTEX_POINT ( 'NONE', #2529 ) ;
#4440 = VERTEX_POINT ( 'NONE', #2530 ) ;
#4441 = VERTEX_POINT ( 'NONE', #2531 ) ;
#4442 = VERTEX_POINT ( 'NONE', #2532 ) ;
#4443 = VERTEX_POINT ( 'NONE', #2533 ) ;
#4444 = VERTEX_POINT ( 'NONE', #2534 ) ;
#4445 = VERTEX_POINT ( 'NONE', #2535 ) ;
#4446 = VERTEX_POINT ( 'NONE', #2536 ) ;
#4447 = VERTEX_POINT ( 'NONE', #2537 ) ;
#4448 = VERTEX_POINT ( 'NONE', #2538 ) ;
#4449 = VERTEX_POINT ( 'NONE', #2539 ) ;
#4450 = VERTEX_POINT ( 'NONE', #2540 ) ;
#4451 = VERTEX_POINT ( 'NONE', #2541 ) ;
#4452 = VERTEX_POINT ( 'NONE', #2542 ) ;
#4453 = VERTEX_POINT ( 'NONE', #2543 ) ;
#4454 = VERTEX_POINT ( 'NONE', #2544 ) ;
#4455 = VERTEX_POINT ( 'NONE', #2545 ) ;
#4456 = VERTEX_POINT ( 'NONE', #2546 ) ;
#4457 = VERTEX_POINT ( 'NONE', #2547 ) ;
#4458 = VERTEX_POINT ( 'NONE', #2548 ) ;
#4459 = VERTEX_POINT ( 'NONE', #2549 ) ;
#4460 = VERTEX_POINT ( 'NONE', #2550 ) ;
#4461 = VERTEX_POINT ( 'NONE', #2551 ) ;
#4462 = VERTEX_POINT ( 'NONE', #2552 ) ;
#4463 = VERTEX_POINT ( 'NONE', #2553 ) ;
#4464 = ORIENTED_EDGE ( 'NONE', *, *, #3778, .T. ) ;
#4465 = ORIENTED_EDGE ( 'NONE', *, *, #3236, .F. ) ;
#4466 = ORIENTED_EDGE ( 'NONE', *, *, #3786, .T. ) ;
#4467 = ORIENTED_EDGE ( 'NONE', *, *, #3781, .F. ) ;
#4468 = ORIENTED_EDGE ( 'NONE', *, *, #3782, .T. ) ;
#4469 = ORIENTED_EDGE ( 'NONE', *, *, #3787, .F. ) ;
#4470 = ORIENTED_EDGE ( 'NONE', *, *, #3788, .F. ) ;
#4471 = ORIENTED_EDGE ( 'NONE', *, *, #3725, .T. ) ;
#4472 = ORIENTED_EDGE ( 'NONE', *, *, #3775, .F. ) ;
#4473 = ORIENTED_EDGE ( 'NONE', *, *, #3779, .F. ) ;
#4474 = ORIENTED_EDGE ( 'NONE', *, *, #3719, .T. ) ;
#4475 = ORIENTED_EDGE ( 'NONE', *, *, #3789, .F. ) ;
#4476 = ORIENTED_EDGE ( 'NONE', *, *, #3784, .F. ) ;
#4477 = ORIENTED_EDGE ( 'NONE', *, *, #3787, .T. ) ;
#4478 = ORIENTED_EDGE ( 'NONE', *, *, #3790, .F. ) ;
#4479 = ORIENTED_EDGE ( 'NONE', *, *, #3790, .T. ) ;
#4480 = ORIENTED_EDGE ( 'NONE', *, *, #3347, .T. ) ;
#4481 = ORIENTED_EDGE ( 'NONE', *, *, #3789, .T. ) ;
#4482 = ORIENTED_EDGE ( 'NONE', *, *, #3777, .F. ) ;
#4483 = ORIENTED_EDGE ( 'NONE', *, *, #3785, .F. ) ;
#4484 = ORIENTED_EDGE ( 'NONE', *, *, #3780, .T. ) ;
#4485 = ORIENTED_EDGE ( 'NONE', *, *, #3788, .T. ) ;
#4486 = ORIENTED_EDGE ( 'NONE', *, *, #3783, .F. ) ;
#4487 = ORIENTED_EDGE ( 'NONE', *, *, #3786, .F. ) ;
#4488 = ORIENTED_EDGE ( 'NONE', *, *, #3792, .T. ) ;
#4489 = ORIENTED_EDGE ( 'NONE', *, *, #3791, .F. ) ;
#4490 = ORIENTED_EDGE ( 'NONE', *, *, #3325, .T. ) ;
#4491 = ORIENTED_EDGE ( 'NONE', *, *, #3794, .T. ) ;
#4492 = ORIENTED_EDGE ( 'NONE', *, *, #3793, .F. ) ;
#4493 = ORIENTED_EDGE ( 'NONE', *, *, #3795, .F. ) ;
#4494 = ORIENTED_EDGE ( 'NONE', *, *, #3313, .T. ) ;
#4495 = ORIENTED_EDGE ( 'NONE', *, *, #3797, .F. ) ;
#4496 = ORIENTED_EDGE ( 'NONE', *, *, #3796, .T. ) ;
#4497 = ORIENTED_EDGE ( 'NONE', *, *, #3798, .T. ) ;
#4498 = ORIENTED_EDGE ( 'NONE', *, *, #3318, .T. ) ;
#4499 = ORIENTED_EDGE ( 'NONE', *, *, #3800, .T. ) ;
#4500 = ORIENTED_EDGE ( 'NONE', *, *, #3799, .F. ) ;
#4501 = ORIENTED_EDGE ( 'NONE', *, *, #3791, .T. ) ;
#4502 = ORIENTED_EDGE ( 'NONE', *, *, #3801, .T. ) ;
#4503 = ORIENTED_EDGE ( 'NONE', *, *, #3326, .T. ) ;
#4504 = ORIENTED_EDGE ( 'NONE', *, *, #3797, .T. ) ;
#4505 = ORIENTED_EDGE ( 'NONE', *, *, #3795, .T. ) ;
#4506 = ORIENTED_EDGE ( 'NONE', *, *, #3315, .T. ) ;
#4507 = ORIENTED_EDGE ( 'NONE', *, *, #3802, .T. ) ;
#4508 = ORIENTED_EDGE ( 'NONE', *, *, #3804, .F. ) ;
#4509 = ORIENTED_EDGE ( 'NONE', *, *, #3324, .F. ) ;
#4510 = ORIENTED_EDGE ( 'NONE', *, *, #3803, .F. ) ;
#4511 = ORIENTED_EDGE ( 'NONE', *, *, #3798, .F. ) ;
#4512 = ORIENTED_EDGE ( 'NONE', *, *, #3794, .F. ) ;
#4513 = ORIENTED_EDGE ( 'NONE', *, *, #3316, .F. ) ;
#4514 = ORIENTED_EDGE ( 'NONE', *, *, #3805, .F. ) ;
#4515 = ORIENTED_EDGE ( 'NONE', *, *, #3806, .T. ) ;
#4516 = ORIENTED_EDGE ( 'NONE', *, *, #3792, .F. ) ;
#4517 = ORIENTED_EDGE ( 'NONE', *, *, #3803, .T. ) ;
#4518 = ORIENTED_EDGE ( 'NONE', *, *, #3353, .F. ) ;
#4519 = ORIENTED_EDGE ( 'NONE', *, *, #3800, .F. ) ;
#4520 = ORIENTED_EDGE ( 'NONE', *, *, #3793, .T. ) ;
#4521 = ORIENTED_EDGE ( 'NONE', *, *, #3805, .T. ) ;
#4522 = ORIENTED_EDGE ( 'NONE', *, *, #3796, .F. ) ;
#4523 = ORIENTED_EDGE ( 'NONE', *, *, #3801, .F. ) ;
#4524 = ORIENTED_EDGE ( 'NONE', *, *, #3799, .T. ) ;
#4525 = ORIENTED_EDGE ( 'NONE', *, *, #3804, .T. ) ;
#4526 = ORIENTED_EDGE ( 'NONE', *, *, #3806, .F. ) ;
#4527 = ORIENTED_EDGE ( 'NONE', *, *, #3802, .F. ) ;
#4528 = ORIENTED_EDGE ( 'NONE', *, *, #3808, .F. ) ;
#4529 = ORIENTED_EDGE ( 'NONE', *, *, #3807, .T. ) ;
#4530 = ORIENTED_EDGE ( 'NONE', *, *, #3235, .T. ) ;
#4531 = ORIENTED_EDGE ( 'NONE', *, *, #3810, .F. ) ;
#4532 = ORIENTED_EDGE ( 'NONE', *, *, #3809, .T. ) ;
#4533 = ORIENTED_EDGE ( 'NONE', *, *, #3811, .T. ) ;
#4534 = ORIENTED_EDGE ( 'NONE', *, *, #3234, .T. ) ;
#4535 = ORIENTED_EDGE ( 'NONE', *, *, #3813, .T. ) ;
#4536 = ORIENTED_EDGE ( 'NONE', *, *, #3812, .F. ) ;
#4537 = ORIENTED_EDGE ( 'NONE', *, *, #3814, .F. ) ;
#4538 = ORIENTED_EDGE ( 'NONE', *, *, #3721, .T. ) ;
#4539 = ORIENTED_EDGE ( 'NONE', *, *, #3720, .F. ) ;
#4540 = ORIENTED_EDGE ( 'NONE', *, *, #3815, .T. ) ;
#4541 = ORIENTED_EDGE ( 'NONE', *, *, #3817, .T. ) ;
#4542 = ORIENTED_EDGE ( 'NONE', *, *, #3816, .T. ) ;
#4543 = ORIENTED_EDGE ( 'NONE', *, *, #3808, .T. ) ;
#4544 = ORIENTED_EDGE ( 'NONE', *, *, #3810, .T. ) ;
#4545 = ORIENTED_EDGE ( 'NONE', *, *, #3233, .F. ) ;
#4546 = ORIENTED_EDGE ( 'NONE', *, *, #3818, .T. ) ;
#4547 = ORIENTED_EDGE ( 'NONE', *, *, #3813, .F. ) ;
#4548 = ORIENTED_EDGE ( 'NONE', *, *, #3814, .T. ) ;
#4549 = ORIENTED_EDGE ( 'NONE', *, *, #3819, .F. ) ;
#4550 = ORIENTED_EDGE ( 'NONE', *, *, #3820, .F. ) ;
#4551 = ORIENTED_EDGE ( 'NONE', *, *, #3722, .T. ) ;
#4552 = ORIENTED_EDGE ( 'NONE', *, *, #3807, .F. ) ;
#4553 = ORIENTED_EDGE ( 'NONE', *, *, #3811, .F. ) ;
#4554 = ORIENTED_EDGE ( 'NONE', *, *, #3237, .T. ) ;
#4555 = ORIENTED_EDGE ( 'NONE', *, *, #3821, .F. ) ;
#4556 = ORIENTED_EDGE ( 'NONE', *, *, #3816, .F. ) ;
#4557 = ORIENTED_EDGE ( 'NONE', *, *, #3819, .T. ) ;
#4558 = ORIENTED_EDGE ( 'NONE', *, *, #3822, .F. ) ;
#4559 = ORIENTED_EDGE ( 'NONE', *, *, #3822, .T. ) ;
#4560 = ORIENTED_EDGE ( 'NONE', *, *, #3349, .T. ) ;
#4561 = ORIENTED_EDGE ( 'NONE', *, *, #3821, .T. ) ;
#4562 = ORIENTED_EDGE ( 'NONE', *, *, #3809, .F. ) ;
#4563 = ORIENTED_EDGE ( 'NONE', *, *, #3817, .F. ) ;
#4564 = ORIENTED_EDGE ( 'NONE', *, *, #3812, .T. ) ;
#4565 = ORIENTED_EDGE ( 'NONE', *, *, #3820, .T. ) ;
#4566 = ORIENTED_EDGE ( 'NONE', *, *, #3815, .F. ) ;
#4567 = ORIENTED_EDGE ( 'NONE', *, *, #3818, .F. ) ;
#4568 = ORIENTED_EDGE ( 'NONE', *, *, #3824, .T. ) ;
#4569 = ORIENTED_EDGE ( 'NONE', *, *, #3823, .F. ) ;
#4570 = ORIENTED_EDGE ( 'NONE', *, *, #3329, .T. ) ;
#4571 = ORIENTED_EDGE ( 'NONE', *, *, #3826, .T. ) ;
#4572 = ORIENTED_EDGE ( 'NONE', *, *, #3825, .F. ) ;
#4573 = ORIENTED_EDGE ( 'NONE', *, *, #3827, .F. ) ;
#4574 = ORIENTED_EDGE ( 'NONE', *, *, #3310, .T. ) ;
#4575 = ORIENTED_EDGE ( 'NONE', *, *, #3829, .F. ) ;
#4576 = ORIENTED_EDGE ( 'NONE', *, *, #3828, .T. ) ;
#4577 = ORIENTED_EDGE ( 'NONE', *, *, #3830, .T. ) ;
#4578 = ORIENTED_EDGE ( 'NONE', *, *, #3314, .T. ) ;
#4579 = ORIENTED_EDGE ( 'NONE', *, *, #3832, .T. ) ;
#4580 = ORIENTED_EDGE ( 'NONE', *, *, #3831, .F. ) ;
#4581 = ORIENTED_EDGE ( 'NONE', *, *, #3823, .T. ) ;
#4582 = ORIENTED_EDGE ( 'NONE', *, *, #3833, .T. ) ;
#4583 = ORIENTED_EDGE ( 'NONE', *, *, #3319, .T. ) ;
#4584 = ORIENTED_EDGE ( 'NONE', *, *, #3829, .T. ) ;
#4585 = ORIENTED_EDGE ( 'NONE', *, *, #3827, .T. ) ;
#4586 = ORIENTED_EDGE ( 'NONE', *, *, #3311, .T. ) ;
#4587 = ORIENTED_EDGE ( 'NONE', *, *, #3834, .T. ) ;
#4588 = ORIENTED_EDGE ( 'NONE', *, *, #3836, .F. ) ;
#4589 = ORIENTED_EDGE ( 'NONE', *, *, #3328, .F. ) ;
#4590 = ORIENTED_EDGE ( 'NONE', *, *, #3835, .F. ) ;
#4591 = ORIENTED_EDGE ( 'NONE', *, *, #3830, .F. ) ;
#4592 = ORIENTED_EDGE ( 'NONE', *, *, #3826, .F. ) ;
#4593 = ORIENTED_EDGE ( 'NONE', *, *, #3312, .F. ) ;
#4594 = ORIENTED_EDGE ( 'NONE', *, *, #3837, .F. ) ;
#4595 = ORIENTED_EDGE ( 'NONE', *, *, #3838, .T. ) ;
#4596 = ORIENTED_EDGE ( 'NONE', *, *, #3824, .F. ) ;
#4597 = ORIENTED_EDGE ( 'NONE', *, *, #3835, .T. ) ;
#4598 = ORIENTED_EDGE ( 'NONE', *, *, #3352, .F. ) ;
#4599 = ORIENTED_EDGE ( 'NONE', *, *, #3832, .F. ) ;
#4600 = ORIENTED_EDGE ( 'NONE', *, *, #3825, .T. ) ;
#4601 = ORIENTED_EDGE ( 'NONE', *, *, #3837, .T. ) ;
#4602 = ORIENTED_EDGE ( 'NONE', *, *, #3828, .F. ) ;
#4603 = ORIENTED_EDGE ( 'NONE', *, *, #3833, .F. ) ;
#4604 = ORIENTED_EDGE ( 'NONE', *, *, #3831, .T. ) ;
#4605 = ORIENTED_EDGE ( 'NONE', *, *, #3836, .T. ) ;
#4606 = ORIENTED_EDGE ( 'NONE', *, *, #3838, .F. ) ;
#4607 = ORIENTED_EDGE ( 'NONE', *, *, #3834, .F. ) ;
#4608 = ORIENTED_EDGE ( 'NONE', *, *, #3840, .T. ) ;
#4609 = ORIENTED_EDGE ( 'NONE', *, *, #3841, .F. ) ;
#4610 = ORIENTED_EDGE ( 'NONE', *, *, #3839, .T. ) ;
#4611 = ORIENTED_EDGE ( 'NONE', *, *, #3895, .T. ) ;
#4612 = ORIENTED_EDGE ( 'NONE', *, *, #3841, .T. ) ;
#4613 = ORIENTED_EDGE ( 'NONE', *, *, #3897, .T. ) ;
#4614 = ORIENTED_EDGE ( 'NONE', *, *, #3896, .T. ) ;
#4615 = ORIENTED_EDGE ( 'NONE', *, *, #3898, .F. ) ;
#4616 = ORIENTED_EDGE ( 'NONE', *, *, #3899, .T. ) ;
#4617 = ORIENTED_EDGE ( 'NONE', *, *, #3900, .T. ) ;
#4618 = ORIENTED_EDGE ( 'NONE', *, *, #3902, .T. ) ;
#4619 = ORIENTED_EDGE ( 'NONE', *, *, #3898, .T. ) ;
#4620 = ORIENTED_EDGE ( 'NONE', *, *, #3901, .T. ) ;
#4621 = ORIENTED_EDGE ( 'NONE', *, *, #3904, .T. ) ;
#4622 = ORIENTED_EDGE ( 'NONE', *, *, #3905, .F. ) ;
#4623 = ORIENTED_EDGE ( 'NONE', *, *, #3903, .T. ) ;
#4624 = ORIENTED_EDGE ( 'NONE', *, *, #3906, .T. ) ;
#4625 = ORIENTED_EDGE ( 'NONE', *, *, #3907, .T. ) ;
#4626 = ORIENTED_EDGE ( 'NONE', *, *, #3905, .T. ) ;
#4627 = ORIENTED_EDGE ( 'NONE', *, *, #3909, .F. ) ;
#4628 = ORIENTED_EDGE ( 'NONE', *, *, #3908, .T. ) ;
#4629 = ORIENTED_EDGE ( 'NONE', *, *, #3910, .T. ) ;
#4630 = ORIENTED_EDGE ( 'NONE', *, *, #3909, .T. ) ;
#4631 = ORIENTED_EDGE ( 'NONE', *, *, #3912, .F. ) ;
#4632 = ORIENTED_EDGE ( 'NONE', *, *, #3911, .T. ) ;
#4633 = ORIENTED_EDGE ( 'NONE', *, *, #3913, .T. ) ;
#4634 = ORIENTED_EDGE ( 'NONE', *, *, #3912, .T. ) ;
#4635 = ORIENTED_EDGE ( 'NONE', *, *, #3361, .F. ) ;
#4636 = ORIENTED_EDGE ( 'NONE', *, *, #3914, .T. ) ;
#4637 = ORIENTED_EDGE ( 'NONE', *, *, #3915, .T. ) ;
#4638 = ORIENTED_EDGE ( 'NONE', *, *, #3917, .F. ) ;
#4639 = ORIENTED_EDGE ( 'NONE', *, *, #3205, .T. ) ;
#4640 = ORIENTED_EDGE ( 'NONE', *, *, #3916, .T. ) ;
#4641 = ORIENTED_EDGE ( 'NONE', *, *, #3918, .T. ) ;
#4642 = ORIENTED_EDGE ( 'NONE', *, *, #3917, .T. ) ;
#4643 = ORIENTED_EDGE ( 'NONE', *, *, #3920, .F. ) ;
#4644 = ORIENTED_EDGE ( 'NONE', *, *, #3919, .T. ) ;
#4645 = ORIENTED_EDGE ( 'NONE', *, *, #3921, .T. ) ;
#4646 = ORIENTED_EDGE ( 'NONE', *, *, #3920, .T. ) ;
#4647 = ORIENTED_EDGE ( 'NONE', *, *, #3840, .F. ) ;
#4648 = ORIENTED_EDGE ( 'NONE', *, *, #3922, .T. ) ;
#4649 = ORIENTED_EDGE ( 'NONE', *, *, #3923, .T. ) ;
#4650 = ORIENTED_EDGE ( 'NONE', *, *, #3925, .T. ) ;
#4651 = ORIENTED_EDGE ( 'NONE', *, *, #3926, .F. ) ;
#4652 = ORIENTED_EDGE ( 'NONE', *, *, #3924, .T. ) ;
#4653 = ORIENTED_EDGE ( 'NONE', *, *, #3927, .T. ) ;
#4654 = ORIENTED_EDGE ( 'NONE', *, *, #3926, .T. ) ;
#4655 = ORIENTED_EDGE ( 'NONE', *, *, #3297, .F. ) ;
#4656 = ORIENTED_EDGE ( 'NONE', *, *, #3928, .T. ) ;
#4657 = ORIENTED_EDGE ( 'NONE', *, *, #3929, .T. ) ;
#4658 = ORIENTED_EDGE ( 'NONE', *, *, #3931, .F. ) ;
#4659 = ORIENTED_EDGE ( 'NONE', *, *, #3355, .T. ) ;
#4660 = ORIENTED_EDGE ( 'NONE', *, *, #3930, .T. ) ;
#4661 = ORIENTED_EDGE ( 'NONE', *, *, #3932, .T. ) ;
#4662 = ORIENTED_EDGE ( 'NONE', *, *, #3931, .T. ) ;
#4663 = ORIENTED_EDGE ( 'NONE', *, *, #3934, .F. ) ;
#4664 = ORIENTED_EDGE ( 'NONE', *, *, #3933, .T. ) ;
#4665 = ORIENTED_EDGE ( 'NONE', *, *, #3935, .T. ) ;
#4666 = ORIENTED_EDGE ( 'NONE', *, *, #3198, .F. ) ;
#4667 = ORIENTED_EDGE ( 'NONE', *, *, #3934, .T. ) ;
#4668 = ORIENTED_EDGE ( 'NONE', *, *, #3936, .T. ) ;
#4669 = ORIENTED_EDGE ( 'NONE', *, *, #3937, .T. ) ;
#4670 = ORIENTED_EDGE ( 'NONE', *, *, #3939, .T. ) ;
#4671 = ORIENTED_EDGE ( 'NONE', *, *, #3199, .T. ) ;
#4672 = ORIENTED_EDGE ( 'NONE', *, *, #3938, .T. ) ;
#4673 = ORIENTED_EDGE ( 'NONE', *, *, #3940, .T. ) ;
#4674 = ORIENTED_EDGE ( 'NONE', *, *, #3941, .T. ) ;
#4675 = ORIENTED_EDGE ( 'NONE', *, *, #3943, .F. ) ;
#4676 = ORIENTED_EDGE ( 'NONE', *, *, #3944, .T. ) ;
#4677 = ORIENTED_EDGE ( 'NONE', *, *, #3942, .T. ) ;
#4678 = ORIENTED_EDGE ( 'NONE', *, *, #4679, .F. ) ;
#4679 = EDGE_CURVE ( 'NONE', #4428, #4429, #2222, .T. ) ;
#4680 = EDGE_CURVE ( 'NONE', #4430, #4426, #3590, .T. ) ;
#4681 = EDGE_CURVE ( 'NONE', #4427, #4431, #3587, .T. ) ;
#4682 = EDGE_CURVE ( 'NONE', #4431, #4429, #2224, .T. ) ;
#4683 = EDGE_CURVE ( 'NONE', #3966, #4428, #3586, .T. ) ;
#4684 = EDGE_CURVE ( 'NONE', #4429, #3965, #3588, .T. ) ;
#4685 = EDGE_CURVE ( 'NONE', #3962, #4416, #2226, .T. ) ;
#4686 = EDGE_CURVE ( 'NONE', #4415, #3964, #2227, .T. ) ;
#4687 = EDGE_CURVE ( 'NONE', #4423, #4431, #2228, .T. ) ;
#4688 = EDGE_CURVE ( 'NONE', #4425, #4430, #2229, .T. ) ;
#4689 = EDGE_CURVE ( 'NONE', #4398, #4403, #2230, .T. ) ;
#4690 = EDGE_CURVE ( 'NONE', #4401, #4406, #2231, .T. ) ;
#4691 = EDGE_CURVE ( 'NONE', #4433, #4432, #2232, .T. ) ;
#4692 = EDGE_CURVE ( 'NONE', #3382, #4432, #2233, .T. ) ;
#4693 = EDGE_CURVE ( 'NONE', #3954, #4433, #2234, .T. ) ;
#4694 = EDGE_CURVE ( 'NONE', #4435, #4434, #2235, .T. ) ;
#4695 = EDGE_CURVE ( 'NONE', #4432, #4434, #2236, .T. ) ;
#4696 = EDGE_CURVE ( 'NONE', #4433, #4435, #2237, .T. ) ;
#4697 = EDGE_CURVE ( 'NONE', #4437, #4436, #2238, .T. ) ;
#4698 = EDGE_CURVE ( 'NONE', #4434, #4436, #2239, .T. ) ;
#4699 = EDGE_CURVE ( 'NONE', #4435, #4437, #2240, .T. ) ;
#4700 = EDGE_CURVE ( 'NONE', #4439, #4438, #2241, .T. ) ;
#4701 = EDGE_CURVE ( 'NONE', #4436, #4438, #2242, .T. ) ;
#4702 = EDGE_CURVE ( 'NONE', #4437, #4439, #2243, .T. ) ;
#4703 = EDGE_CURVE ( 'NONE', #4438, #3420, #2244, .T. ) ;
#4704 = EDGE_CURVE ( 'NONE', #4439, #3419, #2245, .T. ) ;
#4705 = EDGE_CURVE ( 'NONE', #4441, #4440, #2246, .T. ) ;
#4706 = EDGE_CURVE ( 'NONE', #3957, #4440, #2247, .T. ) ;
#4707 = EDGE_CURVE ( 'NONE', #3955, #4441, #2248, .T. ) ;
#4708 = EDGE_CURVE ( 'NONE', #4443, #4442, #2249, .T. ) ;
#4709 = EDGE_CURVE ( 'NONE', #4440, #4442, #2250, .T. ) ;
#4710 = EDGE_CURVE ( 'NONE', #4441, #4443, #2251, .T. ) ;
#4711 = EDGE_CURVE ( 'NONE', #4445, #4444, #2252, .T. ) ;
#4712 = EDGE_CURVE ( 'NONE', #4442, #4444, #2253, .T. ) ;
#4713 = EDGE_CURVE ( 'NONE', #4443, #4445, #2254, .T. ) ;
#4714 = EDGE_CURVE ( 'NONE', #4447, #4446, #2255, .T. ) ;
#4715 = EDGE_CURVE ( 'NONE', #4444, #4446, #2256, .T. ) ;
#4716 = EDGE_CURVE ( 'NONE', #4445, #4447, #2257, .T. ) ;
#4717 = EDGE_CURVE ( 'NONE', #4446, #3956, #2258, .T. ) ;
#4718 = EDGE_CURVE ( 'NONE', #4447, #3959, #2259, .T. ) ;
#4719 = EDGE_CURVE ( 'NONE', #4449, #4448, #2260, .T. ) ;
#4720 = EDGE_CURVE ( 'NONE', #3418, #4448, #2261, .T. ) ;
#4721 = EDGE_CURVE ( 'NONE', #3425, #4449, #2262, .T. ) ;
#4722 = EDGE_CURVE ( 'NONE', #4451, #4450, #2263, .T. ) ;
#4723 = EDGE_CURVE ( 'NONE', #4448, #4450, #2264, .T. ) ;
#4724 = EDGE_CURVE ( 'NONE', #4449, #4451, #2265, .T. ) ;
#4725 = EDGE_CURVE ( 'NONE', #4453, #4452, #2266, .T. ) ;
#4726 = EDGE_CURVE ( 'NONE', #4450, #4452, #2267, .T. ) ;
#4727 = EDGE_CURVE ( 'NONE', #4451, #4453, #2268, .T. ) ;
#4728 = EDGE_CURVE ( 'NONE', #4455, #4454, #2269, .T. ) ;
#4729 = EDGE_CURVE ( 'NONE', #4452, #4454, #2270, .T. ) ;
#4730 = EDGE_CURVE ( 'NONE', #4453, #4455, #2271, .T. ) ;
#4731 = EDGE_CURVE ( 'NONE', #4454, #3422, #2272, .T. ) ;
#4732 = EDGE_CURVE ( 'NONE', #4455, #3417, #2273, .T. ) ;
#4733 = EDGE_CURVE ( 'NONE', #4457, #4456, #2274, .T. ) ;
#4734 = EDGE_CURVE ( 'NONE', #3969, #4456, #2275, .T. ) ;
#4735 = EDGE_CURVE ( 'NONE', #3967, #4457, #2276, .T. ) ;
#4736 = EDGE_CURVE ( 'NONE', #4459, #4458, #2277, .T. ) ;
#4737 = EDGE_CURVE ( 'NONE', #4456, #4458, #2278, .T. ) ;
#4738 = EDGE_CURVE ( 'NONE', #4457, #4459, #2279, .T. ) ;
#4739 = EDGE_CURVE ( 'NONE', #4461, #4460, #2280, .T. ) ;
#4740 = EDGE_CURVE ( 'NONE', #4458, #4460, #2281, .T. ) ;
#4741 = EDGE_CURVE ( 'NONE', #4459, #4461, #2282, .T. ) ;
#4742 = EDGE_CURVE ( 'NONE', #4463, #4462, #2283, .T. ) ;
#4743 = EDGE_CURVE ( 'NONE', #4460, #4462, #2284, .T. ) ;
#4744 = EDGE_CURVE ( 'NONE', #4461, #4463, #2285, .T. ) ;
#4745 = EDGE_CURVE ( 'NONE', #4462, #3971, #2286, .T. ) ;
#4746 = EDGE_CURVE ( 'NONE', #4463, #3416, #2287, .T. ) ;
#4747 = ADVANCED_FACE ( 'NONE', ( #2288 ), #2771, .F. ) ;
#4748 = ADVANCED_FACE ( 'NONE', ( #2225 ), #2782, .F. ) ;
#4749 = ADVANCED_FACE ( 'NONE', ( #2295 ), #2793, .F. ) ;
#4750 = ADVANCED_FACE ( 'NONE', ( #2299 ), #2804, .F. ) ;
#4751 = ADVANCED_FACE ( 'NONE', ( #2303 ), #2815, .T. ) ;
#4752 = ADVANCED_FACE ( 'NONE', ( #2307 ), #2826, .F. ) ;
#4753 = ADVANCED_FACE ( 'NONE', ( #2311 ), #2837, .F. ) ;
#4754 = ADVANCED_FACE ( 'NONE', ( #2315 ), #2848, .F. ) ;
#4755 = ADVANCED_FACE ( 'NONE', ( #2319 ), #2859, .F. ) ;
#4756 = ADVANCED_FACE ( 'NONE', ( #2323 ), #2870, .F. ) ;
#4757 = ADVANCED_FACE ( 'NONE', ( #2327 ), #2881, .F. ) ;
#4758 = ADVANCED_FACE ( 'NONE', ( #2331 ), #2892, .F. ) ;
#4759 = ADVANCED_FACE ( 'NONE', ( #2335 ), #2903, .T. ) ;
#4760 = ADVANCED_FACE ( 'NONE', ( #2339 ), #2914, .F. ) ;
#4761 = ADVANCED_FACE ( 'NONE', ( #2343 ), #2925, .F. ) ;
#4762 = ADVANCED_FACE ( 'NONE', ( #2347 ), #2936, .F. ) ;
#4763 = ADVANCED_FACE ( 'NONE', ( #2351 ), #2947, .F. ) ;
#4764 = ADVANCED_FACE ( 'NONE', ( #2355 ), #2958, .F. ) ;
#4765 = ADVANCED_FACE ( 'NONE', ( #3036 ), #2969, .T. ) ;
#4766 = ADVANCED_FACE ( 'NONE', ( #3040 ), #3077, .F. ) ;
#4767 = ADVANCED_FACE ( 'NONE', ( #3044 ), #3088, .F. ) ;
#4768 = ADVANCED_FACE ( 'NONE', ( #3048 ), #3099, .F. ) ;
#4769 = ADVANCED_FACE ( 'NONE', ( #3052 ), #3110, .F. ) ;
#4770 = ADVANCED_FACE ( 'NONE', ( #3056 ), #3121, .F. ) ;
#4771 = ADVANCED_FACE ( 'NONE', ( #3060 ), #3132, .F. ) ;
#4772 = ADVANCED_FACE ( 'NONE', ( #3064 ), #3143, .F. ) ;
#4773 = ADVANCED_FACE ( 'NONE', ( #3068 ), #3154, .T. ) ;
#4774 = COLOUR_RGB ( '',0.5019607843137254800, 0.5019607843137254800, 0.5019607843137254800 ) ;
#4775 =( GEOMETRIC_REPRESENTATION_CONTEXT ( 3 ) GLOBAL_UNCERTAINTY_ASSIGNED_CONTEXT ( ( #3947 ) ) GLOBAL_UNIT_ASSIGNED_CONTEXT ( ( #3706, #3707, #3708 ) ) REPRESENTATION_CONTEXT ( 'NONE', 'WORKASPACE' ) );
#4776 =( GEOMETRIC_REPRESENTATION_CONTEXT ( 3 ) GLOBAL_UNCERTAINTY_ASSIGNED_CONTEXT ( ( #3181 ) ) GLOBAL_UNIT_ASSIGNED_CONTEXT ( ( #3717, #3718, #5305 ) ) REPRESENTATION_CONTEXT ( 'NONE', 'WORKASPACE' ) );
#4777 = COLOUR_RGB ( '',0.5019607843137254800, 0.5019607843137254800, 0.5019607843137254800 ) ;
#4778 = COLOUR_RGB ( '',0.7529411764705882200, 0.7529411764705882200, 0.7529411764705882200 ) ;
#4779 =( GEOMETRIC_REPRESENTATION_CONTEXT ( 3 ) GLOBAL_UNCERTAINTY_ASSIGNED_CONTEXT ( ( #3178 ) ) GLOBAL_UNIT_ASSIGNED_CONTEXT ( ( #5318, #5319, #5320 ) ) REPRESENTATION_CONTEXT ( 'NONE', 'WORKASPACE' ) );
#4780 =( GEOMETRIC_REPRESENTATION_CONTEXT ( 3 ) GLOBAL_UNCERTAINTY_ASSIGNED_CONTEXT ( ( #3180 ) ) GLOBAL_UNIT_ASSIGNED_CONTEXT ( ( #5329, #5330, #5331 ) ) REPRESENTATION_CONTEXT ( 'NONE', 'WORKASPACE' ) );
#4781 = COLOUR_RGB ( '',0.5019607843137254800, 0.5019607843137254800, 0.5019607843137254800 ) ;
#4782 =( GEOMETRIC_REPRESENTATION_CONTEXT ( 3 ) GLOBAL_UNCERTAINTY_ASSIGNED_CONTEXT ( ( #3946 ) ) GLOBAL_UNIT_ASSIGNED_CONTEXT ( ( #5340, #5341, #5342 ) ) REPRESENTATION_CONTEXT ( 'NONE', 'WORKASPACE' ) );
#4783 = COLOUR_RGB ( '',0.5019607843137254800, 0.5019607843137254800, 0.5019607843137254800 ) ;
#4784 =( GEOMETRIC_REPRESENTATION_CONTEXT ( 3 ) GLOBAL_UNCERTAINTY_ASSIGNED_CONTEXT ( ( #5494 ) ) GLOBAL_UNIT_ASSIGNED_CONTEXT ( ( #5350, #5351, #5352 ) ) REPRESENTATION_CONTEXT ( 'NONE', 'WORKASPACE' ) );
#4785 = COLOUR_RGB ( '',0.5019607843137254800, 0.5019607843137254800, 0.5019607843137254800 ) ;
#4786 = COLOUR_RGB ( '',0.5019607843137254800, 0.5019607843137254800, 0.5019607843137254800 ) ;
#4787 =( GEOMETRIC_REPRESENTATION_CONTEXT ( 3 ) GLOBAL_UNCERTAINTY_ASSIGNED_CONTEXT ( ( #5495 ) ) GLOBAL_UNIT_ASSIGNED_CONTEXT ( ( #5612, #5613, #5614 ) ) REPRESENTATION_CONTEXT ( 'NONE', 'WORKASPACE' ) );
#4788 =( GEOMETRIC_REPRESENTATION_CONTEXT ( 3 ) GLOBAL_UNCERTAINTY_ASSIGNED_CONTEXT ( ( #5498 ) ) GLOBAL_UNIT_ASSIGNED_CONTEXT ( ( #5623, #5624, #5625 ) ) REPRESENTATION_CONTEXT ( 'NONE', 'WORKASPACE' ) );
#4789 = COLOUR_RGB ( '',0.5019607843137254800, 0.5019607843137254800, 0.5019607843137254800 ) ;
#4790 =( GEOMETRIC_REPRESENTATION_CONTEXT ( 3 ) GLOBAL_UNCERTAINTY_ASSIGNED_CONTEXT ( ( #5499 ) ) GLOBAL_UNIT_ASSIGNED_CONTEXT ( ( #5634, #5635, #5636 ) ) REPRESENTATION_CONTEXT ( 'NONE', 'WORKASPACE' ) );
#4791 = COLOUR_RGB ( '',0.5019607843137254800, 0.5019607843137254800, 0.5019607843137254800 ) ;
#4792 =( GEOMETRIC_REPRESENTATION_CONTEXT ( 3 ) GLOBAL_UNCERTAINTY_ASSIGNED_CONTEXT ( ( #5500 ) ) GLOBAL_UNIT_ASSIGNED_CONTEXT ( ( #5645, #5646, #5647 ) ) REPRESENTATION_CONTEXT ( 'NONE', 'WORKASPACE' ) );
#4793 = COLOUR_RGB ( '',0.5019607843137254800, 0.5019607843137254800, 0.5019607843137254800 ) ;
#4794 =( GEOMETRIC_REPRESENTATION_CONTEXT ( 3 ) GLOBAL_UNCERTAINTY_ASSIGNED_CONTEXT ( ( #5501 ) ) GLOBAL_UNIT_ASSIGNED_CONTEXT ( ( #5656, #5657, #5658 ) ) REPRESENTATION_CONTEXT ( 'NONE', 'WORKASPACE' ) );
#4795 = COLOUR_RGB ( '',0.5019607843137254800, 0.5019607843137254800, 0.5019607843137254800 ) ;
#4796 =( GEOMETRIC_REPRESENTATION_CONTEXT ( 3 ) GLOBAL_UNCERTAINTY_ASSIGNED_CONTEXT ( ( #5502 ) ) GLOBAL_UNIT_ASSIGNED_CONTEXT ( ( #5667, #5668, #5669 ) ) REPRESENTATION_CONTEXT ( 'NONE', 'WORKASPACE' ) );
#4797 = COLOUR_RGB ( '',0.5019607843137254800, 0.5019607843137254800, 0.5019607843137254800 ) ;
#4798 =( GEOMETRIC_REPRESENTATION_CONTEXT ( 3 ) GLOBAL_UNCERTAINTY_ASSIGNED_CONTEXT ( ( #5503 ) ) GLOBAL_UNIT_ASSIGNED_CONTEXT ( ( #5678, #5679, #5680 ) ) REPRESENTATION_CONTEXT ( 'NONE', 'WORKASPACE' ) );
#4799 = COLOUR_RGB ( '',0.5019607843137254800, 0.5019607843137254800, 0.5019607843137254800 ) ;
#4800 =( GEOMETRIC_REPRESENTATION_CONTEXT ( 3 ) GLOBAL_UNCERTAINTY_ASSIGNED_CONTEXT ( ( #5505 ) ) GLOBAL_UNIT_ASSIGNED_CONTEXT ( ( #5688, #5689, #5690 ) ) REPRESENTATION_CONTEXT ( 'NONE', 'WORKASPACE' ) );
#4801 = COLOUR_RGB ( '',0.5019607843137254800, 0.5019607843137254800, 0.5019607843137254800 ) ;
#4802 =( GEOMETRIC_REPRESENTATION_CONTEXT ( 3 ) GLOBAL_UNCERTAINTY_ASSIGNED_CONTEXT ( ( #5496 ) ) GLOBAL_UNIT_ASSIGNED_CONTEXT ( ( #5699, #5700, #5701 ) ) REPRESENTATION_CONTEXT ( 'NONE', 'WORKASPACE' ) );
#4803 = COLOUR_RGB ( '',0.5019607843137254800, 0.5019607843137254800, 0.5019607843137254800 ) ;
#4804 =( GEOMETRIC_REPRESENTATION_CONTEXT ( 3 ) GLOBAL_UNCERTAINTY_ASSIGNED_CONTEXT ( ( #5507 ) ) GLOBAL_UNIT_ASSIGNED_CONTEXT ( ( #5709, #5710, #5711 ) ) REPRESENTATION_CONTEXT ( 'NONE', 'WORKASPACE' ) );
#4805 = COLOUR_RGB ( '',0.5019607843137254800, 0.5019607843137254800, 0.5019607843137254800 ) ;
#4806 =( GEOMETRIC_REPRESENTATION_CONTEXT ( 3 ) GLOBAL_UNCERTAINTY_ASSIGNED_CONTEXT ( ( #5497 ) ) GLOBAL_UNIT_ASSIGNED_CONTEXT ( ( #5720, #5721, #5722 ) ) REPRESENTATION_CONTEXT ( 'NONE', 'WORKASPACE' ) );
#4807 = COLOUR_RGB ( '',0.5019607843137254800, 0.5019607843137254800, 0.5019607843137254800 ) ;
#4808 =( GEOMETRIC_REPRESENTATION_CONTEXT ( 3 ) GLOBAL_UNCERTAINTY_ASSIGNED_CONTEXT ( ( #5508 ) ) GLOBAL_UNIT_ASSIGNED_CONTEXT ( ( #5815, #5816, #5817 ) ) REPRESENTATION_CONTEXT ( 'NONE', 'WORKASPACE' ) );
#4809 = COLOUR_RGB ( '',0.5019607843137254800, 0.5019607843137254800, 0.5019607843137254800 ) ;
#4810 =( GEOMETRIC_REPRESENTATION_CONTEXT ( 3 ) GLOBAL_UNCERTAINTY_ASSIGNED_CONTEXT ( ( #5510 ) ) GLOBAL_UNIT_ASSIGNED_CONTEXT ( ( #5825, #5826, #5827 ) ) REPRESENTATION_CONTEXT ( 'NONE', 'WORKASPACE' ) );
#4811 = COLOUR_RGB ( '',0.5019607843137254800, 0.5019607843137254800, 0.5019607843137254800 ) ;
#4812 =( GEOMETRIC_REPRESENTATION_CONTEXT ( 3 ) GLOBAL_UNCERTAINTY_ASSIGNED_CONTEXT ( ( #5506 ) ) GLOBAL_UNIT_ASSIGNED_CONTEXT ( ( #5836, #5837, #5838 ) ) REPRESENTATION_CONTEXT ( 'NONE', 'WORKASPACE' ) );
#4813 = COLOUR_RGB ( '',0.5019607843137254800, 0.5019607843137254800, 0.5019607843137254800 ) ;
#4814 =( GEOMETRIC_REPRESENTATION_CONTEXT ( 3 ) GLOBAL_UNCERTAINTY_ASSIGNED_CONTEXT ( ( #5511 ) ) GLOBAL_UNIT_ASSIGNED_CONTEXT ( ( #5847, #5848, #5849 ) ) REPRESENTATION_CONTEXT ( 'NONE', 'WORKASPACE' ) );
#4815 = COLOUR_RGB ( '',0.5019607843137254800, 0.5019607843137254800, 0.5019607843137254800 ) ;
#4816 =( GEOMETRIC_REPRESENTATION_CONTEXT ( 3 ) GLOBAL_UNCERTAINTY_ASSIGNED_CONTEXT ( ( #5512 ) ) GLOBAL_UNIT_ASSIGNED_CONTEXT ( ( #5858, #5859, #5860 ) ) REPRESENTATION_CONTEXT ( 'NONE', 'WORKASPACE' ) );
#4817 = COLOUR_RGB ( '',0.5019607843137254800, 0.5019607843137254800, 0.5019607843137254800 ) ;
#4818 =( GEOMETRIC_REPRESENTATION_CONTEXT ( 3 ) GLOBAL_UNCERTAINTY_ASSIGNED_CONTEXT ( ( #5514 ) ) GLOBAL_UNIT_ASSIGNED_CONTEXT ( ( #5868, #5869, #5870 ) ) REPRESENTATION_CONTEXT ( 'NONE', 'WORKASPACE' ) );
#4819 = COLOUR_RGB ( '',0.5019607843137254800, 0.5019607843137254800, 0.5019607843137254800 ) ;
#4820 =( GEOMETRIC_REPRESENTATION_CONTEXT ( 3 ) GLOBAL_UNCERTAINTY_ASSIGNED_CONTEXT ( ( #5504 ) ) GLOBAL_UNIT_ASSIGNED_CONTEXT ( ( #5879, #5880, #5881 ) ) REPRESENTATION_CONTEXT ( 'NONE', 'WORKASPACE' ) );
#4821 = COLOUR_RGB ( '',0.5019607843137254800, 0.5019607843137254800, 0.5019607843137254800 ) ;
#4822 =( GEOMETRIC_REPRESENTATION_CONTEXT ( 3 ) GLOBAL_UNCERTAINTY_ASSIGNED_CONTEXT ( ( #5515 ) ) GLOBAL_UNIT_ASSIGNED_CONTEXT ( ( #5890, #5891, #5892 ) ) REPRESENTATION_CONTEXT ( 'NONE', 'WORKASPACE' ) );
#4823 = COLOUR_RGB ( '',0.5019607843137254800, 0.5019607843137254800, 0.5019607843137254800 ) ;
#4824 =( GEOMETRIC_REPRESENTATION_CONTEXT ( 3 ) GLOBAL_UNCERTAINTY_ASSIGNED_CONTEXT ( ( #5516 ) ) GLOBAL_UNIT_ASSIGNED_CONTEXT ( ( #5901, #5902, #5903 ) ) REPRESENTATION_CONTEXT ( 'NONE', 'WORKASPACE' ) );
#4825 = COLOUR_RGB ( '',0.7529411764705882200, 0.7529411764705882200, 0.7529411764705882200 ) ;
#4826 =( GEOMETRIC_REPRESENTATION_CONTEXT ( 3 ) GLOBAL_UNCERTAINTY_ASSIGNED_CONTEXT ( ( #5517 ) ) GLOBAL_UNIT_ASSIGNED_CONTEXT ( ( #5912, #5913, #5914 ) ) REPRESENTATION_CONTEXT ( 'NONE', 'WORKASPACE' ) );
#4827 = COLOUR_RGB ( '',0.7529411764705882200, 0.7529411764705882200, 0.7529411764705882200 ) ;
#4828 =( GEOMETRIC_REPRESENTATION_CONTEXT ( 3 ) GLOBAL_UNCERTAINTY_ASSIGNED_CONTEXT ( ( #5518 ) ) GLOBAL_UNIT_ASSIGNED_CONTEXT ( ( #5923, #5924, #5925 ) ) REPRESENTATION_CONTEXT ( 'NONE', 'WORKASPACE' ) );
#4829 = COLOUR_RGB ( '',0.7529411764705882200, 0.7529411764705882200, 0.7529411764705882200 ) ;
#4830 =( GEOMETRIC_REPRESENTATION_CONTEXT ( 3 ) GLOBAL_UNCERTAINTY_ASSIGNED_CONTEXT ( ( #5519 ) ) GLOBAL_UNIT_ASSIGNED_CONTEXT ( ( #5934, #5935, #5936 ) ) REPRESENTATION_CONTEXT ( 'NONE', 'WORKASPACE' ) );
#4831 = COLOUR_RGB ( '',0.7529411764705882200, 0.7529411764705882200, 0.7529411764705882200 ) ;
#4832 =( GEOMETRIC_REPRESENTATION_CONTEXT ( 3 ) GLOBAL_UNCERTAINTY_ASSIGNED_CONTEXT ( ( #5520 ) ) GLOBAL_UNIT_ASSIGNED_CONTEXT ( ( #5945, #5946, #5947 ) ) REPRESENTATION_CONTEXT ( 'NONE', 'WORKASPACE' ) );
#4833 = COLOUR_RGB ( '',0.7529411764705882200, 0.7529411764705882200, 0.7529411764705882200 ) ;
#4834 =( GEOMETRIC_REPRESENTATION_CONTEXT ( 3 ) GLOBAL_UNCERTAINTY_ASSIGNED_CONTEXT ( ( #5521 ) ) GLOBAL_UNIT_ASSIGNED_CONTEXT ( ( #6069, #6070, #6071 ) ) REPRESENTATION_CONTEXT ( 'NONE', 'WORKASPACE' ) );
#4835 = COLOUR_RGB ( '',0.7529411764705882200, 0.7529411764705882200, 0.7529411764705882200 ) ;
#4836 =( GEOMETRIC_REPRESENTATION_CONTEXT ( 3 ) GLOBAL_UNCERTAINTY_ASSIGNED_CONTEXT ( ( #5522 ) ) GLOBAL_UNIT_ASSIGNED_CONTEXT ( ( #6080, #6081, #6082 ) ) REPRESENTATION_CONTEXT ( 'NONE', 'WORKASPACE' ) );
#4837 = COLOUR_RGB ( '',0.7529411764705882200, 0.7529411764705882200, 0.7529411764705882200 ) ;
#4838 =( GEOMETRIC_REPRESENTATION_CONTEXT ( 3 ) GLOBAL_UNCERTAINTY_ASSIGNED_CONTEXT ( ( #5523 ) ) GLOBAL_UNIT_ASSIGNED_CONTEXT ( ( #6091, #6092, #6093 ) ) REPRESENTATION_CONTEXT ( 'NONE', 'WORKASPACE' ) );
#4839 = COLOUR_RGB ( '',0.7529411764705882200, 0.7529411764705882200, 0.7529411764705882200 ) ;
#4840 =( GEOMETRIC_REPRESENTATION_CONTEXT ( 3 ) GLOBAL_UNCERTAINTY_ASSIGNED_CONTEXT ( ( #5524 ) ) GLOBAL_UNIT_ASSIGNED_CONTEXT ( ( #6102, #6103, #6104 ) ) REPRESENTATION_CONTEXT ( 'NONE', 'WORKASPACE' ) );
#4841 = COLOUR_RGB ( '',0.5019607843137254800, 0.5019607843137254800, 0.5019607843137254800 ) ;
#4842 =( GEOMETRIC_REPRESENTATION_CONTEXT ( 3 ) GLOBAL_UNCERTAINTY_ASSIGNED_CONTEXT ( ( #5525 ) ) GLOBAL_UNIT_ASSIGNED_CONTEXT ( ( #6113, #6114, #6115 ) ) REPRESENTATION_CONTEXT ( 'NONE', 'WORKASPACE' ) );
#4843 = COLOUR_RGB ( '',0.5019607843137254800, 0.5019607843137254800, 0.5019607843137254800 ) ;
#4844 =( GEOMETRIC_REPRESENTATION_CONTEXT ( 3 ) GLOBAL_UNCERTAINTY_ASSIGNED_CONTEXT ( ( #5526 ) ) GLOBAL_UNIT_ASSIGNED_CONTEXT ( ( #6124, #6125, #6126 ) ) REPRESENTATION_CONTEXT ( 'NONE', 'WORKASPACE' ) );
#4845 = COLOUR_RGB ( '',0.5019607843137254800, 0.5019607843137254800, 0.5019607843137254800 ) ;
#4846 =( GEOMETRIC_REPRESENTATION_CONTEXT ( 3 ) GLOBAL_UNCERTAINTY_ASSIGNED_CONTEXT ( ( #5527 ) ) GLOBAL_UNIT_ASSIGNED_CONTEXT ( ( #6135, #6136, #6137 ) ) REPRESENTATION_CONTEXT ( 'NONE', 'WORKASPACE' ) );
#4847 = COLOUR_RGB ( '',0.5019607843137254800, 0.5019607843137254800, 0.5019607843137254800 ) ;
#4848 =( GEOMETRIC_REPRESENTATION_CONTEXT ( 3 ) GLOBAL_UNCERTAINTY_ASSIGNED_CONTEXT ( ( #5528 ) ) GLOBAL_UNIT_ASSIGNED_CONTEXT ( ( #6146, #6147, #6148 ) ) REPRESENTATION_CONTEXT ( 'NONE', 'WORKASPACE' ) );
#4849 = COLOUR_RGB ( '',0.5019607843137254800, 0.5019607843137254800, 0.5019607843137254800 ) ;
#4850 =( GEOMETRIC_REPRESENTATION_CONTEXT ( 3 ) GLOBAL_UNCERTAINTY_ASSIGNED_CONTEXT ( ( #5530 ) ) GLOBAL_UNIT_ASSIGNED_CONTEXT ( ( #6156, #6157, #6158 ) ) REPRESENTATION_CONTEXT ( 'NONE', 'WORKASPACE' ) );
#4851 = COLOUR_RGB ( '',0.5019607843137254800, 0.5019607843137254800, 0.5019607843137254800 ) ;
#4852 =( GEOMETRIC_REPRESENTATION_CONTEXT ( 3 ) GLOBAL_UNCERTAINTY_ASSIGNED_CONTEXT ( ( #5509 ) ) GLOBAL_UNIT_ASSIGNED_CONTEXT ( ( #6167, #6168, #6169 ) ) REPRESENTATION_CONTEXT ( 'NONE', 'WORKASPACE' ) );
#4853 = COLOUR_RGB ( '',0.5019607843137254800, 0.5019607843137254800, 0.5019607843137254800 ) ;
#4854 =( GEOMETRIC_REPRESENTATION_CONTEXT ( 3 ) GLOBAL_UNCERTAINTY_ASSIGNED_CONTEXT ( ( #5531 ) ) GLOBAL_UNIT_ASSIGNED_CONTEXT ( ( #6178, #6179, #6180 ) ) REPRESENTATION_CONTEXT ( 'NONE', 'WORKASPACE' ) );
#4855 = COLOUR_RGB ( '',0.5019607843137254800, 0.5019607843137254800, 0.5019607843137254800 ) ;
#4856 =( GEOMETRIC_REPRESENTATION_CONTEXT ( 3 ) GLOBAL_UNCERTAINTY_ASSIGNED_CONTEXT ( ( #5532 ) ) GLOBAL_UNIT_ASSIGNED_CONTEXT ( ( #6189, #6190, #6191 ) ) REPRESENTATION_CONTEXT ( 'NONE', 'WORKASPACE' ) );
#4857 = COLOUR_RGB ( '',0.5019607843137254800, 0.5019607843137254800, 0.5019607843137254800 ) ;
#4858 =( GEOMETRIC_REPRESENTATION_CONTEXT ( 3 ) GLOBAL_UNCERTAINTY_ASSIGNED_CONTEXT ( ( #5534 ) ) GLOBAL_UNIT_ASSIGNED_CONTEXT ( ( #6199, #6200, #6201 ) ) REPRESENTATION_CONTEXT ( 'NONE', 'WORKASPACE' ) );
#4859 = COLOUR_RGB ( '',0.5019607843137254800, 0.5019607843137254800, 0.5019607843137254800 ) ;
#4860 =( GEOMETRIC_REPRESENTATION_CONTEXT ( 3 ) GLOBAL_UNCERTAINTY_ASSIGNED_CONTEXT ( ( #5513 ) ) GLOBAL_UNIT_ASSIGNED_CONTEXT ( ( #6293, #6294, #6295 ) ) REPRESENTATION_CONTEXT ( 'NONE', 'WORKASPACE' ) );
#4861 = COLOUR_RGB ( '',0.5019607843137254800, 0.5019607843137254800, 0.5019607843137254800 ) ;
#4862 =( GEOMETRIC_REPRESENTATION_CONTEXT ( 3 ) GLOBAL_UNCERTAINTY_ASSIGNED_CONTEXT ( ( #5535 ) ) GLOBAL_UNIT_ASSIGNED_CONTEXT ( ( #6304, #6305, #6306 ) ) REPRESENTATION_CONTEXT ( 'NONE', 'WORKASPACE' ) );
#4863 = COLOUR_RGB ( '',0.5019607843137254800, 0.5019607843137254800, 0.5019607843137254800 ) ;
#4864 =( GEOMETRIC_REPRESENTATION_CONTEXT ( 3 ) GLOBAL_UNCERTAINTY_ASSIGNED_CONTEXT ( ( #5536 ) ) GLOBAL_UNIT_ASSIGNED_CONTEXT ( ( #6315, #6316, #6317 ) ) REPRESENTATION_CONTEXT ( 'NONE', 'WORKASPACE' ) );
#4865 = COLOUR_RGB ( '',0.5019607843137254800, 0.5019607843137254800, 0.5019607843137254800 ) ;
#4866 =( GEOMETRIC_REPRESENTATION_CONTEXT ( 3 ) GLOBAL_UNCERTAINTY_ASSIGNED_CONTEXT ( ( #5537 ) ) GLOBAL_UNIT_ASSIGNED_CONTEXT ( ( #6325, #6326, #6327 ) ) REPRESENTATION_CONTEXT ( 'NONE', 'WORKASPACE' ) );
#4867 = COLOUR_RGB ( '',0.5019607843137254800, 0.5019607843137254800, 0.5019607843137254800 ) ;
#4868 =( GEOMETRIC_REPRESENTATION_CONTEXT ( 3 ) GLOBAL_UNCERTAINTY_ASSIGNED_CONTEXT ( ( #5529 ) ) GLOBAL_UNIT_ASSIGNED_CONTEXT ( ( #6336, #6337, #6338 ) ) REPRESENTATION_CONTEXT ( 'NONE', 'WORKASPACE' ) );
#4869 = COLOUR_RGB ( '',0.5019607843137254800, 0.5019607843137254800, 0.5019607843137254800 ) ;
#4870 =( GEOMETRIC_REPRESENTATION_CONTEXT ( 3 ) GLOBAL_UNCERTAINTY_ASSIGNED_CONTEXT ( ( #5538 ) ) GLOBAL_UNIT_ASSIGNED_CONTEXT ( ( #6347, #6348, #6349 ) ) REPRESENTATION_CONTEXT ( 'NONE', 'WORKASPACE' ) );
#4871 = COLOUR_RGB ( '',0.5019607843137254800, 0.5019607843137254800, 0.5019607843137254800 ) ;
#4872 =( GEOMETRIC_REPRESENTATION_CONTEXT ( 3 ) GLOBAL_UNCERTAINTY_ASSIGNED_CONTEXT ( ( #5539 ) ) GLOBAL_UNIT_ASSIGNED_CONTEXT ( ( #6358, #6359, #6360 ) ) REPRESENTATION_CONTEXT ( 'NONE', 'WORKASPACE' ) );
#4873 = COLOUR_RGB ( '',0.5019607843137254800, 0.5019607843137254800, 0.5019607843137254800 ) ;
#4874 =( GEOMETRIC_REPRESENTATION_CONTEXT ( 3 ) GLOBAL_UNCERTAINTY_ASSIGNED_CONTEXT ( ( #5540 ) ) GLOBAL_UNIT_ASSIGNED_CONTEXT ( ( #6368, #6369, #6370 ) ) REPRESENTATION_CONTEXT ( 'NONE', 'WORKASPACE' ) );
#4875 = COLOUR_RGB ( '',0.5019607843137254800, 0.5019607843137254800, 0.5019607843137254800 ) ;
#4876 =( GEOMETRIC_REPRESENTATION_CONTEXT ( 3 ) GLOBAL_UNCERTAINTY_ASSIGNED_CONTEXT ( ( #5533 ) ) GLOBAL_UNIT_ASSIGNED_CONTEXT ( ( #6379, #6380, #6381 ) ) REPRESENTATION_CONTEXT ( 'NONE', 'WORKASPACE' ) );
#4877 = COLOUR_RGB ( '',1.000000000000000000, 1.000000000000000000, 0.0000000000000000000 ) ;
#4878 =( GEOMETRIC_REPRESENTATION_CONTEXT ( 3 ) GLOBAL_UNCERTAINTY_ASSIGNED_CONTEXT ( ( #5541 ) ) GLOBAL_UNIT_ASSIGNED_CONTEXT ( ( #6390, #6391, #6392 ) ) REPRESENTATION_CONTEXT ( 'NONE', 'WORKASPACE' ) );
#4879 = COLOUR_RGB ( '',1.000000000000000000, 1.000000000000000000, 0.0000000000000000000 ) ;
#4880 =( GEOMETRIC_REPRESENTATION_CONTEXT ( 3 ) GLOBAL_UNCERTAINTY_ASSIGNED_CONTEXT ( ( #5542 ) ) GLOBAL_UNIT_ASSIGNED_CONTEXT ( ( #6401, #6402, #6403 ) ) REPRESENTATION_CONTEXT ( 'NONE', 'WORKASPACE' ) );
#4881 = COLOUR_RGB ( '',1.000000000000000000, 1.000000000000000000, 0.0000000000000000000 ) ;
#4882 =( GEOMETRIC_REPRESENTATION_CONTEXT ( 3 ) GLOBAL_UNCERTAINTY_ASSIGNED_CONTEXT ( ( #5543 ) ) GLOBAL_UNIT_ASSIGNED_CONTEXT ( ( #6412, #6413, #6414 ) ) REPRESENTATION_CONTEXT ( 'NONE', 'WORKASPACE' ) );
#4883 = COLOUR_RGB ( '',1.000000000000000000, 1.000000000000000000, 0.0000000000000000000 ) ;
#4884 =( GEOMETRIC_REPRESENTATION_CONTEXT ( 3 ) GLOBAL_UNCERTAINTY_ASSIGNED_CONTEXT ( ( #5544 ) ) GLOBAL_UNIT_ASSIGNED_CONTEXT ( ( #6423, #6424, #6425 ) ) REPRESENTATION_CONTEXT ( 'NONE', 'WORKASPACE' ) );
#4885 = COLOUR_RGB ( '',1.000000000000000000, 1.000000000000000000, 0.0000000000000000000 ) ;
#4886 =( GEOMETRIC_REPRESENTATION_CONTEXT ( 3 ) GLOBAL_UNCERTAINTY_ASSIGNED_CONTEXT ( ( #5545 ) ) GLOBAL_UNIT_ASSIGNED_CONTEXT ( ( #3, #4, #5 ) ) REPRESENTATION_CONTEXT ( 'NONE', 'WORKASPACE' ) );
#4887 = COLOUR_RGB ( '',1.000000000000000000, 1.000000000000000000, 0.0000000000000000000 ) ;
#4888 =( GEOMETRIC_REPRESENTATION_CONTEXT ( 3 ) GLOBAL_UNCERTAINTY_ASSIGNED_CONTEXT ( ( #5546 ) ) GLOBAL_UNIT_ASSIGNED_CONTEXT ( ( #14, #15, #16 ) ) REPRESENTATION_CONTEXT ( 'NONE', 'WORKASPACE' ) );
#4889 = COLOUR_RGB ( '',1.000000000000000000, 1.000000000000000000, 0.0000000000000000000 ) ;
#4890 =( GEOMETRIC_REPRESENTATION_CONTEXT ( 3 ) GLOBAL_UNCERTAINTY_ASSIGNED_CONTEXT ( ( #5547 ) ) GLOBAL_UNIT_ASSIGNED_CONTEXT ( ( #24, #25, #26 ) ) REPRESENTATION_CONTEXT ( 'NONE', 'WORKASPACE' ) );
#4891 = COLOUR_RGB ( '',1.000000000000000000, 1.000000000000000000, 0.0000000000000000000 ) ;
#4892 =( GEOMETRIC_REPRESENTATION_CONTEXT ( 3 ) GLOBAL_UNCERTAINTY_ASSIGNED_CONTEXT ( ( #1076 ) ) GLOBAL_UNIT_ASSIGNED_CONTEXT ( ( #976, #977, #978 ) ) REPRESENTATION_CONTEXT ( 'NONE', 'WORKASPACE' ) );
#4893 =( GEOMETRIC_REPRESENTATION_CONTEXT ( 3 ) GLOBAL_UNCERTAINTY_ASSIGNED_CONTEXT ( ( #5548 ) ) GLOBAL_UNIT_ASSIGNED_CONTEXT ( ( #444, #445, #481 ) ) REPRESENTATION_CONTEXT ( 'NONE', 'WORKASPACE' ) );
#4894 = COLOUR_RGB ( '',1.000000000000000000, 1.000000000000000000, 0.0000000000000000000 ) ;
#4895 = COLOUR_RGB ( '',0.7529411764705882200, 0.7529411764705882200, 0.7529411764705882200 ) ;
#4896 =( GEOMETRIC_REPRESENTATION_CONTEXT ( 3 ) GLOBAL_UNCERTAINTY_ASSIGNED_CONTEXT ( ( #1079 ) ) GLOBAL_UNIT_ASSIGNED_CONTEXT ( ( #987, #988, #989 ) ) REPRESENTATION_CONTEXT ( 'NONE', 'WORKASPACE' ) );
#4897 = COLOUR_RGB ( '',1.000000000000000000, 1.000000000000000000, 0.0000000000000000000 ) ;
#4898 =( GEOMETRIC_REPRESENTATION_CONTEXT ( 3 ) GLOBAL_UNCERTAINTY_ASSIGNED_CONTEXT ( ( #1080 ) ) GLOBAL_UNIT_ASSIGNED_CONTEXT ( ( #998, #999, #1000 ) ) REPRESENTATION_CONTEXT ( 'NONE', 'WORKASPACE' ) );
#4899 = COLOUR_RGB ( '',1.000000000000000000, 1.000000000000000000, 0.0000000000000000000 ) ;
#4900 =( GEOMETRIC_REPRESENTATION_CONTEXT ( 3 ) GLOBAL_UNCERTAINTY_ASSIGNED_CONTEXT ( ( #1081 ) ) GLOBAL_UNIT_ASSIGNED_CONTEXT ( ( #1009, #1010, #1011 ) ) REPRESENTATION_CONTEXT ( 'NONE', 'WORKASPACE' ) );
#4901 = COLOUR_RGB ( '',1.000000000000000000, 1.000000000000000000, 0.0000000000000000000 ) ;
#4902 =( GEOMETRIC_REPRESENTATION_CONTEXT ( 3 ) GLOBAL_UNCERTAINTY_ASSIGNED_CONTEXT ( ( #1082 ) ) GLOBAL_UNIT_ASSIGNED_CONTEXT ( ( #1020, #1021, #1022 ) ) REPRESENTATION_CONTEXT ( 'NONE', 'WORKASPACE' ) );
#4903 = COLOUR_RGB ( '',1.000000000000000000, 1.000000000000000000, 0.0000000000000000000 ) ;
#4904 =( GEOMETRIC_REPRESENTATION_CONTEXT ( 3 ) GLOBAL_UNCERTAINTY_ASSIGNED_CONTEXT ( ( #1083 ) ) GLOBAL_UNIT_ASSIGNED_CONTEXT ( ( #1031, #1032, #1033 ) ) REPRESENTATION_CONTEXT ( 'NONE', 'WORKASPACE' ) );
#4905 = COLOUR_RGB ( '',1.000000000000000000, 1.000000000000000000, 0.0000000000000000000 ) ;
#4906 =( GEOMETRIC_REPRESENTATION_CONTEXT ( 3 ) GLOBAL_UNCERTAINTY_ASSIGNED_CONTEXT ( ( #1084 ) ) GLOBAL_UNIT_ASSIGNED_CONTEXT ( ( #1196, #1197, #1198 ) ) REPRESENTATION_CONTEXT ( 'NONE', 'WORKASPACE' ) );
#4907 = COLOUR_RGB ( '',1.000000000000000000, 1.000000000000000000, 0.0000000000000000000 ) ;
#4908 =( GEOMETRIC_REPRESENTATION_CONTEXT ( 3 ) GLOBAL_UNCERTAINTY_ASSIGNED_CONTEXT ( ( #1086 ) ) GLOBAL_UNIT_ASSIGNED_CONTEXT ( ( #1206, #1207, #1208 ) ) REPRESENTATION_CONTEXT ( 'NONE', 'WORKASPACE' ) );
#4909 = COLOUR_RGB ( '',1.000000000000000000, 1.000000000000000000, 0.0000000000000000000 ) ;
#4910 =( GEOMETRIC_REPRESENTATION_CONTEXT ( 3 ) GLOBAL_UNCERTAINTY_ASSIGNED_CONTEXT ( ( #1087 ) ) GLOBAL_UNIT_ASSIGNED_CONTEXT ( ( #1216, #1217, #1218 ) ) REPRESENTATION_CONTEXT ( 'NONE', 'WORKASPACE' ) );
#4911 = COLOUR_RGB ( '',1.000000000000000000, 1.000000000000000000, 0.0000000000000000000 ) ;
#4912 =( GEOMETRIC_REPRESENTATION_CONTEXT ( 3 ) GLOBAL_UNCERTAINTY_ASSIGNED_CONTEXT ( ( #1085 ) ) GLOBAL_UNIT_ASSIGNED_CONTEXT ( ( #1227, #1228, #1229 ) ) REPRESENTATION_CONTEXT ( 'NONE', 'WORKASPACE' ) );
#4913 = COLOUR_RGB ( '',1.000000000000000000, 1.000000000000000000, 0.0000000000000000000 ) ;
#4914 =( GEOMETRIC_REPRESENTATION_CONTEXT ( 3 ) GLOBAL_UNCERTAINTY_ASSIGNED_CONTEXT ( ( #1088 ) ) GLOBAL_UNIT_ASSIGNED_CONTEXT ( ( #1238, #1239, #1240 ) ) REPRESENTATION_CONTEXT ( 'NONE', 'WORKASPACE' ) );
#4915 = COLOUR_RGB ( '',1.000000000000000000, 1.000000000000000000, 0.0000000000000000000 ) ;
#4916 =( GEOMETRIC_REPRESENTATION_CONTEXT ( 3 ) GLOBAL_UNCERTAINTY_ASSIGNED_CONTEXT ( ( #1089 ) ) GLOBAL_UNIT_ASSIGNED_CONTEXT ( ( #1249, #1250, #1251 ) ) REPRESENTATION_CONTEXT ( 'NONE', 'WORKASPACE' ) );
#4917 = COLOUR_RGB ( '',1.000000000000000000, 1.000000000000000000, 0.0000000000000000000 ) ;
#4918 =( GEOMETRIC_REPRESENTATION_CONTEXT ( 3 ) GLOBAL_UNCERTAINTY_ASSIGNED_CONTEXT ( ( #1090 ) ) GLOBAL_UNIT_ASSIGNED_CONTEXT ( ( #1260, #1261, #1262 ) ) REPRESENTATION_CONTEXT ( 'NONE', 'WORKASPACE' ) );
#4919 = COLOUR_RGB ( '',1.000000000000000000, 1.000000000000000000, 0.0000000000000000000 ) ;
#4920 =( GEOMETRIC_REPRESENTATION_CONTEXT ( 3 ) GLOBAL_UNCERTAINTY_ASSIGNED_CONTEXT ( ( #1091 ) ) GLOBAL_UNIT_ASSIGNED_CONTEXT ( ( #1271, #1272, #1273 ) ) REPRESENTATION_CONTEXT ( 'NONE', 'WORKASPACE' ) );
#4921 = COLOUR_RGB ( '',1.000000000000000000, 1.000000000000000000, 0.0000000000000000000 ) ;
#4922 =( GEOMETRIC_REPRESENTATION_CONTEXT ( 3 ) GLOBAL_UNCERTAINTY_ASSIGNED_CONTEXT ( ( #1092 ) ) GLOBAL_UNIT_ASSIGNED_CONTEXT ( ( #1282, #1283, #1284 ) ) REPRESENTATION_CONTEXT ( 'NONE', 'WORKASPACE' ) );
#4923 = COLOUR_RGB ( '',1.000000000000000000, 1.000000000000000000, 0.0000000000000000000 ) ;
#4924 =( GEOMETRIC_REPRESENTATION_CONTEXT ( 3 ) GLOBAL_UNCERTAINTY_ASSIGNED_CONTEXT ( ( #1094 ) ) GLOBAL_UNIT_ASSIGNED_CONTEXT ( ( #1292, #1293, #1294 ) ) REPRESENTATION_CONTEXT ( 'NONE', 'WORKASPACE' ) );
#4925 = COLOUR_RGB ( '',1.000000000000000000, 1.000000000000000000, 0.0000000000000000000 ) ;
#4926 =( GEOMETRIC_REPRESENTATION_CONTEXT ( 3 ) GLOBAL_UNCERTAINTY_ASSIGNED_CONTEXT ( ( #1095 ) ) GLOBAL_UNIT_ASSIGNED_CONTEXT ( ( #1302, #1303, #1304 ) ) REPRESENTATION_CONTEXT ( 'NONE', 'WORKASPACE' ) );
#4927 = COLOUR_RGB ( '',1.000000000000000000, 1.000000000000000000, 0.0000000000000000000 ) ;
#4928 =( GEOMETRIC_REPRESENTATION_CONTEXT ( 3 ) GLOBAL_UNCERTAINTY_ASSIGNED_CONTEXT ( ( #1093 ) ) GLOBAL_UNIT_ASSIGNED_CONTEXT ( ( #1313, #1314, #1315 ) ) REPRESENTATION_CONTEXT ( 'NONE', 'WORKASPACE' ) );
#4929 = COLOUR_RGB ( '',1.000000000000000000, 1.000000000000000000, 0.0000000000000000000 ) ;
#4930 =( GEOMETRIC_REPRESENTATION_CONTEXT ( 3 ) GLOBAL_UNCERTAINTY_ASSIGNED_CONTEXT ( ( #1096 ) ) GLOBAL_UNIT_ASSIGNED_CONTEXT ( ( #1324, #1325, #1326 ) ) REPRESENTATION_CONTEXT ( 'NONE', 'WORKASPACE' ) );
#4931 = COLOUR_RGB ( '',1.000000000000000000, 1.000000000000000000, 0.0000000000000000000 ) ;
#4932 =( GEOMETRIC_REPRESENTATION_CONTEXT ( 3 ) GLOBAL_UNCERTAINTY_ASSIGNED_CONTEXT ( ( #1097 ) ) GLOBAL_UNIT_ASSIGNED_CONTEXT ( ( #1335, #1415, #1416 ) ) REPRESENTATION_CONTEXT ( 'NONE', 'WORKASPACE' ) );
#4933 = COLOUR_RGB ( '',1.000000000000000000, 1.000000000000000000, 0.0000000000000000000 ) ;
#4934 =( GEOMETRIC_REPRESENTATION_CONTEXT ( 3 ) GLOBAL_UNCERTAINTY_ASSIGNED_CONTEXT ( ( #1098 ) ) GLOBAL_UNIT_ASSIGNED_CONTEXT ( ( #1425, #1426, #1427 ) ) REPRESENTATION_CONTEXT ( 'NONE', 'WORKASPACE' ) );
#4935 = COLOUR_RGB ( '',1.000000000000000000, 1.000000000000000000, 0.0000000000000000000 ) ;
#4936 =( GEOMETRIC_REPRESENTATION_CONTEXT ( 3 ) GLOBAL_UNCERTAINTY_ASSIGNED_CONTEXT ( ( #1099 ) ) GLOBAL_UNIT_ASSIGNED_CONTEXT ( ( #1436, #1437, #1438 ) ) REPRESENTATION_CONTEXT ( 'NONE', 'WORKASPACE' ) );
#4937 = COLOUR_RGB ( '',1.000000000000000000, 1.000000000000000000, 0.0000000000000000000 ) ;
#4938 =( GEOMETRIC_REPRESENTATION_CONTEXT ( 3 ) GLOBAL_UNCERTAINTY_ASSIGNED_CONTEXT ( ( #1100 ) ) GLOBAL_UNIT_ASSIGNED_CONTEXT ( ( #1447, #1448, #1449 ) ) REPRESENTATION_CONTEXT ( 'NONE', 'WORKASPACE' ) );
#4939 = COLOUR_RGB ( '',1.000000000000000000, 1.000000000000000000, 0.0000000000000000000 ) ;
#4940 =( GEOMETRIC_REPRESENTATION_CONTEXT ( 3 ) GLOBAL_UNCERTAINTY_ASSIGNED_CONTEXT ( ( #1102 ) ) GLOBAL_UNIT_ASSIGNED_CONTEXT ( ( #1457, #1458, #1459 ) ) REPRESENTATION_CONTEXT ( 'NONE', 'WORKASPACE' ) );
#4941 = COLOUR_RGB ( '',1.000000000000000000, 1.000000000000000000, 0.0000000000000000000 ) ;
#4942 =( GEOMETRIC_REPRESENTATION_CONTEXT ( 3 ) GLOBAL_UNCERTAINTY_ASSIGNED_CONTEXT ( ( #1103 ) ) GLOBAL_UNIT_ASSIGNED_CONTEXT ( ( #1467, #1468, #1469 ) ) REPRESENTATION_CONTEXT ( 'NONE', 'WORKASPACE' ) );
#4943 = COLOUR_RGB ( '',0.5019607843137254800, 0.5019607843137254800, 0.5019607843137254800 ) ;
#4944 =( GEOMETRIC_REPRESENTATION_CONTEXT ( 3 ) GLOBAL_UNCERTAINTY_ASSIGNED_CONTEXT ( ( #1104 ) ) GLOBAL_UNIT_ASSIGNED_CONTEXT ( ( #1477, #1478, #1479 ) ) REPRESENTATION_CONTEXT ( 'NONE', 'WORKASPACE' ) );
#4945 = COLOUR_RGB ( '',0.5019607843137254800, 0.5019607843137254800, 0.5019607843137254800 ) ;
#4946 =( GEOMETRIC_REPRESENTATION_CONTEXT ( 3 ) GLOBAL_UNCERTAINTY_ASSIGNED_CONTEXT ( ( #1077 ) ) GLOBAL_UNIT_ASSIGNED_CONTEXT ( ( #1488, #1489, #1490 ) ) REPRESENTATION_CONTEXT ( 'NONE', 'WORKASPACE' ) );
#4947 = COLOUR_RGB ( '',0.5019607843137254800, 0.5019607843137254800, 0.5019607843137254800 ) ;
#4948 =( GEOMETRIC_REPRESENTATION_CONTEXT ( 3 ) GLOBAL_UNCERTAINTY_ASSIGNED_CONTEXT ( ( #1105 ) ) GLOBAL_UNIT_ASSIGNED_CONTEXT ( ( #1499, #1500, #1501 ) ) REPRESENTATION_CONTEXT ( 'NONE', 'WORKASPACE' ) );
#4949 = COLOUR_RGB ( '',0.5019607843137254800, 0.5019607843137254800, 0.5019607843137254800 ) ;
#4950 =( GEOMETRIC_REPRESENTATION_CONTEXT ( 3 ) GLOBAL_UNCERTAINTY_ASSIGNED_CONTEXT ( ( #1106 ) ) GLOBAL_UNIT_ASSIGNED_CONTEXT ( ( #1510, #1511, #1512 ) ) REPRESENTATION_CONTEXT ( 'NONE', 'WORKASPACE' ) );
#4951 = COLOUR_RGB ( '',0.5019607843137254800, 0.5019607843137254800, 0.5019607843137254800 ) ;
#4952 =( GEOMETRIC_REPRESENTATION_CONTEXT ( 3 ) GLOBAL_UNCERTAINTY_ASSIGNED_CONTEXT ( ( #1108 ) ) GLOBAL_UNIT_ASSIGNED_CONTEXT ( ( #1520, #1521, #1522 ) ) REPRESENTATION_CONTEXT ( 'NONE', 'WORKASPACE' ) );
#4953 = COLOUR_RGB ( '',0.5019607843137254800, 0.5019607843137254800, 0.5019607843137254800 ) ;
#4954 =( GEOMETRIC_REPRESENTATION_CONTEXT ( 3 ) GLOBAL_UNCERTAINTY_ASSIGNED_CONTEXT ( ( #1078 ) ) GLOBAL_UNIT_ASSIGNED_CONTEXT ( ( #1531, #1532, #1533 ) ) REPRESENTATION_CONTEXT ( 'NONE', 'WORKASPACE' ) );
#4955 = COLOUR_RGB ( '',0.5019607843137254800, 0.5019607843137254800, 0.5019607843137254800 ) ;
#4956 =( GEOMETRIC_REPRESENTATION_CONTEXT ( 3 ) GLOBAL_UNCERTAINTY_ASSIGNED_CONTEXT ( ( #1110 ) ) GLOBAL_UNIT_ASSIGNED_CONTEXT ( ( #1541, #1542, #1543 ) ) REPRESENTATION_CONTEXT ( 'NONE', 'WORKASPACE' ) );
#4957 = COLOUR_RGB ( '',0.5019607843137254800, 0.5019607843137254800, 0.5019607843137254800 ) ;
#4958 =( GEOMETRIC_REPRESENTATION_CONTEXT ( 3 ) GLOBAL_UNCERTAINTY_ASSIGNED_CONTEXT ( ( #1101 ) ) GLOBAL_UNIT_ASSIGNED_CONTEXT ( ( #1552, #1553, #1554 ) ) REPRESENTATION_CONTEXT ( 'NONE', 'WORKASPACE' ) );
#4959 = COLOUR_RGB ( '',0.5019607843137254800, 0.5019607843137254800, 0.5019607843137254800 ) ;
#4960 =( GEOMETRIC_REPRESENTATION_CONTEXT ( 3 ) GLOBAL_UNCERTAINTY_ASSIGNED_CONTEXT ( ( #1112 ) ) GLOBAL_UNIT_ASSIGNED_CONTEXT ( ( #1700, #1701, #1702 ) ) REPRESENTATION_CONTEXT ( 'NONE', 'WORKASPACE' ) );
#4961 = COLOUR_RGB ( '',0.5019607843137254800, 0.5019607843137254800, 0.5019607843137254800 ) ;
#4962 =( GEOMETRIC_REPRESENTATION_CONTEXT ( 3 ) GLOBAL_UNCERTAINTY_ASSIGNED_CONTEXT ( ( #1107 ) ) GLOBAL_UNIT_ASSIGNED_CONTEXT ( ( #1711, #1712, #1713 ) ) REPRESENTATION_CONTEXT ( 'NONE', 'WORKASPACE' ) );
#4963 = COLOUR_RGB ( '',0.5019607843137254800, 0.5019607843137254800, 0.5019607843137254800 ) ;
#4964 =( GEOMETRIC_REPRESENTATION_CONTEXT ( 3 ) GLOBAL_UNCERTAINTY_ASSIGNED_CONTEXT ( ( #1114 ) ) GLOBAL_UNIT_ASSIGNED_CONTEXT ( ( #1721, #1722, #1723 ) ) REPRESENTATION_CONTEXT ( 'NONE', 'WORKASPACE' ) );
#4965 = COLOUR_RGB ( '',0.5019607843137254800, 0.5019607843137254800, 0.5019607843137254800 ) ;
#4966 =( GEOMETRIC_REPRESENTATION_CONTEXT ( 3 ) GLOBAL_UNCERTAINTY_ASSIGNED_CONTEXT ( ( #1109 ) ) GLOBAL_UNIT_ASSIGNED_CONTEXT ( ( #1732, #1733, #1734 ) ) REPRESENTATION_CONTEXT ( 'NONE', 'WORKASPACE' ) );
#4967 = COLOUR_RGB ( '',0.5019607843137254800, 0.5019607843137254800, 0.5019607843137254800 ) ;
#4968 =( GEOMETRIC_REPRESENTATION_CONTEXT ( 3 ) GLOBAL_UNCERTAINTY_ASSIGNED_CONTEXT ( ( #1116 ) ) GLOBAL_UNIT_ASSIGNED_CONTEXT ( ( #1742, #1743, #1744 ) ) REPRESENTATION_CONTEXT ( 'NONE', 'WORKASPACE' ) );
#4969 = COLOUR_RGB ( '',0.5019607843137254800, 0.5019607843137254800, 0.5019607843137254800 ) ;
#4970 =( GEOMETRIC_REPRESENTATION_CONTEXT ( 3 ) GLOBAL_UNCERTAINTY_ASSIGNED_CONTEXT ( ( #1111 ) ) GLOBAL_UNIT_ASSIGNED_CONTEXT ( ( #1753, #1754, #1755 ) ) REPRESENTATION_CONTEXT ( 'NONE', 'WORKASPACE' ) );
#4971 = COLOUR_RGB ( '',0.5019607843137254800, 0.5019607843137254800, 0.5019607843137254800 ) ;
#4972 =( GEOMETRIC_REPRESENTATION_CONTEXT ( 3 ) GLOBAL_UNCERTAINTY_ASSIGNED_CONTEXT ( ( #1118 ) ) GLOBAL_UNIT_ASSIGNED_CONTEXT ( ( #1763, #1764, #1765 ) ) REPRESENTATION_CONTEXT ( 'NONE', 'WORKASPACE' ) );
#4973 = COLOUR_RGB ( '',0.5019607843137254800, 0.5019607843137254800, 0.5019607843137254800 ) ;
#4974 =( GEOMETRIC_REPRESENTATION_CONTEXT ( 3 ) GLOBAL_UNCERTAINTY_ASSIGNED_CONTEXT ( ( #1113 ) ) GLOBAL_UNIT_ASSIGNED_CONTEXT ( ( #1774, #1775, #1776 ) ) REPRESENTATION_CONTEXT ( 'NONE', 'WORKASPACE' ) );
#4975 = COLOUR_RGB ( '',0.5019607843137254800, 0.5019607843137254800, 0.5019607843137254800 ) ;
#4976 =( GEOMETRIC_REPRESENTATION_CONTEXT ( 3 ) GLOBAL_UNCERTAINTY_ASSIGNED_CONTEXT ( ( #1119 ) ) GLOBAL_UNIT_ASSIGNED_CONTEXT ( ( #1785, #1786, #1787 ) ) REPRESENTATION_CONTEXT ( 'NONE', 'WORKASPACE' ) );
#4977 = COLOUR_RGB ( '',0.5019607843137254800, 0.5019607843137254800, 0.5019607843137254800 ) ;
#4978 =( GEOMETRIC_REPRESENTATION_CONTEXT ( 3 ) GLOBAL_UNCERTAINTY_ASSIGNED_CONTEXT ( ( #1120 ) ) GLOBAL_UNIT_ASSIGNED_CONTEXT ( ( #1796, #1797, #1798 ) ) REPRESENTATION_CONTEXT ( 'NONE', 'WORKASPACE' ) );
#4979 = COLOUR_RGB ( '',0.5019607843137254800, 0.5019607843137254800, 0.5019607843137254800 ) ;
#4980 =( GEOMETRIC_REPRESENTATION_CONTEXT ( 3 ) GLOBAL_UNCERTAINTY_ASSIGNED_CONTEXT ( ( #1122 ) ) GLOBAL_UNIT_ASSIGNED_CONTEXT ( ( #1806, #1807, #1808 ) ) REPRESENTATION_CONTEXT ( 'NONE', 'WORKASPACE' ) );
#4981 = COLOUR_RGB ( '',0.5019607843137254800, 0.5019607843137254800, 0.5019607843137254800 ) ;
#4982 =( GEOMETRIC_REPRESENTATION_CONTEXT ( 3 ) GLOBAL_UNCERTAINTY_ASSIGNED_CONTEXT ( ( #1115 ) ) GLOBAL_UNIT_ASSIGNED_CONTEXT ( ( #1817, #1818, #1819 ) ) REPRESENTATION_CONTEXT ( 'NONE', 'WORKASPACE' ) );
#4983 = COLOUR_RGB ( '',0.5019607843137254800, 0.5019607843137254800, 0.5019607843137254800 ) ;
#4984 =( GEOMETRIC_REPRESENTATION_CONTEXT ( 3 ) GLOBAL_UNCERTAINTY_ASSIGNED_CONTEXT ( ( #1123 ) ) GLOBAL_UNIT_ASSIGNED_CONTEXT ( ( #1828, #1829, #1830 ) ) REPRESENTATION_CONTEXT ( 'NONE', 'WORKASPACE' ) );
#4985 = COLOUR_RGB ( '',0.5019607843137254800, 0.5019607843137254800, 0.5019607843137254800 ) ;
#4986 =( GEOMETRIC_REPRESENTATION_CONTEXT ( 3 ) GLOBAL_UNCERTAINTY_ASSIGNED_CONTEXT ( ( #1125 ) ) GLOBAL_UNIT_ASSIGNED_CONTEXT ( ( #1838, #1954, #1955 ) ) REPRESENTATION_CONTEXT ( 'NONE', 'WORKASPACE' ) );
#4987 = COLOUR_RGB ( '',0.5019607843137254800, 0.5019607843137254800, 0.5019607843137254800 ) ;
#4988 =( GEOMETRIC_REPRESENTATION_CONTEXT ( 3 ) GLOBAL_UNCERTAINTY_ASSIGNED_CONTEXT ( ( #1121 ) ) GLOBAL_UNIT_ASSIGNED_CONTEXT ( ( #1964, #1965, #1966 ) ) REPRESENTATION_CONTEXT ( 'NONE', 'WORKASPACE' ) );
#4989 = COLOUR_RGB ( '',0.5019607843137254800, 0.5019607843137254800, 0.5019607843137254800 ) ;
#4990 =( GEOMETRIC_REPRESENTATION_CONTEXT ( 3 ) GLOBAL_UNCERTAINTY_ASSIGNED_CONTEXT ( ( #1127 ) ) GLOBAL_UNIT_ASSIGNED_CONTEXT ( ( #1974, #1975, #1976 ) ) REPRESENTATION_CONTEXT ( 'NONE', 'WORKASPACE' ) );
#4991 = COLOUR_RGB ( '',0.5019607843137254800, 0.5019607843137254800, 0.5019607843137254800 ) ;
#4992 =( GEOMETRIC_REPRESENTATION_CONTEXT ( 3 ) GLOBAL_UNCERTAINTY_ASSIGNED_CONTEXT ( ( #1117 ) ) GLOBAL_UNIT_ASSIGNED_CONTEXT ( ( #1985, #1986, #1987 ) ) REPRESENTATION_CONTEXT ( 'NONE', 'WORKASPACE' ) );
#4993 = COLOUR_RGB ( '',0.5019607843137254800, 0.5019607843137254800, 0.5019607843137254800 ) ;
#4994 =( GEOMETRIC_REPRESENTATION_CONTEXT ( 3 ) GLOBAL_UNCERTAINTY_ASSIGNED_CONTEXT ( ( #1129 ) ) GLOBAL_UNIT_ASSIGNED_CONTEXT ( ( #1995, #1996, #1997 ) ) REPRESENTATION_CONTEXT ( 'NONE', 'WORKASPACE' ) );
#4995 = COLOUR_RGB ( '',0.5019607843137254800, 0.5019607843137254800, 0.5019607843137254800 ) ;
#4996 =( GEOMETRIC_REPRESENTATION_CONTEXT ( 3 ) GLOBAL_UNCERTAINTY_ASSIGNED_CONTEXT ( ( #1130 ) ) GLOBAL_UNIT_ASSIGNED_CONTEXT ( ( #2005, #2006, #2007 ) ) REPRESENTATION_CONTEXT ( 'NONE', 'WORKASPACE' ) );
#4997 = COLOUR_RGB ( '',0.5019607843137254800, 0.5019607843137254800, 0.5019607843137254800 ) ;
#4998 =( GEOMETRIC_REPRESENTATION_CONTEXT ( 3 ) GLOBAL_UNCERTAINTY_ASSIGNED_CONTEXT ( ( #1128 ) ) GLOBAL_UNIT_ASSIGNED_CONTEXT ( ( #2016, #2017, #2018 ) ) REPRESENTATION_CONTEXT ( 'NONE', 'WORKASPACE' ) );
#4999 = COLOUR_RGB ( '',1.000000000000000000, 1.000000000000000000, 0.0000000000000000000 ) ;
#5000 = COLOUR_RGB ( '',1.000000000000000000, 1.000000000000000000, 0.0000000000000000000 ) ;
#5001 =( GEOMETRIC_REPRESENTATION_CONTEXT ( 3 ) GLOBAL_UNCERTAINTY_ASSIGNED_CONTEXT ( ( #1126 ) ) GLOBAL_UNIT_ASSIGNED_CONTEXT ( ( #2768, #2769, #2770 ) ) REPRESENTATION_CONTEXT ( 'NONE', 'WORKASPACE' ) );
#5002 =( GEOMETRIC_REPRESENTATION_CONTEXT ( 3 ) GLOBAL_UNCERTAINTY_ASSIGNED_CONTEXT ( ( #1136 ) ) GLOBAL_UNIT_ASSIGNED_CONTEXT ( ( #2779, #2780, #2781 ) ) REPRESENTATION_CONTEXT ( 'NONE', 'WORKASPACE' ) );
#5003 = COLOUR_RGB ( '',1.000000000000000000, 1.000000000000000000, 0.0000000000000000000 ) ;
#5004 =( GEOMETRIC_REPRESENTATION_CONTEXT ( 3 ) GLOBAL_UNCERTAINTY_ASSIGNED_CONTEXT ( ( #1137 ) ) GLOBAL_UNIT_ASSIGNED_CONTEXT ( ( #2790, #2791, #2792 ) ) REPRESENTATION_CONTEXT ( 'NONE', 'WORKASPACE' ) );
#5005 = COLOUR_RGB ( '',1.000000000000000000, 1.000000000000000000, 0.0000000000000000000 ) ;
#5006 =( GEOMETRIC_REPRESENTATION_CONTEXT ( 3 ) GLOBAL_UNCERTAINTY_ASSIGNED_CONTEXT ( ( #1131 ) ) GLOBAL_UNIT_ASSIGNED_CONTEXT ( ( #2801, #2802, #2803 ) ) REPRESENTATION_CONTEXT ( 'NONE', 'WORKASPACE' ) );
#5007 = COLOUR_RGB ( '',1.000000000000000000, 1.000000000000000000, 0.0000000000000000000 ) ;
#5008 =( GEOMETRIC_REPRESENTATION_CONTEXT ( 3 ) GLOBAL_UNCERTAINTY_ASSIGNED_CONTEXT ( ( #1124 ) ) GLOBAL_UNIT_ASSIGNED_CONTEXT ( ( #2812, #2813, #2814 ) ) REPRESENTATION_CONTEXT ( 'NONE', 'WORKASPACE' ) );
#5009 = COLOUR_RGB ( '',1.000000000000000000, 1.000000000000000000, 0.0000000000000000000 ) ;
#5010 =( GEOMETRIC_REPRESENTATION_CONTEXT ( 3 ) GLOBAL_UNCERTAINTY_ASSIGNED_CONTEXT ( ( #1132 ) ) GLOBAL_UNIT_ASSIGNED_CONTEXT ( ( #2823, #2824, #2825 ) ) REPRESENTATION_CONTEXT ( 'NONE', 'WORKASPACE' ) );
#5011 = COLOUR_RGB ( '',1.000000000000000000, 1.000000000000000000, 0.0000000000000000000 ) ;
#5012 =( GEOMETRIC_REPRESENTATION_CONTEXT ( 3 ) GLOBAL_UNCERTAINTY_ASSIGNED_CONTEXT ( ( #1133 ) ) GLOBAL_UNIT_ASSIGNED_CONTEXT ( ( #2834, #2835, #2836 ) ) REPRESENTATION_CONTEXT ( 'NONE', 'WORKASPACE' ) );
#5013 = COLOUR_RGB ( '',1.000000000000000000, 1.000000000000000000, 0.0000000000000000000 ) ;
#5014 =( GEOMETRIC_REPRESENTATION_CONTEXT ( 3 ) GLOBAL_UNCERTAINTY_ASSIGNED_CONTEXT ( ( #1134 ) ) GLOBAL_UNIT_ASSIGNED_CONTEXT ( ( #2845, #2846, #2847 ) ) REPRESENTATION_CONTEXT ( 'NONE', 'WORKASPACE' ) );
#5015 = COLOUR_RGB ( '',1.000000000000000000, 1.000000000000000000, 0.0000000000000000000 ) ;
#5016 =( GEOMETRIC_REPRESENTATION_CONTEXT ( 3 ) GLOBAL_UNCERTAINTY_ASSIGNED_CONTEXT ( ( #1138 ) ) GLOBAL_UNIT_ASSIGNED_CONTEXT ( ( #2856, #2857, #2858 ) ) REPRESENTATION_CONTEXT ( 'NONE', 'WORKASPACE' ) );
#5017 = COLOUR_RGB ( '',1.000000000000000000, 1.000000000000000000, 0.0000000000000000000 ) ;
#5018 =( GEOMETRIC_REPRESENTATION_CONTEXT ( 3 ) GLOBAL_UNCERTAINTY_ASSIGNED_CONTEXT ( ( #1139 ) ) GLOBAL_UNIT_ASSIGNED_CONTEXT ( ( #2867, #2868, #2869 ) ) REPRESENTATION_CONTEXT ( 'NONE', 'WORKASPACE' ) );
#5019 = COLOUR_RGB ( '',1.000000000000000000, 1.000000000000000000, 0.0000000000000000000 ) ;
#5020 =( GEOMETRIC_REPRESENTATION_CONTEXT ( 3 ) GLOBAL_UNCERTAINTY_ASSIGNED_CONTEXT ( ( #1140 ) ) GLOBAL_UNIT_ASSIGNED_CONTEXT ( ( #2878, #2879, #2880 ) ) REPRESENTATION_CONTEXT ( 'NONE', 'WORKASPACE' ) );
#5021 = COLOUR_RGB ( '',1.000000000000000000, 1.000000000000000000, 0.0000000000000000000 ) ;
#5022 =( GEOMETRIC_REPRESENTATION_CONTEXT ( 3 ) GLOBAL_UNCERTAINTY_ASSIGNED_CONTEXT ( ( #1141 ) ) GLOBAL_UNIT_ASSIGNED_CONTEXT ( ( #2889, #2890, #2891 ) ) REPRESENTATION_CONTEXT ( 'NONE', 'WORKASPACE' ) );
#5023 = COLOUR_RGB ( '',1.000000000000000000, 1.000000000000000000, 0.0000000000000000000 ) ;
#5024 =( GEOMETRIC_REPRESENTATION_CONTEXT ( 3 ) GLOBAL_UNCERTAINTY_ASSIGNED_CONTEXT ( ( #1142 ) ) GLOBAL_UNIT_ASSIGNED_CONTEXT ( ( #2900, #2901, #2902 ) ) REPRESENTATION_CONTEXT ( 'NONE', 'WORKASPACE' ) );
#5025 = COLOUR_RGB ( '',1.000000000000000000, 1.000000000000000000, 0.0000000000000000000 ) ;
#5026 =( GEOMETRIC_REPRESENTATION_CONTEXT ( 3 ) GLOBAL_UNCERTAINTY_ASSIGNED_CONTEXT ( ( #1143 ) ) GLOBAL_UNIT_ASSIGNED_CONTEXT ( ( #2911, #2912, #2913 ) ) REPRESENTATION_CONTEXT ( 'NONE', 'WORKASPACE' ) );
#5027 = COLOUR_RGB ( '',1.000000000000000000, 1.000000000000000000, 0.0000000000000000000 ) ;
#5028 =( GEOMETRIC_REPRESENTATION_CONTEXT ( 3 ) GLOBAL_UNCERTAINTY_ASSIGNED_CONTEXT ( ( #1144 ) ) GLOBAL_UNIT_ASSIGNED_CONTEXT ( ( #2922, #2923, #2924 ) ) REPRESENTATION_CONTEXT ( 'NONE', 'WORKASPACE' ) );
#5029 = COLOUR_RGB ( '',1.000000000000000000, 1.000000000000000000, 0.0000000000000000000 ) ;
#5030 =( GEOMETRIC_REPRESENTATION_CONTEXT ( 3 ) GLOBAL_UNCERTAINTY_ASSIGNED_CONTEXT ( ( #1145 ) ) GLOBAL_UNIT_ASSIGNED_CONTEXT ( ( #2933, #2934, #2935 ) ) REPRESENTATION_CONTEXT ( 'NONE', 'WORKASPACE' ) );
#5031 = COLOUR_RGB ( '',1.000000000000000000, 1.000000000000000000, 0.0000000000000000000 ) ;
#5032 =( GEOMETRIC_REPRESENTATION_CONTEXT ( 3 ) GLOBAL_UNCERTAINTY_ASSIGNED_CONTEXT ( ( #1146 ) ) GLOBAL_UNIT_ASSIGNED_CONTEXT ( ( #2944, #2945, #2946 ) ) REPRESENTATION_CONTEXT ( 'NONE', 'WORKASPACE' ) );
#5033 = COLOUR_RGB ( '',1.000000000000000000, 1.000000000000000000, 0.0000000000000000000 ) ;
#5034 =( GEOMETRIC_REPRESENTATION_CONTEXT ( 3 ) GLOBAL_UNCERTAINTY_ASSIGNED_CONTEXT ( ( #1147 ) ) GLOBAL_UNIT_ASSIGNED_CONTEXT ( ( #2955, #2956, #2957 ) ) REPRESENTATION_CONTEXT ( 'NONE', 'WORKASPACE' ) );
#5035 = COLOUR_RGB ( '',1.000000000000000000, 1.000000000000000000, 0.0000000000000000000 ) ;
#5036 =( GEOMETRIC_REPRESENTATION_CONTEXT ( 3 ) GLOBAL_UNCERTAINTY_ASSIGNED_CONTEXT ( ( #1148 ) ) GLOBAL_UNIT_ASSIGNED_CONTEXT ( ( #2966, #2967, #2968 ) ) REPRESENTATION_CONTEXT ( 'NONE', 'WORKASPACE' ) );
#5037 = COLOUR_RGB ( '',1.000000000000000000, 1.000000000000000000, 0.0000000000000000000 ) ;
#5038 =( GEOMETRIC_REPRESENTATION_CONTEXT ( 3 ) GLOBAL_UNCERTAINTY_ASSIGNED_CONTEXT ( ( #1149 ) ) GLOBAL_UNIT_ASSIGNED_CONTEXT ( ( #2977, #2978, #2979 ) ) REPRESENTATION_CONTEXT ( 'NONE', 'WORKASPACE' ) );
#5039 = COLOUR_RGB ( '',1.000000000000000000, 1.000000000000000000, 0.0000000000000000000 ) ;
#5040 =( GEOMETRIC_REPRESENTATION_CONTEXT ( 3 ) GLOBAL_UNCERTAINTY_ASSIGNED_CONTEXT ( ( #1150 ) ) GLOBAL_UNIT_ASSIGNED_CONTEXT ( ( #3085, #3086, #3087 ) ) REPRESENTATION_CONTEXT ( 'NONE', 'WORKASPACE' ) );
#5041 = COLOUR_RGB ( '',1.000000000000000000, 1.000000000000000000, 0.0000000000000000000 ) ;
#5042 =( GEOMETRIC_REPRESENTATION_CONTEXT ( 3 ) GLOBAL_UNCERTAINTY_ASSIGNED_CONTEXT ( ( #1151 ) ) GLOBAL_UNIT_ASSIGNED_CONTEXT ( ( #3096, #3097, #3098 ) ) REPRESENTATION_CONTEXT ( 'NONE', 'WORKASPACE' ) );
#5043 = COLOUR_RGB ( '',1.000000000000000000, 1.000000000000000000, 0.0000000000000000000 ) ;
#5044 =( GEOMETRIC_REPRESENTATION_CONTEXT ( 3 ) GLOBAL_UNCERTAINTY_ASSIGNED_CONTEXT ( ( #1152 ) ) GLOBAL_UNIT_ASSIGNED_CONTEXT ( ( #3107, #3108, #3109 ) ) REPRESENTATION_CONTEXT ( 'NONE', 'WORKASPACE' ) );
#5045 = COLOUR_RGB ( '',1.000000000000000000, 1.000000000000000000, 0.0000000000000000000 ) ;
#5046 =( GEOMETRIC_REPRESENTATION_CONTEXT ( 3 ) GLOBAL_UNCERTAINTY_ASSIGNED_CONTEXT ( ( #1153 ) ) GLOBAL_UNIT_ASSIGNED_CONTEXT ( ( #3118, #3119, #3120 ) ) REPRESENTATION_CONTEXT ( 'NONE', 'WORKASPACE' ) );
#5047 = COLOUR_RGB ( '',1.000000000000000000, 1.000000000000000000, 0.0000000000000000000 ) ;
#5048 =( GEOMETRIC_REPRESENTATION_CONTEXT ( 3 ) GLOBAL_UNCERTAINTY_ASSIGNED_CONTEXT ( ( #1154 ) ) GLOBAL_UNIT_ASSIGNED_CONTEXT ( ( #3129, #3130, #3131 ) ) REPRESENTATION_CONTEXT ( 'NONE', 'WORKASPACE' ) );
#5049 = COLOUR_RGB ( '',1.000000000000000000, 1.000000000000000000, 0.0000000000000000000 ) ;
#5050 =( GEOMETRIC_REPRESENTATION_CONTEXT ( 3 ) GLOBAL_UNCERTAINTY_ASSIGNED_CONTEXT ( ( #1155 ) ) GLOBAL_UNIT_ASSIGNED_CONTEXT ( ( #3140, #3141, #3142 ) ) REPRESENTATION_CONTEXT ( 'NONE', 'WORKASPACE' ) );
#5051 = COLOUR_RGB ( '',1.000000000000000000, 1.000000000000000000, 0.0000000000000000000 ) ;
#5052 =( GEOMETRIC_REPRESENTATION_CONTEXT ( 3 ) GLOBAL_UNCERTAINTY_ASSIGNED_CONTEXT ( ( #1156 ) ) GLOBAL_UNIT_ASSIGNED_CONTEXT ( ( #3151, #3152, #3153 ) ) REPRESENTATION_CONTEXT ( 'NONE', 'WORKASPACE' ) );
#5053 = COLOUR_RGB ( '',1.000000000000000000, 1.000000000000000000, 0.0000000000000000000 ) ;
#5054 =( GEOMETRIC_REPRESENTATION_CONTEXT ( 3 ) GLOBAL_UNCERTAINTY_ASSIGNED_CONTEXT ( ( #1157 ) ) GLOBAL_UNIT_ASSIGNED_CONTEXT ( ( #3167, #3168, #3169 ) ) REPRESENTATION_CONTEXT ( 'NONE', 'WORKASPACE' ) );
#5055 = COLOUR_RGB ( '',0.7529411764705882200, 0.7529411764705882200, 0.7529411764705882200 ) ;
#5056 =( GEOMETRIC_REPRESENTATION_CONTEXT ( 3 ) GLOBAL_UNCERTAINTY_ASSIGNED_CONTEXT ( ( #1135 ) ) GLOBAL_UNIT_ASSIGNED_CONTEXT ( ( #3160, #3161, #3162 ) ) REPRESENTATION_CONTEXT ( 'NONE', 'WORKASPACE' ) );
#5057 = ORIENTED_EDGE ( 'NONE', *, *, #4680, .T. ) ;
#5058 = ORIENTED_EDGE ( 'NONE', *, *, #3945, .T. ) ;
#5059 = ORIENTED_EDGE ( 'NONE', *, *, #3943, .T. ) ;
#5060 = ORIENTED_EDGE ( 'NONE', *, *, #4681, .T. ) ;
#5061 = ORIENTED_EDGE ( 'NONE', *, *, #3184, .F. ) ;
#5062 = ORIENTED_EDGE ( 'NONE', *, *, #4682, .T. ) ;
#5063 = ORIENTED_EDGE ( 'NONE', *, *, #4679, .T. ) ;
#5064 = ORIENTED_EDGE ( 'NONE', *, *, #4683, .T. ) ;
#5065 = ORIENTED_EDGE ( 'NONE', *, *, #4684, .T. ) ;
#5066 = ORIENTED_EDGE ( 'NONE', *, *, #3925, .F. ) ;
#5067 = ORIENTED_EDGE ( 'NONE', *, *, #3203, .T. ) ;
#5068 = ORIENTED_EDGE ( 'NONE', *, *, #4685, .T. ) ;
#5069 = ORIENTED_EDGE ( 'NONE', *, *, #4686, .T. ) ;
#5070 = ORIENTED_EDGE ( 'NONE', *, *, #4685, .F. ) ;
#5071 = ORIENTED_EDGE ( 'NONE', *, *, #3298, .F. ) ;
#5072 = ORIENTED_EDGE ( 'NONE', *, *, #3928, .F. ) ;
#5073 = ORIENTED_EDGE ( 'NONE', *, *, #3924, .F. ) ;
#5074 = ORIENTED_EDGE ( 'NONE', *, *, #3204, .F. ) ;
#5075 = ORIENTED_EDGE ( 'NONE', *, *, #4684, .F. ) ;
#5076 = ORIENTED_EDGE ( 'NONE', *, *, #4682, .F. ) ;
#5077 = ORIENTED_EDGE ( 'NONE', *, *, #4687, .F. ) ;
#5078 = ORIENTED_EDGE ( 'NONE', *, *, #3937, .F. ) ;
#5079 = ORIENTED_EDGE ( 'NONE', *, *, #3938, .F. ) ;
#5080 = ORIENTED_EDGE ( 'NONE', *, *, #3202, .F. ) ;
#5081 = ORIENTED_EDGE ( 'NONE', *, *, #3933, .F. ) ;
#5082 = ORIENTED_EDGE ( 'NONE', *, *, #3930, .F. ) ;
#5083 = ORIENTED_EDGE ( 'NONE', *, *, #3354, .F. ) ;
#5084 = ORIENTED_EDGE ( 'NONE', *, *, #3939, .F. ) ;
#5085 = ORIENTED_EDGE ( 'NONE', *, *, #4687, .T. ) ;
#5086 = ORIENTED_EDGE ( 'NONE', *, *, #4681, .F. ) ;
#5087 = ORIENTED_EDGE ( 'NONE', *, *, #3944, .F. ) ;
#5088 = ORIENTED_EDGE ( 'NONE', *, *, #3208, .F. ) ;
#5089 = ORIENTED_EDGE ( 'NONE', *, *, #3932, .F. ) ;
#5090 = ORIENTED_EDGE ( 'NONE', *, *, #3935, .F. ) ;
#5091 = ORIENTED_EDGE ( 'NONE', *, *, #3936, .F. ) ;
#5092 = ORIENTED_EDGE ( 'NONE', *, *, #3941, .F. ) ;
#5093 = ORIENTED_EDGE ( 'NONE', *, *, #4688, .T. ) ;
#5094 = ORIENTED_EDGE ( 'NONE', *, *, #3193, .F. ) ;
#5095 = ORIENTED_EDGE ( 'NONE', *, *, #3945, .F. ) ;
#5096 = ORIENTED_EDGE ( 'NONE', *, *, #4683, .F. ) ;
#5097 = ORIENTED_EDGE ( 'NONE', *, *, #4686, .F. ) ;
#5098 = ORIENTED_EDGE ( 'NONE', *, *, #3927, .F. ) ;
#5099 = ORIENTED_EDGE ( 'NONE', *, *, #3929, .F. ) ;
#5100 = ORIENTED_EDGE ( 'NONE', *, *, #3296, .T. ) ;
#5101 = ORIENTED_EDGE ( 'NONE', *, *, #3356, .F. ) ;
#5102 = ORIENTED_EDGE ( 'NONE', *, *, #3940, .F. ) ;
#5103 = ORIENTED_EDGE ( 'NONE', *, *, #3942, .F. ) ;
#5104 = ORIENTED_EDGE ( 'NONE', *, *, #4680, .F. ) ;
#5105 = ORIENTED_EDGE ( 'NONE', *, *, #4688, .F. ) ;
#5106 = ORIENTED_EDGE ( 'NONE', *, *, #3903, .F. ) ;
#5107 = ORIENTED_EDGE ( 'NONE', *, *, #3914, .F. ) ;
#5108 = ORIENTED_EDGE ( 'NONE', *, *, #3911, .F. ) ;
#5109 = ORIENTED_EDGE ( 'NONE', *, *, #3908, .F. ) ;
#5110 = ORIENTED_EDGE ( 'NONE', *, *, #4689, .F. ) ;
#5111 = ORIENTED_EDGE ( 'NONE', *, *, #3922, .F. ) ;
#5112 = ORIENTED_EDGE ( 'NONE', *, *, #3896, .F. ) ;
#5113 = ORIENTED_EDGE ( 'NONE', *, *, #3839, .F. ) ;
#5114 = ORIENTED_EDGE ( 'NONE', *, *, #3919, .F. ) ;
#5115 = ORIENTED_EDGE ( 'NONE', *, *, #3916, .F. ) ;
#5116 = ORIENTED_EDGE ( 'NONE', *, *, #3209, .F. ) ;
#5117 = ORIENTED_EDGE ( 'NONE', *, *, #3360, .F. ) ;
#5118 = ORIENTED_EDGE ( 'NONE', *, *, #3897, .F. ) ;
#5119 = ORIENTED_EDGE ( 'NONE', *, *, #4689, .T. ) ;
#5120 = ORIENTED_EDGE ( 'NONE', *, *, #3904, .F. ) ;
#5121 = ORIENTED_EDGE ( 'NONE', *, *, #3902, .F. ) ;
#5122 = ORIENTED_EDGE ( 'NONE', *, *, #3901, .F. ) ;
#5123 = ORIENTED_EDGE ( 'NONE', *, *, #3907, .F. ) ;
#5124 = ORIENTED_EDGE ( 'NONE', *, *, #4690, .F. ) ;
#5125 = ORIENTED_EDGE ( 'NONE', *, *, #3365, .F. ) ;
#5126 = ORIENTED_EDGE ( 'NONE', *, *, #3899, .F. ) ;
#5127 = ORIENTED_EDGE ( 'NONE', *, *, #3910, .F. ) ;
#5128 = ORIENTED_EDGE ( 'NONE', *, *, #3913, .F. ) ;
#5129 = ORIENTED_EDGE ( 'NONE', *, *, #3915, .F. ) ;
#5130 = ORIENTED_EDGE ( 'NONE', *, *, #3292, .T. ) ;
#5131 = ORIENTED_EDGE ( 'NONE', *, *, #3918, .F. ) ;
#5132 = ORIENTED_EDGE ( 'NONE', *, *, #3921, .F. ) ;
#5133 = ORIENTED_EDGE ( 'NONE', *, *, #3923, .F. ) ;
#5134 = ORIENTED_EDGE ( 'NONE', *, *, #3895, .F. ) ;
#5135 = ORIENTED_EDGE ( 'NONE', *, *, #3900, .F. ) ;
#5136 = ORIENTED_EDGE ( 'NONE', *, *, #4690, .T. ) ;
#5137 = ORIENTED_EDGE ( 'NONE', *, *, #3906, .F. ) ;
#5138 = ORIENTED_EDGE ( 'NONE', *, *, #4692, .T. ) ;
#5139 = ORIENTED_EDGE ( 'NONE', *, *, #4693, .F. ) ;
#5140 = ORIENTED_EDGE ( 'NONE', *, *, #4691, .F. ) ;
#5141 = ORIENTED_EDGE ( 'NONE', *, *, #3207, .T. ) ;
#5142 = ORIENTED_EDGE ( 'NONE', *, *, #4695, .T. ) ;
#5143 = ORIENTED_EDGE ( 'NONE', *, *, #4696, .F. ) ;
#5144 = ORIENTED_EDGE ( 'NONE', *, *, #4694, .F. ) ;
#5145 = ORIENTED_EDGE ( 'NONE', *, *, #4691, .T. ) ;
#5146 = ORIENTED_EDGE ( 'NONE', *, *, #4698, .T. ) ;
#5147 = ORIENTED_EDGE ( 'NONE', *, *, #4699, .F. ) ;
#5148 = ORIENTED_EDGE ( 'NONE', *, *, #4697, .F. ) ;
#5149 = ORIENTED_EDGE ( 'NONE', *, *, #4694, .T. ) ;
#5150 = ORIENTED_EDGE ( 'NONE', *, *, #4701, .T. ) ;
#5151 = ORIENTED_EDGE ( 'NONE', *, *, #4702, .F. ) ;
#5152 = ORIENTED_EDGE ( 'NONE', *, *, #4700, .F. ) ;
#5153 = ORIENTED_EDGE ( 'NONE', *, *, #4697, .T. ) ;
#5154 = ORIENTED_EDGE ( 'NONE', *, *, #4704, .F. ) ;
#5155 = ORIENTED_EDGE ( 'NONE', *, *, #4703, .T. ) ;
#5156 = ORIENTED_EDGE ( 'NONE', *, *, #3200, .F. ) ;
#5157 = ORIENTED_EDGE ( 'NONE', *, *, #4702, .T. ) ;
#5158 = ORIENTED_EDGE ( 'NONE', *, *, #4700, .T. ) ;
#5159 = ORIENTED_EDGE ( 'NONE', *, *, #4693, .T. ) ;
#5160 = ORIENTED_EDGE ( 'NONE', *, *, #4696, .T. ) ;
#5161 = ORIENTED_EDGE ( 'NONE', *, *, #4699, .T. ) ;
#5162 = ORIENTED_EDGE ( 'NONE', *, *, #4704, .T. ) ;
#5163 = ORIENTED_EDGE ( 'NONE', *, *, #3187, .T. ) ;
#5164 = ORIENTED_EDGE ( 'NONE', *, *, #4701, .F. ) ;
#5165 = ORIENTED_EDGE ( 'NONE', *, *, #4692, .F. ) ;
#5166 = ORIENTED_EDGE ( 'NONE', *, *, #3206, .F. ) ;
#5167 = ORIENTED_EDGE ( 'NONE', *, *, #4703, .F. ) ;
#5168 = ORIENTED_EDGE ( 'NONE', *, *, #4698, .F. ) ;
#5169 = ORIENTED_EDGE ( 'NONE', *, *, #4695, .F. ) ;
#5170 = ORIENTED_EDGE ( 'NONE', *, *, #4706, .T. ) ;
#5171 = ORIENTED_EDGE ( 'NONE', *, *, #4707, .F. ) ;
#5172 = ORIENTED_EDGE ( 'NONE', *, *, #4705, .F. ) ;
#5173 = ORIENTED_EDGE ( 'NONE', *, *, #3201, .T. ) ;
#5174 = ORIENTED_EDGE ( 'NONE', *, *, #4709, .T. ) ;
#5175 = ORIENTED_EDGE ( 'NONE', *, *, #4710, .F. ) ;
#5176 = ORIENTED_EDGE ( 'NONE', *, *, #4708, .F. ) ;
#5177 = ORIENTED_EDGE ( 'NONE', *, *, #4705, .T. ) ;
#5178 = ORIENTED_EDGE ( 'NONE', *, *, #4712, .T. ) ;
#5179 = ORIENTED_EDGE ( 'NONE', *, *, #4713, .F. ) ;
#5180 = ORIENTED_EDGE ( 'NONE', *, *, #4711, .F. ) ;
#5181 = ORIENTED_EDGE ( 'NONE', *, *, #4708, .T. ) ;
#5182 = ORIENTED_EDGE ( 'NONE', *, *, #4715, .T. ) ;
#5183 = ORIENTED_EDGE ( 'NONE', *, *, #4716, .F. ) ;
#5184 = ORIENTED_EDGE ( 'NONE', *, *, #4714, .F. ) ;
#5185 = ORIENTED_EDGE ( 'NONE', *, *, #4711, .T. ) ;
#5186 = ORIENTED_EDGE ( 'NONE', *, *, #4718, .F. ) ;
#5187 = ORIENTED_EDGE ( 'NONE', *, *, #4717, .T. ) ;
#5188 = ORIENTED_EDGE ( 'NONE', *, *, #3190, .F. ) ;
#5189 = ORIENTED_EDGE ( 'NONE', *, *, #4716, .T. ) ;
#5190 = ORIENTED_EDGE ( 'NONE', *, *, #4714, .T. ) ;
#5191 = ORIENTED_EDGE ( 'NONE', *, *, #4707, .T. ) ;
#5192 = ORIENTED_EDGE ( 'NONE', *, *, #4710, .T. ) ;
#5193 = ORIENTED_EDGE ( 'NONE', *, *, #4713, .T. ) ;
#5194 = ORIENTED_EDGE ( 'NONE', *, *, #4718, .T. ) ;
#5195 = ORIENTED_EDGE ( 'NONE', *, *, #3189, .T. ) ;
#5196 = ORIENTED_EDGE ( 'NONE', *, *, #4715, .F. ) ;
#5197 = ORIENTED_EDGE ( 'NONE', *, *, #4706, .F. ) ;
#5198 = ORIENTED_EDGE ( 'NONE', *, *, #3188, .F. ) ;
#5199 = ORIENTED_EDGE ( 'NONE', *, *, #4717, .F. ) ;
#5200 = ORIENTED_EDGE ( 'NONE', *, *, #4712, .F. ) ;
#5201 = ORIENTED_EDGE ( 'NONE', *, *, #4709, .F. ) ;
#5202 = ORIENTED_EDGE ( 'NONE', *, *, #4720, .T. ) ;
#5203 = ORIENTED_EDGE ( 'NONE', *, *, #4721, .F. ) ;
#5204 = ORIENTED_EDGE ( 'NONE', *, *, #4719, .F. ) ;
#5205 = ORIENTED_EDGE ( 'NONE', *, *, #3303, .T. ) ;
#5206 = ORIENTED_EDGE ( 'NONE', *, *, #4723, .T. ) ;
#5207 = ORIENTED_EDGE ( 'NONE', *, *, #4724, .F. ) ;
#5208 = ORIENTED_EDGE ( 'NONE', *, *, #4722, .F. ) ;
#5209 = ORIENTED_EDGE ( 'NONE', *, *, #4719, .T. ) ;
#5210 = ORIENTED_EDGE ( 'NONE', *, *, #4726, .T. ) ;
#5211 = ORIENTED_EDGE ( 'NONE', *, *, #4727, .F. ) ;
#5212 = ORIENTED_EDGE ( 'NONE', *, *, #4725, .F. ) ;
#5213 = ORIENTED_EDGE ( 'NONE', *, *, #4722, .T. ) ;
#5214 = ORIENTED_EDGE ( 'NONE', *, *, #4729, .T. ) ;
#5215 = ORIENTED_EDGE ( 'NONE', *, *, #4730, .F. ) ;
#5216 = ORIENTED_EDGE ( 'NONE', *, *, #4728, .F. ) ;
#5217 = ORIENTED_EDGE ( 'NONE', *, *, #4725, .T. ) ;
#5218 = ORIENTED_EDGE ( 'NONE', *, *, #4732, .F. ) ;
#5219 = ORIENTED_EDGE ( 'NONE', *, *, #4731, .T. ) ;
#5220 = ORIENTED_EDGE ( 'NONE', *, *, #3304, .F. ) ;
#5221 = ORIENTED_EDGE ( 'NONE', *, *, #4730, .T. ) ;
#5222 = ORIENTED_EDGE ( 'NONE', *, *, #4728, .T. ) ;
#5223 = ORIENTED_EDGE ( 'NONE', *, *, #4721, .T. ) ;
#5224 = ORIENTED_EDGE ( 'NONE', *, *, #4724, .T. ) ;
#5225 = ORIENTED_EDGE ( 'NONE', *, *, #4727, .T. ) ;
#5226 = ORIENTED_EDGE ( 'NONE', *, *, #4732, .T. ) ;
#5227 = ORIENTED_EDGE ( 'NONE', *, *, #3301, .T. ) ;
#5228 = ORIENTED_EDGE ( 'NONE', *, *, #4729, .F. ) ;
#5229 = ORIENTED_EDGE ( 'NONE', *, *, #4720, .F. ) ;
#5230 = ORIENTED_EDGE ( 'NONE', *, *, #3306, .F. ) ;
#5231 = ORIENTED_EDGE ( 'NONE', *, *, #4731, .F. ) ;
#5232 = ORIENTED_EDGE ( 'NONE', *, *, #4726, .F. ) ;
#5233 = ORIENTED_EDGE ( 'NONE', *, *, #4723, .F. ) ;
#5234 = ORIENTED_EDGE ( 'NONE', *, *, #4734, .T. ) ;
#5235 = ORIENTED_EDGE ( 'NONE', *, *, #4735, .F. ) ;
#5236 = ORIENTED_EDGE ( 'NONE', *, *, #4733, .F. ) ;
#5237 = ORIENTED_EDGE ( 'NONE', *, *, #3309, .T. ) ;
#5238 = ORIENTED_EDGE ( 'NONE', *, *, #4737, .T. ) ;
#5239 = ORIENTED_EDGE ( 'NONE', *, *, #4738, .F. ) ;
#5240 = ORIENTED_EDGE ( 'NONE', *, *, #4736, .F. ) ;
#5241 = ORIENTED_EDGE ( 'NONE', *, *, #4733, .T. ) ;
#5242 = ORIENTED_EDGE ( 'NONE', *, *, #4740, .T. ) ;
#5243 = ORIENTED_EDGE ( 'NONE', *, *, #4741, .F. ) ;
#5244 = ORIENTED_EDGE ( 'NONE', *, *, #4739, .F. ) ;
#5245 = ORIENTED_EDGE ( 'NONE', *, *, #4736, .T. ) ;
#5246 = ORIENTED_EDGE ( 'NONE', *, *, #4743, .T. ) ;
#5247 = ORIENTED_EDGE ( 'NONE', *, *, #4744, .F. ) ;
#5248 = ORIENTED_EDGE ( 'NONE', *, *, #4742, .F. ) ;
#5249 = ORIENTED_EDGE ( 'NONE', *, *, #4739, .T. ) ;
#5250 = ORIENTED_EDGE ( 'NONE', *, *, #4746, .F. ) ;
#5251 = ORIENTED_EDGE ( 'NONE', *, *, #4745, .T. ) ;
#5252 = ORIENTED_EDGE ( 'NONE', *, *, #3305, .F. ) ;
#5253 = ORIENTED_EDGE ( 'NONE', *, *, #4744, .T. ) ;
#5254 = ORIENTED_EDGE ( 'NONE', *, *, #4742, .T. ) ;
#5255 = ORIENTED_EDGE ( 'NONE', *, *, #4735, .T. ) ;
#5256 = ORIENTED_EDGE ( 'NONE', *, *, #4738, .T. ) ;
#5257 = ORIENTED_EDGE ( 'NONE', *, *, #4741, .T. ) ;
#5258 = ORIENTED_EDGE ( 'NONE', *, *, #4746, .T. ) ;
#5259 = ORIENTED_EDGE ( 'NONE', *, *, #3307, .T. ) ;
#5260 = ORIENTED_EDGE ( 'NONE', *, *, #4743, .F. ) ;
#5261 = ORIENTED_EDGE ( 'NONE', *, *, #4734, .F. ) ;
#5262 = ORIENTED_EDGE ( 'NONE', *, *, #3308, .F. ) ;
#5263 = ORIENTED_EDGE ( 'NONE', *, *, #4745, .F. ) ;
#5264 = ORIENTED_EDGE ( 'NONE', *, *, #4740, .F. ) ;
#5265 = ORIENTED_EDGE ( 'NONE', *, *, #4737, .F. ) ;
#5266 = ORIENTED_EDGE ( 'NONE', *, *, #3292, .F. ) ;
#5267 = LINE ( 'NONE', #3678, #3473 ) ;
#5268 = CYLINDRICAL_SURFACE ( 'NONE', #3471, 1.250000000000003800 ) ;
#5269 = LINE ( 'NONE', #3680, #3474 ) ;
#5270 = LINE ( 'NONE', #3682, #3468 ) ;
#5271 = FACE_OUTER_BOUND ( 'NONE', #3500, .T. ) ;
#5272 = SURFACE_STYLE_FILL_AREA ( #3685 ) ;
#5273 = PRESENTATION_STYLE_ASSIGNMENT (( #3687 ) ) ;
#5274 = STYLED_ITEM ( 'NONE', ( #5273 ), #3185 ) ;
#5275 = LINE ( 'NONE', #3694, #3405 ) ;
#5276 = SURFACE_STYLE_FILL_AREA ( #3703 ) ;
#5277 = LINE ( 'NONE', #3696, #3383 ) ;
#5278 = LINE ( 'NONE', #3698, #3385 ) ;
#5279 = LINE ( 'NONE', #3700, #3402 ) ;
#5280 = FACE_BOUND ( 'NONE', #3498, .T. ) ;
#5281 = FACE_BOUND ( 'NONE', #3508, .T. ) ;
#5282 = FACE_OUTER_BOUND ( 'NONE', #3512, .T. ) ;
#5283 = FACE_BOUND ( 'NONE', #3509, .T. ) ;
#5284 = FACE_BOUND ( 'NONE', #3504, .T. ) ;
#5285 = PRESENTATION_STYLE_ASSIGNMENT (( #3705 ) ) ;
#5286 = STYLED_ITEM ( 'NONE', ( #5285 ), #3191 ) ;
#5287 = FACE_OUTER_BOUND ( 'NONE', #3501, .T. ) ;
#5288 = SURFACE_STYLE_FILL_AREA ( #3714 ) ;
#5289 = PRESENTATION_STYLE_ASSIGNMENT (( #3716 ) ) ;
#5290 = STYLED_ITEM ( 'NONE', ( #5289 ), #3192 ) ;
#5291 = SURFACE_STYLE_FILL_AREA ( #5315 ) ;
#5292 = FACE_BOUND ( 'NONE', #3505, .T. ) ;
#5293 = FACE_BOUND ( 'NONE', #3507, .T. ) ;
#5294 = FACE_OUTER_BOUND ( 'NONE', #3511, .T. ) ;
#5295 = PRESENTATION_STYLE_ASSIGNMENT (( #5317 ) ) ;
#5296 = STYLED_ITEM ( 'NONE', ( #5295 ), #3194 ) ;
#5297 = FACE_OUTER_BOUND ( 'NONE', #3506, .T. ) ;
#5298 = SURFACE_STYLE_FILL_AREA ( #5326 ) ;
#5299 = PRESENTATION_STYLE_ASSIGNMENT (( #5328 ) ) ;
#5300 = STYLED_ITEM ( 'NONE', ( #5299 ), #3195 ) ;
#5301 = FACE_OUTER_BOUND ( 'NONE', #3499, .T. ) ;
#5302 = SURFACE_STYLE_FILL_AREA ( #5337 ) ;
#5303 = PRESENTATION_STYLE_ASSIGNMENT (( #5339 ) ) ;
#5304 = STYLED_ITEM ( 'NONE', ( #5303 ), #3196 ) ;
#5305 =( NAMED_UNIT ( * ) SI_UNIT ( $, .STERADIAN. ) SOLID_ANGLE_UNIT ( ) );
#5306 = PLANE ( 'NONE',  #3393 ) ;
#5307 = CARTESIAN_POINT ( 'NONE',  ( -5.999999999999998200, 5.250000000000000900, 8.150000000000000400 ) ) ;
#5308 = DIRECTION ( 'NONE',  ( 1.000000000000000000, 8.260587980841940000E-017, -0.0000000000000000000 ) ) ;
#5309 = DIRECTION ( 'NONE',  ( -8.260587980841940000E-017, 1.000000000000000000, 0.0000000000000000000 ) ) ;
#5310 = CARTESIAN_POINT ( 'NONE',  ( -6.567007332058119000, -6.620817527832367800, -1.474964103260132600 ) ) ;
#5311 = CARTESIAN_POINT ( 'NONE',  ( -6.871107435242981500, -6.771859130815001600, -1.496996866981176400 ) ) ;
#5312 = CARTESIAN_POINT ( 'NONE',  ( -7.050000000000006000, -7.060455542544708900, -1.539095046719858100 ) ) ;
#5313 = CARTESIAN_POINT ( 'NONE',  ( -7.050000000000006000, -7.400000000000000400, -1.588625127546413800 ) ) ;
#5314 = FILL_AREA_STYLE_COLOUR ( '', #4778 ) ;
#5315 = FILL_AREA_STYLE ('',( #5314 ) ) ;
#5316 = SURFACE_SIDE_STYLE ('',( #5291 ) ) ;
#5317 = SURFACE_STYLE_USAGE ( .BOTH. , #5316 ) ;
#5318 =( LENGTH_UNIT ( ) NAMED_UNIT ( * ) SI_UNIT ( .MILLI., .METRE. ) );
#5319 =( NAMED_UNIT ( * ) PLANE_ANGLE_UNIT ( ) SI_UNIT ( $, .RADIAN. ) );
#5320 =( NAMED_UNIT ( * ) SI_UNIT ( $, .STERADIAN. ) SOLID_ANGLE_UNIT ( ) );
#5321 = PLANE ( 'NONE',  #3390 ) ;
#5322 = CARTESIAN_POINT ( 'NONE',  ( -2.800000000000000300, -1.150000000000001200, 7.650000000000002100 ) ) ;
#5323 = DIRECTION ( 'NONE',  ( 0.0000000000000000000, 1.000000000000000000, 0.0000000000000000000 ) ) ;
#5324 = DIRECTION ( 'NONE',  ( 0.0000000000000000000, -0.0000000000000000000, 1.000000000000000000 ) ) ;
#5325 = FILL_AREA_STYLE_COLOUR ( '', #4781 ) ;
#5326 = FILL_AREA_STYLE ('',( #5325 ) ) ;
#5327 = SURFACE_SIDE_STYLE ('',( #5298 ) ) ;
#5328 = SURFACE_STYLE_USAGE ( .BOTH. , #5327 ) ;
#5329 =( LENGTH_UNIT ( ) NAMED_UNIT ( * ) SI_UNIT ( .MILLI., .METRE. ) );
#5330 =( NAMED_UNIT ( * ) PLANE_ANGLE_UNIT ( ) SI_UNIT ( $, .RADIAN. ) );
#5331 =( NAMED_UNIT ( * ) SI_UNIT ( $, .STERADIAN. ) SOLID_ANGLE_UNIT ( ) );
#5332 = PLANE ( 'NONE',  #3398 ) ;
#5333 = CARTESIAN_POINT ( 'NONE',  ( 4.225000000000000500, -2.950000000000000200, -0.8499999999999983100 ) ) ;
#5334 = DIRECTION ( 'NONE',  ( 1.000000000000000000, -1.438410842435163000E-016, 0.0000000000000000000 ) ) ;
#5335 = DIRECTION ( 'NONE',  ( 1.438410842435163000E-016, 1.000000000000000000, 0.0000000000000000000 ) ) ;
#5336 = FILL_AREA_STYLE_COLOUR ( '', #4783 ) ;
#5337 = FILL_AREA_STYLE ('',( #5336 ) ) ;
#5338 = SURFACE_SIDE_STYLE ('',( #5302 ) ) ;
#5339 = SURFACE_STYLE_USAGE ( .BOTH. , #5338 ) ;
#5340 =( LENGTH_UNIT ( ) NAMED_UNIT ( * ) SI_UNIT ( .MILLI., .METRE. ) );
#5341 =( NAMED_UNIT ( * ) PLANE_ANGLE_UNIT ( ) SI_UNIT ( $, .RADIAN. ) );
#5342 =( NAMED_UNIT ( * ) SI_UNIT ( $, .STERADIAN. ) SOLID_ANGLE_UNIT ( ) );
#5343 = CARTESIAN_POINT ( 'NONE',  ( -6.180000000000004200, -7.400000000000000400, -1.274999999999998800 ) ) ;
#5344 = DIRECTION ( 'NONE',  ( -0.0000000000000000000, -0.0000000000000000000, -1.000000000000000000 ) ) ;
#5345 = DIRECTION ( 'NONE',  ( -1.000000000000000000, 0.0000000000000000000, 0.0000000000000000000 ) ) ;
#5346 = FILL_AREA_STYLE_COLOUR ( '', #4785 ) ;
#5347 = FILL_AREA_STYLE ('',( #5346 ) ) ;
#5348 = SURFACE_SIDE_STYLE ('',( #5425 ) ) ;
#5349 = SURFACE_STYLE_USAGE ( .BOTH. , #5348 ) ;
#5350 =( LENGTH_UNIT ( ) NAMED_UNIT ( * ) SI_UNIT ( .MILLI., .METRE. ) );
#5351 =( NAMED_UNIT ( * ) PLANE_ANGLE_UNIT ( ) SI_UNIT ( $, .RADIAN. ) );
#5352 =( NAMED_UNIT ( * ) SI_UNIT ( $, .STERADIAN. ) SOLID_ANGLE_UNIT ( ) );
#5353 = PLANE ( 'NONE',  #3404 ) ;
#5354 = CARTESIAN_POINT ( 'NONE',  ( -3.724999999999998800, -2.950000000000001100, -0.8499999999999983100 ) ) ;
#5355 = DIRECTION ( 'NONE',  ( -0.0000000000000000000, 0.0000000000000000000, -1.000000000000000000 ) ) ;
#5356 = DIRECTION ( 'NONE',  ( -1.000000000000000000, 0.0000000000000000000, 0.0000000000000000000 ) ) ;
#5357 = CARTESIAN_POINT ( 'NONE',  ( -7.430000000000007700, -7.400000000000000400, -1.274999999999998800 ) ) ;
#5358 = DIRECTION ( 'NONE',  ( -0.0000000000000000000, -0.0000000000000000000, -1.000000000000000000 ) ) ;
#5359 = CARTESIAN_POINT ( 'NONE',  ( -7.157524757201488600, -8.179066973409980800, -1.274999999999998800 ) ) ;
#5360 = DIRECTION ( 'NONE',  ( -0.0000000000000000000, -0.0000000000000000000, -1.000000000000000000 ) ) ;
#5361 = CARTESIAN_POINT ( 'NONE',  ( 0.9200000000000012600, -5.249999999999999100, -7.425000000000000700 ) ) ;
#5362 = DIRECTION ( 'NONE',  ( -0.0000000000000000000, -0.0000000000000000000, 1.000000000000000000 ) ) ;
#5363 = CARTESIAN_POINT ( 'NONE',  ( -0.9200000000000012600, -5.249999999999999100, -7.425000000000000700 ) ) ;
#5364 = DIRECTION ( 'NONE',  ( -0.0000000000000000000, -0.0000000000000000000, 1.000000000000000000 ) ) ;
#5365 = CARTESIAN_POINT ( 'NONE',  ( -7.430000000000007700, -7.400000000000000400, -2.911374872453583500 ) ) ;
#5366 = CARTESIAN_POINT ( 'NONE',  ( -7.430000000000008600, -7.685796185487204100, -2.869685167743954300 ) ) ;
#5367 = CARTESIAN_POINT ( 'NONE',  ( -7.335648252593193400, -7.955568695947991200, -2.830332870998939900 ) ) ;
#5368 = CARTESIAN_POINT ( 'NONE',  ( -7.157524757201488600, -8.179066973409980800, -2.797730696219674900 ) ) ;
#5369 = CARTESIAN_POINT ( 'NONE',  ( -6.567007332058119000, -6.620817527832368700, -1.274999999999998800 ) ) ;
#5370 = DIRECTION ( 'NONE',  ( -0.0000000000000000000, -0.0000000000000000000, -1.000000000000000000 ) ) ;
#5371 = CARTESIAN_POINT ( 'NONE',  ( -7.050000000000006000, -7.400000000000000400, -2.911374872453583500 ) ) ;
#5372 = CARTESIAN_POINT ( 'NONE',  ( -7.050000000000006000, -7.060455542544708900, -2.960904953280138600 ) ) ;
#5373 = CARTESIAN_POINT ( 'NONE',  ( -6.871107435242981500, -6.771859130815001600, -3.003003133018821400 ) ) ;
#5374 = CARTESIAN_POINT ( 'NONE',  ( -6.567007332058119000, -6.620817527832367800, -3.025035896739864500 ) ) ;
#5375 = CARTESIAN_POINT ( 'NONE',  ( 5.620000000000003700, -5.250000000000000900, -1.274999999999998800 ) ) ;
#5376 = DIRECTION ( 'NONE',  ( -0.0000000000000000000, -0.0000000000000000000, -1.000000000000000000 ) ) ;
#5377 = CARTESIAN_POINT ( 'NONE',  ( 1.580000000000003200, -5.249999999999999100, -7.175000000000000700 ) ) ;
#5378 = DIRECTION ( 'NONE',  ( 1.000000000000000000, -0.0000000000000000000, -0.0000000000000000000 ) ) ;
#5379 = CARTESIAN_POINT ( 'NONE',  ( 1.580000000000003200, -5.249999999999999100, -7.425000000000000700 ) ) ;
#5380 = DIRECTION ( 'NONE',  ( -0.0000000000000000000, -0.0000000000000000000, 1.000000000000000000 ) ) ;
#5381 = CARTESIAN_POINT ( 'NONE',  ( -7.157524757201486800, -8.179066973409980800, -1.702269303780322900 ) ) ;
#5382 = CARTESIAN_POINT ( 'NONE',  ( -7.335648252593193400, -7.955568695947993000, -1.669667129001057600 ) ) ;
#5383 = CARTESIAN_POINT ( 'NONE',  ( -7.430000000000008600, -7.685796185487204100, -1.630314832256042800 ) ) ;
#5384 = CARTESIAN_POINT ( 'NONE',  ( -7.430000000000007700, -7.400000000000000400, -1.588625127546413800 ) ) ;
#5385 = CARTESIAN_POINT ( 'NONE',  ( 5.620000000000003700, -5.250000000000000900, -3.224999999999998800 ) ) ;
#5386 = DIRECTION ( 'NONE',  ( -1.000000000000000000, -0.0000000000000000000, -0.0000000000000000000 ) ) ;
#5387 = CARTESIAN_POINT ( 'NONE',  ( -3.724999999999998800, -2.950000000000001100, 7.650000000000002100 ) ) ;
#5388 = DIRECTION ( 'NONE',  ( 0.0000000000000000000, 0.0000000000000000000, 1.000000000000000000 ) ) ;
#5389 = DIRECTION ( 'NONE',  ( 1.000000000000000000, 0.0000000000000000000, 0.0000000000000000000 ) ) ;
#5390 = CARTESIAN_POINT ( 'NONE',  ( -4.224999999999998800, -2.950000000000001100, -0.8499999999999983100 ) ) ;
#5391 = DIRECTION ( 'NONE',  ( -0.0000000000000000000, -0.0000000000000000000, 1.000000000000000000 ) ) ;
#5392 = CARTESIAN_POINT ( 'NONE',  ( -4.224999999999998800, 1.749999999999999800, -0.8499999999999983100 ) ) ;
#5393 = DIRECTION ( 'NONE',  ( 0.0000000000000000000, 0.0000000000000000000, -1.000000000000000000 ) ) ;
#5394 = CARTESIAN_POINT ( 'NONE',  ( -4.224999999999998800, -2.950000000000001100, 7.650000000000002100 ) ) ;
#5395 = DIRECTION ( 'NONE',  ( 0.0000000000000000000, -1.000000000000000000, 0.0000000000000000000 ) ) ;
#5396 = CARTESIAN_POINT ( 'NONE',  ( -4.224999999999998800, -2.950000000000001100, 7.150626239469385600 ) ) ;
#5397 = DIRECTION ( 'NONE',  ( 0.0000000000000000000, 1.000000000000000000, 0.0000000000000000000 ) ) ;
#5398 = CARTESIAN_POINT ( 'NONE',  ( -4.224999999999998800, -1.750000000000000000, -0.8499999999999983100 ) ) ;
#5399 = DIRECTION ( 'NONE',  ( 0.0000000000000000000, 0.0000000000000000000, -1.000000000000000000 ) ) ;
#5400 = CARTESIAN_POINT ( 'NONE',  ( -4.224999999999998800, -2.950000000000001100, 7.650000000000002100 ) ) ;
#5401 = DIRECTION ( 'NONE',  ( 0.0000000000000000000, -1.000000000000000000, 0.0000000000000000000 ) ) ;
#5402 = CARTESIAN_POINT ( 'NONE',  ( -4.224999999999998800, 3.079999999999999200, -0.8499999999999983100 ) ) ;
#5403 = DIRECTION ( 'NONE',  ( -0.0000000000000000000, -0.0000000000000000000, 1.000000000000000000 ) ) ;
#5404 = CARTESIAN_POINT ( 'NONE',  ( -4.224999999999998800, 3.079999999999999200, 7.650000000000002100 ) ) ;
#5405 = DIRECTION ( 'NONE',  ( -0.7071067811865474600, -0.7071067811865474600, -0.0000000000000000000 ) ) ;
#5406 = CARTESIAN_POINT ( 'NONE',  ( 3.725000000000000500, -3.950000000000001100, 8.150000000000000400 ) ) ;
#5407 = DIRECTION ( 'NONE',  ( 0.0000000000000000000, 0.7071067811865490200, -0.7071067811865460200 ) ) ;
#5408 = CARTESIAN_POINT ( 'NONE',  ( 4.225000000000000500, -2.950000000000000200, 7.650000000000002100 ) ) ;
#5409 = DIRECTION ( 'NONE',  ( 0.7071067811865489100, 0.0000000000000000000, 0.7071067811865462400 ) ) ;
#5410 = CARTESIAN_POINT ( 'NONE',  ( 4.225000000000001400, 3.080000000000000100, 7.650000000000002100 ) ) ;
#5411 = DIRECTION ( 'NONE',  ( 0.6785983445458484400, 0.2810846377148204000, 0.6785983445458455600 ) ) ;
#5412 = CARTESIAN_POINT ( 'NONE',  ( 4.225000000000014700, 1.750000000000000000, 7.650000000000002100 ) ) ;
#5413 = DIRECTION ( 'NONE',  ( -0.0000000000000000000, -1.000000000000000000, -0.0000000000000000000 ) ) ;
#5414 = CARTESIAN_POINT ( 'NONE',  ( -3.724999999999998800, -3.950000000000002800, 8.150000000000000400 ) ) ;
#5415 = DIRECTION ( 'NONE',  ( 0.0000000000000000000, 0.7071067811865496800, -0.7071067811865453500 ) ) ;
#5416 = CARTESIAN_POINT ( 'NONE',  ( 2.975000000000000100, 4.330000000000001000, 7.650000000000002100 ) ) ;
#5417 = DIRECTION ( 'NONE',  ( 0.2810846377148208400, 0.6785983445458482200, 0.6785983445458456700 ) ) ;
#5418 = CARTESIAN_POINT ( 'NONE',  ( -4.724999999999999600, -2.950000000000001100, 8.150000000000000400 ) ) ;
#5419 = DIRECTION ( 'NONE',  ( 0.7071067811865493500, 0.0000000000000000000, -0.7071067811865456900 ) ) ;
#5420 = CARTESIAN_POINT ( 'NONE',  ( -2.974999999999998300, 4.330000000000000100, 7.650000000000002100 ) ) ;
#5421 = DIRECTION ( 'NONE',  ( -0.2810846377148207300, 0.6785983445458482200, 0.6785983445458456700 ) ) ;
#5422 = CYLINDRICAL_SURFACE ( 'NONE', #3400, 0.8700000000000018800 ) ;
#5423 = FACE_OUTER_BOUND ( 'NONE', #3510, .T. ) ;
#5424 = FACE_BOUND ( 'NONE', #3523, .T. ) ;
#5425 = SURFACE_STYLE_FILL_AREA ( #5347 ) ;
#5426 = PRESENTATION_STYLE_ASSIGNMENT (( #5349 ) ) ;
#5427 = STYLED_ITEM ( 'NONE', ( #5426 ), #3197 ) ;
#5428 = LINE ( 'NONE', #5357, #3674 ) ;
#5429 = LINE ( 'NONE', #5359, #3677 ) ;
#5430 = LINE ( 'NONE', #5361, #3676 ) ;
#5431 = LINE ( 'NONE', #5363, #3672 ) ;
#5432 = LINE ( 'NONE', #5369, #3675 ) ;
#5433 = LINE ( 'NONE', #5375, #3952 ) ;
#5434 = LINE ( 'NONE', #5377, #3953 ) ;
#5435 = LINE ( 'NONE', #5379, #3949 ) ;
#5436 = FACE_OUTER_BOUND ( 'NONE', #3524, .T. ) ;
#5437 = LINE ( 'NONE', #5385, #3951 ) ;
#5438 = LINE ( 'NONE', #5390, #3948 ) ;
#5439 = LINE ( 'NONE', #5392, #3472 ) ;
#5440 = LINE ( 'NONE', #5394, #5549 ) ;
#5441 = LINE ( 'NONE', #5396, #5550 ) ;
#5442 = LINE ( 'NONE', #5398, #5552 ) ;
#5443 = LINE ( 'NONE', #5400, #5554 ) ;
#5444 = LINE ( 'NONE', #5402, #5555 ) ;
#5445 = LINE ( 'NONE', #5404, #5556 ) ;
#5446 = LINE ( 'NONE', #5406, #5557 ) ;
#5447 = LINE ( 'NONE', #5408, #5558 ) ;
#5448 = LINE ( 'NONE', #5410, #5559 ) ;
#5449 = LINE ( 'NONE', #5412, #5560 ) ;
#5450 = LINE ( 'NONE', #5414, #5561 ) ;
#5451 = LINE ( 'NONE', #5416, #5562 ) ;
#5452 = LINE ( 'NONE', #5418, #5563 ) ;
#5453 = LINE ( 'NONE', #5420, #5564 ) ;
#5454 = LINE ( 'NONE', #5584, #5565 ) ;
#5455 = LINE ( 'NONE', #5586, #5566 ) ;
#5456 = LINE ( 'NONE', #5588, #5567 ) ;
#5457 = LINE ( 'NONE', #5590, #5568 ) ;
#5458 = LINE ( 'NONE', #5592, #5569 ) ;
#5459 = LINE ( 'NONE', #5594, #5570 ) ;
#5460 = LINE ( 'NONE', #5596, #5571 ) ;
#5461 = LINE ( 'NONE', #5598, #5572 ) ;
#5462 = LINE ( 'NONE', #5600, #5573 ) ;
#5463 = LINE ( 'NONE', #5602, #5574 ) ;
#5464 = LINE ( 'NONE', #5604, #5576 ) ;
#5465 = LINE ( 'NONE', #5606, #5578 ) ;
#5466 = FACE_OUTER_BOUND ( 'NONE', #3522, .T. ) ;
#5467 = SURFACE_STYLE_FILL_AREA ( #5609 ) ;
#5468 = PRESENTATION_STYLE_ASSIGNMENT (( #5611 ) ) ;
#5469 = STYLED_ITEM ( 'NONE', ( #5468 ), #3239 ) ;
#5470 = SURFACE_STYLE_FILL_AREA ( #5620 ) ;
#5471 = PRESENTATION_STYLE_ASSIGNMENT (( #5622 ) ) ;
#5472 = STYLED_ITEM ( 'NONE', ( #5471 ), #3240 ) ;
#5473 = FACE_BOUND ( 'NONE', #3502, .T. ) ;
#5474 = FACE_OUTER_BOUND ( 'NONE', #3531, .T. ) ;
#5475 = SURFACE_STYLE_FILL_AREA ( #5631 ) ;
#5476 = PRESENTATION_STYLE_ASSIGNMENT (( #5633 ) ) ;
#5477 = STYLED_ITEM ( 'NONE', ( #5476 ), #3241 ) ;
#5478 = FACE_OUTER_BOUND ( 'NONE', #3550, .T. ) ;
#5479 = SURFACE_STYLE_FILL_AREA ( #5642 ) ;
#5480 = PRESENTATION_STYLE_ASSIGNMENT (( #5644 ) ) ;
#5481 = STYLED_ITEM ( 'NONE', ( #5480 ), #3242 ) ;
#5482 = FACE_OUTER_BOUND ( 'NONE', #3532, .T. ) ;
#5483 = SURFACE_STYLE_FILL_AREA ( #5653 ) ;
#5484 = PRESENTATION_STYLE_ASSIGNMENT (( #5655 ) ) ;
#5485 = STYLED_ITEM ( 'NONE', ( #5484 ), #3243 ) ;
#5486 = FACE_OUTER_BOUND ( 'NONE', #3517, .T. ) ;
#5487 = SURFACE_STYLE_FILL_AREA ( #5664 ) ;
#5488 = PRESENTATION_STYLE_ASSIGNMENT (( #5666 ) ) ;
#5489 = STYLED_ITEM ( 'NONE', ( #5488 ), #3244 ) ;
#5490 = FACE_OUTER_BOUND ( 'NONE', #3516, .T. ) ;
#5491 = SURFACE_STYLE_FILL_AREA ( #5675 ) ;
#5492 = PRESENTATION_STYLE_ASSIGNMENT (( #5677 ) ) ;
#5493 = STYLED_ITEM ( 'NONE', ( #5492 ), #3245 ) ;
#5494 = UNCERTAINTY_MEASURE_WITH_UNIT (LENGTH_MEASURE( 1.000000000000000100E-005 ), #5350, 'distance_accuracy_value', 'NONE');
#5495 = UNCERTAINTY_MEASURE_WITH_UNIT (LENGTH_MEASURE( 1.000000000000000100E-005 ), #5612, 'distance_accuracy_value', 'NONE');
#5496 = UNCERTAINTY_MEASURE_WITH_UNIT (LENGTH_MEASURE( 1.000000000000000100E-005 ), #5699, 'distance_accuracy_value', 'NONE');
#5497 = UNCERTAINTY_MEASURE_WITH_UNIT (LENGTH_MEASURE( 1.000000000000000100E-005 ), #5720, 'distance_accuracy_value', 'NONE');
#5498 = UNCERTAINTY_MEASURE_WITH_UNIT (LENGTH_MEASURE( 1.000000000000000100E-005 ), #5623, 'distance_accuracy_value', 'NONE');
#5499 = UNCERTAINTY_MEASURE_WITH_UNIT (LENGTH_MEASURE( 1.000000000000000100E-005 ), #5634, 'distance_accuracy_value', 'NONE');
#5500 = UNCERTAINTY_MEASURE_WITH_UNIT (LENGTH_MEASURE( 1.000000000000000100E-005 ), #5645, 'distance_accuracy_value', 'NONE');
#5501 = UNCERTAINTY_MEASURE_WITH_UNIT (LENGTH_MEASURE( 1.000000000000000100E-005 ), #5656, 'distance_accuracy_value', 'NONE');
#5502 = UNCERTAINTY_MEASURE_WITH_UNIT (LENGTH_MEASURE( 1.000000000000000100E-005 ), #5667, 'distance_accuracy_value', 'NONE');
#5503 = UNCERTAINTY_MEASURE_WITH_UNIT (LENGTH_MEASURE( 1.000000000000000100E-005 ), #5678, 'distance_accuracy_value', 'NONE');
#5504 = UNCERTAINTY_MEASURE_WITH_UNIT (LENGTH_MEASURE( 1.000000000000000100E-005 ), #5879, 'distance_accuracy_value', 'NONE');
#5505 = UNCERTAINTY_MEASURE_WITH_UNIT (LENGTH_MEASURE( 1.000000000000000100E-005 ), #5688, 'distance_accuracy_value', 'NONE');
#5506 = UNCERTAINTY_MEASURE_WITH_UNIT (LENGTH_MEASURE( 1.000000000000000100E-005 ), #5836, 'distance_accuracy_value', 'NONE');
#5507 = UNCERTAINTY_MEASURE_WITH_UNIT (LENGTH_MEASURE( 1.000000000000000100E-005 ), #5709, 'distance_accuracy_value', 'NONE');
#5508 = UNCERTAINTY_MEASURE_WITH_UNIT (LENGTH_MEASURE( 1.000000000000000100E-005 ), #5815, 'distance_accuracy_value', 'NONE');
#5509 = UNCERTAINTY_MEASURE_WITH_UNIT (LENGTH_MEASURE( 1.000000000000000100E-005 ), #6167, 'distance_accuracy_value', 'NONE');
#5510 = UNCERTAINTY_MEASURE_WITH_UNIT (LENGTH_MEASURE( 1.000000000000000100E-005 ), #5825, 'distance_accuracy_value', 'NONE');
#5511 = UNCERTAINTY_MEASURE_WITH_UNIT (LENGTH_MEASURE( 1.000000000000000100E-005 ), #5847, 'distance_accuracy_value', 'NONE');
#5512 = UNCERTAINTY_MEASURE_WITH_UNIT (LENGTH_MEASURE( 1.000000000000000100E-005 ), #5858, 'distance_accuracy_value', 'NONE');
#5513 = UNCERTAINTY_MEASURE_WITH_UNIT (LENGTH_MEASURE( 1.000000000000000100E-005 ), #6293, 'distance_accuracy_value', 'NONE');
#5514 = UNCERTAINTY_MEASURE_WITH_UNIT (LENGTH_MEASURE( 1.000000000000000100E-005 ), #5868, 'distance_accuracy_value', 'NONE');
#5515 = UNCERTAINTY_MEASURE_WITH_UNIT (LENGTH_MEASURE( 1.000000000000000100E-005 ), #5890, 'distance_accuracy_value', 'NONE');
#5516 = UNCERTAINTY_MEASURE_WITH_UNIT (LENGTH_MEASURE( 1.000000000000000100E-005 ), #5901, 'distance_accuracy_value', 'NONE');
#5517 = UNCERTAINTY_MEASURE_WITH_UNIT (LENGTH_MEASURE( 1.000000000000000100E-005 ), #5912, 'distance_accuracy_value', 'NONE');
#5518 = UNCERTAINTY_MEASURE_WITH_UNIT (LENGTH_MEASURE( 1.000000000000000100E-005 ), #5923, 'distance_accuracy_value', 'NONE');
#5519 = UNCERTAINTY_MEASURE_WITH_UNIT (LENGTH_MEASURE( 1.000000000000000100E-005 ), #5934, 'distance_accuracy_value', 'NONE');
#5520 = UNCERTAINTY_MEASURE_WITH_UNIT (LENGTH_MEASURE( 1.000000000000000100E-005 ), #5945, 'distance_accuracy_value', 'NONE');
#5521 = UNCERTAINTY_MEASURE_WITH_UNIT (LENGTH_MEASURE( 1.000000000000000100E-005 ), #6069, 'distance_accuracy_value', 'NONE');
#5522 = UNCERTAINTY_MEASURE_WITH_UNIT (LENGTH_MEASURE( 1.000000000000000100E-005 ), #6080, 'distance_accuracy_value', 'NONE');
#5523 = UNCERTAINTY_MEASURE_WITH_UNIT (LENGTH_MEASURE( 1.000000000000000100E-005 ), #6091, 'distance_accuracy_value', 'NONE');
#5524 = UNCERTAINTY_MEASURE_WITH_UNIT (LENGTH_MEASURE( 1.000000000000000100E-005 ), #6102, 'distance_accuracy_value', 'NONE');
#5525 = UNCERTAINTY_MEASURE_WITH_UNIT (LENGTH_MEASURE( 1.000000000000000100E-005 ), #6113, 'distance_accuracy_value', 'NONE');
#5526 = UNCERTAINTY_MEASURE_WITH_UNIT (LENGTH_MEASURE( 1.000000000000000100E-005 ), #6124, 'distance_accuracy_value', 'NONE');
#5527 = UNCERTAINTY_MEASURE_WITH_UNIT (LENGTH_MEASURE( 1.000000000000000100E-005 ), #6135, 'distance_accuracy_value', 'NONE');
#5528 = UNCERTAINTY_MEASURE_WITH_UNIT (LENGTH_MEASURE( 1.000000000000000100E-005 ), #6146, 'distance_accuracy_value', 'NONE');
#5529 = UNCERTAINTY_MEASURE_WITH_UNIT (LENGTH_MEASURE( 1.000000000000000100E-005 ), #6336, 'distance_accuracy_value', 'NONE');
#5530 = UNCERTAINTY_MEASURE_WITH_UNIT (LENGTH_MEASURE( 1.000000000000000100E-005 ), #6156, 'distance_accuracy_value', 'NONE');
#5531 = UNCERTAINTY_MEASURE_WITH_UNIT (LENGTH_MEASURE( 1.000000000000000100E-005 ), #6178, 'distance_accuracy_value', 'NONE');
#5532 = UNCERTAINTY_MEASURE_WITH_UNIT (LENGTH_MEASURE( 1.000000000000000100E-005 ), #6189, 'distance_accuracy_value', 'NONE');
#5533 = UNCERTAINTY_MEASURE_WITH_UNIT (LENGTH_MEASURE( 1.000000000000000100E-005 ), #6379, 'distance_accuracy_value', 'NONE');
#5534 = UNCERTAINTY_MEASURE_WITH_UNIT (LENGTH_MEASURE( 1.000000000000000100E-005 ), #6199, 'distance_accuracy_value', 'NONE');
#5535 = UNCERTAINTY_MEASURE_WITH_UNIT (LENGTH_MEASURE( 1.000000000000000100E-005 ), #6304, 'distance_accuracy_value', 'NONE');
#5536 = UNCERTAINTY_MEASURE_WITH_UNIT (LENGTH_MEASURE( 1.000000000000000100E-005 ), #6315, 'distance_accuracy_value', 'NONE');
#5537 = UNCERTAINTY_MEASURE_WITH_UNIT (LENGTH_MEASURE( 1.000000000000000100E-005 ), #6325, 'distance_accuracy_value', 'NONE');
#5538 = UNCERTAINTY_MEASURE_WITH_UNIT (LENGTH_MEASURE( 1.000000000000000100E-005 ), #6347, 'distance_accuracy_value', 'NONE');
#5539 = UNCERTAINTY_MEASURE_WITH_UNIT (LENGTH_MEASURE( 1.000000000000000100E-005 ), #6358, 'distance_accuracy_value', 'NONE');
#5540 = UNCERTAINTY_MEASURE_WITH_UNIT (LENGTH_MEASURE( 1.000000000000000100E-005 ), #6368, 'distance_accuracy_value', 'NONE');
#5541 = UNCERTAINTY_MEASURE_WITH_UNIT (LENGTH_MEASURE( 1.000000000000000100E-005 ), #6390, 'distance_accuracy_value', 'NONE');
#5542 = UNCERTAINTY_MEASURE_WITH_UNIT (LENGTH_MEASURE( 1.000000000000000100E-005 ), #6401, 'distance_accuracy_value', 'NONE');
#5543 = UNCERTAINTY_MEASURE_WITH_UNIT (LENGTH_MEASURE( 1.000000000000000100E-005 ), #6412, 'distance_accuracy_value', 'NONE');
#5544 = UNCERTAINTY_MEASURE_WITH_UNIT (LENGTH_MEASURE( 1.000000000000000100E-005 ), #6423, 'distance_accuracy_value', 'NONE');
#5545 = UNCERTAINTY_MEASURE_WITH_UNIT (LENGTH_MEASURE( 1.000000000000000100E-005 ), #3, 'distance_accuracy_value', 'NONE');
#5546 = UNCERTAINTY_MEASURE_WITH_UNIT (LENGTH_MEASURE( 1.000000000000000100E-005 ), #14, 'distance_accuracy_value', 'NONE');
#5547 = UNCERTAINTY_MEASURE_WITH_UNIT (LENGTH_MEASURE( 1.000000000000000100E-005 ), #24, 'distance_accuracy_value', 'NONE');
#5548 = UNCERTAINTY_MEASURE_WITH_UNIT (LENGTH_MEASURE( 1.000000000000000100E-005 ), #444, 'distance_accuracy_value', 'NONE');
#5549 = VECTOR ( 'NONE', #5395, 1000.000000000000000 ) ;
#5550 = VECTOR ( 'NONE', #5397, 1000.000000000000000 ) ;
#5551 = PRESENTATION_LAYER_ASSIGNMENT (  '', '', ( #5780 ) ) ;
#5552 = VECTOR ( 'NONE', #5399, 1000.000000000000000 ) ;
#5553 = AXIS2_PLACEMENT_3D ( 'NONE', #5649, #5650, #5651 ) ;
#5554 = VECTOR ( 'NONE', #5401, 1000.000000000000000 ) ;
#5555 = VECTOR ( 'NONE', #5403, 1000.000000000000000 ) ;
#5556 = VECTOR ( 'NONE', #5405, 1000.000000000000100 ) ;
#5557 = VECTOR ( 'NONE', #5407, 1000.000000000000100 ) ;
#5558 = VECTOR ( 'NONE', #5409, 999.9999999999998900 ) ;
#5559 = VECTOR ( 'NONE', #5411, 1000.000000000000000 ) ;
#5560 = VECTOR ( 'NONE', #5413, 1000.000000000000000 ) ;
#5561 = VECTOR ( 'NONE', #5415, 1000.000000000000000 ) ;
#5562 = VECTOR ( 'NONE', #5417, 1000.000000000000000 ) ;
#5563 = VECTOR ( 'NONE', #5419, 1000.000000000000000 ) ;
#5564 = VECTOR ( 'NONE', #5421, 1000.000000000000100 ) ;
#5565 = VECTOR ( 'NONE', #5585, 1000.000000000000000 ) ;
#5566 = VECTOR ( 'NONE', #5587, 1000.000000000000000 ) ;
#5567 = VECTOR ( 'NONE', #5589, 1000.000000000000000 ) ;
#5568 = VECTOR ( 'NONE', #5591, 1000.000000000000000 ) ;
#5569 = VECTOR ( 'NONE', #5593, 1000.000000000000000 ) ;
#5570 = VECTOR ( 'NONE', #5595, 1000.000000000000000 ) ;
#5571 = VECTOR ( 'NONE', #5597, 1000.000000000000000 ) ;
#5572 = VECTOR ( 'NONE', #5599, 1000.000000000000000 ) ;
#5573 = VECTOR ( 'NONE', #5601, 1000.000000000000000 ) ;
#5574 = VECTOR ( 'NONE', #5603, 1000.000000000000000 ) ;
#5575 = AXIS2_PLACEMENT_3D ( 'NONE', #5616, #5617, #5618 ) ;
#5576 = VECTOR ( 'NONE', #5605, 1000.000000000000000 ) ;
#5577 = PRESENTATION_LAYER_ASSIGNMENT (  '', '', ( #5469 ) ) ;
#5578 = VECTOR ( 'NONE', #5607, 1000.000000000000000 ) ;
#5579 = MECHANICAL_DESIGN_GEOMETRIC_PRESENTATION_REPRESENTATION (  '', ( #5469 ), #4787 ) ;
#5580 = PRESENTATION_LAYER_ASSIGNMENT (  '', '', ( #5477 ) ) ;
#5581 = AXIS2_PLACEMENT_3D ( 'NONE', #5627, #5628, #5629 ) ;
#5582 = PRESENTATION_LAYER_ASSIGNMENT (  '', '', ( #5472 ) ) ;
#5583 = MECHANICAL_DESIGN_GEOMETRIC_PRESENTATION_REPRESENTATION (  '', ( #5472 ), #4788 ) ;
#5584 = CARTESIAN_POINT ( 'NONE',  ( -4.225000000000014700, 1.750000000000000000, 7.650000000000002100 ) ) ;
#5585 = DIRECTION ( 'NONE',  ( -0.0000000000000000000, -1.000000000000000000, -0.0000000000000000000 ) ) ;
#5586 = CARTESIAN_POINT ( 'NONE',  ( -3.887809820762723000, 2.940331254660906200, 7.312809820762728600 ) ) ;
#5587 = DIRECTION ( 'NONE',  ( 0.6785983445458490000, -0.2810846377148194500, -0.6785983445458454400 ) ) ;
#5588 = CARTESIAN_POINT ( 'NONE',  ( -2.800000000000000700, 2.029999999999998900, 7.150000000000000400 ) ) ;
#5589 = DIRECTION ( 'NONE',  ( -1.363776317591829800E-016, 1.000000000000000000, 0.0000000000000000000 ) ) ;
#5590 = CARTESIAN_POINT ( 'NONE',  ( -2.800000000000000700, 2.029999999999998900, 7.650000000000002100 ) ) ;
#5591 = DIRECTION ( 'NONE',  ( -0.0000000000000000000, -0.0000000000000000000, -1.000000000000000000 ) ) ;
#5592 = CARTESIAN_POINT ( 'NONE',  ( 2.799999999999999400, -1.150000000000001200, 7.150000000000000400 ) ) ;
#5593 = DIRECTION ( 'NONE',  ( 1.363776317591829800E-016, -1.000000000000000000, 0.0000000000000000000 ) ) ;
#5594 = CARTESIAN_POINT ( 'NONE',  ( 2.799999999999998900, 2.029999999999998900, 7.650000000000002100 ) ) ;
#5595 = DIRECTION ( 'NONE',  ( -0.0000000000000000000, -0.0000000000000000000, -1.000000000000000000 ) ) ;
#5596 = CARTESIAN_POINT ( 'NONE',  ( 1.625000000000000200, 2.029999999999998900, 7.650000000000002100 ) ) ;
#5597 = DIRECTION ( 'NONE',  ( -0.0000000000000000000, 0.0000000000000000000, 1.000000000000000000 ) ) ;
#5598 = CARTESIAN_POINT ( 'NONE',  ( -2.800000000000000700, 2.029999999999998900, 4.964232448991861400 ) ) ;
#5599 = DIRECTION ( 'NONE',  ( -1.000000000000000000, 0.0000000000000000000, 0.0000000000000000000 ) ) ;
#5600 = CARTESIAN_POINT ( 'NONE',  ( -2.800000000000000700, 2.029999999999998900, 5.413532459412496500 ) ) ;
#5601 = DIRECTION ( 'NONE',  ( 1.000000000000000000, 0.0000000000000000000, 0.0000000000000000000 ) ) ;
#5602 = CARTESIAN_POINT ( 'NONE',  ( -0.8750000000000001100, 2.029999999999998900, 7.650000000000002100 ) ) ;
#5603 = DIRECTION ( 'NONE',  ( -0.0000000000000000000, 0.0000000000000000000, 1.000000000000000000 ) ) ;
#5604 = CARTESIAN_POINT ( 'NONE',  ( 0.8749999999999998900, 2.029999999999998900, 7.650000000000002100 ) ) ;
#5605 = DIRECTION ( 'NONE',  ( -0.0000000000000000000, 0.0000000000000000000, 1.000000000000000000 ) ) ;
#5606 = CARTESIAN_POINT ( 'NONE',  ( -2.800000000000000700, 2.029999999999998900, 4.964232448991861400 ) ) ;
#5607 = DIRECTION ( 'NONE',  ( -1.000000000000000000, 0.0000000000000000000, 0.0000000000000000000 ) ) ;
#5608 = FILL_AREA_STYLE_COLOUR ( '', #4786 ) ;
#5609 = FILL_AREA_STYLE ('',( #5608 ) ) ;
#5610 = SURFACE_SIDE_STYLE ('',( #5467 ) ) ;
#5611 = SURFACE_STYLE_USAGE ( .BOTH. , #5610 ) ;
#5612 =( LENGTH_UNIT ( ) NAMED_UNIT ( * ) SI_UNIT ( .MILLI., .METRE. ) );
#5613 =( NAMED_UNIT ( * ) PLANE_ANGLE_UNIT ( ) SI_UNIT ( $, .RADIAN. ) );
#5614 =( NAMED_UNIT ( * ) SI_UNIT ( $, .STERADIAN. ) SOLID_ANGLE_UNIT ( ) );
#5615 = PLANE ( 'NONE',  #5575 ) ;
#5616 = CARTESIAN_POINT ( 'NONE',  ( 6.000000000000001800, 5.250000000000000900, 8.150000000000000400 ) ) ;
#5617 = DIRECTION ( 'NONE',  ( -1.000000000000000000, 0.0000000000000000000, 0.0000000000000000000 ) ) ;
#5618 = DIRECTION ( 'NONE',  ( 0.0000000000000000000, 0.0000000000000000000, 1.000000000000000000 ) ) ;
#5619 = FILL_AREA_STYLE_COLOUR ( '', #4789 ) ;
#5620 = FILL_AREA_STYLE ('',( #5619 ) ) ;
#5621 = SURFACE_SIDE_STYLE ('',( #5470 ) ) ;
#5622 = SURFACE_STYLE_USAGE ( .BOTH. , #5621 ) ;
#5623 =( LENGTH_UNIT ( ) NAMED_UNIT ( * ) SI_UNIT ( .MILLI., .METRE. ) );
#5624 =( NAMED_UNIT ( * ) PLANE_ANGLE_UNIT ( ) SI_UNIT ( $, .RADIAN. ) );
#5625 =( NAMED_UNIT ( * ) SI_UNIT ( $, .STERADIAN. ) SOLID_ANGLE_UNIT ( ) );
#5626 = PLANE ( 'NONE',  #5581 ) ;
#5627 = CARTESIAN_POINT ( 'NONE',  ( -5.999999999999998200, 5.250000000000000900, 8.150000000000000400 ) ) ;
#5628 = DIRECTION ( 'NONE',  ( 0.0000000000000000000, -1.000000000000000000, 0.0000000000000000000 ) ) ;
#5629 = DIRECTION ( 'NONE',  ( 0.0000000000000000000, -0.0000000000000000000, -1.000000000000000000 ) ) ;
#5630 = FILL_AREA_STYLE_COLOUR ( '', #4791 ) ;
#5631 = FILL_AREA_STYLE ('',( #5630 ) ) ;
#5632 = SURFACE_SIDE_STYLE ('',( #5475 ) ) ;
#5633 = SURFACE_STYLE_USAGE ( .BOTH. , #5632 ) ;
#5634 =( LENGTH_UNIT ( ) NAMED_UNIT ( * ) SI_UNIT ( .MILLI., .METRE. ) );
#5635 =( NAMED_UNIT ( * ) PLANE_ANGLE_UNIT ( ) SI_UNIT ( $, .RADIAN. ) );
#5636 =( NAMED_UNIT ( * ) SI_UNIT ( $, .STERADIAN. ) SOLID_ANGLE_UNIT ( ) );
#5637 = PLANE ( 'NONE',  #5723 ) ;
#5638 = CARTESIAN_POINT ( 'NONE',  ( -5.999999999999997300, -5.249999999999999100, 8.150000000000000400 ) ) ;
#5639 = DIRECTION ( 'NONE',  ( -0.0000000000000000000, 0.0000000000000000000, 1.000000000000000000 ) ) ;
#5640 = DIRECTION ( 'NONE',  ( 1.000000000000000000, 0.0000000000000000000, 0.0000000000000000000 ) ) ;
#5641 = FILL_AREA_STYLE_COLOUR ( '', #4793 ) ;
#5642 = FILL_AREA_STYLE ('',( #5641 ) ) ;
#5643 = SURFACE_SIDE_STYLE ('',( #5479 ) ) ;
#5644 = SURFACE_STYLE_USAGE ( .BOTH. , #5643 ) ;
#5645 =( LENGTH_UNIT ( ) NAMED_UNIT ( * ) SI_UNIT ( .MILLI., .METRE. ) );
#5646 =( NAMED_UNIT ( * ) PLANE_ANGLE_UNIT ( ) SI_UNIT ( $, .RADIAN. ) );
#5647 =( NAMED_UNIT ( * ) SI_UNIT ( $, .STERADIAN. ) SOLID_ANGLE_UNIT ( ) );
#5648 = PLANE ( 'NONE',  #5553 ) ;
#5649 = CARTESIAN_POINT ( 'NONE',  ( -5.999999999999997300, -5.249999999999999100, -8.150000000000000400 ) ) ;
#5650 = DIRECTION ( 'NONE',  ( -0.0000000000000000000, 0.0000000000000000000, 1.000000000000000000 ) ) ;
#5651 = DIRECTION ( 'NONE',  ( 1.000000000000000000, 0.0000000000000000000, 0.0000000000000000000 ) ) ;
#5652 = FILL_AREA_STYLE_COLOUR ( '', #4795 ) ;
#5653 = FILL_AREA_STYLE ('',( #5652 ) ) ;
#5654 = SURFACE_SIDE_STYLE ('',( #5483 ) ) ;
#5655 = SURFACE_STYLE_USAGE ( .BOTH. , #5654 ) ;
#5656 =( LENGTH_UNIT ( ) NAMED_UNIT ( * ) SI_UNIT ( .MILLI., .METRE. ) );
#5657 =( NAMED_UNIT ( * ) PLANE_ANGLE_UNIT ( ) SI_UNIT ( $, .RADIAN. ) );
#5658 =( NAMED_UNIT ( * ) SI_UNIT ( $, .STERADIAN. ) SOLID_ANGLE_UNIT ( ) );
#5659 = PLANE ( 'NONE',  #5729 ) ;
#5660 = CARTESIAN_POINT ( 'NONE',  ( 2.975000000000000100, 4.330000000000001000, -0.8499999999999983100 ) ) ;
#5661 = DIRECTION ( 'NONE',  ( -2.915501640297155300E-016, 1.000000000000000000, 0.0000000000000000000 ) ) ;
#5662 = DIRECTION ( 'NONE',  ( -1.000000000000000000, -2.915501640297155300E-016, 0.0000000000000000000 ) ) ;
#5663 = FILL_AREA_STYLE_COLOUR ( '', #4797 ) ;
#5664 = FILL_AREA_STYLE ('',( #5663 ) ) ;
#5665 = SURFACE_SIDE_STYLE ('',( #5487 ) ) ;
#5666 = SURFACE_STYLE_USAGE ( .BOTH. , #5665 ) ;
#5667 =( LENGTH_UNIT ( ) NAMED_UNIT ( * ) SI_UNIT ( .MILLI., .METRE. ) );
#5668 =( NAMED_UNIT ( * ) PLANE_ANGLE_UNIT ( ) SI_UNIT ( $, .RADIAN. ) );
#5669 =( NAMED_UNIT ( * ) SI_UNIT ( $, .STERADIAN. ) SOLID_ANGLE_UNIT ( ) );
#5670 = PLANE ( 'NONE',  #5732 ) ;
#5671 = CARTESIAN_POINT ( 'NONE',  ( 4.225000000000001400, 3.080000000000000100, -0.8499999999999983100 ) ) ;
#5672 = DIRECTION ( 'NONE',  ( 0.7071067811865475700, 0.7071067811865475700, 0.0000000000000000000 ) ) ;
#5673 = DIRECTION ( 'NONE',  ( -0.7071067811865474600, 0.7071067811865474600, 0.0000000000000000000 ) ) ;
#5674 = FILL_AREA_STYLE_COLOUR ( '', #4799 ) ;
#5675 = FILL_AREA_STYLE ('',( #5674 ) ) ;
#5676 = SURFACE_SIDE_STYLE ('',( #5491 ) ) ;
#5677 = SURFACE_STYLE_USAGE ( .BOTH. , #5676 ) ;
#5678 =( LENGTH_UNIT ( ) NAMED_UNIT ( * ) SI_UNIT ( .MILLI., .METRE. ) );
#5679 =( NAMED_UNIT ( * ) PLANE_ANGLE_UNIT ( ) SI_UNIT ( $, .RADIAN. ) );
#5680 =( NAMED_UNIT ( * ) SI_UNIT ( $, .STERADIAN. ) SOLID_ANGLE_UNIT ( ) );
#5681 = CARTESIAN_POINT ( 'NONE',  ( 3.725000000000000500, -2.950000000000000200, -0.8499999999999983100 ) ) ;
#5682 = DIRECTION ( 'NONE',  ( -0.0000000000000000000, -0.0000000000000000000, 1.000000000000000000 ) ) ;
#5683 = DIRECTION ( 'NONE',  ( 1.000000000000000000, 0.0000000000000000000, 0.0000000000000000000 ) ) ;
#5684 = FILL_AREA_STYLE_COLOUR ( '', #4801 ) ;
#5685 = FILL_AREA_STYLE ('',( #5684 ) ) ;
#5686 = SURFACE_SIDE_STYLE ('',( #5757 ) ) ;
#5687 = SURFACE_STYLE_USAGE ( .BOTH. , #5686 ) ;
#5688 =( LENGTH_UNIT ( ) NAMED_UNIT ( * ) SI_UNIT ( .MILLI., .METRE. ) );
#5689 =( NAMED_UNIT ( * ) PLANE_ANGLE_UNIT ( ) SI_UNIT ( $, .RADIAN. ) );
#5690 =( NAMED_UNIT ( * ) SI_UNIT ( $, .STERADIAN. ) SOLID_ANGLE_UNIT ( ) );
#5691 = PLANE ( 'NONE',  #5739 ) ;
#5692 = CARTESIAN_POINT ( 'NONE',  ( 3.725000000000000500, -3.450000000000000200, -0.8499999999999983100 ) ) ;
#5693 = DIRECTION ( 'NONE',  ( 1.164243943608595400E-016, -1.000000000000000000, 0.0000000000000000000 ) ) ;
#5694 = DIRECTION ( 'NONE',  ( 1.000000000000000000, 1.164243943608595400E-016, 0.0000000000000000000 ) ) ;
#5695 = FILL_AREA_STYLE_COLOUR ( '', #4803 ) ;
#5696 = FILL_AREA_STYLE ('',( #5695 ) ) ;
#5697 = SURFACE_SIDE_STYLE ('',( #5761 ) ) ;
#5698 = SURFACE_STYLE_USAGE ( .BOTH. , #5697 ) ;
#5699 =( LENGTH_UNIT ( ) NAMED_UNIT ( * ) SI_UNIT ( .MILLI., .METRE. ) );
#5700 =( NAMED_UNIT ( * ) PLANE_ANGLE_UNIT ( ) SI_UNIT ( $, .RADIAN. ) );
#5701 =( NAMED_UNIT ( * ) SI_UNIT ( $, .STERADIAN. ) SOLID_ANGLE_UNIT ( ) );
#5702 = CARTESIAN_POINT ( 'NONE',  ( -3.724999999999998800, -2.950000000000001100, -0.8499999999999983100 ) ) ;
#5703 = DIRECTION ( 'NONE',  ( -0.0000000000000000000, -0.0000000000000000000, 1.000000000000000000 ) ) ;
#5704 = DIRECTION ( 'NONE',  ( 1.000000000000000000, 0.0000000000000000000, 0.0000000000000000000 ) ) ;
#5705 = FILL_AREA_STYLE_COLOUR ( '', #4805 ) ;
#5706 = FILL_AREA_STYLE ('',( #5705 ) ) ;
#5707 = SURFACE_SIDE_STYLE ('',( #5766 ) ) ;
#5708 = SURFACE_STYLE_USAGE ( .BOTH. , #5707 ) ;
#5709 =( LENGTH_UNIT ( ) NAMED_UNIT ( * ) SI_UNIT ( .MILLI., .METRE. ) );
#5710 =( NAMED_UNIT ( * ) PLANE_ANGLE_UNIT ( ) SI_UNIT ( $, .RADIAN. ) );
#5711 =( NAMED_UNIT ( * ) SI_UNIT ( $, .STERADIAN. ) SOLID_ANGLE_UNIT ( ) );
#5712 = PLANE ( 'NONE',  #5745 ) ;
#5713 = CARTESIAN_POINT ( 'NONE',  ( -4.224999999999998800, -2.950000000000001100, -0.8499999999999983100 ) ) ;
#5714 = DIRECTION ( 'NONE',  ( -1.000000000000000000, 0.0000000000000000000, 0.0000000000000000000 ) ) ;
#5715 = DIRECTION ( 'NONE',  ( 0.0000000000000000000, 0.0000000000000000000, 1.000000000000000000 ) ) ;
#5716 = FILL_AREA_STYLE_COLOUR ( '', #4807 ) ;
#5717 = FILL_AREA_STYLE ('',( #5716 ) ) ;
#5718 = SURFACE_SIDE_STYLE ('',( #5770 ) ) ;
#5719 = SURFACE_STYLE_USAGE ( .BOTH. , #5718 ) ;
#5720 =( LENGTH_UNIT ( ) NAMED_UNIT ( * ) SI_UNIT ( .MILLI., .METRE. ) );
#5721 =( NAMED_UNIT ( * ) PLANE_ANGLE_UNIT ( ) SI_UNIT ( $, .RADIAN. ) );
#5722 =( NAMED_UNIT ( * ) SI_UNIT ( $, .STERADIAN. ) SOLID_ANGLE_UNIT ( ) );
#5723 = AXIS2_PLACEMENT_3D ( 'NONE', #5638, #5639, #5640 ) ;
#5724 = MECHANICAL_DESIGN_GEOMETRIC_PRESENTATION_REPRESENTATION (  '', ( #5477 ), #4790 ) ;
#5725 = AXIS2_PLACEMENT_3D ( 'NONE', #5818, #5819, #5820 ) ;
#5726 = PRESENTATION_LAYER_ASSIGNMENT (  '', '', ( #5788 ) ) ;
#5727 = PRESENTATION_LAYER_ASSIGNMENT (  '', '', ( #5481 ) ) ;
#5728 = MECHANICAL_DESIGN_GEOMETRIC_PRESENTATION_REPRESENTATION (  '', ( #5481 ), #4792 ) ;
#5729 = AXIS2_PLACEMENT_3D ( 'NONE', #5660, #5661, #5662 ) ;
#5730 = PRESENTATION_LAYER_ASSIGNMENT (  '', '', ( #5485 ) ) ;
#5731 = MECHANICAL_DESIGN_GEOMETRIC_PRESENTATION_REPRESENTATION (  '', ( #5485 ), #4794 ) ;
#5732 = AXIS2_PLACEMENT_3D ( 'NONE', #5671, #5672, #5673 ) ;
#5733 = PRESENTATION_LAYER_ASSIGNMENT (  '', '', ( #5489 ) ) ;
#5734 = MECHANICAL_DESIGN_GEOMETRIC_PRESENTATION_REPRESENTATION (  '', ( #5489 ), #4796 ) ;
#5735 = AXIS2_PLACEMENT_3D ( 'NONE', #5851, #5852, #5853 ) ;
#5736 = AXIS2_PLACEMENT_3D ( 'NONE', #5681, #5682, #5683 ) ;
#5737 = PRESENTATION_LAYER_ASSIGNMENT (  '', '', ( #5493 ) ) ;
#5738 = MECHANICAL_DESIGN_GEOMETRIC_PRESENTATION_REPRESENTATION (  '', ( #5493 ), #4798 ) ;
#5739 = AXIS2_PLACEMENT_3D ( 'NONE', #5692, #5693, #5694 ) ;
#5740 = PRESENTATION_LAYER_ASSIGNMENT (  '', '', ( #5759 ) ) ;
#5741 = MECHANICAL_DESIGN_GEOMETRIC_PRESENTATION_REPRESENTATION (  '', ( #5759 ), #4800 ) ;
#5742 = AXIS2_PLACEMENT_3D ( 'NONE', #5702, #5703, #5704 ) ;
#5743 = PRESENTATION_LAYER_ASSIGNMENT (  '', '', ( #5763 ) ) ;
#5744 = MECHANICAL_DESIGN_GEOMETRIC_PRESENTATION_REPRESENTATION (  '', ( #5763 ), #4802 ) ;
#5745 = AXIS2_PLACEMENT_3D ( 'NONE', #5713, #5714, #5715 ) ;
#5746 = PRESENTATION_LAYER_ASSIGNMENT (  '', '', ( #5768 ) ) ;
#5747 = MECHANICAL_DESIGN_GEOMETRIC_PRESENTATION_REPRESENTATION (  '', ( #5768 ), #4804 ) ;
#5748 = AXIS2_PLACEMENT_3D ( 'NONE', #5808, #5809, #5810 ) ;
#5749 = PRESENTATION_LAYER_ASSIGNMENT (  '', '', ( #5772 ) ) ;
#5750 = MECHANICAL_DESIGN_GEOMETRIC_PRESENTATION_REPRESENTATION (  '', ( #5772 ), #4806 ) ;
#5751 = CONICAL_SURFACE ( 'NONE', #5725, 0.5000000000000000000, 0.7853981633974509400 ) ;
#5752 = PRESENTATION_LAYER_ASSIGNMENT (  '', '', ( #5776 ) ) ;
#5753 = MECHANICAL_DESIGN_GEOMETRIC_PRESENTATION_REPRESENTATION (  '', ( #5776 ), #4808 ) ;
#5754 = AXIS2_PLACEMENT_3D ( 'NONE', #5829, #5830, #5831 ) ;
#5755 = CYLINDRICAL_SURFACE ( 'NONE', #5736, 0.5000000000000000000 ) ;
#5756 = FACE_OUTER_BOUND ( 'NONE', #3519, .T. ) ;
#5757 = SURFACE_STYLE_FILL_AREA ( #5685 ) ;
#5758 = PRESENTATION_STYLE_ASSIGNMENT (( #5687 ) ) ;
#5759 = STYLED_ITEM ( 'NONE', ( #5758 ), #3246 ) ;
#5760 = FACE_OUTER_BOUND ( 'NONE', #3520, .T. ) ;
#5761 = SURFACE_STYLE_FILL_AREA ( #5696 ) ;
#5762 = PRESENTATION_STYLE_ASSIGNMENT (( #5698 ) ) ;
#5763 = STYLED_ITEM ( 'NONE', ( #5762 ), #3247 ) ;
#5764 = CYLINDRICAL_SURFACE ( 'NONE', #5742, 0.5000000000000000000 ) ;
#5765 = FACE_OUTER_BOUND ( 'NONE', #3493, .T. ) ;
#5766 = SURFACE_STYLE_FILL_AREA ( #5706 ) ;
#5767 = PRESENTATION_STYLE_ASSIGNMENT (( #5708 ) ) ;
#5768 = STYLED_ITEM ( 'NONE', ( #5767 ), #3248 ) ;
#5769 = FACE_OUTER_BOUND ( 'NONE', #3492, .T. ) ;
#5770 = SURFACE_STYLE_FILL_AREA ( #5717 ) ;
#5771 = PRESENTATION_STYLE_ASSIGNMENT (( #5719 ) ) ;
#5772 = STYLED_ITEM ( 'NONE', ( #5771 ), #3249 ) ;
#5773 = FACE_OUTER_BOUND ( 'NONE', #3496, .T. ) ;
#5774 = SURFACE_STYLE_FILL_AREA ( #5812 ) ;
#5775 = PRESENTATION_STYLE_ASSIGNMENT (( #5814 ) ) ;
#5776 = STYLED_ITEM ( 'NONE', ( #5775 ), #3250 ) ;
#5777 = FACE_OUTER_BOUND ( 'NONE', #3495, .T. ) ;
#5778 = SURFACE_STYLE_FILL_AREA ( #5822 ) ;
#5779 = PRESENTATION_STYLE_ASSIGNMENT (( #5824 ) ) ;
#5780 = STYLED_ITEM ( 'NONE', ( #5779 ), #3251 ) ;
#5781 = FACE_OUTER_BOUND ( 'NONE', #3547, .T. ) ;
#5782 = SURFACE_STYLE_FILL_AREA ( #5833 ) ;
#5783 = PRESENTATION_STYLE_ASSIGNMENT (( #5835 ) ) ;
#5784 = STYLED_ITEM ( 'NONE', ( #5783 ), #3252 ) ;
#5785 = FACE_OUTER_BOUND ( 'NONE', #3546, .T. ) ;
#5786 = SURFACE_STYLE_FILL_AREA ( #5844 ) ;
#5787 = PRESENTATION_STYLE_ASSIGNMENT (( #5846 ) ) ;
#5788 = STYLED_ITEM ( 'NONE', ( #5787 ), #3253 ) ;
#5789 = FACE_OUTER_BOUND ( 'NONE', #3549, .T. ) ;
#5790 = SURFACE_STYLE_FILL_AREA ( #5855 ) ;
#5791 = PRESENTATION_STYLE_ASSIGNMENT (( #5857 ) ) ;
#5792 = STYLED_ITEM ( 'NONE', ( #5791 ), #3254 ) ;
#5793 = FACE_OUTER_BOUND ( 'NONE', #3545, .T. ) ;
#5794 = SURFACE_STYLE_FILL_AREA ( #5865 ) ;
#5795 = PRESENTATION_STYLE_ASSIGNMENT (( #5867 ) ) ;
#5796 = STYLED_ITEM ( 'NONE', ( #5795 ), #3255 ) ;
#5797 = FACE_OUTER_BOUND ( 'NONE', #3535, .T. ) ;
#5798 = SURFACE_STYLE_FILL_AREA ( #5876 ) ;
#5799 = PRESENTATION_STYLE_ASSIGNMENT (( #5878 ) ) ;
#5800 = STYLED_ITEM ( 'NONE', ( #5799 ), #3256 ) ;
#5801 = FACE_OUTER_BOUND ( 'NONE', #3557, .T. ) ;
#5802 = SURFACE_STYLE_FILL_AREA ( #5887 ) ;
#5803 = PRESENTATION_STYLE_ASSIGNMENT (( #5889 ) ) ;
#5804 = STYLED_ITEM ( 'NONE', ( #5803 ), #3257 ) ;
#5805 = PRODUCT_DEFINITION_CONTEXT ( 'detailed design', #3176, 'design' ) ;
#5806 = PRODUCT_DEFINITION_SHAPE ( 'NONE', 'NONE',  #3033 ) ;
#5807 = PLANE ( 'NONE',  #5748 ) ;
#5808 = CARTESIAN_POINT ( 'NONE',  ( -2.974999999999998300, 4.330000000000000100, -0.8499999999999983100 ) ) ;
#5809 = DIRECTION ( 'NONE',  ( -0.7071067811865475700, 0.7071067811865475700, 0.0000000000000000000 ) ) ;
#5810 = DIRECTION ( 'NONE',  ( -0.7071067811865474600, -0.7071067811865474600, 0.0000000000000000000 ) ) ;
#5811 = FILL_AREA_STYLE_COLOUR ( '', #4809 ) ;
#5812 = FILL_AREA_STYLE ('',( #5811 ) ) ;
#5813 = SURFACE_SIDE_STYLE ('',( #5774 ) ) ;
#5814 = SURFACE_STYLE_USAGE ( .BOTH. , #5813 ) ;
#5815 =( LENGTH_UNIT ( ) NAMED_UNIT ( * ) SI_UNIT ( .MILLI., .METRE. ) );
#5816 =( NAMED_UNIT ( * ) PLANE_ANGLE_UNIT ( ) SI_UNIT ( $, .RADIAN. ) );
#5817 =( NAMED_UNIT ( * ) SI_UNIT ( $, .STERADIAN. ) SOLID_ANGLE_UNIT ( ) );
#5818 = CARTESIAN_POINT ( 'NONE',  ( 3.725000000000000500, -2.950000000000000200, 7.650000000000002100 ) ) ;
#5819 = DIRECTION ( 'NONE',  ( 0.0000000000000000000, 0.0000000000000000000, 1.000000000000000000 ) ) ;
#5820 = DIRECTION ( 'NONE',  ( 1.000000000000000000, 0.0000000000000000000, 0.0000000000000000000 ) ) ;
#5821 = FILL_AREA_STYLE_COLOUR ( '', #4811 ) ;
#5822 = FILL_AREA_STYLE ('',( #5821 ) ) ;
#5823 = SURFACE_SIDE_STYLE ('',( #5778 ) ) ;
#5824 = SURFACE_STYLE_USAGE ( .BOTH. , #5823 ) ;
#5825 =( LENGTH_UNIT ( ) NAMED_UNIT ( * ) SI_UNIT ( .MILLI., .METRE. ) );
#5826 =( NAMED_UNIT ( * ) PLANE_ANGLE_UNIT ( ) SI_UNIT ( $, .RADIAN. ) );
#5827 =( NAMED_UNIT ( * ) SI_UNIT ( $, .STERADIAN. ) SOLID_ANGLE_UNIT ( ) );
#5828 = PLANE ( 'NONE',  #5754 ) ;
#5829 = CARTESIAN_POINT ( 'NONE',  ( 4.225000000000000500, -2.950000000000000200, 7.650000000000002100 ) ) ;
#5830 = DIRECTION ( 'NONE',  ( -0.7071067811865461300, 1.017110060818156200E-016, 0.7071067811865490200 ) ) ;
#5831 = DIRECTION ( 'NONE',  ( 0.7071067811865489100, 0.0000000000000000000, 0.7071067811865460200 ) ) ;
#5832 = FILL_AREA_STYLE_COLOUR ( '', #4813 ) ;
#5833 = FILL_AREA_STYLE ('',( #5832 ) ) ;
#5834 = SURFACE_SIDE_STYLE ('',( #5782 ) ) ;
#5835 = SURFACE_STYLE_USAGE ( .BOTH. , #5834 ) ;
#5836 =( LENGTH_UNIT ( ) NAMED_UNIT ( * ) SI_UNIT ( .MILLI., .METRE. ) );
#5837 =( NAMED_UNIT ( * ) PLANE_ANGLE_UNIT ( ) SI_UNIT ( $, .RADIAN. ) );
#5838 =( NAMED_UNIT ( * ) SI_UNIT ( $, .STERADIAN. ) SOLID_ANGLE_UNIT ( ) );
#5839 = PLANE ( 'NONE',  #5949 ) ;
#5840 = CARTESIAN_POINT ( 'NONE',  ( 3.725000000000000500, -3.450000000000000200, 7.650000000000002100 ) ) ;
#5841 = DIRECTION ( 'NONE',  ( -8.232447874810040500E-017, 0.7071067811865455700, 0.7071067811865495700 ) ) ;
#5842 = DIRECTION ( 'NONE',  ( 0.0000000000000000000, -0.7071067811865495700, 0.7071067811865455700 ) ) ;
#5843 = FILL_AREA_STYLE_COLOUR ( '', #4815 ) ;
#5844 = FILL_AREA_STYLE ('',( #5843 ) ) ;
#5845 = SURFACE_SIDE_STYLE ('',( #5786 ) ) ;
#5846 = SURFACE_STYLE_USAGE ( .BOTH. , #5845 ) ;
#5847 =( LENGTH_UNIT ( ) NAMED_UNIT ( * ) SI_UNIT ( .MILLI., .METRE. ) );
#5848 =( NAMED_UNIT ( * ) PLANE_ANGLE_UNIT ( ) SI_UNIT ( $, .RADIAN. ) );
#5849 =( NAMED_UNIT ( * ) SI_UNIT ( $, .STERADIAN. ) SOLID_ANGLE_UNIT ( ) );
#5850 = PLANE ( 'NONE',  #5735 ) ;
#5851 = CARTESIAN_POINT ( 'NONE',  ( 4.225000000000001400, 3.080000000000000100, 7.650000000000002100 ) ) ;
#5852 = DIRECTION ( 'NONE',  ( -0.4999999999999991100, -0.4999999999999991100, 0.7071067811865487900 ) ) ;
#5853 = DIRECTION ( 'NONE',  ( 0.8164965809277270300, 0.0000000000000000000, 0.5773502691896244000 ) ) ;
#5854 = FILL_AREA_STYLE_COLOUR ( '', #4817 ) ;
#5855 = FILL_AREA_STYLE ('',( #5854 ) ) ;
#5856 = SURFACE_SIDE_STYLE ('',( #5790 ) ) ;
#5857 = SURFACE_STYLE_USAGE ( .BOTH. , #5856 ) ;
#5858 =( LENGTH_UNIT ( ) NAMED_UNIT ( * ) SI_UNIT ( .MILLI., .METRE. ) );
#5859 =( NAMED_UNIT ( * ) PLANE_ANGLE_UNIT ( ) SI_UNIT ( $, .RADIAN. ) );
#5860 =( NAMED_UNIT ( * ) SI_UNIT ( $, .STERADIAN. ) SOLID_ANGLE_UNIT ( ) );
#5861 = CARTESIAN_POINT ( 'NONE',  ( -3.724999999999998800, -2.950000000000001100, 7.650000000000002100 ) ) ;
#5862 = DIRECTION ( 'NONE',  ( 0.0000000000000000000, 0.0000000000000000000, 1.000000000000000000 ) ) ;
#5863 = DIRECTION ( 'NONE',  ( 1.000000000000000000, 0.0000000000000000000, 0.0000000000000000000 ) ) ;
#5864 = FILL_AREA_STYLE_COLOUR ( '', #4819 ) ;
#5865 = FILL_AREA_STYLE ('',( #5864 ) ) ;
#5866 = SURFACE_SIDE_STYLE ('',( #5794 ) ) ;
#5867 = SURFACE_STYLE_USAGE ( .BOTH. , #5866 ) ;
#5868 =( LENGTH_UNIT ( ) NAMED_UNIT ( * ) SI_UNIT ( .MILLI., .METRE. ) );
#5869 =( NAMED_UNIT ( * ) PLANE_ANGLE_UNIT ( ) SI_UNIT ( $, .RADIAN. ) );
#5870 =( NAMED_UNIT ( * ) SI_UNIT ( $, .STERADIAN. ) SOLID_ANGLE_UNIT ( ) );
#5871 = PLANE ( 'NONE',  #5959 ) ;
#5872 = CARTESIAN_POINT ( 'NONE',  ( 2.975000000000000100, 4.330000000000001000, 7.650000000000002100 ) ) ;
#5873 = DIRECTION ( 'NONE',  ( 2.061570980414617600E-016, -0.7071067811865462400, 0.7071067811865489100 ) ) ;
#5874 = DIRECTION ( 'NONE',  ( 0.0000000000000000000, -0.7071067811865489100, -0.7071067811865462400 ) ) ;
#5875 = FILL_AREA_STYLE_COLOUR ( '', #4821 ) ;
#5876 = FILL_AREA_STYLE ('',( #5875 ) ) ;
#5877 = SURFACE_SIDE_STYLE ('',( #5798 ) ) ;
#5878 = SURFACE_STYLE_USAGE ( .BOTH. , #5877 ) ;
#5879 =( LENGTH_UNIT ( ) NAMED_UNIT ( * ) SI_UNIT ( .MILLI., .METRE. ) );
#5880 =( NAMED_UNIT ( * ) PLANE_ANGLE_UNIT ( ) SI_UNIT ( $, .RADIAN. ) );
#5881 =( NAMED_UNIT ( * ) SI_UNIT ( $, .STERADIAN. ) SOLID_ANGLE_UNIT ( ) );
#5882 = PLANE ( 'NONE',  #5962 ) ;
#5883 = CARTESIAN_POINT ( 'NONE',  ( -4.224999999999998800, -2.950000000000001100, 7.650000000000002100 ) ) ;
#5884 = DIRECTION ( 'NONE',  ( 0.7071067811865456900, -0.0000000000000000000, 0.7071067811865493500 ) ) ;
#5885 = DIRECTION ( 'NONE',  ( 0.7071067811865493500, 0.0000000000000000000, -0.7071067811865456900 ) ) ;
#5886 = FILL_AREA_STYLE_COLOUR ( '', #4823 ) ;
#5887 = FILL_AREA_STYLE ('',( #5886 ) ) ;
#5888 = SURFACE_SIDE_STYLE ('',( #5802 ) ) ;
#5889 = SURFACE_STYLE_USAGE ( .BOTH. , #5888 ) ;
#5890 =( LENGTH_UNIT ( ) NAMED_UNIT ( * ) SI_UNIT ( .MILLI., .METRE. ) );
#5891 =( NAMED_UNIT ( * ) PLANE_ANGLE_UNIT ( ) SI_UNIT ( $, .RADIAN. ) );
#5892 =( NAMED_UNIT ( * ) SI_UNIT ( $, .STERADIAN. ) SOLID_ANGLE_UNIT ( ) );
#5893 = PLANE ( 'NONE',  #5966 ) ;
#5894 = CARTESIAN_POINT ( 'NONE',  ( -2.974999999999998300, 4.330000000000000100, 7.650000000000002100 ) ) ;
#5895 = DIRECTION ( 'NONE',  ( 0.4999999999999991100, -0.4999999999999992200, 0.7071067811865487900 ) ) ;
#5896 = DIRECTION ( 'NONE',  ( 0.8164965809277270300, 0.0000000000000000000, -0.5773502691896244000 ) ) ;
#5897 = FILL_AREA_STYLE_COLOUR ( '', #4825 ) ;
#5898 = FILL_AREA_STYLE ('',( #5897 ) ) ;
#5899 = SURFACE_SIDE_STYLE ('',( #5982 ) ) ;
#5900 = SURFACE_STYLE_USAGE ( .BOTH. , #5899 ) ;
#5901 =( LENGTH_UNIT ( ) NAMED_UNIT ( * ) SI_UNIT ( .MILLI., .METRE. ) );
#5902 =( NAMED_UNIT ( * ) PLANE_ANGLE_UNIT ( ) SI_UNIT ( $, .RADIAN. ) );
#5903 =( NAMED_UNIT ( * ) SI_UNIT ( $, .STERADIAN. ) SOLID_ANGLE_UNIT ( ) );
#5904 = PLANE ( 'NONE',  #5969 ) ;
#5905 = CARTESIAN_POINT ( 'NONE',  ( -2.800000000000000700, 2.029999999999998900, 7.650000000000002100 ) ) ;
#5906 = DIRECTION ( 'NONE',  ( 1.000000000000000000, 1.363776317591829800E-016, -0.0000000000000000000 ) ) ;
#5907 = DIRECTION ( 'NONE',  ( -1.363776317591829800E-016, 1.000000000000000000, 0.0000000000000000000 ) ) ;
#5908 = FILL_AREA_STYLE_COLOUR ( '', #4827 ) ;
#5909 = FILL_AREA_STYLE ('',( #5908 ) ) ;
#5910 = SURFACE_SIDE_STYLE ('',( #5986 ) ) ;
#5911 = SURFACE_STYLE_USAGE ( .BOTH. , #5910 ) ;
#5912 =( LENGTH_UNIT ( ) NAMED_UNIT ( * ) SI_UNIT ( .MILLI., .METRE. ) );
#5913 =( NAMED_UNIT ( * ) PLANE_ANGLE_UNIT ( ) SI_UNIT ( $, .RADIAN. ) );
#5914 =( NAMED_UNIT ( * ) SI_UNIT ( $, .STERADIAN. ) SOLID_ANGLE_UNIT ( ) );
#5915 = PLANE ( 'NONE',  #5972 ) ;
#5916 = CARTESIAN_POINT ( 'NONE',  ( 2.799999999999998900, 2.029999999999998900, 7.650000000000002100 ) ) ;
#5917 = DIRECTION ( 'NONE',  ( -1.000000000000000000, -1.363776317591829800E-016, 0.0000000000000000000 ) ) ;
#5918 = DIRECTION ( 'NONE',  ( 1.363776317591829800E-016, -1.000000000000000000, 0.0000000000000000000 ) ) ;
#5919 = FILL_AREA_STYLE_COLOUR ( '', #4829 ) ;
#5920 = FILL_AREA_STYLE ('',( #5919 ) ) ;
#5921 = SURFACE_SIDE_STYLE ('',( #5992 ) ) ;
#5922 = SURFACE_STYLE_USAGE ( .BOTH. , #5921 ) ;
#5923 =( LENGTH_UNIT ( ) NAMED_UNIT ( * ) SI_UNIT ( .MILLI., .METRE. ) );
#5924 =( NAMED_UNIT ( * ) PLANE_ANGLE_UNIT ( ) SI_UNIT ( $, .RADIAN. ) );
#5925 =( NAMED_UNIT ( * ) SI_UNIT ( $, .STERADIAN. ) SOLID_ANGLE_UNIT ( ) );
#5926 = PLANE ( 'NONE',  #5958 ) ;
#5927 = CARTESIAN_POINT ( 'NONE',  ( -2.800000000000000700, 2.029999999999998900, 7.650000000000002100 ) ) ;
#5928 = DIRECTION ( 'NONE',  ( 0.0000000000000000000, -1.000000000000000000, 0.0000000000000000000 ) ) ;
#5929 = DIRECTION ( 'NONE',  ( 0.0000000000000000000, -0.0000000000000000000, -1.000000000000000000 ) ) ;
#5930 = FILL_AREA_STYLE_COLOUR ( '', #4831 ) ;
#5931 = FILL_AREA_STYLE ('',( #5930 ) ) ;
#5932 = SURFACE_SIDE_STYLE ('',( #5996 ) ) ;
#5933 = SURFACE_STYLE_USAGE ( .BOTH. , #5932 ) ;
#5934 =( LENGTH_UNIT ( ) NAMED_UNIT ( * ) SI_UNIT ( .MILLI., .METRE. ) );
#5935 =( NAMED_UNIT ( * ) PLANE_ANGLE_UNIT ( ) SI_UNIT ( $, .RADIAN. ) );
#5936 =( NAMED_UNIT ( * ) SI_UNIT ( $, .STERADIAN. ) SOLID_ANGLE_UNIT ( ) );
#5937 = PLANE ( 'NONE',  #5978 ) ;
#5938 = CARTESIAN_POINT ( 'NONE',  ( -2.800000000000000300, -1.150000000000001200, 7.650000000000002100 ) ) ;
#5939 = DIRECTION ( 'NONE',  ( -0.0000000000000000000, 0.0000000000000000000, 1.000000000000000000 ) ) ;
#5940 = DIRECTION ( 'NONE',  ( 1.000000000000000000, 0.0000000000000000000, 0.0000000000000000000 ) ) ;
#5941 = FILL_AREA_STYLE_COLOUR ( '', #4833 ) ;
#5942 = FILL_AREA_STYLE ('',( #5941 ) ) ;
#5943 = SURFACE_SIDE_STYLE ('',( #6000 ) ) ;
#5944 = SURFACE_STYLE_USAGE ( .BOTH. , #5943 ) ;
#5945 =( LENGTH_UNIT ( ) NAMED_UNIT ( * ) SI_UNIT ( .MILLI., .METRE. ) );
#5946 =( NAMED_UNIT ( * ) PLANE_ANGLE_UNIT ( ) SI_UNIT ( $, .RADIAN. ) );
#5947 =( NAMED_UNIT ( * ) SI_UNIT ( $, .STERADIAN. ) SOLID_ANGLE_UNIT ( ) );
#5948 = PLANE ( 'NONE',  #6031 ) ;
#5949 = AXIS2_PLACEMENT_3D ( 'NONE', #5840, #5841, #5842 ) ;
#5950 = PRESENTATION_LAYER_ASSIGNMENT (  '', '', ( #5784 ) ) ;
#5951 = MECHANICAL_DESIGN_GEOMETRIC_PRESENTATION_REPRESENTATION (  '', ( #5784 ), #4812 ) ;
#5952 = AXIS2_PLACEMENT_3D ( 'NONE', #5861, #5862, #5863 ) ;
#5953 = PRESENTATION_LAYER_ASSIGNMENT (  '', '', ( #6218 ) ) ;
#5954 = MECHANICAL_DESIGN_GEOMETRIC_PRESENTATION_REPRESENTATION (  '', ( #5788 ), #4814 ) ;
#5955 = CONICAL_SURFACE ( 'NONE', #5952, 0.5000000000000000000, 0.7853981633974505000 ) ;
#5956 = PRESENTATION_LAYER_ASSIGNMENT (  '', '', ( #5792 ) ) ;
#5957 = MECHANICAL_DESIGN_GEOMETRIC_PRESENTATION_REPRESENTATION (  '', ( #5792 ), #4816 ) ;
#5958 = AXIS2_PLACEMENT_3D ( 'NONE', #5927, #5928, #5929 ) ;
#5959 = AXIS2_PLACEMENT_3D ( 'NONE', #5872, #5873, #5874 ) ;
#5960 = PRESENTATION_LAYER_ASSIGNMENT (  '', '', ( #5796 ) ) ;
#5961 = MECHANICAL_DESIGN_GEOMETRIC_PRESENTATION_REPRESENTATION (  '', ( #5796 ), #4818 ) ;
#5962 = AXIS2_PLACEMENT_3D ( 'NONE', #5883, #5884, #5885 ) ;
#5963 = PRESENTATION_LAYER_ASSIGNMENT (  '', '', ( #5800 ) ) ;
#5964 = MECHANICAL_DESIGN_GEOMETRIC_PRESENTATION_REPRESENTATION (  '', ( #5800 ), #4820 ) ;
#5965 = PRESENTATION_LAYER_ASSIGNMENT (  '', '', ( #5994 ) ) ;
#5966 = AXIS2_PLACEMENT_3D ( 'NONE', #5894, #5895, #5896 ) ;
#5967 = PRESENTATION_LAYER_ASSIGNMENT (  '', '', ( #5804 ) ) ;
#5968 = MECHANICAL_DESIGN_GEOMETRIC_PRESENTATION_REPRESENTATION (  '', ( #5804 ), #4822 ) ;
#5969 = AXIS2_PLACEMENT_3D ( 'NONE', #5905, #5906, #5907 ) ;
#5970 = PRESENTATION_LAYER_ASSIGNMENT (  '', '', ( #5984 ) ) ;
#5971 = MECHANICAL_DESIGN_GEOMETRIC_PRESENTATION_REPRESENTATION (  '', ( #5984 ), #4824 ) ;
#5972 = AXIS2_PLACEMENT_3D ( 'NONE', #5916, #5917, #5918 ) ;
#5973 = PRESENTATION_LAYER_ASSIGNMENT (  '', '', ( #5988 ) ) ;
#5974 = MECHANICAL_DESIGN_GEOMETRIC_PRESENTATION_REPRESENTATION (  '', ( #5988 ), #4826 ) ;
#5975 = PRESENTATION_LAYER_ASSIGNMENT (  '', '', ( #6006 ) ) ;
#5976 = AXIS2_PLACEMENT_3D ( 'NONE', #6073, #6074, #6075 ) ;
#5977 = MECHANICAL_DESIGN_GEOMETRIC_PRESENTATION_REPRESENTATION (  '', ( #5994 ), #4828 ) ;
#5978 = AXIS2_PLACEMENT_3D ( 'NONE', #5938, #5939, #5940 ) ;
#5979 = PRESENTATION_LAYER_ASSIGNMENT (  '', '', ( #5998 ) ) ;
#5980 = MECHANICAL_DESIGN_GEOMETRIC_PRESENTATION_REPRESENTATION (  '', ( #5998 ), #4830 ) ;
#5981 = FACE_OUTER_BOUND ( 'NONE', #3541, .T. ) ;
#5982 = SURFACE_STYLE_FILL_AREA ( #5898 ) ;
#5983 = PRESENTATION_STYLE_ASSIGNMENT (( #5900 ) ) ;
#5984 = STYLED_ITEM ( 'NONE', ( #5983 ), #3258 ) ;
#5985 = FACE_OUTER_BOUND ( 'NONE', #3544, .T. ) ;
#5986 = SURFACE_STYLE_FILL_AREA ( #5909 ) ;
#5987 = PRESENTATION_STYLE_ASSIGNMENT (( #5911 ) ) ;
#5988 = STYLED_ITEM ( 'NONE', ( #5987 ), #3259 ) ;
#5989 = FACE_BOUND ( 'NONE', #3548, .T. ) ;
#5990 = FACE_BOUND ( 'NONE', #3542, .T. ) ;
#5991 = FACE_OUTER_BOUND ( 'NONE', #3555, .T. ) ;
#5992 = SURFACE_STYLE_FILL_AREA ( #5920 ) ;
#5993 = PRESENTATION_STYLE_ASSIGNMENT (( #5922 ) ) ;
#5994 = STYLED_ITEM ( 'NONE', ( #5993 ), #3260 ) ;
#5995 = FACE_OUTER_BOUND ( 'NONE', #3556, .T. ) ;
#5996 = SURFACE_STYLE_FILL_AREA ( #5931 ) ;
#5997 = PRESENTATION_STYLE_ASSIGNMENT (( #5933 ) ) ;
#5998 = STYLED_ITEM ( 'NONE', ( #5997 ), #3261 ) ;
#5999 = FACE_OUTER_BOUND ( 'NONE', #3553, .T. ) ;
#6000 = SURFACE_STYLE_FILL_AREA ( #5942 ) ;
#6001 = PRESENTATION_STYLE_ASSIGNMENT (( #5944 ) ) ;
#6002 = STYLED_ITEM ( 'NONE', ( #6001 ), #3262 ) ;
#6003 = FACE_OUTER_BOUND ( 'NONE', #3552, .T. ) ;
#6004 = SURFACE_STYLE_FILL_AREA ( #6066 ) ;
#6005 = PRESENTATION_STYLE_ASSIGNMENT (( #6068 ) ) ;
#6006 = STYLED_ITEM ( 'NONE', ( #6005 ), #3263 ) ;
#6007 = FACE_OUTER_BOUND ( 'NONE', #3554, .T. ) ;
#6008 = SURFACE_STYLE_FILL_AREA ( #6077 ) ;
#6009 = PRESENTATION_STYLE_ASSIGNMENT (( #6079 ) ) ;
#6010 = STYLED_ITEM ( 'NONE', ( #6009 ), #3264 ) ;
#6011 = FACE_OUTER_BOUND ( 'NONE', #3543, .T. ) ;
#6012 = SURFACE_STYLE_FILL_AREA ( #6088 ) ;
#6013 = PRESENTATION_STYLE_ASSIGNMENT (( #6090 ) ) ;
#6014 = STYLED_ITEM ( 'NONE', ( #6013 ), #3265 ) ;
#6015 = FACE_OUTER_BOUND ( 'NONE', #3551, .T. ) ;
#6016 = SURFACE_STYLE_FILL_AREA ( #6099 ) ;
#6017 = PRESENTATION_STYLE_ASSIGNMENT (( #6101 ) ) ;
#6018 = STYLED_ITEM ( 'NONE', ( #6017 ), #3266 ) ;
#6019 = FACE_OUTER_BOUND ( 'NONE', #3529, .T. ) ;
#6020 = SURFACE_STYLE_FILL_AREA ( #6110 ) ;
#6021 = PRESENTATION_STYLE_ASSIGNMENT (( #6112 ) ) ;
#6022 = STYLED_ITEM ( 'NONE', ( #6021 ), #3267 ) ;
#6023 = FACE_OUTER_BOUND ( 'NONE', #3530, .T. ) ;
#6024 = SURFACE_STYLE_FILL_AREA ( #6121 ) ;
#6025 = PRESENTATION_STYLE_ASSIGNMENT (( #6123 ) ) ;
#6026 = STYLED_ITEM ( 'NONE', ( #6025 ), #3268 ) ;
#6027 = FACE_OUTER_BOUND ( 'NONE', #3528, .T. ) ;
#6028 = SURFACE_STYLE_FILL_AREA ( #6132 ) ;
#6029 = PRESENTATION_STYLE_ASSIGNMENT (( #6134 ) ) ;
#6030 = STYLED_ITEM ( 'NONE', ( #6029 ), #3269 ) ;
#6031 = AXIS2_PLACEMENT_3D ( 'NONE', #6062, #6063, #6064 ) ;
#6032 = PRESENTATION_LAYER_ASSIGNMENT (  '', '', ( #6002 ) ) ;
#6033 = MECHANICAL_DESIGN_GEOMETRIC_PRESENTATION_REPRESENTATION (  '', ( #6002 ), #4832 ) ;
#6034 = PRESENTATION_LAYER_ASSIGNMENT (  '', '', ( #6226 ) ) ;
#6035 = MECHANICAL_DESIGN_GEOMETRIC_PRESENTATION_REPRESENTATION (  '', ( #6006 ), #4834 ) ;
#6036 = AXIS2_PLACEMENT_3D ( 'NONE', #6084, #6085, #6086 ) ;
#6037 = PRESENTATION_LAYER_ASSIGNMENT (  '', '', ( #6010 ) ) ;
#6038 = MECHANICAL_DESIGN_GEOMETRIC_PRESENTATION_REPRESENTATION (  '', ( #6010 ), #4836 ) ;
#6039 = AXIS2_PLACEMENT_3D ( 'NONE', #6095, #6096, #6097 ) ;
#6040 = PRESENTATION_LAYER_ASSIGNMENT (  '', '', ( #6014 ) ) ;
#6041 = MECHANICAL_DESIGN_GEOMETRIC_PRESENTATION_REPRESENTATION (  '', ( #6014 ), #4838 ) ;
#6042 = AXIS2_PLACEMENT_3D ( 'NONE', #6192, #6193, #6194 ) ;
#6043 = AXIS2_PLACEMENT_3D ( 'NONE', #6106, #6107, #6108 ) ;
#6044 = PRESENTATION_LAYER_ASSIGNMENT (  '', '', ( #6018 ) ) ;
#6045 = MECHANICAL_DESIGN_GEOMETRIC_PRESENTATION_REPRESENTATION (  '', ( #6018 ), #4840 ) ;
#6046 = AXIS2_PLACEMENT_3D ( 'NONE', #6117, #6118, #6119 ) ;
#6047 = PRESENTATION_LAYER_ASSIGNMENT (  '', '', ( #6022 ) ) ;
#6048 = MECHANICAL_DESIGN_GEOMETRIC_PRESENTATION_REPRESENTATION (  '', ( #6022 ), #4842 ) ;
#6049 = AXIS2_PLACEMENT_3D ( 'NONE', #6128, #6129, #6130 ) ;
#6050 = PRESENTATION_LAYER_ASSIGNMENT (  '', '', ( #6026 ) ) ;
#6051 = MECHANICAL_DESIGN_GEOMETRIC_PRESENTATION_REPRESENTATION (  '', ( #6026 ), #4844 ) ;
#6052 = AXIS2_PLACEMENT_3D ( 'NONE', #6139, #6140, #6141 ) ;
#6053 = PRESENTATION_LAYER_ASSIGNMENT (  '', '', ( #6030 ) ) ;
#6054 = MECHANICAL_DESIGN_GEOMETRIC_PRESENTATION_REPRESENTATION (  '', ( #6030 ), #4846 ) ;
#6055 = AXIS2_PLACEMENT_3D ( 'NONE', #6149, #6150, #6151 ) ;
#6056 = PRESENTATION_LAYER_ASSIGNMENT (  '', '', ( #6209 ) ) ;
#6057 = MECHANICAL_DESIGN_GEOMETRIC_PRESENTATION_REPRESENTATION (  '', ( #6209 ), #4848 ) ;
#6058 = AXIS2_PLACEMENT_3D ( 'NONE', #6160, #6161, #6162 ) ;
#6059 = PRESENTATION_LAYER_ASSIGNMENT (  '', '', ( #6214 ) ) ;
#6060 = MECHANICAL_DESIGN_GEOMETRIC_PRESENTATION_REPRESENTATION (  '', ( #6214 ), #4850 ) ;
#6061 = AXIS2_PLACEMENT_3D ( 'NONE', #6171, #6172, #6173 ) ;
#6062 = CARTESIAN_POINT ( 'NONE',  ( -2.800000000000000300, -0.6500000000000012400, 7.650000000000002100 ) ) ;
#6063 = DIRECTION ( 'NONE',  ( 0.0000000000000000000, -0.7071067811865490200, 0.7071067811865460200 ) ) ;
#6064 = DIRECTION ( 'NONE',  ( 0.0000000000000000000, -0.7071067811865460200, -0.7071067811865490200 ) ) ;
#6065 = FILL_AREA_STYLE_COLOUR ( '', #4835 ) ;
#6066 = FILL_AREA_STYLE ('',( #6065 ) ) ;
#6067 = SURFACE_SIDE_STYLE ('',( #6004 ) ) ;
#6068 = SURFACE_STYLE_USAGE ( .BOTH. , #6067 ) ;
#6069 =( LENGTH_UNIT ( ) NAMED_UNIT ( * ) SI_UNIT ( .MILLI., .METRE. ) );
#6070 =( NAMED_UNIT ( * ) PLANE_ANGLE_UNIT ( ) SI_UNIT ( $, .RADIAN. ) );
#6071 =( NAMED_UNIT ( * ) SI_UNIT ( $, .STERADIAN. ) SOLID_ANGLE_UNIT ( ) );
#6072 = PLANE ( 'NONE',  #5976 ) ;
#6073 = CARTESIAN_POINT ( 'NONE',  ( 2.299999999999999800, -1.150000000000000600, 7.650000000000002100 ) ) ;
#6074 = DIRECTION ( 'NONE',  ( 0.7071067811865493500, 9.643354821908038800E-017, 0.7071067811865456900 ) ) ;
#6075 = DIRECTION ( 'NONE',  ( 0.7071067811865456900, 0.0000000000000000000, -0.7071067811865493500 ) ) ;
#6076 = FILL_AREA_STYLE_COLOUR ( '', #4837 ) ;
#6077 = FILL_AREA_STYLE ('',( #6076 ) ) ;
#6078 = SURFACE_SIDE_STYLE ('',( #6008 ) ) ;
#6079 = SURFACE_STYLE_USAGE ( .BOTH. , #6078 ) ;
#6080 =( LENGTH_UNIT ( ) NAMED_UNIT ( * ) SI_UNIT ( .MILLI., .METRE. ) );
#6081 =( NAMED_UNIT ( * ) PLANE_ANGLE_UNIT ( ) SI_UNIT ( $, .RADIAN. ) );
#6082 =( NAMED_UNIT ( * ) SI_UNIT ( $, .STERADIAN. ) SOLID_ANGLE_UNIT ( ) );
#6083 = PLANE ( 'NONE',  #6036 ) ;
#6084 = CARTESIAN_POINT ( 'NONE',  ( -2.300000000000000300, -1.150000000000001200, 7.650000000000002100 ) ) ;
#6085 = DIRECTION ( 'NONE',  ( -0.7071067811865490200, -9.643354821908036300E-017, 0.7071067811865460200 ) ) ;
#6086 = DIRECTION ( 'NONE',  ( 0.7071067811865460200, 0.0000000000000000000, 0.7071067811865490200 ) ) ;
#6087 = FILL_AREA_STYLE_COLOUR ( '', #4839 ) ;
#6088 = FILL_AREA_STYLE ('',( #6087 ) ) ;
#6089 = SURFACE_SIDE_STYLE ('',( #6012 ) ) ;
#6090 = SURFACE_STYLE_USAGE ( .BOTH. , #6089 ) ;
#6091 =( LENGTH_UNIT ( ) NAMED_UNIT ( * ) SI_UNIT ( .MILLI., .METRE. ) );
#6092 =( NAMED_UNIT ( * ) PLANE_ANGLE_UNIT ( ) SI_UNIT ( $, .RADIAN. ) );
#6093 =( NAMED_UNIT ( * ) SI_UNIT ( $, .STERADIAN. ) SOLID_ANGLE_UNIT ( ) );
#6094 = PLANE ( 'NONE',  #6039 ) ;
#6095 = CARTESIAN_POINT ( 'NONE',  ( -2.800000000000000300, 1.529999999999998900, 7.650000000000002100 ) ) ;
#6096 = DIRECTION ( 'NONE',  ( -0.0000000000000000000, 0.7071067811865490200, 0.7071067811865460200 ) ) ;
#6097 = DIRECTION ( 'NONE',  ( 0.0000000000000000000, -0.7071067811865460200, 0.7071067811865490200 ) ) ;
#6098 = FILL_AREA_STYLE_COLOUR ( '', #4841 ) ;
#6099 = FILL_AREA_STYLE ('',( #6098 ) ) ;
#6100 = SURFACE_SIDE_STYLE ('',( #6016 ) ) ;
#6101 = SURFACE_STYLE_USAGE ( .BOTH. , #6100 ) ;
#6102 =( LENGTH_UNIT ( ) NAMED_UNIT ( * ) SI_UNIT ( .MILLI., .METRE. ) );
#6103 =( NAMED_UNIT ( * ) PLANE_ANGLE_UNIT ( ) SI_UNIT ( $, .RADIAN. ) );
#6104 =( NAMED_UNIT ( * ) SI_UNIT ( $, .STERADIAN. ) SOLID_ANGLE_UNIT ( ) );
#6105 = PLANE ( 'NONE',  #6043 ) ;
#6106 = CARTESIAN_POINT ( 'NONE',  ( -4.388902478044626000, 1.750000000000000000, 7.588673189461416300 ) ) ;
#6107 = DIRECTION ( 'NONE',  ( 0.9365855888263509000, -0.0000000000000000000, 0.3504389173633512500 ) ) ;
#6108 = DIRECTION ( 'NONE',  ( 0.3504389173633512000, 0.0000000000000000000, -0.9365855888263507900 ) ) ;
#6109 = FILL_AREA_STYLE_COLOUR ( '', #4843 ) ;
#6110 = FILL_AREA_STYLE ('',( #6109 ) ) ;
#6111 = SURFACE_SIDE_STYLE ('',( #6020 ) ) ;
#6112 = SURFACE_STYLE_USAGE ( .BOTH. , #6111 ) ;
#6113 =( LENGTH_UNIT ( ) NAMED_UNIT ( * ) SI_UNIT ( .MILLI., .METRE. ) );
#6114 =( NAMED_UNIT ( * ) PLANE_ANGLE_UNIT ( ) SI_UNIT ( $, .RADIAN. ) );
#6115 =( NAMED_UNIT ( * ) SI_UNIT ( $, .STERADIAN. ) SOLID_ANGLE_UNIT ( ) );
#6116 = PLANE ( 'NONE',  #6046 ) ;
#6117 = CARTESIAN_POINT ( 'NONE',  ( -6.025000000000015500, 1.750000000000000000, 3.900000000000002600 ) ) ;
#6118 = DIRECTION ( 'NONE',  ( 0.0000000000000000000, 1.000000000000000000, 0.0000000000000000000 ) ) ;
#6119 = DIRECTION ( 'NONE',  ( 0.0000000000000000000, -0.0000000000000000000, 1.000000000000000000 ) ) ;
#6120 = FILL_AREA_STYLE_COLOUR ( '', #4845 ) ;
#6121 = FILL_AREA_STYLE ('',( #6120 ) ) ;
#6122 = SURFACE_SIDE_STYLE ('',( #6024 ) ) ;
#6123 = SURFACE_STYLE_USAGE ( .BOTH. , #6122 ) ;
#6124 =( LENGTH_UNIT ( ) NAMED_UNIT ( * ) SI_UNIT ( .MILLI., .METRE. ) );
#6125 =( NAMED_UNIT ( * ) PLANE_ANGLE_UNIT ( ) SI_UNIT ( $, .RADIAN. ) );
#6126 =( NAMED_UNIT ( * ) SI_UNIT ( $, .STERADIAN. ) SOLID_ANGLE_UNIT ( ) );
#6127 = PLANE ( 'NONE',  #6049 ) ;
#6128 = CARTESIAN_POINT ( 'NONE',  ( -6.025000000000015500, -1.750000000000000000, 3.900000000000002600 ) ) ;
#6129 = DIRECTION ( 'NONE',  ( 0.0000000000000000000, 1.000000000000000000, 0.0000000000000000000 ) ) ;
#6130 = DIRECTION ( 'NONE',  ( 0.0000000000000000000, -0.0000000000000000000, 1.000000000000000000 ) ) ;
#6131 = FILL_AREA_STYLE_COLOUR ( '', #4847 ) ;
#6132 = FILL_AREA_STYLE ('',( #6131 ) ) ;
#6133 = SURFACE_SIDE_STYLE ('',( #6028 ) ) ;
#6134 = SURFACE_STYLE_USAGE ( .BOTH. , #6133 ) ;
#6135 =( LENGTH_UNIT ( ) NAMED_UNIT ( * ) SI_UNIT ( .MILLI., .METRE. ) );
#6136 =( NAMED_UNIT ( * ) PLANE_ANGLE_UNIT ( ) SI_UNIT ( $, .RADIAN. ) );
#6137 =( NAMED_UNIT ( * ) SI_UNIT ( $, .STERADIAN. ) SOLID_ANGLE_UNIT ( ) );
#6138 = PLANE ( 'NONE',  #6052 ) ;
#6139 = CARTESIAN_POINT ( 'NONE',  ( -4.225000000000014700, 1.750000000000000000, 7.650000000000002100 ) ) ;
#6140 = DIRECTION ( 'NONE',  ( -0.9365855888263506800, 0.0000000000000000000, -0.3504389173633515900 ) ) ;
#6141 = DIRECTION ( 'NONE',  ( -0.3504389173633515900, 0.0000000000000000000, 0.9365855888263506800 ) ) ;
#6142 = FILL_AREA_STYLE_COLOUR ( '', #4849 ) ;
#6143 = FILL_AREA_STYLE ('',( #6142 ) ) ;
#6144 = SURFACE_SIDE_STYLE ('',( #6207 ) ) ;
#6145 = SURFACE_STYLE_USAGE ( .BOTH. , #6144 ) ;
#6146 =( LENGTH_UNIT ( ) NAMED_UNIT ( * ) SI_UNIT ( .MILLI., .METRE. ) );
#6147 =( NAMED_UNIT ( * ) PLANE_ANGLE_UNIT ( ) SI_UNIT ( $, .RADIAN. ) );
#6148 =( NAMED_UNIT ( * ) SI_UNIT ( $, .STERADIAN. ) SOLID_ANGLE_UNIT ( ) );
#6149 = CARTESIAN_POINT ( 'NONE',  ( -6.025000000000015500, 1.750000000000000000, 3.900000000000002600 ) ) ;
#6150 = DIRECTION ( 'NONE',  ( -0.0000000000000000000, -1.000000000000000000, -0.0000000000000000000 ) ) ;
#6151 = DIRECTION ( 'NONE',  ( 0.0000000000000000000, 0.0000000000000000000, -1.000000000000000000 ) ) ;
#6152 = FILL_AREA_STYLE_COLOUR ( '', #4851 ) ;
#6153 = FILL_AREA_STYLE ('',( #6152 ) ) ;
#6154 = SURFACE_SIDE_STYLE ('',( #6212 ) ) ;
#6155 = SURFACE_STYLE_USAGE ( .BOTH. , #6154 ) ;
#6156 =( LENGTH_UNIT ( ) NAMED_UNIT ( * ) SI_UNIT ( .MILLI., .METRE. ) );
#6157 =( NAMED_UNIT ( * ) PLANE_ANGLE_UNIT ( ) SI_UNIT ( $, .RADIAN. ) );
#6158 =( NAMED_UNIT ( * ) SI_UNIT ( $, .STERADIAN. ) SOLID_ANGLE_UNIT ( ) );
#6159 = PLANE ( 'NONE',  #6058 ) ;
#6160 = CARTESIAN_POINT ( 'NONE',  ( -3.307189725255851100, 1.750000000000000000, 2.629760923882813500 ) ) ;
#6161 = DIRECTION ( 'NONE',  ( -0.9059367582480547500, 0.0000000000000000000, 0.4234130253723963900 ) ) ;
#6162 = DIRECTION ( 'NONE',  ( 0.4234130253723963900, 0.0000000000000000000, 0.9059367582480547500 ) ) ;
#6163 = FILL_AREA_STYLE_COLOUR ( '', #4853 ) ;
#6164 = FILL_AREA_STYLE ('',( #6163 ) ) ;
#6165 = SURFACE_SIDE_STYLE ('',( #6216 ) ) ;
#6166 = SURFACE_STYLE_USAGE ( .BOTH. , #6165 ) ;
#6167 =( LENGTH_UNIT ( ) NAMED_UNIT ( * ) SI_UNIT ( .MILLI., .METRE. ) );
#6168 =( NAMED_UNIT ( * ) PLANE_ANGLE_UNIT ( ) SI_UNIT ( $, .RADIAN. ) );
#6169 =( NAMED_UNIT ( * ) SI_UNIT ( $, .STERADIAN. ) SOLID_ANGLE_UNIT ( ) );
#6170 = PLANE ( 'NONE',  #6061 ) ;
#6171 = CARTESIAN_POINT ( 'NONE',  ( -3.695000000000014900, 1.750000000000000000, 1.800000000000002900 ) ) ;
#6172 = DIRECTION ( 'NONE',  ( 0.4234130253723960000, -0.0000000000000000000, 0.9059367582480549700 ) ) ;
#6173 = DIRECTION ( 'NONE',  ( 0.9059367582480549700, 0.0000000000000000000, -0.4234130253723960000 ) ) ;
#6174 = FILL_AREA_STYLE_COLOUR ( '', #4855 ) ;
#6175 = FILL_AREA_STYLE ('',( #6174 ) ) ;
#6176 = SURFACE_SIDE_STYLE ('',( #6220 ) ) ;
#6177 = SURFACE_STYLE_USAGE ( .BOTH. , #6176 ) ;
#6178 =( LENGTH_UNIT ( ) NAMED_UNIT ( * ) SI_UNIT ( .MILLI., .METRE. ) );
#6179 =( NAMED_UNIT ( * ) PLANE_ANGLE_UNIT ( ) SI_UNIT ( $, .RADIAN. ) );
#6180 =( NAMED_UNIT ( * ) SI_UNIT ( $, .STERADIAN. ) SOLID_ANGLE_UNIT ( ) );
#6181 = PLANE ( 'NONE',  #6258 ) ;
#6182 = CARTESIAN_POINT ( 'NONE',  ( -3.465728657949261200, 1.750000000000000000, 2.703858203322982300 ) ) ;
#6183 = DIRECTION ( 'NONE',  ( 0.9059367582480548600, 0.0000000000000000000, -0.4234130253723961700 ) ) ;
#6184 = DIRECTION ( 'NONE',  ( -0.4234130253723961700, 0.0000000000000000000, -0.9059367582480548600 ) ) ;
#6185 = FILL_AREA_STYLE_COLOUR ( '', #4857 ) ;
#6186 = FILL_AREA_STYLE ('',( #6185 ) ) ;
#6187 = SURFACE_SIDE_STYLE ('',( #6224 ) ) ;
#6188 = SURFACE_STYLE_USAGE ( .BOTH. , #6187 ) ;
#6189 =( LENGTH_UNIT ( ) NAMED_UNIT ( * ) SI_UNIT ( .MILLI., .METRE. ) );
#6190 =( NAMED_UNIT ( * ) PLANE_ANGLE_UNIT ( ) SI_UNIT ( $, .RADIAN. ) );
#6191 =( NAMED_UNIT ( * ) SI_UNIT ( $, .STERADIAN. ) SOLID_ANGLE_UNIT ( ) );
#6192 = CARTESIAN_POINT ( 'NONE',  ( -6.025000000000015500, 1.750000000000000000, 3.900000000000002600 ) ) ;
#6193 = DIRECTION ( 'NONE',  ( -0.0000000000000000000, -1.000000000000000000, -0.0000000000000000000 ) ) ;
#6194 = DIRECTION ( 'NONE',  ( 0.0000000000000000000, 0.0000000000000000000, -1.000000000000000000 ) ) ;
#6195 = FILL_AREA_STYLE_COLOUR ( '', #4859 ) ;
#6196 = FILL_AREA_STYLE ('',( #6195 ) ) ;
#6197 = SURFACE_SIDE_STYLE ('',( #6229 ) ) ;
#6198 = SURFACE_STYLE_USAGE ( .BOTH. , #6197 ) ;
#6199 =( LENGTH_UNIT ( ) NAMED_UNIT ( * ) SI_UNIT ( .MILLI., .METRE. ) );
#6200 =( NAMED_UNIT ( * ) PLANE_ANGLE_UNIT ( ) SI_UNIT ( $, .RADIAN. ) );
#6201 =( NAMED_UNIT ( * ) SI_UNIT ( $, .STERADIAN. ) SOLID_ANGLE_UNIT ( ) );
#6202 = PLANE ( 'NONE',  #6265 ) ;
#6203 = CARTESIAN_POINT ( 'NONE',  ( 4.388902478044626000, 1.750000000000000000, 7.588673189461416300 ) ) ;
#6204 = DIRECTION ( 'NONE',  ( -0.9365855888263509000, 0.0000000000000000000, 0.3504389173633512500 ) ) ;
#6205 = DIRECTION ( 'NONE',  ( 0.3504389173633512000, 0.0000000000000000000, 0.9365855888263507900 ) ) ;
#6206 = FACE_OUTER_BOUND ( 'NONE', #3527, .T. ) ;
#6207 = SURFACE_STYLE_FILL_AREA ( #6143 ) ;
#6208 = PRESENTATION_STYLE_ASSIGNMENT (( #6145 ) ) ;
#6209 = STYLED_ITEM ( 'NONE', ( #6208 ), #3270 ) ;
#6210 = CYLINDRICAL_SURFACE ( 'NONE', #6055, 3.000000000000000000 ) ;
#6211 = FACE_OUTER_BOUND ( 'NONE', #3525, .T. ) ;
#6212 = SURFACE_STYLE_FILL_AREA ( #6153 ) ;
#6213 = PRESENTATION_STYLE_ASSIGNMENT (( #6155 ) ) ;
#6214 = STYLED_ITEM ( 'NONE', ( #6213 ), #3271 ) ;
#6215 = FACE_OUTER_BOUND ( 'NONE', #3526, .T. ) ;
#6216 = SURFACE_STYLE_FILL_AREA ( #6164 ) ;
#6217 = PRESENTATION_STYLE_ASSIGNMENT (( #6166 ) ) ;
#6218 = STYLED_ITEM ( 'NONE', ( #6217 ), #3272 ) ;
#6219 = FACE_OUTER_BOUND ( 'NONE', #3540, .T. ) ;
#6220 = SURFACE_STYLE_FILL_AREA ( #6175 ) ;
#6221 = PRESENTATION_STYLE_ASSIGNMENT (( #6177 ) ) ;
#6222 = STYLED_ITEM ( 'NONE', ( #6221 ), #3273 ) ;
#6223 = FACE_OUTER_BOUND ( 'NONE', #3539, .T. ) ;
#6224 = SURFACE_STYLE_FILL_AREA ( #6186 ) ;
#6225 = PRESENTATION_STYLE_ASSIGNMENT (( #6188 ) ) ;
#6226 = STYLED_ITEM ( 'NONE', ( #6225 ), #3274 ) ;
#6227 = CYLINDRICAL_SURFACE ( 'NONE', #6042, 2.824999999999999700 ) ;
#6228 = FACE_OUTER_BOUND ( 'NONE', #3518, .T. ) ;
#6229 = SURFACE_STYLE_FILL_AREA ( #6196 ) ;
#6230 = PRESENTATION_STYLE_ASSIGNMENT (( #6198 ) ) ;
#6231 = STYLED_ITEM ( 'NONE', ( #6230 ), #3275 ) ;
#6232 = FACE_OUTER_BOUND ( 'NONE', #3538, .T. ) ;
#6233 = SURFACE_STYLE_FILL_AREA ( #6290 ) ;
#6234 = PRESENTATION_STYLE_ASSIGNMENT (( #6292 ) ) ;
#6235 = STYLED_ITEM ( 'NONE', ( #6234 ), #3276 ) ;
#6236 = FACE_OUTER_BOUND ( 'NONE', #3503, .T. ) ;
#6237 = SURFACE_STYLE_FILL_AREA ( #6301 ) ;
#6238 = PRESENTATION_STYLE_ASSIGNMENT (( #6303 ) ) ;
#6239 = STYLED_ITEM ( 'NONE', ( #6238 ), #3277 ) ;
#6240 = FACE_OUTER_BOUND ( 'NONE', #3537, .T. ) ;
#6241 = SURFACE_STYLE_FILL_AREA ( #6312 ) ;
#6242 = PRESENTATION_STYLE_ASSIGNMENT (( #6314 ) ) ;
#6243 = STYLED_ITEM ( 'NONE', ( #6242 ), #3278 ) ;
#6244 = CYLINDRICAL_SURFACE ( 'NONE', #6274, 2.824999999999999700 ) ;
#6245 = FACE_OUTER_BOUND ( 'NONE', #3536, .T. ) ;
#6246 = SURFACE_STYLE_FILL_AREA ( #6322 ) ;
#6247 = PRESENTATION_STYLE_ASSIGNMENT (( #6324 ) ) ;
#6248 = STYLED_ITEM ( 'NONE', ( #6247 ), #3279 ) ;
#6249 = FACE_OUTER_BOUND ( 'NONE', #3534, .T. ) ;
#6250 = SURFACE_STYLE_FILL_AREA ( #6333 ) ;
#6251 = PRESENTATION_STYLE_ASSIGNMENT (( #6335 ) ) ;
#6252 = STYLED_ITEM ( 'NONE', ( #6251 ), #3280 ) ;
#6253 = FACE_OUTER_BOUND ( 'NONE', #3533, .T. ) ;
#6254 = SURFACE_STYLE_FILL_AREA ( #6344 ) ;
#6255 = PRESENTATION_STYLE_ASSIGNMENT (( #6346 ) ) ;
#6256 = STYLED_ITEM ( 'NONE', ( #6255 ), #3281 ) ;
#6257 = MECHANICAL_DESIGN_GEOMETRIC_PRESENTATION_REPRESENTATION (  '', ( #6218 ), #4852 ) ;
#6258 = AXIS2_PLACEMENT_3D ( 'NONE', #6182, #6183, #6184 ) ;
#6259 = PRESENTATION_LAYER_ASSIGNMENT (  '', '', ( #6222 ) ) ;
#6260 = MECHANICAL_DESIGN_GEOMETRIC_PRESENTATION_REPRESENTATION (  '', ( #6222 ), #4854 ) ;
#6261 = AXIS2_PLACEMENT_3D ( 'NONE', #6383, #6384, #6385 ) ;
#6262 = VECTOR ( 'NONE', #99, 1000.000000000000000 ) ;
#6263 = MECHANICAL_DESIGN_GEOMETRIC_PRESENTATION_REPRESENTATION (  '', ( #6226 ), #4856 ) ;
#6264 = PRESENTATION_LAYER_ASSIGNMENT (  '', '', ( #6445 ) ) ;
#6265 = AXIS2_PLACEMENT_3D ( 'NONE', #6203, #6204, #6205 ) ;
#6266 = PRESENTATION_LAYER_ASSIGNMENT (  '', '', ( #6231 ) ) ;
#6267 = MECHANICAL_DESIGN_GEOMETRIC_PRESENTATION_REPRESENTATION (  '', ( #6231 ), #4858 ) ;
#6268 = AXIS2_PLACEMENT_3D ( 'NONE', #6297, #6298, #6299 ) ;
#6269 = PRESENTATION_LAYER_ASSIGNMENT (  '', '', ( #6235 ) ) ;
#6270 = MECHANICAL_DESIGN_GEOMETRIC_PRESENTATION_REPRESENTATION (  '', ( #6235 ), #4860 ) ;
#6271 = AXIS2_PLACEMENT_3D ( 'NONE', #6308, #6309, #6310 ) ;
#6272 = PRESENTATION_LAYER_ASSIGNMENT (  '', '', ( #6239 ) ) ;
#6273 = MECHANICAL_DESIGN_GEOMETRIC_PRESENTATION_REPRESENTATION (  '', ( #6239 ), #4862 ) ;
#6274 = AXIS2_PLACEMENT_3D ( 'NONE', #6318, #6319, #6320 ) ;
#6275 = PRESENTATION_LAYER_ASSIGNMENT (  '', '', ( #6243 ) ) ;
#6276 = MECHANICAL_DESIGN_GEOMETRIC_PRESENTATION_REPRESENTATION (  '', ( #6243 ), #4864 ) ;
#6277 = AXIS2_PLACEMENT_3D ( 'NONE', #6329, #6330, #6331 ) ;
#6278 = PRESENTATION_LAYER_ASSIGNMENT (  '', '', ( #6248 ) ) ;
#6279 = MECHANICAL_DESIGN_GEOMETRIC_PRESENTATION_REPRESENTATION (  '', ( #6248 ), #4866 ) ;
#6280 = AXIS2_PLACEMENT_3D ( 'NONE', #6340, #6341, #6342 ) ;
#6281 = PRESENTATION_LAYER_ASSIGNMENT (  '', '', ( #6252 ) ) ;
#6282 = MECHANICAL_DESIGN_GEOMETRIC_PRESENTATION_REPRESENTATION (  '', ( #6252 ), #4868 ) ;
#6283 = AXIS2_PLACEMENT_3D ( 'NONE', #6351, #6352, #6353 ) ;
#6284 = PRESENTATION_LAYER_ASSIGNMENT (  '', '', ( #6256 ) ) ;
#6285 = MECHANICAL_DESIGN_GEOMETRIC_PRESENTATION_REPRESENTATION (  '', ( #6256 ), #4870 ) ;
#6286 = AXIS2_PLACEMENT_3D ( 'NONE', #6361, #6362, #6363 ) ;
#6287 = PRESENTATION_LAYER_ASSIGNMENT (  '', '', ( #6436 ) ) ;
#6288 = MECHANICAL_DESIGN_GEOMETRIC_PRESENTATION_REPRESENTATION (  '', ( #6436 ), #4872 ) ;
#6289 = FILL_AREA_STYLE_COLOUR ( '', #4861 ) ;
#6290 = FILL_AREA_STYLE ('',( #6289 ) ) ;
#6291 = SURFACE_SIDE_STYLE ('',( #6233 ) ) ;
#6292 = SURFACE_STYLE_USAGE ( .BOTH. , #6291 ) ;
#6293 =( LENGTH_UNIT ( ) NAMED_UNIT ( * ) SI_UNIT ( .MILLI., .METRE. ) );
#6294 =( NAMED_UNIT ( * ) PLANE_ANGLE_UNIT ( ) SI_UNIT ( $, .RADIAN. ) );
#6295 =( NAMED_UNIT ( * ) SI_UNIT ( $, .STERADIAN. ) SOLID_ANGLE_UNIT ( ) );
#6296 = PLANE ( 'NONE',  #6268 ) ;
#6297 = CARTESIAN_POINT ( 'NONE',  ( 6.025000000000015500, 1.750000000000000000, 3.900000000000002600 ) ) ;
#6298 = DIRECTION ( 'NONE',  ( 0.0000000000000000000, -1.000000000000000000, 0.0000000000000000000 ) ) ;
#6299 = DIRECTION ( 'NONE',  ( 0.0000000000000000000, -0.0000000000000000000, -1.000000000000000000 ) ) ;
#6300 = FILL_AREA_STYLE_COLOUR ( '', #4863 ) ;
#6301 = FILL_AREA_STYLE ('',( #6300 ) ) ;
#6302 = SURFACE_SIDE_STYLE ('',( #6237 ) ) ;
#6303 = SURFACE_STYLE_USAGE ( .BOTH. , #6302 ) ;
#6304 =( LENGTH_UNIT ( ) NAMED_UNIT ( * ) SI_UNIT ( .MILLI., .METRE. ) );
#6305 =( NAMED_UNIT ( * ) PLANE_ANGLE_UNIT ( ) SI_UNIT ( $, .RADIAN. ) );
#6306 =( NAMED_UNIT ( * ) SI_UNIT ( $, .STERADIAN. ) SOLID_ANGLE_UNIT ( ) );
#6307 = PLANE ( 'NONE',  #6271 ) ;
#6308 = CARTESIAN_POINT ( 'NONE',  ( 6.025000000000015500, -1.750000000000000000, 3.900000000000002600 ) ) ;
#6309 = DIRECTION ( 'NONE',  ( 0.0000000000000000000, -1.000000000000000000, 0.0000000000000000000 ) ) ;
#6310 = DIRECTION ( 'NONE',  ( 0.0000000000000000000, -0.0000000000000000000, -1.000000000000000000 ) ) ;
#6311 = FILL_AREA_STYLE_COLOUR ( '', #4865 ) ;
#6312 = FILL_AREA_STYLE ('',( #6311 ) ) ;
#6313 = SURFACE_SIDE_STYLE ('',( #6241 ) ) ;
#6314 = SURFACE_STYLE_USAGE ( .BOTH. , #6313 ) ;
#6315 =( LENGTH_UNIT ( ) NAMED_UNIT ( * ) SI_UNIT ( .MILLI., .METRE. ) );
#6316 =( NAMED_UNIT ( * ) PLANE_ANGLE_UNIT ( ) SI_UNIT ( $, .RADIAN. ) );
#6317 =( NAMED_UNIT ( * ) SI_UNIT ( $, .STERADIAN. ) SOLID_ANGLE_UNIT ( ) );
#6318 = CARTESIAN_POINT ( 'NONE',  ( 6.025000000000015500, 1.750000000000000000, 3.900000000000002600 ) ) ;
#6319 = DIRECTION ( 'NONE',  ( -0.0000000000000000000, -1.000000000000000000, -0.0000000000000000000 ) ) ;
#6320 = DIRECTION ( 'NONE',  ( 0.0000000000000000000, 0.0000000000000000000, -1.000000000000000000 ) ) ;
#6321 = FILL_AREA_STYLE_COLOUR ( '', #4867 ) ;
#6322 = FILL_AREA_STYLE ('',( #6321 ) ) ;
#6323 = SURFACE_SIDE_STYLE ('',( #6246 ) ) ;
#6324 = SURFACE_STYLE_USAGE ( .BOTH. , #6323 ) ;
#6325 =( LENGTH_UNIT ( ) NAMED_UNIT ( * ) SI_UNIT ( .MILLI., .METRE. ) );
#6326 =( NAMED_UNIT ( * ) PLANE_ANGLE_UNIT ( ) SI_UNIT ( $, .RADIAN. ) );
#6327 =( NAMED_UNIT ( * ) SI_UNIT ( $, .STERADIAN. ) SOLID_ANGLE_UNIT ( ) );
#6328 = PLANE ( 'NONE',  #6277 ) ;
#6329 = CARTESIAN_POINT ( 'NONE',  ( 3.465728657949261200, 1.750000000000000000, 2.703858203322982300 ) ) ;
#6330 = DIRECTION ( 'NONE',  ( -0.9059367582480548600, 0.0000000000000000000, -0.4234130253723961700 ) ) ;
#6331 = DIRECTION ( 'NONE',  ( -0.4234130253723961700, 0.0000000000000000000, 0.9059367582480548600 ) ) ;
#6332 = FILL_AREA_STYLE_COLOUR ( '', #4869 ) ;
#6333 = FILL_AREA_STYLE ('',( #6332 ) ) ;
#6334 = SURFACE_SIDE_STYLE ('',( #6250 ) ) ;
#6335 = SURFACE_STYLE_USAGE ( .BOTH. , #6334 ) ;
#6336 =( LENGTH_UNIT ( ) NAMED_UNIT ( * ) SI_UNIT ( .MILLI., .METRE. ) );
#6337 =( NAMED_UNIT ( * ) PLANE_ANGLE_UNIT ( ) SI_UNIT ( $, .RADIAN. ) );
#6338 =( NAMED_UNIT ( * ) SI_UNIT ( $, .STERADIAN. ) SOLID_ANGLE_UNIT ( ) );
#6339 = PLANE ( 'NONE',  #6280 ) ;
#6340 = CARTESIAN_POINT ( 'NONE',  ( 3.695000000000014900, 1.750000000000000000, 1.800000000000002900 ) ) ;
#6341 = DIRECTION ( 'NONE',  ( -0.4234130253723960000, 0.0000000000000000000, 0.9059367582480549700 ) ) ;
#6342 = DIRECTION ( 'NONE',  ( 0.9059367582480549700, 0.0000000000000000000, 0.4234130253723960000 ) ) ;
#6343 = FILL_AREA_STYLE_COLOUR ( '', #4871 ) ;
#6344 = FILL_AREA_STYLE ('',( #6343 ) ) ;
#6345 = SURFACE_SIDE_STYLE ('',( #6254 ) ) ;
#6346 = SURFACE_STYLE_USAGE ( .BOTH. , #6345 ) ;
#6347 =( LENGTH_UNIT ( ) NAMED_UNIT ( * ) SI_UNIT ( .MILLI., .METRE. ) );
#6348 =( NAMED_UNIT ( * ) PLANE_ANGLE_UNIT ( ) SI_UNIT ( $, .RADIAN. ) );
#6349 =( NAMED_UNIT ( * ) SI_UNIT ( $, .STERADIAN. ) SOLID_ANGLE_UNIT ( ) );
#6350 = PLANE ( 'NONE',  #6283 ) ;
#6351 = CARTESIAN_POINT ( 'NONE',  ( 3.307189725255851100, 1.750000000000000000, 2.629760923882813500 ) ) ;
#6352 = DIRECTION ( 'NONE',  ( 0.9059367582480547500, -0.0000000000000000000, 0.4234130253723963900 ) ) ;
#6353 = DIRECTION ( 'NONE',  ( 0.4234130253723963900, 0.0000000000000000000, -0.9059367582480547500 ) ) ;
#6354 = FILL_AREA_STYLE_COLOUR ( '', #4873 ) ;
#6355 = FILL_AREA_STYLE ('',( #6354 ) ) ;
#6356 = SURFACE_SIDE_STYLE ('',( #6434 ) ) ;
#6357 = SURFACE_STYLE_USAGE ( .BOTH. , #6356 ) ;
#6358 =( LENGTH_UNIT ( ) NAMED_UNIT ( * ) SI_UNIT ( .MILLI., .METRE. ) );
#6359 =( NAMED_UNIT ( * ) PLANE_ANGLE_UNIT ( ) SI_UNIT ( $, .RADIAN. ) );
#6360 =( NAMED_UNIT ( * ) SI_UNIT ( $, .STERADIAN. ) SOLID_ANGLE_UNIT ( ) );
#6361 = CARTESIAN_POINT ( 'NONE',  ( 6.025000000000015500, 1.750000000000000000, 3.900000000000002600 ) ) ;
#6362 = DIRECTION ( 'NONE',  ( -0.0000000000000000000, -1.000000000000000000, -0.0000000000000000000 ) ) ;
#6363 = DIRECTION ( 'NONE',  ( 0.0000000000000000000, 0.0000000000000000000, -1.000000000000000000 ) ) ;
#6364 = FILL_AREA_STYLE_COLOUR ( '', #4875 ) ;
#6365 = FILL_AREA_STYLE ('',( #6364 ) ) ;
#6366 = SURFACE_SIDE_STYLE ('',( #6439 ) ) ;
#6367 = SURFACE_STYLE_USAGE ( .BOTH. , #6366 ) ;
#6368 =( LENGTH_UNIT ( ) NAMED_UNIT ( * ) SI_UNIT ( .MILLI., .METRE. ) );
#6369 =( NAMED_UNIT ( * ) PLANE_ANGLE_UNIT ( ) SI_UNIT ( $, .RADIAN. ) );
#6370 =( NAMED_UNIT ( * ) SI_UNIT ( $, .STERADIAN. ) SOLID_ANGLE_UNIT ( ) );
#6371 = PLANE ( 'NONE',  #6493 ) ;
#6372 = CARTESIAN_POINT ( 'NONE',  ( 4.225000000000014700, 1.750000000000000000, 7.650000000000002100 ) ) ;
#6373 = DIRECTION ( 'NONE',  ( 0.9365855888263506800, 0.0000000000000000000, -0.3504389173633515900 ) ) ;
#6374 = DIRECTION ( 'NONE',  ( -0.3504389173633515900, 0.0000000000000000000, -0.9365855888263506800 ) ) ;
#6375 = FILL_AREA_STYLE_COLOUR ( '', #4877 ) ;
#6376 = FILL_AREA_STYLE ('',( #6375 ) ) ;
#6377 = SURFACE_SIDE_STYLE ('',( #6443 ) ) ;
#6378 = SURFACE_STYLE_USAGE ( .BOTH. , #6377 ) ;
#6379 =( LENGTH_UNIT ( ) NAMED_UNIT ( * ) SI_UNIT ( .MILLI., .METRE. ) );
#6380 =( NAMED_UNIT ( * ) PLANE_ANGLE_UNIT ( ) SI_UNIT ( $, .RADIAN. ) );
#6381 =( NAMED_UNIT ( * ) SI_UNIT ( $, .STERADIAN. ) SOLID_ANGLE_UNIT ( ) );
#6382 = PLANE ( 'NONE',  #6261 ) ;
#6383 = CARTESIAN_POINT ( 'NONE',  ( -0.8750000000000001100, 2.493086043381489000, 4.318484281824290800 ) ) ;
#6384 = DIRECTION ( 'NONE',  ( 0.0000000000000000000, -0.9210286811271631800, -0.3894947606080964600 ) ) ;
#6385 = DIRECTION ( 'NONE',  ( 0.0000000000000000000, 0.3894947606080964600, -0.9210286811271631800 ) ) ;
#6386 = FILL_AREA_STYLE_COLOUR ( '', #4879 ) ;
#6387 = FILL_AREA_STYLE ('',( #6386 ) ) ;
#6388 = SURFACE_SIDE_STYLE ('',( #6447 ) ) ;
#6389 = SURFACE_STYLE_USAGE ( .BOTH. , #6388 ) ;
#6390 =( LENGTH_UNIT ( ) NAMED_UNIT ( * ) SI_UNIT ( .MILLI., .METRE. ) );
#6391 =( NAMED_UNIT ( * ) PLANE_ANGLE_UNIT ( ) SI_UNIT ( $, .RADIAN. ) );
#6392 =( NAMED_UNIT ( * ) SI_UNIT ( $, .STERADIAN. ) SOLID_ANGLE_UNIT ( ) );
#6393 = PLANE ( 'NONE',  #6497 ) ;
#6394 = CARTESIAN_POINT ( 'NONE',  ( -0.8750000000000001100, 2.331906024184235500, 4.250322698717873500 ) ) ;
#6395 = DIRECTION ( 'NONE',  ( -0.0000000000000000000, 0.9210286811271630700, 0.3894947606080967900 ) ) ;
#6396 = DIRECTION ( 'NONE',  ( 0.0000000000000000000, -0.3894947606080967900, 0.9210286811271630700 ) ) ;
#6397 = FILL_AREA_STYLE_COLOUR ( '', #4881 ) ;
#6398 = FILL_AREA_STYLE ('',( #6397 ) ) ;
#6399 = SURFACE_SIDE_STYLE ('',( #6451 ) ) ;
#6400 = SURFACE_STYLE_USAGE ( .BOTH. , #6399 ) ;
#6401 =( LENGTH_UNIT ( ) NAMED_UNIT ( * ) SI_UNIT ( .MILLI., .METRE. ) );
#6402 =( NAMED_UNIT ( * ) PLANE_ANGLE_UNIT ( ) SI_UNIT ( $, .RADIAN. ) );
#6403 =( NAMED_UNIT ( * ) SI_UNIT ( $, .STERADIAN. ) SOLID_ANGLE_UNIT ( ) );
#6404 = PLANE ( 'NONE',  #6500 ) ;
#6405 = CARTESIAN_POINT ( 'NONE',  ( -0.8750000000000001100, 1.858018001878151600, -0.8176396489200604700 ) ) ;
#6406 = DIRECTION ( 'NONE',  ( 0.0000000000000000000, 0.9827542749819860900, -0.1849162918853579900 ) ) ;
#6407 = DIRECTION ( 'NONE',  ( 0.0000000000000000000, 0.1849162918853579600, 0.9827542749819859800 ) ) ;
#6408 = FILL_AREA_STYLE_COLOUR ( '', #4883 ) ;
#6409 = FILL_AREA_STYLE ('',( #6408 ) ) ;
#6410 = SURFACE_SIDE_STYLE ('',( #6455 ) ) ;
#6411 = SURFACE_STYLE_USAGE ( .BOTH. , #6410 ) ;
#6412 =( LENGTH_UNIT ( ) NAMED_UNIT ( * ) SI_UNIT ( .MILLI., .METRE. ) );
#6413 =( NAMED_UNIT ( * ) PLANE_ANGLE_UNIT ( ) SI_UNIT ( $, .RADIAN. ) );
#6414 =( NAMED_UNIT ( * ) SI_UNIT ( $, .STERADIAN. ) SOLID_ANGLE_UNIT ( ) );
#6415 = PLANE ( 'NONE',  #6504 ) ;
#6416 = CARTESIAN_POINT ( 'NONE',  ( -0.8750000000000001100, -0.2700000000000011300, 3.150000000000001700 ) ) ;
#6417 = DIRECTION ( 'NONE',  ( 1.000000000000000000, 0.0000000000000000000, 0.0000000000000000000 ) ) ;
#6418 = DIRECTION ( 'NONE',  ( 0.0000000000000000000, 0.0000000000000000000, -1.000000000000000000 ) ) ;
#6419 = FILL_AREA_STYLE_COLOUR ( '', #4885 ) ;
#6420 = FILL_AREA_STYLE ('',( #6419 ) ) ;
#6421 = SURFACE_SIDE_STYLE ('',( #6459 ) ) ;
#6422 = SURFACE_STYLE_USAGE ( .BOTH. , #6421 ) ;
#6423 =( LENGTH_UNIT ( ) NAMED_UNIT ( * ) SI_UNIT ( .MILLI., .METRE. ) );
#6424 =( NAMED_UNIT ( * ) PLANE_ANGLE_UNIT ( ) SI_UNIT ( $, .RADIAN. ) );
#6425 =( NAMED_UNIT ( * ) SI_UNIT ( $, .STERADIAN. ) SOLID_ANGLE_UNIT ( ) );
#6426 = PLANE ( 'NONE',  #6507 ) ;
#6427 = CARTESIAN_POINT ( 'NONE',  ( -1.625000000000000200, -0.2700000000000011300, 3.150000000000001700 ) ) ;
#6428 = DIRECTION ( 'NONE',  ( 1.000000000000000000, 0.0000000000000000000, 0.0000000000000000000 ) ) ;
#6429 = DIRECTION ( 'NONE',  ( 0.0000000000000000000, 0.0000000000000000000, -1.000000000000000000 ) ) ;
#6430 = FILL_AREA_STYLE_COLOUR ( '', #4887 ) ;
#6431 = FILL_AREA_STYLE ('',( #6430 ) ) ;
#6432 = SURFACE_SIDE_STYLE ('',( #6463 ) ) ;
#6433 = FACE_OUTER_BOUND ( 'NONE', #3622, .T. ) ;
#6434 = SURFACE_STYLE_FILL_AREA ( #6355 ) ;
#6435 = PRESENTATION_STYLE_ASSIGNMENT (( #6357 ) ) ;
#6436 = STYLED_ITEM ( 'NONE', ( #6435 ), #3282 ) ;
#6437 = CYLINDRICAL_SURFACE ( 'NONE', #6286, 3.000000000000000000 ) ;
#6438 = FACE_OUTER_BOUND ( 'NONE', #3620, .T. ) ;
#6439 = SURFACE_STYLE_FILL_AREA ( #6365 ) ;
#6440 = PRESENTATION_STYLE_ASSIGNMENT (( #6367 ) ) ;
#6441 = STYLED_ITEM ( 'NONE', ( #6440 ), #3283 ) ;
#6442 = FACE_OUTER_BOUND ( 'NONE', #3601, .T. ) ;
#6443 = SURFACE_STYLE_FILL_AREA ( #6376 ) ;
#6444 = PRESENTATION_STYLE_ASSIGNMENT (( #6378 ) ) ;
#6445 = STYLED_ITEM ( 'NONE', ( #6444 ), #3284 ) ;
#6446 = FACE_OUTER_BOUND ( 'NONE', #3600, .T. ) ;
#6447 = SURFACE_STYLE_FILL_AREA ( #6387 ) ;
#6448 = PRESENTATION_STYLE_ASSIGNMENT (( #6389 ) ) ;
#6449 = STYLED_ITEM ( 'NONE', ( #6448 ), #3285 ) ;
#6450 = FACE_OUTER_BOUND ( 'NONE', #3465, .T. ) ;
#6451 = SURFACE_STYLE_FILL_AREA ( #6398 ) ;
#6452 = PRESENTATION_STYLE_ASSIGNMENT (( #6400 ) ) ;
#6453 = STYLED_ITEM ( 'NONE', ( #6452 ), #3286 ) ;
#6454 = FACE_OUTER_BOUND ( 'NONE', #3603, .T. ) ;
#6455 = SURFACE_STYLE_FILL_AREA ( #6409 ) ;
#6456 = PRESENTATION_STYLE_ASSIGNMENT (( #6411 ) ) ;
#6457 = STYLED_ITEM ( 'NONE', ( #6456 ), #3287 ) ;
#6458 = FACE_OUTER_BOUND ( 'NONE', #3446, .T. ) ;
#6459 = SURFACE_STYLE_FILL_AREA ( #6420 ) ;
#6460 = PRESENTATION_STYLE_ASSIGNMENT (( #6422 ) ) ;
#6461 = STYLED_ITEM ( 'NONE', ( #6460 ), #3288 ) ;
#6462 = FACE_OUTER_BOUND ( 'NONE', #3447, .T. ) ;
#6463 = SURFACE_STYLE_FILL_AREA ( #6431 ) ;
#6464 = PRESENTATION_STYLE_ASSIGNMENT (( #2 ) ) ;
#6465 = STYLED_ITEM ( 'NONE', ( #6464 ), #3289 ) ;
#6466 = FACE_OUTER_BOUND ( 'NONE', #3406, .T. ) ;
#6467 = SURFACE_STYLE_FILL_AREA ( #11 ) ;
#6468 = PRESENTATION_STYLE_ASSIGNMENT (( #13 ) ) ;
#6469 = STYLED_ITEM ( 'NONE', ( #6468 ), #3290 ) ;
#6470 = CYLINDRICAL_SURFACE ( 'NONE', #6513, 3.000000000000000000 ) ;
#6471 = FACE_OUTER_BOUND ( 'NONE', #3640, .T. ) ;
#6472 = SURFACE_STYLE_FILL_AREA ( #21 ) ;
#6473 = PRESENTATION_STYLE_ASSIGNMENT (( #23 ) ) ;
#6474 = STYLED_ITEM ( 'NONE', ( #6473 ), #3291 ) ;
#6475 = CYLINDRICAL_SURFACE ( 'NONE', #6516, 2.825000000000000200 ) ;
#6476 = LINE ( 'NONE', #30, #6519 ) ;
#6477 = SURFACE_STYLE_FILL_AREA ( #441 ) ;
#6478 = LINE ( 'NONE', #32, #6520 ) ;
#6479 = LINE ( 'NONE', #34, #6521 ) ;
#6480 = LINE ( 'NONE', #36, #120 ) ;
#6481 = LINE ( 'NONE', #38, #121 ) ;
#6482 = LINE ( 'NONE', #40, #122 ) ;
#6483 = LINE ( 'NONE', #42, #123 ) ;
#6484 = LINE ( 'NONE', #44, #124 ) ;
#6485 = LINE ( 'NONE', #46, #125 ) ;
#6486 = LINE ( 'NONE', #48, #126 ) ;
#6487 = LINE ( 'NONE', #50, #127 ) ;
#6488 = LINE ( 'NONE', #52, #128 ) ;
#6489 = LINE ( 'NONE', #54, #129 ) ;
#6490 = LINE ( 'NONE', #56, #130 ) ;
#6491 = LINE ( 'NONE', #58, #131 ) ;
#6492 = LINE ( 'NONE', #60, #132 ) ;
#6493 = AXIS2_PLACEMENT_3D ( 'NONE', #6372, #6373, #6374 ) ;
#6494 = PRESENTATION_LAYER_ASSIGNMENT (  '', '', ( #6441 ) ) ;
#6495 = MECHANICAL_DESIGN_GEOMETRIC_PRESENTATION_REPRESENTATION (  '', ( #6441 ), #4874 ) ;
#6496 = MECHANICAL_DESIGN_GEOMETRIC_PRESENTATION_REPRESENTATION (  '', ( #6445 ), #4876 ) ;
#6497 = AXIS2_PLACEMENT_3D ( 'NONE', #6394, #6395, #6396 ) ;
#6498 = PRESENTATION_LAYER_ASSIGNMENT (  '', '', ( #6449 ) ) ;
#6499 = MECHANICAL_DESIGN_GEOMETRIC_PRESENTATION_REPRESENTATION (  '', ( #6449 ), #4878 ) ;
#6500 = AXIS2_PLACEMENT_3D ( 'NONE', #6405, #6406, #6407 ) ;
#6501 = PRESENTATION_LAYER_ASSIGNMENT (  '', '', ( #6453 ) ) ;
#6502 = MECHANICAL_DESIGN_GEOMETRIC_PRESENTATION_REPRESENTATION (  '', ( #6453 ), #4880 ) ;
#6503 = CIRCLE ( 'NONE', #305, 0.5000000000000000000 ) ;
#6504 = AXIS2_PLACEMENT_3D ( 'NONE', #6416, #6417, #6418 ) ;
#6505 = PRESENTATION_LAYER_ASSIGNMENT (  '', '', ( #6457 ) ) ;
#6506 = MECHANICAL_DESIGN_GEOMETRIC_PRESENTATION_REPRESENTATION (  '', ( #6457 ), #4882 ) ;
#6507 = AXIS2_PLACEMENT_3D ( 'NONE', #6427, #6428, #6429 ) ;
#6508 = PRESENTATION_LAYER_ASSIGNMENT (  '', '', ( #6461 ) ) ;
#6509 = MECHANICAL_DESIGN_GEOMETRIC_PRESENTATION_REPRESENTATION (  '', ( #6461 ), #4884 ) ;
#6510 = AXIS2_PLACEMENT_3D ( 'NONE', #7, #8, #9 ) ;
#6511 = PRESENTATION_LAYER_ASSIGNMENT (  '', '', ( #6465 ) ) ;
#6512 = MECHANICAL_DESIGN_GEOMETRIC_PRESENTATION_REPRESENTATION (  '', ( #6465 ), #4886 ) ;
#6513 = AXIS2_PLACEMENT_3D ( 'NONE', #17, #18, #19 ) ;
#6514 = PRESENTATION_LAYER_ASSIGNMENT (  '', '', ( #6469 ) ) ;
#6515 = MECHANICAL_DESIGN_GEOMETRIC_PRESENTATION_REPRESENTATION (  '', ( #6469 ), #4888 ) ;
#6516 = AXIS2_PLACEMENT_3D ( 'NONE', #27, #28, #29 ) ;
#6517 = PRESENTATION_LAYER_ASSIGNMENT (  '', '', ( #6474 ) ) ;
#6518 = MECHANICAL_DESIGN_GEOMETRIC_PRESENTATION_REPRESENTATION (  '', ( #6474 ), #4890 ) ;
#6519 = VECTOR ( 'NONE', #31, 1000.000000000000000 ) ;
#6520 = VECTOR ( 'NONE', #33, 1000.000000000000000 ) ;
#6521 = VECTOR ( 'NONE', #35, 1000.000000000000000 ) ;
#6522 = EDGE_CURVE ( 'NONE', #3491, #3646, #3072, .T. ) ;
ENDSEC;
END-ISO-10303-21;
