:040000006F00101D60
:10000400000000000000000090000020AE0400206A
:10001400A9BDF9F3900000200000000000000000DA
:10002400900000209000002000000000000000006C
:10003400900000200000000090000020000000005C
:1000440092000020900000209000002090000020EA
:1000540090000020900000209000002090000020DC
:1000640090000020900000209000002090000020CC
:1000740090000020900000209000002090000020BC
:1000840090000020900000209000002090000020AC
:1000940001A03727004083476700858B99CB93875E
:1000A40081809C439387470623A4F18085472303DB
:1000B400F7007300203073270080218B9387018120
:1000C40009CB7327008023A8E18098435D9B7310BC
:1000D40007800100010037170040930670052300D4
:1000E400D704930680FA2300D70401000100834655
:1000F400B70493F6F60DA305D7042300070473266B
:1001040000809443A18AD18E7390068023A8018035
:100114000100010093760502638406180347A700D3
:10012400118B25E773270080218B09CB732700806F
:1001340023A8E18098435D9B7310078001000100B0
:1001440037170040930670052300D704930680FAFE
:100154002300D704010001008346A70093E646006C
:100164002305D70023000704F32600809843218B3E
:10017400558F7310078023A8018001000100130725
:10018400004B010001007D176DFF73270080218B58
:1001940009CB7327008023A8E18098435D9B7310EB
:1001A4000780010001003717004093067005230003
:1001B400D704930680FA2300D704010001007D8947
:1001C4002314A7000100010001000100230007041B
:1001D400F32600809843218B558F7310078023A842
:1001E40001800100010073270080218B09CB732754
:1001F400008023A8E18098435D9B73100780010071
:10020400010037170040930670052300D7049306B6
:1002140080FA2300D7040100010001000100B72681
:10022400004013061005A383C68023000704F326A9
:1002340000809843218B558F7310078023A8018079
:100244000100010073270080218B09CB73270080F4
:1002540023A8E18098435D9B73100780010001008F
:1002640037170040930670052300D704930680FADD
:100274002300D704010001008346B70493E606086F
:10028400A305D70423000704732700809C43A18B94
:10029400D98F7390078023A8018001000100828018
:1002A40093760504638B06140347A700418B25E767
:1002B40073270080218B09CB7327008023A8E1805A
:1002C40098435D9B731007800100010037170040BD
:1002D400930670052300D704930680FA2300D704FD
:1002E400010001008346A70093E606012305D70019
:1002F40023000704F32600809843218B558F731045
:10030400078023A80180010001001307007D01007C
:1003140001007D176DFF73270080218B09CB7327A4
:10032400008023A8E18098435D9B7310078001003F
:10033400010037170040930670052300D704930685
:1003440080FA2300D704010001009376F50193E6B7
:1003540006042314D700010001000100010023005A
:100364000704F32600809843218B558F7310078070
:1003740023A8018001000100130760046310E50451
:1003840073270080218B09CB7327008023A8E18089
:1003940098435D9B731007800100010037170040EC
:1003A400930670052300D704930680FA2300D7042C
:1003B40001000100B72600400946B5B57327008047
:1003C400218B09CB7327008023A8E18098435D9B90
:1003D4007310078001000100371700409306700571
:1003E4002300D704930680FA2300D70401000100F8
:1003F400B7260040130620053DB573270080218BE6
:1004040009CB7327008023A8E18098435D9B731078
:100414000780010001003717004093067005230090
:10042400D704930680FA2300D70401000100835601
:10043400870093E6060C2314D700C5BB41118146FF
:1004440001468145114506C6192CF3270080A18B6E
:100454009386018189CBF327008023A8F1809C42F5
:10046400DD9B7390078001000100B717004013075C
:1004740070052380E704130780FA2380E704010052
:10048400010003C76704136717002383E70423806D
:100494000704732700809C42A18BD98F7390078037
:1004A40023A8018001000100B240410182808146FD
:1004B4000146814511456522F3270080A18B1387EE
:1004C400018189CBF327008023A8F1801C43DD9BA5
:1004D4007390078001000100B71700409306700570
:1004E4002380D704930680FA2380D70401000100F7
:1004F400FD562396D70223800704F32600801C436D
:10050400A18BD58F7390078023A80180010001007F
:10051400F3270080A18B89CBF327008023A8F180E7
:100524001C43DD9B7390078001000100B717004056
:10053400930670052380D704930680FA2380D7049A
:100544000100010083C6670493E616002383D704E1
:1005540023800704F32600801C43A18BD58F73905E
:10056400078023A801800100010001A0BD473305D5
:10057400F50201007D1575FD8280411122C426C259
:1005840006C6AA84014463179400B24022449244EC
:100594004101828005041305803E4204C13F41802D
:1005A400DDB72303048015472303E48001002302FD
:1005B400A480828083076480E3CE07FE2303048043
:1005C400828083076480E3CE07FE034544808280F3
:1005D40083076480E3CE07FE2302A4808280411156
:1005E40026C44AC24EC006C61377F50BAD47AA8986
:1005F4002E8995446306F70019456537653F8D4498
:100604004E854537FD59FD1463983401B240A24428
:100614001249824941018280135509011375F50F6E
:10062400453F2209CDB7011126CC06CEB7040800F8
:1006340051371545BD37713769372AC6A53F32454D
:100644009377150089EB136515001375F50FF240C8
:10065400E24405618280FD14E9FC0145CDBF397196
:1006640026DC4ADA4ED852D656D45AD25ED006DEAA
:1006740062CE66CCB7E700E07D5783AA070022C6A6
:1006840003AA470023A0E71823A2E718B7170040DE
:10069400130770052380E704130780FA2380E70417
:1006A40083C74704930B75FFB684E20793FBFB0FE4
:1006B4008546AA892E8B328937240040E187015769
:1006C40063FA76016308D5008946130700026313B1
:1006D400D5000157D98F93F7F70FB71C0040238239
:1006E400FC0411472303E4801305F00F5D3D094C1E
:1006F400D135636D7C11B7050700DA95378707009C
:10070400795563F2E504B3879500636EF702370BFE
:100714000800A94733EB65016399F90689E481442C
:10072400513D26850DA0DA850945553D050903454A
:10073400F9FFFD14050B693D81C49377FB0FFDF7A9
:10074400DD3569FD7D55B71700401307700523801B
:10075400E704130780FA2380E70403C74704418BA7
:100764002382E704F250B7E700E023A0571123A245
:100774004711E25432445259C259325AA25A125BB6
:10078400825B724CE24C21618280A5476395F90635
:1007940085691309F00FB3069900B3742B01B6945D
:1007A4001349F9FFB3749900856B33796901416B7F
:1007B4009387F9FFB3F7270199E363FC340193D9D5
:1007C4004900C147E3E637FF99BF0569C1697D194F
:1007D400D9B71305800D638869011305000263848A
:1007E400790113051008CA85DD3B353D21DD4E999D
:1007F400B3843441D9B7DA852D45D533CA94E3009F
:1008040099F205097D3BA30FA9FED5BF9387F9FF94
:1008140093F7F70F6361FC0C83C71C0413073008BC
:10082400631FF70437070800636BEB04B3079B00EF
:10083400B706100063F5D704334BEB008947639385
:10084400F9068980D549E38C04ECDA850945413BF6
:1008540011090327C9FF91472320E480030764801B
:10086400E34E07FE23033481FD17EDFBFD14110B4A
:1008740081C49377FB0FE9FF7D3371F5E1B5B717B9
:10088400004003C75704B70708001377070219E3AA
:10089400B78707007955E378FBEA33079B00E3FF4A
:1008A400E7F855B58547E382F9F2DA852D45053B2E
:1008B4009389F4FFE38504E6293393F7390091EB38
:1008C400832604800327090093074900E39AE6E49A
:1008D4003E89CE84F1BFB5476396F9001305900BAA
:1008E400C93135BDB1471305B00AE38BF9FE994709
:1008F4006391F904B7050800B365BB002D45C53104
:1009040081448D4BA1497539639674018327048012
:100914002320F9008504E39834FF83270480131708
:100924002B01635507002312F900D5BB2322F900DC
:10093400FDB39D476399F90281451305B004453120
:10094400BD442320090023220900FD599D3993F752
:100954007400CA9703C70700FD14398D2380A700CC
:10096400E39634FF6DBBA1476392F9046D3981446A
:10097400630D0B008D479304C0036308FB009304CD
:10098400000563048B01930440041375C507E30851
:1009940095D81945393139390545213126850D391F
:1009A40009453D314931E31C05D669BB914763993B
:1009B400F90013056006F536F53E130590090DB7E9
:0809C400E38F09D4F154A9BB33
:1009D00097110020938101D01771002013018162CB
:1009E0001305400097F5FF1F9385C561170600208A
:1009F0001306C6FD63FAC5008322050023A0550037
:100A000011059105E3EAC5FE17B50000130505B011
:100A100097050020938585FB1386818063FAC500C6
:100A20008322050023A0550011059105E3EAC5FEC8
:100A30001385818097250020938585BE6377B50057
:100A4000232005001105E36DB5FEFD42739002BC45
:100A50008D4273904280930280087390023097F227
:100A6000FF1F9382225A93E2320073905230970212
:100A700000009382C20E73901234730020303D4305
:100A80002A876373C3029377F700BDEFADE59376D2
:100A900006FF3D8ABA960CC34CC30CC74CC741072E
:100AA000E36BD7FE11E28280B306C3408A06970249
:100AB000000096966780A6002307B700A306B7003C
:100AC0002306B700A305B7002305B700A304B700AA
:100AD0002304B700A303B7002303B700A302B700A2
:100AE0002302B700A301B7002301B700A300B7009A
:100AF0002300B700828093F5F50F93968500D58D7E
:100B000093960501D58D61B7939627009702000053
:100B100096968682E78086FA9680C1171D8F3E964C
:100B2000E374C3F8A5B701458280371700408327D7
:100B3000870A411106C693E707202324F70A854553
:100B400013050010EF3000418D4513050020EF30F4
:100B50006040B24041016F3060581D711305800440
:100B600086CEA2CCA6CACAC8CEC6D2C4D6C2DAC065
:100B700097F0FF1FE78060544D3F0565130505772B
:100B8000EF3080513727004083472700179500003A
:100B90001305C54D1384818093E717002301F700E7
:100BA000B7E700E0416723A0E710EF60E0771C4063
:100BB000179500001305054DEF60007781449709F4
:100BC0000020938929E3179B0000130B6B4C714A9B
:100BD000ED4A13090031B387990083C507005A8590
:100BE000EF60405FB3E74403639557012945EF6029
:100BF000C0628504E39124FF3146979500009385F8
:100C000025454800EF50901A31469795000093858E
:100C1000E5440808EF50901917950000130585501A
:100C2000EF20F071979500009385C54F180897063F
:100C30000000938686EF1386C1812810EF20D038FC
:100C4000AA8501C91795000013050545EF60805876
:100C500001A01408500089452810EF2010427008A8
:100C60000C08281003290400EF20B04CAA84084087
:100C700033052541EF50205C979700009387C73ECE
:100C80008C43EF40302EEF50E0672A86AE861795F2
:100C90000000130565429795000093856541EF605C
:100CA00060531C40B5E892547D59930900000144FB
:100CB000179B0000130B8B41A94A8840EF508064BA
:100CC0002A86AE865A85A285EF60C05003AA04002A
:100CD000CE855285EF4030546354A0002289D289DA
:100CE00005049104E31B54FD4E85EF50A06193175A
:100CF000290097060020938666CDBE9690422A87EB
:100D0000AE87179500001305253DCA85EF60804C1E
:100D10002810EF20F0332DBFA6851795000013058E
:100D2000253FEF60204BEDB71571A2CD6E535E5499
:100D30004E5E0E5F336364003E543363C301CEC71F
:100D400066DB86CFA6CBCAC9D2C5D6C3DAC15EDF01
:100D500062DD6AD96ED7054E9E5EFE59832C011066
:100D6000336383006304CF016F20A0671D4E639837
:100D7000EE0B2E54154F0D4E63438F0AB304F7024A
:100D8000654F254E634D9F086399D401333360004E
:100D900033E369000D4E631403083ED097A70000AB
:100DA000938787D02EC42AC68325C11088433A84EE
:100DB00046D442D236CC32CEEF40D01AEF50C02FBC
:100DC000A2472ACA23A6A18083D76700014B971B9D
:100DD0000020938BAB6B3EC817A90000130909CD07
:100DE000C247634EFB04B24703D967008547639D42
:100DF000F43AA247014A814903A3870093171900D7
:100E00003EC883270111854A0D4B930B006013FCEC
:100E1000F70FA24783D7270063C5F938014EFE407C
:100E20006E44DE444E49BE492E4A9E4A0E4BFA5B42
:100E30006A5CDA5C4A5DBA5D72852D6182809317C7
:100E40002B00338CFB00E6978843050BEF50804B5B
:100E50002A86AE860325090083254900EF30202B22
:100E60002A8A03254110AE8AEF50C0492A86AE86F1
:100E70005285D685EF30A029EF4000442320AC00F6
:100E800085B7B2473247E24303D8470083D76700AC
:100E9000971200209382825F33084803014E269800
:100EA000B307F802032887003E98F247B38F270163
:100EB000BE889D47B38707413ED0A24783D76700CE
:100EC000FD176346FE029D47B38E0741A24783D7B5
:100ED00067006345FE1C92570504BE94A24783D762
:100EE0004700E340F4FAA25785093E9A1DB7937E66
:100EF00089FFC6857E8542868147814602573297A3
:100F00006364D70763E02E1503A70300BA9603A70F
:100F10000200A206B3C6E6022E5763095715630BFB
:100F200067155247B306D702C186E2962300D30065
:100F300003A74300BA9703A74200A207B3C7E7027B
:100F40002E5763015715630367155247090E0903AE
:100F5000A103A102B307F702C187E297A30FF3FE33
:100F6000C247BE98BE9F91BF030F0600038D0500C8
:100F7000830C050003872500330DED03830D350039
:100F80002106A1052105B38CEC03EA96030F96FF19
:100F9000038D95FFE697830C95FF330DED03338F9B
:100FA000EC03EA96B30CFF008307A6FF030FA5FF2F
:100FB0003307F702B307FF02330DD7008386B5FF6F
:100FC000338F97018307B6FF830CC5FFB386F60204
:100FD000B387FD023387A601038DC5FFFA97030F80
:100FE000C6FF330DED03B38CEC03B306ED00030F26
:100FF000D5FF0387D5FFB38DFC008307D6FF3307EA
:10100000F702330FFF02330DD7008307E6FF838615
:10101000E5FFB30CBF01030FE5FFB386F602B3078C
:10102000FF023387A6018386F5FF338F970183077D
:10103000F6FFB386F602BA960307F5FFB307F70289
:10104000FA976DBD3307D801030607003387D8012F
:10105000030707003307C702BA963387DF01030788
:101060000700850E3307C702BA9769BDE3DB06EABE
:10107000814645BD63D306008146E3D4DBEA93068F
:10108000006045B5E3D307EC8147C1B563D30700E2
:101090008147E3DCFBEA9307006045BD937589FF58
:1010A0004686C28681473387DE006365B70463E105
:1010B000250DE24613172E00BA969442B69797165E
:1010C00000209386A63C369714432E57A207B3C739
:1010D000D702630C570B630E670B52470503CA9880
:1010E000050EB307F70203270111C187BA97A30FB3
:1010F000F3FEE9BB0307060003850600030F460065
:10110000A1063305E502038796FF2106AA9703058A
:1011100096FF3305A7020387A6FFAA970305A6FF3C
:101120003305A7020387B6FF3E958307B6FFB307D3
:10113000F7020387C6FF330FE703AA970387D6FF9B
:101140000305D6FFB30FFF003305A7028307E6FFB1
:101150000387E6FFB307F702330FF5010387F6FFB6
:101160003385E7018307F6FFB307F702AA9725BF88
:101170003307B800B386B80003070700838606006C
:1011800085053307D702BA971DB7E3D807F481471F
:10119000A9B763D307008147E3D1FBF4930700604D
:1011A0002DBF814401441DBB6391094EA247A28516
:1011B00083A98700635304008145338825030146D2
:1011C00081468147138541450257635AE6021397CA
:1011D00026002A970143BE8831A02320170105036A
:1011E000CA981107E34B83FE3247C297AE96035766
:1011F00047000506018F33072703BA97F1B7338AF3
:10120000240302C8171E0020130E4E9893171A00CD
:10121000BEC2BE57937D8AFFB30AF0403ED89317F3
:1012200024003EDEA247424783D72700E358F7BE9B
:10123000425793D7FA4102D6F98F3EDCDE577257F8
:101240003EDA330BF040E257B3878702F297BEC411
:10125000E257B387E70213874145BA97BEC6832793
:10126000011193F7F70FBEC0A247325783D747004B
:10127000634CF700C247225785073EC8A257BE9A63
:10128000C257998F3ED879BFB2471357FB01B24678
:1012900083DB470003DC270093D7FA01BA97025794
:1012A00083DC660056973327EC00BA9733078B0030
:1012B00033A7EB00BA9733877A035A97330797031C
:1012C00083AC8600BA9CB9EB971600209386068CF7
:1012D00001473386EC0063412705624F971E0020CB
:1012E000938ECE1A72468148854F8D4293030060DB
:1012F0002DA29395270013854145AA958C41B2955F
:1013000003850500B385F60085072380A500E3C2A9
:1013100097FE0507A69675BF8147D5BFD257135DC7
:10132000FB41330C5C41337DFD00825763D3870161
:101330003E8CB38B6B4163537401A28B8325811068
:1013400072855286EFF0AFF3A6462A8E01473388A6
:10135000EC00E35427F9B6853645625625A09398EC
:101360002700AA9883A80800C29803830800B388BE
:10137000F500850723806800E3C377FFF257050671
:10138000A2953E95634586010507A696C9B7EA87EB
:10139000E5B73305CA001D47AA8B170800201308BC
:1013A000E87EB28581478146330CC7403307BC00D5
:1013B0006362B70B6E87636B471703270F00BA96FC
:1013C00003A70E00A206B3C6E6022E576304F71960
:1013D000630657185247B306D7020647C186BA9626
:1013E0002380D90003274F00BA9703A74E00A20716
:1013F000B3C7E7022E57630BF717630D5716524713
:1014000089088909210FA10EB307F7020647C18792
:10141000BA97A38FF9FE96473E96A24783D76700F7
:10142000FD17E3C8F8F61D43971E0020938E0E06A5
:10143000054F8D4F93020060A24783D7670063DD9D
:10144000F8221707002013076774B2878146330814
:10145000C34075A203030800038D0500830C05003B
:1014600003872500330D6D022108A1052105B38CEA
:101470006C02EA96030398FF038D95FFE697830CB1
:1014800095FF330D6D0233836C02EA96B30CF300C3
:101490008307A8FF0303A5FF3307F702B307F3028F
:1014A000330DD7008386B5FF338397018307B8FFD9
:1014B000830CC5FFB386F6023387A6018306B5FF0A
:1014C000038DC5FFB387F6029A970303C8FF330D58
:1014D0006D02B38C6C02B306ED000303D5FF0387E6
:1014E000D5FFBE9C8307D8FF3307F7023303F3020F
:1014F000330DD7008307E8FF8386E5FF9A9C03033B
:10150000E5FFB386F602B307F3023387A6018386AD
:10151000F5FF338397018307F8FFB386F602BA9687
:101520000307F5FFB307F7029A9749B5B305C7015B
:1015300003850500B305E60083850500B385A50294
:10154000AE96B385EB00838505000507B385A5023C
:10155000AE9795B5E3D006E88146ADBD63D30600EE
:101560008146E3D9D3E693060060ADB5E3D907E839
:10157000814771B563D307008147E3D2F3E893074E
:101580000060B5BD8385070003050700838347001E
:1015900021073305B502830597FFA107AA960385A6
:1015A00097FF3385A5028305A7FFAA960385A7FFAA
:1015B0003385A5028305B7FF36958386B7FFB386CB
:1015C000D5028305C7FFB3837502AA968305D7FFAB
:1015D0000385D7FFB38BD3003385A5028386E7FF4E
:1015E0008305E7FFB386D502B30375018305F7FFD3
:1015F000338576008386F7FFB386D502AA96B305B6
:10160000F800E3E1B5F9EE8763EF4703E24713978C
:101610002800BA979C437697BE961C43A206B3C691
:10162000F602AE57638EE7036380F705D24785095C
:1016300052968508B386D70283270111C186BE96CC
:10164000A38FD9FED5BB3387C701B305F6000307C7
:1016500007008385050085073307B702BA966DB783
:10166000E3D606FC8146D9B763D306008146E3DFA3
:10167000D2FA930600605DBFB257125785073ED677
:10168000D2573A9B998F3EDAC5B66384F9006F1042
:10169000D02402578D476304F7006F10203A63048B
:1016A000E4006F10A039B247125783D74700F517EF
:1016B0003386270393171900630437016F00707A8C
:1016C000225792566304D7006F00B07923AEF144DD
:1016D00023AA014423AC214533872701329723A055
:1016E000E1464A9723A2E1464A9723A4E1464A9756
:1016F000329723A6E1464A9723A8E1464A9723AAB0
:10170000E146B307264113162900B29701478145E8
:10171000138841DDC148AE86130547001316270024
:10172000429614C20507CA96E31AA7FEBE95E314B3
:1017300017FFC24792073EC5BE57B307F0403ED0E1
:10174000BE8ABE5785073ECB8327011193F7F70F5B
:101750003ED4BE575A47D697BEC0A247569783D7A6
:101760002700634BF714224703574700D98F8D8B0F
:10177000638607EAB2470259970D0020938D0D4109
:1017800003D66700A2479384414503DA6700944774
:10179000B24783D74700F5173387C70223AA01440E
:1017A00023ACC1449317160023AEF144B297BA9705
:1017B00023A0F146B29723A2F146B29723A4F146A3
:1017C000B297BA9723A6F146B29723A8F146B297EB
:1017D00023AAF146A547B307FA023ED2BE57CA97DD
:1017E0003EC8A247424783D72700E34CF700B247E1
:1017F00017080020130888399384414503D66700F1
:10180000A247854D83D967009447B24783D74700E5
:10181000F5173387C70223AA014423ACC1449317A9
:10182000160023AEF144B297BA9723A0F146B297BF
:1018300023A2F146B29723A4F146B297BA9723A602
:10184000F146B29723A8F146B29723AAF146A547DD
:10185000B387F9023ED20257BE57BA973EC8A24795
:10186000424783D72700635BF7DA82578D4A13DA42
:10187000F741B307F04033FA4701DE573309F04030
:101880008D47B307FA02C2973ED4B147B307FA02B5
:10189000A6973ED68257FD833ED882578D073EDA03
:1018A000DE57B38C2701A24783D74700E3C5FC2A44
:1018B000825785073ED045B73307504193D7FA4149
:1018C000F98F3EDADE57138741E102D6B307F040C5
:1018D0003ED2D2578A07BA973EC7D257138741DD07
:1018E0009207BA973EC993D7FA013ECD93873A0043
:1018F0003ECFA24783D64700B257850763C4D700BF
:10190000890A81BDB24783D4470003D92700925783
:1019100013D7F701EA473386E700FA4733A72701D1
:10192000934717003307F60092578D07B3A7970028
:1019300093C71700B30FF700B3879A021257BA97ED
:10194000324703546700B387870200473E94639190
:101950000F368647B386F602B257BE96C247B386A5
:10196000F602A2479C47BE96938741DD98433ADE34
:10197000D843BAC29847BAC4984BBAC6D84BBAC86B
:10198000984FBACA9853BACCD853BACE9857BAD04F
:10199000D847BAD2D84FBAD4D857BAD6985BBADAA1
:1019A000D85BBADC985FDC5F6246BADE72473EC342
:1019B000C24763C9FF00B25789073ED692578907CD
:1019C0003ED205BF964783088700030D0700A29704
:1019D000038C0700A64746D8A658A297038B07009A
:1019E000B647A298838E0800A29783870700B6584F
:1019F000830C17003EDCC647A298038E0800A2970E
:101A000003880700D64733038D03830B2700A29773
:101A100003850700E647030A370083094700A297BA
:101A200083830700F647B3886C0303095700A29726
:101A30008385070086578304670083027700A29797
:101A40008387070046939658B38D0C03A29883882A
:101A50000800625FB38878039A9833030A03330F50
:101A6000ED039A983383A902FA9D338FAB029A98BB
:101A70003303D9036E9FB30D7A024693B388B40241
:101A8000FA9D338FB9024693B388F2026E9FB30D6D
:101A9000F9029A9842533303C303FA9D565F229F7B
:101AA000030F0F00330F9F029A98C6D8E658A298EA
:101AB00003830800F6586E9FB38D6202A298838854
:101AC00008006E9FC25DB38EDB03B38D1D036E9F56
:101AD0007AC1B30D0D03338FAC026E9FB30DBA0202
:101AE000769F6E9FB38DF902330EC9036E9F3383C9
:101AF0006402729FB38812031A9F469F9A48330C60
:101B00009C03A29803830800C258330313039398DD
:101B10002F00330E6F0017130020130323979A989A
:101B200083AE0800F258330B7B03A2988388080029
:101B3000338DA803E258338A4803629D5A9D3308C7
:101B40003803529D33052503429DB38393022A9D9A
:101B5000B38555021E9D2E9DC255B387B7020C4218
:101B60003E9DAE572E9D220D8545334DDD03638985
:101B7000B70C8D45638AB70CD2478545338DA703D3
:101B8000A257135D0D413E9D2380A601C657032336
:101B900006003E93AE5722033343D3036380B70C52
:101BA0008D456381B70CD245C2470545B69733834F
:101BB0006502A255135303412E9323806700A24769
:101BC000C245832D060083D74700B387B7028A45F5
:101BD000AE9DAE55A20DB697B3CDDD03638EA508BD
:101BE0000D45638FA508D2450545B38DB503A255B4
:101BF00093DD0D41AE9D2380B701A247C24503236B
:101C0000060083D7470072938507B387B702AE55A6
:101C10002203B6973343D303638EA5060D45638F26
:101C2000A506D24585060504850F110625073383D1
:101C30006502A255135303412E93238067008DBB89
:101C4000E35C0DF2014D0DBF63530D00014D930791
:101C50000060E3D3A7F3130D006039BFE35503F42D
:101C6000014391B763530300014393070060E3DC32
:101C700067F21303006005BFE3D70DF6814DA5B7EA
:101C800063D30D00814D93050060E3DEB5F5930D40
:101C9000006091BFE35703F8014361B7635303004A
:101CA000014393050060E3DE65F61303006095BF12
:101CB00092573309594193D9F741B307F040B3F92B
:101CC0003701914763D32701114992579D8C914762
:101CD00063D3970091442A4683258110138541E1FF
:101CE000EFE0FFD9BA460147C2473308E400634E2C
:101CF000F728A2470647E24583D74700F246B38755
:101D0000E7023257BA974247B387E702224718479C
:101D1000BA973EDC625697070020938727773ED814
:101D2000138741E1A24703D56700E257B307F640A6
:101D3000E3D3A7C8038D0600838C1600030C17009D
:101D4000030B2700838B2600330E8D038307470088
:101D5000038A3600830857003EDEF25F838946001F
:101D600003086700038956000304870033836C036C
:101D7000030F770083846600030597008383760052
:101D80008307A70083828600830EB7001A9E030391
:101D90003700B30FFD0333037303B38D1C0372933A
:101DA000330E1A03FE9D7293B38F0B03338E090318
:101DB000EE9F7293B30D8A02330EE903FE9D1A9EC5
:101DC000B38FA9023383A402EE9F1A9EB30DF902CA
:101DD0003383F302FE9D830FC7007293338ED203C9
:101DE000B38F9F027293030ED7009AC20303E700DA
:101DF000EE9FB38DC303EE9FB38D6202EE9FFEC4D0
:101E0000B30D1D03B38F0C03338FEB03EE9FB30DA4
:101E1000AA02FA9FEE9FB38DF902B30ED903EE9F8B
:101E2000338EC403F69F33836302F29F030EF700E1
:101E30009A9F4253330C9C03032F030003030700B4
:101E4000330DA3037253330B7B03629D330A4303A9
:101E50005A9DB3883803529D33082803469D3304A6
:101E60009402429D33057502229DB38757022A9D35
:101E70008841330E5E023E9DAE572A9D220D0545D8
:101E80007E9E334DED036386A7100D456387A71033
:101E9000D24716450544338DA703A257135D0D4164
:101EA0003E9D2300A6019C41AA972E55A207B3C7C9
:101EB000E703630E850E0D44630F850E52444245C1
:101EC0003295B307F4022254C187A2972300F5008C
:101ED000A247424583AD050083D747000544B38739
:101EE000A7022645AA9D2E55A20DB297B3CDED03AC
:101EF000630D850C0D44630E850C52450544B30DEE
:101F0000B503225593DD0D41AA9D2380B701A24759
:101F1000424583AF050083D747007E9E8507B38780
:101F2000A7022E55220EB297334EEE03630D850A9B
:101F30000D44630E850A5245410705069105A50625
:101F4000330EC5032255135E0E412A9E2380C7011E
:101F5000C25791073ED8F9B393982700AA9883A84F
:101F60000800C29803830800B388F5008507238022
:101F70006800E3C397FE0506410591056345260108
:101F80000507C10695B3CE87EDB7B6854A455256CB
:101F9000F5B7E35F0DEE014DE5BD63530D00014D57
:101FA00093070060E3D6A7EF130D0060D5B5E3D724
:101FB00007F0814721B763D307008147130500600D
:101FC000E35EF5EE93070060D5BDE3D80DF2814DD9
:101FD0002DB763D30D00814D13050060E35FB5F1AC
:101FE000930D006019BFE3580EF4014EA9B7635377
:101FF0000E00014E13050060E35FC5F3130E006091
:102000001DBFB3072041935AF941B3FA5701DE5778
:102010000D4BB309F0408D47B387FA02EE973ED4DB
:10202000B147B387FA02A6973ED69357F9013ED837
:10203000930739003EDADE57338D3701B24783DB31
:10204000470003D66700A24783D747006345FD00DA
:1020500005096FF0AFF833047903B247425703DC48
:10206000270093D7F901BA9752573327EC00BA9754
:102070001387390033A7EB004E94BA973307C40295
:10208000324600463A946393071403A8040083A8D9
:10209000440003A3840003AEC40083AE040103AF75
:1020A000440183AF840183A2C40183A30402724765
:1020B000170500201305853D930B006063C547019C
:1020C000D29685098DBF33060401830C06000306F2
:1020D0000700030C170083052700338DCC0233065D
:1020E000140103060600330C86033306640003065E
:1020F0000600B305B6023306C401B30C8D01030616
:102100000600030D3700330DA6033306D401338CCC
:10211000BC0003060600830C4700B30C960333068D
:10212000E401B305AC0103060600030C5700330CB1
:1021300086033306F401338D9501030606008305FB
:102140006700B305B602B30C8D01330654000306D5
:102150000600338CBC0083057700B305B602330656
:10216000740003060600E295030C8700330686031D
:10217000624CB2951396270062961042054CB295B8
:10218000139685000C41B345B6022E5663048603B0
:1021900063066603524C3386F6000504850725075F
:1021A0001105B305BC02032C0111C185E295230082
:1021B000B60029B7E3D005FE8145E9BF63D305002A
:1021C0008145E3D9BBFC93050060E9B793DCF94195
:1021D000B3073041330C2C41B3FC970163538B019F
:1021E0000D4CB38B3B4163537B018D4B12568325C2
:1021F00081106E85EFE0BF88A25601473308E400E6
:10220000634B4713A247724717080020130808289A
:1022100083D64700C247814593080060B386F60223
:10222000A247369D330D4D039447970700209387AF
:10223000E795EA96E3D645E9038E07000306070013
:102240000303170003052700B30ECE020386170011
:10225000624433036602038627003305A602338EE9
:102260006E0003863700830E37003303AE00B30ED3
:10227000D603030E470003864700330EC60333051B
:10228000D3010386570003035700B30EC501330380
:10229000660203056700038667003305A602338ED6
:1022A0006E00038677003303AE0003057700330525
:1022B000A602038687001A95030387003306660289
:1022C0003295139625002296104205443295131636
:1022D0008500032508003345A6022E5663018606B5
:1022E0006303660752443386B600A50785052507B4
:1022F00011083305A402032401114185229523000E
:10230000A6000DBF93982700AA9883A80800C2983A
:1023100003830800B388F500850723806800E3C3C2
:1023200077FF050631058D05634586010507A5067E
:10233000F1B5E687EDB7B68532555686F5B7E35366
:1023400005FA014545B7635305000145E3DCA8F8EC
:102350001305006041BFB2474257324603DB4700D6
:1023600083DB27009357F901BA975257035466004D
:1023700033A7EB00BA97130739003327EB00BA975E
:102380000257330767034A973307870200463A9498
:102390006393071483A8040003A3440003AE8400DE
:1023A00083AEC40003AF040183AF440183A2840160
:1023B00083A3C40103AB0402724717050020130571
:1023C000E50C930B006063C63701CE9605096FF0EC
:1023D0002FCD33061401830C060003060700030CFF
:1023E000170083052700338DCC02330664000306F3
:1023F0000600330C86033306C40103060600B3054A
:10240000B6023306D401B30C8D0103060600030D9A
:102410003700330DA6033306E401338CBC000306FA
:102420000600830C4700B30C96033306F401B30592
:10243000AC0103060600030C5700330C8603330679
:102440005400338D95010306060083056700B3052C
:10245000B602B30C8D013306740003060600338CFC
:10246000BC0083057700B305B6023306640103069A
:102470000600E295030C870033068603624CB29592
:102480001396270062961042B295139685000C4170
:10249000B345B6022E566304B60363065603524C88
:1024A0003386F6000504850725071105B305BC0230
:1024B000032C0111C185E2952300B60029B7E3D0B2
:1024C00005FE8145E9BF63D305008145E3D9BBFC27
:1024D00093050060E9B7B3072041135CF94133FC71
:1024E00087018257B38BFB4063D37A018D4B330B4B
:1024F0002B4163D36A010D4B12568325811042850F
:10250000EFE0EFD7A2562A880147B308E400634AF8
:102510003713A247724797080020938828F783D67D
:102520004700C247814513030060B386F602A24705
:10253000B69CB38C3C03944797F7FF1F93870765BE
:10254000E696E3D435E9838E070003060700030E01
:10255000170003052700338FCE020386170062445D
:10256000330EC603038627003305A602B30ECF0140
:1025700003863700030F3700338EAE00330FE603B8
:10258000830E470003864700B30ED6033305EE01E2
:1025900003865700030E5700330FD501330EC603D1
:1025A00003056700038667003305A602B30ECF015B
:1025B00003867700338EAE00030577003305A6024D
:1025C000038687007295030E87003306C603329593
:1025D000139625002296104232951316850003A506
:1025E00008003345A6022E566301B607630356075B
:1025F00052443386B600A5078505250791083305A3
:10260000A40203240111418522952300A60015BFD1
:10261000139327002A93032303004693030E03001A
:102620003383F50085072300C301E3C367FF050675
:1026300031058D05634576010507A506F9B5E287E5
:10264000EDB7B68532555286F5B7E35305FA014525
:1026500045B7635305000145E35CA3F8130500602B
:1026600041BF2247014A93844145144723AEF144B8
:10267000CA97B29723A0F146CA9723A2F146CA97F8
:1026800023A4F146CA97B29723A6F146CA9723A876
:10269000F14623AC214523AA01443E99424723AA8F
:1026A0002147A547B307F70297FFFF1F938F0F4EF0
:1026B0003EDABE573309F0403ED0A24783D7270009
:1026C0006344FA006FE08FF58257935DF941014D45
:1026D000B3FDFD00DE573ED6B309F040B147B387E6
:1026E000FD02A6973ED88D47B387FD02FE973EDEDA
:1026F0009357F901BEC093073900BEC2A24783D7E2
:102700004700634AFD00A2572257050A3E998257A7
:10271000998F3ED05DB7B2470647324683DA47000D
:1027200003DB270093D7F901BA97164703546600D5
:102730003327EB00BA971387390033A7EA00BA971B
:10274000330759034E973307870200463A94639B39
:102750000714984C03A8040083A844003ADC03A3A0
:10276000840003AEC40083AE040103AF440183A21E
:10277000C40183A3040272478D4A130B00604246D2
:1027800063CAC700B2571257B296050D998F3ED64D
:10279000BA99ADB733060401030C0600030607001F
:1027A000830B170083052700B30CCC0233061401FA
:1027B0000306060013952700B30B76033306640067
:1027C00003060600B305B6023306C401338C7C0150
:1027D00003060600830C3700B30C96033306D401BE
:1027E000B30BBC0003060600030C4700330C860342
:1027F0003306E401B3859B0103060600830B5700F3
:10280000B30B76036256B38C85018305670022966D
:1028100003060600B305B602338C7C013306540070
:1028200003060600B30BBC0083057700B305B602B0
:102830003306740003060600DE95830B870033061B
:102840007603B29562462A96832B0600170600206F
:102850001306C6C33295DE952E56832B0500A205BE
:102860000545B3C575036303A602630556035245C8
:102870003386F600050485072507B305B502032551
:102880000111C185AA952300B600D5BDE3D105FE8F
:102890008145F1BF63D305008145E35ABBFC930535
:1028A0000060F1B7B25793DBF941330B2B41B3FB17
:1028B000FB008D4763D367010D4BB38A3A418D47C7
:1028C00063D357018D4A5256832581107E85EFE0F0
:1028D0000F9BAA8F01472545C2473308E400635187
:1028E000F704B307A702F256C2556E86B6971DA02D
:1028F00093982600AE9883A80800C2980383080026
:10290000B388D700850623806800E3C356FF050619
:10291000B1058D076344660105077DBFDE86F5B707
:10292000A247814517F7FF1F1307472683D64700A5
:10293000C2478D48B386460313030060EA96B38608
:10294000F602A2479C47BE96F2474246E3DCC5E248
:10295000830E070003860700038E170003852700F8
:10296000338FCE0203061700139825000544330E5B
:10297000C603030627003305A602B30ECF010306E4
:102980003700038F3700338EAE00330FE603838E9C
:10299000470003064700B30ED6033305EE010306D6
:1029A0005700038E5700330FD501330EC60303853E
:1029B0006700030667003305A602B30ECF010306C6
:1029C0007700338EAE00038577003305A602030639
:1029D00087007295038E87003306C60332956246E0
:1029E0004296032E060017060020130626AA3298E8
:1029F00072952E56032E080022053345C503630346
:102A000086026305160352443386B6002507850502
:102A1000A5073305A4020324011141852295230053
:102A2000A60025B7E35105FE0145F1BF635305003C
:102A30000145E35AA3FC13050060F1B7A247A28544
:102A400003AA8700635304008145338825030146A8
:102A500081468147138541450257635AE602139721
:102A600026002A973E83814831A0232067008508ED
:102A70004A931107E3CB88FE3247C297AE960357BD
:102A800047000506018F33072703BA97F1B7C247FE
:102A900002D693894145B3879702BEC2BE57B30D94
:102AA000F0403EDC93172400BEC0A247325783D7C4
:102AB00027006344F7006FE06FB6625793D7FD417C
:102AC00002D8F98F3EDEDE5717F7FF1F1307070CFA
:102AD0003EDA330DF040F257B307F402BA97BEC6A0
:102AE00072578647B387E702CE97BEC493D7FD01DE
:102AF000BEC88257EE97BECAA247425783D7470047
:102B0000634CF700B257225785073ED6A257BE9DA9
:102B1000E257998F3EDC51BFB2474647B24683DA4F
:102B2000470003DB27009357FD01BA97564703D9A7
:102B300066003327EB00BA973307A40133A7EA00F6
:102B4000BA9733875D036A973307270303A9860083
:102B50003A996398072C25476387E40417F6FF1F0B
:102B60001306C60281464247B305D90063C2E61A7E
:102B7000724317F8FF1F130868011D4E854E0D4F55
:102B8000930F0060A2463307FA0083D6660063C342
:102B9000D718C25792563A8A85073ED8D257369DE3
:102BA000958F3EDA91BF03A5090003A8490083A8C9
:102BB000890003A3C90003AE090183AE490103AF35
:102BC000890183AFC90183A20902724785438D4AF7
:102BD000130B0060C24663C5D7003307DA0055BF48
:102BE000B306A900038C060083060700830B1700B9
:102BF00003062700B30CDC02B30609018386060036
:102C000093952700B38B7603B306190183860600DC
:102C10003386C602B3066900338C7C0183860600C6
:102C2000830C3700B38C9603B306C901B30BCC00F9
:102C300083860600030C4700338C8603B306D90154
:102C400033869B0183860600830B5700B38B760384
:102C5000B306E901B30C860183860600030667000C
:102C60003386C602338C7C01B306F90183860600E5
:102C7000B30BCC00030677003386C602B3065900B7
:102C8000838606005E96830B8700B38676033696AE
:102C9000E246AE9683AB060097F6FF1F9386067F4B
:102CA000B6955E96AE5683AB050022063346760394
:102CB0006383760263855603D245B306FA0005099D
:102CC000850725073386C5028325011141862E9687
:102CD0002380C60001B7E35106FE0146F1BF6353EE
:102CE00006000146E35ACBFC13060060F1B713154A
:102CF00027004E9508412E95030805003305E60090
:102D0000050723000501E34497FE85062696A1BD2D
:102D10000147D5BF13F584FF9A8542860147B30268
:102D20000E41B386C20063E7A6046363950C624656
:102D30009396270036961042329717F6FF1F130618
:102D4000E674B2969042AE5622073347C702638EAE
:102D5000D60B6380E60D5246B306FA002698850727
:102D600026933307E6020326011141873297238019
:102D7000E60009BD838605008308060083834500BD
:102D80002106B388D802830696FFA105469783885B
:102D900095FFB38816038306A6FF46978388A5FF91
:102DA000B38816038306B6FFBA980387B5FF338747
:102DB000E6028306C6FFB383760246978306D6FFF4
:102DC0008388D5FF3389E300B38816030387E5FFC3
:102DD0008306E6FF3387E602B38328018306F6FF06
:102DE000B30877000387F5FF3387E602469715BFE0
:102DF000B306A8003306A300838606000306060078
:102E00000505B386C60236970DB7E35607F40147AA
:102E100099B7635307000147E3DFEFF21307006040
:102E20001DBFD257935BFD41330BBB41B3FBFB008E
:102E3000825763D367013E8BB38AAA41635354011F
:102E4000A28A16468325811017F5FF1F130505D4A6
:102E5000EFD0FFC2B6460147C2473308E9006341DD
:102E6000F70CA5476382F40C7243814517F8FF1FE6
:102E70001308C8D11D4E854E0D4F930F0060A24719
:102E80003307BA0083D76700E3D5F5D013F584FF85
:102E90001A86C2868147B3020E413387D200636728
:102EA000A71863639520E24613972500BA969442CB
:102EB000B69797F6FF1F9386665D369714432E5795
:102EC000A207B3C7D702630ED71F6300E721D2461C
:102ED0003307BA00269885052693B387F602832622
:102EE0000111C187B6972300F70051BF93982700BF
:102EF000AE9883A80800C29803830800B308F500C1
:102F0000850723806800E3C357FF8647050622959F
:102F1000BE95634566010507A6963DBFDE87E5B70A
:102F20003685A6457256F5B7F247014617F7FF1FDB
:102F30001307C7C505488D4813030060C246E35E0A
:102F4000D6C8830E070083860700038E170083858B
:102F50002700338FDE028306170013152600338EF9
:102F6000C60383062700B385B602B30ECF018306DE
:102F70003700038F3700338EBE00338FE603838E16
:102F8000470083064700B38ED603B305EE018306E0
:102F90005700038E5700338FD501338EC6038385C8
:102FA000670083066700B385B602B30ECF018306C0
:102FB0007700338EBE0083857700B385B602830623
:102FC0008700F295038E8700B386C603B695E24666
:102FD000AA9603AE060097F6FF1F9386264B3695FA
:102FE000F295AE56032E0500A205B3C5C503638353
:102FF0000603638516035245B306CA002507050676
:10300000A507B305B50203250111C185AA95238043
:10301000B6002DB7E3D105FE8145F1BF63D30500AE
:103020008145E35AB3FC93050060F1B7030706003E
:103030008388060083034600A106B388E80203875D
:1030400096FF2106C697830896FFB30817030387E8
:10305000A6FFC6978308A6FFB30817030387B6FF2A
:10306000BE988307B6FFB307F7020387C6FFB30313
:103070007702C6970387D6FF8308D6FF3389F3000C
:10308000B30817038307E6FF0387E6FFB307F702DA
:10309000B38328010387F6FFB38877008307F6FF21
:1030A000B307F702C697D5BB3307A800B306A30042
:1030B000030707008386060005053307D702BA9782
:1030C000CDB3E3D607E0814719B563D30700814745
:1030D000E3DFFFDE93070060DDBBA24722889C4749
:1030E0003ED863530400014833032803014581455A
:1030F00081479388414502576359E502139725009C
:1031000046973E86814629A010C385064A96110738
:10311000E3CC86FE32479A97C295035747000505D0
:10312000018F33072703BA97F9B7C24702D617FEB4
:10313000FF1F130EAEA5B38797023EDCBE573309BF
:10314000F0403E8D931724003EDAA247325783D7D2
:1031500027006344F7006FD07FCC935AF941B3FA4C
:10316000AA01B307540313874145DE5B014B330AC1
:103170007041F297BEC0D257B3875703BA973EDE6D
:103180009357F901BEC28257CA97BEC4A24783D7DC
:103190004700634AFB00B25785073ED6A2573E99C7
:1031A000330DFD405DB7B2471647B24603DC47001A
:1031B00083DC27009357FA01BA97264783DD660020
:1031C00033A7EC00BA97330744013327EC00BA97D2
:1031D0003307890352973307B70383AD8600BA9D3F
:1031E000B1EF17F6FF1F1306669A0147EE86C24736
:1031F0006344F7047243814517F8FF1F13080899C9
:103200009D4E054F8D4F9302006039A29395270084
:1032100013854145AA958C41B69503850500B305F4
:10322000F60085072380A500E3C297FE0507B34695
:1032300037032696EE9665BF8147FDB78257135830
:10324000FA41B38C2C413378780163D39701BE8C5B
:10325000330C4C4163538401228C625683258110C8
:103260007285C2C6EFD0BF81064636482A8EEE86EA
:103270000147C247E350F7F8B2887255D68525A0BA
:10328000139327002A93032303003693830E03002E
:103290003383F80085072300D301E3C387FFD257A8
:1032A0008505A2983E9563C895010507B346370387
:1032B0002696EE967DBFC287CDB713F584FF1A869A
:1032C000C2868147B3830E413387D3006364A70668
:1032D0006360950EE24613972500BA969442B6971E
:1032E00097F6FF1F9386861A369714432E57A20728
:1032F000B3C7D702630BE70D630DF70DD2464257F4
:10330000269826932E978505B387F602832601110A
:10331000C187B6972300F7002247C25703576700BB
:10332000AE97E3CCE5F81257050B3ED8B38BEB40D4
:103330003A9AA9BD0307060083880600030C4600DD
:10334000A106B388E802038796FF2106C697830883
:1033500096FFB30817030387A6FFC6978308A6FF47
:10336000B30817030387B6FFBE988307B6FFB307FA
:10337000F7020387C6FF330C8703C6970387D6FF80
:103380008308D6FFB30CFC00B30817038307E6FFDE
:103390000387E6FFB307F702338C98010387F6FF34
:1033A000B38887018307F6FFB307F702C69729BFE3
:1033B0003307A800B306A3000307070083860600AF
:1033C00005053307D702BA9721B7E3D907F281473A
:1033D00035B763D307008147E3D2F2F29307006069
:1033E00031BF1D4E6FD0BFA3397156D2BE8A97E749
:1033F000FF1F9387A7AE9C4322DC26DA4ED652D419
:103400005AD006DE4AD85ECEAA842E8BB2893A8A7A
:10341000014483586B00634E1401F2506254D2543D
:103420004259B259225A925A025BF24B014521612C
:10343000828083D744008C4403D82400338E170342
:10344000A29501470145634C070536C603298B0049
:1034500022993308F802050433450503158DEF2042
:103460003051CE85EF208063D285EF20A02FAA8B2C
:103470005685EF20F04FAA855E85EF101078EF207B
:10348000B0432300A900B24669B7830E03000506C6
:1034900046937695E34BF6FEF29505076DB72E83BE
:1034A0000146CDBF39714AD85AD03E89032B8500D9
:1034B00097E7FF1F938787A29C435ECE9D4B22DC3C
:1034C00026DA4ED652D456D206DE62CC66CAAA8A14
:1034D0002E8ABA84C6890144B38B6B4183576A0034
:1034E0006340F402F2506254D2544259B259225A03
:1034F000925A025BF24B624CD24C014521618280B0
:1035000003D76A00DA850143B3078702137E87FF7A
:10351000B2973E883385BB006369C5056362EE0CD4
:1035200093172400B697884332C636C41A95EF2005
:103530003044CA85EF2080568C40032C8A00EF204F
:10354000E055CE85EF200022AA8C0645229C05047A
:10355000EF201042AA856685EF10306AEF20D03543
:103560002300AC003246A24695BF830808000385BD
:1035700005002108A10533051503830898FF1A9556
:10358000038395FF330313038308A8FF2A9303855E
:10359000A5FF330515038308B8FF1A950383B5FF0C
:1035A000330313038308C8FF2A930385C5FF33053C
:1035B00015038308D8FF1A950383D5FF330313033C
:1035C0008308E8FF2A930385E5FF33051503830885
:1035D000F8FF1A950383F5FF330313032A931DBFE6
:1035E000B305CB013385C7018385050003050500BD
:1035F000050EB385A5022E9315B71D713EC697E73C
:10360000FF1F9387A78D9C43CAC8977700009387B5
:10361000674ACEC6D6C25EDE03A98500832B85002D
:10362000835A650083A90700A2CCA6CAD2C462DC73
:1036300086CEDAC066DA6AD86ED62A842E8A328CB2
:103640003AC4814463C15407CA8701479304000008
:10365000977B0000938BCB46177C0000130C8C46A5
:10366000977C0000938C4C46177D0000130D0D468F
:10367000977D0000938D0D4663405707814983571E
:10368000640063C6F910F6406644D6444649B6491C
:10369000264A964A064BF25B625CD25C425DB25DA2
:1036A000014525618280B3879B000385070036C8EA
:1036B000158DEF20F02BE285EF20403E93972400FC
:1036C000CA9788C3CE852A8BEF20E034C246635365
:1036D000A000DA898504BDB78843CE853ACE3ECCBA
:1036E000EF200065977700009387073D8C43EF201C
:1036F000E03A2A8BEF20501CEF209027AA855A85AC
:10370000EF20006393050000EF10304F9777000023
:103710009387C73AAA852ACA8843EF206061AA85A1
:1037200003A50B00EF20000483250C002AC85A854E
:10373000EF10B04C4246AA853285EF10104CD246AD
:1037400083A50C002A8B3685EF204035AA855A8543
:10375000EF20005E83250D00EF204034EF20F01BAA
:10376000AA852A8B2685EF105049AA845A85EF2016
:10377000703903A60D0083A64D00EF100040EF2026
:103780003043E247724788C305079107F5B5939721
:103790002900CA978843A685832A8A00EF10907C67
:1037A000A245CE9A8509EF10F07B2A8B3245EF2097
:1037B000301CAA855A85EF105044EF20F00F23806B
:1037C000AA0075BD01458280411122C42A84884126
:1037D000B747495806C626C24AC09387D71463170D
:1037E000F50683C74500214581EF0CC054C03A89D6
:1037F000AE8431E6C845EF20B05908C401E911454F
:10380000B2402244924402494101828085472318F4
:10381000F40088480DC9EF20B05748C46DD1938794
:1038200004045CC8231904003146938544014A8589
:10383000EF20D0571C4401452324F900D1B710C410
:1038400023180400F9B723260400D1BF09454DBF52
:1038500083570501411122C406C62A8481C7084541
:10386000EF20F053484411C52244B24041016F207B
:103870001053B2402244410182807971835746003F
:1038800026D28354260006D622D4B384F40283576A
:1038900066004AD04ECE52CC56CA5AC85EC6B384D1
:1038A000F40285476388F50089476382F5081C4662
:1038B0009CC619A81C413689328483AA070603AB2B
:1038C00047068149639E9900B2502254925402598E
:1038D000F249624AD24A424BB24B0145456182806D
:1038E0001C4413972900D685BA978843032A890078
:1038F000EF105067AA8B5A85EF209007AA855E8546
:10390000EF10B02F4E9AEF20207B2300AA008509EC
:1039100055BF0C469846BE9583C505003E97850762
:10392000938505F82300B700E39597FE71BF8147A3
:10393000E5BF717126D356CBAA84B28AA808314656
:103940004ECF52CD5AC95EC706D722D54AD162C5DD
:1039500066C36AC1EEDEEF2070459C4023990400E7
:10396000814993870704DCC8154B177A0000130AB6
:10397000EA16B14B984083D724010357A70063E2AE
:10398000E7020145BA502A549A540A59FA496A4A38
:10399000DA4A4A4BBA4B2A4C9A4C0A4DF65D4D61B5
:1039A0008280C04803A9840091CB1C442146930522
:1039B0000401CA97A808BED0EF20503F5C442146BE
:1039C000C8103E99CAD613098401CA85EF20103E5B
:1039D000835704006363FB168A07D29798435C54AD
:1039E00052970287034514037444304483483403D8
:1039F00003482403034704033ED81C54A29622968E
:103A00003ED65C503ED41C503ED26C40A2952ED087
:103A10005C5CCC103ECE8347B4033ECC8347A4030A
:103A20003ECA834794033EC8834784033EC68357F8
:103A300064033EC4834754033EC2834744033EC0ED
:103A4000AA87A808EFD04FAE15FDDC4081C7A2853C
:103A5000268582978357240085C7B38C7903214636
:103A6000CA85D69C6685EF2070349C4083AD840067
:103A700003C757005C4435E7BE9D23A4BC018509FC
:103A80005840DC48BA97DCC883D7240185072399BE
:103A9000F400CDB5185454501050CC10A808EFF0D5
:103AA000BF945DB70C501858145C5058832884029A
:103AB0000328440222973EC0A296AE872296CC10DD
:103AC000A808CD3251B7185454501050CC10A80843
:103AD0002D369DBF185454501050CC10A808DD311D
:103AE000A5B70357C401035CA401014D330CEC02DC
:103AF0000357E401330CEC023309FC006E991D09F5
:103B0000137989FF63158D0123A42C018DBFB38622
:103B1000A701EE9603850600545413172D004A970B
:103B2000158DBAC6BEC4EF20A0640C54050DEF106D
:103B3000F0763647A64708C3F1B71545A1B53571EC
:103B400022CD2A84177500001305450506CF4AC902
:103B50004EC752C556C35AC1DEDEE2DCEAD8EED605
:103B600026CBE6DAEF30407C8345440097770000AF
:103B70009387C7F9177500001305450713972500AC
:103B8000BA979043130C0404014AEF30A0648345B4
:103B90005400177500001305A506814AEF308063B5
:103BA0008356A400035684008355640017750000F3
:103BB000130505060149EF30E0610357A401835660
:103BC00084010356640183554401177500001305F1
:103BD000E506977900009389E916EF30A05F035757
:103BE0002402835604020356E4018355C401177569
:103BF000000013056506154DEF30C05D10484C44BC
:103C00001775000013054507177B0000130B4B3693
:103C1000EF30405C1775000013054508EF30C070A9
:103C2000177500001305450BEF30007083556401D4
:103C3000035684018356A401177500001305850DF2
:103C40003387C502977B0000938BCBEA977D0000FA
:103C5000938D8D333307D702EF30C0578357A400BD
:103C60006340FA081C48484417740000130404F227
:103C70003E95EF10007210405440EF009024AAC40B
:103C80005685AEC6EF10C06997770000938787F01E
:103C90009043D443AD29AAC04A85AEC2EF10406814
:103CA00010405440EF00F0212648B648064796479A
:103CB0002A86AE86177500001305C527EF308051A0
:103CC0000145FA406A44DA444A49BA492A4A9A4ABA
:103CD0000A4BF65B665CD65C465DB65D0D61828024
:103CE000930550044E85EF30E04EB3058C401775B8
:103CF00000001305E505EF30E04D9305A0044E8567
:103D0000EF30404D8325CC0283582C0103580C0121
:103D10008327CC0003278C0083264C0003562C00FD
:103D200083540C002ED803258C02C6CEC2CCBECA4A
:103D3000BAC8B6C4B2C0EF20E05C2AD42ED6832520
:103D40004C022ED003250C02EF20C05B2ACC2ECED5
:103D50008355EC01D647F6482ECA8355CC016648F8
:103D600046472EC88355AC01A646177500001305BB
:103D700025FF2EC683558C012EC483556C012EC29F
:103D800083554C012EC00646A685EF30A0448357CC
:103D90000C00636FFD1A0357CC018354AC018A07F2
:103DA000035EEC01B384E40203274C003A99330725
:103DB000FB00DE979C431843DE97B384C4033309AA
:103DC000E9408287034E0C0383471C03930560057B
:103DD000330E9E024E85330EFE0283576C01B30CE8
:103DE000FE02EF30203F8327CC0417750000130537
:103DF00025003ECE83278C043ECC83274C043ECA4C
:103E00008327CC033EC88347BC033EC68347AC032D
:103E10003EC483479C033EC283478C033EC0835805
:103E20006C0303485C0383474C0303473C0383460E
:103E30002C0303461C0383450C03EF30A03989A0F3
:103E400083574C01035E2C01330EFE0283576C0135
:103E5000B30CFE0235A083576C019305F0054E8527
:103E6000B38CC703EF30003783268C0303264C0343
:103E700083250C0317750000130505FFEF3080350F
:103E800083570C0026C203274C008A073386FD00A7
:103E9000DA979C431042D285B307F7403EC0835760
:103EA000EC018328CC0003288C000357CC018356F7
:103EB000AC01177500001305E504E69AEF30803178
:103EC000E6851775000013056506EF30A0308327DF
:103ED0004C00050A3E9C59B399479DBF034E0C0305
:103EE00083471C039305A006330E9E024E85B30C38
:103EF000FE02EF30202E8327CC0417750000130537
:103F0000E5F83ECE83278C043ECC83274C043ECA82
:103F10008327CC033EC88347BC033EC68347AC031C
:103F20003EC483479C033EC283478C033EC08358F4
:103F30006C0303485C0383474C0303473C038346FD
:103F40002C0303461C0383450C03C5BD814C0DBFE8
:103F5000154585BB914763EEB7021777000013073D
:103F600027048A05BA959C41BA978287B717004003
:103F700003A7470B1345F5FF698F23AAE70A03A799
:103F8000070B698F23A8E70A03A7070A798D23A0E7
:103F9000A70A8280B717004083A6470B1347F5FF97
:103FA000F98E23AAD70A83A6070B558D23A8A70A43
:103FB00083A6070A758F23A0E70A8280B7170040FF
:103FC00003A7470B498F23AAE70A03A7070B13454B
:103FD000F5FF45BFB717004083A6470B1347F5FF12
:103FE000758F23AAE70A03A7070A598D4DB7B7179C
:103FF000004003A7470B498FEDB7B717004003D523
:104000008700420541819377050491EB9377F50191
:104010003755E801130505803345F5028280937713
:10402000050C130700046397E7009377F501374504
:104030009C1CCDB72165130505D082808147373799
:104040000040A14663C4C700328582800345B74063
:10405000E38EA6FE3385F50003450500850723049E
:10406000A740CDB797D7FF1F9387C7E69C4317E7B5
:10407000FF1F1307E75A3E95636EE50017470020C0
:10408000130747D86368A70017D7FF1F2324A7E4A7
:104090003E858280FD57EDBFB7270040C8C709475E
:1040A0002380E70011472380E7008280411122C46A
:1040B00006C62A8499372947B307E502B2408D83A3
:1040C000B3D7870222449507B3D7E70237370040BA
:1040D000C207C1832316F7404101828071654111F7
:1040E0001305052006C6D937B7370040130770F807
:1040F0002381E7400D47A381E74013070004A38015
:10410000E74005472387E740B2404101828039718B
:1041100093D7450122DC4AD856D22A891394C50088
:1041200006DE26DA4ED652D45AD05ECE13F5F77F8D
:10413000318093DAF501630B05109307F07F630B71
:10414000F514135AD9010E0433648A00370A80002B
:10415000336A4401131B3900930415C00144814B99
:1041600013D846011399C6001378F87FB288135903
:10417000C90093D9F601630E08089307F07F630026
:10418000F8041357D6010E0933692701130818C024
:10419000B70780003367F90093183600B3840441F1
:1041A0008145BD4733C83A0163E4871A9777000019
:1041B000938747E00A043E9410403E960286336798
:1041C000C90093841480631207101364240081488B
:1041D0008945C1BF1306F07F81470147B207F250FE
:1041E00062545206B1837E08D18FB3E70701D254DF
:1041F0004259B259225A925A025BF24B3A85BE8515
:104200002161828001481306F07FB707080001474B
:10421000F1B73367C9004DC7630809304A8532C416
:10422000EF20A02F2246130755FFF547930685FF81
:10423000998F3319D900B357F60033E72701B31824
:10424000D60026959304353F8145A1BF336A2401EA
:1042500063030A0636C632C46306042A2285EF20A9
:10426000C02B2246B246AA84130755FF754A138B0A
:1042700084FF330AEA4033146401335A4901336A34
:104280008A00331B69011305D0C0B3049540014473
:10429000814BF9B5336A240163180A002144014BAC
:1042A0009304F07F894B6DBD228A4A8B314493047D
:1042B000F07F8D4B75B51144014B8144854B4DB555
:1042C0001364140081488545E9BD136434004A87AE
:1042D0008D45C1BD630A052E8547898F93068003EE
:1042E00063DDF632014681470147CDBDCE86894761
:1042F000638DF53A8D47E387F5F085473688E3838C
:10430000F5FE1385F43FE357A0FC93F7780063961E
:10431000072893D638009317770063D80700B707AC
:1043200000FFFD177D8F138504409307E07FE3C3F3
:10433000A7EA1316D70193179700B1833367D60006
:104340001376F57F61BDD6865287DA88DE8545B75C
:1043500063614723630DEA20DA86FD145284014B22
:104360009317870013D388013363F300935E03012F
:10437000B357D403131F0301135F0F0193D5060135
:10438000139E88003374D4033307FF024204C18DA7
:1043900063FBE5009A951386F7FF63EE652663FCE1
:1043A000E526F9179A95998D33D7D503C206C182B0
:1043B000B3F5D5033306EF02C205D58D63FBC50007
:1043C0009A959306F7FF63E6652463F4C52479178D
:1043D0009A95C20741645D8F9307F4FF3375F70028
:1043E00093580701935F0E01B377FE00B302F50205
:1043F000B386C540B383F80293D502013386AF027A
:104400001E962E963385F803637376002295C16855
:10441000FD1893550601337616014206B3F81201D2
:10442000AA95469663E6B6126382B6123306CB406F
:104430008D8E333BCB00338B66411385F43F630C89
:104440006317B358DB0393550601337BDB03B306D5
:104450001F03420B33EB6501637BDB001A9B9385E3
:10446000F8FF636D6B20637BDB20F9181A9B330B1D
:10447000DB40B356DB0342064182337BDB03330F61
:10448000DF02420B33666601637BE6011A96938571
:10449000F6FF6367661E6375E61FF9161A96C20873
:1044A000B3E8D8009395080193D20801C181B38E77
:1044B000F5023306E641B385BF0293D60E01B387FA
:1044C000F202BE95AE96B38F5F0263F4F600C16749
:1044D000BE9FC165FD1593D70601ED8EC206B3FEE2
:1044E000BE00BE9FF696637FF6091A969387F8FF83
:1044F0006369661A6368F619630FF61BBE8893E852
:10450000180011B54A85EF20400113075501F14508
:10451000930405022246B246E3DAE5D4130485FF8C
:10452000331A8900014B85B3328532C4EF10F07E17
:1045300013075501F146AA87224613050502E3D663
:10454000E6CEE1173317F6008148E5B9E370CBEE0C
:10455000729B3335CB011A95AA961305F7FF637842
:10456000D30263E6B6106382D5102A87C1B5E3652E
:104570001BDF93551B009316FA0113541A00CD8EBE
:104580007E0BF9BBE31DF6F7E38F06D6B9BFE31E3A
:10459000D3FCE378CBFD2A8751BD93F7F800914611
:1045A000E389D7D693B7C8FF9386480093C717000F
:1045B0008D823E978DB381468547E34CA0FEFD5822
:1045C000E31C05D0930410C085471385E441B3165E
:1045D000A70033D6F8003395A800D18E3335A0005C
:1045E000C98E13F676003357F70001CE93F7F60025
:1045F00011466388C70093874600B3B6D700369745
:10460000BE869317870063D8070405468147014794
:10461000F1B636877DBBB28779B3FD46E3D7F6FAAC
:104620000556098E930600023356C7006388D700EB
:104630009387E443B317F700B3E8F800B3361001EB
:10464000D18E13F67600814701CE93F7F60011461E
:104650000147E392C7FA931797001316D701B18366
:1046600013D73600518F014695BEE370CBF0729B95
:104670003335CB011A957917AA964DBBAE88C5BBC9
:10468000AE8631BD93171E0033BEC70172931A96D2
:10469000F9183E8EE315F6E7E307DEC693E8180047
:1046A0009DB1BE88E30AF6FF99BD36881306F07FF8
:1046B0008147014725B6E367DEFCBE88E310DEFED6
:1046C00099B139714AD813D945014ED652D456D230
:1046D0009399C50006DE22DC26DA5AD05ECE137925
:1046E000F97F2A8A93D9C90093DAF501630D090E7F
:1046F0009307F07F6306F9181354D5018E09B36947
:1047000034013704800033E4890093143500130921
:1047100019C08149814B13D74601139AC6001377FC
:10472000F77FB285135ACA0013DBF601630B07103B
:104730009307F07F6303F7049357D6010E0A33EA19
:104740004701130717C0B7078000B367FA00931536
:1047500036003A99814833C76A01BD463A85130845
:10476000190063E83617177600001306A6888A0931
:10477000B29983A60900B2968286B367CA0013096C
:10478000F97F6399071293E9290081458948E1B7C8
:1047900001479307F07F3704080081443204D207B1
:1047A00031807E075D8C598CA285F250625426853B
:1047B0004259D254B259225A925A025BF24B2161A9
:1047C00082805A853E84AE84C68B8947638DFB0EFA
:1047D0008D47E38FFBFA85472A87639EFB38814725
:1047E0000144814465BF33E4A90061C036C632C4C8
:1047F000638C092A4E85EF1050522246B246AA8792
:10480000130755FF7544938487FF198CB39999005A
:1048100033548A0033643401B3149A0013D7460129
:104820001309D0C0139AC6001377F77F3309F940F4
:104830008149814BB285135ACA0013DBF601E31993
:1048400007EEB367CA00B1C7630F0A22528532C4AC
:10485000EF10B04C22462A87930655FFF547930583
:1048600087FF958F331ABA00B357F600B3E74701B5
:10487000B315B6003309E9401309D9C08148E1BD39
:1048800033E4A90001ECA14981441309F07F894B6D
:1048900059B593E919008145854875BD4E84AA84B0
:1048A000B1491309F07F8D4BBDB591498144014950
:1048B000854B95B593E93900D2878D4869BD894705
:1048C0005685E397FBF02A879307F07F01448144E4
:1048D000F1B5C16E1386FEFF93D6040113DE050108
:1048E000F18CF18D338695023383B602935806011D
:1048F00033059E021A95AA98B382C60363F3680033
:10490000F692C16F1383FFFF33F5670093D307015E
:10491000B3F76800C207337366003E93330695020F
:1049200093D80801B387A602135F0601B3849302EC
:10493000BE94FA94B38E760263F3F400FE9E416A4D
:104940009307FAFF935F0401B376F400B3F9F40020
:104950007D8EC1803384D502C209338FD401B299D0
:10496000CE98B307DE02935E0401B385BF02AE9713
:10497000BE9E330EFE0363F3BE00529EC167938555
:10498000F7FF33F6BE006D8C4206229693DE0E01D1
:10499000B305D502769E3385AF0213D40501B386E5
:1049A000D302AA96A296B38FF30363F3A600BE9F29
:1049B00041657D15B3F7A600C2076D8DAA97B38533
:1049C0005800B3B93501FA97B2953384370133B63D
:1049D000C500B30EC4013385CE0033343401B3B700
:1049E000E701C18F33BECE0113D406013336C500B3
:1049F0003E943366CE009394950032947E94B3E453
:104A00006400260493567501B3349000DD8193173A
:104A10009500CD8C558CDD8C9317740063DB0700FB
:104A200093D7140085889316F401DD8CD58C05800E
:104A300042899307F93F6359F00893F6740081CED9
:104A400093F6F40011466388C60093864400B3B41D
:104A500096002694B6849316740063D80600B707B0
:104A600000FFFD177D8C930709409306E07F63CF1D
:104A7000F60E93D634009314D4012604D58C3180DD
:104A800093F7F77F21BB328532C4EF1010299306CC
:104A90005501F147130705022246E3D1D7DC611522
:104AA000B317A6008145F9B3EF103027130755015E
:104AB000F145930705022246B246E3D5E5D46115D8
:104AC0003314AA00814499BB85469D8EB1E7130932
:104AD000E941B3972401B3D4D40033192401B33787
:104AE000F000B3649900DD8C93F77400B356D400E2
:104AF00081CF93F7F40011466388C7009387440081
:104B0000B3B49700A696BE849397860063D8070433
:104B100085470144814459B113068003E341D6CC53
:104B20007D46E356D6FA0556B307F64093050002D4
:104B30003356F4006387B6001309E943B317240121
:104B4000DD8CB3349000D18C93F67400014499CA83
:104B500093F7F40011468146E392C7FA1394960046
:104B60003180F6068D80D58C81470DB99307F07F93
:104B70000144814425B142896DBD370710007D177E
:104B800001113373B70093D84601758F935ED60138
:104B900022CC26CA0E0393D445019357D5010E07A4
:104BA00006CE4AC84EC693F8F87F130EF07F33E75F
:104BB000EE0093F4F47F13D4F50133E36700131F81
:104BC0003500FD82931E36006380C81993C6160017
:104BD000B38514416305D4126351B018638B081A6E
:104BE000B70780005D8F6381C4599307800363C456
:104BF000B734FD4763C5B748930700028D8FB3D91B
:104C0000BE003318F700B39EFE00336838013357F7
:104C1000B700B339D001336838013303E340B30937
:104C20000F41B3373F013306F3409317860063D338
:104C30000724370980007D1933792601630F092C79
:104C40004A85EF10900D130785FF93070002998F97
:104C5000B3D7F9003316E900D18FB399E900634463
:104C6000972A058F13061700FD4663C5C63A13073A
:104C70000002118FB3D6C9003398E9003397E700DB
:104C8000558F33380001B369070133D6C70081441B
:104C900093F7790081CF93F6F90091476388F60086
:104CA0009386490033B836014296B6899317860039
:104CB00063D6071C138714009307F07F05886306EB
:104CC000F720B70780FFFD17F18F1398D70193D90D
:104CD0003900A60733683801B1831377F77F9396BD
:104CE000C7005207B1827E04D98EC18EF240624461
:104CF000D2444249B2494285B685056182806356F5
:104D0000B00A638A0812B70780005D8F6387C42DDD
:104D10009307800363C7B718FD4763D2B73C138876
:104D200005FE93070002B3590701638AF500930754
:104D30000004B385B7403317B700B3EEEE00333845
:104D4000D0013368380195A2B367D70193851480E9
:104D500099E393C61600630AD404D1E19387140043
:104D600093F7E77F6399071EB367E3013368D701C1
:104D7000639204166382073C6316084213183500D9
:104D80009316D3011358380033E8060193573300C4
:104D900019A2B367D7016385071A9387F5FF638B61
:104DA000073A638CC523BE8589B56399051C938634
:104DB000140093F7E67FC1EFB367E3016390043615
:104DC000638D0744B367D701639407460E05131834
:104DD000D3010D813368A800935733006DA8B385C4
:104DE000984063970420B367E301638D073093878E
:104DF000F5FF638907401305F07F6383A520BE8517
:104E00009307800363C2B72AFD4763C8B73C930783
:104E100000028D8F3318F3003356BF00B317FF0025
:104E20003368C800B339F0003353B3003368380136
:104E300033076740B5ACB367D70163830710938727
:104E4000F5FF638F071E6380C52FBE85D1B593071D
:104E5000F07F638BF606FA9E33B6EE01B307E300EC
:104E6000B2971398F70193DE1E00B369D80113D6E9
:104E70001700B68493F77900E39F07E09317D601F4
:104E800013D839003368F800A68593573600130706
:104E9000F07F6380E506B207B18313F7F57F0588DD
:104EA0003DBD3367D7013338E000B309E801B3B73C
:104EB000E9013386670093178600E3DD07FA85046E
:104EC0009307F07F639CF41805881307F07F8147F0
:104ED000014831B5639107106301083C131836008F
:104EE0009317D701135838003368F8003684935766
:104EF0003700B367F800E9DB01441307F07FB70719
:104F000008000148E9BB370680FF7D167D8E93F7C8
:104F10007900998CE39107D895B74E85EF10E05F43
:104F200013078501FD47E3D2E7D2130685FFB39748
:104F3000C90081492DB33368D70133380001C5B1A9
:104F4000131835009317D301135838003368F8004D
:104F5000935733002DBFB309DF413309E3403336A4
:104F60003F013309C9409317890063CA072033E81A
:104F70002901E31508CC8147014431BFB38598402E
:104F800063810414B70680009307F07F3363D30076
:104F90006381F8209307800363CCB722FD4763C980
:104FA000B72C930700028D8F3318F300B356BF0060
:104FB000B317FF003368D800B339F0003353B300A0
:104FC000336838011A97B309D801B3B7D9013386CA
:104FD000E700C684CDB5E31108F213183500931726
:104FE000D301135838003368F8009357330011B7D2
:104FF000370580009307F07F3363A300E392F8E066
:105000000E061318D7010D823368C8009357370076
:105010003684C5B505179306000233D7E700630A47
:10502000D600930600043386C6403396C700B3E922
:10503000C90033383001B369E800014681441DBD21
:10504000B309DF01B307E30033BFE9013386E701AA
:10505000931786008544E3DF07E08944B70780FFA4
:10506000FD17F18F13D7190013F8190033680701E2
:105070009399F701B3E9090113D6170011B9138801
:1050800005FE93070002B3590701638AF5009307F1
:105090000004B385B7403317B700B3EEEE003338E2
:1050A000D00133683801A5BE3363E30133386000B3
:1050B000B3890E41B3B73E013306F740C684368448
:1050C000ADB6B367E301638707189387F5FF638C79
:1050D000071C9306F07F638ED50ABE8565BD9307D6
:1050E00000028D8FB3D9BE003318F700B39EFE00C7
:1050F000336838013357B700B339D001336838010A
:105100003A9365B3131836009317D7011358380034
:1051100033E8070136849357370095BBBDCB33671F
:10512000D701E31B07DC0E051318D3010D8133688B
:10513000A8009357330075BBE30F08E2131836003D
:105140009317D701135838003368F8003684935703
:10515000370091B3B309DF41B307E340333F3F0169
:105160003386E7418544D1B4131835009316D30133
:105170001358380033E80601935733009DBBB389B9
:10518000EE413306674033B93E0133092641368488
:1051900075B40E061318D7010D823368C8009357F3
:1051A000370081BBB309DF41B307E34033363F012A
:1051B0003386C7409317860063D7070AB389EE4149
:1051C000B3076740B3BE3E013386D7413684C9B4C6
:1051D0003363E30133386000FDB3138805FE9307A2
:1051E0000002B3590301638AF50093070004B385F5
:1051F000B7403313B300336F6F003338E0013368C7
:1052000038017DB5B389EE41B3076740B3BE3E01B7
:105210003386D7413684854409BC1318360093176A
:10522000D701135838003368F80093573700A5B1F9
:10523000B309DF01B307E30033BFE9013386E701B8
:1052400093178600E3D807C2B70780FFFD177D8E4E
:1052500085440DB10E061318D7010D823368C800BE
:10526000935737002DB133E8C900E30608D019B1D0
:10527000138805FE93070002B3590301638AF50002
:1052800093070004B385B7403313B300336F6F0047
:105290003338E001336838013DB301441307F07F30
:1052A000B70708002DBCB309DF01B307E300B3BEA5
:1052B000D9013386D70169BB93D74501B7061000E2
:1052C0001387F6FF93F7F77F1306E03F6D8FFD819D
:1052D000635CF6001306D041635AF6003705008080
:1052E0001345F5FF2E9582800145828013063043D9
:1052F0001D8E7D48558F635DC80093063041B3878E
:10530000F640B357F7003305F040E5F13E85828063
:105310009387D7BEB317F7003355C500C98FE5B7DC
:10532000411106C622C426C20DCD9357F541B3C420
:10533000A7009D8C2A842685EF10201E9306E0414D
:10534000898EA9477D8093F6F67F63CDA7022D470E
:10535000098FB3D7E4005505B207B394A400B18315
:1053600029A00144814681478144B207D206B18316
:105370007E04D58FC18FB24022442685BE859244DB
:10538000410182805515B397A400B207B1838144CF
:10539000E9BF1DCD411122C406C62A84EF10E017D3
:1053A0009306E041898EA94793F6F67F63DCA70256
:1053B0005515B317A400B207B1830147B240224488
:1053C000B207D206B183D58F3A85BE85410182806E
:1053D00081478146B207D206B1830147D58F3A850E
:1053E000BE8582802D47098FB357E400B2071307AB
:1053F00055013317E400B183D1B74111370780005D
:105400007D1713D8750126C2935475013373A70015
:1054100093F4F40FB376B7004AC01378F80F13591A
:10542000F50106C622C4FD819A8726854A86131E89
:105430003300939E3600B3880441630AB90E63506B
:10544000100D630408149307F00F638BF414B7076F
:105450000004B3EEFE00ED4763C117299307000275
:10546000B3871741B397FE00B3D81E01B337F000DE
:10547000B3E7F800B307FE4013975700635E0718C1
:10548000370400047D147D8C2285EF1000096D1512
:10549000B317A4006348951A058D1304150013076C
:1054A0000002018F3397E7003337E000B3D787005E
:1054B000D98F814413F7770019C713F7F700914686
:1054C0006303D700910713975700635B07148504A4
:1054D0001307F00F4A866383E4169A07A58313F532
:1054E000F40FB2402244A6079314750113D5970018
:1054F000458D7E0692440249518D41018280639917
:10550000080A138714001377E70F631707146390D3
:105510000422630D0E1EE3860EFCB307DE411397D3
:10552000570063500722B387CE412E8961B7635C71
:10553000100B630E08089307F00F6383F406B70798
:105540000004B3EEFE00ED4763C9171F9307000286
:10555000B3871741B397FE00B3D81E01B337F000ED
:10556000B3E7F800F297139757006357070A8504CB
:105570001307F00F6384E40CB706007E13D71700FF
:10558000FD16858B758FD98F35B7638D0E08FD1885
:10559000B307DE41E38208EE9307F00FE39DF4EAE0
:1055A000630D030801461305F00FB707400015BF50
:1055B00033079840EDE863020E147D17630807185F
:1055C0009307F00F6319F80E2E893683D1BF638BD2
:1055D0000E04FD18B307DE01E38708F89307F00F08
:1055E000E393F4F675BF63950808850413F7E40F99
:1055F0006313071263170510630F0E14E3830EEE97
:10560000B307DE011397570081446357070037073C
:1056100000FC7D17F98F854413F77700E31F07E837
:1056200013D337009307F00FE38CF4F6931793002E
:10563000A58313F5F40F4A866DB54A861305F00F5E
:10564000814745B5370700FC7D17F98F13F77700C1
:10565000898CE31407E6E9B73304DE41931754005D
:1056600063C3070CE31204E201460145814795BD7F
:1056700033079840ADC49307F00FE308F8F4B70779
:105680000004336EFE00ED4763CCE70C9307000285
:10569000998FB317FE003357EE00B337F000D98F60
:1056A000F697C284C9B59307F00FE30FF8F0B70778
:1056B0000004336EFE00ED4763C3E7089306000263
:1056C000998EB316DE00B357EE003337D000D98F72
:1056D000B387FE40C2842E8945B3854761BB630E04
:1056E0000E067D17B307DE01C284E30E07E69307BB
:1056F000F00FE31AF8F8368365B53683C2842E8935
:1057000015B7E3040EECE38D0EE869BD638D0E0260
:105710002E86B687F9B39307F00FE381F4F2B3074F
:10572000DE018583D5BD3384CE412E89B1BBE31C18
:105730000EFCE3890EE62E8949BD854725B58547D0
:1057400041BFE39B07EC0146814761BBB387CE4174
:10575000C2842E8915B3B68769B33683C284D9B59E
:1057600085473DBF3971935775014AD856D25ECEF1
:10577000931A95001359F50106DE22DC26DA4ED67F
:1057800052D45AD093F7F70F93DA9A00CA8B6382F8
:1057900007121307F00F6384E7128E0A370700041D
:1057A000B3EAEA00138A17F80144014B93D7750155
:1057B0009394950093F7F70FA58093D9F501FDC752
:1057C0001307F00F6387E7028E04938717F83707F4
:1057D0000004D98C330AFA408146558C17670000C3
:1057E000130747850A043A941C4033493901BA9794
:1057F0008287130A1AF0F9E88946558C176700006A
:10580000130747870A043A941C4033493901BA9771
:10581000828701491307F00FB707400013959700DF
:10582000F25062549317770125817E095D8D3365AF
:105830002501D2544259B259225A925A025BF24B74
:10584000216182801307F00F8147C9BFA68ACE8BE2
:10585000368B8947630BFB1A8D47E30CFBFA8547B0
:10586000630AFB0A1307FA0713F91B006357E012D8
:1058700093F77A0099C793F7FA0091466383D700AC
:10588000910A93974A0063D90700B70700F8FD17FC
:10589000B3FAFA0013070A089307E00FE3C4E7FA24
:1058A00093976A00A5831377F70F8DBFB9E48546F8
:1058B000A9B763940A021144014A054BC5BD639917
:1058C0000A002144130AF00F094BCDB58D4631B7BC
:1058D0003144130AF00F0D4BD1BD56852EC6EF0093
:1058E000D0439307B5FFB39AFA009307A0F8338A21
:1058F000A7400144014BB24555BD2685EF00F0415C
:105900001307B5FFB307AA00B394E400138A67072F
:105910008146E1B513F91B000147814701B7416694
:10592000139554007D1693570501698E63FA9A0A00
:10593000B3D5FA027D1AD68601473388C502B3F67D
:10594000F602C206558F637B07012A979386F5FFFF
:105950006368A70A6376070BF9152A97330707418F
:10596000B356F7023377F702B38AC60293170701DB
:1059700063FB5701AA971387F6FF63E1A70863FF4C
:105980005707F916AA97C205B38A5741D58DB33A7E
:105990005001B3EA5501CA8BF1B58546998E11C7FE
:1059A0006D4601478147E34BD6E6130AEA09339A6D
:1059B0004A01B3D7DA00B33A4001B3E7570113F70E
:1059C000770019C713F7F70091466303D7009107D3
:1059D00013975700634807029A07A58301473DBD07
:1059E00093D61A00B3D5F6021397FA014183338890
:1059F000C502B1B7CE8B368B814AA1BDBA8661B7DD
:105A0000B685A9BF0547814711BD13F91B001307D0
:105A1000F00F814721B593567501B7078000FD1738
:105A200013D6750193F6F60F1308F00FB3F8A7001D
:105A30001357F501ED8F1376F60FFD816381060391
:105A4000630C06018DE211E2B1C3638E08026305A7
:105A5000B70405451DE78280F5D779558280E39E1E
:105A600008FE6309D60211E2EDD7E314B7FEE34264
:105A7000D6FE63C7C600E3EE17FD0145E3FDF8FC63
:105A800001E77D558280F5DD054582800145E39281
:105A900008FC8280F9DBD1B78146E1BF797122D45D
:105AA000135475014ECE52CC9319950006D626D2CA
:105AB0004AD056CA5AC81374F40F93D99900135A8E
:105AC000F50169C49307F00F6308F40E939739004A
:105AD00037070004B3E9E700130414F88144014BCD
:105AE00013D77501939A95001377F70F93DA9A00FD
:105AF00013D9F50145CF9307F00F630CF7028E0A17
:105B0000130717F8B7070004B3EAFA003A940146FE
:105B100033452A01BD47AA869305140063E2971016
:105B200017570000130707598A04BA949C40BA9784
:105B300082871304F40F63980A0C93E42400094647
:105B4000C1BF01451307F00FB7074000B250225400
:105B5000A6075E07A5837E05D98F92540259F249A4
:105B6000624AD24A424B5D8D45618280CA86D6899F
:105B7000328B89476301FB0A8D47E304FBFC8547B1
:105B800036856312FB1A01478147C9B7639E090432
:105B900013D77501939A95001377F70F9144014439
:105BA000054B93DA9A0013D9F50131F7639D0A008A
:105BB00093E414000546A9BF63930902A1441304AA
:105BC000F00F094B31BF5685EF0030159307B5FF35
:105BD000098CB39AFA001304A4F8014615BFB14426
:105BE0001304F00F0D4BEDBD4E852EC6EF00F012E5
:105BF0009307B5FF1304A0F8B399F900098C814409
:105C0000014BB245F1BD93E434000D4611B789470D
:105C1000D286E313FBF636851307F00F81473DB7B5
:105C200041639306F3FF13D6090193D80A01B3F732
:105C3000D900B3FADA0033885703B389F80213574F
:105C40000801B30A5603D6994E97330616036373B9
:105C500057011A96C167FD17B376F7003378F8003D
:105C6000C206C2969399660093570701B339300173
:105C7000E982B2979A07B3E6D900B3E9D7009397C0
:105C8000490063D9070013D7190093F71900B369C6
:105C9000F7002E841307F4076350E00493F77900AC
:105CA00099C793F7F90091466383D70091099397B9
:105CB000490063D90700B70700F8FD17B3F9F900E9
:105CC000130704089307E00F63CBE7049397690079
:105CD000A5831377F70F9DBD8547B386E74011C7AE
:105CE0006D4601478147E343D6E61307E40933973E
:105CF000E9003337E000B3D7D900D98F13F7770025
:105D000019C713F7F70091466303D700910713975C
:105D10005700634C07009A07A583014705BD130789
:105D2000F00F814725B52E84B5B70547814739BDAA
:105D30003707800041117D179356750113D87501FF
:105D4000B377A70093F6F60F935EF5013376B700AD
:105D500026C24AC01378F80F06C622C41303F00FF8
:105D60003E8E3689F684139F3700FD811315360069
:105D7000B38806416302681093C51500638CBE109A
:105D80006354100D631008106304051EFD18B3075B
:105D9000AF40638608029307F00F6388F616ED475D
:105DA00063C7172913070002330717413317E500AC
:105DB000B35715013337E000D98FB307FF4013976E
:105DC00057006351071A370400047D147D8C228527
:105DD000A9276D15B317A400634E251B3305254174
:105DE0001304150013070002018F3397E7003337C0
:105DF000E000B3D78700D98F014913F7770019C79F
:105E000013F7F70091466303D700910713975700E4
:105E1000635E0714930619001307F00F93FE140036
:105E20006386E6169A07A58393F6F60FA607B24097
:105E3000224413D59700DE069397FE01558D9244B8
:105E400002495D8D410182806392080A1387160022
:105E50001377E70F631B07146394062263020F2076
:105E600071D5B307AF401397570063550722B307A7
:105E7000E5410149AE8451B7E30005F0638ABE0AEB
:105E8000E35410FD9307F00F6381F608B707000491
:105E90005D8D31B7635E1009630108089307F00F49
:105EA0006385F606B70700045D8DED4763C0171FD5
:105EB00013070002330717413317E500B3571501E5
:105EC0003337E000D98FFA9713975700635C0708C0
:105ED00005091307F00F630BE90AB706007E13D715
:105EE0001700FD16858B758FD98F01BF3307D840FA
:105EF00063950610630D0F147D176303071A93074C
:105F0000F00F6314F810AE84328E630F0E06814ECC
:105F10009306F00FB707400011BF39C9FD18B3074A
:105F2000AF00E38308FA9307F00FE390F6F8F1BFB0
:105F300063990808138916001377E90F631607128F
:105F4000639B061063030F16E30205EEB307AF0071
:105F500013975700014963570700370700FC7D1767
:105F6000F98F054913F77700E31C07E813DE3700C4
:105F70009307F00FE30BF9F893179E00A583937630
:105F8000F90F93FE14005DB593FE14009306F00F15
:105F9000814769BD370700FC7D17F98F13F777003C
:105FA0003309A940E31E07E4D1B73304AF40931788
:105FB000540063C3070CE31C04E0814E8146814713
:105FC000B5B53307D840B5C69307F00FE30EF8F226
:105FD000B7070004336FFF00ED4763CDE70C93076D
:105FE0000002998FB317FF003357EF00B337F0006B
:105FF0005D8FB307A7004289C1BD9307F00FE3048B
:10600000F8F0B7070004336FFF00ED4763C2E708FD
:1060100093070002998FB317FF003357EF00B33790
:10602000F000D98FB307F5404289AE8449BB85475C
:1060300069B3630E0F067D17B307AF004289E3050E
:1060400007E89307F00FE319F8F8328E7DBD328E22
:106050004289AE8431BFE3090FEAE30805EA45BD92
:106060000DCDAE8EB287D9B39307F00FE300F9F2EE
:10607000B307AF008583FDB53304E541AE8481BB32
:10608000E31D0FFCE30505E8AE84BDBD854725BDD6
:10609000854749BF0149E39707EC814E814779B3B2
:1060A000B307E5414289AE8419BBB28741B3328E52
:1060B00042897DBD054735BF3706800013577501FE
:1060C0009307F6FF1377F70F9305E007B3F6A700E2
:1060D0009357F50163FCE5009305D00963FAE500E9
:1060E000370500801345F5FF3E958280014582808B
:1060F00093055009D18E63CDE5001306600933077F
:10610000E64033D7E6003305E040F5F33A85828078
:106110001307A7F63397E600FDB713577501370647
:1061200080009307F6FF1377F70F9305E007B3F6A8
:10613000A7009357F501014563F4E50099C38280F8
:1061400082809307E0097D55E3EBE7FE9305500954
:10615000B3E7C60063D7E5001307A7F63395E7005A
:106160008280130560093307E54033D5E70082805C
:10617000411106C622C426C20DCD9357F54133C442
:10618000A7001D8CAA842285492E9307E009338736
:10619000A74093076009FD8063CCE702A14693778F
:1061A000F70F63D5A60061153314A40026042580DB
:1061B00021A0814481470144260413559400B24034
:1061C0002244DE07FE045D8D458D924441018280AC
:1061D0009307900963DDE7009307B5019546B31770
:1061E000F400898E3354D400B337F0005D8C9547AA
:1061F00063D6A7009307B5FF3314F400B70600FC7D
:10620000FD16937774003376D40085C39377F4003A
:106210009145638CB70011069317560063D70700AA
:106220009307F009758E3387A74013146600258005
:106230009377F70F51B7411106C622C415CD2A84B2
:10624000E92C9307E0093387A7409307600963C0EF
:10625000E704A1469377F70F63D5A60061153314C1
:10626000A40026042580260413559400B24022443D
:10627000DE075D8D410182800144260413559400A0
:10628000B24022448147DE075D8D41018280930741
:10629000900963DDE7009307B5019546B317F40055
:1062A000898EB337F0003354D4005D8C954763D6A4
:1062B000A7009307B5FF3314F400B70600FCFD16E2
:1062C000937774003376D40085C39377F4009145B7
:1062D000638CB70011069317560063D70700930726
:1062E000F009758E3387A7401314660025802604B5
:1062F00013559400B24022449377F70FDE075D8D6B
:1063000041018280135775011377F70F41119307ED
:10631000170022C426C21314950006C693F7E70F90
:1063200025809354F50185C7935734001307073828
:106330007604B2075207B1831395F401D98FC98F40
:10634000B240228522449244BE854101828005EB01
:1063500039C42285D922A94763C6A7042D47098FCE
:10636000930755013357E4003314F4009317C70023
:1063700013079038098FB1831377F77F5DBF01CC86
:1063800013573400B7070800D98FB2077604B183DA
:106390001307F07F79BF1307F07F814759BF01478B
:1063A000814741BF130755FF3317E40001447DBF08
:1063B00093D645019397C50093F6F67FB183138674
:1063C00016008E071357D5011376E67FFD815D8F8A
:1063D0009318350035CE138806C89307E00F63DDA8
:1063E00007018147139597009306F00FDE0625817C
:1063F000FE05558D4D8D82806355000B931765000A
:106400000E07B337F000D98F93D8D801B3E717013F
:1064100013F777006301071013F7F7009146630342
:10642000D7009107370700047D8F75C71307180041
:106430001306F00F9376F70FE305C7FA9A07A583C3
:1064400013959700DE062581FE05558D4D8D8280C2
:10645000B367170199EE85CF95479A07A5831395E2
:10646000970093F6F60FDE062581FE05558D4D8DBE
:106470008280A5DBB7074000139597009306F00FC5
:10648000DE0681452581FE05558D4D8D8280814733
:10649000139597008146DE062581FE05558D4D8DAD
:1064A0008280A5576348F804F94737068000B38710
:1064B00007417D45598E6351F504795733070741EC
:1064C000130500023357E6006388A700938626CAA7
:1064D000B316D600B3E8D800B3371001D98F13F73D
:1064E0007700014815FB139757008546E34807F4EA
:1064F0008146A5B781468DB7938626C83397D800C5
:106500003337E000B316D600B3D8F800B367D7002E
:10651000B3E7F800E9B7C28689B7C167637EF502C1
:106520009307F00F1307000263ECA70097570000D2
:10653000938747BCAA9703C507003305A74082800D
:106540002181975700009387E7BAAA9703C50700F0
:1065500061473305A7408280B7070001636EF500ED
:106560006181975700009387E7B8AA9703C5070092
:1065700021473305A74082804181975700009387C8
:1065800067B7AA9703C5070041473305A740828034
:1065900097B7FF1F93874794AA858843BDA297B7F3
:1065A000FF1F93876793AA85884365A8B3C7A50093
:1065B0008D8B3307C50081E78D4763EEC700AA873F
:1065C0006370E50A83C6050085078505A38FD7FE9E
:1065D000E3EAE7FE828093763500AA8791CA83C6F4
:1065E000050085078505A38FD7FE93F63700FDB715
:1065F0009376C7FF138606FE63F0C70683A30500E4
:1066000083A2450083AF850003AFC50083AE0501BB
:1066100003AE450103A3850183A8C5019385450207
:1066200023A0770003A8C5FF23A2570023A4F701E6
:1066300023A6E70123A8D70123AAC70123AC67003B
:1066400023AE17019387470223AE07FF75B790412A
:106650009107910523AEC7FEE3EBD7FEE3E4E7F62F
:106660008280DDC183A7C5FF411122C406C626C2B0
:106670001384C5FF63D307003E94AA84EF20601300
:10668000938741819C4381EF2322040023AA8180C8
:106690002244B2402685924441016F20A011637EBE
:1066A000F40014403307D4006396E7009843DC43BA
:1066B000369718C05CC0D9BFBA87D84319C3E37DE9
:1066C000E4FE94433386D700631F86001040B296E1
:1066D00094C33386D700E31DC7FA10435843B296DC
:1066E00094C3D8C375B76375C400B1479CC04DB798
:1066F0001040B306C4006316D70014435843B29643
:1067000014C058C0C0C369B78280011126CA9384DF
:106710003500F19806CE22CC4AC84EC6A104B14736
:1067200063F5F404B14463E4B4042A89EF206008FB
:106730009387418198433A8429E4938781819C43DC
:1067400099E781454A85EF00103F23ACA180A685DB
:106750004A85EF00503EFD5963193507B1472320A4
:10676000F9004A85EF20000529A0E3DE04FAB147CD
:106770001CC10145F2406244D2444249B24905611C
:1067800082801C40858F63CF0702AD4663F6F6001A
:106790001CC03E9404C031A05C406313870223AA4E
:1067A000F1804A85EF2000011305B40093074400EF
:1067B00061993307F5405DDF3A94898F1CC05DBF56
:1067C0005CC3C5B72287404085BF1304350071986C
:1067D000E30285FCB305A4404A85EF00D035E31BF6
:1067E00035FBADBF797122D44AD052CC56CA5AC8B3
:1067F00006D626D24ECE3A8AAE8A32843689428B6B
:10680000014763580600370700803344C700130769
:10681000D0022380E70093F4F8FD930760048D46CF
:106820006388F4009307500489466393F4000509D4
:10683000DA879308C100130881004A87D68522862B
:10684000EF00106593077004AA896396F400137A29
:106850001A00630A0A0493076004338A29016397C4
:10686000F40203C7090093070003631EF700014603
:1068700081465685A285EF30E03511C585473389BD
:10688000274123202B0183270B003E9A0146814696
:106890005685A285EF30003411E152C6130700037C
:1068A000B24763E24703B2474257B2502254B3871C
:1068B00037411CC34E8592540259F249624AD24A6A
:1068C000424B456182809386170036C62380E700DD
:1068D000C1BF2300C500130725009307B00263D68C
:1068E0000500B305B0409307D002A300F500A5470B
:1068F00063DAB70441119307F100BE8829481303F6
:106900003006B3E605031386F7FF93860603A38FCD
:10691000D7FEB3C60503634DB30093860603F9178C
:10692000A30FD6FE63E917013305A740410182801A
:10693000B287B685F9B7850783C6F7FF0507A30FAA
:10694000D7FECDB7930700031307450093850503D2
:106950002301F500A301B5003305A740828019711A
:106960003ACE86DEA2DCA6DA2E84CAD8CED6D2D41F
:10697000B689DAD0DECEE2CC3289D6D2E6CAEAC80F
:10698000EEC6AA84EF10F04F832B05005E85EF0062
:10699000B01D032B0400724702DC93760B102A8C87
:1069A000034A84011C43F1CA9386470014C39C43E5
:1069B000081098433AD0D8433AD298473AD4DC47A3
:1069C0003ED6EF30C04128C46CC4832CC404175792
:1069D000000013072782832A8404032D0700832DD8
:1069E000470093971C0085836A86EE865685BE8590
:1069F0003ECEEF30003B41EDF2476A86EE8656858B
:106A0000BE85EF30A02E6354A0080146814656850E
:106A1000E685EF30A02D635605009307D002A30151
:106A2000F40493077004974A0000938A2A7D63F662
:106A30004701974A0000938AAA7C137BBBFF8D47CE
:106A4000232064011CC8014B4E87CA867018A2859A
:106A50002685F126FD5C631C95157D55F650665420
:106A6000D6544659B659265A965A065BF64B664C8A
:106A7000D64C464DB64D096182809D07E19B9386B9
:106A8000870014C39843DC4338C47CC43DBF56869A
:106A9000E6865685E685EF30C03011CD9307700449
:106AA000974A0000938A0A76E3F947F9974A00006B
:106AB000938A8A7559B75C407D57137DFA0D6393AD
:106AC000E70899475CC0544013670B403C18D685D3
:106AD0003EC018C09307310302C2D2881308410395
:106AE00066862685013393077004AA8AD255631BF4
:106AF000FD00F55763C5F5005C4063D7B708791A08
:106B0000137AFA0F9307500663E54705FD15528681
:106B1000130504052EDA753B625785462A8BB307A9
:106B2000A7001CC863C5E6001840058B19C385077C
:106B30001CC883473103E38907F09307D002A30100
:106B4000F40419B713077004E31FEDF6ADFF854792
:106B500095BF93076006631BFA025C40635BB0005D
:106B60000CC881E71840058B09CF8507AE971CC874
:106B700009A889E718408546058B19C39386270025
:106B800014C82CCC014B75B7130A7006E25763C9C1
:106B9000F5001C400CC8858BEDD793871500C1BF4D
:106BA00005476344B00009470D8FBA97C9B71C4029
:106BB00013F7074015E314485686CA85268582993F
:106BC000E30D95E91C40898B63960724F2574844EE
:106BD000E356F5E83E8559B513075006637B471920
:106BE00028446C4401468146EF20D07E39E9854631
:106BF00017460000130686E9CA8526858299E30EAA
:106C000095E55257E2576345F7001C40858BDDDB65
:106C1000E2865E86CA8526858299FD57E30FF5E2F6
:106C2000014A930AA4017D5BE257FD17E35CFAF881
:106C300085465686CA8526858299E30065E3050A5E
:106C4000E5B7D2576346F00685461746000013069F
:106C5000E6E3CA8526858299E30195E1D25762571A
:106C6000D98F81E71C40858BB1DFE2865E86CA85BD
:106C700026858299FD57E302F5DE014A130BA40134
:106C8000FD5BD257B307F040634BFA00E2565686DD
:106C9000CA8526858299FD57E316F5F27DBB8546A8
:106CA0005A86CA8526858299E30975DB050AD1BF14
:106CB0003C4C625A63D347013E8A635A4001D286F4
:106CC0005686CA8526858299FD57E308F5D8814CFA
:106CD000130DA401FD5D09A885466A86CA8526852F
:106CE0008299E30CB5D7850C032B8405D2876353B7
:106CF0000A008147B307FB40E3C0FCFE5257E2574E
:106D0000634DF7021C40858B8DEBE2575257338A57
:106D1000E7406344EB00338A6741635B4001D286FE
:106D200033866A01CA8526858299FD57E307F5D225
:106D3000814A130BA401FD5B15A0E2865E86CA851D
:106D400026858299FD57E312F5FC01BB85465A86DC
:106D5000CA8526858299E30275D1850A5257E25782
:106D6000998F528763530A000147998FE3C0FAFE57
:106D700091BDE25605476344D700858BB5C785466C
:106D80005686CA85268582997D5AE30845CDE286D6
:106D90005E86CA8526858299E30145CD28446C44E8
:106DA00001468146EF2010631DC9E25613861A0082
:106DB000CA85FD1626858299E30145CBDA8613063E
:106DC0000405F9B585465686CA8526858299E30667
:106DD00075C9050AE257FD17E346FAFEC5B7014A31
:106DE000930AA401FD5BFDB785465686CA852685B4
:106DF0008299E31595FD95B185465686CA85268507
:106E00008299E30C65C5050A5C447257998FE34586
:106E1000FAFE6DBB014A930A94017D5BF5B7797167
:106E200056CA9C49BA8A984522D426D24ECE52CC14
:106E300006D64AD05AC85EC6AA892E84B284368A3B
:106E400063D3E700BA879CC00347340419C385079E
:106E50009CC01C4093F7070281C79C4089079CC0D7
:106E60000329040013796900631A0900130B9401C4
:106E7000FD5B5C449840998F634CF9041C40834649
:106E8000340493F70702B336D000A5EB130634049D
:106E9000D2854E85829AFD576303F5041C40114646
:106EA0009840998B544481446397C700B384E6406B
:106EB00063D3040081441C4418486354F700998F3D
:106EC000BE94014969047D5B63982405014509A8C6
:106ED00085465A86D2854E85829A631E75017D55F8
:106EE000B250225492540259F249624AD24A424B59
:106EF000B24B456182800509ADBF3307D40013064C
:106F00000003A301C7040347540493871600A29704
:106F10008906A381E7049DBF85462286D2854E85DA
:106F2000829AE30E65FB050945B7797122D426D212
:106F30004AD04ECE06D652CC56CA5AC8B68983C657
:106F40008501930790063289AA842E84138635041E
:106F5000638DF60263E2D706930780056388F6180F
:106F600063EDD7006381062293073004638FF60A2E
:106F7000930A24042301D404D1A093073006638626
:106F8000F60A93074006E395F6FE1C40084393F685
:106F9000070893054500CDC61C410CC363D8070004
:106FA0001307D002B307F040A301E40497460000A2
:106FB0009386C625294775A8930700076384F616AC
:106FC00063E5D7029307E006638BF6189307F00694
:106FD000E390F6FA0C401C4313F8050813854700AC
:106FE0006308080608C39C4395A893075007E383EA
:106FF000F6FE93078007638BF61293073007E39939
:10700000F6F61C43D04181459386470014C383AAFA
:1070100007005685EF10407801C53305554148C03B
:107020005C401CC8A301040471A81C43930A2404F7
:10703000938647009C4314C32301F4048547D5B7C6
:1070400093F607041C410CC3B1DAC207C187B9B774
:1070500093F5050408C3C1D983D707001307F006C9
:107060006387E60E974600009386461A2947A301D8
:1070700004044C400CC463C5050008406D9908C069
:1070800099E3B28A91CDB28AB3F5E702FD1AB695BB
:1070900083C505002380BA00B3D5E70263FFE70A82
:1070A000A147631EF7001C40858B91CB58401C48BC
:1070B00063C7E70093070003A38FFAFEFD1A3306A8
:1070C000564110C84E87CA867000A2852685813B2E
:1070D0007D5A631E450B7D55B2502254925402597D
:1070E000F249624AD24A424B45618280A382D5046A
:1070F00097460000938686110C40084313F8050854
:107100001C411105630D080208C313F7150001C7E0
:1071100093E505020CC04147B9FB0C4093F5F5FD22
:107120000CC0B1B79C4193E707029CC1930780074D
:10713000A302F404974600009386860E75BF13F8E9
:10714000050408C3E30308FCC207C1837DBF97465B
:1071500000009386A60B214719BFAE8735B794412F
:107160001C43CC4913F80608138547006306080042
:1071700008C39C438CC301A808C393F606049C4330
:10718000F5DA2390B70023280400B28A25BF1448FB
:107190005686CA8526858299E30F45F31C40898B64
:1071A0008DE7B2474844E359F5F23E8535B7854649
:1071B0005686CA8526858299E30F65F1050A5C44E7
:1071C0003247998FE345FAFEE9BF014A930A9401D9
:1071D0007D5BF5B739713EDA2ED232D436D63AD845
:1071E00042DC46DE97A7FF1F938707CF22CC804360
:1071F00026CA06CEAA8411C41C4C81E72285EF1052
:10720000E0300C4454102686228536C6EF107052AA
:10721000F2406244D24421618280011197A7FF1F8E
:10722000938787CB22CC804306CEAA8501C81C4C0D
:1072300091E72AC62285EF10602DB24510442285C1
:107240006244F24005616F10B078011126CA4AC845
:1072500006CE22CC4EC652C4AA842E8909C51C4D26
:1072600099E3EF10A02A9C4C804481E72685EF101B
:10727000E029974700009387E702631CF402C040AF
:107280008357C400A18BB1C71C48A1C7FD59294A27
:107290001C4483450900FD17B1E91CC463DE0706E1
:1072A0002286A9452685D128FD576308F502294580
:1072B00035A0974700009387E7006314F4008044EB
:1072C000C1B7974700009387E7FBE31BF4FAC0447C
:1072D00045BFA2852685AD2255D97D55F240624431
:1072E000D2444249B249224A056182801CC4050940
:1072F00063D70700184C63CBE700638945011C4046
:107300001387170018C02380B70059B72286268537
:10731000AD20E31F35F7D1B71C401387170018C005
:1073200029472380E70061B797A7FF1F9387C7BA54
:10733000AA85884319BF411122C42A842E8597B794
:10734000FF1F23AD072C06C6EFC0DFD1FD57631921
:10735000F50097B7FF1F9387672C9C4391C31CC010
:10736000B240224441018280AA87850703C7F7FF04
:107370006DFF3385A7407D158280011122CC26CA7E
:107380004AC806CE4EC6AA842E89328409C51C4D31
:1073900099E3EF10A017974700009387A7F0631BAE
:1073A000F406C0401C4C1CC48357C400A18BD9C335
:1073B0001C48C9C31C4808409379F90F1379F90F89
:1073C0001D8D5C486347F500A2852685EF100002FD
:1073D00035E51C440505FD171CC41C401387170028
:1073E00018C0238037015C486389A7008357C40015
:1073F000858B89CBA9476317F900A2852685EF0005
:10740000F07E0DEDF24062444A85D2444249B249D1
:1074100005618280974700009387C7EA6314F400F0
:10742000804449B7974700009387C7E5E31CF4F60B
:10743000C0448DBFA285268521202DDD7D59D9B779
:10744000411197A7FF1F938727A926C2844322C40F
:107450004AC006C62A892E8491C49C4C81E72685A1
:10746000EF10C00A974700009387C7E3631CF4023C
:10747000C0400317C40093170701C18393F6870028
:10748000BDEE93F607019DEEA5472320F900136793
:1074900007042316E4007D55B24022449244024979
:1074A00041018280974700009387C7E16314F4008D
:1074B0008044C1B7974700009387C7DCE31BF4FA09
:1074C000C04445BF918B95C74C5891C9930744045C
:1074D0006385F5004A85EFF0CF98232A040283578D
:1074E000C4002322040093F7B7FD2316F4001C48C0
:1074F0001CC08357C40093E787002316F4001C4880
:1075000089EF8357C4001307002093F70728638689
:10751000E700A2854A85EF10201E8357C40013F7A9
:10752000170005C75C4823240400B307F0401CCCB7
:107530001C480145B5F38317C40013F7070829DF7A
:1075400093E707042316F400B9B7898B014791E349
:10755000584818C4F1BF011122CC1C49804906CEFD
:1075600026CA4AC84EC652C456C263C187127D1489
:107570001318240093894501338A09011309450131
:107580004A9883270A00032708008507B354F702A7
:107590006366F706C1684E834A8E814E014FFD181F
:1075A00011030326C3FF110E3377160141823307FF
:1075B000970233069602769793560701B377170121
:1075C000B307FF4036968326CEFF935E06013376DF
:1075D000160133F71601BA97C18213D70741918E6E
:1075E000BA9613DF0641B3F71701C206D58F232ED3
:1075F000FEFEE3776AFA83270800BDCBAA8AEF1064
:10760000A06A6349050441668504CA8501457D1663
:10761000910903A8C9FF98419105B376C800158D5B
:10762000B376C700AA96935707011358080113D7DA
:107630000641B3870741BA9713D50741F18EC207B8
:10764000D58F23AEF5FEE3753AFD93172400CA9754
:1076500098431DC72685F2406244D2444249B2494C
:10766000224A924A056182808327080089E77D14B7
:107670007118E36B09FF00C951B7984309E77D14FE
:10768000F117E36CF9FE23A88A00E9B70145E1B7D9
:1076900075713ED85C5122C526C34AC1CEDED2DC0C
:1076A000E2D406C7D6DADAD8DED6E6D2EAD0EECE13
:1076B00036C23AC646CAAA842E843289C2892E8A24
:1076C000328C89EF4145EFE0BFECC8D023220500A2
:1076D000232405002320050023260500DC508C43CD
:1076E00089CDD84385472685B397E7009CC5D8C187
:1076F000EF10E014DC5023A0070063530904854712
:10770000131C190023A0F900135C1C00B707F07FBD
:107710003377FC006314F70642578967320C93876E
:10772000F770135CCC001CC3336C8C00E3050C3287
:10773000D24791EB97470000938787B43EC039A8A2
:1077400023A00900E1B797470000938767B33EC0C5
:10775000974700009387F7B252471CC3BA402A44A8
:1077600002459A440A49F659665AD65A465BB65BB0
:10777000265C965C065DF64D496182800146814635
:107780002285E28522CE62D4EF20C04405E1425733
:1077900085471CC3973700009387472F3EC0D247C9
:1077A000D5DF973700009387772E7DB7B800F400B8
:1077B0006286A285268513594C01EF10006113796A
:1077C000F97FAA89A64A630D0910A25772451309C9
:1077D00019C09395C700B181B707F03FDD8D02DC7A
:1077E00097470000938707A59043D443EFD0EFB8A5
:1077F00097470000938787A49043D443EFC07FEC62
:1078000097470000938707A49043D443EF10904913
:107810002A8B4A85AE8BEFD0BFB097470000938785
:10782000E7A29043D443EFC0DFE92A86AE865A85AB
:10783000DE85EF1030472A8BAE8BEFD0FFA72A846E
:10784000014681465A85DE85EF20404A635B05008C
:107850002285EFD0FFAC5A86DE86EF20A03711C11B
:107860007D140547D9473AD663E3870213173400DE
:1078700097470000938787A9BA979043D4437245EE
:10788000A255EF20A046635305007D1402D633892C
:107890002A41930BF9FF014B63D60B00054B330BC9
:1078A0002B41814B634E0406A29B22CC814A124796
:1078B000A54763E5E7149547854C63D6E700930732
:1078C000C7FF3EC2814C12478D47630EF71063CF4E
:1078D000E704894702C8630DF70685473EC88DA0B7
:1078E00036499307000256991307294363D5E702E7
:1078F00013050004198D930729413315AC00335447
:10790000F400418DEFD0FFA8B70710FEBE95854764
:107910007D193EDCF1B53385E7403315A400DDB7B2
:10792000330B8B40B30A804002CC51B712479147CA
:10793000630EF70005473AC8124795476306F70AF2
:10794000FD573EC4FD5DC94702C619A885473EC81C
:10795000B2476348F00A854705473EC4854D3AC69D
:1079600003A94402114723220900930647018325F6
:10797000490063FCD7082685EF00F063DC50232024
:10798000A9009C433EC0B94763E6B71D63840C1C45
:10799000635E800A9377F40013973700935C44404A
:1079A0009747000093878796BA9793F60C01984300
:1079B0000949DC4385C6974600009386A6929052FB
:1079C0007245D452A2553AD03ED2EFC04FF402577E
:1079D000925793FCFC002A8A2E8C0D49174D00000B
:1079E000130D4D9089A802C8B247A2973EC4938D4B
:1079F0001700EE87E346B0F785479DB7854C02C276
:107A0000E9BDB2473EC4BE8DA1BF85052322B900A2
:107A10000607A1BF93F61C0081CE03260D00832626
:107A20004D003A85BE85EFC0DFC905092A87AE87BC
:107A300093DC1C40210DE39F0CFC3A86BE865285E8
:107A4000E285EFC0CFEC2A8A2E8C81A0094915CCA3
:107A5000B30C804093F7FC00139737009747000062
:107A60009387C78ABA979043D4437245A25593DC53
:107A70004C40174D0000130DED86EFC09FC42A8ABD
:107A80002E8C8147639C0C12DDFFB257638707146D
:107A90001737000013078701104354435285E285CE
:107AA00052D0EF20A024635A0512638B0D12A24717
:107AB0006350F00A173700001307C7798257104345
:107AC00054433E85E285EFC0DFBFA247130DF4FFAC
:107AD0002A8A2E8C050962874A853EDE52DABA8CE4
:107AE0003AD0EFD0FF83525802573709C0FC428684
:107AF000BA86EFC01FBD9736000093862676904267
:107B0000D442528CEF10101AF2572A8A2E99E1EFC4
:107B10009737000093870775525802579043D44314
:107B20004285BA85EFD06F855286CA862A8CAE8C84
:107B3000EF20E010634AA054B7070080B3C72701C5
:107B40005286BE866285E685EF20401A634B055259
:107B5000724A225CB64763C70730394763448730AF
:107B600013173400973700009387477ABA9703AB0F
:107B7000070083AB4700B24763D207206340B021C0
:107B800063910D50973700009387C76D9043D4439E
:107B90005A85DE85EFC0FFB25286E286EF20200ACA
:107BA000814A01496357054A824702470504138AFF
:107BB0001700930710032300F70045A113F71C00DB
:107BC00009CB03260D0083264D000509EFC07FAFCA
:107BD000854793DC1C40210D75B5228DEE87E5BDF0
:107BE000228D8147CDBD9386F7FF139636009736D9
:107BF00000009386A671B2968842CC428246B69720
:107C00003EDAC247E9C397370000938727662A8682
:107C1000AE868843CC434ADE52D0EFC04FCF0258E5
:107C20007257173900001309E9624286BA86EFC01D
:107C3000DFF4024A2AD02ED2E6856285EFD0CFE764
:107C40002ADEEFD0EFED2A86AE866285E685EFC0AC
:107C5000DFF2F2572A8CAE8C2A86AE8602559255F8
:107C6000050A93870703A30FFAFEEF10507D6348C0
:107C7000A00E97370000938767E38843CC43628662
:107C8000E686EFC09FEF2A86AE8602559255EF102A
:107C9000107B6342A018D257E30CFAEA03260900CE
:107CA0008326490002559255EFC0BFA10326090063
:107CB000832649002AD02ED26285E685EFC07FA0B8
:107CC0002A8CAE8C95BF5286CA86EFC09F9F525AAF
:107CD00002492AD02ED2E6856285EFD0EFDD2ADE7A
:107CE000EFD00FE42A86AE866285E685EFC0FFE816
:107CF0007257D257050913070703A30FE9FE2A8C11
:107D0000AE8C6312F90617390000130929560326B1
:107D100009008326490002559255EF10A0782A8663
:107D2000AE866285E685EF1090716346A00E02561E
:107D300092560325090083254900EFC01FE42A86D7
:107D4000AE866285E685EF10707A93070003E351F3
:107D500005E00347FAFF9306FAFF6304F7006A841D
:107D600059A8368AFDB7973700009387A74E9043EE
:107D7000D443EFC01F952A8CAE8CB1BFE287BE8C76
:107D80008247528C973A0000938ACA4C1389170095
:107D9000BE9D5A86DE866285E685EFC04FB7EFD07E
:107DA000AFD12A8DEFD0CFD75A86DE86EFC07F9134
:107DB0002A86AE866285E685EFC03FDC93070D0319
:107DC000A30FF9FE2A86AE864A8A639E2D07EF101E
:107DD000606D5A86DE862A8CAE8CEF105066634B3F
:107DE000A0025A86DE866285E685EF10B05E01E568
:107DF00093771D0085E3CE852685EF005024C2577A
:107E000023000A00050480C3D247E389079423A016
:107E10004701A9B2228D130790038346FAFF930707
:107E2000FAFF639AE6008246639DF600130700039B
:107E3000050D2380E60003C7070005072380E70040
:107E400039BF3E8AD9BF03A60A0083A64A000509A6
:107E5000EFC03F87014681462A8CAE8CEF109057C9
:107E60000DF951BF4247630007109246054763452D
:107E7000D70C62579387374309E726479307600378
:107E8000998F568DDA8C854526853E9BBE9BEF00EB
:107E900090332A89635E9001635C7001E68763D347
:107EA0009B01DE87330BFB40B38CFC40B38BFB4064
:107EB00063800A04C247C5CF6354A003CA856A869B
:107EC0002685EF0010464E86AA852A892685EF0072
:107ED00030312ACECE852685EF007016F247BE8956
:107EE0003386AA4111C6CE852685EF009043AA8924
:107EF00085452685EF00302DE247AA8A635BF006B0
:107F00003E86AA852685EF00D04112478547AA8A7A
:107F1000014D63C8E706014D63120A069317CC00B2
:107F2000528DA9EFB705F07F337CBC0063080C04C9
:107F3000050B850B054D99A0138DFDFF63CAAA01A2
:107F4000338DAA4163DE0D00B30CBB41814725BFD1
:107F5000E247B30A5D41D6973ECCEA8A014DDDB7D0
:107F6000DA8CEE870DB7568DDA8C014925B7568627
:107F70009DBF12478547014DE3DFE7F8E24705451E
:107F800089CF83A70A018D078A07D697C843EF00D8
:107F90009018930700023385A7405E957D8951C1F3
:107FA00093070002898F1147635AF706F14733851B
:107FB000A7402A9BAA9CAA9B63586001CE855A863B
:107FC0002685EF009041AA8963587001D6855E86A8
:107FD0002685EF009040AA8AB257B1C7D6854E8554
:107FE000EF00904C63510504CE85814629462685D5
:107FF000EF003009C2477D14AA89638C0726CA8521
:10800000814629462685EF00D007A2472A89634585
:10801000F0081247894763D1E70829A8E38EE7F8FB
:108020003E85710579B76345B0071247894763D12B
:10803000E7066EC4A24791EFD68581461546268590
:10804000EF003004AA8AAA854E85EF00F045E34D83
:10805000A0B4B247024A13C4F7FF014BD685268568
:10806000EF00E07DE30909D863080B0063062B01EC
:10807000DA852685EF00A07CCA852685EF00207C66
:108080009DBB814A0149F1B76A84814A014929BEF1
:10809000C2476EC46386071E63589001CA85668610
:1080A0002685EF0090332A894A8563060D028325D1
:1080B00049002685EF002070032609012A8B9305CD
:1080C000C90009060A063105EFE04FCE0546DA85FC
:1080D0002685EF009030824722474A8B138C170089
:1080E000BA973EC693771A002A893EC4D6854E8534
:1080F000EFF06FC6DA852A8D930D05034E85EF00EC
:10810000B03A4A86AA8BD6852685EF00103D5045A9
:10811000930CFCFF2A8A054711E6AA854E85EF00DD
:10812000B0382A87D28526853AC8EF004071924739
:108130004247628AB3E6E700A247DD8E81EE13076D
:1081400090036388ED0463547001930D1D03238035
:10815000BC0129B763CA0B009247B3EB7701A24772
:10816000B3EBFB0063950B04E353E0FECE850546BD
:108170002685EF009026D685AA89EF00F032634667
:10818000A00071F513F71D0079D313079003E39E48
:10819000EDFA930790032380FC0093069003834736
:1081A000FAFF1307FAFF638CD708850745A0635BC6
:1081B000E00013079003E38EEDFC93871D002380FE
:1081C000FC0069BDB247A30FBCFF63818705CE8564
:1081D000814629462685EF00C06AAA89814629463C
:1081E000DA85268563182B01EF00A0692A8B2A897E
:1081F000050CEDBDEF00E068CA852A8B8146294653
:108200002685EF0000682A89E5B7014BCE85054633
:108210002685EF00901CD685AA89EF00F028E34E52
:10822000A0F601E593F71D00ADFB9307000303479C
:10823000FAFF9306FAFFE313F7E2368ACDBF8247CF
:108240006399E70002470504930710032300F70032
:1082500031B53A8AA9B7524797370000938787010B
:108260003EC09737000093876701631707CE6FF012
:10827000EFCEA2476346F00012478947E3CCE7DA26
:10828000024AD6854E85EFF00FAD8247050A930D61
:1082900005033307FA40A247A30FBAFFE357F7F6E7
:1082A000CE85814629462685E92BAA89D9BF83D761
:1082B000C500011122CC26CA06CE4AC84EC613F705
:1082C0008700AA842E8479EFD841634DE000B8413D
:1082D000634AE0000145F2406244D2444249B24957
:1082E0000561828058547DD703A904009396370115
:1082F00023A0040063DE060670488357C400918BF8
:1083000099C75C401D8E5C5899C33C401D8E5C54DF
:108310000C50814626858297FD570357C400631D84
:10832000F5009440F54763E9D706B7074020850775
:10833000B3D7D700858BADC31C48232204001CC0D3
:108340009317370163D80700FD576314F5009C406D
:1083500091E368C84C5823A02401ADDD9307440481
:108360006385F5002685EFE0CFAF232A04029DB791
:108370000C500146854626850297FD572A86E31E46
:10838000F5F69C40BDDB75476385E700594763946C
:10839000E70423A024013DBF136707042316E4006C
:1083A0007D5515BF83A90501E38609F203A90500E0
:1083B0008D8B23A0350133093941014791E3D84919
:1083C00018C4E35920F11C540C50CA864E862685E9
:1083D00082976349A0008357C40093E707042316DC
:1083E000F4007DBFAA993309A940E1BF9C49B9CFE8
:1083F000011122CC06CE2A8411C51C4D81E72EC660
:108400003122B245973700009387C7E9639BF50097
:108410004C408397C50095C722856244F2400561B0
:1084200079B5973700009387E7E96394F5000C442A
:10843000CDB7973700009387E7E4E39CF5FC4C4405
:10844000C9BFF240624401450561828001458280D6
:10845000411122C406C62A842316B5002317C5007D
:1084600023200500232205002324050023220506DE
:1084700023280500232A0500232C050021468145D9
:108480001305C505EF80AFDF971700009387E7DC82
:108490005CD097170000938747DF1CD49717000024
:1084A000938787E35CD497170000938747E600D053
:1084B0001CD8B24022444101828097050000938578
:1084C00025F391AA411126C2130680069384F5FF75
:1084D000B384C4024AC02E8922C406C693854407C9
:1084E000EFE0AFA22A8401CD23200500232225013D
:1084F000310508C4138684068145EF804FD8228554
:10850000B240224492440249410182801C4DBDE3A5
:10851000411106C622C497070000938747FA1CD56D
:1085200097370000938747FE9C43232405042326A6
:108530000504232805046314F50085471CCD2A840F
:108540001D2848C02285052808C422852D2048C43E
:10855000484001469145ED3D08440546A545CD3DC1
:1085600048440946C945ED3585471CCCB2402244F4
:108570004101828082804111973700009387C7F8BC
:1085800026C284434AC006C69C4C22C42A8999E369
:108590002685AD3F938484048044DC40FD1763D678
:1085A00007009C40B9CF8440C5BF0317C40039E71A
:1085B000C177850723220406232004002322040018
:1085C000232404005CC423280400232A0400232C51
:1085D0000400214681451305C405EF804FCA232AB4
:1085E0000402232C040223240404232604042285E9
:1085F000B24022449244024941018280130484061D
:1086000071BF91454A857D3D88C051FDB14723200A
:10861000F9000144E9BF797122D44AD052CC56CA3C
:108620005AC85EC606D626D24ECE2A8AAE8A130411
:1086300085040149054BFD5B09ECB25022544A8583
:1086400092540259F249624AD24A424BB24B4561B6
:108650008280044483294400FD1963D4090000404A
:10866000E1BF83D7C400637BFB008397E40063878B
:108670007701A6855285829A3369A900938484067E
:10868000E1BF9797FF1F938727859C43885309E590
:108690001785FF1F1305056D1305050F82801971DE
:1086A000A6DAAE848395E500A2DC86DE328463DC44
:1086B000050083D7C40023A0060093F7070885E7C9
:1086C000930700401DA0300836C6EF00F04AB246BE
:1086D000E34105FE7247BD67F98F7977BA9793B783
:1086E00017009CC2F1BF930700041CC0F6506654EB
:1086F000D65401450961828083D7C500011122CC7F
:1087000006CE26CA4AC8898B2E8489CF9307740463
:108710001CC01CC885475CC8F2406244D244424930
:108720000561828074003000AA84953FA2452A89A1
:108730002685EFD09FFD01ED8317C40013F70720B6
:1087400061FFF19B93E727002316F400C1B7970759
:1087500000009387C7D69CD48357C40008C008C8BC
:1087600093E707082316F400A2475CC8B24791CFED
:108770008315E4002685EF00704301C98357C400C8
:10878000F19B93E717002316F4008357C400336965
:10879000F9002316240149B793F5F50F2A966314BF
:1087A000C5000145828083470500E38DB7FE0505BE
:1087B000FDB7828082805C51411122C44AC006C646
:1087C00026C22A842E8989EF4145EFD07FDC48D02C
:1087D000232205002324050023200500232605006D
:1087E0004450DC4495C75850931729005847BA970E
:1087F00088431DED8544B3942401138654000A0672
:1088000085452285692D11CD2322250104C51DA092
:10881000130610029145228559255C50C8C4DC47D7
:10882000F9F30145B2402244924402494101828059
:10883000184198C32328050023260500E5B75C519D
:10884000011122CC06CE2A8499EF41452EC6EFD0E5
:108850003FD4B24548D0232205002324050023201D
:1088600005002326050091C95450DC4113972700C9
:10887000DC46BA97984398C18CC3F24062440561C4
:10888000828079714ECEAA89416522D426D22E8467
:10889000844906D64AD0D10501487D159C419105F1
:1088A000050833F7A7003307C702C183B387C702A0
:1088B000369793560701698FB69793D60701C2077B
:1088C000BA9723AEF5FEE34B98FC95CE1C4463C5E6
:1088D000F4024C404E8536C68505F13D104893059F
:1088E000C4002A8909060A063105EFD03FCCA285CB
:1088F0004E85B137B2464A84938744008A07A297CF
:10890000D4C3850404C82285B2502254925402591B
:10891000F249456182804177698FAA87014519E351
:10892000C2074145370700FF7D8F19E32105A207E4
:10893000370700F07D8F19E311059207370700C054
:108940007D8F19E309058A0763C90700139717008C
:108950000505634407001305000282801C4113F7DC
:1089600077000DC393F61700014799E613F7270028
:1089700011C785831CC105473A85828089831CC144
:108980000947DDBF93960701C182014799E2C18380
:10899000414793F6F70F99E22107A18393F6F70079
:1089A00099E21107918393F6370099E209078983C9
:1089B00093F6170081E68583050799C31CC16DBF37
:1089C0001307000255BF411122C42E84854506C6F7
:1089D000DD3340C9B2402244054718C941018280B5
:1089E00098491C4A797126D206D622D44AD04ECE56
:1089F000AE846354F700B2842E8683A90401032950
:108A000006019C44CC403384290163D3870085054B
:108A100032C65533324613084501131324004293DE
:108A2000C28763ED6702938544019398290051063C
:108A3000131E2900C166AE98329EFD166364C603FC
:108A400063568000711383270300F1CB00C9B25035
:108A5000225492540259F2494561828023A00700B2
:108A60009107C1B7832F0600B3FFDF00638A0F04AD
:108A7000428FAE82814403A7020083230F00110FAF
:108A8000B37ED700B38EFE03B3F7D30093D30301B5
:108A90009102BE9E93570701B387F703A69E13D793
:108AA0000E01B3FEDE009E97BA9793D40701C2076A
:108AB000B3E7D701232EFFFEE3EF12FB23209F0035
:108AC00083522600638A020483270800C28E2E8FF9
:108AD000814F03270F0083D32E00F58F758F330747
:108AE0005702910E110F1E977E97931F0701B3E750
:108AF000FF0023AEFEFE8357EFFF83AF0E004183DE
:108B0000B3875702B3FFDF00FE97BA9793DF0701E1
:108B1000E3611FFD23A0FE001106110805B77D14B7
:108B200005B7011126CA4AC84EC606CE22CC52C489
:108B3000937736002A89B284AE8989CFFD1717371B
:108B40000000130727898A07BA9790438146EFF000
:108B50005FD3AA898984ADC88327490291EF414533
:108B6000EFD01FA32322A9022322050023240500FE
:108B70002320050023260500032A490203248A0036
:108B800011E8930510274A853D3D2324AA002A8435
:108B90002320050093F7140099CBCE8522864A85C1
:108BA00081352A8ACE854A85EFF07FC9D2898584AE
:108BB00081CC084001E92286A2854A85153508C086
:108BC000232005002A84F9B7F24062444E85D2443E
:108BD0004249B249224A05618280797126D2AE8427
:108BE0004ECE83A9040122D4CC41135456409C4458
:108BF000A2994AD056CA06D652CCAA8A138919001D
:108C000063C42709568532C6EFF0FFBA3246930790
:108C100045012A8ABE8601479106634A8706635347
:108C20000400014494480A04338787008A06938726
:108C300044017D8ABE9625C2130800023308C8404D
:108C400081458843110791073315C500C98D232E2F
:108C5000B7FE83A5C7FFB3D50501E3E4D7FE0CC378
:108C600099C1138929007D1923282A015685A685D3
:108C7000EFF0FFBCB2502254528592540259F2498F
:108C8000624AD24A456182808505860795BF23AE38
:108C900006FE050751B7910703A6C7FF1107232E4C
:108CA000C7FEE3EAD7FEC1B71C499849998F8DE307
:108CB0000A075105D105B306E500BA95F116F1157D
:108CC000904298416308E600FD576363E6008547DC
:108CD0003E858280E364D5FEE5BF011126CAAE84DD
:108CE0004EC6B285AA89268522CC06CE4AC83284D1
:108CF000653F05E181454E85EFF0FFAB85471CC917
:108D0000232A0500F2406244D2444249B249056137
:108D10008280054963460500A28701492684BE84F6
:108D20004C404E85EFF03FA90323040183A80401C2
:108D300013064401131E2300138844018A08C16EE0
:108D400023262501329EC29893064501014FFD1E40
:108D50001842832F08009106B375D701B3F7DF01DE
:108D6000FA959D8D93DF0F0193570701B387F74164
:108D700013D70541BA9713DF0741B3F5D501C207F1
:108D8000CD8F110823AEF6FE1106E36318FDC16511
:108D9000FD156368C601F1169C4295C7232865003E
:108DA00095B71C429106110633F7B7007A9713580E
:108DB0000741C183C29713DF07416D8FC207D98F67
:108DC00023AEF6FEF9B77D13F9B7797122D42E845C
:108DD000854526D24AD0B2844ECE52CC3A8906D6A8
:108DE000368AEFF05F9D370710009307F7FFE58F96
:108DF000D18093F4F47FAA89B5E03EC62DC4280043
:108E000022C4EFF0BFB5A24621CD3247930700023E
:108E1000898FB317F700D58F3357A70023AAF9001E
:108E20003AC6324423AC890033348000050423A8B9
:108E30008900B9C49384D4BCAA9493075003232017
:108E40009A003385A7402320A900B25022544E85B2
:108E500092540259F249624A45618280D98F71BFAA
:108E600023AAD9007DBF6800EFF05FAFB2471305BA
:108E70000502054423AAF900854723A8F90055BF38
:108E8000931724001305E5BCCE972320AA00884B36
:108E90001604EFF05FA8098C232089007DB7338684
:108EA000C502011122CC06CEB28532C6EFD0FF85B5
:108EB0002A8409C532468145EF707FBC2285F24085
:108EC0006244056182801C46FD171CC663DA0700F8
:108ED000184E63C5E700A9476394F5006FE0EFC93A
:108EE0001C422E851387170018C22380B70082808A
:108EF000011122CC26CA4AC84EC652C406CE2A89BF
:108F0000AE893284B304D6007D5A631494000145BF
:108F100009A8834504004E864A8575370504E31683
:108F200045FFF2406244D2444249B249224A0561B7
:108F30008280357122CD26CB4AC94EC706CF52C595
:108F400056C35AC1DEDEE2DCE6DAAA89AE84328993
:108F5000368409C51C4D99E3EFF04FDB97270000DD
:108F600093874734639CF40C83A4490083D7C400DF
:108F7000A18BFDC79C48EDC793070002A304F10233
:108F80009307000302D22305F10222C6930B50027D
:108F9000972A0000938ACA44054C294B4A84834788
:108FA000040099C36391770FB30C2441638D0C00C7
:108FB000E6864A86A6854E85253FFD576307F51E42
:108FC0009256E69636D2834704006380071EFD570B
:108FD0001309140002C802CE3ECA02CCA309010440
:108FE00082D48345090015465685EFF0EFFA130445
:108FF0001900C24759E913F7070109C7130700020F
:10900000A309E10413F7870009C71307B002A309F6
:10901000E104834609001307A0026380E608F247D3
:109020004A8481462546034704009305140013072C
:1090300007FD6379E60AB5CA3ECE85A897270000EA
:10904000938747286395F40083A4890005B7972781
:10905000000093872723E39BF4F083A4C90039B76A
:10906000A6854E85EFE0CFBD01D97D55FA406A4413
:10907000DA444A49BA492A4A9A4A0A4BF65B665C7C
:10908000D65C0D618280050419BF33055541331547
:10909000AC00C98F3EC82289A9B732479306470062
:1090A000184336C6634907023ACE034704009307C4
:1090B000E002631FF704034714009307A002631B39
:1090C000F702B2470904138747009C433AC663C1BD
:1090D00007023ECA35A83307E04093E727003ACE9F
:1090E0003EC8E1B7B387670385462E84BA9725BF8C
:1090F000FD57C5B7050402CA814681472546034787
:10910000040093051400130707FD6378E606F1F2E7
:10911000834504000D46172500001305E52CEFF0EC
:10912000AFE711CD972700009387072C1D8D93077C
:109130000004B397A700424505045D8D2AC8834506
:1091400004001946172500001305452A13091400C9
:109150002304B102EFF04FE42DC197E7FFFF93879F
:10916000478095E74247B2471377071009CF910729
:109170003EC69257D2973ED215B5B3876703854650
:109180002E84BA97ADBF9D07E19BA107D5B77800A4
:1091900097060000938606D626860C084E85EFD0EB
:1091A0000FFCFD572A8AE316F5FC83D7C40093F71A
:1091B0000704E39C07EA125555BD780097060000A6
:1091C000938646D326860C084E85EFD01FD6D1BF96
:1091D000011122CC06CE2A8409C91C4D99E732C65A
:1091E0002EC4EFF0AFB23246A24597270000938716
:1091F000670B6316F60250401C46FD171CC663D071
:109200000704184E63C7E70093F7F50F29476398E3
:10921000E70222856244F24005616FE00F969727CE
:1092200000009387270A6314F6001044F1B79727CC
:10923000000093872705E311F6FC504475BF1C42DC
:1092400013F5F50F1387170018C22380B700F240FB
:10925000624405618280411122C42E848395E50019
:1092600006C6F522634905007C48AA977CC8B2402F
:109270002244410182808357C4007D777D17F98F96
:109280002316F400EDB783D7C500011122CC26CAFE
:109290004AC84EC606CE93F70710AA842E84328998
:1092A000B68991C78395E500894601460D2A835703
:1092B000C4007D777D17F98F2316F4008315E40031
:1092C0006244F240CE864A86B24942492685D2445B
:1092D00005613DA8411122C42E848395E50006C690
:1092E000FD28FD570357C400631BF500FD77FD17EC
:1092F000F98F2316F400B240224441018280856731
:10930000D98F2316F40068C8FDB78395E50025A81A
:10931000411122C42A842E85B28536869797FF1F75
:1093200023AE072E06C6EFA07FD1FD576319F500C7
:109330009797FF1F9387872E9C4391C31CC0B24011
:10934000224441018280411122C42A842E859797AC
:10935000FF1F23A5072C06C6EF00504AFD576319CF
:10936000F5009797FF1F9387672B9C4391C31CC001
:10937000B240224441018280411122C42A842E85B8
:10938000B2859797FF1F23AB072806C6EF0010484A
:10939000FD576319F5009797FF1F938727289C4374
:1093A00091C31CC0B240224441018280411122C4B9
:1093B0002A842E859797FF1F23A2072606C6EF0053
:1093C000F045FD576319F5009797FF1F9387072511
:1093D0009C4391C31CC0B240224441018280411190
:1093E00022C42A842E85B28536869797FF1F23A72D
:1093F000072206C6EF009043FD576319F5009797C3
:10940000FF1F9387A7219C4391C31CC0B2402244F5
:109410004101828085E141116C00014511CA7955F5
:1094200081CA834706009CC1034506003335A0006E
:1094300041018280014519CA795589CA83470600CE
:109440009CC1034506003335A00082808280411113
:1094500022C42A842E85B28536869797FF1F23AFB4
:10946000071A06C6EF00903DFD576319F500979760
:10947000FF1F9387A71A9C4391C31CC0B24022448C
:109480004101828091CD9307F00F63F7C7009307E6
:10949000A0081CC17D5582802380C50005458280BF
:1094A000014582803708100001117D183377B8001C
:1094B00026CA3378D80093D4450113D34601131E2E
:1094C00037004EC61357D5010E089357D60193F4B3
:1094D000F47F1373F37F06CE22CC4AC893D9F501EB
:1094E00093DEF6013367C701131F350033E8070128
:1094F000931F3600338E64406380D9196356C013BE
:109500006304031CB70680009307F07F3368D8001C
:10951000638FF4369307800363C0C735FD4763CD7F
:10952000C747130500023305C541B3D7CF01B316B2
:10953000A8003399AF00DD8E33392001B357C8013D
:1095400033E926011D8F33092F41B3372F0133062D
:10955000F7409317860063D40724370780007D17F0
:109560003374E600630C042C2285EFC01FFB130745
:1095700085FF93070002998FB357F9003316E40073
:10958000D18F3319E9006341972A330597401306B9
:1095900015007D47634DC73813070002118FB3567E
:1095A000C9003319E9003397E700558F333920019B
:1095B0003369270133D6C70081449377790081CF7F
:1095C0001377F90091476308F7001307490033390F
:1095D00027014A963A899317860063D6071C13859C
:1095E00014009307F07FCE856304F520B70780FF52
:1095F000FD17F18F9398D70113593900A607B3E8E7
:109600002801B1831375F57F9396C7005205F24088
:109610006244B182FE05C98ECD8ED2444249B24920
:109620004685B68505618280631E0E0A1383140089
:109630001373E37F63170322B367E701B368F8018D
:10964000639D041A63870740638608443309FF411A
:10965000B307074133362F013386C740931786007F
:1096600063D6074C3389EF41B307E84033B62F0187
:109670003386C740F68991B76350C00F6300030C6F
:10968000B70680009307F07F3368D800638AF43A06
:109690009307800363CBC713FD4763DFC735130907
:1096A0000EFE93070002B3562801630AFE00130959
:1096B00000043309C94133192801B3EF2F013339AD
:1096C000F0013369D90031A2B367F801638A071C3E
:1096D0009307FEFF638C07389306F07F6309DE1A59
:1096E0003E8E0DBDB305934063910422B367E7013D
:1096F000638707329387F5FF638107449306F07F02
:10970000638CD520BE859307800363CCB72AFD47C1
:1097100063CFB73C930700028D8F3319F700B35620
:10972000BF00B317FF003369D900B337F0003357D8
:10973000B7003369F9003308E84041ACB367F8017A
:10974000638007349307FEFF638A07209306F07F48
:109750006308DE2E3E8E2DBF631E0E14938614000A
:1097600093F7E67F63910734B367E7016395042CB1
:109770006380073EB367F801638E07303309FF014A
:10978000B3070701333FE9013386E70193178600EA
:1097900063D70700B70780FFFD177D8E8544937759
:1097A0007900E39F07E09317D60193583900B3E897
:1097B000F800935736001307F07F638DE404B20777
:1097C000B18313F5F47FCE8581B53369F801333960
:1097D00020017A99B337E9013386E70093178600B1
:1097E000E3DF07FA85049307F07F6396F418CE85CC
:1097F0001305F07F8147814801BDC1EB6384083ABE
:10980000931636009317D8018D82B3E8D700F689F6
:1098100093573800B3E7F800F9DB81451305F07F73
:10982000B70708008148CDB3370680FF7D167D8ECF
:1098300093777900998CE39507D8B5B74A85EFC03F
:10984000DFCD13078501FD47E3D5E7D2130685FF7A
:10985000B317C900014905BB3369F8013339200149
:10986000DDB13309FF413306074133342F0133049F
:1098700086409317840063CD0724B3688900E3937F
:1098800008CE8147814981441DBFE39808F80E0541
:109890009317D7010D81B3E8A700935737009DBFF9
:1098A0000E059317D7010D81B3E8A700F2849357F3
:1098B000370011B73305934063820412B706800066
:1098C0009307F07F558F630DF32E9307800363CBCF
:1098D000A720FD4763C3A72A93070002898F331986
:1098E000F700B356AF00B317FF003369D900B337A1
:1098F000F0003357A7003369F9003A987E99B337DF
:10990000F901338607019A84D1BDB7068000930719
:10991000F07F558FE319F3DE931736008D8393188C
:10992000D801B3E81701F68993573800E5B5130756
:1099300015FE9306000233D7E700630AD6009306AC
:1099400000043386C6403396C7003369C9003339F3
:1099500020013369E9000146814491B53309FF01D3
:10996000B30707013336E9013E9693178600854415
:10997000E3D707E28944B70780FFFD17F18F13573C
:10998000190013791900336927019398F70133E916
:10999000280113D6170015B113090EFE9307000214
:1099A000B3562801630AFE00130900043309C941B4
:1099B00033192801B3EF2F013339F0013369D9008E
:1099C00059B63369E7013339200133892F41B3B7E1
:1099D0002F013306F8409A84F689A5BEB367E701E4
:1099E000638207189307F5FF6384071C9306F07FD3
:1099F0006304D5123E85D1BD93070002B387C741EA
:109A0000B316F8003399FF0033D6CF01D18E333926
:109A10002001B357C80133E926013E975DBB931778
:109A200036008D839318D801B3E81701AE8493579D
:109A30003800F68949B3EDC33369F801E31F09DC47
:109A40000E059317D7010D81B368F50093573700C2
:109A5000D1B36381080E931636009317D8018D8217
:109A6000B3E8D700F6899357380091BB3309FF411B
:109A7000B3070741333F2F013386E7418544D1BC0B
:109A80000E059317D7010D81B368F500F284935743
:109A9000370015B30E059317D7010D81B3E8A70062
:109AA0009357370029BB9307F07FE382F6D433093D
:109AB000FF013336E901B3070701B2979398F70125
:109AC0001359190033E9280113D61700B684C1B918
:109AD0003389EF413307E84033B62F013304C740E1
:109AE000F68949B43369E7013339200101BD938711
:109AF00005FE93060002B357F700638AD50093066C
:109B00000004B385B6403317B700336FEF00333925
:109B1000E0013369F90055BD931736008D83931822
:109B2000D801B3E8170193573800EDB1B368C90005
:109B3000E39708C68147814959B13389EF41B3079B
:109B4000E84033B62F013386C740F689854411B407
:109B5000931636009317D8018D82B3E8D700935738
:109B60003800B1B9931636009317D8018D82B3E847
:109B7000D700AA84935738003DB9930705FE930692
:109B80000002B357F700630AD5009306000433853B
:109B9000A6403317A700336FEF003339E001336974
:109BA000F900A9BB81451305F07FB7070800A9BCE0
:109BB0003309FF01B30707013336F9013E9675B348
:109BC000931636009317D8018D82B3E8D7009357C8
:109BD000380089B113D74501B7071000FD1713D816
:109BE00046011377F77F9308F07F33FEB700AA8E04
:109BF000F58FFD81328F1378F87FFD82630B17019B
:109C000005436306180163140701630DFE001A85FE
:109C10008280B368AE000543E39B08FEE319E8FECB
:109C2000D18FF5F70543E394EEFF0143E381D5FEC1
:109C3000054371FF3365AE003333A000C9BF13D7AE
:109C40004501B7071000FD1713D846011377F77FBA
:109C50009308F07F33F3B7002A8EF58FFD81B28E23
:109C60001378F87FFD8263081703630018030DEB78
:109C7000B368A300631408005D8E29CA63850804D5
:109C80006388D502054595ED8280B3E8C700E3807F
:109C900008FE795582803365A30065FD630CE802F8
:109CA000631408005D8E79DEE39ED5FCE34CE8FC8E
:109CB00063480701E3E867FC6303F302637FF30093
:109CC00081E57D558280F5DE054582800145E39B77
:109CD00008FA82805D8E69DA6DBF01458280E3E318
:109CE000CEFB0145E372DEFBE5F1E1BF13D7450191
:109CF000B7071000FD1713D846011377F77F9308B5
:109D0000F07F33FEB700AA8EF58FFD81328F137876
:109D1000F87FFD82630E1703630D180129E3B36812
:109D2000AE00631F08005D8E01EE0143638C0804E2
:109D300021A8B3E8C7000943639608046DD305A0C2
:109D4000638408046385D50205438DCD7D531DA82A
:109D5000B368AE00094363970802630AE80263141C
:109D600008005D8E75D2E391D5FEE34FE8FC6349B0
:109D70000701E3EBC7FD630FFE0001436374FE00C0
:109D8000F1D505431A858280EDFE7D53E5BF5D8EDA
:109D900079DACDBFE36ADFFB0143E3F5EEFFF5F1CE
:109DA00075B713D74501B7071000FD171347F7FF25
:109DB00013D84601FD8DF58F931657011378F87F60
:109DC00099CA1307F07F01456303E8008280D18FB1
:109DD0003335F0008280C98D0545E5D582800328A2
:109DE000C500184154410C4521659307F5FF1356F2
:109DF0000801139E35007D8E9358D70193D7D60165
:109E0000131308018E064111B3E7C701B3E616012B
:109E100013530301131E3700930816007915F581BB
:109E20000E033EC436C272C033F5A8001358F801C1
:109E3000B3E5650005C97177130707403A96130724
:109E4000E07F635DC7041306F07F01478147320757
:109E5000520631837E08518F336707013E85BA85EC
:109E600041018280D58FCD8FB3E7C70105E2F1CBE9
:109E70008147954693D53600139797009396D7015F
:109E8000B3E7B60031831376F67FD1B7CDDF014853
:109E90001306F07F37070800814755BF6346C00AA5
:109EA0009307C0FC634FF60E9307D0033386C74079
:109EB0009357564037070800D98D139527000A8716
:109EC00081462EC6B308A10011077D8AB3E6C601FC
:109ED00063091701032E07001107B3E6C601E31B50
:109EE00017FF0D471D8F79CA93080101AA9883A80F
:109EF00008FF130E0002330ECE40B398C801B3E63C
:109F0000160175CB0A070A95B30EE1008A880C4149
:109F1000032345009108B3D5C5003313C301B3E54E
:109F2000650023AEB8FE1105E3931EFF9145B3878C
:109F3000F540B24508082A97B3D5C5002328B7FED7
:109F400061A80146014721B71397460013954700C2
:109F50003367C701F182F18392053337E000C98E80
:109F6000CD8FD98E13F7760011C713F7F600914500
:109F7000631CB702370780007D8FE30D07EE0506EF
:109F80001307F07FE301E6EC370780FF7D177D8F35
:109F90009317D7018D8226071376F67FD58F3183ED
:109FA0007DB585468147014613B7C6FF13471700A5
:109FB000BA973707800091067D8FC1B78A85B3882D
:109FC000A50083A808009105050623AE15FFE358F8
:109FD000C7FE1147B307F7408A078A97180823A0DE
:109FE00007009107E39DE7FE0247B336D000924792
:109FF000D98E014685BF854701472DBF9307800550
:10A000001787FF1F232CF7607D55828093078005FB
:10A010001787FF1F2324F7607D55828093078005F3
:10A020001787FF1F232CF75E014582809307800569
:10A030001787FF1F2324F75E7D55828093078005D5
:10A040001787FF1F232CF75C7D55828003001C00BF
:10A050001C000100F009002003001C001C0001008E
:10A060000000000000007A44636835387820746985
:10A070006E796D6169782073746172740D000000EF
:10A080006D6E6973742064656D6F00002533642CF8
:10A0900000000000746D206D6F64656C206C6F6152
:10A0A00064206572722025640A000000746D5F727E
:10A0B000756E00003D3D3D25732075736520252E8E
:10A0C0003366206D730A000025643A20252E33661E
:10A0D0000A00000023232320507265646963742002
:10A0E0006F75747075742069733A20436C61737373
:10A0F0002025642C204C61626C652025732C207017
:10A10000726F6220252E33660A000000746D207283
:10A11000756E206572726F723A2025640A00000025
:10A120004D4149580001010001000600B80500003A
:10A130000000000003001C001C00010001000100E1
:10A1400001000A0000000000000000000000000004
:10A1500000000000000000000000000000000000FF
:10A160000000000098000000000000001003000044
:10A1700003001C001C00010003000D000D00040082
:10A180008180803B80FFFFFF31E9843C80FFFFFF3F
:10A1900003030202010101000000000000000000B2
:10A1A0000000000050000000600000008800000077
:10A1B0007D774A3C85AD873C2692C53BB9C9483C72
:10A1C0002F5E5B4614C0B081C8320AD86F09812760
:10A1D000F6D67F7950F9162B2B5E60F385997A0AB3
:10A1E000816765190000000094FBFFFF94FCFFFFEE
:10A1F00094410100ABFAFFFF00000000B001000035
:10A20000100300000000000003000D000D0004001A
:10A21000030006000600080031E9843C80FFFFFFD0
:10A22000A02A843C80FFFFFF03030202010101001A
:10A2300000000000000000000000000050000000CE
:10A240007000000090010000B6E08A3BE0A8363BB9
:10A25000503DC93B3E4F913B889E573B22A86C3BEB
:10A260001F259F3BF240713BF10D283E713EA8DA5D
:10A27000EFAD3D2C81B5CC0FF2DFDCDCBF9FD1E927
:10A28000EAE9D0C3C199F25348E81B34DDC3BAAF41
:10A2900081DBACB1EB2B1309181C202F3420564660
:10A2A0003D12D6DBD4FB003E5B3F485D33553F108B
:10A2B00081C0D3D693BFD5D7CAC9F21B0224F81BDD
:10A2C000F9F7DFF807FF501CE6B8C71AD2CE0C0921
:10A2D00011E1F60E1F2F20FA2E2BC7F80E49471951
:10A2E0002B11F73706E9B9B9E77F4214A1F429D158
:10A2F000D507F9FC0C1B2F2F251E0702EBDD08A844
:10A30000B42B1DE41631161FF75C17E00A1508255B
:10A31000A4D91A19F9F7F98DA9CB81C0EC1851C449
:10A320000C400C6524CDCDCD8781CDC29FE4755204
:10A33000F808080C8E8A903A1C03773BF1454B06CF
:10A340004841101A05FE00FFEAAC81ADDAB6CB1326
:10A35000EFEAD5C8B30FFDF4FAFE0D044B4C1C4BCD
:10A3600044093833B0D2178DAFE6DACBDD2E0F04B7
:10A370003C7F3D245332B0C7E1F12D13E74D24A1BA
:10A38000D8F1B183D0C5C0E2241FFFFFDED10000A9
:10A3900057C8FEFF53CC0000F376FFFF99FCFFFF88
:10A3A000A01200005E1BFFFF00000000500500002F
:10A3B0000000000078050000030006000600080009
:10A3C0000300020002001000A02A843C80FFFFFF6F
:10A3D0000509683D80FFFFFF030302020101010040
:10A3E000000000000000000000000000500000001D
:10A3F0009000000010050000E393AD3C6196683CBE
:10A4000071D9963CCAA14F3C7B9B6D3C3594A43CD2
:10A41000C1F4A13C36E6833C93D4453C16825F3CB4
:10A4200039F8563C8BF0AA3C6839663C581EA33C70
:10A43000D81B863C38AD9A3CFBF84999FBD682FF85
:10A4400007DFFD164928FD0310100E13FE193123F6
:10A450000D81A501DEFB18F8CAF6E1F214F9FF3D03
:10A46000491F2DF804420513F11B032AFB17DEEDEB
:10A47000FBE6F6C81605D5324310133840E9052926
:10A48000A4AE2DABA105CA814AD0BAE53DC8BC0631
:10A49000EB2B32F912402ECC10E4045E58032F1A35
:10A4A00033D2F5F4112C08FDDD1711EC4882F23E91
:10A4B000E422112AC80E2A0C53B04B0ACB09F942E8
:10A4C00047096A30E2FC02BB480AF4DC7FD69DFDF6
:10A4D000B00712613411CE44C0FD0D1929CFFBCD58
:10A4E000E0EDAEDEE9F7221911E91918D05217DABA
:10A4F0001FB4102336EF08DDC2E830D3082302244E
:10A50000991DED120311EEE5DCF2130A261AF20290
:10A51000F8FCCB845CED1D99F2573EF38AD6D6C188
:10A5200016058100FD92D936E72517E80519330D88
:10A5300048ACDF15E9F5BDF7F03172231665E2B5D9
:10A54000F40DEABCF33B5ADF9110E9F720B2FBE9C6
:10A55000FC0FB63B04041B2595C6D5FAA190DEB9C5
:10A560008B39E8C109F9051D1B0F39FFD546F729BD
:10A570007A6AFAF7083DAF07564102D7ECE701E0E7
:10A58000D1B9C194D4EBCADDD6B2E1E10CFC3811EB
:10A5900001EADD2381E410FF00201AC7F43BF9E54E
:10A5A00081E712E0EB070E37F636F6ED2709380C97
:10A5B0000DE914EEDE161E2C2222E3FB144508F2F0
:10A5C000C7F8F9F413DBDE1021DD0406220F1A238D
:10A5D00018EFEC00DED9C4CF0BF0FE37F2EEF44CEE
:10A5E00048ECBD27FBC4EA0929000C2A2EDCF8033D
:10A5F000D1B3160481D309F7D3FAF5D3E0E0C6FF4F
:10A6000019F62F01F70A2602F52C110B22FFFC0682
:10A61000DDFD16D9EB4F1CE0E1E3D515E8F6642922
:10A620003DC32349E1CEDBBCDED9E3D3B00C222A03
:10A630002C080D0C7FF61BD317E011F6DCFD08CAC1
:10A64000F628F3E3B731092014A818F2E3253BD725
:10A650001AC5B8E2F20BF81EB9FA3FD1F4CD24DEE8
:10A6600003411108FDE6DDFC22140F070E2501D879
:10A67000022BF994DC1FFAFA7C71EF094D9FB98126
:10A68000E820E6494316D04937DF00F29A159A8F41
:10A69000D8D346D0DFC8D7F02412FF12F94215F004
:10A6A0001013AEE433A6201EB2DF24DA0671622A4C
:10A6B0000A2C34CC27EB3A62F0141F562CCC4E36C1
:10A6C00048FC901C0DCA1D5816441AEB880F21F93E
:10A6D000FB1E5A2EA70DFB10BFD13BE7112B3CDD13
:10A6E000FB08E2A281D201C3E629AEDE33F1057296
:10A6F00029E00705C1CFB7F2EC1851FFE23D350C58
:10A70000B30632A5AD223DEB7F4592890CC72012DE
:10A710003B00521D08B0A3EEDC0F1CFA2B06FA0317
:10A7200004E1D216F8DEE93922303F36141F1ECB81
:10A730003E2BD4A78CF1BDD0E03221FF466BF5FD56
:10A740005135C8CEA706EFBAF8541E1D3727D6D20A
:10A7500081F6F9E0EAC4FDFAE44C29FB2AD6C5C625
:10A760000C31243CFC0E0294F0EA4037221FCEC389
:10A77000E2F02A24F6EDDDD5E82A4D592E16111CFB
:10A78000152D18C5FAFD1FF8D32BEBE7F6C9DC34FD
:10A79000F8D7EED71C0F1D1F9B9FD803303AB40289
:10A7A000CE1A0843E5F8DF28BFD8A992E7BE18E91A
:10A7B0006E6097022AFBCF070BE8DC052D433C3483
:10A7C0004726099799F2B7159EB4D68B0BBABAEA09
:10A7D000D1027F38F13029334C30521D015332BF42
:10A7E000C9E808D7C9E0F9C82ACFE23E0817FD0535
:10A7F000C9EEF3D3051AFF160310E23D20EEFFF970
:10A800000AEF090A02F9FDDADE2A090807D002D3A5
:10A810007FDFEE2C27FFE0F6F70FE9F222FBF5FFD2
:10A820003D5314EB15FEE406DC2711E31B9DD8070E
:10A83000ECCDB0EEF8050D2C24F8DFFEEC1B69E63C
:10A8400004DB043B531B3D200700C8DB47D7E0D89F
:10A85000C7DEDCE619DCF7EF1433F32DEEACE19C38
:10A86000FBD5FEFF142D81FCF00306CCE31EDFA216
:10A87000EFEDEB21063C3C7F43F71601372C4DC42E
:10A88000F9F5102BFB02D10C08992BFBB4FCE3D596
:10A89000D437CC0429FA5116181903010AE744BF2A
:10A8A00001F4F7F7E52A6F361F4C0393DBD8E03A43
:10A8B00018F8080E4607E3CEE858000038270000D5
:10A8C0000CE2FFFFDC6AFFFF7E85FEFF76170000CB
:10A8D000EB5AFFFF46CBFFFFB680000031AFFFFF12
:10A8E000DB360000F6EFFFFF0C82FFFF82E2FFFF86
:10A8F0005512FFFFF1BF0000010000003000000012
:10A9000078050000000000000300020002001000B3
:10A9100001000100010010000509683D80FFFFFFF4
:10A92000211AB73C80FFFFFF020000003001000049
:10A9300000000000A8050000010001000100100057
:10A940000100010001000A00211AB73C80FFFFFF4F
:10A95000FD061B3E2A0000004000000068000000C9
:10A960000801000000000000E9E2AF3C0000000028
:10A9700000000000000000000000000000000000D7
:10A9800000000000000000000000000000000000C7
:10A990002AE229BF0BDD09FA42B1F9C246D20FB54E
:10A9A00034EAB317DBFBBC0F24DFCEF91CE0BB3865
:10A9B000B7E2280C049339E3F5EE3CC637F6B6410E
:10A9C000CABAD7EDC3FD3A0DD21D07A9E906532532
:10A9D00025D71A31F00E8119EFC00A2DB533FBE6E9
:10A9E000DC1D0383E248D928233134E6EBDBDDDCD0
:10A9F000E74EC0CF253C98B5ECCC36C33C08F2E31B
:10AA00000DF74144901F2207CB0BB809FEC8BF0BBE
:10AA1000BDF506D24DCC07DF1FFBF92FE6A22600BD
:10AA2000F036FCE9F3EB0EB0BD3FC61CCA4D02F494
:10AA3000BCB2FFFF1AA5FFFFC5C3FFFF1CAAFFFFA3
:10AA400044C4FFFF64CCFFFFFB9CFFFF62C3FFFF1A
:10AA500097BDFFFFE6C9FFFF0300010030000000C3
:10AA6000A8050000000000000100010001000A002C
:10AA70000100010001000A00FD061B3E2A00000043
:10AA80000000803B80FFFFFF30000000310000002D
:10AA900034000000350000003700000038000000DE
:10AAA0003900000000008043000000000000F03F7B
:10AAB000FFFF7FFF3BAAB83FF8F59A40FED2DD4189
:10AAC000558CF2428DBCBE3F0000004B00000000E0
:10AAD0008DEDB5A0F7C6B03E0C8FFFFFBC8FFFFF1A
:10AAE000CC8FFFFFEE8FFFFFFC8FFFFF0C8FFFFF70
:10AAF000D492FFFF5093FFFF6693FFFFE893FFFFA1
:10AB00005C94FFFFEC93FFFF4CAB000054AB0000E4
:10AB10005CAB000064AB00006CAB000078AB0000E5
:10AB2000436F6E76324400004741500046430000B8
:10AB3000536F66746D61780052657368617065006B
:10AB40004457436F6E76324400000000696E7438DB
:10AB500000000000696E7431360000006670333208
:10AB6000000000006670313600000000667038207A
:10AB7000312E342E3300000066703820312E352EF1
:10AB80003200000000000000000000000000503F04
:10AB90000000000080842E413D3D3D3D3D3D3D3D5A
:10ABA0003D3D3D3D3D3D3D3D3D3D3D3D3D3D3D3DD5
:10ABB0003D3D3D3D3D3D3D3D206D6F64656C2073E9
:10ABC000746174203D3D3D3D3D3D3D3D3D3D3D3D40
:10ABD0003D3D3D3D3D3D3D3D3D3D3D3D3D3D3D3DA5
:10ABE0003D3D3D3D000000006D646C5F7479706513
:10ABF0003D25642028257329290A00006F75745F9C
:10AC00006465713D2564200A00000000696E70755E
:10AC1000745F636E743D25642C206F757470757459
:10AC20005F636E743D25642C206C617965725F638F
:10AC30006E743D25640A0000696E70757420256489
:10AC400064696D733A202825642C2025642C202506
:10AC500064290A006F757470757420256464696DC9
:10AC6000733A202825642C2025642C202564290A89
:10AC7000000000006D61696E206275662073697A5C
:10AC8000652025643B2073756220627566207369B8
:10AC90007A652025640A00002F2F4E6F74653A20D4
:10ACA000504152414D206973206C6179657220706A
:10ACB0006172616D2073697A652C20696E636C75B1
:10ACC000646520616C69676E2070616464696E6799
:10ACD0000D0A0D00496478094C61796572092020DC
:10ACE000202020202020206F757473686170650912
:10ACF000696E6F6674096F75746F6674095041529E
:10AD0000414D094D454D4F5554204F5053000000C3
:10AD10002D2D2D09496E70757420202020092533B2
:10AD2000642C2533642C253364092D202020093020
:10AD30002020202009302009256C642009300A00D9
:10AD40002323234C25643A2000000000626F6479BD
:10AD5000206F6674203D2025640A000074797065B8
:10AD60003D25642C2069735F6F75743D25642C202C
:10AD700073697A653D25642C20696E5F6F66743D4A
:10AD800025642C206F75745F6F66743D25642C20DC
:10AD9000696E5F64696D733D5B25642C25642C25A9
:10ADA000642C25645D2C206F75745F64696D733D40
:10ADB0005B25642C25642C25642C25645D2C20697E
:10ADC0006E5F733D252E33662C20696E5F7A703D71
:10ADD00025642C206F75745F733D252E33662C20FF
:10ADE0006F75745F7A703D25640A0000436F6E765C
:10ADF00032643A206B773D25642C206B683D2564D6
:10AE00002C2073773D25642C2073683D25642C200D
:10AE100064773D25642C2064683D25642C206163A3
:10AE2000743D25642C207061643D5B25642C256491
:10AE30002C25642C25645D2C20646D756C3D256487
:10AE40002C2077735F6F66743D25642C20775F6FCD
:10AE500066743D25642C20625F6F66743D25640A2C
:10AE60000000000046433A2077735F6F66743D250B
:10AE7000642C20775F6F66743D25642C20625F6FC1
:10AE800066743D25640A00004457436F6E76326451
:10AE90003A206B773D25642C206B683D25642C207F
:10AEA00073773D25642C2073683D25642C206477DE
:10AEB0003D25642C2064683D25642C206163743D2D
:10AEC00025642C207061643D5B25642C25642C2551
:10AED000642C25645D2C20646D756C3D25642C20EC
:10AEE00077735F6F66743D25642C20775F6F66749F
:10AEF0003D25642C20625F6F66743D25640A000066
:10AF00002530336409257320202020202009253393
:10AF1000642C2533642C25336409256409256409D0
:10AF2000256409256C64090025640D0A00000000F1
:10AF30000D0A546F74616C20706172616D207E2502
:10AF40002E3166204B422C204F5053207E252E322E
:10AF500066204D4F50532C20627566666572202521
:10AF60002E3166204B420D0A0D0A000050000000F1
:10AF70003000000040000000300000003000000001
:10AF80005000000020AB000028AB00002CAB0000FC
:10AF900030AB000038AB000040AB0000D08FFFFFAB
:10AFA000F88FFFFF2090FFFF3890FFFF5290FFFFC8
:10AFB000A093FFFF2492FFFF3493FFFF3C93FFFF1A
:10AFC0003493FFFF5492FFFF3493FFFF3C93FFFF46
:10AFD0002492FFFF2492FFFF5492FFFF3C93FFFF58
:10AFE0009693FFFF9693FFFF9693FFFF5492FFFF08
:10AFF000E298FFFFD497FFFFD497FFFFD297FFFFA0
:10B00000DA97FFFFDA97FFFFA097FFFFD297FFFFC6
:10B01000DA97FFFFA097FFFFDA97FFFFD297FFFFB6
:10B02000CE98FFFFCE98FFFFCE98FFFFA097FFFFBF
:10B03000EEA8FFFF14A8FFFFE8A8FFFF1CA8FFFF72
:10B04000E8A8FFFFE2A7FFFFE8A8FFFF1CA8FFFF9B
:10B0500014A8FFFF14A8FFFFE2A7FFFF1CA8FFFF33
:10B0600022A8FFFF22A8FFFF22A8FFFFE2A7FFFF01
:10B07000D4A7FFFFD4A7FFFFA8A8FFFF84A9FFFF65
:10B08000A8A8FFFFA2A7FFFFA8A8FFFF84A9FFFFB2
:10B09000D4A7FFFFD4A7FFFFA2A7FFFF84A9FFFF4C
:10B0A000E2A7FFFFE2A7FFFFE2A7FFFFA2A7FFFFC4
:10B0B00070ABFFFFBEAAFFFFBEAAFFFFBCAAFFFF47
:10B0C000C2AAFFFFC2AAFFFF92AAFFFFBCAAFFFF0E
:10B0D000C2AAFFFF92AAFFFFC2AAFFFFBCAAFFFFFE
:10B0E0005EABFFFF5EABFFFF5EABFFFF92AAFFFF11
:10B0F000000102020303030304040404040404041F
:10B1000005050505050505050505050505050505EF
:10B1100006060606060606060606060606060606CF
:10B1200006060606060606060606060606060606BF
:10B13000070707070707070707070707070707079F
:10B14000070707070707070707070707070707078F
:10B15000070707070707070707070707070707077F
:10B16000070707070707070707070707070707076F
:10B17000080808080808080808080808080808084F
:10B18000080808080808080808080808080808083F
:10B19000080808080808080808080808080808082F
:10B1A000080808080808080808080808080808081F
:10B1B000080808080808080808080808080808080F
:10B1C00008080808080808080808080808080808FF
:10B1D00008080808080808080808080808080808EF
:10B1E00008080808080808080808080808080808DF
:10B1F000FFFFFFFFFFFFEF7F494E4600696E6600CD
:10B200004E414E006E616E00303132333435363788
:10B210003839414243444546000000003031323362
:10B220003435363738396162636465660000000082
:10B23000000000000000F83F61436F63A787D23F22
:10B24000B3C8608B288AC63FFB799F501344D33F15
:10B2500000000000000024400000000000001C402E
:10B260000000000000001440000000000000E03F6B
:10B27000496E66696E697479000000004E614E0087
:10B2800000000000000000000000000000000000BE
:10B2900000000000000000000000000000000000AE
:10B2A000000000000000000000000000000000009E
:10B2B000000000000000000000000000000000008E
:10B2C000000000000000000000000000000000007E
:10B2D000000000000000000000000000000000006E
:10B2E0000080E03779C34143176E05B5B5B8934682
:10B2F000F5F93FE9034F384D321D30F94877825A4E
:10B300003CBF737FDD4F1575000000000000F03F6B
:10B310000000000000002440000000000000594030
:10B320000000000000408F40000000000088C34083
:10B3300000000000006AF8400000000080842E41F8
:10B3400000000000D01263410000000084D7974144
:10B350000000000065CDCD41000000205FA002424A
:10B36000000000E876483742000000A2941A6D42BF
:10B37000000040E59C30A2420000901EC4BCD642B2
:10B3800000003426F56B0C430080E03779C341435D
:10B3900000A0D8855734764300C84E676DC1AB43D3
:10B3A000003D9160E458E143408CB5781DAF1544F1
:10B3B00050EFE2D6E41A4B4492D54D06CFF08044CC
:10B3C000F64AE1C7022DB544B49DD9794378EA44E1
:10B3D00005000000190000007D000000232D302B27
:10B3E00020000000686C4C00656667454647000019
:10B3F00043000000504F5349580000002E00000049
:10B400000020202020202020202028282828282034
:10B41000202020202020202020202020202020202C
:10B420002088101010101010101010101010101094
:10B430001004040404040404040404101010101084
:10B44000101041414141414101010101010101014E
:10B4500001010101010101010101010110101010A0
:10B460001010424242424242020202020202020220
:10B470000202020202020202020202021010101074
:10B48000200000000000000000000000000000009C
:10B4900000000000000000000000000000000000AC
:10B4A000000000000000000000000000000000009C
:10B4B000000000000000000000000000000000008C
:10B4C000000000000000000000000000000000007C
:10B4D000000000000000000000000000000000006C
:10B4E000000000000000000000000000000000005C
:10B4F000000000000000000000000000000000004C
:08B5000000000000000D002016
:10B5080088AA00008CAA000080AB000074AB000081
:10B5180090AA000094AA000058AB000098AA000066
:10B528009CAA0000A0AA0000000000000000000083
:10B538000000000000000000000000000000000003
:10B5480000000000000000000000000000000000F3
:10B5580000000000000000000000000000000000E3
:10B5680000000000000000000000000000000000D3
:10B5780000000000000000000000000000000000C3
:10B58800000000000000747DABFFFF965D00000026
:10B5980000000000000000000000000000000000A3
:10B5A80000A9FDFDFDFDFDFDDA1E00000000000004
:10B5B800000000000000000000000000A9FDFDFDE3
:10B5C800D58EB0FDFD7A00000000000000000000EC
:10B5D8000000000000000034FAFDD2200C0006CE66
:10B5E800FD8C0000000000000000000000000000CA
:10B5F8000000004DFBD2190000007AF8FD41000060
:10B608000000000000000000000000000000000032
:10B618001F1200000000D1FDFD41000000000000E5
:10B628000000000000000000000000000000000012
:10B638000075F7FDC60A00000000000000000000C9
:10B648000000000000000000000000004CF7FDE7CB
:10B658003F000000000000000000000000000000A3
:10B66800000000000000000080FDFD9000000000C8
:10B6780000000000000000000000000000000000C2
:10B68800000000B0F6FD9F0C000000000000000064
:10B69800000000000000000000000000000019EA9F
:10B6A800FDE9230000000000000000000000000089
:10B6B80000000000000000000000C6FDFD8D000035
:10B6C8000000000000000000000000000000000072
:10B6D80000000000004EF8FDBD0C00000000000056
:10B6E8000000000000000000000000000000000052
:10B6F80013C8FDFD8D0000000000000000000000E0
:10B7080000000000000000000000000086FDFDAD04
:10B718000C00000000000000000000000000000015
:10B728000000000000000000F8FDFD190000000006
:10B738000000000000000000000000000000000001
:10B7480000000000F8FDFD2B141414140500051466
:10B758001425969696930A00000000000000000049
:10B76800F8FDFDFDFDFDFDFDA88FA6FDFDFDFDFD20
:10B77800FDFD7B000000000000000000AEFDFDFDA7
:10B78800FDFDFDFDFDFDFDFDF9F7F7A97575390016
:10B79800000000000000000000767B7B7BA6FDFD1A
:10B7A800FD9B7B7B290000000000000000000000DA
:10B7B8000000000000000000000000000000000081
:10B7C8000000000000000000000000000000000071
:10B7D8000000000000000000000000000000000061
:10B7E8000000000000000000000000000000000051
:10B7F8000000000000000000000000000000000041
:10B808000000000000000000000000000000000030
:10B818000000000000000000000000000000000020
:10B828000000000000000000000000000000000010
:10B83800000000000000000000000000A0B20000AE
:10B84800C0B2000080B2000000000000000000004C
:10B8580000000000000000000000000000000000E0
:10B8680000000000000000000000000000000000D0
:10B8780000000000000000000000000000000000C0
:10B8880000000000000000000000000000000000B0
:10B89800000000000000000043000000000000005D
:10B8A8000000000000000000000000000000000090
:10B8B800000000000000000043000000000000003D
:10B8C8000000000000000000000000000000000070
:10B8D800000000000000000043000000000000001D
:10B8E8000000000000000000000000000000000050
:10B8F80000000000000000004300000000000000FD
:10B90800000000000000000000000000000000002F
:10B9180000000000000000004300000000000000DC
:10B92800000000000000000000000000000000000F
:10B9380000000000000000004300000000000000BC
:10B9480000000000000000000000000000000000EF
:10B95800000000000000000043000000000000009C
:10B9680000000000000000000000000000000000CF
:10B9780000000000000000008494000014940000FF
:10B988000000000000B40000FCB300002CAF000071
:10B998002CAF00002CAF00002CAF00002CAF000033
:10B9A8002CAF00002CAF00002CAF00002CAF000023
:10B9B800FFFFFFFFFFFFFFFFFFFFFFFFFFFF00008D
:10B9C8000100415343494900000000000000000005
:10B9D800000000000000000000000000000000005F
:10B9E80000004153434949000000000000000000E6
:10B9F800000000000000000000000000000000003F
:10BA080000000000000000001C260020000D00209F
:00000001FF
